# Blender 3.3.1
# www.blender.org
o machine
v 3.016073 0.237042 3.415529
v 3.141186 2.699256 3.415529
v 3.016073 0.237042 0.946194
v 3.016073 2.824368 0.946194
v 5.945008 0.237042 3.415529
v 5.819895 2.699256 3.415529
v 5.945008 0.237042 0.946194
v 5.945008 2.824368 0.946194
v 3.141186 1.008987 3.415529
v 3.016073 0.883874 0.946194
v 5.945008 0.883874 0.946194
v 5.819895 1.008987 3.415529
v 3.016073 0.883874 3.415529
v 3.016073 2.824368 3.415529
v 5.945008 2.824368 3.415529
v 5.945008 0.883874 3.415529
v 3.141186 1.008987 1.056634
v 3.141186 2.699256 1.056634
v 5.819895 2.699256 1.056634
v 5.819895 1.008987 1.056634
v 5.756249 1.008727 3.351884
v 3.204831 1.008727 3.351884
v 5.756249 1.008727 1.120279
v 3.204831 1.008727 1.120279
v 5.819895 1.008727 3.415529
v 3.141186 1.008727 3.415529
v 5.819895 1.008727 1.056634
v 3.141186 1.008727 1.056634
v 5.756249 0.630456 3.351884
v 3.204831 0.630456 3.351884
v 5.756249 0.630456 1.120279
v 3.204831 0.630456 1.120279
v 5.186828 0.808637 1.909734
v 5.187478 0.840750 1.920789
v 5.163809 0.830942 1.898486
v 5.193920 0.982752 1.851502
v 5.195226 0.993777 1.819399
v 5.170250 0.972944 1.829199
v 5.188988 0.739220 1.767666
v 5.165968 0.761525 1.756417
v 5.190294 0.750245 1.735562
v 5.197386 0.924360 1.677331
v 5.196735 0.892247 1.666276
v 5.172410 0.903527 1.687131
v 5.344817 0.803797 1.914501
v 5.369792 0.824630 1.904701
v 5.345467 0.835910 1.925556
v 5.353215 0.988937 1.824166
v 5.351909 0.977912 1.856269
v 5.376234 0.966632 1.835414
v 5.346977 0.734380 1.772433
v 5.348283 0.745405 1.740329
v 5.371952 0.755213 1.762633
v 5.355375 0.919520 1.682098
v 5.378394 0.897215 1.693346
v 5.354724 0.887407 1.671043
v 4.586905 0.824824 1.623436
v 4.604546 0.845537 1.633359
v 4.582880 0.852352 1.615391
v 4.681560 0.940475 1.576507
v 4.687314 0.948603 1.549312
v 4.659894 0.947290 1.558539
v 4.547776 0.783396 1.501250
v 4.543751 0.810925 1.493206
v 4.553530 0.791524 1.474056
v 4.648185 0.907175 1.427127
v 4.630544 0.886463 1.417204
v 4.620765 0.905863 1.436353
v 4.690415 0.738528 1.619546
v 4.717835 0.739840 1.610320
v 4.708057 0.759240 1.629470
v 4.790824 0.862307 1.545423
v 4.785070 0.854179 1.572617
v 4.794849 0.834778 1.553468
v 4.651286 0.697100 1.497361
v 4.657040 0.705228 1.470167
v 4.678706 0.698413 1.488135
v 4.751695 0.820879 1.423238
v 4.755720 0.793351 1.431282
v 4.734055 0.800166 1.413314
v 5.057801 0.927735 1.568039
v 5.068937 0.932750 1.596577
v 5.065636 0.956461 1.576816
v 5.188130 0.994216 1.650411
v 5.213203 1.007873 1.638227
v 5.184829 1.017927 1.630650
v 5.103675 0.956183 1.433989
v 5.111510 0.984909 1.442766
v 5.128747 0.969840 1.421805
v 5.259079 1.036320 1.504176
v 5.247941 1.031305 1.475639
v 5.230703 1.046374 1.496600
v 5.125414 0.800080 1.564087
v 5.153789 0.790026 1.571664
v 5.136551 0.805095 1.592625
v 5.280817 0.880217 1.634275
v 5.255744 0.866560 1.646459
v 5.272983 0.851491 1.625498
v 5.171289 0.828527 1.430037
v 5.196362 0.842184 1.417853
v 5.199663 0.818473 1.437614
v 5.326692 0.908665 1.500225
v 5.318857 0.879939 1.491448
v 5.315555 0.903650 1.471687
v 4.599362 0.608243 1.588486
v 4.618631 0.622021 1.613111
v 4.606411 0.641673 1.587973
v 4.751797 0.708955 1.616336
v 4.772982 0.721587 1.592691
v 4.739577 0.728607 1.591197
v 4.605673 0.604471 1.429593
v 4.612721 0.637901 1.429079
v 4.626858 0.617103 1.405948
v 4.779293 0.717815 1.433797
v 4.760024 0.704038 1.409173
v 4.745886 0.724835 1.432304
v 4.686128 0.475092 1.595093
v 4.719533 0.468072 1.596586
v 4.705396 0.488869 1.619717
v 4.859747 0.588435 1.599297
v 4.838562 0.575804 1.622942
v 4.852699 0.555006 1.599811
v 4.692438 0.471320 1.436200
v 4.713623 0.483952 1.412555
v 4.725843 0.464300 1.437693
v 4.866058 0.584664 1.440404
v 4.859010 0.551234 1.440918
v 4.846789 0.570886 1.415779
v 5.088657 0.560007 2.492025
v 5.073273 0.563372 2.523008
v 5.060562 0.541013 2.499631
v 4.923019 0.596352 2.573158
v 4.892758 0.603005 2.557410
v 4.910308 0.573992 2.549782
v 5.039689 0.570831 2.338194
v 5.011594 0.551837 2.345801
v 5.009428 0.577485 2.322446
v 4.843790 0.613829 2.403580
v 4.859174 0.610464 2.372597
v 4.861340 0.584816 2.395951
v 5.123367 0.718039 2.492095
v 5.105817 0.747052 2.499723
v 5.107982 0.721404 2.523078
v 4.927468 0.761037 2.557481
v 4.957729 0.754384 2.573229
v 4.955564 0.780032 2.549874
v 5.074399 0.728863 2.338265
v 5.044138 0.735517 2.322517
v 5.056849 0.757877 2.345893
v 4.878500 0.771861 2.403650
v 4.906595 0.790856 2.396044
v 4.893885 0.768496 2.372667
v 5.274251 0.846185 2.938405
v 5.303151 0.854940 2.944541
v 5.285070 0.872688 2.927001
v 5.416754 0.892436 2.865375
v 5.422364 0.895072 2.835190
v 5.398673 0.910185 2.847835
v 5.197581 0.826042 2.818845
v 5.208401 0.852545 2.807441
v 5.203190 0.828678 2.788659
v 5.345694 0.874928 2.715629
v 5.316794 0.866173 2.709493
v 5.322004 0.890041 2.728274
v 5.316618 0.709192 2.934317
v 5.340308 0.694079 2.921671
v 5.345519 0.717947 2.940452
v 5.464731 0.758078 2.831101
v 5.459120 0.755443 2.861286
v 5.453910 0.731575 2.842505
v 5.239948 0.689049 2.814756
v 5.245558 0.691684 2.784571
v 5.263638 0.673936 2.802110
v 5.388061 0.737935 2.711540
v 5.377241 0.711432 2.722944
v 5.359160 0.729180 2.705405
v 4.369778 0.965036 1.549689
v 4.381755 0.983471 1.575960
v 4.362127 0.998337 1.552143
v 4.466413 1.117882 1.590083
v 4.480153 1.140278 1.568102
v 4.446785 1.132747 1.566266
v 4.375576 0.978073 1.390853
v 4.367927 1.011374 1.393307
v 4.389316 1.000469 1.368872
v 4.485952 1.153315 1.409266
v 4.473975 1.134879 1.382995
v 4.452584 1.145784 1.407430
v 4.504803 0.880203 1.547656
v 4.538171 0.887734 1.549493
v 4.516781 0.898639 1.573928
v 4.615179 1.055446 1.566070
v 4.601439 1.033049 1.588050
v 4.622829 1.022144 1.563616
v 4.510602 0.893240 1.388820
v 4.524343 0.915636 1.366839
v 4.543970 0.900771 1.390657
v 4.620978 1.068482 1.407233
v 4.628629 1.035181 1.404780
v 4.609000 1.050047 1.380962
v 4.681931 0.736065 2.157013
v 4.677392 0.751913 2.181277
v 4.656019 0.749100 2.161382
v 4.636698 0.879722 2.206923
v 4.628875 0.902700 2.190452
v 4.615324 0.876909 2.187030
v 4.671127 0.759533 2.022918
v 4.645214 0.772568 2.027287
v 4.663305 0.782511 2.006445
v 4.618070 0.926168 2.056356
v 4.622611 0.910320 2.032093
v 4.604519 0.900377 2.052934
v 4.811841 0.778054 2.153894
v 4.825392 0.803845 2.157316
v 4.807301 0.793902 2.178158
v 4.758783 0.944689 2.187332
v 4.766605 0.921711 2.203805
v 4.784697 0.931654 2.182963
v 4.801036 0.801522 2.019799
v 4.793213 0.824500 2.003326
v 4.814587 0.827313 2.023221
v 4.747978 0.968157 2.053237
v 4.773892 0.955122 2.048868
v 4.752518 0.952309 2.028974
v 4.678317 0.874817 2.121366
v 4.700916 0.901810 2.119071
v 4.668694 0.904534 2.104966
v 4.762338 0.991714 1.996113
v 4.758397 0.992033 1.961056
v 4.730115 0.994439 1.982009
v 4.590948 0.787011 2.013520
v 4.581325 0.816728 1.997120
v 4.587006 0.787329 1.978463
v 4.671029 0.904227 1.853210
v 4.648428 0.877234 1.855505
v 4.642747 0.906632 1.874163
v 4.803088 0.769076 2.106378
v 4.831370 0.766671 2.085425
v 4.825688 0.796069 2.104083
v 4.883170 0.886292 1.946068
v 4.887110 0.885974 1.981126
v 4.892792 0.856575 1.962468
v 4.715721 0.681270 1.998532
v 4.711779 0.681588 1.963475
v 4.744002 0.678864 1.977579
v 4.795801 0.798486 1.838222
v 4.805424 0.768769 1.854622
v 4.773201 0.771493 1.840517
v 5.462849 0.727729 2.224530
v 5.458358 0.738728 2.257010
v 5.430907 0.732305 2.236977
v 5.379461 0.860994 2.325926
v 5.359983 0.887137 2.314381
v 5.352010 0.854571 2.305893
v 5.413514 0.777582 2.079602
v 5.381572 0.782159 2.092050
v 5.394036 0.803726 2.068057
v 5.310648 0.936990 2.169454
v 5.315139 0.925992 2.136972
v 5.302675 0.904425 2.160966
v 5.594243 0.819864 2.211494
v 5.602217 0.852430 2.219983
v 5.589753 0.830863 2.243976
v 5.491377 0.979272 2.301346
v 5.510855 0.953129 2.312891
v 5.523319 0.974696 2.288899
v 5.544908 0.869717 2.066567
v 5.525431 0.895861 2.055022
v 5.552882 0.902283 2.075055
v 5.442042 1.029126 2.156419
v 5.473984 1.024549 2.143971
v 5.446533 1.018127 2.123938
v 5.384292 0.899615 2.182076
v 5.403565 0.903118 2.209936
v 5.402177 0.928190 2.186927
v 5.556110 0.936633 2.237244
v 5.583176 0.943311 2.217680
v 5.554720 0.961705 2.214236
v 5.409944 0.910064 2.025962
v 5.427828 0.938639 2.030813
v 5.437010 0.916741 2.006398
v 5.608828 0.953760 2.061567
v 5.589554 0.950256 2.033706
v 5.580371 0.972154 2.058122
v 5.419091 0.744998 2.177445
v 5.447546 0.726604 2.180890
v 5.438365 0.748502 2.205305
v 5.617975 0.788694 2.213049
v 5.590909 0.782017 2.232614
v 5.600091 0.760119 2.208198
v 5.444743 0.755447 2.021331
v 5.471809 0.762125 2.001767
v 5.473198 0.737053 2.024776
v 5.643627 0.799143 2.056936
v 5.625742 0.770568 2.052084
v 5.624352 0.795640 2.029075
v 4.353355 0.658133 2.116985
v 4.368313 0.680289 2.127371
v 4.348692 0.684571 2.106899
v 4.444800 0.775842 2.074048
v 4.453079 0.782714 2.047464
v 4.425179 0.780124 2.053576
v 4.331367 0.607823 1.995291
v 4.326705 0.634261 1.985204
v 4.339646 0.614695 1.968707
v 4.431091 0.732404 1.925770
v 4.416133 0.710248 1.915385
v 4.403192 0.729814 1.931881
v 4.460548 0.579632 2.130072
v 4.488448 0.582222 2.123961
v 4.475505 0.601787 2.140457
v 4.560272 0.704212 2.060551
v 4.551993 0.697340 2.087135
v 4.564935 0.677775 2.070638
v 4.438561 0.529321 2.008378
v 4.446839 0.536193 1.981794
v 4.466460 0.531911 2.002266
v 4.538284 0.653902 1.938856
v 4.542948 0.627464 1.948943
v 4.523326 0.631747 1.928471
v 5.301193 0.878647 3.024294
v 5.288643 0.883294 3.056801
v 5.271362 0.862810 3.034050
v 5.146186 0.933536 3.119765
v 5.115461 0.944152 3.106385
v 5.128907 0.913053 3.097013
v 5.241360 0.898296 2.873243
v 5.211530 0.882460 2.882999
v 5.210634 0.908913 2.859863
v 5.055629 0.963802 2.955334
v 5.068178 0.959155 2.922827
v 5.069074 0.932702 2.945962
v 5.355126 1.033152 3.023030
v 5.341680 1.064252 3.032402
v 5.342577 1.037799 3.055537
v 5.169394 1.098658 3.105121
v 5.200120 1.088042 3.118500
v 5.199224 1.114495 3.095365
v 5.295293 1.052802 2.871979
v 5.264567 1.063418 2.858599
v 5.281848 1.083902 2.881351
v 5.109562 1.118307 2.954070
v 5.139392 1.134144 2.944314
v 5.122111 1.113661 2.921562
v 3.338224 0.634453 2.084200
v 3.330803 0.654975 2.112600
v 3.306576 0.651060 2.086513
v 3.281819 0.812854 2.134403
v 3.274359 0.840293 2.112627
v 3.257591 0.808939 2.108317
v 3.338098 0.657224 1.919027
v 3.306450 0.673832 1.921340
v 3.330639 0.684664 1.897250
v 3.274234 0.863065 1.947454
v 3.281655 0.842543 1.919053
v 3.257466 0.831711 1.943144
v 3.497602 0.682994 2.090770
v 3.514370 0.714348 2.095080
v 3.490180 0.703516 2.119171
v 3.433737 0.888835 2.119197
v 3.441196 0.861395 2.140974
v 3.465385 0.872227 2.116884
v 3.497476 0.705766 1.925597
v 3.490017 0.733206 1.903821
v 3.514244 0.737120 1.929907
v 3.433611 0.911607 1.954025
v 3.465259 0.894999 1.951711
v 3.441032 0.891085 1.925624
v 5.483990 1.029550 2.940388
v 5.503678 1.047390 2.944066
v 5.481469 1.054472 2.930799
v 5.571755 1.120458 2.869115
v 5.572748 1.124815 2.842668
v 5.549546 1.127540 2.855847
v 5.422447 0.985167 2.841222
v 5.419927 1.010089 2.831632
v 5.423440 0.989524 2.814775
v 5.511206 1.080432 2.743502
v 5.491517 1.062592 2.739824
v 5.488005 1.083157 2.756681
v 5.568660 0.938542 2.928573
v 5.591861 0.935817 2.915394
v 5.588349 0.956382 2.932251
v 5.657418 1.033807 2.830852
v 5.656426 1.029450 2.857299
v 5.659939 1.008885 2.840442
v 5.507118 0.894159 2.829406
v 5.508111 0.898516 2.802960
v 5.530319 0.891434 2.816227
v 5.595876 0.989424 2.731686
v 5.598397 0.964502 2.741276
v 5.576188 0.971584 2.728008
v 3.929751 0.665708 2.854058
v 3.911730 0.680984 2.867085
v 3.903436 0.662992 2.848774
v 3.819650 0.758940 2.832201
v 3.809698 0.767346 2.808576
v 3.811356 0.740948 2.813889
v 3.956313 0.643093 2.733410
v 3.929997 0.640377 2.728125
v 3.946361 0.651499 2.709785
v 3.836260 0.744731 2.687928
v 3.854280 0.729455 2.674901
v 3.837917 0.718333 2.693241
v 4.010921 0.761543 2.853964
v 4.009264 0.787940 2.848652
v 3.992900 0.776819 2.866991
v 3.890868 0.863181 2.808482
v 3.900820 0.854775 2.832107
v 3.917184 0.865896 2.813767
v 4.037483 0.738928 2.733316
v 4.027531 0.747334 2.709692
v 4.035825 0.765325 2.728003
v 3.917429 0.840566 2.687834
v 3.943745 0.843282 2.693119
v 3.935450 0.825290 2.674807
v 3.638088 0.728158 2.507630
v 3.639037 0.730192 2.540478
v 3.643760 0.757147 2.522171
v 3.740543 0.782014 2.642968
v 3.770429 0.795722 2.641255
v 3.745266 0.808969 2.624662
v 3.733340 0.766587 2.393860
v 3.739013 0.795577 2.408402
v 3.763227 0.780296 2.392147
v 3.865682 0.834152 2.527486
v 3.864732 0.832118 2.494638
v 3.840519 0.847399 2.510893
v 3.702249 0.589121 2.514384
v 3.727413 0.575874 2.530978
v 3.703199 0.591156 2.547233
v 3.834591 0.656686 2.648010
v 3.804705 0.642978 2.649724
v 3.828919 0.627697 2.633469
v 3.797502 0.627551 2.400615
v 3.827388 0.641260 2.398902
v 3.822666 0.614304 2.417209
v 3.929844 0.695116 2.534241
v 3.924172 0.666126 2.519700
v 3.928894 0.693082 2.501393
v 4.805902 0.874485 1.733195
v 4.812718 0.900421 1.742078
v 4.791406 0.896871 1.723878
v 4.844264 1.013634 1.683062
v 4.847030 1.022091 1.656250
v 4.822952 1.010084 1.664861
v 4.792570 0.816947 1.615692
v 4.778074 0.839334 1.606375
v 4.795336 0.825404 1.588880
v 4.833698 0.964553 1.538747
v 4.826881 0.938618 1.529864
v 4.809620 0.952547 1.547358
v 4.932876 0.840317 1.735519
v 4.956954 0.852323 1.726908
v 4.939692 0.866253 1.744403
v 4.974004 0.987923 1.658575
v 4.971238 0.979466 1.685387
v 4.988499 0.965537 1.667892
v 4.919544 0.782779 1.618016
v 4.922310 0.791236 1.591204
v 4.943622 0.794786 1.609405
v 4.960672 0.930385 1.541072
v 4.975167 0.907999 1.550389
v 4.953856 0.904449 1.532188
v 4.525589 0.931744 2.337349
v 4.546284 0.948607 2.354763
v 4.529585 0.962846 2.331648
v 4.662567 1.035609 2.324355
v 4.677198 1.045175 2.297704
v 4.645869 1.049849 2.301240
v 4.505633 0.907720 2.192296
v 4.509629 0.938823 2.186594
v 4.520264 0.917286 2.165645
v 4.657241 1.021152 2.152651
v 4.636548 1.004288 2.135237
v 4.625912 1.025825 2.156187
v 4.615566 0.813975 2.344475
v 4.646895 0.809302 2.340938
v 4.636260 0.830839 2.361888
v 4.767174 0.927407 2.304830
v 4.752543 0.917841 2.331481
v 4.763178 0.896304 2.310531
v 4.595609 0.789952 2.199421
v 4.610240 0.799518 2.172771
v 4.626938 0.785279 2.195885
v 4.747218 0.903384 2.159776
v 4.743222 0.872281 2.165477
v 4.726524 0.886520 2.142363
v 4.027599 0.981377 3.187701
v 4.053605 0.990739 3.197460
v 4.038363 1.007020 3.178438
v 4.169975 1.030931 3.138617
v 4.179321 1.033778 3.110982
v 4.154734 1.047211 3.119596
v 3.972761 0.959934 3.064604
v 3.983526 0.985576 3.055342
v 3.982107 0.962782 3.036969
v 4.124483 1.012335 2.987886
v 4.098477 1.002973 2.978126
v 4.099895 1.025767 2.996499
v 4.073104 0.852752 3.189836
v 4.097691 0.839319 3.181222
v 4.099109 0.862114 3.199595
v 4.224825 0.905153 3.113117
v 4.215479 0.902305 3.140753
v 4.214061 0.879511 3.122379
v 4.018266 0.831308 3.066739
v 4.027612 0.834156 3.039104
v 4.042853 0.817876 3.058126
v 4.169987 0.883709 2.990021
v 4.159223 0.858067 2.999283
v 4.143981 0.874347 2.980261
v 4.744073 0.640965 2.123983
v 4.739624 0.662717 2.138673
v 4.721353 0.654541 2.121120
v 4.710504 0.780641 2.114057
v 4.706109 0.794712 2.091889
v 4.692234 0.772465 2.096504
v 4.744253 0.615682 2.002654
v 4.721532 0.629258 1.999791
v 4.739857 0.629753 1.980486
v 4.706287 0.769430 1.970560
v 4.710738 0.747678 1.955870
v 4.692413 0.747182 1.975175
v 4.864539 0.669507 2.118213
v 4.878414 0.691754 2.113598
v 4.860089 0.691259 2.132903
v 4.826574 0.823255 2.086119
v 4.830970 0.809183 2.108287
v 4.849295 0.809678 2.088982
v 4.864718 0.644225 1.996884
v 4.860323 0.658296 1.974716
v 4.878593 0.666472 1.992268
v 4.826753 0.797972 1.964790
v 4.849474 0.784396 1.967653
v 4.831203 0.776220 1.950100
v 3.785651 0.783575 2.006047
v 3.785260 0.785883 2.036342
v 3.767162 0.803572 2.019523
v 3.802526 0.891503 2.128841
v 3.808162 0.921280 2.126645
v 3.784429 0.909191 2.112022
v 3.805490 0.874001 1.899092
v 3.787002 0.893997 1.912568
v 3.811126 0.903778 1.896896
v 3.828001 1.011705 2.019691
v 3.828393 1.009397 1.989395
v 3.804268 0.999616 2.005067
v 3.924640 0.757547 2.009822
v 3.948374 0.769637 2.024446
v 3.924248 0.759855 2.040118
v 3.947151 0.895252 2.130421
v 3.941515 0.865474 2.132617
v 3.965640 0.875256 2.116944
v 3.944479 0.847972 1.902868
v 3.950115 0.877750 1.900672
v 3.968213 0.860062 1.917491
v 3.966990 0.985677 2.023466
v 3.985479 0.965681 2.009990
v 3.967381 0.983369 1.993171
v 4.851144 0.761939 3.193639
v 4.827604 0.779580 3.203989
v 4.821990 0.756124 3.184222
v 4.722511 0.857624 3.141226
v 4.714125 0.863692 3.111810
v 4.716897 0.834168 3.121459
v 4.901029 0.723845 3.062739
v 4.871875 0.718029 3.053321
v 4.892644 0.729912 3.033323
v 4.764009 0.825597 2.980910
v 4.787549 0.807956 2.970560
v 4.766781 0.796073 2.990558
v 4.937985 0.878269 3.192880
v 4.935213 0.907793 3.183231
v 4.914446 0.895910 3.203229
v 4.800966 0.980021 3.111050
v 4.809352 0.973954 3.140466
v 4.830120 0.985837 3.120468
v 4.987871 0.840174 3.061979
v 4.979485 0.846242 3.032563
v 4.985098 0.869698 3.052330
v 4.850851 0.941927 2.980150
v 4.880005 0.947742 2.989568
v 4.874391 0.924286 2.969800
v 5.246461 0.910606 2.374463
v 5.268118 0.927757 2.394686
v 5.248075 0.944762 2.372748
v 5.384468 1.034031 2.370759
v 5.398156 1.049165 2.343267
v 5.364424 1.051036 2.348821
v 5.220229 0.903961 2.217390
v 5.221842 0.938118 2.215676
v 5.233917 0.919094 2.189898
v 5.371923 1.042520 2.186194
v 5.350266 1.025368 2.165971
v 5.338191 1.044392 2.191749
v 5.352190 0.792007 2.361822
v 5.385922 0.790135 2.356267
v 5.373847 0.809159 2.382046
v 5.503885 0.930566 2.330626
v 5.490197 0.915433 2.358118
v 5.502272 0.896410 2.332340
v 5.325958 0.785363 2.204750
v 5.339646 0.800496 2.177257
v 5.359690 0.783491 2.199195
v 5.477652 0.923922 2.173554
v 5.476040 0.889765 2.175268
v 5.455996 0.906770 2.153330
v 4.744642 0.591112 2.992972
v 4.747331 0.587336 3.022184
v 4.722099 0.597855 3.010893
v 4.731530 0.668001 3.132649
v 4.724041 0.696282 3.136994
v 4.706297 0.678520 3.121358
v 4.711134 0.696640 2.911119
v 4.688591 0.703382 2.929040
v 4.703644 0.724922 2.915464
v 4.690532 0.801810 3.055141
v 4.687843 0.805587 3.025929
v 4.672789 0.784048 3.039504
v 4.877256 0.627388 2.985453
v 4.894999 0.645150 3.001089
v 4.879946 0.623612 3.014664
v 4.856654 0.732558 3.129475
v 4.864144 0.704277 3.125129
v 4.879198 0.725816 3.111554
v 4.843748 0.732916 2.903599
v 4.836258 0.761198 2.907945
v 4.861491 0.750679 2.919236
v 4.823146 0.838086 3.047621
v 4.845689 0.831344 3.029700
v 4.820457 0.841862 3.018409
v 3.312680 0.730893 1.810775
v 3.282837 0.748665 1.813124
v 3.283977 0.718853 1.795183
v 3.176539 0.808735 1.706555
v 3.174090 0.809212 1.671832
v 3.177679 0.778923 1.688614
v 3.402852 0.673962 1.688741
v 3.374149 0.661922 1.673149
v 3.400403 0.674439 1.654018
v 3.264263 0.752280 1.549798
v 3.294105 0.734509 1.547449
v 3.267852 0.721992 1.566581
v 3.395349 0.870231 1.806857
v 3.391760 0.900519 1.790075
v 3.365506 0.888003 1.809206
v 3.256760 0.948549 1.667914
v 3.259209 0.948073 1.702637
v 3.285463 0.960589 1.683506
v 3.485522 0.813299 1.684823
v 3.483073 0.813776 1.650100
v 3.481933 0.843588 1.668041
v 3.346932 0.891618 1.545880
v 3.375635 0.903658 1.561472
v 3.376775 0.873846 1.543531
v 3.497991 0.816771 1.750015
v 3.478442 0.844645 1.749581
v 3.468803 0.816823 1.732482
v 3.416030 0.936016 1.636086
v 3.416620 0.935900 1.602043
v 3.406392 0.908194 1.618987
v 3.564286 0.724631 1.639379
v 3.535098 0.724683 1.621846
v 3.564876 0.724514 1.605335
v 3.482914 0.843760 1.491407
v 3.502464 0.815886 1.491841
v 3.472687 0.816055 1.508352
v 3.627740 0.907801 1.751951
v 3.637968 0.935506 1.735006
v 3.608191 0.935675 1.751516
v 3.546369 1.026930 1.603978
v 3.545779 1.027046 1.638022
v 3.575556 1.026878 1.621511
v 3.694035 0.815661 1.641315
v 3.694625 0.815545 1.607272
v 3.704263 0.843367 1.624370
v 3.612664 0.934790 1.493343
v 3.641852 0.934738 1.510876
v 3.632213 0.906916 1.493777
v 4.532413 0.779548 1.986664
v 4.527053 0.781416 2.013050
v 4.506833 0.780765 1.995185
v 4.461014 0.860549 2.084910
v 4.446313 0.882720 2.080354
v 4.440794 0.859898 2.067045
v 4.501664 0.846382 1.884807
v 4.476083 0.847598 1.893328
v 4.486962 0.868553 1.880251
v 4.415563 0.949554 1.978497
v 4.420923 0.947686 1.952111
v 4.410044 0.926731 1.965188
v 4.634787 0.850670 2.002425
v 4.640305 0.873492 2.015734
v 4.629426 0.852538 2.028811
v 4.548686 0.953842 2.096115
v 4.563387 0.931671 2.100671
v 4.574266 0.952625 2.087594
v 4.604037 0.917503 1.900568
v 4.589335 0.939675 1.896012
v 4.609556 0.940326 1.913877
v 4.517936 1.020676 1.994258
v 4.543517 1.019459 1.985737
v 4.523296 1.018807 1.967872
v 5.450956 0.666865 1.597222
v 5.471200 0.692334 1.593357
v 5.441206 0.693103 1.580196
v 5.525696 0.769587 1.473672
v 5.522008 0.767587 1.441179
v 5.495703 0.770357 1.460511
v 5.372181 0.576442 1.502987
v 5.362431 0.602680 1.485961
v 5.368493 0.574441 1.470494
v 5.443232 0.677164 1.346944
v 5.422989 0.651695 1.350809
v 5.416927 0.679933 1.366276
v 5.569644 0.571378 1.589630
v 5.595950 0.568608 1.570298
v 5.589887 0.596846 1.585764
v 5.640696 0.672100 1.433587
v 5.644384 0.674100 1.466080
v 5.650447 0.645862 1.450613
v 5.490868 0.480954 1.495394
v 5.487181 0.478954 1.462902
v 5.517174 0.478184 1.476062
v 5.561920 0.581676 1.339351
v 5.571671 0.555438 1.356377
v 5.541677 0.556207 1.343217
v 4.713096 0.784604 2.583375
v 4.718397 0.811105 2.590797
v 4.699583 0.805664 2.570749
v 4.754736 0.919170 2.527360
v 4.760474 0.925498 2.500668
v 4.735922 0.913728 2.507313
v 4.714531 0.718200 2.471076
v 4.701019 0.739259 2.458450
v 4.720269 0.724527 2.444383
v 4.761910 0.859093 2.388368
v 4.756608 0.832592 2.380947
v 4.737359 0.847323 2.395014
v 4.838396 0.754025 2.603060
v 4.862947 0.765794 2.596414
v 4.843697 0.780526 2.610482
v 4.885774 0.894918 2.520352
v 4.880036 0.888590 2.547045
v 4.899287 0.873859 2.532978
v 4.839832 0.687620 2.490761
v 4.845569 0.693948 2.464068
v 4.864383 0.699389 2.484115
v 4.887210 0.828513 2.408053
v 4.900722 0.807454 2.420679
v 4.881909 0.802013 2.400631
v 4.961091 0.708550 2.674162
v 4.937875 0.726428 2.675372
v 4.935637 0.700366 2.662112
v 4.852820 0.780568 2.583318
v 4.850198 0.779137 2.554143
v 4.850583 0.754506 2.570057
v 5.028879 0.644985 2.574144
v 5.003426 0.636801 2.562093
v 5.026258 0.643554 2.544969
v 4.917987 0.715573 2.454124
v 4.941203 0.697694 2.452914
v 4.918372 0.690942 2.470038
v 5.043613 0.816568 2.661444
v 5.043228 0.841198 2.645530
v 5.020397 0.834446 2.662654
v 4.932720 0.887155 2.541425
v 4.935342 0.888586 2.570600
v 4.958173 0.895339 2.553476
v 5.111403 0.753003 2.561426
v 5.108779 0.751572 2.532251
v 5.111017 0.777634 2.545511
v 5.000509 0.823591 2.441406
v 5.025962 0.831774 2.453457
v 5.023725 0.805712 2.440197
v 3.965760 0.899865 2.408346
v 3.944947 0.917412 2.406683
v 3.943514 0.893312 2.393994
v 3.880345 0.971320 2.311599
v 3.881533 0.970150 2.284377
v 3.878912 0.947221 2.298910
v 4.038185 0.838252 2.324208
v 4.015937 0.831700 2.309856
v 4.039373 0.837082 2.296985
v 3.953957 0.908537 2.200239
v 3.974771 0.890991 2.201901
v 3.951336 0.885608 2.214772
v 4.047626 0.996913 2.407747
v 4.050248 1.019842 2.393214
v 4.026813 1.014460 2.406085
v 3.963399 1.067198 2.283778
v 3.962211 1.068368 2.311000
v 3.985646 1.073751 2.298130
v 4.120049 0.935300 2.323609
v 4.121238 0.934130 2.296387
v 4.122672 0.958229 2.309076
v 4.035822 1.005585 2.199640
v 4.058070 1.012138 2.213991
v 4.056636 0.988039 2.201303
v 4.181550 0.627998 3.081087
v 4.202025 0.641293 3.098237
v 4.185494 0.657526 3.079440
v 4.310572 0.724723 3.074824
v 4.323071 0.736774 3.050561
v 4.294040 0.740957 3.056027
v 4.155291 0.623905 2.944761
v 4.159235 0.653432 2.943114
v 4.167789 0.635955 2.920497
v 4.296811 0.732680 2.914234
v 4.276336 0.719386 2.897084
v 4.267781 0.736863 2.919700
v 4.264129 0.517031 3.068512
v 4.293159 0.512848 3.063046
v 4.284606 0.530325 3.085663
v 4.405650 0.625807 3.037986
v 4.393152 0.613756 3.062249
v 4.401706 0.596279 3.039633
v 4.237870 0.512937 2.932186
v 4.250369 0.524988 2.907923
v 4.266900 0.508755 2.926720
v 4.379391 0.621713 2.901660
v 4.375446 0.592186 2.903306
v 4.358915 0.608419 2.884509
v 4.173797 0.725838 2.618847
v 4.176144 0.726362 2.648886
v 4.179712 0.751750 2.633050
v 4.273672 0.769508 2.740031
v 4.300953 0.782092 2.737680
v 4.277241 0.794896 2.724194
v 4.255873 0.765539 2.512227
v 4.261788 0.791451 2.526429
v 4.283154 0.778123 2.509876
v 4.383030 0.821793 2.631059
v 4.380683 0.821270 2.601020
v 4.359318 0.834598 2.617573
v 4.232381 0.598390 2.616490
v 4.256094 0.585586 2.629976
v 4.234728 0.598914 2.646529
v 4.359538 0.654644 2.735322
v 4.332257 0.642060 2.737673
v 4.353622 0.628732 2.721120
v 4.314458 0.638091 2.509870
v 4.341739 0.650675 2.507519
v 4.338171 0.625287 2.523356
v 4.441616 0.694345 2.628702
v 4.435700 0.668433 2.614500
v 4.439268 0.693821 2.598663
v 3.465479 0.628925 3.137754
v 3.434948 0.636231 3.135395
v 3.446222 0.610772 3.120704
v 3.342189 0.659265 3.024288
v 3.344542 0.658955 2.992895
v 3.353463 0.633805 3.009598
v 3.573728 0.603857 3.042185
v 3.554470 0.585704 3.025135
v 3.576080 0.603548 3.010792
v 3.452790 0.633888 2.897326
v 3.483321 0.626582 2.899686
v 3.461711 0.608737 2.914028
v 3.499503 0.771475 3.138901
v 3.490582 0.796626 3.122200
v 3.468971 0.778781 3.136541
v 3.378565 0.801506 2.994042
v 3.376213 0.801815 3.025435
v 3.397822 0.819659 3.011093
v 3.607751 0.746408 3.043332
v 3.610104 0.746099 3.011940
v 3.598829 0.771558 3.026630
v 3.486813 0.776438 2.898473
v 3.506070 0.794592 2.915524
v 3.517344 0.769132 2.900833
v 4.568284 0.920001 2.032833
v 4.595154 0.927051 2.052272
v 4.585429 0.948887 2.028226
v 4.746119 0.964079 2.024839
v 4.765110 0.968278 1.997067
v 4.736394 0.985916 2.000794
v 4.542346 0.910612 1.877419
v 4.559491 0.939498 1.872813
v 4.561337 0.914810 1.849647
v 4.739172 0.958889 1.841653
v 4.712303 0.951838 1.822214
v 4.710456 0.976527 1.845380
v 4.606375 0.766851 2.035728
v 4.635090 0.749213 2.032001
v 4.633245 0.773901 2.055167
v 4.803201 0.815128 1.999962
v 4.784211 0.810930 2.027735
v 4.786056 0.786241 2.004568
v 4.580437 0.757462 1.880314
v 4.599428 0.761660 1.852542
v 4.609153 0.739824 1.876587
v 4.777264 0.805739 1.844548
v 4.760118 0.776852 1.849155
v 4.750393 0.798688 1.825109
v 3.420877 0.613152 1.595814
v 3.422340 0.613847 1.623491
v 3.400372 0.624669 1.610494
v 3.415093 0.706587 1.712963
v 3.411428 0.734064 1.712466
v 3.393124 0.717409 1.699967
v 3.403996 0.701310 1.503069
v 3.383491 0.712828 1.517750
v 3.400331 0.728787 1.502572
v 3.394547 0.822222 1.619721
v 3.393084 0.821526 1.592044
v 3.376244 0.805567 1.607222
v 3.548630 0.630061 1.588634
v 3.566934 0.646716 1.601134
v 3.550094 0.630757 1.616312
v 3.539182 0.750973 1.705287
v 3.542846 0.723496 1.705784
v 3.559687 0.739455 1.690606
v 3.531749 0.718219 1.495890
v 3.528085 0.745696 1.495393
v 3.550054 0.734874 1.508390
v 3.522300 0.839131 1.612542
v 3.542806 0.827614 1.597862
v 3.520838 0.838436 1.584865
v 3.388428 0.889926 1.567442
v 3.365253 0.911424 1.570297
v 3.360783 0.885543 1.552478
v 3.283964 0.990613 1.475678
v 3.282444 0.993171 1.444078
v 3.279493 0.964732 1.457858
v 3.459707 0.827576 1.454024
v 3.432062 0.823194 1.439059
v 3.458186 0.830134 1.422424
v 3.353723 0.930822 1.330660
v 3.376897 0.909323 1.327804
v 3.350772 0.902383 1.344439
v 3.489141 0.997970 1.571342
v 3.492091 1.026409 1.557562
v 3.465967 1.019468 1.574197
v 3.383157 1.101215 1.447978
v 3.384677 1.098657 1.479577
v 3.410801 1.105598 1.462942
v 3.560420 0.935620 1.457923
v 3.558899 0.938178 1.426324
v 3.563370 0.964060 1.444144
v 3.454436 1.038866 1.334559
v 3.482080 1.043249 1.349524
v 3.477610 1.017367 1.331704
v 5.438469 0.874924 2.943926
v 5.451414 0.882805 2.975719
v 5.445618 0.908397 2.952227
v 5.583521 0.962999 3.030490
v 5.610709 0.979480 3.015335
v 5.577725 0.988591 3.006998
v 5.485358 0.903233 2.789385
v 5.492506 0.936706 2.797685
v 5.512545 0.919713 2.774230
v 5.657596 1.007789 2.860793
v 5.644651 0.999908 2.829000
v 5.624612 1.016900 2.852455
v 5.523514 0.734744 2.944050
v 5.556497 0.725632 2.952388
v 5.536458 0.742625 2.975843
v 5.695752 0.839299 3.015460
v 5.668565 0.822819 3.030614
v 5.688604 0.805826 3.007159
v 5.570401 0.763052 2.789508
v 5.597589 0.779533 2.774354
v 5.603385 0.753941 2.797846
v 5.742640 0.867608 2.860917
v 5.735491 0.834135 2.852617
v 5.729695 0.859727 2.829124
v 4.496007 0.825035 2.015615
v 4.481035 0.839110 2.044743
v 4.460523 0.825421 2.019002
v 4.367137 0.956421 2.073119
v 4.347508 0.977982 2.052611
v 4.346625 0.942732 2.047378
v 4.480677 0.849674 1.852221
v 4.445193 0.850061 1.855609
v 4.461048 0.871235 1.831713
v 4.332179 1.002622 1.889218
v 4.347151 0.988546 1.860089
v 4.331296 0.967371 1.883985
v 4.615723 0.939798 2.021689
v 4.616606 0.975049 2.026922
v 4.600751 0.953875 2.050818
v 4.467225 1.092746 2.058686
v 4.486854 1.071185 2.079194
v 4.502709 1.092359 2.055299
v 4.600393 0.964438 1.858296
v 4.580765 0.985999 1.837788
v 4.601277 0.999688 1.863529
v 4.451896 1.117386 1.895292
v 4.487380 1.116999 1.891905
v 4.466867 1.103310 1.866164
v 3.258643 0.930748 2.921435
v 3.266089 0.935674 2.953570
v 3.261101 0.961777 2.933418
v 3.375116 1.015528 3.030013
v 3.400790 1.034861 3.021101
v 3.370128 1.041631 3.009861
v 3.318644 0.978176 2.786315
v 3.321102 1.009203 2.798297
v 3.344318 0.997509 2.777402
v 3.460791 1.082288 2.885980
v 3.453345 1.077363 2.853845
v 3.430129 1.089058 2.874740
v 3.351487 0.806326 2.918991
v 3.382150 0.799556 2.930231
v 3.358933 0.811251 2.951126
v 3.493634 0.910438 3.018656
v 3.467960 0.891105 3.027569
v 3.491176 0.879410 3.006674
v 3.411488 0.853753 2.783871
v 3.437162 0.873086 2.774958
v 3.442151 0.846983 2.795110
v 3.553636 0.957865 2.883535
v 3.551178 0.926837 2.871553
v 3.546189 0.952940 2.851401
v 3.523575 0.958407 1.718366
v 3.490969 0.968994 1.722528
v 3.497887 0.941995 1.702138
v 3.372340 1.013374 1.623518
v 3.368909 1.016269 1.589277
v 3.379259 0.986375 1.603127
v 3.619613 0.933086 1.591950
v 3.593925 0.916674 1.575722
v 3.616181 0.935981 1.557709
v 3.464947 0.990948 1.462861
v 3.497553 0.980361 1.458699
v 3.475297 0.961055 1.476711
v 3.574067 1.110836 1.726193
v 3.563718 1.140730 1.712343
v 3.541461 1.121423 1.730356
v 3.419402 1.168698 1.597105
v 3.422833 1.165804 1.631346
v 3.445089 1.185110 1.613333
v 3.670105 1.085515 1.599777
v 3.666674 1.088410 1.565537
v 3.659756 1.115409 1.585927
v 3.515439 1.143378 1.470689
v 3.541127 1.159789 1.486917
v 3.548045 1.132791 1.466526
v 3.546339 0.616173 2.054492
v 3.566217 0.626555 2.077315
v 3.555907 0.646705 2.054699
v 3.698221 0.695560 2.078618
v 3.718443 0.706140 2.056191
v 3.687911 0.715710 2.056001
v 3.547468 0.616823 1.905541
v 3.557037 0.647356 1.905747
v 3.567690 0.627403 1.883114
v 3.719573 0.706790 1.907239
v 3.699694 0.696408 1.884417
v 3.689041 0.716360 1.907049
v 3.615346 0.484164 2.054439
v 3.645878 0.474594 2.054629
v 3.635225 0.494546 2.077262
v 3.787451 0.574131 2.056138
v 3.767229 0.563551 2.078565
v 3.777882 0.543599 2.055932
v 3.616476 0.484815 1.905488
v 3.636698 0.495395 1.883061
v 3.647007 0.475245 1.905677
v 3.788581 0.574782 1.907186
v 3.779011 0.544249 1.906980
v 3.768702 0.564399 1.884364
v 5.106696 0.564868 1.359670
v 5.106595 0.565320 1.391896
v 5.079198 0.560024 1.375768
v 5.030295 0.640858 1.496701
v 5.007218 0.663354 1.496313
v 5.002899 0.635563 1.480572
v 5.031065 0.637430 1.252309
v 5.003567 0.632586 1.268407
v 5.007988 0.659925 1.251921
v 4.931587 0.735916 1.388952
v 4.931688 0.735464 1.356725
v 4.927267 0.708125 1.373211
v 5.211434 0.672294 1.358493
v 5.215754 0.700085 1.374233
v 5.211332 0.672746 1.390719
v 5.111956 0.770780 1.495136
v 5.135033 0.748285 1.495524
v 5.139454 0.775624 1.479038
v 5.135803 0.744856 1.251132
v 5.112726 0.767352 1.250744
v 5.140122 0.772647 1.266872
v 5.036324 0.843342 1.387775
v 5.063822 0.848186 1.371677
v 5.036425 0.842890 1.355548
v 5.031736 0.757423 2.471405
v 5.035407 0.759672 2.497665
v 5.030070 0.781278 2.483078
v 5.109809 0.827059 2.570255
v 5.128739 0.845281 2.566048
v 5.104471 0.848666 2.555668
v 5.081964 0.810002 2.371113
v 5.080299 0.833858 2.382786
v 5.100895 0.828224 2.366905
v 5.178967 0.897861 2.465755
v 5.175296 0.895612 2.439496
v 5.154701 0.901245 2.455376
v 5.117103 0.667754 2.467149
v 5.141371 0.664370 2.477529
v 5.120774 0.670004 2.493409
v 5.214106 0.755613 2.561792
v 5.195176 0.737391 2.566000
v 5.215772 0.731758 2.550120
v 5.167332 0.720334 2.366857
v 5.186262 0.738556 2.362649
v 5.191599 0.716950 2.377237
v 5.264336 0.808193 2.461500
v 5.266001 0.784337 2.449827
v 5.260664 0.805943 2.435240
v 3.908874 0.497422 3.029050
v 3.908750 0.495951 3.063233
v 3.879274 0.499036 3.046135
v 3.850804 0.587854 3.179711
v 3.833326 0.617243 3.180912
v 3.821329 0.590940 3.162613
v 3.851748 0.599007 2.920478
v 3.822148 0.600622 2.937564
v 3.834269 0.628397 2.921679
v 3.776200 0.718829 3.072340
v 3.776325 0.720300 3.038157
v 3.764202 0.692525 3.054041
v 4.045804 0.578693 3.033045
v 4.057801 0.604997 3.051344
v 4.045680 0.577223 3.067229
v 3.970256 0.698515 3.184907
v 3.987734 0.669126 3.183706
v 3.999856 0.696900 3.167822
v 3.988678 0.680279 2.924473
v 3.971199 0.709668 2.925674
v 4.000675 0.706583 2.942772
v 3.913129 0.800100 3.076335
v 3.942730 0.798486 3.059250
v 3.913254 0.801571 3.042152
v 3.601465 0.591378 2.769346
v 3.571827 0.600911 2.766922
v 3.581090 0.574868 2.752392
v 3.482113 0.630630 2.656465
v 3.484497 0.630125 2.625333
v 3.491375 0.604588 2.641935
v 3.706871 0.558336 2.674844
v 3.686496 0.541827 2.657891
v 3.709254 0.557832 2.643713
v 3.589903 0.597084 2.530832
v 3.619540 0.587551 2.533255
v 3.596782 0.571547 2.547433
v 3.645890 0.729789 2.770504
v 3.639011 0.755327 2.753902
v 3.616253 0.739322 2.768080
v 3.528923 0.768537 2.626491
v 3.526539 0.769042 2.657623
v 3.549297 0.785046 2.643444
v 3.751296 0.696748 2.676002
v 3.753680 0.696243 2.644871
v 3.744418 0.722286 2.659400
v 3.634328 0.735496 2.531990
v 3.654704 0.752005 2.548944
v 3.663966 0.725963 2.534413
v 4.793352 0.538202 2.969835
v 4.799375 0.559243 2.985730
v 4.780858 0.561915 2.966193
v 4.837213 0.677730 2.966073
v 4.842685 0.692682 2.944206
v 4.818696 0.680401 2.946535
v 4.791542 0.518157 2.845529
v 4.779047 0.541870 2.841887
v 4.797014 0.533109 2.823662
v 4.840875 0.672637 2.819900
v 4.834852 0.651595 2.804004
v 4.816886 0.660356 2.822229
v 4.913444 0.500568 2.974155
v 4.937432 0.512848 2.971825
v 4.919466 0.521609 2.990050
v 4.962777 0.655048 2.948525
v 4.957304 0.640095 2.970392
v 4.975270 0.631334 2.952168
v 4.911633 0.480522 2.849848
v 4.917106 0.495475 2.827982
v 4.935622 0.492803 2.847519
v 4.960967 0.635002 2.824219
v 4.973460 0.611289 2.827861
v 4.954944 0.613961 2.808324
v 3.321444 0.751196 2.161238
v 3.325394 0.781111 2.162670
v 3.303090 0.769609 2.145855
v 3.343774 0.883623 2.068168
v 3.345406 0.884850 2.038029
v 3.321469 0.872121 2.051353
v 3.313812 0.656760 2.057313
v 3.295457 0.675172 2.041929
v 3.315444 0.657986 2.027173
v 3.337774 0.790413 1.934103
v 3.333823 0.760498 1.932672
v 3.313837 0.777684 1.947428
v 3.460660 0.732485 2.168017
v 3.484597 0.745214 2.154693
v 3.464611 0.762400 2.169449
v 3.484622 0.866139 2.044807
v 3.482990 0.864912 2.074947
v 3.502976 0.847726 2.060191
v 3.453027 0.638049 2.064091
v 3.454660 0.639275 2.033952
v 3.476965 0.650777 2.050767
v 3.476990 0.771702 1.940881
v 3.495344 0.753289 1.956265
v 3.473039 0.741787 1.939450
v 5.330239 0.703469 2.111266
v 5.319729 0.718720 2.138600
v 5.299009 0.713986 2.113333
v 5.252188 0.853463 2.168742
v 5.242180 0.879146 2.150565
v 5.231468 0.848729 2.143474
v 5.331889 0.737809 1.961452
v 5.300659 0.748326 1.963519
v 5.321880 0.763492 1.943275
v 5.243831 0.913486 2.000751
v 5.254340 0.898235 1.973417
v 5.233119 0.883069 1.993661
v 5.468303 0.768975 2.127802
v 5.479014 0.799392 2.134892
v 5.457793 0.784226 2.155136
v 5.380243 0.944652 2.167100
v 5.390252 0.918969 2.185277
v 5.411474 0.934135 2.165034
v 5.469953 0.803315 1.977989
v 5.459944 0.828998 1.959811
v 5.480664 0.833732 1.985079
v 5.381894 0.978992 2.017287
v 5.413124 0.968475 2.015220
v 5.392404 0.963741 1.989953
v 3.464449 0.677122 1.508221
v 3.466388 0.677107 1.542383
v 3.467083 0.706701 1.525221
v 3.568099 0.736812 1.649453
v 3.597057 0.754965 1.647817
v 3.568793 0.766406 1.632291
v 3.553391 0.736930 1.390381
v 3.556025 0.766508 1.407381
v 3.582349 0.755083 1.388745
v 3.685999 0.814773 1.529978
v 3.684060 0.814788 1.495816
v 3.657735 0.826213 1.514452
v 3.548818 0.542096 1.503370
v 3.577082 0.530655 1.518896
v 3.550757 0.542080 1.537532
v 3.681427 0.619939 1.642967
v 3.652467 0.601786 1.644602
v 3.678792 0.590361 1.625966
v 3.637759 0.601903 1.385530
v 3.666718 0.620056 1.383894
v 3.666023 0.590463 1.401057
v 3.770368 0.679746 1.525127
v 3.767734 0.650168 1.508127
v 3.768429 0.679762 1.490965
v 3.711526 0.742434 1.774343
v 3.712945 0.750484 1.800406
v 3.691204 0.757076 1.785241
v 3.704854 0.862220 1.860572
v 3.700977 0.888114 1.852785
v 3.683113 0.868812 1.845406
v 3.694092 0.801171 1.662915
v 3.673770 0.815813 1.673812
v 3.690215 0.827065 1.655128
v 3.683543 0.946851 1.741357
v 3.682124 0.938801 1.715293
v 3.665679 0.927549 1.733978
v 3.837228 0.757772 1.762761
v 3.855092 0.777074 1.770141
v 3.838647 0.765822 1.788825
v 3.826679 0.903452 1.841204
v 3.830556 0.877559 1.848990
v 3.847001 0.888810 1.830306
v 3.819794 0.816510 1.651333
v 3.815917 0.842403 1.643546
v 3.837658 0.835811 1.658712
v 3.809245 0.962189 1.729775
v 3.829567 0.947547 1.718878
v 3.807826 0.954139 1.703712
v 4.360389 0.522324 1.563682
v 4.360592 0.534569 1.588289
v 4.344425 0.544224 1.568268
v 4.380515 0.653961 1.629776
v 4.386364 0.677986 1.617773
v 4.364348 0.663616 1.609755
v 4.378967 0.561101 1.443168
v 4.363003 0.583001 1.447753
v 4.384816 0.585126 1.431164
v 4.404942 0.716763 1.497258
v 4.404738 0.704518 1.472651
v 4.382926 0.702393 1.489241
v 4.485410 0.497536 1.574980
v 4.507427 0.511906 1.582997
v 4.485615 0.509781 1.599586
v 4.511385 0.653198 1.629070
v 4.505537 0.629173 1.641074
v 4.527349 0.631298 1.624485
v 4.503989 0.536313 1.454465
v 4.509837 0.560338 1.442461
v 4.526005 0.550683 1.462483
v 4.529963 0.691975 1.508556
v 4.545928 0.670075 1.503970
v 4.529759 0.679730 1.483949
v 5.137028 0.768123 2.008371
v 5.111431 0.782648 2.020738
v 5.107716 0.759036 1.999577
v 4.992424 0.851707 1.964577
v 4.981868 0.858162 1.935149
v 4.988708 0.828096 1.943415
v 5.186541 0.741561 1.870788
v 5.157229 0.732474 1.861994
v 5.175986 0.748016 1.841360
v 5.031381 0.831600 1.797566
v 5.056978 0.817076 1.785199
v 5.038222 0.801534 1.805833
v 5.210999 0.897008 2.010109
v 5.204158 0.927074 2.001842
v 5.185402 0.911532 2.022476
v 5.055839 0.987047 1.936887
v 5.066394 0.980592 1.966315
v 5.085151 0.996134 1.945681
v 5.260512 0.870446 1.872526
v 5.249957 0.876901 1.843098
v 5.253672 0.900512 1.864260
v 5.105352 0.960485 1.799304
v 5.134664 0.969572 1.808098
v 5.130949 0.945961 1.786937
v 4.377835 0.581258 3.019986
v 4.366663 0.584511 3.050925
v 4.350636 0.565077 3.029522
v 4.232539 0.625148 3.114466
v 4.202966 0.634241 3.102831
v 4.216511 0.605715 3.093065
v 4.317267 0.600482 2.879843
v 4.290067 0.584301 2.889379
v 4.287694 0.609574 2.868207
v 4.142397 0.653464 2.962688
v 4.153570 0.650211 2.931749
v 4.155943 0.624938 2.952921
v 4.422784 0.728423 3.020746
v 4.409239 0.756949 3.030513
v 4.411612 0.731676 3.051685
v 4.247914 0.781405 3.103591
v 4.277486 0.772313 3.115227
v 4.275114 0.797586 3.094055
v 4.362214 0.747646 2.880603
v 4.332642 0.756739 2.868968
v 4.348670 0.776172 2.890370
v 4.187345 0.800628 2.963448
v 4.214545 0.816809 2.953911
v 4.198517 0.797376 2.932509
v 5.466483 0.994551 1.963623
v 5.455579 1.022262 1.961229
v 5.444007 1.000182 1.944764
v 5.435219 1.111204 1.856265
v 5.439937 1.110512 1.826773
v 5.423647 1.089124 1.839800
v 5.517906 0.901055 1.874424
v 5.495431 0.906686 1.855564
v 5.522624 0.900363 1.844932
v 5.491360 1.017015 1.737574
v 5.502264 0.989304 1.739968
v 5.475070 0.995627 1.750601
v 5.594090 1.046419 1.982822
v 5.610380 1.067807 1.969795
v 5.583187 1.074130 1.980427
v 5.567545 1.162380 1.845972
v 5.562826 1.163072 1.875464
v 5.590020 1.156749 1.864831
v 5.645514 0.952923 1.893622
v 5.650231 0.952231 1.864130
v 5.661803 0.974311 1.880595
v 5.618968 1.068883 1.756772
v 5.641443 1.063252 1.775631
v 5.629871 1.041173 1.759166
v 5.196980 0.539384 3.171358
v 5.172721 0.563344 3.180944
v 5.163554 0.536233 3.160076
v 5.067169 0.661074 3.100348
v 5.059363 0.666802 3.066277
v 5.058002 0.633963 3.079479
v 5.251141 0.479363 3.027649
v 5.217714 0.476213 3.016367
v 5.243335 0.485091 2.993579
v 5.113524 0.606782 2.922568
v 5.137784 0.582821 2.912982
v 5.112163 0.573943 2.935771
v 5.311494 0.657851 3.165038
v 5.312855 0.690690 3.151837
v 5.287235 0.681812 3.174625
v 5.173878 0.785269 3.059958
v 5.181684 0.779542 3.094028
v 5.207304 0.788419 3.071239
v 5.365655 0.597831 3.021329
v 5.357849 0.603559 2.987259
v 5.367017 0.630670 3.008127
v 5.228038 0.725250 2.916248
v 5.261466 0.728400 2.927531
v 5.252297 0.701289 2.906662
v 4.215260 0.646262 3.129339
v 4.209222 0.648385 3.158488
v 4.187556 0.641262 3.139242
v 4.117830 0.719835 3.234930
v 4.096105 0.739417 3.229003
v 4.096164 0.712712 3.215684
v 4.163619 0.703735 3.013880
v 4.135915 0.698735 3.023782
v 4.141894 0.723317 3.007953
v 4.044464 0.796890 3.113543
v 4.050502 0.794767 3.084395
v 4.044523 0.770185 3.100224
v 4.306264 0.750630 3.140589
v 4.306204 0.777335 3.153908
v 4.300226 0.752753 3.169737
v 4.187109 0.843785 3.240252
v 4.208834 0.824203 3.246179
v 4.214813 0.848785 3.230350
v 4.254622 0.808103 3.025129
v 4.232898 0.827685 3.019202
v 4.254564 0.834808 3.038448
v 4.135468 0.901258 3.124792
v 4.163172 0.906258 3.114890
v 4.141505 0.899135 3.095644
v 5.482762 0.885114 2.633418
v 5.512172 0.896378 2.641761
v 5.492495 0.914450 2.623117
v 5.632441 0.948886 2.565720
v 5.639566 0.953573 2.534277
v 5.612763 0.966958 2.547076
v 5.409406 0.863463 2.502445
v 5.419138 0.892799 2.492145
v 5.416532 0.868150 2.471001
v 5.566210 0.931921 2.403304
v 5.536800 0.920657 2.394960
v 5.539407 0.945307 2.416103
v 5.538960 0.744480 2.625190
v 5.565763 0.731094 2.612390
v 5.568369 0.755744 2.633534
v 5.695764 0.812938 2.526049
v 5.688638 0.808252 2.557493
v 5.686032 0.783602 2.536349
v 5.465604 0.722829 2.494217
v 5.472729 0.727516 2.462774
v 5.492407 0.709443 2.481418
v 5.622407 0.791287 2.395076
v 5.612676 0.761951 2.405377
v 5.592998 0.780023 2.386733
v 3.430780 1.018238 2.119151
v 3.434604 1.018607 2.148475
v 3.439060 1.043204 2.132671
v 3.537473 1.054151 2.232797
v 3.564898 1.064580 2.229089
v 3.541928 1.078748 2.216993
v 3.508469 1.051352 2.010416
v 3.516750 1.076318 2.023936
v 3.535894 1.061781 2.006708
v 3.642587 1.097694 2.120354
v 3.638762 1.097325 2.091030
v 3.619618 1.111862 2.108258
v 3.479133 0.889414 2.114466
v 3.502102 0.875246 2.126563
v 3.482957 0.889783 2.143790
v 3.613251 0.935756 2.224405
v 3.585825 0.925327 2.228113
v 3.604970 0.910790 2.210885
v 3.556822 0.922528 2.005731
v 3.584247 0.932957 2.002023
v 3.579791 0.908360 2.017828
v 3.690940 0.968870 2.115669
v 3.682660 0.943904 2.102150
v 3.687116 0.968501 2.086345
v 3.987105 0.980157 2.511404
v 3.960802 0.987379 2.510384
v 3.969491 0.965493 2.496579
v 3.878295 1.013338 2.417296
v 3.879534 1.014002 2.390037
v 3.886984 0.991452 2.403492
v 4.077768 0.958575 2.425027
v 4.060154 0.943910 2.410203
v 4.079008 0.959239 2.397768
v 3.970197 0.992419 2.303660
v 3.996500 0.985198 2.304680
v 3.977648 0.969869 2.317115
v 4.020563 1.102660 2.515912
v 4.013112 1.125211 2.502457
v 3.994259 1.109882 2.514892
v 3.912990 1.136505 2.394545
v 3.911752 1.135841 2.421804
v 3.930605 1.151170 2.409369
v 4.111226 1.081077 2.429534
v 4.112465 1.081742 2.402275
v 4.103776 1.103628 2.416080
v 4.003654 1.114922 2.308168
v 4.021268 1.129587 2.322992
v 4.029958 1.107701 2.309187
v 5.097513 0.754565 2.959043
v 5.083390 0.761046 2.984794
v 5.069733 0.744157 2.963990
v 4.960466 0.819035 3.018413
v 4.937246 0.830171 3.002876
v 4.946809 0.802146 2.997610
v 5.067570 0.769887 2.823132
v 5.039790 0.759479 2.828079
v 5.044351 0.781022 2.807594
v 4.907303 0.845493 2.866964
v 4.921426 0.839012 2.841213
v 4.916865 0.817468 2.861698
v 5.157484 0.881079 2.960093
v 5.147921 0.909104 2.965359
v 5.143360 0.887560 2.985844
v 4.997217 0.956685 3.003926
v 5.020436 0.945549 3.019463
v 5.024997 0.967093 2.998979
v 5.127540 0.896401 2.824182
v 5.104321 0.907537 2.808644
v 5.117978 0.924426 2.829448
v 4.967273 0.972007 2.868014
v 4.995053 0.982415 2.863067
v 4.981397 0.965526 2.842264
v 4.256492 0.616291 2.513376
v 4.235511 0.635708 2.525446
v 4.226903 0.614858 2.504137
v 4.140750 0.730279 2.471188
v 4.132944 0.739591 2.442636
v 4.132143 0.709429 2.449880
v 4.299858 0.583027 2.379659
v 4.270270 0.581594 2.370420
v 4.292051 0.592339 2.351108
v 4.176309 0.706328 2.308919
v 4.197290 0.686910 2.296850
v 4.175508 0.676165 2.316162
v 4.356527 0.720296 2.519946
v 4.357328 0.750458 2.512703
v 4.335546 0.739713 2.532016
v 4.232978 0.843596 2.449206
v 4.240785 0.834284 2.477758
v 4.262566 0.845030 2.458446
v 4.399892 0.687033 2.386229
v 4.392086 0.696345 2.357677
v 4.400694 0.717195 2.378986
v 4.276345 0.810333 2.315489
v 4.305933 0.811766 2.324728
v 4.297325 0.790916 2.303420
v 3.903405 0.594081 2.169139
v 3.901236 0.601636 2.202029
v 3.876400 0.610671 2.180931
v 3.879112 0.733793 2.284666
v 3.874561 0.766385 2.276880
v 3.854276 0.742828 2.263568
v 3.895566 0.676497 2.035236
v 3.868561 0.693088 2.047028
v 3.891015 0.709089 2.027449
v 3.866722 0.848802 2.142977
v 3.868892 0.841246 2.110086
v 3.846438 0.825245 2.129665
v 4.059074 0.617013 2.174140
v 4.079359 0.640569 2.187452
v 4.056905 0.624568 2.207031
v 4.030231 0.789317 2.281881
v 4.034781 0.756725 2.289668
v 4.057236 0.772726 2.270089
v 4.051235 0.699429 2.040237
v 4.046684 0.732021 2.032451
v 4.071520 0.722986 2.053549
v 4.022392 0.871733 2.147978
v 4.049397 0.855143 2.136186
v 4.024561 0.864178 2.115088
v 4.277804 0.948489 1.542568
v 4.285553 0.968552 1.561298
v 4.266358 0.974569 1.541080
v 4.333843 1.091892 1.552156
v 4.340765 1.109297 1.530648
v 4.314649 1.097909 1.531937
v 4.275084 0.939736 1.410113
v 4.263637 0.965816 1.408625
v 4.282005 0.957141 1.388606
v 4.338043 1.100544 1.398193
v 4.330295 1.080480 1.379463
v 4.311927 1.089156 1.399483
v 4.401453 0.900126 1.543224
v 4.427569 0.911514 1.541935
v 4.409201 0.920190 1.561954
v 4.464413 1.060935 1.531304
v 4.457491 1.043530 1.552811
v 4.475859 1.034854 1.532792
v 4.398731 0.891373 1.410769
v 4.405653 0.908778 1.389262
v 4.424847 0.902762 1.409480
v 4.461692 1.052182 1.398849
v 4.473138 1.026101 1.400337
v 4.453943 1.032118 1.380119
v 4.653230 0.846525 3.174893
v 4.656266 0.853781 3.201844
v 4.640674 0.869639 3.184707
v 4.696365 0.961130 3.264696
v 4.705511 0.986484 3.256839
v 4.680774 0.976987 3.247560
v 4.673339 0.906099 3.060313
v 4.660784 0.929213 3.070127
v 4.682484 0.931454 3.052456
v 4.725619 1.046059 3.142259
v 4.722583 1.038802 3.115308
v 4.700883 1.036562 3.132980
v 4.775989 0.801700 3.173132
v 4.800725 0.811197 3.182412
v 4.779025 0.808957 3.200083
v 4.828269 0.941660 3.255078
v 4.819124 0.916305 3.262935
v 4.840825 0.918546 3.245264
v 4.796098 0.861275 3.058552
v 4.805243 0.886629 3.050695
v 4.820835 0.870772 3.067832
v 4.848379 1.001234 3.140498
v 4.860934 0.978120 3.130684
v 4.845343 0.993978 3.113548
v 4.895866 0.833394 1.807921
v 4.895504 0.839982 1.834868
v 4.871661 0.836645 1.821083
v 4.841694 0.934008 1.905179
v 4.825708 0.955984 1.899591
v 4.817850 0.930671 1.891393
v 4.844438 0.884045 1.700825
v 4.820232 0.887297 1.713987
v 4.828452 0.906021 1.695238
v 4.774279 1.006635 1.792495
v 4.774641 1.000047 1.765548
v 4.766422 0.981323 1.784297
v 5.001410 0.906014 1.791583
v 5.009267 0.931326 1.799782
v 5.001048 0.912602 1.818530
v 4.931252 1.028603 1.883253
v 4.947237 1.006628 1.888841
v 4.955457 1.025352 1.870092
v 4.949981 0.956665 1.684487
v 4.933996 0.978640 1.678900
v 4.957839 0.981977 1.692685
v 4.879823 1.079255 1.776157
v 4.904028 1.076003 1.762996
v 4.880186 1.072666 1.749211
v 3.942295 0.690258 2.303231
v 3.919622 0.701710 2.317775
v 3.915040 0.681555 2.297050
v 3.804143 0.764631 2.282113
v 3.791734 0.772294 2.256736
v 3.799561 0.744477 2.261389
v 3.976080 0.677784 2.171818
v 3.948826 0.669082 2.165637
v 3.963671 0.685447 2.146441
v 3.825519 0.759820 2.125323
v 3.848191 0.748369 2.110779
v 3.833346 0.732004 2.129976
v 4.006242 0.810473 2.308261
v 3.998415 0.838290 2.303608
v 3.983570 0.821925 2.322804
v 3.855683 0.892509 2.261766
v 3.868091 0.884846 2.287143
v 3.882936 0.901211 2.267947
v 4.040028 0.797999 2.176848
v 4.027619 0.805662 2.151471
v 4.032201 0.825816 2.172195
v 3.889467 0.880035 2.130353
v 3.916722 0.888738 2.136534
v 3.912140 0.868584 2.115809
v 4.661193 0.601064 3.202198
v 4.650167 0.625050 3.214075
v 4.634511 0.609774 3.195116
v 4.596721 0.739147 3.166278
v 4.591511 0.749823 3.139881
v 4.581065 0.723871 3.147319
v 4.680333 0.557251 3.076208
v 4.653651 0.565961 3.069126
v 4.675123 0.567927 3.049811
v 4.610651 0.706010 3.013891
v 4.621676 0.682025 3.002015
v 4.600205 0.680059 3.021329
v 4.783408 0.657822 3.201027
v 4.793853 0.683774 3.193589
v 4.772382 0.681808 3.212904
v 4.713726 0.806582 3.138710
v 4.718936 0.795906 3.165107
v 4.740407 0.797872 3.145793
v 4.802548 0.614010 3.075037
v 4.797338 0.624686 3.048640
v 4.812994 0.639962 3.067600
v 4.732865 0.762769 3.012721
v 4.759547 0.754059 3.019803
v 4.743891 0.738783 3.000844
v 4.180245 0.743989 2.704311
v 4.186692 0.761244 2.728577
v 4.167223 0.771354 2.707437
v 4.234417 0.893408 2.747828
v 4.242467 0.916301 2.729410
v 4.214948 0.903517 2.726688
v 4.185522 0.762551 2.563801
v 4.172500 0.789916 2.566927
v 4.193572 0.785445 2.545383
v 4.247744 0.934863 2.588900
v 4.241297 0.917608 2.564634
v 4.220224 0.922078 2.586178
v 4.313698 0.695992 2.702982
v 4.341218 0.708776 2.705705
v 4.320146 0.713248 2.727249
v 4.375921 0.868305 2.728082
v 4.367870 0.845411 2.746500
v 4.388942 0.840939 2.724956
v 4.318975 0.714554 2.562473
v 4.327025 0.737447 2.544055
v 4.346495 0.727338 2.565195
v 4.381198 0.886866 2.587572
v 4.394219 0.859501 2.584446
v 4.374750 0.869610 2.563306
v 5.009435 0.879000 1.828662
v 5.017239 0.905657 1.846765
v 4.995905 0.908417 1.821538
v 5.072299 1.046436 1.815607
v 5.081223 1.062546 1.788038
v 5.050966 1.049197 1.790379
v 5.013120 0.844284 1.678321
v 4.999590 0.873701 1.671196
v 5.022044 0.860394 1.650752
v 5.084908 1.027830 1.637696
v 5.077105 1.001173 1.619594
v 5.054651 1.014480 1.640037
v 5.153574 0.826110 1.844409
v 5.183831 0.839460 1.842068
v 5.161378 0.852767 1.862512
v 5.225362 1.009656 1.803784
v 5.216439 0.993546 1.831353
v 5.238893 0.980239 1.810909
v 5.157259 0.791394 1.694067
v 5.166182 0.807504 1.666499
v 5.187516 0.804744 1.691726
v 5.229047 0.974940 1.653443
v 5.242577 0.945523 1.660568
v 5.221243 0.948283 1.635340
v 3.592400 0.785169 2.040543
v 3.586614 0.809122 2.062691
v 3.564255 0.802594 2.039128
v 3.551480 0.959082 2.054483
v 3.546592 0.980685 2.029842
v 3.529121 0.952555 2.030920
v 3.595353 0.777431 1.886526
v 3.567209 0.794856 1.885111
v 3.590466 0.799034 1.861885
v 3.549546 0.972947 1.875825
v 3.555331 0.948994 1.853678
v 3.532075 0.944817 1.876903
v 3.742555 0.820410 2.041653
v 3.760026 0.848540 2.040574
v 3.736770 0.844363 2.063800
v 3.696748 1.015926 2.030951
v 3.701636 0.994323 2.055592
v 3.724892 0.998501 2.032367
v 3.745510 0.812672 1.887635
v 3.740621 0.834275 1.862995
v 3.762980 0.840803 1.886557
v 3.699702 1.008188 1.876934
v 3.727846 0.990763 1.878349
v 3.705487 0.984235 1.854787
v 5.440831 0.872887 1.972201
v 5.441422 0.902089 1.982253
v 5.419899 0.893169 1.961972
v 5.447280 1.031218 1.919248
v 5.448468 1.041244 1.890055
v 5.425756 1.022299 1.898967
v 5.442795 0.809763 1.843011
v 5.421863 0.830045 1.832783
v 5.443983 0.819789 1.813819
v 5.450432 0.978119 1.760866
v 5.449841 0.948918 1.750813
v 5.427721 0.959174 1.769777
v 5.584498 0.868485 1.976536
v 5.607210 0.887430 1.967624
v 5.585089 0.897687 1.986588
v 5.592135 1.036842 1.894390
v 5.590947 1.026816 1.923583
v 5.613067 1.016560 1.904619
v 5.586462 0.805361 1.847346
v 5.587650 0.815387 1.818154
v 5.609174 0.824306 1.838435
v 5.594099 0.973718 1.765200
v 5.615031 0.953435 1.775429
v 5.593507 0.944516 1.755148
v 4.895293 0.887606 1.711856
v 4.911335 0.906441 1.720880
v 4.891633 0.912639 1.704541
v 4.981366 0.992773 1.669182
v 4.986599 1.000164 1.644453
v 4.961665 0.998971 1.652842
v 4.859711 0.849934 1.600748
v 4.856050 0.874967 1.593432
v 4.864943 0.857325 1.576018
v 4.951017 0.962492 1.533344
v 4.934976 0.943657 1.524320
v 4.926083 0.961299 1.541734
v 4.989419 0.809133 1.708320
v 5.014354 0.810327 1.699929
v 5.005461 0.827968 1.717343
v 5.080726 0.921691 1.640916
v 5.075493 0.914300 1.665645
v 5.084386 0.896658 1.648231
v 4.953837 0.771461 1.597211
v 4.959070 0.778852 1.572482
v 4.978772 0.772655 1.588821
v 5.045144 0.884019 1.529807
v 5.048804 0.858986 1.537122
v 5.029102 0.865184 1.520783
v 5.323500 0.981189 1.661482
v 5.333628 0.985749 1.687433
v 5.330625 1.007310 1.669463
v 5.442016 1.041642 1.736386
v 5.464815 1.054062 1.725307
v 5.439013 1.063204 1.718417
v 5.365216 1.007057 1.539583
v 5.372341 1.033179 1.547565
v 5.388016 1.019476 1.528504
v 5.506531 1.079930 1.603408
v 5.496404 1.075369 1.577457
v 5.480729 1.089072 1.596519
v 5.384985 0.865105 1.657888
v 5.410787 0.855963 1.664778
v 5.395112 0.869666 1.683839
v 5.526300 0.937978 1.721713
v 5.503500 0.925559 1.732793
v 5.519176 0.911856 1.713732
v 5.426701 0.890974 1.535990
v 5.449501 0.903393 1.524910
v 5.452503 0.881832 1.542880
v 5.568016 0.963847 1.599815
v 5.560891 0.937725 1.591833
v 5.557889 0.959286 1.573864
v 4.906621 0.690659 1.680075
v 4.924143 0.703188 1.702468
v 4.913030 0.721058 1.679608
v 5.045237 0.782241 1.705400
v 5.064502 0.793728 1.683898
v 5.034124 0.800112 1.682540
v 4.912359 0.687229 1.535586
v 4.918768 0.717628 1.535119
v 4.931624 0.698716 1.514085
v 5.070240 0.790298 1.539409
v 5.052718 0.777770 1.517017
v 5.039862 0.796682 1.538051
v 4.985520 0.569578 1.686083
v 5.015898 0.563195 1.687441
v 5.003042 0.582107 1.708475
v 5.143401 0.672647 1.689906
v 5.124136 0.661160 1.711408
v 5.136992 0.642248 1.690373
v 4.991259 0.566148 1.541594
v 5.010523 0.577635 1.520092
v 5.021636 0.559765 1.542952
v 5.149139 0.669217 1.545417
v 5.142730 0.638818 1.545884
v 5.131618 0.656688 1.523025
v 5.351559 0.646796 2.501705
v 5.337570 0.649856 2.529880
v 5.326012 0.629523 2.508623
v 5.200937 0.679845 2.575484
v 5.173419 0.685896 2.561164
v 5.189379 0.659513 2.554227
v 5.307030 0.656639 2.361820
v 5.281482 0.639366 2.368737
v 5.279513 0.662689 2.347500
v 5.128890 0.695739 2.421278
v 5.142880 0.692679 2.393104
v 5.144849 0.669356 2.414342
v 5.383123 0.790502 2.501770
v 5.367164 0.816885 2.508706
v 5.369133 0.793562 2.529944
v 5.204983 0.829602 2.561228
v 5.232500 0.823552 2.575549
v 5.230531 0.846874 2.554311
v 5.338593 0.800345 2.361884
v 5.311077 0.806395 2.347564
v 5.322634 0.826728 2.368821
v 5.160454 0.839445 2.421342
v 5.186001 0.856717 2.414426
v 5.174444 0.836385 2.393168
v 5.520328 0.907031 2.907621
v 5.546609 0.914992 2.913200
v 5.530167 0.931132 2.897250
v 5.649914 0.949089 2.841210
v 5.655015 0.951486 2.813761
v 5.633472 0.965229 2.825261
v 5.450609 0.888714 2.798898
v 5.460448 0.912815 2.788528
v 5.455710 0.891110 2.771450
v 5.585296 0.933169 2.705039
v 5.559014 0.925207 2.699460
v 5.563752 0.946911 2.716538
v 5.558855 0.782456 2.903903
v 5.580398 0.768713 2.892404
v 5.585136 0.790418 2.909482
v 5.693541 0.826911 2.810044
v 5.688440 0.824515 2.837493
v 5.683702 0.802810 2.820414
v 5.489135 0.764139 2.795181
v 5.494236 0.766536 2.767732
v 5.510678 0.750396 2.783681
v 5.623822 0.808594 2.701321
v 5.613983 0.784493 2.711691
v 5.597540 0.800633 2.695742
v 4.697848 1.015107 1.644795
v 4.708740 1.031872 1.668685
v 4.690891 1.045390 1.647027
v 4.785723 1.154098 1.681527
v 4.798218 1.174464 1.661539
v 4.767874 1.167616 1.659869
v 4.703121 1.026963 1.500358
v 4.696165 1.057245 1.502589
v 4.715616 1.047328 1.480369
v 4.803492 1.186319 1.517102
v 4.792599 1.169554 1.493212
v 4.773149 1.179471 1.515432
v 4.820633 0.937966 1.642947
v 4.850976 0.944813 1.644617
v 4.831525 0.954730 1.666836
v 4.921003 1.097322 1.659691
v 4.908509 1.076956 1.679679
v 4.927960 1.067039 1.657459
v 4.825907 0.949821 1.498510
v 4.838401 0.970186 1.478521
v 4.856250 0.956669 1.500179
v 4.926277 1.109177 1.515253
v 4.933234 1.078894 1.513022
v 4.915384 1.092412 1.491364
v 4.981706 0.806893 2.197063
v 4.977577 0.821305 2.219127
v 4.958141 0.818747 2.201037
v 4.940571 0.937528 2.242450
v 4.933458 0.958423 2.227471
v 4.921135 0.934970 2.224359
v 4.971880 0.828234 2.075124
v 4.948316 0.840088 2.079098
v 4.964767 0.849129 2.060145
v 4.923633 0.979764 2.105531
v 4.927761 0.965352 2.083467
v 4.911310 0.956311 2.102420
v 5.099837 0.845076 2.194227
v 5.112159 0.868529 2.197339
v 5.095708 0.859488 2.216291
v 5.051590 0.996605 2.224634
v 5.058703 0.975710 2.239614
v 5.075154 0.984752 2.220661
v 5.090012 0.866417 2.072288
v 5.082898 0.887312 2.057309
v 5.102334 0.889870 2.075400
v 5.041764 1.017946 2.102695
v 5.065329 1.006093 2.098722
v 5.045893 1.003534 2.080631
v 4.978417 0.933067 2.164648
v 4.998969 0.957613 2.162561
v 4.969666 0.960091 2.149735
v 5.054821 1.039368 2.050750
v 5.051238 1.039658 2.018871
v 5.025520 1.041845 2.037924
v 4.898969 0.853221 2.066579
v 4.890219 0.880244 2.051666
v 4.895385 0.853511 2.034699
v 4.971790 0.959811 1.920801
v 4.951239 0.935265 1.922888
v 4.946072 0.961999 1.939855
v 5.091878 0.836912 2.151019
v 5.117596 0.834725 2.131965
v 5.112430 0.861458 2.148932
v 5.164700 0.943502 2.005241
v 5.168283 0.943213 2.037121
v 5.173450 0.916479 2.020154
v 5.012431 0.757066 2.052949
v 5.008846 0.757355 2.021070
v 5.038147 0.754878 2.033896
v 5.085251 0.863656 1.907172
v 5.094002 0.836633 1.922085
v 5.064700 0.839110 1.909259
v 5.691830 0.799313 2.258459
v 5.687747 0.809315 2.287996
v 5.662784 0.803475 2.269779
v 5.616002 0.920497 2.350665
v 5.598289 0.944271 2.340166
v 5.591038 0.914657 2.332447
v 5.646967 0.844647 2.126670
v 5.617921 0.848809 2.137990
v 5.629256 0.868420 2.116171
v 5.553426 0.989605 2.208376
v 5.557510 0.979603 2.178840
v 5.546175 0.959991 2.200658
v 5.811313 0.883096 2.246606
v 5.818564 0.912709 2.254324
v 5.807230 0.893098 2.276143
v 5.717772 1.028054 2.328312
v 5.735485 1.004280 2.338811
v 5.746819 1.023892 2.316993
v 5.766450 0.928430 2.114817
v 5.748738 0.952203 2.104318
v 5.773702 0.958044 2.122535
v 5.672909 1.073388 2.196523
v 5.701956 1.069226 2.185204
v 5.676992 1.063386 2.166987
v 5.620395 0.955617 2.219854
v 5.637921 0.958803 2.245189
v 5.636657 0.981602 2.224266
v 5.776637 0.989279 2.270022
v 5.801249 0.995352 2.252231
v 5.775373 1.012079 2.249099
v 5.643721 0.965119 2.077893
v 5.659984 0.991104 2.082305
v 5.668333 0.971191 2.060102
v 5.824576 1.004854 2.110270
v 5.807049 1.001668 2.084935
v 5.798699 1.021580 2.107137
v 5.652038 0.815017 2.215643
v 5.677915 0.798290 2.218776
v 5.669565 0.818203 2.240978
v 5.832893 0.854752 2.248020
v 5.808280 0.848679 2.265811
v 5.816630 0.828767 2.243608
v 5.675365 0.824519 2.073682
v 5.699978 0.830591 2.055891
v 5.701241 0.807792 2.076814
v 5.856220 0.864254 2.106059
v 5.839957 0.838269 2.101647
v 5.838693 0.861068 2.080724
v 4.682914 0.736027 2.160665
v 4.696517 0.756174 2.170108
v 4.678673 0.760068 2.151492
v 4.766070 0.843065 2.121619
v 4.773597 0.849314 2.097445
v 4.748227 0.846959 2.103003
v 4.662920 0.690277 2.050002
v 4.658680 0.714318 2.040830
v 4.670448 0.696526 2.025828
v 4.753603 0.803564 1.986783
v 4.740002 0.783417 1.977340
v 4.728233 0.801209 1.992341
v 4.780390 0.664641 2.172565
v 4.805760 0.666996 2.167007
v 4.793992 0.684788 2.182009
v 4.871073 0.777928 2.109346
v 4.863545 0.771679 2.133520
v 4.875315 0.753887 2.118519
v 4.760396 0.618892 2.061903
v 4.767923 0.625141 2.037729
v 4.785766 0.621247 2.056345
v 4.851079 0.732179 1.998683
v 4.855320 0.708138 2.007856
v 4.837478 0.712032 1.989240
v 5.544828 0.936550 2.985724
v 5.533416 0.940776 3.015284
v 5.517702 0.922149 2.994595
v 5.403875 0.986463 3.072539
v 5.375933 0.996117 3.060372
v 5.388160 0.967837 3.051851
v 5.490420 0.954418 2.848366
v 5.463295 0.940017 2.857237
v 5.462480 0.964072 2.836199
v 5.321525 1.013985 2.923015
v 5.332938 1.009760 2.893455
v 5.333752 0.985705 2.914492
v 5.593872 1.077049 2.984574
v 5.581645 1.105330 2.993096
v 5.582460 1.081275 3.014134
v 5.424978 1.136616 3.059223
v 5.452918 1.126962 3.071390
v 5.452104 1.151018 3.050351
v 5.539464 1.094917 2.847216
v 5.511524 1.104571 2.835049
v 5.527237 1.123198 2.855738
v 5.370569 1.154485 2.921865
v 5.397695 1.168886 2.912994
v 5.381982 1.150259 2.892305
v 3.759807 0.714493 2.130851
v 3.753059 0.733154 2.156677
v 3.731029 0.729595 2.132955
v 3.708516 0.876721 2.176504
v 3.701733 0.901673 2.156701
v 3.686485 0.873162 2.152782
v 3.759694 0.735200 1.980651
v 3.730914 0.750302 1.982755
v 3.752910 0.760152 1.960849
v 3.701618 0.922381 2.006501
v 3.708367 0.903719 1.980676
v 3.686370 0.893869 2.002582
v 3.904737 0.758634 2.136826
v 3.919986 0.787145 2.140745
v 3.897989 0.777295 2.162652
v 3.846662 0.945814 2.162676
v 3.853445 0.920862 2.182479
v 3.875442 0.930712 2.160572
v 3.904623 0.779341 1.986627
v 3.897840 0.804293 1.966824
v 3.919871 0.807853 1.990546
v 3.846548 0.966522 2.012476
v 3.875327 0.951420 2.010373
v 3.853296 0.947860 1.986651
v 5.711054 1.073773 2.909424
v 5.728958 1.089996 2.912768
v 5.708762 1.096436 2.900703
v 5.790863 1.156440 2.844612
v 5.791766 1.160402 2.820562
v 5.770668 1.162880 2.832546
v 5.655091 1.033414 2.819247
v 5.652798 1.056076 2.810527
v 5.655993 1.037376 2.795198
v 5.735803 1.120043 2.730386
v 5.717899 1.103820 2.727041
v 5.714705 1.122521 2.742370
v 5.788050 0.991015 2.898679
v 5.809147 0.988537 2.886695
v 5.805953 1.007238 2.902024
v 5.868762 1.077644 2.809817
v 5.867859 1.073682 2.833867
v 5.871053 1.054982 2.818538
v 5.732086 0.950656 2.808503
v 5.732988 0.954618 2.784453
v 5.753184 0.948178 2.796519
v 5.812798 1.037285 2.719641
v 5.815090 1.014623 2.728362
v 5.794894 1.021062 2.716297
v 4.297711 0.742914 2.830920
v 4.281324 0.756805 2.842766
v 4.273781 0.740445 2.826114
v 4.197591 0.827695 2.811043
v 4.188541 0.835338 2.789561
v 4.190049 0.811334 2.794392
v 4.321865 0.722350 2.721209
v 4.297935 0.719880 2.716403
v 4.312815 0.729993 2.699726
v 4.212695 0.814774 2.679850
v 4.229082 0.800883 2.668004
v 4.214201 0.790769 2.684681
v 4.371523 0.830062 2.830834
v 4.370016 0.854066 2.826003
v 4.355136 0.843953 2.842680
v 4.262352 0.922486 2.789475
v 4.271403 0.914842 2.810958
v 4.286283 0.924955 2.794281
v 4.395677 0.809497 2.721123
v 4.386627 0.817141 2.699641
v 4.394170 0.833501 2.716292
v 4.286506 0.901921 2.679765
v 4.310436 0.904391 2.684570
v 4.302894 0.888030 2.667918
v 4.032488 0.799703 2.515896
v 4.033351 0.801553 2.545766
v 4.037645 0.826065 2.529119
v 4.125656 0.848677 2.638966
v 4.152833 0.861143 2.637408
v 4.129950 0.873189 2.622319
v 4.119106 0.834649 2.412440
v 4.124264 0.861011 2.425663
v 4.146283 0.847115 2.410882
v 4.239450 0.896089 2.533953
v 4.238587 0.894239 2.504082
v 4.216568 0.908135 2.518863
v 4.090832 0.673271 2.522038
v 4.113716 0.661225 2.537128
v 4.091696 0.675121 2.551909
v 4.211178 0.734710 2.643550
v 4.184000 0.722245 2.645109
v 4.206020 0.708349 2.630328
v 4.177451 0.708217 2.418583
v 4.204628 0.720683 2.417025
v 4.200334 0.696171 2.433672
v 4.297796 0.769657 2.540095
v 4.292638 0.743295 2.526872
v 4.296932 0.767807 2.510225
v 5.094436 0.932766 1.811666
v 5.100635 0.956350 1.819744
v 5.081255 0.953122 1.803193
v 5.129320 1.059300 1.766078
v 5.131837 1.066991 1.741696
v 5.109941 1.056073 1.749527
v 5.082313 0.880444 1.704814
v 5.069132 0.900801 1.696342
v 5.084828 0.888134 1.680433
v 5.119713 1.014669 1.634845
v 5.113514 0.991084 1.626767
v 5.097818 1.003751 1.642676
v 5.209900 0.901695 1.813779
v 5.231795 0.912613 1.805949
v 5.216099 0.925280 1.821858
v 5.247300 1.035920 1.743810
v 5.244784 1.028230 1.768191
v 5.260480 1.015563 1.752282
v 5.197777 0.849373 1.706928
v 5.200292 0.857063 1.682547
v 5.219672 0.860291 1.699098
v 5.235177 0.983598 1.636959
v 5.248357 0.963241 1.645431
v 5.228978 0.960014 1.628881
v 4.839536 0.984833 2.361051
v 4.858353 1.000168 2.376887
v 4.843169 1.013117 2.355867
v 4.964096 1.079283 2.349236
v 4.977400 1.087982 2.325000
v 4.948912 1.092232 2.328216
v 4.821388 0.962988 2.229148
v 4.825022 0.991271 2.223963
v 4.834693 0.971686 2.204912
v 4.959253 1.066137 2.193097
v 4.940435 1.050802 2.177262
v 4.930764 1.070386 2.196313
v 4.921355 0.877741 2.367531
v 4.949845 0.873492 2.364315
v 4.940173 0.893076 2.383366
v 5.059220 0.980890 2.331480
v 5.045915 0.972191 2.355715
v 5.055586 0.952607 2.336664
v 4.903207 0.855895 2.235627
v 4.916513 0.864594 2.211392
v 4.931697 0.851646 2.232412
v 5.041073 0.959044 2.199577
v 5.037439 0.930761 2.204761
v 5.022254 0.943709 2.183741
v 4.386689 1.029968 3.134316
v 4.410337 1.038481 3.143191
v 4.396478 1.053285 3.125894
v 4.516158 1.075029 3.089683
v 4.524657 1.077618 3.064553
v 4.502298 1.089833 3.072386
v 4.336822 1.010468 3.022379
v 4.346611 1.033786 3.013957
v 4.345322 1.013058 2.997249
v 4.474790 1.058119 2.952615
v 4.451143 1.049606 2.943740
v 4.452432 1.070334 2.960448
v 4.428068 0.913002 3.136258
v 4.450427 0.900787 3.128426
v 4.451716 0.921516 3.145133
v 4.566036 0.960653 3.066494
v 4.557537 0.958063 3.091624
v 4.556248 0.937335 3.074917
v 4.378201 0.893502 3.024321
v 4.386701 0.896092 2.999191
v 4.400560 0.881288 3.016488
v 4.516169 0.941153 2.954557
v 4.506381 0.917836 2.962980
v 4.492521 0.932640 2.945683
v 5.038214 0.720414 2.167027
v 5.034167 0.740194 2.180386
v 5.017552 0.732760 2.164425
v 5.007687 0.847428 2.158001
v 5.003690 0.860224 2.137843
v 4.991073 0.839994 2.142040
v 5.038376 0.697424 2.056697
v 5.017715 0.709769 2.054094
v 5.034379 0.710219 2.036539
v 5.003852 0.837234 2.027513
v 5.007900 0.817454 2.014155
v 4.991236 0.817003 2.031710
v 5.147758 0.746369 2.161781
v 5.160376 0.766600 2.157584
v 5.143712 0.766149 2.175139
v 5.113235 0.886179 2.132596
v 5.117233 0.873383 2.152755
v 5.133896 0.873834 2.135199
v 5.147922 0.723379 2.051451
v 5.143925 0.736175 2.031292
v 5.160539 0.743609 2.047254
v 5.113398 0.863189 2.022266
v 5.134059 0.850843 2.024869
v 5.117445 0.843409 2.008908
v 4.166674 0.850097 2.059783
v 4.166319 0.852196 2.087332
v 4.149862 0.868280 2.072037
v 4.182020 0.948240 2.171445
v 4.187144 0.975318 2.169448
v 4.165563 0.964325 2.156151
v 4.184715 0.932325 1.962524
v 4.167902 0.950508 1.974779
v 4.189839 0.959403 1.960527
v 4.205185 1.057546 2.072190
v 4.205541 1.055448 2.044641
v 4.183603 1.046553 2.058892
v 4.293064 0.826429 2.063216
v 4.314646 0.837422 2.076514
v 4.292707 0.828527 2.090765
v 4.313534 0.951650 2.172882
v 4.308409 0.924572 2.174879
v 4.330347 0.933466 2.160627
v 4.311104 0.908656 1.965957
v 4.316229 0.935734 1.963960
v 4.332686 0.919650 1.979255
v 4.331574 1.033878 2.075623
v 4.348387 1.015694 2.063368
v 4.331930 1.031779 2.048074
v 5.135578 0.830422 3.139717
v 5.114172 0.846464 3.149128
v 5.109067 0.825134 3.131153
v 5.018605 0.917433 3.092055
v 5.010979 0.922951 3.065306
v 5.013501 0.896103 3.074080
v 5.180941 0.795781 3.020683
v 5.154429 0.790493 3.012119
v 5.173315 0.801299 2.993933
v 5.056342 0.888309 2.946272
v 5.077748 0.872268 2.936861
v 5.058863 0.861462 2.955045
v 5.214547 0.936207 3.139026
v 5.212025 0.963054 3.130252
v 5.193141 0.952248 3.148437
v 5.089948 1.028735 3.064615
v 5.097574 1.023217 3.091364
v 5.116459 1.034023 3.073179
v 5.259910 0.901565 3.019992
v 5.252284 0.907083 2.993243
v 5.257389 0.928413 3.011218
v 5.135311 0.994093 2.945581
v 5.161822 0.999382 2.954145
v 5.156717 0.978052 2.936169
v 5.495059 0.965612 2.394801
v 5.514753 0.981208 2.413191
v 5.496525 0.996671 2.393242
v 5.620554 1.077848 2.391433
v 5.633002 1.091610 2.366433
v 5.602327 1.093312 2.371483
v 5.471204 0.959569 2.251968
v 5.472672 0.990629 2.250408
v 5.483652 0.973330 2.226967
v 5.609147 1.085567 2.223600
v 5.589454 1.069971 2.205209
v 5.578473 1.087270 2.228651
v 5.591203 0.857764 2.383306
v 5.621877 0.856062 2.378255
v 5.610897 0.873361 2.401696
v 5.729146 0.983763 2.354938
v 5.716699 0.970002 2.379938
v 5.727679 0.952703 2.356497
v 5.567348 0.851722 2.240473
v 5.579795 0.865483 2.215473
v 5.598022 0.850020 2.235422
v 5.705292 0.977720 2.212105
v 5.703824 0.946660 2.213664
v 5.685597 0.962124 2.193715
v 5.038730 0.675081 2.957241
v 5.041176 0.671647 2.983804
v 5.018231 0.681212 2.973537
v 5.026807 0.744999 3.084255
v 5.019996 0.770717 3.088207
v 5.003861 0.754565 3.073988
v 5.008260 0.771043 2.882807
v 4.987761 0.777174 2.899104
v 5.001449 0.796760 2.886760
v 4.989526 0.866679 3.013774
v 4.987080 0.870113 2.987210
v 4.973391 0.850526 2.999555
v 5.159323 0.708068 2.950403
v 5.175457 0.724221 2.964622
v 5.161768 0.704634 2.976966
v 5.140588 0.803704 3.081369
v 5.147398 0.777987 3.077417
v 5.161088 0.797573 3.065073
v 5.128852 0.804030 2.875970
v 5.122042 0.829748 2.879922
v 5.144987 0.820182 2.890188
v 5.110117 0.899666 3.006936
v 5.130617 0.893535 2.990639
v 5.107672 0.903100 2.980372
v 3.736579 0.802191 1.882213
v 3.709442 0.818351 1.884349
v 3.710479 0.791242 1.868035
v 3.612780 0.872976 1.787441
v 3.610553 0.873409 1.755866
v 3.613817 0.845867 1.771127
v 3.818577 0.750420 1.771242
v 3.792477 0.739472 1.757064
v 3.816350 0.750854 1.739667
v 3.692552 0.821639 1.644894
v 3.719689 0.805478 1.642758
v 3.695815 0.794096 1.660156
v 3.811754 0.928897 1.878650
v 3.808491 0.956440 1.863389
v 3.784617 0.945058 1.880786
v 3.685728 1.000116 1.752303
v 3.687956 0.999682 1.783878
v 3.711829 1.011064 1.766481
v 3.893753 0.877127 1.767679
v 3.891525 0.877560 1.736104
v 3.890489 0.904669 1.752418
v 3.767727 0.948345 1.641332
v 3.793828 0.959294 1.655510
v 3.794864 0.932185 1.639195
v 3.905092 0.880283 1.826961
v 3.887314 0.905630 1.826566
v 3.878550 0.880330 1.811017
v 3.830560 0.988719 1.723360
v 3.831097 0.988613 1.692402
v 3.821796 0.963419 1.707811
v 3.965377 0.796496 1.726355
v 3.938835 0.796543 1.710411
v 3.965913 0.796390 1.695397
v 3.891382 0.904826 1.591796
v 3.909159 0.879479 1.592191
v 3.882081 0.879632 1.607205
v 4.023078 0.963061 1.828721
v 4.032379 0.988255 1.813313
v 4.005301 0.988408 1.828326
v 3.949083 1.071391 1.694163
v 3.948547 1.071497 1.725121
v 3.975625 1.071344 1.710106
v 4.083363 0.879274 1.728115
v 4.083900 0.879168 1.697158
v 4.092664 0.904468 1.712706
v 4.009368 0.987604 1.593557
v 4.035910 0.987557 1.609500
v 4.027146 0.962257 1.593952
v 4.845741 0.846435 2.042157
v 4.840866 0.848133 2.066151
v 4.822479 0.847541 2.049905
v 4.780814 0.920093 2.131497
v 4.767445 0.940254 2.127354
v 4.762426 0.919500 2.115251
v 4.817778 0.907210 1.949534
v 4.794517 0.908316 1.957282
v 4.804410 0.927371 1.945391
v 4.739483 1.001029 2.034731
v 4.744357 0.999330 2.010737
v 4.734464 0.980276 2.022628
v 4.938834 0.911109 2.056489
v 4.943852 0.931863 2.068592
v 4.933959 0.912808 2.080483
v 4.860538 1.004928 2.141686
v 4.873907 0.984767 2.145829
v 4.883800 1.003822 2.133937
v 4.910871 0.971884 1.963866
v 4.897502 0.992046 1.959723
v 4.915890 0.992638 1.975969
v 4.832575 1.065704 2.049063
v 4.855837 1.064597 2.041314
v 4.837450 1.064005 2.025069
v 5.681016 0.743967 1.688019
v 5.699423 0.767127 1.684504
v 5.672149 0.767826 1.672537
v 5.748980 0.837377 1.575669
v 5.745626 0.835558 1.546122
v 5.721705 0.838077 1.563702
v 5.609381 0.661740 1.602326
v 5.600514 0.685600 1.586844
v 5.606028 0.659921 1.572779
v 5.673992 0.753332 1.460429
v 5.655583 0.730172 1.463944
v 5.650071 0.755850 1.478009
v 5.788944 0.657135 1.681115
v 5.812865 0.654617 1.663535
v 5.807352 0.680296 1.677600
v 5.853555 0.748727 1.539218
v 5.856909 0.750546 1.568765
v 5.862421 0.724867 1.554700
v 5.717310 0.574909 1.595422
v 5.713955 0.573090 1.565875
v 5.741230 0.572391 1.577843
v 5.781920 0.666500 1.453525
v 5.790786 0.642641 1.469007
v 5.763512 0.643340 1.457040
v 5.010043 0.851033 2.584774
v 5.014864 0.875131 2.591524
v 4.997756 0.870183 2.573294
v 5.047909 0.973400 2.533838
v 5.053127 0.979154 2.509565
v 5.030801 0.968451 2.515608
v 5.011349 0.790648 2.482656
v 4.999062 0.809798 2.471175
v 5.016567 0.796402 2.458383
v 5.054433 0.918769 2.407446
v 5.049612 0.894670 2.400697
v 5.032107 0.908066 2.413489
v 5.123985 0.823225 2.602675
v 5.146311 0.833928 2.596632
v 5.128805 0.847324 2.609424
v 5.167068 0.951346 2.527465
v 5.161851 0.945592 2.551738
v 5.179356 0.932196 2.538946
v 5.125291 0.762840 2.500556
v 5.130508 0.768594 2.476283
v 5.147617 0.773543 2.494513
v 5.168374 0.890961 2.425346
v 5.180662 0.871811 2.436827
v 5.163554 0.866863 2.418597
v 5.235558 0.781872 2.667332
v 5.214447 0.798130 2.668432
v 5.212411 0.774431 2.656374
v 5.137102 0.847362 2.584722
v 5.134717 0.846061 2.558192
v 5.135067 0.823663 2.572664
v 5.297201 0.724070 2.576380
v 5.274055 0.716628 2.565422
v 5.294816 0.722769 2.549850
v 5.196361 0.788259 2.467241
v 5.217472 0.772001 2.466141
v 5.196711 0.765861 2.481712
v 5.310598 0.880098 2.655767
v 5.310249 0.902496 2.641295
v 5.289487 0.896356 2.656867
v 5.209759 0.944287 2.546628
v 5.212143 0.945588 2.573158
v 5.232904 0.951728 2.557586
v 5.372242 0.822296 2.564815
v 5.369857 0.820994 2.538285
v 5.371892 0.844694 2.550344
v 5.271402 0.886485 2.455676
v 5.294549 0.893926 2.466635
v 5.292513 0.870227 2.454576
v 4.330456 0.955844 2.425612
v 4.311530 0.971801 2.424100
v 4.310225 0.949886 2.412562
v 4.252784 1.020822 2.337636
v 4.253865 1.019758 2.312881
v 4.251480 0.998908 2.326097
v 4.396316 0.899817 2.349102
v 4.376084 0.893859 2.336051
v 4.397396 0.898753 2.324347
v 4.319724 0.963731 2.236371
v 4.338650 0.947775 2.237883
v 4.317339 0.942880 2.249587
v 4.404900 1.044095 2.425068
v 4.407284 1.064945 2.411852
v 4.385974 1.060051 2.423556
v 4.328309 1.108008 2.312337
v 4.327228 1.109073 2.337091
v 4.348538 1.113967 2.325387
v 4.470758 0.988068 2.348557
v 4.471839 0.987004 2.323803
v 4.473144 1.008918 2.335341
v 4.394167 1.051981 2.235826
v 4.414398 1.057940 2.248877
v 4.413094 1.036025 2.237338
v 4.526684 0.708623 3.037368
v 4.545303 0.720712 3.052963
v 4.530271 0.735474 3.035871
v 4.644010 0.796580 3.031672
v 4.655375 0.807538 3.009609
v 4.628976 0.811342 3.014580
v 4.502805 0.704901 2.913399
v 4.506392 0.731751 2.911902
v 4.514170 0.715859 2.891336
v 4.631497 0.803816 2.885641
v 4.612877 0.791726 2.870044
v 4.605098 0.807619 2.890611
v 4.601778 0.607715 3.025933
v 4.628176 0.603912 3.020963
v 4.620397 0.619805 3.041529
v 4.730469 0.706630 2.998174
v 4.719103 0.695672 3.020238
v 4.726882 0.679779 2.999671
v 4.577899 0.603993 2.901965
v 4.589264 0.614951 2.879902
v 4.604297 0.600189 2.896995
v 4.706590 0.702908 2.874206
v 4.703003 0.676057 2.875704
v 4.687970 0.690819 2.858610
v 4.519633 0.797594 2.617032
v 4.521767 0.798070 2.644347
v 4.525012 0.821157 2.629946
v 4.610455 0.837305 2.727229
v 4.635262 0.848748 2.725091
v 4.613700 0.860392 2.712828
v 4.594270 0.833696 2.520077
v 4.599649 0.857259 2.532991
v 4.619078 0.845139 2.517939
v 4.709899 0.884850 2.628136
v 4.707765 0.884374 2.600820
v 4.688336 0.896494 2.615873
v 4.572907 0.681699 2.614888
v 4.594470 0.670055 2.627151
v 4.575042 0.682175 2.642204
v 4.688537 0.732853 2.722948
v 4.663730 0.721410 2.725086
v 4.683157 0.709290 2.710033
v 4.647544 0.717802 2.517933
v 4.672351 0.729245 2.515795
v 4.669106 0.706157 2.530196
v 4.763173 0.768955 2.625993
v 4.757795 0.745392 2.613078
v 4.761039 0.768479 2.598677
v 3.875527 0.709466 3.088898
v 3.847764 0.716110 3.086752
v 3.858015 0.692958 3.073394
v 3.763412 0.737055 2.985718
v 3.765553 0.736774 2.957171
v 3.773665 0.713903 2.972359
v 3.973962 0.686671 3.001993
v 3.956450 0.670163 2.986488
v 3.976102 0.686390 2.973446
v 3.863987 0.713979 2.870265
v 3.891751 0.707335 2.872412
v 3.872100 0.691108 2.885453
v 3.906466 0.839093 3.089941
v 3.898354 0.861964 3.074753
v 3.878703 0.845737 3.087795
v 3.796492 0.866402 2.958214
v 3.794352 0.866683 2.986760
v 3.814003 0.882910 2.973719
v 4.004901 0.816298 3.003036
v 4.007041 0.816017 2.974489
v 3.996789 0.839169 2.987848
v 3.894927 0.843607 2.871308
v 3.912439 0.860115 2.886813
v 3.922690 0.836963 2.873454
v 4.878360 0.974155 2.084141
v 4.902794 0.980566 2.101818
v 4.893950 1.000423 2.079951
v 5.040074 1.014238 2.076872
v 5.057343 1.018056 2.051617
v 5.031230 1.034095 2.055006
v 4.854774 0.965617 1.942816
v 4.870364 0.991885 1.938627
v 4.872042 0.969435 1.917561
v 5.033757 1.009518 1.910292
v 5.009323 1.003106 1.892615
v 5.007644 1.025557 1.913681
v 4.912998 0.834888 2.086773
v 4.939110 0.818849 2.083384
v 4.937431 0.841300 2.104450
v 5.091981 0.878789 2.054250
v 5.074711 0.874971 2.079505
v 5.076390 0.852521 2.058438
v 4.889411 0.826351 1.945449
v 4.906680 0.830168 1.920193
v 4.915524 0.810311 1.942059
v 5.068394 0.870251 1.912925
v 5.052804 0.843983 1.917114
v 5.043960 0.863840 1.895248
v 3.834968 0.695123 1.686738
v 3.836298 0.695755 1.711907
v 3.816321 0.705596 1.700088
v 3.829709 0.780087 1.793268
v 3.826376 0.805074 1.792816
v 3.809731 0.789929 1.781450
v 3.819618 0.775289 1.602402
v 3.800971 0.785763 1.615751
v 3.816285 0.800275 1.601950
v 3.811025 0.885240 1.708479
v 3.809695 0.884607 1.683311
v 3.794381 0.870095 1.697112
v 3.951140 0.710499 1.680210
v 3.967784 0.725644 1.691577
v 3.952471 0.711132 1.705378
v 3.942548 0.820450 1.786288
v 3.945880 0.795464 1.786739
v 3.961195 0.809977 1.772938
v 3.935790 0.790666 1.595873
v 3.932457 0.815652 1.595421
v 3.952435 0.805811 1.607239
v 3.927197 0.900617 1.701951
v 3.945844 0.890143 1.688601
v 3.925867 0.899984 1.676782
v 3.805460 0.946806 1.660939
v 3.784387 0.966356 1.663535
v 3.780322 0.942821 1.647331
v 3.710466 1.038367 1.577493
v 3.709084 1.040693 1.548758
v 3.706401 1.014831 1.561289
v 3.870278 0.890109 1.557802
v 3.845139 0.886124 1.544194
v 3.868895 0.892435 1.529067
v 3.773901 0.983995 1.445621
v 3.794975 0.964446 1.443025
v 3.771218 0.958134 1.458152
v 3.897043 1.045056 1.664485
v 3.899726 1.070917 1.651954
v 3.875970 1.064606 1.667081
v 3.800667 1.138942 1.552304
v 3.802050 1.136616 1.581039
v 3.825806 1.142928 1.565912
v 3.961861 0.988359 1.561348
v 3.960478 0.990685 1.532613
v 3.964544 1.014220 1.548817
v 3.865484 1.082245 1.449167
v 3.890623 1.086231 1.462775
v 3.886558 1.062695 1.446571
v 5.669661 0.933164 2.912641
v 5.681431 0.940331 2.941552
v 5.676161 0.963603 2.920189
v 5.801563 1.013255 2.991358
v 5.826285 1.028242 2.977577
v 5.796292 1.036528 2.969995
v 5.712298 0.958907 2.772109
v 5.718799 0.989346 2.779657
v 5.737021 0.973894 2.758328
v 5.868922 1.053985 2.837044
v 5.857152 1.046818 2.808133
v 5.838929 1.062270 2.829462
v 5.746995 0.805692 2.912754
v 5.776989 0.797406 2.920336
v 5.758766 0.812858 2.941665
v 5.903620 0.900770 2.977690
v 5.878897 0.885783 2.991470
v 5.897120 0.870331 2.970141
v 5.789632 0.831434 2.772222
v 5.814356 0.846421 2.758441
v 5.819625 0.823149 2.779804
v 5.946257 0.926512 2.837157
v 5.939756 0.896073 2.829609
v 5.934486 0.919345 2.808246
v 4.812634 0.887798 2.068484
v 4.799019 0.900598 2.094971
v 4.780367 0.888150 2.071564
v 4.695447 1.007274 2.120775
v 4.677598 1.026880 2.102126
v 4.676795 0.994826 2.097367
v 4.798694 0.910204 1.919902
v 4.766428 0.910555 1.922982
v 4.780845 0.929810 1.901253
v 4.663659 1.049286 1.953544
v 4.677273 1.036486 1.927057
v 4.662854 1.017231 1.948786
v 4.921498 0.992158 2.074008
v 4.922301 1.024213 2.078766
v 4.907883 1.004958 2.100495
v 4.786461 1.131240 2.107650
v 4.804310 1.111634 2.126299
v 4.818729 1.130889 2.104569
v 4.907557 1.014564 1.925426
v 4.889709 1.034171 1.906777
v 4.908362 1.046619 1.930185
v 4.772522 1.153646 1.959068
v 4.804789 1.153295 1.955988
v 4.786136 1.140847 1.932581
v 3.687441 0.983928 2.892189
v 3.694212 0.988407 2.921411
v 3.689676 1.012144 2.903085
v 3.793355 1.061022 2.990924
v 3.816702 1.078603 2.982819
v 3.788819 1.084759 2.972598
v 3.742003 1.027056 2.769318
v 3.744238 1.055271 2.780214
v 3.765349 1.044636 2.761213
v 3.871264 1.121731 2.859948
v 3.864493 1.117252 2.830726
v 3.843381 1.127886 2.849727
v 3.771868 0.870785 2.889966
v 3.799751 0.864629 2.900187
v 3.778640 0.875264 2.919188
v 3.901130 0.965459 2.980597
v 3.877783 0.947879 2.988702
v 3.898895 0.937244 2.969700
v 3.826430 0.913913 2.767095
v 3.849777 0.931493 2.758990
v 3.854314 0.907757 2.777316
v 3.955692 1.008587 2.857725
v 3.953456 0.980372 2.846829
v 3.948920 1.004108 2.828503
v 3.928356 1.009080 1.798181
v 3.898706 1.018707 1.801966
v 3.904997 0.994156 1.783424
v 3.790832 1.059064 1.711931
v 3.787711 1.061697 1.680794
v 3.797122 1.034513 1.693389
v 4.015688 0.986054 1.683225
v 3.992329 0.971130 1.668468
v 4.012568 0.988687 1.652088
v 3.875042 1.038671 1.565839
v 3.904693 1.029044 1.562053
v 3.884454 1.011487 1.578433
v 3.974271 1.147691 1.805299
v 3.964860 1.174875 1.792704
v 3.944621 1.157318 1.809084
v 3.833627 1.200308 1.687913
v 3.836746 1.197675 1.719049
v 3.856986 1.215232 1.702669
v 4.061603 1.124665 1.690343
v 4.058482 1.127298 1.659206
v 4.052192 1.151849 1.677748
v 3.920958 1.177282 1.572957
v 3.944318 1.192206 1.587713
v 3.950608 1.167655 1.569171
v 3.949056 0.697870 2.103837
v 3.967133 0.707311 2.124590
v 3.957757 0.725634 2.104024
v 4.087170 0.770060 2.125775
v 4.105559 0.779681 2.105381
v 4.077795 0.788383 2.105209
v 3.950084 0.698461 1.968388
v 3.958785 0.726226 1.968575
v 3.968472 0.708082 1.947994
v 4.106586 0.780273 1.969933
v 4.088510 0.770831 1.949179
v 4.078822 0.788975 1.969760
v 4.011808 0.577828 2.103788
v 4.039572 0.569126 2.103961
v 4.029885 0.587269 2.124542
v 4.168310 0.659639 2.105333
v 4.149921 0.650018 2.125727
v 4.159609 0.631875 2.105146
v 4.012836 0.578420 1.968340
v 4.031224 0.588041 1.947946
v 4.040600 0.569717 1.968512
v 4.169339 0.660231 1.969884
v 4.160637 0.632466 1.969697
v 4.151261 0.650790 1.949130
v 5.367963 0.651216 1.472002
v 5.367871 0.651627 1.501307
v 5.342958 0.646811 1.486640
v 5.298488 0.720318 1.596610
v 5.277503 0.740774 1.596257
v 5.273575 0.715502 1.581944
v 5.299189 0.717200 1.374373
v 5.274183 0.712796 1.389012
v 5.278203 0.737656 1.374020
v 5.208728 0.806758 1.498629
v 5.208820 0.806347 1.469324
v 5.204800 0.781487 1.484316
v 5.463207 0.748904 1.470931
v 5.467134 0.774175 1.485245
v 5.463114 0.749315 1.500236
v 5.372746 0.838462 1.595187
v 5.393731 0.818006 1.595540
v 5.397752 0.842866 1.580549
v 5.394432 0.814888 1.373303
v 5.373446 0.835344 1.372950
v 5.398359 0.840159 1.387616
v 5.303971 0.904446 1.497559
v 5.328976 0.908850 1.482920
v 5.304063 0.904035 1.468253
v 5.299798 0.826315 2.482955
v 5.303138 0.828360 2.506835
v 5.298283 0.848008 2.493570
v 5.370794 0.889639 2.572845
v 5.388009 0.906209 2.569018
v 5.365941 0.909287 2.559580
v 5.345473 0.874128 2.391755
v 5.343959 0.895821 2.402369
v 5.362688 0.890698 2.387929
v 5.433683 0.954022 2.477818
v 5.430345 0.951977 2.453939
v 5.411616 0.957100 2.468379
v 5.377427 0.744775 2.479085
v 5.399494 0.741698 2.488524
v 5.380765 0.746821 2.502965
v 5.465636 0.824670 2.565148
v 5.448422 0.808099 2.568975
v 5.467152 0.802977 2.554534
v 5.423102 0.792588 2.387885
v 5.440316 0.809159 2.384059
v 5.445170 0.789511 2.397323
v 5.511312 0.872483 2.473948
v 5.512826 0.850790 2.463333
v 5.507973 0.870437 2.450069
v 4.278727 0.589884 2.990048
v 4.278614 0.588546 3.021132
v 4.251810 0.591352 3.005584
v 4.225921 0.672118 3.127051
v 4.210027 0.698843 3.128143
v 4.199117 0.674924 3.111503
v 4.226779 0.682260 2.891319
v 4.199863 0.683729 2.906855
v 4.210885 0.708985 2.892411
v 4.158080 0.791220 3.029414
v 4.158193 0.792557 2.998329
v 4.147171 0.767300 3.012774
v 4.403244 0.663788 2.993681
v 4.414153 0.687707 3.010321
v 4.403131 0.662451 3.024765
v 4.334544 0.772747 3.131777
v 4.350439 0.746022 3.130684
v 4.361461 0.771279 3.116240
v 4.351296 0.756165 2.894952
v 4.335402 0.782890 2.896043
v 4.362206 0.780084 2.911591
v 4.282596 0.865124 3.033047
v 4.309513 0.863656 3.017510
v 4.282710 0.866461 3.001962
v 3.999185 0.675322 2.753886
v 3.972234 0.683991 2.751683
v 3.980657 0.660310 2.738470
v 3.890653 0.711016 2.651239
v 3.892821 0.710558 2.622929
v 3.899076 0.687335 2.638026
v 4.095035 0.645277 2.667952
v 4.076508 0.630264 2.652535
v 4.097203 0.644818 2.639643
v 3.988671 0.680512 2.536994
v 4.015622 0.671843 2.539199
v 3.994926 0.657289 2.552091
v 4.039583 0.801187 2.754939
v 4.033328 0.824409 2.739843
v 4.012633 0.809855 2.752736
v 3.933218 0.836422 2.623982
v 3.931051 0.836881 2.652292
v 3.951746 0.851435 2.639399
v 4.135433 0.771141 2.669005
v 4.137601 0.770682 2.640696
v 4.129179 0.794363 2.653908
v 4.029070 0.806376 2.538048
v 4.047597 0.821389 2.553464
v 4.056020 0.797707 2.540251
v 5.083025 0.626967 2.936201
v 5.088501 0.646101 2.950655
v 5.071663 0.648531 2.932889
v 5.122909 0.753846 2.932780
v 5.127885 0.767443 2.912895
v 5.106071 0.756276 2.915013
v 5.081378 0.608739 2.823164
v 5.070017 0.630303 2.819852
v 5.086355 0.622336 2.803279
v 5.126239 0.749215 2.799858
v 5.120763 0.730081 2.785403
v 5.104425 0.738048 2.801976
v 5.192229 0.592744 2.940129
v 5.214044 0.603912 2.938011
v 5.197707 0.611879 2.954584
v 5.237090 0.733221 2.916823
v 5.232114 0.719624 2.936708
v 5.248451 0.711657 2.920135
v 5.190584 0.574517 2.827092
v 5.195560 0.588113 2.807207
v 5.212398 0.585684 2.824973
v 5.235444 0.714993 2.803786
v 5.246806 0.693429 2.807098
v 5.229968 0.695858 2.789331
v 3.744549 0.820653 2.200906
v 3.748142 0.847856 2.202208
v 3.727858 0.837397 2.186917
v 3.764855 0.941075 2.116273
v 3.766339 0.942190 2.088866
v 3.744571 0.930615 2.100982
v 3.737609 0.734777 2.106401
v 3.720918 0.751521 2.092412
v 3.739092 0.735893 2.078994
v 3.759399 0.856315 1.994361
v 3.755805 0.829112 1.993060
v 3.737631 0.844740 2.006478
v 3.871144 0.803638 2.207070
v 3.892912 0.815213 2.194954
v 3.874737 0.830841 2.208372
v 3.892934 0.925176 2.095029
v 3.891450 0.924060 2.122437
v 3.909625 0.908432 2.109018
v 3.864204 0.717763 2.112566
v 3.865688 0.718878 2.085158
v 3.885971 0.729337 2.100449
v 3.885994 0.839300 2.000525
v 3.902684 0.822556 2.014514
v 3.882401 0.812097 1.999223
v 5.571241 0.777253 2.155464
v 5.561685 0.791121 2.180320
v 5.542842 0.786816 2.157343
v 5.500266 0.913649 2.207729
v 5.491166 0.937004 2.191200
v 5.481424 0.909345 2.184752
v 5.572742 0.808480 2.019231
v 5.544343 0.818043 2.021110
v 5.563641 0.831834 2.002702
v 5.492666 0.968231 2.054967
v 5.502223 0.954363 2.030111
v 5.482925 0.940572 2.048520
v 5.696789 0.836820 2.170501
v 5.706530 0.864480 2.176948
v 5.687232 0.850688 2.195357
v 5.616713 0.996571 2.206236
v 5.625814 0.973217 2.222766
v 5.645113 0.987008 2.204357
v 5.698289 0.868047 2.034268
v 5.689188 0.891402 2.017739
v 5.708031 0.895706 2.040715
v 5.618214 1.027798 2.070004
v 5.646612 1.018235 2.068125
v 5.627770 1.013930 2.045148
v 3.874590 0.753294 1.607086
v 3.876354 0.753280 1.638151
v 3.876986 0.780191 1.622545
v 3.968844 0.807573 1.735515
v 3.995177 0.824081 1.734028
v 3.969475 0.834484 1.719909
v 3.955469 0.807680 1.499929
v 3.957864 0.834577 1.515388
v 3.981802 0.824187 1.498441
v 4.076056 0.878466 1.626871
v 4.074293 0.878480 1.595805
v 4.050354 0.888870 1.612752
v 3.951311 0.630508 1.602675
v 3.977012 0.620105 1.616794
v 3.953074 0.630494 1.633740
v 4.071897 0.701295 1.729617
v 4.045564 0.684787 1.731104
v 4.069502 0.674398 1.714158
v 4.032190 0.684894 1.495518
v 4.058523 0.701401 1.494030
v 4.057892 0.674490 1.509636
v 4.152777 0.755680 1.622460
v 4.150382 0.728783 1.607001
v 4.151013 0.755695 1.591394
v 4.099269 0.812685 1.849084
v 4.100560 0.820005 1.872784
v 4.080789 0.826000 1.858993
v 4.093202 0.921612 1.927496
v 4.089676 0.945159 1.920415
v 4.073431 0.927607 1.913705
v 4.083415 0.866098 1.747756
v 4.064936 0.879412 1.757666
v 4.079890 0.889644 1.740676
v 4.073823 0.998571 1.819088
v 4.072532 0.991251 1.795387
v 4.057578 0.981019 1.812377
v 4.213575 0.826633 1.838552
v 4.229820 0.844185 1.845262
v 4.214866 0.833953 1.862253
v 4.203982 0.959107 1.909883
v 4.207508 0.935560 1.916964
v 4.222463 0.945792 1.899973
v 4.197721 0.880046 1.737224
v 4.194196 0.903592 1.730144
v 4.213966 0.897598 1.743935
v 4.188129 1.012519 1.808556
v 4.206609 0.999204 1.798646
v 4.186839 1.005199 1.784855
v 4.689310 0.612529 1.657520
v 4.689496 0.623664 1.679896
v 4.674794 0.632443 1.661690
v 4.707613 0.732233 1.717622
v 4.712930 0.754079 1.706707
v 4.692910 0.741012 1.699416
v 4.706205 0.647791 1.547930
v 4.691688 0.667705 1.552100
v 4.711522 0.669638 1.537015
v 4.729825 0.789341 1.597117
v 4.729639 0.778206 1.574741
v 4.709805 0.776274 1.589826
v 4.802999 0.589988 1.667793
v 4.823019 0.603055 1.675084
v 4.803184 0.601123 1.690169
v 4.826619 0.731538 1.716980
v 4.821301 0.709692 1.727895
v 4.841136 0.711624 1.712810
v 4.819893 0.625250 1.558204
v 4.825211 0.647097 1.547288
v 4.839913 0.638317 1.565494
v 4.843513 0.766800 1.607391
v 4.858030 0.746886 1.603221
v 4.843328 0.755666 1.585014
v 5.395545 0.836046 2.061896
v 5.372269 0.849253 2.073143
v 5.368890 0.827783 2.053899
v 5.264050 0.912053 2.022072
v 5.254451 0.917922 1.995312
v 5.260672 0.890582 2.002829
v 5.440570 0.811892 1.936786
v 5.413915 0.803628 1.928789
v 5.430971 0.817761 1.910025
v 5.299476 0.893768 1.870201
v 5.322752 0.880561 1.858956
v 5.305696 0.866427 1.877719
v 5.462811 0.953247 2.063476
v 5.456590 0.980588 2.055959
v 5.439535 0.966455 2.074723
v 5.321717 1.035123 1.996892
v 5.331316 1.029254 2.023653
v 5.348372 1.043387 2.004889
v 5.507835 0.929093 1.938366
v 5.498237 0.934963 1.911606
v 5.501616 0.956433 1.930849
v 5.366742 1.010969 1.871782
v 5.393396 1.019233 1.879779
v 5.390018 0.997762 1.860536
v 4.705175 0.666120 2.981806
v 4.695016 0.669078 3.009940
v 4.680442 0.651406 2.990478
v 4.573050 0.706032 3.067722
v 4.546159 0.714300 3.057141
v 4.558475 0.688360 3.048260
v 4.650097 0.683601 2.854367
v 4.625363 0.668887 2.863039
v 4.623206 0.691869 2.843786
v 4.491080 0.731780 2.929702
v 4.501240 0.728822 2.901568
v 4.503398 0.705840 2.920820
v 4.746049 0.799944 2.982497
v 4.733732 0.825884 2.991379
v 4.735890 0.802902 3.010631
v 4.587032 0.848124 3.057832
v 4.613924 0.839855 3.068413
v 4.611766 0.862837 3.049161
v 4.690971 0.817425 2.855058
v 4.664080 0.825693 2.844478
v 4.678654 0.843365 2.863940
v 4.531954 0.865604 2.930393
v 4.556687 0.880318 2.921721
v 4.542113 0.862646 2.902259
v 5.695134 1.041947 2.021205
v 5.685219 1.067146 2.019028
v 5.674696 1.047068 2.004055
v 5.666705 1.148025 1.923579
v 5.670995 1.147396 1.896761
v 5.656181 1.127947 1.908607
v 5.741896 0.956926 1.940092
v 5.721457 0.962047 1.922942
v 5.746186 0.956297 1.913273
v 5.717757 1.062375 1.815647
v 5.727672 1.037176 1.817825
v 5.702944 1.042926 1.827494
v 5.811174 1.089113 2.038663
v 5.825987 1.108562 2.026817
v 5.801258 1.114312 2.036486
v 5.787035 1.194562 1.914219
v 5.782744 1.195191 1.941037
v 5.807473 1.189441 1.931368
v 5.857935 1.004093 1.957550
v 5.862226 1.003464 1.930731
v 5.872748 1.023542 1.945703
v 5.833796 1.109541 1.833105
v 5.854234 1.104421 1.850255
v 5.843711 1.084342 1.835283
v 5.450063 0.628042 3.119456
v 5.428002 0.649830 3.128173
v 5.419667 0.625177 3.109197
v 5.332020 0.738701 3.054883
v 5.324921 0.743909 3.023901
v 5.323683 0.714047 3.035906
v 5.499314 0.573463 2.988775
v 5.468917 0.570598 2.978515
v 5.492216 0.578671 2.957793
v 5.374173 0.689330 2.893219
v 5.396233 0.667541 2.884502
v 5.372934 0.659468 2.905225
v 5.554195 0.735770 3.113709
v 5.555434 0.765632 3.101704
v 5.532136 0.757559 3.122426
v 5.429054 0.851637 3.018154
v 5.436152 0.846429 3.049136
v 5.459451 0.854502 3.028413
v 5.603447 0.681191 2.983027
v 5.596349 0.686399 2.952046
v 5.604685 0.711053 2.971022
v 5.478305 0.797058 2.887472
v 5.508702 0.799923 2.897732
v 5.500366 0.775270 2.878755
v 4.557338 0.725231 3.081246
v 4.551847 0.727162 3.107752
v 4.532145 0.720685 3.090251
v 4.468740 0.792135 3.177264
v 4.448985 0.809942 3.171875
v 4.449038 0.785658 3.159763
v 4.510378 0.777494 2.976253
v 4.485185 0.772948 2.985258
v 4.490623 0.795301 2.970863
v 4.402025 0.862205 3.066882
v 4.407516 0.860275 3.040376
v 4.402079 0.837920 3.054770
v 4.640091 0.820138 3.091475
v 4.640038 0.844422 3.103588
v 4.634602 0.822069 3.117981
v 4.531738 0.904849 3.182104
v 4.551494 0.887041 3.187494
v 4.556932 0.909395 3.173100
v 4.593132 0.872401 2.986483
v 4.573377 0.890208 2.981093
v 4.593079 0.896685 2.998594
v 4.484779 0.957111 3.077111
v 4.509972 0.961658 3.068107
v 4.490270 0.955181 3.050605
v 5.709938 0.942430 2.630280
v 5.736682 0.952673 2.637868
v 5.718788 0.969108 2.620914
v 5.846048 1.000421 2.568720
v 5.852528 1.004683 2.540127
v 5.828154 1.016856 2.551766
v 5.643231 0.922742 2.511181
v 5.652081 0.949420 2.501815
v 5.649711 0.927004 2.482588
v 5.785821 0.984995 2.421027
v 5.759077 0.974752 2.413440
v 5.761446 0.997167 2.432667
v 5.761042 0.814545 2.622799
v 5.785415 0.802373 2.611160
v 5.787785 0.824788 2.630386
v 5.903631 0.876798 2.532645
v 5.897151 0.872536 2.561239
v 5.894781 0.850121 2.542012
v 5.694335 0.794857 2.503700
v 5.700815 0.799119 2.475106
v 5.718709 0.782685 2.492060
v 5.836924 0.857110 2.413546
v 5.828074 0.830433 2.422913
v 5.810180 0.846867 2.405959
v 3.843973 1.063487 2.162634
v 3.847451 1.063822 2.189300
v 3.851503 1.086190 2.174928
v 3.940994 1.096144 2.265978
v 3.965933 1.105628 2.262606
v 3.945045 1.118512 2.251606
v 3.914619 1.093599 2.063756
v 3.922149 1.116302 2.076050
v 3.939559 1.103082 2.060384
v 4.036580 1.135740 2.163728
v 4.033101 1.135404 2.137062
v 4.015692 1.148624 2.152728
v 3.887943 0.946341 2.158374
v 3.908830 0.933457 2.169374
v 3.891420 0.946677 2.185040
v 4.009902 0.988482 2.258346
v 3.984963 0.978999 2.261718
v 4.002373 0.965779 2.246052
v 3.958589 0.976453 2.059496
v 3.983528 0.985937 2.056124
v 3.979477 0.963569 2.070496
v 4.080549 1.018594 2.159467
v 4.073019 0.995891 2.147174
v 4.077071 1.018259 2.132802
v 4.349866 1.028858 2.519328
v 4.325947 1.035425 2.518401
v 4.333849 1.015523 2.505847
v 4.250919 1.059031 2.433752
v 4.252046 1.059635 2.408963
v 4.258821 1.039129 2.421198
v 4.432311 1.009232 2.440781
v 4.416293 0.995897 2.427301
v 4.433437 1.009837 2.415993
v 4.334491 1.040009 2.330417
v 4.358410 1.033442 2.331344
v 4.341265 1.019503 2.342652
v 4.380290 1.140256 2.523427
v 4.373515 1.160762 2.511192
v 4.356371 1.146823 2.522500
v 4.282470 1.171033 2.413062
v 4.281344 1.170429 2.437851
v 4.298488 1.184368 2.426543
v 4.462734 1.120630 2.444880
v 4.463861 1.121234 2.420092
v 4.455959 1.141136 2.432645
v 4.364914 1.151407 2.334516
v 4.380932 1.164742 2.347996
v 4.388833 1.144840 2.335443
v 5.359613 0.823717 2.926388
v 5.346770 0.829610 2.949804
v 5.334351 0.814252 2.930886
v 5.234990 0.882342 2.980375
v 5.213875 0.892468 2.966247
v 5.222570 0.866984 2.961458
v 5.332384 0.837650 2.802797
v 5.307122 0.828185 2.807295
v 5.311269 0.847776 2.788668
v 5.186646 0.906401 2.842656
v 5.199489 0.900508 2.819239
v 5.195341 0.880917 2.837867
v 5.414146 0.938762 2.927342
v 5.405451 0.964246 2.932131
v 5.401303 0.944656 2.950759
v 5.268408 1.007514 2.967201
v 5.289523 0.997388 2.981330
v 5.293670 1.016978 2.962703
v 5.386918 0.952695 2.803751
v 5.365803 0.962821 2.789623
v 5.378222 0.978179 2.808540
v 5.241179 1.021447 2.843611
v 5.266441 1.030911 2.839112
v 5.254022 1.015553 2.820194
v 4.594832 0.697977 2.521122
v 4.575754 0.715634 2.532097
v 4.567926 0.696674 2.512720
v 4.489583 0.801632 2.482758
v 4.482483 0.810100 2.456794
v 4.481755 0.782672 2.463381
v 4.634266 0.667729 2.399527
v 4.607361 0.666426 2.391125
v 4.627168 0.676197 2.373563
v 4.521918 0.779852 2.335199
v 4.540997 0.762195 2.324224
v 4.521190 0.752424 2.341786
v 4.685799 0.792554 2.527096
v 4.686528 0.819982 2.520509
v 4.666720 0.810211 2.538071
v 4.573450 0.904677 2.462769
v 4.580549 0.896209 2.488732
v 4.600356 0.905980 2.471170
v 4.725234 0.762306 2.405501
v 4.718134 0.770774 2.379537
v 4.725962 0.789734 2.398914
v 4.612885 0.874429 2.341173
v 4.639791 0.875732 2.349575
v 4.631963 0.856772 2.330198
v 4.273753 0.677781 2.208090
v 4.271780 0.684651 2.237999
v 4.249196 0.692867 2.218813
v 4.251663 0.804828 2.313145
v 4.247524 0.834465 2.306064
v 4.229079 0.813044 2.293959
v 4.266625 0.752726 2.086326
v 4.242068 0.767812 2.097049
v 4.262486 0.782363 2.079245
v 4.240396 0.909410 2.184300
v 4.242369 0.902540 2.154391
v 4.221951 0.887989 2.172195
v 4.415311 0.698634 2.212638
v 4.433757 0.720055 2.224743
v 4.413338 0.705504 2.242547
v 4.389081 0.855318 2.310612
v 4.393220 0.825680 2.317693
v 4.413639 0.840231 2.299889
v 4.408183 0.773579 2.090874
v 4.404045 0.803216 2.083793
v 4.426629 0.795000 2.102979
v 4.381954 0.930263 2.188848
v 4.406511 0.915177 2.178125
v 4.383926 0.923393 2.158939
v 4.614213 1.000060 1.638320
v 4.621258 1.018305 1.655352
v 4.603804 1.023776 1.636966
v 4.665171 1.130464 1.647038
v 4.671466 1.146291 1.627480
v 4.647717 1.135935 1.628652
v 4.611739 0.992101 1.517872
v 4.601329 1.015817 1.516519
v 4.618032 1.007928 1.498315
v 4.668991 1.138332 1.507033
v 4.661945 1.120087 1.490001
v 4.645242 1.127976 1.508205
v 4.726652 0.956082 1.638916
v 4.750401 0.966438 1.637744
v 4.733698 0.974327 1.655948
v 4.783904 1.102313 1.628077
v 4.777611 1.086486 1.647634
v 4.794313 1.078597 1.629430
v 4.724177 0.948123 1.518469
v 4.730472 0.963950 1.498911
v 4.747926 0.958479 1.517296
v 4.781430 1.094354 1.507629
v 4.791839 1.070638 1.508983
v 4.774384 1.076109 1.490597
v 4.955604 0.907340 3.122671
v 4.958365 0.913939 3.147178
v 4.944187 0.928358 3.131595
v 4.994830 1.011556 3.204333
v 5.003146 1.034612 3.197188
v 4.980652 1.025975 3.188750
v 4.973891 0.961514 3.018478
v 4.962474 0.982532 3.027402
v 4.982207 0.984569 3.011333
v 5.021432 1.088786 3.092995
v 5.018672 1.082187 3.068487
v 4.998938 1.080150 3.084557
v 5.067235 0.866579 3.121069
v 5.089730 0.875215 3.129507
v 5.069996 0.873177 3.145576
v 5.114776 0.993850 3.195586
v 5.106460 0.970794 3.202731
v 5.126194 0.972832 3.186662
v 5.085522 0.920752 3.016876
v 5.093838 0.943808 3.009731
v 5.108016 0.929389 3.025314
v 5.133063 1.048025 3.091393
v 5.144480 1.027006 3.082469
v 5.130301 1.041426 3.066886
v 5.176245 0.895399 1.879618
v 5.175917 0.901390 1.904122
v 5.154234 0.898356 1.891586
v 5.126984 0.986893 1.968059
v 5.112448 1.006876 1.962978
v 5.105302 0.983858 1.955523
v 5.129478 0.941459 1.782230
v 5.107468 0.944416 1.794199
v 5.114942 0.961443 1.777150
v 5.065681 1.052936 1.865590
v 5.066010 1.046945 1.841086
v 5.058535 1.029918 1.858135
v 5.272222 0.961436 1.864761
v 5.279367 0.984453 1.872216
v 5.271893 0.967427 1.889265
v 5.208423 1.072912 1.948121
v 5.222960 1.052929 1.953202
v 5.230434 1.069956 1.936153
v 5.225455 1.007496 1.767374
v 5.210918 1.027479 1.762293
v 5.232600 1.030513 1.774829
v 5.161657 1.118972 1.850733
v 5.183668 1.116015 1.838765
v 5.161986 1.112981 1.826229
v 4.309117 0.765239 2.330026
v 4.288501 0.775653 2.343252
v 4.284335 0.757325 2.324406
v 4.183490 0.832870 2.310823
v 4.172206 0.839838 2.287746
v 4.179324 0.814543 2.291977
v 4.339840 0.753896 2.210526
v 4.315057 0.745983 2.204906
v 4.328556 0.760864 2.187450
v 4.202928 0.828495 2.168247
v 4.223545 0.818082 2.155021
v 4.210046 0.803200 2.172477
v 4.367269 0.874556 2.334600
v 4.360151 0.899851 2.330370
v 4.346652 0.884970 2.347826
v 4.230357 0.949155 2.292320
v 4.241641 0.942187 2.315397
v 4.255140 0.957069 2.297941
v 4.397992 0.863213 2.215101
v 4.386708 0.870181 2.192024
v 4.390874 0.888509 2.210870
v 4.261079 0.937813 2.172821
v 4.285863 0.945726 2.178441
v 4.281697 0.927399 2.159595
v 4.962846 0.684131 3.147500
v 4.952821 0.705942 3.158300
v 4.938583 0.692051 3.141060
v 4.904219 0.809696 3.114836
v 4.899480 0.819404 3.090832
v 4.889981 0.795805 3.097595
v 4.980252 0.644290 3.032931
v 4.955988 0.652210 3.026491
v 4.975513 0.653998 3.008927
v 4.916885 0.779563 2.976264
v 4.926911 0.757752 2.965463
v 4.907387 0.755964 2.983027
v 5.073982 0.735744 3.146435
v 5.083480 0.759343 3.139672
v 5.063956 0.757555 3.157235
v 5.010616 0.871017 3.089767
v 5.015354 0.861310 3.113772
v 5.034879 0.863098 3.096208
v 5.091387 0.695903 3.031867
v 5.086648 0.705611 3.007863
v 5.100886 0.719502 3.025103
v 5.028021 0.831176 2.975199
v 5.052285 0.823256 2.981639
v 5.038047 0.809365 2.964398
v 4.525497 0.814099 2.694747
v 4.531360 0.829790 2.716814
v 4.513656 0.838984 2.697590
v 4.574758 0.949973 2.734320
v 4.582079 0.970791 2.717571
v 4.557055 0.959166 2.715096
v 4.530295 0.830978 2.566975
v 4.518454 0.855862 2.569818
v 4.537616 0.851797 2.550227
v 4.586878 0.987670 2.589799
v 4.581014 0.971979 2.567733
v 4.561852 0.976045 2.587324
v 4.646853 0.770454 2.693539
v 4.671878 0.782079 2.696015
v 4.652716 0.786144 2.715606
v 4.703434 0.927145 2.716363
v 4.696114 0.906327 2.733112
v 4.715276 0.902261 2.713521
v 4.651651 0.787332 2.565767
v 4.658971 0.808151 2.549019
v 4.676676 0.798957 2.568243
v 4.708233 0.944024 2.588591
v 4.720074 0.919140 2.585749
v 4.702370 0.928333 2.566524
v 5.279519 0.936872 1.898479
v 5.286615 0.961111 1.914941
v 5.267215 0.963622 1.892000
v 5.336686 1.089129 1.886607
v 5.344799 1.103778 1.861537
v 5.317285 1.091639 1.863666
v 5.282870 0.905302 1.761766
v 5.270566 0.932052 1.755287
v 5.290984 0.919952 1.736697
v 5.348150 1.072209 1.724824
v 5.341054 1.047969 1.708362
v 5.320636 1.060070 1.726953
v 5.410592 0.888776 1.912797
v 5.438106 0.900915 1.910669
v 5.417688 0.913016 1.929259
v 5.475872 1.055683 1.875856
v 5.467758 1.041033 1.900925
v 5.488175 1.028933 1.882335
v 5.413942 0.857207 1.776085
v 5.422057 0.871856 1.751015
v 5.441456 0.869346 1.773956
v 5.479223 1.024114 1.739143
v 5.491526 0.997363 1.745622
v 5.472126 0.999874 1.722681
v 3.990942 0.851546 2.091152
v 3.985681 0.873328 2.111292
v 3.965348 0.867392 2.089865
v 3.953731 1.009694 2.103828
v 3.949286 1.029338 2.081421
v 3.933399 1.003758 2.082402
v 3.993628 0.844510 1.951097
v 3.968035 0.860355 1.949810
v 3.989183 0.864154 1.928690
v 3.951973 1.022302 1.941366
v 3.957233 1.000520 1.921226
v 3.936086 0.996721 1.942346
v 4.127485 0.883592 2.092161
v 4.143372 0.909173 2.091181
v 4.122224 0.905374 2.112301
v 4.085831 1.061384 2.082430
v 4.090275 1.041740 2.104837
v 4.111423 1.045539 2.083717
v 4.130171 0.876556 1.952106
v 4.125727 0.896200 1.929699
v 4.146059 0.902136 1.951125
v 4.088517 1.054348 1.942375
v 4.114109 1.038503 1.943662
v 4.093778 1.032566 1.922235
v 4.852703 0.970129 1.748471
v 4.853294 0.999330 1.758523
v 4.831771 0.990411 1.738242
v 4.859152 1.128460 1.695518
v 4.860340 1.138485 1.666325
v 4.837628 1.119540 1.675236
v 4.854667 0.907005 1.619281
v 4.833735 0.927287 1.609053
v 4.855855 0.917030 1.590089
v 4.862304 1.075361 1.537136
v 4.861712 1.046159 1.527083
v 4.839592 1.056416 1.546047
v 4.996370 0.965727 1.752806
v 5.019082 0.984672 1.743894
v 4.996962 0.994929 1.762859
v 5.004007 1.134084 1.670660
v 5.002819 1.124058 1.699853
v 5.024939 1.113801 1.680888
v 4.998334 0.902603 1.623616
v 4.999522 0.912628 1.594424
v 5.021046 0.921548 1.614705
v 5.005971 1.070959 1.541471
v 5.026903 1.050677 1.551699
v 5.005380 1.041758 1.531418
v 4.307165 0.984848 1.488126
v 4.323207 1.003683 1.497150
v 4.303505 1.009881 1.480811
v 4.393239 1.090015 1.445452
v 4.398471 1.097406 1.420722
v 4.373537 1.096213 1.429112
v 4.271584 0.947176 1.377017
v 4.267923 0.972209 1.369702
v 4.276816 0.954567 1.352288
v 4.362890 1.059734 1.309613
v 4.346848 1.040899 1.300590
v 4.337955 1.058541 1.318004
v 4.401292 0.906375 1.484589
v 4.426227 0.907568 1.476200
v 4.417334 0.925210 1.493613
v 4.492599 1.018933 1.417186
v 4.487366 1.011542 1.441915
v 4.496259 0.993900 1.424501
v 4.365710 0.868703 1.373481
v 4.370943 0.876094 1.348751
v 4.390644 0.869896 1.365091
v 4.457016 0.981261 1.306077
v 4.460677 0.956228 1.313392
v 4.440975 0.962426 1.297053
v 4.735373 1.078430 1.437751
v 4.745500 1.082991 1.463703
v 4.742497 1.104552 1.445733
v 4.853888 1.138884 1.512656
v 4.876688 1.151303 1.501576
v 4.850885 1.160445 1.494687
v 4.777088 1.104299 1.315853
v 4.784213 1.130421 1.323835
v 4.799889 1.116718 1.304774
v 4.918404 1.177172 1.379678
v 4.908277 1.172611 1.353727
v 4.892601 1.186314 1.372789
v 4.796858 0.962347 1.434158
v 4.822659 0.953205 1.441048
v 4.806984 0.966908 1.460109
v 4.938172 1.035220 1.497983
v 4.915372 1.022801 1.509063
v 4.931048 1.009098 1.490002
v 4.838573 0.988216 1.312260
v 4.861372 1.000635 1.301180
v 4.864375 0.979073 1.319150
v 4.979888 1.061088 1.376085
v 4.972764 1.034966 1.368103
v 4.969761 1.056528 1.350134
v 4.318493 0.787901 1.456345
v 4.336015 0.800430 1.478737
v 4.324903 0.818300 1.455878
v 4.457109 0.879483 1.481670
v 4.476374 0.890970 1.460169
v 4.445996 0.897353 1.458811
v 4.324232 0.784471 1.311856
v 4.330641 0.814870 1.311389
v 4.343497 0.795958 1.290355
v 4.482112 0.887540 1.315679
v 4.464591 0.875011 1.293287
v 4.451735 0.893924 1.314322
v 4.397393 0.666820 1.462353
v 4.427771 0.660436 1.463711
v 4.414915 0.679348 1.484745
v 4.555274 0.769889 1.466176
v 4.536008 0.758402 1.487678
v 4.548865 0.739490 1.466643
v 4.403131 0.663390 1.317864
v 4.422396 0.674877 1.296362
v 4.433508 0.657006 1.319222
v 4.561012 0.766459 1.321687
v 4.554603 0.736060 1.322154
v 4.543490 0.753930 1.299295
v 4.763432 0.744037 2.277976
v 4.749442 0.747097 2.306150
v 4.737884 0.726765 2.284893
v 4.612809 0.777087 2.351754
v 4.585292 0.783137 2.337434
v 4.601252 0.756754 2.330497
v 4.718903 0.753881 2.138090
v 4.693355 0.736608 2.145007
v 4.691385 0.759931 2.123770
v 4.540762 0.792981 2.197548
v 4.554752 0.789921 2.169374
v 4.556722 0.766598 2.190611
v 4.794996 0.887743 2.278039
v 4.779037 0.914126 2.284976
v 4.781006 0.890803 2.306214
v 4.616856 0.926843 2.337498
v 4.644373 0.920793 2.351818
v 4.642403 0.944116 2.330581
v 4.750466 0.897586 2.138154
v 4.722949 0.903637 2.123834
v 4.734507 0.923969 2.145091
v 4.572326 0.936686 2.197613
v 4.597874 0.953959 2.190695
v 4.586316 0.933626 2.169438
v 4.932201 1.004272 2.683891
v 4.958481 1.012234 2.689470
v 4.942039 1.028373 2.673521
v 5.061786 1.046330 2.617480
v 5.066888 1.048728 2.590032
v 5.045344 1.062470 2.601531
v 4.862482 0.985955 2.575168
v 4.872321 1.010056 2.564798
v 4.867583 0.988352 2.547719
v 4.997168 1.030410 2.481309
v 4.970887 1.022449 2.475730
v 4.975625 1.044153 2.492808
v 4.970727 0.879698 2.680173
v 4.992270 0.865955 2.668674
v 4.997008 0.887659 2.685752
v 5.105414 0.924153 2.586314
v 5.100313 0.921756 2.613763
v 5.095574 0.900052 2.596684
v 4.901008 0.861381 2.571451
v 4.906109 0.863778 2.544002
v 4.922551 0.847638 2.559951
v 5.035695 0.905836 2.477592
v 5.025855 0.881735 2.487962
v 5.009413 0.897875 2.472012
v 4.109720 1.112349 1.421065
v 4.120612 1.129114 1.444955
v 4.102763 1.142632 1.423297
v 4.197597 1.251339 1.457798
v 4.210090 1.271705 1.437809
v 4.179748 1.264857 1.436139
v 4.114994 1.124204 1.276628
v 4.108037 1.154487 1.278859
v 4.127489 1.144570 1.256640
v 4.215364 1.283560 1.293372
v 4.204472 1.266796 1.269482
v 4.185020 1.276712 1.291702
v 4.232505 1.035207 1.419217
v 4.262850 1.042055 1.420887
v 4.243398 1.051972 1.443106
v 4.332876 1.194563 1.435961
v 4.320382 1.174197 1.455949
v 4.339833 1.164281 1.433729
v 4.237780 1.047062 1.274779
v 4.250274 1.067428 1.254791
v 4.268122 1.053910 1.276449
v 4.338150 1.206418 1.291523
v 4.345106 1.176136 1.289292
v 4.327257 1.189654 1.267634
v 4.393578 0.904135 1.973333
v 4.389449 0.918547 1.995398
v 4.370014 0.915988 1.977307
v 4.352443 1.034769 2.018720
v 4.345330 1.055664 2.003741
v 4.333008 1.032211 2.000629
v 4.383752 0.925476 1.851394
v 4.360188 0.937329 1.855367
v 4.376639 0.946370 1.836415
v 4.335505 1.077005 1.881801
v 4.339633 1.062593 1.859737
v 4.323183 1.053552 1.878690
v 4.511710 0.942317 1.970497
v 4.524032 0.965770 1.973609
v 4.507582 0.956729 1.992561
v 4.463462 1.093847 2.000905
v 4.470576 1.072952 2.015884
v 4.487027 1.081993 1.996931
v 4.501884 0.963658 1.848558
v 4.494771 0.984553 1.833579
v 4.514207 0.987111 1.851670
v 4.453637 1.115188 1.878965
v 4.477201 1.103334 1.874992
v 4.457766 1.100776 1.856901
v 4.390290 1.030309 1.940918
v 4.410841 1.054855 1.938831
v 4.381540 1.057332 1.926005
v 4.466695 1.136609 1.827020
v 4.463110 1.136899 1.795141
v 4.437393 1.139087 1.814194
v 4.310842 0.950463 1.842848
v 4.302091 0.977486 1.827935
v 4.307258 0.950752 1.810969
v 4.383663 1.057053 1.697071
v 4.363111 1.032507 1.699158
v 4.357945 1.059240 1.716125
v 4.503751 0.934154 1.927289
v 4.529469 0.931966 1.908235
v 4.524302 0.958700 1.925202
v 4.576571 1.040744 1.781512
v 4.580156 1.040454 1.813391
v 4.585322 1.013721 1.796425
v 4.424303 0.854307 1.829219
v 4.420720 0.854597 1.797340
v 4.450020 0.852120 1.810166
v 4.497124 0.960897 1.683442
v 4.505874 0.933874 1.698355
v 4.476573 0.936352 1.685529
v 5.103703 0.896554 2.034729
v 5.099619 0.906556 2.064266
v 5.074656 0.900716 2.046049
v 5.027874 1.017739 2.126935
v 5.010162 1.041512 2.116436
v 5.002912 1.011899 2.108717
v 5.058840 0.941889 1.902940
v 5.029794 0.946050 1.914260
v 5.041128 0.965662 1.892441
v 4.965299 1.086846 1.984646
v 4.969383 1.076844 1.955110
v 4.958048 1.057233 1.976928
v 5.223186 0.980338 2.022876
v 5.230436 1.009951 2.030595
v 5.219102 0.990339 2.052413
v 5.129645 1.125295 2.104583
v 5.147357 1.101521 2.115081
v 5.158691 1.121133 2.093263
v 5.178323 1.025671 1.891087
v 5.160611 1.049445 1.880588
v 5.185574 1.055285 1.898805
v 5.084782 1.170629 1.972793
v 5.113828 1.166467 1.961474
v 5.088866 1.160627 1.943256
v 5.032266 1.052859 1.996124
v 5.049793 1.056044 2.021459
v 5.048530 1.078844 2.000536
v 5.188509 1.086521 2.046292
v 5.213122 1.092593 2.028501
v 5.187246 1.109320 2.025369
v 5.055593 1.062361 1.854163
v 5.071856 1.088346 1.858575
v 5.080205 1.068433 1.836372
v 5.236448 1.102095 1.886540
v 5.218921 1.098909 1.861205
v 5.210572 1.118822 1.883407
v 5.063911 0.912259 1.991913
v 5.089787 0.895532 1.995046
v 5.081439 0.915445 2.017248
v 5.244766 0.951994 2.024290
v 5.220154 0.945921 2.042081
v 5.228503 0.926008 2.019878
v 5.087238 0.921760 1.849952
v 5.111850 0.927833 1.832161
v 5.113114 0.905034 1.853084
v 5.268093 0.961495 1.882328
v 5.251829 0.935510 1.877917
v 5.250566 0.958309 1.856994
v 4.094787 0.833268 1.936935
v 4.108388 0.853415 1.946378
v 4.090547 0.857309 1.927762
v 4.177943 0.940307 1.897889
v 4.185471 0.946556 1.873716
v 4.160100 0.944200 1.879273
v 4.074793 0.787519 1.826272
v 4.070552 0.811560 1.817099
v 4.082321 0.793768 1.802098
v 4.165476 0.900806 1.763053
v 4.151875 0.880659 1.753609
v 4.140106 0.898451 1.768611
v 4.192263 0.761883 1.948835
v 4.217634 0.764238 1.943277
v 4.205864 0.782030 1.958279
v 4.282947 0.875170 1.885616
v 4.275418 0.868921 1.909790
v 4.287187 0.851129 1.894788
v 4.172268 0.716133 1.838173
v 4.179797 0.722382 1.813999
v 4.197639 0.718488 1.832615
v 4.262951 0.829421 1.774953
v 4.267193 0.805380 1.784126
v 4.249350 0.809273 1.765510
v 4.956700 1.033792 2.761993
v 4.945289 1.038017 2.791553
v 4.929574 1.019390 2.770864
v 4.815746 1.083705 2.848809
v 4.787806 1.093359 2.836642
v 4.800033 1.065078 2.828120
v 4.902293 1.051660 2.624636
v 4.875167 1.037259 2.633507
v 4.874352 1.061314 2.612469
v 4.733398 1.111227 2.699285
v 4.744810 1.107001 2.669724
v 4.745625 1.082947 2.690763
v 5.005745 1.174291 2.760843
v 4.993518 1.202571 2.769366
v 4.994332 1.178516 2.790404
v 4.836850 1.233858 2.835493
v 4.864791 1.224204 2.847659
v 4.863976 1.248259 2.826621
v 4.951337 1.192159 2.623486
v 4.923396 1.201813 2.611319
v 4.939109 1.220440 2.632008
v 4.782442 1.251726 2.698135
v 4.809568 1.266127 2.689264
v 4.793854 1.247501 2.668575
v 3.171680 0.811734 1.907121
v 3.164932 0.830396 1.932947
v 3.142901 0.826836 1.909225
v 3.120388 0.973963 1.952773
v 3.113605 0.998915 1.932971
v 3.098357 0.970403 1.929052
v 3.171566 0.832442 1.756921
v 3.142786 0.847544 1.759025
v 3.164783 0.857394 1.737118
v 3.113491 1.019622 1.782771
v 3.120239 1.000961 1.756946
v 3.098243 0.991111 1.778852
v 3.316610 0.855876 1.913096
v 3.331858 0.884387 1.917015
v 3.309861 0.874537 1.938922
v 3.258534 1.043056 1.938946
v 3.265318 1.018104 1.958749
v 3.287314 1.027954 1.936842
v 3.316496 0.876583 1.762896
v 3.309712 0.901535 1.743094
v 3.331743 0.905095 1.766816
v 3.258420 1.063763 1.788747
v 3.287199 1.048662 1.786643
v 3.265168 1.045102 1.762921
v 5.122927 1.171015 2.685694
v 5.140830 1.187237 2.689038
v 5.120635 1.193677 2.676973
v 5.202736 1.253682 2.620882
v 5.203639 1.257644 2.596832
v 5.182540 1.260122 2.608816
v 5.066963 1.130655 2.595517
v 5.064672 1.153318 2.586797
v 5.067866 1.134618 2.571468
v 5.147675 1.217284 2.506656
v 5.129772 1.201062 2.503311
v 5.126577 1.219762 2.518640
v 5.199922 1.088257 2.674949
v 5.221020 1.085779 2.662965
v 5.217825 1.104480 2.678294
v 5.280634 1.174886 2.586087
v 5.279731 1.170924 2.610137
v 5.282926 1.152223 2.594808
v 5.143959 1.047898 2.584773
v 5.144861 1.051860 2.560724
v 5.165056 1.045420 2.572788
v 5.224671 1.134527 2.495911
v 5.226963 1.111864 2.504632
v 5.206768 1.118304 2.492566
v 3.709584 0.840156 2.607190
v 3.693197 0.854047 2.619035
v 3.685654 0.837686 2.602384
v 3.609463 0.924936 2.587313
v 3.600414 0.932580 2.565831
v 3.601921 0.908576 2.570662
v 3.733738 0.819591 2.497478
v 3.709808 0.817122 2.492673
v 3.724688 0.827235 2.475996
v 3.624568 0.912015 2.456120
v 3.640954 0.898124 2.444274
v 3.626074 0.888011 2.460951
v 3.783396 0.927303 2.607104
v 3.781889 0.951308 2.602273
v 3.767009 0.941194 2.618951
v 3.674226 1.019727 2.565746
v 3.683275 1.012084 2.587228
v 3.698155 1.022197 2.570551
v 3.807549 0.906739 2.497393
v 3.798500 0.914382 2.475910
v 3.806042 0.930743 2.492562
v 3.698379 0.999163 2.456035
v 3.722309 1.001632 2.460840
v 3.714766 0.985272 2.444189
v 3.444360 0.896945 2.292166
v 3.445224 0.898794 2.322036
v 3.449518 0.923306 2.305389
v 3.537528 0.945919 2.415236
v 3.564705 0.958384 2.413678
v 3.541822 0.970431 2.398589
v 3.530978 0.931890 2.188710
v 3.536136 0.958252 2.201933
v 3.558155 0.944356 2.187152
v 3.651323 0.993330 2.310222
v 3.650459 0.991481 2.280352
v 3.628440 1.005377 2.295133
v 3.502705 0.770512 2.298308
v 3.525588 0.758466 2.313398
v 3.503569 0.772362 2.328179
v 3.623051 0.831952 2.419821
v 3.595874 0.819486 2.421378
v 3.617893 0.805591 2.406597
v 3.589324 0.805458 2.194853
v 3.616501 0.817924 2.193295
v 3.612206 0.793412 2.209942
v 3.709669 0.866898 2.316365
v 3.704511 0.840536 2.303142
v 3.708805 0.865049 2.286495
v 4.506309 1.030007 1.587935
v 4.512508 1.053592 1.596014
v 4.493128 1.050364 1.579463
v 4.541193 1.156542 1.542347
v 4.543709 1.164232 1.517966
v 4.521814 1.153314 1.525797
v 4.494186 0.977686 1.481084
v 4.481005 0.998042 1.472612
v 4.496701 0.985376 1.456703
v 4.531586 1.111911 1.411115
v 4.525387 1.088326 1.403037
v 4.509690 1.100993 1.418946
v 4.621772 0.998937 1.590049
v 4.643668 1.009855 1.582219
v 4.627972 1.022521 1.598127
v 4.659173 1.133162 1.520080
v 4.656657 1.125471 1.544461
v 4.672354 1.112805 1.528552
v 4.609649 0.946615 1.483198
v 4.612165 0.954305 1.458817
v 4.631544 0.957533 1.475368
v 4.647049 1.080840 1.413229
v 4.660230 1.060483 1.421701
v 4.640851 1.057255 1.405150
v 4.251408 1.082075 2.137322
v 4.270226 1.097410 2.153157
v 4.255042 1.110358 2.132137
v 4.375968 1.176525 2.125506
v 4.389273 1.185224 2.101271
v 4.360784 1.189473 2.104486
v 4.233261 1.060229 2.005418
v 4.236894 1.088513 2.000233
v 4.246565 1.068928 1.981183
v 4.371126 1.163378 1.969367
v 4.352308 1.148043 1.953531
v 4.342637 1.167628 1.972582
v 4.333228 0.974983 2.143801
v 4.361716 0.970733 2.140585
v 4.352046 0.990318 2.159636
v 4.471093 1.078132 2.107750
v 4.457788 1.069433 2.131985
v 4.467459 1.049848 2.112934
v 4.315081 0.953137 2.011897
v 4.328385 0.961836 1.987662
v 4.343569 0.948888 2.008682
v 4.452945 1.056286 1.975846
v 4.449311 1.028003 1.981030
v 4.434127 1.040951 1.960011
v 3.798562 1.127210 2.910586
v 3.822210 1.135723 2.919461
v 3.808351 1.150527 2.902164
v 3.928031 1.172271 2.865953
v 3.936530 1.174860 2.840823
v 3.914171 1.187075 2.848655
v 3.748695 1.107710 2.798649
v 3.758483 1.131027 2.790227
v 3.757194 1.110299 2.773519
v 3.886663 1.155360 2.728885
v 3.863015 1.146847 2.720011
v 3.864304 1.167575 2.736718
v 3.839942 1.010244 2.912528
v 3.862300 0.998029 2.904696
v 3.863589 1.018757 2.921403
v 3.977909 1.057895 2.842764
v 3.969409 1.055305 2.867894
v 3.968121 1.034577 2.851187
v 3.790075 0.990744 2.800591
v 3.798573 0.993334 2.775461
v 3.812433 0.978529 2.792758
v 3.928041 1.038395 2.730827
v 3.918253 1.015077 2.739249
v 3.904394 1.029882 2.721952
v 4.450086 0.817656 1.943298
v 4.446039 0.837436 1.956656
v 4.429425 0.830002 1.940694
v 4.419560 0.944670 1.934271
v 4.415562 0.957466 1.914113
v 4.402946 0.937235 1.918310
v 4.450249 0.794665 1.832967
v 4.429588 0.807011 1.830364
v 4.446252 0.807461 1.812809
v 4.415725 0.934475 1.803783
v 4.419772 0.914695 1.790424
v 4.403109 0.914245 1.807980
v 4.559631 0.843611 1.938051
v 4.572249 0.863841 1.933854
v 4.555584 0.863391 1.951409
v 4.525108 0.983421 1.908866
v 4.529105 0.970625 1.929024
v 4.545769 0.971075 1.911469
v 4.559794 0.820620 1.827721
v 4.555797 0.833416 1.807562
v 4.572411 0.840851 1.823524
v 4.525270 0.960430 1.798536
v 4.545931 0.948085 1.801139
v 4.529317 0.940650 1.785178
v 3.578547 0.947339 1.836053
v 3.578191 0.949437 1.863602
v 3.561734 0.965522 1.848307
v 3.593892 1.045482 1.947715
v 3.599017 1.072560 1.945719
v 3.577435 1.061567 1.932421
v 3.596587 1.029567 1.738794
v 3.579775 1.047750 1.751048
v 3.601712 1.056645 1.736797
v 3.617058 1.154788 1.848459
v 3.617414 1.152689 1.820910
v 3.595476 1.143795 1.835162
v 3.704936 0.923670 1.839486
v 3.726518 0.934663 1.852784
v 3.704581 0.925769 1.867035
v 3.725406 1.048891 1.949152
v 3.720281 1.021813 1.951149
v 3.742219 1.030708 1.936897
v 3.722977 1.005898 1.742227
v 3.728101 1.032976 1.740230
v 3.744559 1.016891 1.755525
v 3.743447 1.131119 1.851893
v 3.760260 1.112936 1.839638
v 3.743803 1.129021 1.824344
v 4.547451 0.927664 2.915986
v 4.526043 0.943705 2.925398
v 4.520939 0.922376 2.907423
v 4.430478 1.014674 2.868325
v 4.422852 1.020192 2.841576
v 4.425373 0.993345 2.850350
v 4.592813 0.893023 2.796952
v 4.566303 0.887734 2.788388
v 4.585187 0.898540 2.770204
v 4.468215 0.985551 2.722542
v 4.489621 0.969509 2.713130
v 4.470737 0.958703 2.731316
v 4.626419 1.033448 2.915296
v 4.623899 1.060296 2.906522
v 4.605014 1.049489 2.924707
v 4.501821 1.125976 2.840885
v 4.509447 1.120458 2.867634
v 4.528332 1.131265 2.849449
v 4.671783 0.998807 2.796262
v 4.664157 1.004325 2.769513
v 4.669261 1.025654 2.787488
v 4.547184 1.091335 2.721850
v 4.573695 1.096623 2.730415
v 4.568590 1.075294 2.712439
v 4.906931 1.062853 2.171071
v 4.926625 1.078450 2.189461
v 4.908399 1.093913 2.169512
v 5.032427 1.175090 2.167703
v 5.044875 1.188851 2.142703
v 5.014200 1.190554 2.147753
v 4.883076 1.056811 2.028237
v 4.884543 1.087871 2.026679
v 4.895524 1.070572 2.003237
v 5.021020 1.182809 1.999870
v 5.001326 1.167212 1.981479
v 4.990345 1.184511 2.004920
v 5.003076 0.955006 2.159576
v 5.033750 0.953304 2.154525
v 5.022769 0.970603 2.177966
v 5.141019 1.081004 2.131208
v 5.128572 1.067243 2.156208
v 5.139552 1.049944 2.132767
v 4.979221 0.948964 2.016742
v 4.991669 0.962725 1.991743
v 5.009895 0.947262 2.011692
v 5.117164 1.074962 1.988375
v 5.115697 1.043902 1.989934
v 5.097471 1.059365 1.969984
v 4.450603 0.772323 2.733510
v 4.453049 0.768888 2.760075
v 4.430103 0.778454 2.749807
v 4.438679 0.842241 2.860525
v 4.431869 0.867958 2.864477
v 4.415734 0.851806 2.850258
v 4.420132 0.868284 2.659078
v 4.399632 0.874415 2.675374
v 4.413322 0.894002 2.663030
v 4.401398 0.963920 2.790043
v 4.398952 0.967354 2.763480
v 4.385263 0.947768 2.775824
v 4.571195 0.805310 2.726673
v 4.587329 0.821462 2.740892
v 4.573641 0.801876 2.753236
v 4.552461 0.900946 2.857639
v 4.559271 0.875228 2.853687
v 4.572960 0.894815 2.841343
v 4.540724 0.901272 2.652240
v 4.533914 0.926989 2.656191
v 4.556859 0.917424 2.666459
v 4.521990 0.996908 2.783205
v 4.542490 0.990776 2.766909
v 4.519544 1.000342 2.756642
v 3.148451 0.899433 1.658483
v 3.121314 0.915593 1.660619
v 3.122351 0.888484 1.644305
v 3.024653 0.970218 1.563711
v 3.022425 0.970651 1.532136
v 3.025689 0.943108 1.547396
v 3.230449 0.847662 1.547512
v 3.204349 0.836713 1.533333
v 3.228222 0.848095 1.515936
v 3.104424 0.918881 1.421165
v 3.131561 0.902720 1.419028
v 3.107687 0.891338 1.436425
v 3.223627 1.026139 1.654920
v 3.220363 1.053681 1.639659
v 3.196490 1.042299 1.657056
v 3.097601 1.097358 1.528573
v 3.099828 1.096924 1.560148
v 3.123701 1.108306 1.542751
v 3.305625 0.974368 1.543949
v 3.303398 0.974802 1.512373
v 3.302361 1.001911 1.528688
v 3.179599 1.045587 1.417601
v 3.205700 1.056535 1.431780
v 3.206736 1.029426 1.415465
v 3.316964 0.977525 1.603231
v 3.299187 1.002872 1.602836
v 3.290422 0.977572 1.587287
v 3.242433 1.085960 1.499630
v 3.242969 1.085854 1.468672
v 3.233668 1.060661 1.484081
v 3.377249 0.893738 1.502625
v 3.350708 0.893785 1.486681
v 3.377785 0.893632 1.471667
v 3.303254 1.002067 1.368066
v 3.321032 0.976720 1.368461
v 3.293953 0.976874 1.383475
v 3.434951 1.060303 1.604991
v 3.444251 1.085497 1.589582
v 3.417173 1.085650 1.604596
v 3.360956 1.168632 1.470433
v 3.360420 1.168738 1.501390
v 3.387498 1.168585 1.486377
v 3.495236 0.976516 1.504385
v 3.495772 0.976410 1.473427
v 3.504537 1.001710 1.488976
v 3.421241 1.084845 1.369827
v 3.447783 1.084798 1.385770
v 3.439018 1.059498 1.370222
v 4.257613 0.943676 1.818427
v 4.252739 0.945375 1.842421
v 4.234351 0.944783 1.826175
v 4.192687 1.017334 1.907767
v 4.179318 1.037496 1.903624
v 4.174299 1.016742 1.891521
v 4.229650 1.004452 1.725804
v 4.206389 1.005558 1.733552
v 4.216282 1.024613 1.721661
v 4.151355 1.098271 1.811000
v 4.156229 1.096572 1.787006
v 4.146337 1.077517 1.798898
v 4.350706 1.008351 1.832759
v 4.355725 1.029104 1.844862
v 4.345832 1.010050 1.856753
v 4.272411 1.102170 1.917956
v 4.285779 1.082009 1.922099
v 4.295672 1.101064 1.910207
v 4.322744 1.069126 1.740136
v 4.309375 1.089287 1.735993
v 4.327762 1.089879 1.752239
v 4.244448 1.162945 1.825333
v 4.267710 1.161839 1.817584
v 4.249323 1.161246 1.801339
v 5.092888 0.841209 1.464289
v 5.111296 0.864369 1.460774
v 5.084022 0.865068 1.448806
v 5.160852 0.934619 1.351939
v 5.157498 0.932800 1.322392
v 5.133578 0.935318 1.339972
v 5.021253 0.758982 1.378596
v 5.012387 0.782842 1.363114
v 5.017900 0.757163 1.349049
v 5.085864 0.850573 1.236699
v 5.067456 0.827413 1.240214
v 5.061944 0.853092 1.254279
v 5.200817 0.754377 1.457385
v 5.224738 0.751859 1.439805
v 5.219224 0.777537 1.453870
v 5.265427 0.845969 1.315488
v 5.268781 0.847787 1.345035
v 5.274294 0.822109 1.330970
v 5.129182 0.672151 1.371692
v 5.125829 0.670332 1.342145
v 5.153103 0.669632 1.354113
v 5.193793 0.763742 1.229795
v 5.202659 0.739883 1.245278
v 5.175385 0.740582 1.233310
v 4.421916 0.948274 2.361045
v 4.426736 0.972373 2.367793
v 4.409628 0.967424 2.349563
v 4.459782 1.070641 2.310108
v 4.464999 1.076396 2.285835
v 4.442674 1.065693 2.291878
v 4.423222 0.887889 2.258926
v 4.410934 0.907039 2.247445
v 4.428439 0.893644 2.234653
v 4.466305 1.016010 2.183716
v 4.461484 0.991912 2.176967
v 4.443979 1.005308 2.189759
v 4.535858 0.920467 2.378945
v 4.558183 0.931169 2.372902
v 4.540679 0.944565 2.385694
v 4.578941 1.048588 2.303735
v 4.573724 1.042834 2.328008
v 4.591228 1.029438 2.315216
v 4.537163 0.860082 2.276826
v 4.542381 0.865836 2.252553
v 4.559489 0.870784 2.270783
v 4.580247 0.988203 2.201616
v 4.592535 0.969053 2.213097
v 4.575426 0.964104 2.194867
v 4.647430 0.879114 2.443602
v 4.626318 0.895372 2.444702
v 4.624284 0.871672 2.432644
v 4.548975 0.944604 2.360992
v 4.546590 0.943302 2.334463
v 4.546940 0.920905 2.348934
v 4.709074 0.821312 2.352650
v 4.685927 0.813870 2.341692
v 4.706689 0.820010 2.326120
v 4.608234 0.885500 2.243511
v 4.629345 0.869243 2.242411
v 4.608583 0.863103 2.257982
v 4.722471 0.977340 2.432037
v 4.722121 0.999738 2.417565
v 4.701360 0.993598 2.433137
v 4.621631 1.041528 2.322897
v 4.624016 1.042830 2.349427
v 4.644777 1.048970 2.333856
v 4.784115 0.919538 2.341085
v 4.781730 0.918236 2.314556
v 4.783765 0.941936 2.326614
v 4.683275 0.983726 2.231946
v 4.706421 0.991168 2.242904
v 4.704386 0.967469 2.230846
v 3.742329 1.053086 2.201882
v 3.723402 1.069042 2.200371
v 3.722099 1.047128 2.188832
v 3.664657 1.118064 2.113906
v 3.665737 1.117000 2.089151
v 3.663352 1.096149 2.102367
v 3.808187 0.997059 2.125372
v 3.787957 0.991100 2.112321
v 3.809268 0.995995 2.100617
v 3.731596 1.060972 2.012641
v 3.750522 1.045016 2.014153
v 3.729211 1.040122 2.025856
v 3.816773 1.141337 2.201338
v 3.819157 1.162187 2.188122
v 3.797846 1.157293 2.199826
v 3.740181 1.205250 2.088607
v 3.739101 1.206314 2.113361
v 3.760412 1.211209 2.101657
v 3.882631 1.085310 2.124828
v 3.883712 1.084245 2.100073
v 3.885016 1.106160 2.111611
v 3.806040 1.149223 2.012096
v 3.826270 1.155181 2.025147
v 3.824966 1.133267 2.013608
v 3.938556 0.805865 2.813637
v 3.957176 0.817954 2.829233
v 3.942143 0.832716 2.812140
v 4.055882 0.893821 2.807942
v 4.067248 0.904780 2.785879
v 4.040849 0.908583 2.790849
v 3.914678 0.802142 2.689669
v 3.918264 0.828993 2.688172
v 3.926043 0.813101 2.667606
v 4.043369 0.901057 2.661911
v 4.024749 0.888968 2.646315
v 4.016970 0.904861 2.666881
v 4.013649 0.704957 2.802203
v 4.040049 0.701154 2.797232
v 4.032270 0.717046 2.817799
v 4.142341 0.803872 2.774444
v 4.130976 0.792914 2.796508
v 4.138755 0.777021 2.775941
v 3.989771 0.701235 2.678235
v 4.001137 0.712193 2.656171
v 4.016170 0.697431 2.673265
v 4.118463 0.800149 2.650476
v 4.114875 0.773299 2.651973
v 4.099843 0.788061 2.634881
v 3.931506 0.894836 2.393301
v 3.933640 0.895311 2.420617
v 3.936885 0.918398 2.406216
v 4.022328 0.934546 2.503499
v 4.047135 0.945989 2.501362
v 4.025572 0.957633 2.489098
v 4.006142 0.930938 2.296346
v 4.011521 0.954501 2.309261
v 4.030951 0.942381 2.294209
v 4.121772 0.982091 2.404406
v 4.119638 0.981616 2.377091
v 4.100209 0.993735 2.392143
v 3.984779 0.778941 2.391158
v 4.006343 0.767297 2.403422
v 3.986914 0.779417 2.418474
v 4.100410 0.830095 2.499218
v 4.075602 0.818652 2.501355
v 4.095030 0.806532 2.486303
v 4.059416 0.815043 2.294203
v 4.084224 0.826486 2.292065
v 4.080980 0.803399 2.306466
v 4.175046 0.866197 2.402263
v 4.169667 0.842634 2.389348
v 4.172912 0.865721 2.374947
v 3.287399 0.806708 2.865168
v 3.259636 0.813352 2.863022
v 3.269888 0.790200 2.849663
v 3.175285 0.834297 2.761988
v 3.177425 0.834016 2.733441
v 3.185537 0.811145 2.748629
v 3.385834 0.783912 2.778263
v 3.368323 0.767404 2.762758
v 3.387974 0.783631 2.749716
v 3.275860 0.811221 2.646535
v 3.303624 0.804577 2.648681
v 3.283973 0.788350 2.661723
v 3.318339 0.936335 2.866211
v 3.310226 0.959206 2.851023
v 3.290575 0.942979 2.864065
v 3.208364 0.963643 2.734484
v 3.206225 0.963924 2.763030
v 3.225876 0.980151 2.749988
v 3.416773 0.913540 2.779305
v 3.418913 0.913259 2.750759
v 3.408661 0.936411 2.764117
v 3.306799 0.940848 2.647578
v 3.324311 0.957356 2.663083
v 3.334563 0.934204 2.649724
v 4.290232 1.071397 1.860410
v 4.314666 1.077808 1.878088
v 4.305823 1.097665 1.856221
v 4.451947 1.111480 1.853142
v 4.469216 1.115297 1.827887
v 4.443102 1.131336 1.831276
v 4.266645 1.062859 1.719086
v 4.282237 1.089127 1.714897
v 4.283916 1.066676 1.693831
v 4.445630 1.106759 1.686562
v 4.421195 1.100348 1.668885
v 4.419516 1.122799 1.689951
v 4.324869 0.932130 1.863043
v 4.350982 0.916091 1.859654
v 4.349304 0.938541 1.880720
v 4.503853 0.976031 1.830519
v 4.486584 0.972213 1.855775
v 4.488263 0.949763 1.834708
v 4.301283 0.923592 1.721718
v 4.318553 0.927410 1.696463
v 4.327396 0.907553 1.718329
v 4.480267 0.967493 1.689195
v 4.464677 0.941225 1.693384
v 4.455832 0.961082 1.671518
v 3.246840 0.792364 1.463009
v 3.248171 0.792997 1.488177
v 3.228194 0.802838 1.476358
v 3.241581 0.877329 1.569538
v 3.238248 0.902315 1.569086
v 3.221603 0.887170 1.557719
v 3.231490 0.872531 1.378671
v 3.212843 0.883004 1.392021
v 3.228158 0.897517 1.378219
v 3.222898 0.982482 1.484749
v 3.221567 0.981849 1.459581
v 3.206253 0.967337 1.473383
v 3.363012 0.807741 1.456480
v 3.379657 0.822886 1.467846
v 3.364343 0.808374 1.481648
v 3.354420 0.917692 1.562558
v 3.357753 0.892706 1.563010
v 3.373067 0.907218 1.549208
v 3.347662 0.887908 1.372143
v 3.344329 0.912894 1.371691
v 3.364307 0.903053 1.383510
v 3.339070 0.997858 1.478220
v 3.357717 0.987385 1.464871
v 3.337739 0.997226 1.453052
v 3.217333 1.044048 1.437209
v 3.196259 1.063598 1.439805
v 3.192194 1.040062 1.423601
v 3.122339 1.135608 1.353763
v 3.120956 1.137934 1.325028
v 3.118273 1.112073 1.337559
v 3.282150 0.987351 1.334072
v 3.257011 0.983365 1.320464
v 3.280768 0.989677 1.305337
v 3.185774 1.081237 1.221891
v 3.206847 1.061687 1.219295
v 3.183090 1.055376 1.234422
v 3.308916 1.142298 1.440755
v 3.311599 1.168159 1.428224
v 3.287843 1.161847 1.443351
v 3.212539 1.236184 1.328574
v 3.213922 1.233858 1.357309
v 3.237678 1.240169 1.342182
v 3.373733 1.085601 1.337618
v 3.372350 1.087927 1.308883
v 3.376416 1.111462 1.325088
v 3.277356 1.179487 1.225437
v 3.302495 1.183472 1.239045
v 3.298430 1.159937 1.222841
v 5.081533 1.030406 2.688911
v 5.093304 1.037573 2.717822
v 5.088034 1.060845 2.696459
v 5.213435 1.110497 2.767627
v 5.238158 1.125484 2.753846
v 5.208165 1.133769 2.746264
v 5.124170 1.056149 2.548379
v 5.130671 1.086587 2.555927
v 5.148893 1.071135 2.534598
v 5.280795 1.151227 2.613314
v 5.269025 1.144060 2.584403
v 5.250802 1.159512 2.605732
v 5.158868 0.902933 2.689024
v 5.188861 0.894648 2.696606
v 5.170639 0.910100 2.717935
v 5.315493 0.998011 2.753959
v 5.290769 0.983024 2.767740
v 5.308992 0.967572 2.746411
v 5.201505 0.928676 2.548491
v 5.226228 0.943663 2.534711
v 5.231499 0.920390 2.556073
v 5.358130 1.023754 2.613427
v 5.351629 0.993315 2.605879
v 5.346358 1.016587 2.584516
v 4.224507 0.985039 1.844754
v 4.210892 0.997840 1.871241
v 4.192239 0.985391 1.847834
v 4.107320 1.104515 1.897045
v 4.089471 1.124122 1.878396
v 4.088667 1.092067 1.873638
v 4.210567 1.007445 1.696172
v 4.178299 1.007797 1.699252
v 4.192718 1.027052 1.677523
v 4.075531 1.146528 1.729814
v 4.089146 1.133728 1.703327
v 4.074728 1.114473 1.725056
v 4.333371 1.089400 1.850278
v 4.334174 1.121455 1.855036
v 4.319756 1.102200 1.876765
v 4.198334 1.228482 1.883920
v 4.216184 1.208876 1.902569
v 4.230602 1.228130 1.880839
v 4.319431 1.111806 1.701696
v 4.301581 1.131412 1.683047
v 4.320234 1.143860 1.706454
v 4.184395 1.250888 1.735338
v 4.216662 1.250536 1.732258
v 4.198009 1.238088 1.708851
v 3.099313 1.081170 2.668459
v 3.106085 1.085649 2.697681
v 3.101548 1.109385 2.679355
v 3.205228 1.158264 2.767194
v 3.228574 1.175844 2.759089
v 3.200692 1.182000 2.748868
v 3.153875 1.124298 2.545588
v 3.156111 1.152513 2.556484
v 3.177222 1.141878 2.537483
v 3.283136 1.218972 2.636218
v 3.276365 1.214493 2.606996
v 3.255254 1.225128 2.625997
v 3.183741 0.968027 2.666236
v 3.211624 0.961871 2.676457
v 3.190512 0.972505 2.695458
v 3.313002 1.062701 2.756866
v 3.289656 1.045120 2.764971
v 3.310767 1.034486 2.745970
v 3.238303 1.011155 2.543365
v 3.261649 1.028735 2.535260
v 3.266186 1.004998 2.553586
v 3.367564 1.105829 2.633995
v 3.365329 1.077613 2.623099
v 3.360793 1.101350 2.604773
v 3.340229 1.106322 1.574451
v 3.310578 1.115949 1.578236
v 3.316869 1.091398 1.559694
v 3.202704 1.156306 1.488201
v 3.199584 1.158938 1.457065
v 3.208995 1.131754 1.469659
v 3.427560 1.083296 1.459495
v 3.404201 1.068372 1.444738
v 3.424440 1.085929 1.428358
v 3.286916 1.135913 1.342108
v 3.316566 1.126286 1.338323
v 3.296326 1.108729 1.354703
v 3.386143 1.244933 1.581569
v 3.376733 1.272116 1.568974
v 3.356493 1.254560 1.585354
v 3.245499 1.297549 1.464182
v 3.248619 1.294917 1.495319
v 3.268858 1.312474 1.478939
v 3.473475 1.221907 1.466613
v 3.470355 1.224540 1.435476
v 3.464064 1.249091 1.454018
v 3.332830 1.274524 1.349226
v 3.356190 1.289448 1.363983
v 3.362481 1.264897 1.345441
v 3.360929 0.795111 1.880107
v 3.379005 0.804553 1.900860
v 3.369630 0.822876 1.880294
v 3.499042 0.867302 1.902045
v 3.517431 0.876923 1.881651
v 3.489667 0.885625 1.881479
v 3.361956 0.795703 1.744658
v 3.370657 0.823468 1.744845
v 3.380345 0.805324 1.724264
v 3.518459 0.877514 1.746202
v 3.500382 0.868073 1.725449
v 3.490695 0.886217 1.746030
v 3.423680 0.675070 1.880058
v 3.451445 0.666367 1.880231
v 3.441757 0.684511 1.900812
v 3.580183 0.756881 1.881603
v 3.561794 0.747260 1.901997
v 3.571482 0.729116 1.881416
v 3.424708 0.675661 1.744609
v 3.443096 0.685282 1.724216
v 3.452472 0.666959 1.744782
v 3.581211 0.757473 1.746154
v 3.572510 0.729708 1.745967
v 3.563134 0.748032 1.725401
v 4.779837 0.748457 1.248272
v 4.779745 0.748868 1.277577
v 4.754831 0.744053 1.262910
v 4.710361 0.817559 1.372880
v 4.689375 0.838016 1.372527
v 4.685448 0.812744 1.358214
v 4.711061 0.814442 1.150643
v 4.686055 0.810037 1.165282
v 4.690076 0.834898 1.150290
v 4.620600 0.904000 1.274899
v 4.620693 0.903589 1.245594
v 4.616673 0.878728 1.260586
v 4.875080 0.846145 1.247201
v 4.879007 0.871417 1.261515
v 4.874987 0.846556 1.276506
v 4.784619 0.935703 1.371457
v 4.805604 0.915247 1.371810
v 4.809624 0.940108 1.356818
v 4.806304 0.912130 1.149573
v 4.785319 0.932586 1.149220
v 4.810232 0.937401 1.163886
v 4.715844 1.001688 1.273829
v 4.740849 1.006092 1.259190
v 4.715935 1.001276 1.244524
v 4.711671 0.923557 2.259225
v 4.715009 0.925602 2.283104
v 4.710156 0.945250 2.269840
v 4.782667 0.986881 2.349114
v 4.799881 1.003451 2.345288
v 4.777812 1.006528 2.335850
v 4.757347 0.971370 2.168025
v 4.755831 0.993063 2.178639
v 4.774560 0.987940 2.164198
v 4.845556 1.051264 2.254087
v 4.842217 1.049218 2.230208
v 4.823489 1.054341 2.244649
v 4.789299 0.842017 2.255355
v 4.811367 0.838940 2.264794
v 4.792638 0.844062 2.279234
v 4.877510 0.921911 2.341418
v 4.860295 0.905341 2.345245
v 4.879024 0.900218 2.330804
v 4.834975 0.889830 2.164155
v 4.852189 0.906400 2.160328
v 4.857043 0.886753 2.173593
v 4.923184 0.969724 2.250217
v 4.924699 0.948031 2.239603
v 4.919846 0.967679 2.226338
v 3.690599 0.687125 2.766318
v 3.690486 0.685788 2.797402
v 3.663682 0.688594 2.781854
v 3.637794 0.769360 2.903321
v 3.621900 0.796085 2.904413
v 3.610990 0.772165 2.887773
v 3.638652 0.779502 2.667588
v 3.611735 0.780970 2.683125
v 3.622758 0.806227 2.668681
v 3.569952 0.888461 2.805684
v 3.570065 0.889799 2.774599
v 3.559042 0.864542 2.789044
v 3.815116 0.761030 2.769951
v 3.826026 0.784949 2.786591
v 3.815003 0.759692 2.801035
v 3.746417 0.869989 2.908046
v 3.762310 0.843264 2.906954
v 3.773333 0.868521 2.892510
v 3.763169 0.853406 2.671221
v 3.747275 0.880131 2.672313
v 3.774078 0.877326 2.687862
v 3.694469 0.962366 2.809317
v 3.721386 0.960897 2.793780
v 3.694582 0.963703 2.778232
v 3.411057 0.772564 2.530156
v 3.384106 0.781233 2.527953
v 3.392529 0.757551 2.514740
v 3.302525 0.808258 2.427509
v 3.304693 0.807799 2.399199
v 3.310948 0.784576 2.414296
v 3.506908 0.742518 2.444222
v 3.488380 0.727505 2.428805
v 3.509075 0.742059 2.415913
v 3.400544 0.777753 2.313265
v 3.427494 0.769085 2.315468
v 3.406799 0.754531 2.328361
v 3.451455 0.898428 2.531210
v 3.445200 0.921651 2.516113
v 3.424505 0.907097 2.529006
v 3.345091 0.933663 2.400252
v 3.342924 0.934122 2.428562
v 3.363619 0.948676 2.415669
v 3.547306 0.868382 2.445275
v 3.549474 0.867923 2.416965
v 3.541051 0.891605 2.430178
v 3.440942 0.903618 2.314318
v 3.459470 0.918630 2.329734
v 3.467892 0.894949 2.316522
v 4.494897 0.724209 2.712471
v 4.500373 0.743343 2.726925
v 4.483536 0.745772 2.709159
v 4.534781 0.851088 2.709050
v 4.539757 0.864685 2.689165
v 4.517944 0.853517 2.691283
v 4.493251 0.705981 2.599433
v 4.481890 0.727545 2.596122
v 4.498228 0.719578 2.579549
v 4.538112 0.846457 2.576128
v 4.532635 0.827323 2.561673
v 4.516298 0.835289 2.578246
v 4.604102 0.689986 2.716399
v 4.625916 0.701154 2.714281
v 4.609579 0.709120 2.730854
v 4.648963 0.830462 2.693093
v 4.643988 0.816865 2.712978
v 4.660325 0.808899 2.696405
v 4.602457 0.671758 2.603362
v 4.607433 0.685355 2.583477
v 4.624270 0.682926 2.601243
v 4.647317 0.812234 2.580056
v 4.658678 0.790671 2.583368
v 4.641840 0.793100 2.565602
v 3.156421 0.917895 1.977176
v 3.160014 0.945098 1.978477
v 3.139731 0.934638 1.963187
v 3.176727 1.038317 1.892543
v 3.178211 1.039432 1.865135
v 3.156444 1.027857 1.877252
v 3.149481 0.832019 1.882671
v 3.132790 0.848762 1.868682
v 3.150965 0.833134 1.855264
v 3.171271 0.953556 1.770631
v 3.167678 0.926353 1.769329
v 3.149503 0.941981 1.782747
v 3.283017 0.900880 1.983340
v 3.304784 0.912455 1.971223
v 3.286609 0.928083 1.984642
v 3.304807 1.022417 1.871299
v 3.303322 1.021302 1.898707
v 3.321497 1.005674 1.885289
v 3.276076 0.815004 1.888835
v 3.277561 0.816120 1.861428
v 3.297843 0.826579 1.876719
v 3.297866 0.936542 1.776795
v 3.314557 0.919798 1.790784
v 3.294274 0.909339 1.775493
v 4.983114 0.874494 1.931734
v 4.973557 0.888362 1.956590
v 4.954715 0.884058 1.933613
v 4.912139 1.010891 1.983999
v 4.903038 1.034245 1.967470
v 4.893297 1.006586 1.961022
v 4.984615 0.905721 1.795501
v 4.956216 0.915285 1.797380
v 4.975513 0.929075 1.778972
v 4.904539 1.065472 1.831237
v 4.914095 1.051604 1.806381
v 4.894798 1.037813 1.824790
v 5.108662 0.934062 1.946771
v 5.118403 0.961721 1.953218
v 5.099105 0.947930 1.971627
v 5.028586 1.093813 1.982507
v 5.037687 1.070459 1.999036
v 5.056984 1.084250 1.980627
v 5.110162 0.965289 1.810538
v 5.101061 0.988643 1.794009
v 5.119903 0.992948 1.816985
v 5.030087 1.125040 1.846274
v 5.058486 1.115477 1.844394
v 5.039644 1.111172 1.821418
v 3.286462 0.850536 1.383356
v 3.288226 0.850522 1.414421
v 3.288857 0.877433 1.398815
v 3.380716 0.904815 1.511786
v 3.407050 0.921322 1.510298
v 3.381348 0.931726 1.496179
v 3.367341 0.904921 1.276199
v 3.369736 0.931818 1.291658
v 3.393675 0.921429 1.274711
v 3.487928 0.975708 1.403141
v 3.486165 0.975722 1.372075
v 3.462227 0.986112 1.389022
v 3.363183 0.727750 1.378945
v 3.388885 0.717346 1.393064
v 3.364947 0.727736 1.410010
v 3.483770 0.798536 1.505887
v 3.457437 0.782029 1.507374
v 3.481375 0.771639 1.490428
v 3.444062 0.782136 1.271788
v 3.470395 0.798643 1.270300
v 3.469764 0.771732 1.285907
v 3.564649 0.852922 1.398729
v 3.562254 0.826025 1.383271
v 3.562886 0.852936 1.367664
v 3.511141 0.909927 1.625353
v 3.512432 0.917247 1.649054
v 3.492661 0.923241 1.635263
v 3.505075 1.018854 1.703766
v 3.501549 1.042400 1.696685
v 3.485304 1.024848 1.689975
v 3.495288 0.963339 1.524026
v 3.476808 0.976654 1.533936
v 3.491762 0.986886 1.516946
v 3.485695 1.095813 1.595358
v 3.484405 1.088493 1.571657
v 3.469451 1.078261 1.588647
v 3.625448 0.923875 1.614822
v 3.641692 0.941427 1.621532
v 3.626739 0.931195 1.638523
v 3.615855 1.056348 1.686153
v 3.619381 1.032802 1.693234
v 3.634335 1.043033 1.676243
v 3.609594 0.977287 1.513495
v 3.606069 1.000834 1.506414
v 3.625839 0.994839 1.520205
v 3.600002 1.109761 1.584826
v 3.618481 1.096446 1.574916
v 3.598711 1.102441 1.561125
v 4.101183 0.709771 1.433790
v 4.101368 0.720905 1.456166
v 4.086666 0.729685 1.437959
v 4.119484 0.829474 1.493892
v 4.124803 0.851321 1.482977
v 4.104783 0.838254 1.475686
v 4.118077 0.745032 1.324200
v 4.103560 0.764947 1.328370
v 4.123395 0.766879 1.313284
v 4.141698 0.886583 1.373387
v 4.141512 0.875448 1.351011
v 4.121677 0.873516 1.366096
v 4.214871 0.687230 1.444063
v 4.234891 0.700297 1.451354
v 4.215057 0.698364 1.466439
v 4.238492 0.828780 1.493250
v 4.233173 0.806933 1.504166
v 4.253007 0.808866 1.489080
v 4.231766 0.722492 1.334473
v 4.237083 0.744338 1.323558
v 4.251786 0.735559 1.341764
v 4.255386 0.864042 1.383661
v 4.269903 0.844128 1.379491
v 4.255200 0.852907 1.361284
v 4.807418 0.933287 1.838166
v 4.784142 0.946495 1.849412
v 4.780764 0.925024 1.830169
v 4.675922 1.009294 1.798342
v 4.666323 1.015164 1.771582
v 4.672544 0.987823 1.779099
v 4.852443 0.909133 1.713056
v 4.825788 0.900870 1.705059
v 4.842844 0.915003 1.686295
v 4.711348 0.991010 1.646472
v 4.734625 0.977802 1.635225
v 4.717569 0.963669 1.653988
v 4.874684 1.050489 1.839746
v 4.868463 1.077829 1.832230
v 4.851407 1.063696 1.850993
v 4.733589 1.132365 1.773162
v 4.743188 1.126495 1.799922
v 4.760244 1.140628 1.781159
v 4.919708 1.026335 1.714636
v 4.910110 1.032204 1.687876
v 4.913488 1.053675 1.707119
v 4.778614 1.108211 1.648052
v 4.805269 1.116474 1.656049
v 4.801890 1.095003 1.636806
v 4.117049 0.763362 2.758076
v 4.106889 0.766320 2.786209
v 4.092315 0.748648 2.766747
v 3.984923 0.803273 2.843991
v 3.958031 0.811541 2.833411
v 3.970349 0.785601 2.824529
v 4.061970 0.780843 2.630636
v 4.037236 0.766129 2.639308
v 4.035079 0.789111 2.620056
v 3.902953 0.829022 2.705971
v 3.913113 0.826064 2.677838
v 3.915270 0.803082 2.697090
v 4.157922 0.897186 2.758767
v 4.145605 0.923126 2.767649
v 4.147762 0.900144 2.786901
v 3.998905 0.945365 2.834102
v 4.025796 0.937097 2.844682
v 4.023639 0.960079 2.825430
v 4.102843 0.914667 2.631328
v 4.075952 0.922935 2.620747
v 4.090526 0.940606 2.640209
v 3.943826 0.962846 2.706663
v 3.968560 0.977560 2.697991
v 3.953986 0.959888 2.678529
v 5.107007 1.139189 1.797475
v 5.097092 1.164388 1.795298
v 5.086569 1.144310 1.780325
v 5.078577 1.245267 1.699849
v 5.082867 1.244637 1.673031
v 5.068055 1.225188 1.684877
v 5.153769 1.054168 1.716362
v 5.133331 1.059289 1.699212
v 5.158059 1.053539 1.689543
v 5.129630 1.159617 1.591917
v 5.139544 1.134418 1.594095
v 5.114816 1.140168 1.603764
v 5.223046 1.186355 1.814933
v 5.237859 1.205804 1.803087
v 5.213131 1.211554 1.812755
v 5.198907 1.291804 1.690489
v 5.194616 1.292433 1.717307
v 5.219345 1.286683 1.707638
v 5.269808 1.101334 1.733819
v 5.274098 1.100705 1.707001
v 5.284621 1.120783 1.721973
v 5.245669 1.206783 1.609375
v 5.266107 1.201662 1.626525
v 5.255584 1.181584 1.611553
v 4.861936 0.725283 2.895726
v 4.839876 0.747072 2.904443
v 4.831539 0.722419 2.885467
v 4.743892 0.835942 2.831152
v 4.736794 0.841151 2.800171
v 4.735556 0.811289 2.812176
v 4.911187 0.670704 2.765044
v 4.880790 0.667840 2.754785
v 4.904088 0.675913 2.734063
v 4.786045 0.786572 2.669489
v 4.808105 0.764783 2.660772
v 4.784807 0.756710 2.681494
v 4.966069 0.833012 2.889979
v 4.967307 0.862873 2.877973
v 4.944008 0.854800 2.898696
v 4.840927 0.948879 2.794424
v 4.848026 0.943671 2.825405
v 4.871324 0.951744 2.804683
v 5.015319 0.778433 2.759297
v 5.008221 0.783641 2.728316
v 5.016558 0.808295 2.747292
v 4.890178 0.894300 2.663742
v 4.920574 0.897165 2.674002
v 4.912239 0.872511 2.655025
v 3.969210 0.822473 2.857516
v 3.963720 0.824404 2.884022
v 3.944018 0.817926 2.866520
v 3.880613 0.889377 2.953534
v 3.860857 0.907184 2.948145
v 3.860911 0.882899 2.936033
v 3.922251 0.874736 2.752523
v 3.897058 0.870189 2.761527
v 3.902495 0.892543 2.747134
v 3.813898 0.959446 2.843152
v 3.819389 0.957516 2.816646
v 3.813951 0.935162 2.831039
v 4.051965 0.917380 2.867745
v 4.051911 0.941664 2.879857
v 4.046474 0.919310 2.894251
v 3.943611 1.002090 2.958374
v 3.963367 0.984283 2.963763
v 3.968804 1.006637 2.949370
v 4.005005 0.969643 2.762752
v 3.985249 0.987450 2.757363
v 4.004951 0.993927 2.774865
v 3.896652 1.054353 2.853381
v 3.921845 1.058900 2.844376
v 3.902142 1.052423 2.826875
v 5.121811 1.039672 2.406551
v 5.148555 1.049915 2.414138
v 5.130661 1.066349 2.397184
v 5.257921 1.097663 2.344990
v 5.264400 1.101925 2.316397
v 5.240026 1.114097 2.328037
v 5.055104 1.019984 2.287451
v 5.063954 1.046661 2.278084
v 5.061584 1.024246 2.258857
v 5.197694 1.082237 2.197297
v 5.170949 1.071994 2.189710
v 5.173320 1.094409 2.208937
v 5.172914 0.911787 2.399069
v 5.197288 0.899615 2.387430
v 5.199658 0.922030 2.406656
v 5.315503 0.974040 2.308915
v 5.309024 0.969778 2.337509
v 5.306653 0.947363 2.318282
v 5.106207 0.892099 2.279969
v 5.112687 0.896361 2.251376
v 5.130581 0.879927 2.268330
v 5.248796 0.954352 2.189816
v 5.239947 0.927674 2.199182
v 5.222053 0.944108 2.182228
v 3.255846 1.160728 1.938904
v 3.259323 1.161064 1.965569
v 3.263375 1.183431 1.951198
v 3.352866 1.193386 2.042248
v 3.377805 1.202869 2.038875
v 3.356918 1.215753 2.027876
v 3.326492 1.190840 1.840026
v 3.334022 1.213543 1.852320
v 3.351431 1.200324 1.836654
v 3.448452 1.232982 1.939998
v 3.444974 1.232646 1.913332
v 3.427565 1.245866 1.928998
v 3.299815 1.043583 1.934644
v 3.320702 1.030699 1.945644
v 3.303293 1.043918 1.961309
v 3.421775 1.085724 2.034616
v 3.396836 1.076241 2.037988
v 3.414245 1.063021 2.022322
v 3.370461 1.073695 1.835766
v 3.395401 1.083178 1.832394
v 3.391349 1.060811 1.846766
v 3.492421 1.115836 1.935738
v 3.484892 1.093133 1.923444
v 3.488943 1.115500 1.909072
v 3.761739 1.126100 2.295598
v 3.737820 1.132667 2.294671
v 3.745721 1.112765 2.282118
v 3.662792 1.156273 2.210021
v 3.663919 1.156877 2.185234
v 3.670693 1.136371 2.197468
v 3.844183 1.106474 2.217051
v 3.828166 1.093139 2.203571
v 3.845310 1.107078 2.192263
v 3.746364 1.137250 2.106687
v 3.770282 1.130684 2.107614
v 3.753138 1.116745 2.118922
v 3.792163 1.237498 2.299697
v 3.785388 1.258004 2.287462
v 3.768244 1.244064 2.298770
v 3.694343 1.268275 2.189332
v 3.693216 1.267670 2.214121
v 3.710360 1.281609 2.202813
v 3.874607 1.217871 2.221150
v 3.875733 1.218476 2.196362
v 3.867833 1.238377 2.208915
v 3.776788 1.248648 2.110786
v 3.792804 1.261983 2.124266
v 3.800706 1.242082 2.111713
v 4.771485 0.920958 2.702657
v 4.758643 0.926851 2.726074
v 4.746224 0.911493 2.707156
v 4.646862 0.979584 2.756645
v 4.625747 0.989710 2.742516
v 4.634443 0.964226 2.737728
v 4.744256 0.934891 2.579066
v 4.718995 0.925426 2.583565
v 4.723142 0.945017 2.564937
v 4.598518 1.003643 2.618925
v 4.611361 0.997749 2.595509
v 4.607214 0.978159 2.614137
v 4.826019 1.036004 2.703612
v 4.817324 1.061488 2.708401
v 4.813177 1.041897 2.727029
v 4.680281 1.104755 2.743471
v 4.701395 1.094629 2.757600
v 4.705543 1.114220 2.738973
v 4.798790 1.049937 2.580022
v 4.777675 1.060063 2.565893
v 4.790095 1.075421 2.584810
v 4.653052 1.118688 2.619880
v 4.678314 1.128153 2.615382
v 4.665895 1.112795 2.596464
v 4.006705 0.795219 2.297392
v 3.987626 0.812876 2.308367
v 3.979799 0.793916 2.288990
v 3.901455 0.898874 2.259028
v 3.894356 0.907342 2.233064
v 3.893628 0.879914 2.239651
v 4.046139 0.764971 2.175797
v 4.019233 0.763668 2.167395
v 4.039041 0.773439 2.149833
v 3.933791 0.877094 2.111469
v 3.952870 0.859437 2.100494
v 3.933063 0.849666 2.118056
v 4.097671 0.889796 2.303366
v 4.098400 0.917224 2.296779
v 4.078592 0.907453 2.314341
v 3.985323 1.001919 2.239039
v 3.992421 0.993451 2.265002
v 4.012229 1.003222 2.247440
v 4.137105 0.859548 2.181771
v 4.130007 0.868016 2.155807
v 4.137834 0.886976 2.175184
v 4.024757 0.971671 2.117443
v 4.051663 0.972974 2.125845
v 4.043836 0.954014 2.106468
v 3.685626 0.775022 1.984360
v 3.683653 0.781893 2.014269
v 3.661069 0.790109 1.995083
v 3.663535 0.902069 2.089415
v 3.659397 0.931707 2.082334
v 3.640951 0.910285 2.070229
v 3.678498 0.849968 1.862596
v 3.653941 0.865054 1.873319
v 3.674359 0.879605 1.855515
v 3.652269 1.006652 1.960570
v 3.654242 0.999782 1.930661
v 3.633823 0.985231 1.948465
v 3.827183 0.795875 1.988908
v 3.845629 0.817297 2.001013
v 3.825211 0.802746 2.018817
v 3.800955 0.952560 2.086882
v 3.805093 0.922922 2.093963
v 3.825512 0.937473 2.076159
v 3.820055 0.870821 1.867144
v 3.815917 0.900458 1.860063
v 3.838501 0.892242 1.879249
v 3.793826 1.027505 1.965118
v 3.818384 1.012418 1.954395
v 3.795799 1.020635 1.935209
v 4.026085 1.097302 1.414590
v 4.033131 1.115547 1.431622
v 4.015677 1.121018 1.413236
v 4.077044 1.227706 1.423308
v 4.083337 1.243533 1.403750
v 4.059589 1.233177 1.404922
v 4.023610 1.089343 1.294142
v 4.013202 1.113059 1.292789
v 4.029904 1.105170 1.274585
v 4.080863 1.235574 1.283303
v 4.073818 1.217329 1.266271
v 4.057115 1.225218 1.284475
v 4.138525 1.053324 1.415186
v 4.162273 1.063680 1.414014
v 4.145570 1.071569 1.432218
v 4.195777 1.199555 1.404346
v 4.189483 1.183728 1.423904
v 4.206185 1.175838 1.405700
v 4.136050 1.045364 1.294738
v 4.142344 1.061191 1.275181
v 4.159799 1.055720 1.293566
v 4.193303 1.191595 1.283899
v 4.203711 1.167879 1.285252
v 4.186257 1.173350 1.266867
v 4.367478 1.004581 2.898940
v 4.370238 1.011180 2.923448
v 4.356060 1.025600 2.907865
v 4.406702 1.108797 2.980602
v 4.415019 1.131853 2.973458
v 4.392524 1.123217 2.965019
v 4.385764 1.058755 2.794747
v 4.374347 1.079774 2.803672
v 4.394080 1.081811 2.787602
v 4.433305 1.186027 2.869264
v 4.430543 1.179428 2.844757
v 4.410810 1.177391 2.860826
v 4.479107 0.963820 2.897339
v 4.501602 0.972456 2.905777
v 4.481869 0.970419 2.921847
v 4.526649 1.091092 2.971856
v 4.518333 1.068036 2.979001
v 4.538066 1.070074 2.962931
v 4.497394 1.017994 2.793146
v 4.505710 1.041050 2.786001
v 4.519888 1.026630 2.801584
v 4.544936 1.145266 2.867663
v 4.556353 1.124247 2.858738
v 4.542174 1.138667 2.843156
v 4.588118 0.992641 1.655888
v 4.587789 0.998632 1.680392
v 4.566107 0.995598 1.667856
v 4.538857 1.084134 1.744329
v 4.524320 1.104118 1.739248
v 4.517174 1.081100 1.731793
v 4.541351 1.038701 1.558501
v 4.519341 1.041658 1.570469
v 4.526815 1.058684 1.553419
v 4.477553 1.150177 1.641860
v 4.477882 1.144186 1.617356
v 4.470408 1.127160 1.634405
v 4.684094 1.058678 1.641031
v 4.691239 1.081695 1.648486
v 4.683765 1.064669 1.665535
v 4.620296 1.170154 1.724391
v 4.634833 1.150171 1.729472
v 4.642307 1.167197 1.712423
v 4.637327 1.104737 1.543644
v 4.622792 1.124721 1.538563
v 4.644473 1.127755 1.551098
v 4.573530 1.216214 1.627003
v 4.595540 1.213257 1.615035
v 4.573859 1.210223 1.602499
v 3.720990 0.862481 2.106296
v 3.700373 0.872894 2.119522
v 3.696207 0.854567 2.100676
v 3.595362 0.930112 2.087093
v 3.584078 0.937080 2.064016
v 3.591196 0.911784 2.068247
v 3.751712 0.851138 1.986796
v 3.726930 0.843224 1.981176
v 3.740429 0.858106 1.963720
v 3.614801 0.925737 1.944516
v 3.635418 0.915323 1.931291
v 3.621918 0.900442 1.948747
v 3.779141 0.971798 2.110870
v 3.772023 0.997093 2.106640
v 3.758524 0.982211 2.124096
v 3.642230 1.046397 2.068590
v 3.653513 1.039429 2.091667
v 3.667013 1.054311 2.074211
v 3.809864 0.960455 1.991371
v 3.798580 0.967423 1.968294
v 3.802746 0.985750 1.987140
v 3.672952 1.035054 1.949091
v 3.697736 1.042968 1.954711
v 3.693569 1.024641 1.935865
v 4.374719 0.781372 2.923770
v 4.364693 0.803183 2.934570
v 4.350456 0.789292 2.917329
v 4.316091 0.906938 2.891106
v 4.311353 0.916646 2.867102
v 4.301855 0.893047 2.873865
v 4.392124 0.741531 2.809201
v 4.367861 0.749451 2.802761
v 4.387386 0.751240 2.785197
v 4.328758 0.876805 2.752533
v 4.338784 0.854994 2.741733
v 4.319260 0.853206 2.759297
v 4.485855 0.832986 2.922705
v 4.495353 0.856585 2.915941
v 4.475829 0.854797 2.933506
v 4.422489 0.968259 2.866037
v 4.427227 0.958551 2.890041
v 4.446751 0.960339 2.872478
v 4.503260 0.793144 2.808136
v 4.498521 0.802853 2.784132
v 4.512758 0.816744 2.801373
v 4.439894 0.928418 2.751469
v 4.464157 0.920498 2.757909
v 4.449920 0.906607 2.740669
v 3.937370 0.911341 2.471017
v 3.943233 0.927032 2.493084
v 3.925529 0.936225 2.473860
v 3.986631 1.047214 2.510590
v 3.993952 1.068033 2.493841
v 3.968927 1.056407 2.491366
v 3.942168 0.928220 2.343246
v 3.930327 0.953104 2.346088
v 3.949489 0.949038 2.326497
v 3.998750 1.084911 2.366069
v 3.992887 1.069220 2.344003
v 3.973725 1.073286 2.363594
v 4.058725 0.867695 2.469809
v 4.083750 0.879321 2.472285
v 4.064589 0.883386 2.491876
v 4.115307 1.024387 2.492633
v 4.107987 1.003568 2.509382
v 4.127148 0.999503 2.489791
v 4.063523 0.884574 2.342037
v 4.070844 0.905392 2.325289
v 4.088549 0.896199 2.344513
v 4.120106 1.041265 2.364861
v 4.131947 1.016381 2.362019
v 4.114243 1.025575 2.342795
v 4.691392 1.034113 1.674749
v 4.698488 1.058353 1.691211
v 4.679088 1.060863 1.668270
v 4.748558 1.186370 1.662877
v 4.756672 1.201020 1.637807
v 4.729157 1.188881 1.639936
v 4.694742 1.002544 1.538036
v 4.682439 1.029294 1.531557
v 4.702857 1.017194 1.512967
v 4.760023 1.169451 1.501094
v 4.752926 1.145211 1.484633
v 4.732509 1.157311 1.503223
v 4.822464 0.986018 1.689068
v 4.849978 0.998157 1.686939
v 4.829561 1.010258 1.705530
v 4.887744 1.152925 1.652126
v 4.879630 1.138275 1.677195
v 4.900048 1.126174 1.658605
v 4.825816 0.954448 1.552355
v 4.833929 0.969098 1.527285
v 4.853330 0.966588 1.550226
v 4.891096 1.121355 1.515414
v 4.903399 1.094605 1.521892
v 4.883999 1.097115 1.498951
v 3.402814 0.948788 1.867422
v 3.397553 0.970570 1.887562
v 3.377221 0.964633 1.866135
v 3.365604 1.106936 1.880098
v 3.361159 1.126580 1.857691
v 3.345272 1.100999 1.858671
v 3.405500 0.941752 1.727367
v 3.379907 0.957597 1.726080
v 3.401055 0.961396 1.704960
v 3.363845 1.119544 1.717636
v 3.369106 1.097762 1.697496
v 3.347958 1.093963 1.718616
v 3.539358 0.980834 1.868431
v 3.555244 1.006414 1.867450
v 3.534096 1.002616 1.888570
v 3.497703 1.158626 1.858700
v 3.502147 1.138982 1.881107
v 3.523295 1.142780 1.859987
v 3.542044 0.973798 1.728376
v 3.537599 0.993442 1.705969
v 3.557931 0.999378 1.727395
v 3.500389 1.151590 1.718645
v 3.525982 1.135744 1.719932
v 3.505650 1.129808 1.698505
vn -1.0000 -0.0000 -0.0000
vn -0.0000 -0.0000 -1.0000
vn 1.0000 -0.0000 -0.0000
vn -0.0000 -1.0000 -0.0000
vn -0.0000 1.0000 -0.0000
vn -0.0000 -0.0000 1.0000
vn -0.0137 0.4390 0.8984
vn 0.9991 -0.0306 0.0301
vn 0.0407 0.8980 -0.4381
vn -0.9991 0.0306 -0.0302
vn 0.0137 -0.4390 -0.8984
vn -0.6082 -0.2473 0.7542
vn -0.5612 0.7896 0.2483
vn -0.5924 -0.7542 -0.2831
vn -0.5454 0.2827 -0.7891
vn 0.5454 -0.2827 0.7890
vn 0.5924 0.7542 0.2831
vn 0.5612 -0.7896 -0.2483
vn 0.6082 0.2473 -0.7542
vn -0.7353 -0.6133 0.2885
vn -0.7161 0.3320 0.6140
vn -0.6777 0.6566 -0.3311
vn -0.6968 -0.2887 -0.6566
vn -0.0191 -0.9454 -0.3254
vn 0.0385 0.3246 -0.9451
vn 0.7161 -0.3320 -0.6140
vn 0.6777 -0.6566 0.3311
vn 0.7353 0.6133 -0.2885
vn 0.6968 0.2887 0.6566
vn -0.0385 -0.3246 0.9451
vn 0.0191 0.9454 0.3254
vn -0.0407 -0.8980 0.4381
vn 0.2902 0.3073 0.9063
vn 0.7678 -0.6401 -0.0288
vn 0.5712 0.7042 -0.4217
vn -0.7678 0.6401 0.0289
vn -0.2902 -0.3073 -0.9063
vn -0.6055 0.1404 0.7834
vn 0.0541 0.9535 0.2964
vn -0.9406 -0.2144 -0.2631
vn -0.2810 0.5987 -0.7501
vn 0.2810 -0.5987 0.7500
vn 0.9406 0.2144 0.2631
vn -0.0541 -0.9535 -0.2964
vn 0.6055 -0.1404 -0.7834
vn -0.9468 -0.0453 0.3186
vn -0.3377 0.6699 0.6612
vn -0.1390 0.9505 -0.2778
vn -0.7481 0.2353 -0.6204
vn -0.6091 -0.7152 -0.3427
vn 0.1987 0.2807 -0.9390
vn 0.3377 -0.6699 -0.6612
vn 0.1390 -0.9505 0.2778
vn 0.9468 0.0453 -0.3186
vn 0.7481 -0.2353 0.6205
vn -0.1987 -0.2806 0.9390
vn 0.6091 0.7152 0.3427
vn -0.5712 -0.7042 0.4217
vn -0.3174 -0.1969 0.9276
vn 0.4679 -0.8834 -0.0273
vn 0.8248 0.4253 0.3725
vn -0.4679 0.8834 0.0273
vn 0.3174 0.1969 -0.9276
vn -0.9296 0.1508 0.3362
vn 0.0228 0.6419 0.7664
vn -0.5631 0.3781 -0.7348
vn 0.3894 0.8692 -0.3047
vn -0.3894 -0.8692 0.3047
vn 0.5630 -0.3781 0.7349
vn -0.0228 -0.6419 -0.7664
vn 0.9296 -0.1508 -0.3363
vn -0.9141 0.3239 -0.2441
vn -0.5553 0.4854 0.6753
vn 0.2524 0.9254 0.2828
vn -0.1064 0.7638 -0.6366
vn -0.3588 -0.1616 -0.9193
vn 0.8077 0.4400 -0.3925
vn 0.5553 -0.4854 -0.6753
vn -0.2524 -0.9254 -0.2828
vn 0.9141 -0.3239 0.2441
vn 0.1064 -0.7638 0.6366
vn -0.8077 -0.4400 0.3925
vn 0.3588 0.1616 0.9193
vn -0.8248 -0.4253 -0.3725
vn -0.0397 0.0237 0.9989
vn 0.5455 -0.8371 0.0415
vn 0.8372 0.5465 0.0203
vn -0.5455 0.8371 -0.0415
vn 0.0397 -0.0237 -0.9989
vn -0.8212 0.1815 0.5411
vn 0.1455 0.8125 0.5645
vn -0.7754 0.1541 -0.6124
vn 0.1913 0.7852 -0.5890
vn -0.1913 -0.7852 0.5890
vn 0.7754 -0.1541 0.6124
vn -0.1455 -0.8125 -0.5645
vn 0.8212 -0.1814 -0.5410
vn -0.9777 0.2055 -0.0437
vn -0.4138 0.6087 0.6770
vn 0.2063 0.9784 -0.0150
vn -0.3576 0.5751 -0.7357
vn -0.5639 -0.4032 -0.7207
vn 0.6200 0.3697 -0.6920
vn 0.4138 -0.6087 -0.6770
vn -0.2063 -0.9784 0.0150
vn 0.9777 -0.2055 0.0437
vn 0.3577 -0.5751 0.7357
vn -0.6200 -0.3697 0.6920
vn 0.5639 0.4032 0.7207
vn -0.8372 -0.5465 -0.0203
vn 0.3027 -0.0669 0.9508
vn 0.2145 0.9767 0.0004
vn -0.9286 0.2038 0.3100
vn -0.2145 -0.9767 -0.0004
vn -0.3026 0.0669 -0.9508
vn 0.5870 -0.7202 0.3697
vn -0.4853 -0.4848 0.7276
vn 0.2376 -0.6430 -0.7281
vn -0.8347 -0.4076 -0.3702
vn 0.8347 0.4076 0.3702
vn -0.2376 0.6430 0.7281
vn 0.4853 0.4849 -0.7276
vn -0.5870 0.7202 -0.3697
vn 0.5050 -0.8348 -0.2195
vn 0.0623 -0.7380 0.6720
vn -0.8083 -0.5465 0.2189
vn -0.3657 -0.6433 -0.6726
vn 0.4426 -0.0968 -0.8915
vn -0.8707 0.1914 -0.4531
vn -0.0623 0.7380 -0.6720
vn 0.8083 0.5465 -0.2189
vn -0.5050 0.8348 0.2195
vn 0.3657 0.6433 0.6726
vn 0.8707 -0.1914 0.4531
vn -0.4427 0.0968 0.8915
vn 0.9286 -0.2038 -0.3100
vn 0.5345 0.1404 0.8334
vn 0.2953 -0.9550 -0.0285
vn 0.7919 0.2614 -0.5519
vn -0.2953 0.9550 0.0285
vn -0.5345 -0.1404 -0.8335
vn -0.3192 0.4815 0.8163
vn 0.5953 0.7833 0.1790
vn -0.9363 0.3194 -0.1461
vn -0.0219 0.6212 -0.7833
vn 0.0219 -0.6212 0.7834
vn 0.9363 -0.3194 0.1461
vn -0.5953 -0.7833 -0.1791
vn 0.3192 -0.4815 -0.8163
vn -0.7688 0.4904 0.4104
vn 0.1691 0.7746 0.6095
vn 0.3511 0.8601 -0.3701
vn -0.5868 0.5760 -0.5692
vn -0.9379 -0.2841 -0.1991
vn 0.1821 0.0855 -0.9796
vn -0.1691 -0.7745 -0.6095
vn -0.3511 -0.8601 0.3701
vn 0.7688 -0.4904 -0.4104
vn 0.5868 -0.5760 0.5692
vn -0.1821 -0.0855 0.9796
vn 0.9379 0.2841 0.1991
vn -0.7919 -0.2614 0.5519
vn -0.0364 -0.0817 0.9960
vn 0.8467 -0.5319 -0.0127
vn 0.5309 0.8428 0.0886
vn -0.8467 0.5319 0.0127
vn 0.0364 0.0817 -0.9960
vn -0.8163 -0.2267 0.5312
vn -0.2033 0.7465 0.6335
vn -0.7743 -0.1323 -0.6188
vn -0.1614 0.8409 -0.5165
vn 0.1614 -0.8409 0.5166
vn 0.7743 0.1323 0.6188
vn 0.2033 -0.7465 -0.6335
vn 0.8163 0.2267 -0.5313
vn -0.9741 -0.2198 -0.0536
vn -0.6244 0.3183 0.7133
vn -0.2233 0.9721 0.0716
vn -0.5730 0.4339 -0.6953
vn -0.3497 -0.5382 -0.7669
vn 0.4011 0.6538 -0.6416
vn 0.6244 -0.3183 -0.7133
vn 0.2233 -0.9721 -0.0716
vn 0.9741 0.2198 0.0536
vn 0.5730 -0.4339 0.6953
vn -0.4011 -0.6538 0.6417
vn 0.3497 0.5382 0.7669
vn -0.5309 -0.8428 -0.0886
vn 0.0791 -0.1719 0.9819
vn 0.9513 0.3075 -0.0228
vn -0.2980 0.9359 0.1878
vn -0.9513 -0.3075 0.0228
vn -0.0791 0.1719 -0.9819
vn -0.3315 -0.8171 0.4717
vn -0.6756 0.2636 0.6886
vn -0.4229 -0.6186 -0.6622
vn -0.7670 0.4620 -0.4453
vn 0.7670 -0.4620 0.4453
vn 0.4229 0.6186 0.6622
vn 0.6756 -0.2636 -0.6885
vn 0.3315 0.8171 -0.4717
vn -0.4619 -0.8792 -0.1166
vn -0.6167 -0.3389 0.7105
vn -0.8834 0.4444 0.1489
vn -0.7286 -0.0959 -0.6782
vn 0.1548 -0.5403 -0.8271
vn -0.2667 0.7833 -0.5616
vn 0.6167 0.3389 -0.7105
vn 0.8834 -0.4444 -0.1489
vn 0.4619 0.8792 0.1166
vn 0.7286 0.0959 0.6782
vn 0.2667 -0.7833 0.5615
vn -0.1548 0.5403 0.8271
vn 0.2980 -0.9359 -0.1878
vn 0.5320 0.5346 0.6566
vn 0.7597 -0.6438 -0.0913
vn 0.3740 0.5474 -0.7487
vn -0.7597 0.6438 0.0913
vn -0.5320 -0.5346 -0.6566
vn -0.3474 0.3643 0.8640
vn 0.0844 0.9964 -0.0004
vn -0.9617 -0.2530 0.1058
vn -0.5298 0.3791 -0.7587
vn 0.5298 -0.3791 0.7587
vn 0.9617 0.2530 -0.1058
vn -0.0844 -0.9964 0.0004
vn 0.3474 -0.3643 -0.8640
vn -0.8016 0.0682 0.5939
vn -0.1610 0.8333 0.5288
vn -0.2727 0.8423 -0.4649
vn -0.9133 0.0772 -0.3998
vn -0.6406 -0.7651 0.0651
vn -0.1117 0.0090 -0.9937
vn 0.1610 -0.8333 -0.5289
vn 0.2727 -0.8423 0.4649
vn 0.8016 -0.0682 -0.5939
vn 0.9134 -0.0772 0.3998
vn 0.1117 -0.0090 0.9937
vn 0.6406 0.7651 -0.0651
vn -0.3740 -0.5474 0.7487
vn 0.3064 -0.3096 0.9001
vn 0.8161 0.5722 -0.0810
vn -0.4900 0.7594 0.4280
vn -0.8161 -0.5722 0.0810
vn -0.3064 0.3096 -0.9001
vn -0.0113 -0.9476 0.3193
vn -0.5772 -0.0707 0.8136
vn -0.3651 -0.5901 -0.7201
vn -0.9310 0.2868 -0.2258
vn 0.9310 -0.2868 0.2258
vn 0.3651 0.5901 0.7201
vn 0.5772 0.0707 -0.8135
vn 0.0113 0.9476 -0.3193
vn -0.2305 -0.9416 -0.2454
vn -0.3604 -0.6236 0.6937
vn -0.9236 0.1323 0.3599
vn -0.7937 -0.1857 -0.5792
vn 0.1298 -0.3180 -0.9392
vn -0.5632 0.7559 -0.3338
vn 0.3604 0.6236 -0.6937
vn 0.9236 -0.1323 -0.3599
vn 0.2306 0.9416 0.2454
vn 0.7937 0.1857 0.5793
vn 0.5632 -0.7559 0.3338
vn -0.1298 0.3180 0.9392
vn 0.4900 -0.7594 -0.4280
vn -0.1618 -0.0659 0.9846
vn 0.2195 -0.9752 -0.0292
vn 0.9621 0.2114 0.1722
vn -0.2195 0.9752 0.0292
vn 0.1618 0.0659 -0.9846
vn -0.7756 0.4029 0.4859
vn 0.3353 0.6470 0.6848
vn -0.5888 0.4790 -0.6511
vn 0.5222 0.7231 -0.4522
vn -0.5222 -0.7231 0.4522
vn 0.5888 -0.4790 0.6510
vn -0.3353 -0.6470 -0.6848
vn 0.7756 -0.4029 -0.4859
vn -0.8355 0.5401 -0.1011
vn -0.2696 0.6430 0.7169
vn 0.5251 0.8390 0.1424
vn -0.0408 0.7362 -0.6756
vn -0.5659 -0.1029 -0.8180
vn 0.7947 0.1961 -0.5744
vn 0.2696 -0.6430 -0.7169
vn -0.5251 -0.8390 -0.1424
vn 0.8355 -0.5401 0.1011
vn 0.0408 -0.7362 0.6756
vn -0.7947 -0.1961 0.5744
vn 0.5659 0.1029 0.8180
vn -0.9621 -0.2114 -0.1722
vn 0.1647 0.3768 0.9115
vn 0.8029 -0.5880 0.0980
vn 0.5729 0.7157 -0.3994
vn -0.8029 0.5880 -0.0980
vn -0.1647 -0.3768 -0.9115
vn -0.6992 0.1438 0.7003
vn -0.0377 0.9703 0.2391
vn -0.8894 -0.2913 -0.3523
vn -0.2279 0.5351 -0.8135
vn 0.2279 -0.5351 0.8135
vn 0.8894 0.2913 0.3523
vn 0.0377 -0.9703 -0.2391
vn 0.6992 -0.1438 -0.7003
vn -0.9728 -0.0903 0.2131
vn -0.4513 0.6822 0.5752
vn -0.1626 0.9219 -0.3517
vn -0.6842 0.1493 -0.7138
vn -0.5216 -0.7726 -0.3621
vn 0.2887 0.2396 -0.9270
vn 0.4513 -0.6822 -0.5752
vn 0.1626 -0.9219 0.3517
vn 0.9728 0.0903 -0.2131
vn 0.6842 -0.1493 0.7138
vn -0.2887 -0.2396 0.9270
vn 0.5216 0.7725 0.3621
vn -0.5729 -0.7157 0.3994
vn 0.3656 -0.1201 0.9230
vn 0.3296 0.9441 -0.0077
vn -0.8705 0.3070 0.3847
vn -0.3296 -0.9441 0.0077
vn -0.3656 0.1201 -0.9230
vn 0.5234 -0.7917 0.3152
vn -0.4818 -0.4372 0.7595
vn 0.1012 -0.6530 -0.7506
vn -0.9039 -0.2985 -0.3063
vn 0.9039 0.2985 0.3063
vn -0.1012 0.6530 0.7506
vn 0.4818 0.4371 -0.7595
vn -0.5234 0.7917 -0.3152
vn 0.3825 -0.8847 -0.2666
vn 0.0255 -0.7525 0.6581
vn -0.8486 -0.4505 0.2775
vn -0.4916 -0.5827 -0.6472
vn 0.3570 -0.1322 -0.9247
vn -0.8740 0.3020 -0.3806
vn -0.0255 0.7525 -0.6581
vn 0.8486 0.4505 -0.2775
vn -0.3825 0.8847 0.2666
vn 0.4916 0.5827 0.6472
vn 0.8740 -0.3020 0.3806
vn -0.3570 0.1322 0.9247
vn 0.8705 -0.3070 -0.3847
vn 0.0008 -0.1366 0.9906
vn 0.9559 0.2911 0.0394
vn -0.2938 0.9469 0.1308
vn -0.9559 -0.2911 -0.0394
vn -0.0008 0.1366 -0.9906
vn -0.3818 -0.7936 0.4737
vn -0.7211 0.2997 0.6247
vn -0.3827 -0.6359 -0.6702
vn -0.7219 0.4574 -0.5192
vn 0.7219 -0.4574 0.5192
vn 0.3827 0.6359 0.6702
vn 0.7210 -0.2998 -0.6247
vn 0.3818 0.7936 -0.4737
vn -0.4682 -0.8754 -0.1203
vn -0.6754 -0.3024 0.6726
vn -0.8836 0.4637 0.0646
vn -0.6764 -0.1093 -0.7283
vn 0.2072 -0.5730 -0.7930
vn -0.2083 0.7661 -0.6080
vn 0.6754 0.3024 -0.6726
vn 0.8836 -0.4637 -0.0646
vn 0.4682 0.8754 0.1203
vn 0.6764 0.1093 0.7283
vn 0.2083 -0.7661 0.6080
vn -0.2072 0.5730 0.7929
vn 0.2938 -0.9469 -0.1308
vn 0.4929 0.3554 0.7942
vn 0.6781 -0.7289 -0.0946
vn 0.5452 0.5852 -0.6003
vn -0.6781 0.7289 0.0946
vn -0.4929 -0.3554 -0.7942
vn -0.4217 0.2882 0.8597
vn 0.2078 0.9639 0.1666
vn -0.9908 -0.1223 -0.0573
vn -0.3613 0.5534 -0.7505
vn 0.3613 -0.5535 0.7504
vn 0.9908 0.1223 0.0574
vn -0.2078 -0.9639 -0.1666
vn 0.4217 -0.2882 -0.8597
vn -0.8650 0.1016 0.4914
vn -0.1310 0.7667 0.6285
vn -0.0940 0.9292 -0.3575
vn -0.8280 0.2640 -0.4946
vn -0.7340 -0.6651 -0.1371
vn 0.0370 0.1624 -0.9860
vn 0.1310 -0.7667 -0.6285
vn 0.0940 -0.9292 0.3575
vn 0.8650 -0.1016 -0.4914
vn 0.8280 -0.2640 0.4947
vn -0.0370 -0.1624 0.9860
vn 0.7340 0.6651 0.1371
vn -0.5452 -0.5852 0.6003
vn -0.2115 0.1801 0.9606
vn 0.6463 0.7631 -0.0007
vn -0.7332 0.6207 -0.2778
vn -0.6463 -0.7631 0.0007
vn 0.2115 -0.1801 -0.9606
vn -0.0719 -0.6950 0.7154
vn -0.9186 0.0218 0.3947
vn 0.1723 -0.9029 -0.3938
vn -0.6743 -0.1861 -0.7146
vn 0.6743 0.1861 0.7146
vn -0.1723 0.9029 0.3938
vn 0.9186 -0.0218 -0.3947
vn 0.0719 0.6950 -0.7154
vn 0.0614 -0.9785 0.1969
vn -0.6066 -0.4122 0.6798
vn -0.9754 -0.1007 -0.1959
vn -0.3075 -0.6669 -0.6787
vn 0.6680 -0.5662 -0.4829
vn -0.3689 0.3116 -0.8757
vn 0.6066 0.4122 -0.6798
vn 0.9754 0.1007 0.1959
vn -0.0614 0.9785 -0.1969
vn 0.3075 0.6669 0.6788
vn 0.3689 -0.3116 0.8757
vn -0.6680 0.5662 0.4829
vn 0.7332 -0.6207 0.2778
vn -0.6215 -0.2507 0.7422
vn 0.4186 -0.9071 0.0441
vn 0.6622 0.3381 0.6687
vn -0.4186 0.9071 -0.0441
vn 0.6215 0.2507 -0.7423
vn -0.9828 0.1838 0.0170
vn -0.2181 0.5742 0.7891
vn -0.2652 0.4733 -0.8400
vn 0.4995 0.8637 -0.0679
vn -0.4995 -0.8637 0.0679
vn 0.2652 -0.4733 0.8400
vn 0.2181 -0.5742 -0.7891
vn 0.9828 -0.1838 -0.0170
vn -0.7643 0.4023 -0.5040
vn -0.7354 0.4641 0.4937
vn 0.1723 0.8805 0.4417
vn 0.1434 0.8187 -0.5560
vn -0.0288 -0.0618 -0.9977
vn 0.9077 0.4164 -0.0520
vn 0.7354 -0.4641 -0.4937
vn -0.1723 -0.8805 -0.4417
vn 0.7643 -0.4023 0.5040
vn -0.1434 -0.8187 0.5560
vn -0.9077 -0.4164 0.0520
vn 0.0289 0.0618 0.9977
vn -0.6622 -0.3381 -0.6687
vn 0.1014 0.4375 0.8935
vn 0.9655 -0.2598 0.0177
vn 0.2399 0.8609 -0.4488
vn -0.9655 0.2598 -0.0177
vn -0.1014 -0.4375 -0.8935
vn -0.6374 -0.0944 0.7647
vn -0.3604 0.8996 0.2465
vn -0.7544 -0.5996 -0.2670
vn -0.4775 0.3944 -0.7852
vn 0.4775 -0.3944 0.7852
vn 0.7545 0.5996 0.2670
vn 0.3604 -0.8996 -0.2466
vn 0.6374 0.0944 -0.7647
vn -0.8523 -0.4250 0.3048
vn -0.6110 0.4931 0.6193
vn -0.5131 0.7924 -0.3298
vn -0.7544 -0.1257 -0.6443
vn -0.2413 -0.9181 -0.3145
vn 0.0979 0.2994 -0.9491
vn 0.6110 -0.4931 -0.6193
vn 0.5131 -0.7924 0.3298
vn 0.8523 0.4250 -0.3048
vn 0.7544 0.1256 0.6443
vn -0.0979 -0.2993 0.9491
vn 0.2413 0.9181 0.3145
vn -0.2399 -0.8609 0.4488
vn 0.1345 0.1619 0.9776
vn 0.6064 -0.7937 0.0480
vn 0.7837 0.5864 -0.2049
vn -0.6064 0.7937 -0.0480
vn -0.1345 -0.1619 -0.9776
vn -0.7249 0.2132 0.6550
vn 0.1800 0.8903 0.4184
vn -0.8802 0.0262 -0.4738
vn 0.0247 0.7033 -0.7105
vn -0.0247 -0.7033 0.7105
vn 0.8802 -0.0262 0.4738
vn -0.1800 -0.8903 -0.4184
vn 0.7249 -0.2132 -0.6550
vn -0.9830 0.1466 0.1110
vn -0.3337 0.6757 0.6573
vn 0.1254 0.9759 -0.1789
vn -0.5239 0.4468 -0.7252
vn -0.6493 -0.5291 -0.5464
vn 0.4591 0.3001 -0.8362
vn 0.3337 -0.6757 -0.6573
vn -0.1254 -0.9759 0.1789
vn 0.9830 -0.1466 -0.1110
vn 0.5239 -0.4468 0.7252
vn -0.4591 -0.3001 0.8362
vn 0.6493 0.5291 0.5463
vn -0.7837 -0.5864 0.2049
vn 0.4019 0.1571 0.9021
vn 0.3335 -0.9426 0.0156
vn 0.8528 0.2945 -0.4312
vn -0.3335 0.9426 -0.0156
vn -0.4019 -0.1572 -0.9021
vn -0.4529 0.4649 0.7608
vn 0.5319 0.8050 0.2628
vn -0.9169 0.2835 -0.2809
vn 0.0678 0.6235 -0.7788
vn -0.0678 -0.6235 0.7788
vn 0.9169 -0.2834 0.2809
vn -0.5319 -0.8050 -0.2628
vn 0.4529 -0.4649 -0.7608
vn -0.8388 0.4583 0.2939
vn 0.0484 0.7777 0.6268
vn 0.3672 0.8748 -0.3160
vn -0.5200 0.5554 -0.6490
vn -0.8872 -0.3194 -0.3330
vn 0.3188 0.0971 -0.9428
vn -0.0484 -0.7777 -0.6268
vn -0.3672 -0.8748 0.3160
vn 0.8388 -0.4583 -0.2939
vn 0.5200 -0.5554 0.6490
vn -0.3189 -0.0972 0.9428
vn 0.8872 0.3194 0.3330
vn -0.8528 -0.2945 0.4312
vn -0.0014 0.2040 0.9790
vn 0.9720 0.2303 -0.0466
vn -0.2350 0.9515 -0.1986
vn -0.9720 -0.2303 0.0466
vn 0.0014 -0.2040 -0.9790
vn -0.4264 -0.5645 0.7068
vn -0.6977 0.5342 0.4774
vn -0.4247 -0.8001 -0.4236
vn -0.6960 0.2986 -0.6530
vn 0.6960 -0.2986 0.6530
vn 0.4247 0.8001 0.4237
vn 0.6977 -0.5342 -0.4774
vn 0.4264 0.5645 -0.7068
vn -0.5212 -0.8357 0.1734
vn -0.6883 -0.0186 0.7252
vn -0.8534 0.5100 -0.1075
vn -0.6863 -0.3071 -0.6593
vn 0.1672 -0.8171 -0.5518
vn -0.1651 0.5286 -0.8327
vn 0.6883 0.0186 -0.7252
vn 0.8534 -0.5100 0.1075
vn 0.5212 0.8357 -0.1734
vn 0.6863 0.3071 0.6593
vn 0.1651 -0.5286 0.8327
vn -0.1672 0.8170 0.5518
vn 0.2350 -0.9515 0.1986
vn -0.1402 -0.6393 0.7561
vn 0.9826 -0.1840 0.0267
vn 0.1221 0.7467 0.6539
vn -0.9826 0.1840 -0.0267
vn 0.1403 0.6392 -0.7561
vn -0.7187 -0.6939 0.0436
vn -0.5778 0.1683 0.7987
vn -0.5568 0.0442 -0.8295
vn -0.4158 0.9064 -0.0744
vn 0.4158 -0.9064 0.0744
vn 0.5568 -0.0442 0.8295
vn 0.5778 -0.1682 -0.7987
vn 0.7187 0.6939 -0.0436
vn -0.7811 -0.3979 -0.4813
vn -0.7940 -0.3219 0.5158
vn -0.6085 0.6581 0.4435
vn -0.5956 0.5821 -0.5535
vn 0.0129 -0.0759 -0.9970
vn 0.1855 0.9800 -0.0723
vn 0.7940 0.3219 -0.5158
vn 0.6085 -0.6581 -0.4435
vn 0.7811 0.3979 0.4813
vn 0.5956 -0.5821 0.5535
vn -0.1855 -0.9800 0.0723
vn -0.0129 0.0760 0.9970
vn -0.1221 -0.7467 -0.6539
vn -0.3436 0.2624 0.9017
vn 0.5982 0.8013 -0.0052
vn -0.7239 0.5376 -0.4323
vn -0.5982 -0.8013 0.0052
vn 0.3436 -0.2624 -0.9017
vn -0.1258 -0.6215 0.7732
vn -0.9617 -0.0008 0.2740
vn 0.2710 -0.9245 -0.2680
vn -0.5649 -0.3037 -0.7672
vn 0.5649 0.3038 0.7672
vn -0.2710 0.9245 0.2680
vn 0.9617 0.0008 -0.2740
vn 0.1258 0.6215 -0.7732
vn 0.0889 -0.9468 0.3094
vn -0.6660 -0.3811 0.6413
vn -0.9349 -0.1865 -0.3020
vn -0.1800 -0.7522 -0.6339
vn 0.7549 -0.5657 -0.3319
vn -0.2689 0.1946 -0.9433
vn 0.6660 0.3811 -0.6413
vn 0.9349 0.1865 0.3020
vn -0.0889 0.9468 -0.3094
vn 0.1800 0.7522 0.6339
vn 0.2689 -0.1946 0.9433
vn -0.7549 0.5657 0.3319
vn 0.7239 -0.5376 0.4323
vn 0.1646 0.0417 0.9855
vn 0.6634 -0.7441 -0.0793
vn 0.7300 0.6668 -0.1501
vn -0.6634 0.7441 0.0793
vn -0.1646 -0.0417 -0.9855
vn -0.7094 0.0687 0.7014
vn 0.1335 0.8386 0.5281
vn -0.8995 0.0206 -0.4365
vn -0.0565 0.7905 -0.6099
vn 0.0566 -0.7905 0.6098
vn 0.8995 -0.0206 0.4365
vn -0.1335 -0.8386 -0.5281
vn 0.7094 -0.0687 -0.7014
vn -0.9852 0.0547 0.1622
vn -0.3527 0.5556 0.7529
vn 0.0471 0.9976 -0.0501
vn -0.5854 0.4967 -0.6408
vn -0.6326 -0.5010 -0.5907
vn 0.3998 0.4420 -0.8030
vn 0.3527 -0.5556 -0.7529
vn -0.0471 -0.9976 0.0501
vn 0.9852 -0.0546 -0.1622
vn 0.5854 -0.4967 0.6408
vn -0.3998 -0.4420 0.8030
vn 0.6326 0.5010 0.5907
vn -0.7300 -0.6668 0.1501
vn 0.2434 -0.7664 0.5945
vn 0.9631 0.2635 -0.0546
vn -0.1148 0.5858 0.8023
vn -0.9631 -0.2635 0.0546
vn -0.2434 0.7664 -0.5945
vn -0.3493 -0.9328 -0.0884
vn -0.4818 -0.2563 0.8379
vn -0.6303 -0.0479 -0.7749
vn -0.7628 0.6286 0.1515
vn 0.7628 -0.6286 -0.1515
vn 0.6303 0.0478 0.7749
vn 0.4818 0.2564 -0.8379
vn 0.3493 0.9328 0.0884
vn -0.5999 -0.6006 -0.5287
vn -0.5090 -0.7282 0.4590
vn -0.7622 0.2280 0.6059
vn -0.8531 0.3556 -0.3818
vn -0.0909 0.1277 -0.9876
vn -0.2532 0.9562 0.1469
vn 0.5090 0.7282 -0.4590
vn 0.7622 -0.2279 -0.6059
vn 0.5999 0.6005 0.5287
vn 0.8531 -0.3556 0.3818
vn 0.2532 -0.9562 -0.1469
vn 0.0909 -0.1277 0.9876
vn 0.1148 -0.5858 -0.8023
vn -0.5564 0.3513 0.7530
vn 0.5101 0.8598 -0.0242
vn -0.6559 0.3707 -0.6576
vn -0.5101 -0.8598 0.0242
vn 0.5564 -0.3513 -0.7530
vn -0.2371 -0.5076 0.8284
vn -0.9944 -0.0796 0.0691
vn 0.4054 -0.9132 -0.0411
vn -0.3520 -0.4852 -0.8004
vn 0.3520 0.4852 0.8004
vn -0.4054 0.9132 0.0411
vn 0.9944 0.0796 -0.0690
vn 0.2371 0.5076 -0.8284
vn 0.1031 -0.8700 0.4821
vn -0.7541 -0.3596 0.5495
vn -0.8245 -0.3458 -0.4479
vn 0.0327 -0.8563 -0.5154
vn 0.8572 -0.5105 -0.0675
vn -0.0704 0.0137 -0.9974
vn 0.7541 0.3596 -0.5495
vn 0.8245 0.3459 0.4479
vn -0.1031 0.8700 -0.4821
vn -0.0327 0.8564 0.5154
vn 0.0704 -0.0137 0.9974
vn -0.8572 0.5105 0.0675
vn 0.6559 -0.3707 0.6576
vn -0.4182 0.5813 0.6980
vn 0.8186 0.5743 0.0122
vn -0.3937 0.5764 -0.7160
vn -0.8186 -0.5743 -0.0122
vn 0.4182 -0.5813 -0.6980
vn -0.4867 -0.3288 0.8093
vn -0.9414 0.3368 -0.0175
vn -0.0038 -1.0000 0.0034
vn -0.4584 -0.3344 -0.8234
vn 0.4585 0.3344 0.8234
vn 0.0038 1.0000 -0.0034
vn 0.9414 -0.3368 0.0175
vn 0.4867 0.3288 -0.8093
vn -0.3004 -0.8137 0.4977
vn -0.8746 0.0050 0.4849
vn -0.8572 0.0015 -0.5149
vn -0.2831 -0.8171 -0.5022
vn 0.5742 -0.8186 0.0128
vn 0.0173 -0.0034 -0.9998
vn 0.8746 -0.0050 -0.4849
vn 0.8572 -0.0015 0.5149
vn 0.3004 0.8137 -0.4977
vn 0.2831 0.8171 0.5022
vn -0.0173 0.0034 0.9998
vn -0.5742 0.8186 -0.0128
vn 0.3937 -0.5764 0.7160
vn 0.2447 -0.5319 0.8107
vn 0.8148 0.5660 0.1254
vn -0.5256 0.6298 0.5719
vn -0.8148 -0.5660 -0.1254
vn -0.2447 0.5319 -0.8107
vn -0.0257 -0.9975 0.0654
vn -0.6326 -0.2703 0.7258
vn -0.3083 -0.3833 -0.8707
vn -0.9152 0.3439 -0.2103
vn 0.9152 -0.3439 0.2102
vn 0.3083 0.3833 0.8707
vn 0.6326 0.2703 -0.7258
vn 0.0257 0.9975 -0.0654
vn -0.2045 -0.8456 -0.4931
vn -0.4031 -0.7764 0.4845
vn -0.9478 0.0451 0.3157
vn -0.7492 -0.0241 -0.6619
vn 0.1986 -0.0692 -0.9776
vn -0.5447 0.8215 -0.1688
vn 0.4031 0.7764 -0.4845
vn 0.9478 -0.0451 -0.3157
vn 0.2045 0.8456 0.4931
vn 0.7492 0.0241 0.6619
vn 0.5447 -0.8215 0.1688
vn -0.1986 0.0692 0.9776
vn 0.5256 -0.6298 -0.5719
vn 0.5165 0.5929 0.6179
vn 0.7782 -0.6261 -0.0498
vn 0.3573 0.5065 -0.7847
vn -0.7782 0.6261 0.0498
vn -0.5165 -0.5929 -0.6179
vn -0.3574 0.4113 0.8385
vn 0.0552 0.9962 -0.0676
vn -0.9538 -0.2733 0.1251
vn -0.5412 0.3116 -0.7810
vn 0.5412 -0.3116 0.7810
vn 0.9538 0.2733 -0.1251
vn -0.0552 -0.9962 0.0676
vn 0.3574 -0.4113 -0.8385
vn -0.8029 0.0845 0.5901
vn -0.1850 0.8619 0.4721
vn -0.2976 0.8008 -0.5197
vn -0.9155 0.0235 -0.4017
vn -0.6179 -0.7774 0.1180
vn -0.1126 -0.0611 -0.9918
vn 0.1850 -0.8619 -0.4721
vn 0.2976 -0.8008 0.5197
vn 0.8029 -0.0845 -0.5901
vn 0.9155 -0.0235 0.4017
vn 0.1126 0.0610 0.9918
vn 0.6179 0.7774 -0.1180
vn -0.3573 -0.5065 0.7847
vn -0.0110 0.5090 0.8607
vn 0.9604 -0.2344 0.1509
vn 0.2785 0.8283 -0.4862
vn -0.9604 0.2344 -0.1509
vn 0.0110 -0.5090 -0.8607
vn -0.7216 -0.0490 0.6905
vn -0.4000 0.9074 0.1291
vn -0.7089 -0.6367 -0.3033
vn -0.3873 0.3197 -0.8648
vn 0.3873 -0.3197 0.8648
vn 0.7089 0.6367 0.3033
vn 0.4000 -0.9074 -0.1291
vn 0.7217 0.0490 -0.6905
vn -0.8760 -0.4199 0.2371
vn -0.6869 0.5256 0.5019
vn -0.4821 0.7514 -0.4505
vn -0.6713 -0.1942 -0.7153
vn -0.1892 -0.9456 -0.2648
vn 0.2047 0.2258 -0.9524
vn 0.6869 -0.5256 -0.5019
vn 0.4821 -0.7514 0.4505
vn 0.8760 0.4199 -0.2371
vn 0.6713 0.1942 0.7153
vn -0.2047 -0.2258 0.9524
vn 0.1892 0.9456 0.2648
vn -0.2785 -0.8283 0.4862
vn -0.4965 0.4656 0.7326
vn 0.6044 0.7912 -0.0932
vn -0.6230 0.3966 -0.6743
vn -0.6044 -0.7912 0.0932
vn 0.4965 -0.4656 -0.7326
vn -0.2759 -0.4170 0.8660
vn -0.9953 0.0409 0.0874
vn 0.2974 -0.9545 0.0201
vn -0.4220 -0.4966 -0.7585
vn 0.4220 0.4966 0.7585
vn -0.2974 0.9545 -0.0201
vn 0.9953 -0.0409 -0.0875
vn 0.2760 0.4169 -0.8660
vn 0.0131 -0.8399 0.5426
vn -0.7785 -0.2302 0.5839
vn -0.8679 -0.2791 -0.4109
vn -0.0763 -0.8887 -0.4521
vn 0.7916 -0.6096 -0.0413
vn -0.0894 -0.0488 -0.9948
vn 0.7785 0.2302 -0.5839
vn 0.8679 0.2791 0.4109
vn -0.0131 0.8399 -0.5426
vn 0.0763 0.8887 0.4522
vn 0.0894 0.0488 0.9948
vn -0.7916 0.6096 0.0412
vn 0.6230 -0.3966 0.6743
vn -0.5704 0.4853 0.6627
vn 0.6448 0.7644 -0.0047
vn -0.5088 0.4246 -0.7489
vn -0.6448 -0.7644 0.0047
vn 0.5704 -0.4853 -0.6627
vn -0.4078 -0.4063 0.8177
vn -0.9954 0.0840 -0.0470
vn 0.2508 -0.9666 0.0525
vn -0.3367 -0.4763 -0.8122
vn 0.3367 0.4763 0.8123
vn -0.2508 0.9666 -0.0525
vn 0.9954 -0.0840 0.0471
vn 0.4078 0.4063 -0.8177
vn -0.0961 -0.8407 0.5329
vn -0.8593 -0.1974 0.4719
vn -0.8157 -0.2403 -0.5262
vn -0.0526 -0.8836 -0.4653
vn 0.7631 -0.6434 0.0610
vn 0.0436 -0.0429 -0.9981
vn 0.8593 0.1974 -0.4719
vn 0.8157 0.2402 0.5262
vn 0.0961 0.8407 -0.5329
vn 0.0526 0.8836 0.4653
vn -0.0436 0.0429 0.9981
vn -0.7631 0.6434 -0.0610
vn 0.5088 -0.4246 0.7489
vn 0.1891 0.0295 0.9815
vn 0.5946 -0.7989 -0.0905
vn 0.7815 0.6007 -0.1686
vn -0.5946 0.7989 0.0905
vn -0.1891 -0.0295 -0.9815
vn -0.6853 0.1315 0.7163
vn 0.2171 0.8251 0.5216
vn -0.9036 0.0974 -0.4171
vn -0.0012 0.7911 -0.6117
vn 0.0012 -0.7911 0.6117
vn 0.9036 -0.0975 0.4171
vn -0.2171 -0.8251 -0.5216
vn 0.6853 -0.1315 -0.7163
vn -0.9730 0.1402 0.1832
vn -0.2867 0.5858 0.7581
vn 0.1322 0.9897 -0.0552
vn -0.5541 0.5441 -0.6300
vn -0.6863 -0.4456 -0.5749
vn 0.4189 0.4039 -0.8132
vn 0.2867 -0.5858 -0.7581
vn -0.1322 -0.9897 0.0552
vn 0.9730 -0.1402 -0.1832
vn 0.5541 -0.5441 0.6300
vn -0.4189 -0.4039 0.8132
vn 0.6863 0.4456 0.5748
vn -0.7815 -0.6007 0.1686
vn -0.5851 -0.2830 0.7600
vn 0.4176 -0.9085 -0.0168
vn 0.6952 0.3076 0.6497
vn -0.4176 0.9085 0.0168
vn 0.5851 0.2830 -0.7600
vn -0.9803 0.1835 0.0734
vn -0.1775 0.5387 0.8236
vn -0.3047 0.5103 -0.8042
vn 0.4981 0.8655 -0.0540
vn -0.4981 -0.8655 0.0540
vn 0.3047 -0.5103 0.8042
vn 0.1775 -0.5387 -0.8236
vn 0.9803 -0.1835 -0.0734
vn -0.7869 0.4249 -0.4475
vn -0.7090 0.4423 0.5493
vn 0.1963 0.8599 0.4713
vn 0.1184 0.8425 -0.5255
vn -0.0779 -0.0174 -0.9968
vn 0.9053 0.4176 -0.0780
vn 0.7090 -0.4423 -0.5493
vn -0.1963 -0.8599 -0.4713
vn 0.7869 -0.4249 0.4475
vn -0.1184 -0.8425 0.5255
vn -0.9053 -0.4176 0.0780
vn 0.0779 0.0174 0.9968
vn -0.6952 -0.3076 -0.6497
vn -0.7386 0.1710 0.6521
vn 0.2322 0.9726 0.0078
vn -0.6329 0.1572 -0.7581
vn -0.2322 -0.9726 -0.0078
vn 0.7386 -0.1710 -0.6521
vn -0.1950 -0.5535 0.8097
vn -0.9259 -0.3721 -0.0657
vn 0.6578 -0.7511 0.0567
vn -0.0730 -0.5696 -0.8187
vn 0.0730 0.5696 0.8187
vn -0.6578 0.7511 -0.0567
vn 0.9259 0.3721 0.0657
vn 0.1950 0.5535 -0.8097
vn 0.2834 -0.7989 0.5305
vn -0.6864 -0.5668 0.4556
vn -0.6117 -0.5766 -0.5416
vn 0.3581 -0.8087 -0.4666
vn 0.9698 -0.2321 0.0750
vn 0.0747 -0.0098 -0.9972
vn 0.6864 0.5668 -0.4556
vn 0.6117 0.5766 0.5416
vn -0.2834 0.7989 -0.5305
vn -0.3581 0.8087 0.4666
vn -0.0747 0.0098 0.9972
vn -0.9698 0.2321 -0.0750
vn 0.6329 -0.1572 0.7581
vn 0.1643 0.0595 0.9846
vn 0.2413 -0.9703 0.0183
vn 0.9564 0.2346 -0.1738
vn -0.2413 0.9703 -0.0183
vn -0.1643 -0.0595 -0.9846
vn -0.5967 0.4591 0.6582
vn 0.5077 0.7300 0.4576
vn -0.7864 0.3904 -0.4787
vn 0.3180 0.6613 -0.6794
vn -0.3180 -0.6613 0.6794
vn 0.7864 -0.3904 0.4787
vn -0.5077 -0.7300 -0.4575
vn 0.5966 -0.4591 -0.6582
vn -0.8469 0.5202 0.1099
vn -0.0544 0.7281 0.6833
vn 0.5057 0.8520 -0.1359
vn -0.2868 0.6440 -0.7092
vn -0.7925 -0.2079 -0.5733
vn 0.5601 0.1238 -0.8191
vn 0.0544 -0.7282 -0.6833
vn -0.5057 -0.8520 0.1359
vn 0.8469 -0.5202 -0.1099
vn 0.2868 -0.6440 0.7092
vn -0.5601 -0.1238 0.8191
vn 0.7925 0.2080 0.5733
vn -0.9564 -0.2346 0.1738
vn 0.1308 -0.6830 0.7186
vn 0.9898 0.1310 -0.0556
vn -0.0561 0.7185 0.6932
vn -0.9898 -0.1310 0.0556
vn -0.1308 0.6830 -0.7186
vn -0.4636 -0.8848 0.0468
vn -0.5284 -0.0551 0.8472
vn -0.6146 -0.0961 -0.7830
vn -0.6794 0.7336 0.0175
vn 0.6794 -0.7336 -0.0175
vn 0.6146 0.0961 0.7830
vn 0.5284 0.0551 -0.8472
vn 0.4635 0.8848 -0.0467
vn -0.6602 -0.6007 -0.4509
vn -0.6074 -0.5756 0.5474
vn -0.7396 0.4154 0.5295
vn -0.7924 0.3903 -0.4688
vn -0.0528 -0.0251 -0.9983
vn -0.1322 0.9911 -0.0179
vn 0.6074 0.5756 -0.5474
vn 0.7396 -0.4154 -0.5295
vn 0.6602 0.6007 0.4508
vn 0.7924 -0.3903 0.4688
vn 0.1322 -0.9911 0.0179
vn 0.0528 0.0251 0.9983
vn 0.0562 -0.7185 -0.6932
vn -0.4824 0.4220 0.7676
vn 0.6816 0.7312 0.0264
vn -0.5502 0.5359 -0.6404
vn -0.6816 -0.7312 -0.0264
vn 0.4824 -0.4220 -0.7676
vn -0.3544 -0.4880 0.7977
vn -0.9897 0.1309 0.0582
vn 0.2026 -0.9752 -0.0887
vn -0.4326 -0.3564 -0.8282
vn 0.4326 0.3564 0.8281
vn -0.2026 0.9752 0.0887
vn 0.9897 -0.1309 -0.0582
vn 0.3544 0.4880 -0.7977
vn -0.0930 -0.8960 0.4342
vn -0.8231 -0.2187 0.5241
vn -0.8710 -0.1381 -0.4715
vn -0.1409 -0.8154 -0.5614
vn 0.7301 -0.6774 -0.0899
vn -0.0479 0.0806 -0.9956
vn 0.8231 0.2187 -0.5241
vn 0.8710 0.1381 0.4715
vn 0.0930 0.8960 -0.4342
vn 0.1409 0.8154 0.5614
vn 0.0479 -0.0806 0.9956
vn -0.7301 0.6773 0.0900
vn 0.5502 -0.5359 0.6404
vn -0.2860 -0.1727 0.9426
vn 0.5187 -0.8550 0.0008
vn 0.8057 0.4891 0.3340
vn -0.5187 0.8550 -0.0008
vn 0.2860 0.1727 -0.9426
vn -0.9297 0.1116 0.3509
vn 0.0006 0.6763 0.7366
vn -0.5996 0.3109 -0.7375
vn 0.3308 0.8757 -0.3517
vn -0.3308 -0.8757 0.3518
vn 0.5995 -0.3109 0.7375
vn -0.0006 -0.6763 -0.7366
vn 0.9297 -0.1115 -0.3509
vn -0.9365 0.2587 -0.2367
vn -0.5690 0.4825 0.6660
vn 0.2030 0.9504 0.2357
vn -0.1646 0.7266 -0.6670
vn -0.3675 -0.2238 -0.9027
vn 0.7719 0.4679 -0.4303
vn 0.5690 -0.4825 -0.6660
vn -0.2030 -0.9504 -0.2357
vn 0.9365 -0.2587 0.2367
vn 0.1646 -0.7267 0.6670
vn -0.7719 -0.4679 0.4303
vn 0.3675 0.2238 0.9027
vn -0.8057 -0.4891 -0.3341
vn 0.0924 -0.1485 0.9846
vn 0.7214 0.6916 0.0366
vn -0.6863 0.7069 0.1710
vn -0.7214 -0.6916 -0.0366
vn -0.0924 0.1485 -0.9846
vn 0.0331 -0.8931 0.4486
vn -0.7594 -0.0769 0.6460
vn -0.0736 -0.7217 -0.6883
vn -0.8661 0.0946 -0.4909
vn 0.8661 -0.0946 0.4908
vn 0.0736 0.7217 0.6883
vn 0.7594 0.0769 -0.6460
vn -0.0331 0.8931 -0.4486
vn -0.0248 -0.9889 -0.1468
vn -0.4448 -0.5940 0.6703
vn -0.9954 0.0108 0.0950
vn -0.5754 -0.3840 -0.7221
vn 0.4200 -0.3949 -0.8171
vn -0.5506 0.6048 -0.5753
vn 0.4448 0.5940 -0.6703
vn 0.9954 -0.0108 -0.0950
vn 0.0248 0.9889 0.1468
vn 0.5754 0.3840 0.7221
vn 0.5506 -0.6048 0.5753
vn -0.4200 0.3949 0.8171
vn 0.6863 -0.7069 -0.1710
vn -0.3864 -0.3055 0.8703
vn 0.5980 -0.8014 -0.0157
vn 0.7022 0.5143 0.4923
vn -0.5980 0.8014 0.0157
vn 0.3864 0.3055 -0.8703
vn -0.9738 -0.0106 0.2273
vn -0.1629 0.5833 0.7958
vn -0.5275 0.3421 -0.7776
vn 0.2833 0.9360 -0.2091
vn -0.2833 -0.9360 0.2091
vn 0.5275 -0.3421 0.7776
vn 0.1629 -0.5833 -0.7958
vn 0.9738 0.0106 -0.2273
vn -0.9194 0.2030 -0.3370
vn -0.6961 0.3507 0.6265
vn 0.0737 0.9303 0.3593
vn -0.1496 0.7826 -0.6042
vn -0.2233 -0.1477 -0.9635
vn 0.7698 0.5797 -0.2672
vn 0.6961 -0.3507 -0.6265
vn -0.0737 -0.9303 -0.3593
vn 0.9194 -0.2030 0.3370
vn 0.1496 -0.7826 0.6042
vn -0.7698 -0.5797 0.2672
vn 0.2233 0.1477 0.9635
vn -0.7022 -0.5143 -0.4923
vn -0.5974 0.1575 0.7863
vn 0.3141 0.9481 0.0487
vn -0.7379 0.2761 -0.6159
vn -0.3141 -0.9481 -0.0487
vn 0.5974 -0.1575 -0.7863
vn -0.1002 -0.6159 0.7815
vn -0.9523 -0.2971 0.0703
vn 0.5896 -0.7977 -0.1265
vn -0.2625 -0.4790 -0.8377
vn 0.2625 0.4790 0.8377
vn -0.5896 0.7977 0.1265
vn 0.9523 0.2971 -0.0703
vn 0.1002 0.6159 -0.7815
vn 0.2997 -0.8656 0.4011
vn -0.6445 -0.5591 0.5216
vn -0.7439 -0.4752 -0.4699
vn 0.2003 -0.7818 -0.5905
vn 0.9442 -0.3066 -0.1205
vn -0.0994 0.0838 -0.9915
vn 0.6445 0.5591 -0.5216
vn 0.7439 0.4752 0.4699
vn -0.2997 0.8656 -0.4011
vn -0.2003 0.7818 0.5905
vn 0.0994 -0.0838 0.9915
vn -0.9442 0.3066 0.1205
vn 0.7379 -0.2761 0.6159
vn -0.0076 -0.0044 1.0000
vn 0.4633 -0.8862 -0.0004
vn 0.8862 0.4633 0.0087
vn -0.4633 0.8862 0.0004
vn 0.0076 0.0044 -1.0000
vn -0.7835 0.2417 0.5725
vn 0.2398 0.7766 0.5826
vn -0.7747 0.2467 -0.5822
vn 0.2486 0.7816 -0.5721
vn -0.2486 -0.7816 0.5721
vn 0.7747 -0.2467 0.5822
vn -0.2398 -0.7766 -0.5826
vn 0.7835 -0.2417 -0.5725
vn -0.9542 0.2991 -0.0059
vn -0.3329 0.6235 0.7073
vn 0.2991 0.9542 0.0064
vn -0.3222 0.6297 -0.7068
vn -0.6213 -0.3245 -0.7133
vn 0.6320 0.3307 -0.7009
vn 0.3329 -0.6236 -0.7073
vn -0.2990 -0.9542 -0.0064
vn 0.9542 -0.2991 0.0059
vn 0.3222 -0.6297 0.7068
vn -0.6320 -0.3307 0.7009
vn 0.6213 0.3245 0.7133
vn -0.8862 -0.4632 -0.0087
vn 0.5041 -0.4836 0.7156
vn 0.6981 0.7160 -0.0078
vn -0.5085 0.5035 0.6985
vn -0.6981 -0.7160 0.0078
vn -0.5041 0.4836 -0.7156
vn 0.1816 -0.9833 0.0144
vn -0.4056 -0.4019 0.8209
vn -0.4005 -0.4248 -0.8119
vn -0.9877 0.1565 -0.0053
vn 0.9877 -0.1565 0.0053
vn 0.4005 0.4248 0.8119
vn 0.4056 0.4019 -0.8209
vn -0.1816 0.9833 -0.0144
vn -0.1340 -0.8623 -0.4884
vn -0.1372 -0.8483 0.5115
vn -0.8532 -0.1503 0.4995
vn -0.8500 -0.1643 -0.5004
vn 0.0031 -0.0140 -0.9999
vn -0.7160 0.6980 -0.0120
vn 0.1372 0.8483 -0.5115
vn 0.8532 0.1503 -0.4995
vn 0.1340 0.8623 0.4884
vn 0.8501 0.1643 0.5004
vn 0.7160 -0.6980 0.0121
vn -0.0031 0.0140 0.9999
vn 0.5085 -0.5035 -0.6985
vn -0.4055 -0.4244 0.8096
vn 0.6891 -0.7238 -0.0344
vn 0.6006 0.5440 0.5860
vn -0.6891 0.7238 0.0344
vn 0.4055 0.4244 -0.8096
vn -0.9787 -0.1412 0.1489
vn -0.2852 0.4869 0.8256
vn -0.5105 0.3489 -0.7859
vn 0.1830 0.9770 -0.1093
vn -0.1830 -0.9770 0.1093
vn 0.5105 -0.3489 0.7859
vn 0.2852 -0.4869 -0.8256
vn 0.9787 0.1412 -0.1489
vn -0.9120 0.1272 -0.3901
vn -0.7740 0.2117 0.5968
vn -0.0626 0.8965 0.4386
vn -0.2006 0.8120 -0.5482
vn -0.1380 -0.0845 -0.9868
vn 0.7114 0.6848 -0.1581
vn 0.7740 -0.2117 -0.5968
vn 0.0626 -0.8965 -0.4386
vn 0.9120 -0.1272 0.3901
vn 0.2006 -0.8120 0.5482
vn -0.7114 -0.6848 0.1581
vn 0.1380 0.0845 0.9868
vn -0.6006 -0.5440 -0.5860
vn 0.3586 -0.6378 0.6816
vn 0.8597 0.5102 0.0251
vn -0.3638 0.5770 0.7313
vn -0.8597 -0.5102 -0.0251
vn -0.3586 0.6378 -0.6816
vn -0.0792 -0.9959 -0.0431
vn -0.4993 -0.3297 0.8012
vn -0.4934 -0.2595 -0.8302
vn -0.9134 0.4068 0.0142
vn 0.9134 -0.4068 -0.0142
vn 0.4934 0.2595 0.8302
vn 0.4993 0.3297 -0.8013
vn 0.0792 0.9959 0.0431
vn -0.3506 -0.7688 -0.5348
vn -0.3543 -0.8118 0.4643
vn -0.8651 0.0472 0.4993
vn -0.8615 0.0902 -0.4997
vn 0.0036 0.0430 -0.9991
vn -0.5108 0.8590 0.0351
vn 0.3543 0.8118 -0.4643
vn 0.8651 -0.0472 -0.4993
vn 0.3506 0.7688 0.5348
vn 0.8615 -0.0902 0.4997
vn 0.5108 -0.8590 -0.0351
vn -0.0036 -0.0430 0.9991
vn 0.3638 -0.5770 -0.7313
vn -0.7251 0.2273 0.6501
vn 0.3056 0.9521 0.0080
vn -0.6171 0.2044 -0.7598
vn -0.3056 -0.9521 -0.0080
vn 0.7251 -0.2273 -0.6501
vn -0.2388 -0.5365 0.8094
vn -0.9514 -0.3004 -0.0680
vn 0.5985 -0.7990 0.0588
vn -0.1141 -0.5629 -0.8186
vn 0.1141 0.5629 0.8186
vn -0.5985 0.7990 -0.0588
vn 0.9514 0.3004 0.0680
vn 0.2388 0.5365 -0.8094
vn 0.2203 -0.8178 0.5316
vn -0.7288 -0.5125 0.4540
vn -0.6525 -0.5287 -0.5429
vn 0.2966 -0.8340 -0.4653
vn 0.9491 -0.3053 0.0776
vn 0.0763 -0.0162 -0.9970
vn 0.7288 0.5125 -0.4540
vn 0.6525 0.5287 0.5429
vn -0.2203 0.8178 -0.5317
vn -0.2966 0.8340 0.4653
vn -0.0763 0.0162 0.9970
vn -0.9491 0.3053 -0.0776
vn 0.6171 -0.2044 0.7598
vn 0.0144 0.1592 0.9871
vn 0.9537 -0.2989 0.0343
vn 0.3005 0.9409 -0.1561
vn -0.9537 0.2989 -0.0343
vn -0.0144 -0.1592 -0.9871
vn -0.7158 -0.2788 0.6403
vn -0.3688 0.8077 0.4600
vn -0.7324 -0.4626 -0.4996
vn -0.3854 0.6239 -0.6799
vn 0.3854 -0.6239 0.6799
vn 0.7324 0.4626 0.4996
vn 0.3688 -0.8077 -0.4600
vn 0.7158 0.2788 -0.6403
vn -0.8868 -0.4540 0.0861
vn -0.6642 0.3239 0.6738
vn -0.4619 0.8767 -0.1346
vn -0.6845 0.0988 -0.7223
vn -0.2226 -0.7779 -0.5876
vn 0.2023 0.5528 -0.8084
vn 0.6642 -0.3239 -0.6738
vn 0.4619 -0.8767 0.1346
vn 0.8868 0.4540 -0.0861
vn 0.6845 -0.0988 0.7223
vn -0.2023 -0.5528 0.8084
vn 0.2226 0.7779 0.5876
vn -0.3005 -0.9409 0.1561
vn 0.0543 0.6715 0.7390
vn 0.9899 -0.1330 0.0482
vn 0.1307 0.7289 -0.6720
vn -0.9899 0.1330 -0.0482
vn -0.0543 -0.6715 -0.7390
vn -0.6157 0.0437 0.7868
vn -0.4648 0.8854 0.0109
vn -0.6783 -0.7317 -0.0665
vn -0.5274 0.1100 -0.8425
vn 0.5274 -0.1100 0.8425
vn 0.6783 0.7317 0.0665
vn 0.4648 -0.8854 -0.0109
vn 0.6157 -0.0437 -0.7868
vn -0.7924 -0.4214 0.4411
vn -0.6616 0.5689 0.4885
vn -0.6076 0.6095 -0.5092
vn -0.7384 -0.3808 -0.5566
vn -0.1308 -0.9903 -0.0474
vn 0.0540 0.0406 -0.9977
vn 0.6616 -0.5689 -0.4885
vn 0.6076 -0.6095 0.5093
vn 0.7924 0.4214 -0.4411
vn 0.7384 0.3808 0.5566
vn -0.0540 -0.0406 0.9977
vn 0.1308 0.9903 0.0474
vn -0.1307 -0.7289 0.6720
vn -0.0107 -0.2234 0.9747
vn 0.8982 0.4262 0.1076
vn -0.4394 0.8766 0.1961
vn -0.8982 -0.4262 -0.1076
vn 0.0107 0.2234 -0.9747
vn -0.2711 -0.8812 0.3874
vn -0.7785 0.1311 0.6138
vn -0.2587 -0.6232 -0.7381
vn -0.7661 0.3891 -0.5116
vn 0.7661 -0.3890 0.5116
vn 0.2587 0.6232 0.7380
vn 0.7785 -0.1311 -0.6138
vn 0.2711 0.8812 -0.3874
vn -0.3244 -0.9212 -0.2147
vn -0.6427 -0.4593 0.6131
vn -0.9459 0.3185 0.0626
vn -0.6275 -0.1434 -0.7653
vn 0.3183 -0.4619 -0.8279
vn -0.3031 0.7778 -0.5505
vn 0.6427 0.4593 -0.6131
vn 0.9459 -0.3185 -0.0626
vn 0.3244 0.9212 0.2147
vn 0.6275 0.1434 0.7653
vn 0.3031 -0.7778 0.5505
vn -0.3183 0.4619 0.8279
vn 0.4394 -0.8766 -0.1961
vn -0.5584 -0.3755 0.7398
vn 0.5297 -0.8477 -0.0305
vn 0.6385 0.3748 0.6722
vn -0.5297 0.8477 0.0305
vn 0.5584 0.3755 -0.7398
vn -0.9968 0.0562 0.0566
vn -0.2595 0.4890 0.8328
vn -0.3521 0.4898 -0.7976
vn 0.3852 0.9226 -0.0215
vn -0.3852 -0.9226 0.0215
vn 0.3521 -0.4898 0.7976
vn 0.2595 -0.4890 -0.8328
vn 0.9968 -0.0562 -0.0566
vn -0.8260 0.3344 -0.4538
vn -0.7693 0.3339 0.5446
vn 0.0770 0.8644 0.4968
vn 0.0203 0.8649 -0.5016
vn -0.0567 0.0005 -0.9984
vn 0.8463 0.5305 -0.0478
vn 0.7693 -0.3339 -0.5446
vn -0.0770 -0.8644 -0.4968
vn 0.8260 -0.3343 0.4538
vn -0.0203 -0.8649 0.5016
vn -0.8463 -0.5305 0.0478
vn 0.0567 -0.0005 0.9984
vn -0.6385 -0.3748 -0.6722
vn 0.1371 -0.4619 0.8763
vn 0.9885 0.1206 -0.0911
vn -0.0636 0.8787 0.4731
vn -0.9885 -0.1206 0.0911
vn -0.1371 0.4619 -0.8763
vn -0.4548 -0.8436 0.2853
vn -0.5283 0.1710 0.8317
vn -0.6131 -0.3103 -0.7265
vn -0.6866 0.7043 -0.1802
vn 0.6866 -0.7044 0.1802
vn 0.6131 0.3103 0.7265
vn 0.5283 -0.1710 -0.8317
vn 0.4548 0.8436 -0.2853
vn -0.6540 -0.7066 -0.2702
vn -0.6020 -0.4119 0.6840
vn -0.7440 0.5360 0.3990
vn -0.7959 0.2413 -0.5552
vn -0.0520 -0.2947 -0.9542
vn -0.1419 0.9479 -0.2851
vn 0.6020 0.4119 -0.6840
vn 0.7440 -0.5360 -0.3990
vn 0.6540 0.7066 0.2702
vn 0.7959 -0.2413 0.5552
vn 0.1419 -0.9479 0.2851
vn 0.0520 0.2947 0.9542
vn 0.0636 -0.8787 -0.4731
vn -0.1452 -0.3031 0.9418
vn 0.9771 -0.1937 0.0883
vn 0.1557 0.9331 0.3242
vn -0.9771 0.1937 -0.0883
vn 0.1452 0.3031 -0.9418
vn -0.7378 -0.6018 0.3056
vn -0.5581 0.4756 0.6800
vn -0.5702 -0.2519 -0.7820
vn -0.3904 0.8255 -0.4076
vn 0.3904 -0.8255 0.4075
vn 0.5702 0.2519 0.7819
vn 0.5580 -0.4756 -0.6800
vn 0.7378 0.6018 -0.3056
vn -0.8010 -0.5228 -0.2917
vn -0.7936 -0.0773 0.6035
vn -0.5808 0.7968 0.1668
vn -0.5882 0.3513 -0.7284
vn -0.0074 -0.4455 -0.8952
vn 0.2128 0.8741 -0.4367
vn 0.7935 0.0773 -0.6036
vn 0.5808 -0.7968 -0.1668
vn 0.8010 0.5228 0.2917
vn 0.5882 -0.3513 0.7284
vn -0.2128 -0.8741 0.4367
vn 0.0074 0.4455 0.8953
vn -0.1557 -0.9331 -0.3242
vn -0.3332 0.1787 0.9258
vn 0.4977 0.8672 0.0117
vn -0.8008 0.4647 -0.3779
vn -0.4977 -0.8672 -0.0117
vn 0.3332 -0.1787 -0.9258
vn -0.0174 -0.6658 0.7459
vn -0.9421 -0.1292 0.3096
vn 0.3673 -0.8722 -0.3231
vn -0.5573 -0.3356 -0.7594
vn 0.5574 0.3356 0.7594
vn -0.3673 0.8722 0.3231
vn 0.9421 0.1292 -0.3096
vn 0.0174 0.6658 -0.7459
vn 0.2143 -0.9418 0.2589
vn -0.5875 -0.4869 0.6464
vn -0.9182 -0.2846 -0.2755
vn -0.1164 -0.7396 -0.6629
vn 0.8018 -0.4550 -0.3874
vn -0.3306 0.2022 -0.9218
vn 0.5875 0.4869 -0.6464
vn 0.9182 0.2847 0.2755
vn -0.2143 0.9418 -0.2589
vn 0.1164 0.7396 0.6629
vn 0.3306 -0.2022 0.9218
vn -0.8018 0.4550 0.3874
vn 0.8008 -0.4647 0.3779
vn 0.3936 -0.1249 0.9107
vn 0.2921 0.9564 0.0049
vn -0.8716 0.2641 0.4129
vn -0.2921 -0.9564 -0.0049
vn -0.3936 0.1249 -0.9107
vn 0.5619 -0.7768 0.2846
vn -0.4446 -0.4718 0.7614
vn 0.1073 -0.6325 -0.7671
vn -0.8991 -0.3276 -0.2903
vn 0.8991 0.3276 0.2903
vn -0.1073 0.6325 0.7671
vn 0.4446 0.4718 -0.7614
vn -0.5618 0.7768 -0.2845
vn 0.4098 -0.8630 -0.2955
vn 0.0718 -0.7646 0.6405
vn -0.8229 -0.4895 0.2885
vn -0.4849 -0.5879 -0.6475
vn 0.3380 -0.0984 -0.9360
vn -0.8947 0.2751 -0.3520
vn -0.0718 0.7646 -0.6405
vn 0.8229 0.4895 -0.2885
vn -0.4098 0.8630 0.2955
vn 0.4849 0.5879 0.6475
vn 0.8947 -0.2751 0.3520
vn -0.3380 0.0984 0.9360
vn 0.8716 -0.2641 -0.4129
vn -0.3697 0.6723 0.6414
vn 0.9175 0.3729 0.1381
vn -0.1464 0.6395 -0.7547
vn -0.9175 -0.3729 -0.1381
vn 0.3697 -0.6723 -0.6414
vn -0.6587 -0.1964 0.7263
vn -0.8277 0.5420 -0.1451
vn -0.2317 -0.9727 -0.0143
vn -0.4008 -0.2342 -0.8857
vn 0.4008 0.2342 0.8857
vn 0.2317 0.9727 0.0143
vn 0.8277 -0.5420 0.1451
vn 0.6587 0.1964 -0.7263
vn -0.5453 -0.7159 0.4361
vn -0.9102 0.2116 0.3559
vn -0.7523 0.1885 -0.6312
vn -0.3873 -0.7391 -0.5511
vn 0.3650 -0.9276 0.0801
vn 0.1579 -0.0232 -0.9872
vn 0.9103 -0.2116 -0.3559
vn 0.7523 -0.1885 0.6313
vn 0.5453 0.7159 -0.4360
vn 0.3874 0.7391 0.5511
vn -0.1579 0.0232 0.9872
vn -0.3650 0.9276 -0.0802
vn 0.1464 -0.6395 0.7547
vn -0.3285 0.3640 0.8716
vn 0.6945 0.7185 -0.0383
vn -0.6401 0.5927 -0.4888
vn -0.6945 -0.7185 0.0383
vn 0.3285 -0.3640 -0.8716
vn -0.2210 -0.5468 0.8075
vn -0.9602 0.1375 0.2431
vn 0.1583 -0.9672 -0.1989
vn -0.5809 -0.2828 -0.7633
vn 0.5809 0.2828 0.7633
vn -0.1583 0.9672 0.1989
vn 0.9602 -0.1375 -0.2431
vn 0.2210 0.5468 -0.8075
vn -0.0384 -0.9271 0.3727
vn -0.7233 -0.2506 0.6434
vn -0.9437 -0.0889 -0.3185
vn -0.2588 -0.7654 -0.5892
vn 0.6849 -0.6765 -0.2707
vn -0.2204 0.1617 -0.9619
vn 0.7234 0.2506 -0.6434
vn 0.9437 0.0889 0.3185
vn 0.0384 0.9271 -0.3727
vn 0.2588 0.7654 0.5892
vn 0.2204 -0.1617 0.9619
vn -0.6849 0.6765 0.2706
vn 0.6401 -0.5927 0.4888
vn 0.3717 -0.4137 0.8311
vn 0.6550 0.7512 0.0810
vn -0.6578 0.5143 0.5502
vn -0.6550 -0.7512 -0.0810
vn -0.3717 0.4137 -0.8311
vn 0.2162 -0.9695 0.1154
vn -0.5434 -0.3756 0.7507
vn -0.2130 -0.4918 -0.8442
vn -0.9726 0.1020 -0.2089
vn 0.9726 -0.1020 0.2089
vn 0.2130 0.4918 0.8442
vn 0.5434 0.3756 -0.7507
vn -0.2162 0.9695 -0.1154
vn 0.0020 -0.8949 -0.4463
vn -0.2004 -0.8237 0.5304
vn -0.9283 -0.1675 0.3318
vn -0.7260 -0.2387 -0.6449
vn 0.2023 -0.0712 -0.9767
vn -0.7280 0.6562 -0.1986
vn 0.2003 0.8237 -0.5304
vn 0.9283 0.1676 -0.3318
vn -0.0020 0.8949 0.4463
vn 0.7260 0.2387 0.6449
vn 0.7280 -0.6562 0.1986
vn -0.2023 0.0711 0.9767
vn 0.6578 -0.5143 -0.5502
vn 0.4837 0.1428 0.8635
vn 0.3705 -0.9272 -0.0542
vn 0.7930 0.3462 -0.5014
vn -0.3705 0.9272 0.0542
vn -0.4837 -0.1428 -0.8635
vn -0.3925 0.4179 0.8193
vn 0.5231 0.8176 0.2404
vn -0.9510 0.2530 -0.1778
vn -0.0353 0.6528 -0.7567
vn 0.0353 -0.6528 0.7567
vn 0.9510 -0.2531 0.1778
vn -0.5231 -0.8176 -0.2404
vn 0.3925 -0.4179 -0.8193
vn -0.8227 0.4108 0.3929
vn 0.0800 0.7566 0.6490
vn 0.2987 0.9005 -0.3162
vn -0.6040 0.5547 -0.5722
vn -0.9027 -0.3457 -0.2561
vn 0.2187 0.1439 -0.9651
vn -0.0800 -0.7566 -0.6490
vn -0.2987 -0.9005 0.3162
vn 0.8227 -0.4109 -0.3929
vn 0.6040 -0.5547 0.5723
vn -0.2187 -0.1439 0.9651
vn 0.9027 0.3457 0.2561
vn -0.7930 -0.3462 0.5014
vn -0.5643 -0.2405 0.7898
vn 0.3512 -0.9357 -0.0340
vn 0.7472 0.2582 0.6125
vn -0.3512 0.9357 0.0340
vn 0.5643 0.2405 -0.7898
vn -0.9599 0.2523 0.1220
vn -0.0972 0.5504 0.8292
vn -0.3083 0.5300 -0.7899
vn 0.5544 0.8281 -0.0827
vn -0.5544 -0.8281 0.0827
vn 0.3084 -0.5300 0.7899
vn 0.0972 -0.5504 -0.8292
vn 0.9599 -0.2523 -0.1220
vn -0.7767 0.4791 -0.4090
vn -0.6473 0.4916 0.5825
vn 0.2800 0.8442 0.4571
vn 0.1507 0.8317 -0.5344
vn -0.1293 -0.0125 -0.9915
vn 0.9273 0.3526 -0.1254
vn 0.6473 -0.4916 -0.5825
vn -0.2800 -0.8442 -0.4571
vn 0.7767 -0.4791 0.4090
vn -0.1507 -0.8317 0.5344
vn -0.9273 -0.3526 0.1254
vn 0.1293 0.0125 0.9915
vn -0.7472 -0.2582 -0.6125
vn -0.7135 0.1699 0.6798
vn 0.2633 0.9641 0.0355
vn -0.6493 0.2043 -0.7326
vn -0.2633 -0.9641 -0.0355
vn 0.7135 -0.1699 -0.6798
vn -0.1891 -0.5765 0.7949
vn -0.9388 -0.3406 -0.0510
vn 0.6348 -0.7726 0.0100
vn -0.1149 -0.5367 -0.8359
vn 0.1150 0.5367 0.8359
vn -0.6348 0.7726 -0.0100
vn 0.9388 0.3406 0.0510
vn 0.1891 0.5765 -0.7949
vn 0.2729 -0.8262 0.4929
vn -0.6907 -0.5616 0.4556
vn -0.6453 -0.5373 -0.5431
vn 0.3183 -0.8018 -0.5057
vn 0.9636 -0.2646 0.0374
vn 0.0454 0.0243 -0.9987
vn 0.6907 0.5616 -0.4556
vn 0.6453 0.5373 0.5431
vn -0.2730 0.8261 -0.4929
vn -0.3183 0.8018 0.5058
vn -0.0454 -0.0244 0.9987
vn -0.9636 0.2646 -0.0373
vn 0.6493 -0.2043 0.7326
vn 0.2139 -0.1094 0.9707
vn 0.4283 0.9036 0.0075
vn -0.8780 0.4142 0.2401
vn -0.4283 -0.9036 -0.0075
vn -0.2139 0.1094 -0.9707
vn 0.3831 -0.8240 0.4175
vn -0.6307 -0.3458 0.6947
vn 0.1361 -0.6976 -0.7034
vn -0.8777 -0.2194 -0.4261
vn 0.8776 0.2194 0.4262
vn -0.1361 0.6976 0.7034
vn 0.6307 0.3457 -0.6947
vn -0.3831 0.8240 -0.4175
vn 0.3179 -0.9318 -0.1751
vn -0.1516 -0.7163 0.6811
vn -0.9237 -0.3461 0.1645
vn -0.4541 -0.5616 -0.6917
vn 0.4696 -0.2155 -0.8562
vn -0.7720 0.3703 -0.5166
vn 0.1516 0.7163 -0.6811
vn 0.9237 0.3461 -0.1645
vn -0.3179 0.9318 0.1751
vn 0.4541 0.5615 0.6917
vn 0.7720 -0.3703 0.5166
vn -0.4696 0.2155 0.8562
vn 0.8780 -0.4142 -0.2401
vn -0.3002 0.2303 0.9257
vn 0.6925 0.7200 0.0455
vn -0.6560 0.6547 -0.3756
vn -0.6925 -0.7200 -0.0455
vn 0.3002 -0.2303 -0.9257
vn -0.1944 -0.6607 0.7250
vn -0.9519 0.0952 0.2913
vn 0.1522 -0.9266 -0.3439
vn -0.6052 -0.1707 -0.7776
vn 0.6052 0.1706 0.7775
vn -0.1523 0.9266 0.3438
vn 0.9519 -0.0953 -0.2913
vn 0.1944 0.6607 -0.7250
vn -0.0258 -0.9720 0.2334
vn -0.7019 -0.3463 0.6224
vn -0.9535 -0.0462 -0.2977
vn -0.2774 -0.6719 -0.6867
vn 0.6761 -0.6257 -0.3889
vn -0.2516 0.3001 -0.9201
vn 0.7019 0.3463 -0.6224
vn 0.9535 0.0462 0.2978
vn 0.0258 0.9720 -0.2334
vn 0.2774 0.6719 0.6867
vn 0.2516 -0.3001 0.9201
vn -0.6761 0.6257 0.3890
vn 0.6560 -0.6547 0.3756
vn 0.0498 -0.5235 0.8506
vn 0.9888 0.1457 0.0318
vn -0.1405 0.8395 0.5249
vn -0.9888 -0.1457 -0.0318
vn -0.0498 0.5235 -0.8506
vn -0.4610 -0.8710 0.1697
vn -0.6233 0.0983 0.7758
vn -0.5185 -0.2665 -0.8125
vn -0.6808 0.7028 -0.2064
vn 0.6808 -0.7028 0.2064
vn 0.5185 0.2665 0.8125
vn 0.6233 -0.0983 -0.7758
vn 0.4610 0.8710 -0.1697
vn -0.5998 -0.6966 -0.3936
vn -0.6640 -0.4732 0.5790
vn -0.7986 0.4906 0.3487
vn -0.7344 0.2672 -0.6239
vn 0.0642 -0.2234 -0.9726
vn -0.1346 0.9638 -0.2303
vn 0.6640 0.4732 -0.5790
vn 0.7986 -0.4906 -0.3487
vn 0.5998 0.6966 0.3936
vn 0.7344 -0.2672 0.6239
vn 0.1346 -0.9638 0.2303
vn -0.0642 0.2234 0.9726
vn 0.1405 -0.8395 -0.5249
vn 0.0205 0.0659 0.9976
vn 0.9313 -0.3643 0.0049
vn 0.3637 0.9290 -0.0689
vn -0.9313 0.3643 -0.0049
vn -0.0205 -0.0659 -0.9976
vn -0.7358 -0.2880 0.6129
vn -0.3159 0.7847 0.5334
vn -0.7595 -0.3641 -0.5391
vn -0.3395 0.7086 -0.6186
vn 0.3395 -0.7086 0.6186
vn 0.7595 0.3641 0.5391
vn 0.3159 -0.7847 -0.5334
vn 0.7358 0.2880 -0.6129
vn -0.9157 -0.3993 0.0452
vn -0.6440 0.3042 0.7019
vn -0.4013 0.9144 -0.0522
vn -0.6730 0.2109 -0.7089
vn -0.2717 -0.7035 -0.6567
vn 0.2427 0.6103 -0.7541
vn 0.6440 -0.3042 -0.7019
vn 0.4013 -0.9144 0.0522
vn 0.9157 0.3993 -0.0452
vn 0.6730 -0.2109 0.7089
vn -0.2427 -0.6103 0.7541
vn 0.2717 0.7035 0.6567
vn -0.3637 -0.9290 0.0689
vn -0.1539 -0.4558 0.8767
vn 0.9393 -0.3430 -0.0135
vn 0.3068 0.8213 0.4809
vn -0.9393 0.3430 0.0135
vn 0.1539 0.4558 -0.8767
vn -0.8082 -0.5394 0.2363
vn -0.4540 0.4090 0.7916
vn -0.6306 -0.0131 -0.7760
vn -0.2763 0.9354 -0.2207
vn 0.2763 -0.9354 0.2207
vn 0.6306 0.0130 0.7760
vn 0.4540 -0.4091 -0.7916
vn 0.8083 0.5393 -0.2363
vn -0.8811 -0.3383 -0.3305
vn -0.7729 -0.0798 0.6294
vn -0.4472 0.8233 0.3496
vn -0.5554 0.5648 -0.6104
vn -0.1081 -0.2585 -0.9599
vn 0.3257 0.9031 -0.2799
vn 0.7730 0.0798 -0.6294
vn 0.4472 -0.8233 -0.3496
vn 0.8811 0.3382 0.3305
vn 0.5554 -0.5648 0.6104
vn -0.3257 -0.9031 0.2799
vn 0.1082 0.2585 0.9599
vn -0.3068 -0.8213 -0.4809
vn 0.3982 -0.3922 0.8292
vn 0.8172 0.5623 -0.1265
vn -0.4166 0.7280 0.5444
vn -0.8172 -0.5623 0.1265
vn -0.3982 0.3922 -0.8292
vn -0.0014 -0.9714 0.2375
vn -0.4825 -0.1308 0.8661
vn -0.4611 -0.5185 -0.7200
vn -0.9423 0.3221 -0.0914
vn 0.9423 -0.3221 0.0914
vn 0.4612 0.5185 0.7200
vn 0.4825 0.1307 -0.8661
vn 0.0014 0.9714 -0.2375
vn -0.2832 -0.9124 -0.2955
vn -0.2963 -0.6749 0.6758
vn -0.8725 0.1172 0.4744
vn -0.8594 -0.1203 -0.4969
vn 0.0130 -0.2375 -0.9713
vn -0.5762 0.7921 -0.2014
vn 0.2963 0.6749 -0.6758
vn 0.8725 -0.1172 -0.4744
vn 0.2832 0.9124 0.2955
vn 0.8594 0.1203 0.4969
vn 0.5762 -0.7921 0.2014
vn -0.0130 0.2375 0.9713
vn 0.4166 -0.7280 -0.5444
vn -0.2480 0.0915 0.9644
vn 0.4693 0.8823 0.0369
vn -0.8475 0.4618 -0.2617
vn -0.4693 -0.8823 -0.0369
vn 0.2480 -0.0915 -0.9644
vn 0.0752 -0.7231 0.6866
vn -0.9034 -0.1899 0.3844
vn 0.3615 -0.8288 -0.4270
vn -0.6171 -0.2956 -0.7292
vn 0.6171 0.2956 0.7292
vn -0.3615 0.8288 0.4270
vn 0.9034 0.1899 -0.3844
vn -0.0752 0.7231 -0.6866
vn 0.2674 -0.9504 0.1590
vn -0.5072 -0.5591 0.6559
vn -0.9311 -0.2973 -0.2112
vn -0.1565 -0.6886 -0.7081
vn 0.7746 -0.3913 -0.4969
vn -0.4239 0.2618 -0.8670
vn 0.5072 0.5591 -0.6559
vn 0.9311 0.2973 0.2112
vn -0.2674 0.9504 -0.1590
vn 0.1565 0.6886 0.7081
vn 0.4239 -0.2618 0.8670
vn -0.7746 0.3913 0.4969
vn 0.8475 -0.4618 0.2617
vn -0.1420 0.3251 0.9349
vn 0.9069 0.4212 -0.0087
vn -0.3966 0.8467 -0.3547
vn -0.9069 -0.4212 0.0087
vn 0.1420 -0.3251 -0.9349
vn -0.3766 -0.5443 0.7496
vn -0.8346 0.4334 0.3400
vn -0.2126 -0.9197 -0.3300
vn -0.6706 0.0579 -0.7396
vn 0.6706 -0.0580 0.7395
vn 0.2126 0.9197 0.3300
vn 0.8346 -0.4334 -0.3400
vn 0.3766 0.5443 -0.7496
vn -0.3608 -0.8965 0.2569
vn -0.7417 -0.0679 0.6673
vn -0.9217 0.3009 -0.2447
vn -0.5409 -0.5277 -0.6550
vn 0.3809 -0.8286 -0.4103
vn -0.1800 0.3688 -0.9119
vn 0.7417 0.0679 -0.6673
vn 0.9217 -0.3009 0.2447
vn 0.3608 0.8965 -0.2569
vn 0.5409 0.5277 0.6550
vn 0.1800 -0.3688 0.9119
vn -0.3809 0.8286 0.4103
vn 0.3966 -0.8467 0.3547
vn -0.0372 -0.1309 0.9907
vn 0.9410 -0.3384 -0.0094
vn 0.3365 0.9319 0.1357
vn -0.9409 0.3384 0.0094
vn 0.0372 0.1309 -0.9907
vn -0.7590 -0.4182 0.4990
vn -0.3705 0.6578 0.6558
vn -0.7160 -0.2671 -0.6450
vn -0.3275 0.8090 -0.4882
vn 0.3275 -0.8090 0.4882
vn 0.7160 0.2670 0.6450
vn 0.3705 -0.6578 -0.6558
vn 0.7590 0.4182 -0.4990
vn -0.9033 -0.4196 -0.0893
vn -0.6917 0.1468 0.7072
vn -0.4274 0.8982 0.1026
vn -0.6390 0.3318 -0.6939
vn -0.2116 -0.5664 -0.7965
vn 0.2642 0.7515 -0.6046
vn 0.6917 -0.1468 -0.7072
vn 0.4274 -0.8982 -0.1026
vn 0.9033 0.4196 0.0894
vn 0.6391 -0.3318 0.6939
vn -0.2642 -0.7515 0.6046
vn 0.2116 0.5664 0.7965
vn -0.3365 -0.9319 -0.1357
vn -0.0239 0.2249 0.9741
vn 0.9339 -0.3427 0.1020
vn 0.3567 0.9121 -0.2019
vn -0.9339 0.3427 -0.1020
vn 0.0239 -0.2249 -0.9741
vn -0.7589 -0.1989 0.6200
vn -0.3470 0.8543 0.3869
vn -0.7314 -0.4586 -0.5047
vn -0.3194 0.5946 -0.7378
vn 0.3194 -0.5946 0.7379
vn 0.7314 0.4586 0.5047
vn 0.3470 -0.8543 -0.3869
vn 0.7589 0.1989 -0.6200
vn -0.9126 -0.4027 0.0706
vn -0.6773 0.4014 0.6166
vn -0.4081 0.8873 -0.2149
vn -0.6435 0.0833 -0.7609
vn -0.2354 -0.8040 -0.5460
vn 0.2691 0.4859 -0.8315
vn 0.6773 -0.4014 -0.6166
vn 0.4081 -0.8873 0.2149
vn 0.9126 0.4027 -0.0706
vn 0.6435 -0.0833 0.7609
vn -0.2691 -0.4859 0.8315
vn 0.2354 0.8040 0.5460
vn -0.3567 -0.9121 0.2019
vn -0.0191 0.0502 0.9986
vn 0.9735 0.2285 0.0072
vn -0.2278 0.9723 -0.0532
vn -0.9735 -0.2285 -0.0072
vn 0.0192 -0.0502 -0.9986
vn -0.4416 -0.6643 0.6031
vn -0.7046 0.4584 0.5416
vn -0.4195 -0.7222 -0.5500
vn -0.6825 0.4005 -0.6114
vn 0.6825 -0.4004 0.6114
vn 0.4195 0.7222 0.5499
vn 0.7046 -0.4584 -0.5417
vn 0.4416 0.6643 -0.6031
vn -0.5273 -0.8490 0.0325
vn -0.7019 -0.1261 0.7010
vn -0.8495 0.5259 -0.0427
vn -0.6748 -0.1970 -0.7112
vn 0.1746 -0.7230 -0.6685
vn -0.1475 0.6520 -0.7437
vn 0.7019 0.1261 -0.7010
vn 0.8495 -0.5259 0.0427
vn 0.5273 0.8490 -0.0325
vn 0.6748 0.1970 0.7112
vn 0.1475 -0.6520 0.7437
vn -0.1746 0.7230 0.6685
vn 0.2278 -0.9723 0.0532
vn -0.9991 0.0306 -0.0301
vn -0.5454 0.2827 -0.7890
vn 0.5454 -0.2827 0.7891
vn -0.7161 0.3320 0.6139
vn -0.6968 -0.2888 -0.6566
vn 0.7161 -0.3321 -0.6139
vn 0.6776 -0.6566 0.3312
vn 0.6968 0.2888 0.6566
vn -0.0385 -0.3245 0.9451
vn -0.6091 -0.7152 -0.3426
vn 0.3377 -0.6699 -0.6613
vn 0.7481 -0.2353 0.6204
vn -0.1987 -0.2807 0.9390
vn -0.9296 0.1508 0.3363
vn -0.5630 0.3781 -0.7349
vn -0.3893 -0.8692 0.3047
vn 0.5631 -0.3781 0.7348
vn 0.2524 0.9254 0.2827
vn -0.3587 -0.1616 -0.9193
vn -0.2524 -0.9254 -0.2827
vn -0.8077 -0.4399 0.3925
vn -0.1913 -0.7851 0.5890
vn 0.8212 -0.1814 -0.5411
vn -0.3577 0.5752 -0.7357
vn 0.9777 -0.2054 0.0437
vn -0.3027 0.0669 -0.9508
vn -0.4853 -0.4849 0.7276
vn 0.4853 0.4848 -0.7276
vn 0.4427 -0.0968 -0.8914
vn -0.4427 0.0968 0.8914
vn -0.5345 -0.1404 -0.8334
vn -0.3191 0.4815 0.8163
vn -0.0219 0.6212 -0.7834
vn -0.5953 -0.7833 -0.1790
vn 0.3191 -0.4815 -0.8163
vn 0.1820 0.0855 -0.9796
vn -0.1691 -0.7746 -0.6095
vn 0.7688 -0.4905 -0.4104
vn -0.1820 -0.0855 0.9796
vn -0.8163 -0.2267 0.5313
vn -0.1613 0.8409 -0.5165
vn 0.1614 -0.8409 0.5165
vn -0.5730 0.4340 -0.6952
vn 0.4011 0.6538 -0.6417
vn -0.4011 -0.6538 0.6416
vn -0.5308 -0.8428 -0.0886
vn -0.6756 0.2636 0.6885
vn 0.4228 0.6186 0.6622
vn -0.4619 -0.8792 -0.1167
vn -0.8834 0.4444 0.1490
vn -0.2667 0.7833 -0.5615
vn -0.2728 0.8423 -0.4648
vn 0.1610 -0.8333 -0.5288
vn 0.9133 -0.0772 0.3998
vn -0.3652 -0.5901 -0.7201
vn -0.2306 -0.9416 -0.2454
vn 0.7937 0.1857 0.5792
vn -0.5888 0.4790 -0.6510
vn -0.5221 -0.7231 0.4522
vn 0.5888 -0.4790 0.6511
vn -0.2696 0.6429 0.7169
vn -0.0408 0.7361 -0.6756
vn 0.2696 -0.6429 -0.7169
vn -0.6842 0.1493 -0.7139
vn 0.2886 0.2396 -0.9270
vn 0.6842 -0.1493 0.7139
vn -0.2886 -0.2396 0.9270
vn 0.5216 0.7725 0.3622
vn -0.4817 -0.4371 0.7595
vn 0.4817 0.4371 -0.7595
vn 0.4915 0.5827 0.6472
vn -0.7210 0.2998 0.6247
vn -0.7219 0.4575 -0.5192
vn 0.7219 -0.4575 0.5192
vn 0.7211 -0.2998 -0.6247
vn -0.6764 -0.1093 -0.7284
vn 0.2072 -0.5730 -0.7929
vn 0.6781 -0.7288 -0.0946
vn -0.6781 0.7288 0.0946
vn -0.3613 0.5534 -0.7504
vn 0.3613 -0.5534 0.7505
vn 0.9908 0.1223 0.0573
vn -0.0940 0.9292 -0.3576
vn -0.8280 0.2640 -0.4947
vn 0.0370 0.1625 -0.9860
vn 0.8280 -0.2641 0.4946
vn 0.1723 -0.9029 -0.3939
vn -0.6743 -0.1862 -0.7146
vn 0.6743 0.1862 0.7146
vn -0.6066 -0.4123 0.6798
vn -0.6215 -0.2507 0.7423
vn -0.9828 0.1837 0.0170
vn -0.4994 -0.8637 0.0679
vn 0.2652 -0.4732 0.8401
vn 0.9828 -0.1837 -0.0171
vn -0.3604 0.8996 0.2466
vn -0.7545 -0.5996 -0.2669
vn -0.4775 0.3944 -0.7851
vn 0.4775 -0.3944 0.7851
vn 0.7545 0.5996 0.2669
vn 0.7544 0.1257 0.6443
vn 0.1800 0.8903 0.4183
vn -0.0247 -0.7033 0.7104
vn -0.5239 0.4467 -0.7252
vn 0.9829 -0.1466 -0.1109
vn 0.6493 0.5291 0.5464
vn -0.4019 -0.1571 -0.9021
vn -0.9169 0.2834 -0.2809
vn 0.0678 0.6236 -0.7788
vn 0.9169 -0.2835 0.2809
vn -0.5200 0.5554 -0.6489
vn 0.3189 0.0972 -0.9428
vn -0.3189 -0.0971 0.9428
vn -0.4264 -0.5646 0.7067
vn -0.6977 0.5341 0.4775
vn -0.4247 -0.8001 -0.4237
vn 0.4247 0.8001 0.4236
vn -0.6884 -0.0186 0.7251
vn -0.1651 0.5285 -0.8327
vn 0.8535 -0.5100 0.1075
vn -0.1672 0.8171 0.5518
vn -0.1402 -0.6392 0.7561
vn -0.5778 0.1682 0.7987
vn 0.5778 -0.1683 -0.7987
vn 0.0129 -0.0760 -0.9970
vn 0.7939 0.3219 -0.5158
vn 0.7811 0.3979 0.4812
vn -0.5649 -0.3038 -0.7672
vn -0.0566 0.7905 -0.6099
vn 0.0565 -0.7905 0.6098
vn 0.9852 -0.0547 -0.1622
vn -0.4818 -0.2564 0.8379
vn -0.6303 -0.0478 -0.7749
vn -0.5999 -0.6005 -0.5286
vn -0.8531 0.3556 -0.3817
vn 0.7622 -0.2280 -0.6059
vn 0.8531 -0.3557 0.3818
vn -0.9944 -0.0796 0.0690
vn 0.3519 0.4852 0.8004
vn 0.9944 0.0796 -0.0691
vn -0.8245 -0.3459 -0.4479
vn 0.0327 -0.8564 -0.5154
vn 0.7541 0.3595 -0.5495
vn -0.9414 0.3369 -0.0175
vn -0.4585 -0.3344 -0.8234
vn 0.9414 -0.3369 0.0175
vn 0.8746 -0.0049 -0.4849
vn 0.9152 -0.3439 0.2103
vn 0.5412 -0.3116 0.7811
vn -0.2976 0.8009 -0.5197
vn 0.2976 -0.8009 0.5197
vn -0.3873 0.3197 -0.8647
vn -0.6713 -0.1941 -0.7153
vn 0.6869 -0.5256 -0.5020
vn -0.2759 -0.4169 0.8660
vn -0.9953 0.0409 0.0875
vn 0.9953 -0.0410 -0.0875
vn 0.2760 0.4170 -0.8660
vn -0.0763 -0.8887 -0.4522
vn 0.7916 -0.6096 -0.0412
vn 0.8679 0.2790 0.4109
vn 0.0763 0.8887 0.4521
vn 0.3367 0.4763 0.8122
vn 0.4078 0.4062 -0.8177
vn -0.8593 -0.1973 0.4719
vn -0.8157 -0.2402 -0.5262
vn 0.8593 0.1973 -0.4719
vn 0.8157 0.2403 0.5262
vn 0.0526 0.8836 0.4652
vn -0.9036 0.0975 -0.4171
vn 0.9036 -0.0974 0.4171
vn -0.6863 -0.4456 -0.5748
vn -0.9803 0.1836 0.0734
vn -0.9259 -0.3721 -0.0658
vn -0.6578 0.7510 -0.0567
vn 0.9259 0.3721 0.0658
vn 0.1951 0.5535 -0.8097
vn -0.5078 -0.7300 -0.4575
vn 0.5967 -0.4591 -0.6582
vn -0.0544 0.7282 0.6832
vn 0.0544 -0.7281 -0.6833
vn 0.7925 0.2079 0.5733
vn -0.0562 0.7185 0.6932
vn -0.4635 -0.8848 0.0468
vn 0.4635 0.8848 -0.0468
vn 0.6602 0.6007 0.4509
vn 0.0561 -0.7185 -0.6932
vn -0.4326 -0.3564 -0.8281
vn 0.7301 -0.6774 -0.0900
vn -0.7301 0.6774 0.0900
vn -0.9298 0.1115 0.3509
vn -0.5995 0.3109 -0.7375
vn 0.3308 0.8757 -0.3518
vn -0.3308 -0.8757 0.3517
vn 0.5996 -0.3109 0.7375
vn 0.9297 -0.1116 -0.3509
vn -0.9365 0.2587 -0.2368
vn 0.7720 0.4679 -0.4303
vn 0.1646 -0.7266 0.6670
vn -0.8661 0.0946 -0.4908
vn 0.8661 -0.0946 0.4909
vn 0.7594 0.0768 -0.6461
vn -0.1629 0.5832 0.7958
vn 0.1629 -0.5832 -0.7958
vn 0.9442 -0.3066 -0.1206
vn 0.2485 0.7816 -0.5721
vn -0.3329 0.6236 0.7073
vn 0.2990 0.9542 0.0064
vn -0.2991 -0.9542 -0.0064
vn -0.8862 -0.4632 -0.0088
vn 0.4004 0.4248 0.8119
vn -0.1372 -0.8482 0.5115
vn -0.8501 -0.1643 -0.5004
vn 0.0032 -0.0140 -0.9999
vn 0.8500 0.1643 0.5005
vn 0.7160 -0.6980 0.0120
vn -0.0032 0.0140 0.9999
vn 0.6891 -0.7238 -0.0343
vn -0.9787 -0.1413 0.1490
vn -0.9120 0.1272 -0.3900
vn 0.9120 -0.1272 0.3900
vn 0.2006 -0.8119 0.5482
vn -0.7114 -0.6848 0.1582
vn -0.4993 -0.3297 0.8013
vn -0.9134 0.4067 0.0142
vn -0.3543 -0.8118 0.4642
vn 0.3543 0.8118 -0.4642
vn 0.8651 -0.0472 -0.4994
vn 0.2203 -0.8178 0.5317
vn -0.7288 -0.5126 0.4540
vn 0.3854 -0.6239 0.6798
vn -0.9899 0.1331 -0.0482
vn 0.4647 -0.8854 -0.0109
vn 0.6156 -0.0437 -0.7868
vn -0.6076 0.6095 -0.5093
vn -0.7384 -0.3807 -0.5566
vn 0.6076 -0.6095 0.5092
vn 0.7661 -0.3891 0.5116
vn 0.2587 0.6232 0.7381
vn -0.9458 0.3185 0.0626
vn 0.9458 -0.3185 -0.0626
vn 0.8260 -0.3344 0.4538
vn 0.0567 -0.0004 0.9984
vn -0.4548 -0.8436 0.2854
vn -0.6131 -0.3102 -0.7265
vn -0.6866 0.7044 -0.1801
vn 0.6866 -0.7044 0.1801
vn 0.5283 -0.1710 -0.8316
vn -0.6540 -0.7066 -0.2701
vn -0.1419 0.9479 -0.2850
vn 0.1452 0.3030 -0.9418
vn -0.5702 -0.2519 -0.7819
vn -0.0074 -0.4455 -0.8953
vn 0.7936 0.0773 -0.6035
vn -0.9421 -0.1292 0.3095
vn -0.5875 -0.4868 0.6464
vn -0.9182 -0.2847 -0.2755
vn -0.3307 0.2022 -0.9218
vn 0.5875 0.4869 -0.6463
vn 0.3307 -0.2022 0.9218
vn -0.8018 0.4550 0.3875
vn 0.5619 -0.7768 0.2845
vn 0.8991 0.3276 0.2902
vn -0.5619 0.7768 -0.2846
vn 0.9175 0.3729 0.1380
vn -0.9175 -0.3729 -0.1380
vn -0.8277 0.5421 -0.1452
vn 0.8277 -0.5420 0.1452
vn -0.5453 -0.7159 0.4360
vn -0.7523 0.1885 -0.6313
vn 0.3650 -0.9276 0.0802
vn 0.9102 -0.2116 -0.3559
vn 0.5453 0.7159 -0.4361
vn 0.3873 0.7391 0.5511
vn -0.2210 -0.5469 0.8075
vn 0.5809 0.2827 0.7633
vn -0.7233 -0.2507 0.6434
vn 0.6849 -0.6765 -0.2706
vn 0.9437 0.0889 0.3186
vn -0.2130 -0.4918 -0.8443
vn 0.9726 -0.1021 0.2089
vn 0.2023 -0.0711 -0.9767
vn 0.2004 0.8237 -0.5304
vn 0.9283 0.1675 -0.3318
vn 0.9510 -0.2531 0.1779
vn -0.5231 -0.8176 -0.2405
vn -0.6040 0.5547 -0.5723
vn -0.2987 -0.9004 0.3162
vn -0.3084 0.5300 -0.7899
vn 0.6474 -0.4915 -0.5825
vn -0.1150 -0.5367 -0.8359
vn 0.0454 0.0244 -0.9987
vn 0.6453 0.5372 0.5431
vn -0.9636 0.2646 -0.0374
vn -0.6307 -0.3457 0.6948
vn -0.8776 -0.2194 -0.4262
vn 0.8777 0.2194 0.4261
vn 0.6307 0.3458 -0.6948
vn -0.4541 -0.5615 -0.6917
vn 0.4541 0.5616 0.6917
vn 0.7720 -0.3702 0.5166
vn 0.1522 -0.9266 -0.3438
vn -0.6052 -0.1707 -0.7775
vn 0.6052 0.1706 0.7776
vn -0.1522 0.9266 0.3438
vn 0.9519 -0.0953 -0.2914
vn 0.6761 -0.6257 -0.3890
vn 0.7020 0.3463 -0.6224
vn -0.6808 0.7028 -0.2063
vn 0.6730 -0.2110 0.7089
vn -0.8083 -0.5394 0.2363
vn -0.6306 -0.0130 -0.7760
vn 0.4540 -0.4090 -0.7916
vn 0.8082 0.5394 -0.2363
vn 0.8811 0.3383 0.3305
vn 0.1081 0.2585 0.9599
vn -0.4825 -0.1307 0.8661
vn -0.4612 -0.5185 -0.7200
vn 0.4612 0.5186 0.7200
vn 0.4824 0.1307 -0.8661
vn 0.5072 0.5591 -0.6558
vn 0.4240 -0.2618 0.8670
vn -0.6706 0.0579 -0.7395
vn 0.6706 -0.0580 0.7396
vn 0.5408 0.5277 0.6550
vn -0.7161 -0.2671 -0.6449
vn 0.3275 -0.8089 0.4882
vn 0.7161 0.2671 0.6449
vn -0.9033 -0.4196 -0.0894
vn -0.6391 0.3318 -0.6939
vn 0.2642 0.7514 -0.6046
vn 0.6917 -0.1468 -0.7071
vn 0.6390 -0.3318 0.6939
vn -0.2642 -0.7515 0.6045
vn 0.3194 -0.5946 0.7378
vn -0.6772 0.4014 0.6167
vn 0.6772 -0.4014 -0.6166
vn 0.9126 0.4026 -0.0706
vn -0.3568 -0.9121 0.2019
vn -0.0192 0.0502 0.9986
vn 0.6825 -0.4005 0.6114
vn 0.4195 0.7222 0.5500
vn 0.7046 -0.4584 -0.5416
vn 0.1746 -0.7230 -0.6684
vn 0.6749 0.1970 0.7112
vn -0.1746 0.7230 0.6684
vn 0.9991 -0.0306 0.0302
vn -0.6082 -0.2473 0.7543
vn 0.5925 0.7542 0.2831
vn 0.7678 -0.6401 -0.0289
vn -0.7678 0.6401 0.0288
vn 0.2810 -0.5987 0.7501
vn -0.9468 -0.0454 0.3186
vn -0.3377 0.6699 0.6613
vn 0.1987 0.2806 -0.9390
vn -0.3175 -0.1969 0.9276
vn 0.3893 0.8692 -0.3047
vn -0.8212 0.1814 0.5410
vn 0.1913 0.7851 -0.5890
vn 0.3577 -0.5752 0.7357
vn -0.8348 -0.4076 -0.3702
vn 0.8348 0.4076 0.3702
vn 0.0623 -0.7379 0.6720
vn -0.0623 0.7379 -0.6720
vn -0.4426 0.0968 0.8915
vn 0.5953 0.7833 0.1791
vn 0.1691 0.7745 0.6095
vn 0.8467 -0.5319 -0.0128
vn 0.5308 0.8428 0.0886
vn 0.1613 -0.8409 0.5166
vn -0.0791 0.1718 -0.9819
vn 0.4228 0.6187 0.6622
vn -0.8834 0.4443 0.1490
vn 0.4619 0.8792 0.1167
vn -0.1548 0.5402 0.8272
vn 0.5320 0.5346 0.6567
vn -0.3474 0.3644 0.8640
vn 0.5299 -0.3791 0.7587
vn -0.1610 0.8333 0.5289
vn -0.9134 0.0772 -0.3998
vn -0.6406 -0.7651 0.0650
vn 0.2728 -0.8423 0.4648
vn 0.8017 -0.0682 -0.5939
vn -0.3652 -0.5900 -0.7201
vn 0.3652 0.5901 0.7201
vn 0.5772 0.0707 -0.8136
vn -0.7937 -0.1857 -0.5793
vn 0.3604 0.6236 -0.6938
vn 0.2305 0.9416 0.2454
vn -0.3354 -0.6470 -0.6848
vn 0.5234 -0.7916 0.3152
vn 0.4818 0.4372 -0.7595
vn -0.5234 0.7916 -0.3152
vn 0.8741 -0.3020 0.3806
vn -0.7211 0.2998 0.6247
vn 0.7210 -0.2997 -0.6247
vn -0.2072 0.5730 0.7930
vn -0.9908 -0.1222 -0.0574
vn 0.4217 -0.2881 -0.8597
vn -0.8650 0.1016 0.4913
vn 0.8280 -0.2640 0.4946
vn -0.0370 -0.1625 0.9860
vn -0.0720 -0.6950 0.7154
vn -0.9185 0.0218 0.3947
vn -0.3075 -0.6669 -0.6788
vn 0.6065 0.4122 -0.6798
vn 0.9754 0.1006 0.1959
vn 0.3075 0.6669 0.6787
vn -0.6214 -0.2507 0.7423
vn 0.6214 0.2507 -0.7423
vn -0.2181 0.5742 0.7892
vn 0.2181 -0.5742 -0.7892
vn 0.0288 0.0618 0.9977
vn 0.7544 0.5996 0.2670
vn 0.6111 -0.4931 -0.6193
vn -0.0979 -0.2994 0.9491
vn 0.1800 0.8902 0.4184
vn -0.8803 0.0262 -0.4738
vn 0.9830 -0.1466 -0.1109
vn -0.4590 -0.3001 0.8362
vn -0.0678 -0.6236 0.7788
vn -0.8872 -0.3194 -0.3329
vn -0.9720 -0.2303 0.0465
vn -0.6977 0.5341 0.4774
vn 0.6977 -0.5341 -0.4774
vn 0.4264 0.5645 -0.7067
vn -0.8535 0.5099 -0.1075
vn 0.6883 0.0186 -0.7251
vn -0.1403 -0.6393 0.7561
vn -0.7939 -0.3219 0.5158
vn -0.9617 -0.0007 0.2740
vn 0.6633 -0.7441 -0.0793
vn 0.0566 -0.7905 0.6099
vn -0.6325 -0.5009 -0.5907
vn 0.7628 -0.6286 -0.1516
vn 0.6303 0.0479 0.7749
vn -0.5999 -0.6005 -0.5287
vn -0.8531 0.3557 -0.3818
vn 0.5089 0.7282 -0.4590
vn 0.5999 0.6006 0.5287
vn -0.3519 -0.4852 -0.8004
vn 0.7541 0.3596 -0.5496
vn -0.0327 0.8563 0.5154
vn -0.8746 0.0049 0.4849
vn -0.8148 -0.5660 -0.1255
vn -0.3083 -0.3833 -0.8706
vn -0.9151 0.3439 -0.2103
vn 0.3082 0.3833 0.8707
vn 0.1126 0.0611 0.9918
vn 0.7216 0.0490 -0.6906
vn -0.8760 -0.4200 0.2371
vn -0.4822 0.7514 -0.4505
vn 0.8760 0.4200 -0.2372
vn 0.6713 0.1941 0.7153
vn -0.2760 -0.4169 0.8660
vn -0.9953 0.0410 0.0875
vn 0.0131 -0.8399 0.5427
vn -0.8679 -0.2790 -0.4109
vn -0.7916 0.6096 0.0413
vn -0.9954 0.0840 -0.0471
vn -0.0526 -0.8836 -0.4652
vn 0.2867 -0.5858 -0.7580
vn -0.4980 -0.8655 0.0540
vn 0.9803 -0.1836 -0.0734
vn -0.1951 -0.5536 0.8096
vn 0.6578 -0.7510 0.0567
vn 0.5077 0.7300 0.4575
vn -0.7864 0.3904 -0.4788
vn -0.7925 -0.2079 -0.5734
vn -0.5284 -0.0552 0.8472
vn -0.4327 -0.3564 -0.8281
vn -0.0930 -0.8960 0.4341
vn -0.9298 0.1116 0.3509
vn 0.9298 -0.1115 -0.3509
vn 0.7720 0.4679 -0.4302
vn 0.5690 -0.4824 -0.6660
vn 0.1645 -0.7266 0.6670
vn -0.8057 -0.4891 -0.3340
vn -0.7594 -0.0769 0.6461
vn 0.7594 0.0769 -0.6461
vn -0.9954 0.0109 0.0950
vn -0.1630 0.5832 0.7958
vn 0.8862 0.4632 0.0087
vn 0.6320 0.3306 -0.7009
vn -0.6320 -0.3306 0.7009
vn -0.6981 -0.7160 0.0079
vn -0.4004 -0.4248 -0.8119
vn -0.7160 0.6980 -0.0121
vn 0.8500 0.1643 0.5004
vn -0.7740 0.2117 0.5967
vn 0.4993 0.3297 -0.8012
vn -0.8651 0.0472 0.4994
vn -0.2387 -0.5365 0.8094
vn -0.9514 -0.3005 -0.0680
vn 0.9514 0.3005 0.0680
vn -0.7158 -0.2788 0.6402
vn 0.7158 0.2788 -0.6402
vn -0.6642 0.3239 0.6737
vn 0.6642 -0.3239 -0.6737
vn 0.9899 -0.1331 0.0482
vn -0.6783 -0.7318 -0.0665
vn 0.6783 0.7318 0.0665
vn -0.7661 0.3890 -0.5116
vn -0.6276 -0.1434 -0.7652
vn -0.3183 0.4619 0.8278
vn 0.3852 0.9226 -0.0214
vn -0.0567 0.0004 -0.9984
vn 0.6132 0.3103 0.7265
vn -0.1452 -0.3030 0.9418
vn -0.3904 0.8255 -0.4075
vn 0.3904 -0.8255 0.4076
vn 0.5702 0.2519 0.7820
vn 0.5581 -0.4756 -0.6800
vn 0.7378 0.6018 -0.3057
vn -0.7936 -0.0773 0.6036
vn 0.7936 0.0773 -0.6036
vn -0.9420 -0.1293 0.3096
vn 0.5573 0.3356 0.7594
vn -0.5875 -0.4869 0.6463
vn 0.5618 -0.7768 0.2846
vn -0.9175 -0.3730 -0.1380
vn -0.8277 0.5420 -0.1452
vn -0.9102 0.2117 0.3559
vn 0.7234 0.2507 -0.6434
vn -0.6849 0.6765 0.2707
vn -0.5434 -0.3756 0.7508
vn -0.9726 0.1021 -0.2089
vn 0.5434 0.3757 -0.7507
vn -0.2003 -0.8237 0.5304
vn 0.4837 0.1427 0.8635
vn -0.9510 0.2531 -0.1778
vn 0.9510 -0.2530 0.1778
vn -0.8227 0.4109 0.3929
vn 0.6040 -0.5547 0.5722
vn 0.7472 0.2582 0.6124
vn 0.3083 -0.5300 0.7899
vn -0.6473 0.4915 0.5825
vn 0.7135 -0.1698 -0.6798
vn 0.1149 0.5367 0.8359
vn 0.9388 0.3406 0.0509
vn -0.6453 -0.5372 -0.5431
vn 0.3183 -0.8018 -0.5058
vn 0.9636 -0.2646 0.0373
vn -0.3183 0.8018 0.5057
vn -0.6307 -0.3458 0.6948
vn -0.8776 -0.2194 -0.4261
vn -0.9519 0.0952 0.2914
vn 0.9519 -0.0952 -0.2913
vn -0.7020 -0.3463 0.6224
vn -0.9535 -0.0462 -0.2978
vn 0.6761 -0.6258 -0.3889
vn 0.9535 0.0462 0.2977
vn -0.6761 0.6258 0.3889
vn 0.9313 -0.3642 0.0049
vn -0.7358 -0.2879 0.6129
vn 0.7358 0.2879 -0.6129
vn -0.6441 0.3042 0.7019
vn -0.4014 0.9144 -0.0522
vn -0.6730 0.2110 -0.7089
vn -0.8082 -0.5394 0.2362
vn -0.4540 0.4091 0.7916
vn 0.4539 -0.4091 -0.7916
vn -0.7730 -0.0798 0.6294
vn -0.1082 -0.2585 -0.9599
vn 0.7729 0.0798 -0.6295
vn 0.9423 -0.3221 0.0915
vn 0.2479 -0.0915 -0.9644
vn 0.6171 0.2956 0.7293
vn -0.4240 0.2618 -0.8670
vn -0.3767 -0.5443 0.7496
vn -0.3609 -0.8965 0.2570
vn -0.7417 -0.0679 0.6672
vn -0.5409 -0.5277 -0.6549
vn -0.3705 0.6578 0.6557
vn -0.3275 0.8089 -0.4882
vn 0.2642 0.7515 -0.6045
vn -0.9126 -0.4026 0.0706
vn -0.4195 -0.7222 -0.5499
vn -0.6825 0.4004 -0.6114
vn -0.7161 0.3321 0.6139
vn -0.7481 0.2353 -0.6205
vn 0.8077 0.4399 -0.3925
vn 0.3587 0.1616 0.9194
vn 0.4427 -0.0968 -0.8915
vn 0.8706 -0.1914 0.4531
vn 0.8834 -0.4444 -0.1490
vn 0.2727 -0.8423 0.4648
vn 0.7947 0.1961 -0.5745
vn -0.7947 -0.1961 0.5745
vn -0.5216 -0.7725 -0.3621
vn 0.5216 0.7726 0.3621
vn -0.4915 -0.5827 -0.6472
vn -0.8741 0.3020 -0.3806
vn 0.8280 -0.2641 0.4947
vn 0.7643 -0.4024 0.5040
vn 0.0979 0.2993 -0.9491
vn -0.9830 0.1466 0.1109
vn 0.8872 0.3194 0.3329
vn -0.6883 -0.0186 0.7251
vn -0.8535 0.5100 -0.1075
vn -0.1403 -0.6392 0.7561
vn -0.5855 0.4967 -0.6407
vn 0.8531 -0.3556 0.3817
vn 0.7541 0.3595 -0.5496
vn 0.5742 -0.8186 0.0127
vn 0.7492 0.0242 0.6619
vn -0.6869 0.5256 0.5020
vn 0.4822 -0.7514 0.4505
vn -0.6044 -0.7912 0.0931
vn -0.7785 -0.2303 0.5839
vn -0.7631 0.6434 -0.0609
vn -0.4189 -0.4039 0.8133
vn 0.6863 0.4456 0.5749
vn -0.6952 -0.3075 -0.6497
vn -0.2321 -0.9726 -0.0078
vn -0.0544 0.7282 0.6833
vn -0.6602 -0.6007 -0.4508
vn 0.7301 -0.6773 -0.0900
vn 0.0929 0.8960 -0.4342
vn -0.5690 0.4825 0.6659
vn -0.5506 0.6049 -0.5753
vn 0.2003 -0.7818 -0.5904
vn 0.3330 -0.6236 -0.7073
vn -0.8862 -0.4633 -0.0087
vn 0.6981 0.7160 -0.0079
vn -0.5041 0.4836 -0.7155
vn 0.1372 0.8482 -0.5115
vn -0.2006 0.8119 -0.5482
vn 0.7114 0.6848 -0.1582
vn -0.6276 -0.1434 -0.7653
vn 0.9182 0.2846 0.2755
vn 0.9102 -0.2117 -0.3559
vn 0.7523 -0.1885 0.6312
vn -0.3650 0.9276 -0.0801
vn -0.7234 -0.2506 0.6434
vn 0.7233 0.2506 -0.6434
vn -0.9283 -0.1676 0.3318
vn 0.6473 -0.4915 -0.5825
vn -0.2729 0.8262 -0.4929
vn -0.7720 0.3702 -0.5166
vn 0.7729 0.0798 -0.6294
vn -0.2479 0.0915 0.9644
vn -0.9218 0.3009 -0.2447
vn 0.7417 0.0679 -0.6672
vn 0.3609 0.8965 -0.2570
vn 0.9409 -0.3384 -0.0094
vn -0.6917 0.1468 0.7071
vn -0.6772 0.4014 0.6166
vn -0.5273 -0.8491 0.0325
vn 0.5273 0.8491 -0.0325
vn -0.6776 0.6566 -0.3311
vn 0.6776 -0.6566 0.3311
vn 0.5553 -0.4855 -0.6752
vn -0.3577 0.5751 -0.7357
vn 0.5345 0.1404 0.8335
vn -0.3496 -0.5382 -0.7669
vn 0.2667 -0.7833 0.5616
vn 0.9235 -0.1324 -0.3599
vn 0.4513 -0.6823 -0.5752
vn 0.4929 0.3555 0.7942
vn 0.8650 -0.1016 -0.4913
vn 0.7340 0.6651 0.1372
vn 0.2115 -0.1801 -0.9607
vn 0.6680 -0.5663 -0.4828
vn 0.6066 0.4123 -0.6798
vn -0.1723 -0.8805 -0.4416
vn -0.9077 -0.4163 0.0520
vn -0.7544 -0.1256 -0.6443
vn 0.7544 0.1256 0.6442
vn -0.2399 -0.8609 0.4487
vn -0.6493 -0.5291 -0.5463
vn 0.4590 0.3001 -0.8362
vn 0.9829 -0.1466 -0.1110
vn 0.5239 -0.4467 0.7252
vn 0.5200 -0.5554 0.6489
vn -0.3188 -0.0971 0.9428
vn 0.9720 0.2303 -0.0465
vn 0.1403 0.6393 -0.7561
vn -0.7811 -0.3979 -0.4812
vn -0.6084 0.6581 0.4435
vn -0.5854 0.4967 -0.6407
vn 0.6326 0.5009 0.5907
vn 0.8531 -0.3557 0.3817
vn -0.7541 -0.3595 0.5495
vn -0.8745 0.0050 0.4849
vn 0.8572 -0.0015 0.5150
vn -0.5742 0.8186 -0.0127
vn 0.8760 0.4199 -0.2372
vn 0.7631 -0.6434 0.0609
vn 0.2321 0.9726 0.0078
vn 0.7925 0.2079 0.5734
vn 0.6074 0.5756 -0.5475
vn -0.7301 0.6774 0.0899
vn 0.5690 -0.4825 -0.6659
vn 0.9954 -0.0109 -0.0950
vn 0.6961 -0.3506 -0.6265
vn -0.2003 0.7818 0.5904
vn 0.8862 0.4632 0.0088
vn 0.2006 -0.8120 0.5481
vn 0.0763 -0.0161 -0.9970
vn 0.6276 0.1434 0.7653
vn 0.1419 -0.9479 0.2850
vn -0.7935 -0.0773 0.6036
vn -0.5883 0.3513 -0.7284
vn 0.2143 -0.9418 0.2590
vn 0.5875 0.4868 -0.6464
vn 0.9437 0.0890 0.3185
vn -0.2023 0.0712 0.9767
vn 0.2730 -0.8261 0.4929
vn 0.5553 -0.5648 0.6104
vn -0.4167 0.7280 0.5444
vn -0.8595 -0.1203 -0.4968
vn -0.3608 -0.8965 0.2570
vn 0.3608 0.8965 -0.2570
vn 0.7161 -0.3320 -0.6139
vn 0.3026 -0.0669 0.9508
vn -0.5867 0.5760 -0.5692
vn 0.5867 -0.5760 0.5692
vn 0.0364 0.0818 -0.9960
vn 0.5730 -0.4340 0.6952
vn 0.0791 -0.1718 0.9819
vn -0.9513 -0.3075 0.0229
vn -0.1298 0.3180 0.9391
vn 0.9729 0.0903 -0.2131
vn 0.8485 0.4505 -0.2775
vn -0.9829 0.1466 0.1110
vn -0.0129 0.0759 0.9970
vn -0.7541 -0.3595 0.5496
vn 0.8245 0.3458 0.4479
vn 0.8745 -0.0049 -0.4849
vn -0.2867 0.5858 0.7580
vn 0.0779 0.0173 0.9968
vn 0.7740 -0.2117 -0.5967
vn -0.2203 0.8178 -0.5316
vn 0.2226 0.7779 0.5877
vn 0.6540 0.7066 0.2701
vn -0.3874 -0.7391 -0.5511
vn 0.8227 -0.4108 -0.3929
vn -0.7135 0.1698 0.6798
vn -0.8811 -0.3383 -0.3306
vn -0.1081 -0.2585 -0.9600
vn 0.4167 -0.7280 -0.5444
vn -0.5408 -0.5277 -0.6550
vn 0.3609 0.8965 -0.2569
vn 0.5409 0.5277 0.6549
vn 0.3568 0.9121 -0.2019
vn 0.6772 -0.4014 -0.6167
vt 0.377869 0.218855
vt 0.385058 0.003602
vt 0.003595 0.211409
vt 0.687148 0.385938
vt 0.202838 0.409509
vt 0.178262 0.202476
vt 0.560252 0.003595
vt 0.194327 0.003595
vt 0.202838 0.218598
vt 0.202838 0.402057
vt 0.377869 0.003658
vt 0.003595 0.218598
vt 0.003595 0.003656
vt 0.385058 0.211370
vt 0.560090 0.402018
vt 0.202838 0.599528
vt 0.178262 0.012472
vt 0.687310 0.003595
vt 0.385058 0.402275
vt 0.560252 0.211363
vt 0.194327 0.211346
vt 0.003595 0.426363
vt 0.377869 0.211409
vt 0.385058 0.218816
vt 0.185975 0.408600
vt 0.058356 0.202516
vt 0.567297 0.385763
vt 0.240212 0.003610
vt 0.202838 0.264463
vt 0.385058 0.356410
vt 0.240212 0.211362
vt 0.567459 0.003770
vt 0.058356 0.012512
vt 0.185975 0.218597
vt 0.377869 0.264719
vt 0.049480 0.211393
vt 0.377869 0.402313
vt 0.178785 0.218617
vt 0.187138 0.211347
vt 0.560090 0.218559
vt 0.178785 0.426382
vt 0.187138 0.003594
vt 0.560090 0.356153
vt 0.049480 0.003641
vt 0.567297 0.218559
vt 0.559621 0.599507
vt 0.370196 0.409503
vt 0.679528 0.599467
vt 0.687148 0.218735
vt 0.370196 0.599521
vt 0.679528 0.409463
vt 0.687310 0.170798
vt 0.559621 0.409504
vt 0.567459 0.170974
vt 0.747562 0.409464
vt 0.389574 0.413979
vt 0.721172 0.399542
vt 0.721172 0.218569
vt 0.721321 0.161815
vt 0.389574 0.594965
vt 0.713551 0.409463
vt 0.547898 0.413996
vt 0.747562 0.567644
vt 0.721321 0.003634
vt 0.547898 0.594982
vt 0.713551 0.590438
vt 0.185993 0.218597
vt 0.567441 0.003770
vt 0.385058 0.409463
vt 0.185993 0.408600
vt 0.567279 0.385763
vt 0.385058 0.599479
vt 0.567441 0.170974
vt 0.559603 0.409504
vt 0.552414 0.409482
vt 0.567279 0.218559
vt 0.559603 0.599507
vt 0.552414 0.599497
vt 0.161919 0.614574
vt 0.720740 0.409503
vt 0.694338 0.399533
vt 0.161919 0.433589
vt 0.694500 0.161775
vt 0.694338 0.218559
vt 0.003595 0.614557
vt 0.686717 0.409472
vt 0.720740 0.567684
vt 0.694500 0.003595
vt 0.003595 0.433571
vt 0.686717 0.590447
vt 0.701194 0.192790
vt 0.760673 0.048328
vt 0.466633 0.760733
vt 0.758406 0.048321
vt 0.699490 0.191086
vt 0.759130 0.046629
vt 0.701176 0.191101
vt 0.748251 0.048359
vt 0.699490 0.179867
vt 0.534890 0.749561
vt 0.701194 0.178163
vt 0.532616 0.749571
vt 0.533354 0.747848
vt 0.701176 0.179882
vt 0.712412 0.192791
vt 0.456540 0.760796
vt 0.455796 0.762480
vt 0.712395 0.191102
vt 0.748251 0.026493
vt 0.714116 0.191087
vt 0.454263 0.760786
vt 0.522505 0.749512
vt 0.712412 0.178164
vt 0.760674 0.026523
vt 0.714116 0.179868
vt 0.758407 0.026529
vt 0.759131 0.024813
vt 0.712395 0.179883
vt 0.016517 0.709903
vt 0.760673 0.059547
vt 0.466633 0.749514
vt 0.759130 0.061257
vt 0.016500 0.708184
vt 0.018221 0.708199
vt 0.758406 0.059540
vt 0.532616 0.760789
vt 0.016517 0.695276
vt 0.748251 0.059578
vt 0.018221 0.696980
vt 0.534890 0.760780
vt 0.533354 0.762475
vt 0.016500 0.696965
vt 0.005299 0.709904
vt 0.456540 0.749578
vt 0.748251 0.037712
vt 0.454263 0.749568
vt 0.003595 0.708200
vt 0.455796 0.747854
vt 0.005281 0.708185
vt 0.522505 0.760730
vt 0.760674 0.037742
vt 0.005299 0.695277
vt 0.759131 0.039441
vt 0.005281 0.696966
vt 0.003595 0.696981
vt 0.758407 0.037748
vt 0.880843 0.014562
vt 0.916212 0.758493
vt 0.903329 0.554347
vt 0.882774 0.014523
vt 0.905345 0.554221
vt 0.882159 0.016047
vt 0.891438 0.014747
vt 0.924406 0.081790
vt 0.923451 0.080071
vt 0.913288 0.555917
vt 0.890823 0.016271
vt 0.925501 0.080114
vt 0.903329 0.563415
vt 0.916212 0.749400
vt 0.905345 0.563288
vt 0.880776 0.852581
vt 0.904535 0.565050
vt 0.917169 0.747680
vt 0.891372 0.852394
vt 0.923451 0.070968
vt 0.912478 0.566746
vt 0.889441 0.852355
vt 0.890056 0.850977
vt 0.925501 0.071011
vt 0.913287 0.564985
vt 0.880843 0.005011
vt 0.923407 0.760449
vt 0.882159 0.003595
vt 0.925457 0.760406
vt 0.903397 0.502890
vt 0.904207 0.504652
vt 0.882774 0.004972
vt 0.916242 0.082003
vt 0.913355 0.501320
vt 0.912149 0.502955
vt 0.891438 0.005197
vt 0.917197 0.083722
vt 0.911339 0.501194
vt 0.923408 0.751356
vt 0.924365 0.749635
vt 0.880776 0.862131
vt 0.903397 0.493823
vt 0.881392 0.863655
vt 0.925457 0.751314
vt 0.916242 0.072900
vt 0.913355 0.492252
vt 0.891372 0.861944
vt 0.890056 0.863429
vt 0.911339 0.492126
vt 0.889441 0.861905
vt 0.847622 0.840500
vt 0.807044 0.364595
vt 0.846820 0.842360
vt 0.844954 0.159055
vt 0.845485 0.840644
vt 0.807607 0.366224
vt 0.816603 0.364405
vt 0.856210 0.158243
vt 0.856215 0.759411
vt 0.818618 0.364450
vt 0.817166 0.366035
vt 0.854120 0.158098
vt 0.847622 0.830629
vt 0.818466 0.150413
vt 0.817014 0.151939
vt 0.845485 0.830773
vt 0.844954 0.169083
vt 0.845653 0.170896
vt 0.816452 0.150458
vt 0.856210 0.168271
vt 0.856215 0.749540
vt 0.855413 0.747680
vt 0.806891 0.150268
vt 0.854817 0.169939
vt 0.854119 0.168126
vt 0.856893 0.705678
vt 0.856409 0.841928
vt 0.854803 0.705820
vt 0.807044 0.354355
vt 0.855501 0.704011
vt 0.855607 0.843788
vt 0.818618 0.354211
vt 0.847428 0.760839
vt 0.846338 0.703070
vt 0.816603 0.354166
vt 0.817166 0.352685
vt 0.845639 0.704879
vt 0.845291 0.760695
vt 0.818466 0.140174
vt 0.856893 0.715714
vt 0.856409 0.832057
vt 0.816451 0.140219
vt 0.817014 0.138589
vt 0.854803 0.715856
vt 0.847428 0.750968
vt 0.845291 0.750824
vt 0.845639 0.714915
vt 0.807455 0.138399
vt 0.806891 0.140029
vt 0.846626 0.749108
vt 0.672009 0.783283
vt 0.129025 0.697599
vt 0.671023 0.784994
vt 0.127329 0.697570
vt 0.781623 0.782292
vt 0.669621 0.783282
vt 0.127311 0.695885
vt 0.771326 0.783921
vt 0.116045 0.697568
vt 0.769908 0.782191
vt 0.237122 0.783312
vt 0.114312 0.697596
vt 0.116026 0.695883
vt 0.772289 0.782183
vt 0.138574 0.709491
vt 0.672009 0.771998
vt 0.781623 0.771008
vt 0.669621 0.771997
vt 0.136860 0.707777
vt 0.671023 0.770280
vt 0.138602 0.707759
vt 0.237122 0.772027
vt 0.769908 0.770908
vt 0.138574 0.694778
vt 0.771326 0.769210
vt 0.138602 0.696475
vt 0.772289 0.770900
vt 0.136860 0.696492
vt 0.722647 0.770854
vt 0.129025 0.708883
vt 0.681242 0.783266
vt 0.720266 0.770845
vt 0.127311 0.710596
vt 0.721229 0.769161
vt 0.127329 0.708854
vt 0.227888 0.783296
vt 0.114312 0.708880
vt 0.226903 0.785014
vt 0.116045 0.708852
vt 0.116026 0.710594
vt 0.710927 0.770977
vt 0.225500 0.783297
vt 0.149858 0.709493
vt 0.722647 0.782137
vt 0.681242 0.771981
vt 0.721229 0.783871
vt 0.149886 0.707761
vt 0.151572 0.707779
vt 0.720266 0.782128
vt 0.227888 0.772011
vt 0.149858 0.694780
vt 0.151572 0.696495
vt 0.710927 0.782259
vt 0.225500 0.772012
vt 0.226903 0.770300
vt 0.149886 0.696476
vt 0.758999 0.017624
vt 0.768067 0.524681
vt 0.091953 0.729377
vt 0.766354 0.526442
vt 0.761244 0.017439
vt 0.766028 0.524593
vt 0.755078 0.526579
vt 0.102777 0.729418
vt 0.761214 0.095437
vt 0.105002 0.729407
vt 0.103358 0.731144
vt 0.754751 0.524729
vt 0.760602 0.093426
vt 0.768067 0.513225
vt 0.083382 0.729384
vt 0.748251 0.016895
vt 0.766028 0.513137
vt 0.081738 0.731134
vt 0.081157 0.729372
vt 0.750466 0.096166
vt 0.748221 0.095981
vt 0.070334 0.729415
vt 0.754751 0.513273
vt 0.749853 0.094156
vt 0.070916 0.731176
vt 0.758999 0.006334
vt 0.751910 0.645693
vt 0.759611 0.004324
vt 0.092535 0.716137
vt 0.091953 0.717898
vt 0.761244 0.006150
vt 0.105002 0.717928
vt 0.761214 0.106726
vt 0.765227 0.645741
vt 0.102777 0.717940
vt 0.763191 0.645835
vt 0.103358 0.716178
vt 0.083382 0.717906
vt 0.748251 0.005605
vt 0.081157 0.717894
vt 0.752233 0.632385
vt 0.081738 0.716169
vt 0.751910 0.634239
vt 0.748863 0.003595
vt 0.765227 0.634288
vt 0.750466 0.107456
vt 0.763191 0.634381
vt 0.070334 0.717936
vt 0.748221 0.107271
vt 0.763514 0.632527
vt 0.873228 0.072556
vt 0.502915 0.673065
vt 0.511617 0.864620
vt 0.871079 0.072576
vt 0.871953 0.070968
vt 0.512053 0.862875
vt 0.501050 0.672142
vt 0.862685 0.072290
vt 0.501853 0.864202
vt 0.582571 0.662786
vt 0.500371 0.862609
vt 0.582468 0.664949
vt 0.502290 0.862457
vt 0.504898 0.664903
vt 0.512053 0.852806
vt 0.503033 0.663980
vt 0.862682 0.770978
vt 0.504795 0.662740
vt 0.873224 0.770710
vt 0.584451 0.673111
vt 0.500371 0.852540
vt 0.502133 0.656660
vt 0.871075 0.770690
vt 0.871949 0.769210
vt 0.502290 0.852387
vt 0.500371 0.657900
vt 0.858537 0.790257
vt 0.873228 0.082721
vt 0.512536 0.673065
vt 0.871953 0.084221
vt 0.856620 0.790101
vt 0.596617 0.657945
vt 0.594854 0.656706
vt 0.871079 0.082741
vt 0.592089 0.664949
vt 0.862685 0.082455
vt 0.592192 0.662786
vt 0.846849 0.790522
vt 0.593955 0.664026
vt 0.858537 0.800322
vt 0.514519 0.664903
vt 0.862682 0.781143
vt 0.514416 0.662740
vt 0.857053 0.801915
vt 0.856620 0.800166
vt 0.594072 0.673111
vt 0.873224 0.780875
vt 0.871949 0.782463
vt 0.846849 0.800588
vt 0.595938 0.672187
vt 0.847281 0.802336
vt 0.871075 0.780855
vt 0.751628 0.658005
vt 0.760010 0.220396
vt 0.753112 0.656294
vt 0.759119 0.218559
vt 0.733875 0.576658
vt 0.753980 0.657999
vt 0.733721 0.574873
vt 0.005064 0.739521
vt 0.722607 0.576698
vt 0.005955 0.741103
vt 0.720741 0.576636
vt 0.003594 0.741154
vt 0.763744 0.658052
vt 0.722452 0.574913
vt 0.760010 0.231670
vt 0.751628 0.669318
vt 0.114312 0.719496
vt 0.753980 0.669313
vt 0.116024 0.717786
vt 0.753112 0.671045
vt 0.116179 0.719435
vt 0.005955 0.752374
vt 0.127447 0.719475
vt 0.005064 0.754215
vt 0.127292 0.717826
vt 0.763744 0.669366
vt 0.003594 0.752425
vt 0.750336 0.220892
vt 0.751750 0.693296
vt 0.747976 0.220843
vt 0.733721 0.589613
vt 0.733875 0.587963
vt 0.749445 0.219056
vt 0.015633 0.741621
vt 0.763865 0.693248
vt 0.720741 0.587942
vt 0.762382 0.694975
vt 0.722607 0.588003
vt 0.722452 0.589653
vt 0.761514 0.693242
vt 0.114312 0.730802
vt 0.750336 0.232166
vt 0.749445 0.233754
vt 0.116179 0.730741
vt 0.751750 0.681982
vt 0.116024 0.732526
vt 0.747975 0.232117
vt 0.763865 0.681934
vt 0.015633 0.752891
vt 0.127292 0.732566
vt 0.761514 0.681928
vt 0.762382 0.680224
vt 0.127447 0.730781
vt 0.014743 0.754733
vt 0.227375 0.902652
vt 0.236722 0.854548
vt 0.226890 0.904341
vt 0.236415 0.853022
vt 0.540085 0.895532
vt 0.225501 0.902808
vt 0.227247 0.854626
vt 0.551120 0.895250
vt 0.202837 0.893626
vt 0.225500 0.854583
vt 0.226940 0.853101
vt 0.549251 0.895134
vt 0.722149 0.863750
vt 0.227375 0.893109
vt 0.720710 0.865209
vt 0.225500 0.893265
vt 0.540085 0.905143
vt 0.540562 0.906779
vt 0.720402 0.863794
vt 0.202837 0.903164
vt 0.551120 0.904860
vt 0.710927 0.863716
vt 0.549728 0.906380
vt 0.203324 0.904857
vt 0.549251 0.904744
vt 0.582468 0.905264
vt 0.236523 0.903203
vt 0.584337 0.905148
vt 0.236722 0.864230
vt 0.583860 0.906785
vt 0.236038 0.904892
vt 0.225500 0.864264
vt 0.211982 0.893063
vt 0.593026 0.907183
vt 0.227247 0.864308
vt 0.226940 0.865723
vt 0.213857 0.893222
vt 0.593503 0.905547
vt 0.722149 0.854069
vt 0.582468 0.895654
vt 0.236523 0.893660
vt 0.720402 0.854113
vt 0.720710 0.852587
vt 0.584337 0.895538
vt 0.211982 0.902600
vt 0.213857 0.902759
vt 0.593503 0.895937
vt 0.711235 0.852508
vt 0.710927 0.854034
vt 0.212468 0.904293
vt 0.561517 0.615474
vt 0.752076 0.574873
vt 0.169108 0.496843
vt 0.561497 0.617971
vt 0.559603 0.616638
vt 0.169108 0.499341
vt 0.753088 0.577017
vt 0.560465 0.625635
vt 0.178764 0.496435
vt 0.594460 0.625635
vt 0.180931 0.497687
vt 0.753088 0.588046
vt 0.178764 0.498933
vt 0.742516 0.577022
vt 0.169108 0.516025
vt 0.560616 0.606697
vt 0.743528 0.579166
vt 0.594309 0.606697
vt 0.741064 0.579024
vt 0.171275 0.514772
vt 0.185543 0.506337
vt 0.595364 0.616858
vt 0.595345 0.614361
vt 0.741064 0.590053
vt 0.596965 0.615694
vt 0.743528 0.590195
vt 0.183376 0.507583
vt 0.169108 0.532472
vt 0.573089 0.615474
vt 0.574689 0.616638
vt 0.171275 0.533718
vt 0.751023 0.193485
vt 0.753487 0.193343
vt 0.573069 0.617971
vt 0.582889 0.625635
vt 0.185543 0.489891
vt 0.752035 0.180312
vt 0.572036 0.625635
vt 0.753487 0.182314
vt 0.183376 0.488638
vt 0.751023 0.182456
vt 0.173695 0.523825
vt 0.572187 0.606697
vt 0.582738 0.606697
vt 0.175862 0.522573
vt 0.741463 0.191336
vt 0.175862 0.525071
vt 0.583793 0.616858
vt 0.742475 0.178163
vt 0.581879 0.615694
vt 0.185542 0.525473
vt 0.741463 0.180307
vt 0.583774 0.614361
vt 0.185542 0.522974
vt 0.773369 0.667169
vt 0.772299 0.669239
vt 0.741032 0.095294
vt 0.740247 0.093426
vt 0.762719 0.738334
vt 0.770933 0.667259
vt 0.730843 0.095757
vt 0.750651 0.740296
vt 0.781602 0.716006
vt 0.728511 0.095688
vt 0.730058 0.093890
vt 0.753042 0.740490
vt 0.741030 0.129552
vt 0.773369 0.656294
vt 0.739483 0.131209
vt 0.770933 0.656385
vt 0.762719 0.727656
vt 0.761797 0.725512
vt 0.738698 0.129621
vt 0.781602 0.705142
vt 0.750651 0.729618
vt 0.728511 0.129156
vt 0.752120 0.727668
vt 0.780530 0.703070
vt 0.753042 0.729812
vt 0.762719 0.751785
vt 0.782364 0.669324
vt 0.760327 0.751980
vt 0.741032 0.106670
vt 0.761249 0.749836
vt 0.781294 0.671395
vt 0.728511 0.107065
vt 0.772623 0.718189
vt 0.751572 0.747680
vt 0.730843 0.107134
vt 0.730058 0.108723
vt 0.750650 0.749824
vt 0.770186 0.718098
vt 0.741030 0.118176
vt 0.762719 0.762463
vt 0.782364 0.658450
vt 0.738698 0.118244
vt 0.739483 0.116377
vt 0.760327 0.762658
vt 0.772623 0.707325
vt 0.729295 0.115912
vt 0.750650 0.760502
vt 0.770186 0.707235
vt 0.771551 0.705253
vt 0.728511 0.117779
vt 0.713013 0.738187
vt 0.572669 0.772944
vt 0.712581 0.740078
vt 0.202838 0.770228
vt 0.710928 0.738330
vt 0.572404 0.771155
vt 0.561555 0.773030
vt 0.734274 0.191225
vt 0.215842 0.770131
vt 0.559603 0.772960
vt 0.213788 0.770036
vt 0.561291 0.771240
vt 0.661374 0.784186
vt 0.713013 0.727016
vt 0.710928 0.727158
vt 0.202837 0.781446
vt 0.712581 0.725512
vt 0.203229 0.783274
vt 0.659421 0.784256
vt 0.734274 0.180053
vt 0.215842 0.781349
vt 0.214179 0.783082
vt 0.648308 0.784171
vt 0.733842 0.178163
vt 0.213788 0.781253
vt 0.513375 0.772175
vt 0.723896 0.738520
vt 0.511321 0.772266
vt 0.572669 0.784180
vt 0.511712 0.770443
vt 0.723464 0.740410
vt 0.723391 0.191558
vt 0.559603 0.784195
vt 0.722959 0.193061
vt 0.561555 0.784265
vt 0.500761 0.770261
vt 0.500370 0.772083
vt 0.721306 0.191415
vt 0.661374 0.772951
vt 0.513375 0.783396
vt 0.723896 0.727348
vt 0.659421 0.773021
vt 0.659686 0.771232
vt 0.511321 0.783486
vt 0.723391 0.180386
vt 0.721306 0.180243
vt 0.500370 0.783304
vt 0.648572 0.771146
vt 0.648308 0.772936
vt 0.722959 0.178496
vt 0.511490 0.719542
vt 0.917377 0.725595
vt 0.731085 0.903298
vt 0.572930 0.705677
vt 0.732980 0.903351
vt 0.732403 0.904692
vt 0.919365 0.725512
vt 0.571263 0.704546
vt 0.741655 0.903079
vt 0.570143 0.711535
vt 0.568386 0.712425
vt 0.927335 0.726489
vt 0.568476 0.710405
vt 0.917377 0.734893
vt 0.502719 0.719542
vt 0.919365 0.734810
vt 0.430246 0.893634
vt 0.918588 0.736453
vt 0.500961 0.718650
vt 0.559603 0.712425
vt 0.440815 0.893852
vt 0.438920 0.893904
vt 0.926557 0.737430
vt 0.439498 0.892375
vt 0.927335 0.735787
vt 0.559693 0.710405
vt 0.731085 0.893850
vt 0.513707 0.712108
vt 0.732403 0.892374
vt 0.513617 0.710087
vt 0.927660 0.332760
vt 0.926882 0.331116
vt 0.732980 0.893903
vt 0.570580 0.719868
vt 0.917702 0.333654
vt 0.741655 0.893631
vt 0.918913 0.332093
vt 0.572337 0.718978
vt 0.919690 0.333736
vt 0.504936 0.712108
vt 0.430246 0.903082
vt 0.503178 0.711216
vt 0.927660 0.342058
vt 0.504847 0.710087
vt 0.561797 0.719868
vt 0.440815 0.903300
vt 0.917702 0.342952
vt 0.439498 0.904694
vt 0.502039 0.704216
vt 0.919690 0.343035
vt 0.438920 0.903352
vt 0.500371 0.705346
vt 0.083640 0.750034
vt 0.487810 0.742443
vt 0.081954 0.751845
vt 0.136860 0.730057
vt 0.490158 0.742195
vt 0.081438 0.749898
vt 0.070851 0.752238
vt 0.147460 0.730056
vt 0.385058 0.740280
vt 0.149789 0.730056
vt 0.148180 0.731820
vt 0.070335 0.750291
vt 0.385813 0.742437
vt 0.477317 0.740969
vt 0.083640 0.738501
vt 0.038373 0.730165
vt 0.081438 0.738365
vt 0.036764 0.731929
vt 0.036044 0.730165
vt 0.395551 0.738806
vt 0.397900 0.739054
vt 0.025445 0.730165
vt 0.070335 0.738758
vt 0.396307 0.740963
vt 0.026166 0.731928
vt 0.487810 0.731355
vt 0.091954 0.751814
vt 0.488564 0.729198
vt 0.137580 0.716683
vt 0.136860 0.718446
vt 0.490158 0.731106
vt 0.149789 0.718446
vt 0.385058 0.729192
vt 0.105264 0.752074
vt 0.147460 0.718445
vt 0.148180 0.716682
vt 0.103064 0.752214
vt 0.038373 0.718554
vt 0.477317 0.729881
vt 0.036044 0.718555
vt 0.092466 0.738333
vt 0.036764 0.716791
vt 0.091954 0.740285
vt 0.478072 0.727724
vt 0.395551 0.727717
vt 0.105264 0.740546
vt 0.103064 0.740685
vt 0.103576 0.738734
vt 0.025445 0.718554
vt 0.397900 0.727966
vt 0.316296 0.738361
vt 0.315737 0.740378
vt 0.314030 0.717660
vt 0.640269 0.717601
vt 0.314302 0.719416
vt 0.314029 0.738521
vt 0.628487 0.719496
vt 0.325722 0.717702
vt 0.626785 0.717729
vt 0.690185 0.726541
vt 0.327771 0.717667
vt 0.325995 0.719457
vt 0.629063 0.717783
vt 0.348836 0.717618
vt 0.316296 0.726646
vt 0.314029 0.726806
vt 0.640269 0.705785
vt 0.347060 0.719421
vt 0.346787 0.717584
vt 0.690185 0.738250
vt 0.626785 0.705913
vt 0.628487 0.704091
vt 0.335095 0.717625
vt 0.690745 0.740272
vt 0.335368 0.719462
vt 0.629063 0.705967
vt 0.595951 0.705969
vt 0.327539 0.738872
vt 0.593674 0.706024
vt 0.314302 0.703997
vt 0.594249 0.704147
vt 0.314030 0.705834
vt 0.326980 0.740888
vt 0.327771 0.705841
vt 0.701424 0.726016
vt 0.325722 0.705876
vt 0.582468 0.705842
vt 0.703692 0.726179
vt 0.325995 0.704038
vt 0.348836 0.705792
vt 0.595951 0.717785
vt 0.327539 0.727157
vt 0.594249 0.719552
vt 0.346787 0.705758
vt 0.347060 0.704002
vt 0.593674 0.717839
vt 0.701424 0.737725
vt 0.335368 0.704043
vt 0.582468 0.717657
vt 0.703692 0.737888
vt 0.701984 0.739747
vt 0.335095 0.705799
vt 0.797864 0.340041
vt 0.102670 0.759403
vt 0.965335 0.586811
vt 0.797834 0.338155
vt 0.799299 0.338972
vt 0.966198 0.585184
vt 0.104298 0.760351
vt 0.798483 0.331116
vt 0.958541 0.584765
vt 0.082803 0.760385
vt 0.957509 0.583199
vt 0.789940 0.070968
vt 0.081159 0.759427
vt 0.959404 0.583138
vt 0.098299 0.765617
vt 0.798713 0.345421
vt 0.966198 0.576919
vt 0.099926 0.766566
vt 0.789709 0.085273
vt 0.098299 0.767520
vt 0.957509 0.574933
vt 0.789089 0.076348
vt 0.789058 0.078235
vt 0.102670 0.773833
vt 0.787852 0.077417
vt 0.104298 0.772879
vt 0.959404 0.574872
vt 0.963409 0.512743
vt 0.789070 0.340041
vt 0.787833 0.338972
vt 0.961514 0.512680
vt 0.081159 0.773715
vt 0.082803 0.772789
vt 0.789040 0.338155
vt 0.798733 0.070969
vt 0.077905 0.764875
vt 0.789688 0.331116
vt 0.079549 0.765833
vt 0.954704 0.514733
vt 0.077905 0.766759
vt 0.091954 0.765685
vt 0.963409 0.520999
vt 0.789919 0.345421
vt 0.798502 0.085273
vt 0.091954 0.767588
vt 0.962374 0.522565
vt 0.961514 0.520936
vt 0.797883 0.076348
vt 0.070335 0.765523
vt 0.799317 0.077417
vt 0.070335 0.767407
vt 0.954704 0.522990
vt 0.797852 0.078235
vt 0.955564 0.524619
vt 0.992497 0.690476
vt 0.915699 0.148317
vt 0.968162 0.959946
vt 0.917349 0.148314
vt 0.917008 0.149672
vt 0.990597 0.690516
vt 0.925972 0.148321
vt 0.977136 0.642673
vt 0.976284 0.641156
vt 0.978188 0.641191
vt 0.983589 0.689558
vt 0.925631 0.149678
vt 0.992497 0.681702
vt 0.968162 0.951175
vt 0.990597 0.681742
vt 0.248185 0.914166
vt 0.991432 0.680224
vt 0.247844 0.915515
vt 0.969013 0.949657
vt 0.976284 0.632385
vt 0.258117 0.915512
vt 0.256467 0.915509
vt 0.983589 0.680784
vt 0.978188 0.632420
vt 0.256808 0.914159
vt 0.915699 0.139407
vt 0.975088 0.960932
vt 0.983552 0.103144
vt 0.976991 0.960897
vt 0.917008 0.138054
vt 0.917349 0.139404
vt 0.969358 0.642142
vt 0.992461 0.102245
vt 0.991396 0.103721
vt 0.925972 0.139410
vt 0.970210 0.643660
vt 0.990561 0.102206
vt 0.925631 0.138061
vt 0.975088 0.952161
vt 0.975939 0.950644
vt 0.247844 0.924426
vt 0.983552 0.094364
vt 0.248185 0.925783
vt 0.976991 0.952126
vt 0.969358 0.633371
vt 0.992461 0.093465
vt 0.258117 0.924422
vt 0.256808 0.925776
vt 0.990561 0.093426
vt 0.256467 0.924419
vt 0.212545 0.616112
vt 0.212627 0.613783
vt 0.836807 0.048405
vt 0.799854 0.365169
vt 0.214585 0.615039
vt 0.216353 0.606717
vt 0.828633 0.048255
vt 0.616442 0.624358
vt 0.787571 0.365958
vt 0.826302 0.048258
vt 0.827543 0.046630
vt 0.789707 0.366211
vt 0.218311 0.607972
vt 0.826288 0.117586
vt 0.215730 0.624378
vt 0.827529 0.115912
vt 0.217771 0.623304
vt 0.799854 0.354688
vt 0.799261 0.352685
vt 0.828619 0.117589
vt 0.787571 0.355478
vt 0.619627 0.616092
vt 0.619545 0.613763
vt 0.836795 0.117441
vt 0.789113 0.353727
vt 0.789707 0.355730
vt 0.787651 0.296635
vt 0.202838 0.616112
vt 0.789787 0.296387
vt 0.836807 0.059277
vt 0.789191 0.298386
vt 0.202920 0.613783
vt 0.606735 0.624358
vt 0.826302 0.059130
vt 0.799332 0.299420
vt 0.828633 0.059127
vt 0.827543 0.060805
vt 0.604695 0.623284
vt 0.799929 0.297421
vt 0.826288 0.128458
vt 0.787651 0.286145
vt 0.206023 0.624378
vt 0.828619 0.128461
vt 0.606112 0.606697
vt 0.827529 0.130087
vt 0.604154 0.607952
vt 0.789788 0.285896
vt 0.609920 0.616092
vt 0.799929 0.286930
vt 0.607880 0.615019
vt 0.836795 0.128313
vt 0.609838 0.613763
vt 0.385058 0.914216
vt 0.179381 0.902295
vt 0.540085 0.914989
vt 0.177485 0.902299
vt 0.178109 0.900873
vt 0.386722 0.914076
vt 0.169108 0.902269
vt 0.769908 0.922812
vt 0.771810 0.922659
vt 0.395878 0.914300
vt 0.169733 0.900843
vt 0.771176 0.924341
vt 0.385058 0.923473
vt 0.548414 0.913968
vt 0.386722 0.923334
vt 0.080608 0.911458
vt 0.386449 0.924913
vt 0.550318 0.914120
vt 0.070335 0.911485
vt 0.780155 0.923668
vt 0.395605 0.925137
vt 0.072231 0.911489
vt 0.071607 0.912897
vt 0.779521 0.925350
vt 0.395878 0.923558
vt 0.179381 0.911625
vt 0.540085 0.924040
vt 0.178109 0.913037
vt 0.540724 0.925722
vt 0.721306 0.209732
vt 0.721578 0.211311
vt 0.177485 0.911630
vt 0.732125 0.209647
vt 0.771810 0.913605
vt 0.769908 0.913759
vt 0.169108 0.911600
vt 0.730734 0.211087
vt 0.730462 0.209508
vt 0.548414 0.923020
vt 0.550318 0.923172
vt 0.080608 0.902128
vt 0.721306 0.200474
vt 0.079984 0.900701
vt 0.549053 0.924702
vt 0.780155 0.914615
vt 0.070335 0.902154
vt 0.732125 0.200390
vt 0.071607 0.900733
vt 0.730462 0.200250
vt 0.072231 0.902159
vt 0.149049 0.782927
vt 0.411124 0.825555
vt 0.410094 0.826921
vt 0.147146 0.782899
vt 0.147486 0.781336
vt 0.855539 0.822609
vt 0.408871 0.825522
vt 0.846221 0.823371
vt 0.136860 0.782950
vt 0.531732 0.826936
vt 0.844954 0.821637
vt 0.532762 0.825152
vt 0.137200 0.781386
vt 0.847196 0.821591
vt 0.411124 0.815182
vt 0.855539 0.812215
vt 0.408871 0.815150
vt 0.025786 0.781436
vt 0.025445 0.783069
vt 0.410094 0.813398
vt 0.532762 0.814780
vt 0.844954 0.811244
vt 0.037634 0.783092
vt 0.846221 0.809819
vt 0.035731 0.783119
vt 0.036072 0.781486
vt 0.847196 0.811197
vt 0.855493 0.770630
vt 0.149049 0.793451
vt 0.419177 0.824397
vt 0.853251 0.770582
vt 0.147486 0.795057
vt 0.854224 0.769210
vt 0.147146 0.793423
vt 0.524709 0.823994
vt 0.523679 0.825778
vt 0.136860 0.793474
vt 0.137200 0.795108
vt 0.844899 0.771621
vt 0.522456 0.824027
vt 0.855493 0.781018
vt 0.419177 0.814024
vt 0.854224 0.782753
vt 0.418147 0.812240
vt 0.025445 0.793594
vt 0.025786 0.795158
vt 0.853251 0.780970
vt 0.524709 0.813622
vt 0.037634 0.793617
vt 0.036072 0.795208
vt 0.844898 0.782009
vt 0.522456 0.813655
vt 0.523679 0.812255
vt 0.035731 0.793644
vt 0.880853 0.758827
vt 0.885593 0.556065
vt 0.477783 0.894672
vt 0.882824 0.758823
vt 0.882170 0.760301
vt 0.477317 0.896347
vt 0.886280 0.554221
vt 0.891494 0.758849
vt 0.486965 0.895162
vt 0.014142 0.882860
vt 0.488359 0.896688
vt 0.012155 0.882636
vt 0.486498 0.896835
vt 0.894153 0.557719
vt 0.477317 0.905904
vt 0.894840 0.555875
vt 0.881555 0.138427
vt 0.880900 0.139888
vt 0.896140 0.557494
vt 0.003595 0.884290
vt 0.488359 0.906245
vt 0.891541 0.139865
vt 0.889569 0.139861
vt 0.890224 0.138399
vt 0.486498 0.906393
vt 0.615201 0.894736
vt 0.880853 0.749146
vt 0.885593 0.565075
vt 0.613343 0.894585
vt 0.882170 0.747680
vt 0.882824 0.749142
vt 0.012155 0.891646
vt 0.891494 0.749169
vt 0.014142 0.891871
vt 0.890840 0.747706
vt 0.604154 0.895079
vt 0.012841 0.893491
vt 0.615201 0.904289
vt 0.894153 0.566729
vt 0.880900 0.149569
vt 0.896140 0.566505
vt 0.613806 0.905815
vt 0.613343 0.904138
vt 0.891541 0.149546
vt 0.003595 0.893300
vt 0.890224 0.151021
vt 0.004282 0.895144
vt 0.604154 0.904632
vt 0.604617 0.906310
vt 0.889569 0.149542
vt 0.954699 0.480386
vt 0.864957 0.959787
vt 0.956252 0.480317
vt 0.938337 0.208932
vt 0.863328 0.959594
vt 0.956013 0.481734
vt 0.929517 0.210305
vt 0.964903 0.480418
vt 0.926284 0.959784
vt 0.928233 0.208983
vt 0.926623 0.958219
vt 0.964664 0.481835
vt 0.929885 0.209014
vt 0.864958 0.951175
vt 0.863328 0.950982
vt 0.938337 0.200144
vt 0.738715 0.170622
vt 0.937969 0.198766
vt 0.864620 0.949606
vt 0.728511 0.170654
vt 0.926623 0.949600
vt 0.928233 0.200195
vt 0.929517 0.198848
vt 0.730063 0.170723
vt 0.929885 0.200226
vt 0.817972 0.930110
vt 0.954699 0.471611
vt 0.873465 0.959338
vt 0.816320 0.930140
vt 0.816688 0.928762
vt 0.956252 0.471542
vt 0.918118 0.957777
vt 0.964903 0.471643
vt 0.808236 0.928681
vt 0.917779 0.959342
vt 0.807867 0.930059
vt 0.916487 0.957965
vt 0.817972 0.938898
vt 0.873465 0.950726
vt 0.816688 0.940220
vt 0.873127 0.949157
vt 0.738715 0.161847
vt 0.738476 0.160429
vt 0.816320 0.938928
vt 0.918118 0.949158
vt 0.728511 0.161879
vt 0.807867 0.938847
vt 0.729825 0.160531
vt 0.916487 0.949347
vt 0.730063 0.161948
vt 0.762311 0.823464
vt 0.875196 0.421365
vt 0.899341 0.273777
vt 0.760798 0.824999
vt 0.877345 0.421339
vt 0.876190 0.422676
vt 0.760607 0.823350
vt 0.750841 0.825106
vt 0.906858 0.273793
vt 0.826790 0.883662
vt 0.909010 0.273793
vt 0.907868 0.275315
vt 0.750650 0.823458
vt 0.827789 0.885356
vt 0.762311 0.813465
vt 0.899457 0.831753
vt 0.867590 0.420274
vt 0.900599 0.830226
vt 0.760607 0.813351
vt 0.760798 0.811962
vt 0.901609 0.831753
vt 0.834371 0.882571
vt 0.909125 0.831738
vt 0.750841 0.812070
vt 0.836521 0.882596
vt 0.750650 0.813459
vt 0.835370 0.884265
vt 0.875196 0.411469
vt 0.876190 0.409774
vt 0.722588 0.813512
vt 0.899341 0.263741
vt 0.722397 0.812122
vt 0.877345 0.411443
vt 0.826790 0.873765
vt 0.710927 0.813517
vt 0.909010 0.263757
vt 0.906858 0.263758
vt 0.712440 0.812015
vt 0.907868 0.262230
vt 0.712631 0.813404
vt 0.899457 0.841789
vt 0.867590 0.410378
vt 0.901609 0.841789
vt 0.722397 0.825159
vt 0.900599 0.843311
vt 0.722588 0.823510
vt 0.868585 0.408683
vt 0.710927 0.823516
vt 0.834371 0.872674
vt 0.835370 0.871362
vt 0.712631 0.823403
vt 0.712440 0.825051
vt 0.909125 0.841774
vt 0.836521 0.872700
vt 0.823918 0.453022
vt 0.847905 0.632502
vt 0.314030 0.864269
vt 0.821851 0.453027
vt 0.850069 0.632385
vt 0.822490 0.451454
vt 0.812449 0.453002
vt 0.670872 0.854950
vt 0.671811 0.856828
vt 0.669621 0.856730
vt 0.858715 0.633808
vt 0.813087 0.451430
vt 0.847905 0.642463
vt 0.314030 0.854488
vt 0.850069 0.642346
vt 0.823547 0.566093
vt 0.849218 0.644193
vt 0.314968 0.852610
vt 0.671811 0.866609
vt 0.812077 0.566113
vt 0.814143 0.566117
vt 0.857864 0.645616
vt 0.813505 0.567673
vt 0.858715 0.643769
vt 0.669621 0.866511
vt 0.823918 0.463321
vt 0.322269 0.866205
vt 0.822490 0.464882
vt 0.324459 0.866107
vt 0.859976 0.494410
vt 0.859125 0.492567
vt 0.821851 0.463326
vt 0.849169 0.495699
vt 0.680051 0.854892
vt 0.679112 0.853014
vt 0.812449 0.463302
vt 0.850482 0.493971
vt 0.851333 0.495814
vt 0.322269 0.856424
vt 0.323208 0.854546
vt 0.823547 0.555794
vt 0.859976 0.504381
vt 0.822909 0.554221
vt 0.324459 0.856326
vt 0.680051 0.864673
vt 0.849169 0.505669
vt 0.812077 0.555813
vt 0.813505 0.554245
vt 0.851333 0.505785
vt 0.814143 0.555818
vt 0.780996 0.048552
vt 0.357832 0.617081
vt 0.779031 0.048702
vt 0.368533 0.805852
vt 0.357832 0.614652
vt 0.779300 0.046816
vt 0.359089 0.807317
vt 0.767862 0.048516
vt 0.628842 0.179394
vt 0.357832 0.805555
vt 0.626912 0.178188
vt 0.768131 0.046630
vt 0.360260 0.805552
vt 0.368899 0.617056
vt 0.368533 0.794552
vt 0.368899 0.614627
vt 0.780981 0.129044
vt 0.370830 0.615850
vt 0.615845 0.178163
vt 0.357832 0.794255
vt 0.767847 0.129080
vt 0.359089 0.792585
vt 0.372472 0.607940
vt 0.769813 0.129231
vt 0.360260 0.794252
vt 0.370541 0.606717
vt 0.552151 0.793720
vt 0.780997 0.059798
vt 0.359474 0.625162
vt 0.549724 0.793716
vt 0.626912 0.196608
vt 0.550892 0.792053
vt 0.628842 0.195385
vt 0.779031 0.059948
vt 0.625270 0.186269
vt 0.627200 0.187475
vt 0.767862 0.059762
vt 0.541439 0.794042
vt 0.625270 0.188698
vt 0.552151 0.805017
vt 0.370541 0.625137
vt 0.550892 0.806783
vt 0.372472 0.623932
vt 0.780981 0.117799
vt 0.780712 0.115912
vt 0.549724 0.805014
vt 0.614203 0.186244
vt 0.767847 0.117835
vt 0.541438 0.805340
vt 0.769544 0.116099
vt 0.614203 0.188673
vt 0.769813 0.117986
vt 0.897976 0.287694
vt 0.652165 0.710011
vt 0.652244 0.712090
vt 0.761838 0.892680
vt 0.650488 0.711191
vt 0.650582 0.719859
vt 0.898035 0.882892
vt 0.761398 0.904018
vt 0.900104 0.882867
vt 0.899246 0.884433
vt 0.648826 0.718959
vt 0.761838 0.902400
vt 0.649985 0.704088
vt 0.905945 0.287289
vt 0.906804 0.285896
vt 0.648308 0.705268
vt 0.752507 0.892391
vt 0.293793 0.719828
vt 0.750650 0.892489
vt 0.908014 0.287314
vt 0.908072 0.883270
vt 0.752068 0.903729
vt 0.292214 0.709959
vt 0.292132 0.712037
vt 0.750650 0.902209
vt 0.752507 0.902111
vt 0.776737 0.473822
vt 0.661541 0.710011
vt 0.897976 0.297438
vt 0.777176 0.475440
vt 0.775320 0.475343
vt 0.661620 0.712090
vt 0.303782 0.704065
vt 0.900104 0.873123
vt 0.898035 0.873148
vt 0.659958 0.719859
vt 0.775320 0.485063
vt 0.899246 0.871729
vt 0.777176 0.485160
vt 0.305458 0.705248
vt 0.786067 0.473533
vt 0.905945 0.297033
vt 0.908014 0.297058
vt 0.303166 0.719828
vt 0.906804 0.298600
vt 0.304923 0.718933
vt 0.786507 0.475151
vt 0.908072 0.873527
vt 0.301587 0.709959
vt 0.786507 0.484871
vt 0.303263 0.711142
vt 0.301506 0.712037
vt 0.731536 0.656615
vt 0.774528 0.421900
vt 0.570799 0.196736
vt 0.171151 0.540907
vt 0.776987 0.421895
vt 0.775873 0.423670
vt 0.733819 0.656294
vt 0.169108 0.542292
vt 0.785845 0.422056
vt 0.175517 0.547917
vt 0.175671 0.550366
vt 0.744439 0.657791
vt 0.173474 0.549301
vt 0.731536 0.667429
vt 0.567441 0.187621
vt 0.733819 0.667108
vt 0.785413 0.546878
vt 0.733150 0.669299
vt 0.567594 0.185172
vt 0.774094 0.547033
vt 0.172313 0.559480
vt 0.743770 0.670796
vt 0.776552 0.547039
vt 0.775440 0.548755
vt 0.170117 0.558416
vt 0.744439 0.668605
vt 0.774528 0.410405
vt 0.580892 0.196736
vt 0.775873 0.408683
vt 0.583088 0.195671
vt 0.744720 0.634572
vt 0.744049 0.632385
vt 0.776987 0.410400
vt 0.185764 0.550366
vt 0.731823 0.635743
vt 0.733435 0.633872
vt 0.785845 0.410560
vt 0.185610 0.547917
vt 0.734107 0.636059
vt 0.577534 0.187621
vt 0.785413 0.535383
vt 0.577687 0.185172
vt 0.744720 0.645400
vt 0.579730 0.186557
vt 0.182406 0.559480
vt 0.774094 0.535538
vt 0.731823 0.646571
vt 0.775440 0.533768
vt 0.584096 0.179547
vt 0.734107 0.646887
vt 0.776552 0.535543
vt 0.582053 0.178163
vt 0.454263 0.607894
vt 0.170813 0.626390
vt 0.761107 0.574873
vt 0.170812 0.628806
vt 0.169108 0.627613
vt 0.760277 0.577041
vt 0.456355 0.606687
vt 0.170839 0.636855
vt 0.770937 0.577098
vt 0.493181 0.607894
vt 0.772430 0.578996
vt 0.016571 0.640082
vt 0.491089 0.606687
vt 0.770108 0.579266
vt 0.170839 0.618537
vt 0.458803 0.615922
vt 0.760277 0.587312
vt 0.460895 0.614714
vt 0.016570 0.621764
vt 0.460895 0.617130
vt 0.016545 0.632231
vt 0.772430 0.589266
vt 0.470128 0.617055
vt 0.016545 0.629816
vt 0.018257 0.631008
vt 0.470128 0.614639
vt 0.770108 0.589537
vt 0.766904 0.534038
vt 0.182058 0.626390
vt 0.183770 0.627613
vt 0.764582 0.533768
vt 0.491089 0.625005
vt 0.493181 0.623797
vt 0.182058 0.628806
vt 0.005325 0.640082
vt 0.486562 0.614563
vt 0.182084 0.636855
vt 0.488654 0.615771
vt 0.754751 0.535993
vt 0.486562 0.616979
vt 0.454263 0.623797
vt 0.766904 0.544308
vt 0.182085 0.618537
vt 0.005324 0.621764
vt 0.456355 0.625005
vt 0.765411 0.546206
vt 0.764582 0.544038
vt 0.005299 0.632231
vt 0.477317 0.614636
vt 0.003595 0.631008
vt 0.477317 0.617052
vt 0.754751 0.546263
vt 0.005299 0.629816
vt 0.755581 0.548432
vt 0.144422 0.745588
vt 0.146078 0.746542
vt 0.357832 0.961862
vt 0.949240 0.873177
vt 0.144422 0.747502
vt 0.149415 0.752696
vt 0.364984 0.962481
vt 0.034649 0.739118
vt 0.958580 0.871846
vt 0.366879 0.962449
vt 0.365792 0.963699
vt 0.956706 0.871729
vt 0.147760 0.753655
vt 0.963742 0.543370
vt 0.136860 0.745458
vt 0.962656 0.544809
vt 0.136860 0.747372
vt 0.949240 0.881688
vt 0.949979 0.883318
vt 0.961847 0.543338
vt 0.958580 0.880357
vt 0.027102 0.739239
vt 0.957446 0.881870
vt 0.025446 0.740194
vt 0.954697 0.543958
vt 0.956706 0.880240
vt 0.958731 0.141015
vt 0.147760 0.739139
vt 0.956857 0.141132
vt 0.357832 0.953008
vt 0.957597 0.139502
vt 0.149415 0.740094
vt 0.366879 0.953595
vt 0.038004 0.745556
vt 0.950131 0.138054
vt 0.364984 0.953628
vt 0.365792 0.952156
vt 0.949391 0.139684
vt 0.038004 0.747470
vt 0.963742 0.534516
vt 0.958731 0.149526
vt 0.140198 0.739009
vt 0.961847 0.534484
vt 0.025446 0.752796
vt 0.962656 0.533266
vt 0.027102 0.753756
vt 0.956857 0.149644
vt 0.030457 0.745677
vt 0.949391 0.148195
vt 0.030457 0.747591
vt 0.954697 0.535104
vt 0.028801 0.746631
vt 0.583369 0.805589
vt 0.648361 0.187151
vt 0.648382 0.184844
vt 0.040706 0.622927
vt 0.650098 0.186137
vt 0.038693 0.621764
vt 0.582468 0.803604
vt 0.649032 0.178163
vt 0.036114 0.630966
vt 0.571618 0.650325
vt 0.034102 0.632122
vt 0.582468 0.793301
vt 0.034102 0.629803
vt 0.592418 0.803774
vt 0.047895 0.631685
vt 0.648870 0.195663
vt 0.591516 0.801789
vt 0.571456 0.632824
vt 0.593792 0.801934
vt 0.047895 0.629365
vt 0.025445 0.631693
vt 0.572130 0.641813
vt 0.572109 0.639505
vt 0.593792 0.791631
vt 0.573669 0.640798
vt 0.591516 0.791486
vt 0.025445 0.629374
vt 0.061135 0.639359
vt 0.637571 0.187151
vt 0.636031 0.186137
vt 0.063146 0.638204
vt 0.294408 0.791495
vt 0.292133 0.791639
vt 0.637593 0.184844
vt 0.560829 0.650325
vt 0.038693 0.639353
vt 0.293507 0.803783
vt 0.638242 0.178163
vt 0.292133 0.801942
vt 0.040706 0.638197
vt 0.294408 0.801797
vt 0.056443 0.632089
vt 0.638082 0.195663
vt 0.560667 0.632824
vt 0.056443 0.629769
vt 0.303457 0.793309
vt 0.058454 0.630934
vt 0.302556 0.805597
vt 0.561341 0.641813
vt 0.559603 0.640798
vt 0.063146 0.622929
vt 0.303457 0.803612
vt 0.561319 0.639505
vt 0.061135 0.621764
vt 0.385058 0.896222
vt 0.901486 0.801029
vt 0.932647 0.748725
vt 0.386427 0.894819
vt 0.903397 0.801098
vt 0.902717 0.802338
vt 0.386749 0.896213
vt 0.911501 0.800533
vt 0.395438 0.894837
vt 0.908175 0.932743
vt 0.906245 0.932847
vt 0.395760 0.896231
vt 0.906970 0.931213
vt 0.385058 0.905478
vt 0.940558 0.747679
vt 0.386749 0.905469
vt 0.911000 0.644920
vt 0.386427 0.906887
vt 0.911679 0.643371
vt 0.942490 0.747782
vt 0.901663 0.642877
vt 0.898315 0.931809
vt 0.903574 0.642807
vt 0.902894 0.644357
vt 0.395760 0.905488
vt 0.899041 0.930175
vt 0.901486 0.791846
vt 0.932647 0.757760
vt 0.933377 0.759394
vt 0.247844 0.905571
vt 0.902717 0.790366
vt 0.903397 0.791916
vt 0.906245 0.941883
vt 0.258545 0.905561
vt 0.257176 0.906970
vt 0.911501 0.791351
vt 0.908175 0.941779
vt 0.910822 0.789800
vt 0.256854 0.905552
vt 0.940558 0.756714
vt 0.911679 0.634188
vt 0.942490 0.756817
vt 0.248166 0.894920
vt 0.247844 0.896314
vt 0.941288 0.758348
vt 0.898315 0.940845
vt 0.258545 0.896305
vt 0.901663 0.633694
vt 0.902894 0.632384
vt 0.256854 0.896296
vt 0.903574 0.633624
vt 0.257176 0.894902
vt 0.036256 0.709602
vt 0.886366 0.464063
vt 0.927099 0.159894
vt 0.925023 0.159907
vt 0.061741 0.694986
vt 0.925990 0.158338
vt 0.059989 0.693872
vt 0.885639 0.462211
vt 0.917723 0.159309
vt 0.058218 0.701309
vt 0.056392 0.702269
vt 0.885639 0.453279
vt 0.056466 0.700194
vt 0.894790 0.462213
vt 0.027759 0.709602
vt 0.894064 0.460361
vt 0.927085 0.363299
vt 0.896070 0.460576
vt 0.025934 0.708641
vt 0.917707 0.363884
vt 0.047895 0.702269
vt 0.896070 0.451644
vt 0.919783 0.363897
vt 0.918816 0.365258
vt 0.047969 0.700194
vt 0.894064 0.451429
vt 0.927099 0.169537
vt 0.039292 0.702264
vt 0.925990 0.170911
vt 0.039217 0.700189
vt 0.892976 0.421309
vt 0.894979 0.421091
vt 0.925023 0.169550
vt 0.059427 0.709607
vt 0.893697 0.410531
vt 0.917723 0.168952
vt 0.894979 0.412167
vt 0.061253 0.708647
vt 0.892976 0.412385
vt 0.030795 0.702264
vt 0.927085 0.353655
vt 0.028969 0.701303
vt 0.884535 0.419461
vt 0.030721 0.700189
vt 0.050931 0.709607
vt 0.885256 0.408683
vt 0.917707 0.354240
vt 0.918816 0.352685
vt 0.027198 0.693866
vt 0.884535 0.410537
vt 0.919783 0.354254
vt 0.025446 0.694981
vt 0.532874 0.777744
vt 0.941613 0.892281
vt 0.180127 0.752122
vt 0.532874 0.775810
vt 0.534249 0.776810
vt 0.181801 0.751154
vt 0.942326 0.894011
vt 0.532920 0.769664
vt 0.176193 0.745742
vt 0.782757 0.647050
vt 0.176193 0.743807
vt 0.942326 0.902198
vt 0.177867 0.744775
vt 0.933925 0.894239
vt 0.731868 0.688527
vt 0.532916 0.784329
vt 0.934638 0.895969
vt 0.782753 0.632385
vt 0.932757 0.895780
vt 0.731868 0.686592
vt 0.782799 0.640467
vt 0.180127 0.737448
vt 0.932757 0.903966
vt 0.782799 0.638533
vt 0.784160 0.639533
vt 0.934638 0.904156
vt 0.181801 0.738415
vt 0.742887 0.694898
vt 0.523866 0.777744
vt 0.522505 0.776810
vt 0.744560 0.693931
vt 0.934570 0.070968
vt 0.932691 0.071162
vt 0.523867 0.775810
vt 0.773749 0.647050
vt 0.933861 0.080879
vt 0.169108 0.743819
vt 0.932691 0.079339
vt 0.169108 0.745754
vt 0.523912 0.769664
vt 0.934570 0.079146
vt 0.738953 0.688538
vt 0.523908 0.784329
vt 0.773745 0.632385
vt 0.738953 0.686603
vt 0.942273 0.072927
vt 0.740627 0.687571
vt 0.941564 0.082837
vt 0.773791 0.640467
vt 0.772416 0.639533
vt 0.744560 0.681191
vt 0.942273 0.081104
vt 0.773791 0.638533
vt 0.742887 0.680224
vt 0.559603 0.844450
vt 0.116419 0.917957
vt 0.561342 0.844310
vt 0.899484 0.811183
vt 0.114312 0.917909
vt 0.561076 0.845967
vt 0.908166 0.809820
vt 0.571039 0.844512
vt 0.915189 0.587623
vt 0.909345 0.811341
vt 0.916138 0.585900
vt 0.570774 0.846170
vt 0.907244 0.811348
vt 0.116419 0.908367
vt 0.899484 0.821033
vt 0.114312 0.908319
vt 0.648574 0.833401
vt 0.648308 0.834716
vt 0.115470 0.906644
vt 0.659745 0.834653
vt 0.916138 0.576310
vt 0.909345 0.821192
vt 0.908166 0.822663
vt 0.658006 0.834513
vt 0.907244 0.821198
vt 0.658272 0.833198
vt 0.899489 0.252546
vt 0.559603 0.834662
vt 0.124040 0.916520
vt 0.901590 0.252554
vt 0.561076 0.833206
vt 0.900669 0.254014
vt 0.561342 0.834522
vt 0.908517 0.584463
vt 0.907569 0.586186
vt 0.571039 0.834725
vt 0.909359 0.252368
vt 0.906411 0.584511
vt 0.570774 0.833408
vt 0.899489 0.242696
vt 0.124040 0.906930
vt 0.900669 0.241172
vt 0.123091 0.905207
vt 0.648308 0.844504
vt 0.648574 0.846161
vt 0.901590 0.242704
vt 0.908518 0.574873
vt 0.659745 0.844441
vt 0.909359 0.242518
vt 0.658272 0.845958
vt 0.906411 0.574921
vt 0.658006 0.844301
vt 0.635688 0.665080
vt 0.908509 0.139357
vt 0.635816 0.662961
vt 0.863610 0.353670
vt 0.637578 0.664164
vt 0.639357 0.656932
vt 0.900859 0.139611
vt 0.369470 0.672966
vt 0.874927 0.352961
vt 0.898729 0.139603
vt 0.899891 0.138054
vt 0.872999 0.352685
vt 0.641119 0.658135
vt 0.638384 0.672999
vt 0.908491 0.780705
vt 0.907329 0.782176
vt 0.640274 0.672083
vt 0.863609 0.363170
vt 0.864111 0.365038
vt 0.906362 0.780712
vt 0.874927 0.362461
vt 0.372166 0.665047
vt 0.873500 0.364053
vt 0.372038 0.662928
vt 0.898710 0.780457
vt 0.872999 0.362185
vt 0.864082 0.712852
vt 0.626785 0.665080
vt 0.866011 0.712580
vt 0.908509 0.149302
vt 0.865508 0.714445
vt 0.626913 0.662961
vt 0.898729 0.149549
vt 0.360567 0.672966
vt 0.874892 0.715424
vt 0.900858 0.149556
vt 0.899891 0.151021
vt 0.875395 0.713559
vt 0.358677 0.672050
vt 0.908491 0.770760
vt 0.864082 0.703342
vt 0.629481 0.672999
vt 0.906362 0.770767
vt 0.359594 0.656899
vt 0.907329 0.769210
vt 0.357832 0.658102
vt 0.866011 0.703070
vt 0.363263 0.665047
vt 0.875395 0.704049
vt 0.361373 0.664131
vt 0.898710 0.770512
vt 0.363135 0.662928
vt 0.839410 0.790101
vt 0.277900 0.884981
vt 0.615808 0.674165
vt 0.280131 0.884979
vt 0.278959 0.886539
vt 0.839660 0.791893
vt 0.617578 0.673073
vt 0.614344 0.666585
vt 0.345037 0.874460
vt 0.614344 0.664352
vt 0.839660 0.802177
vt 0.616114 0.665494
vt 0.829143 0.790343
vt 0.270187 0.884857
vt 0.559603 0.667327
vt 0.829393 0.792136
vt 0.827583 0.791943
vt 0.559603 0.665094
vt 0.615808 0.657235
vt 0.337326 0.874585
vt 0.827583 0.802227
vt 0.335095 0.874583
vt 0.561067 0.657515
vt 0.336267 0.872985
vt 0.617578 0.658376
vt 0.829393 0.802420
vt 0.571257 0.674511
vt 0.277900 0.874584
vt 0.278959 0.872985
vt 0.573027 0.673370
vt 0.628590 0.832471
vt 0.605618 0.674231
vt 0.626785 0.832669
vt 0.280131 0.874583
vt 0.345037 0.884856
vt 0.628345 0.844548
vt 0.604154 0.664419
vt 0.626785 0.842949
vt 0.604154 0.666651
vt 0.628590 0.842752
vt 0.569793 0.667393
vt 0.270187 0.874460
vt 0.569793 0.665161
vt 0.638863 0.832713
vt 0.571563 0.666252
vt 0.638618 0.844789
vt 0.337326 0.884982
vt 0.336267 0.886540
vt 0.573027 0.658672
vt 0.638863 0.842994
vt 0.335095 0.884980
vt 0.571257 0.657581
vt 0.669621 0.739735
vt 0.778552 0.070968
vt 0.430677 0.771227
vt 0.671615 0.739733
vt 0.671290 0.741437
vt 0.430245 0.773018
vt 0.780663 0.071204
vt 0.682608 0.739737
vt 0.441509 0.771388
vt 0.779984 0.299499
vt 0.443154 0.773111
vt 0.780462 0.297501
vt 0.441077 0.773180
vt 0.778552 0.081930
vt 0.430246 0.784199
vt 0.780663 0.082167
vt 0.238162 0.741452
vt 0.238487 0.739755
vt 0.779030 0.083929
vt 0.780462 0.286538
vt 0.443154 0.784291
vt 0.225501 0.739757
vt 0.227495 0.739760
vt 0.441077 0.784360
vt 0.227170 0.741457
vt 0.305044 0.771234
vt 0.669621 0.728537
vt 0.767804 0.071611
vt 0.302969 0.771160
vt 0.671290 0.726836
vt 0.671615 0.728534
vt 0.769713 0.296858
vt 0.769236 0.298857
vt 0.682608 0.728538
vt 0.682283 0.726840
vt 0.292132 0.771330
vt 0.767603 0.297094
vt 0.305044 0.782412
vt 0.767804 0.082573
vt 0.238487 0.728556
vt 0.768282 0.084572
vt 0.303398 0.784136
vt 0.302969 0.782339
vt 0.225500 0.728558
vt 0.769713 0.285896
vt 0.227170 0.726856
vt 0.767603 0.286132
vt 0.292132 0.782509
vt 0.292562 0.784306
vt 0.227495 0.728561
vt 0.899013 0.105350
vt 0.258168 0.735009
vt 0.552320 0.657296
vt 0.257954 0.733054
vt 0.259575 0.733884
vt 0.898756 0.104030
vt 0.258224 0.726666
vt 0.545847 0.657783
vt 0.899013 0.093426
vt 0.360840 0.726663
vt 0.543880 0.657783
vt 0.544863 0.656322
vt 0.259845 0.727496
vt 0.898756 0.094885
vt 0.259845 0.741490
vt 0.908012 0.105436
vt 0.976141 0.341709
vt 0.975158 0.343022
vt 0.907755 0.104116
vt 0.909379 0.104060
vt 0.974174 0.341709
vt 0.359157 0.733121
vt 0.908012 0.093512
vt 0.967702 0.341221
vt 0.909379 0.094914
vt 0.358943 0.735076
vt 0.357832 0.733941
vt 0.907755 0.094971
vt 0.900561 0.375417
vt 0.249169 0.736026
vt 0.247844 0.735210
vt 0.900818 0.376875
vt 0.552320 0.666428
vt 0.899194 0.376819
vt 0.248955 0.734071
vt 0.369837 0.727675
vt 0.543880 0.666914
vt 0.900561 0.387340
vt 0.899194 0.385964
vt 0.545847 0.666914
vt 0.544863 0.668227
vt 0.900818 0.386021
vt 0.976141 0.332578
vt 0.909560 0.375331
vt 0.250847 0.742507
vt 0.974174 0.332578
vt 0.368214 0.742501
vt 0.975158 0.331117
vt 0.369837 0.741673
vt 0.909817 0.376790
vt 0.909560 0.387255
vt 0.368154 0.734133
vt 0.369562 0.735261
vt 0.909817 0.385935
vt 0.967702 0.332090
vt 0.367940 0.736088
vt 0.477317 0.813925
vt 0.478886 0.663124
vt 0.478880 0.665360
vt 0.304901 0.649284
vt 0.477317 0.664373
vt 0.306840 0.648183
vt 0.479537 0.813770
vt 0.479029 0.673584
vt 0.300011 0.642425
vt 0.466500 0.673604
vt 0.300011 0.640183
vt 0.488085 0.816267
vt 0.301950 0.641323
vt 0.477317 0.823478
vt 0.479074 0.656623
vt 0.270187 0.642030
vt 0.479537 0.823323
vt 0.466455 0.656644
vt 0.478615 0.825309
vt 0.270187 0.639788
vt 0.304901 0.632282
vt 0.466312 0.667106
vt 0.466306 0.664870
vt 0.487163 0.827807
vt 0.467927 0.665857
vt 0.488085 0.825821
vt 0.306840 0.633422
vt 0.282955 0.649285
vt 0.489366 0.663123
vt 0.490981 0.664373
vt 0.284895 0.648145
vt 0.357832 0.826558
vt 0.358756 0.828541
vt 0.489360 0.665360
vt 0.456020 0.673604
vt 0.368593 0.824228
vt 0.292133 0.639537
vt 0.367296 0.826058
vt 0.292133 0.641779
vt 0.489509 0.673584
vt 0.366373 0.824075
vt 0.278065 0.641384
vt 0.489554 0.656623
vt 0.455975 0.656644
vt 0.278065 0.639142
vt 0.357832 0.816989
vt 0.280004 0.640244
vt 0.368593 0.814659
vt 0.455832 0.667106
vt 0.454263 0.665857
vt 0.284895 0.633384
vt 0.366373 0.814506
vt 0.455826 0.664870
vt 0.282955 0.632283
vt 0.760542 0.706702
vt 0.711430 0.693669
vt 0.761537 0.704637
vt 0.512793 0.761981
vt 0.762997 0.706591
vt 0.712002 0.695475
vt 0.722435 0.693580
vt 0.743151 0.761284
vt 0.500370 0.762958
vt 0.724679 0.693606
vt 0.502792 0.763072
vt 0.723007 0.695386
vt 0.710927 0.704823
vt 0.760542 0.717997
vt 0.712599 0.703070
vt 0.762997 0.717886
vt 0.512793 0.750546
vt 0.511890 0.748531
vt 0.713172 0.704797
vt 0.500370 0.751523
vt 0.743151 0.749989
vt 0.742156 0.747924
vt 0.724177 0.704887
vt 0.501889 0.749621
vt 0.502792 0.751636
vt 0.421292 0.751594
vt 0.750931 0.705135
vt 0.418871 0.751704
vt 0.711430 0.682040
vt 0.419774 0.749693
vt 0.751927 0.703070
vt 0.733540 0.762851
vt 0.724679 0.681977
vt 0.409774 0.748625
vt 0.722435 0.681950
vt 0.723007 0.680224
vt 0.731085 0.762740
vt 0.408871 0.750636
vt 0.710927 0.716452
vt 0.421292 0.763037
vt 0.750931 0.716430
vt 0.713172 0.716426
vt 0.712599 0.718232
vt 0.418871 0.763148
vt 0.733540 0.751556
vt 0.723605 0.718323
vt 0.731085 0.751445
vt 0.408871 0.762079
vt 0.732545 0.749491
vt 0.724177 0.716516
vt 0.182113 0.469460
vt 0.541438 0.784075
vt 0.184196 0.470511
vt 0.371481 0.705863
vt 0.371129 0.704131
vt 0.182387 0.471974
vt 0.797179 0.323028
vt 0.359937 0.705789
vt 0.795918 0.321434
vt 0.357832 0.705834
vt 0.184531 0.480173
vt 0.359586 0.704057
vt 0.798447 0.321433
vt 0.541438 0.772417
vt 0.170540 0.470737
vt 0.247844 0.705933
vt 0.170815 0.473251
vt 0.249597 0.704134
vt 0.169109 0.472176
vt 0.249950 0.705977
vt 0.182464 0.453918
vt 0.795918 0.309776
vt 0.797179 0.307828
vt 0.261492 0.705904
vt 0.184551 0.452866
vt 0.172959 0.481450
vt 0.798447 0.309775
vt 0.261140 0.704061
vt 0.182448 0.461107
vt 0.549785 0.782916
vt 0.172986 0.433571
vt 0.552314 0.782917
vt 0.371129 0.719474
vt 0.551047 0.784864
vt 0.371481 0.717631
vt 0.184531 0.462158
vt 0.357832 0.717602
vt 0.787571 0.320274
vt 0.170535 0.444290
vt 0.169108 0.442850
vt 0.359937 0.717557
vt 0.359586 0.719400
vt 0.170810 0.441776
vt 0.247844 0.717700
vt 0.549785 0.771257
vt 0.551046 0.769664
vt 0.249949 0.717745
vt 0.184551 0.434852
vt 0.249597 0.719477
vt 0.552314 0.771258
vt 0.787571 0.308616
vt 0.182100 0.445571
vt 0.261140 0.719404
vt 0.182375 0.443058
vt 0.184187 0.444520
vt 0.261492 0.717671
vt 0.230287 0.616379
vt 0.228289 0.615270
vt 0.489223 0.772643
vt 0.798946 0.037287
vt 0.230238 0.614017
vt 0.225500 0.607970
vt 0.479592 0.772863
vt 0.787449 0.039074
vt 0.250311 0.624628
vt 0.477317 0.772836
vt 0.478780 0.771131
vt 0.227450 0.606717
vt 0.789769 0.039223
vt 0.240654 0.616379
vt 0.604154 0.772746
vt 0.605617 0.771108
vt 0.240606 0.614017
vt 0.798946 0.026843
vt 0.798020 0.024813
vt 0.606429 0.772719
vt 0.260679 0.624628
vt 0.787449 0.028630
vt 0.788843 0.026749
vt 0.616061 0.772940
vt 0.262677 0.623519
vt 0.789769 0.028779
vt 0.799065 0.379127
vt 0.227820 0.624628
vt 0.796745 0.379274
vt 0.489223 0.783649
vt 0.797671 0.377247
vt 0.225821 0.623519
vt 0.477317 0.783842
vt 0.247844 0.616379
vt 0.788498 0.375331
vt 0.479592 0.783869
vt 0.478780 0.785481
vt 0.787571 0.377357
vt 0.247892 0.614017
vt 0.604154 0.783752
vt 0.799065 0.389585
vt 0.238187 0.624628
vt 0.606429 0.783725
vt 0.262998 0.607970
vt 0.605617 0.785458
vt 0.261048 0.606717
vt 0.796745 0.389731
vt 0.258211 0.616378
vt 0.787571 0.387815
vt 0.258260 0.614017
vt 0.616061 0.783947
vt 0.260209 0.615270
vt 0.617278 0.763744
vt 0.314029 0.782880
vt 0.525074 0.625054
vt 0.502323 0.606687
vt 0.316453 0.782901
vt 0.315420 0.784552
vt 0.615145 0.763919
vt 0.500371 0.608082
vt 0.325609 0.782516
vt 0.504927 0.613442
vt 0.505032 0.615864
vt 0.604154 0.763477
vt 0.502975 0.614838
vt 0.617278 0.752458
vt 0.523160 0.615864
vt 0.615145 0.752634
vt 0.465845 0.783093
vt 0.615608 0.750677
vt 0.523264 0.613442
vt 0.503117 0.625054
vt 0.454263 0.782728
vt 0.604617 0.750235
vt 0.456686 0.782708
vt 0.455654 0.784516
vt 0.501060 0.624028
vt 0.604154 0.752191
vt 0.314029 0.771493
vt 0.536012 0.625054
vt 0.315420 0.769705
vt 0.538069 0.624028
vt 0.443367 0.752313
vt 0.442901 0.750361
vt 0.316453 0.771513
vt 0.430246 0.752576
vt 0.515970 0.615864
vt 0.515866 0.613442
vt 0.325609 0.771128
vt 0.431914 0.750795
vt 0.432380 0.752747
vt 0.534098 0.615864
vt 0.465845 0.771705
vt 0.534202 0.613442
vt 0.443367 0.763604
vt 0.536155 0.614838
vt 0.514056 0.625054
vt 0.430246 0.763867
vt 0.454263 0.771340
vt 0.455654 0.769669
vt 0.538759 0.608082
vt 0.432380 0.764038
vt 0.536807 0.606687
vt 0.456686 0.771320
vt 0.534675 0.740658
vt 0.809054 0.105642
vt 0.808263 0.107196
vt 0.534636 0.739047
vt 0.047895 0.804871
vt 0.806866 0.105620
vt 0.536279 0.739053
vt 0.057938 0.803227
vt 0.534636 0.728479
vt 0.059346 0.804825
vt 0.817907 0.274532
vt 0.534675 0.726879
vt 0.536279 0.728484
vt 0.057168 0.804818
vt 0.455867 0.740664
vt 0.809054 0.095080
vt 0.047895 0.815438
vt 0.806866 0.095059
vt 0.454263 0.739058
vt 0.808263 0.093426
vt 0.455828 0.739064
vt 0.817907 0.263970
vt 0.059346 0.815392
vt 0.455867 0.726885
vt 0.057938 0.817005
vt 0.455828 0.728496
vt 0.454263 0.728490
vt 0.057168 0.815386
vt 0.015050 0.804673
vt 0.524109 0.740659
vt 0.818249 0.105456
vt 0.012872 0.804677
vt 0.522505 0.739054
vt 0.013641 0.803063
vt 0.524071 0.739048
vt 0.808713 0.274346
vt 0.524109 0.726880
vt 0.807921 0.276000
vt 0.524071 0.728480
vt 0.522505 0.728486
vt 0.003595 0.804643
vt 0.806525 0.274368
vt 0.466432 0.740664
vt 0.015050 0.815241
vt 0.818249 0.094895
vt 0.013641 0.816841
vt 0.466393 0.739065
vt 0.468037 0.739059
vt 0.012872 0.815246
vt 0.466432 0.726886
vt 0.808713 0.263785
vt 0.806525 0.263806
vt 0.003595 0.815212
vt 0.468037 0.728491
vt 0.807921 0.262230
vt 0.466393 0.728497
vt 0.147922 0.811864
vt 0.227480 0.631817
vt 0.127815 0.647455
vt 0.225500 0.632958
vt 0.005134 0.647271
vt 0.146582 0.813717
vt 0.145676 0.811657
vt 0.137766 0.816558
vt 0.005225 0.654690
vt 0.215777 0.648894
vt 0.005225 0.656976
vt 0.003595 0.655849
vt 0.217743 0.647761
vt 0.136860 0.814498
vt 0.147922 0.802503
vt 0.127903 0.655091
vt 0.129506 0.656218
vt 0.145676 0.802297
vt 0.217743 0.632719
vt 0.215777 0.631567
vt 0.127903 0.657377
vt 0.005137 0.664610
vt 0.210713 0.641592
vt 0.127811 0.664794
vt 0.210713 0.639307
vt 0.136860 0.805138
vt 0.212678 0.640459
vt 0.231657 0.638499
vt 0.117170 0.647455
vt 0.799674 0.189573
vt 0.231657 0.640768
vt 0.015778 0.647271
vt 0.229678 0.639640
vt 0.015869 0.656976
vt 0.810753 0.192202
vt 0.225500 0.647894
vt 0.015869 0.654690
vt 0.017472 0.655849
vt 0.808509 0.192413
vt 0.227480 0.649021
vt 0.240512 0.639241
vt 0.117259 0.655091
vt 0.117259 0.657377
vt 0.800575 0.178163
vt 0.115628 0.656218
vt 0.799674 0.180225
vt 0.240512 0.641509
vt 0.810753 0.182854
vt 0.015781 0.664610
vt 0.202838 0.641310
vt 0.808509 0.183064
vt 0.809411 0.181003
vt 0.117167 0.664794
vt 0.202838 0.639025
vt 0.783723 0.457631
vt 0.756310 0.409463
vt 0.975371 0.770299
vt 0.785181 0.458782
vt 0.754751 0.410517
vt 0.783501 0.459501
vt 0.786602 0.465625
vt 0.968225 0.770608
vt 0.780260 0.025734
vt 0.778419 0.507481
vt 0.966362 0.770590
vt 0.967448 0.769210
vt 0.784922 0.466344
vt 0.778625 0.024813
vt 0.965920 0.139340
vt 0.775541 0.456896
vt 0.967006 0.138054
vt 0.775320 0.458765
vt 0.767863 0.030949
vt 0.767863 0.032801
vt 0.967783 0.139321
vt 0.786601 0.506746
vt 0.776766 0.032826
vt 0.974929 0.139632
vt 0.775131 0.033758
vt 0.776740 0.465608
vt 0.775131 0.031906
vt 0.759317 0.414859
vt 0.786602 0.452165
vt 0.759418 0.416732
vt 0.975371 0.779072
vt 0.757758 0.415913
vt 0.775540 0.502015
vt 0.966363 0.779362
vt 0.968225 0.779381
vt 0.755420 0.422851
vt 0.967448 0.780648
vt 0.757080 0.423670
vt 0.775318 0.500145
vt 0.965920 0.148112
vt 0.767237 0.414859
vt 0.778420 0.451429
vt 0.967783 0.148093
vt 0.786601 0.493286
vt 0.967006 0.149492
vt 0.784920 0.492567
vt 0.767339 0.416732
vt 0.783721 0.501279
vt 0.780260 0.037928
vt 0.765001 0.423670
vt 0.783500 0.499410
vt 0.785180 0.500128
vt 0.974929 0.148405
vt 0.778625 0.038860
vt 0.177856 0.601125
vt 0.293736 0.625093
vt 0.272008 0.606717
vt 0.179953 0.602342
vt 0.237959 0.750381
vt 0.177856 0.603551
vt 0.185012 0.610139
vt 0.271887 0.614218
vt 0.237209 0.763111
vt 0.271885 0.616642
vt 0.270187 0.615502
vt 0.182915 0.611348
vt 0.237959 0.760962
vt 0.169108 0.600905
vt 0.293843 0.616639
vt 0.292108 0.615500
vt 0.169108 0.603331
vt 0.227794 0.748646
vt 0.225500 0.748925
vt 0.293841 0.614216
vt 0.398862 0.625088
vt 0.271992 0.625093
vt 0.227044 0.761375
vt 0.225500 0.759505
vt 0.293721 0.606717
vt 0.400959 0.623871
vt 0.227794 0.759226
vt 0.671165 0.750361
vt 0.182915 0.592947
vt 0.305036 0.625093
vt 0.671915 0.752511
vt 0.283307 0.606717
vt 0.669621 0.752232
vt 0.185012 0.594165
vt 0.283184 0.616642
vt 0.385058 0.617129
vt 0.669621 0.762812
vt 0.283186 0.614218
vt 0.284919 0.615502
vt 0.385058 0.614702
vt 0.671915 0.763091
vt 0.681329 0.748626
vt 0.305142 0.616639
vt 0.305140 0.614216
vt 0.400959 0.607895
vt 0.306840 0.615500
vt 0.398862 0.606687
vt 0.682079 0.750776
vt 0.283292 0.625093
vt 0.393786 0.616927
vt 0.682079 0.761355
vt 0.393786 0.614501
vt 0.305020 0.606717
vt 0.395883 0.615710
vt 0.847672 0.198766
vt 0.888575 0.297794
vt 0.325871 0.673624
vt 0.890787 0.297792
vt 0.889623 0.299341
vt 0.848012 0.200601
vt 0.327691 0.672556
vt 0.323951 0.666078
vt 0.880972 0.883700
vt 0.323973 0.663864
vt 0.848012 0.210716
vt 0.325771 0.665010
vt 0.837604 0.199203
vt 0.880911 0.297683
vt 0.348802 0.663865
vt 0.837944 0.201038
vt 0.836075 0.200806
vt 0.348823 0.666079
vt 0.888634 0.883589
vt 0.326033 0.656833
vt 0.346903 0.673624
vt 0.836075 0.210921
vt 0.890846 0.883591
vt 0.889682 0.885174
vt 0.837944 0.211153
vt 0.327832 0.657979
vt 0.336820 0.656833
vt 0.888575 0.287481
vt 0.889623 0.285896
vt 0.335021 0.657979
vt 0.541951 0.835413
vt 0.315950 0.673624
vt 0.540085 0.835649
vt 0.890787 0.287479
vt 0.880972 0.873388
vt 0.541615 0.847361
vt 0.314051 0.663864
vt 0.540085 0.845759
vt 0.314030 0.666078
vt 0.541951 0.845523
vt 0.338880 0.663865
vt 0.880911 0.287370
vt 0.338901 0.666079
vt 0.552025 0.835848
vt 0.337081 0.665010
vt 0.888634 0.873277
vt 0.551690 0.847797
vt 0.889682 0.871729
vt 0.552025 0.845959
vt 0.335161 0.672556
vt 0.336981 0.673624
vt 0.890846 0.873278
vt 0.477317 0.923874
vt 0.408871 0.914796
vt 0.179359 0.939367
vt 0.410181 0.913459
vt 0.478860 0.923885
vt 0.478659 0.925230
vt 0.410536 0.914747
vt 0.487695 0.923873
vt 0.145811 0.949748
vt 0.145425 0.948207
vt 0.419159 0.914867
vt 0.487494 0.925218
vt 0.147112 0.948348
vt 0.408871 0.923718
vt 0.179359 0.948189
vt 0.410536 0.923669
vt 0.614532 0.923789
vt 0.410181 0.925092
vt 0.178971 0.949734
vt 0.145425 0.939379
vt 0.604154 0.923788
vt 0.418804 0.925212
vt 0.605697 0.923778
vt 0.605496 0.925146
vt 0.147112 0.939520
vt 0.419159 0.923789
vt 0.477317 0.914941
vt 0.170796 0.938966
vt 0.478659 0.913582
vt 0.169108 0.939109
vt 0.520831 0.923805
vt 0.521186 0.925227
vt 0.478860 0.914951
vt 0.531118 0.923734
vt 0.136860 0.948598
vt 0.529808 0.925107
vt 0.137246 0.950139
vt 0.487695 0.914939
vt 0.529453 0.923685
vt 0.170796 0.947788
vt 0.170409 0.949333
vt 0.614532 0.914855
vt 0.520831 0.914882
vt 0.614332 0.913510
vt 0.169108 0.947932
vt 0.136860 0.939770
vt 0.531118 0.914811
vt 0.604154 0.914854
vt 0.605496 0.913498
vt 0.529453 0.914762
vt 0.529808 0.913475
vt 0.605697 0.914844
vt 0.690185 0.913889
vt 0.788288 0.442385
vt 0.912183 0.431448
vt 0.910043 0.431444
vt 0.786777 0.443891
vt 0.911049 0.429957
vt 0.786661 0.442473
vt 0.902578 0.431608
vt 0.776829 0.443842
vt 0.569128 0.913182
vt 0.775319 0.442322
vt 0.566987 0.913193
vt 0.568007 0.911559
vt 0.776713 0.442425
vt 0.788288 0.432428
vt 0.697544 0.913110
vt 0.698567 0.911734
vt 0.786661 0.432516
vt 0.902169 0.410064
vt 0.786777 0.430908
vt 0.699685 0.913121
vt 0.911774 0.410223
vt 0.559603 0.912423
vt 0.775318 0.432365
vt 0.776829 0.430860
vt 0.909634 0.410226
vt 0.910640 0.408683
vt 0.776713 0.432467
vt 0.091954 0.792548
vt 0.912183 0.441422
vt 0.690185 0.923799
vt 0.911049 0.442962
vt 0.093348 0.792445
vt 0.093465 0.794053
vt 0.910043 0.441419
vt 0.104924 0.792485
vt 0.566987 0.923105
vt 0.103413 0.794005
vt 0.569128 0.923093
vt 0.902578 0.441582
vt 0.568007 0.924482
vt 0.103296 0.792397
vt 0.091954 0.782591
vt 0.697544 0.923021
vt 0.902169 0.420039
vt 0.699685 0.923032
vt 0.093465 0.781071
vt 0.698567 0.924655
vt 0.093348 0.782488
vt 0.559603 0.922334
vt 0.104924 0.782527
vt 0.911774 0.420197
vt 0.910640 0.421688
vt 0.103296 0.782439
vt 0.909634 0.420200
vt 0.103413 0.781022
vt 0.798922 0.750743
vt 0.799673 0.748796
vt 0.748621 0.151057
vt 0.357832 0.772981
vt 0.801149 0.750579
vt 0.748986 0.152553
vt 0.368275 0.771188
vt 0.759259 0.151284
vt 0.369745 0.772814
vt 0.800756 0.781775
vt 0.761240 0.151166
vt 0.759624 0.152780
vt 0.367512 0.772786
vt 0.798922 0.761366
vt 0.702802 0.759932
vt 0.357832 0.783878
vt 0.801149 0.761203
vt 0.701187 0.761615
vt 0.700822 0.759814
vt 0.369745 0.783711
vt 0.800756 0.771161
vt 0.368275 0.785395
vt 0.800003 0.769210
vt 0.690185 0.760041
vt 0.367512 0.783683
vt 0.690550 0.761843
vt 0.259757 0.772880
vt 0.789202 0.749626
vt 0.257524 0.772907
vt 0.748986 0.138399
vt 0.258286 0.771195
vt 0.748621 0.140201
vt 0.789954 0.747679
vt 0.761240 0.140309
vt 0.791041 0.782912
vt 0.759259 0.140428
vt 0.759624 0.138626
vt 0.247844 0.772712
vt 0.788813 0.782746
vt 0.702802 0.749075
vt 0.259757 0.783777
vt 0.789203 0.760250
vt 0.258286 0.785402
vt 0.700822 0.748957
vt 0.701187 0.747461
vt 0.257524 0.783804
vt 0.791041 0.772297
vt 0.690550 0.747688
vt 0.247844 0.783609
vt 0.788813 0.772131
vt 0.790288 0.770346
vt 0.690185 0.749185
vt 0.418790 0.616079
vt 0.338049 0.625096
vt 0.416697 0.617286
vt 0.315400 0.606717
vt 0.626785 0.761107
vt 0.416697 0.614860
vt 0.408148 0.617059
vt 0.315814 0.615158
vt 0.627510 0.748485
vt 0.315806 0.617582
vt 0.314030 0.616300
vt 0.626785 0.750666
vt 0.408148 0.614633
vt 0.424016 0.607906
vt 0.337582 0.617583
vt 0.335931 0.616301
vt 0.421924 0.606686
vt 0.637029 0.762934
vt 0.639310 0.762616
vt 0.337574 0.615159
vt 0.447073 0.607893
vt 0.315342 0.625096
vt 0.637754 0.750311
vt 0.337990 0.606717
vt 0.639310 0.752175
vt 0.444981 0.606686
vt 0.637029 0.752493
vt 0.315588 0.749899
vt 0.424016 0.623881
vt 0.349333 0.625096
vt 0.316308 0.752083
vt 0.326685 0.606717
vt 0.314030 0.751761
vt 0.421924 0.625088
vt 0.327091 0.617582
vt 0.447073 0.623868
vt 0.314030 0.762193
vt 0.327098 0.615158
vt 0.328742 0.616300
vt 0.316308 0.762516
vt 0.444981 0.625088
vt 0.325848 0.748077
vt 0.348866 0.617583
vt 0.348858 0.615159
vt 0.431205 0.614715
vt 0.350643 0.616301
vt 0.431205 0.617142
vt 0.326568 0.750261
vt 0.326626 0.625096
vt 0.441847 0.615695
vt 0.326568 0.760694
vt 0.439754 0.616915
vt 0.349274 0.606717
vt 0.439755 0.614488
vt 0.951313 0.073075
vt 0.917006 0.386018
vt 0.949462 0.072995
vt 0.917679 0.387511
vt 0.357832 0.944841
vt 0.950675 0.071550
vt 0.924866 0.385528
vt 0.949515 0.902740
vt 0.358094 0.934378
vt 0.926733 0.385585
vt 0.357832 0.935843
vt 0.925539 0.387022
vt 0.959296 0.072493
vt 0.917352 0.681511
vt 0.918546 0.680224
vt 0.958658 0.070968
vt 0.366688 0.944967
vt 0.368295 0.944888
vt 0.919219 0.681453
vt 0.366950 0.934504
vt 0.957483 0.903331
vt 0.368295 0.935890
vt 0.959336 0.903251
vt 0.927077 0.681945
vt 0.366688 0.935969
vt 0.944873 0.800263
vt 0.951313 0.082010
vt 0.944612 0.798798
vt 0.917006 0.377051
vt 0.946218 0.798877
vt 0.949462 0.081930
vt 0.926733 0.376619
vt 0.949515 0.893806
vt 0.946218 0.789880
vt 0.924866 0.376561
vt 0.925539 0.375331
vt 0.950158 0.892281
vt 0.944612 0.789800
vt 0.917352 0.690477
vt 0.936017 0.800389
vt 0.959296 0.081428
vt 0.919219 0.690419
vt 0.918546 0.691914
vt 0.935755 0.798924
vt 0.957483 0.894397
vt 0.935755 0.789926
vt 0.926404 0.692405
vt 0.958126 0.892871
vt 0.927077 0.690911
vt 0.959336 0.894318
vt 0.270187 0.933192
vt 0.227241 0.931076
vt 0.271552 0.931801
vt 0.225500 0.931231
vt 0.855798 0.913044
vt 0.271743 0.933302
vt 0.280543 0.931683
vt 0.847247 0.912849
vt 0.788813 0.940565
vt 0.845485 0.912902
vt 0.846784 0.911556
vt 0.280734 0.933184
vt 0.789249 0.942152
vt 0.235865 0.931577
vt 0.270187 0.942230
vt 0.637098 0.922118
vt 0.271743 0.942340
vt 0.635799 0.923523
vt 0.635336 0.922064
vt 0.797425 0.940060
vt 0.626785 0.922259
vt 0.799169 0.940213
vt 0.280734 0.942222
vt 0.797861 0.941647
vt 0.627249 0.923718
vt 0.227241 0.940012
vt 0.559603 0.942210
vt 0.226810 0.941600
vt 0.855335 0.923563
vt 0.855798 0.922103
vt 0.225500 0.940167
vt 0.788813 0.931628
vt 0.845485 0.921962
vt 0.570150 0.942217
vt 0.847247 0.921908
vt 0.846784 0.923367
vt 0.568594 0.942328
vt 0.637098 0.913058
vt 0.235865 0.940513
vt 0.635336 0.913005
vt 0.559794 0.931671
vt 0.635799 0.911711
vt 0.559603 0.933172
vt 0.235433 0.942101
vt 0.797425 0.931123
vt 0.570150 0.933180
vt 0.568594 0.933290
vt 0.626785 0.913199
vt 0.799169 0.931276
vt 0.568785 0.931789
vt 0.800114 0.048223
vt 0.825096 0.262348
vt 0.800183 0.812482
vt 0.798050 0.048209
vt 0.827253 0.262230
vt 0.798615 0.046630
vt 0.788186 0.048263
vt 0.813844 0.494112
vt 0.814629 0.496058
vt 0.812448 0.495875
vt 0.836627 0.263055
vt 0.788751 0.046683
vt 0.825097 0.272737
vt 0.800183 0.822544
vt 0.827253 0.272619
vt 0.800100 0.128088
vt 0.826520 0.274440
vt 0.799397 0.824490
vt 0.788171 0.128048
vt 0.814629 0.506120
vt 0.835893 0.275265
vt 0.790234 0.128035
vt 0.789669 0.129658
vt 0.812448 0.505937
vt 0.836627 0.273444
vt 0.800114 0.058766
vt 0.790994 0.810937
vt 0.798615 0.060375
vt 0.788813 0.811119
vt 0.837005 0.332933
vt 0.836271 0.331116
vt 0.798050 0.058752
vt 0.823818 0.494512
vt 0.825476 0.333625
vt 0.788186 0.058805
vt 0.826900 0.331923
vt 0.823033 0.492567
vt 0.827634 0.333740
vt 0.790994 0.820999
vt 0.790209 0.822944
vt 0.800100 0.117545
vt 0.837005 0.343329
vt 0.799534 0.115966
vt 0.788813 0.821181
vt 0.823818 0.504574
vt 0.788171 0.117505
vt 0.825476 0.344021
vt 0.789669 0.115912
vt 0.827634 0.344136
vt 0.790234 0.117492
vt 0.797449 0.107235
vt 0.802145 0.667275
vt 0.750650 0.782442
vt 0.800539 0.668972
vt 0.799677 0.107045
vt 0.800125 0.667132
vt 0.789967 0.669298
vt 0.760477 0.782505
vt 0.787735 0.150222
vt 0.762691 0.782495
vt 0.761199 0.784143
vt 0.788485 0.152207
vt 0.789553 0.667459
vt 0.802145 0.656437
vt 0.594508 0.782565
vt 0.787710 0.105955
vt 0.800125 0.656294
vt 0.593015 0.784233
vt 0.592292 0.782555
vt 0.797474 0.148943
vt 0.582468 0.782619
vt 0.799703 0.149132
vt 0.583191 0.784297
vt 0.789553 0.656621
vt 0.798223 0.150928
vt 0.797449 0.096691
vt 0.789203 0.738190
vt 0.798198 0.094706
vt 0.751373 0.769847
vt 0.750650 0.771525
vt 0.799677 0.096501
vt 0.787735 0.139678
vt 0.762691 0.771579
vt 0.801798 0.738374
vt 0.760477 0.771589
vt 0.799781 0.738521
vt 0.761199 0.769911
vt 0.594507 0.771649
vt 0.787710 0.095411
vt 0.592292 0.771639
vt 0.789613 0.725512
vt 0.593015 0.770001
vt 0.789203 0.727355
vt 0.788459 0.093426
vt 0.801798 0.727540
vt 0.797474 0.138399
vt 0.799781 0.727687
vt 0.800191 0.725844
vt 0.582468 0.771703
vt 0.799703 0.138588
vt 0.922575 0.297313
vt 0.693021 0.648525
vt 0.171824 0.691175
vt 0.891521 0.769377
vt 0.924691 0.297298
vt 0.923571 0.298662
vt 0.889572 0.769210
vt 0.691228 0.647458
vt 0.891521 0.779044
vt 0.169108 0.698243
vt 0.924726 0.219374
vt 0.890130 0.780624
vt 0.169108 0.700363
vt 0.889572 0.778877
vt 0.695735 0.641666
vt 0.915203 0.296501
vt 0.880413 0.769946
vt 0.693942 0.640599
vt 0.695735 0.639547
vt 0.880971 0.781360
vt 0.917356 0.220185
vt 0.915240 0.220170
vt 0.693021 0.632454
vt 0.916359 0.218559
vt 0.691228 0.633506
vt 0.880413 0.779613
vt 0.880975 0.070968
vt 0.922575 0.287522
vt 0.923571 0.285896
vt 0.880417 0.072716
vt 0.182706 0.692284
vt 0.180913 0.691230
vt 0.924691 0.287507
vt 0.924726 0.229165
vt 0.178198 0.700418
vt 0.178198 0.698299
vt 0.880417 0.082383
vt 0.179991 0.699353
vt 0.704825 0.641597
vt 0.890134 0.071704
vt 0.915203 0.286709
vt 0.704825 0.639477
vt 0.891525 0.073284
vt 0.889576 0.073451
vt 0.917356 0.229977
vt 0.180913 0.707302
vt 0.916359 0.231326
vt 0.182706 0.706237
vt 0.889576 0.083118
vt 0.702112 0.632385
vt 0.915240 0.229961
vt 0.891525 0.082951
vt 0.016346 0.718904
vt 0.171614 0.566669
vt 0.047895 0.739325
vt 0.607014 0.179425
vt 0.013945 0.718935
vt 0.014773 0.717093
vt 0.050392 0.739225
vt 0.604940 0.178163
vt 0.003595 0.718705
vt 0.604508 0.187624
vt 0.602434 0.188875
vt 0.059541 0.741821
vt 0.602434 0.186362
vt 0.047895 0.750256
vt 0.182763 0.566702
vt 0.050392 0.750156
vt 0.060647 0.730096
vt 0.049285 0.752311
vt 0.184837 0.567952
vt 0.591285 0.188907
vt 0.047895 0.730295
vt 0.050295 0.730327
vt 0.058434 0.754908
vt 0.049467 0.732035
vt 0.059541 0.752752
vt 0.591285 0.186395
vt 0.016346 0.730592
vt 0.169108 0.575014
vt 0.014773 0.732332
vt 0.169108 0.577526
vt 0.125955 0.741908
vt 0.124847 0.739755
vt 0.013945 0.730623
vt 0.114313 0.744381
vt 0.604940 0.197219
vt 0.607014 0.195969
vt 0.003595 0.730393
vt 0.115702 0.742328
vt 0.116809 0.744480
vt 0.180257 0.575046
vt 0.060647 0.718408
vt 0.182331 0.576297
vt 0.125955 0.752855
vt 0.180257 0.577559
vt 0.593791 0.197252
vt 0.047895 0.718607
vt 0.114312 0.755328
vt 0.049467 0.716796
vt 0.116810 0.755427
vt 0.182763 0.585758
vt 0.184837 0.584496
vt 0.050295 0.718638
vt 0.582468 0.879179
vt 0.271991 0.680940
vt 0.270187 0.681994
vt 0.500371 0.903065
vt 0.583719 0.877476
vt 0.584541 0.879354
vt 0.591955 0.875262
vt 0.508441 0.903508
vt 0.617832 0.690477
vt 0.510527 0.903480
vt 0.509301 0.904905
vt 0.617832 0.688360
vt 0.592777 0.877140
vt 0.582468 0.888174
vt 0.280931 0.680885
vt 0.891126 0.903615
vt 0.889900 0.905175
vt 0.584541 0.888349
vt 0.605958 0.681420
vt 0.604154 0.682483
vt 0.889041 0.903586
vt 0.608892 0.690423
vt 0.880972 0.904029
vt 0.607088 0.689368
vt 0.592777 0.886135
vt 0.608892 0.688305
vt 0.274925 0.687992
vt 0.540085 0.885725
vt 0.274925 0.690110
vt 0.500371 0.893239
vt 0.273121 0.689047
vt 0.510527 0.893653
vt 0.614898 0.697530
vt 0.550407 0.887766
vt 0.270187 0.695932
vt 0.508441 0.893682
vt 0.509301 0.892094
vt 0.271991 0.696995
vt 0.548335 0.887944
vt 0.891126 0.893789
vt 0.283865 0.687937
vt 0.889041 0.893760
vt 0.540904 0.874861
vt 0.889900 0.892363
vt 0.540085 0.876741
vt 0.283865 0.690055
vt 0.550407 0.878783
vt 0.605958 0.697475
vt 0.548335 0.878961
vt 0.549154 0.877081
vt 0.880972 0.894203
vt 0.604154 0.696421
vt 0.793789 0.504861
vt 0.096159 0.638982
vt 0.036972 0.815462
vt 0.796032 0.504818
vt 0.795191 0.506555
vt 0.094121 0.638063
vt 0.037573 0.813622
vt 0.805259 0.505242
vt 0.026966 0.814881
vt 0.070508 0.627810
vt 0.025446 0.813176
vt 0.070335 0.630081
vt 0.027567 0.813041
vt 0.098573 0.630081
vt 0.037573 0.802978
vt 0.096535 0.629163
vt 0.793791 0.453377
vt 0.098400 0.627810
vt 0.072749 0.638982
vt 0.025446 0.802532
vt 0.805260 0.452994
vt 0.803017 0.452951
vt 0.094847 0.621764
vt 0.803858 0.451429
vt 0.092982 0.623116
vt 0.027567 0.802397
vt 0.082470 0.802164
vt 0.793789 0.494132
vt 0.106025 0.638982
vt 0.795191 0.492567
vt 0.080351 0.802026
vt 0.085792 0.623116
vt 0.083927 0.621764
vt 0.796032 0.494089
vt 0.080201 0.630081
vt 0.805259 0.494513
vt 0.080374 0.627810
vt 0.070335 0.802613
vt 0.082239 0.629163
vt 0.082470 0.812804
vt 0.108439 0.630081
vt 0.793791 0.464106
vt 0.108266 0.627810
vt 0.080949 0.814509
vt 0.080351 0.812666
vt 0.805260 0.463723
vt 0.082615 0.638982
vt 0.803858 0.465418
vt 0.084653 0.638063
vt 0.070335 0.813253
vt 0.070932 0.815097
vt 0.803017 0.463680
vt 0.079366 0.700912
vt 0.910963 0.607915
vt 0.079514 0.698850
vt 0.881047 0.830919
vt 0.081204 0.700075
vt 0.082588 0.693343
vt 0.903156 0.608245
vt 0.103799 0.708948
vt 0.892268 0.830485
vt 0.901078 0.608228
vt 0.902264 0.606697
vt 0.890431 0.830226
vt 0.084279 0.694568
vt 0.081464 0.708979
vt 0.900963 0.657725
vt 0.902149 0.656294
vt 0.083303 0.708143
vt 0.881047 0.840363
vt 0.881459 0.842162
vt 0.903041 0.657709
vt 0.105898 0.700880
vt 0.892268 0.839929
vt 0.910849 0.658039
vt 0.890843 0.841468
vt 0.105749 0.698818
vt 0.890431 0.839669
vt 0.881081 0.250879
vt 0.070335 0.700912
vt 0.882920 0.250624
vt 0.910963 0.617668
vt 0.882505 0.252419
vt 0.070483 0.698850
vt 0.901078 0.617981
vt 0.094768 0.708948
vt 0.891886 0.253107
vt 0.903156 0.617997
vt 0.902264 0.619412
vt 0.092929 0.708111
vt 0.892300 0.251312
vt 0.900963 0.667478
vt 0.881081 0.241427
vt 0.072433 0.708979
vt 0.903041 0.667461
vt 0.093644 0.693311
vt 0.902149 0.669009
vt 0.091954 0.694536
vt 0.882920 0.241172
vt 0.096867 0.700880
vt 0.095028 0.700044
vt 0.892300 0.241860
vt 0.910849 0.667792
vt 0.096718 0.698818
vt 0.690184 0.932011
vt 0.772379 0.686677
vt 0.772380 0.688613
vt 0.690184 0.774366
vt 0.771055 0.687633
vt 0.690184 0.776199
vt 0.691796 0.931844
vt 0.772668 0.694909
vt 0.696386 0.776482
vt 0.772096 0.606697
vt 0.698031 0.777504
vt 0.700635 0.932120
vt 0.696386 0.778315
vt 0.690184 0.940917
vt 0.780906 0.016469
vt 0.772660 0.680224
vt 0.691796 0.940750
vt 0.772088 0.621382
vt 0.691527 0.942311
vt 0.779261 0.017492
vt 0.772378 0.613148
vt 0.702658 0.782118
vt 0.700366 0.942587
vt 0.772377 0.615084
vt 0.770966 0.614105
vt 0.701013 0.782929
vt 0.700635 0.941026
vt 0.780906 0.004405
vt 0.781385 0.686677
vt 0.782797 0.687633
vt 0.779261 0.003595
vt 0.345545 0.933544
vt 0.345273 0.931986
vt 0.781386 0.688613
vt 0.781102 0.606697
vt 0.702658 0.770054
vt 0.335095 0.933654
vt 0.336437 0.932259
vt 0.781674 0.694909
vt 0.701013 0.769032
vt 0.336709 0.933817
vt 0.776279 0.009019
vt 0.781666 0.680224
vt 0.781095 0.621382
vt 0.774634 0.010041
vt 0.345545 0.942454
vt 0.774634 0.008209
vt 0.781384 0.613148
vt 0.335095 0.942564
vt 0.782709 0.614105
vt 0.768433 0.010325
vt 0.336709 0.942727
vt 0.781383 0.615084
vt 0.768433 0.012157
vt 0.136860 0.884345
vt 0.807868 0.881580
vt 0.681053 0.834366
vt 0.808488 0.883394
vt 0.138243 0.882780
vt 0.138847 0.884429
vt 0.147346 0.882351
vt 0.671476 0.834334
vt 0.874146 0.178163
vt 0.669621 0.834347
vt 0.671075 0.832843
vt 0.147950 0.884000
vt 0.872150 0.178359
vt 0.136860 0.894220
vt 0.807868 0.871985
vt 0.236932 0.844287
vt 0.138847 0.894304
vt 0.235477 0.845801
vt 0.235076 0.844274
vt 0.874146 0.187757
vt 0.225500 0.844306
vt 0.873526 0.189571
vt 0.225901 0.845833
vt 0.147950 0.893876
vt 0.872150 0.187953
vt 0.816922 0.880522
vt 0.070334 0.893072
vt 0.818918 0.880717
vt 0.680653 0.845825
vt 0.681053 0.844299
vt 0.817543 0.882335
vt 0.883201 0.179221
vt 0.081429 0.893425
vt 0.669621 0.844280
vt 0.671476 0.844267
vt 0.079444 0.893512
vt 0.671075 0.845793
vt 0.236932 0.834354
vt 0.816922 0.870927
vt 0.235076 0.834341
vt 0.070936 0.881546
vt 0.235477 0.832850
vt 0.070334 0.883200
vt 0.818918 0.871123
vt 0.081429 0.883553
vt 0.883201 0.188816
vt 0.079444 0.883640
vt 0.225501 0.834374
vt 0.882580 0.190629
vt 0.080046 0.881987
vt 0.819938 0.749212
vt 0.681352 0.673035
vt 0.931104 0.307859
vt 0.669679 0.622325
vt 0.817934 0.749174
vt 0.818481 0.747679
vt 0.933301 0.307828
vt 0.671473 0.623437
vt 0.808339 0.749324
vt 0.671619 0.615201
vt 0.673414 0.614111
vt 0.940997 0.309336
vt 0.673414 0.616313
vt 0.931104 0.317850
vt 0.671478 0.672987
vt 0.933301 0.317819
vt 0.808491 0.769210
vt 0.932273 0.319597
vt 0.807945 0.770826
vt 0.669683 0.671898
vt 0.819546 0.770937
vt 0.683289 0.614064
vt 0.817541 0.770975
vt 0.818088 0.769359
vt 0.940997 0.319327
vt 0.683289 0.616265
vt 0.819938 0.759452
vt 0.683293 0.665667
vt 0.683293 0.663466
vt 0.124204 0.925437
vt 0.818481 0.761030
vt 0.817934 0.759414
vt 0.114312 0.926890
vt 0.671474 0.606744
vt 0.115481 0.925146
vt 0.669679 0.607834
vt 0.808339 0.759564
vt 0.116509 0.926921
vt 0.808886 0.761180
vt 0.673419 0.665620
vt 0.807945 0.781066
vt 0.671624 0.664531
vt 0.124204 0.935437
vt 0.673419 0.663419
vt 0.681348 0.606697
vt 0.819546 0.781177
vt 0.114312 0.936890
vt 0.818088 0.782710
vt 0.116509 0.936921
vt 0.671478 0.656294
vt 0.669683 0.657406
vt 0.817541 0.781215
vt 0.790434 0.006471
vt 0.270436 0.727005
vt 0.408871 0.783144
vt 0.788095 0.006384
vt 0.789532 0.004563
vt 0.270187 0.728518
vt 0.281484 0.726834
vt 0.418266 0.783219
vt 0.800570 0.704049
vt 0.283162 0.728496
vt 0.420610 0.783213
vt 0.419183 0.784898
vt 0.281235 0.728347
vt 0.799895 0.005503
vt 0.385058 0.772742
vt 0.386485 0.771034
vt 0.798993 0.003595
vt 0.270187 0.739626
vt 0.270436 0.741488
vt 0.387403 0.772748
vt 0.791132 0.703070
vt 0.283162 0.739604
vt 0.281484 0.741317
vt 0.396797 0.772674
vt 0.788791 0.703157
vt 0.281235 0.739455
vt 0.421846 0.728666
vt 0.790434 0.017491
vt 0.419919 0.728814
vt 0.408871 0.771975
vt 0.420168 0.726952
vt 0.788095 0.017404
vt 0.800570 0.715067
vt 0.420610 0.772045
vt 0.418266 0.772051
vt 0.409120 0.726781
vt 0.419183 0.770337
vt 0.408871 0.728643
vt 0.799663 0.716976
vt 0.385058 0.783910
vt 0.421846 0.739774
vt 0.799895 0.016522
vt 0.387403 0.783916
vt 0.420168 0.741436
vt 0.386485 0.785595
vt 0.419919 0.739923
vt 0.791132 0.714088
vt 0.408871 0.739752
vt 0.790225 0.715997
vt 0.396797 0.783842
vt 0.788791 0.714175
vt 0.409120 0.741264
vt 0.768146 0.159969
vt 0.893254 0.704622
vt 0.892152 0.273279
vt 0.890801 0.274678
vt 0.768174 0.161487
vt 0.766714 0.161397
vt 0.890330 0.273333
vt 0.768162 0.170888
vt 0.170450 0.881394
vt 0.170948 0.882904
vt 0.881435 0.273143
vt 0.766701 0.170799
vt 0.169108 0.882853
vt 0.892152 0.263877
vt 0.893254 0.714023
vt 0.890330 0.263931
vt 0.759500 0.159969
vt 0.890801 0.262420
vt 0.892756 0.715537
vt 0.759484 0.170888
vt 0.170948 0.892306
vt 0.170450 0.893653
vt 0.881906 0.262230
vt 0.759512 0.169371
vt 0.169108 0.892255
vt 0.881435 0.263741
vt 0.777564 0.159969
vt 0.884424 0.704412
vt 0.882585 0.704466
vt 0.882004 0.342054
vt 0.883926 0.703070
vt 0.882475 0.343564
vt 0.777592 0.161487
vt 0.892721 0.341918
vt 0.179780 0.882706
vt 0.891370 0.343375
vt 0.179283 0.881197
vt 0.777580 0.170888
vt 0.890899 0.341864
vt 0.884424 0.713813
vt 0.883926 0.715326
vt 0.750082 0.159969
vt 0.882004 0.332651
vt 0.748621 0.160058
vt 0.882585 0.713867
vt 0.179780 0.892109
vt 0.892721 0.332516
vt 0.750066 0.170888
vt 0.748634 0.169460
vt 0.890899 0.332462
vt 0.891370 0.331116
vt 0.750094 0.169371
vt 0.570214 0.902646
vt 0.917582 0.115912
vt 0.880972 0.923165
vt 0.915666 0.116090
vt 0.568870 0.904090
vt 0.568447 0.902554
vt 0.560026 0.904370
vt 0.889070 0.922988
vt 0.925679 0.770941
vt 0.890986 0.923010
vt 0.889756 0.924444
vt 0.559603 0.902834
vt 0.924989 0.769210
vt 0.570214 0.893420
vt 0.915261 0.873109
vt 0.925680 0.117385
vt 0.916491 0.871729
vt 0.568447 0.893328
vt 0.568870 0.892062
vt 0.917177 0.873088
vt 0.917598 0.772420
vt 0.560026 0.892341
vt 0.925275 0.873266
vt 0.915680 0.772246
vt 0.916908 0.770689
vt 0.559603 0.893608
vt 0.917582 0.124678
vt 0.916896 0.126410
vt 0.648308 0.902815
vt 0.880972 0.913900
vt 0.648732 0.904082
vt 0.915666 0.124855
vt 0.925679 0.779710
vt 0.890986 0.913744
vt 0.658919 0.903003
vt 0.657576 0.904362
vt 0.889070 0.913723
vt 0.889756 0.912364
vt 0.657152 0.903095
vt 0.915261 0.882375
vt 0.925680 0.126151
vt 0.917177 0.882353
vt 0.648732 0.892053
vt 0.916491 0.883809
vt 0.648308 0.893589
vt 0.924994 0.127883
vt 0.658919 0.893777
vt 0.917598 0.781189
vt 0.657152 0.893869
vt 0.657576 0.892333
vt 0.925275 0.882531
vt 0.915680 0.781014
vt 0.339564 0.734341
vt 0.932869 0.780220
vt 0.337861 0.733470
vt 0.928112 0.704950
vt 0.339481 0.732385
vt 0.335095 0.727737
vt 0.940399 0.779512
vt 0.730752 0.153241
vt 0.927428 0.715047
vt 0.942336 0.779560
vt 0.941192 0.781046
vt 0.928112 0.713277
vt 0.336716 0.726651
vt 0.942445 0.014160
vt 0.348014 0.734341
vt 0.941301 0.015431
vt 0.347931 0.732385
vt 0.920132 0.703070
vt 0.918236 0.703291
vt 0.940508 0.014207
vt 0.739191 0.153241
vt 0.919448 0.713168
vt 0.932979 0.013499
vt 0.918236 0.711617
vt 0.740895 0.152367
vt 0.920132 0.711397
vt 0.927354 0.799898
vt 0.337346 0.741489
vt 0.926670 0.798127
vt 0.932869 0.771142
vt 0.928566 0.798347
vt 0.335643 0.740618
vt 0.728511 0.146108
vt 0.942336 0.770482
vt 0.940399 0.770434
vt 0.928566 0.790021
vt 0.941192 0.769210
vt 0.926670 0.789800
vt 0.728592 0.144151
vt 0.942445 0.005081
vt 0.919374 0.801777
vt 0.345795 0.741489
vt 0.940508 0.005128
vt 0.741432 0.139482
vt 0.941301 0.003594
vt 0.739810 0.138399
vt 0.918690 0.800007
vt 0.736950 0.146108
vt 0.737031 0.144151
vt 0.918690 0.791680
vt 0.932979 0.004420
vt 0.738653 0.145234
vt 0.892742 0.169489
vt 0.551252 0.856439
vt 0.897034 0.035977
vt 0.891430 0.170896
vt 0.549479 0.856396
vt 0.549825 0.854986
vt 0.890771 0.169545
vt 0.540085 0.856488
vt 0.827541 0.210415
vt 0.826880 0.208705
vt 0.882132 0.169176
vt 0.540432 0.855079
vt 0.828852 0.208841
vt 0.892742 0.159857
vt 0.897034 0.026523
vt 0.890771 0.159912
vt 0.614975 0.867561
vt 0.891430 0.158338
vt 0.615321 0.866036
vt 0.897695 0.024813
vt 0.604154 0.865988
vt 0.826880 0.199252
vt 0.605927 0.865944
vt 0.882132 0.159544
vt 0.828852 0.199388
vt 0.605581 0.867469
vt 0.551252 0.866099
vt 0.905666 0.036887
vt 0.882116 0.364030
vt 0.907639 0.036751
vt 0.549825 0.867580
vt 0.549479 0.866055
vt 0.818248 0.209615
vt 0.892726 0.363730
vt 0.891414 0.365247
vt 0.540085 0.866147
vt 0.818909 0.211325
vt 0.890755 0.363677
vt 0.540432 0.867672
vt 0.905666 0.027434
vt 0.906327 0.025724
vt 0.615321 0.856377
vt 0.882116 0.354394
vt 0.614975 0.854968
vt 0.907639 0.027298
vt 0.892726 0.354095
vt 0.818248 0.200162
vt 0.604154 0.856329
vt 0.605581 0.854876
vt 0.890755 0.354042
vt 0.891414 0.352685
vt 0.605927 0.856285
vt 0.258712 0.876713
vt 0.905212 0.307828
vt 0.302006 0.924946
vt 0.256859 0.876732
vt 0.257342 0.875250
vt 0.907171 0.308026
vt 0.302650 0.923356
vt 0.247844 0.876663
vt 0.293435 0.924469
vt 0.907380 0.230812
vt 0.292133 0.922953
vt 0.908051 0.229027
vt 0.294078 0.922879
vt 0.905212 0.316884
vt 0.302650 0.913857
vt 0.907171 0.317082
vt 0.395444 0.887559
vt 0.395927 0.886138
vt 0.905883 0.318673
vt 0.385058 0.886189
vt 0.908051 0.219959
vt 0.292133 0.913454
vt 0.386911 0.886208
vt 0.386428 0.887630
vt 0.294078 0.913379
vt 0.335095 0.924722
vt 0.258712 0.886271
vt 0.896731 0.309242
vt 0.337040 0.924797
vt 0.257342 0.887712
vt 0.256859 0.886291
vt 0.899571 0.227627
vt 0.247844 0.886221
vt 0.898901 0.229413
vt 0.248327 0.887643
vt 0.345612 0.924320
vt 0.897613 0.227823
vt 0.335095 0.915223
vt 0.896731 0.318298
vt 0.897401 0.320087
vt 0.395927 0.876579
vt 0.336397 0.913707
vt 0.337040 0.915297
vt 0.385058 0.876630
vt 0.899571 0.218559
vt 0.386428 0.875167
vt 0.897612 0.218755
vt 0.345612 0.914820
vt 0.386911 0.876649
vt 0.344969 0.913230
vt 0.091954 0.823448
vt 0.125772 0.867462
vt 0.093407 0.821924
vt 0.125276 0.865754
vt 0.800952 0.199635
vt 0.093881 0.823438
vt 0.799371 0.199854
vt 0.801002 0.209594
vt 0.874330 0.618824
vt 0.800957 0.211325
vt 0.103447 0.823469
vt 0.799422 0.209813
vt 0.876271 0.618693
vt 0.091954 0.833510
vt 0.125772 0.877434
vt 0.772318 0.199628
vt 0.093881 0.833500
vt 0.093407 0.835043
vt 0.772364 0.201359
vt 0.874330 0.608857
vt 0.102973 0.835074
vt 0.874825 0.607144
vt 0.772313 0.211318
vt 0.876271 0.608726
vt 0.103447 0.833531
vt 0.116254 0.867899
vt 0.114312 0.867772
vt 0.823742 0.319434
vt 0.811008 0.199635
vt 0.824216 0.320977
vt 0.115758 0.866191
vt 0.864810 0.618376
vt 0.811013 0.211325
vt 0.835235 0.319413
vt 0.833782 0.320946
vt 0.811058 0.209594
vt 0.833308 0.319403
vt 0.762262 0.199628
vt 0.116254 0.877871
vt 0.762308 0.201359
vt 0.823742 0.309372
vt 0.760727 0.201141
vt 0.114312 0.877744
vt 0.835235 0.309351
vt 0.864810 0.608409
vt 0.760676 0.211100
vt 0.833308 0.309341
vt 0.833782 0.307828
vt 0.865304 0.606697
vt 0.762257 0.211318
vt 0.789898 0.619462
vt 0.016037 0.783227
vt 0.760676 0.179821
vt 0.762254 0.178163
vt 0.791855 0.619562
vt 0.762780 0.179810
vt 0.802593 0.619398
vt 0.772641 0.178199
vt 0.058773 0.795239
vt 0.058217 0.793273
vt 0.773168 0.179846
vt 0.060340 0.793494
vt 0.760676 0.190770
vt 0.016037 0.793904
vt 0.762780 0.190759
vt 0.790312 0.680223
vt 0.762254 0.192439
vt 0.789986 0.682006
vt 0.015481 0.795874
vt 0.058217 0.782588
vt 0.802681 0.682070
vt 0.800724 0.682169
vt 0.801050 0.680387
vt 0.773168 0.190795
vt 0.060340 0.782809
vt 0.789898 0.608544
vt 0.005719 0.782413
vt 0.003594 0.782637
vt 0.181600 0.760954
vt 0.791529 0.606861
vt 0.791855 0.608644
vt 0.047895 0.794072
vt 0.169108 0.760980
vt 0.170686 0.759311
vt 0.802593 0.608480
vt 0.048450 0.796038
vt 0.802267 0.606697
vt 0.171213 0.760991
vt 0.005719 0.793089
vt 0.789986 0.692924
vt 0.005162 0.795059
vt 0.181073 0.773551
vt 0.181600 0.771904
vt 0.003595 0.793314
vt 0.169108 0.771929
vt 0.047895 0.783387
vt 0.802681 0.692988
vt 0.171213 0.771940
vt 0.800724 0.693088
vt 0.170686 0.773587
vt 0.582468 0.761145
vt 0.759023 0.332700
vt 0.759432 0.331116
vt 0.584184 0.761128
vt 0.660907 0.762267
vt 0.761043 0.332757
vt 0.584129 0.762808
vt 0.649912 0.763957
vt 0.595121 0.761132
vt 0.723143 0.761971
vt 0.648308 0.762305
vt 0.723553 0.760240
vt 0.595066 0.762811
vt 0.650349 0.762330
vt 0.759023 0.343631
vt 0.761043 0.343688
vt 0.660907 0.751327
vt 0.202893 0.748580
vt 0.202838 0.750225
vt 0.759432 0.345367
vt 0.215491 0.750238
vt 0.723553 0.749308
vt 0.648308 0.751364
vt 0.649912 0.749693
vt 0.213775 0.750221
vt 0.213830 0.748577
vt 0.650349 0.751390
vt 0.572202 0.751373
vt 0.582468 0.750203
vt 0.748417 0.332828
vt 0.570161 0.751399
vt 0.584129 0.748541
vt 0.570598 0.749702
vt 0.584184 0.750186
vt 0.712949 0.760121
vt 0.712538 0.761853
vt 0.595121 0.750190
vt 0.595066 0.748545
vt 0.559603 0.751335
vt 0.710927 0.760174
vt 0.572202 0.762314
vt 0.748417 0.343759
vt 0.570598 0.763966
vt 0.748826 0.345495
vt 0.202838 0.761167
vt 0.202893 0.762847
vt 0.570161 0.762339
vt 0.712948 0.749189
vt 0.215491 0.761180
vt 0.559603 0.762276
vt 0.213830 0.762843
vt 0.710927 0.749242
vt 0.712538 0.747599
vt 0.213775 0.761163
vt 0.036742 0.824195
vt 0.114313 0.827027
vt 0.025446 0.762496
vt 0.026995 0.760946
vt 0.034681 0.824189
vt 0.035339 0.822650
vt 0.026982 0.762480
vt 0.025446 0.824224
vt 0.037197 0.760945
vt 0.837345 0.005152
vt 0.038747 0.762495
vt 0.835277 0.005161
vt 0.835949 0.003594
vt 0.037184 0.762479
vt 0.025446 0.772697
vt 0.123491 0.826970
vt 0.124167 0.825438
vt 0.026982 0.772682
vt 0.824238 0.026340
vt 0.026995 0.774247
vt 0.125561 0.826979
vt 0.826083 0.005107
vt 0.038747 0.772696
vt 0.835535 0.026368
vt 0.833474 0.026374
vt 0.037197 0.774246
vt 0.834132 0.024813
vt 0.037184 0.772681
vt 0.061196 0.763647
vt 0.036742 0.834397
vt 0.114313 0.837229
vt 0.035339 0.835952
vt 0.059633 0.763663
vt 0.059646 0.762098
vt 0.034681 0.834391
vt 0.835277 0.015363
vt 0.047895 0.763646
vt 0.049445 0.762097
vt 0.025446 0.834425
vt 0.837345 0.015354
vt 0.835949 0.016895
vt 0.049431 0.763662
vt 0.061196 0.773849
vt 0.123491 0.837171
vt 0.824238 0.036542
vt 0.125561 0.837180
vt 0.059646 0.775398
vt 0.124167 0.838738
vt 0.059633 0.773865
vt 0.826083 0.015309
vt 0.047895 0.773848
vt 0.835535 0.036570
vt 0.834132 0.038115
vt 0.049431 0.773864
vt 0.049445 0.775398
vt 0.833474 0.036576
vt 0.934098 0.940914
vt 0.969823 0.461262
vt 0.974825 0.883004
vt 0.935855 0.940879
vt 0.935295 0.942264
vt 0.972991 0.883119
vt 0.943734 0.941083
vt 0.971285 0.431714
vt 0.972153 0.433277
vt 0.970289 0.433238
vt 0.965769 0.881576
vt 0.943174 0.942468
vt 0.974825 0.874759
vt 0.969823 0.452994
vt 0.972991 0.874873
vt 0.933922 0.376789
vt 0.973728 0.873272
vt 0.970693 0.451430
vt 0.943557 0.376619
vt 0.972153 0.441555
vt 0.966505 0.871729
vt 0.941801 0.376584
vt 0.942361 0.375331
vt 0.970289 0.441515
vt 0.965769 0.873331
vt 0.934098 0.932229
vt 0.976366 0.463041
vt 0.935295 0.930941
vt 0.978231 0.463003
vt 0.974956 0.852579
vt 0.974220 0.850977
vt 0.935855 0.932194
vt 0.978708 0.431520
vt 0.965901 0.854007
vt 0.943734 0.932398
vt 0.966998 0.852520
vt 0.977840 0.429957
vt 0.967734 0.854122
vt 0.976366 0.454772
vt 0.977237 0.453208
vt 0.933922 0.385473
vt 0.974956 0.860825
vt 0.934482 0.386859
vt 0.978231 0.454734
vt 0.978708 0.439798
vt 0.943557 0.385304
vt 0.965901 0.862253
vt 0.942361 0.386654
vt 0.967734 0.862368
vt 0.941801 0.385268
vt 0.924477 0.914776
vt 0.345620 0.895211
vt 0.925207 0.913084
vt 0.916198 0.263100
vt 0.345108 0.893729
vt 0.926421 0.914645
vt 0.336927 0.895383
vt 0.926433 0.262362
vt 0.926482 0.251840
vt 0.335095 0.895342
vt 0.336415 0.893901
vt 0.924532 0.262230
vt 0.924477 0.923752
vt 0.680146 0.904549
vt 0.678825 0.905937
vt 0.926421 0.923621
vt 0.916198 0.272219
vt 0.916833 0.273868
vt 0.678314 0.904591
vt 0.926482 0.242863
vt 0.926433 0.271481
vt 0.925167 0.272998
vt 0.669621 0.904417
vt 0.925752 0.241172
vt 0.924532 0.271349
vt 0.926802 0.095798
vt 0.916487 0.913477
vt 0.924901 0.095927
vt 0.345620 0.904522
vt 0.925536 0.094282
vt 0.917217 0.911785
vt 0.918492 0.253138
vt 0.335095 0.904653
vt 0.336927 0.904694
vt 0.917203 0.093426
vt 0.336415 0.906041
vt 0.916568 0.095071
vt 0.916548 0.253007
vt 0.680146 0.895238
vt 0.926802 0.104924
vt 0.916487 0.922453
vt 0.678314 0.895280
vt 0.678825 0.893798
vt 0.924901 0.105053
vt 0.918492 0.244162
vt 0.916568 0.104197
vt 0.670133 0.893624
vt 0.916548 0.244031
vt 0.669621 0.895106
vt 0.917762 0.242471
vt 0.756310 0.492569
vt 0.300529 0.855212
vt 0.301425 0.853657
vt 0.756284 0.494111
vt 0.754751 0.494128
vt 0.837443 0.862691
vt 0.302701 0.855213
vt 0.828079 0.864173
vt 0.756284 0.504372
vt 0.826789 0.862599
vt 0.531398 0.865584
vt 0.756310 0.505948
vt 0.754751 0.504390
vt 0.828955 0.862592
vt 0.300529 0.865474
vt 0.766571 0.430861
vt 0.837443 0.852430
vt 0.302701 0.865475
vt 0.768129 0.432420
vt 0.301425 0.867036
vt 0.766545 0.432436
vt 0.766571 0.444241
vt 0.531398 0.855322
vt 0.826790 0.852338
vt 0.828079 0.850795
vt 0.766545 0.442698
vt 0.768129 0.442682
vt 0.828955 0.852331
vt 0.818525 0.851902
vt 0.766571 0.492567
vt 0.292133 0.855227
vt 0.816360 0.851893
vt 0.768129 0.494125
vt 0.817235 0.850361
vt 0.766545 0.494109
vt 0.766571 0.505946
vt 0.523002 0.865569
vt 0.522106 0.867131
vt 0.766545 0.504371
vt 0.768129 0.504387
vt 0.807868 0.852013
vt 0.520831 0.865570
vt 0.756310 0.430860
vt 0.818525 0.862162
vt 0.292133 0.865489
vt 0.817235 0.863738
vt 0.756284 0.432435
vt 0.754751 0.432418
vt 0.816360 0.862153
vt 0.756310 0.444239
vt 0.523002 0.855307
vt 0.754751 0.442680
vt 0.520831 0.855308
vt 0.807868 0.862273
vt 0.522106 0.853751
vt 0.756284 0.442696
vt 0.477317 0.836721
vt 0.815547 0.513744
vt 0.803215 0.633992
vt 0.478874 0.835120
vt 0.813506 0.513912
vt 0.479171 0.836802
vt 0.489129 0.834996
vt 0.793373 0.633954
vt 0.169108 0.833509
vt 0.791349 0.633964
vt 0.792845 0.632385
vt 0.489425 0.836678
vt 0.169665 0.835337
vt 0.477316 0.847139
vt 0.512235 0.802693
vt 0.825321 0.514408
vt 0.479171 0.847219
vt 0.510740 0.804284
vt 0.510211 0.802682
vt 0.178882 0.832846
vt 0.500370 0.802720
vt 0.180923 0.833014
vt 0.500899 0.804322
vt 0.489425 0.847095
vt 0.179439 0.834674
vt 0.815547 0.524011
vt 0.304243 0.834366
vt 0.814990 0.525839
vt 0.802687 0.646031
vt 0.803215 0.644430
vt 0.813506 0.524179
vt 0.791350 0.644402
vt 0.169108 0.823243
vt 0.292132 0.834321
vt 0.793373 0.644392
vt 0.293984 0.834237
vt 0.792845 0.645993
vt 0.512235 0.792255
vt 0.825321 0.524674
vt 0.510211 0.792244
vt 0.303949 0.846467
vt 0.510740 0.790675
vt 0.304243 0.844781
vt 0.824764 0.526502
vt 0.178882 0.822580
vt 0.292132 0.844737
vt 0.293984 0.844652
vt 0.500370 0.792282
vt 0.180923 0.822748
vt 0.293691 0.846338
vt 0.941468 0.287339
vt 0.730675 0.346035
vt 0.920444 0.533266
vt 0.939514 0.287358
vt 0.940309 0.285896
vt 0.920047 0.534853
vt 0.728979 0.345195
vt 0.931880 0.287098
vt 0.929322 0.533646
vt 0.728455 0.314538
vt 0.930670 0.535094
vt 0.728361 0.316505
vt 0.928925 0.535233
vt 0.732479 0.338613
vt 0.920047 0.544009
vt 0.730782 0.337773
vt 0.931915 0.220167
vt 0.732385 0.336645
vt 0.730164 0.323927
vt 0.930670 0.544251
vt 0.941502 0.219924
vt 0.729964 0.331116
vt 0.939547 0.219905
vt 0.940342 0.218559
vt 0.928925 0.544389
vt 0.728361 0.332244
vt 0.919372 0.440942
vt 0.941468 0.296583
vt 0.739424 0.346035
vt 0.940309 0.297948
vt 0.921115 0.441083
vt 0.741227 0.310136
vt 0.739624 0.309009
vt 0.939514 0.296601
vt 0.737110 0.316505
vt 0.931880 0.296341
vt 0.737203 0.314538
vt 0.930000 0.440701
vt 0.738806 0.315665
vt 0.919372 0.431789
vt 0.741227 0.338613
vt 0.931915 0.229410
vt 0.741134 0.336645
vt 0.920722 0.430340
vt 0.921115 0.431931
vt 0.738913 0.323927
vt 0.941502 0.229167
vt 0.940342 0.230611
vt 0.930000 0.431547
vt 0.740610 0.323087
vt 0.939547 0.229149
vt 0.929607 0.429957
vt 0.780926 0.845138
vt 0.828886 0.179833
vt 0.779577 0.846693
vt 0.828075 0.178163
vt 0.571547 0.793077
vt 0.571406 0.791454
vt 0.778788 0.845143
vt 0.249180 0.813691
vt 0.561300 0.793113
vt 0.249990 0.815129
vt 0.559603 0.793058
vt 0.769908 0.845094
vt 0.561159 0.791491
vt 0.247843 0.815176
vt 0.780926 0.834849
vt 0.828886 0.190085
vt 0.762594 0.803217
vt 0.778788 0.834855
vt 0.761038 0.804773
vt 0.779577 0.833279
vt 0.760897 0.803273
vt 0.249990 0.825378
vt 0.249180 0.827053
vt 0.750650 0.803236
vt 0.750791 0.804736
vt 0.769908 0.834806
vt 0.247844 0.825425
vt 0.820089 0.180285
vt 0.836075 0.190050
vt 0.817942 0.180240
vt 0.571406 0.804858
vt 0.571547 0.803358
vt 0.819279 0.178614
vt 0.559603 0.803339
vt 0.258790 0.815600
vt 0.847092 0.190007
vt 0.845744 0.191577
vt 0.561300 0.803394
vt 0.844954 0.190001
vt 0.561159 0.804895
vt 0.762594 0.792936
vt 0.820089 0.190536
vt 0.819279 0.191981
vt 0.760897 0.792993
vt 0.836075 0.179762
vt 0.761038 0.791369
vt 0.817942 0.190492
vt 0.847092 0.179718
vt 0.258791 0.825848
vt 0.750791 0.791332
vt 0.844954 0.179713
vt 0.845744 0.178163
vt 0.257981 0.827523
vt 0.750650 0.792956
vt 0.677940 0.951436
vt 0.102158 0.922124
vt 0.678380 0.949900
vt 0.750650 0.950175
vt 0.679644 0.951294
vt 0.101879 0.920736
vt 0.093542 0.922195
vt 0.760685 0.949918
vt 0.788813 0.949854
vt 0.091954 0.922156
vt 0.093262 0.920808
vt 0.758986 0.949812
vt 0.677940 0.960114
vt 0.147064 0.930864
vt 0.145756 0.932190
vt 0.679644 0.959972
vt 0.750650 0.958914
vt 0.751084 0.960402
vt 0.145476 0.930904
vt 0.760685 0.958657
vt 0.788813 0.958527
vt 0.759419 0.960039
vt 0.789255 0.960067
vt 0.136860 0.930832
vt 0.758986 0.958551
vt 0.700219 0.951522
vt 0.669621 0.950935
vt 0.698520 0.951628
vt 0.102158 0.930928
vt 0.698953 0.950140
vt 0.670062 0.949399
vt 0.091954 0.930960
vt 0.797128 0.949341
vt 0.690618 0.949777
vt 0.093542 0.930999
vt 0.093262 0.932286
vt 0.690185 0.951265
vt 0.798833 0.949486
vt 0.147064 0.922060
vt 0.700219 0.960261
vt 0.669621 0.959614
vt 0.145476 0.922100
vt 0.145756 0.920712
vt 0.698520 0.960367
vt 0.797128 0.958014
vt 0.690185 0.960004
vt 0.137140 0.920640
vt 0.798833 0.958158
vt 0.136860 0.922029
vt 0.797571 0.959554
vt 0.569616 0.812084
vt 0.442224 0.665596
vt 0.500370 0.639704
vt 0.442242 0.663325
vt 0.443964 0.664537
vt 0.570537 0.814033
vt 0.500370 0.641975
vt 0.443181 0.656355
vt 0.509151 0.639333
vt 0.281628 0.673695
vt 0.511121 0.640471
vt 0.570537 0.824063
vt 0.509151 0.641605
vt 0.443044 0.673577
vt 0.560923 0.814038
vt 0.469178 0.639678
vt 0.561844 0.815987
vt 0.281490 0.656474
vt 0.559603 0.815858
vt 0.469178 0.641954
vt 0.282450 0.665714
vt 0.515316 0.648337
vt 0.559603 0.825888
vt 0.282432 0.663443
vt 0.283905 0.664655
vt 0.513345 0.649471
vt 0.561844 0.826017
vt 0.456229 0.632194
vt 0.431701 0.665596
vt 0.430246 0.664537
vt 0.454262 0.633333
vt 0.778601 0.826090
vt 0.780842 0.825961
vt 0.431719 0.663325
vt 0.271106 0.673695
vt 0.515316 0.633382
vt 0.779522 0.814111
vt 0.780842 0.815931
vt 0.432658 0.656355
vt 0.513345 0.632243
vt 0.778601 0.816061
vt 0.460950 0.639740
vt 0.432521 0.673577
vt 0.270968 0.656474
vt 0.460950 0.642016
vt 0.769908 0.824136
vt 0.458983 0.640880
vt 0.271928 0.665714
vt 0.770828 0.812157
vt 0.270187 0.664655
vt 0.454263 0.648318
vt 0.769908 0.814106
vt 0.271910 0.663443
vt 0.456229 0.649455
vt 0.849531 0.690112
vt 0.604154 0.804859
vt 0.848558 0.691995
vt 0.838450 0.714730
vt 0.847316 0.690195
vt 0.604867 0.806557
vt 0.613419 0.804438
vt 0.847239 0.608682
vt 0.827476 0.716514
vt 0.615540 0.804500
vt 0.829651 0.716691
vt 0.614133 0.806136
vt 0.849531 0.680224
vt 0.488701 0.805073
vt 0.487295 0.806581
vt 0.847316 0.680306
vt 0.838450 0.705020
vt 0.837612 0.703070
vt 0.486581 0.805136
vt 0.827476 0.706804
vt 0.847239 0.618560
vt 0.848215 0.620444
vt 0.477317 0.804713
vt 0.828812 0.705031
vt 0.829651 0.706981
vt 0.837764 0.813553
vt 0.857710 0.692073
vt 0.835589 0.813730
vt 0.604154 0.794514
vt 0.836428 0.811780
vt 0.856737 0.693955
vt 0.855405 0.606697
vt 0.615540 0.794155
vt 0.613419 0.794092
vt 0.827628 0.809820
vt 0.614133 0.792647
vt 0.826790 0.811769
vt 0.857621 0.606779
vt 0.488701 0.794728
vt 0.837764 0.823263
vt 0.857710 0.682184
vt 0.486581 0.794790
vt 0.487295 0.793092
vt 0.835589 0.823440
vt 0.855405 0.616575
vt 0.826790 0.821479
vt 0.478030 0.792670
vt 0.857621 0.616657
vt 0.477317 0.794368
vt 0.856380 0.618459
vt 0.432142 0.803076
vt 0.431749 0.804794
vt 0.862364 0.272525
vt 0.754751 0.555796
vt 0.862605 0.274152
vt 0.430246 0.803205
vt 0.872470 0.272447
vt 0.522456 0.793188
vt 0.766577 0.555707
vt 0.874245 0.272511
vt 0.764709 0.555621
vt 0.872710 0.274074
vt 0.432142 0.792917
vt 0.861390 0.375395
vt 0.430246 0.793046
vt 0.754751 0.565996
vt 0.431749 0.791549
vt 0.755107 0.567659
vt 0.863165 0.375331
vt 0.522456 0.803347
vt 0.766577 0.565908
vt 0.873272 0.375409
vt 0.765065 0.567484
vt 0.522849 0.805066
vt 0.764709 0.565821
vt 0.660134 0.855092
vt 0.442039 0.803378
vt 0.658266 0.855174
vt 0.862364 0.262308
vt 0.658621 0.853516
vt 0.441646 0.805097
vt 0.532353 0.792886
vt 0.874246 0.262294
vt 0.532746 0.791518
vt 0.872470 0.262230
vt 0.648663 0.853351
vt 0.648308 0.855008
vt 0.534249 0.793015
vt 0.861391 0.385612
vt 0.660134 0.865295
vt 0.442039 0.793219
vt 0.863165 0.385548
vt 0.862926 0.387175
vt 0.658266 0.865377
vt 0.532353 0.803045
vt 0.873032 0.387253
vt 0.534249 0.803174
vt 0.648308 0.865211
vt 0.532746 0.804763
vt 0.873272 0.385626
vt 0.626785 0.959058
vt 0.790468 0.192098
vt 0.385058 0.969033
vt 0.181228 0.781805
vt 0.628509 0.959106
vt 0.627983 0.960325
vt 0.179712 0.780776
vt 0.386866 0.968958
vt 0.636397 0.958858
vt 0.178693 0.787131
vt 0.177095 0.787941
vt 0.394113 0.969846
vt 0.177177 0.786103
vt 0.385058 0.977488
vt 0.782493 0.192098
vt 0.386866 0.977413
vt 0.430246 0.949840
vt 0.386159 0.978907
vt 0.780893 0.191288
vt 0.439857 0.950038
vt 0.169108 0.787941
vt 0.393406 0.979795
vt 0.438134 0.950086
vt 0.438659 0.948696
vt 0.394113 0.978301
vt 0.169190 0.786103
vt 0.626785 0.950466
vt 0.792484 0.185338
vt 0.627983 0.949124
vt 0.792403 0.183501
vt 0.477317 0.978110
vt 0.478024 0.979604
vt 0.628509 0.950514
vt 0.486372 0.977297
vt 0.179090 0.794709
vt 0.180688 0.793900
vt 0.636397 0.950267
vt 0.485271 0.978716
vt 0.484564 0.977222
vt 0.784509 0.185338
vt 0.430246 0.958431
vt 0.782909 0.184528
vt 0.477317 0.969655
vt 0.784427 0.183501
vt 0.171103 0.794709
vt 0.486372 0.968842
vt 0.439857 0.958630
vt 0.438659 0.959897
vt 0.781874 0.178163
vt 0.484564 0.968767
vt 0.438134 0.958677
vt 0.780357 0.179190
vt 0.818529 0.738897
vt 0.282286 0.822941
vt 0.690184 0.802280
vt 0.280752 0.824588
vt 0.820665 0.738671
vt 0.280283 0.822818
vt 0.270656 0.824945
vt 0.699823 0.802279
vt 0.809782 0.618121
vt 0.701941 0.802279
vt 0.700478 0.803883
vt 0.810468 0.620082
vt 0.270187 0.823175
vt 0.282286 0.812453
vt 0.710927 0.792664
vt 0.808987 0.737557
vt 0.280283 0.812330
vt 0.712391 0.791060
vt 0.713046 0.792663
vt 0.819324 0.616780
vt 0.722683 0.792664
vt 0.821460 0.617006
vt 0.722028 0.791061
vt 0.270187 0.812687
vt 0.820010 0.618741
vt 0.818529 0.728814
vt 0.819216 0.726853
vt 0.430246 0.824544
vt 0.690839 0.790119
vt 0.690184 0.791722
vt 0.820665 0.728588
vt 0.809782 0.608037
vt 0.701941 0.791721
vt 0.442349 0.824781
vt 0.699823 0.791721
vt 0.440349 0.824908
vt 0.700478 0.790118
vt 0.710927 0.803222
vt 0.808987 0.727473
vt 0.713046 0.803222
vt 0.430711 0.812286
vt 0.712391 0.804826
vt 0.430245 0.814061
vt 0.809674 0.725512
vt 0.442349 0.814298
vt 0.819324 0.606697
vt 0.440349 0.814425
vt 0.440814 0.812650
vt 0.722683 0.803222
vt 0.821459 0.606923
vt 0.235724 0.794500
vt 0.114313 0.775042
vt 0.236233 0.792667
vt 0.743347 0.782326
vt 0.237785 0.794355
vt 0.114561 0.776638
vt 0.732633 0.784049
vt 0.124945 0.775079
vt 0.731085 0.782442
vt 0.421154 0.804573
vt 0.126808 0.775048
vt 0.125193 0.776675
vt 0.733156 0.782492
vt 0.767603 0.264688
vt 0.235724 0.805153
vt 0.743347 0.771581
vt 0.237785 0.805008
vt 0.769218 0.263048
vt 0.769467 0.264719
vt 0.731085 0.771698
vt 0.421154 0.793925
vt 0.732633 0.770041
vt 0.420644 0.792087
vt 0.780099 0.264682
vt 0.733156 0.771747
vt 0.779850 0.263011
vt 0.347357 0.771744
vt 0.225501 0.794036
vt 0.345286 0.771793
vt 0.114560 0.762616
vt 0.345809 0.770087
vt 0.114312 0.764287
vt 0.226009 0.792203
vt 0.126808 0.764293
vt 0.410933 0.805050
vt 0.124945 0.764325
vt 0.335095 0.771627
vt 0.408871 0.804902
vt 0.125193 0.762654
vt 0.767603 0.275442
vt 0.347357 0.782488
vt 0.225501 0.804689
vt 0.345809 0.784095
vt 0.769467 0.275473
vt 0.769218 0.277070
vt 0.345286 0.782538
vt 0.410933 0.794403
vt 0.779850 0.277032
vt 0.335095 0.782372
vt 0.408871 0.794255
vt 0.410423 0.792565
vt 0.780099 0.275436
vt 0.797935 0.880880
vt 0.844158 0.078417
vt 0.795929 0.995893
vt 0.797908 0.879165
vt 0.799239 0.879908
vt 0.796714 0.994413
vt 0.844158 0.076704
vt 0.798497 0.872765
vt 0.789751 0.994032
vt 0.855334 0.047501
vt 0.788813 0.992608
vt 0.234028 0.885920
vt 0.853839 0.046630
vt 0.790537 0.992553
vt 0.851042 0.079007
vt 0.798707 0.885772
vt 0.796714 0.986897
vt 0.851042 0.077293
vt 0.234238 0.872912
vt 0.852537 0.078135
vt 0.788813 0.985092
vt 0.234802 0.881027
vt 0.234829 0.879312
vt 0.855495 0.071810
vt 0.235926 0.880055
vt 0.854001 0.070968
vt 0.790536 0.985036
vt 0.233416 0.984987
vt 0.789938 0.880880
vt 0.788813 0.879908
vt 0.231693 0.984930
vt 0.853839 0.059622
vt 0.855334 0.058780
vt 0.789911 0.879165
vt 0.226031 0.885920
vt 0.850881 0.051584
vt 0.852376 0.052455
vt 0.790500 0.872765
vt 0.225500 0.986797
vt 0.850881 0.053297
vt 0.854001 0.083961
vt 0.233416 0.992495
vt 0.790710 0.885772
vt 0.226241 0.872912
vt 0.855495 0.083089
vt 0.232476 0.993919
vt 0.231693 0.992438
vt 0.843997 0.052173
vt 0.226805 0.881027
vt 0.225500 0.880055
vt 0.225500 0.994305
vt 0.843997 0.053886
vt 0.226832 0.879312
vt 0.226283 0.995786
vt 0.978794 0.409921
vt 0.477317 0.986830
vt 0.634814 0.986494
vt 0.977293 0.409923
vt 0.977604 0.408689
vt 0.479044 0.986793
vt 0.969453 0.409917
vt 0.697257 0.994994
vt 0.696483 0.993614
vt 0.698214 0.993646
vt 0.485417 0.987665
vt 0.969763 0.408683
vt 0.477316 0.994808
vt 0.634814 0.994470
vt 0.479044 0.994772
vt 0.960362 0.978390
vt 0.478284 0.996153
vt 0.960672 0.977163
vt 0.634040 0.995850
vt 0.951329 0.977166
vt 0.696483 0.985638
vt 0.952830 0.977169
vt 0.485417 0.995644
vt 0.698214 0.985670
vt 0.952520 0.978396
vt 0.978794 0.418023
vt 0.628516 0.985597
vt 0.626785 0.985629
vt 0.976263 0.986406
vt 0.977604 0.419253
vt 0.977293 0.418026
vt 0.690184 0.994511
vt 0.968162 0.987223
vt 0.969130 0.985881
vt 0.969453 0.418020
vt 0.690959 0.995891
vt 0.969763 0.419247
vt 0.969890 0.987259
vt 0.628516 0.993573
vt 0.627742 0.994953
vt 0.960672 0.969060
vt 0.976263 0.994390
vt 0.960362 0.967826
vt 0.626785 0.993605
vt 0.968162 0.995207
vt 0.690184 0.986535
vt 0.951329 0.969064
vt 0.952520 0.967832
vt 0.969890 0.995243
vt 0.952830 0.969067
vt 0.177936 0.676469
vt 0.657862 0.913166
vt 0.178010 0.674351
vt 0.626785 0.873452
vt 0.179791 0.675493
vt 0.181398 0.667926
vt 0.650428 0.913029
vt 0.681142 0.648445
vt 0.637954 0.872733
vt 0.648308 0.913032
vt 0.649437 0.911551
vt 0.636013 0.872504
vt 0.183179 0.669067
vt 0.180832 0.683985
vt 0.914360 0.309350
vt 0.915489 0.307828
vt 0.182687 0.683009
vt 0.626785 0.882982
vt 0.627325 0.884804
vt 0.916480 0.309353
vt 0.684039 0.640928
vt 0.637954 0.882264
vt 0.636553 0.883856
vt 0.923914 0.309218
vt 0.683964 0.638810
vt 0.636013 0.882034
vt 0.659473 0.875098
vt 0.169108 0.676469
vt 0.657530 0.875324
vt 0.657862 0.923052
vt 0.658072 0.873507
vt 0.169183 0.674351
vt 0.648308 0.922918
vt 0.672315 0.648445
vt 0.648850 0.872566
vt 0.650428 0.922915
vt 0.649437 0.924441
vt 0.648308 0.874384
vt 0.670460 0.647468
vt 0.914360 0.319237
vt 0.659473 0.884638
vt 0.172005 0.683985
vt 0.916480 0.319239
vt 0.671749 0.632385
vt 0.915489 0.320718
vt 0.669968 0.633526
vt 0.657530 0.884864
vt 0.675212 0.640928
vt 0.648308 0.883924
vt 0.673356 0.639952
vt 0.923914 0.319105
vt 0.675137 0.638810
vt 0.270187 0.968305
vt 0.750650 0.967718
vt 0.965471 0.228328
vt 0.967196 0.228324
vt 0.752163 0.967591
vt 0.966628 0.229621
vt 0.974813 0.228352
vt 0.657626 0.969662
vt 0.655897 0.969801
vt 0.656473 0.968272
vt 0.760489 0.967795
vt 0.974245 0.229649
vt 0.750650 0.976137
vt 0.277761 0.967376
vt 0.752163 0.976010
vt 0.114312 0.963477
vt 0.751915 0.977446
vt 0.279492 0.967515
vt 0.648308 0.968884
vt 0.123655 0.963453
vt 0.121930 0.963449
vt 0.760241 0.977650
vt 0.122498 0.962169
vt 0.760489 0.976213
vt 0.648885 0.967354
vt 0.965471 0.219844
vt 0.270187 0.976535
vt 0.966628 0.218559
vt 0.270768 0.978065
vt 0.344934 0.969132
vt 0.344686 0.967695
vt 0.967196 0.219840
vt 0.655897 0.978034
vt 0.335095 0.969208
vt 0.336360 0.967899
vt 0.974813 0.219867
vt 0.657626 0.977895
vt 0.336608 0.969335
vt 0.277761 0.975607
vt 0.279492 0.975746
vt 0.114312 0.971961
vt 0.344934 0.977550
vt 0.114880 0.973259
vt 0.278342 0.977137
vt 0.648308 0.977116
vt 0.123655 0.971938
vt 0.335095 0.977627
vt 0.336608 0.977754
vt 0.122498 0.973231
vt 0.121930 0.971933
vt 0.864899 0.691301
vt 0.902840 0.692332
vt 0.901903 0.693574
vt 0.866630 0.691326
vt 0.925806 0.862608
vt 0.900791 0.692302
vt 0.866320 0.692747
vt 0.917332 0.863300
vt 0.875983 0.691280
vt 0.551458 0.717527
vt 0.916180 0.861724
vt 0.552394 0.715904
vt 0.918219 0.861682
vt 0.875673 0.692701
vt 0.902840 0.682900
vt 0.925806 0.853156
vt 0.900791 0.682870
vt 0.876678 0.644908
vt 0.876987 0.643423
vt 0.901903 0.681277
vt 0.552394 0.706472
vt 0.916180 0.852272
vt 0.865903 0.643402
vt 0.917332 0.850977
vt 0.867634 0.643377
vt 0.867324 0.644862
vt 0.918219 0.852230
vt 0.925568 0.893572
vt 0.864900 0.681730
vt 0.910163 0.691278
vt 0.923530 0.893528
vt 0.866320 0.680270
vt 0.924415 0.892281
vt 0.866630 0.681755
vt 0.545071 0.714851
vt 0.544135 0.716473
vt 0.875983 0.681710
vt 0.875673 0.680224
vt 0.915934 0.894473
vt 0.543023 0.714881
vt 0.925568 0.903018
vt 0.910163 0.681846
vt 0.924415 0.904596
vt 0.909226 0.680224
vt 0.876987 0.633852
vt 0.876678 0.632430
vt 0.923530 0.902974
vt 0.545071 0.705419
vt 0.865903 0.633832
vt 0.867324 0.632385
vt 0.915934 0.903919
vt 0.543023 0.705449
vt 0.544135 0.704176
vt 0.867634 0.633807
vt 0.934274 0.362822
vt 0.958499 0.125610
vt 0.934522 0.949657
vt 0.936067 0.362818
vt 0.935472 0.364162
vt 0.934098 0.951180
vt 0.957875 0.127287
vt 0.943951 0.362842
vt 0.942872 0.950102
vt 0.948657 0.297066
vt 0.944140 0.951489
vt 0.950464 0.297270
vt 0.942448 0.951624
vt 0.950715 0.124106
vt 0.934098 0.959870
vt 0.950091 0.125783
vt 0.549165 0.944364
vt 0.549761 0.943034
vt 0.948908 0.124310
vt 0.540085 0.943056
vt 0.958248 0.295767
vt 0.944140 0.960180
vt 0.541878 0.943060
vt 0.942448 0.960315
vt 0.541282 0.944389
vt 0.454263 0.959994
vt 0.934274 0.354018
vt 0.958499 0.117416
vt 0.455953 0.960131
vt 0.935472 0.352685
vt 0.936067 0.354015
vt 0.950464 0.289077
vt 0.943951 0.354039
vt 0.948657 0.288873
vt 0.943356 0.352709
vt 0.464309 0.959682
vt 0.949840 0.287400
vt 0.454263 0.951307
vt 0.950715 0.115912
vt 0.549761 0.934231
vt 0.948908 0.116116
vt 0.455532 0.949919
vt 0.455953 0.951444
vt 0.540085 0.934252
vt 0.958248 0.287573
vt 0.541282 0.932911
vt 0.957624 0.285896
vt 0.464309 0.950995
vt 0.463888 0.949469
vt 0.541878 0.934256
vt 0.344374 0.986261
vt 0.871064 0.984853
vt 0.342962 0.986323
vt 0.070335 0.978164
vt 0.872546 0.985028
vt 0.343179 0.985035
vt 0.078356 0.976915
vt 0.335095 0.986232
vt 0.211747 0.994550
vt 0.079523 0.978117
vt 0.212055 0.993127
vt 0.078021 0.978089
vt 0.335313 0.984943
vt 0.871064 0.992684
vt 0.872546 0.992859
vt 0.070335 0.986155
vt 0.666567 0.211278
vt 0.070670 0.987408
vt 0.871371 0.994111
vt 0.657288 0.211307
vt 0.212055 0.985290
vt 0.079523 0.986109
vt 0.078356 0.987334
vt 0.658700 0.211370
vt 0.078021 0.986081
vt 0.186357 0.987433
vt 0.344374 0.994240
vt 0.863328 0.985260
vt 0.187860 0.987405
vt 0.187525 0.988658
vt 0.342962 0.994303
vt 0.204321 0.992725
vt 0.195211 0.988733
vt 0.204012 0.994148
vt 0.335095 0.994211
vt 0.202838 0.992897
vt 0.195546 0.987480
vt 0.186357 0.979442
vt 0.863328 0.993092
vt 0.187525 0.978239
vt 0.863635 0.994518
vt 0.666567 0.203299
vt 0.666350 0.202010
vt 0.187860 0.979414
vt 0.657288 0.203328
vt 0.204320 0.984888
vt 0.658483 0.202102
vt 0.202837 0.985059
vt 0.195546 0.979488
vt 0.658700 0.203391
vt 0.910534 0.168797
vt 0.188525 0.902035
vt 0.953842 0.461929
vt 0.909159 0.170193
vt 0.186571 0.902059
vt 0.187621 0.900843
vt 0.908986 0.168694
vt 0.900105 0.170290
vt 0.960677 0.461945
vt 0.932870 0.127097
vt 0.962634 0.461944
vt 0.961595 0.463328
vt 0.933778 0.128637
vt 0.899931 0.168791
vt 0.910534 0.159704
vt 0.195442 0.903027
vt 0.962876 0.564731
vt 0.961838 0.566119
vt 0.908986 0.159601
vt 0.909159 0.158338
vt 0.960919 0.564731
vt 0.939764 0.126105
vt 0.954085 0.564744
vt 0.900105 0.158436
vt 0.941719 0.126129
vt 0.899931 0.159699
vt 0.940672 0.127646
vt 0.188525 0.911033
vt 0.187621 0.912575
vt 0.910513 0.332478
vt 0.953842 0.452803
vt 0.910340 0.331214
vt 0.186571 0.911057
vt 0.932870 0.118097
vt 0.899910 0.332483
vt 0.962634 0.452818
vt 0.901285 0.331116
vt 0.960677 0.452818
vt 0.961595 0.451429
vt 0.901458 0.332380
vt 0.962876 0.555605
vt 0.195442 0.912025
vt 0.960919 0.555604
vt 0.910340 0.343069
vt 0.961838 0.554221
vt 0.910513 0.341570
vt 0.194537 0.913567
vt 0.899910 0.341575
vt 0.939764 0.117105
vt 0.940672 0.115912
vt 0.901458 0.341472
vt 0.901285 0.342971
vt 0.954085 0.555618
vt 0.941719 0.117128
vt 0.920233 0.462031
vt 0.927982 0.618622
vt 0.908745 0.893811
vt 0.906865 0.893816
vt 0.907446 0.892385
vt 0.926014 0.618729
vt 0.898315 0.893793
vt 0.928823 0.564823
vt 0.927969 0.563115
vt 0.918152 0.617434
vt 0.898896 0.892363
vt 0.929961 0.563205
vt 0.927982 0.609563
vt 0.920233 0.453137
vt 0.926014 0.609670
vt 0.908477 0.126708
vt 0.926787 0.607991
vt 0.921087 0.451429
vt 0.898046 0.126726
vt 0.927969 0.554221
vt 0.918926 0.606697
vt 0.899925 0.126730
vt 0.899345 0.128145
vt 0.918152 0.608376
vt 0.929961 0.554310
vt 0.908745 0.903177
vt 0.927726 0.463792
vt 0.907446 0.904596
vt 0.929718 0.463703
vt 0.928790 0.410359
vt 0.928017 0.408683
vt 0.906865 0.903181
vt 0.918963 0.411531
vt 0.920477 0.564876
vt 0.921330 0.566583
vt 0.898315 0.903159
vt 0.920157 0.409960
vt 0.920931 0.411636
vt 0.927726 0.454897
vt 0.928580 0.453190
vt 0.908477 0.117342
vt 0.928790 0.419426
vt 0.907897 0.115912
vt 0.929718 0.454808
vt 0.918963 0.420598
vt 0.920477 0.555981
vt 0.898046 0.117360
vt 0.899345 0.115934
vt 0.920931 0.420703
vt 0.899925 0.117365
vt 0.003594 0.854660
vt 0.522505 0.689638
vt 0.005382 0.854524
vt 0.895883 0.545330
vt 0.005137 0.856239
vt 0.522505 0.687430
vt 0.887294 0.546662
vt 0.015538 0.854693
vt 0.682995 0.681343
vt 0.886151 0.545060
vt 0.681240 0.680247
vt 0.015294 0.856408
vt 0.888359 0.545057
vt 0.532569 0.689615
vt 0.895883 0.535055
vt 0.532569 0.687407
vt 0.844319 0.138569
vt 0.534324 0.688519
vt 0.671176 0.680224
vt 0.886152 0.534785
vt 0.856262 0.138536
vt 0.887294 0.533266
vt 0.854475 0.138399
vt 0.535817 0.681326
vt 0.534062 0.680214
vt 0.888359 0.534782
vt 0.895874 0.473058
vt 0.003594 0.844434
vt 0.523998 0.696987
vt 0.893667 0.473054
vt 0.681240 0.696997
vt 0.894730 0.471542
vt 0.682995 0.695884
vt 0.005382 0.844298
vt 0.679747 0.687595
vt 0.015538 0.844467
vt 0.681502 0.688691
vt 0.886132 0.473351
vt 0.679747 0.689804
vt 0.895874 0.483331
vt 0.534062 0.696964
vt 0.894730 0.484937
vt 0.535817 0.695868
vt 0.844319 0.148794
vt 0.844563 0.150510
vt 0.893667 0.483328
vt 0.669683 0.687572
vt 0.856262 0.148762
vt 0.854719 0.150340
vt 0.886132 0.483624
vt 0.669683 0.689781
vt 0.854475 0.148624
vt 0.773415 0.753065
vt 0.960517 0.735429
vt 0.773487 0.754956
vt 0.845485 0.959485
vt 0.771891 0.754138
vt 0.771976 0.762021
vt 0.408871 0.960789
vt 0.845885 0.949175
vt 0.410752 0.960766
vt 0.409971 0.962191
vt 0.770379 0.761203
vt 0.845485 0.950646
vt 0.771433 0.747680
vt 0.953270 0.735797
vt 0.952490 0.737064
vt 0.769908 0.748753
vt 0.853970 0.959748
vt 0.769939 0.152733
vt 0.855658 0.959659
vt 0.951389 0.735775
vt 0.768502 0.143758
vt 0.417997 0.961133
vt 0.854370 0.949438
vt 0.855658 0.950820
vt 0.768429 0.145648
vt 0.853970 0.950909
vt 0.211722 0.959559
vt 0.781942 0.753066
vt 0.960517 0.726569
vt 0.211323 0.958087
vt 0.213011 0.958176
vt 0.782014 0.754956
vt 0.410752 0.951906
vt 0.779022 0.138399
vt 0.213011 0.949337
vt 0.780502 0.762021
vt 0.408871 0.951929
vt 0.409971 0.950638
vt 0.780546 0.139475
vt 0.211323 0.949249
vt 0.203237 0.959822
vt 0.953270 0.726937
vt 0.951389 0.726914
vt 0.778462 0.152733
vt 0.952490 0.725512
vt 0.780060 0.151919
vt 0.202838 0.958350
vt 0.417997 0.952273
vt 0.777026 0.143758
vt 0.202838 0.949512
vt 0.778550 0.144834
vt 0.776953 0.145648
vt 0.388112 0.649167
vt 0.822137 0.645280
vt 0.872815 0.048239
vt 0.870579 0.048244
vt 0.410729 0.632277
vt 0.871591 0.046630
vt 0.408871 0.633536
vt 0.820062 0.645572
vt 0.862524 0.048098
vt 0.414699 0.638651
vt 0.414838 0.640878
vt 0.810404 0.644211
vt 0.412841 0.639910
vt 0.822137 0.635446
vt 0.385058 0.640879
vt 0.820062 0.635738
vt 0.862511 0.117619
vt 0.820670 0.633746
vt 0.385198 0.638651
vt 0.411785 0.649166
vt 0.872804 0.117478
vt 0.811013 0.632385
vt 0.870568 0.117473
vt 0.871580 0.115912
vt 0.409788 0.648198
vt 0.810404 0.634377
vt 0.872815 0.058693
vt 0.397290 0.649167
vt 0.871591 0.060258
vt 0.399287 0.648198
vt 0.811548 0.544967
vt 0.812159 0.546956
vt 0.870579 0.058697
vt 0.823277 0.543902
vt 0.424016 0.640878
vt 0.423877 0.638651
vt 0.862524 0.058551
vt 0.821811 0.545603
vt 0.821200 0.543614
vt 0.394236 0.640879
vt 0.862511 0.128072
vt 0.394376 0.638651
vt 0.811548 0.535121
vt 0.396233 0.639910
vt 0.420963 0.649166
vt 0.823277 0.534055
vt 0.872804 0.127931
vt 0.871580 0.129541
vt 0.400204 0.633536
vt 0.821200 0.533768
vt 0.398346 0.632277
vt 0.870568 0.127926
vt 0.136860 0.656883
vt 0.584018 0.687441
vt 0.853021 0.038148
vt 0.584017 0.689638
vt 0.582468 0.688553
vt 0.136860 0.654686
vt 0.853775 0.036176
vt 0.584041 0.696958
vt 0.844082 0.036124
vt 0.202838 0.663315
vt 0.489116 0.697431
vt 0.842724 0.034398
vt 0.202838 0.665512
vt 0.844836 0.034153
vt 0.584042 0.680300
vt 0.145246 0.656956
vt 0.853775 0.026837
vt 0.145246 0.654760
vt 0.489116 0.680773
vt 0.147149 0.655858
vt 0.489093 0.690292
vt 0.842724 0.025059
vt 0.151287 0.648553
vt 0.489093 0.688096
vt 0.490649 0.689180
vt 0.149385 0.647455
vt 0.844836 0.024813
vt 0.842424 0.320916
vt 0.594244 0.687441
vt 0.595801 0.688553
vt 0.844536 0.321162
vt 0.217263 0.657182
vt 0.215361 0.656083
vt 0.594244 0.689638
vt 0.478890 0.697431
vt 0.211099 0.665495
vt 0.594267 0.696958
vt 0.211099 0.663298
vt 0.853475 0.319139
vt 0.213001 0.664397
vt 0.149385 0.664113
vt 0.842424 0.311577
vt 0.594268 0.680300
vt 0.151287 0.663014
vt 0.478889 0.680773
vt 0.843782 0.309851
vt 0.844536 0.311823
vt 0.478866 0.690292
vt 0.215361 0.672742
vt 0.477317 0.689180
vt 0.217263 0.671644
vt 0.853475 0.309799
vt 0.478866 0.688096
vt 0.852721 0.307828
vt 0.232377 0.818325
vt 0.985984 0.417508
vt 0.233882 0.819193
vt 0.993580 0.799022
vt 0.232377 0.820065
vt 0.236917 0.824789
vt 0.992487 0.418072
vt 0.317080 0.825789
vt 0.985087 0.800232
vt 0.994210 0.418043
vt 0.993222 0.419180
vt 0.986791 0.800339
vt 0.235412 0.825661
vt 0.986632 0.513988
vt 0.225500 0.818207
vt 0.987619 0.512680
vt 0.225500 0.819947
vt 0.993580 0.791283
vt 0.992908 0.789800
vt 0.988355 0.514018
vt 0.323943 0.825679
vt 0.985087 0.792493
vt 0.986118 0.791117
vt 0.994857 0.513455
vt 0.325449 0.824811
vt 0.986791 0.792599
vt 0.994168 0.556913
vt 0.235412 0.812461
vt 0.992464 0.557020
vt 0.985984 0.409457
vt 0.993136 0.555538
vt 0.236917 0.813329
vt 0.314029 0.819935
vt 0.994210 0.409991
vt 0.986347 0.554221
vt 0.992487 0.410021
vt 0.993222 0.408683
vt 0.314029 0.818194
vt 0.985674 0.555703
vt 0.986632 0.522040
vt 0.994168 0.564653
vt 0.228535 0.812343
vt 0.988355 0.522069
vt 0.325449 0.813350
vt 0.987619 0.523177
vt 0.323943 0.812478
vt 0.992464 0.564759
vt 0.320892 0.819825
vt 0.320892 0.818084
vt 0.985674 0.563443
vt 0.994857 0.521506
vt 0.322398 0.818956
vt 0.893655 0.632385
vt 0.396270 0.712787
vt 0.396289 0.710689
vt 0.466303 0.696796
vt 0.397850 0.711864
vt 0.468132 0.695737
vt 0.894474 0.634190
vt 0.396880 0.704613
vt 0.462043 0.689535
vt 0.479182 0.704620
vt 0.462043 0.687424
vt 0.894474 0.643559
vt 0.463872 0.688475
vt 0.885426 0.634035
vt 0.348963 0.687791
vt 0.396734 0.720528
vt 0.886246 0.635840
vt 0.479329 0.720534
vt 0.884176 0.635708
vt 0.348963 0.689900
vt 0.466302 0.680793
vt 0.478717 0.712361
vt 0.478736 0.714459
vt 0.884176 0.645077
vt 0.477317 0.713284
vt 0.886246 0.645208
vt 0.468132 0.681844
vt 0.336924 0.680813
vt 0.386459 0.712787
vt 0.385058 0.711864
vt 0.335095 0.681863
vt 0.100182 0.894401
vt 0.102252 0.894269
vt 0.386478 0.710689
vt 0.488993 0.704620
vt 0.454262 0.687770
vt 0.101002 0.883227
vt 0.387069 0.704613
vt 0.102252 0.884900
vt 0.454262 0.689880
vt 0.100182 0.885032
vt 0.341190 0.687423
vt 0.386922 0.720528
vt 0.489141 0.720534
vt 0.341190 0.689533
vt 0.091954 0.892751
vt 0.339362 0.688473
vt 0.092773 0.881577
vt 0.488528 0.712361
vt 0.490108 0.713284
vt 0.335095 0.695753
vt 0.091954 0.883382
vt 0.488547 0.714459
vt 0.336924 0.696813
vt 0.990919 0.295598
vt 0.950815 0.094702
vt 0.960911 0.188373
vt 0.952060 0.093426
vt 0.962648 0.188437
vt 0.962030 0.189563
vt 0.952353 0.094694
vt 0.970018 0.187922
vt 0.960254 0.093443
vt 0.990899 0.118247
vt 0.989144 0.118342
vt 0.989804 0.116856
vt 0.960546 0.094711
vt 0.950815 0.103119
vt 0.983725 0.296549
vt 0.952353 0.103111
vt 0.186975 0.959651
vt 0.952060 0.104400
vt 0.186357 0.961060
vt 0.981968 0.296455
vt 0.195465 0.961509
vt 0.981933 0.117398
vt 0.193728 0.961573
vt 0.194345 0.960163
vt 0.960546 0.103128
vt 0.982593 0.115912
vt 0.960911 0.180023
vt 0.990919 0.287382
vt 0.314030 0.959400
vt 0.990255 0.285896
vt 0.962030 0.178677
vt 0.962648 0.180087
vt 0.989144 0.126558
vt 0.323761 0.959391
vt 0.322516 0.960672
vt 0.970018 0.179573
vt 0.990899 0.126463
vt 0.969400 0.178163
vt 0.322223 0.959383
vt 0.983725 0.288333
vt 0.186357 0.969410
vt 0.981968 0.288239
vt 0.314322 0.949715
vt 0.314030 0.950982
vt 0.983061 0.286847
vt 0.323761 0.950974
vt 0.981933 0.125615
vt 0.195465 0.969860
vt 0.194345 0.971050
vt 0.322223 0.950966
vt 0.322516 0.949698
vt 0.193728 0.969923
vt 0.300658 0.970813
vt 0.958043 0.046629
vt 0.487147 0.763942
vt 0.260434 0.750710
vt 0.298771 0.970825
vt 0.299650 0.969398
vt 0.958704 0.048314
vt 0.258841 0.749696
vt 0.292133 0.970281
vt 0.257231 0.756459
vt 0.255570 0.757333
vt 0.958704 0.056436
vt 0.255638 0.755446
vt 0.950382 0.048312
vt 0.479420 0.763942
vt 0.951043 0.049995
vt 0.972093 0.473323
vt 0.949219 0.049801
vt 0.477760 0.763068
vt 0.247844 0.757333
vt 0.980620 0.472791
vt 0.949219 0.057923
vt 0.978733 0.472779
vt 0.979612 0.471542
vt 0.247911 0.755446
vt 0.951043 0.058117
vt 0.300658 0.979582
vt 0.489907 0.757269
vt 0.299650 0.980831
vt 0.489840 0.755382
vt 0.950169 0.024813
vt 0.948347 0.025012
vt 0.298771 0.979594
vt 0.949513 0.034615
vt 0.258331 0.764006
vt 0.259991 0.763132
vt 0.292133 0.979050
vt 0.948347 0.033127
vt 0.950169 0.032928
vt 0.482181 0.757269
vt 0.972093 0.482092
vt 0.480520 0.756395
vt 0.957845 0.026493
vt 0.482113 0.755382
vt 0.957189 0.036294
vt 0.250604 0.764006
vt 0.980620 0.481560
vt 0.979612 0.482975
vt 0.478910 0.749632
vt 0.957845 0.034608
vt 0.477317 0.750646
vt 0.978733 0.481548
vt 0.990560 0.003594
vt 0.636214 0.859326
vt 0.510390 0.824855
vt 0.636214 0.857568
vt 0.637465 0.858477
vt 0.511912 0.823976
vt 0.991208 0.005168
vt 0.636256 0.851979
vt 0.506813 0.819054
vt 0.855558 0.178163
vt 0.506813 0.817295
vt 0.991208 0.012613
vt 0.508335 0.818174
vt 0.983568 0.005375
vt 0.636253 0.865314
vt 0.638337 0.824402
vt 0.984217 0.006949
vt 0.855561 0.191499
vt 0.982507 0.006776
vt 0.636814 0.825283
vt 0.510390 0.811512
vt 0.855520 0.184150
vt 0.855520 0.185908
vt 0.982507 0.014221
vt 0.854282 0.184999
vt 0.984217 0.014394
vt 0.511912 0.812391
vt 0.638337 0.812828
vt 0.628023 0.859326
vt 0.626785 0.858477
vt 0.636814 0.811951
vt 0.983827 0.138054
vt 0.982118 0.138230
vt 0.628023 0.857568
vt 0.500371 0.817305
vt 0.863749 0.178163
vt 0.983182 0.147066
vt 0.628064 0.851979
vt 0.982118 0.145666
vt 0.500371 0.819064
vt 0.983827 0.145490
vt 0.635121 0.818819
vt 0.628061 0.865314
vt 0.863752 0.191499
vt 0.633598 0.819700
vt 0.990832 0.139835
vt 0.633598 0.817942
vt 0.863711 0.184150
vt 0.990186 0.148847
vt 0.864961 0.184999
vt 0.990832 0.147271
vt 0.626785 0.817749
vt 0.626785 0.819507
vt 0.863711 0.185908
vt 0.721327 0.913957
vt 0.968432 0.759273
vt 0.719746 0.914084
vt 0.719987 0.912577
vt 0.954153 0.493366
vt 0.966516 0.759230
vt 0.962048 0.492126
vt 0.710927 0.913900
vt 0.974454 0.015188
vt 0.963120 0.493510
vt 0.975317 0.013622
vt 0.961209 0.493516
vt 0.711169 0.912393
vt 0.968432 0.750553
vt 0.954153 0.502323
vt 0.966516 0.750509
vt 0.836947 0.923860
vt 0.837189 0.922663
vt 0.967569 0.748986
vt 0.826789 0.922720
vt 0.975317 0.004901
vt 0.963120 0.502467
vt 0.962048 0.503805
vt 0.828371 0.922848
vt 0.961209 0.502473
vt 0.828129 0.924044
vt 0.954124 0.440300
vt 0.721327 0.922858
vt 0.975362 0.757967
vt 0.956034 0.440307
vt 0.719987 0.924182
vt 0.955197 0.441635
vt 0.719746 0.922985
vt 0.968387 0.012315
vt 0.710927 0.922801
vt 0.967524 0.013882
vt 0.711169 0.923998
vt 0.963099 0.440138
vt 0.966472 0.012359
vt 0.954124 0.431343
vt 0.975362 0.749246
vt 0.955197 0.429957
vt 0.974499 0.747680
vt 0.837189 0.913763
vt 0.836948 0.912256
vt 0.956034 0.431351
vt 0.968387 0.003595
vt 0.826789 0.913820
vt 0.963099 0.431182
vt 0.828129 0.912440
vt 0.966472 0.003638
vt 0.828371 0.913947
vt 0.634881 0.734095
vt 0.962301 0.790985
vt 0.634997 0.732168
vt 0.873619 0.941072
vt 0.636599 0.733262
vt 0.638218 0.726685
vt 0.955344 0.791216
vt 0.863328 0.941717
vt 0.213420 0.741387
vt 0.953407 0.791209
vt 0.954464 0.789800
vt 0.639820 0.727779
vt 0.865081 0.941968
vt 0.962170 0.642837
vt 0.637332 0.741296
vt 0.961112 0.644175
vt 0.639051 0.740463
vt 0.873619 0.932434
vt 0.873163 0.930735
vt 0.960234 0.642844
vt 0.215872 0.734186
vt 0.863328 0.933079
vt 0.953276 0.642612
vt 0.864625 0.931631
vt 0.215756 0.732260
vt 0.865081 0.933330
vt 0.845486 0.939647
vt 0.626785 0.734095
vt 0.847239 0.939400
vt 0.962301 0.800029
vt 0.846782 0.941096
vt 0.626902 0.732168
vt 0.953407 0.800253
vt 0.205325 0.741387
vt 0.855315 0.941986
vt 0.955344 0.800260
vt 0.954464 0.801591
vt 0.203606 0.740555
vt 0.855773 0.940290
vt 0.962170 0.633794
vt 0.845485 0.930999
vt 0.629237 0.741296
vt 0.960233 0.633801
vt 0.204440 0.726777
vt 0.961112 0.632385
vt 0.202838 0.727870
vt 0.847239 0.930752
vt 0.207777 0.734186
vt 0.855773 0.931642
vt 0.206058 0.733354
vt 0.953275 0.633568
vt 0.207660 0.732260
vt 0.940001 0.057539
vt 0.787962 0.170599
vt 0.649918 0.727109
vt 0.942030 0.057537
vt 0.940964 0.058955
vt 0.648308 0.728101
vt 0.787735 0.168969
vt 0.651249 0.734001
vt 0.942478 0.831567
vt 0.651249 0.736031
vt 0.787735 0.159617
vt 0.649639 0.734993
vt 0.797299 0.170378
vt 0.292133 0.735940
vt 0.932987 0.057425
vt 0.797072 0.168748
vt 0.798717 0.168924
vt 0.292133 0.733910
vt 0.935466 0.831681
vt 0.649918 0.742504
vt 0.293464 0.727017
vt 0.798717 0.159572
vt 0.933437 0.831679
vt 0.934502 0.830226
vt 0.797072 0.159396
vt 0.648308 0.741466
vt 0.302730 0.742473
vt 0.940001 0.048085
vt 0.940964 0.046630
vt 0.304340 0.741435
vt 0.907656 0.922987
vt 0.659184 0.727048
vt 0.909298 0.922807
vt 0.942030 0.048083
vt 0.660515 0.735971
vt 0.942478 0.841021
vt 0.907879 0.912005
vt 0.909298 0.913459
vt 0.660515 0.733941
vt 0.907656 0.913638
vt 0.301399 0.736000
vt 0.932987 0.047971
vt 0.301399 0.733970
vt 0.898315 0.922767
vt 0.303008 0.734962
vt 0.898538 0.911785
vt 0.935466 0.841135
vt 0.934502 0.842552
vt 0.304340 0.728070
vt 0.898315 0.913418
vt 0.302730 0.727077
vt 0.933437 0.841133
vt 0.807084 0.015324
vt 0.178882 0.842527
vt 0.863469 0.331116
vt 0.808897 0.015322
vt 0.808602 0.016872
vt 0.180801 0.842741
vt 0.863076 0.332746
vt 0.818893 0.015326
vt 0.873318 0.331263
vt 0.025880 0.843141
vt 0.874815 0.332829
vt 0.025446 0.844958
vt 0.872926 0.332892
vt 0.178882 0.852495
vt 0.180801 0.852710
vt 0.863076 0.342912
vt 0.807598 0.046634
vt 0.807302 0.048177
vt 0.179317 0.854312
vt 0.025446 0.854927
vt 0.874815 0.342997
vt 0.819112 0.048176
vt 0.817298 0.048173
vt 0.817594 0.046630
vt 0.872926 0.343059
vt 0.103694 0.862500
vt 0.807084 0.005141
vt 0.169108 0.843111
vt 0.101807 0.862434
vt 0.808602 0.003595
vt 0.808897 0.005138
vt 0.035220 0.845543
vt 0.818893 0.005142
vt 0.035654 0.843725
vt 0.091953 0.862589
vt 0.037139 0.845328
vt 0.818598 0.003598
vt 0.103694 0.872665
vt 0.169108 0.853079
vt 0.807302 0.058361
vt 0.169543 0.854897
vt 0.102198 0.874233
vt 0.101807 0.872599
vt 0.819112 0.058359
vt 0.035220 0.855511
vt 0.817594 0.059906
vt 0.037139 0.855296
vt 0.091953 0.872753
vt 0.817298 0.058356
vt 0.092344 0.874388
vt 0.815523 0.032400
vt 0.385292 0.961691
vt 0.270187 0.995193
vt 0.815329 0.030622
vt 0.385058 0.960491
vt 0.816803 0.031377
vt 0.815574 0.024813
vt 0.276073 0.994751
vt 0.808856 0.218559
vt 0.385292 0.950848
vt 0.277862 0.994751
vt 0.276968 0.996080
vt 0.385058 0.952174
vt 0.817049 0.025568
vt 0.393476 0.961769
vt 0.898315 0.986732
vt 0.817049 0.038294
vt 0.899209 0.985538
vt 0.393242 0.960569
vt 0.394719 0.960518
vt 0.900104 0.986732
vt 0.807326 0.224432
vt 0.393476 0.950926
vt 0.394719 0.952201
vt 0.905989 0.987176
vt 0.807131 0.226210
vt 0.806121 0.225178
vt 0.393242 0.952253
vt 0.778325 0.961619
vt 0.807341 0.033324
vt 0.806135 0.032583
vt 0.778092 0.960293
vt 0.270187 0.986890
vt 0.779568 0.960344
vt 0.807147 0.031547
vt 0.817037 0.219480
vt 0.778325 0.950777
vt 0.277862 0.986448
vt 0.276073 0.986448
vt 0.779568 0.952028
vt 0.276968 0.985254
vt 0.778091 0.951977
vt 0.898315 0.995035
vt 0.770142 0.961697
vt 0.808867 0.039218
vt 0.900104 0.995035
vt 0.815562 0.232961
vt 0.899209 0.996364
vt 0.817037 0.232209
vt 0.769908 0.960371
vt 0.770142 0.950855
vt 0.815507 0.225353
vt 0.816788 0.226378
vt 0.769908 0.952055
vt 0.905989 0.995479
vt 0.815313 0.227130
vt 0.912864 0.525304
vt 0.729788 0.224470
vt 0.729783 0.226504
vt 0.408871 0.710933
vt 0.728361 0.225606
vt 0.408871 0.712961
vt 0.910845 0.525445
vt 0.729918 0.233983
vt 0.416491 0.710148
vt 0.739489 0.301820
vt 0.418264 0.711155
vt 0.903072 0.523173
vt 0.416491 0.712177
vt 0.729959 0.218559
vt 0.912864 0.516616
vt 0.270187 0.713048
vt 0.910845 0.516757
vt 0.739448 0.286397
vt 0.911684 0.514951
vt 0.270187 0.711009
vt 0.739318 0.295911
vt 0.422314 0.718571
vt 0.903910 0.512680
vt 0.739313 0.293878
vt 0.740786 0.294775
vt 0.903072 0.514486
vt 0.420541 0.719592
vt 0.281798 0.719645
vt 0.739318 0.224470
vt 0.740786 0.225606
vt 0.283561 0.718608
vt 0.903259 0.462389
vt 0.904099 0.464192
vt 0.739313 0.226504
vt 0.729959 0.301820
vt 0.913044 0.460270
vt 0.422314 0.705217
vt 0.420541 0.704210
vt 0.739448 0.233983
vt 0.911865 0.461934
vt 0.911025 0.460131
vt 0.277351 0.712461
vt 0.739490 0.218559
vt 0.729918 0.286397
vt 0.277351 0.710422
vt 0.903259 0.453687
vt 0.279114 0.711424
vt 0.729788 0.295911
vt 0.913044 0.451568
vt 0.728361 0.294775
vt 0.283561 0.705186
vt 0.911025 0.451429
vt 0.729782 0.293878
vt 0.281798 0.704184
vt 0.839636 0.411986
vt 0.840542 0.410108
vt 0.799336 0.242814
vt 0.798815 0.241172
vt 0.842032 0.566452
vt 0.841869 0.411885
vt 0.789329 0.242896
vt 0.841980 0.504716
vt 0.830736 0.567341
vt 0.787288 0.242872
vt 0.832938 0.567444
vt 0.788808 0.241253
vt 0.839636 0.422257
vt 0.786883 0.220153
vt 0.788404 0.218559
vt 0.841869 0.422156
vt 0.842032 0.556054
vt 0.841211 0.554221
vt 0.788924 0.220129
vt 0.841980 0.494445
vt 0.830736 0.556942
vt 0.832117 0.555212
vt 0.798932 0.220211
vt 0.841075 0.492567
vt 0.832938 0.557045
vt 0.690184 0.842112
vt 0.830897 0.410561
vt 0.692387 0.842012
vt 0.799336 0.253390
vt 0.691566 0.843840
vt 0.831802 0.408683
vt 0.833240 0.506141
vt 0.787288 0.253447
vt 0.700659 0.844812
vt 0.789329 0.253471
vt 0.788808 0.255041
vt 0.831008 0.506040
vt 0.701480 0.842983
vt 0.786883 0.230728
vt 0.690184 0.831707
vt 0.830897 0.420832
vt 0.788924 0.230704
vt 0.788404 0.232347
vt 0.692387 0.831606
vt 0.833240 0.495870
vt 0.798411 0.232429
vt 0.831008 0.495769
vt 0.701480 0.832578
vt 0.832335 0.493992
vt 0.798932 0.230786
vt 0.638642 0.614293
vt 0.869072 0.525785
vt 0.640536 0.615249
vt 0.767971 0.365062
vt 0.768291 0.366637
vt 0.638891 0.616579
vt 0.870206 0.471542
vt 0.778468 0.365129
vt 0.871353 0.472991
vt 0.780382 0.365088
vt 0.640841 0.624034
vt 0.778788 0.366704
vt 0.869053 0.472992
vt 0.628119 0.615454
vt 0.869072 0.515184
vt 0.767971 0.377033
vt 0.628368 0.617740
vt 0.769566 0.375398
vt 0.626816 0.616763
vt 0.769886 0.377074
vt 0.871353 0.483593
vt 0.149005 0.640266
vt 0.870206 0.485364
vt 0.150903 0.639309
vt 0.780382 0.377007
vt 0.630318 0.625196
vt 0.869053 0.483594
vt 0.780062 0.375331
vt 0.638947 0.606697
vt 0.876663 0.524731
vt 0.140386 0.621764
vt 0.878962 0.524732
vt 0.768291 0.352684
vt 0.877810 0.526502
vt 0.767971 0.354361
vt 0.640841 0.607653
vt 0.780382 0.354387
vt 0.878943 0.474046
vt 0.138157 0.631511
vt 0.136860 0.630201
vt 0.778468 0.354427
vt 0.138407 0.629225
vt 0.778788 0.352751
vt 0.767971 0.387734
vt 0.876663 0.514129
vt 0.877810 0.512680
vt 0.769886 0.387775
vt 0.150903 0.622929
vt 0.769566 0.389350
vt 0.878962 0.514130
vt 0.878943 0.484648
vt 0.148674 0.632677
vt 0.148924 0.630390
vt 0.780062 0.389283
vt 0.780382 0.387708
vt 0.150572 0.631720
vt 0.052248 0.679181
vt 0.860965 0.036487
vt 0.050431 0.678173
vt 0.845485 0.873305
vt 0.052203 0.677033
vt 0.047895 0.671534
vt 0.869723 0.036287
vt 0.027690 0.686677
vt 0.855940 0.871680
vt 0.871792 0.036312
vt 0.870461 0.037862
vt 0.853831 0.871544
vt 0.049668 0.670395
vt 0.860665 0.309317
vt 0.061675 0.679181
vt 0.861995 0.307828
vt 0.061631 0.677033
vt 0.845485 0.882803
vt 0.846327 0.884648
vt 0.862733 0.309293
vt 0.855940 0.881178
vt 0.037117 0.686677
vt 0.038934 0.685669
vt 0.871492 0.309494
vt 0.854672 0.882888
vt 0.853831 0.881042
vt 0.500370 0.881453
vt 0.050004 0.686682
vt 0.502480 0.881319
vt 0.860965 0.026479
vt 0.501637 0.883162
vt 0.048187 0.685674
vt 0.871792 0.026303
vt 0.025446 0.679175
vt 0.509979 0.884904
vt 0.869723 0.026279
vt 0.870461 0.024813
vt 0.025490 0.677027
vt 0.510821 0.883062
vt 0.860665 0.319326
vt 0.500370 0.871943
vt 0.059431 0.686682
vt 0.862733 0.319301
vt 0.039226 0.671529
vt 0.861995 0.320876
vt 0.037453 0.670389
vt 0.502480 0.871809
vt 0.034873 0.679175
vt 0.034918 0.677027
vt 0.510821 0.873552
vt 0.871492 0.319503
vt 0.036690 0.678167
vt 0.335095 0.864276
vt 0.524246 0.673024
vt 0.325963 0.845262
vt 0.650083 0.656294
vt 0.337300 0.864295
vt 0.336360 0.865796
vt 0.648308 0.657563
vt 0.324025 0.845421
vt 0.345625 0.863945
vt 0.652452 0.662437
vt 0.652547 0.664640
vt 0.314029 0.845019
vt 0.650677 0.663707
vt 0.325963 0.834999
vt 0.522505 0.664668
vt 0.324024 0.835159
vt 0.799345 0.864281
vt 0.324445 0.833380
vt 0.522600 0.662465
vt 0.788813 0.863949
vt 0.650806 0.672997
vt 0.314450 0.832978
vt 0.791017 0.863931
vt 0.790078 0.865576
vt 0.314029 0.834757
vt 0.648936 0.672064
vt 0.335095 0.853921
vt 0.534193 0.673024
vt 0.336360 0.852295
vt 0.536063 0.672091
vt 0.532762 0.835900
vt 0.532339 0.834126
vt 0.337300 0.853939
vt 0.520830 0.836140
vt 0.662494 0.664640
vt 0.522348 0.834520
vt 0.662399 0.662437
vt 0.345625 0.853590
vt 0.522771 0.836295
vt 0.532451 0.664667
vt 0.799345 0.853926
vt 0.532547 0.662465
vt 0.532762 0.846168
vt 0.534322 0.663734
vt 0.660753 0.672997
vt 0.788813 0.853594
vt 0.520830 0.846407
vt 0.790078 0.852074
vt 0.522771 0.846562
vt 0.536690 0.657591
vt 0.534915 0.656322
vt 0.791017 0.853576
vt 0.818934 0.802630
vt 0.719288 0.894096
vt 0.720008 0.892683
vt 0.818899 0.801166
vt 0.690185 0.893510
vt 0.721278 0.894116
vt 0.820393 0.801170
vt 0.699317 0.892016
vt 0.818900 0.791556
vt 0.700598 0.893468
vt 0.837140 0.903731
vt 0.818935 0.790101
vt 0.820394 0.791561
vt 0.698617 0.893462
vt 0.719288 0.903700
vt 0.818826 0.703070
vt 0.721278 0.903720
vt 0.690185 0.903120
vt 0.820285 0.704530
vt 0.720008 0.905204
vt 0.818862 0.704525
vt 0.837140 0.894127
vt 0.700598 0.903078
vt 0.818827 0.715600
vt 0.699317 0.904545
vt 0.818863 0.714135
vt 0.820286 0.714140
vt 0.698617 0.903072
vt 0.637202 0.893457
vt 0.809327 0.802630
vt 0.710927 0.894265
vt 0.635221 0.893461
vt 0.807868 0.801171
vt 0.635921 0.891993
vt 0.809292 0.801166
vt 0.828779 0.903562
vt 0.809328 0.790101
vt 0.828060 0.905066
vt 0.809292 0.791556
vt 0.626785 0.893430
vt 0.826790 0.903582
vt 0.807868 0.791561
vt 0.809219 0.703070
vt 0.637202 0.903067
vt 0.710927 0.903869
vt 0.635921 0.904522
vt 0.809255 0.704525
vt 0.807760 0.704530
vt 0.635221 0.903071
vt 0.809220 0.715600
vt 0.828779 0.893958
vt 0.807760 0.714140
vt 0.826790 0.893978
vt 0.626785 0.903040
vt 0.828060 0.892545
vt 0.809255 0.714135
vt 0.180190 0.714491
vt 0.889163 0.579141
vt 0.202838 0.710728
vt 0.202838 0.712805
vt 0.713127 0.656294
vt 0.890381 0.577456
vt 0.891205 0.579329
vt 0.898398 0.574872
vt 0.713210 0.663040
vt 0.467856 0.705007
vt 0.713210 0.665119
vt 0.711727 0.664094
vt 0.466064 0.703986
vt 0.899222 0.576746
vt 0.889163 0.587653
vt 0.180271 0.721435
vt 0.181728 0.722460
vt 0.891205 0.587841
vt 0.454263 0.710903
vt 0.454263 0.712974
vt 0.180270 0.723515
vt 0.713130 0.672061
vt 0.464457 0.712337
vt 0.180187 0.730258
vt 0.462664 0.713388
vt 0.899222 0.585258
vt 0.462664 0.711316
vt 0.209999 0.710471
vt 0.170511 0.714491
vt 0.896208 0.494709
vt 0.211786 0.711501
vt 0.722807 0.656294
vt 0.209999 0.712549
vt 0.886132 0.492318
vt 0.722890 0.665119
vt 0.214604 0.719588
vt 0.722889 0.663040
vt 0.724347 0.664094
vt 0.888173 0.492126
vt 0.216392 0.718540
vt 0.214604 0.703831
vt 0.170591 0.721435
vt 0.170591 0.723515
vt 0.895388 0.505084
vt 0.169108 0.722460
vt 0.896208 0.503209
vt 0.216392 0.704861
vt 0.722809 0.672061
vt 0.886132 0.500818
vt 0.467856 0.718645
vt 0.888173 0.500627
vt 0.170508 0.730258
vt 0.466064 0.719696
vt 0.887353 0.502502
vt 0.249261 0.834712
vt 0.870969 0.856617
vt 0.648308 0.994634
vt 0.872295 0.857664
vt 0.247844 0.835670
vt 0.870768 0.858317
vt 0.873587 0.863886
vt 0.654806 0.994353
vt 0.854168 0.016571
vt 0.866418 0.843788
vt 0.656500 0.994370
vt 0.655513 0.995624
vt 0.872059 0.864540
vt 0.855631 0.015694
vt 0.863529 0.855948
vt 0.314029 0.986278
vt 0.315016 0.985109
vt 0.863328 0.857648
vt 0.855631 0.004429
vt 0.854168 0.003595
vt 0.315723 0.986261
vt 0.873858 0.843120
vt 0.850139 0.010616
vt 0.850139 0.008905
vt 0.322221 0.986544
vt 0.864620 0.863871
vt 0.851602 0.009739
vt 0.251995 0.839619
vt 0.873587 0.851646
vt 0.252087 0.841322
vt 0.648308 0.986656
vt 0.250578 0.840577
vt 0.656500 0.986392
vt 0.863800 0.838817
vt 0.248451 0.846886
vt 0.654806 0.986375
vt 0.655513 0.985223
vt 0.863598 0.837117
vt 0.249961 0.847631
vt 0.314029 0.994255
vt 0.259197 0.839619
vt 0.866147 0.850977
vt 0.315723 0.994238
vt 0.873858 0.830879
vt 0.315016 0.995510
vt 0.872330 0.830226
vt 0.259290 0.841322
vt 0.844534 0.011080
vt 0.871240 0.838149
vt 0.257163 0.847631
vt 0.871038 0.836449
vt 0.872566 0.837102
vt 0.322221 0.994521
vt 0.844534 0.009368
vt 0.204319 0.696642
vt 0.179460 0.651938
vt 0.177549 0.653038
vt 0.127369 0.688694
vt 0.742414 0.833674
vt 0.177549 0.650836
vt 0.169108 0.653483
vt 0.127479 0.681872
vt 0.741732 0.845250
vt 0.127481 0.679669
vt 0.129025 0.680705
vt 0.169108 0.651282
vt 0.742414 0.843295
vt 0.183605 0.645146
vt 0.204415 0.688954
vt 0.202838 0.687918
vt 0.181694 0.644044
vt 0.733171 0.832096
vt 0.731085 0.832350
vt 0.204413 0.686751
vt 0.662779 0.641885
vt 0.127383 0.671983
vt 0.732489 0.843672
vt 0.731085 0.841970
vt 0.204304 0.679932
vt 0.662779 0.639680
vt 0.733171 0.841717
vt 0.501774 0.833623
vt 0.183605 0.659637
vt 0.214594 0.696642
vt 0.502457 0.835578
vt 0.117094 0.688694
vt 0.500371 0.835324
vt 0.181694 0.660737
vt 0.117206 0.679669
vt 0.650216 0.649105
vt 0.500371 0.844945
vt 0.117204 0.681872
vt 0.115628 0.680705
vt 0.502457 0.845199
vt 0.648308 0.647997
vt 0.511017 0.832045
vt 0.214690 0.688954
vt 0.214689 0.686751
vt 0.650216 0.632385
vt 0.216235 0.687918
vt 0.648308 0.633482
vt 0.511700 0.833999
vt 0.117108 0.671983
vt 0.654043 0.642149
vt 0.511700 0.843620
vt 0.652135 0.641042
vt 0.214580 0.679932
vt 0.654043 0.639945
vt 0.270496 0.924494
vt 0.937069 0.657701
vt 0.739279 0.041321
vt 0.935057 0.657703
vt 0.936116 0.656294
vt 0.270187 0.922825
vt 0.740934 0.040350
vt 0.737533 0.034460
vt 0.935171 0.617583
vt 0.737552 0.032447
vt 0.270187 0.913627
vt 0.739188 0.033489
vt 0.944038 0.657802
vt 0.279651 0.924096
vt 0.741042 0.077363
vt 0.279342 0.922428
vt 0.281042 0.922639
vt 0.741061 0.079376
vt 0.739426 0.026052
vt 0.942138 0.617482
vt 0.944150 0.617483
vt 0.739315 0.086237
vt 0.281042 0.913440
vt 0.943092 0.618923
vt 0.279342 0.913229
vt 0.741061 0.027095
vt 0.730146 0.070968
vt 0.937069 0.667079
vt 0.936116 0.668520
vt 0.728511 0.072011
vt 0.323191 0.923983
vt 0.730257 0.041321
vt 0.324887 0.923769
vt 0.935057 0.667081
vt 0.728530 0.032447
vt 0.935171 0.608206
vt 0.323496 0.913118
vt 0.324887 0.914574
vt 0.728511 0.034460
vt 0.323191 0.914789
vt 0.732020 0.077363
vt 0.944038 0.667180
vt 0.732039 0.079376
vt 0.314030 0.923587
vt 0.730384 0.078405
vt 0.942138 0.608104
vt 0.314335 0.912721
vt 0.943092 0.606697
vt 0.314030 0.914393
vt 0.728638 0.085266
vt 0.730293 0.086237
vt 0.944150 0.608106
vt 0.788813 0.976615
vt 0.984282 0.167766
vt 0.212193 0.976483
vt 0.211002 0.977699
vt 0.790216 0.976624
vt 0.210679 0.976527
vt 0.790033 0.977848
vt 0.798251 0.976614
vt 0.992832 0.977551
vt 0.992481 0.976150
vt 0.202838 0.976418
vt 0.798068 0.977837
vt 0.994015 0.976277
vt 0.212193 0.968369
vt 0.984282 0.159743
vt 0.210679 0.968414
vt 0.731085 0.968447
vt 0.211002 0.967120
vt 0.984634 0.158338
vt 0.740523 0.968449
vt 0.992481 0.968122
vt 0.203161 0.967011
vt 0.739120 0.968457
vt 0.739303 0.967213
vt 0.994015 0.968250
vt 0.202838 0.968305
vt 0.788813 0.968492
vt 0.992068 0.168130
vt 0.790033 0.967256
vt 0.993603 0.168000
vt 0.509726 0.968336
vt 0.509403 0.967042
vt 0.790216 0.968501
vt 0.984693 0.976505
vt 0.500370 0.968400
vt 0.501561 0.967151
vt 0.798251 0.968490
vt 0.985044 0.977906
vt 0.501884 0.968445
vt 0.992068 0.160107
vt 0.992421 0.158703
vt 0.731085 0.976571
vt 0.509726 0.976449
vt 0.731268 0.977794
vt 0.993603 0.159977
vt 0.984693 0.968477
vt 0.500370 0.976514
vt 0.740523 0.976573
vt 0.739303 0.977805
vt 0.501884 0.976558
vt 0.501561 0.977729
vt 0.739120 0.976581
vt 0.056628 0.962435
vt 0.876156 0.666775
vt 0.976186 0.385122
vt 0.874782 0.668144
vt 0.054683 0.962432
vt 0.055597 0.961080
vt 0.874676 0.666855
vt 0.047895 0.962581
vt 0.865736 0.668100
vt 0.195631 0.882672
vt 0.864362 0.666718
vt 0.193684 0.882683
vt 0.194611 0.881197
vt 0.865630 0.666811
vt 0.876156 0.657720
vt 0.969494 0.385829
vt 0.968564 0.387081
vt 0.874676 0.657800
vt 0.962800 0.200022
vt 0.874782 0.656338
vt 0.967547 0.385820
vt 0.186969 0.881982
vt 0.864362 0.657663
vt 0.971535 0.200166
vt 0.969589 0.200169
vt 0.865736 0.656294
vt 0.970503 0.198766
vt 0.865630 0.657756
vt 0.003595 0.874078
vt 0.056628 0.971505
vt 0.976186 0.376110
vt 0.055597 0.972906
vt 0.004863 0.873985
vt 0.004969 0.875447
vt 0.054683 0.971503
vt 0.015389 0.874021
vt 0.193684 0.891696
vt 0.195631 0.891685
vt 0.047895 0.971651
vt 0.014015 0.875403
vt 0.194611 0.892948
vt 0.013909 0.873941
vt 0.003595 0.865023
vt 0.969494 0.376818
vt 0.962800 0.209092
vt 0.967547 0.376808
vt 0.004969 0.863641
vt 0.968564 0.375331
vt 0.004863 0.864930
vt 0.186969 0.890995
vt 0.971535 0.209236
vt 0.015389 0.864966
vt 0.970503 0.210592
vt 0.013909 0.864886
vt 0.969589 0.209239
vt 0.014015 0.863597
vt 0.887819 0.027599
vt 0.836969 0.072536
vt 0.888502 0.025829
vt 0.873654 0.014884
vt 0.889844 0.027450
vt 0.836637 0.071175
vt 0.864157 0.016514
vt 0.827295 0.072329
vt 0.357832 0.877525
vt 0.862820 0.015036
vt 0.825495 0.072436
vt 0.864851 0.015061
vt 0.826964 0.070968
vt 0.003595 0.825768
vt 0.887819 0.037260
vt 0.873654 0.004974
vt 0.889844 0.037111
vt 0.005064 0.824237
vt 0.005396 0.825875
vt 0.862820 0.005127
vt 0.357832 0.887177
vt 0.864157 0.003595
vt 0.358517 0.888951
vt 0.015069 0.825669
vt 0.014737 0.824030
vt 0.864851 0.005152
vt 0.863059 0.252559
vt 0.878981 0.026584
vt 0.865089 0.252534
vt 0.836637 0.084046
vt 0.864396 0.254091
vt 0.836969 0.082407
vt 0.879664 0.024813
vt 0.366666 0.876492
vt 0.825495 0.082309
vt 0.827295 0.082201
vt 0.826964 0.083839
vt 0.873892 0.252712
vt 0.368692 0.876642
vt 0.003595 0.835640
vt 0.863059 0.242650
vt 0.878981 0.036244
vt 0.864396 0.241172
vt 0.005396 0.835748
vt 0.005064 0.837109
vt 0.865089 0.242625
vt 0.366666 0.886144
vt 0.873892 0.242803
vt 0.014737 0.836902
vt 0.368692 0.886295
vt 0.015069 0.835541
vt 0.367351 0.887918
vt 0.100768 0.653850
vt 0.650234 0.696899
vt 0.249090 0.680159
vt 0.102675 0.654941
vt 0.829327 0.643863
vt 0.100768 0.656052
vt 0.106411 0.661762
vt 0.249466 0.687835
vt 0.829986 0.632384
vt 0.249459 0.690039
vt 0.247844 0.688873
vt 0.104504 0.662873
vt 0.829327 0.634368
vt 0.091954 0.653486
vt 0.649809 0.690067
vt 0.648308 0.688901
vt 0.091954 0.655688
vt 0.838642 0.645524
vt 0.840716 0.645235
vt 0.649802 0.687863
vt 0.249037 0.696872
vt 0.839301 0.634046
vt 0.025446 0.653800
vt 0.025446 0.655997
vt 0.650180 0.680186
vt 0.840716 0.635740
vt 0.838642 0.636029
vt 0.838633 0.618169
vt 0.104504 0.646171
vt 0.660495 0.696899
vt 0.837979 0.616183
vt 0.259352 0.680159
vt 0.840051 0.616477
vt 0.106411 0.647262
vt 0.038029 0.646542
vt 0.259721 0.690039
vt 0.840051 0.606990
vt 0.259728 0.687835
vt 0.261222 0.688873
vt 0.039941 0.647636
vt 0.837979 0.606697
vt 0.829303 0.619826
vt 0.660070 0.690067
vt 0.660063 0.687863
vt 0.038029 0.663200
vt 0.661686 0.688901
vt 0.039941 0.662098
vt 0.828649 0.617840
vt 0.259298 0.696872
vt 0.033966 0.654373
vt 0.035877 0.655467
vt 0.828649 0.608354
vt 0.660441 0.680186
vt 0.033966 0.656569
vt 0.918170 0.986596
vt 0.970309 0.501844
vt 0.916487 0.986523
vt 0.993782 0.352799
vt 0.917590 0.985209
vt 0.970921 0.503202
vt 0.977456 0.501398
vt 0.994828 0.430495
vt 0.993544 0.362314
vt 0.979154 0.501451
vt 0.993782 0.360981
vt 0.978068 0.502757
vt 0.925430 0.986067
vt 0.970931 0.534436
vt 0.972017 0.533266
vt 0.924849 0.984680
vt 0.985729 0.352685
vt 0.984268 0.352757
vt 0.972629 0.534384
vt 0.985491 0.362199
vt 0.987582 0.429957
vt 0.984268 0.360939
vt 0.985897 0.430029
vt 0.979775 0.534831
vt 0.985729 0.360867
vt 0.985404 0.949772
vt 0.918170 0.994721
vt 0.985641 0.951104
vt 0.970309 0.493690
vt 0.984180 0.951032
vt 0.916487 0.994648
vt 0.994828 0.438618
vt 0.979154 0.493297
vt 0.984180 0.959214
vt 0.977456 0.493245
vt 0.978068 0.492126
vt 0.994244 0.440006
vt 0.985641 0.959286
vt 0.970931 0.542590
vt 0.993457 0.949657
vt 0.925430 0.994192
vt 0.972629 0.542537
vt 0.972017 0.543896
vt 0.993695 0.950990
vt 0.987582 0.438081
vt 0.986998 0.439469
vt 0.993695 0.959172
vt 0.979163 0.544343
vt 0.979775 0.542984
vt 0.985897 0.438153
vt 0.983225 0.242544
vt 0.115896 0.980448
vt 0.966623 0.271795
vt 0.114313 0.980589
vt 0.984467 0.241279
vt 0.984640 0.242645
vt 0.992643 0.241172
vt 0.974399 0.271973
vt 0.982146 0.859563
vt 0.976001 0.271924
vt 0.974820 0.273149
vt 0.992816 0.242537
vt 0.982542 0.861007
vt 0.983225 0.250763
vt 0.976022 0.819282
vt 0.123737 0.980904
vt 0.984640 0.250863
vt 0.974841 0.820560
vt 0.974420 0.819234
vt 0.989977 0.859104
vt 0.966645 0.819411
vt 0.991563 0.859243
vt 0.992816 0.250756
vt 0.990374 0.860548
vt 0.967066 0.820737
vt 0.115896 0.988574
vt 0.983190 0.271814
vt 0.115504 0.990018
vt 0.967044 0.262230
vt 0.966623 0.263557
vt 0.114313 0.988715
vt 0.982146 0.851437
vt 0.992782 0.271821
vt 0.976001 0.263686
vt 0.974399 0.263735
vt 0.974820 0.262408
vt 0.991366 0.271921
vt 0.976022 0.811044
vt 0.123737 0.989029
vt 0.974420 0.810996
vt 0.983364 0.262230
vt 0.974841 0.809819
vt 0.983190 0.263595
vt 0.123345 0.990474
vt 0.989977 0.850977
vt 0.992782 0.263602
vt 0.991366 0.263703
vt 0.991540 0.262338
vt 0.966645 0.811172
vt 0.991563 0.851117
vt 0.909053 0.072374
vt 0.058380 0.916988
vt 0.769908 0.885501
vt 0.771785 0.885514
vt 0.771271 0.886950
vt 0.056418 0.917096
vt 0.780755 0.885465
vt 0.907698 0.014513
vt 0.906984 0.012744
vt 0.047895 0.916346
vt 0.780241 0.886902
vt 0.908967 0.012910
vt 0.058380 0.907541
vt 0.909053 0.081523
vt 0.056418 0.907648
vt 0.292132 0.875653
vt 0.057086 0.905992
vt 0.908339 0.083292
vt 0.302980 0.875689
vt 0.906984 0.003595
vt 0.048562 0.905243
vt 0.301104 0.875701
vt 0.301618 0.874225
vt 0.047895 0.906899
vt 0.908967 0.003760
vt 0.769908 0.875914
vt 0.900697 0.070968
vt 0.771271 0.874451
vt 0.898714 0.071134
vt 0.818351 0.911304
vt 0.817684 0.909652
vt 0.771785 0.875926
vt 0.807868 0.911934
vt 0.898628 0.014150
vt 0.899342 0.015919
vt 0.780755 0.875878
vt 0.809162 0.910386
vt 0.809830 0.912038
vt 0.900697 0.080118
vt 0.899983 0.081887
vt 0.292132 0.885240
vt 0.818351 0.920758
vt 0.292646 0.886676
vt 0.898714 0.080284
vt 0.898628 0.005000
vt 0.807868 0.921387
vt 0.302980 0.885276
vt 0.301618 0.886725
vt 0.809830 0.921492
vt 0.301104 0.885288
vt 0.891454 0.056615
vt 0.876298 0.198766
vt 0.889994 0.058158
vt 0.742034 0.853987
vt 0.874272 0.198938
vt 0.889618 0.056486
vt 0.880380 0.058455
vt 0.733099 0.853929
vt 0.761533 0.874450
vt 0.731085 0.853938
vt 0.732442 0.852439
vt 0.760852 0.872645
vt 0.880004 0.056783
vt 0.891454 0.046760
vt 0.885154 0.199929
vt 0.750651 0.854030
vt 0.889618 0.046629
vt 0.752007 0.852514
vt 0.752665 0.854040
vt 0.752677 0.875614
vt 0.761599 0.853981
vt 0.750650 0.875442
vt 0.760942 0.852455
vt 0.880004 0.046926
vt 0.751996 0.873809
vt 0.876298 0.208354
vt 0.875617 0.210159
vt 0.878969 0.230088
vt 0.741377 0.865439
vt 0.742034 0.863913
vt 0.874272 0.208526
vt 0.731085 0.863865
vt 0.761533 0.884038
vt 0.890423 0.230256
vt 0.733099 0.863855
vt 0.732442 0.865381
vt 0.888589 0.230390
vt 0.750650 0.863957
vt 0.885154 0.209517
vt 0.752665 0.863967
vt 0.879342 0.218559
vt 0.752007 0.865456
vt 0.878969 0.220235
vt 0.884473 0.211322
vt 0.752677 0.885202
vt 0.890423 0.220403
vt 0.888589 0.220537
vt 0.761599 0.863908
vt 0.750650 0.885030
vt 0.888962 0.218861
vt 0.969660 0.094653
vt 0.750047 0.323687
vt 0.758313 0.389996
vt 0.769908 0.943436
vt 0.967736 0.094666
vt 0.968754 0.093426
vt 0.771681 0.943588
vt 0.748416 0.322717
vt 0.769908 0.934645
vt 0.760782 0.383568
vt 0.976400 0.680964
vt 0.771173 0.933208
vt 0.760782 0.381641
vt 0.771681 0.934797
vt 0.752515 0.317449
vt 0.976363 0.095391
vt 0.780009 0.942919
vt 0.750884 0.316479
vt 0.752515 0.315522
vt 0.969698 0.681702
vt 0.779502 0.932539
vt 0.750047 0.309072
vt 0.967774 0.681688
vt 0.968792 0.680223
vt 0.780009 0.934128
vt 0.748417 0.310029
vt 0.418465 0.943449
vt 0.969660 0.103557
vt 0.968754 0.105035
vt 0.418972 0.941861
vt 0.748417 0.388988
vt 0.750048 0.389946
vt 0.967736 0.103570
vt 0.976400 0.689868
vt 0.752517 0.381591
vt 0.752517 0.383518
vt 0.418972 0.933070
vt 0.750886 0.382560
vt 0.760781 0.317386
vt 0.410136 0.942780
vt 0.976363 0.104295
vt 0.760781 0.315459
vt 0.408871 0.941344
vt 0.410643 0.941192
vt 0.750047 0.375331
vt 0.969698 0.690606
vt 0.968792 0.691833
vt 0.410643 0.932401
vt 0.748416 0.376300
vt 0.758314 0.309009
vt 0.967774 0.690592
vt 0.408871 0.932553
vt 0.347546 0.649643
vt 0.302723 0.826956
vt 0.281782 0.792930
vt 0.279599 0.792959
vt 0.357832 0.648562
vt 0.280352 0.791284
vt 0.359718 0.649710
vt 0.300452 0.827048
vt 0.270187 0.792749
vt 0.360111 0.641106
vt 0.361996 0.639969
vt 0.292132 0.824686
vt 0.361996 0.642254
vt 0.302723 0.817016
vt 0.337407 0.649614
vt 0.300452 0.817107
vt 0.781505 0.803205
vt 0.301459 0.815147
vt 0.335521 0.648477
vt 0.769908 0.803385
vt 0.372135 0.639939
vt 0.293139 0.812786
vt 0.772091 0.803414
vt 0.771338 0.804968
vt 0.292132 0.814746
vt 0.372135 0.642224
vt 0.281782 0.803558
vt 0.349824 0.642055
vt 0.280352 0.805141
vt 0.349824 0.639770
vt 0.541438 0.826266
vt 0.542446 0.828223
vt 0.279599 0.803587
vt 0.552025 0.824017
vt 0.359718 0.632381
vt 0.550762 0.825884
vt 0.357832 0.633518
vt 0.270187 0.803378
vt 0.549755 0.823927
vt 0.339686 0.642026
vt 0.781505 0.792576
vt 0.337800 0.640889
vt 0.541438 0.816312
vt 0.339685 0.639741
vt 0.369856 0.632351
vt 0.769908 0.792757
vt 0.552025 0.814062
vt 0.771338 0.791111
vt 0.337407 0.632285
vt 0.549755 0.813972
vt 0.772091 0.792786
vt 0.335521 0.633433
vt 0.943046 0.249511
vt 0.749860 0.115962
vt 0.941908 0.251059
vt 0.950186 0.921762
vt 0.748220 0.116921
vt 0.941161 0.249352
vt 0.934419 0.253072
vt 0.957525 0.922165
vt 0.747976 0.247585
vt 0.959422 0.922139
vt 0.958307 0.923435
vt 0.933671 0.251365
vt 0.747976 0.249511
vt 0.757990 0.115912
vt 0.943046 0.241332
vt 0.959469 0.251404
vt 0.958355 0.252822
vt 0.941161 0.241172
vt 0.758774 0.255822
vt 0.760414 0.254855
vt 0.957573 0.251378
vt 0.756105 0.247635
vt 0.950235 0.251781
vt 0.757746 0.248594
vt 0.933671 0.243185
vt 0.756105 0.249561
vt 0.752528 0.122375
vt 0.943009 0.264248
vt 0.752528 0.124300
vt 0.950186 0.912827
vt 0.750888 0.123334
vt 0.959422 0.913204
vt 0.750644 0.241172
vt 0.933622 0.262393
vt 0.748220 0.129595
vt 0.957525 0.913230
vt 0.958307 0.911785
vt 0.935507 0.262230
vt 0.749860 0.130562
vt 0.959469 0.242468
vt 0.760658 0.122326
vt 0.957573 0.242442
vt 0.942264 0.274127
vt 0.958355 0.241172
vt 0.943009 0.272417
vt 0.760658 0.124251
vt 0.933622 0.270561
vt 0.758774 0.241222
vt 0.935507 0.270399
vt 0.950235 0.242845
vt 0.760414 0.242181
vt 0.934762 0.272109
vt 0.883197 0.736692
vt 0.693367 0.622354
vt 0.902825 0.210646
vt 0.885237 0.736653
vt 0.884472 0.738232
vt 0.691514 0.621519
vt 0.903372 0.208973
vt 0.893627 0.737038
vt 0.893726 0.210118
vt 0.690342 0.685722
vt 0.892344 0.208568
vt 0.690184 0.687787
vt 0.894273 0.208445
vt 0.695562 0.614260
vt 0.903372 0.199294
vt 0.693709 0.613425
vt 0.883345 0.658065
vt 0.695405 0.612195
vt 0.692379 0.695881
vt 0.892344 0.198888
vt 0.893774 0.657717
vt 0.692174 0.606697
vt 0.891735 0.657678
vt 0.892500 0.656294
vt 0.894273 0.198766
vt 0.690478 0.607926
vt 0.901425 0.178288
vt 0.883198 0.726935
vt 0.702339 0.622354
vt 0.884472 0.725512
vt 0.899498 0.178163
vt 0.704241 0.681453
vt 0.702545 0.680224
vt 0.885237 0.726896
vt 0.699156 0.687787
vt 0.893627 0.727282
vt 0.699313 0.685722
vt 0.890390 0.178697
vt 0.701010 0.686952
vt 0.901425 0.187963
vt 0.704534 0.614260
vt 0.883345 0.667821
vt 0.704376 0.612195
vt 0.900041 0.189514
vt 0.899498 0.187838
vt 0.893774 0.667473
vt 0.701351 0.695881
vt 0.892500 0.669014
vt 0.703205 0.695046
vt 0.890390 0.188372
vt 0.890933 0.190049
vt 0.891735 0.667434
vt 0.393271 0.756509
vt 0.091954 0.968455
vt 0.393405 0.754634
vt 0.592672 0.943423
vt 0.394943 0.755748
vt 0.396201 0.749626
vt 0.099053 0.968156
vt 0.280958 0.762897
vt 0.582468 0.943818
vt 0.100942 0.968171
vt 0.099864 0.969563
vt 0.584138 0.944053
vt 0.397738 0.750741
vt 0.145850 0.967589
vt 0.395179 0.763845
vt 0.144771 0.968890
vt 0.396851 0.763085
vt 0.592672 0.934835
vt 0.592297 0.933200
vt 0.143960 0.967604
vt 0.582468 0.935230
vt 0.282867 0.755561
vt 0.583764 0.933830
vt 0.282732 0.753685
vt 0.136860 0.967303
vt 0.584138 0.935466
vt 0.946181 0.410709
vt 0.385058 0.756509
vt 0.944509 0.410941
vt 0.091954 0.959587
vt 0.944885 0.409308
vt 0.385193 0.754634
vt 0.272746 0.762897
vt 0.100942 0.959302
vt 0.099053 0.959287
vt 0.936356 0.408683
vt 0.099864 0.958001
vt 0.935979 0.410315
vt 0.271074 0.762136
vt 0.145850 0.958721
vt 0.946181 0.419304
vt 0.386967 0.763845
vt 0.143960 0.958736
vt 0.271724 0.748678
vt 0.144771 0.957328
vt 0.270187 0.749792
vt 0.944509 0.419536
vt 0.274654 0.755561
vt 0.935979 0.418911
vt 0.272982 0.754800
vt 0.136860 0.958435
vt 0.274520 0.753685
vt 0.992879 0.384948
vt 0.850426 0.560089
vt 0.850427 0.561850
vt 0.855610 0.738867
vt 0.849221 0.560958
vt 0.857025 0.737987
vt 0.991414 0.385100
vt 0.850689 0.567575
vt 0.854267 0.733061
vt 0.858919 0.464783
vt 0.854267 0.731300
vt 0.983376 0.384849
vt 0.855682 0.732182
vt 0.992879 0.376850
vt 0.850681 0.554221
vt 0.860401 0.420391
vt 0.991414 0.377002
vt 0.858926 0.451429
vt 0.991659 0.375582
vt 0.858905 0.421320
vt 0.855610 0.725512
vt 0.858662 0.458917
vt 0.858663 0.457156
vt 0.983621 0.375331
vt 0.859946 0.458047
vt 0.983376 0.376751
vt 0.857025 0.726393
vt 0.860401 0.409420
vt 0.858615 0.560089
vt 0.859899 0.560958
vt 0.858905 0.408683
vt 0.992987 0.608113
vt 0.992739 0.606697
vt 0.858616 0.561850
vt 0.850729 0.464783
vt 0.983485 0.608214
vt 0.846292 0.731303
vt 0.846292 0.733064
vt 0.858878 0.567575
vt 0.984705 0.606945
vt 0.984953 0.608362
vt 0.856193 0.413615
vt 0.858871 0.554221
vt 0.850736 0.451429
vt 0.854698 0.414545
vt 0.992987 0.616216
vt 0.854698 0.412879
vt 0.983485 0.616316
vt 0.850472 0.458917
vt 0.849268 0.458047
vt 0.849058 0.414803
vt 0.984953 0.616464
vt 0.850473 0.457156
vt 0.849058 0.416469
vt 0.945527 0.200579
vt 0.836838 0.932883
vt 0.731085 0.922302
vt 0.946784 0.199156
vt 0.836274 0.931233
vt 0.947333 0.200655
vt 0.955062 0.198766
vt 0.739794 0.922331
vt 0.322263 0.942509
vt 0.741481 0.922319
vt 0.740158 0.923687
vt 0.955611 0.200265
vt 0.324078 0.942331
vt 0.945527 0.209559
vt 0.202838 0.913452
vt 0.836838 0.941607
vt 0.947333 0.209636
vt 0.204160 0.912076
vt 0.204525 0.913464
vt 0.322263 0.933784
vt 0.322828 0.932135
vt 0.213233 0.913434
vt 0.955611 0.209246
vt 0.324078 0.933606
vt 0.212869 0.912046
vt 0.828605 0.933845
vt 0.826790 0.933667
vt 0.057984 0.943410
vt 0.731449 0.911881
vt 0.731085 0.913270
vt 0.828040 0.932196
vt 0.741481 0.913287
vt 0.314030 0.941546
vt 0.047895 0.943089
vt 0.739794 0.913299
vt 0.049701 0.943010
vt 0.740158 0.911911
vt 0.202837 0.922484
vt 0.828605 0.942569
vt 0.204525 0.922496
vt 0.057437 0.953891
vt 0.204160 0.923852
vt 0.057984 0.952387
vt 0.826790 0.942392
vt 0.314030 0.932822
vt 0.047895 0.952066
vt 0.049701 0.951987
vt 0.049153 0.953491
vt 0.213233 0.922467
vt 0.314594 0.931173
vt 0.780456 0.895533
vt 0.989792 0.318501
vt 0.733131 0.703070
vt 0.743908 0.607708
vt 0.778634 0.895499
vt 0.779131 0.894140
vt 0.987794 0.318530
vt 0.742276 0.606697
vt 0.769908 0.895635
vt 0.742143 0.614187
vt 0.740511 0.615177
vt 0.980796 0.317158
vt 0.740511 0.613176
vt 0.989792 0.309416
vt 0.742110 0.703114
vt 0.987795 0.309445
vt 0.409368 0.893994
vt 0.988729 0.307828
vt 0.408871 0.895463
vt 0.743742 0.704104
vt 0.419420 0.895564
vt 0.731532 0.615220
vt 0.417597 0.895599
vt 0.980796 0.308073
vt 0.731532 0.613219
vt 0.418094 0.894130
vt 0.780456 0.904845
vt 0.731366 0.709770
vt 0.100948 0.977017
vt 0.731366 0.711771
vt 0.779131 0.906280
vt 0.778634 0.904810
vt 0.091953 0.978339
vt 0.742276 0.621876
vt 0.093016 0.976752
vt 0.743908 0.620886
vt 0.769908 0.904947
vt 0.093951 0.978366
vt 0.770406 0.906416
vt 0.740345 0.709813
vt 0.408871 0.904775
vt 0.741977 0.710804
vt 0.100948 0.986110
vt 0.740345 0.711815
vt 0.733297 0.621920
vt 0.091953 0.987432
vt 0.419420 0.904876
vt 0.418094 0.906270
vt 0.742110 0.718293
vt 0.093951 0.987460
vt 0.743742 0.717282
vt 0.417597 0.904911
vt 0.316156 0.876010
vt 0.395734 0.856333
vt 0.114540 0.805079
vt 0.314029 0.875931
vt 0.114313 0.806455
vt 0.315336 0.874274
vt 0.124586 0.804924
vt 0.387190 0.856263
vt 0.488028 0.875729
vt 0.126112 0.806434
vt 0.385058 0.856269
vt 0.386356 0.854737
vt 0.124359 0.806299
vt 0.324759 0.875129
vt 0.247844 0.856373
vt 0.249141 0.854820
vt 0.323939 0.873394
vt 0.114313 0.816556
vt 0.114540 0.818249
vt 0.249976 0.856379
vt 0.126112 0.816536
vt 0.479445 0.874838
vt 0.124586 0.818094
vt 0.477317 0.874917
vt 0.258518 0.856311
vt 0.124359 0.816401
vt 0.806488 0.342729
vt 0.316156 0.886030
vt 0.808241 0.342593
vt 0.395734 0.866488
vt 0.808014 0.344287
vt 0.314029 0.885951
vt 0.488028 0.885748
vt 0.385058 0.866425
vt 0.387190 0.866420
vt 0.818060 0.344442
vt 0.386356 0.867978
vt 0.818287 0.342749
vt 0.487203 0.887484
vt 0.247844 0.866529
vt 0.806488 0.332627
vt 0.324759 0.885150
vt 0.249976 0.866535
vt 0.808014 0.331116
vt 0.249141 0.868062
vt 0.808241 0.332492
vt 0.479445 0.884858
vt 0.818287 0.332647
vt 0.478620 0.886593
vt 0.258518 0.866467
vt 0.477317 0.884936
vt 0.818060 0.331272
vt 0.080037 0.941049
vt 0.937190 0.431230
vt 0.548675 0.980375
vt 0.938418 0.429957
vt 0.548649 0.978995
vt 0.938846 0.431181
vt 0.549977 0.979076
vt 0.548660 0.970446
vt 0.026666 0.939911
vt 0.027118 0.941283
vt 0.946935 0.431353
vt 0.549988 0.970527
vt 0.025446 0.941236
vt 0.937190 0.439780
vt 0.080037 0.949597
vt 0.938847 0.439731
vt 0.582479 0.980038
vt 0.938418 0.441105
vt 0.079584 0.950974
vt 0.582494 0.970109
vt 0.027118 0.949833
vt 0.026666 0.951058
vt 0.946507 0.441277
vt 0.582468 0.971489
vt 0.025445 0.949787
vt 0.946935 0.439903
vt 0.540111 0.980375
vt 0.072008 0.940858
vt 0.070334 0.940907
vt 0.946652 0.452803
vt 0.071554 0.939638
vt 0.946224 0.451429
vt 0.540085 0.978995
vt 0.035150 0.941103
vt 0.936907 0.452927
vt 0.540096 0.970446
vt 0.938136 0.451602
vt 0.034698 0.939731
vt 0.938564 0.452976
vt 0.072008 0.949406
vt 0.071554 0.950783
vt 0.591043 0.980038
vt 0.946652 0.461353
vt 0.592371 0.979957
vt 0.070335 0.949455
vt 0.936907 0.461477
vt 0.035150 0.949653
vt 0.591058 0.970109
vt 0.592360 0.971408
vt 0.938564 0.461526
vt 0.938136 0.462749
vt 0.591032 0.971489
vt 0.905680 0.978349
vt 0.949679 0.749247
vt 0.950900 0.747934
vt 0.967987 0.168160
vt 0.907422 0.978188
vt 0.951285 0.749331
vt 0.958942 0.747680
vt 0.975351 0.167999
vt 0.699277 0.969130
vt 0.977093 0.168019
vt 0.975975 0.169323
vt 0.959327 0.749077
vt 0.698649 0.967556
vt 0.949679 0.757637
vt 0.977166 0.666024
vt 0.898315 0.977009
vt 0.976048 0.667279
vt 0.951285 0.757721
vt 0.950900 0.758872
vt 0.975424 0.666044
vt 0.691929 0.970475
vt 0.958942 0.758618
vt 0.968060 0.665882
vt 0.690185 0.970316
vt 0.691301 0.968901
vt 0.959327 0.757466
vt 0.905680 0.970378
vt 0.906304 0.968802
vt 0.949634 0.013381
vt 0.967987 0.159735
vt 0.950019 0.014533
vt 0.907422 0.970217
vt 0.699277 0.977103
vt 0.959283 0.013552
vt 0.977093 0.159593
vt 0.975351 0.159574
vt 0.958061 0.014787
vt 0.975975 0.158338
vt 0.957676 0.013636
vt 0.977166 0.657598
vt 0.898315 0.969038
vt 0.975424 0.657618
vt 0.950019 0.003595
vt 0.976048 0.656294
vt 0.949634 0.004992
vt 0.898939 0.967463
vt 0.959283 0.005162
vt 0.691929 0.978449
vt 0.957676 0.005246
vt 0.958061 0.003849
vt 0.968060 0.657456
vt 0.690185 0.978290
vt 0.096017 0.808235
vt 0.982539 0.840238
vt 0.094468 0.807444
vt 0.977207 0.187345
vt 0.095942 0.806456
vt 0.091953 0.802230
vt 0.989387 0.839595
vt 0.977829 0.178163
vt 0.800974 0.588369
vt 0.991148 0.839638
vt 0.990108 0.840990
vt 0.093427 0.801243
vt 0.977207 0.179773
vt 0.982551 0.748836
vt 0.103701 0.808235
vt 0.983591 0.747679
vt 0.103625 0.806456
vt 0.984463 0.189054
vt 0.986188 0.188854
vt 0.984313 0.748792
vt 0.808648 0.588369
vt 0.985085 0.179872
vt 0.991159 0.749436
vt 0.986188 0.181282
vt 0.810197 0.587575
vt 0.984463 0.181483
vt 0.170211 0.977384
vt 0.094000 0.814735
vt 0.170833 0.978994
vt 0.982539 0.831983
vt 0.169108 0.978794
vt 0.092451 0.813943
vt 0.798936 0.581884
vt 0.991148 0.831382
vt 0.989387 0.831339
vt 0.169108 0.986366
vt 0.990108 0.830226
vt 0.170833 0.986566
vt 0.799010 0.580104
vt 0.982551 0.757091
vt 0.177467 0.975675
vt 0.101684 0.814735
vt 0.984313 0.757048
vt 0.810686 0.575858
vt 0.983591 0.758443
vt 0.809211 0.574873
vt 0.178089 0.977285
vt 0.806610 0.581884
vt 0.178089 0.984857
vt 0.806684 0.580104
vt 0.991159 0.757692
vt 0.808159 0.581089
vt 0.926288 0.188378
vt 0.951154 0.168489
vt 0.950320 0.585013
vt 0.949127 0.586293
vt 0.927901 0.188417
vt 0.927586 0.189699
vt 0.948528 0.585064
vt 0.936443 0.188333
vt 0.959591 0.362836
vt 0.958990 0.361281
vt 0.940672 0.584729
vt 0.936128 0.189615
vt 0.960783 0.361405
vt 0.950320 0.576254
vt 0.951154 0.159893
vt 0.948527 0.576305
vt 0.013435 0.933016
vt 0.949126 0.574873
vt 0.013750 0.931629
vt 0.951755 0.158338
vt 0.003595 0.931585
vt 0.958990 0.352685
vt 0.005207 0.931545
vt 0.940672 0.575969
vt 0.960783 0.352809
vt 0.004892 0.932932
vt 0.926288 0.179594
vt 0.959004 0.169317
vt 0.947508 0.534373
vt 0.960797 0.169193
vt 0.927586 0.178247
vt 0.927901 0.179633
vt 0.937860 0.534645
vt 0.951140 0.362109
vt 0.939053 0.533266
vt 0.951741 0.363664
vt 0.936443 0.179549
vt 0.936128 0.178163
vt 0.939652 0.534693
vt 0.959004 0.160721
vt 0.959605 0.159166
vt 0.013750 0.922846
vt 0.947508 0.543135
vt 0.013435 0.921564
vt 0.960797 0.160597
vt 0.951140 0.353513
vt 0.003595 0.922801
vt 0.937860 0.543407
vt 0.004892 0.921480
vt 0.939652 0.543455
vt 0.939053 0.544689
vt 0.005207 0.922762
vt 0.385058 0.942329
vt 0.958732 0.331116
vt 0.846070 0.966938
vt 0.386743 0.942311
vt 0.386304 0.943659
vt 0.960513 0.331296
vt 0.845485 0.968383
vt 0.394941 0.942375
vt 0.853865 0.967371
vt 0.960352 0.714212
vt 0.855049 0.968749
vt 0.960962 0.712589
vt 0.853280 0.968817
vt 0.958732 0.339352
vt 0.845485 0.977022
vt 0.960513 0.339532
vt 0.881411 0.931697
vt 0.880972 0.932990
vt 0.959342 0.340978
vt 0.960962 0.704343
vt 0.855049 0.977388
vt 0.890855 0.932944
vt 0.889170 0.932926
vt 0.889610 0.931633
vt 0.853280 0.977456
vt 0.185975 0.426240
vt 0.385058 0.933637
vt 0.951020 0.332402
vt 0.187743 0.426308
vt 0.386304 0.932326
vt 0.386743 0.933619
vt 0.953251 0.711316
vt 0.394941 0.933683
vt 0.952641 0.712940
vt 0.195538 0.425874
vt 0.951470 0.711494
vt 0.394501 0.932390
vt 0.185975 0.417601
vt 0.951019 0.340638
vt 0.880972 0.941681
vt 0.951629 0.342264
vt 0.187158 0.416224
vt 0.187743 0.417669
vt 0.890855 0.941636
vt 0.953251 0.703070
vt 0.889610 0.942966
vt 0.951469 0.703248
vt 0.195538 0.417235
vt 0.194953 0.415790
vt 0.889170 0.941618
vt 0.025446 0.903231
vt 0.500370 0.940537
vt 0.026767 0.901845
vt 0.463453 0.942280
vt 0.500821 0.942090
vt 0.027198 0.903222
vt 0.464890 0.942082
vt 0.463407 0.933224
vt 0.635442 0.941935
vt 0.463448 0.931650
vt 0.637207 0.941816
vt 0.035897 0.903250
vt 0.464844 0.933025
vt 0.500371 0.931469
vt 0.025446 0.912380
vt 0.669662 0.942210
vt 0.027198 0.912372
vt 0.026767 0.913774
vt 0.669621 0.940636
vt 0.635442 0.932871
vt 0.635892 0.931314
vt 0.669667 0.931580
vt 0.035466 0.913803
vt 0.035897 0.912400
vt 0.637207 0.932753
vt 0.509025 0.940140
vt 0.510791 0.940255
vt 0.147312 0.902896
vt 0.454308 0.942280
vt 0.146881 0.901494
vt 0.509476 0.941693
vt 0.454304 0.931650
vt 0.626785 0.941528
vt 0.136860 0.902916
vt 0.138181 0.901522
vt 0.454262 0.933224
vt 0.138612 0.902925
vt 0.678807 0.942210
vt 0.509025 0.931072
vt 0.678765 0.940636
vt 0.147312 0.912046
vt 0.680203 0.940835
vt 0.510791 0.931187
vt 0.626785 0.932464
vt 0.136860 0.912066
vt 0.680249 0.931778
vt 0.138612 0.912074
vt 0.138181 0.913451
vt 0.627235 0.930907
vt 0.678812 0.931580
vt 0.863399 0.170806
vt 0.081694 0.853707
vt 0.878450 0.452170
vt 0.080259 0.855214
vt 0.865179 0.170897
vt 0.079781 0.853717
vt 0.874943 0.170747
vt 0.070813 0.855182
vt 0.877056 0.504071
vt 0.876551 0.502283
vt 0.878482 0.502485
vt 0.070335 0.853684
vt 0.081694 0.843750
vt 0.878450 0.461879
vt 0.079781 0.843760
vt 0.881047 0.809819
vt 0.080259 0.842233
vt 0.880751 0.811440
vt 0.877944 0.463670
vt 0.876551 0.492567
vt 0.892295 0.811499
vt 0.890515 0.811589
vt 0.890812 0.809968
vt 0.070335 0.843727
vt 0.878482 0.492768
vt 0.863399 0.160877
vt 0.869067 0.451429
vt 0.103313 0.843757
vt 0.867135 0.451634
vt 0.864882 0.159347
vt 0.865179 0.160968
vt 0.091954 0.843780
vt 0.867165 0.503011
vt 0.093388 0.842263
vt 0.867670 0.504798
vt 0.874943 0.160819
vt 0.093867 0.843790
vt 0.874646 0.159197
vt 0.869067 0.461138
vt 0.880751 0.821369
vt 0.868561 0.462929
vt 0.102834 0.855212
vt 0.103313 0.853714
vt 0.867135 0.461342
vt 0.867165 0.493294
vt 0.091954 0.853737
vt 0.892295 0.821427
vt 0.093867 0.853747
vt 0.890515 0.821517
vt 0.093388 0.855245
vt 0.826790 0.842090
vt 0.138697 0.835383
vt 0.138325 0.836823
vt 0.828351 0.842075
vt 0.281643 0.843568
vt 0.136860 0.835331
vt 0.828300 0.843602
vt 0.271645 0.845105
vt 0.838296 0.842079
vt 0.048268 0.824194
vt 0.270187 0.843603
vt 0.047895 0.825769
vt 0.838246 0.843606
vt 0.272043 0.843626
vt 0.138697 0.825443
vt 0.281643 0.833620
vt 0.136860 0.825391
vt 0.832560 0.513529
vt 0.832510 0.515024
vt 0.138325 0.823864
vt 0.047895 0.835710
vt 0.270187 0.833654
vt 0.844016 0.515036
vt 0.271645 0.832134
vt 0.842456 0.515021
vt 0.272043 0.833678
vt 0.842505 0.513525
vt 0.335095 0.843586
vt 0.826790 0.832140
vt 0.148342 0.835266
vt 0.336951 0.843562
vt 0.828300 0.830629
vt 0.336554 0.845106
vt 0.828351 0.832125
vt 0.057538 0.825876
vt 0.838296 0.832128
vt 0.057911 0.824302
vt 0.346552 0.843620
vt 0.059376 0.825829
vt 0.838246 0.830633
vt 0.335095 0.833637
vt 0.148342 0.825326
vt 0.336554 0.832135
vt 0.147970 0.823747
vt 0.832510 0.524975
vt 0.832560 0.526502
vt 0.336951 0.833614
vt 0.057538 0.835818
vt 0.844016 0.524987
vt 0.842505 0.526499
vt 0.346552 0.833672
vt 0.059376 0.835770
vt 0.057911 0.837264
vt 0.842456 0.524971
vt 0.136860 0.762395
vt 0.824356 0.387088
vt 0.827854 0.727101
vt 0.138410 0.760846
vt 0.826418 0.387094
vt 0.825759 0.388632
vt 0.138396 0.762380
vt 0.835653 0.387059
vt 0.148612 0.760845
vt 0.837379 0.287454
vt 0.150161 0.762394
vt 0.835311 0.287462
vt 0.835983 0.285896
vt 0.148598 0.762379
vt 0.136860 0.772597
vt 0.837032 0.727044
vt 0.837709 0.725512
vt 0.138396 0.772581
vt 0.835523 0.230334
vt 0.138410 0.774147
vt 0.839103 0.727053
vt 0.824226 0.230306
vt 0.826117 0.287409
vt 0.150161 0.772596
vt 0.148612 0.774146
vt 0.826288 0.230300
vt 0.825629 0.231861
vt 0.148598 0.772581
vt 0.015346 0.775223
vt 0.824356 0.376886
vt 0.827854 0.737303
vt 0.825759 0.375331
vt 0.015330 0.773660
vt 0.016895 0.773673
vt 0.826418 0.376892
vt 0.015346 0.761922
vt 0.835311 0.297664
vt 0.837379 0.297655
vt 0.835653 0.376857
vt 0.016895 0.763471
vt 0.835983 0.299197
vt 0.015330 0.763458
vt 0.005144 0.775224
vt 0.837032 0.737245
vt 0.835523 0.220131
vt 0.839103 0.737254
vt 0.003595 0.773674
vt 0.837709 0.738812
vt 0.005129 0.773660
vt 0.826117 0.297610
vt 0.005144 0.761923
vt 0.824226 0.220104
vt 0.825629 0.218559
vt 0.005129 0.763459
vt 0.003595 0.763472
vt 0.826288 0.220098
vt 0.943902 0.681778
vt 0.969490 0.799633
vt 0.974744 0.127187
vt 0.942145 0.681813
vt 0.942705 0.680428
vt 0.972911 0.127302
vt 0.934267 0.681609
vt 0.977489 0.564061
vt 0.976621 0.562498
vt 0.978485 0.562537
vt 0.965688 0.125759
vt 0.934826 0.680224
vt 0.974744 0.118942
vt 0.969490 0.791365
vt 0.972911 0.119057
vt 0.933991 0.094884
vt 0.973647 0.117455
vt 0.970360 0.789800
vt 0.943626 0.094714
vt 0.976621 0.554221
vt 0.966425 0.115912
vt 0.941869 0.094679
vt 0.942430 0.093426
vt 0.978485 0.554260
vt 0.965688 0.117514
vt 0.943902 0.690463
vt 0.976033 0.801412
vt 0.942705 0.691751
vt 0.977898 0.801373
vt 0.965893 0.056418
vt 0.966629 0.058020
vt 0.942145 0.690498
vt 0.974948 0.054990
vt 0.970065 0.564255
vt 0.970933 0.565818
vt 0.934267 0.690294
vt 0.973851 0.056477
vt 0.973115 0.054875
vt 0.976033 0.793143
vt 0.976904 0.791579
vt 0.933991 0.103569
vt 0.965893 0.048172
vt 0.934551 0.104954
vt 0.977898 0.793105
vt 0.970065 0.555977
vt 0.974948 0.046744
vt 0.943626 0.103399
vt 0.942430 0.104749
vt 0.973115 0.046630
vt 0.941870 0.103363
vt 0.924524 0.812810
vt 0.925254 0.811118
vt 0.280712 0.895210
vt 0.280200 0.893728
vt 0.592702 0.925140
vt 0.926468 0.812679
vt 0.272019 0.895382
vt 0.916314 0.831525
vt 0.582468 0.925879
vt 0.270187 0.895341
vt 0.584368 0.926010
vt 0.271507 0.893901
vt 0.314029 0.894608
vt 0.924524 0.821786
vt 0.315350 0.893220
vt 0.926468 0.821655
vt 0.592702 0.916021
vt 0.592068 0.914373
vt 0.315862 0.894566
vt 0.916314 0.840501
vt 0.582468 0.916760
vt 0.583734 0.915243
vt 0.324555 0.894739
vt 0.917044 0.842192
vt 0.584368 0.916892
vt 0.357832 0.924817
vt 0.916534 0.811511
vt 0.359733 0.924689
vt 0.280712 0.904521
vt 0.359098 0.926334
vt 0.917264 0.809819
vt 0.270187 0.904652
vt 0.924304 0.830226
vt 0.367431 0.927189
vt 0.272019 0.904693
vt 0.271507 0.906040
vt 0.368066 0.925544
vt 0.926248 0.830357
vt 0.314029 0.903919
vt 0.357832 0.915691
vt 0.916534 0.820487
vt 0.315862 0.903877
vt 0.315350 0.905359
vt 0.359733 0.915562
vt 0.924304 0.839202
vt 0.926248 0.839333
vt 0.368066 0.916418
vt 0.324043 0.905532
vt 0.324555 0.904050
vt 0.925034 0.840894
vt 0.754751 0.483817
vt 0.772080 0.865706
vt 0.771184 0.867262
vt 0.756294 0.483844
vt 0.856139 0.862873
vt 0.756310 0.485376
vt 0.769908 0.865705
vt 0.846775 0.864355
vt 0.766555 0.483845
vt 0.408871 0.855283
vt 0.845485 0.862782
vt 0.768130 0.483820
vt 0.847651 0.862775
vt 0.766572 0.485378
vt 0.768130 0.463249
vt 0.772080 0.855444
vt 0.769908 0.855443
vt 0.856139 0.852612
vt 0.766572 0.464807
vt 0.771184 0.853882
vt 0.766555 0.463223
vt 0.754751 0.463251
vt 0.408871 0.865545
vt 0.845485 0.852521
vt 0.846775 0.850977
vt 0.756294 0.463225
vt 0.847651 0.852514
vt 0.756310 0.464809
vt 0.861864 0.473528
vt 0.754751 0.473557
vt 0.780476 0.865691
vt 0.859699 0.473519
vt 0.756310 0.471998
vt 0.860574 0.471988
vt 0.756294 0.473583
vt 0.768130 0.473559
vt 0.417267 0.855298
vt 0.418164 0.853736
vt 0.766555 0.473585
vt 0.766572 0.472000
vt 0.851206 0.473639
vt 0.419439 0.855297
vt 0.768130 0.452988
vt 0.861864 0.483788
vt 0.780476 0.855429
vt 0.860574 0.485364
vt 0.766555 0.452962
vt 0.766572 0.451430
vt 0.859699 0.483779
vt 0.754751 0.452990
vt 0.417267 0.865560
vt 0.419439 0.865559
vt 0.851206 0.483899
vt 0.756310 0.451431
vt 0.418164 0.867116
vt 0.756294 0.452964
vt 0.385058 0.837050
vt 0.823280 0.485364
vt 0.386616 0.835449
vt 0.825322 0.485196
vt 0.788813 0.802140
vt 0.386912 0.837131
vt 0.396870 0.835325
vt 0.798655 0.802178
vt 0.082150 0.824114
vt 0.800678 0.802168
vt 0.799183 0.803747
vt 0.397167 0.837006
vt 0.081593 0.822286
vt 0.385058 0.847468
vt 0.202837 0.792093
vt 0.813507 0.484701
vt 0.386912 0.847548
vt 0.204332 0.790501
vt 0.204861 0.792103
vt 0.072376 0.824777
vt 0.214703 0.792065
vt 0.070335 0.824609
vt 0.397167 0.847424
vt 0.071819 0.822949
vt 0.214174 0.790463
vt 0.823280 0.475098
vt 0.823837 0.473270
vt 0.837766 0.158795
vt 0.789341 0.790101
vt 0.788813 0.791702
vt 0.825322 0.474930
vt 0.082150 0.834380
vt 0.825656 0.158750
vt 0.800678 0.791730
vt 0.798655 0.791740
vt 0.799183 0.790138
vt 0.827507 0.158666
vt 0.202837 0.802531
vt 0.813507 0.474435
vt 0.204861 0.802541
vt 0.837472 0.170896
vt 0.204332 0.804110
vt 0.837766 0.169210
vt 0.814063 0.472607
vt 0.072376 0.835043
vt 0.825656 0.169165
vt 0.827507 0.169081
vt 0.827214 0.170767
vt 0.214703 0.802503
vt 0.070335 0.834876
vt 0.730675 0.368142
vt 0.941158 0.026257
vt 0.939204 0.026275
vt 0.920450 0.512680
vt 0.939999 0.024813
vt 0.920053 0.514267
vt 0.728979 0.367302
vt 0.931571 0.026015
vt 0.929329 0.513060
vt 0.728455 0.380860
vt 0.930677 0.514508
vt 0.728361 0.382827
vt 0.928932 0.514647
vt 0.732479 0.360720
vt 0.920053 0.523423
vt 0.730782 0.359880
vt 0.942050 0.882173
vt 0.732385 0.358753
vt 0.730164 0.390249
vt 0.930677 0.523665
vt 0.932464 0.882416
vt 0.729964 0.353224
vt 0.934418 0.882434
vt 0.933623 0.883780
vt 0.928932 0.523803
vt 0.728361 0.354351
vt 0.930673 0.471684
vt 0.941158 0.035500
vt 0.739424 0.368142
vt 0.939999 0.036865
vt 0.928930 0.471542
vt 0.741227 0.376458
vt 0.739624 0.375331
vt 0.939204 0.035519
vt 0.737110 0.382827
vt 0.931571 0.035259
vt 0.737203 0.380860
vt 0.920045 0.471925
vt 0.738806 0.381988
vt 0.930673 0.480837
vt 0.741227 0.360720
vt 0.942050 0.872929
vt 0.741134 0.358753
vt 0.929323 0.482285
vt 0.928930 0.480695
vt 0.932464 0.873173
vt 0.738913 0.390249
vt 0.933623 0.871729
vt 0.740610 0.389410
vt 0.920045 0.481078
vt 0.920438 0.482668
vt 0.934418 0.873191
vt 0.828819 0.576543
vt 0.847026 0.586731
vt 0.845677 0.588287
vt 0.648308 0.803263
vt 0.828009 0.574873
vt 0.648449 0.804886
vt 0.844887 0.586737
vt 0.613764 0.827578
vt 0.658555 0.803227
vt 0.612955 0.826140
vt 0.660252 0.803282
vt 0.836008 0.586688
vt 0.658696 0.804850
vt 0.615101 0.826093
vt 0.847026 0.576443
vt 0.626785 0.792877
vt 0.828819 0.586795
vt 0.844887 0.576448
vt 0.628342 0.791321
vt 0.845677 0.574873
vt 0.628483 0.792821
vt 0.612955 0.815891
vt 0.613764 0.814216
vt 0.638729 0.792857
vt 0.836008 0.576400
vt 0.615101 0.815845
vt 0.638589 0.791358
vt 0.820023 0.576995
vt 0.582468 0.846116
vt 0.817875 0.576950
vt 0.648449 0.791482
vt 0.648308 0.792983
vt 0.819211 0.575324
vt 0.604154 0.825669
vt 0.593485 0.846072
vt 0.660252 0.793002
vt 0.592136 0.847642
vt 0.658555 0.792946
vt 0.658696 0.791446
vt 0.591347 0.846067
vt 0.626785 0.803157
vt 0.820022 0.587247
vt 0.819211 0.588691
vt 0.628483 0.803101
vt 0.582468 0.835827
vt 0.628342 0.804724
vt 0.817875 0.587202
vt 0.593485 0.835784
vt 0.604154 0.815421
vt 0.638589 0.804761
vt 0.591347 0.835779
vt 0.592136 0.834229
vt 0.638729 0.803138
vt 0.604963 0.813746
vt 0.656627 0.951487
vt 0.035650 0.922380
vt 0.657068 0.949950
vt 0.335095 0.950279
vt 0.035371 0.920992
vt 0.658331 0.951345
vt 0.027034 0.922451
vt 0.345130 0.950022
vt 0.741106 0.959511
vt 0.025446 0.922411
vt 0.026755 0.921063
vt 0.343431 0.949916
vt 0.656627 0.960165
vt 0.179313 0.930450
vt 0.178004 0.931776
vt 0.658331 0.960023
vt 0.335095 0.959018
vt 0.335529 0.960506
vt 0.177724 0.930490
vt 0.345130 0.958761
vt 0.741106 0.950838
vt 0.343864 0.960143
vt 0.740664 0.949299
vt 0.169108 0.930418
vt 0.343431 0.958655
vt 0.710927 0.958741
vt 0.648308 0.950986
vt 0.712627 0.958635
vt 0.035650 0.931184
vt 0.712193 0.960124
vt 0.648749 0.949450
vt 0.732790 0.960024
vt 0.025446 0.931215
vt 0.027034 0.931255
vt 0.720529 0.960486
vt 0.026755 0.932541
vt 0.720962 0.958998
vt 0.731085 0.959880
vt 0.179313 0.921646
vt 0.710927 0.950002
vt 0.648308 0.959664
vt 0.177724 0.921686
vt 0.178004 0.920298
vt 0.712627 0.949896
vt 0.732790 0.951351
vt 0.169388 0.920226
vt 0.720962 0.950259
vt 0.731085 0.951207
vt 0.732348 0.949812
vt 0.169108 0.921615
vt 0.824430 0.429957
vt 0.386799 0.664337
vt 0.492251 0.633327
vt 0.386781 0.666608
vt 0.385058 0.665396
vt 0.825351 0.431907
vt 0.490282 0.632194
vt 0.385842 0.673578
vt 0.488196 0.641123
vt 0.303574 0.673695
vt 0.486226 0.642264
vt 0.825351 0.441936
vt 0.486226 0.639991
vt 0.385979 0.656356
vt 0.815737 0.431912
vt 0.247844 0.641593
vt 0.816658 0.433861
vt 0.303436 0.656474
vt 0.814417 0.433732
vt 0.247844 0.639318
vt 0.477317 0.641979
vt 0.304396 0.665713
vt 0.814417 0.443761
vt 0.304378 0.663443
vt 0.305851 0.664655
vt 0.477317 0.639705
vt 0.816658 0.443891
vt 0.260792 0.649078
vt 0.397322 0.664337
vt 0.398777 0.665396
vt 0.262759 0.647938
vt 0.650549 0.812075
vt 0.648308 0.812204
vt 0.397304 0.666608
vt 0.293052 0.673695
vt 0.649629 0.824054
vt 0.490282 0.649434
vt 0.648308 0.822234
vt 0.492251 0.648293
vt 0.396364 0.673578
vt 0.650549 0.822105
vt 0.256072 0.641531
vt 0.396502 0.656356
vt 0.292914 0.656474
vt 0.256072 0.639256
vt 0.659242 0.814030
vt 0.258039 0.640392
vt 0.658322 0.826008
vt 0.293874 0.665713
vt 0.292133 0.664655
vt 0.262759 0.632954
vt 0.659242 0.824059
vt 0.260792 0.631817
vt 0.293856 0.663443
vt 0.056075 0.848296
vt 0.057047 0.846413
vt 0.259230 0.794289
vt 0.837709 0.780870
vt 0.258516 0.792591
vt 0.058290 0.848213
vt 0.249964 0.794711
vt 0.857173 0.668057
vt 0.826735 0.782654
vt 0.247844 0.794648
vt 0.828910 0.782831
vt 0.249251 0.793013
vt 0.056075 0.858185
vt 0.385058 0.794292
vt 0.386466 0.792784
vt 0.058290 0.858102
vt 0.837709 0.771160
vt 0.836871 0.769210
vt 0.387179 0.794230
vt 0.857173 0.658178
vt 0.826735 0.772944
vt 0.396443 0.794652
vt 0.828071 0.771171
vt 0.856198 0.656294
vt 0.828910 0.773121
vt 0.827127 0.757567
vt 0.047895 0.846335
vt 0.829302 0.757390
vt 0.259230 0.804635
vt 0.828464 0.759339
vt 0.048868 0.844453
vt 0.849008 0.670042
vt 0.247844 0.804994
vt 0.249964 0.805056
vt 0.837263 0.761300
vt 0.249251 0.806501
vt 0.838102 0.759350
vt 0.846792 0.669960
vt 0.385058 0.804637
vt 0.827127 0.747856
vt 0.047895 0.856224
vt 0.387179 0.804575
vt 0.386466 0.806273
vt 0.829302 0.747680
vt 0.849008 0.660163
vt 0.395730 0.806695
vt 0.846792 0.660081
vt 0.838102 0.749640
vt 0.848032 0.658279
vt 0.396443 0.804997
vt 0.323926 0.793762
vt 0.169108 0.872380
vt 0.324319 0.792043
vt 0.792182 0.211151
vt 0.325822 0.793632
vt 0.169349 0.874008
vt 0.179214 0.872303
vt 0.466055 0.803583
vt 0.780356 0.211239
vt 0.180990 0.872366
vt 0.782225 0.211325
vt 0.179455 0.873930
vt 0.867083 0.210624
vt 0.323926 0.803921
vt 0.325822 0.803791
vt 0.792182 0.200950
vt 0.324319 0.805288
vt 0.791827 0.199288
vt 0.865307 0.210688
vt 0.780356 0.201039
vt 0.466055 0.793424
vt 0.465663 0.791706
vt 0.855201 0.210610
vt 0.781869 0.199463
vt 0.782225 0.201125
vt 0.571429 0.855100
vt 0.314030 0.793460
vt 0.569561 0.855182
vt 0.169109 0.862164
vt 0.569916 0.853525
vt 0.314422 0.791741
vt 0.180990 0.862150
vt 0.456159 0.803886
vt 0.455766 0.805253
vt 0.559958 0.853359
vt 0.179214 0.862086
vt 0.454263 0.803756
vt 0.559603 0.855016
vt 0.867083 0.200407
vt 0.571429 0.865303
vt 0.314030 0.803619
vt 0.865307 0.200471
vt 0.865547 0.198844
vt 0.569561 0.865386
vt 0.456159 0.793727
vt 0.559603 0.865219
vt 0.855441 0.198766
vt 0.454263 0.793597
vt 0.855201 0.200393
vt 0.455766 0.792008
vt 0.520831 0.968839
vt 0.950747 0.385265
vt 0.789731 0.588809
vt 0.082454 0.781932
vt 0.952470 0.385313
vt 0.951945 0.386532
vt 0.522638 0.968764
vt 0.080938 0.780904
vt 0.960358 0.385066
vt 0.079920 0.787259
vt 0.078322 0.788068
vt 0.529886 0.969653
vt 0.078403 0.786231
vt 0.520831 0.977294
vt 0.781755 0.588809
vt 0.522638 0.977219
vt 0.907927 0.959130
vt 0.521931 0.978714
vt 0.780156 0.587998
vt 0.898315 0.958931
vt 0.070335 0.788068
vt 0.529179 0.979602
vt 0.900039 0.958883
vt 0.899513 0.960274
vt 0.529886 0.978108
vt 0.070417 0.786231
vt 0.950747 0.376674
vt 0.791747 0.582049
vt 0.951945 0.375331
vt 0.791665 0.580211
vt 0.769908 0.978230
vt 0.770615 0.979724
vt 0.952470 0.376722
vt 0.080317 0.794837
vt 0.778963 0.977417
vt 0.960358 0.376474
vt 0.777863 0.978836
vt 0.081914 0.794027
vt 0.777156 0.977342
vt 0.783772 0.582049
vt 0.907927 0.950538
vt 0.782172 0.581238
vt 0.769908 0.969775
vt 0.783690 0.580211
vt 0.778963 0.968962
vt 0.072330 0.794837
vt 0.898315 0.950340
vt 0.899513 0.949072
vt 0.781137 0.574873
vt 0.777156 0.968887
vt 0.900039 0.950292
vt 0.779619 0.575900
vt 0.818876 0.669679
vt 0.335095 0.814335
vt 0.336629 0.812688
vt 0.792602 0.545930
vt 0.821012 0.669453
vt 0.337098 0.814458
vt 0.346725 0.812331
vt 0.802241 0.545929
vt 0.821548 0.682185
vt 0.804359 0.545929
vt 0.802896 0.547533
vt 0.347194 0.814101
vt 0.820861 0.680224
vt 0.335095 0.824823
vt 0.804790 0.420845
vt 0.809334 0.668339
vt 0.337098 0.824946
vt 0.803327 0.422449
vt 0.802671 0.420845
vt 0.812006 0.683526
vt 0.809870 0.683299
vt 0.793034 0.420845
vt 0.347194 0.824589
vt 0.811319 0.681564
vt 0.793689 0.422448
vt 0.818876 0.659596
vt 0.819562 0.657634
vt 0.743188 0.812649
vt 0.793257 0.533769
vt 0.792602 0.535372
vt 0.821012 0.659370
vt 0.821548 0.692268
vt 0.731085 0.812411
vt 0.804359 0.535371
vt 0.802241 0.535371
vt 0.802896 0.533768
vt 0.733085 0.812284
vt 0.804790 0.410287
vt 0.809334 0.658255
vt 0.802671 0.410287
vt 0.742723 0.824907
vt 0.803327 0.408683
vt 0.743188 0.823132
vt 0.810021 0.656294
vt 0.812006 0.693609
vt 0.731085 0.822895
vt 0.733085 0.822768
vt 0.793034 0.410286
vt 0.809870 0.693383
vt 0.732620 0.824543
vt 0.794663 0.565376
vt 0.779695 0.220193
vt 0.794155 0.567209
vt 0.639047 0.782408
vt 0.792603 0.565521
vt 0.779447 0.218597
vt 0.628333 0.784132
vt 0.769062 0.220155
vt 0.681903 0.804668
vt 0.626785 0.782525
vt 0.767199 0.220187
vt 0.628856 0.782574
vt 0.768814 0.218559
vt 0.780099 0.253554
vt 0.794663 0.554723
vt 0.639047 0.771664
vt 0.792603 0.554868
vt 0.778484 0.255193
vt 0.778235 0.253523
vt 0.626785 0.771780
vt 0.681903 0.794021
vt 0.628333 0.770123
vt 0.681394 0.792183
vt 0.767603 0.253560
vt 0.767852 0.255231
vt 0.628856 0.771829
vt 0.270187 0.782437
vt 0.804887 0.565840
vt 0.272258 0.782388
vt 0.779447 0.232618
vt 0.271735 0.784095
vt 0.779695 0.230947
vt 0.804379 0.567673
vt 0.671683 0.805146
vt 0.767199 0.230941
vt 0.769062 0.230910
vt 0.282448 0.782554
vt 0.669621 0.804998
vt 0.768814 0.232580
vt 0.780099 0.242800
vt 0.270187 0.771693
vt 0.804887 0.555187
vt 0.271735 0.770086
vt 0.778235 0.242769
vt 0.778484 0.241172
vt 0.272258 0.771643
vt 0.671683 0.794499
vt 0.669621 0.794350
vt 0.282448 0.771809
vt 0.767852 0.241210
vt 0.767603 0.242806
vt 0.671173 0.792660
vt 0.855447 0.098969
vt 0.463385 0.880880
vt 0.670406 0.985085
vt 0.463357 0.879165
vt 0.464689 0.879908
vt 0.855447 0.100683
vt 0.669621 0.986564
vt 0.463947 0.872765
vt 0.676584 0.986946
vt 0.855321 0.116783
vt 0.677522 0.988370
vt 0.204736 0.872866
vt 0.853827 0.115912
vt 0.675799 0.988425
vt 0.464157 0.885772
vt 0.848562 0.098380
vt 0.669621 0.994080
vt 0.848562 0.100093
vt 0.204526 0.885873
vt 0.847068 0.099251
vt 0.677522 0.995886
vt 0.203963 0.877758
vt 0.203935 0.879473
vt 0.844109 0.105577
vt 0.202838 0.878730
vt 0.845604 0.106418
vt 0.675798 0.995941
vt 0.995725 0.471600
vt 0.455388 0.880880
vt 0.454263 0.879908
vt 0.994002 0.471542
vt 0.853827 0.128904
vt 0.855321 0.128062
vt 0.455360 0.879165
vt 0.212733 0.872866
vt 0.850868 0.120866
vt 0.455950 0.872765
vt 0.852363 0.121737
vt 0.987809 0.473409
vt 0.850868 0.122579
vt 0.845604 0.093426
vt 0.995725 0.479108
vt 0.456160 0.885772
vt 0.212523 0.885873
vt 0.844109 0.094297
vt 0.994785 0.480532
vt 0.994002 0.479051
vt 0.211959 0.877758
vt 0.843984 0.121455
vt 0.213264 0.878730
vt 0.843984 0.123169
vt 0.987809 0.480917
vt 0.211932 0.879473
vt 0.988592 0.482399
vt 0.968162 0.977454
vt 0.834819 0.986578
vt 0.528931 0.996114
vt 0.969663 0.977452
vt 0.527203 0.996150
vt 0.969353 0.978686
vt 0.977504 0.977458
vt 0.952286 0.986482
vt 0.953060 0.987862
vt 0.520830 0.995279
vt 0.977194 0.978692
vt 0.951329 0.987830
vt 0.528931 0.988135
vt 0.834819 0.994555
vt 0.527203 0.988172
vt 0.835822 0.978486
vt 0.527963 0.986791
vt 0.836132 0.977259
vt 0.834044 0.995934
vt 0.953060 0.995838
vt 0.826790 0.977262
vt 0.828291 0.977265
vt 0.827981 0.978492
vt 0.520830 0.987300
vt 0.951329 0.995806
vt 0.968162 0.969352
vt 0.828521 0.985681
vt 0.826790 0.985713
vt 0.880971 0.995589
vt 0.969353 0.968122
vt 0.969663 0.969349
vt 0.959358 0.986965
vt 0.889072 0.994772
vt 0.888104 0.996114
vt 0.977504 0.969355
vt 0.958584 0.985585
vt 0.977194 0.968128
vt 0.887344 0.994736
vt 0.828521 0.993657
vt 0.827746 0.995037
vt 0.836132 0.969156
vt 0.880971 0.987605
vt 0.835822 0.967922
vt 0.826790 0.993690
vt 0.959358 0.994941
vt 0.826790 0.969160
vt 0.889072 0.986788
vt 0.887344 0.986752
vt 0.827981 0.967928
vt 0.828291 0.969162
vt 0.079162 0.678637
vt 0.924381 0.026428
vt 0.079237 0.676519
vt 0.701354 0.883879
vt 0.081017 0.677661
vt 0.082625 0.670094
vt 0.916947 0.026291
vt 0.690184 0.884597
vt 0.103128 0.686122
vt 0.914828 0.026294
vt 0.915957 0.024813
vt 0.084405 0.671235
vt 0.692126 0.884826
vt 0.082058 0.686154
vt 0.750650 0.912730
vt 0.751780 0.911208
vt 0.083914 0.685178
vt 0.701354 0.874348
vt 0.700814 0.872527
vt 0.752770 0.912733
vt 0.690184 0.875066
vt 0.106024 0.678605
vt 0.691586 0.873474
vt 0.105950 0.676487
vt 0.760205 0.912598
vt 0.692126 0.875296
vt 0.570768 0.875107
vt 0.070335 0.678637
vt 0.568825 0.875333
vt 0.924381 0.036315
vt 0.569367 0.873515
vt 0.070409 0.676519
vt 0.914828 0.036181
vt 0.094301 0.686122
vt 0.560145 0.872575
vt 0.916947 0.036178
vt 0.915957 0.037703
vt 0.559603 0.874393
vt 0.092445 0.685146
vt 0.750650 0.922616
vt 0.570768 0.884646
vt 0.073231 0.686154
vt 0.752770 0.922619
vt 0.093734 0.670062
vt 0.751780 0.924098
vt 0.091954 0.671203
vt 0.568825 0.884872
vt 0.097197 0.678605
vt 0.559603 0.883932
vt 0.095342 0.677629
vt 0.760205 0.922485
vt 0.097122 0.676487
vt 0.965438 0.295665
vt 0.568908 0.977129
vt 0.710927 0.967802
vt 0.967162 0.295660
vt 0.712440 0.967676
vt 0.966594 0.296958
vt 0.974779 0.295688
vt 0.454263 0.975693
vt 0.455992 0.975554
vt 0.720766 0.967879
vt 0.974212 0.296985
vt 0.455415 0.977083
vt 0.710927 0.976221
vt 0.561334 0.978057
vt 0.712440 0.976094
vt 0.974376 0.034595
vt 0.712192 0.977530
vt 0.559603 0.977919
vt 0.965034 0.034619
vt 0.463580 0.976471
vt 0.720518 0.977734
vt 0.966759 0.034624
vt 0.966191 0.035903
vt 0.463004 0.978001
vt 0.720766 0.976297
vt 0.965438 0.287180
vt 0.568908 0.968898
vt 0.966595 0.285896
vt 0.568327 0.967368
vt 0.323868 0.969298
vt 0.323620 0.967862
vt 0.967162 0.287176
vt 0.455992 0.967320
vt 0.314030 0.969375
vt 0.315294 0.968065
vt 0.974779 0.287204
vt 0.454263 0.967460
vt 0.315542 0.969502
vt 0.561334 0.969826
vt 0.559603 0.969687
vt 0.974376 0.026111
vt 0.323868 0.977716
vt 0.973809 0.024813
vt 0.560753 0.968297
vt 0.463580 0.968238
vt 0.314030 0.977793
vt 0.965034 0.026134
vt 0.966191 0.024842
vt 0.315542 0.977920
vt 0.966759 0.026139
vt 0.545055 0.692322
vt 0.865726 0.801178
vt 0.544118 0.693564
vt 0.867456 0.801203
vt 0.925798 0.058260
vt 0.543006 0.692292
vt 0.867147 0.802624
vt 0.917324 0.058952
vt 0.876810 0.801157
vt 0.901753 0.725512
vt 0.916172 0.057376
vt 0.900816 0.727135
vt 0.876500 0.802578
vt 0.918211 0.057334
vt 0.545055 0.682890
vt 0.925798 0.048808
vt 0.543006 0.682860
vt 0.048204 0.865374
vt 0.047895 0.866859
vt 0.544119 0.681267
vt 0.058978 0.866879
vt 0.900816 0.736567
vt 0.916172 0.047925
vt 0.917324 0.046630
vt 0.057248 0.866904
vt 0.918211 0.047882
vt 0.057558 0.865419
vt 0.925790 0.004886
vt 0.865726 0.791607
vt 0.552378 0.691268
vt 0.923751 0.004842
vt 0.867147 0.790147
vt 0.924636 0.003595
vt 0.867456 0.791632
vt 0.908139 0.728188
vt 0.876810 0.791586
vt 0.909076 0.726565
vt 0.916156 0.005787
vt 0.910188 0.728158
vt 0.876500 0.790101
vt 0.925790 0.014332
vt 0.552378 0.681836
vt 0.924636 0.015910
vt 0.551442 0.680214
vt 0.047895 0.876429
vt 0.048205 0.877851
vt 0.923751 0.014288
vt 0.058978 0.876450
vt 0.908139 0.737620
vt 0.910188 0.737590
vt 0.916156 0.015233
vt 0.057558 0.877897
vt 0.909076 0.738863
vt 0.057248 0.876474
vt 0.943965 0.159679
vt 0.807868 0.949086
vt 0.279805 0.960187
vt 0.942173 0.159682
vt 0.942768 0.158338
vt 0.280228 0.958665
vt 0.808492 0.947409
vt 0.934289 0.159658
vt 0.271455 0.959743
vt 0.958282 0.218763
vt 0.270187 0.958355
vt 0.956475 0.218559
vt 0.271879 0.958220
vt 0.815652 0.950590
vt 0.280228 0.949974
vt 0.816276 0.948913
vt 0.943604 0.736964
vt 0.944200 0.735635
vt 0.817459 0.950386
vt 0.934524 0.735656
vt 0.948691 0.220063
vt 0.270187 0.949664
vt 0.936317 0.735660
vt 0.935721 0.736990
vt 0.271879 0.949529
vt 0.569649 0.949655
vt 0.943965 0.168482
vt 0.807868 0.957280
vt 0.567959 0.949517
vt 0.942768 0.169816
vt 0.942173 0.168486
vt 0.956475 0.226753
vt 0.958282 0.226957
vt 0.934289 0.168462
vt 0.934884 0.169791
vt 0.559603 0.949966
vt 0.957100 0.228430
vt 0.569649 0.958342
vt 0.815652 0.958784
vt 0.817459 0.958580
vt 0.944200 0.726832
vt 0.568380 0.959729
vt 0.567959 0.958204
vt 0.934524 0.726853
vt 0.948691 0.228257
vt 0.935721 0.725512
vt 0.949316 0.229934
vt 0.559603 0.958653
vt 0.560024 0.960179
vt 0.936317 0.726857
vt 0.437982 0.984867
vt 0.740364 0.986312
vt 0.738952 0.986374
vt 0.739169 0.985086
vt 0.003595 0.978559
vt 0.439464 0.985043
vt 0.011615 0.977311
vt 0.731085 0.986283
vt 0.500679 0.984919
vt 0.012783 0.978513
vt 0.500370 0.986342
vt 0.011281 0.978485
vt 0.731303 0.984994
vt 0.437982 0.992699
vt 0.439464 0.992874
vt 0.003595 0.986551
vt 0.720206 0.994191
vt 0.003929 0.987804
vt 0.438289 0.994125
vt 0.710927 0.994220
vt 0.500371 0.994179
vt 0.012783 0.986505
vt 0.011615 0.987730
vt 0.712340 0.994283
vt 0.011281 0.986476
vt 0.987912 0.200065
vt 0.740364 0.994291
vt 0.430245 0.985275
vt 0.986410 0.200094
vt 0.986745 0.198840
vt 0.738952 0.994354
vt 0.508105 0.986744
vt 0.979059 0.198766
vt 0.508413 0.985320
vt 0.731085 0.994262
vt 0.509588 0.986572
vt 0.978724 0.200019
vt 0.987912 0.208057
vt 0.430245 0.993107
vt 0.986745 0.209259
vt 0.430552 0.994533
vt 0.720206 0.986212
vt 0.719989 0.984923
vt 0.986410 0.208085
vt 0.508105 0.994581
vt 0.710927 0.986241
vt 0.712122 0.985015
vt 0.978724 0.208010
vt 0.509588 0.994409
vt 0.712340 0.986304
vt 0.910518 0.363144
vt 0.545478 0.725908
vt 0.604154 0.961357
vt 0.909143 0.364540
vt 0.543523 0.725932
vt 0.544574 0.724716
vt 0.908969 0.363041
vt 0.900088 0.364637
vt 0.610989 0.961372
vt 0.195420 0.922297
vt 0.612946 0.961372
vt 0.611908 0.962756
vt 0.194512 0.920756
vt 0.899915 0.363138
vt 0.910518 0.354051
vt 0.552394 0.726900
vt 0.247844 0.952403
vt 0.248882 0.951015
vt 0.908969 0.353948
vt 0.909143 0.352685
vt 0.249800 0.952404
vt 0.188526 0.923288
vt 0.900088 0.352783
vt 0.256635 0.952390
vt 0.186571 0.923265
vt 0.187618 0.921747
vt 0.899915 0.354046
vt 0.545478 0.734906
vt 0.544574 0.736448
vt 0.900443 0.713662
vt 0.604154 0.952231
vt 0.900617 0.714925
vt 0.543523 0.734931
vt 0.612946 0.952246
vt 0.195420 0.931297
vt 0.911046 0.713657
vt 0.909671 0.715023
vt 0.610989 0.952246
vt 0.611908 0.950857
vt 0.909498 0.713760
vt 0.247844 0.961529
vt 0.552394 0.735898
vt 0.249800 0.961530
vt 0.900617 0.703070
vt 0.248882 0.962914
vt 0.900443 0.704569
vt 0.551490 0.737440
vt 0.911046 0.704564
vt 0.188526 0.932288
vt 0.187618 0.933481
vt 0.909498 0.704667
vt 0.256635 0.961516
vt 0.186571 0.932265
vt 0.909671 0.703168
vt 0.079819 0.921846
vt 0.918038 0.656401
vt 0.898561 0.861763
vt 0.900441 0.861758
vt 0.920006 0.656294
vt 0.899860 0.863189
vt 0.908991 0.861781
vt 0.928891 0.502728
vt 0.928037 0.501021
vt 0.930029 0.501110
vt 0.927868 0.657588
vt 0.908410 0.863211
vt 0.918039 0.665459
vt 0.079819 0.930741
vt 0.920006 0.665352
vt 0.368263 0.906936
vt 0.919233 0.667032
vt 0.078966 0.932448
vt 0.357832 0.906954
vt 0.928037 0.492126
vt 0.927094 0.668326
vt 0.359711 0.906958
vt 0.359131 0.908373
vt 0.930029 0.492215
vt 0.927868 0.666646
vt 0.898561 0.852397
vt 0.072326 0.920086
vt 0.899860 0.850978
vt 0.070335 0.920175
vt 0.918868 0.642728
vt 0.919641 0.644405
vt 0.900440 0.852393
vt 0.920545 0.502781
vt 0.928695 0.641557
vt 0.927501 0.643128
vt 0.908991 0.852415
vt 0.921398 0.504488
vt 0.926727 0.641452
vt 0.072326 0.928981
vt 0.071473 0.930688
vt 0.368263 0.897570
vt 0.918868 0.633661
vt 0.367682 0.896140
vt 0.070335 0.929070
vt 0.928695 0.632490
vt 0.920545 0.493886
vt 0.357832 0.897588
vt 0.359131 0.896163
vt 0.926727 0.632385
vt 0.359711 0.897593
vt 0.844477 0.363047
vt 0.408871 0.689672
vt 0.846264 0.362911
vt 0.846020 0.364626
vt 0.886152 0.514012
vt 0.408871 0.687463
vt 0.894740 0.512680
vt 0.856421 0.363080
vt 0.513683 0.681373
vt 0.895883 0.514282
vt 0.511927 0.680277
vt 0.856176 0.364796
vt 0.893676 0.514285
vt 0.418935 0.689649
vt 0.886152 0.524287
vt 0.418935 0.687440
vt 0.148803 0.855953
vt 0.420690 0.688553
vt 0.136860 0.855986
vt 0.501863 0.680254
vt 0.895883 0.524557
vt 0.894740 0.526077
vt 0.422183 0.681360
vt 0.138647 0.856123
vt 0.893676 0.524560
vt 0.420428 0.680247
vt 0.895390 0.431473
vt 0.844477 0.352822
vt 0.410364 0.697021
vt 0.893182 0.431469
vt 0.511927 0.697028
vt 0.894245 0.429957
vt 0.513683 0.695915
vt 0.846264 0.352685
vt 0.510434 0.687626
vt 0.856421 0.352854
vt 0.512190 0.688722
vt 0.885648 0.431766
vt 0.510434 0.689835
vt 0.895390 0.441746
vt 0.420428 0.696997
vt 0.894245 0.443352
vt 0.422183 0.695901
vt 0.148804 0.845728
vt 0.148559 0.844012
vt 0.893182 0.441743
vt 0.500371 0.687603
vt 0.136860 0.845761
vt 0.885648 0.442040
vt 0.138403 0.844182
vt 0.500371 0.689812
vt 0.138647 0.845898
vt 0.773416 0.730898
vt 0.951339 0.608332
vt 0.773487 0.732789
vt 0.500370 0.959589
vt 0.771891 0.731971
vt 0.771976 0.739853
vt 0.292133 0.960807
vt 0.500770 0.949279
vt 0.294014 0.960784
vt 0.293233 0.962209
vt 0.770379 0.739035
vt 0.500370 0.950751
vt 0.771433 0.725512
vt 0.958586 0.607964
vt 0.959366 0.606697
vt 0.769908 0.726585
vt 0.508855 0.959853
vt 0.769913 0.107760
vt 0.510544 0.959764
vt 0.960467 0.607987
vt 0.301259 0.961152
vt 0.509255 0.949542
vt 0.768477 0.098785
vt 0.768403 0.100676
vt 0.510544 0.950925
vt 0.508855 0.951014
vt 0.234385 0.959601
vt 0.781942 0.730898
vt 0.951339 0.617192
vt 0.233985 0.958129
vt 0.235674 0.958218
vt 0.782014 0.732789
vt 0.778996 0.093426
vt 0.294014 0.951924
vt 0.292133 0.951947
vt 0.780502 0.739853
vt 0.235674 0.949379
vt 0.293233 0.950656
vt 0.233985 0.949291
vt 0.780520 0.094502
vt 0.225900 0.959864
vt 0.958586 0.616824
vt 0.960467 0.616847
vt 0.778437 0.107760
vt 0.959366 0.618249
vt 0.780035 0.106946
vt 0.225500 0.958392
vt 0.301259 0.952291
vt 0.777000 0.098785
vt 0.225500 0.949553
vt 0.778524 0.099861
vt 0.776927 0.100676
vt 0.862636 0.105445
vt 0.434259 0.649166
vt 0.807867 0.810111
vt 0.524363 0.632243
vt 0.864872 0.105440
vt 0.863859 0.107055
vt 0.522505 0.633502
vt 0.809943 0.809819
vt 0.872927 0.105587
vt 0.528333 0.638617
vt 0.528472 0.640844
vt 0.819600 0.811180
vt 0.526475 0.639876
vt 0.807867 0.819945
vt 0.431205 0.640878
vt 0.809943 0.819653
vt 0.552373 0.759770
vt 0.809334 0.821645
vt 0.431345 0.638651
vt 0.542079 0.759911
vt 0.525419 0.649132
vt 0.818992 0.823006
vt 0.544315 0.759916
vt 0.543303 0.761477
vt 0.523422 0.648164
vt 0.819600 0.821014
vt 0.862636 0.094992
vt 0.443437 0.649166
vt 0.863859 0.093426
vt 0.445434 0.648198
vt 0.823708 0.410672
vt 0.823097 0.408683
vt 0.864872 0.094987
vt 0.811980 0.411737
vt 0.537650 0.640844
vt 0.537511 0.638617
vt 0.872927 0.095133
vt 0.813446 0.410036
vt 0.814057 0.412025
vt 0.440383 0.640878
vt 0.552373 0.749317
vt 0.440523 0.638651
vt 0.823708 0.420518
vt 0.442380 0.639910
vt 0.534597 0.649132
vt 0.811980 0.421583
vt 0.542079 0.749458
vt 0.543303 0.747848
vt 0.446351 0.633536
vt 0.814057 0.421871
vt 0.444493 0.632277
vt 0.544315 0.749463
vt 0.657288 0.187591
vt 0.442029 0.690283
vt 0.442029 0.688086
vt 0.358587 0.835730
vt 0.443578 0.689171
vt 0.357832 0.837702
vt 0.657288 0.185395
vt 0.442005 0.680766
vt 0.367526 0.837753
vt 0.239927 0.657309
vt 0.396858 0.697424
vt 0.368883 0.839479
vt 0.238024 0.656210
vt 0.366771 0.839725
vt 0.442004 0.697424
vt 0.665674 0.187665
vt 0.357832 0.847041
vt 0.665674 0.185468
vt 0.396857 0.680767
vt 0.667576 0.186566
vt 0.396834 0.690285
vt 0.368883 0.848819
vt 0.671714 0.179261
vt 0.396834 0.688089
vt 0.398391 0.689173
vt 0.669812 0.178163
vt 0.366771 0.849064
vt 0.842713 0.231648
vt 0.431803 0.690283
vt 0.430246 0.689171
vt 0.844825 0.231894
vt 0.238024 0.672868
vt 0.239927 0.671770
vt 0.431803 0.688086
vt 0.386632 0.697424
vt 0.233908 0.663373
vt 0.431779 0.680766
vt 0.235810 0.664471
vt 0.853764 0.229870
vt 0.233908 0.665570
vt 0.669812 0.194821
vt 0.842713 0.222309
vt 0.431778 0.697424
vt 0.671714 0.193722
vt 0.386631 0.680767
vt 0.844070 0.220583
vt 0.844825 0.222554
vt 0.225500 0.663440
vt 0.386608 0.690285
vt 0.385058 0.689173
vt 0.853764 0.220531
vt 0.225500 0.665636
vt 0.386608 0.688089
vt 0.853009 0.218559
vt 0.676497 0.818317
vt 0.986343 0.500952
vt 0.678003 0.819185
vt 0.993870 0.641606
vt 0.676497 0.820058
vt 0.681038 0.824781
vt 0.992846 0.501515
vt 0.985377 0.642817
vt 0.462631 0.812442
vt 0.994569 0.501486
vt 0.993581 0.502623
vt 0.679532 0.825654
vt 0.987081 0.642923
vt 0.986964 0.534574
vt 0.669621 0.818199
vt 0.987952 0.533266
vt 0.669621 0.819940
vt 0.993870 0.633867
vt 0.993198 0.632385
vt 0.988687 0.534604
vt 0.455769 0.812552
vt 0.985377 0.635077
vt 0.986408 0.633702
vt 0.995189 0.534040
vt 0.454263 0.813421
vt 0.987081 0.635184
vt 0.985420 0.459276
vt 0.679532 0.812454
vt 0.987124 0.459169
vt 0.986343 0.492900
vt 0.986451 0.460651
vt 0.681038 0.813321
vt 0.994569 0.493435
vt 0.465682 0.818296
vt 0.993241 0.461968
vt 0.992846 0.493464
vt 0.993581 0.492126
vt 0.465682 0.820037
vt 0.993913 0.460486
vt 0.986964 0.542625
vt 0.985420 0.451536
vt 0.672656 0.812335
vt 0.988687 0.542655
vt 0.454263 0.824881
vt 0.987952 0.543763
vt 0.455768 0.825753
vt 0.987124 0.451429
vt 0.458819 0.818406
vt 0.458819 0.820147
vt 0.993913 0.452746
vt 0.995189 0.542091
vt 0.457313 0.819274
vt 0.034924 0.881832
vt 0.431826 0.712354
vt 0.431806 0.714452
vt 0.327906 0.681871
vt 0.430246 0.713277
vt 0.326076 0.680813
vt 0.035744 0.883637
vt 0.431216 0.720528
vt 0.323731 0.689181
vt 0.615080 0.720634
vt 0.321901 0.690232
vt 0.035744 0.893006
vt 0.321901 0.688123
vt 0.431362 0.704613
vt 0.026696 0.883482
vt 0.304179 0.680884
vt 0.027515 0.885287
vt 0.614933 0.704719
vt 0.025446 0.885156
vt 0.306008 0.681935
vt 0.615546 0.712893
vt 0.314029 0.689842
vt 0.025446 0.894525
vt 0.615526 0.710794
vt 0.616946 0.711970
vt 0.027515 0.894656
vt 0.314029 0.687733
vt 0.292132 0.687851
vt 0.441637 0.712354
vt 0.443038 0.713277
vt 0.292132 0.689960
vt 0.892227 0.802624
vt 0.894297 0.802493
vt 0.441617 0.714452
vt 0.605269 0.720634
vt 0.893047 0.791450
vt 0.326076 0.696807
vt 0.327906 0.695756
vt 0.441027 0.720528
vt 0.894297 0.793124
vt 0.892228 0.793255
vt 0.299990 0.687443
vt 0.441173 0.704613
vt 0.605122 0.704719
vt 0.301820 0.688493
vt 0.883999 0.800974
vt 0.299990 0.689551
vt 0.884819 0.789800
vt 0.605734 0.712893
vt 0.604154 0.711970
vt 0.304179 0.696876
vt 0.883999 0.791606
vt 0.306008 0.695818
vt 0.605715 0.710794
vt 0.025446 0.968458
vt 0.826790 0.951035
vt 0.990953 0.228261
vt 0.828034 0.949759
vt 0.027183 0.968521
vt 0.026565 0.969648
vt 0.828327 0.951026
vt 0.034553 0.968007
vt 0.836228 0.949775
vt 0.047895 0.988406
vt 0.049650 0.988311
vt 0.836521 0.951043
vt 0.048990 0.989797
vt 0.826790 0.959452
vt 0.983759 0.229212
vt 0.828327 0.959444
vt 0.012084 0.970121
vt 0.828034 0.960733
vt 0.012702 0.968712
vt 0.982002 0.229119
vt 0.003595 0.968263
vt 0.056861 0.989254
vt 0.005332 0.968199
vt 0.836521 0.959460
vt 0.056201 0.990741
vt 0.004714 0.969609
vt 0.025446 0.960108
vt 0.990953 0.220045
vt 0.990289 0.218559
vt 0.960654 0.932214
vt 0.026565 0.958761
vt 0.027183 0.960171
vt 0.950923 0.932222
vt 0.049650 0.980094
vt 0.952168 0.930941
vt 0.047895 0.980189
vt 0.034553 0.959657
vt 0.952460 0.932230
vt 0.033935 0.958247
vt 0.983759 0.220996
vt 0.982002 0.220903
vt 0.012702 0.960361
vt 0.960361 0.941898
vt 0.960654 0.940631
vt 0.983095 0.219511
vt 0.056861 0.981038
vt 0.950923 0.940639
vt 0.003595 0.959912
vt 0.004714 0.958722
vt 0.952460 0.940648
vt 0.005332 0.959849
vt 0.952168 0.941915
vt 0.301963 0.763971
vt 0.958051 0.850977
vt 0.604154 0.979963
vt 0.606041 0.979951
vt 0.370423 0.750703
vt 0.605162 0.981378
vt 0.368830 0.749690
vt 0.958712 0.852662
vt 0.612680 0.980495
vt 0.367219 0.756453
vt 0.365559 0.757326
vt 0.958712 0.860784
vt 0.365626 0.755439
vt 0.950390 0.852660
vt 0.294236 0.763971
vt 0.951051 0.854343
vt 0.417399 0.979032
vt 0.949227 0.854149
vt 0.292576 0.763098
vt 0.408871 0.979564
vt 0.357832 0.757326
vt 0.949227 0.862271
vt 0.410758 0.979576
vt 0.409879 0.980813
vt 0.951051 0.862465
vt 0.357899 0.755439
vt 0.604154 0.971194
vt 0.304723 0.757298
vt 0.605162 0.969945
vt 0.304656 0.755411
vt 0.950008 0.307827
vt 0.948186 0.308026
vt 0.606041 0.971182
vt 0.368319 0.763999
vt 0.949352 0.317629
vt 0.948186 0.316141
vt 0.612680 0.971726
vt 0.369979 0.763126
vt 0.950008 0.315943
vt 0.296997 0.757298
vt 0.417399 0.970263
vt 0.295336 0.756425
vt 0.957684 0.309507
vt 0.296929 0.755411
vt 0.360593 0.763999
vt 0.408871 0.970795
vt 0.957028 0.319309
vt 0.409879 0.969380
vt 0.293726 0.749662
vt 0.957684 0.317623
vt 0.410758 0.970807
vt 0.292133 0.750675
vt 0.990430 0.892281
vt 0.691435 0.857990
vt 0.691435 0.859748
vt 0.691706 0.811073
vt 0.690185 0.858839
vt 0.690185 0.811953
vt 0.991078 0.893855
vt 0.691393 0.865337
vt 0.695284 0.816874
vt 0.855491 0.574873
vt 0.695284 0.818634
vt 0.991078 0.901299
vt 0.693762 0.817754
vt 0.691396 0.852001
vt 0.983438 0.894061
vt 0.202838 0.818850
vt 0.984087 0.895635
vt 0.855494 0.588209
vt 0.982376 0.895463
vt 0.202838 0.817091
vt 0.855453 0.580859
vt 0.691706 0.824417
vt 0.982376 0.902907
vt 0.855453 0.582618
vt 0.854215 0.581709
vt 0.984087 0.903080
vt 0.690185 0.823537
vt 0.212858 0.824643
vt 0.699626 0.857990
vt 0.700864 0.858839
vt 0.214380 0.823764
vt 0.160044 0.987136
vt 0.161753 0.986960
vt 0.699626 0.859748
vt 0.863683 0.574873
vt 0.160689 0.978124
vt 0.701726 0.818624
vt 0.161753 0.979524
vt 0.701726 0.816864
vt 0.699584 0.865337
vt 0.160043 0.979700
vt 0.209280 0.818861
vt 0.699588 0.852001
vt 0.863686 0.588209
vt 0.209280 0.817101
vt 0.153039 0.985354
vt 0.210802 0.817981
vt 0.863644 0.580859
vt 0.153684 0.976343
vt 0.864894 0.581709
vt 0.153039 0.977918
vt 0.214380 0.812179
vt 0.212858 0.811300
vt 0.863644 0.582618
vt 0.454263 0.922897
vt 0.968420 0.841820
vt 0.455844 0.922770
vt 0.540085 0.952818
vt 0.966505 0.841776
vt 0.455602 0.924277
vt 0.547980 0.951578
vt 0.464662 0.922954
vt 0.974468 0.082562
vt 0.549052 0.952961
vt 0.975331 0.080996
vt 0.547141 0.952968
vt 0.464421 0.924461
vt 0.968420 0.833099
vt 0.540085 0.961775
vt 0.966505 0.833056
vt 0.510529 0.923698
vt 0.510770 0.922502
vt 0.967557 0.831533
vt 0.500371 0.922559
vt 0.975331 0.072275
vt 0.549052 0.961919
vt 0.547980 0.963257
vt 0.501951 0.922686
vt 0.547141 0.961925
vt 0.501710 0.923883
vt 0.591443 0.952577
vt 0.454263 0.913996
vt 0.975350 0.840513
vt 0.589533 0.952570
vt 0.455602 0.912672
vt 0.590370 0.951243
vt 0.455844 0.913869
vt 0.968401 0.079689
vt 0.464662 0.914053
vt 0.967538 0.081256
vt 0.582468 0.952739
vt 0.966485 0.079733
vt 0.464421 0.912856
vt 0.591443 0.961534
vt 0.975350 0.831793
vt 0.590370 0.962920
vt 0.974487 0.830226
vt 0.510770 0.913602
vt 0.510529 0.912094
vt 0.589533 0.961527
vt 0.500371 0.913659
vt 0.968401 0.070968
vt 0.966485 0.071012
vt 0.582468 0.961696
vt 0.501710 0.912279
vt 0.501951 0.913786
vt 0.508466 0.734140
vt 0.962264 0.409868
vt 0.508583 0.732214
vt 0.430245 0.931169
vt 0.510185 0.733308
vt 0.511803 0.726731
vt 0.955307 0.410099
vt 0.593050 0.741352
vt 0.440537 0.930524
vt 0.953370 0.410092
vt 0.954427 0.408683
vt 0.438784 0.930273
vt 0.513405 0.727825
vt 0.510918 0.741341
vt 0.186570 0.942009
vt 0.187628 0.940671
vt 0.512637 0.740509
vt 0.430245 0.939807
vt 0.430702 0.941507
vt 0.188507 0.942002
vt 0.440537 0.939162
vt 0.595502 0.734151
vt 0.439240 0.940611
vt 0.595385 0.732224
vt 0.195465 0.942234
vt 0.438784 0.938912
vt 0.731085 0.939771
vt 0.500370 0.734140
vt 0.732839 0.939524
vt 0.962264 0.418911
vt 0.732381 0.941220
vt 0.500487 0.732214
vt 0.953370 0.419135
vt 0.584955 0.741352
vt 0.740915 0.942110
vt 0.955307 0.419142
vt 0.954427 0.420474
vt 0.741373 0.940414
vt 0.583236 0.740519
vt 0.186570 0.951052
vt 0.731085 0.931123
vt 0.502822 0.741341
vt 0.188507 0.951045
vt 0.584070 0.726741
vt 0.187628 0.952461
vt 0.582468 0.727835
vt 0.732839 0.930876
vt 0.587407 0.734151
vt 0.741373 0.931766
vt 0.585688 0.733318
vt 0.195465 0.951278
vt 0.587290 0.732224
vt 0.710244 0.199980
vt 0.940009 0.861886
vt 0.570200 0.742453
vt 0.942038 0.861884
vt 0.940972 0.863303
vt 0.710471 0.201610
vt 0.571810 0.741460
vt 0.568869 0.735560
vt 0.942202 0.139395
vt 0.568869 0.733530
vt 0.710471 0.210962
vt 0.570479 0.734568
vt 0.932995 0.861773
vt 0.700908 0.200201
vt 0.442453 0.734250
vt 0.701135 0.201830
vt 0.699490 0.201655
vt 0.442453 0.736279
vt 0.570200 0.727057
vt 0.935190 0.139509
vt 0.933161 0.139508
vt 0.441121 0.743172
vt 0.699490 0.211007
vt 0.934226 0.138054
vt 0.701135 0.211182
vt 0.571810 0.728095
vt 0.431855 0.727717
vt 0.940009 0.852432
vt 0.940972 0.850977
vt 0.430246 0.728754
vt 0.431887 0.911883
vt 0.560934 0.742513
vt 0.430246 0.912062
vt 0.942038 0.852430
vt 0.942202 0.148849
vt 0.559603 0.733590
vt 0.431664 0.922864
vt 0.430246 0.921411
vt 0.559603 0.735620
vt 0.431887 0.921232
vt 0.433187 0.734189
vt 0.932995 0.852319
vt 0.433187 0.736219
vt 0.441228 0.912103
vt 0.431577 0.735227
vt 0.935190 0.148963
vt 0.441005 0.923084
vt 0.934226 0.150380
vt 0.430246 0.742120
vt 0.441228 0.921452
vt 0.933161 0.148961
vt 0.431855 0.743112
vt 0.807117 0.297626
vt 0.846095 0.253542
vt 0.036792 0.874643
vt 0.808931 0.297623
vt 0.808636 0.299173
vt 0.037184 0.873014
vt 0.844177 0.253328
vt 0.818927 0.297627
vt 0.026942 0.874496
vt 0.844628 0.331116
vt 0.025445 0.872930
vt 0.844194 0.332934
vt 0.027334 0.872867
vt 0.846095 0.243574
vt 0.037184 0.862847
vt 0.844177 0.243359
vt 0.807584 0.115916
vt 0.807289 0.117460
vt 0.845661 0.241756
vt 0.844194 0.342902
vt 0.025445 0.862763
vt 0.819098 0.117458
vt 0.817285 0.117456
vt 0.027334 0.862700
vt 0.817580 0.115912
vt 0.082076 0.862470
vt 0.807117 0.287442
vt 0.855869 0.252958
vt 0.080188 0.862404
vt 0.808636 0.285896
vt 0.808931 0.287440
vt 0.853968 0.333518
vt 0.854402 0.331701
vt 0.818927 0.287444
vt 0.818632 0.285900
vt 0.070334 0.862558
vt 0.855887 0.333304
vt 0.082076 0.872635
vt 0.855869 0.242990
vt 0.855435 0.241172
vt 0.807289 0.127643
vt 0.080579 0.874202
vt 0.080188 0.872569
vt 0.853968 0.343487
vt 0.819098 0.127642
vt 0.817580 0.129189
vt 0.070334 0.872723
vt 0.855887 0.343272
vt 0.070725 0.874357
vt 0.817285 0.127639
vt 0.815642 0.382918
vt 0.530257 0.950732
vt 0.567278 0.986132
vt 0.815447 0.381140
vt 0.530491 0.951933
vt 0.816922 0.381895
vt 0.815693 0.375331
vt 0.561392 0.986574
vt 0.808371 0.307828
vt 0.530257 0.961575
vt 0.559603 0.986574
vt 0.560497 0.985246
vt 0.530491 0.960249
vt 0.817167 0.376086
vt 0.522074 0.950654
vt 0.934098 0.986773
vt 0.817167 0.388812
vt 0.934992 0.985580
vt 0.522308 0.951854
vt 0.520831 0.951906
vt 0.935887 0.986774
vt 0.806841 0.313700
vt 0.522074 0.961497
vt 0.941772 0.987217
vt 0.520831 0.960222
vt 0.806647 0.315478
vt 0.805636 0.314446
vt 0.522308 0.960171
vt 0.478560 0.950735
vt 0.807459 0.383842
vt 0.806254 0.383100
vt 0.478794 0.952061
vt 0.567278 0.994436
vt 0.477317 0.952010
vt 0.807265 0.382065
vt 0.816553 0.308748
vt 0.478560 0.961577
vt 0.559603 0.994878
vt 0.477317 0.960326
vt 0.561392 0.994878
vt 0.560497 0.996072
vt 0.478794 0.960377
vt 0.934098 0.995077
vt 0.486743 0.950657
vt 0.808985 0.389736
vt 0.935887 0.995077
vt 0.815078 0.322230
vt 0.934992 0.996405
vt 0.816553 0.321477
vt 0.486977 0.951983
vt 0.815022 0.314621
vt 0.486743 0.961499
vt 0.486977 0.960299
vt 0.816303 0.315647
vt 0.941772 0.995520
vt 0.814828 0.316399
vt 0.903063 0.471683
vt 0.729788 0.247083
vt 0.535833 0.705189
vt 0.729782 0.249117
vt 0.728361 0.248219
vt 0.534076 0.704176
vt 0.905082 0.471542
vt 0.729918 0.256595
vt 0.532709 0.712183
vt 0.729658 0.263785
vt 0.530952 0.713217
vt 0.912855 0.473813
vt 0.530952 0.711171
vt 0.729959 0.241172
vt 0.903063 0.480371
vt 0.682995 0.710783
vt 0.905082 0.480230
vt 0.729700 0.279208
vt 0.904244 0.482035
vt 0.682995 0.712822
vt 0.729829 0.269693
vt 0.522505 0.713024
vt 0.912017 0.484307
vt 0.729835 0.271727
vt 0.728361 0.270830
vt 0.912855 0.482501
vt 0.522505 0.710978
vt 0.671384 0.704186
vt 0.739318 0.247083
vt 0.740786 0.248219
vt 0.669621 0.705223
vt 0.903072 0.544225
vt 0.903912 0.546028
vt 0.739313 0.249117
vt 0.739188 0.263785
vt 0.534076 0.719690
vt 0.912858 0.542106
vt 0.911678 0.543771
vt 0.739448 0.256595
vt 0.535833 0.718657
vt 0.910838 0.541967
vt 0.675831 0.711370
vt 0.739489 0.241172
vt 0.739230 0.279208
vt 0.675831 0.713409
vt 0.903072 0.535523
vt 0.674068 0.712407
vt 0.739359 0.269693
vt 0.912858 0.533405
vt 0.740786 0.270830
vt 0.910838 0.533266
vt 0.669621 0.718645
vt 0.671384 0.719647
vt 0.739365 0.271727
vt 0.834773 0.440229
vt 0.799336 0.264062
vt 0.833867 0.442106
vt 0.830466 0.534759
vt 0.798815 0.262420
vt 0.832540 0.440330
vt 0.789329 0.264144
vt 0.841762 0.533871
vt 0.842079 0.463578
vt 0.787288 0.264120
vt 0.788808 0.262501
vt 0.839561 0.533768
vt 0.114312 0.785458
vt 0.834773 0.429957
vt 0.115832 0.783865
vt 0.832540 0.430058
vt 0.830466 0.545158
vt 0.831287 0.546991
vt 0.116353 0.785434
vt 0.842079 0.453307
vt 0.841762 0.544269
vt 0.840381 0.545999
vt 0.126360 0.785517
vt 0.841174 0.451429
vt 0.839561 0.544166
vt 0.800108 0.834379
vt 0.843512 0.441653
vt 0.797906 0.834479
vt 0.799336 0.274637
vt 0.798727 0.832651
vt 0.842607 0.443531
vt 0.787288 0.274695
vt 0.833340 0.465003
vt 0.789634 0.831679
vt 0.789329 0.274719
vt 0.788808 0.276289
vt 0.788813 0.833508
vt 0.831107 0.464902
vt 0.114313 0.796033
vt 0.800108 0.844784
vt 0.843512 0.431382
vt 0.116353 0.796009
vt 0.115833 0.797652
vt 0.797906 0.844885
vt 0.833340 0.454732
vt 0.125840 0.797734
vt 0.788813 0.843913
vt 0.831107 0.454631
vt 0.832434 0.452855
vt 0.126360 0.796092
vt 0.868568 0.443063
vt 0.615979 0.639143
vt 0.780382 0.310651
vt 0.617874 0.640099
vt 0.616229 0.641429
vt 0.780062 0.309076
vt 0.873237 0.574873
vt 0.769885 0.310584
vt 0.874383 0.576322
vt 0.767970 0.310624
vt 0.872084 0.576323
vt 0.618179 0.648885
vt 0.769565 0.309009
vt 0.605456 0.640304
vt 0.768233 0.332819
vt 0.868568 0.432461
vt 0.605706 0.642591
vt 0.769827 0.331183
vt 0.604154 0.641613
vt 0.770148 0.332859
vt 0.127773 0.640265
vt 0.874383 0.586924
vt 0.873237 0.588695
vt 0.780644 0.332792
vt 0.129671 0.639309
vt 0.607655 0.650046
vt 0.872084 0.586925
vt 0.780323 0.331116
vt 0.616284 0.631547
vt 0.876159 0.442008
vt 0.119154 0.621763
vt 0.878458 0.442009
vt 0.780062 0.323028
vt 0.877306 0.443779
vt 0.780382 0.321352
vt 0.618179 0.632503
vt 0.881974 0.577377
vt 0.116925 0.631511
vt 0.767970 0.321326
vt 0.115628 0.630201
vt 0.769885 0.321285
vt 0.117175 0.629225
vt 0.769565 0.322961
vt 0.768233 0.343520
vt 0.876159 0.431407
vt 0.877306 0.429957
vt 0.770148 0.343560
vt 0.129671 0.622929
vt 0.769827 0.345135
vt 0.878458 0.431407
vt 0.881974 0.587978
vt 0.127442 0.632676
vt 0.127692 0.630390
vt 0.780323 0.345068
vt 0.780644 0.343493
vt 0.129340 0.631720
vt 0.141213 0.680088
vt 0.871780 0.219934
vt 0.139396 0.679079
vt 0.873782 0.883072
vt 0.141169 0.677940
vt 0.136860 0.672441
vt 0.863022 0.220134
vt 0.863328 0.884697
vt 0.005838 0.688087
vt 0.860953 0.220110
vt 0.862283 0.218559
vt 0.138633 0.671302
vt 0.865437 0.884833
vt 0.357832 0.857743
vt 0.150640 0.680088
vt 0.359163 0.856254
vt 0.150596 0.677940
vt 0.873782 0.873574
vt 0.872941 0.871729
vt 0.359901 0.857719
vt 0.015266 0.688087
vt 0.863328 0.875199
vt 0.368660 0.857920
vt 0.864595 0.873489
vt 0.017083 0.687079
vt 0.865437 0.875335
vt 0.721378 0.875850
vt 0.138969 0.687589
vt 0.719269 0.875984
vt 0.871780 0.229943
vt 0.720111 0.874141
vt 0.137152 0.686581
vt 0.003595 0.680585
vt 0.860953 0.230118
vt 0.711770 0.872399
vt 0.863022 0.230143
vt 0.862283 0.231608
vt 0.003639 0.678437
vt 0.710927 0.874241
vt 0.357832 0.867752
vt 0.721378 0.885360
vt 0.148396 0.687589
vt 0.359901 0.867727
vt 0.017375 0.672939
vt 0.359163 0.869302
vt 0.015602 0.671799
vt 0.719269 0.885493
vt 0.013022 0.680585
vt 0.710927 0.883751
vt 0.013066 0.678437
vt 0.368660 0.867928
vt 0.014839 0.679577
vt 0.410612 0.673058
vt 0.454262 0.833102
vt 0.270187 0.864275
vt 0.249619 0.656267
vt 0.272391 0.864294
vt 0.271451 0.865795
vt 0.456202 0.832942
vt 0.247844 0.657536
vt 0.280717 0.863944
vt 0.251987 0.662410
vt 0.252083 0.664613
vt 0.466197 0.833344
vt 0.250212 0.663680
vt 0.454262 0.843364
vt 0.408871 0.664701
vt 0.456202 0.843204
vt 0.202838 0.853470
vt 0.455781 0.844984
vt 0.408966 0.662499
vt 0.250342 0.672970
vt 0.213370 0.853802
vt 0.465776 0.845386
vt 0.211166 0.853820
vt 0.212105 0.852176
vt 0.248471 0.672037
vt 0.466197 0.843607
vt 0.270187 0.853920
vt 0.420559 0.673058
vt 0.271451 0.852294
vt 0.422429 0.672125
vt 0.408871 0.844772
vt 0.409294 0.846547
vt 0.272391 0.853939
vt 0.420802 0.844533
vt 0.262029 0.664613
vt 0.419285 0.846152
vt 0.261934 0.662410
vt 0.280717 0.853589
vt 0.418862 0.844378
vt 0.418817 0.664701
vt 0.202838 0.863825
vt 0.418913 0.662499
vt 0.408871 0.834505
vt 0.420688 0.663768
vt 0.260288 0.672970
vt 0.213370 0.864157
vt 0.420802 0.834266
vt 0.212105 0.865677
vt 0.423057 0.657625
vt 0.418862 0.834110
vt 0.211166 0.864175
vt 0.421281 0.656356
vt 0.804856 0.526274
vt 0.797174 0.894375
vt 0.797893 0.892961
vt 0.804821 0.524810
vt 0.863328 0.893516
vt 0.799163 0.894394
vt 0.806316 0.524814
vt 0.872460 0.892022
vt 0.804822 0.515199
vt 0.454263 0.894297
vt 0.873741 0.893474
vt 0.804857 0.513745
vt 0.871760 0.893468
vt 0.806316 0.515204
vt 0.797174 0.903979
vt 0.804857 0.472607
vt 0.863328 0.903126
vt 0.799163 0.903998
vt 0.806317 0.474066
vt 0.797893 0.905483
vt 0.804893 0.474061
vt 0.454263 0.903901
vt 0.873741 0.903084
vt 0.804858 0.485136
vt 0.872460 0.904551
vt 0.804894 0.483671
vt 0.806318 0.483676
vt 0.871760 0.903078
vt 0.845485 0.902902
vt 0.795249 0.526274
vt 0.788813 0.894543
vt 0.847466 0.902898
vt 0.793790 0.524814
vt 0.846767 0.904367
vt 0.795214 0.524810
vt 0.795250 0.513745
vt 0.462623 0.894465
vt 0.463343 0.892961
vt 0.795215 0.515199
vt 0.855902 0.902929
vt 0.464613 0.894446
vt 0.793790 0.515204
vt 0.795250 0.472607
vt 0.845485 0.893292
vt 0.788813 0.904148
vt 0.846767 0.891837
vt 0.795286 0.474061
vt 0.793791 0.474066
vt 0.847466 0.893288
vt 0.462623 0.904069
vt 0.795251 0.485136
vt 0.793792 0.483676
vt 0.855902 0.893319
vt 0.464613 0.904050
vt 0.463343 0.905483
vt 0.795287 0.483671
vt 0.690184 0.709967
vt 0.713553 0.648152
vt 0.057954 0.893785
vt 0.056736 0.895471
vt 0.713123 0.606697
vt 0.690184 0.712045
vt 0.055912 0.893598
vt 0.048719 0.898054
vt 0.713206 0.613443
vt 0.225500 0.718646
vt 0.713206 0.615522
vt 0.711723 0.614498
vt 0.047895 0.896181
vt 0.227293 0.719667
vt 0.057954 0.885273
vt 0.713472 0.641208
vt 0.712014 0.640183
vt 0.055912 0.885086
vt 0.239094 0.712750
vt 0.239094 0.710679
vt 0.713472 0.639129
vt 0.713125 0.622464
vt 0.228900 0.711316
vt 0.713555 0.632385
vt 0.230693 0.710265
vt 0.047895 0.887669
vt 0.230693 0.712337
vt 0.697346 0.709710
vt 0.723232 0.648152
vt 0.114312 0.895436
vt 0.699133 0.710740
vt 0.722802 0.606697
vt 0.697346 0.711788
vt 0.124388 0.897827
vt 0.722885 0.615522
vt 0.722885 0.613443
vt 0.701951 0.718827
vt 0.724343 0.614498
vt 0.703738 0.717779
vt 0.122347 0.898018
vt 0.701951 0.703070
vt 0.723151 0.641208
vt 0.723152 0.639129
vt 0.115132 0.885060
vt 0.724634 0.640183
vt 0.114312 0.886935
vt 0.703738 0.704100
vt 0.722805 0.622464
vt 0.225500 0.705007
vt 0.124388 0.889326
vt 0.122347 0.889518
vt 0.123167 0.887643
vt 0.723235 0.632385
vt 0.227293 0.703957
vt 0.605571 0.834767
vt 0.871046 0.753319
vt 0.462454 0.986180
vt 0.872372 0.754366
vt 0.604154 0.835726
vt 0.870844 0.755019
vt 0.873664 0.760588
vt 0.455956 0.986461
vt 0.866271 0.151961
vt 0.844568 0.291336
vt 0.454262 0.986444
vt 0.455249 0.985190
vt 0.844568 0.293042
vt 0.872136 0.761242
vt 0.984693 0.986264
vt 0.863606 0.752650
vt 0.985680 0.985095
vt 0.863404 0.754350
vt 0.854231 0.298833
vt 0.855699 0.298007
vt 0.986387 0.986247
vt 0.873711 0.151292
vt 0.851748 0.290941
vt 0.992885 0.986530
vt 0.853215 0.291821
vt 0.864696 0.760573
vt 0.851748 0.292646
vt 0.608305 0.839674
vt 0.873664 0.748348
vt 0.608397 0.841377
vt 0.462454 0.994157
vt 0.606888 0.840632
vt 0.863653 0.146990
vt 0.454262 0.994422
vt 0.604762 0.846941
vt 0.455956 0.994439
vt 0.455249 0.995591
vt 0.863451 0.145290
vt 0.606271 0.847686
vt 0.984693 0.994241
vt 0.615508 0.839674
vt 0.866224 0.747680
vt 0.986387 0.994224
vt 0.873711 0.139052
vt 0.985680 0.995496
vt 0.872183 0.138399
vt 0.615600 0.841377
vt 0.871093 0.146321
vt 0.854231 0.285896
vt 0.613474 0.847686
vt 0.870891 0.144621
vt 0.992885 0.994507
vt 0.855699 0.286776
vt 0.872419 0.145275
vt 0.592820 0.640718
vt 0.226981 0.696768
vt 0.680559 0.178163
vt 0.590908 0.641818
vt 0.202838 0.843408
vt 0.590908 0.639616
vt 0.582468 0.642263
vt 0.680449 0.184984
vt 0.203520 0.831833
vt 0.680448 0.187188
vt 0.678904 0.186152
vt 0.202838 0.833787
vt 0.582468 0.640062
vt 0.596965 0.633926
vt 0.227077 0.689080
vt 0.225500 0.688044
vt 0.595053 0.632824
vt 0.212081 0.844986
vt 0.214167 0.844733
vt 0.227076 0.686877
vt 0.660583 0.623430
vt 0.680545 0.194874
vt 0.212763 0.833411
vt 0.226967 0.680057
vt 0.214167 0.835112
vt 0.662489 0.622323
vt 0.212081 0.835366
vt 0.440171 0.843673
vt 0.596965 0.648417
vt 0.237256 0.696768
vt 0.439489 0.841718
vt 0.690835 0.178163
vt 0.441575 0.841972
vt 0.595053 0.649517
vt 0.690723 0.187188
vt 0.648030 0.616192
vt 0.441575 0.832351
vt 0.690725 0.184984
vt 0.692300 0.186152
vt 0.439489 0.832097
vt 0.648030 0.613986
vt 0.430928 0.845251
vt 0.237353 0.689080
vt 0.237351 0.686877
vt 0.662489 0.607796
vt 0.238897 0.688044
vt 0.660583 0.606697
vt 0.430246 0.843296
vt 0.690820 0.194874
vt 0.655967 0.616009
vt 0.655967 0.613803
vt 0.430246 0.833675
vt 0.237242 0.680057
vt 0.657873 0.614902
vt 0.669930 0.924391
vt 0.941818 0.341935
vt 0.943830 0.341934
vt 0.739279 0.063779
vt 0.942772 0.343343
vt 0.740934 0.062808
vt 0.669621 0.922722
vt 0.737533 0.056918
vt 0.935301 0.713956
vt 0.737552 0.054905
vt 0.669621 0.913524
vt 0.739188 0.055947
vt 0.934849 0.341835
vt 0.679085 0.923993
vt 0.741042 0.009989
vt 0.678776 0.922325
vt 0.680476 0.922536
vt 0.741061 0.012002
vt 0.942268 0.713855
vt 0.739426 0.048511
vt 0.739316 0.018863
vt 0.680476 0.913337
vt 0.944280 0.713857
vt 0.943222 0.715297
vt 0.678776 0.913126
vt 0.741061 0.049553
vt 0.730146 0.003595
vt 0.941818 0.332558
vt 0.942772 0.331117
vt 0.728511 0.004637
vt 0.790509 0.912672
vt 0.730257 0.063779
vt 0.788813 0.912887
vt 0.943830 0.332556
vt 0.935301 0.704579
vt 0.728530 0.054905
vt 0.790204 0.923538
vt 0.788813 0.922081
vt 0.728511 0.056918
vt 0.790509 0.921866
vt 0.732020 0.009989
vt 0.934849 0.332457
vt 0.732039 0.012002
vt 0.799671 0.913068
vt 0.730384 0.011031
vt 0.799366 0.923934
vt 0.942268 0.704478
vt 0.943222 0.703070
vt 0.728638 0.017892
vt 0.799671 0.922263
vt 0.730293 0.018863
vt 0.944280 0.704479
vt 0.993676 0.656659
vt 0.225500 0.968269
vt 0.679059 0.968536
vt 0.226691 0.967053
vt 0.677656 0.968527
vt 0.677838 0.967304
vt 0.227014 0.968224
vt 0.669621 0.968538
vt 0.992586 0.712499
vt 0.992235 0.711098
vt 0.234855 0.968333
vt 0.669804 0.967314
vt 0.993769 0.711226
vt 0.225500 0.976382
vt 0.993676 0.664682
vt 0.227014 0.976337
vt 0.430246 0.968321
vt 0.226691 0.977631
vt 0.993324 0.666086
vt 0.992235 0.703070
vt 0.439684 0.968322
vt 0.438280 0.968331
vt 0.234533 0.977740
vt 0.438463 0.967086
vt 0.234855 0.976447
vt 0.993769 0.703198
vt 0.679059 0.976660
vt 0.985890 0.656294
vt 0.677838 0.977895
vt 0.984355 0.656425
vt 0.863328 0.976370
vt 0.863651 0.977663
vt 0.677656 0.976650
vt 0.872683 0.976305
vt 0.984446 0.711453
vt 0.984797 0.712854
vt 0.669621 0.976661
vt 0.871492 0.977554
vt 0.871169 0.976260
vt 0.985890 0.664317
vt 0.985538 0.665722
vt 0.430246 0.976445
vt 0.863328 0.968256
vt 0.430428 0.977668
vt 0.984355 0.664448
vt 0.984446 0.703425
vt 0.872683 0.968192
vt 0.439684 0.976446
vt 0.438463 0.977678
vt 0.871169 0.968147
vt 0.871492 0.966976
vt 0.438281 0.976455
vt 0.864214 0.726881
vt 0.964873 0.318298
vt 0.976295 0.616487
vt 0.865588 0.725512
vt 0.966819 0.318301
vt 0.965904 0.319653
vt 0.865694 0.726801
vt 0.973607 0.318153
vt 0.874634 0.725556
vt 0.975187 0.893756
vt 0.876008 0.726938
vt 0.973240 0.893767
vt 0.974167 0.892281
vt 0.874740 0.726845
vt 0.864214 0.735935
vt 0.969603 0.617195
vt 0.968673 0.618447
vt 0.865694 0.735856
vt 0.161773 0.967897
vt 0.865588 0.737318
vt 0.967656 0.617185
vt 0.153039 0.967753
vt 0.966526 0.893066
vt 0.876008 0.735993
vt 0.874634 0.737362
vt 0.154984 0.967751
vt 0.154070 0.969153
vt 0.874740 0.735899
vt 0.136860 0.873793
vt 0.964873 0.309228
vt 0.976295 0.607475
vt 0.965904 0.307828
vt 0.138128 0.873700
vt 0.138234 0.875162
vt 0.966819 0.309231
vt 0.148654 0.873736
vt 0.973240 0.902780
vt 0.975187 0.902769
vt 0.973607 0.309083
vt 0.147280 0.875118
vt 0.974167 0.904032
vt 0.147174 0.873656
vt 0.136860 0.864738
vt 0.969603 0.608183
vt 0.967656 0.608173
vt 0.161773 0.958827
vt 0.138234 0.863356
vt 0.968673 0.606697
vt 0.138128 0.864645
vt 0.966526 0.902079
vt 0.153039 0.958683
vt 0.148654 0.864681
vt 0.154070 0.957328
vt 0.147174 0.864601
vt 0.154984 0.958680
vt 0.147280 0.863312
vt 0.888831 0.118698
vt 0.889514 0.116928
vt 0.825513 0.252683
vt 0.873562 0.821108
vt 0.825844 0.254043
vt 0.890857 0.118549
vt 0.864066 0.822739
vt 0.835186 0.252890
vt 0.878681 0.308861
vt 0.862728 0.821261
vt 0.836987 0.252782
vt 0.864759 0.821286
vt 0.835518 0.254250
vt 0.837130 0.149739
vt 0.888831 0.128359
vt 0.890857 0.128210
vt 0.873562 0.811199
vt 0.835660 0.151270
vt 0.835328 0.149632
vt 0.878681 0.318513
vt 0.862728 0.811351
vt 0.864066 0.809819
vt 0.825656 0.149838
vt 0.879366 0.320287
vt 0.864759 0.811376
vt 0.825988 0.151476
vt 0.862888 0.297283
vt 0.879993 0.117683
vt 0.864919 0.297258
vt 0.825844 0.241172
vt 0.864225 0.298815
vt 0.825513 0.242811
vt 0.880676 0.115912
vt 0.887516 0.307828
vt 0.836987 0.242909
vt 0.835186 0.243017
vt 0.835518 0.241379
vt 0.873721 0.297436
vt 0.889542 0.307978
vt 0.837130 0.139867
vt 0.862888 0.287374
vt 0.879993 0.127343
vt 0.864225 0.285896
vt 0.835328 0.139760
vt 0.835660 0.138399
vt 0.864919 0.287349
vt 0.887516 0.317480
vt 0.873721 0.287526
vt 0.825988 0.138605
vt 0.889542 0.317631
vt 0.825656 0.139966
vt 0.888200 0.319254
vt 0.080012 0.654713
vt 0.638237 0.680188
vt 0.359079 0.680155
vt 0.078109 0.655810
vt 0.828737 0.691702
vt 0.078109 0.653604
vt 0.070335 0.655604
vt 0.359455 0.687832
vt 0.829396 0.680224
vt 0.359448 0.690035
vt 0.357832 0.688869
vt 0.070335 0.653397
vt 0.828737 0.682207
vt 0.084764 0.647280
vt 0.638662 0.687020
vt 0.640163 0.688186
vt 0.082862 0.646171
vt 0.838052 0.693363
vt 0.840127 0.693074
vt 0.638669 0.689224
vt 0.062390 0.655947
vt 0.359025 0.696868
vt 0.838712 0.681885
vt 0.840127 0.683579
vt 0.638291 0.696901
vt 0.062390 0.653751
vt 0.838052 0.683868
vt 0.838186 0.667767
vt 0.084764 0.661807
vt 0.627976 0.680188
vt 0.837531 0.665781
vt 0.369340 0.680155
vt 0.839603 0.666074
vt 0.082862 0.662905
vt 0.049806 0.663206
vt 0.369709 0.690035
vt 0.369716 0.687832
vt 0.839603 0.656587
vt 0.371211 0.688869
vt 0.837531 0.656294
vt 0.047895 0.662112
vt 0.828855 0.669423
vt 0.628401 0.687020
vt 0.628408 0.689224
vt 0.049806 0.646548
vt 0.626785 0.688186
vt 0.047895 0.647650
vt 0.828201 0.667437
vt 0.369287 0.696868
vt 0.053870 0.655375
vt 0.051958 0.654281
vt 0.828201 0.657951
vt 0.628030 0.696901
vt 0.053870 0.653179
vt 0.847168 0.986560
vt 0.979443 0.514039
vt 0.845485 0.986488
vt 0.983659 0.939821
vt 0.846588 0.985173
vt 0.978831 0.512680
vt 0.972295 0.514484
vt 0.750650 0.994350
vt 0.983897 0.930307
vt 0.970598 0.514432
vt 0.983659 0.931639
vt 0.971684 0.513126
vt 0.854428 0.986031
vt 0.880971 0.969657
vt 0.882057 0.968486
vt 0.853847 0.984645
vt 0.991712 0.939935
vt 0.993173 0.939863
vt 0.882669 0.969604
vt 0.757896 0.994888
vt 0.991950 0.930421
vt 0.889815 0.970051
vt 0.993173 0.931681
vt 0.759581 0.994816
vt 0.991712 0.931753
vt 0.809091 0.983794
vt 0.847168 0.994685
vt 0.809328 0.985127
vt 0.979443 0.522192
vt 0.807867 0.985055
vt 0.845485 0.994613
vt 0.750650 0.986227
vt 0.970598 0.522585
vt 0.807867 0.993237
vt 0.972295 0.522638
vt 0.971684 0.523756
vt 0.751235 0.984839
vt 0.809328 0.993309
vt 0.880972 0.977810
vt 0.817144 0.983680
vt 0.854428 0.994156
vt 0.882669 0.977758
vt 0.882057 0.979117
vt 0.817382 0.985012
vt 0.757896 0.986764
vt 0.889203 0.979563
vt 0.817382 0.993194
vt 0.758481 0.985376
vt 0.759581 0.986692
vt 0.889815 0.978204
vt 0.992802 0.818139
vt 0.983597 0.871729
vt 0.991560 0.819403
vt 0.982014 0.871870
vt 0.966611 0.921350
vt 0.991387 0.818038
vt 0.983384 0.819511
vt 0.974387 0.921528
vt 0.991555 0.048073
vt 0.975989 0.921480
vt 0.974808 0.922704
vt 0.983211 0.818145
vt 0.991159 0.046629
vt 0.991438 0.872185
vt 0.992802 0.809920
vt 0.966659 0.242627
vt 0.991387 0.809819
vt 0.967840 0.241349
vt 0.968261 0.242676
vt 0.983724 0.048532
vt 0.982138 0.048393
vt 0.976036 0.242499
vt 0.983211 0.809927
vt 0.983327 0.047089
vt 0.975615 0.241172
vt 0.983597 0.879854
vt 0.992769 0.911893
vt 0.983205 0.881299
vt 0.967032 0.911785
vt 0.966611 0.913112
vt 0.982014 0.879996
vt 0.975989 0.913241
vt 0.991555 0.056200
vt 0.983178 0.911886
vt 0.974387 0.913290
vt 0.974808 0.911963
vt 0.984593 0.911785
vt 0.966659 0.250865
vt 0.991438 0.880310
vt 0.968261 0.250914
vt 0.992596 0.921477
vt 0.967840 0.252090
vt 0.992769 0.920111
vt 0.991046 0.881755
vt 0.983724 0.056659
vt 0.983178 0.920105
vt 0.984593 0.920004
vt 0.976036 0.250737
vt 0.982138 0.056520
vt 0.984420 0.921369
vt 0.898643 0.057548
vt 0.908614 0.178270
vt 0.520831 0.885371
vt 0.522707 0.885383
vt 0.522193 0.886820
vt 0.910575 0.178163
vt 0.531677 0.885334
vt 0.907753 0.758598
vt 0.907039 0.756829
vt 0.919099 0.178913
vt 0.531163 0.886771
vt 0.909022 0.756995
vt 0.908614 0.187717
vt 0.898643 0.048399
vt 0.910575 0.187610
vt 0.408871 0.875732
vt 0.909908 0.189266
vt 0.899358 0.046630
vt 0.419718 0.875769
vt 0.907039 0.747680
vt 0.918432 0.190016
vt 0.417842 0.875781
vt 0.418356 0.874305
vt 0.919099 0.188360
vt 0.909022 0.747845
vt 0.520831 0.875784
vt 0.906999 0.058954
vt 0.522193 0.874320
vt 0.908983 0.058788
vt 0.910561 0.208953
vt 0.911228 0.210605
vt 0.522707 0.875796
vt 0.921044 0.208324
vt 0.898683 0.758235
vt 0.919750 0.209871
vt 0.899397 0.760004
vt 0.531677 0.875747
vt 0.919083 0.208219
vt 0.906999 0.049804
vt 0.907714 0.048035
vt 0.408871 0.885319
vt 0.910561 0.199500
vt 0.409385 0.886756
vt 0.908983 0.049638
vt 0.898683 0.749085
vt 0.419718 0.885355
vt 0.921044 0.198871
vt 0.418356 0.886804
vt 0.919083 0.198766
vt 0.417842 0.885368
vt 0.891567 0.103412
vt 0.739941 0.885185
vt 0.441195 0.853988
vt 0.890106 0.104954
vt 0.741968 0.885013
vt 0.889730 0.103282
vt 0.880493 0.105251
vt 0.432260 0.853930
vt 0.430246 0.883381
vt 0.430246 0.853939
vt 0.431603 0.852440
vt 0.880116 0.103579
vt 0.430927 0.885186
vt 0.891567 0.093556
vt 0.731085 0.884022
vt 0.454263 0.854150
vt 0.889730 0.093426
vt 0.455620 0.852633
vt 0.456277 0.854159
vt 0.439102 0.882218
vt 0.441128 0.882390
vt 0.465211 0.854101
vt 0.464554 0.852575
vt 0.880116 0.093723
vt 0.439783 0.884023
vt 0.739941 0.875597
vt 0.806892 0.170657
vt 0.740623 0.873792
vt 0.440538 0.865440
vt 0.441195 0.863914
vt 0.741968 0.875425
vt 0.430246 0.873793
vt 0.818345 0.170825
vt 0.430246 0.863866
vt 0.432260 0.863856
vt 0.431603 0.865382
vt 0.816511 0.170958
vt 0.454263 0.864076
vt 0.731085 0.874433
vt 0.456277 0.864086
vt 0.807265 0.159128
vt 0.455620 0.865575
vt 0.806892 0.160804
vt 0.731767 0.872628
vt 0.818345 0.160972
vt 0.439102 0.872630
vt 0.816511 0.161106
vt 0.465211 0.864028
vt 0.441128 0.872802
vt 0.816884 0.159430
vt 0.758985 0.070968
vt 0.969630 0.726738
vt 0.967706 0.726752
vt 0.750886 0.352685
vt 0.530931 0.932569
vt 0.968724 0.725512
vt 0.529159 0.932417
vt 0.760615 0.071938
vt 0.530931 0.941359
vt 0.748416 0.359113
vt 0.529666 0.942796
vt 0.976470 0.931047
vt 0.748416 0.361040
vt 0.529159 0.941207
vt 0.976334 0.727477
vt 0.756517 0.077206
vt 0.520831 0.933086
vt 0.758147 0.078176
vt 0.756517 0.079133
vt 0.521338 0.943465
vt 0.969768 0.931785
vt 0.967843 0.931771
vt 0.758985 0.085583
vt 0.968861 0.930306
vt 0.520831 0.941876
vt 0.760615 0.084626
vt 0.486910 0.943468
vt 0.969630 0.735642
vt 0.968724 0.737121
vt 0.487417 0.941879
vt 0.760782 0.353693
vt 0.759151 0.352735
vt 0.967706 0.735656
vt 0.976470 0.939951
vt 0.756682 0.361090
vt 0.756682 0.359163
vt 0.487417 0.933088
vt 0.758312 0.360122
vt 0.748250 0.077269
vt 0.478582 0.942799
vt 0.976334 0.736381
vt 0.748251 0.079196
vt 0.477317 0.941362
vt 0.479089 0.941210
vt 0.969768 0.940689
vt 0.759151 0.367350
vt 0.968861 0.941916
vt 0.760782 0.366382
vt 0.479089 0.932419
vt 0.750718 0.085646
vt 0.967843 0.940675
vt 0.477317 0.932571
vt 0.593058 0.826948
vt 0.335095 0.803495
vt 0.629095 0.632385
vt 0.328332 0.633433
vt 0.337278 0.803467
vt 0.336525 0.805141
vt 0.590787 0.827039
vt 0.326446 0.632285
vt 0.346690 0.803676
vt 0.326054 0.640889
vt 0.324168 0.642026
vt 0.582468 0.824678
vt 0.324168 0.639741
vt 0.593058 0.817008
vt 0.639233 0.632414
vt 0.590787 0.817099
vt 0.742681 0.803332
vt 0.591794 0.815139
vt 0.641119 0.633551
vt 0.731085 0.803513
vt 0.314030 0.642056
vt 0.583475 0.812778
vt 0.733267 0.803542
vt 0.732515 0.805096
vt 0.314030 0.639771
vt 0.582468 0.814738
vt 0.335095 0.792867
vt 0.626817 0.639973
vt 0.336525 0.791284
vt 0.626817 0.642258
vt 0.395646 0.815842
vt 0.394638 0.813884
vt 0.337278 0.792838
vt 0.385058 0.818091
vt 0.326446 0.649614
vt 0.386322 0.816224
vt 0.328332 0.648477
vt 0.346690 0.793048
vt 0.387330 0.818181
vt 0.636955 0.640002
vt 0.742681 0.792704
vt 0.638841 0.641139
vt 0.395646 0.825796
vt 0.636955 0.642287
vt 0.316308 0.649644
vt 0.385058 0.828046
vt 0.731085 0.792885
vt 0.732515 0.791238
vt 0.639233 0.649743
vt 0.387330 0.828136
vt 0.641119 0.648595
vt 0.733268 0.792913
vt 0.933657 0.813381
vt 0.758774 0.277611
vt 0.950198 0.272207
vt 0.934794 0.811832
vt 0.760414 0.276652
vt 0.935542 0.813540
vt 0.942284 0.809819
vt 0.957538 0.272610
vt 0.760414 0.293086
vt 0.959434 0.272584
vt 0.958319 0.273880
vt 0.943032 0.811527
vt 0.760414 0.291161
vt 0.933657 0.821560
vt 0.750644 0.277661
vt 0.950221 0.811238
vt 0.951336 0.809819
vt 0.935542 0.821720
vt 0.749616 0.284850
vt 0.747975 0.285816
vt 0.952117 0.811264
vt 0.752284 0.293036
vt 0.750644 0.292078
vt 0.959455 0.810861
vt 0.943032 0.819706
vt 0.752284 0.291111
vt 0.756105 0.271197
vt 0.942997 0.913804
vt 0.756105 0.269272
vt 0.950198 0.263272
vt 0.757746 0.270239
vt 0.757746 0.299500
vt 0.933610 0.911948
vt 0.959434 0.263649
vt 0.760414 0.263978
vt 0.957538 0.263675
vt 0.958319 0.262230
vt 0.935494 0.911785
vt 0.758774 0.263011
vt 0.950221 0.820174
vt 0.747975 0.271247
vt 0.952117 0.820199
vt 0.942252 0.923682
vt 0.951336 0.821469
vt 0.942997 0.921972
vt 0.747975 0.269322
vt 0.933610 0.920116
vt 0.749616 0.299450
vt 0.935494 0.919954
vt 0.934750 0.921664
vt 0.959455 0.819796
vt 0.747976 0.298491
vt 0.562492 0.697357
vt 0.893602 0.681764
vt 0.891563 0.681803
vt 0.808414 0.890583
vt 0.892327 0.680224
vt 0.807868 0.892256
vt 0.560639 0.696522
vt 0.883173 0.681418
vt 0.817513 0.891111
vt 0.690639 0.661793
vt 0.818895 0.892661
vt 0.690482 0.663857
vt 0.816967 0.892784
vt 0.564688 0.689263
vt 0.807868 0.901935
vt 0.562834 0.688428
vt 0.883460 0.608468
vt 0.564530 0.687199
vt 0.893889 0.608120
vt 0.692677 0.671952
vt 0.818895 0.902340
vt 0.561299 0.681700
vt 0.891850 0.608081
vt 0.892615 0.606697
vt 0.559603 0.682929
vt 0.816967 0.902463
vt 0.775256 0.526453
vt 0.893602 0.691521
vt 0.571464 0.697357
vt 0.892327 0.692944
vt 0.777183 0.526579
vt 0.704538 0.657523
vt 0.702842 0.656294
vt 0.891563 0.691560
vt 0.699454 0.663857
vt 0.699611 0.661793
vt 0.883172 0.691174
vt 0.786291 0.526045
vt 0.701307 0.663022
vt 0.775256 0.516778
vt 0.573659 0.689263
vt 0.883460 0.618224
vt 0.573502 0.687199
vt 0.776640 0.515227
vt 0.777183 0.516903
vt 0.701649 0.671952
vt 0.893889 0.617876
vt 0.892615 0.619417
vt 0.786291 0.516369
vt 0.703502 0.671116
vt 0.785748 0.514693
vt 0.891850 0.617837
vt 0.759310 0.613580
vt 0.070335 0.968618
vt 0.759444 0.611705
vt 0.247844 0.933603
vt 0.760982 0.612819
vt 0.762240 0.606697
vt 0.077435 0.968318
vt 0.345867 0.762897
vt 0.258048 0.933208
vt 0.079324 0.968333
vt 0.078245 0.969726
vt 0.256377 0.932972
vt 0.763777 0.607811
vt 0.178098 0.967185
vt 0.761218 0.620916
vt 0.177020 0.968486
vt 0.762890 0.620155
vt 0.247844 0.942190
vt 0.248218 0.943826
vt 0.176209 0.967200
vt 0.258048 0.941795
vt 0.347775 0.755561
vt 0.347640 0.753686
vt 0.169108 0.966899
vt 0.256752 0.943195
vt 0.256377 0.941560
vt 0.946086 0.634410
vt 0.751097 0.613580
vt 0.944414 0.634642
vt 0.070335 0.959749
vt 0.944790 0.633010
vt 0.751232 0.611705
vt 0.079324 0.959465
vt 0.337654 0.762897
vt 0.936261 0.632385
vt 0.077435 0.959450
vt 0.078245 0.958163
vt 0.335982 0.762137
vt 0.935884 0.634017
vt 0.178098 0.958316
vt 0.946086 0.643006
vt 0.753006 0.620916
vt 0.176209 0.958331
vt 0.336632 0.748678
vt 0.177020 0.956923
vt 0.335095 0.749793
vt 0.944414 0.643237
vt 0.339563 0.755561
vt 0.337891 0.754800
vt 0.935884 0.642612
vt 0.169108 0.958030
vt 0.339428 0.753686
vt 0.860175 0.437443
vt 0.983330 0.331268
vt 0.848951 0.538618
vt 0.860174 0.435682
vt 0.861379 0.436574
vt 0.984796 0.331116
vt 0.848951 0.540285
vt 0.859912 0.429957
vt 0.854591 0.540543
vt 0.860856 0.526502
vt 0.856086 0.541472
vt 0.992834 0.331367
vt 0.854591 0.542209
vt 0.983330 0.339366
vt 0.125655 0.857635
vt 0.859919 0.443311
vt 0.984796 0.339215
vt 0.860863 0.513149
vt 0.984551 0.340635
vt 0.124159 0.858565
vt 0.860599 0.520636
vt 0.860294 0.545668
vt 0.992589 0.340886
vt 0.860600 0.518875
vt 0.861883 0.519766
vt 0.992834 0.339466
vt 0.858798 0.546405
vt 0.125655 0.846665
vt 0.851985 0.437443
vt 0.850701 0.436574
vt 0.124159 0.845928
vt 0.983523 0.733863
vt 0.983771 0.735279
vt 0.851984 0.435682
vt 0.860294 0.534697
vt 0.852666 0.526502
vt 0.993025 0.733763
vt 0.851722 0.429957
vt 0.991805 0.735031
vt 0.858798 0.533768
vt 0.991558 0.733614
vt 0.121448 0.850860
vt 0.851729 0.443311
vt 0.852673 0.513149
vt 0.119952 0.851790
vt 0.983523 0.725760
vt 0.119952 0.850124
vt 0.993025 0.725660
vt 0.852409 0.520636
vt 0.851205 0.519766
vt 0.114312 0.852048
vt 0.991558 0.725512
vt 0.852410 0.518875
vt 0.114312 0.853714
vt 0.124397 0.953167
vt 0.750650 0.940974
vt 0.863328 0.922160
vt 0.123139 0.954590
vt 0.751215 0.942623
vt 0.122590 0.953090
vt 0.114862 0.954980
vt 0.872036 0.922189
vt 0.712742 0.931371
vt 0.873724 0.922178
vt 0.872401 0.923545
vt 0.710927 0.931549
vt 0.114312 0.953480
vt 0.124397 0.944186
vt 0.750650 0.932249
vt 0.235896 0.922481
vt 0.122590 0.944110
vt 0.234573 0.923858
vt 0.234208 0.922470
vt 0.712742 0.940096
vt 0.712178 0.941745
vt 0.225500 0.922499
vt 0.114312 0.944500
vt 0.710927 0.940274
vt 0.225865 0.923887
vt 0.758884 0.940012
vt 0.943632 0.188643
vt 0.760699 0.940189
vt 0.863692 0.911740
vt 0.863328 0.913128
vt 0.759448 0.941661
vt 0.873724 0.913145
vt 0.720976 0.932333
vt 0.953722 0.188965
vt 0.872036 0.913157
vt 0.951916 0.189044
vt 0.872401 0.911769
vt 0.235896 0.913449
vt 0.758884 0.931287
vt 0.234208 0.913437
vt 0.944180 0.178163
vt 0.234573 0.912081
vt 0.943632 0.179666
vt 0.760699 0.931464
vt 0.953722 0.179988
vt 0.720976 0.941058
vt 0.951916 0.180067
vt 0.952463 0.178563
vt 0.225500 0.913466
vt 0.720412 0.942707
vt 0.614765 0.743046
vt 0.990562 0.035487
vt 0.520831 0.904891
vt 0.743461 0.726523
vt 0.522653 0.904926
vt 0.522156 0.906285
vt 0.988564 0.035516
vt 0.741829 0.725512
vt 0.531379 0.904790
vt 0.741696 0.733002
vt 0.740065 0.733992
vt 0.981565 0.034144
vt 0.740065 0.731991
vt 0.990562 0.026402
vt 0.605786 0.743002
vt 0.988564 0.026430
vt 0.302184 0.906190
vt 0.989499 0.024813
vt 0.302682 0.904721
vt 0.604154 0.742012
vt 0.292133 0.904619
vt 0.731085 0.734036
vt 0.293955 0.904585
vt 0.293458 0.906054
vt 0.981565 0.025059
vt 0.731085 0.732034
vt 0.520831 0.895580
vt 0.616530 0.736346
vt 0.034441 0.977102
vt 0.616530 0.734345
vt 0.522156 0.894145
vt 0.522653 0.895614
vt 0.741829 0.740692
vt 0.025445 0.978423
vt 0.026508 0.976837
vt 0.531379 0.895478
vt 0.743461 0.739701
vt 0.027443 0.978451
vt 0.530881 0.894009
vt 0.607551 0.736303
vt 0.302682 0.895409
vt 0.605919 0.735313
vt 0.034441 0.986195
vt 0.607551 0.734302
vt 0.732850 0.740735
vt 0.025446 0.987516
vt 0.292133 0.895308
vt 0.293458 0.893914
vt 0.605786 0.727823
vt 0.027443 0.987544
vt 0.293955 0.895273
vt 0.604154 0.728834
vt 0.671747 0.876414
vt 0.818097 0.254342
vt 0.487992 0.856004
vt 0.669621 0.876335
vt 0.670927 0.874679
vt 0.818324 0.252967
vt 0.808051 0.254498
vt 0.479449 0.855935
vt 0.806525 0.252987
vt 0.604154 0.886505
vt 0.477317 0.855940
vt 0.478614 0.854408
vt 0.808278 0.253122
vt 0.680350 0.875534
vt 0.582468 0.856384
vt 0.583765 0.854831
vt 0.679530 0.873798
vt 0.818324 0.242865
vt 0.818097 0.241172
vt 0.584600 0.856390
vt 0.806525 0.242886
vt 0.612736 0.887396
vt 0.808051 0.241328
vt 0.614865 0.887317
vt 0.593142 0.856322
vt 0.808278 0.243021
vt 0.806506 0.082581
vt 0.671747 0.886435
vt 0.808259 0.082445
vt 0.487992 0.866159
vt 0.808032 0.084139
vt 0.669621 0.886355
vt 0.477317 0.866096
vt 0.604154 0.876486
vt 0.818078 0.084294
vt 0.479449 0.866090
vt 0.478614 0.867649
vt 0.818305 0.082601
vt 0.604979 0.874751
vt 0.582468 0.866540
vt 0.806506 0.072479
vt 0.680350 0.885554
vt 0.584600 0.866546
vt 0.808032 0.070968
vt 0.583765 0.868073
vt 0.808259 0.072344
vt 0.612736 0.877376
vt 0.818305 0.072499
vt 0.613561 0.875641
vt 0.593142 0.866478
vt 0.614865 0.877298
vt 0.818078 0.071124
vt 0.946964 0.502173
vt 0.366422 0.980817
vt 0.091954 0.949400
vt 0.945735 0.503446
vt 0.366396 0.979438
vt 0.945307 0.502222
vt 0.367724 0.979519
vt 0.366407 0.970888
vt 0.012079 0.951353
vt 0.011627 0.949981
vt 0.013299 0.950027
vt 0.937218 0.502050
vt 0.367735 0.970969
vt 0.946964 0.493623
vt 0.091954 0.940852
vt 0.945307 0.493672
vt 0.257736 0.970103
vt 0.945735 0.492298
vt 0.092407 0.939475
vt 0.011627 0.941430
vt 0.257722 0.980032
vt 0.012079 0.940205
vt 0.257747 0.978652
vt 0.937647 0.492126
vt 0.937218 0.493500
vt 0.013299 0.941477
vt 0.357858 0.980817
vt 0.099983 0.949591
vt 0.101656 0.949542
vt 0.946896 0.555595
vt 0.100436 0.950811
vt 0.946467 0.554221
vt 0.357832 0.979438
vt 0.937150 0.555718
vt 0.003594 0.950160
vt 0.938379 0.554393
vt 0.004047 0.951533
vt 0.357843 0.970888
vt 0.938807 0.555767
vt 0.099983 0.941043
vt 0.100436 0.939666
vt 0.249172 0.970103
vt 0.946896 0.564144
vt 0.247844 0.970184
vt 0.101656 0.940994
vt 0.003594 0.941610
vt 0.249157 0.980032
vt 0.937150 0.564268
vt 0.247855 0.978733
vt 0.938807 0.564317
vt 0.938379 0.565540
vt 0.249183 0.978652
vt 0.949667 0.831793
vt 0.941463 0.978390
vt 0.977079 0.353848
vt 0.950888 0.830480
vt 0.943205 0.978229
vt 0.951273 0.831877
vt 0.958930 0.830226
vt 0.969715 0.354008
vt 0.635878 0.969089
vt 0.967972 0.353989
vt 0.969091 0.352685
vt 0.959316 0.831623
vt 0.635250 0.967514
vt 0.949667 0.840183
vt 0.934098 0.977051
vt 0.968151 0.704325
vt 0.969269 0.703070
vt 0.951273 0.840267
vt 0.950888 0.841419
vt 0.969893 0.704306
vt 0.628530 0.970434
vt 0.958930 0.841164
vt 0.626785 0.970275
vt 0.977257 0.704468
vt 0.627901 0.968860
vt 0.959316 0.840013
vt 0.941463 0.970419
vt 0.942086 0.968844
vt 0.949525 0.778997
vt 0.977079 0.362273
vt 0.949910 0.780148
vt 0.943205 0.970258
vt 0.967972 0.362415
vt 0.635878 0.977062
vt 0.959174 0.779167
vt 0.957952 0.780403
vt 0.969715 0.362434
vt 0.969091 0.363670
vt 0.957567 0.779251
vt 0.968151 0.712751
vt 0.934098 0.969080
vt 0.969893 0.712732
vt 0.949910 0.769210
vt 0.969269 0.714056
vt 0.949525 0.770607
vt 0.934722 0.967504
vt 0.959174 0.770778
vt 0.628530 0.978408
vt 0.957567 0.770862
vt 0.957952 0.769465
vt 0.977257 0.712894
vt 0.626785 0.978249
vt 0.173172 0.808891
vt 0.982520 0.080980
vt 0.171623 0.808099
vt 0.136860 0.985261
vt 0.173097 0.807112
vt 0.169108 0.802885
vt 0.989368 0.080337
vt 0.797515 0.443891
vt 0.137482 0.976079
vt 0.991129 0.080380
vt 0.990089 0.081732
vt 0.136860 0.977690
vt 0.170582 0.801898
vt 0.180856 0.808891
vt 0.982560 0.770366
vt 0.983600 0.769210
vt 0.180780 0.807112
vt 0.144117 0.986971
vt 0.145841 0.986770
vt 0.984321 0.770323
vt 0.144739 0.977789
vt 0.805189 0.443891
vt 0.806739 0.443096
vt 0.991168 0.770967
vt 0.145841 0.979198
vt 0.144117 0.979399
vt 0.974490 0.576582
vt 0.171155 0.815391
vt 0.975112 0.578192
vt 0.982520 0.072725
vt 0.973387 0.577992
vt 0.169606 0.814599
vt 0.795478 0.437405
vt 0.991129 0.072124
vt 0.989368 0.072082
vt 0.973387 0.585564
vt 0.990089 0.070968
vt 0.975112 0.585764
vt 0.795552 0.435625
vt 0.982560 0.778622
vt 0.981746 0.574873
vt 0.178838 0.815390
vt 0.984321 0.778578
vt 0.807228 0.431379
vt 0.983600 0.779974
vt 0.805753 0.430394
vt 0.982368 0.576483
vt 0.803152 0.437405
vt 0.803226 0.435625
vt 0.982368 0.584055
vt 0.991168 0.779222
vt 0.804701 0.436610
vt 0.058050 0.925606
vt 0.951329 0.959809
vt 0.937866 0.513960
vt 0.939060 0.512680
vt 0.056437 0.925567
vt 0.939659 0.513909
vt 0.056752 0.924285
vt 0.047895 0.925651
vt 0.959679 0.666446
vt 0.959077 0.664890
vt 0.947515 0.514244
vt 0.048210 0.924369
vt 0.960871 0.665014
vt 0.937866 0.522719
vt 0.951329 0.951213
vt 0.939659 0.522668
vt 0.933167 0.586409
vt 0.939060 0.524100
vt 0.933483 0.585022
vt 0.951930 0.949657
vt 0.959077 0.656294
vt 0.923327 0.584978
vt 0.924940 0.584938
vt 0.947515 0.523003
vt 0.960871 0.656418
vt 0.924625 0.586325
vt 0.058050 0.934390
vt 0.959179 0.960637
vt 0.960973 0.960513
vt 0.937862 0.481858
vt 0.056752 0.935737
vt 0.056437 0.934350
vt 0.951228 0.665718
vt 0.947510 0.481586
vt 0.946317 0.482966
vt 0.047895 0.934434
vt 0.951828 0.667273
vt 0.945717 0.481538
vt 0.048210 0.935821
vt 0.959179 0.952040
vt 0.959780 0.950485
vt 0.933483 0.576238
vt 0.937862 0.473097
vt 0.933167 0.574957
vt 0.960973 0.951917
vt 0.951228 0.657122
vt 0.923327 0.576194
vt 0.947510 0.472824
vt 0.945717 0.472776
vt 0.924625 0.574873
vt 0.946317 0.471542
vt 0.924940 0.576155
vt 0.604154 0.942338
vt 0.952872 0.691371
vt 0.605839 0.942320
vt 0.808452 0.965973
vt 0.605399 0.943668
vt 0.807867 0.967418
vt 0.951091 0.691191
vt 0.614037 0.942384
vt 0.816247 0.966407
vt 0.889854 0.961297
vt 0.817431 0.967785
vt 0.890464 0.959673
vt 0.815662 0.967852
vt 0.952872 0.683136
vt 0.951091 0.682956
vt 0.807868 0.976057
vt 0.301577 0.943404
vt 0.302016 0.942111
vt 0.952262 0.681509
vt 0.890464 0.951427
vt 0.817431 0.976424
vt 0.292133 0.942157
vt 0.293817 0.942175
vt 0.815662 0.976491
vt 0.293378 0.943468
vt 0.926051 0.967040
vt 0.604154 0.933646
vt 0.960585 0.690085
vt 0.924282 0.966973
vt 0.605399 0.932335
vt 0.605839 0.933629
vt 0.882753 0.958401
vt 0.614037 0.933692
vt 0.882143 0.960024
vt 0.916487 0.967407
vt 0.880972 0.958579
vt 0.613597 0.932399
vt 0.926051 0.975679
vt 0.960585 0.681850
vt 0.959975 0.680224
vt 0.302016 0.933419
vt 0.924867 0.977057
vt 0.924282 0.975611
vt 0.882753 0.950155
vt 0.292133 0.933465
vt 0.293378 0.932135
vt 0.916487 0.976045
vt 0.880971 0.950333
vt 0.917072 0.977491
vt 0.293817 0.933483
vt 0.014046 0.912906
vt 0.213258 0.932594
vt 0.012725 0.914291
vt 0.212807 0.931041
vt 0.649745 0.931630
vt 0.012294 0.912915
vt 0.648308 0.931829
vt 0.649791 0.940686
vt 0.918252 0.930941
vt 0.649750 0.942261
vt 0.003595 0.912886
vt 0.648354 0.940885
vt 0.916487 0.931060
vt 0.213258 0.941662
vt 0.014046 0.903756
vt 0.739356 0.211311
vt 0.012294 0.903765
vt 0.012725 0.902362
vt 0.739314 0.209737
vt 0.918252 0.940005
vt 0.739361 0.200681
vt 0.004026 0.902334
vt 0.917802 0.941562
vt 0.003595 0.903737
vt 0.916487 0.940123
vt 0.204603 0.932991
vt 0.202837 0.932876
vt 0.091954 0.912144
vt 0.658890 0.931630
vt 0.092385 0.913547
vt 0.204152 0.931438
vt 0.926909 0.931348
vt 0.102405 0.912125
vt 0.658895 0.942261
vt 0.101084 0.913519
vt 0.658936 0.940686
vt 0.100653 0.912116
vt 0.748500 0.211311
vt 0.204603 0.942059
vt 0.748459 0.209737
vt 0.091954 0.902995
vt 0.749897 0.209936
vt 0.202837 0.941944
vt 0.102405 0.902975
vt 0.926909 0.940412
vt 0.749943 0.200880
vt 0.100653 0.902966
vt 0.101084 0.901590
vt 0.926459 0.941969
vt 0.748505 0.200681
vt 0.843816 0.263738
vt 0.773766 0.567568
vt 0.867089 0.565721
vt 0.775546 0.567658
vt 0.845251 0.262230
vt 0.845729 0.263728
vt 0.785310 0.567509
vt 0.854696 0.262263
vt 0.877374 0.545272
vt 0.876869 0.543484
vt 0.878800 0.543686
vt 0.855175 0.263760
vt 0.843816 0.273695
vt 0.867088 0.556012
vt 0.845729 0.273685
vt 0.880757 0.375331
vt 0.845251 0.275212
vt 0.880461 0.376952
vt 0.867595 0.554221
vt 0.876869 0.533768
vt 0.892005 0.377010
vt 0.890225 0.377100
vt 0.890522 0.375480
vt 0.855175 0.273717
vt 0.878800 0.533969
vt 0.773766 0.557639
vt 0.876472 0.566461
vt 0.854201 0.376826
vt 0.878403 0.566257
vt 0.775250 0.556108
vt 0.775546 0.557730
vt 0.842842 0.376849
vt 0.867483 0.544211
vt 0.844277 0.375331
vt 0.867988 0.545999
vt 0.785310 0.557581
vt 0.844755 0.376859
vt 0.785014 0.555959
vt 0.876472 0.556753
vt 0.880461 0.386881
vt 0.876978 0.554961
vt 0.853722 0.388280
vt 0.854201 0.386783
vt 0.878404 0.556549
vt 0.867483 0.534495
vt 0.892005 0.386939
vt 0.842842 0.386806
vt 0.844755 0.386816
vt 0.844277 0.388313
vt 0.890225 0.387029
vt 0.835083 0.094866
vt 0.807868 0.841657
vt 0.835455 0.093426
vt 0.809428 0.841642
vt 0.809378 0.843169
vt 0.722384 0.843782
vt 0.836920 0.094918
vt 0.712386 0.845319
vt 0.819374 0.841645
vt 0.836915 0.365754
vt 0.710927 0.843816
vt 0.837288 0.364180
vt 0.712783 0.843840
vt 0.819324 0.843172
vt 0.835083 0.104806
vt 0.722384 0.833834
vt 0.836920 0.104858
vt 0.843967 0.485361
vt 0.844017 0.483865
vt 0.835455 0.106385
vt 0.832511 0.483853
vt 0.837288 0.354238
vt 0.710927 0.833868
vt 0.712386 0.832348
vt 0.834072 0.483869
vt 0.834022 0.485364
vt 0.712783 0.833891
vt 0.750650 0.843746
vt 0.807867 0.831707
vt 0.825438 0.094983
vt 0.752506 0.843723
vt 0.809378 0.830196
vt 0.752109 0.845266
vt 0.809428 0.831691
vt 0.827645 0.364072
vt 0.827271 0.365646
vt 0.819374 0.831695
vt 0.819324 0.830199
vt 0.762107 0.843781
vt 0.825807 0.364120
vt 0.750650 0.833798
vt 0.825438 0.104922
vt 0.752109 0.832296
vt 0.825809 0.106502
vt 0.844017 0.473915
vt 0.843967 0.472388
vt 0.752506 0.833774
vt 0.827645 0.354131
vt 0.832511 0.473903
vt 0.834022 0.472391
vt 0.762107 0.833832
vt 0.825807 0.354178
vt 0.827271 0.352685
vt 0.834072 0.473918
s 0
f 14/37/1 10/29/1 13/35/1
f 4/11/2 11/31/2 10/28/2
f 8/24/3 16/43/3 11/30/3
f 2/5/4 19/50/4 6/16/4
f 7/20/4 1/2/4 3/7/4
f 4/12/5 15/41/5 8/22/5
f 16/44/6 1/3/6 5/13/6
f 11/30/3 5/15/3 7/19/3
f 10/28/2 7/21/2 3/8/2
f 13/35/1 3/9/1 1/1/1
f 2/6/6 13/36/6 9/26/6
f 6/17/6 14/39/6 2/6/6
f 12/33/6 15/42/6 6/17/6
f 9/26/6 16/44/6 12/33/6
f 19/51/6 17/46/6 20/53/6
f 6/18/1 20/54/1 12/32/1
f 9/27/3 18/49/3 2/4/3
f 12/34/2 26/70/2 9/25/2
f 22/59/3 32/88/3 24/64/3
f 20/54/1 25/68/1 12/32/1
f 9/27/3 28/76/3 17/45/3
f 17/46/6 27/74/6 20/53/6
f 22/60/5 25/69/5 21/56/5
f 23/62/5 28/78/5 24/65/5
f 21/56/5 27/75/5 23/62/5
f 24/65/5 26/72/5 22/60/5
f 29/79/5 32/89/5 30/82/5
f 24/66/6 31/86/6 23/61/6
f 23/63/1 29/80/1 21/55/1
f 21/57/2 30/84/2 22/58/2
f 47/125/7 36/98/7 34/94/7
f 55/144/8 46/123/8 53/139/8
f 54/140/9 37/102/9 48/126/9
f 35/97/10 44/118/10 40/108/10
f 43/116/11 52/135/11 41/109/11
f 33/92/12 34/94/12 35/96/12
f 36/100/13 37/102/13 38/103/13
f 39/106/14 40/107/14 41/111/14
f 42/114/15 43/116/15 44/117/15
f 45/120/16 46/122/16 47/125/16
f 48/126/17 49/130/17 50/131/17
f 51/134/18 52/136/18 53/138/18
f 54/141/19 55/143/19 56/146/19
f 39/105/20 35/97/20 40/108/20
f 34/95/21 38/104/21 35/97/21
f 42/113/22 38/104/22 37/101/22
f 41/110/23 44/118/23 43/115/23
f 39/106/24 52/136/24 51/134/24
f 42/114/25 56/146/25 43/116/25
f 55/144/26 52/137/26 56/145/26
f 45/119/27 53/139/27 46/123/27
f 54/142/28 50/132/28 55/144/28
f 49/129/29 46/123/29 50/132/29
f 33/92/30 47/125/30 34/94/30
f 37/102/31 49/130/31 48/126/31
f 51/134/32 33/93/32 39/106/32
f 73/182/33 58/150/33 71/178/33
f 79/195/34 70/176/34 77/188/34
f 66/166/35 72/179/35 78/191/35
f 59/151/36 68/171/36 64/161/36
f 67/168/37 76/187/37 65/162/37
f 57/147/38 58/150/38 59/152/38
f 60/154/39 61/155/39 62/158/39
f 63/159/40 64/161/40 65/163/40
f 66/165/41 67/168/41 68/169/41
f 69/172/42 70/174/42 71/178/42
f 72/180/43 73/181/43 74/184/43
f 75/185/44 76/186/44 77/190/44
f 78/193/45 79/194/45 80/196/45
f 63/159/46 59/151/46 64/161/46
f 60/153/47 59/152/47 58/150/47
f 66/166/48 62/158/48 61/155/48
f 65/163/49 68/171/49 67/167/49
f 63/160/50 76/186/50 75/185/50
f 78/193/51 67/168/51 66/165/51
f 79/194/52 76/187/52 80/196/52
f 75/185/53 70/175/53 69/173/53
f 72/180/54 79/195/54 78/192/54
f 71/177/55 74/184/55 73/181/55
f 69/172/56 58/150/56 57/147/56
f 61/155/57 73/183/57 72/179/57
f 63/160/58 69/173/58 57/148/58
f 95/225/59 84/203/59 82/198/59
f 101/240/60 98/233/60 94/224/60
f 90/217/61 96/229/61 102/241/61
f 83/200/62 92/221/62 88/213/62
f 91/219/63 100/238/63 89/215/63
f 81/197/64 82/199/64 83/201/64
f 84/203/65 85/206/65 86/207/65
f 87/210/66 88/211/66 89/215/66
f 90/216/67 91/220/67 92/221/67
f 93/222/68 94/224/68 95/226/68
f 96/228/69 97/231/69 98/232/69
f 99/235/70 100/238/70 101/239/70
f 102/241/71 103/242/71 104/246/71
f 87/209/72 83/201/72 88/212/72
f 84/203/73 83/202/73 82/198/73
f 90/216/74 86/208/74 85/204/74
f 91/220/75 88/213/75 92/221/75
f 87/210/76 100/238/76 99/235/76
f 90/217/77 104/246/77 91/218/77
f 103/244/78 100/238/78 104/245/78
f 99/236/79 94/224/79 93/222/79
f 102/241/80 98/234/80 103/242/80
f 97/230/81 94/224/81 98/233/81
f 81/197/82 95/227/82 82/199/82
f 85/206/83 97/231/83 96/228/83
f 99/237/84 81/197/84 87/209/84
f 121/285/85 106/250/85 119/281/85
f 127/299/86 118/278/86 125/295/86
f 114/268/87 120/282/87 126/296/87
f 107/251/88 116/273/88 112/263/88
f 113/267/89 128/302/89 124/293/89
f 105/247/90 106/249/90 107/252/90
f 108/254/91 109/256/91 110/260/91
f 111/262/92 112/264/92 113/266/92
f 114/269/93 115/271/93 116/273/93
f 117/275/94 118/278/94 119/280/94
f 120/282/95 121/284/95 122/288/95
f 123/290/96 124/292/96 125/295/96
f 126/296/97 127/300/97 128/301/97
f 105/247/98 112/264/98 111/262/98
f 108/255/99 107/253/99 106/250/99
f 114/269/100 110/260/100 109/256/100
f 113/267/101 116/274/101 115/272/101
f 111/261/102 124/293/102 123/289/102
f 114/270/103 128/302/103 115/272/103
f 125/294/104 128/302/104 127/298/104
f 123/290/105 118/278/105 117/275/105
f 120/282/106 127/300/106 126/296/106
f 121/285/107 118/279/107 122/286/107
f 105/248/108 119/281/108 106/250/108
f 120/283/109 108/255/109 121/285/109
f 111/262/110 117/277/110 105/247/110
f 143/332/111 132/310/111 130/305/111
f 149/345/112 146/338/112 142/329/112
f 138/322/113 144/335/113 150/348/113
f 131/308/114 140/325/114 136/319/114
f 139/324/115 148/342/115 137/321/115
f 129/304/116 130/306/116 131/308/116
f 132/310/117 133/312/117 134/313/117
f 135/317/118 136/320/118 137/321/118
f 138/322/119 139/323/119 140/326/119
f 141/328/120 142/330/120 143/333/120
f 144/334/121 145/337/121 146/339/121
f 147/340/122 148/342/122 149/344/122
f 150/347/123 151/349/123 152/352/123
f 135/316/124 131/308/124 136/319/124
f 132/309/125 131/308/125 130/306/125
f 138/322/126 134/315/126 133/311/126
f 137/321/127 140/327/127 139/324/127
f 135/317/128 148/342/128 147/340/128
f 138/322/129 152/351/129 139/323/129
f 149/345/130 152/352/130 151/349/130
f 141/328/131 149/346/131 142/330/131
f 144/336/132 151/349/132 150/347/132
f 143/332/133 146/339/133 145/337/133
f 141/328/134 130/307/134 129/303/134
f 133/312/135 145/337/135 144/334/135
f 135/318/136 141/328/136 129/303/136
f 169/388/137 154/356/137 167/386/137
f 173/397/138 170/390/138 166/383/138
f 162/372/139 168/387/139 174/398/139
f 158/365/140 160/367/140 155/358/140
f 163/375/141 172/394/141 161/369/141
f 153/353/142 154/356/142 155/357/142
f 156/361/143 157/363/143 158/365/143
f 159/366/144 160/368/144 161/370/144
f 162/371/145 163/375/145 164/376/145
f 165/380/146 166/382/146 167/386/146
f 168/387/147 169/389/147 170/391/147
f 171/392/148 172/396/148 173/397/148
f 174/399/149 175/400/149 176/404/149
f 159/366/150 155/359/150 160/368/150
f 154/355/151 158/365/151 155/358/151
f 162/373/152 158/365/152 157/363/152
f 161/370/153 164/378/153 163/374/153
f 159/366/154 172/395/154 171/393/154
f 174/399/155 163/375/155 162/371/155
f 175/401/156 172/396/156 176/403/156
f 171/392/157 166/383/157 165/379/157
f 168/387/158 175/402/158 174/398/158
f 167/385/159 170/391/159 169/389/159
f 165/380/160 154/356/160 153/353/160
f 157/364/161 169/389/161 168/387/161
f 159/366/162 165/381/162 153/354/162
f 193/442/163 178/409/163 191/436/163
f 197/449/164 194/444/164 190/433/164
f 186/426/165 192/438/165 198/453/165
f 182/417/166 184/422/166 179/410/166
f 187/427/167 196/448/167 185/425/167
f 177/405/168 178/407/168 179/410/168
f 180/412/169 181/414/169 182/416/169
f 183/420/170 184/422/170 185/424/170
f 186/426/171 187/428/171 188/431/171
f 189/432/172 190/434/172 191/437/172
f 192/439/173 193/441/173 194/444/173
f 195/446/174 196/447/174 197/451/174
f 198/452/175 199/455/175 200/456/175
f 183/420/176 179/410/176 184/422/176
f 180/413/177 179/411/177 178/409/177
f 181/414/178 188/431/178 182/416/178
f 187/427/179 184/423/179 188/429/179
f 195/445/180 185/425/180 196/448/180
f 198/453/181 187/428/181 186/426/181
f 199/454/182 196/448/182 200/457/182
f 189/432/183 197/451/183 190/434/183
f 192/439/184 199/455/184 198/452/184
f 193/442/185 190/435/185 194/443/185
f 177/406/186 191/437/186 178/408/186
f 192/440/187 180/413/187 193/442/187
f 195/446/188 177/406/188 183/419/188
f 215/487/189 204/465/189 202/460/189
f 221/502/190 218/496/190 214/486/190
f 222/503/191 205/467/191 216/491/191
f 203/463/192 212/483/192 208/475/192
f 211/480/193 220/500/193 209/477/193
f 201/459/194 202/461/194 203/464/194
f 204/465/195 205/468/195 206/469/195
f 207/471/196 208/473/196 209/477/196
f 210/479/197 211/481/197 212/483/197
f 213/484/198 214/486/198 215/488/198
f 216/490/199 217/493/199 218/494/199
f 219/497/200 220/500/200 221/501/200
f 222/503/201 223/504/201 224/508/201
f 207/472/202 203/464/202 208/474/202
f 202/460/203 206/469/203 203/462/203
f 210/479/204 206/470/204 205/466/204
f 211/481/205 208/475/205 212/483/205
f 219/497/206 209/477/206 220/500/206
f 222/503/207 211/482/207 210/478/207
f 223/506/208 220/500/208 224/507/208
f 219/498/209 214/486/209 213/484/209
f 222/503/210 218/495/210 223/504/210
f 215/488/211 218/496/211 217/492/211
f 213/485/212 202/461/212 201/459/212
f 205/468/213 217/493/213 216/490/213
f 207/472/214 213/485/214 201/459/214
f 241/546/215 226/512/215 239/542/215
f 245/554/216 242/549/216 238/540/216
f 246/556/217 229/518/217 240/543/217
f 230/520/218 232/525/218 227/515/218
f 235/531/219 244/552/219 233/526/219
f 225/509/220 226/512/220 227/513/220
f 228/517/221 229/519/221 230/521/221
f 231/522/222 232/525/222 233/527/222
f 234/530/223 235/531/223 236/533/223
f 237/537/224 238/538/224 239/542/224
f 240/545/225 241/547/225 242/549/225
f 243/550/226 244/553/226 245/555/226
f 246/556/227 247/558/227 248/561/227
f 231/522/228 227/515/228 232/525/228
f 226/511/229 230/521/229 227/514/229
f 229/519/230 236/535/230 230/521/230
f 235/532/231 232/525/231 236/534/231
f 231/523/232 244/553/232 243/550/232
f 234/530/233 248/561/233 235/531/233
f 245/555/234 248/562/234 247/559/234
f 243/550/235 238/539/235 237/536/235
f 246/557/236 242/549/236 247/560/236
f 241/547/237 238/540/237 242/549/237
f 237/537/238 226/512/238 225/509/238
f 229/519/239 241/548/239 240/544/239
f 231/524/240 237/537/240 225/509/240
f 265/597/241 250/565/241 263/591/241
f 271/609/242 262/590/242 269/606/242
f 270/607/243 253/571/243 264/595/243
f 251/567/244 260/587/244 256/579/244
f 259/584/245 268/604/245 257/581/245
f 249/563/246 250/564/246 251/568/246
f 252/569/247 253/572/247 254/573/247
f 255/575/248 256/577/248 257/581/248
f 258/583/249 259/585/249 260/587/249
f 261/588/250 262/590/250 263/592/250
f 264/594/251 265/597/251 266/598/251
f 267/601/252 268/604/252 269/605/252
f 270/607/253 271/610/253 272/611/253
f 255/576/254 251/568/254 256/578/254
f 250/565/255 254/573/255 251/566/255
f 258/583/256 254/574/256 253/570/256
f 259/585/257 256/579/257 260/587/257
f 267/601/258 257/581/258 268/604/258
f 270/607/259 259/586/259 258/582/259
f 269/605/260 272/612/260 271/608/260
f 261/588/261 269/606/261 262/590/261
f 264/595/262 271/610/262 270/607/262
f 265/596/263 262/590/263 266/599/263
f 249/563/264 263/593/264 250/564/264
f 253/572/265 265/597/265 264/594/265
f 255/576/266 261/589/266 249/563/266
f 287/641/267 276/619/267 274/614/267
f 293/656/268 290/649/268 286/640/268
f 294/657/269 277/620/269 288/644/269
f 275/616/270 284/637/270 280/628/270
f 281/631/271 296/661/271 292/654/271
f 273/613/272 274/615/272 275/617/272
f 276/619/273 277/622/273 278/624/273
f 279/626/274 280/627/274 281/629/274
f 282/633/275 283/634/275 284/637/275
f 285/638/276 286/640/276 287/642/276
f 288/644/277 289/646/277 290/650/277
f 291/651/278 292/654/278 293/655/278
f 294/657/279 295/658/279 296/662/279
f 279/626/280 275/617/280 280/627/280
f 276/619/281 275/618/281 274/614/281
f 277/621/282 284/637/282 278/623/282
f 281/630/283 284/637/283 283/634/283
f 279/625/284 292/654/284 291/651/284
f 294/657/285 283/636/285 282/632/285
f 295/660/286 292/654/286 296/661/286
f 285/638/287 293/656/287 286/640/287
f 294/657/288 290/650/288 295/658/288
f 289/648/289 286/640/289 290/649/289
f 285/639/290 274/615/290 273/613/290
f 288/645/291 276/619/291 289/647/291
f 279/626/292 285/639/292 273/613/292
f 313/698/293 298/667/293 311/695/293
f 317/705/294 314/701/294 310/693/294
f 318/707/295 301/673/295 312/696/295
f 302/674/296 304/678/296 299/669/296
f 305/679/297 320/713/297 316/703/297
f 297/665/298 298/667/298 299/668/298
f 300/672/299 301/673/299 302/675/299
f 303/676/300 304/678/300 305/680/300
f 306/683/301 307/684/301 308/686/301
f 309/689/302 310/691/302 311/695/302
f 312/697/303 313/699/303 314/701/303
f 315/702/304 316/704/304 317/706/304
f 318/708/305 319/710/305 320/713/305
f 297/664/306 304/678/306 303/676/306
f 300/672/307 299/670/307 298/666/307
f 301/673/308 308/688/308 302/675/308
f 307/685/309 304/678/309 308/687/309
f 303/677/310 316/704/310 315/702/310
f 306/683/311 320/713/311 307/684/311
f 317/706/312 320/714/312 319/711/312
f 309/690/313 317/706/313 310/692/313
f 318/709/314 314/701/314 319/712/314
f 313/699/315 310/693/315 314/701/315
f 297/665/316 311/695/316 298/667/316
f 301/673/317 313/700/317 312/696/317
f 303/677/318 309/690/318 297/663/318
f 337/749/319 322/718/319 335/744/319
f 341/757/320 338/751/320 334/741/320
f 330/734/321 336/747/321 342/759/321
f 326/726/322 328/731/322 323/720/322
f 331/736/323 340/754/323 329/733/323
f 321/715/324 322/717/324 323/720/324
f 324/722/325 325/724/325 326/725/325
f 327/730/326 328/732/326 329/733/326
f 330/734/327 331/735/327 332/738/327
f 333/740/328 334/742/328 335/745/328
f 336/746/329 337/749/329 338/750/329
f 339/752/330 340/754/330 341/756/330
f 342/760/331 343/761/331 344/762/331
f 327/729/332 323/720/332 328/731/332
f 324/721/333 323/720/333 322/717/333
f 330/734/334 326/727/334 325/723/334
f 329/733/335 332/739/335 331/736/335
f 339/752/336 329/733/336 340/754/336
f 330/734/337 344/764/337 331/735/337
f 343/761/338 340/755/338 344/762/338
f 333/740/339 341/758/339 334/742/339
f 342/760/340 338/751/340 343/761/340
f 337/749/341 334/743/341 338/750/341
f 333/740/342 322/719/342 321/716/342
f 325/724/343 337/749/343 336/746/343
f 339/753/344 321/716/344 327/728/344
f 361/800/345 346/767/345 359/796/345
f 367/813/346 358/793/346 365/810/346
f 354/784/347 360/799/347 366/811/347
f 350/777/348 352/781/348 347/768/348
f 355/787/349 364/808/349 353/783/349
f 345/765/350 346/766/350 347/770/350
f 348/771/351 349/773/351 350/777/351
f 351/778/352 352/782/352 353/783/352
f 354/785/353 355/786/353 356/790/353
f 357/791/354 358/793/354 359/795/354
f 360/798/355 361/800/355 362/803/355
f 363/805/356 364/807/356 365/810/356
f 366/811/357 367/814/357 368/815/357
f 351/779/358 347/770/358 352/780/358
f 346/767/359 350/776/359 347/769/359
f 354/785/360 350/777/360 349/773/360
f 355/787/361 352/782/361 356/789/361
f 363/804/362 353/783/362 364/808/362
f 366/811/363 355/788/363 354/784/363
f 365/809/364 368/816/364 367/812/364
f 363/805/365 358/793/365 357/791/365
f 360/799/366 367/814/366 366/811/366
f 359/796/367 362/803/367 361/800/367
f 345/765/368 359/797/368 346/766/368
f 349/775/369 361/800/369 360/798/369
f 351/779/370 357/792/370 345/765/370
f 385/853/371 370/820/371 383/850/371
f 389/863/372 386/855/372 382/847/372
f 378/838/373 384/851/373 390/864/373
f 374/830/374 376/833/374 371/822/374
f 379/839/375 388/860/375 377/835/375
f 369/817/376 370/820/376 371/821/376
f 372/825/377 373/827/377 374/830/377
f 375/831/378 376/834/378 377/836/378
f 378/838/379 379/839/379 380/841/379
f 381/845/380 382/846/380 383/850/380
f 384/852/381 385/854/381 386/856/381
f 387/858/382 388/862/382 389/863/382
f 390/864/383 391/866/383 392/869/383
f 375/831/384 371/823/384 376/834/384
f 370/819/385 374/830/385 371/822/385
f 378/837/386 374/830/386 373/827/386
f 379/840/387 376/834/387 380/842/387
f 375/831/388 388/861/388 387/857/388
f 378/838/389 392/869/389 379/839/389
f 389/863/390 392/870/390 391/868/390
f 387/858/391 382/847/391 381/844/391
f 390/865/392 386/856/392 391/867/392
f 383/849/393 386/856/393 385/854/393
f 381/845/394 370/820/394 369/817/394
f 373/829/395 385/854/395 384/852/395
f 375/832/396 381/845/396 369/817/396
f 407/901/397 396/877/397 394/874/397
f 413/912/398 410/907/398 406/898/398
f 402/890/399 408/902/399 414/915/399
f 398/881/400 400/885/400 395/876/400
f 403/892/401 412/911/401 401/888/401
f 393/872/402 394/874/402 395/875/402
f 396/878/403 397/879/403 398/880/403
f 399/883/404 400/885/404 401/887/404
f 402/891/405 403/892/405 404/895/405
f 405/896/406 406/900/406 407/901/406
f 408/903/407 409/904/407 410/907/407
f 411/909/408 412/910/408 413/914/408
f 414/917/409 415/918/409 416/920/409
f 393/871/410 400/885/410 399/883/410
f 394/874/411 398/882/411 395/875/411
f 397/879/412 404/894/412 398/880/412
f 401/888/413 404/895/413 403/892/413
f 399/884/414 412/910/414 411/909/414
f 402/891/415 416/920/415 403/892/415
f 415/918/416 412/911/416 416/920/416
f 405/897/417 413/914/417 406/899/417
f 408/903/418 415/919/418 414/916/418
f 407/901/419 410/908/419 409/905/419
f 393/872/420 407/901/420 394/874/420
f 397/879/421 409/906/421 408/902/421
f 411/909/422 393/873/422 399/884/422
f 433/956/423 418/923/423 431/950/423
f 439/969/424 430/949/424 437/967/424
f 426/942/425 432/953/425 438/968/425
f 419/924/426 428/946/426 424/938/426
f 427/944/427 436/963/427 425/940/427
f 417/921/428 418/922/428 419/925/428
f 420/927/429 421/930/429 422/931/429
f 423/934/430 424/936/430 425/940/430
f 426/941/431 427/945/431 428/946/431
f 429/947/432 430/949/432 431/951/432
f 432/954/433 433/956/433 434/957/433
f 435/960/434 436/963/434 437/965/434
f 438/968/435 439/970/435 440/972/435
f 417/921/436 424/937/436 423/935/436
f 420/926/437 419/925/437 418/922/437
f 421/929/438 428/946/438 422/932/438
f 427/945/439 424/938/439 428/946/439
f 435/960/440 425/940/440 436/963/440
f 426/942/441 440/972/441 427/943/441
f 439/970/442 436/964/442 440/972/442
f 435/961/443 430/949/443 429/947/443
f 432/953/444 439/970/444 438/968/444
f 431/951/445 434/959/445 433/955/445
f 417/921/446 431/952/446 418/922/446
f 432/954/447 420/927/447 433/956/447
f 423/935/448 429/948/448 417/921/448
f 455/1004/449 444/979/449 442/976/449
f 461/1014/450 458/1010/450 454/1002/450
f 462/1017/451 445/981/451 456/1006/451
f 443/978/452 452/997/452 448/987/452
f 451/994/453 460/1013/453 449/988/453
f 441/974/454 442/976/454 443/977/454
f 444/980/455 445/981/455 446/984/455
f 447/985/456 448/987/456 449/989/456
f 450/991/457 451/994/457 452/995/457
f 453/998/458 454/1000/458 455/1004/458
f 456/1005/459 457/1009/459 458/1010/459
f 459/1011/460 460/1012/460 461/1016/460
f 462/1018/461 463/1020/461 464/1022/461
f 447/985/462 443/978/462 448/987/462
f 442/976/463 446/983/463 443/977/463
f 450/992/464 446/984/464 445/981/464
f 449/989/465 452/997/465 451/993/465
f 447/986/466 460/1012/466 459/1011/466
f 462/1018/467 451/994/467 450/991/467
f 461/1015/468 464/1022/468 463/1020/468
f 453/999/469 461/1016/469 454/1001/469
f 462/1019/470 458/1010/470 463/1021/470
f 457/1009/471 454/1002/471 458/1010/471
f 441/974/472 455/1004/472 442/976/472
f 456/1006/473 444/980/473 457/1007/473
f 459/1011/474 441/975/474 447/986/474
f 481/1059/475 466/1026/475 479/1056/475
f 487/1073/476 478/1053/476 485/1069/476
f 486/1070/477 469/1034/477 480/1057/477
f 467/1028/478 476/1049/478 472/1038/478
f 475/1047/479 484/1067/479 473/1041/479
f 465/1024/480 466/1025/480 467/1029/480
f 468/1030/481 469/1033/481 470/1036/481
f 471/1037/482 472/1039/482 473/1042/482
f 474/1044/483 475/1046/483 476/1049/483
f 477/1050/484 478/1053/484 479/1055/484
f 480/1057/485 481/1058/485 482/1062/485
f 483/1063/486 484/1065/486 485/1069/486
f 486/1070/487 487/1074/487 488/1075/487
f 471/1037/488 467/1029/488 472/1039/488
f 466/1026/489 470/1035/489 467/1027/489
f 474/1044/490 470/1036/490 469/1033/490
f 475/1047/491 472/1040/491 476/1048/491
f 471/1037/492 484/1066/492 483/1064/492
f 474/1045/493 488/1076/493 475/1047/493
f 485/1068/494 488/1076/494 487/1072/494
f 483/1063/495 478/1053/495 477/1050/495
f 480/1057/496 487/1074/496 486/1070/496
f 481/1059/497 478/1054/497 482/1060/497
f 465/1023/498 479/1056/498 466/1026/498
f 480/1057/499 468/1032/499 481/1058/499
f 483/1064/500 465/1024/500 471/1037/500
f 505/1109/501 490/1080/501 503/1107/501
f 509/1119/502 506/1112/502 502/1105/502
f 510/1121/503 493/1088/503 504/1108/503
f 491/1082/504 500/1101/504 496/1091/504
f 499/1099/505 508/1116/505 497/1094/505
f 489/1077/506 490/1080/506 491/1081/506
f 492/1085/507 493/1087/507 494/1089/507
f 495/1090/508 496/1092/508 497/1095/508
f 498/1098/509 499/1099/509 500/1100/509
f 501/1103/510 502/1106/510 503/1107/510
f 504/1108/511 505/1110/511 506/1113/511
f 507/1114/512 508/1118/512 509/1119/512
f 510/1120/513 511/1122/513 512/1126/513
f 489/1078/514 496/1092/514 495/1090/514
f 490/1079/515 494/1089/515 491/1082/515
f 498/1097/516 494/1089/516 493/1087/516
f 499/1099/517 496/1093/517 500/1100/517
f 495/1090/518 508/1117/518 507/1115/518
f 498/1098/519 512/1126/519 499/1099/519
f 511/1124/520 508/1118/520 512/1125/520
f 501/1102/521 509/1119/521 502/1105/521
f 510/1121/522 506/1113/522 511/1123/522
f 505/1109/523 502/1106/523 506/1111/523
f 501/1103/524 490/1080/524 489/1077/524
f 493/1088/525 505/1110/525 504/1108/525
f 507/1115/526 489/1078/526 495/1090/526
f 529/1159/527 514/1129/527 527/1157/527
f 535/1173/528 526/1155/528 533/1170/528
f 534/1171/529 517/1137/529 528/1158/529
f 515/1130/530 524/1151/530 520/1142/530
f 521/1143/531 536/1176/531 532/1168/531
f 513/1127/532 514/1129/532 515/1132/532
f 516/1133/533 517/1136/533 518/1139/533
f 519/1140/534 520/1141/534 521/1145/534
f 522/1148/535 523/1149/535 524/1151/535
f 525/1152/536 526/1155/536 527/1156/536
f 528/1158/537 529/1161/537 530/1163/537
f 531/1164/538 532/1166/538 533/1170/538
f 534/1172/539 535/1174/539 536/1176/539
f 519/1140/540 515/1131/540 520/1141/540
f 516/1134/541 515/1132/541 514/1129/541
f 522/1148/542 518/1139/542 517/1136/542
f 521/1144/543 524/1151/543 523/1149/543
f 531/1165/544 521/1145/544 532/1167/544
f 534/1172/545 523/1150/545 522/1146/545
f 535/1174/546 532/1168/546 536/1176/546
f 531/1164/547 526/1155/547 525/1152/547
f 528/1158/548 535/1175/548 534/1171/548
f 529/1160/549 526/1155/549 530/1162/549
f 525/1153/550 514/1129/550 513/1127/550
f 517/1137/551 529/1161/551 528/1158/551
f 519/1140/552 525/1154/552 513/1128/552
f 551/1207/553 540/1185/553 538/1179/553
f 559/1227/554 550/1206/554 557/1222/554
f 546/1198/555 552/1210/555 558/1225/555
f 542/1189/556 544/1195/556 539/1183/556
f 545/1197/557 560/1229/557 556/1219/557
f 537/1178/558 538/1181/558 539/1182/558
f 540/1185/559 541/1187/559 542/1188/559
f 543/1192/560 544/1194/560 545/1197/560
f 546/1198/561 547/1201/561 548/1203/561
f 549/1204/562 550/1205/562 551/1209/562
f 552/1212/563 553/1213/563 554/1215/563
f 555/1217/564 556/1219/564 557/1221/564
f 558/1225/565 559/1226/565 560/1230/565
f 537/1177/566 544/1195/566 543/1191/566
f 540/1184/567 539/1183/567 538/1180/567
f 546/1198/568 542/1190/568 541/1186/568
f 547/1200/569 544/1195/569 548/1202/569
f 543/1192/570 556/1219/570 555/1217/570
f 558/1225/571 547/1201/571 546/1198/571
f 559/1227/572 556/1220/572 560/1228/572
f 549/1204/573 557/1223/573 550/1205/573
f 552/1211/574 559/1227/574 558/1224/574
f 553/1214/575 550/1206/575 554/1216/575
f 537/1178/576 551/1209/576 538/1181/576
f 552/1212/577 540/1185/577 553/1213/577
f 543/1193/578 549/1204/578 537/1178/578
f 577/1266/579 562/1234/579 575/1262/579
f 583/1279/580 574/1260/580 581/1272/580
f 570/1249/581 576/1264/581 582/1275/581
f 566/1241/582 568/1245/582 563/1235/582
f 569/1246/583 584/1280/583 580/1271/583
f 561/1231/584 562/1234/584 563/1236/584
f 564/1238/585 565/1239/585 566/1240/585
f 567/1243/586 568/1245/586 569/1247/586
f 570/1250/587 571/1251/587 572/1253/587
f 573/1256/588 574/1258/588 575/1262/588
f 576/1263/589 577/1267/589 578/1268/589
f 579/1269/590 580/1270/590 581/1274/590
f 582/1277/591 583/1278/591 584/1280/591
f 561/1232/592 568/1245/592 567/1243/592
f 564/1237/593 563/1236/593 562/1234/593
f 565/1239/594 572/1255/594 566/1240/594
f 571/1252/595 568/1245/595 572/1254/595
f 579/1269/596 569/1248/596 580/1270/596
f 570/1250/597 584/1280/597 571/1251/597
f 583/1278/598 580/1271/598 584/1280/598
f 579/1269/599 574/1259/599 573/1257/599
f 576/1263/600 583/1279/600 582/1276/600
f 577/1267/601 574/1260/601 578/1268/601
f 573/1256/602 562/1234/602 561/1231/602
f 576/1264/603 564/1238/603 577/1265/603
f 579/1269/604 561/1233/604 567/1244/604
f 599/1314/605 588/1288/605 586/1283/605
f 607/1329/606 598/1310/606 605/1326/606
f 594/1299/607 600/1315/607 606/1327/607
f 590/1293/608 592/1295/608 587/1284/608
f 595/1304/609 604/1324/609 593/1297/609
f 585/1281/610 586/1283/610 587/1286/610
f 588/1287/611 589/1290/611 590/1293/611
f 591/1294/612 592/1296/612 593/1298/612
f 594/1300/613 595/1302/613 596/1305/613
f 597/1307/614 598/1310/614 599/1312/614
f 600/1315/615 601/1316/615 602/1319/615
f 603/1320/616 604/1322/616 605/1326/616
f 606/1328/617 607/1330/617 608/1332/617
f 585/1282/618 592/1296/618 591/1294/618
f 588/1288/619 587/1286/619 586/1283/619
f 594/1300/620 590/1293/620 589/1290/620
f 593/1298/621 596/1306/621 595/1303/621
f 603/1321/622 593/1298/622 604/1323/622
f 594/1301/623 608/1332/623 595/1304/623
f 607/1330/624 604/1324/624 608/1332/624
f 603/1320/625 598/1310/625 597/1307/625
f 600/1315/626 607/1331/626 606/1327/626
f 599/1313/627 602/1319/627 601/1316/627
f 585/1281/628 599/1314/628 586/1283/628
f 600/1315/629 588/1289/629 601/1316/629
f 603/1321/630 585/1282/630 591/1294/630
f 625/1368/631 610/1335/631 623/1364/631
f 629/1379/632 626/1371/632 622/1362/632
f 618/1353/633 624/1366/633 630/1380/633
f 611/1336/634 620/1358/634 616/1349/634
f 619/1356/635 628/1376/635 617/1350/635
f 609/1334/636 610/1335/636 611/1337/636
f 612/1339/637 613/1341/637 614/1342/637
f 615/1346/638 616/1347/638 617/1352/638
f 618/1354/639 619/1357/639 620/1358/639
f 621/1359/640 622/1362/640 623/1363/640
f 624/1366/641 625/1367/641 626/1370/641
f 627/1374/642 628/1375/642 629/1377/642
f 630/1381/643 631/1383/643 632/1384/643
f 609/1334/644 616/1348/644 615/1345/644
f 610/1335/645 614/1343/645 611/1337/645
f 618/1354/646 614/1344/646 613/1340/646
f 619/1357/647 616/1349/647 620/1358/647
f 627/1374/648 617/1352/648 628/1375/648
f 618/1355/649 632/1384/649 619/1356/649
f 631/1383/650 628/1376/650 632/1384/650
f 627/1373/651 622/1362/651 621/1359/651
f 624/1365/652 631/1383/652 630/1381/652
f 625/1369/653 622/1362/653 626/1371/653
f 609/1334/654 623/1364/654 610/1335/654
f 624/1366/655 612/1339/655 625/1367/655
f 615/1346/656 621/1361/656 609/1333/656
f 647/1417/657 636/1393/657 634/1389/657
f 653/1427/658 650/1423/658 646/1415/658
f 654/1429/659 637/1395/659 648/1418/659
f 638/1396/660 640/1400/660 635/1391/660
f 641/1401/661 656/1435/661 652/1425/661
f 633/1386/662 634/1389/662 635/1390/662
f 636/1394/663 637/1395/663 638/1397/663
f 639/1398/664 640/1400/664 641/1402/664
f 642/1404/665 643/1407/665 644/1408/665
f 645/1411/666 646/1413/666 647/1417/666
f 648/1419/667 649/1420/667 650/1423/667
f 651/1424/668 652/1426/668 653/1428/668
f 654/1430/669 655/1432/669 656/1435/669
f 633/1385/670 640/1400/670 639/1398/670
f 636/1394/671 635/1392/671 634/1388/671
f 637/1395/672 644/1409/672 638/1397/672
f 641/1402/673 644/1410/673 643/1406/673
f 651/1424/674 641/1403/674 652/1426/674
f 654/1430/675 643/1407/675 642/1404/675
f 653/1428/676 656/1436/676 655/1433/676
f 645/1412/677 653/1428/677 646/1414/677
f 654/1431/678 650/1423/678 655/1434/678
f 647/1416/679 650/1423/679 649/1420/679
f 633/1386/680 647/1417/680 634/1389/680
f 637/1395/681 649/1422/681 648/1418/681
f 651/1424/682 633/1387/682 639/1399/682
f 673/1473/683 658/1440/683 671/1470/683
f 679/1488/684 670/1467/684 677/1483/684
f 666/1457/685 672/1471/685 678/1484/685
f 662/1450/686 664/1453/686 659/1442/686
f 665/1455/687 680/1489/687 676/1480/687
f 657/1438/688 658/1440/688 659/1441/688
f 660/1445/689 661/1447/689 662/1450/689
f 663/1452/690 664/1454/690 665/1456/690
f 666/1457/691 667/1460/691 668/1461/691
f 669/1465/692 670/1466/692 671/1470/692
f 672/1472/693 673/1474/693 674/1476/693
f 675/1478/694 676/1482/694 677/1483/694
f 678/1484/695 679/1486/695 680/1489/695
f 663/1452/696 659/1443/696 664/1454/696
f 658/1439/697 662/1450/697 659/1442/697
f 666/1458/698 662/1450/698 661/1447/698
f 667/1459/699 664/1454/699 668/1462/699
f 663/1452/700 676/1481/700 675/1477/700
f 678/1484/701 667/1460/701 666/1457/701
f 677/1483/702 680/1490/702 679/1488/702
f 669/1464/703 677/1483/703 670/1467/703
f 678/1485/704 674/1476/704 679/1487/704
f 671/1469/705 674/1476/705 673/1474/705
f 669/1465/706 658/1440/706 657/1438/706
f 661/1449/707 673/1474/707 672/1472/707
f 675/1479/708 657/1438/708 663/1451/708
f 697/1526/709 682/1493/709 695/1520/709
f 703/1539/710 694/1519/710 701/1537/710
f 690/1512/711 696/1524/711 702/1538/711
f 683/1494/712 692/1516/712 688/1508/712
f 691/1515/713 700/1533/713 689/1510/713
f 681/1491/714 682/1492/714 683/1495/714
f 684/1497/715 685/1500/715 686/1501/715
f 687/1504/716 688/1506/716 689/1510/716
f 690/1511/717 691/1513/717 692/1516/717
f 693/1517/718 694/1519/718 695/1521/718
f 696/1523/719 697/1526/719 698/1527/719
f 699/1530/720 700/1533/720 701/1535/720
f 702/1538/721 703/1540/721 704/1542/721
f 681/1491/722 688/1507/722 687/1505/722
f 684/1496/723 683/1495/723 682/1492/723
f 685/1499/724 692/1516/724 686/1502/724
f 689/1509/725 692/1516/725 691/1513/725
f 687/1504/726 700/1533/726 699/1530/726
f 690/1512/727 704/1542/727 691/1514/727
f 703/1540/728 700/1534/728 704/1542/728
f 693/1517/729 701/1537/729 694/1519/729
f 696/1524/730 703/1540/730 702/1538/730
f 697/1525/731 694/1519/731 698/1528/731
f 681/1491/732 695/1522/732 682/1492/732
f 685/1500/733 697/1526/733 696/1523/733
f 687/1505/734 693/1518/734 681/1491/734
f 719/1576/735 708/1550/735 706/1545/735
f 727/1594/736 718/1574/736 725/1588/736
f 726/1591/737 709/1552/737 720/1577/737
f 710/1554/738 712/1559/738 707/1549/738
f 713/1560/739 728/1595/739 724/1586/739
f 705/1544/740 706/1545/740 707/1547/740
f 708/1551/741 709/1553/741 710/1555/741
f 711/1556/742 712/1559/742 713/1561/742
f 714/1564/743 715/1565/743 716/1567/743
f 717/1571/744 718/1572/744 719/1576/744
f 720/1579/745 721/1581/745 722/1583/745
f 723/1584/746 724/1587/746 725/1589/746
f 726/1591/747 727/1592/747 728/1595/747
f 705/1543/748 712/1559/748 711/1556/748
f 706/1546/749 710/1555/749 707/1548/749
f 714/1563/750 710/1555/750 709/1553/750
f 715/1566/751 712/1559/751 716/1568/751
f 723/1584/752 713/1562/752 724/1587/752
f 714/1564/753 728/1595/753 715/1565/753
f 725/1589/754 728/1596/754 727/1593/754
f 717/1570/755 725/1589/755 718/1573/755
f 720/1579/756 727/1594/756 726/1590/756
f 721/1581/757 718/1574/757 722/1583/757
f 705/1544/758 719/1576/758 706/1545/758
f 709/1553/759 721/1582/759 720/1578/759
f 711/1558/760 717/1571/760 705/1544/760
f 743/1628/761 732/1604/761 730/1601/761
f 751/1646/762 742/1626/762 749/1640/762
f 738/1618/763 744/1629/763 750/1642/763
f 731/1603/764 740/1621/764 736/1612/764
f 739/1619/765 748/1637/765 737/1615/765
f 729/1598/766 730/1601/766 731/1602/766
f 732/1606/767 733/1607/767 734/1609/767
f 735/1610/768 736/1612/768 737/1614/768
f 738/1617/769 739/1619/769 740/1620/769
f 741/1623/770 742/1627/770 743/1628/770
f 744/1630/771 745/1631/771 746/1635/771
f 747/1636/772 748/1638/772 749/1641/772
f 750/1644/773 751/1645/773 752/1647/773
f 729/1597/774 736/1612/774 735/1610/774
f 732/1605/775 731/1603/775 730/1600/775
f 738/1618/776 734/1609/776 733/1607/776
f 739/1619/777 736/1613/777 740/1620/777
f 735/1611/778 748/1638/778 747/1636/778
f 750/1644/779 739/1619/779 738/1617/779
f 749/1640/780 752/1648/780 751/1646/780
f 741/1624/781 749/1641/781 742/1625/781
f 744/1630/782 751/1646/782 750/1643/782
f 745/1632/783 742/1627/783 746/1634/783
f 729/1598/784 743/1628/784 730/1601/784
f 733/1607/785 745/1633/785 744/1629/785
f 747/1636/786 729/1599/786 735/1611/786
f 767/1681/787 756/1657/787 754/1652/787
f 775/1698/788 766/1679/788 773/1691/788
f 762/1669/789 768/1682/789 774/1693/789
f 758/1660/790 760/1664/790 755/1656/790
f 763/1671/791 772/1689/791 761/1665/791
f 753/1651/792 754/1652/792 755/1654/792
f 756/1658/793 757/1659/793 758/1661/793
f 759/1662/794 760/1664/794 761/1666/794
f 762/1668/795 763/1671/795 764/1672/795
f 765/1675/796 766/1677/796 767/1681/796
f 768/1683/797 769/1685/797 770/1687/797
f 771/1688/798 772/1690/798 773/1692/798
f 774/1695/799 775/1696/799 776/1699/799
f 759/1662/800 755/1656/800 760/1664/800
f 754/1653/801 758/1661/801 755/1655/801
f 762/1669/802 758/1661/802 757/1659/802
f 761/1666/803 764/1674/803 763/1670/803
f 759/1663/804 772/1690/804 771/1688/804
f 774/1695/805 763/1671/805 762/1668/805
f 773/1692/806 776/1700/806 775/1697/806
f 765/1676/807 773/1692/807 766/1678/807
f 768/1683/808 775/1698/808 774/1694/808
f 769/1685/809 766/1679/809 770/1687/809
f 753/1651/810 767/1681/810 754/1652/810
f 757/1659/811 769/1686/811 768/1682/811
f 759/1663/812 765/1676/812 753/1649/812
f 791/1734/813 780/1708/813 778/1704/813
f 797/1746/814 794/1741/814 790/1732/814
f 798/1749/815 781/1710/815 792/1735/815
f 782/1712/816 784/1717/816 779/1707/816
f 785/1718/817 800/1753/817 796/1744/817
f 777/1701/818 778/1704/818 779/1705/818
f 780/1709/819 781/1711/819 782/1713/819
f 783/1714/820 784/1717/820 785/1719/820
f 786/1721/821 787/1724/821 788/1725/821
f 789/1729/822 790/1730/822 791/1734/822
f 792/1736/823 793/1738/823 794/1741/823
f 795/1742/824 796/1745/824 797/1747/824
f 798/1749/825 799/1750/825 800/1753/825
f 783/1714/826 779/1707/826 784/1717/826
f 778/1703/827 782/1713/827 779/1706/827
f 786/1722/828 782/1713/828 781/1711/828
f 787/1723/829 784/1717/829 788/1726/829
f 795/1742/830 785/1720/830 796/1745/830
f 798/1749/831 787/1724/831 786/1721/831
f 797/1747/832 800/1754/832 799/1751/832
f 795/1742/833 790/1731/833 789/1728/833
f 792/1736/834 799/1752/834 798/1748/834
f 791/1733/835 794/1741/835 793/1738/835
f 789/1729/836 778/1704/836 777/1701/836
f 792/1737/837 780/1709/837 793/1739/837
f 783/1716/838 789/1729/838 777/1701/838
f 815/1787/839 804/1762/839 802/1757/839
f 823/1803/840 814/1784/840 821/1800/840
f 810/1775/841 816/1788/841 822/1801/841
f 803/1758/842 812/1779/842 808/1769/842
f 811/1778/843 820/1798/843 809/1772/843
f 801/1755/844 802/1757/844 803/1760/844
f 804/1761/845 805/1764/845 806/1767/845
f 807/1768/846 808/1770/846 809/1773/846
f 810/1776/847 811/1777/847 812/1779/847
f 813/1781/848 814/1784/848 815/1786/848
f 816/1788/849 817/1789/849 818/1792/849
f 819/1794/850 820/1796/850 821/1800/850
f 822/1802/851 823/1804/851 824/1806/851
f 807/1768/852 803/1759/852 808/1770/852
f 804/1762/853 803/1760/853 802/1757/853
f 810/1776/854 806/1767/854 805/1764/854
f 809/1772/855 812/1780/855 811/1778/855
f 819/1795/856 809/1773/856 820/1797/856
f 822/1802/857 811/1778/857 810/1774/857
f 823/1804/858 820/1798/858 824/1806/858
f 813/1781/859 821/1800/859 814/1784/859
f 816/1788/860 823/1805/860 822/1801/860
f 815/1787/861 818/1793/861 817/1790/861
f 813/1782/862 802/1757/862 801/1755/862
f 816/1788/863 804/1763/863 817/1789/863
f 807/1768/864 813/1783/864 801/1756/864
f 841/1842/865 826/1808/865 839/1836/865
f 845/1853/866 842/1844/866 838/1835/866
f 834/1828/867 840/1840/867 846/1854/867
f 827/1810/868 836/1832/868 832/1824/868
f 835/1831/869 844/1849/869 833/1826/869
f 825/1807/870 826/1809/870 827/1811/870
f 828/1813/871 829/1816/871 830/1817/871
f 831/1821/872 832/1822/872 833/1826/872
f 834/1827/873 835/1829/873 836/1832/873
f 837/1833/874 838/1835/874 839/1837/874
f 840/1839/875 841/1842/875 842/1843/875
f 843/1846/876 844/1849/876 845/1851/876
f 846/1854/877 847/1856/877 848/1858/877
f 831/1820/878 827/1811/878 832/1823/878
f 826/1809/879 830/1819/879 827/1811/879
f 829/1815/880 836/1832/880 830/1818/880
f 833/1825/881 836/1832/881 835/1829/881
f 843/1846/882 833/1826/882 844/1849/882
f 834/1828/883 848/1858/883 835/1830/883
f 845/1852/884 848/1858/884 847/1856/884
f 843/1847/885 838/1835/885 837/1833/885
f 840/1840/886 847/1856/886 846/1854/886
f 841/1841/887 838/1835/887 842/1844/887
f 837/1834/888 826/1809/888 825/1807/888
f 829/1816/889 841/1842/889 840/1839/889
f 843/1848/890 825/1807/890 831/1820/890
f 863/1890/891 852/1866/891 850/1861/891
f 869/1902/892 866/1898/892 862/1889/892
f 870/1905/893 853/1867/893 864/1893/893
f 851/1864/894 860/1884/894 856/1874/894
f 857/1876/895 872/1910/895 868/1901/895
f 849/1860/896 850/1862/896 851/1863/896
f 852/1866/897 853/1868/897 854/1870/897
f 855/1871/898 856/1874/898 857/1875/898
f 858/1878/899 859/1880/899 860/1882/899
f 861/1886/900 862/1887/900 863/1892/900
f 864/1894/901 865/1896/901 866/1898/901
f 867/1899/902 868/1901/902 869/1903/902
f 870/1905/903 871/1906/903 872/1909/903
f 849/1859/904 856/1874/904 855/1871/904
f 852/1866/905 851/1865/905 850/1861/905
f 853/1868/906 860/1883/906 854/1870/906
f 857/1875/907 860/1884/907 859/1879/907
f 855/1873/908 868/1901/908 867/1899/908
f 858/1878/909 872/1909/909 859/1880/909
f 869/1903/910 872/1910/910 871/1907/910
f 861/1885/911 869/1903/911 862/1888/911
f 864/1894/912 871/1908/912 870/1904/912
f 863/1891/913 866/1898/913 865/1896/913
f 861/1886/914 850/1862/914 849/1860/914
f 864/1895/915 852/1866/915 865/1897/915
f 867/1900/916 849/1860/916 855/1872/916
f 887/1941/917 876/1918/917 874/1914/917
f 895/1958/918 886/1939/918 893/1953/918
f 882/1930/919 888/1942/919 894/1955/919
f 875/1916/920 884/1934/920 880/1925/920
f 883/1933/921 892/1950/921 881/1928/921
f 873/1911/922 874/1914/922 875/1915/922
f 876/1919/923 877/1921/923 878/1923/923
f 879/1924/924 880/1926/924 881/1929/924
f 882/1932/925 883/1933/925 884/1935/925
f 885/1937/926 886/1940/926 887/1941/926
f 888/1942/927 889/1943/927 890/1947/927
f 891/1948/928 892/1952/928 893/1953/928
f 894/1954/929 895/1956/929 896/1960/929
f 879/1924/930 875/1917/930 880/1926/930
f 874/1913/931 878/1923/931 875/1916/931
f 882/1931/932 878/1923/932 877/1921/932
f 881/1928/933 884/1935/933 883/1933/933
f 879/1924/934 892/1951/934 891/1949/934
f 882/1932/935 896/1960/935 883/1933/935
f 895/1958/936 892/1952/936 896/1959/936
f 891/1948/937 886/1939/937 885/1936/937
f 894/1955/938 890/1947/938 895/1957/938
f 889/1944/939 886/1940/939 890/1945/939
f 885/1937/940 874/1914/940 873/1911/940
f 888/1942/941 876/1920/941 889/1943/941
f 891/1949/942 873/1912/942 879/1924/942
f 913/2000/943 898/1963/943 911/1993/943
f 919/2014/944 910/1992/944 917/2010/944
f 918/2012/945 901/1970/945 912/1996/945
f 899/1966/946 908/1988/946 904/1979/946
f 907/1984/947 916/2006/947 905/1981/947
f 897/1962/948 898/1964/948 899/1965/948
f 900/1968/949 901/1971/949 902/1972/949
f 903/1977/950 904/1978/950 905/1981/950
f 906/1982/951 907/1986/951 908/1987/951
f 909/1990/952 910/1991/952 911/1995/952
f 912/1997/953 913/2000/953 914/2001/953
f 915/2003/954 916/2006/954 917/2008/954
f 918/2012/955 919/2013/955 920/2016/955
f 903/1976/956 899/1966/956 904/1979/956
f 898/1964/957 902/1973/957 899/1965/957
f 906/1983/958 902/1974/958 901/1969/958
f 907/1985/959 904/1979/959 908/1988/959
f 915/2003/960 905/1981/960 916/2006/960
f 918/2012/961 907/1986/961 906/1982/961
f 919/2013/962 916/2007/962 920/2016/962
f 909/1989/963 917/2010/963 910/1992/963
f 912/1998/964 919/2014/964 918/2011/964
f 911/1994/965 914/2002/965 913/1999/965
f 909/1990/966 898/1964/966 897/1962/966
f 901/1971/967 913/2000/967 912/1997/967
f 915/2005/968 897/1962/968 903/1975/968
f 935/2050/969 924/2024/969 922/2019/969
f 941/2062/970 938/2057/970 934/2048/970
f 930/2038/971 936/2051/971 942/2065/971
f 926/2028/972 928/2033/972 923/2023/972
f 929/2034/973 944/2069/973 940/2060/973
f 921/2018/974 922/2019/974 923/2021/974
f 924/2025/975 925/2027/975 926/2029/975
f 927/2030/976 928/2033/976 929/2035/976
f 930/2038/977 931/2039/977 932/2041/977
f 933/2045/978 934/2046/978 935/2050/978
f 936/2052/979 937/2054/979 938/2057/979
f 939/2058/980 940/2061/980 941/2063/980
f 942/2065/981 943/2066/981 944/2069/981
f 921/2017/982 928/2033/982 927/2030/982
f 922/2020/983 926/2029/983 923/2022/983
f 930/2037/984 926/2029/984 925/2027/984
f 931/2040/985 928/2033/985 932/2042/985
f 939/2058/986 929/2036/986 940/2061/986
f 930/2038/987 944/2069/987 931/2039/987
f 941/2063/988 944/2070/988 943/2067/988
f 933/2044/989 941/2063/989 934/2047/989
f 936/2052/990 943/2068/990 942/2064/990
f 935/2049/991 938/2057/991 937/2054/991
f 921/2018/992 935/2050/992 922/2019/992
f 936/2053/993 924/2025/993 937/2055/993
f 939/2059/994 921/2018/994 927/2031/994
f 959/2099/995 948/2077/995 946/2072/995
f 965/2114/996 962/2108/996 958/2098/996
f 966/2115/997 949/2078/997 960/2102/997
f 950/2081/998 952/2087/998 947/2074/998
f 953/2089/999 968/2120/999 964/2112/999
f 945/2071/1000 946/2073/1000 947/2075/1000
f 948/2077/1001 949/2080/1001 950/2082/1001
f 951/2083/1002 952/2085/1002 953/2089/1002
f 954/2090/1003 955/2094/1003 956/2095/1003
f 957/2096/1004 958/2098/1004 959/2100/1004
f 960/2103/1005 961/2105/1005 962/2106/1005
f 963/2109/1006 964/2112/1006 965/2113/1006
f 966/2115/1007 967/2117/1007 968/2119/1007
f 945/2071/1008 952/2086/1008 951/2084/1008
f 948/2077/1009 947/2076/1009 946/2072/1009
f 949/2079/1010 956/2095/1010 950/2081/1010
f 955/2094/1011 952/2087/1011 956/2095/1011
f 951/2083/1012 964/2112/1012 963/2109/1012
f 954/2091/1013 968/2119/1013 955/2092/1013
f 965/2113/1014 968/2120/1014 967/2116/1014
f 963/2110/1015 958/2098/1015 957/2096/1015
f 966/2115/1016 962/2107/1016 967/2117/1016
f 959/2100/1017 962/2108/1017 961/2104/1017
f 945/2071/1018 959/2101/1018 946/2073/1018
f 960/2103/1019 948/2077/1019 961/2105/1019
f 951/2084/1020 957/2097/1020 945/2071/1020
f 985/2161/1021 970/2124/1021 983/2155/1021
f 991/2174/1022 982/2151/1022 989/2168/1022
f 978/2142/1023 984/2158/1023 990/2171/1023
f 971/2126/1024 980/2146/1024 976/2137/1024
f 979/2144/1025 988/2167/1025 977/2140/1025
f 969/2121/1026 970/2123/1026 971/2126/1026
f 972/2127/1027 973/2129/1027 974/2133/1027
f 975/2135/1028 976/2137/1028 977/2139/1028
f 978/2142/1029 979/2143/1029 980/2147/1029
f 981/2150/1030 982/2152/1030 983/2154/1030
f 984/2159/1031 985/2160/1031 986/2163/1031
f 987/2165/1032 988/2166/1032 989/2170/1032
f 990/2172/1033 991/2174/1033 992/2175/1033
f 975/2135/1034 971/2126/1034 976/2137/1034
f 970/2124/1035 974/2132/1035 971/2125/1035
f 978/2142/1036 974/2133/1036 973/2129/1036
f 977/2140/1037 980/2148/1037 979/2144/1037
f 987/2164/1038 977/2140/1038 988/2167/1038
f 990/2172/1039 979/2145/1039 978/2141/1039
f 989/2169/1040 992/2176/1040 991/2173/1040
f 987/2165/1041 982/2152/1041 981/2150/1041
f 984/2159/1042 991/2174/1042 990/2172/1042
f 985/2161/1043 982/2153/1043 986/2162/1043
f 969/2121/1044 983/2156/1044 970/2123/1044
f 973/2130/1045 985/2161/1045 984/2157/1045
f 987/2165/1046 969/2122/1046 975/2134/1046
f 1009/2212/1047 994/2179/1047 1007/2206/1047
f 1015/2225/1048 1006/2205/1048 1013/2223/1048
f 1002/2197/1049 1008/2210/1049 1014/2224/1049
f 995/2180/1050 1004/2202/1050 1000/2194/1050
f 1001/2196/1051 1016/2227/1051 1012/2219/1051
f 993/2177/1052 994/2178/1052 995/2181/1052
f 996/2183/1053 997/2186/1053 998/2187/1053
f 999/2191/1054 1000/2192/1054 1001/2196/1054
f 1002/2198/1055 1003/2199/1055 1004/2202/1055
f 1005/2203/1056 1006/2205/1056 1007/2207/1056
f 1008/2209/1057 1009/2212/1057 1010/2213/1057
f 1011/2216/1058 1012/2219/1058 1013/2221/1058
f 1014/2224/1059 1015/2226/1059 1016/2228/1059
f 993/2177/1060 1000/2193/1060 999/2190/1060
f 996/2182/1061 995/2181/1061 994/2178/1061
f 1002/2198/1062 998/2189/1062 997/2184/1062
f 1001/2195/1063 1004/2202/1063 1003/2199/1063
f 1011/2216/1064 1001/2196/1064 1012/2219/1064
f 1014/2224/1065 1003/2201/1065 1002/2197/1065
f 1015/2226/1066 1012/2220/1066 1016/2228/1066
f 1011/2217/1067 1006/2205/1067 1005/2203/1067
f 1008/2210/1068 1015/2226/1068 1014/2224/1068
f 1009/2211/1069 1006/2205/1069 1010/2214/1069
f 993/2177/1070 1007/2208/1070 994/2178/1070
f 997/2186/1071 1009/2212/1071 1008/2209/1071
f 1011/2218/1072 993/2177/1072 999/2190/1072
f 1033/2265/1073 1018/2233/1073 1031/2261/1073
f 1039/2278/1074 1030/2259/1074 1037/2271/1074
f 1026/2248/1075 1032/2263/1075 1038/2273/1075
f 1022/2240/1076 1024/2244/1076 1019/2235/1076
f 1027/2251/1077 1036/2269/1077 1025/2245/1077
f 1017/2230/1078 1018/2233/1078 1019/2234/1078
f 1020/2238/1079 1021/2239/1079 1022/2241/1079
f 1023/2242/1080 1024/2244/1080 1025/2246/1080
f 1026/2249/1081 1027/2251/1081 1028/2252/1081
f 1029/2255/1082 1030/2257/1082 1031/2261/1082
f 1032/2262/1083 1033/2266/1083 1034/2267/1083
f 1035/2268/1084 1036/2270/1084 1037/2272/1084
f 1038/2275/1085 1039/2276/1085 1040/2280/1085
f 1017/2229/1086 1024/2244/1086 1023/2242/1086
f 1020/2238/1087 1019/2236/1087 1018/2232/1087
f 1026/2248/1088 1022/2241/1088 1021/2239/1088
f 1025/2246/1089 1028/2254/1089 1027/2250/1089
f 1023/2243/1090 1036/2270/1090 1035/2268/1090
f 1026/2249/1091 1040/2280/1091 1027/2251/1091
f 1039/2277/1092 1036/2270/1092 1040/2279/1092
f 1035/2268/1093 1030/2258/1093 1029/2256/1093
f 1032/2262/1094 1039/2278/1094 1038/2274/1094
f 1033/2266/1095 1030/2259/1095 1034/2267/1095
f 1017/2230/1096 1031/2261/1096 1018/2233/1096
f 1032/2263/1097 1020/2238/1097 1033/2264/1097
f 1035/2268/1098 1017/2231/1098 1023/2243/1098
f 1055/2315/1099 1044/2289/1099 1042/2284/1099
f 1063/2333/1100 1054/2312/1100 1061/2329/1100
f 1062/2331/1101 1045/2291/1101 1056/2316/1101
f 1043/2285/1102 1052/2308/1102 1048/2297/1102
f 1051/2306/1103 1060/2327/1103 1049/2301/1103
f 1041/2282/1104 1042/2283/1104 1043/2286/1104
f 1044/2288/1105 1045/2290/1105 1046/2294/1105
f 1047/2296/1106 1048/2298/1106 1049/2300/1106
f 1050/2303/1107 1051/2305/1107 1052/2308/1107
f 1053/2309/1108 1054/2312/1108 1055/2314/1108
f 1056/2316/1109 1057/2318/1109 1058/2322/1109
f 1059/2324/1110 1060/2326/1110 1061/2329/1110
f 1062/2331/1111 1063/2332/1111 1064/2335/1111
f 1041/2282/1112 1048/2298/1112 1047/2296/1112
f 1044/2289/1113 1043/2287/1113 1042/2284/1113
f 1050/2303/1114 1046/2294/1114 1045/2290/1114
f 1051/2306/1115 1048/2299/1115 1052/2307/1115
f 1047/2295/1116 1060/2327/1116 1059/2323/1116
f 1050/2304/1117 1064/2336/1117 1051/2306/1117
f 1063/2334/1118 1060/2327/1118 1064/2336/1118
f 1053/2309/1119 1061/2329/1119 1054/2312/1119
f 1062/2331/1120 1058/2322/1120 1063/2332/1120
f 1057/2319/1121 1054/2313/1121 1058/2320/1121
f 1053/2310/1122 1042/2284/1122 1041/2281/1122
f 1056/2317/1123 1044/2289/1123 1057/2319/1123
f 1047/2296/1124 1053/2311/1124 1041/2282/1124
f 1081/2373/1125 1066/2341/1125 1079/2368/1125
f 1087/2387/1126 1078/2366/1126 1085/2382/1126
f 1086/2385/1127 1069/2347/1127 1080/2370/1127
f 1070/2350/1128 1072/2354/1128 1067/2343/1128
f 1073/2357/1129 1088/2389/1129 1084/2379/1129
f 1065/2337/1130 1066/2342/1130 1067/2343/1130
f 1068/2345/1131 1069/2347/1131 1070/2348/1131
f 1071/2352/1132 1072/2353/1132 1073/2357/1132
f 1074/2359/1133 1075/2361/1133 1076/2363/1133
f 1077/2364/1134 1078/2367/1134 1079/2369/1134
f 1080/2370/1135 1081/2373/1135 1082/2374/1135
f 1083/2378/1136 1084/2379/1136 1085/2381/1136
f 1086/2384/1137 1087/2387/1137 1088/2388/1137
f 1065/2337/1138 1072/2354/1138 1071/2351/1138
f 1066/2342/1139 1070/2350/1139 1067/2343/1139
f 1069/2346/1140 1076/2363/1140 1070/2349/1140
f 1073/2356/1141 1076/2363/1141 1075/2361/1141
f 1071/2352/1142 1084/2379/1142 1083/2378/1142
f 1086/2386/1143 1075/2361/1143 1074/2359/1143
f 1087/2387/1144 1084/2380/1144 1088/2388/1144
f 1077/2364/1145 1085/2383/1145 1078/2367/1145
f 1080/2371/1146 1087/2387/1146 1086/2384/1146
f 1079/2369/1147 1082/2376/1147 1081/2372/1147
f 1065/2338/1148 1079/2369/1148 1066/2340/1148
f 1069/2347/1149 1081/2373/1149 1080/2370/1149
f 1083/2378/1150 1065/2339/1150 1071/2352/1150
f 1103/2421/1151 1092/2398/1151 1090/2393/1151
f 1109/2437/1152 1106/2428/1152 1102/2420/1152
f 1110/2438/1153 1093/2400/1153 1104/2423/1153
f 1094/2403/1154 1096/2408/1154 1091/2396/1154
f 1097/2411/1155 1112/2443/1155 1108/2433/1155
f 1089/2391/1156 1090/2394/1156 1091/2396/1156
f 1092/2398/1157 1093/2401/1157 1094/2402/1157
f 1095/2405/1158 1096/2407/1158 1097/2411/1158
f 1098/2413/1159 1099/2415/1159 1100/2417/1159
f 1101/2418/1160 1102/2420/1160 1103/2422/1160
f 1104/2424/1161 1105/2425/1161 1106/2427/1161
f 1107/2430/1162 1108/2433/1162 1109/2435/1162
f 1110/2438/1163 1111/2441/1163 1112/2442/1163
f 1089/2391/1164 1096/2408/1164 1095/2406/1164
f 1092/2397/1165 1091/2396/1165 1090/2394/1165
f 1098/2413/1166 1094/2404/1166 1093/2399/1166
f 1099/2415/1167 1096/2409/1167 1100/2417/1167
f 1107/2430/1168 1097/2411/1168 1108/2433/1168
f 1110/2439/1169 1099/2415/1169 1098/2413/1169
f 1111/2441/1170 1108/2434/1170 1112/2442/1170
f 1101/2418/1171 1109/2437/1171 1102/2420/1171
f 1104/2423/1172 1111/2441/1172 1110/2438/1172
f 1105/2426/1173 1102/2420/1173 1106/2428/1173
f 1089/2392/1174 1103/2422/1174 1090/2395/1174
f 1104/2424/1175 1092/2398/1175 1105/2425/1175
f 1095/2406/1176 1101/2419/1176 1089/2391/1176
f 1127/2476/1177 1116/2452/1177 1114/2447/1177
f 1133/2492/1178 1130/2485/1178 1126/2475/1178
f 1122/2466/1179 1128/2479/1179 1134/2493/1179
f 1118/2457/1180 1120/2462/1180 1115/2449/1180
f 1123/2469/1181 1132/2488/1181 1121/2464/1181
f 1113/2445/1182 1114/2448/1182 1115/2450/1182
f 1116/2452/1183 1117/2454/1183 1118/2455/1183
f 1119/2459/1184 1120/2460/1184 1121/2464/1184
f 1122/2467/1185 1123/2468/1185 1124/2471/1185
f 1125/2472/1186 1126/2475/1186 1127/2477/1186
f 1128/2479/1187 1129/2482/1187 1130/2483/1187
f 1131/2487/1188 1132/2488/1188 1133/2490/1188
f 1134/2494/1189 1135/2496/1189 1136/2498/1189
f 1113/2445/1190 1120/2461/1190 1119/2458/1190
f 1116/2451/1191 1115/2450/1191 1114/2448/1191
f 1122/2467/1192 1118/2457/1192 1117/2453/1192
f 1121/2463/1193 1124/2471/1193 1123/2468/1193
f 1131/2487/1194 1121/2464/1194 1132/2488/1194
f 1134/2494/1195 1123/2470/1195 1122/2465/1195
f 1133/2491/1196 1136/2498/1196 1135/2496/1196
f 1125/2472/1197 1133/2492/1197 1126/2475/1197
f 1128/2480/1198 1135/2496/1198 1134/2494/1198
f 1127/2477/1199 1130/2485/1199 1129/2481/1199
f 1113/2445/1200 1127/2478/1200 1114/2448/1200
f 1117/2454/1201 1129/2482/1201 1128/2479/1201
f 1131/2487/1202 1113/2446/1202 1119/2459/1202
f 1153/2537/1203 1138/2501/1203 1151/2530/1203
f 1159/2547/1204 1150/2529/1204 1157/2542/1204
f 1146/2517/1205 1152/2533/1205 1158/2544/1205
f 1139/2504/1206 1148/2523/1206 1144/2514/1206
f 1147/2519/1207 1156/2541/1207 1145/2516/1207
f 1137/2500/1208 1138/2502/1208 1139/2503/1208
f 1140/2506/1209 1141/2508/1209 1142/2510/1209
f 1143/2511/1210 1144/2514/1210 1145/2515/1210
f 1146/2517/1211 1147/2521/1211 1148/2522/1211
f 1149/2526/1212 1150/2527/1212 1151/2532/1212
f 1152/2534/1213 1153/2536/1213 1154/2538/1213
f 1155/2539/1214 1156/2541/1214 1157/2543/1214
f 1158/2544/1215 1159/2546/1215 1160/2550/1215
f 1137/2499/1216 1144/2514/1216 1143/2511/1216
f 1140/2506/1217 1139/2505/1217 1138/2501/1217
f 1141/2508/1218 1148/2524/1218 1142/2510/1218
f 1147/2520/1219 1144/2514/1219 1148/2523/1219
f 1155/2539/1220 1145/2516/1220 1156/2541/1220
f 1158/2544/1221 1147/2521/1221 1146/2517/1221
f 1159/2548/1222 1156/2541/1222 1160/2549/1222
f 1155/2539/1223 1150/2528/1223 1149/2525/1223
f 1158/2545/1224 1154/2538/1224 1159/2547/1224
f 1151/2531/1225 1154/2538/1225 1153/2536/1225
f 1149/2526/1226 1138/2502/1226 1137/2500/1226
f 1152/2535/1227 1140/2506/1227 1153/2537/1227
f 1155/2540/1228 1137/2500/1228 1143/2512/1228
f 1177/2588/1229 1162/2555/1229 1175/2583/1229
f 1183/2600/1230 1174/2581/1230 1181/2593/1230
f 1170/2570/1231 1176/2585/1231 1182/2596/1231
f 1166/2561/1232 1168/2566/1232 1163/2557/1232
f 1169/2567/1233 1184/2602/1233 1180/2592/1233
f 1161/2552/1234 1162/2554/1234 1163/2557/1234
f 1164/2559/1235 1165/2560/1235 1166/2563/1235
f 1167/2564/1236 1168/2566/1236 1169/2568/1236
f 1170/2571/1237 1171/2573/1237 1172/2574/1237
f 1173/2577/1238 1174/2579/1238 1175/2583/1238
f 1176/2584/1239 1177/2586/1239 1178/2589/1239
f 1179/2590/1240 1180/2591/1240 1181/2595/1240
f 1182/2597/1241 1183/2600/1241 1184/2601/1241
f 1167/2564/1242 1163/2557/1242 1168/2566/1242
f 1162/2555/1243 1166/2562/1243 1163/2556/1243
f 1170/2570/1244 1166/2563/1244 1165/2560/1244
f 1169/2568/1245 1172/2576/1245 1171/2572/1245
f 1179/2590/1246 1169/2569/1246 1180/2591/1246
f 1170/2571/1247 1184/2602/1247 1171/2573/1247
f 1183/2599/1248 1180/2592/1248 1184/2602/1248
f 1173/2578/1249 1181/2595/1249 1174/2580/1249
f 1176/2584/1250 1183/2600/1250 1182/2597/1250
f 1175/2582/1251 1178/2589/1251 1177/2586/1251
f 1173/2577/1252 1162/2555/1252 1161/2551/1252
f 1176/2585/1253 1164/2559/1253 1177/2587/1253
f 1179/2590/1254 1161/2553/1254 1167/2565/1254
f 1199/2637/1255 1188/2610/1255 1186/2606/1255
f 1207/2656/1256 1198/2635/1256 1205/2651/1256
f 1194/2625/1257 1200/2639/1257 1206/2652/1257
f 1187/2609/1258 1196/2630/1258 1192/2620/1258
f 1193/2621/1259 1208/2657/1259 1204/2647/1259
f 1185/2605/1260 1186/2606/1260 1187/2608/1260
f 1188/2612/1261 1189/2614/1261 1190/2615/1261
f 1191/2618/1262 1192/2619/1262 1193/2623/1262
f 1194/2624/1263 1195/2628/1263 1196/2629/1263
f 1197/2632/1264 1198/2634/1264 1199/2637/1264
f 1200/2639/1265 1201/2641/1265 1202/2643/1265
f 1203/2646/1266 1204/2648/1266 1205/2650/1266
f 1206/2654/1267 1207/2655/1267 1208/2657/1267
f 1191/2617/1268 1187/2609/1268 1192/2620/1268
f 1186/2607/1269 1190/2616/1269 1187/2609/1269
f 1189/2613/1270 1196/2630/1270 1190/2616/1270
f 1193/2622/1271 1196/2630/1271 1195/2627/1271
f 1203/2646/1272 1193/2623/1272 1204/2648/1272
f 1206/2654/1273 1195/2628/1273 1194/2624/1273
f 1205/2651/1274 1208/2658/1274 1207/2656/1274
f 1197/2631/1275 1205/2651/1275 1198/2635/1275
f 1200/2638/1276 1207/2656/1276 1206/2653/1276
f 1199/2636/1277 1202/2644/1277 1201/2640/1277
f 1185/2605/1278 1199/2637/1278 1186/2606/1278
f 1200/2639/1279 1188/2612/1279 1201/2641/1279
f 1191/2618/1280 1197/2633/1280 1185/2603/1280
f 1225/2694/1281 1210/2661/1281 1223/2690/1281
f 1229/2704/1282 1226/2696/1282 1222/2687/1282
f 1218/2679/1283 1224/2693/1283 1230/2705/1283
f 1211/2662/1284 1220/2683/1284 1216/2674/1284
f 1219/2682/1285 1228/2702/1285 1217/2677/1285
f 1209/2659/1286 1210/2660/1286 1211/2663/1286
f 1212/2665/1287 1213/2667/1287 1214/2671/1287
f 1215/2673/1288 1216/2676/1288 1217/2677/1288
f 1218/2678/1289 1219/2680/1289 1220/2683/1289
f 1221/2685/1290 1222/2687/1290 1223/2689/1290
f 1224/2692/1291 1225/2694/1291 1226/2695/1291
f 1227/2699/1292 1228/2701/1292 1229/2704/1292
f 1230/2705/1293 1231/2708/1293 1232/2709/1293
f 1209/2659/1294 1216/2675/1294 1215/2672/1294
f 1212/2666/1295 1211/2664/1295 1210/2661/1295
f 1218/2678/1296 1214/2671/1296 1213/2667/1296
f 1217/2677/1297 1220/2684/1297 1219/2682/1297
f 1215/2673/1298 1228/2702/1298 1227/2698/1298
f 1218/2679/1299 1232/2709/1299 1219/2681/1299
f 1229/2703/1300 1232/2710/1300 1231/2706/1300
f 1221/2685/1301 1229/2704/1301 1222/2687/1301
f 1224/2693/1302 1231/2708/1302 1230/2705/1302
f 1225/2694/1303 1222/2688/1303 1226/2695/1303
f 1209/2659/1304 1223/2691/1304 1210/2660/1304
f 1213/2669/1305 1225/2694/1305 1224/2692/1305
f 1227/2700/1306 1209/2659/1306 1215/2672/1306
f 1249/2748/1307 1234/2714/1307 1247/2742/1307
f 1253/2758/1308 1250/2750/1308 1246/2741/1308
f 1254/2759/1309 1237/2720/1309 1248/2745/1309
f 1235/2715/1310 1244/2737/1310 1240/2728/1310
f 1243/2734/1311 1252/2754/1311 1241/2730/1311
f 1233/2711/1312 1234/2713/1312 1235/2716/1312
f 1236/2718/1313 1237/2720/1313 1238/2721/1313
f 1239/2725/1314 1240/2726/1314 1241/2730/1314
f 1242/2733/1315 1243/2735/1315 1244/2737/1315
f 1245/2738/1316 1246/2741/1316 1247/2743/1316
f 1248/2745/1317 1249/2748/1317 1250/2749/1317
f 1251/2753/1318 1252/2754/1318 1253/2756/1318
f 1254/2760/1319 1255/2762/1319 1256/2764/1319
f 1239/2724/1320 1235/2716/1320 1240/2727/1320
f 1236/2717/1321 1235/2716/1321 1234/2713/1321
f 1237/2719/1322 1244/2737/1322 1238/2722/1322
f 1243/2735/1323 1240/2728/1323 1244/2737/1323
f 1251/2753/1324 1241/2730/1324 1252/2754/1324
f 1254/2760/1325 1243/2736/1325 1242/2731/1325
f 1255/2762/1326 1252/2755/1326 1256/2764/1326
f 1245/2738/1327 1253/2758/1327 1246/2741/1327
f 1248/2746/1328 1255/2762/1328 1254/2760/1328
f 1249/2747/1329 1246/2741/1329 1250/2750/1329
f 1233/2711/1330 1247/2744/1330 1234/2713/1330
f 1237/2720/1331 1249/2748/1331 1248/2745/1331
f 1251/2753/1332 1233/2712/1332 1239/2725/1332
f 1271/2793/1333 1260/2771/1333 1258/2766/1333
f 1277/2808/1334 1274/2802/1334 1270/2792/1334
f 1266/2785/1335 1272/2797/1335 1278/2809/1335
f 1259/2769/1336 1268/2789/1336 1264/2781/1336
f 1265/2783/1337 1280/2813/1337 1276/2806/1337
f 1257/2765/1338 1258/2767/1338 1259/2770/1338
f 1260/2771/1339 1261/2774/1339 1262/2776/1339
f 1263/2778/1340 1264/2779/1340 1265/2783/1340
f 1266/2784/1341 1267/2786/1341 1268/2789/1341
f 1269/2790/1342 1270/2792/1342 1271/2794/1342
f 1272/2796/1343 1273/2799/1343 1274/2800/1343
f 1275/2803/1344 1276/2806/1344 1277/2807/1344
f 1278/2809/1345 1279/2812/1345 1280/2814/1345
f 1263/2777/1346 1259/2770/1346 1264/2780/1346
f 1258/2766/1347 1262/2776/1347 1259/2768/1347
f 1261/2773/1348 1268/2789/1348 1262/2775/1348
f 1265/2782/1349 1268/2789/1349 1267/2786/1349
f 1263/2778/1350 1276/2806/1350 1275/2803/1350
f 1266/2785/1351 1280/2814/1351 1267/2787/1351
f 1279/2811/1352 1276/2806/1352 1280/2813/1352
f 1269/2790/1353 1277/2808/1353 1270/2792/1353
f 1272/2797/1354 1279/2812/1354 1278/2809/1354
f 1271/2794/1355 1274/2802/1355 1273/2798/1355
f 1269/2791/1356 1258/2767/1356 1257/2765/1356
f 1261/2774/1357 1273/2799/1357 1272/2796/1357
f 1275/2805/1358 1257/2765/1358 1263/2777/1358
f 1297/2849/1359 1282/2819/1359 1295/2844/1359
f 1301/2857/1360 1298/2851/1360 1294/2841/1360
f 1302/2859/1361 1285/2823/1361 1296/2846/1361
f 1283/2820/1362 1292/2837/1362 1288/2831/1362
f 1289/2833/1363 1304/2862/1363 1300/2854/1363
f 1281/2815/1364 1282/2817/1364 1283/2820/1364
f 1284/2822/1365 1285/2824/1365 1286/2825/1365
f 1287/2830/1366 1288/2832/1366 1289/2833/1366
f 1290/2834/1367 1291/2836/1367 1292/2838/1367
f 1293/2840/1368 1294/2842/1368 1295/2845/1368
f 1296/2847/1369 1297/2849/1369 1298/2850/1369
f 1299/2852/1370 1300/2854/1370 1301/2856/1370
f 1302/2860/1371 1303/2861/1371 1304/2864/1371
f 1287/2829/1372 1283/2820/1372 1288/2831/1372
f 1284/2821/1373 1283/2820/1373 1282/2817/1373
f 1290/2834/1374 1286/2827/1374 1285/2823/1374
f 1289/2833/1375 1292/2839/1375 1291/2835/1375
f 1299/2852/1376 1289/2833/1376 1300/2854/1376
f 1302/2859/1377 1291/2836/1377 1290/2834/1377
f 1301/2857/1378 1304/2864/1378 1303/2861/1378
f 1293/2840/1379 1301/2858/1379 1294/2842/1379
f 1302/2860/1380 1298/2851/1380 1303/2861/1380
f 1297/2849/1381 1294/2843/1381 1298/2850/1381
f 1281/2816/1382 1295/2845/1382 1282/2818/1382
f 1285/2824/1383 1297/2849/1383 1296/2847/1383
f 1299/2853/1384 1281/2816/1384 1287/2828/1384
f 1321/2899/1385 1306/2868/1385 1319/2896/1385
f 1327/2913/1386 1318/2894/1386 1325/2906/1386
f 1326/2909/1387 1309/2873/1387 1320/2897/1387
f 1307/2869/1388 1316/2889/1388 1312/2879/1388
f 1313/2880/1389 1328/2914/1389 1324/2905/1389
f 1305/2865/1390 1306/2868/1390 1307/2870/1390
f 1308/2872/1391 1309/2873/1391 1310/2874/1391
f 1311/2877/1392 1312/2879/1392 1313/2881/1392
f 1314/2883/1393 1315/2886/1393 1316/2887/1393
f 1317/2890/1394 1318/2892/1394 1319/2896/1394
f 1320/2898/1395 1321/2900/1395 1322/2902/1395
f 1323/2903/1396 1324/2904/1396 1325/2908/1396
f 1326/2910/1397 1327/2912/1397 1328/2914/1397
f 1311/2877/1398 1307/2869/1398 1312/2879/1398
f 1308/2871/1399 1307/2870/1399 1306/2868/1399
f 1309/2873/1400 1316/2888/1400 1310/2874/1400
f 1313/2881/1401 1316/2889/1401 1315/2885/1401
f 1323/2903/1402 1313/2882/1402 1324/2904/1402
f 1326/2910/1403 1315/2886/1403 1314/2883/1403
f 1325/2907/1404 1328/2914/1404 1327/2912/1404
f 1323/2903/1405 1318/2893/1405 1317/2891/1405
f 1326/2911/1406 1322/2902/1406 1327/2913/1406
f 1321/2900/1407 1318/2894/1407 1322/2902/1407
f 1317/2890/1408 1306/2868/1408 1305/2865/1408
f 1309/2873/1409 1321/2901/1409 1320/2897/1409
f 1323/2903/1410 1305/2867/1410 1311/2878/1410
f 1343/2944/1411 1332/2922/1411 1330/2917/1411
f 1349/2957/1412 1346/2950/1412 1342/2941/1412
f 1350/2960/1413 1333/2923/1413 1344/2946/1413
f 1331/2920/1414 1340/2938/1414 1336/2931/1414
f 1339/2935/1415 1348/2954/1415 1337/2933/1415
f 1329/2916/1416 1330/2918/1416 1331/2920/1416
f 1332/2922/1417 1333/2924/1417 1334/2925/1417
f 1335/2929/1418 1336/2932/1418 1337/2933/1418
f 1338/2934/1419 1339/2936/1419 1340/2939/1419
f 1341/2940/1420 1342/2942/1420 1343/2945/1420
f 1344/2947/1421 1345/2949/1421 1346/2951/1421
f 1347/2952/1422 1348/2954/1422 1349/2956/1422
f 1350/2959/1423 1351/2961/1423 1352/2962/1423
f 1329/2916/1424 1336/2931/1424 1335/2928/1424
f 1332/2921/1425 1331/2920/1425 1330/2918/1425
f 1333/2923/1426 1340/2939/1426 1334/2926/1426
f 1339/2935/1427 1336/2932/1427 1340/2937/1427
f 1347/2952/1428 1337/2933/1428 1348/2954/1428
f 1350/2960/1429 1339/2936/1429 1338/2934/1429
f 1351/2961/1430 1348/2955/1430 1352/2962/1430
f 1341/2940/1431 1349/2958/1431 1342/2942/1431
f 1344/2948/1432 1351/2961/1432 1350/2959/1432
f 1343/2944/1433 1346/2951/1433 1345/2949/1433
f 1341/2940/1434 1330/2919/1434 1329/2915/1434
f 1333/2924/1435 1345/2949/1435 1344/2947/1435
f 1335/2930/1436 1341/2940/1436 1329/2915/1436
f 1369/3000/1437 1354/2967/1437 1367/2996/1437
f 1373/3008/1438 1370/3001/1438 1366/2994/1438
f 1362/2985/1439 1368/2998/1439 1374/3009/1439
f 1358/2978/1440 1360/2981/1440 1355/2971/1440
f 1363/2987/1441 1372/3006/1441 1361/2983/1441
f 1353/2965/1442 1354/2969/1442 1355/2970/1442
f 1356/2973/1443 1357/2976/1443 1358/2978/1443
f 1359/2979/1444 1360/2982/1444 1361/2983/1444
f 1362/2985/1445 1363/2986/1445 1364/2988/1445
f 1365/2992/1446 1366/2993/1446 1367/2997/1446
f 1368/2999/1447 1369/3000/1447 1370/3002/1447
f 1371/3004/1448 1372/3007/1448 1373/3008/1448
f 1374/3009/1449 1375/3011/1449 1376/3015/1449
f 1359/2979/1450 1355/2972/1450 1360/2982/1450
f 1354/2968/1451 1358/2978/1451 1355/2971/1451
f 1357/2976/1452 1364/2990/1452 1358/2978/1452
f 1363/2987/1453 1360/2982/1453 1364/2989/1453
f 1359/2979/1454 1372/3006/1454 1371/3003/1454
f 1362/2985/1455 1376/3015/1455 1363/2986/1455
f 1373/3008/1456 1376/3016/1456 1375/3013/1456
f 1371/3004/1457 1366/2994/1457 1365/2991/1457
f 1374/3010/1458 1370/3002/1458 1375/3012/1458
f 1369/3000/1459 1366/2995/1459 1370/3002/1459
f 1365/2992/1460 1354/2969/1460 1353/2965/1460
f 1357/2977/1461 1369/3000/1461 1368/2999/1461
f 1359/2980/1462 1365/2992/1462 1353/2965/1462
f 1393/3053/1463 1378/3021/1463 1391/3049/1463
f 1397/3059/1464 1394/3055/1464 1390/3047/1464
f 1398/3061/1465 1381/3027/1465 1392/3051/1465
f 1382/3028/1466 1384/3032/1466 1379/3023/1466
f 1387/3038/1467 1396/3057/1467 1385/3033/1467
f 1377/3017/1468 1378/3021/1468 1379/3022/1468
f 1380/3026/1469 1381/3027/1469 1382/3029/1469
f 1383/3030/1470 1384/3032/1470 1385/3034/1470
f 1386/3037/1471 1387/3038/1471 1388/3040/1471
f 1389/3043/1472 1390/3045/1472 1391/3049/1472
f 1392/3050/1473 1393/3054/1473 1394/3055/1473
f 1395/3056/1474 1396/3058/1474 1397/3060/1474
f 1398/3062/1475 1399/3064/1475 1400/3068/1475
f 1383/3030/1476 1379/3023/1476 1384/3032/1476
f 1380/3026/1477 1379/3024/1477 1378/3020/1477
f 1381/3027/1478 1388/3042/1478 1382/3029/1478
f 1387/3039/1479 1384/3032/1479 1388/3041/1479
f 1383/3031/1480 1396/3058/1480 1395/3056/1480
f 1386/3037/1481 1400/3068/1481 1387/3038/1481
f 1399/3066/1482 1396/3058/1482 1400/3067/1482
f 1389/3044/1483 1397/3060/1483 1390/3046/1483
f 1398/3063/1484 1394/3055/1484 1399/3065/1484
f 1393/3054/1485 1390/3047/1485 1394/3055/1485
f 1389/3043/1486 1378/3021/1486 1377/3017/1486
f 1392/3051/1487 1380/3026/1487 1393/3052/1487
f 1383/3031/1488 1389/3044/1488 1377/3018/1488
f 1417/3104/1489 1402/3072/1489 1415/3098/1489
f 1421/3113/1490 1418/3107/1490 1414/3096/1490
f 1410/3090/1491 1416/3101/1491 1422/3116/1491
f 1406/3081/1492 1408/3086/1492 1403/3074/1492
f 1411/3091/1493 1420/3110/1493 1409/3089/1493
f 1401/3069/1494 1402/3073/1494 1403/3074/1494
f 1404/3076/1495 1405/3078/1495 1406/3079/1495
f 1407/3084/1496 1408/3085/1496 1409/3089/1496
f 1410/3090/1497 1411/3092/1497 1412/3094/1497
f 1413/3095/1498 1414/3097/1498 1415/3099/1498
f 1416/3100/1499 1417/3104/1499 1418/3105/1499
f 1419/3108/1500 1420/3110/1500 1421/3112/1500
f 1422/3115/1501 1423/3117/1501 1424/3118/1501
f 1401/3069/1502 1408/3086/1502 1407/3082/1502
f 1402/3073/1503 1406/3081/1503 1403/3074/1503
f 1405/3077/1504 1412/3094/1504 1406/3080/1504
f 1411/3092/1505 1408/3087/1505 1412/3094/1505
f 1419/3108/1506 1409/3089/1506 1420/3110/1506
f 1422/3116/1507 1411/3092/1507 1410/3090/1507
f 1423/3117/1508 1420/3111/1508 1424/3118/1508
f 1419/3109/1509 1414/3097/1509 1413/3095/1509
f 1416/3102/1510 1423/3117/1510 1422/3115/1510
f 1417/3103/1511 1414/3097/1511 1418/3106/1511
f 1401/3070/1512 1415/3099/1512 1402/3071/1512
f 1405/3078/1513 1417/3104/1513 1416/3100/1513
f 1419/3109/1514 1401/3070/1514 1407/3083/1514
f 1439/3154/1515 1428/3128/1515 1426/3124/1515
f 1445/3165/1516 1442/3158/1516 1438/3151/1516
f 1434/3139/1517 1440/3155/1517 1446/3167/1517
f 1430/3133/1518 1432/3135/1518 1427/3127/1518
f 1435/3142/1519 1444/3162/1519 1433/3137/1519
f 1425/3121/1520 1426/3124/1520 1427/3125/1520
f 1428/3129/1521 1429/3131/1521 1430/3133/1521
f 1431/3134/1522 1432/3136/1522 1433/3138/1522
f 1434/3141/1523 1435/3142/1523 1436/3144/1523
f 1437/3148/1524 1438/3150/1524 1439/3154/1524
f 1440/3155/1525 1441/3157/1525 1442/3159/1525
f 1443/3160/1526 1444/3164/1526 1445/3165/1526
f 1446/3166/1527 1447/3168/1527 1448/3172/1527
f 1431/3134/1528 1427/3126/1528 1432/3136/1528
f 1428/3129/1529 1427/3127/1529 1426/3123/1529
f 1434/3140/1530 1430/3133/1530 1429/3131/1530
f 1435/3143/1531 1432/3136/1531 1436/3145/1531
f 1431/3134/1532 1444/3163/1532 1443/3161/1532
f 1434/3141/1533 1448/3172/1533 1435/3142/1533
f 1447/3170/1534 1444/3164/1534 1448/3171/1534
f 1443/3160/1535 1438/3151/1535 1437/3147/1535
f 1446/3167/1536 1442/3159/1536 1447/3169/1536
f 1439/3153/1537 1442/3159/1537 1441/3157/1537
f 1425/3121/1538 1439/3154/1538 1426/3124/1538
f 1429/3132/1539 1441/3157/1539 1440/3155/1539
f 1443/3161/1540 1425/3122/1540 1431/3134/1540
f 1465/3208/1541 1450/3174/1541 1463/3202/1541
f 1471/3222/1542 1462/3201/1542 1469/3219/1542
f 1458/3193/1543 1464/3206/1543 1470/3220/1543
f 1454/3184/1544 1456/3190/1544 1451/3176/1544
f 1459/3195/1545 1468/3215/1545 1457/3192/1545
f 1449/3173/1546 1450/3175/1546 1451/3177/1546
f 1452/3179/1547 1453/3182/1547 1454/3183/1547
f 1455/3187/1548 1456/3188/1548 1457/3192/1548
f 1458/3194/1549 1459/3196/1549 1460/3198/1549
f 1461/3199/1550 1462/3201/1550 1463/3203/1550
f 1464/3205/1551 1465/3208/1551 1466/3209/1551
f 1467/3212/1552 1468/3215/1552 1469/3217/1552
f 1470/3220/1553 1471/3221/1553 1472/3224/1553
f 1449/3173/1554 1456/3189/1554 1455/3186/1554
f 1450/3175/1555 1454/3185/1555 1451/3177/1555
f 1453/3181/1556 1460/3198/1556 1454/3184/1556
f 1459/3196/1557 1456/3190/1557 1460/3198/1557
f 1455/3187/1558 1468/3215/1558 1467/3212/1558
f 1470/3220/1559 1459/3197/1559 1458/3193/1559
f 1469/3218/1560 1472/3224/1560 1471/3221/1560
f 1461/3199/1561 1469/3219/1561 1462/3201/1561
f 1470/3220/1562 1466/3210/1562 1471/3221/1562
f 1463/3203/1563 1466/3211/1563 1465/3207/1563
f 1449/3173/1564 1463/3204/1564 1450/3175/1564
f 1453/3182/1565 1465/3208/1565 1464/3205/1565
f 1467/3214/1566 1449/3173/1566 1455/3186/1566
f 1489/3263/1567 1474/3227/1567 1487/3258/1567
f 1495/3276/1568 1486/3256/1568 1493/3270/1568
f 1494/3272/1569 1477/3234/1569 1488/3259/1569
f 1478/3236/1570 1480/3241/1570 1475/3231/1570
f 1481/3242/1571 1496/3277/1571 1492/3268/1571
f 1473/3226/1572 1474/3227/1572 1475/3229/1572
f 1476/3233/1573 1477/3235/1573 1478/3237/1573
f 1479/3238/1574 1480/3241/1574 1481/3243/1574
f 1482/3245/1575 1483/3248/1575 1484/3249/1575
f 1485/3253/1576 1486/3254/1576 1487/3258/1576
f 1488/3261/1577 1489/3262/1577 1490/3265/1577
f 1491/3266/1578 1492/3269/1578 1493/3271/1578
f 1494/3272/1579 1495/3274/1579 1496/3277/1579
f 1473/3225/1580 1480/3241/1580 1479/3238/1580
f 1474/3228/1581 1478/3237/1581 1475/3230/1581
f 1482/3246/1582 1478/3237/1582 1477/3235/1582
f 1481/3243/1583 1484/3251/1583 1483/3247/1583
f 1491/3266/1584 1481/3244/1584 1492/3269/1584
f 1494/3272/1585 1483/3248/1585 1482/3245/1585
f 1493/3271/1586 1496/3278/1586 1495/3275/1586
f 1485/3252/1587 1493/3271/1587 1486/3255/1587
f 1494/3273/1588 1490/3265/1588 1495/3276/1588
f 1487/3257/1589 1490/3265/1589 1489/3262/1589
f 1473/3226/1590 1487/3258/1590 1474/3227/1590
f 1477/3235/1591 1489/3264/1591 1488/3260/1591
f 1479/3240/1592 1485/3253/1592 1473/3226/1592
f 1511/3308/1593 1500/3286/1593 1498/3281/1593
f 1519/3325/1594 1510/3305/1594 1517/3321/1594
f 1506/3298/1595 1512/3310/1595 1518/3324/1595
f 1502/3290/1596 1504/3295/1596 1499/3284/1596
f 1505/3297/1597 1520/3326/1597 1516/3318/1597
f 1497/3279/1598 1498/3283/1598 1499/3284/1598
f 1500/3286/1599 1501/3288/1599 1502/3289/1599
f 1503/3294/1600 1504/3296/1600 1505/3297/1600
f 1506/3298/1601 1507/3300/1601 1508/3303/1601
f 1509/3304/1602 1510/3306/1602 1511/3309/1602
f 1512/3312/1603 1513/3313/1603 1514/3315/1603
f 1515/3316/1604 1516/3318/1604 1517/3320/1604
f 1518/3323/1605 1519/3325/1605 1520/3328/1605
f 1497/3279/1606 1504/3295/1606 1503/3292/1606
f 1498/3283/1607 1502/3290/1607 1499/3284/1607
f 1506/3298/1608 1502/3291/1608 1501/3287/1608
f 1507/3299/1609 1504/3296/1609 1508/3301/1609
f 1515/3316/1610 1505/3297/1610 1516/3318/1610
f 1518/3324/1611 1507/3300/1611 1506/3298/1611
f 1517/3321/1612 1520/3328/1612 1519/3325/1612
f 1515/3317/1613 1510/3306/1613 1509/3304/1613
f 1512/3311/1614 1519/3325/1614 1518/3323/1614
f 1511/3308/1615 1514/3315/1615 1513/3313/1615
f 1497/3280/1616 1511/3309/1616 1498/3282/1616
f 1512/3312/1617 1500/3286/1617 1513/3313/1617
f 1515/3317/1618 1497/3280/1618 1503/3293/1618
f 1535/3360/1619 1524/3337/1619 1522/3333/1619
f 1543/3377/1620 1534/3358/1620 1541/3371/1620
f 1530/3350/1621 1536/3362/1621 1542/3373/1621
f 1523/3335/1622 1532/3353/1622 1528/3344/1622
f 1531/3351/1623 1540/3369/1623 1529/3347/1623
f 1521/3329/1624 1522/3333/1624 1523/3334/1624
f 1524/3338/1625 1525/3339/1625 1526/3341/1625
f 1527/3342/1626 1528/3344/1626 1529/3346/1626
f 1530/3349/1627 1531/3351/1627 1532/3352/1627
f 1533/3355/1628 1534/3359/1628 1535/3360/1628
f 1536/3361/1629 1537/3363/1629 1538/3366/1629
f 1539/3368/1630 1540/3370/1630 1541/3372/1630
f 1542/3374/1631 1543/3376/1631 1544/3380/1631
f 1521/3331/1632 1528/3344/1632 1527/3342/1632
f 1524/3338/1633 1523/3336/1633 1522/3332/1633
f 1530/3350/1634 1526/3341/1634 1525/3339/1634
f 1531/3351/1635 1528/3345/1635 1532/3352/1635
f 1539/3368/1636 1529/3348/1636 1540/3370/1636
f 1542/3374/1637 1531/3351/1637 1530/3349/1637
f 1543/3378/1638 1540/3370/1638 1544/3379/1638
f 1533/3356/1639 1541/3372/1639 1534/3357/1639
f 1542/3375/1640 1538/3366/1640 1543/3377/1640
f 1535/3360/1641 1538/3367/1641 1537/3365/1641
f 1533/3355/1642 1522/3333/1642 1521/3329/1642
f 1536/3362/1643 1524/3338/1643 1537/3364/1643
f 1527/3343/1644 1533/3356/1644 1521/3330/1644
f 1561/3415/1645 1546/3383/1645 1559/3410/1645
f 1567/3428/1646 1558/3409/1646 1565/3426/1646
f 1554/3401/1647 1560/3413/1647 1566/3427/1647
f 1547/3386/1648 1556/3406/1648 1552/3398/1648
f 1555/3404/1649 1564/3423/1649 1553/3400/1649
f 1545/3381/1650 1546/3384/1650 1547/3385/1650
f 1548/3388/1651 1549/3391/1651 1550/3392/1651
f 1551/3395/1652 1552/3396/1652 1553/3400/1652
f 1554/3402/1653 1555/3403/1653 1556/3406/1653
f 1557/3407/1654 1558/3409/1654 1559/3411/1654
f 1560/3414/1655 1561/3415/1655 1562/3417/1655
f 1563/3420/1656 1564/3423/1656 1565/3425/1656
f 1566/3427/1657 1567/3429/1657 1568/3431/1657
f 1551/3394/1658 1547/3385/1658 1552/3397/1658
f 1548/3387/1659 1547/3386/1659 1546/3382/1659
f 1549/3390/1660 1556/3406/1660 1550/3393/1660
f 1553/3399/1661 1556/3406/1661 1555/3403/1661
f 1551/3395/1662 1564/3423/1662 1563/3420/1662
f 1566/3427/1663 1555/3405/1663 1554/3401/1663
f 1565/3426/1664 1568/3432/1664 1567/3428/1664
f 1563/3421/1665 1558/3409/1665 1557/3407/1665
f 1560/3413/1666 1567/3429/1666 1566/3427/1666
f 1561/3416/1667 1558/3409/1667 1562/3418/1667
f 1557/3408/1668 1546/3384/1668 1545/3381/1668
f 1560/3414/1669 1548/3388/1669 1561/3415/1669
f 1563/3422/1670 1545/3381/1670 1551/3394/1670
f 1585/3470/1671 1570/3437/1671 1583/3465/1671
f 1591/3482/1672 1582/3462/1672 1589/3475/1672
f 1578/3453/1673 1584/3467/1673 1590/3478/1673
f 1574/3443/1674 1576/3448/1674 1571/3439/1674
f 1577/3449/1675 1592/3484/1675 1588/3474/1675
f 1569/3435/1676 1570/3436/1676 1571/3439/1676
f 1572/3441/1677 1573/3442/1677 1574/3445/1677
f 1575/3446/1678 1576/3448/1678 1577/3450/1678
f 1578/3453/1679 1579/3454/1679 1580/3457/1679
f 1581/3460/1680 1582/3461/1680 1583/3463/1680
f 1584/3466/1681 1585/3468/1681 1586/3471/1681
f 1587/3472/1682 1588/3473/1682 1589/3477/1682
f 1590/3479/1683 1591/3482/1683 1592/3483/1683
f 1569/3435/1684 1576/3448/1684 1575/3446/1684
f 1570/3437/1685 1574/3444/1685 1571/3438/1685
f 1578/3453/1686 1574/3445/1686 1573/3442/1686
f 1577/3450/1687 1580/3458/1687 1579/3455/1687
f 1587/3472/1688 1577/3451/1688 1588/3473/1688
f 1590/3480/1689 1579/3456/1689 1578/3452/1689
f 1589/3476/1690 1592/3484/1690 1591/3481/1690
f 1581/3460/1691 1589/3477/1691 1582/3461/1691
f 1584/3466/1692 1591/3482/1692 1590/3479/1692
f 1583/3464/1693 1586/3471/1693 1585/3468/1693
f 1581/3459/1694 1570/3437/1694 1569/3433/1694
f 1584/3467/1695 1572/3441/1695 1585/3469/1695
f 1575/3447/1696 1581/3460/1696 1569/3434/1696
f 1607/3514/1697 1596/3492/1697 1594/3487/1697
f 1615/3533/1698 1606/3513/1698 1613/3529/1698
f 1614/3532/1699 1597/3493/1699 1608/3517/1699
f 1598/3496/1700 1600/3502/1700 1595/3490/1700
f 1603/3507/1701 1612/3526/1701 1601/3504/1701
f 1593/3485/1702 1594/3489/1702 1595/3490/1702
f 1596/3492/1703 1597/3494/1703 1598/3495/1703
f 1599/3499/1704 1600/3501/1704 1601/3504/1704
f 1602/3505/1705 1603/3508/1705 1604/3509/1705
f 1605/3511/1706 1606/3512/1706 1607/3516/1706
f 1608/3518/1707 1609/3521/1707 1610/3522/1707
f 1611/3524/1708 1612/3526/1708 1613/3528/1708
f 1614/3531/1709 1615/3533/1709 1616/3534/1709
f 1599/3498/1710 1595/3490/1710 1600/3502/1710
f 1594/3489/1711 1598/3496/1711 1595/3490/1711
f 1602/3505/1712 1598/3497/1712 1597/3493/1712
f 1601/3503/1713 1604/3510/1713 1603/3506/1713
f 1599/3499/1714 1612/3526/1714 1611/3524/1714
f 1614/3532/1715 1603/3508/1715 1602/3505/1715
f 1615/3533/1716 1612/3527/1716 1616/3534/1716
f 1605/3511/1717 1613/3530/1717 1606/3512/1717
f 1608/3519/1718 1615/3533/1718 1614/3531/1718
f 1607/3515/1719 1610/3523/1719 1609/3520/1719
f 1593/3486/1720 1607/3516/1720 1594/3488/1720
f 1597/3494/1721 1609/3521/1721 1608/3518/1721
f 1599/3500/1722 1605/3511/1722 1593/3486/1722
f 1631/3566/1723 1620/3543/1723 1618/3538/1723
f 1639/3586/1724 1630/3565/1724 1637/3583/1724
f 1638/3584/1725 1621/3544/1725 1632/3569/1725
f 1622/3548/1726 1624/3554/1726 1619/3540/1726
f 1627/3559/1727 1636/3579/1727 1625/3556/1727
f 1617/3537/1728 1618/3539/1728 1619/3541/1728
f 1620/3543/1729 1621/3546/1729 1622/3547/1729
f 1623/3550/1730 1624/3552/1730 1625/3556/1730
f 1626/3558/1731 1627/3560/1731 1628/3562/1731
f 1629/3563/1732 1630/3565/1732 1631/3567/1732
f 1632/3570/1733 1633/3571/1733 1634/3573/1733
f 1635/3576/1734 1636/3579/1734 1637/3581/1734
f 1638/3584/1735 1639/3585/1735 1640/3588/1735
f 1617/3537/1736 1624/3553/1736 1623/3551/1736
f 1618/3539/1737 1622/3549/1737 1619/3541/1737
f 1621/3545/1738 1628/3562/1738 1622/3548/1738
f 1627/3560/1739 1624/3554/1739 1628/3562/1739
f 1623/3550/1740 1636/3579/1740 1635/3576/1740
f 1638/3584/1741 1627/3561/1741 1626/3557/1741
f 1637/3582/1742 1640/3588/1742 1639/3585/1742
f 1629/3563/1743 1637/3583/1743 1630/3565/1743
f 1638/3584/1744 1634/3575/1744 1639/3585/1744
f 1633/3572/1745 1630/3565/1745 1634/3574/1745
f 1617/3537/1746 1631/3568/1746 1618/3539/1746
f 1632/3570/1747 1620/3543/1747 1633/3571/1747
f 1623/3551/1748 1629/3564/1748 1617/3537/1748
f 1655/3620/1749 1644/3596/1749 1642/3593/1749
f 1663/3638/1750 1654/3617/1750 1661/3631/1750
f 1662/3635/1751 1645/3598/1751 1656/3621/1751
f 1643/3595/1752 1652/3612/1752 1648/3604/1752
f 1651/3611/1753 1660/3630/1753 1649/3607/1753
f 1641/3589/1754 1642/3592/1754 1643/3595/1754
f 1644/3597/1755 1645/3598/1755 1646/3601/1755
f 1647/3602/1756 1648/3604/1756 1649/3606/1756
f 1650/3609/1757 1651/3611/1757 1652/3614/1757
f 1653/3615/1758 1654/3619/1758 1655/3620/1758
f 1656/3622/1759 1657/3623/1759 1658/3626/1759
f 1659/3628/1760 1660/3629/1760 1661/3633/1760
f 1662/3634/1761 1663/3638/1761 1664/3639/1761
f 1641/3589/1762 1648/3604/1762 1647/3602/1762
f 1642/3593/1763 1646/3600/1763 1643/3594/1763
f 1650/3610/1764 1646/3601/1764 1645/3598/1764
f 1649/3607/1765 1652/3614/1765 1651/3611/1765
f 1659/3628/1766 1649/3608/1766 1660/3629/1766
f 1662/3636/1767 1651/3611/1767 1650/3609/1767
f 1663/3637/1768 1660/3630/1768 1664/3640/1768
f 1659/3628/1769 1654/3618/1769 1653/3616/1769
f 1656/3622/1770 1663/3638/1770 1662/3634/1770
f 1655/3620/1771 1658/3627/1771 1657/3624/1771
f 1641/3590/1772 1655/3620/1772 1642/3593/1772
f 1645/3598/1773 1657/3625/1773 1656/3621/1773
f 1659/3628/1774 1641/3591/1774 1647/3603/1774
f 1679/3671/1775 1668/3648/1775 1666/3644/1775
f 1687/3688/1776 1678/3669/1776 1685/3683/1776
f 1686/3685/1777 1669/3652/1777 1680/3672/1777
f 1670/3653/1778 1672/3655/1778 1667/3647/1778
f 1675/3663/1779 1684/3681/1779 1673/3658/1779
f 1665/3641/1780 1666/3644/1780 1667/3645/1780
f 1668/3649/1781 1669/3651/1781 1670/3653/1781
f 1671/3654/1782 1672/3656/1782 1673/3659/1782
f 1674/3660/1783 1675/3663/1783 1676/3664/1783
f 1677/3667/1784 1678/3670/1784 1679/3671/1784
f 1680/3672/1785 1681/3674/1785 1682/3677/1785
f 1683/3678/1786 1684/3682/1786 1685/3683/1786
f 1686/3684/1787 1687/3686/1787 1688/3689/1787
f 1665/3642/1788 1672/3656/1788 1671/3654/1788
f 1668/3649/1789 1667/3647/1789 1666/3643/1789
f 1674/3662/1790 1670/3653/1790 1669/3651/1790
f 1675/3663/1791 1672/3657/1791 1676/3664/1791
f 1683/3679/1792 1673/3659/1792 1684/3680/1792
f 1686/3684/1793 1675/3663/1793 1674/3660/1793
f 1685/3683/1794 1688/3690/1794 1687/3688/1794
f 1683/3678/1795 1678/3669/1795 1677/3666/1795
f 1686/3685/1796 1682/3677/1796 1687/3687/1796
f 1681/3673/1797 1678/3670/1797 1682/3675/1797
f 1665/3641/1798 1679/3671/1798 1666/3644/1798
f 1669/3652/1799 1681/3674/1799 1680/3672/1799
f 1683/3679/1800 1665/3642/1800 1671/3654/1800
f 1705/3726/1801 1690/3695/1801 1703/3719/1801
f 1709/3731/1802 1706/3727/1802 1702/3718/1802
f 1710/3735/1803 1693/3699/1803 1704/3722/1803
f 1691/3696/1804 1700/3715/1804 1696/3707/1804
f 1699/3713/1805 1708/3730/1805 1697/3709/1805
f 1689/3691/1806 1690/3693/1806 1691/3696/1806
f 1692/3698/1807 1693/3700/1807 1694/3702/1807
f 1695/3704/1808 1696/3707/1808 1697/3708/1808
f 1698/3710/1809 1699/3712/1809 1700/3714/1809
f 1701/3716/1810 1702/3717/1810 1703/3721/1810
f 1704/3724/1811 1705/3725/1811 1706/3727/1811
f 1707/3728/1812 1708/3730/1812 1709/3732/1812
f 1710/3734/1813 1711/3737/1813 1712/3738/1813
f 1689/3691/1814 1696/3707/1814 1695/3704/1814
f 1692/3698/1815 1691/3697/1815 1690/3695/1815
f 1698/3710/1816 1694/3703/1816 1693/3699/1816
f 1697/3708/1817 1700/3715/1817 1699/3711/1817
f 1695/3706/1818 1708/3730/1818 1707/3728/1818
f 1698/3710/1819 1712/3739/1819 1699/3712/1819
f 1709/3732/1820 1712/3740/1820 1711/3736/1820
f 1701/3716/1821 1709/3733/1821 1702/3717/1821
f 1704/3724/1822 1711/3737/1822 1710/3734/1822
f 1705/3725/1823 1702/3718/1823 1706/3727/1823
f 1689/3692/1824 1703/3721/1824 1690/3694/1824
f 1693/3700/1825 1705/3726/1825 1704/3723/1825
f 1707/3729/1826 1689/3692/1826 1695/3705/1826
f 1729/3775/1827 1714/3745/1827 1727/3771/1827
f 1735/3788/1828 1726/3769/1828 1733/3783/1828
f 1734/3786/1829 1717/3750/1829 1728/3772/1829
f 1718/3751/1830 1720/3755/1830 1715/3746/1830
f 1721/3758/1831 1736/3789/1831 1732/3780/1831
f 1713/3743/1832 1714/3744/1832 1715/3746/1832
f 1716/3749/1833 1717/3750/1833 1718/3752/1833
f 1719/3753/1834 1720/3755/1834 1721/3757/1834
f 1722/3761/1835 1723/3762/1835 1724/3763/1835
f 1725/3766/1836 1726/3770/1836 1727/3771/1836
f 1728/3773/1837 1729/3774/1837 1730/3778/1837
f 1731/3779/1838 1732/3781/1838 1733/3784/1838
f 1734/3785/1839 1735/3788/1839 1736/3790/1839
f 1713/3743/1840 1720/3755/1840 1719/3753/1840
f 1716/3748/1841 1715/3746/1841 1714/3744/1841
f 1722/3760/1842 1718/3752/1842 1717/3750/1842
f 1723/3762/1843 1720/3756/1843 1724/3763/1843
f 1731/3779/1844 1721/3759/1844 1732/3781/1844
f 1722/3761/1845 1736/3789/1845 1723/3762/1845
f 1733/3783/1846 1736/3790/1846 1735/3788/1846
f 1725/3767/1847 1733/3784/1847 1726/3768/1847
f 1728/3773/1848 1735/3788/1848 1734/3785/1848
f 1729/3775/1849 1726/3770/1849 1730/3777/1849
f 1725/3766/1850 1714/3745/1850 1713/3741/1850
f 1717/3750/1851 1729/3776/1851 1728/3772/1851
f 1719/3754/1852 1725/3767/1852 1713/3742/1852
f 1753/3827/1853 1738/3794/1853 1751/3824/1853
f 1759/3840/1854 1750/3821/1854 1757/3837/1854
f 1746/3812/1855 1752/3825/1855 1758/3838/1855
f 1742/3804/1856 1744/3807/1856 1739/3795/1856
f 1747/3815/1857 1756/3835/1857 1745/3809/1857
f 1737/3792/1858 1738/3793/1858 1739/3796/1858
f 1740/3798/1859 1741/3801/1859 1742/3804/1859
f 1743/3805/1860 1744/3806/1860 1745/3810/1860
f 1746/3813/1861 1747/3814/1861 1748/3817/1861
f 1749/3818/1862 1750/3821/1862 1751/3823/1862
f 1752/3825/1863 1753/3826/1863 1754/3830/1863
f 1755/3831/1864 1756/3833/1864 1757/3837/1864
f 1758/3838/1865 1759/3842/1865 1760/3843/1865
f 1743/3805/1866 1739/3796/1866 1744/3806/1866
f 1740/3799/1867 1739/3797/1867 1738/3794/1867
f 1746/3813/1868 1742/3804/1868 1741/3801/1868
f 1747/3815/1869 1744/3808/1869 1748/3816/1869
f 1755/3832/1870 1745/3810/1870 1756/3834/1870
f 1758/3839/1871 1747/3815/1871 1746/3811/1871
f 1759/3841/1872 1756/3835/1872 1760/3844/1872
f 1755/3831/1873 1750/3821/1873 1749/3818/1873
f 1752/3825/1874 1759/3842/1874 1758/3838/1874
f 1753/3827/1875 1750/3822/1875 1754/3828/1875
f 1737/3791/1876 1751/3824/1876 1738/3794/1876
f 1752/3825/1877 1740/3800/1877 1753/3826/1877
f 1755/3832/1878 1737/3792/1878 1743/3805/1878
f 1777/3883/7 1762/3849/7 1775/3879/7
f 1783/3898/8 1774/3877/8 1781/3893/8
f 1770/3866/9 1776/3880/9 1782/3894/9
f 1763/3851/1879 1772/3872/1879 1768/3862/1879
f 1771/3869/11 1780/3889/11 1769/3863/11
f 1761/3845/12 1762/3849/12 1763/3850/12
f 1764/3854/13 1765/3856/13 1766/3857/13
f 1767/3860/14 1768/3861/14 1769/3865/14
f 1770/3868/1880 1771/3869/1880 1772/3871/1880
f 1773/3874/1881 1774/3876/1881 1775/3879/1881
f 1776/3880/17 1777/3884/17 1778/3885/17
f 1779/3888/18 1780/3890/18 1781/3892/18
f 1782/3896/19 1783/3897/19 1784/3900/19
f 1767/3859/20 1763/3851/20 1768/3862/20
f 1762/3848/1882 1766/3858/1882 1763/3851/1882
f 1765/3855/22 1772/3872/22 1766/3858/22
f 1771/3870/1883 1768/3862/1883 1772/3872/1883
f 1767/3860/24 1780/3890/24 1779/3888/24
f 1770/3868/25 1784/3900/25 1771/3869/25
f 1783/3898/1884 1780/3891/1884 1784/3899/1884
f 1779/3887/1885 1774/3877/1885 1773/3873/1885
f 1776/3881/28 1783/3898/28 1782/3895/28
f 1775/3878/1886 1778/3886/1886 1777/3882/1886
f 1773/3874/1887 1762/3849/1887 1761/3845/1887
f 1765/3856/31 1777/3884/31 1776/3880/31
f 1767/3860/32 1773/3875/32 1761/3846/32
f 1801/3935/33 1786/3904/33 1799/3932/33
f 1807/3949/34 1798/3930/34 1805/3942/34
f 1806/3945/35 1789/3909/35 1800/3933/35
f 1790/3911/36 1792/3915/36 1787/3906/36
f 1793/3916/37 1808/3950/37 1804/3941/37
f 1785/3901/38 1786/3904/38 1787/3905/38
f 1788/3908/39 1789/3909/39 1790/3910/39
f 1791/3913/40 1792/3915/40 1793/3917/40
f 1794/3919/41 1795/3922/41 1796/3923/41
f 1797/3926/42 1798/3928/42 1799/3932/42
f 1800/3934/43 1801/3936/43 1802/3938/43
f 1803/3939/44 1804/3940/44 1805/3944/44
f 1806/3946/45 1807/3948/45 1808/3950/45
f 1785/3903/46 1792/3915/46 1791/3913/46
f 1786/3904/47 1790/3912/47 1787/3905/47
f 1789/3909/48 1796/3924/48 1790/3910/48
f 1793/3917/49 1796/3925/49 1795/3921/49
f 1803/3939/1888 1793/3918/1888 1804/3940/1888
f 1806/3946/51 1795/3922/51 1794/3919/51
f 1805/3943/1889 1808/3950/1889 1807/3948/1889
f 1803/3939/53 1798/3929/53 1797/3927/53
f 1806/3947/54 1802/3938/54 1807/3949/54
f 1801/3936/1890 1798/3930/1890 1802/3938/1890
f 1797/3926/1891 1786/3904/1891 1785/3901/1891
f 1789/3909/57 1801/3937/57 1800/3933/57
f 1791/3914/58 1797/3927/58 1785/3902/58
f 1825/3984/59 1810/3952/59 1823/3979/59
f 1831/3996/60 1822/3978/60 1829/3994/60
f 1818/3970/61 1824/3982/61 1830/3995/61
f 1814/3962/62 1816/3967/62 1811/3954/62
f 1817/3969/63 1832/3999/63 1828/3992/63
f 1809/3951/1892 1810/3953/1892 1811/3956/1892
f 1812/3957/65 1813/3960/65 1814/3961/65
f 1815/3964/1893 1816/3965/1893 1817/3969/1893
f 1818/3971/67 1819/3972/67 1820/3975/67
f 1821/3976/1894 1822/3978/1894 1823/3980/1894
f 1824/3983/1895 1825/3984/1895 1826/3986/1895
f 1827/3989/70 1828/3992/70 1829/3993/70
f 1830/3995/71 1831/3998/71 1832/4000/71
f 1815/3963/72 1811/3956/72 1816/3966/72
f 1810/3952/73 1814/3961/73 1811/3955/73
f 1818/3971/1896 1814/3962/1896 1813/3958/1896
f 1817/3968/75 1820/3975/75 1819/3972/75
f 1827/3989/1897 1817/3969/1897 1828/3992/1897
f 1830/3995/77 1819/3974/77 1818/3970/77
f 1831/3997/78 1828/3992/78 1832/3999/78
f 1821/3976/1898 1829/3994/1898 1822/3978/1898
f 1824/3982/80 1831/3998/80 1830/3995/80
f 1825/3985/81 1822/3978/81 1826/3987/81
f 1821/3977/1899 1810/3953/1899 1809/3951/1899
f 1824/3983/83 1812/3957/83 1825/3984/83
f 1827/3991/84 1809/3951/84 1815/3963/84
f 1847/4035/85 1836/4009/85 1834/4004/85
f 1853/4049/86 1850/4041/86 1846/4032/86
f 1854/4051/87 1837/4011/87 1848/4037/87
f 1835/4006/88 1844/4028/88 1840/4017/88
f 1843/4026/89 1852/4047/89 1841/4021/89
f 1833/4002/90 1834/4003/90 1835/4007/90
f 1836/4008/91 1837/4010/91 1838/4014/91
f 1839/4015/92 1840/4018/92 1841/4020/92
f 1842/4024/93 1843/4025/93 1844/4028/93
f 1845/4029/1900 1846/4032/1900 1847/4034/1900
f 1848/4037/95 1849/4038/95 1850/4042/95
f 1851/4044/96 1852/4046/96 1853/4049/96
f 1854/4051/1901 1855/4053/1901 1856/4055/1901
f 1839/4015/98 1835/4007/98 1840/4018/98
f 1834/4004/99 1838/4013/99 1835/4005/99
f 1842/4024/100 1838/4014/100 1837/4010/100
f 1843/4026/1902 1840/4019/1902 1844/4027/1902
f 1839/4016/102 1852/4047/102 1851/4043/102
f 1854/4050/103 1843/4026/103 1842/4022/103
f 1853/4048/104 1856/4056/104 1855/4052/104
f 1845/4029/105 1853/4049/105 1846/4032/105
f 1854/4051/1903 1850/4042/1903 1855/4053/1903
f 1849/4039/107 1846/4033/107 1850/4040/107
f 1833/4001/108 1847/4035/108 1834/4004/108
f 1837/4012/109 1849/4039/109 1848/4036/109
f 1851/4045/110 1833/4002/110 1839/4015/110
f 1871/4086/111 1860/4064/111 1858/4059/111
f 1877/4099/112 1874/4092/112 1870/4083/112
f 1866/4076/113 1872/4089/113 1878/4101/113
f 1862/4068/114 1864/4073/114 1859/4062/114
f 1865/4075/1904 1880/4104/1904 1876/4096/1904
f 1857/4057/116 1858/4060/116 1859/4062/116
f 1860/4064/1905 1861/4066/1905 1862/4067/1905
f 1863/4071/118 1864/4074/118 1865/4075/118
f 1866/4076/119 1867/4078/119 1868/4081/119
f 1869/4082/120 1870/4084/120 1871/4087/120
f 1872/4088/121 1873/4091/121 1874/4093/121
f 1875/4094/1906 1876/4096/1906 1877/4098/1906
f 1878/4102/123 1879/4103/123 1880/4106/123
f 1863/4070/124 1859/4062/124 1864/4073/124
f 1860/4063/125 1859/4062/125 1858/4060/125
f 1866/4076/126 1862/4069/126 1861/4065/126
f 1867/4077/127 1864/4074/127 1868/4079/127
f 1875/4094/1907 1865/4075/1907 1876/4096/1907
f 1878/4101/129 1867/4078/129 1866/4076/129
f 1877/4099/130 1880/4106/130 1879/4103/130
f 1869/4082/131 1877/4100/131 1870/4084/131
f 1878/4102/132 1874/4092/132 1879/4103/132
f 1871/4086/133 1874/4093/133 1873/4091/133
f 1857/4058/134 1871/4087/134 1858/4061/134
f 1861/4066/1908 1873/4091/1908 1872/4088/1908
f 1863/4072/136 1869/4082/136 1857/4058/136
f 1897/4142/137 1882/4110/137 1895/4140/137
f 1901/4151/138 1898/4144/138 1894/4137/138
f 1890/4125/139 1896/4141/139 1902/4152/139
f 1886/4119/140 1888/4121/140 1883/4112/140
f 1889/4123/1909 1904/4157/1909 1900/4148/1909
f 1881/4107/1910 1882/4110/1910 1883/4111/1910
f 1884/4115/143 1885/4117/143 1886/4119/143
f 1887/4120/144 1888/4122/144 1889/4124/144
f 1890/4127/1911 1891/4129/1911 1892/4130/1911
f 1893/4134/146 1894/4136/146 1895/4140/146
f 1896/4141/147 1897/4143/147 1898/4145/147
f 1899/4146/1912 1900/4150/1912 1901/4151/1912
f 1902/4153/1913 1903/4154/1913 1904/4157/1913
f 1887/4120/150 1883/4113/150 1888/4122/150
f 1882/4109/151 1886/4119/151 1883/4112/151
f 1890/4126/152 1886/4119/152 1885/4117/152
f 1889/4124/153 1892/4132/153 1891/4128/153
f 1899/4147/154 1889/4124/154 1900/4149/154
f 1890/4127/1914 1904/4157/1914 1891/4129/1914
f 1901/4151/1915 1904/4158/1915 1903/4155/1915
f 1899/4146/157 1894/4137/157 1893/4133/157
f 1896/4141/1916 1903/4156/1916 1902/4152/1916
f 1895/4139/159 1898/4145/159 1897/4143/159
f 1893/4134/1917 1882/4110/1917 1881/4107/1917
f 1885/4118/161 1897/4143/161 1896/4141/161
f 1887/4120/162 1893/4135/162 1881/4108/162
f 1921/4196/163 1906/4163/163 1919/4190/163
f 1925/4203/164 1922/4197/164 1918/4187/164
f 1914/4180/165 1920/4193/165 1926/4207/165
f 1910/4170/166 1912/4176/166 1907/4165/166
f 1913/4179/167 1928/4212/167 1924/4202/167
f 1905/4159/1918 1906/4161/1918 1907/4165/1918
f 1908/4166/169 1909/4168/169 1910/4172/169
f 1911/4173/170 1912/4176/170 1913/4178/170
f 1914/4180/1919 1915/4181/1919 1916/4185/1919
f 1917/4186/1920 1918/4188/1920 1919/4191/1920
f 1920/4194/173 1921/4195/173 1922/4197/173
f 1923/4200/174 1924/4201/174 1925/4205/174
f 1926/4206/175 1927/4209/175 1928/4210/175
f 1905/4159/176 1912/4176/176 1911/4173/176
f 1906/4163/177 1910/4171/177 1907/4164/177
f 1914/4180/178 1910/4172/178 1909/4168/178
f 1915/4182/1921 1912/4177/1921 1916/4183/1921
f 1923/4199/180 1913/4179/180 1924/4202/180
f 1914/4180/1922 1928/4211/1922 1915/4181/1922
f 1925/4204/182 1928/4212/182 1927/4208/182
f 1923/4200/183 1918/4188/183 1917/4186/183
f 1920/4194/184 1927/4209/184 1926/4206/184
f 1919/4190/185 1922/4198/185 1921/4196/185
f 1905/4160/1923 1919/4191/1923 1906/4162/1923
f 1909/4169/187 1921/4196/187 1920/4192/187
f 1923/4200/1924 1905/4160/1924 1911/4174/1924
f 1943/4241/189 1932/4219/189 1930/4214/189
f 1951/4258/190 1942/4240/190 1949/4256/190
f 1938/4233/191 1944/4245/191 1950/4257/191
f 1934/4224/192 1936/4229/192 1931/4216/192
f 1939/4236/193 1948/4254/193 1937/4231/193
f 1929/4213/194 1930/4215/194 1931/4217/194
f 1932/4219/1925 1933/4222/1925 1934/4223/1925
f 1935/4226/196 1936/4227/196 1937/4231/196
f 1938/4232/197 1939/4234/197 1940/4237/197
f 1941/4238/198 1942/4240/198 1943/4242/198
f 1944/4244/1926 1945/4247/1926 1946/4248/1926
f 1947/4251/200 1948/4254/200 1949/4255/200
f 1950/4257/201 1951/4260/201 1952/4262/201
f 1929/4213/1927 1936/4228/1927 1935/4225/1927
f 1932/4219/203 1931/4218/203 1930/4214/203
f 1938/4232/1928 1934/4224/1928 1933/4220/1928
f 1937/4230/205 1940/4237/205 1939/4234/205
f 1935/4226/206 1948/4254/206 1947/4251/206
f 1938/4233/1929 1952/4262/1929 1939/4235/1929
f 1951/4259/208 1948/4254/208 1952/4261/208
f 1941/4238/209 1949/4256/209 1942/4240/209
f 1944/4245/210 1951/4260/210 1950/4257/210
f 1945/4246/211 1942/4240/211 1946/4249/211
f 1929/4213/212 1943/4243/212 1930/4215/212
f 1933/4222/213 1945/4247/213 1944/4244/213
f 1947/4253/214 1929/4213/214 1935/4225/214
f 1969/4301/215 1954/4266/215 1967/4296/215
f 1975/4314/216 1966/4294/216 1973/4308/216
f 1974/4310/217 1957/4272/217 1968/4297/217
f 1955/4268/218 1964/4289/218 1960/4279/218
f 1961/4280/219 1976/4315/219 1972/4306/219
f 1953/4264/220 1954/4266/220 1955/4267/220
f 1956/4271/221 1957/4273/221 1958/4275/221
f 1959/4277/222 1960/4279/222 1961/4281/222
f 1962/4283/223 1963/4286/223 1964/4287/223
f 1965/4291/224 1966/4292/224 1967/4296/224
f 1968/4299/225 1969/4300/225 1970/4303/225
f 1971/4304/226 1972/4307/226 1973/4309/226
f 1974/4310/227 1975/4312/227 1976/4315/227
f 1959/4277/228 1955/4268/228 1960/4279/228
f 1956/4271/229 1955/4269/229 1954/4265/229
f 1962/4284/1930 1958/4275/1930 1957/4273/1930
f 1961/4281/231 1964/4289/231 1963/4285/231
f 1971/4304/232 1961/4282/232 1972/4307/232
f 1974/4310/233 1963/4286/233 1962/4283/233
f 1973/4309/1931 1976/4316/1931 1975/4313/1931
f 1965/4290/235 1973/4309/235 1966/4293/235
f 1974/4311/236 1970/4303/236 1975/4314/236
f 1967/4295/1932 1970/4303/1932 1969/4300/1932
f 1965/4291/238 1954/4266/238 1953/4264/238
f 1957/4273/239 1969/4302/239 1968/4298/239
f 1971/4305/240 1953/4264/240 1959/4276/240
f 1993/4350/241 1978/4318/241 1991/4345/241
f 1999/4362/242 1990/4344/242 1997/4360/242
f 1998/4361/243 1981/4324/243 1992/4348/243
f 1982/4327/244 1984/4333/244 1979/4320/244
f 1987/4339/245 1996/4358/245 1985/4335/245
f 1977/4317/246 1978/4319/246 1979/4321/246
f 1980/4323/247 1981/4326/247 1982/4328/247
f 1983/4330/1933 1984/4331/1933 1985/4335/1933
f 1986/4336/249 1987/4340/249 1988/4341/249
f 1989/4342/250 1990/4344/250 1991/4346/250
f 1992/4349/251 1993/4350/251 1994/4352/251
f 1995/4355/252 1996/4358/252 1997/4359/252
f 1998/4361/253 1999/4364/253 2000/4366/253
f 1983/4329/1934 1979/4321/1934 1984/4332/1934
f 1980/4323/255 1979/4322/255 1978/4318/255
f 1981/4325/256 1988/4341/256 1982/4327/256
f 1987/4340/257 1984/4333/257 1988/4341/257
f 1995/4355/258 1985/4335/258 1996/4358/258
f 1986/4337/259 2000/4366/259 1987/4338/259
f 1999/4363/260 1996/4358/260 2000/4365/260
f 1989/4342/261 1997/4360/261 1990/4344/261
f 1992/4348/262 1999/4364/262 1998/4361/262
f 1993/4351/1935 1990/4344/1935 1994/4353/1935
f 1989/4343/264 1978/4319/264 1977/4317/264
f 1992/4349/265 1980/4323/265 1993/4350/265
f 1995/4357/266 1977/4317/266 1983/4329/266
f 2017/4401/267 2002/4369/267 2015/4395/267
f 2021/4410/268 2018/4403/268 2014/4394/268
f 2010/4386/269 2016/4398/269 2022/4411/269
f 2006/4377/270 2008/4382/270 2003/4370/270
f 2009/4385/271 2024/4416/271 2020/4408/271
f 2001/4367/272 2002/4368/272 2003/4372/272
f 2004/4373/273 2005/4376/273 2006/4378/273
f 2007/4379/1936 2008/4381/1936 2009/4383/1936
f 2010/4387/275 2011/4389/275 2012/4391/275
f 2013/4392/1937 2014/4394/1937 2015/4396/1937
f 2016/4398/1938 2017/4400/1938 2018/4404/1938
f 2019/4405/278 2020/4408/278 2021/4409/278
f 2022/4411/279 2023/4413/279 2024/4415/279
f 2001/4367/280 2008/4381/280 2007/4379/280
f 2002/4369/1939 2006/4378/1939 2003/4371/1939
f 2005/4375/282 2012/4391/282 2006/4377/282
f 2011/4389/1940 2008/4382/1940 2012/4391/1940
f 2007/4380/284 2020/4408/284 2019/4405/284
f 2022/4411/285 2011/4390/285 2010/4386/285
f 2021/4409/1941 2024/4416/1941 2023/4412/1941
f 2019/4406/287 2014/4394/287 2013/4392/287
f 2022/4411/288 2018/4404/288 2023/4413/288
f 2017/4402/289 2014/4394/289 2018/4403/289
f 2001/4367/290 2015/4397/290 2002/4368/290
f 2016/4399/291 2004/4373/291 2017/4401/291
f 2019/4407/292 2001/4367/292 2007/4379/292
f 2041/4453/293 2026/4421/293 2039/4449/293
f 2047/4466/294 2038/4447/294 2045/4459/294
f 2034/4437/295 2040/4451/295 2046/4461/295
f 2027/4424/296 2036/4441/296 2032/4432/296
f 2033/4433/297 2048/4467/297 2044/4457/297
f 2025/4417/298 2026/4421/298 2027/4422/298
f 2028/4426/299 2029/4427/299 2030/4429/299
f 2031/4430/300 2032/4432/300 2033/4434/300
f 2034/4436/301 2035/4439/301 2036/4440/301
f 2037/4443/302 2038/4445/302 2039/4449/302
f 2040/4450/303 2041/4454/303 2042/4455/303
f 2043/4456/304 2044/4458/304 2045/4460/304
f 2046/4463/305 2047/4464/305 2048/4467/305
f 2025/4419/306 2032/4432/306 2031/4430/306
f 2026/4420/307 2030/4429/307 2027/4423/307
f 2029/4427/308 2036/4442/308 2030/4429/308
f 2035/4438/1942 2032/4432/1942 2036/4441/1942
f 2031/4431/310 2044/4458/310 2043/4456/310
f 2046/4463/1943 2035/4439/1943 2034/4436/1943
f 2045/4460/312 2048/4468/312 2047/4465/312
f 2043/4456/313 2038/4446/313 2037/4444/313
f 2040/4450/314 2047/4466/314 2046/4462/314
f 2041/4454/1944 2038/4447/1944 2042/4455/1944
f 2037/4443/1945 2026/4421/1945 2025/4417/1945
f 2040/4451/1946 2028/4426/1946 2041/4452/1946
f 2031/4431/318 2037/4444/318 2025/4418/318
f 2063/4498/319 2052/4476/319 2050/4471/319
f 2071/4515/320 2062/4496/320 2069/4511/320
f 2070/4514/321 2053/4477/321 2064/4500/321
f 2051/4474/322 2060/4492/322 2056/4485/322
f 2059/4489/323 2068/4508/323 2057/4487/323
f 2049/4470/324 2050/4472/324 2051/4474/324
f 2052/4476/1947 2053/4478/1947 2054/4479/1947
f 2055/4483/326 2056/4486/326 2057/4487/326
f 2058/4488/327 2059/4490/327 2060/4493/327
f 2061/4494/328 2062/4495/328 2063/4499/328
f 2064/4501/329 2065/4503/329 2066/4505/329
f 2067/4506/1948 2068/4508/1948 2069/4510/1948
f 2070/4513/331 2071/4515/331 2072/4516/331
f 2055/4482/332 2051/4474/332 2056/4485/332
f 2052/4475/333 2051/4474/333 2050/4472/333
f 2053/4477/334 2060/4493/334 2054/4480/334
f 2059/4489/335 2056/4486/335 2060/4491/335
f 2067/4506/336 2057/4487/336 2068/4508/336
f 2070/4514/337 2059/4490/337 2058/4488/337
f 2071/4515/338 2068/4509/338 2072/4516/338
f 2061/4494/339 2069/4512/339 2062/4495/339
f 2064/4502/340 2071/4515/340 2070/4513/340
f 2063/4498/1949 2066/4505/1949 2065/4503/1949
f 2061/4494/342 2050/4473/342 2049/4469/342
f 2053/4478/343 2065/4503/343 2064/4501/343
f 2055/4484/344 2061/4494/344 2049/4469/344
f 2087/4550/345 2076/4526/345 2074/4520/345
f 2095/4567/346 2086/4547/346 2093/4564/346
f 2082/4539/347 2088/4553/347 2094/4565/347
f 2078/4531/348 2080/4534/348 2075/4522/348
f 2081/4537/349 2096/4570/349 2092/4562/349
f 2073/4519/350 2074/4521/350 2075/4523/350
f 2076/4525/1950 2077/4527/1950 2078/4531/1950
f 2079/4532/352 2080/4536/352 2081/4537/352
f 2082/4538/1951 2083/4540/1951 2084/4543/1951
f 2085/4545/1952 2086/4547/1952 2087/4549/1952
f 2088/4552/355 2089/4554/355 2090/4557/355
f 2091/4559/1953 2092/4561/1953 2093/4564/1953
f 2094/4565/357 2095/4568/357 2096/4569/357
f 2073/4519/358 2080/4535/358 2079/4533/358
f 2076/4526/359 2075/4524/359 2074/4520/359
f 2082/4538/360 2078/4531/360 2077/4527/360
f 2081/4537/1954 2084/4544/1954 2083/4542/1954
f 2091/4558/1955 2081/4537/1955 2092/4562/1955
f 2082/4539/363 2096/4569/363 2083/4541/363
f 2093/4563/364 2096/4570/364 2095/4566/364
f 2091/4559/365 2086/4547/365 2085/4545/365
f 2088/4553/366 2095/4568/366 2094/4565/366
f 2087/4550/367 2090/4557/367 2089/4554/367
f 2085/4546/368 2074/4521/368 2073/4519/368
f 2077/4529/369 2089/4554/369 2088/4552/369
f 2079/4533/370 2085/4546/370 2073/4519/370
f 2113/4608/371 2098/4574/371 2111/4604/371
f 2117/4617/1956 2114/4609/1956 2110/4601/1956
f 2106/4592/373 2112/4605/373 2118/4619/373
f 2102/4584/1957 2104/4587/1957 2099/4576/1957
f 2105/4589/375 2120/4623/375 2116/4614/375
f 2097/4571/376 2098/4574/376 2099/4575/376
f 2100/4579/377 2101/4581/377 2102/4584/377
f 2103/4585/378 2104/4588/378 2105/4590/378
f 2106/4592/1958 2107/4593/1958 2108/4595/1958
f 2109/4599/1959 2110/4600/1959 2111/4604/1959
f 2112/4606/1960 2113/4607/1960 2114/4610/1960
f 2115/4612/382 2116/4616/382 2117/4617/382
f 2118/4619/383 2119/4620/383 2120/4623/383
f 2103/4585/384 2099/4577/384 2104/4588/384
f 2098/4573/385 2102/4584/385 2099/4576/385
f 2106/4591/1961 2102/4584/1961 2101/4581/1961
f 2107/4594/1962 2104/4588/1962 2108/4596/1962
f 2103/4585/388 2116/4615/388 2115/4611/388
f 2106/4592/1963 2120/4623/1963 2107/4593/1963
f 2117/4617/390 2120/4624/390 2119/4621/390
f 2115/4612/391 2110/4601/391 2109/4598/391
f 2112/4606/392 2119/4622/392 2118/4618/392
f 2111/4603/1964 2114/4610/1964 2113/4607/1964
f 2109/4599/394 2098/4574/394 2097/4571/394
f 2112/4606/395 2100/4580/395 2113/4607/395
f 2103/4586/396 2109/4599/396 2097/4571/396
f 2135/4655/397 2124/4631/397 2122/4628/397
f 2143/4673/398 2134/4653/398 2141/4666/398
f 2142/4670/399 2125/4633/399 2136/4656/399
f 2123/4630/400 2132/4647/400 2128/4639/400
f 2129/4642/401 2144/4674/401 2140/4665/401
f 2121/4625/402 2122/4628/402 2123/4629/402
f 2124/4632/403 2125/4633/403 2126/4634/403
f 2127/4637/1965 2128/4639/1965 2129/4641/1965
f 2130/4644/1966 2131/4646/1966 2132/4649/1966
f 2133/4650/1967 2134/4654/1967 2135/4655/1967
f 2136/4657/407 2137/4658/407 2138/4662/407
f 2139/4663/408 2140/4664/408 2141/4668/408
f 2142/4671/409 2143/4672/409 2144/4674/409
f 2127/4637/410 2123/4630/410 2128/4639/410
f 2122/4628/1968 2126/4636/1968 2123/4629/1968
f 2125/4633/412 2132/4648/412 2126/4634/412
f 2129/4642/413 2132/4649/413 2131/4646/413
f 2139/4663/414 2129/4643/414 2140/4664/414
f 2142/4671/415 2131/4646/415 2130/4644/415
f 2143/4672/416 2140/4665/416 2144/4674/416
f 2133/4651/417 2141/4668/417 2134/4652/417
f 2136/4657/418 2143/4673/418 2142/4669/418
f 2137/4659/419 2134/4654/419 2138/4661/419
f 2133/4650/420 2122/4628/420 2121/4625/420
f 2125/4633/421 2137/4660/421 2136/4656/421
f 2139/4663/422 2121/4627/422 2127/4638/422
f 2161/4710/1969 2146/4676/1969 2159/4704/1969
f 2167/4723/424 2158/4703/424 2165/4721/424
f 2166/4722/425 2149/4682/425 2160/4708/425
f 2147/4678/426 2156/4700/426 2152/4692/426
f 2153/4694/427 2168/4725/427 2164/4717/427
f 2145/4675/1970 2146/4677/1970 2147/4679/1970
f 2148/4681/429 2149/4684/429 2150/4685/429
f 2151/4689/430 2152/4690/430 2153/4694/430
f 2154/4696/431 2155/4697/431 2156/4700/431
f 2157/4701/1971 2158/4703/1971 2159/4705/1971
f 2160/4707/1972 2161/4710/1972 2162/4711/1972
f 2163/4714/434 2164/4717/434 2165/4719/434
f 2166/4722/1973 2167/4724/1973 2168/4726/1973
f 2145/4675/436 2152/4691/436 2151/4688/436
f 2146/4677/437 2150/4687/437 2147/4679/437
f 2149/4683/438 2156/4700/438 2150/4686/438
f 2153/4693/439 2156/4700/439 2155/4697/439
f 2163/4714/440 2153/4694/440 2164/4717/440
f 2166/4722/441 2155/4699/441 2154/4695/441
f 2165/4720/442 2168/4726/442 2167/4724/442
f 2163/4715/443 2158/4703/443 2157/4701/443
f 2160/4708/444 2167/4724/444 2166/4722/444
f 2161/4709/445 2158/4703/445 2162/4712/445
f 2145/4675/446 2159/4706/446 2146/4677/446
f 2149/4684/447 2161/4710/447 2160/4707/447
f 2163/4716/448 2145/4675/448 2151/4688/448
f 2183/4758/449 2172/4733/449 2170/4730/449
f 2189/4768/450 2186/4764/450 2182/4756/450
f 2178/4745/451 2184/4759/451 2190/4771/451
f 2174/4737/452 2176/4741/452 2171/4731/452
f 2179/4747/453 2188/4767/453 2177/4742/453
f 2169/4729/454 2170/4730/454 2171/4732/454
f 2172/4734/1974 2173/4735/1974 2174/4736/1974
f 2175/4739/1975 2176/4741/1975 2177/4743/1975
f 2178/4746/1976 2179/4747/1976 2180/4749/1976
f 2181/4752/1977 2182/4754/1977 2183/4758/1977
f 2184/4760/1978 2185/4761/1978 2186/4764/1978
f 2187/4765/460 2188/4766/460 2189/4770/460
f 2190/4772/461 2191/4775/461 2192/4776/461
f 2169/4728/462 2176/4741/462 2175/4739/462
f 2172/4733/463 2171/4732/463 2170/4730/463
f 2173/4735/464 2180/4751/464 2174/4736/464
f 2179/4748/465 2176/4741/465 2180/4750/465
f 2175/4740/466 2188/4766/466 2187/4765/466
f 2178/4746/467 2192/4776/467 2179/4747/467
f 2191/4775/468 2188/4767/468 2192/4776/468
f 2187/4765/469 2182/4755/469 2181/4753/469
f 2190/4773/470 2186/4764/470 2191/4774/470
f 2183/4757/1979 2186/4764/1979 2185/4761/1979
f 2169/4729/472 2183/4758/472 2170/4730/472
f 2173/4735/473 2185/4763/473 2184/4759/473
f 2175/4740/474 2181/4753/474 2169/4727/474
f 2207/4810/475 2196/4785/475 2194/4780/475
f 2215/4827/476 2206/4807/476 2213/4823/476
f 2202/4797/477 2208/4811/477 2214/4824/477
f 2195/4781/478 2204/4803/478 2200/4792/478
f 2201/4795/479 2216/4830/479 2212/4821/479
f 2193/4778/480 2194/4779/480 2195/4782/480
f 2196/4784/1980 2197/4787/1980 2198/4789/1980
f 2199/4791/482 2200/4793/482 2201/4796/482
f 2202/4798/483 2203/4800/483 2204/4803/483
f 2205/4804/1981 2206/4807/1981 2207/4809/1981
f 2208/4811/485 2209/4812/485 2210/4816/485
f 2211/4817/486 2212/4819/486 2213/4823/486
f 2214/4824/487 2215/4828/487 2216/4829/487
f 2199/4791/488 2195/4782/488 2200/4793/488
f 2196/4785/489 2195/4783/489 2194/4780/489
f 2197/4787/490 2204/4803/490 2198/4789/490
f 2203/4801/1982 2200/4794/1982 2204/4802/1982
f 2211/4818/492 2201/4796/492 2212/4820/492
f 2202/4799/493 2216/4830/493 2203/4801/493
f 2213/4822/494 2216/4830/494 2215/4826/494
f 2211/4817/495 2206/4807/495 2205/4804/495
f 2208/4811/1983 2215/4828/1983 2214/4824/1983
f 2209/4813/497 2206/4808/497 2210/4814/497
f 2193/4777/498 2207/4810/498 2194/4780/498
f 2208/4811/1984 2196/4786/1984 2209/4812/1984
f 2211/4818/500 2193/4778/500 2199/4791/500
f 2233/4863/501 2218/4834/501 2231/4861/501
f 2239/4878/502 2230/4859/502 2237/4873/502
f 2238/4875/503 2221/4842/503 2232/4862/503
f 2219/4836/504 2228/4854/504 2224/4845/504
f 2225/4848/1985 2240/4880/1985 2236/4870/1985
f 2217/4831/506 2218/4834/506 2219/4835/506
f 2220/4839/507 2221/4841/507 2222/4843/507
f 2223/4844/1986 2224/4846/1986 2225/4849/1986
f 2226/4850/1987 2227/4853/1987 2228/4855/1987
f 2229/4857/510 2230/4860/510 2231/4861/510
f 2232/4862/1988 2233/4864/1988 2234/4867/1988
f 2235/4868/512 2236/4872/512 2237/4873/512
f 2238/4874/513 2239/4876/513 2240/4880/513
f 2217/4832/514 2224/4846/514 2223/4844/514
f 2218/4833/515 2222/4843/515 2219/4836/515
f 2221/4841/516 2228/4854/516 2222/4843/516
f 2225/4848/1989 2228/4855/1989 2227/4853/1989
f 2235/4869/518 2225/4849/518 2236/4871/518
f 2238/4874/1990 2227/4853/1990 2226/4850/1990
f 2239/4878/520 2236/4872/520 2240/4879/520
f 2235/4868/521 2230/4859/521 2229/4856/521
f 2238/4875/522 2234/4867/522 2239/4877/522
f 2233/4863/523 2230/4860/523 2234/4865/523
f 2229/4857/1991 2218/4834/1991 2217/4831/1991
f 2221/4842/525 2233/4864/525 2232/4862/525
f 2235/4869/526 2217/4832/526 2223/4844/526
f 2255/4911/527 2244/4888/527 2242/4883/527
f 2263/4929/528 2254/4909/528 2261/4924/528
f 2262/4926/529 2245/4891/529 2256/4912/529
f 2246/4892/530 2248/4896/530 2243/4884/530
f 2251/4904/531 2260/4922/531 2249/4897/531
f 2241/4881/1992 2242/4883/1992 2243/4886/1992
f 2244/4887/1993 2245/4890/1993 2246/4892/1993
f 2247/4894/1994 2248/4895/1994 2249/4899/1994
f 2250/4902/535 2251/4903/535 2252/4905/535
f 2253/4906/536 2254/4909/536 2255/4910/536
f 2256/4912/1995 2257/4914/1995 2258/4916/1995
f 2259/4918/538 2260/4920/538 2261/4924/538
f 2262/4925/539 2263/4927/539 2264/4930/539
f 2241/4882/540 2248/4895/540 2247/4894/540
f 2244/4888/1996 2243/4886/1996 2242/4883/1996
f 2245/4890/542 2252/4905/542 2246/4892/542
f 2249/4898/543 2252/4905/543 2251/4903/543
f 2247/4894/544 2260/4921/544 2259/4919/544
f 2262/4925/1997 2251/4904/1997 2250/4900/1997
f 2261/4923/546 2264/4930/546 2263/4927/546
f 2259/4918/1998 2254/4909/1998 2253/4906/1998
f 2262/4926/548 2258/4916/548 2263/4928/548
f 2255/4910/549 2258/4917/549 2257/4913/549
f 2253/4907/550 2242/4883/550 2241/4881/550
f 2256/4912/1999 2244/4889/1999 2257/4914/1999
f 2247/4894/552 2253/4908/552 2241/4882/552
f 2279/4961/2000 2268/4939/2000 2266/4933/2000
f 2287/4981/554 2278/4960/554 2285/4976/554
f 2286/4979/555 2269/4940/555 2280/4964/555
f 2270/4944/556 2272/4949/556 2267/4937/556
f 2275/4953/557 2284/4973/557 2273/4951/557
f 2265/4932/558 2266/4935/558 2267/4936/558
f 2268/4939/2001 2269/4941/2001 2270/4942/2001
f 2271/4947/560 2272/4948/560 2273/4951/560
f 2274/4952/561 2275/4955/561 2276/4957/561
f 2277/4958/562 2278/4959/562 2279/4963/562
f 2280/4966/563 2281/4968/563 2282/4969/563
f 2283/4971/2002 2284/4973/2002 2285/4975/2002
f 2286/4979/565 2287/4980/565 2288/4984/565
f 2265/4931/566 2272/4949/566 2271/4945/566
f 2268/4938/567 2267/4937/567 2266/4934/567
f 2269/4940/568 2276/4957/568 2270/4943/568
f 2275/4954/569 2272/4949/569 2276/4956/569
f 2271/4947/2003 2284/4973/2003 2283/4971/2003
f 2286/4979/571 2275/4955/571 2274/4952/571
f 2287/4981/2004 2284/4974/2004 2288/4982/2004
f 2283/4972/573 2278/4959/573 2277/4958/573
f 2280/4965/2005 2287/4981/2005 2286/4978/2005
f 2279/4962/575 2282/4970/575 2281/4967/575
f 2265/4932/576 2279/4963/576 2266/4935/576
f 2280/4966/577 2268/4939/577 2281/4968/577
f 2283/4972/578 2265/4932/578 2271/4946/578
f 2303/5016/579 2292/4991/579 2290/4988/579
f 2309/5026/580 2306/5022/580 2302/5014/580
f 2310/5030/581 2293/4993/581 2304/5018/581
f 2291/4990/582 2300/5008/582 2296/4999/582
f 2299/5006/583 2308/5025/583 2297/5000/583
f 2289/4987/584 2290/4988/584 2291/4989/584
f 2292/4992/585 2293/4993/585 2294/4996/585
f 2295/4997/586 2296/4999/586 2297/5001/586
f 2298/5003/2006 2299/5006/2006 2300/5007/2006
f 2301/5010/588 2302/5012/588 2303/5016/588
f 2304/5017/589 2305/5021/589 2306/5022/589
f 2307/5023/590 2308/5024/590 2309/5028/590
f 2310/5031/591 2311/5032/591 2312/5034/591
f 2289/4986/592 2296/4999/592 2295/4997/592
f 2290/4988/593 2294/4995/593 2291/4989/593
f 2298/5004/594 2294/4996/594 2293/4993/594
f 2299/5005/595 2296/4999/595 2300/5008/595
f 2295/4998/596 2308/5024/596 2307/5023/596
f 2310/5031/597 2299/5006/597 2298/5003/597
f 2311/5032/598 2308/5025/598 2312/5034/598
f 2301/5011/599 2309/5028/599 2302/5013/599
f 2304/5017/600 2311/5033/600 2310/5029/600
f 2305/5021/601 2302/5014/601 2306/5022/601
f 2289/4987/602 2303/5016/602 2290/4988/602
f 2304/5018/603 2292/4992/603 2305/5019/603
f 2295/4998/604 2301/5011/604 2289/4985/604
f 2329/5070/605 2314/5037/605 2327/5068/605
f 2333/5080/606 2330/5072/606 2326/5064/606
f 2322/5053/607 2328/5069/607 2334/5081/607
f 2318/5047/608 2320/5049/608 2315/5038/608
f 2321/5051/609 2336/5086/609 2332/5078/609
f 2313/5035/610 2314/5037/610 2315/5039/610
f 2316/5041/611 2317/5044/611 2318/5047/611
f 2319/5048/612 2320/5050/612 2321/5052/612
f 2322/5054/2007 2323/5056/2007 2324/5060/2007
f 2325/5061/2008 2326/5064/2008 2327/5066/2008
f 2328/5069/615 2329/5071/615 2330/5073/615
f 2331/5074/616 2332/5076/616 2333/5080/616
f 2334/5082/617 2335/5083/617 2336/5086/617
f 2319/5048/618 2315/5040/618 2320/5050/618
f 2314/5037/619 2318/5046/619 2315/5039/619
f 2322/5054/620 2318/5047/620 2317/5044/620
f 2323/5058/621 2320/5050/621 2324/5059/621
f 2319/5048/622 2332/5077/622 2331/5075/622
f 2322/5055/623 2336/5086/623 2323/5057/623
f 2333/5079/624 2336/5086/624 2335/5083/624
f 2325/5061/625 2333/5080/625 2326/5064/625
f 2328/5069/2009 2335/5085/2009 2334/5081/2009
f 2329/5071/627 2326/5065/627 2330/5073/627
f 2325/5062/628 2314/5037/628 2313/5035/628
f 2328/5069/629 2316/5043/629 2329/5071/629
f 2319/5048/630 2325/5063/630 2313/5036/630
f 2351/5118/631 2340/5092/631 2338/5089/631
f 2359/5136/632 2350/5116/632 2357/5133/632
f 2358/5134/633 2341/5095/633 2352/5119/633
f 2339/5090/634 2348/5112/634 2344/5103/634
f 2347/5111/635 2356/5130/635 2345/5104/635
f 2337/5087/636 2338/5089/636 2339/5091/636
f 2340/5093/2010 2341/5095/2010 2342/5096/2010
f 2343/5100/2011 2344/5101/2011 2345/5106/2011
f 2346/5109/639 2347/5110/639 2348/5112/639
f 2349/5113/640 2350/5116/640 2351/5117/640
f 2352/5119/641 2353/5123/641 2354/5124/641
f 2355/5128/642 2356/5129/642 2357/5131/642
f 2358/5135/643 2359/5137/643 2360/5138/643
f 2337/5087/2012 2344/5102/2012 2343/5099/2012
f 2338/5089/645 2342/5097/645 2339/5091/645
f 2346/5109/646 2342/5098/646 2341/5094/646
f 2347/5110/2013 2344/5103/2013 2348/5112/2013
f 2343/5100/648 2356/5129/648 2355/5128/648
f 2358/5135/649 2347/5111/649 2346/5107/649
f 2359/5137/650 2356/5130/650 2360/5138/650
f 2349/5113/2014 2357/5133/2014 2350/5116/2014
f 2352/5120/652 2359/5137/652 2358/5135/652
f 2351/5117/2015 2354/5126/2015 2353/5121/2015
f 2337/5087/654 2351/5118/654 2338/5089/654
f 2341/5095/655 2353/5123/655 2352/5119/655
f 2355/5128/656 2337/5088/656 2343/5100/656
f 2375/5171/657 2364/5147/657 2362/5142/657
f 2381/5181/658 2378/5177/658 2374/5169/658
f 2370/5158/659 2376/5173/659 2382/5183/659
f 2363/5146/660 2372/5164/660 2368/5154/660
f 2371/5161/661 2380/5179/661 2369/5155/661
f 2361/5141/662 2362/5142/662 2363/5144/662
f 2364/5148/2016 2365/5149/2016 2366/5151/2016
f 2367/5152/664 2368/5154/664 2369/5156/664
f 2370/5159/665 2371/5161/665 2372/5162/665
f 2373/5165/2017 2374/5167/2017 2375/5171/2017
f 2376/5172/667 2377/5176/667 2378/5177/667
f 2379/5178/2018 2380/5180/2018 2381/5182/2018
f 2382/5185/669 2383/5186/669 2384/5190/669
f 2361/5140/670 2368/5154/670 2367/5152/670
f 2362/5143/671 2366/5151/671 2363/5145/671
f 2365/5149/2019 2372/5163/2019 2366/5151/2019
f 2369/5156/2020 2372/5164/2020 2371/5160/2020
f 2367/5153/674 2380/5180/674 2379/5178/674
f 2370/5159/675 2384/5190/675 2371/5161/675
f 2383/5187/2021 2380/5180/2021 2384/5189/2021
f 2379/5178/677 2374/5168/677 2373/5166/677
f 2376/5172/678 2383/5188/678 2382/5184/678
f 2377/5176/679 2374/5169/679 2378/5177/679
f 2361/5141/680 2375/5171/680 2362/5142/680
f 2376/5173/681 2364/5148/681 2377/5174/681
f 2367/5153/682 2373/5166/682 2361/5139/682
f 2401/5227/683 2386/5194/683 2399/5224/683
f 2405/5237/684 2402/5229/684 2398/5221/684
f 2394/5211/685 2400/5225/685 2406/5238/685
f 2387/5197/686 2396/5217/686 2392/5207/686
f 2395/5214/687 2404/5235/687 2393/5209/687
f 2385/5192/688 2386/5194/688 2387/5195/688
f 2388/5199/2022 2389/5202/2022 2390/5204/2022
f 2391/5206/690 2392/5208/690 2393/5210/690
f 2394/5211/2023 2395/5214/2023 2396/5215/2023
f 2397/5219/692 2398/5220/692 2399/5224/692
f 2400/5226/693 2401/5228/693 2402/5230/693
f 2403/5232/2024 2404/5236/2024 2405/5237/2024
f 2406/5238/695 2407/5240/695 2408/5243/695
f 2391/5206/696 2387/5196/696 2392/5208/696
f 2388/5199/697 2387/5197/697 2386/5193/697
f 2389/5202/698 2396/5217/698 2390/5204/698
f 2395/5213/699 2392/5208/699 2396/5216/699
f 2403/5231/700 2393/5210/700 2404/5234/700
f 2406/5238/701 2395/5214/701 2394/5211/701
f 2405/5237/2025 2408/5244/2025 2407/5242/2025
f 2403/5232/703 2398/5221/703 2397/5218/703
f 2406/5239/704 2402/5230/704 2407/5241/704
f 2401/5228/705 2398/5222/705 2402/5230/705
f 2397/5219/706 2386/5194/706 2385/5192/706
f 2400/5226/707 2388/5200/707 2401/5228/707
f 2403/5233/708 2385/5192/708 2391/5205/708
f 2423/5274/709 2412/5251/709 2410/5246/709
f 2429/5291/710 2426/5283/710 2422/5273/710
f 2430/5292/711 2413/5252/711 2424/5277/711
f 2411/5248/712 2420/5270/712 2416/5262/712
f 2417/5264/713 2432/5295/713 2428/5287/713
f 2409/5245/714 2410/5247/714 2411/5249/714
f 2412/5251/715 2413/5254/715 2414/5255/715
f 2415/5258/716 2416/5260/716 2417/5264/716
f 2418/5266/717 2419/5267/717 2420/5270/717
f 2421/5271/2026 2422/5273/2026 2423/5275/2026
f 2424/5278/719 2425/5280/719 2426/5281/719
f 2427/5284/720 2428/5287/720 2429/5289/720
f 2430/5292/721 2431/5293/721 2432/5296/721
f 2415/5259/722 2411/5249/722 2416/5261/722
f 2410/5247/723 2414/5257/723 2411/5249/723
f 2413/5253/724 2420/5270/724 2414/5256/724
f 2417/5263/725 2420/5270/725 2419/5267/725
f 2427/5284/726 2417/5264/726 2428/5287/726
f 2430/5292/727 2419/5269/727 2418/5265/727
f 2429/5290/728 2432/5296/728 2431/5293/728
f 2421/5271/729 2429/5291/729 2422/5273/729
f 2430/5292/730 2426/5282/730 2431/5293/730
f 2423/5275/731 2426/5283/731 2425/5279/731
f 2409/5245/732 2423/5276/732 2410/5247/732
f 2424/5278/733 2412/5251/733 2425/5280/733
f 2415/5259/734 2421/5272/734 2409/5245/734
f 2447/5330/735 2436/5304/735 2434/5299/735
f 2453/5342/736 2450/5337/736 2446/5328/736
f 2454/5345/737 2437/5306/737 2448/5331/737
f 2435/5303/738 2444/5322/738 2440/5313/738
f 2441/5314/739 2456/5349/739 2452/5340/739
f 2433/5298/740 2434/5299/740 2435/5301/740
f 2436/5305/741 2437/5307/741 2438/5309/741
f 2439/5310/742 2440/5313/742 2441/5315/742
f 2442/5318/743 2443/5319/743 2444/5321/743
f 2445/5325/2027 2446/5326/2027 2447/5330/2027
f 2448/5333/745 2449/5335/745 2450/5337/745
f 2451/5338/746 2452/5341/746 2453/5343/746
f 2454/5345/747 2455/5346/747 2456/5349/747
f 2439/5310/748 2435/5303/748 2440/5313/748
f 2434/5300/749 2438/5309/749 2435/5302/749
f 2437/5307/2028 2444/5323/2028 2438/5309/2028
f 2443/5320/751 2440/5313/751 2444/5322/751
f 2439/5311/752 2452/5341/752 2451/5338/752
f 2442/5318/753 2456/5349/753 2443/5319/753
f 2453/5343/754 2456/5350/754 2455/5347/754
f 2451/5338/2029 2446/5327/2029 2445/5324/2029
f 2448/5333/756 2455/5348/756 2454/5344/756
f 2449/5335/757 2446/5328/757 2450/5337/757
f 2433/5298/758 2447/5330/758 2434/5299/758
f 2437/5307/759 2449/5336/759 2448/5332/759
f 2439/5312/760 2445/5325/760 2433/5298/760
f 2471/5382/761 2460/5358/761 2458/5355/761
f 2477/5394/762 2474/5389/762 2470/5379/762
f 2478/5397/763 2461/5361/763 2472/5383/763
f 2459/5357/764 2468/5375/764 2464/5366/764
f 2467/5373/765 2476/5391/765 2465/5369/765
f 2457/5353/766 2458/5355/766 2459/5356/766
f 2460/5360/767 2461/5361/767 2462/5362/767
f 2463/5364/768 2464/5366/768 2465/5368/768
f 2466/5371/2030 2467/5373/2030 2468/5374/2030
f 2469/5377/770 2470/5381/770 2471/5382/770
f 2472/5384/771 2473/5385/771 2474/5389/771
f 2475/5390/772 2476/5392/772 2477/5395/772
f 2478/5398/773 2479/5399/773 2480/5402/773
f 2463/5364/774 2459/5357/774 2464/5366/774
f 2460/5359/775 2459/5357/775 2458/5354/775
f 2461/5361/776 2468/5376/776 2462/5362/776
f 2467/5373/2031 2464/5367/2031 2468/5374/2031
f 2463/5365/778 2476/5392/778 2475/5390/778
f 2478/5398/779 2467/5373/779 2466/5371/779
f 2479/5400/2032 2476/5393/2032 2480/5401/2032
f 2475/5390/781 2470/5380/781 2469/5378/781
f 2472/5384/782 2479/5400/782 2478/5396/782
f 2473/5386/783 2470/5381/783 2474/5388/783
f 2457/5353/784 2471/5382/784 2458/5355/784
f 2461/5361/785 2473/5387/785 2472/5383/785
f 2463/5365/786 2469/5378/786 2457/5351/786
f 2497/5439/787 2482/5407/787 2495/5435/787
f 2503/5452/788 2494/5433/788 2501/5445/788
f 2502/5448/789 2485/5413/789 2496/5437/789
f 2486/5414/790 2488/5418/790 2483/5409/790
f 2491/5425/791 2500/5443/791 2489/5419/791
f 2481/5403/2033 2482/5407/2033 2483/5408/2033
f 2484/5412/2034 2485/5413/2034 2486/5415/2034
f 2487/5416/794 2488/5418/794 2489/5420/794
f 2490/5423/795 2491/5425/795 2492/5426/795
f 2493/5429/796 2494/5431/796 2495/5435/796
f 2496/5436/797 2497/5440/797 2498/5441/797
f 2499/5442/2035 2500/5444/2035 2501/5446/2035
f 2502/5449/2036 2503/5450/2036 2504/5454/2036
f 2487/5416/800 2483/5409/800 2488/5418/800
f 2484/5412/801 2483/5410/801 2482/5406/801
f 2490/5422/802 2486/5415/802 2485/5413/802
f 2489/5420/2037 2492/5428/2037 2491/5424/2037
f 2487/5417/2038 2500/5444/2038 2499/5442/2038
f 2490/5423/805 2504/5454/805 2491/5425/805
f 2503/5451/806 2500/5444/806 2504/5453/806
f 2499/5442/2039 2494/5432/2039 2493/5430/2039
f 2496/5436/808 2503/5452/808 2502/5447/808
f 2497/5440/2040 2494/5433/2040 2498/5441/2040
f 2493/5429/810 2482/5407/810 2481/5403/810
f 2496/5437/811 2484/5412/811 2497/5438/811
f 2499/5442/812 2481/5405/812 2487/5417/812
f 2521/5492/813 2506/5458/813 2519/5488/813
f 2527/5505/814 2518/5486/814 2525/5500/814
f 2514/5476/815 2520/5490/815 2526/5502/815
f 2510/5466/816 2512/5471/816 2507/5461/816
f 2515/5477/817 2524/5498/817 2513/5472/817
f 2505/5456/818 2506/5458/818 2507/5459/818
f 2508/5463/819 2509/5465/819 2510/5467/819
f 2511/5468/820 2512/5471/820 2513/5473/820
f 2514/5476/821 2515/5477/821 2516/5479/821
f 2517/5483/2041 2518/5484/2041 2519/5488/2041
f 2520/5491/823 2521/5493/823 2522/5495/823
f 2523/5496/824 2524/5499/824 2525/5501/824
f 2526/5502/2042 2527/5504/2042 2528/5508/2042
f 2505/5455/826 2512/5471/826 2511/5468/826
f 2506/5457/2043 2510/5467/2043 2507/5460/2043
f 2509/5465/2044 2516/5481/2044 2510/5467/2044
f 2515/5478/829 2512/5471/829 2516/5480/829
f 2511/5470/830 2524/5499/830 2523/5496/830
f 2514/5476/831 2528/5508/831 2515/5477/831
f 2527/5506/2045 2524/5499/2045 2528/5507/2045
f 2523/5496/2046 2518/5485/2046 2517/5482/2046
f 2526/5503/834 2522/5495/834 2527/5505/834
f 2521/5493/2047 2518/5486/2047 2522/5495/2047
f 2517/5483/836 2506/5458/836 2505/5456/836
f 2509/5465/837 2521/5494/837 2520/5489/837
f 2523/5497/838 2505/5456/838 2511/5469/838
f 2545/5543/839 2530/5511/839 2543/5541/839
f 2551/5557/840 2542/5538/840 2549/5554/840
f 2538/5529/841 2544/5542/841 2550/5555/841
f 2531/5513/842 2540/5533/842 2536/5523/842
f 2539/5532/843 2548/5552/843 2537/5526/843
f 2529/5509/844 2530/5511/844 2531/5512/844
f 2532/5515/845 2533/5518/845 2534/5520/845
f 2535/5522/2048 2536/5524/2048 2537/5527/2048
f 2538/5530/847 2539/5531/847 2540/5533/847
f 2541/5535/848 2542/5538/848 2543/5540/848
f 2544/5542/2049 2545/5544/2049 2546/5547/2049
f 2547/5548/850 2548/5550/850 2549/5554/850
f 2550/5556/851 2551/5558/851 2552/5560/851
f 2529/5510/852 2536/5524/852 2535/5522/852
f 2530/5511/853 2534/5521/853 2531/5512/853
f 2533/5518/854 2540/5533/854 2534/5520/854
f 2537/5526/855 2540/5534/855 2539/5532/855
f 2535/5522/2050 2548/5551/2050 2547/5549/2050
f 2550/5556/857 2539/5532/857 2538/5528/857
f 2551/5558/858 2548/5552/858 2552/5560/858
f 2541/5535/859 2549/5554/859 2542/5538/859
f 2544/5542/860 2551/5559/860 2550/5555/860
f 2545/5543/861 2542/5539/861 2546/5545/861
f 2529/5509/862 2543/5541/862 2530/5511/862
f 2533/5519/863 2545/5544/863 2544/5542/863
f 2547/5549/864 2529/5510/864 2535/5522/864
f 2567/5590/865 2556/5567/865 2554/5562/865
f 2575/5609/866 2566/5589/866 2573/5607/866
f 2562/5581/867 2568/5594/867 2574/5608/867
f 2555/5564/868 2564/5586/868 2560/5578/868
f 2561/5580/869 2576/5611/869 2572/5603/869
f 2553/5561/2051 2554/5563/2051 2555/5565/2051
f 2556/5567/871 2557/5570/871 2558/5571/871
f 2559/5574/872 2560/5576/872 2561/5580/872
f 2562/5582/873 2563/5584/873 2564/5586/873
f 2565/5587/874 2566/5589/874 2567/5591/874
f 2568/5593/875 2569/5596/875 2570/5597/875
f 2571/5600/876 2572/5603/876 2573/5605/876
f 2574/5608/877 2575/5610/877 2576/5612/877
f 2559/5575/878 2555/5565/878 2560/5577/878
f 2554/5563/879 2558/5572/879 2555/5565/879
f 2562/5582/880 2558/5573/880 2557/5568/880
f 2563/5584/881 2560/5578/881 2564/5586/881
f 2559/5574/882 2572/5603/882 2571/5600/882
f 2574/5608/883 2563/5585/883 2562/5581/883
f 2573/5606/884 2576/5612/884 2575/5610/884
f 2571/5601/885 2566/5589/885 2565/5587/885
f 2568/5594/886 2575/5610/886 2574/5608/886
f 2567/5591/887 2570/5599/887 2569/5595/887
f 2565/5588/888 2554/5563/888 2553/5561/888
f 2557/5570/889 2569/5596/889 2568/5593/889
f 2559/5575/890 2565/5588/890 2553/5561/890
f 2593/5651/891 2578/5615/891 2591/5644/891
f 2599/5662/892 2590/5643/892 2597/5656/892
f 2586/5631/893 2592/5648/893 2598/5659/893
f 2579/5619/894 2588/5637/894 2584/5628/894
f 2585/5630/895 2600/5663/895 2596/5655/895
f 2577/5613/896 2578/5616/896 2579/5617/896
f 2580/5620/2052 2581/5622/2052 2582/5624/2052
f 2583/5625/898 2584/5628/898 2585/5629/898
f 2586/5631/899 2587/5635/899 2588/5636/899
f 2589/5640/900 2590/5641/900 2591/5646/900
f 2592/5649/2053 2593/5650/2053 2594/5652/2053
f 2595/5653/2054 2596/5655/2054 2597/5657/2054
f 2598/5659/2055 2599/5660/2055 2600/5664/2055
f 2577/5614/904 2584/5628/904 2583/5625/904
f 2578/5615/905 2582/5624/905 2579/5618/905
f 2586/5632/906 2582/5624/906 2581/5622/906
f 2587/5634/907 2584/5628/907 2588/5637/907
f 2595/5653/908 2585/5630/908 2596/5655/908
f 2598/5659/909 2587/5635/909 2586/5631/909
f 2599/5661/910 2596/5655/910 2600/5663/910
f 2589/5639/911 2597/5657/911 2590/5642/911
f 2592/5649/912 2599/5662/912 2598/5658/912
f 2591/5645/913 2594/5652/913 2593/5650/913
f 2589/5640/914 2578/5616/914 2577/5613/914
f 2581/5622/915 2593/5651/915 2592/5647/915
f 2583/5627/916 2589/5640/916 2577/5613/916
f 2615/5695/917 2604/5672/917 2602/5668/917
f 2621/5707/918 2618/5699/918 2614/5693/918
f 2622/5709/919 2605/5676/919 2616/5696/919
f 2606/5677/920 2608/5680/920 2603/5671/920
f 2611/5687/921 2620/5704/921 2609/5682/921
f 2601/5665/922 2602/5668/922 2603/5669/922
f 2604/5673/923 2605/5675/923 2606/5677/923
f 2607/5678/924 2608/5679/924 2609/5683/924
f 2610/5686/925 2611/5687/925 2612/5688/925
f 2613/5691/926 2614/5694/926 2615/5695/926
f 2616/5696/927 2617/5698/927 2618/5700/927
f 2619/5702/2056 2620/5706/2056 2621/5707/2056
f 2622/5708/2057 2623/5710/2057 2624/5713/2057
f 2607/5678/930 2603/5670/930 2608/5679/930
f 2604/5673/2058 2603/5671/2058 2602/5667/2058
f 2605/5675/932 2612/5689/932 2606/5677/932
f 2611/5687/933 2608/5681/933 2612/5688/933
f 2607/5678/934 2620/5705/934 2619/5703/934
f 2610/5686/935 2624/5713/935 2611/5687/935
f 2621/5707/2059 2624/5714/2059 2623/5712/2059
f 2619/5702/937 2614/5693/937 2613/5690/937
f 2622/5709/938 2618/5700/938 2623/5711/938
f 2615/5695/939 2618/5701/939 2617/5697/939
f 2601/5665/940 2615/5695/940 2602/5668/940
f 2605/5676/2060 2617/5698/2060 2616/5696/2060
f 2619/5703/942 2601/5666/942 2607/5678/942
f 2639/5747/943 2628/5722/943 2626/5717/943
f 2645/5764/944 2642/5756/944 2638/5746/944
f 2634/5736/2061 2640/5750/2061 2646/5766/2061
f 2627/5719/946 2636/5742/946 2632/5733/946
f 2633/5735/947 2648/5769/947 2644/5760/947
f 2625/5715/2062 2626/5718/2062 2627/5720/2062
f 2628/5722/949 2629/5725/949 2630/5726/949
f 2631/5730/950 2632/5732/950 2633/5735/950
f 2634/5736/951 2635/5740/951 2636/5741/951
f 2637/5744/952 2638/5745/952 2639/5749/952
f 2640/5752/953 2641/5753/953 2642/5755/953
f 2643/5757/954 2644/5760/954 2645/5762/954
f 2646/5766/2063 2647/5767/2063 2648/5770/2063
f 2625/5716/956 2632/5733/956 2631/5729/956
f 2628/5721/957 2627/5720/957 2626/5718/957
f 2629/5724/958 2636/5742/958 2630/5727/958
f 2633/5734/959 2636/5742/959 2635/5738/959
f 2631/5730/960 2644/5760/960 2643/5757/960
f 2646/5766/961 2635/5740/961 2634/5736/961
f 2647/5767/962 2644/5761/962 2648/5770/962
f 2637/5743/963 2645/5764/963 2638/5746/963
f 2640/5751/2064 2647/5768/2064 2646/5765/2064
f 2641/5754/965 2638/5746/965 2642/5756/965
f 2637/5744/966 2626/5718/966 2625/5715/966
f 2640/5752/967 2628/5722/967 2641/5753/967
f 2631/5731/2065 2637/5744/2065 2625/5715/2065
f 2663/5804/969 2652/5778/969 2650/5773/969
f 2669/5816/970 2666/5811/970 2662/5802/970
f 2670/5818/971 2653/5780/971 2664/5805/971
f 2654/5782/972 2656/5787/972 2651/5777/972
f 2659/5794/973 2668/5814/973 2657/5788/973
f 2649/5772/974 2650/5773/974 2651/5775/974
f 2652/5779/975 2653/5781/975 2654/5783/975
f 2655/5785/976 2656/5787/976 2657/5789/976
f 2658/5791/2066 2659/5794/2066 2660/5795/2066
f 2661/5799/978 2662/5800/978 2663/5804/978
f 2664/5806/979 2665/5810/979 2666/5811/979
f 2667/5812/980 2668/5815/980 2669/5817/980
f 2670/5818/981 2671/5820/981 2672/5823/981
f 2655/5785/982 2651/5777/982 2656/5787/982
f 2650/5774/983 2654/5783/983 2651/5776/983
f 2658/5792/984 2654/5783/984 2653/5781/984
f 2659/5793/985 2656/5787/985 2660/5796/985
f 2655/5786/2067 2668/5815/2067 2667/5812/2067
f 2670/5818/987 2659/5794/987 2658/5791/987
f 2669/5817/988 2672/5824/988 2671/5821/988
f 2667/5812/989 2662/5801/989 2661/5798/989
f 2670/5819/990 2666/5811/990 2671/5822/990
f 2665/5810/991 2662/5802/991 2666/5811/991
f 2649/5772/992 2663/5804/992 2650/5773/992
f 2664/5807/2068 2652/5779/2068 2665/5808/2068
f 2667/5813/994 2649/5772/994 2655/5784/994
f 2687/5853/995 2676/5831/995 2674/5827/995
f 2695/5872/996 2686/5852/996 2693/5868/996
f 2682/5844/997 2688/5856/997 2694/5869/997
f 2675/5829/998 2684/5849/998 2680/5841/998
f 2681/5843/999 2696/5874/999 2692/5866/999
f 2673/5825/2069 2674/5826/2069 2675/5830/2069
f 2676/5831/1001 2677/5834/1001 2678/5836/1001
f 2679/5838/2070 2680/5839/2070 2681/5843/2070
f 2682/5845/2071 2683/5846/2071 2684/5849/2071
f 2685/5850/2072 2686/5852/2072 2687/5854/2072
f 2688/5857/2073 2689/5859/2073 2690/5860/2073
f 2691/5863/1006 2692/5866/1006 2693/5867/1006
f 2694/5869/2074 2695/5871/2074 2696/5873/2074
f 2679/5837/2075 2675/5830/2075 2680/5840/2075
f 2674/5827/1009 2678/5836/1009 2675/5828/1009
f 2677/5833/1010 2684/5849/1010 2678/5835/1010
f 2681/5842/1011 2684/5849/1011 2683/5846/1011
f 2691/5863/1012 2681/5843/1012 2692/5866/1012
f 2694/5869/2076 2683/5848/2076 2682/5844/2076
f 2693/5867/1014 2696/5874/1014 2695/5870/1014
f 2691/5864/1015 2686/5852/1015 2685/5850/1015
f 2694/5869/1016 2690/5861/1016 2695/5871/1016
f 2687/5854/2077 2690/5862/2077 2689/5858/2077
f 2673/5825/1018 2687/5855/1018 2674/5826/1018
f 2688/5857/1019 2676/5831/1019 2689/5859/1019
f 2691/5865/1020 2673/5825/1020 2679/5837/1020
f 2711/5909/1021 2700/5882/1021 2698/5878/1021
f 2717/5922/1022 2714/5916/1022 2710/5905/1022
f 2706/5895/1023 2712/5912/1023 2718/5925/1023
f 2702/5885/1024 2704/5891/1024 2699/5880/1024
f 2705/5894/1025 2720/5929/1025 2716/5921/1025
f 2697/5875/1026 2698/5877/1026 2699/5880/1026
f 2700/5881/1027 2701/5883/1027 2702/5887/1027
f 2703/5888/1028 2704/5891/1028 2705/5893/1028
f 2706/5895/2078 2707/5897/2078 2708/5901/2078
f 2709/5904/2079 2710/5906/2079 2711/5908/2079
f 2712/5913/1031 2713/5914/1031 2714/5916/1031
f 2715/5919/2080 2716/5920/2080 2717/5924/2080
f 2718/5926/1033 2719/5927/1033 2720/5930/1033
f 2697/5875/1034 2704/5891/1034 2703/5888/1034
f 2698/5878/1035 2702/5886/1035 2699/5879/1035
f 2706/5895/1036 2702/5887/1036 2701/5883/1036
f 2705/5894/1037 2708/5902/1037 2707/5899/1037
f 2715/5918/1038 2705/5894/1038 2716/5921/1038
f 2706/5896/1039 2720/5930/1039 2707/5898/1039
f 2719/5928/1040 2716/5921/1040 2720/5929/1040
f 2709/5904/1041 2717/5924/1041 2710/5906/1041
f 2718/5926/1042 2714/5916/1042 2719/5927/1042
f 2711/5909/1043 2714/5917/1043 2713/5915/1043
f 2697/5875/1044 2711/5910/1044 2698/5877/1044
f 2701/5884/1045 2713/5915/1045 2712/5911/1045
f 2715/5919/1046 2697/5876/1046 2703/5889/1046
f 2737/5966/1047 2722/5932/1047 2735/5960/1047
f 2743/5980/1048 2734/5959/1048 2741/5977/1048
f 2742/5978/1049 2725/5938/1049 2736/5964/1049
f 2723/5934/1050 2732/5956/1050 2728/5948/1050
f 2731/5954/1051 2740/5973/1051 2729/5950/1051
f 2721/5931/1052 2722/5933/1052 2723/5935/1052
f 2724/5937/2081 2725/5940/2081 2726/5941/2081
f 2727/5944/1054 2728/5946/1054 2729/5950/1054
f 2730/5951/1055 2731/5955/1055 2732/5956/1055
f 2733/5957/1056 2734/5959/1056 2735/5961/1056
f 2736/5963/1057 2737/5966/1057 2738/5967/1057
f 2739/5970/2082 2740/5973/2082 2741/5975/2082
f 2742/5978/1059 2743/5979/1059 2744/5982/1059
f 2721/5931/1060 2728/5947/1060 2727/5945/1060
f 2722/5933/1061 2726/5943/1061 2723/5935/1061
f 2725/5939/1062 2732/5956/1062 2726/5942/1062
f 2731/5955/1063 2728/5948/1063 2732/5956/1063
f 2739/5970/1064 2729/5950/1064 2740/5973/1064
f 2730/5952/1065 2744/5982/1065 2731/5953/1065
f 2741/5976/1066 2744/5982/1066 2743/5979/1066
f 2739/5971/1067 2734/5959/1067 2733/5957/1067
f 2742/5978/1068 2738/5968/1068 2743/5979/1068
f 2735/5961/1069 2738/5969/1069 2737/5965/1069
f 2733/5958/1070 2722/5933/1070 2721/5931/1070
f 2725/5940/1071 2737/5966/1071 2736/5963/1071
f 2727/5945/1072 2733/5958/1072 2721/5931/1072
f 2759/6015/1073 2748/5991/1073 2746/5987/1073
f 2765/6025/1074 2762/6021/1074 2758/6013/1074
f 2766/6027/1075 2749/5993/1075 2760/6017/1075
f 2750/5994/1076 2752/5998/1076 2747/5990/1076
f 2755/6005/1077 2764/6023/1077 2753/5999/1077
f 2745/5983/1078 2746/5987/1078 2747/5988/1078
f 2748/5992/1079 2749/5993/1079 2750/5995/1079
f 2751/5996/1080 2752/5998/1080 2753/6000/1080
f 2754/6002/1081 2755/6005/1081 2756/6006/1081
f 2757/6009/1082 2758/6011/1082 2759/6015/1082
f 2760/6016/1083 2761/6018/1083 2762/6021/1083
f 2763/6022/1084 2764/6024/1084 2765/6026/1084
f 2766/6028/1085 2767/6030/1085 2768/6034/1085
f 2751/5996/1086 2747/5990/1086 2752/5998/1086
f 2746/5986/1087 2750/5995/1087 2747/5989/1087
f 2754/6003/1088 2750/5995/1088 2749/5993/1088
f 2755/6004/1089 2752/5998/1089 2756/6007/1089
f 2751/5997/2083 2764/6024/2083 2763/6022/2083
f 2766/6028/1091 2755/6005/1091 2754/6002/1091
f 2767/6032/1092 2764/6024/1092 2768/6033/1092
f 2763/6022/1093 2758/6012/1093 2757/6010/1093
f 2766/6029/1094 2762/6021/1094 2767/6031/1094
f 2759/6014/1095 2762/6021/1095 2761/6018/1095
f 2757/6009/1096 2746/5987/1096 2745/5983/1096
f 2760/6017/1097 2748/5992/1097 2761/6019/1097
f 2751/5997/1098 2757/6010/1098 2745/5984/1098
f 2785/6073/1099 2770/6038/1099 2783/6069/1099
f 2789/6083/1100 2786/6074/1100 2782/6066/1100
f 2778/6056/1101 2784/6070/1101 2790/6085/1101
f 2774/6048/1102 2776/6052/1102 2771/6039/1102
f 2777/6055/1103 2792/6090/1103 2788/6081/1103
f 2769/6036/1104 2770/6037/1104 2771/6040/1104
f 2772/6042/1105 2773/6044/1105 2774/6048/1105
f 2775/6049/1106 2776/6051/1106 2777/6054/1106
f 2778/6057/2084 2779/6059/2084 2780/6062/2084
f 2781/6063/1108 2782/6066/1108 2783/6068/1108
f 2784/6070/1109 2785/6072/1109 2786/6075/1109
f 2787/6078/1110 2788/6080/1110 2789/6083/1110
f 2790/6085/1111 2791/6087/1111 2792/6089/1111
f 2775/6049/1112 2771/6040/1112 2776/6051/1112
f 2772/6043/2085 2771/6041/2085 2770/6038/2085
f 2778/6057/2086 2774/6048/2086 2773/6044/2086
f 2779/6060/1115 2776/6053/1115 2780/6061/1115
f 2775/6050/1116 2788/6081/1116 2787/6077/1116
f 2778/6058/1117 2792/6090/1117 2779/6060/1117
f 2789/6082/1118 2792/6090/1118 2791/6086/1118
f 2787/6078/2087 2782/6066/2087 2781/6063/2087
f 2790/6085/1120 2786/6075/1120 2791/6087/1120
f 2783/6069/1121 2786/6076/1121 2785/6073/1121
f 2781/6064/1122 2770/6038/1122 2769/6035/1122
f 2784/6071/1123 2772/6043/1123 2785/6073/1123
f 2787/6079/2088 2769/6036/2088 2775/6049/2088
f 2809/6127/1125 2794/6095/1125 2807/6122/1125
f 2815/6141/1126 2806/6120/1126 2813/6136/1126
f 2802/6112/1127 2808/6125/1127 2814/6138/1127
f 2795/6097/1128 2804/6116/1128 2800/6108/1128
f 2801/6111/1129 2816/6142/1129 2812/6133/1129
f 2793/6092/1130 2794/6096/1130 2795/6097/1130
f 2796/6099/1131 2797/6101/1131 2798/6102/1131
f 2799/6106/1132 2800/6107/1132 2801/6111/1132
f 2802/6113/1133 2803/6115/1133 2804/6117/1133
f 2805/6118/1134 2806/6121/1134 2807/6123/1134
f 2808/6125/2089 2809/6127/2089 2810/6128/2089
f 2811/6132/1136 2812/6133/1136 2813/6135/1136
f 2814/6139/1137 2815/6141/1137 2816/6144/1137
f 2793/6092/1138 2800/6108/1138 2799/6105/1138
f 2794/6096/2090 2798/6104/2090 2795/6097/2090
f 2797/6100/1140 2804/6117/1140 2798/6103/1140
f 2803/6115/2091 2800/6109/2091 2804/6117/2091
f 2799/6106/2092 2812/6133/2092 2811/6132/2092
f 2814/6140/1143 2803/6115/1143 2802/6113/1143
f 2813/6136/1144 2816/6144/1144 2815/6141/1144
f 2811/6131/1145 2806/6121/1145 2805/6118/1145
f 2808/6124/1146 2815/6141/1146 2814/6139/1146
f 2807/6123/2093 2810/6130/2093 2809/6126/2093
f 2793/6093/2094 2807/6123/2094 2794/6094/2094
f 2808/6125/2095 2796/6099/2095 2809/6127/2095
f 2799/6106/1150 2805/6119/1150 2793/6091/1150
f 2833/6180/1151 2818/6147/1151 2831/6175/1151
f 2839/6194/2096 2830/6174/2096 2837/6191/2096
f 2838/6193/1153 2821/6154/1153 2832/6178/1153
f 2822/6157/1154 2824/6162/1154 2819/6150/1154
f 2827/6169/1155 2836/6187/1155 2825/6165/1155
f 2817/6146/2097 2818/6148/2097 2819/6150/2097
f 2820/6152/1157 2821/6155/1157 2822/6156/1157
f 2823/6160/1158 2824/6161/1158 2825/6165/1158
f 2826/6167/1159 2827/6168/1159 2828/6171/1159
f 2829/6172/1160 2830/6174/1160 2831/6176/1160
f 2832/6177/1161 2833/6180/1161 2834/6181/1161
f 2835/6184/1162 2836/6187/1162 2837/6189/1162
f 2838/6193/1163 2839/6195/1163 2840/6196/1163
f 2823/6159/2098 2819/6150/2098 2824/6162/2098
f 2818/6148/1165 2822/6157/1165 2819/6150/1165
f 2826/6167/1166 2822/6158/1166 2821/6153/1166
f 2825/6164/1167 2828/6171/1167 2827/6168/1167
f 2823/6160/1168 2836/6187/1168 2835/6184/1168
f 2826/6167/1169 2840/6198/1169 2827/6168/1169
f 2839/6195/1170 2836/6188/1170 2840/6196/1170
f 2835/6185/1171 2830/6174/1171 2829/6172/1171
f 2838/6193/2099 2834/6182/2099 2839/6195/2099
f 2831/6176/2100 2834/6183/2100 2833/6179/2100
f 2829/6172/2101 2818/6149/2101 2817/6145/2101
f 2821/6155/1175 2833/6180/1175 2832/6177/1175
f 2835/6186/1176 2817/6146/1176 2823/6159/1176
f 2857/6236/1177 2842/6202/1177 2855/6230/1177
f 2863/6249/1178 2854/6229/1178 2861/6246/1178
f 2862/6247/1179 2845/6208/1179 2856/6233/1179
f 2843/6203/1180 2852/6225/1180 2848/6216/1180
f 2851/6223/1181 2860/6242/1181 2849/6218/1181
f 2841/6200/1182 2842/6201/1182 2843/6204/1182
f 2844/6206/2102 2845/6208/2102 2846/6209/2102
f 2847/6213/1184 2848/6214/1184 2849/6218/1184
f 2850/6221/2103 2851/6222/2103 2852/6225/2103
f 2853/6226/1186 2854/6229/1186 2855/6231/1186
f 2856/6233/1187 2857/6236/1187 2858/6237/1187
f 2859/6241/1188 2860/6242/1188 2861/6244/1188
f 2862/6248/1189 2863/6250/1189 2864/6252/1189
f 2841/6200/1190 2848/6215/1190 2847/6212/1190
f 2844/6205/2104 2843/6204/2104 2842/6201/2104
f 2850/6221/1192 2846/6211/1192 2845/6207/1192
f 2849/6217/1193 2852/6225/1193 2851/6222/1193
f 2847/6213/1194 2860/6242/1194 2859/6241/1194
f 2862/6248/1195 2851/6224/1195 2850/6219/1195
f 2863/6250/2105 2860/6243/2105 2864/6252/2105
f 2859/6240/2106 2854/6229/2106 2853/6226/2106
f 2862/6248/1198 2858/6239/1198 2863/6250/1198
f 2857/6235/1199 2854/6229/1199 2858/6238/1199
f 2841/6200/1200 2855/6232/1200 2842/6201/1200
f 2845/6208/1201 2857/6236/1201 2856/6233/1201
f 2847/6213/1202 2853/6228/1202 2841/6199/1202
f 2879/6284/1203 2868/6260/1203 2866/6255/1203
f 2887/6301/1204 2878/6283/1204 2885/6296/1204
f 2874/6272/1205 2880/6288/1205 2886/6298/1205
f 2867/6258/1206 2876/6277/1206 2872/6268/1206
f 2875/6274/1207 2884/6295/1207 2873/6270/1207
f 2865/6254/1208 2866/6256/1208 2867/6257/1208
f 2868/6260/1209 2869/6262/1209 2870/6264/1209
f 2871/6266/1210 2872/6268/1210 2873/6269/1210
f 2874/6272/1211 2875/6273/1211 2876/6276/1211
f 2877/6280/1212 2878/6281/1212 2879/6286/1212
f 2880/6289/1213 2881/6290/1213 2882/6292/1213
f 2883/6293/1214 2884/6295/1214 2885/6297/1214
f 2886/6298/1215 2887/6300/1215 2888/6304/1215
f 2871/6266/2107 2867/6258/2107 2872/6268/2107
f 2868/6260/2108 2867/6259/2108 2866/6255/2108
f 2869/6262/1218 2876/6278/1218 2870/6264/1218
f 2875/6275/1219 2872/6268/1219 2876/6277/1219
f 2871/6267/1220 2884/6295/1220 2883/6293/1220
f 2874/6272/1221 2888/6304/1221 2875/6273/1221
f 2887/6302/1222 2884/6295/1222 2888/6303/1222
f 2883/6293/1223 2878/6282/1223 2877/6279/1223
f 2886/6299/1224 2882/6292/1224 2887/6301/1224
f 2881/6290/1225 2878/6283/1225 2882/6292/1225
f 2865/6254/1226 2879/6286/1226 2866/6256/1226
f 2869/6262/1227 2881/6291/1227 2880/6287/1227
f 2883/6294/1228 2865/6254/1228 2871/6265/1228
f 2905/6341/1229 2890/6309/1229 2903/6337/1229
f 2911/6354/1230 2902/6335/1230 2909/6347/1230
f 2898/6325/1231 2904/6338/1231 2910/6350/1231
f 2894/6315/1232 2896/6320/1232 2891/6310/1232
f 2897/6321/1233 2912/6356/1233 2908/6346/1233
f 2889/6307/1234 2890/6308/1234 2891/6310/1234
f 2892/6313/1235 2893/6314/1235 2894/6317/1235
f 2895/6318/1236 2896/6320/1236 2897/6322/1236
f 2898/6324/1237 2899/6327/1237 2900/6328/1237
f 2901/6331/2109 2902/6333/2109 2903/6337/2109
f 2904/6339/1239 2905/6340/1239 2906/6343/1239
f 2907/6344/1240 2908/6345/1240 2909/6349/1240
f 2910/6351/1241 2911/6354/1241 2912/6355/1241
f 2895/6318/1242 2891/6310/1242 2896/6320/1242
f 2892/6312/1243 2891/6311/1243 2890/6309/1243
f 2898/6325/1244 2894/6317/1244 2893/6314/1244
f 2897/6322/1245 2900/6330/1245 2899/6326/1245
f 2907/6344/1246 2897/6323/1246 2908/6345/1246
f 2910/6352/1247 2899/6327/1247 2898/6324/1247
f 2909/6348/1248 2912/6356/1248 2911/6353/1248
f 2907/6344/1249 2902/6334/1249 2901/6332/1249
f 2904/6339/1250 2911/6354/1250 2910/6351/1250
f 2903/6336/1251 2906/6343/1251 2905/6340/1251
f 2901/6331/1252 2890/6309/1252 2889/6305/1252
f 2893/6314/1253 2905/6342/1253 2904/6338/1253
f 2895/6319/1254 2901/6332/1254 2889/6306/1254
f 2929/6395/1255 2914/6361/1255 2927/6391/1255
f 2933/6405/1256 2930/6398/1256 2926/6389/1256
f 2922/6378/1257 2928/6393/1257 2934/6406/1257
f 2915/6363/2110 2924/6384/2110 2920/6374/2110
f 2923/6381/1259 2932/6401/1259 2921/6375/1259
f 2913/6357/1260 2914/6361/1260 2915/6362/1260
f 2916/6366/1261 2917/6368/1261 2918/6369/1261
f 2919/6372/1262 2920/6373/1262 2921/6377/1262
f 2922/6380/1263 2923/6381/1263 2924/6383/1263
f 2925/6386/1264 2926/6388/1264 2927/6391/1264
f 2928/6393/1265 2929/6394/1265 2930/6397/1265
f 2931/6400/2111 2932/6402/2111 2933/6404/2111
f 2934/6407/2112 2935/6409/2112 2936/6411/2112
f 2913/6358/1268 2920/6374/1268 2919/6371/1268
f 2914/6360/1269 2918/6370/1269 2915/6363/1269
f 2917/6367/2113 2924/6384/2113 2918/6370/2113
f 2923/6382/2114 2920/6374/2114 2924/6384/2114
f 2919/6372/1272 2932/6402/1272 2931/6400/1272
f 2922/6380/1273 2936/6411/1273 2923/6381/1273
f 2933/6405/1274 2936/6412/1274 2935/6410/1274
f 2925/6385/2115 2933/6405/2115 2926/6389/2115
f 2934/6408/1276 2930/6398/1276 2935/6410/1276
f 2929/6396/1277 2926/6389/1277 2930/6398/1277
f 2925/6386/1278 2914/6361/1278 2913/6357/1278
f 2928/6393/1279 2916/6366/1279 2929/6394/1279
f 2931/6400/1280 2913/6359/1280 2919/6372/1280
f 2953/6448/1281 2938/6414/1281 2951/6444/1281
f 2957/6458/1282 2954/6450/1282 2950/6441/1282
f 2946/6433/1283 2952/6446/1283 2958/6459/1283
f 2939/6416/1284 2948/6438/1284 2944/6428/1284
f 2947/6436/1285 2956/6456/1285 2945/6431/1285
f 2937/6413/1286 2938/6415/1286 2939/6417/1286
f 2940/6419/1287 2941/6422/1287 2942/6424/1287
f 2943/6426/1288 2944/6430/1288 2945/6431/1288
f 2946/6432/1289 2947/6434/1289 2948/6438/1289
f 2949/6439/2116 2950/6441/2116 2951/6443/2116
f 2952/6447/2117 2953/6448/2117 2954/6449/2117
f 2955/6453/1292 2956/6455/1292 2957/6458/1292
f 2958/6459/1293 2959/6462/1293 2960/6464/1293
f 2943/6427/1294 2939/6417/1294 2944/6429/1294
f 2940/6420/1295 2939/6418/1295 2938/6414/1295
f 2941/6422/2118 2948/6438/2118 2942/6424/2118
f 2947/6436/1297 2944/6430/1297 2948/6437/1297
f 2955/6452/1298 2945/6431/1298 2956/6456/1298
f 2946/6433/1299 2960/6464/1299 2947/6435/1299
f 2959/6461/1300 2956/6456/1300 2960/6463/1300
f 2949/6439/2119 2957/6458/2119 2950/6441/2119
f 2952/6446/1302 2959/6462/1302 2958/6459/1302
f 2953/6448/1303 2950/6442/1303 2954/6449/1303
f 2949/6440/1304 2938/6415/1304 2937/6413/1304
f 2952/6447/1305 2940/6420/1305 2953/6448/1305
f 2943/6427/1306 2949/6440/1306 2937/6413/1306
f 2977/6502/1307 2962/6467/1307 2975/6496/1307
f 2981/6512/1308 2978/6505/1308 2974/6495/1308
f 2982/6513/1309 2965/6474/1309 2976/6500/1309
f 2963/6469/1310 2972/6491/1310 2968/6482/1310
f 2971/6489/1311 2980/6508/1311 2969/6484/1311
f 2961/6465/1312 2962/6468/1312 2963/6470/1312
f 2964/6472/1313 2965/6474/1313 2966/6475/1313
f 2967/6479/1314 2968/6480/1314 2969/6484/1314
f 2970/6486/1315 2971/6490/1315 2972/6491/1315
f 2973/6492/1316 2974/6495/1316 2975/6497/1316
f 2976/6500/1317 2977/6502/1317 2978/6503/1317
f 2979/6507/1318 2980/6508/1318 2981/6510/1318
f 2982/6514/1319 2983/6515/1319 2984/6518/1319
f 2967/6478/1320 2963/6470/1320 2968/6481/1320
f 2964/6471/1321 2963/6470/1321 2962/6468/1321
f 2970/6486/1322 2966/6477/1322 2965/6473/1322
f 2971/6490/1323 2968/6482/1323 2972/6491/1323
f 2979/6507/1324 2969/6484/1324 2980/6508/1324
f 2970/6487/1325 2984/6518/1325 2971/6488/1325
f 2981/6511/1326 2984/6518/1326 2983/6515/1326
f 2979/6506/1327 2974/6495/1327 2973/6492/1327
f 2982/6514/2120 2978/6504/2120 2983/6515/2120
f 2975/6497/1329 2978/6505/1329 2977/6501/1329
f 2973/6493/1330 2962/6468/1330 2961/6465/1330
f 2976/6500/2121 2964/6472/2121 2977/6502/2121
f 2979/6507/1332 2961/6466/1332 2967/6479/1332
f 3001/6553/1333 2986/6520/1333 2999/6547/1333
f 3005/6562/1334 3002/6556/1334 2998/6546/1334
f 2994/6539/1335 3000/6550/1335 3006/6563/1335
f 2990/6529/1336 2992/6535/1336 2987/6522/1336
f 2993/6537/1337 3008/6567/1337 3004/6560/1337
f 2985/6519/2122 2986/6521/2122 2987/6523/2122
f 2988/6525/1339 2989/6528/1339 2990/6530/1339
f 2991/6532/2123 2992/6533/2123 2993/6537/2123
f 2994/6538/2124 2995/6540/2124 2996/6543/2124
f 2997/6544/2125 2998/6546/2125 2999/6548/2125
f 3000/6551/1343 3001/6553/1343 3002/6554/1343
f 3003/6557/2126 3004/6560/2126 3005/6561/2126
f 3006/6563/1345 3007/6564/1345 3008/6568/1345
f 2985/6519/2127 2992/6534/2127 2991/6531/2127
f 2988/6525/1347 2987/6524/1347 2986/6520/1347
f 2989/6527/1348 2996/6543/1348 2990/6529/1348
f 2993/6536/1349 2996/6543/1349 2995/6540/1349
f 3003/6557/1350 2993/6537/1350 3004/6560/1350
f 2994/6539/2128 3008/6568/2128 2995/6541/2128
f 3007/6566/1352 3004/6560/1352 3008/6567/1352
f 2997/6544/1353 3005/6562/1353 2998/6546/1353
f 3006/6563/1354 3002/6555/1354 3007/6564/1354
f 2999/6548/1355 3002/6556/1355 3001/6552/1355
f 2997/6545/1356 2986/6521/1356 2985/6519/1356
f 3000/6551/1357 2988/6525/1357 3001/6553/1357
f 3003/6559/1358 2985/6519/1358 2991/6531/1358
f 3023/6598/1359 3012/6576/1359 3010/6571/1359
f 3029/6611/1360 3026/6605/1360 3022/6595/1360
f 3018/6588/1361 3024/6600/1361 3030/6613/1361
f 3014/6580/1362 3016/6585/1362 3011/6574/1362
f 3019/6589/2129 3028/6608/2129 3017/6587/2129
f 3009/6569/1364 3010/6573/1364 3011/6574/1364
f 3012/6576/1365 3013/6578/1365 3014/6579/1365
f 3015/6583/2130 3016/6586/2130 3017/6587/2130
f 3018/6588/1367 3019/6590/1367 3020/6592/1367
f 3021/6594/1368 3022/6596/1368 3023/6599/1368
f 3024/6602/1369 3025/6603/1369 3026/6604/1369
f 3027/6606/1370 3028/6608/1370 3029/6610/1370
f 3030/6614/1371 3031/6615/1371 3032/6616/1371
f 3009/6569/1372 3016/6585/1372 3015/6582/1372
f 3010/6573/1373 3014/6580/1373 3011/6574/1373
f 3018/6588/1374 3014/6581/1374 3013/6577/1374
f 3017/6587/1375 3020/6593/1375 3019/6589/1375
f 3015/6583/2131 3028/6608/2131 3027/6606/2131
f 3030/6613/1377 3019/6590/1377 3018/6588/1377
f 3031/6615/2132 3028/6609/2132 3032/6616/2132
f 3027/6607/1379 3022/6596/1379 3021/6594/1379
f 3030/6614/1380 3026/6605/1380 3031/6615/1380
f 3025/6603/1381 3022/6597/1381 3026/6604/1381
f 3009/6570/1382 3023/6599/1382 3010/6572/1382
f 3024/6602/1383 3012/6576/1383 3025/6603/1383
f 3015/6584/1384 3021/6594/1384 3009/6570/1384
f 3049/6654/1385 3034/6622/1385 3047/6650/1385
f 3055/6667/1386 3046/6648/1386 3053/6660/1386
f 3042/6638/1387 3048/6652/1387 3054/6663/1387
f 3038/6628/1388 3040/6633/1388 3035/6624/1388
f 3043/6640/1389 3052/6659/1389 3041/6634/1389
f 3033/6621/1390 3034/6622/1390 3035/6623/1390
f 3036/6626/2133 3037/6627/2133 3038/6630/2133
f 3039/6631/1392 3040/6633/1392 3041/6635/1392
f 3042/6637/1393 3043/6640/1393 3044/6641/1393
f 3045/6644/1394 3046/6646/1394 3047/6650/1394
f 3048/6651/1395 3049/6655/1395 3050/6656/1395
f 3051/6657/1396 3052/6658/1396 3053/6662/1396
f 3054/6665/1397 3055/6666/1397 3056/6668/1397
f 3033/6620/1398 3040/6633/1398 3039/6631/1398
f 3034/6622/2134 3038/6629/2134 3035/6623/2134
f 3042/6638/2135 3038/6630/2135 3037/6627/2135
f 3043/6639/1401 3040/6633/1401 3044/6642/1401
f 3039/6632/1402 3052/6658/1402 3051/6657/1402
f 3054/6665/2136 3043/6640/2136 3042/6637/2136
f 3055/6666/2137 3052/6659/2137 3056/6668/2137
f 3045/6645/1405 3053/6662/1405 3046/6647/1405
f 3048/6651/1406 3055/6667/1406 3054/6664/1406
f 3049/6655/1407 3046/6648/1407 3050/6656/1407
f 3033/6621/2138 3047/6650/2138 3034/6622/2138
f 3048/6652/2139 3036/6626/2139 3049/6653/2139
f 3039/6632/1410 3045/6645/1410 3033/6619/1410
f 3073/6703/1411 3058/6672/1411 3071/6698/1411
f 3079/6715/1412 3070/6696/1412 3077/6711/1412
f 3066/6688/1413 3072/6701/1413 3078/6713/1413
f 3059/6674/1414 3068/6692/1414 3064/6685/1414
f 3067/6689/1415 3076/6708/1415 3065/6687/1415
f 3057/6669/2140 3058/6671/2140 3059/6674/2140
f 3060/6676/1417 3061/6678/1417 3062/6679/1417
f 3063/6684/1418 3064/6686/1418 3065/6687/1418
f 3066/6688/1419 3067/6690/1419 3068/6693/1419
f 3069/6694/2141 3070/6695/2141 3071/6699/2141
f 3072/6700/1421 3073/6703/1421 3074/6704/1421
f 3075/6706/1422 3076/6708/1422 3077/6710/1422
f 3078/6714/2142 3079/6715/2142 3080/6718/2142
f 3057/6669/1424 3064/6685/1424 3063/6682/1424
f 3060/6675/1425 3059/6674/1425 3058/6671/1425
f 3061/6677/1426 3068/6693/1426 3062/6680/1426
f 3067/6689/1427 3064/6686/1427 3068/6691/1427
f 3075/6706/1428 3065/6687/1428 3076/6708/1428
f 3078/6713/1429 3067/6690/1429 3066/6688/1429
f 3077/6711/1430 3080/6718/1430 3079/6715/1430
f 3069/6694/1431 3077/6712/1431 3070/6695/1431
f 3078/6714/1432 3074/6705/1432 3079/6715/1432
f 3073/6703/1433 3070/6697/1433 3074/6704/1433
f 3069/6694/1434 3058/6673/1434 3057/6670/1434
f 3061/6678/1435 3073/6703/1435 3072/6700/1435
f 3075/6707/1436 3057/6670/1436 3063/6683/1436
f 3097/6754/1437 3082/6721/1437 3095/6750/1437
f 3101/6762/2143 3098/6755/2143 3094/6748/2143
f 3102/6764/1439 3085/6729/1439 3096/6752/1439
f 3083/6725/2144 3092/6743/2144 3088/6735/2144
f 3091/6740/1441 3100/6760/1441 3089/6737/1441
f 3081/6719/1442 3082/6723/1442 3083/6724/1442
f 3084/6727/2145 3085/6730/2145 3086/6732/2145
f 3087/6733/1444 3088/6736/1444 3089/6737/1444
f 3090/6738/1445 3091/6741/1445 3092/6742/1445
f 3093/6746/1446 3094/6747/1446 3095/6751/1446
f 3096/6753/1447 3097/6754/1447 3098/6756/1447
f 3099/6758/2146 3100/6761/2146 3101/6762/2146
f 3102/6764/1449 3103/6765/1449 3104/6769/1449
f 3081/6720/2147 3088/6736/2147 3087/6733/2147
f 3082/6722/1451 3086/6732/1451 3083/6725/1451
f 3085/6730/2148 3092/6743/2148 3086/6732/2148
f 3089/6737/1453 3092/6744/1453 3091/6740/1453
f 3087/6733/2149 3100/6760/2149 3099/6757/2149
f 3102/6764/1455 3091/6741/1455 3090/6738/1455
f 3101/6762/2150 3104/6770/2150 3103/6766/2150
f 3093/6745/1457 3101/6762/1457 3094/6748/1457
f 3096/6753/2151 3103/6767/2151 3102/6763/2151
f 3097/6754/2152 3094/6749/2152 3098/6756/2152
f 3093/6746/1460 3082/6723/1460 3081/6719/1460
f 3085/6731/1461 3097/6754/1461 3096/6753/1461
f 3087/6734/1462 3093/6746/1462 3081/6719/1462
f 3121/6808/1463 3106/6774/1463 3119/6803/1463
f 3125/6813/1464 3122/6809/1464 3118/6801/1464
f 3114/6791/1465 3120/6805/1465 3126/6815/1465
f 3110/6782/1466 3112/6786/1466 3107/6778/1466
f 3113/6787/1467 3128/6821/1467 3124/6811/1467
f 3105/6773/2153 3106/6774/2153 3107/6776/2153
f 3108/6780/1469 3109/6781/1469 3110/6783/1469
f 3111/6784/1470 3112/6786/1470 3113/6788/1470
f 3114/6790/1471 3115/6793/1471 3116/6794/1471
f 3117/6797/2154 3118/6799/2154 3119/6803/2154
f 3120/6804/1473 3121/6806/1473 3122/6809/1473
f 3123/6810/1474 3124/6812/1474 3125/6814/1474
f 3126/6816/1475 3127/6818/1475 3128/6821/1475
f 3111/6784/1476 3107/6778/1476 3112/6786/1476
f 3106/6775/2155 3110/6783/2155 3107/6777/2155
f 3114/6791/1478 3110/6783/1478 3109/6781/1478
f 3115/6792/1479 3112/6786/1479 3116/6795/1479
f 3123/6810/2156 3113/6789/2156 3124/6812/2156
f 3126/6816/1481 3115/6793/1481 3114/6790/1481
f 3125/6814/1482 3128/6822/1482 3127/6819/1482
f 3123/6810/2157 3118/6800/2157 3117/6798/2157
f 3126/6817/1484 3122/6809/1484 3127/6820/1484
f 3119/6802/1485 3122/6809/1485 3121/6806/1485
f 3105/6773/1486 3119/6803/1486 3106/6774/1486
f 3120/6805/1487 3108/6780/1487 3121/6807/1487
f 3111/6785/1488 3117/6798/1488 3105/6771/1488
f 3145/6858/1489 3130/6826/1489 3143/6852/1489
f 3149/6867/1490 3146/6860/1490 3142/6850/1490
f 3138/6844/1491 3144/6855/1491 3150/6870/1491
f 3134/6834/1492 3136/6840/1492 3131/6828/1492
f 3139/6845/1493 3148/6864/1493 3137/6843/1493
f 3129/6823/1494 3130/6825/1494 3131/6828/1494
f 3132/6830/1495 3133/6832/1495 3134/6833/1495
f 3135/6838/2158 3136/6839/2158 3137/6843/2158
f 3138/6844/1497 3139/6846/1497 3140/6848/1497
f 3141/6849/2159 3142/6851/2159 3143/6853/2159
f 3144/6854/1499 3145/6858/1499 3146/6859/1499
f 3147/6862/1500 3148/6864/1500 3149/6866/1500
f 3150/6869/1501 3151/6871/1501 3152/6874/1501
f 3135/6837/1502 3131/6828/1502 3136/6840/1502
f 3132/6829/1503 3131/6828/1503 3130/6825/1503
f 3138/6844/1504 3134/6835/1504 3133/6831/1504
f 3139/6846/1505 3136/6841/1505 3140/6848/1505
f 3147/6862/2160 3137/6843/2160 3148/6864/2160
f 3138/6844/1507 3152/6873/1507 3139/6846/1507
f 3149/6867/2161 3152/6874/2161 3151/6871/2161
f 3147/6863/2162 3142/6851/2162 3141/6849/2162
f 3144/6856/1510 3151/6871/1510 3150/6869/1510
f 3143/6853/1511 3146/6861/1511 3145/6857/1511
f 3141/6849/1512 3130/6827/1512 3129/6824/1512
f 3133/6832/1513 3145/6858/1513 3144/6854/1513
f 3147/6863/1514 3129/6824/1514 3135/6836/1514
f 3167/6908/1515 3156/6882/1515 3154/6878/1515
f 3175/6924/1516 3166/6905/1516 3173/6919/1516
f 3174/6921/1517 3157/6886/1517 3168/6909/1517
f 3155/6881/1518 3164/6899/1518 3160/6889/1518
f 3163/6897/1519 3172/6916/1519 3161/6891/1519
f 3153/6875/1520 3154/6878/1520 3155/6879/1520
f 3156/6883/1521 3157/6885/1521 3158/6887/1521
f 3159/6888/1522 3160/6890/1522 3161/6892/1522
f 3162/6895/1523 3163/6897/1523 3164/6898/1523
f 3165/6902/1524 3166/6904/1524 3167/6908/1524
f 3168/6909/2163 3169/6911/2163 3170/6913/2163
f 3171/6914/2164 3172/6918/2164 3173/6919/2164
f 3174/6920/1527 3175/6922/1527 3176/6926/1527
f 3153/6876/1528 3160/6890/1528 3159/6888/1528
f 3156/6883/1529 3155/6881/1529 3154/6877/1529
f 3162/6894/1530 3158/6887/1530 3157/6885/1530
f 3161/6892/2165 3164/6900/2165 3163/6896/2165
f 3159/6888/1532 3172/6917/1532 3171/6915/1532
f 3162/6895/1533 3176/6926/1533 3163/6897/1533
f 3175/6924/1534 3172/6918/1534 3176/6925/1534
f 3165/6901/2166 3173/6919/2166 3166/6905/2166
f 3174/6921/1536 3170/6913/1536 3175/6923/1536
f 3167/6907/1537 3170/6913/1537 3169/6911/1537
f 3153/6875/1538 3167/6908/1538 3154/6878/1538
f 3157/6886/1539 3169/6911/1539 3168/6909/1539
f 3171/6915/1540 3153/6876/1540 3159/6888/1540
f 3191/6956/1541 3180/6933/1541 3178/6928/1541
f 3199/6975/1542 3190/6955/1542 3197/6973/1542
f 3186/6948/1543 3192/6959/1543 3198/6974/1543
f 3182/6938/1544 3184/6944/1544 3179/6930/1544
f 3187/6951/1545 3196/6969/1545 3185/6946/1545
f 3177/6927/1546 3178/6929/1546 3179/6931/1546
f 3180/6933/1547 3181/6936/1547 3182/6937/1547
f 3183/6940/2167 3184/6942/2167 3185/6946/2167
f 3186/6947/1549 3187/6949/1549 3188/6952/1549
f 3189/6953/1550 3190/6955/1550 3191/6957/1550
f 3192/6960/1551 3193/6961/1551 3194/6963/1551
f 3195/6966/1552 3196/6969/1552 3197/6971/1552
f 3198/6974/1553 3199/6976/1553 3200/6978/1553
f 3177/6927/1554 3184/6943/1554 3183/6941/1554
f 3178/6929/1555 3182/6939/1555 3179/6931/1555
f 3181/6935/1556 3188/6952/1556 3182/6938/1556
f 3185/6945/1557 3188/6952/1557 3187/6949/1557
f 3183/6940/1558 3196/6969/1558 3195/6966/1558
f 3186/6948/1559 3200/6978/1559 3187/6950/1559
f 3197/6972/2168 3200/6978/2168 3199/6976/2168
f 3189/6953/1561 3197/6973/1561 3190/6955/1561
f 3192/6959/1562 3199/6976/1562 3198/6974/1562
f 3193/6962/1563 3190/6955/1563 3194/6964/1563
f 3189/6954/1564 3178/6929/1564 3177/6927/1564
f 3192/6960/1565 3180/6933/1565 3193/6961/1565
f 3183/6941/1566 3189/6954/1566 3177/6927/1566
f 3217/7017/1567 3202/6981/1567 3215/7012/1567
f 3221/7024/1568 3218/7019/1568 3214/7010/1568
f 3210/7000/1569 3216/7013/1569 3222/7027/1569
f 3206/6990/1570 3208/6995/1570 3203/6985/1570
f 3209/6996/1571 3224/7031/1571 3220/7022/1571
f 3201/6980/1572 3202/6981/1572 3203/6983/1572
f 3204/6987/1573 3205/6989/1573 3206/6991/1573
f 3207/6992/1574 3208/6995/1574 3209/6997/1574
f 3210/7000/2169 3211/7001/2169 3212/7003/2169
f 3213/7007/1576 3214/7008/1576 3215/7012/1576
f 3216/7014/1577 3217/7018/1577 3218/7019/1577
f 3219/7020/1578 3220/7023/1578 3221/7025/1578
f 3222/7027/1579 3223/7028/1579 3224/7031/1579
f 3201/6979/1580 3208/6995/1580 3207/6992/1580
f 3202/6982/1581 3206/6991/1581 3203/6984/1581
f 3210/6999/1582 3206/6991/1582 3205/6989/1582
f 3211/7002/1583 3208/6995/1583 3212/7004/1583
f 3207/6994/1584 3220/7023/1584 3219/7020/1584
f 3210/7000/2170 3224/7031/2170 3211/7001/2170
f 3221/7025/1586 3224/7032/1586 3223/7029/1586
f 3213/7006/2171 3221/7025/2171 3214/7009/2171
f 3216/7014/1588 3223/7030/1588 3222/7026/1588
f 3217/7018/1589 3214/7010/1589 3218/7019/1589
f 3201/6980/1590 3215/7012/1590 3202/6981/1590
f 3216/7015/2172 3204/6987/2172 3217/7016/2172
f 3219/7021/1592 3201/6980/1592 3207/6993/1592
f 3239/7062/1593 3228/7040/1593 3226/7035/1593
f 3247/7079/1594 3238/7060/1594 3245/7075/1594
f 3234/7052/1595 3240/7065/1595 3246/7077/1595
f 3227/7038/1596 3236/7055/1596 3232/7049/1596
f 3233/7051/1597 3248/7081/1597 3244/7072/1597
f 3225/7033/1598 3226/7036/1598 3227/7038/1598
f 3228/7040/2173 3229/7042/2173 3230/7043/2173
f 3231/7047/1600 3232/7050/1600 3233/7051/1600
f 3234/7052/2174 3235/7053/2174 3236/7056/2174
f 3237/7058/2175 3238/7059/2175 3239/7063/2175
f 3240/7064/1603 3241/7067/1603 3242/7069/1603
f 3243/7070/2176 3244/7072/2176 3245/7074/2176
f 3246/7078/1605 3247/7079/1605 3248/7080/1605
f 3231/7046/1606 3227/7038/1606 3232/7049/1606
f 3228/7039/1607 3227/7038/1607 3226/7036/1607
f 3234/7052/1608 3230/7045/1608 3229/7041/1608
f 3233/7051/2177 3236/7057/2177 3235/7054/2177
f 3243/7070/1610 3233/7051/1610 3244/7072/1610
f 3234/7052/1611 3248/7082/1611 3235/7053/1611
f 3247/7079/1612 3244/7073/1612 3248/7080/1612
f 3237/7058/1613 3245/7076/1613 3238/7059/1613
f 3246/7078/1614 3242/7068/1614 3247/7079/1614
f 3239/7062/2178 3242/7069/2178 3241/7067/2178
f 3225/7034/2179 3239/7063/2179 3226/7037/2179
f 3229/7042/1617 3241/7067/1617 3240/7064/1617
f 3231/7048/1618 3237/7058/1618 3225/7034/1618
f 3263/7114/1619 3252/7091/1619 3250/7087/1619
f 3271/7132/1620 3262/7111/1620 3269/7125/1620
f 3258/7104/1621 3264/7116/1621 3270/7127/1621
f 3254/7094/1622 3256/7098/1622 3251/7089/1622
f 3259/7105/1623 3268/7123/1623 3257/7101/1623
f 3249/7083/1624 3250/7087/1624 3251/7088/1624
f 3252/7092/1625 3253/7093/1625 3254/7095/1625
f 3255/7096/2180 3256/7098/2180 3257/7100/2180
f 3258/7103/2181 3259/7105/2181 3260/7108/2181
f 3261/7109/2182 3262/7113/2182 3263/7114/2182
f 3264/7115/2183 3265/7117/2183 3266/7120/2183
f 3267/7122/2184 3268/7124/2184 3269/7126/2184
f 3270/7129/1631 3271/7130/1631 3272/7134/1631
f 3249/7084/1632 3256/7098/1632 3255/7096/1632
f 3252/7092/1633 3251/7090/1633 3250/7086/1633
f 3258/7104/1634 3254/7095/1634 3253/7093/1634
f 3257/7101/1635 3260/7108/1635 3259/7105/1635
f 3255/7097/2185 3268/7124/2185 3267/7122/2185
f 3270/7129/1637 3259/7105/1637 3258/7103/1637
f 3271/7131/2186 3268/7124/2186 3272/7133/2186
f 3267/7122/1639 3262/7112/1639 3261/7110/1639
f 3264/7115/1640 3271/7132/1640 3270/7128/1640
f 3263/7114/1641 3266/7121/1641 3265/7119/1641
f 3261/7109/1642 3250/7087/1642 3249/7083/1642
f 3264/7116/1643 3252/7092/1643 3265/7118/1643
f 3267/7122/1644 3249/7085/1644 3255/7097/1644
f 3287/7164/1645 3276/7142/1645 3274/7136/1645
f 3295/7182/1646 3286/7163/1646 3293/7180/1646
f 3282/7156/1647 3288/7167/1647 3294/7181/1647
f 3278/7147/1648 3280/7152/1648 3275/7139/1648
f 3281/7154/1649 3296/7184/1649 3292/7177/1649
f 3273/7135/1650 3274/7138/1650 3275/7140/1650
f 3276/7142/1651 3277/7145/1651 3278/7146/1651
f 3279/7149/1652 3280/7150/1652 3281/7154/1652
f 3282/7155/2187 3283/7157/2187 3284/7160/2187
f 3285/7161/1654 3286/7163/1654 3287/7165/1654
f 3288/7168/1655 3289/7169/1655 3290/7171/1655
f 3291/7174/1656 3292/7177/1656 3293/7179/1656
f 3294/7181/1657 3295/7183/1657 3296/7185/1657
f 3273/7135/1658 3280/7151/1658 3279/7148/1658
f 3274/7137/1659 3278/7147/1659 3275/7139/1659
f 3277/7144/1660 3284/7160/1660 3278/7147/1660
f 3281/7153/1661 3284/7160/1661 3283/7157/1661
f 3279/7149/1662 3292/7177/1662 3291/7174/1662
f 3282/7156/1663 3296/7185/1663 3283/7158/1663
f 3293/7180/1664 3296/7186/1664 3295/7182/1664
f 3291/7175/1665 3286/7163/1665 3285/7161/1665
f 3288/7167/1666 3295/7183/1666 3294/7181/1666
f 3289/7170/1667 3286/7163/1667 3290/7172/1667
f 3285/7162/1668 3274/7138/1668 3273/7135/1668
f 3288/7168/1669 3276/7142/1669 3289/7169/1669
f 3291/7176/1670 3273/7135/1670 3279/7148/1670
f 3311/7219/1671 3300/7194/1671 3298/7191/1671
f 3319/7236/1672 3310/7216/1672 3317/7229/1672
f 3318/7233/1673 3301/7196/1673 3312/7220/1673
f 3299/7192/1674 3308/7212/1674 3304/7202/1674
f 3307/7210/1675 3316/7228/1675 3305/7203/1675
f 3297/7188/1676 3298/7190/1676 3299/7192/1676
f 3300/7195/1677 3301/7196/1677 3302/7199/1677
f 3303/7200/1678 3304/7202/1678 3305/7204/1678
f 3306/7207/1679 3307/7208/1679 3308/7211/1679
f 3309/7214/1680 3310/7215/1680 3311/7217/1680
f 3312/7221/1681 3313/7223/1681 3314/7225/1681
f 3315/7226/1682 3316/7227/1682 3317/7231/1682
f 3318/7232/1683 3319/7236/1683 3320/7237/1683
f 3297/7188/1684 3304/7202/1684 3303/7200/1684
f 3300/7194/1685 3299/7193/1685 3298/7191/1685
f 3306/7207/1686 3302/7199/1686 3301/7196/1686
f 3305/7204/1687 3308/7212/1687 3307/7209/1687
f 3303/7201/1688 3316/7227/1688 3315/7226/1688
f 3318/7234/1689 3307/7210/1689 3306/7206/1689
f 3319/7235/1690 3316/7228/1690 3320/7238/1690
f 3309/7214/1691 3317/7231/1691 3310/7215/1691
f 3312/7221/1692 3319/7236/1692 3318/7232/1692
f 3313/7223/2188 3310/7216/2188 3314/7225/2188
f 3297/7189/1694 3311/7219/1694 3298/7191/1694
f 3301/7196/1695 3313/7224/1695 3312/7220/1695
f 3303/7201/1696 3309/7214/1696 3297/7187/1696
f 3337/7274/1697 3322/7242/1697 3335/7268/1697
f 3343/7287/1698 3334/7267/1698 3341/7283/1698
f 3330/7259/1699 3336/7271/1699 3342/7286/1699
f 3326/7250/1700 3328/7256/1700 3323/7244/1700
f 3331/7261/1701 3340/7280/1701 3329/7258/1701
f 3321/7240/2189 3322/7241/2189 3323/7244/2189
f 3324/7246/1703 3325/7248/1703 3326/7249/1703
f 3327/7253/2190 3328/7255/2190 3329/7258/2190
f 3330/7259/1705 3331/7262/1705 3332/7263/1705
f 3333/7265/1706 3334/7266/1706 3335/7270/1706
f 3336/7273/1707 3337/7274/1707 3338/7276/1707
f 3339/7278/2191 3340/7280/2191 3341/7282/2191
f 3342/7285/2192 3343/7287/2192 3344/7288/2192
f 3327/7252/1710 3323/7244/1710 3328/7256/1710
f 3324/7245/1711 3323/7244/1711 3322/7241/1711
f 3330/7259/1712 3326/7251/1712 3325/7247/1712
f 3329/7257/1713 3332/7264/1713 3331/7260/1713
f 3339/7278/1714 3329/7258/1714 3340/7280/1714
f 3342/7286/1715 3331/7262/1715 3330/7259/1715
f 3343/7287/1716 3340/7281/1716 3344/7288/1716
f 3339/7279/1717 3334/7266/1717 3333/7265/1717
f 3336/7272/2193 3343/7287/2193 3342/7285/2193
f 3337/7275/1719 3334/7267/1719 3338/7277/1719
f 3333/7265/1720 3322/7243/1720 3321/7239/1720
f 3336/7273/2194 3324/7246/2194 3337/7274/2194
f 3327/7254/1722 3333/7265/1722 3321/7239/1722
f 3361/7325/1723 3346/7292/1723 3359/7320/1723
f 3365/7337/1724 3362/7328/1724 3358/7319/1724
f 3354/7311/1725 3360/7323/1725 3366/7338/1725
f 3347/7294/1726 3356/7316/1726 3352/7308/1726
f 3355/7313/1727 3364/7333/1727 3353/7310/1727
f 3345/7291/1728 3346/7293/1728 3347/7295/1728
f 3348/7297/2195 3349/7300/2195 3350/7301/2195
f 3351/7304/2196 3352/7306/2196 3353/7310/2196
f 3354/7312/1731 3355/7314/1731 3356/7316/1731
f 3357/7317/1732 3358/7319/1732 3359/7321/1732
f 3360/7324/2197 3361/7325/2197 3362/7327/2197
f 3363/7330/2198 3364/7333/2198 3365/7335/2198
f 3366/7338/1735 3367/7340/1735 3368/7342/1735
f 3351/7305/1736 3347/7295/1736 3352/7307/1736
f 3348/7296/1737 3347/7295/1737 3346/7293/1737
f 3354/7312/1738 3350/7303/1738 3349/7298/1738
f 3355/7314/1739 3352/7308/1739 3356/7316/1739
f 3351/7304/1740 3364/7333/1740 3363/7330/1740
f 3366/7338/1741 3355/7315/1741 3354/7311/1741
f 3365/7336/1742 3368/7342/1742 3367/7340/1742
f 3357/7317/1743 3365/7337/1743 3358/7319/1743
f 3360/7323/1744 3367/7340/1744 3366/7338/1744
f 3361/7326/1745 3358/7319/1745 3362/7328/1745
f 3357/7318/1746 3346/7293/1746 3345/7291/1746
f 3360/7324/1747 3348/7297/1747 3361/7325/1747
f 3351/7305/1748 3357/7318/1748 3345/7291/1748
f 3383/7374/1749 3372/7350/1749 3370/7347/1749
f 3389/7385/1750 3386/7381/1750 3382/7371/1750
f 3390/7388/1751 3373/7352/1751 3384/7376/1751
f 3374/7353/1752 3376/7358/1752 3371/7349/1752
f 3377/7361/1753 3392/7394/1753 3388/7384/1753
f 3369/7345/1754 3370/7346/1754 3371/7349/1754
f 3372/7351/1755 3373/7352/1755 3374/7355/1755
f 3375/7356/1756 3376/7358/1756 3377/7360/1756
f 3378/7363/1757 3379/7365/1757 3380/7368/1757
f 3381/7369/1758 3382/7373/1758 3383/7374/1758
f 3384/7375/1759 3385/7377/1759 3386/7381/1759
f 3387/7382/1760 3388/7383/1760 3389/7387/1760
f 3390/7390/1761 3391/7392/1761 3392/7393/1761
f 3369/7345/1762 3376/7358/1762 3375/7356/1762
f 3370/7347/1763 3374/7354/1763 3371/7348/1763
f 3378/7364/1764 3374/7355/1764 3373/7352/1764
f 3377/7361/1765 3380/7368/1765 3379/7365/1765
f 3375/7357/1766 3388/7383/1766 3387/7382/1766
f 3390/7389/1767 3379/7365/1767 3378/7363/1767
f 3389/7386/2199 3392/7394/2199 3391/7391/2199
f 3381/7370/1769 3389/7387/1769 3382/7372/1769
f 3390/7390/1770 3386/7381/1770 3391/7392/1770
f 3385/7379/1771 3382/7373/1771 3386/7380/1771
f 3381/7369/2200 3370/7347/2200 3369/7343/2200
f 3384/7376/1773 3372/7351/1773 3385/7378/1773
f 3375/7357/1774 3381/7370/1774 3369/7344/1774
f 3409/7427/1775 3394/7398/1775 3407/7425/1775
f 3415/7442/1776 3406/7423/1776 3413/7437/1776
f 3414/7439/1777 3397/7406/1777 3408/7426/1777
f 3398/7407/1778 3400/7409/1778 3395/7401/1778
f 3401/7412/1779 3416/7444/1779 3412/7434/1779
f 3393/7395/1780 3394/7398/1780 3395/7399/1780
f 3396/7403/1781 3397/7405/1781 3398/7407/1781
f 3399/7408/1782 3400/7410/1782 3401/7413/1782
f 3402/7416/2201 3403/7417/2201 3404/7418/2201
f 3405/7421/2202 3406/7424/2202 3407/7425/2202
f 3408/7426/1785 3409/7428/1785 3410/7430/1785
f 3411/7432/1786 3412/7436/1786 3413/7437/1786
f 3414/7438/1787 3415/7440/1787 3416/7444/1787
f 3393/7396/1788 3400/7410/1788 3399/7408/1788
f 3396/7403/1789 3395/7401/1789 3394/7397/1789
f 3402/7415/1790 3398/7407/1790 3397/7405/1790
f 3403/7417/1791 3400/7411/1791 3404/7418/1791
f 3399/7408/1792 3412/7435/1792 3411/7433/1792
f 3402/7416/1793 3416/7444/1793 3403/7417/1793
f 3415/7442/1794 3412/7436/1794 3416/7443/1794
f 3411/7432/1795 3406/7423/1795 3405/7420/1795
f 3414/7439/1796 3410/7430/1796 3415/7441/1796
f 3407/7425/2203 3410/7431/2203 3409/7427/2203
f 3405/7421/1798 3394/7398/1798 3393/7395/1798
f 3397/7406/1799 3409/7428/1799 3408/7426/1799
f 3399/7408/1800 3405/7422/1800 3393/7396/1800
f 3433/7480/1801 3418/7448/1801 3431/7473/1801
f 3437/7485/1802 3434/7481/1802 3430/7472/1802
f 3426/7464/1803 3432/7477/1803 3438/7488/1803
f 3419/7450/1804 3428/7468/1804 3424/7461/1804
f 3425/7463/1805 3440/7494/1805 3436/7484/1805
f 3417/7445/1806 3418/7447/1806 3419/7450/1806
f 3420/7452/1807 3421/7454/1807 3422/7457/1807
f 3423/7459/2204 3424/7461/2204 3425/7462/2204
f 3426/7464/1809 3427/7465/1809 3428/7469/1809
f 3429/7470/2205 3430/7471/2205 3431/7475/2205
f 3432/7478/2206 3433/7479/2206 3434/7481/2206
f 3435/7482/1812 3436/7484/1812 3437/7486/1812
f 3438/7489/1813 3439/7491/1813 3440/7492/1813
f 3423/7459/2207 3419/7450/2207 3424/7461/2207
f 3420/7452/1815 3419/7451/1815 3418/7448/1815
f 3421/7453/1816 3428/7469/1816 3422/7455/1816
f 3427/7467/2208 3424/7461/2208 3428/7468/2208
f 3435/7482/1818 3425/7463/1818 3436/7484/1818
f 3426/7464/2209 3440/7493/2209 3427/7465/2209
f 3437/7486/2210 3440/7494/2210 3439/7490/2210
f 3429/7470/1821 3437/7487/1821 3430/7471/1821
f 3438/7489/1822 3434/7481/1822 3439/7491/1822
f 3433/7479/2211 3430/7472/2211 3434/7481/2211
f 3429/7470/2212 3418/7449/2212 3417/7446/2212
f 3421/7454/1825 3433/7480/1825 3432/7476/1825
f 3435/7483/1826 3417/7446/1826 3423/7458/1826
f 3457/7530/1827 3442/7499/1827 3455/7525/1827
f 3461/7537/1828 3458/7531/1828 3454/7522/1828
f 3450/7514/1829 3456/7527/1829 3462/7539/1829
f 3443/7500/1830 3452/7518/1830 3448/7509/1830
f 3449/7512/1831 3464/7543/1831 3460/7534/1831
f 3441/7496/1832 3442/7498/1832 3443/7500/1832
f 3444/7503/1833 3445/7504/1833 3446/7505/1833
f 3447/7507/1834 3448/7509/1834 3449/7511/1834
f 3450/7515/1835 3451/7516/1835 3452/7517/1835
f 3453/7520/2213 3454/7524/2213 3455/7525/2213
f 3456/7526/1837 3457/7528/1837 3458/7531/1837
f 3459/7533/1838 3460/7535/1838 3461/7538/1838
f 3462/7540/1839 3463/7542/1839 3464/7544/1839
f 3441/7496/1840 3448/7509/1840 3447/7507/1840
f 3442/7498/2214 3446/7506/2214 3443/7500/2214
f 3445/7504/1842 3452/7519/1842 3446/7505/1842
f 3451/7516/1843 3448/7510/1843 3452/7517/1843
f 3447/7508/1844 3460/7535/1844 3459/7533/1844
f 3450/7515/1845 3464/7543/1845 3451/7516/1845
f 3461/7537/2215 3464/7544/2215 3463/7542/2215
f 3459/7533/1847 3454/7523/1847 3453/7521/1847
f 3456/7526/2216 3463/7542/2216 3462/7540/2216
f 3455/7525/1849 3458/7532/1849 3457/7530/1849
f 3453/7520/1850 3442/7499/1850 3441/7495/1850
f 3456/7527/1851 3444/7503/1851 3457/7529/1851
f 3459/7533/2217 3441/7497/2217 3447/7508/2217
f 3479/7578/2218 3468/7553/2218 3466/7548/2218
f 3485/7591/1854 3482/7582/1854 3478/7575/1854
f 3474/7565/1855 3480/7579/1855 3486/7592/1855
f 3470/7558/1856 3472/7560/1856 3467/7549/1856
f 3473/7563/1857 3488/7598/1857 3484/7589/1857
f 3465/7546/1858 3466/7547/1858 3467/7550/1858
f 3468/7552/1859 3469/7555/1859 3470/7558/1859
f 3471/7559/1860 3472/7561/1860 3473/7564/1860
f 3474/7566/1861 3475/7568/1861 3476/7570/1861
f 3477/7572/2219 3478/7575/2219 3479/7577/2219
f 3480/7579/2220 3481/7581/2220 3482/7583/2220
f 3483/7585/2221 3484/7587/2221 3485/7591/2221
f 3486/7592/1865 3487/7596/1865 3488/7597/1865
f 3465/7546/1866 3472/7561/1866 3471/7559/1866
f 3468/7553/1867 3467/7551/1867 3466/7548/1867
f 3474/7566/1868 3470/7558/1868 3469/7555/1868
f 3473/7563/1869 3476/7571/1869 3475/7569/1869
f 3483/7586/2222 3473/7564/2222 3484/7588/2222
f 3474/7567/1871 3488/7598/1871 3475/7569/1871
f 3485/7590/1872 3488/7598/1872 3487/7594/1872
f 3483/7585/1873 3478/7575/1873 3477/7572/1873
f 3480/7579/1874 3487/7596/1874 3486/7592/1874
f 3479/7578/2223 3482/7584/2223 3481/7580/2223
f 3477/7573/1876 3466/7548/1876 3465/7545/1876
f 3469/7556/2224 3481/7581/2224 3480/7579/2224
f 3483/7586/1878 3465/7546/1878 3471/7559/1878
f 3505/7637/7 3490/7603/7 3503/7633/7
f 3511/7652/2225 3502/7631/2225 3509/7647/2225
f 3498/7621/9 3504/7635/9 3510/7648/9
f 3494/7612/10 3496/7616/10 3491/7605/10
f 3497/7617/11 3512/7654/11 3508/7643/11
f 3489/7600/2226 3490/7603/2226 3491/7604/2226
f 3492/7608/13 3493/7610/13 3494/7611/13
f 3495/7614/14 3496/7615/14 3497/7619/14
f 3498/7620/15 3499/7624/15 3500/7625/15
f 3501/7628/1881 3502/7630/1881 3503/7633/1881
f 3504/7635/2227 3505/7636/2227 3506/7639/2227
f 3507/7642/18 3508/7644/18 3509/7646/18
f 3510/7650/19 3511/7651/19 3512/7654/19
f 3489/7599/20 3496/7616/20 3495/7613/20
f 3492/7607/21 3491/7605/21 3490/7602/21
f 3498/7622/22 3494/7612/22 3493/7609/22
f 3497/7618/1883 3500/7626/1883 3499/7623/1883
f 3495/7614/24 3508/7644/24 3507/7642/24
f 3510/7650/25 3499/7624/25 3498/7620/25
f 3511/7652/26 3508/7645/26 3512/7653/26
f 3501/7627/27 3509/7647/27 3502/7631/27
f 3504/7634/28 3511/7652/28 3510/7649/28
f 3505/7638/1886 3502/7631/1886 3506/7640/1886
f 3489/7600/1887 3503/7633/1887 3490/7603/1887
f 3504/7635/31 3492/7608/31 3505/7636/31
f 3507/7642/32 3489/7601/32 3495/7614/32
f 3529/7690/33 3514/7658/33 3527/7686/33
f 3535/7703/2228 3526/7684/2228 3533/7696/2228
f 3522/7674/35 3528/7688/35 3534/7699/35
f 3515/7660/2229 3524/7679/2229 3520/7669/2229
f 3521/7670/37 3536/7704/37 3532/7695/37
f 3513/7655/38 3514/7658/38 3515/7659/38
f 3516/7662/39 3517/7663/39 3518/7664/39
f 3519/7667/40 3520/7669/40 3521/7671/40
f 3522/7673/41 3523/7676/41 3524/7677/41
f 3525/7680/2230 3526/7682/2230 3527/7686/2230
f 3528/7687/43 3529/7691/43 3530/7692/43
f 3531/7693/44 3532/7694/44 3533/7698/44
f 3534/7701/45 3535/7702/45 3536/7704/45
f 3519/7667/2231 3515/7660/2231 3520/7669/2231
f 3514/7658/2232 3518/7666/2232 3515/7659/2232
f 3517/7663/48 3524/7678/48 3518/7664/48
f 3521/7671/49 3524/7679/49 3523/7675/49
f 3531/7693/1888 3521/7672/1888 3532/7694/1888
f 3534/7701/2233 3523/7676/2233 3522/7673/2233
f 3535/7702/52 3532/7695/52 3536/7704/52
f 3525/7681/53 3533/7698/53 3526/7683/53
f 3528/7687/54 3535/7703/54 3534/7700/54
f 3529/7691/1890 3526/7684/1890 3530/7692/1890
f 3525/7680/56 3514/7658/56 3513/7655/56
f 3528/7688/57 3516/7662/57 3529/7689/57
f 3519/7668/58 3525/7681/58 3513/7656/58
f 3553/7739/2234 3538/7707/2234 3551/7733/2234
f 3557/7748/60 3554/7741/60 3550/7732/60
f 3558/7749/61 3541/7712/61 3552/7737/61
f 3539/7709/62 3548/7729/62 3544/7721/62
f 3545/7723/63 3560/7753/63 3556/7746/63
f 3537/7705/64 3538/7706/64 3539/7710/64
f 3540/7711/65 3541/7714/65 3542/7716/65
f 3543/7717/1893 3544/7719/1893 3545/7723/1893
f 3546/7725/2235 3547/7726/2235 3548/7729/2235
f 3549/7730/68 3550/7732/68 3551/7734/68
f 3552/7736/69 3553/7739/69 3554/7740/69
f 3555/7743/70 3556/7746/70 3557/7747/70
f 3558/7749/71 3559/7750/71 3560/7754/71
f 3537/7705/72 3544/7720/72 3543/7718/72
f 3538/7707/73 3542/7716/73 3539/7708/73
f 3541/7713/74 3548/7729/74 3542/7715/74
f 3545/7722/75 3548/7729/75 3547/7726/75
f 3555/7743/76 3545/7723/76 3556/7746/76
f 3558/7749/77 3547/7728/77 3546/7724/77
f 3559/7752/78 3556/7746/78 3560/7753/78
f 3549/7730/79 3557/7748/79 3550/7732/79
f 3558/7749/80 3554/7742/80 3559/7750/80
f 3553/7738/81 3550/7732/81 3554/7741/81
f 3537/7705/1899 3551/7735/1899 3538/7706/1899
f 3541/7714/83 3553/7739/83 3552/7736/83
f 3543/7718/84 3549/7731/84 3537/7705/84
f 3577/7793/85 3562/7758/85 3575/7789/85
f 3583/7807/86 3574/7786/86 3581/7803/86
f 3582/7805/87 3565/7764/87 3576/7791/87
f 3566/7767/88 3568/7772/88 3563/7759/88
f 3569/7775/89 3584/7810/89 3580/7801/89
f 3561/7756/2236 3562/7757/2236 3563/7761/2236
f 3564/7762/91 3565/7765/91 3566/7767/91
f 3567/7770/92 3568/7771/92 3569/7774/92
f 3570/7778/2237 3571/7779/2237 3572/7781/2237
f 3573/7783/1900 3574/7786/1900 3575/7788/1900
f 3576/7791/95 3577/7792/95 3578/7796/95
f 3579/7798/96 3580/7800/96 3581/7803/96
f 3582/7805/1901 3583/7806/1901 3584/7809/1901
f 3567/7770/98 3563/7761/98 3568/7771/98
f 3562/7758/99 3566/7768/99 3563/7760/99
f 3565/7765/100 3572/7781/100 3566/7767/100
f 3569/7775/101 3572/7782/101 3571/7780/101
f 3567/7769/102 3580/7801/102 3579/7797/102
f 3582/7804/103 3571/7780/103 3570/7776/103
f 3583/7808/104 3580/7801/104 3584/7810/104
f 3573/7783/105 3581/7803/105 3574/7786/105
f 3582/7805/1903 3578/7796/1903 3583/7806/1903
f 3577/7793/2238 3574/7787/2238 3578/7794/2238
f 3573/7784/108 3562/7758/108 3561/7755/108
f 3565/7766/109 3577/7793/109 3576/7790/109
f 3567/7770/110 3573/7785/110 3561/7756/110
f 3601/7845/111 3586/7815/111 3599/7840/111
f 3607/7857/112 3598/7838/112 3605/7853/112
f 3594/7830/113 3600/7842/113 3606/7855/113
f 3587/7816/114 3596/7833/114 3592/7827/114
f 3593/7829/115 3608/7859/115 3604/7850/115
f 3585/7811/116 3586/7813/116 3587/7816/116
f 3588/7818/117 3589/7820/117 3590/7821/117
f 3591/7825/118 3592/7828/118 3593/7829/118
f 3594/7830/2239 3595/7832/2239 3596/7834/2239
f 3597/7836/2240 3598/7837/2240 3599/7841/2240
f 3600/7844/121 3601/7845/121 3602/7846/121
f 3603/7848/1906 3604/7850/1906 3605/7852/1906
f 3606/7856/123 3607/7857/123 3608/7858/123
f 3585/7811/124 3592/7827/124 3591/7824/124
f 3588/7817/2241 3587/7816/2241 3586/7813/2241
f 3594/7830/126 3590/7823/126 3589/7819/126
f 3593/7829/127 3596/7835/127 3595/7831/127
f 3591/7825/128 3604/7850/128 3603/7848/128
f 3606/7855/129 3595/7832/129 3594/7830/129
f 3607/7857/2242 3604/7851/2242 3608/7858/2242
f 3597/7836/131 3605/7854/131 3598/7837/131
f 3606/7856/132 3602/7847/132 3607/7857/132
f 3601/7845/133 3598/7839/133 3602/7846/133
f 3585/7812/134 3599/7841/134 3586/7814/134
f 3600/7844/2243 3588/7818/2243 3601/7845/2243
f 3591/7826/136 3597/7836/136 3585/7812/136
f 3623/7894/137 3612/7868/137 3610/7863/137
f 3629/7905/138 3626/7898/138 3622/7891/138
f 3630/7907/139 3613/7872/139 3624/7895/139
f 3614/7873/140 3616/7875/140 3611/7866/140
f 3617/7877/1909 3632/7912/1909 3628/7902/1909
f 3609/7862/142 3610/7863/142 3611/7865/142
f 3612/7869/2244 3613/7871/2244 3614/7873/2244
f 3615/7874/144 3616/7876/144 3617/7878/144
f 3618/7881/1911 3619/7883/1911 3620/7884/1911
f 3621/7888/146 3622/7890/146 3623/7894/146
f 3624/7895/147 3625/7897/147 3626/7899/147
f 3627/7900/1912 3628/7904/1912 3629/7905/1912
f 3630/7906/149 3631/7908/149 3632/7912/149
f 3615/7874/150 3611/7867/150 3616/7876/150
f 3610/7864/2245 3614/7873/2245 3611/7866/2245
f 3618/7880/152 3614/7873/152 3613/7871/152
f 3617/7878/153 3620/7886/153 3619/7882/153
f 3627/7901/154 3617/7878/154 3628/7903/154
f 3618/7881/155 3632/7912/155 3619/7883/155
f 3631/7910/1915 3628/7904/1915 3632/7911/1915
f 3627/7900/157 3622/7891/157 3621/7887/157
f 3630/7907/158 3626/7899/158 3631/7909/158
f 3623/7893/159 3626/7899/159 3625/7897/159
f 3609/7862/1917 3623/7894/1917 3610/7863/1917
f 3613/7872/161 3625/7897/161 3624/7895/161
f 3615/7874/162 3621/7889/162 3609/7861/162
f 3647/7944/163 3636/7921/163 3634/7916/163
f 3655/7963/2246 3646/7941/2246 3653/7957/2246
f 3642/7934/2247 3648/7946/2247 3654/7961/2247
f 3635/7919/166 3644/7937/166 3640/7930/166
f 3643/7936/167 3652/7956/167 3641/7933/167
f 3633/7914/1918 3634/7915/1918 3635/7919/1918
f 3636/7920/169 3637/7922/169 3638/7926/169
f 3639/7927/170 3640/7930/170 3641/7932/170
f 3642/7934/171 3643/7935/171 3644/7938/171
f 3645/7940/2248 3646/7942/2248 3647/7945/2248
f 3648/7947/173 3649/7949/173 3650/7952/173
f 3651/7954/174 3652/7955/174 3653/7959/174
f 3654/7960/175 3655/7963/175 3656/7964/175
f 3633/7914/176 3640/7930/176 3639/7927/176
f 3634/7916/177 3638/7925/177 3635/7918/177
f 3642/7934/178 3638/7926/178 3637/7922/178
f 3641/7933/179 3644/7939/179 3643/7936/179
f 3639/7928/180 3652/7956/180 3651/7953/180
f 3642/7934/1922 3656/7966/1922 3643/7935/1922
f 3655/7962/182 3652/7956/182 3656/7965/182
f 3651/7954/183 3646/7942/183 3645/7940/183
f 3648/7947/184 3655/7963/184 3654/7960/184
f 3649/7950/185 3646/7943/185 3650/7951/185
f 3645/7940/186 3634/7917/186 3633/7913/186
f 3648/7948/187 3636/7921/187 3649/7950/187
f 3639/7929/188 3645/7940/188 3633/7913/188
f 3673/8000/189 3658/7968/189 3671/7995/189
f 3679/8013/190 3670/7994/190 3677/8010/190
f 3666/7987/191 3672/7998/191 3678/8011/191
f 3662/7978/192 3664/7983/192 3659/7970/192
f 3667/7990/2249 3676/8008/2249 3665/7985/2249
f 3657/7967/194 3658/7969/194 3659/7972/194
f 3660/7973/1925 3661/7976/1925 3662/7977/1925
f 3663/7980/196 3664/7981/196 3665/7985/196
f 3666/7986/197 3667/7988/197 3668/7991/197
f 3669/7992/198 3670/7994/198 3671/7996/198
f 3672/7999/2250 3673/8000/2250 3674/8002/2250
f 3675/8005/200 3676/8008/200 3677/8009/200
f 3678/8011/201 3679/8014/201 3680/8015/201
f 3657/7967/1927 3664/7982/1927 3663/7979/1927
f 3658/7968/203 3662/7977/203 3659/7971/203
f 3666/7986/2251 3662/7978/2251 3661/7974/2251
f 3665/7984/205 3668/7991/205 3667/7988/205
f 3663/7980/206 3676/8008/206 3675/8005/206
f 3666/7987/1929 3680/8015/1929 3667/7989/1929
f 3677/8009/208 3680/8016/208 3679/8012/208
f 3675/8006/209 3670/7994/209 3669/7992/209
f 3672/7998/2252 3679/8014/2252 3678/8011/2252
f 3673/8001/211 3670/7994/211 3674/8003/211
f 3669/7993/212 3658/7969/212 3657/7967/212
f 3672/7999/2253 3660/7973/2253 3673/8000/2253
f 3675/8007/214 3657/7967/214 3663/7979/214
f 3695/8050/2254 3684/8024/2254 3682/8020/2254
f 3703/8068/216 3694/8048/216 3701/8062/216
f 3690/8038/217 3696/8051/217 3702/8065/217
f 3686/8028/218 3688/8033/218 3683/8022/218
f 3691/8040/219 3700/8060/219 3689/8034/219
f 3681/8018/2255 3682/8020/2255 3683/8021/2255
f 3684/8025/221 3685/8027/221 3686/8029/221
f 3687/8031/222 3688/8033/222 3689/8035/222
f 3690/8038/223 3691/8040/223 3692/8041/223
f 3693/8045/2256 3694/8046/2256 3695/8050/2256
f 3696/8052/225 3697/8054/225 3698/8057/225
f 3699/8058/226 3700/8061/226 3701/8063/226
f 3702/8065/227 3703/8066/227 3704/8070/227
f 3687/8031/228 3683/8022/228 3688/8033/228
f 3684/8025/2257 3683/8023/2257 3682/8019/2257
f 3690/8037/1930 3686/8029/1930 3685/8027/1930
f 3689/8035/2258 3692/8043/2258 3691/8039/2258
f 3699/8058/2259 3689/8036/2259 3700/8061/2259
f 3690/8038/233 3704/8070/233 3691/8040/233
f 3703/8067/1931 3700/8061/1931 3704/8069/1931
f 3699/8058/2260 3694/8047/2260 3693/8044/2260
f 3696/8052/2261 3703/8068/2261 3702/8064/2261
f 3695/8049/1932 3698/8057/1932 3697/8054/1932
f 3681/8018/238 3695/8050/238 3682/8020/238
f 3696/8053/239 3684/8025/239 3697/8055/239
f 3699/8059/240 3681/8018/240 3687/8030/240
f 3721/8104/241 3706/8073/241 3719/8099/241
f 3727/8118/242 3718/8098/242 3725/8114/242
f 3726/8115/243 3709/8078/243 3720/8102/243
f 3710/8081/244 3712/8087/244 3707/8074/244
f 3715/8092/245 3724/8112/245 3713/8089/245
f 3705/8071/246 3706/8072/246 3707/8076/246
f 3708/8077/247 3709/8080/247 3710/8082/247
f 3711/8084/2262 3712/8085/2262 3713/8089/2262
f 3714/8091/249 3715/8093/249 3716/8095/249
f 3717/8096/250 3718/8098/250 3719/8100/250
f 3720/8103/2263 3721/8104/2263 3722/8106/2263
f 3723/8109/2264 3724/8112/2264 3725/8113/2264
f 3726/8115/253 3727/8117/253 3728/8119/253
f 3705/8071/1934 3712/8086/1934 3711/8083/1934
f 3706/8073/255 3710/8082/255 3707/8075/255
f 3709/8079/256 3716/8095/256 3710/8081/256
f 3715/8093/2265 3712/8087/2265 3716/8095/2265
f 3711/8084/258 3724/8112/258 3723/8109/258
f 3726/8115/259 3715/8094/259 3714/8090/259
f 3725/8113/2266 3728/8120/2266 3727/8116/2266
f 3723/8110/261 3718/8098/261 3717/8096/261
f 3726/8115/2267 3722/8108/2267 3727/8117/2267
f 3721/8105/263 3718/8098/263 3722/8107/263
f 3705/8071/264 3719/8101/264 3706/8072/264
f 3720/8103/265 3708/8077/265 3721/8104/265
f 3723/8111/266 3705/8071/266 3711/8083/266
f 3743/8149/267 3732/8127/267 3730/8122/267
f 3751/8166/268 3742/8148/268 3749/8164/268
f 3738/8141/269 3744/8153/269 3750/8165/269
f 3731/8124/270 3740/8145/270 3736/8136/270
f 3739/8143/271 3748/8162/271 3737/8139/271
f 3729/8121/272 3730/8123/272 3731/8125/272
f 3732/8127/273 3733/8130/273 3734/8132/273
f 3735/8134/1936 3736/8135/1936 3737/8137/1936
f 3738/8140/275 3739/8144/275 3740/8145/275
f 3741/8146/276 3742/8148/276 3743/8150/276
f 3744/8153/1938 3745/8154/1938 3746/8157/1938
f 3747/8159/2268 3748/8162/2268 3749/8163/2268
f 3750/8165/279 3751/8168/279 3752/8170/279
f 3735/8134/280 3731/8125/280 3736/8135/280
f 3732/8127/281 3731/8126/281 3730/8122/281
f 3733/8129/282 3740/8145/282 3734/8131/282
f 3739/8144/283 3736/8136/283 3740/8145/283
f 3747/8159/284 3737/8139/284 3748/8162/284
f 3738/8141/285 3752/8170/285 3739/8142/285
f 3751/8167/286 3748/8162/286 3752/8169/286
f 3741/8146/287 3749/8164/287 3742/8148/287
f 3744/8153/288 3751/8168/288 3750/8165/288
f 3743/8150/289 3746/8158/289 3745/8155/289
f 3741/8147/290 3730/8123/290 3729/8121/290
f 3733/8130/291 3745/8156/291 3744/8152/291
f 3735/8134/292 3741/8147/292 3729/8121/292
f 3767/8203/293 3756/8179/293 3754/8175/293
f 3775/8220/294 3766/8201/294 3773/8213/294
f 3774/8216/295 3757/8181/295 3768/8204/295
f 3755/8177/296 3764/8195/296 3760/8186/296
f 3761/8187/297 3776/8221/297 3772/8211/297
f 3753/8172/298 3754/8175/298 3755/8176/298
f 3756/8180/299 3757/8181/299 3758/8183/299
f 3759/8184/300 3760/8186/300 3761/8188/300
f 3762/8190/301 3763/8193/301 3764/8194/301
f 3765/8197/302 3766/8199/302 3767/8203/302
f 3768/8205/303 3769/8207/303 3770/8209/303
f 3771/8210/304 3772/8212/304 3773/8214/304
f 3774/8217/305 3775/8218/305 3776/8221/305
f 3759/8184/306 3755/8177/306 3760/8186/306
f 3756/8180/307 3755/8178/307 3754/8174/307
f 3762/8191/308 3758/8183/308 3757/8181/308
f 3763/8192/309 3760/8186/309 3764/8195/309
f 3771/8210/310 3761/8189/310 3772/8212/310
f 3774/8217/311 3763/8193/311 3762/8190/311
f 3773/8214/312 3776/8222/312 3775/8219/312
f 3771/8210/313 3766/8200/313 3765/8198/313
f 3768/8205/314 3775/8220/314 3774/8215/314
f 3769/8207/1944 3766/8201/1944 3770/8209/1944
f 3753/8172/316 3767/8203/316 3754/8175/316
f 3757/8181/317 3769/8208/317 3768/8204/317
f 3771/8210/318 3753/8173/318 3759/8185/318
f 3793/8257/319 3778/8226/319 3791/8252/319
f 3799/8269/320 3790/8250/320 3797/8265/320
f 3786/8242/321 3792/8254/321 3798/8267/321
f 3779/8228/322 3788/8245/322 3784/8239/322
f 3785/8241/323 3800/8270/323 3796/8262/323
f 3777/8224/2269 3778/8225/2269 3779/8228/2269
f 3780/8230/325 3781/8232/325 3782/8233/325
f 3783/8237/326 3784/8240/326 3785/8241/326
f 3786/8242/327 3787/8243/327 3788/8246/327
f 3789/8248/328 3790/8249/328 3791/8253/328
f 3792/8256/329 3793/8257/329 3794/8258/329
f 3795/8260/2270 3796/8262/2270 3797/8264/2270
f 3798/8268/2271 3799/8269/2271 3800/8272/2271
f 3777/8224/332 3784/8239/332 3783/8236/332
f 3780/8229/333 3779/8228/333 3778/8225/333
f 3786/8242/334 3782/8235/334 3781/8231/334
f 3785/8241/335 3788/8247/335 3787/8244/335
f 3795/8260/336 3785/8241/336 3796/8262/336
f 3786/8242/337 3800/8271/337 3787/8243/337
f 3797/8265/338 3800/8272/338 3799/8269/338
f 3789/8248/339 3797/8266/339 3790/8249/339
f 3798/8268/340 3794/8259/340 3799/8269/340
f 3793/8257/341 3790/8251/341 3794/8258/341
f 3789/8248/2272 3778/8227/2272 3777/8223/2272
f 3792/8256/343 3780/8230/343 3793/8257/343
f 3783/8238/344 3789/8248/344 3777/8223/344
f 3815/8304/345 3804/8280/345 3802/8274/345
f 3821/8318/346 3818/8309/346 3814/8301/346
f 3822/8319/347 3805/8281/347 3816/8306/347
f 3806/8284/348 3808/8288/348 3803/8276/348
f 3811/8296/349 3820/8316/349 3809/8291/349
f 3801/8273/350 3802/8275/350 3803/8277/350
f 3804/8279/2273 3805/8282/2273 3806/8284/2273
f 3807/8286/352 3808/8290/352 3809/8291/352
f 3810/8292/1951 3811/8294/1951 3812/8298/1951
f 3813/8299/354 3814/8301/354 3815/8303/354
f 3816/8307/355 3817/8308/355 3818/8311/355
f 3819/8313/2274 3820/8315/2274 3821/8318/2274
f 3822/8319/357 3823/8320/357 3824/8324/357
f 3801/8273/358 3808/8289/358 3807/8287/358
f 3804/8280/359 3803/8278/359 3802/8274/359
f 3805/8282/360 3812/8298/360 3806/8284/360
f 3811/8296/1954 3808/8290/1954 3812/8297/1954
f 3819/8312/362 3809/8291/362 3820/8316/362
f 3810/8293/363 3824/8324/363 3811/8295/363
f 3823/8322/364 3820/8316/364 3824/8323/364
f 3813/8299/365 3821/8318/365 3814/8301/365
f 3822/8319/366 3818/8310/366 3823/8320/366
f 3815/8304/367 3818/8311/367 3817/8308/367
f 3813/8300/368 3802/8275/368 3801/8273/368
f 3816/8307/2275 3804/8280/2275 3817/8308/2275
f 3807/8287/370 3813/8300/370 3801/8273/370
f 3839/8358/371 3828/8332/371 3826/8328/371
f 3845/8371/372 3842/8363/372 3838/8355/372
f 3834/8346/373 3840/8359/373 3846/8372/373
f 3830/8338/374 3832/8341/374 3827/8331/374
f 3833/8343/375 3848/8377/375 3844/8368/375
f 3825/8326/376 3826/8328/376 3827/8329/376
f 3828/8333/377 3829/8335/377 3830/8338/377
f 3831/8340/2276 3832/8342/2276 3833/8344/2276
f 3834/8346/379 3835/8347/379 3836/8349/379
f 3837/8353/1959 3838/8354/1959 3839/8358/1959
f 3840/8360/381 3841/8362/381 3842/8364/381
f 3843/8366/382 3844/8370/382 3845/8371/382
f 3846/8372/2277 3847/8374/2277 3848/8377/2277
f 3831/8340/2278 3827/8330/2278 3832/8342/2278
f 3828/8333/385 3827/8331/385 3826/8327/385
f 3834/8345/386 3830/8338/386 3829/8335/386
f 3835/8348/1962 3832/8342/1962 3836/8350/1962
f 3831/8340/388 3844/8369/388 3843/8365/388
f 3834/8346/389 3848/8377/389 3835/8347/389
f 3845/8371/390 3848/8378/390 3847/8376/390
f 3843/8366/391 3838/8355/391 3837/8352/391
f 3846/8373/392 3842/8364/392 3847/8375/392
f 3841/8362/2279 3838/8356/2279 3842/8364/2279
f 3825/8326/2280 3839/8358/2280 3826/8328/2280
f 3840/8360/395 3828/8334/395 3841/8362/395
f 3843/8367/396 3825/8326/396 3831/8339/396
f 3865/8413/397 3850/8382/397 3863/8409/397
f 3871/8426/398 3862/8407/398 3869/8420/398
f 3870/8423/399 3853/8387/399 3864/8410/399
f 3854/8388/400 3856/8393/400 3851/8383/400
f 3859/8400/401 3868/8419/401 3857/8396/401
f 3849/8379/2281 3850/8382/2281 3851/8384/2281
f 3852/8386/2282 3853/8387/2282 3854/8390/2282
f 3855/8391/404 3856/8393/404 3857/8395/404
f 3858/8399/405 3859/8400/405 3860/8401/405
f 3861/8404/406 3862/8408/406 3863/8409/406
f 3864/8411/407 3865/8412/407 3866/8416/407
f 3867/8417/408 3868/8418/408 3869/8422/408
f 3870/8424/409 3871/8427/409 3872/8428/409
f 3849/8381/410 3856/8393/410 3855/8391/410
f 3852/8385/411 3851/8384/411 3850/8382/411
f 3858/8398/412 3854/8390/412 3853/8387/412
f 3859/8400/2283 3856/8394/2283 3860/8401/2283
f 3855/8392/414 3868/8418/414 3867/8417/414
f 3858/8399/415 3872/8428/415 3859/8400/415
f 3871/8427/2284 3868/8419/2284 3872/8428/2284
f 3861/8405/2285 3869/8422/2285 3862/8406/2285
f 3870/8425/418 3866/8416/418 3871/8426/418
f 3865/8413/2286 3862/8408/2286 3866/8415/2286
f 3861/8404/420 3850/8382/420 3849/8379/420
f 3853/8387/421 3865/8414/421 3864/8410/421
f 3855/8392/422 3861/8405/422 3849/8380/422
f 3889/8464/2287 3874/8430/2287 3887/8458/2287
f 3895/8477/424 3886/8457/424 3893/8475/424
f 3882/8450/425 3888/8462/425 3894/8476/425
f 3878/8441/426 3880/8446/426 3875/8432/426
f 3881/8448/2288 3896/8479/2288 3892/8471/2288
f 3873/8429/1970 3874/8431/1970 3875/8433/1970
f 3876/8435/2289 3877/8438/2289 3878/8439/2289
f 3879/8443/430 3880/8444/430 3881/8448/430
f 3882/8449/431 3883/8451/431 3884/8454/431
f 3885/8455/432 3886/8457/432 3887/8459/432
f 3888/8461/433 3889/8464/433 3890/8465/433
f 3891/8468/2290 3892/8471/2290 3893/8473/2290
f 3894/8476/435 3895/8478/435 3896/8480/435
f 3873/8429/436 3880/8445/436 3879/8442/436
f 3874/8431/437 3878/8440/437 3875/8433/437
f 3882/8449/438 3878/8441/438 3877/8436/438
f 3881/8447/439 3884/8454/439 3883/8451/439
f 3879/8443/440 3892/8471/440 3891/8468/440
f 3882/8450/441 3896/8480/441 3883/8452/441
f 3895/8478/442 3892/8472/442 3896/8480/442
f 3891/8469/443 3886/8457/443 3885/8455/443
f 3888/8462/444 3895/8478/444 3894/8476/444
f 3889/8463/445 3886/8457/445 3890/8466/445
f 3873/8429/446 3887/8460/446 3874/8431/446
f 3877/8438/2291 3889/8464/2291 3888/8461/2291
f 3891/8470/448 3873/8429/448 3879/8442/448
f 3913/8516/449 3898/8484/449 3911/8512/449
f 3919/8529/450 3910/8510/450 3917/8522/450
f 3906/8500/451 3912/8513/451 3918/8525/451
f 3899/8485/452 3908/8505/452 3904/8495/452
f 3907/8502/453 3916/8521/453 3905/8496/453
f 3897/8481/454 3898/8484/454 3899/8486/454
f 3900/8488/1974 3901/8489/1974 3902/8492/1974
f 3903/8493/1975 3904/8495/1975 3905/8497/1975
f 3906/8499/1976 3907/8502/1976 3908/8503/1976
f 3909/8506/1977 3910/8508/1977 3911/8512/1977
f 3912/8514/2292 3913/8515/2292 3914/8518/2292
f 3915/8519/460 3916/8520/460 3917/8524/460
f 3918/8527/461 3919/8528/461 3920/8530/461
f 3897/8483/462 3904/8495/462 3903/8493/462
f 3900/8487/463 3899/8486/463 3898/8484/463
f 3906/8500/464 3902/8492/464 3901/8489/464
f 3905/8497/465 3908/8505/465 3907/8501/465
f 3915/8519/466 3905/8498/466 3916/8520/466
f 3918/8527/467 3907/8502/467 3906/8499/467
f 3919/8528/2293 3916/8521/2293 3920/8530/2293
f 3915/8519/469 3910/8509/469 3909/8507/469
f 3912/8514/470 3919/8529/470 3918/8526/470
f 3911/8511/1979 3914/8518/1979 3913/8515/1979
f 3909/8506/2294 3898/8484/2294 3897/8481/2294
f 3901/8489/473 3913/8517/473 3912/8513/473
f 3903/8494/474 3909/8507/474 3897/8482/474
f 3937/8566/475 3922/8534/475 3935/8564/475
f 3941/8577/476 3938/8568/476 3934/8561/476
f 3930/8552/477 3936/8565/477 3942/8579/477
f 3923/8535/478 3932/8556/478 3928/8546/478
f 3929/8549/479 3944/8584/479 3940/8575/479
f 3921/8531/480 3922/8533/480 3923/8536/480
f 3924/8538/2295 3925/8541/2295 3926/8544/2295
f 3927/8545/2296 3928/8547/2296 3929/8550/2296
f 3930/8553/483 3931/8554/483 3932/8556/483
f 3933/8558/484 3934/8561/484 3935/8563/484
f 3936/8565/485 3937/8567/485 3938/8569/485
f 3939/8571/486 3940/8573/486 3941/8577/486
f 3942/8579/487 3943/8580/487 3944/8583/487
f 3927/8545/488 3923/8536/488 3928/8547/488
f 3924/8539/489 3923/8537/489 3922/8534/489
f 3930/8553/490 3926/8544/490 3925/8541/490
f 3929/8549/491 3932/8557/491 3931/8555/491
f 3927/8545/492 3940/8574/492 3939/8572/492
f 3942/8578/493 3931/8555/493 3930/8551/493
f 3943/8582/494 3940/8575/494 3944/8584/494
f 3933/8558/495 3941/8577/495 3934/8561/495
f 3942/8579/2297 3938/8569/2297 3943/8580/2297
f 3935/8564/497 3938/8570/497 3937/8566/497
f 3921/8532/2298 3935/8564/2298 3922/8534/2298
f 3925/8542/499 3937/8567/499 3936/8565/499
f 3927/8545/500 3933/8560/500 3921/8531/500
f 3961/8618/501 3946/8588/501 3959/8615/501
f 3965/8627/502 3962/8620/502 3958/8613/502
f 3966/8629/503 3949/8596/503 3960/8616/503
f 3950/8597/504 3952/8599/504 3947/8590/504
f 3955/8607/1985 3964/8625/1985 3953/8602/1985
f 3945/8585/506 3946/8588/506 3947/8589/506
f 3948/8593/507 3949/8595/507 3950/8597/507
f 3951/8598/1986 3952/8600/1986 3953/8603/1986
f 3954/8604/509 3955/8607/509 3956/8608/509
f 3957/8611/2299 3958/8614/2299 3959/8615/2299
f 3960/8616/511 3961/8617/511 3962/8621/511
f 3963/8622/512 3964/8626/512 3965/8627/512
f 3966/8628/513 3967/8630/513 3968/8634/513
f 3945/8586/514 3952/8600/514 3951/8598/514
f 3946/8587/515 3950/8597/515 3947/8590/515
f 3949/8595/516 3956/8609/516 3950/8597/516
f 3955/8607/517 3952/8601/517 3956/8608/517
f 3963/8623/2300 3953/8603/2300 3964/8624/2300
f 3966/8628/519 3955/8607/519 3954/8604/519
f 3967/8632/520 3964/8626/520 3968/8633/520
f 3963/8622/521 3958/8613/521 3957/8610/521
f 3966/8629/522 3962/8621/522 3967/8631/522
f 3961/8618/523 3958/8614/523 3962/8619/523
f 3957/8611/524 3946/8588/524 3945/8585/524
f 3960/8616/525 3948/8594/525 3961/8617/525
f 3963/8623/526 3945/8586/526 3951/8598/526
f 3983/8665/527 3972/8642/527 3970/8637/527
f 3989/8678/528 3986/8671/528 3982/8663/528
f 3978/8655/529 3984/8666/529 3990/8679/529
f 3971/8639/2301 3980/8659/2301 3976/8650/2301
f 3977/8651/531 3992/8684/531 3988/8676/531
f 3969/8636/532 3970/8637/532 3971/8638/532
f 3972/8641/2302 3973/8644/2302 3974/8646/2302
f 3975/8648/1994 3976/8649/1994 3977/8653/1994
f 3978/8656/535 3979/8657/535 3980/8659/535
f 3981/8660/536 3982/8663/536 3983/8664/536
f 3984/8666/537 3985/8668/537 3986/8670/537
f 3987/8672/2303 3988/8674/2303 3989/8678/2303
f 3990/8680/2304 3991/8681/2304 3992/8684/2304
f 3969/8635/540 3976/8649/540 3975/8648/540
f 3970/8637/541 3974/8647/541 3971/8638/541
f 3973/8644/2305 3980/8659/2305 3974/8646/2305
f 3979/8657/543 3976/8650/543 3980/8659/543
f 3987/8673/544 3977/8653/544 3988/8675/544
f 3990/8680/545 3979/8658/545 3978/8654/545
f 3989/8677/2306 3992/8684/2306 3991/8681/2306
f 3987/8672/547 3982/8663/547 3981/8660/547
f 3984/8666/548 3991/8683/548 3990/8679/548
f 3983/8664/549 3986/8671/549 3985/8667/549
f 3969/8636/550 3983/8665/550 3970/8637/550
f 3984/8666/551 3972/8643/551 3985/8668/551
f 3975/8648/552 3981/8662/552 3969/8635/552
f 4009/8722/2307 3994/8687/2307 4007/8715/2307
f 4013/8730/554 4010/8724/554 4006/8714/554
f 4002/8706/555 4008/8719/555 4014/8733/555
f 3998/8698/556 4000/8703/556 3995/8691/556
f 4003/8708/557 4012/8727/557 4001/8705/557
f 3993/8686/558 3994/8689/558 3995/8690/558
f 3996/8693/559 3997/8695/559 3998/8696/559
f 3999/8701/560 4000/8702/560 4001/8705/560
f 4002/8706/561 4003/8709/561 4004/8710/561
f 4005/8712/562 4006/8713/562 4007/8717/562
f 4008/8718/563 4009/8722/563 4010/8723/563
f 4011/8725/564 4012/8727/564 4013/8729/564
f 4014/8733/565 4015/8734/565 4016/8737/565
f 3993/8685/566 4000/8703/566 3999/8699/566
f 3994/8688/2308 3998/8698/2308 3995/8691/2308
f 3997/8694/568 4004/8710/568 3998/8697/568
f 4001/8704/569 4004/8711/569 4003/8707/569
f 3999/8701/2003 4012/8727/2003 4011/8725/2003
f 4014/8733/571 4003/8709/571 4002/8706/571
f 4013/8730/572 4016/8738/572 4015/8735/572
f 4005/8712/573 4013/8731/573 4006/8713/573
f 4008/8720/574 4015/8735/574 4014/8732/574
f 4007/8716/575 4010/8724/575 4009/8721/575
f 4005/8712/576 3994/8689/576 3993/8686/576
f 3997/8695/577 4009/8722/577 4008/8718/577
f 4011/8726/578 3993/8686/578 3999/8700/578
f 4033/8774/579 4018/8742/579 4031/8770/579
f 4039/8787/580 4030/8768/580 4037/8780/580
f 4038/8784/581 4021/8747/581 4032/8771/581
f 4019/8743/582 4028/8763/582 4024/8753/582
f 4025/8754/583 4040/8788/583 4036/8779/583
f 4017/8741/584 4018/8742/584 4019/8744/584
f 4020/8746/2309 4021/8747/2309 4022/8748/2309
f 4023/8751/586 4024/8753/586 4025/8755/586
f 4026/8757/2006 4027/8760/2006 4028/8761/2006
f 4029/8764/588 4030/8766/588 4031/8770/588
f 4032/8772/589 4033/8773/589 4034/8776/589
f 4035/8777/590 4036/8778/590 4037/8782/590
f 4038/8785/591 4039/8786/591 4040/8788/591
f 4017/8740/592 4024/8753/592 4023/8751/592
f 4020/8745/593 4019/8744/593 4018/8742/593
f 4021/8747/594 4028/8762/594 4022/8748/594
f 4025/8755/595 4028/8763/595 4027/8759/595
f 4023/8752/596 4036/8778/596 4035/8777/596
f 4038/8785/597 4027/8760/597 4026/8757/597
f 4037/8781/598 4040/8788/598 4039/8786/598
f 4035/8777/599 4030/8767/599 4029/8765/599
f 4032/8772/600 4039/8787/600 4038/8783/600
f 4031/8769/601 4034/8776/601 4033/8773/601
f 4017/8741/602 4031/8770/602 4018/8742/602
f 4021/8747/603 4033/8775/603 4032/8771/603
f 4023/8752/604 4029/8765/604 4017/8739/604
f 4055/8822/605 4044/8796/605 4042/8791/605
f 4063/8837/2310 4054/8818/2310 4061/8834/2310
f 4062/8835/607 4045/8799/607 4056/8823/607
f 4043/8793/608 4052/8813/608 4048/8803/608
f 4051/8812/609 4060/8832/609 4049/8805/609
f 4041/8789/610 4042/8791/610 4043/8792/610
f 4044/8795/611 4045/8798/611 4046/8801/611
f 4047/8802/612 4048/8804/612 4049/8806/612
f 4050/8809/613 4051/8810/613 4052/8813/613
f 4053/8815/2311 4054/8818/2311 4055/8820/2311
f 4056/8823/615 4057/8825/615 4058/8827/615
f 4059/8828/616 4060/8830/616 4061/8834/616
f 4062/8836/617 4063/8838/617 4064/8840/617
f 4041/8790/618 4048/8804/618 4047/8802/618
f 4042/8791/619 4046/8800/619 4043/8792/619
f 4050/8809/620 4046/8801/620 4045/8798/620
f 4049/8806/621 4052/8814/621 4051/8811/621
f 4059/8829/2312 4049/8806/2312 4060/8831/2312
f 4062/8836/623 4051/8812/623 4050/8807/623
f 4063/8838/624 4060/8832/624 4064/8840/624
f 4053/8815/625 4061/8834/625 4054/8818/625
f 4056/8823/2009 4063/8839/2009 4062/8835/2009
f 4057/8825/627 4054/8819/627 4058/8827/627
f 4053/8816/628 4042/8791/628 4041/8789/628
f 4045/8799/629 4057/8825/629 4056/8823/629
f 4059/8829/630 4041/8790/630 4047/8802/630
f 4081/8876/631 4066/8843/631 4079/8872/631
f 4085/8887/632 4082/8879/632 4078/8870/632
f 4074/8861/633 4080/8874/633 4086/8888/633
f 4070/8852/634 4072/8857/634 4067/8844/634
f 4073/8858/635 4088/8892/635 4084/8884/635
f 4065/8841/636 4066/8843/636 4067/8845/636
f 4068/8847/2010 4069/8849/2010 4070/8850/2010
f 4071/8854/2011 4072/8855/2011 4073/8860/2011
f 4074/8862/639 4075/8865/639 4076/8866/639
f 4077/8867/2313 4078/8870/2313 4079/8871/2313
f 4080/8874/2314 4081/8875/2314 4082/8878/2314
f 4083/8882/642 4084/8883/642 4085/8885/642
f 4086/8889/643 4087/8891/643 4088/8892/643
f 4065/8841/2315 4072/8856/2315 4071/8853/2315
f 4066/8843/645 4070/8851/645 4067/8845/645
f 4074/8862/646 4070/8852/646 4069/8848/646
f 4075/8865/2316 4072/8857/2316 4076/8866/2316
f 4083/8882/648 4073/8860/648 4084/8883/648
f 4074/8863/649 4088/8892/649 4075/8864/649
f 4085/8886/2317 4088/8892/2317 4087/8891/2317
f 4083/8881/2014 4078/8870/2014 4077/8867/2014
f 4080/8873/2318 4087/8891/2318 4086/8889/2318
f 4081/8877/2015 4078/8870/2015 4082/8879/2015
f 4077/8868/654 4066/8843/654 4065/8841/654
f 4080/8874/655 4068/8847/655 4081/8875/655
f 4083/8882/656 4065/8842/656 4071/8854/656
f 4103/8925/657 4092/8901/657 4090/8897/657
f 4111/8942/658 4102/8923/658 4109/8935/658
f 4098/8913/659 4104/8927/659 4110/8937/659
f 4094/8904/660 4096/8908/660 4091/8900/660
f 4099/8915/661 4108/8933/661 4097/8909/661
f 4089/8893/662 4090/8897/662 4091/8898/662
f 4092/8902/2016 4093/8903/2016 4094/8905/2016
f 4095/8906/664 4096/8908/664 4097/8910/664
f 4098/8912/2319 4099/8915/2319 4100/8916/2319
f 4101/8919/666 4102/8921/666 4103/8925/666
f 4104/8926/667 4105/8930/667 4106/8931/667
f 4107/8932/2018 4108/8934/2018 4109/8936/2018
f 4110/8939/669 4111/8940/669 4112/8944/669
f 4095/8906/670 4091/8900/670 4096/8908/670
f 4090/8896/671 4094/8905/671 4091/8899/671
f 4098/8913/2019 4094/8905/2019 4093/8903/2019
f 4097/8910/673 4100/8918/673 4099/8914/673
f 4107/8932/674 4097/8911/674 4108/8934/674
f 4110/8939/675 4099/8915/675 4098/8912/675
f 4111/8941/2320 4108/8934/2320 4112/8943/2320
f 4107/8932/677 4102/8922/677 4101/8920/677
f 4104/8926/678 4111/8942/678 4110/8938/678
f 4105/8930/2321 4102/8923/2321 4106/8931/2321
f 4101/8919/680 4090/8897/680 4089/8893/680
f 4104/8927/681 4092/8902/681 4105/8928/681
f 4095/8907/682 4101/8920/682 4089/8894/682
f 4127/8978/683 4116/8952/683 4114/8947/683
f 4135/8995/684 4126/8975/684 4133/8991/684
f 4134/8993/685 4117/8955/685 4128/8979/685
f 4115/8950/686 4124/8971/686 4120/8961/686
f 4123/8968/687 4132/8989/687 4121/8963/687
f 4113/8946/688 4114/8947/688 4115/8949/688
f 4116/8953/2022 4117/8956/2022 4118/8958/2022
f 4119/8960/690 4120/8962/690 4121/8964/690
f 4122/8965/691 4123/8968/691 4124/8969/691
f 4125/8973/692 4126/8974/692 4127/8978/692
f 4128/8980/693 4129/8982/693 4130/8984/693
f 4131/8986/2024 4132/8990/2024 4133/8991/2024
f 4134/8993/695 4135/8994/695 4136/8997/695
f 4119/8960/696 4115/8951/696 4120/8962/696
f 4114/8948/2322 4118/8958/2322 4115/8950/2322
f 4117/8956/698 4124/8971/698 4118/8958/698
f 4123/8967/699 4120/8962/699 4124/8970/699
f 4131/8985/700 4121/8964/700 4132/8988/700
f 4134/8993/701 4123/8968/701 4122/8965/701
f 4133/8991/702 4136/8998/702 4135/8995/702
f 4125/8972/703 4133/8991/703 4126/8975/703
f 4128/8980/704 4135/8996/704 4134/8992/704
f 4129/8982/705 4126/8976/705 4130/8984/705
f 4113/8946/706 4127/8978/706 4114/8947/706
f 4128/8980/707 4116/8954/707 4129/8982/707
f 4131/8987/708 4113/8946/708 4119/8959/708
f 4151/9028/709 4140/9005/709 4138/9000/709
f 4157/9045/710 4154/9037/710 4150/9027/710
f 4158/9046/711 4141/9007/711 4152/9032/711
f 4139/9002/2323 4148/9024/2323 4144/9016/2323
f 4145/9018/713 4160/9049/713 4156/9041/713
f 4137/8999/714 4138/9001/714 4139/9003/714
f 4140/9005/715 4141/9008/715 4142/9009/715
f 4143/9012/2324 4144/9014/2324 4145/9018/2324
f 4146/9020/2325 4147/9021/2325 4148/9024/2325
f 4149/9025/718 4150/9027/718 4151/9029/718
f 4152/9031/2326 4153/9034/2326 4154/9035/2326
f 4155/9038/720 4156/9041/720 4157/9043/720
f 4158/9046/721 4159/9047/721 4160/9050/721
f 4137/8999/722 4144/9015/722 4143/9013/722
f 4138/9001/723 4142/9010/723 4139/9003/723
f 4146/9020/724 4142/9011/724 4141/9006/724
f 4145/9017/725 4148/9024/725 4147/9021/725
f 4143/9012/726 4156/9041/726 4155/9038/726
f 4158/9046/727 4147/9023/727 4146/9019/727
f 4157/9044/728 4160/9050/728 4159/9047/728
f 4155/9039/729 4150/9027/729 4149/9025/729
f 4158/9046/730 4154/9036/730 4159/9047/730
f 4151/9029/731 4154/9037/731 4153/9033/731
f 4149/9026/732 4138/9001/732 4137/8999/732
f 4141/9008/733 4153/9034/733 4152/9031/733
f 4143/9013/734 4149/9026/734 4137/8999/734
f 4177/9089/735 4162/9053/735 4175/9084/735
f 4183/9102/736 4174/9082/736 4181/9096/736
f 4170/9071/737 4176/9085/737 4182/9099/737
f 4163/9057/738 4172/9076/738 4168/9067/738
f 4171/9074/739 4180/9094/739 4169/9068/739
f 4161/9052/740 4162/9053/740 4163/9055/740
f 4164/9059/741 4165/9061/741 4166/9063/741
f 4167/9065/742 4168/9067/742 4169/9069/742
f 4170/9071/743 4171/9074/743 4172/9075/743
f 4173/9079/744 4174/9080/744 4175/9084/744
f 4176/9086/745 4177/9090/745 4178/9091/745
f 4179/9092/746 4180/9095/746 4181/9097/746
f 4182/9099/747 4183/9100/747 4184/9104/747
f 4167/9065/748 4163/9057/748 4168/9067/748
f 4162/9054/749 4166/9063/749 4163/9056/749
f 4165/9061/2028 4172/9077/2028 4166/9063/2028
f 4171/9073/751 4168/9067/751 4172/9076/751
f 4179/9092/752 4169/9070/752 4180/9095/752
f 4182/9099/753 4171/9074/753 4170/9071/753
f 4183/9101/754 4180/9095/754 4184/9103/754
f 4179/9092/2029 4174/9081/2029 4173/9078/2029
f 4176/9086/756 4183/9102/756 4182/9098/756
f 4177/9090/757 4174/9082/757 4178/9091/757
f 4161/9052/2327 4175/9084/2327 4162/9053/2327
f 4176/9087/759 4164/9059/759 4177/9088/759
f 4179/9093/760 4161/9052/760 4167/9064/760
f 4199/9136/761 4188/9112/761 4186/9109/761
f 4207/9154/762 4198/9134/762 4205/9148/762
f 4194/9126/763 4200/9138/763 4206/9150/763
f 4187/9111/764 4196/9128/764 4192/9120/764
f 4195/9127/765 4204/9146/765 4193/9123/765
f 4185/9105/766 4186/9109/766 4187/9110/766
f 4188/9114/767 4189/9115/767 4190/9117/767
f 4191/9118/768 4192/9120/768 4193/9122/768
f 4194/9125/769 4195/9127/769 4196/9130/769
f 4197/9131/770 4198/9135/770 4199/9136/770
f 4200/9137/771 4201/9139/771 4202/9142/771
f 4203/9144/772 4204/9145/772 4205/9149/772
f 4206/9152/2328 4207/9153/2328 4208/9155/2328
f 4185/9106/2329 4192/9120/2329 4191/9118/2329
f 4186/9108/775 4190/9116/775 4187/9111/775
f 4194/9126/2330 4190/9117/2330 4189/9115/2330
f 4193/9123/777 4196/9130/777 4195/9127/777
f 4203/9144/778 4193/9124/778 4204/9145/778
f 4206/9152/779 4195/9127/779 4194/9125/779
f 4205/9148/780 4208/9156/780 4207/9154/780
f 4197/9132/781 4205/9149/781 4198/9133/781
f 4200/9137/2331 4207/9154/2331 4206/9151/2331
f 4199/9136/2332 4202/9143/2332 4201/9141/2332
f 4197/9131/784 4186/9109/784 4185/9105/784
f 4200/9138/785 4188/9114/785 4201/9140/785
f 4203/9144/786 4185/9107/786 4191/9119/786
f 4225/9193/787 4210/9160/787 4223/9189/787
f 4229/9199/788 4226/9195/788 4222/9187/788
f 4218/9177/789 4224/9190/789 4230/9201/789
f 4214/9168/790 4216/9172/790 4211/9164/790
f 4217/9173/791 4232/9207/791 4228/9197/791
f 4209/9159/2333 4210/9160/2333 4211/9162/2333
f 4212/9166/2334 4213/9167/2334 4214/9169/2334
f 4215/9170/794 4216/9172/794 4217/9174/794
f 4218/9176/795 4219/9179/795 4220/9180/795
f 4221/9183/796 4222/9185/796 4223/9189/796
f 4224/9191/797 4225/9192/797 4226/9195/797
f 4227/9196/798 4228/9198/798 4229/9200/798
f 4230/9202/799 4231/9204/799 4232/9207/799
f 4209/9158/2335 4216/9172/2335 4215/9170/2335
f 4210/9161/801 4214/9169/801 4211/9163/801
f 4218/9177/2336 4214/9169/2336 4213/9167/2336
f 4219/9178/803 4216/9172/803 4220/9181/803
f 4215/9171/804 4228/9198/804 4227/9196/804
f 4230/9202/805 4219/9179/805 4218/9176/805
f 4229/9200/806 4232/9208/806 4231/9205/806
f 4221/9184/807 4229/9200/807 4222/9186/807
f 4230/9203/808 4226/9195/808 4231/9206/808
f 4223/9188/809 4226/9195/809 4225/9192/809
f 4209/9159/810 4223/9189/810 4210/9160/810
f 4213/9167/2337 4225/9194/2337 4224/9190/2337
f 4215/9171/812 4221/9184/812 4209/9157/812
f 4249/9248/813 4234/9211/813 4247/9242/813
f 4253/9254/814 4250/9249/814 4246/9240/814
f 4254/9256/815 4237/9218/815 4248/9243/815
f 4238/9220/816 4240/9225/816 4235/9215/816
f 4243/9232/817 4252/9252/817 4241/9226/817
f 4233/9210/818 4234/9211/818 4235/9213/818
f 4236/9217/2338 4237/9219/2338 4238/9221/2338
f 4239/9223/820 4240/9225/820 4241/9227/820
f 4242/9229/821 4243/9232/821 4244/9233/821
f 4245/9237/2041 4246/9238/2041 4247/9242/2041
f 4248/9244/823 4249/9246/823 4250/9249/823
f 4251/9250/824 4252/9253/824 4253/9255/824
f 4254/9256/825 4255/9258/825 4256/9262/825
f 4239/9223/826 4235/9215/826 4240/9225/826
f 4234/9212/827 4238/9221/827 4235/9214/827
f 4237/9219/828 4244/9235/828 4238/9221/828
f 4243/9231/2339 4240/9225/2339 4244/9234/2339
f 4239/9224/830 4252/9253/830 4251/9250/830
f 4254/9256/831 4243/9232/831 4242/9229/831
f 4255/9260/2045 4252/9253/2045 4256/9261/2045
f 4245/9236/2046 4253/9255/2046 4246/9239/2046
f 4254/9257/834 4250/9249/834 4255/9259/834
f 4247/9241/2047 4250/9249/2047 4249/9246/2047
f 4233/9210/836 4247/9242/836 4234/9211/836
f 4248/9245/837 4236/9217/837 4249/9247/837
f 4251/9251/838 4233/9210/838 4239/9222/838
f 4271/9295/839 4260/9270/839 4258/9265/839
f 4279/9312/840 4270/9292/840 4277/9308/840
f 4278/9310/841 4261/9273/841 4272/9296/841
f 4259/9266/842 4268/9287/842 4264/9277/842
f 4267/9286/843 4276/9306/843 4265/9280/843
f 4257/9263/844 4258/9265/844 4259/9268/844
f 4260/9269/845 4261/9272/845 4262/9274/845
f 4263/9276/846 4264/9278/846 4265/9281/846
f 4266/9284/847 4267/9285/847 4268/9287/847
f 4269/9289/848 4270/9292/848 4271/9294/848
f 4272/9296/2049 4273/9298/2049 4274/9300/2049
f 4275/9302/850 4276/9304/850 4277/9308/850
f 4278/9309/851 4279/9313/851 4280/9314/851
f 4257/9264/852 4264/9278/852 4263/9276/852
f 4260/9270/853 4259/9268/853 4258/9265/853
f 4261/9272/854 4268/9287/854 4262/9274/854
f 4265/9280/855 4268/9288/855 4267/9286/855
f 4275/9303/2050 4265/9281/2050 4276/9305/2050
f 4278/9309/857 4267/9286/857 4266/9282/857
f 4279/9313/2340 4276/9306/2340 4280/9314/2340
f 4269/9289/859 4277/9308/859 4270/9292/859
f 4278/9310/860 4274/9300/860 4279/9311/860
f 4271/9295/861 4274/9301/861 4273/9297/861
f 4269/9290/862 4258/9265/862 4257/9263/862
f 4261/9273/863 4273/9298/863 4272/9296/863
f 4275/9303/864 4257/9264/864 4263/9276/864
f 4295/9344/865 4284/9321/865 4282/9316/865
f 4303/9363/866 4294/9343/866 4301/9361/866
f 4290/9336/867 4296/9348/867 4302/9362/867
f 4283/9318/868 4292/9340/868 4288/9332/868
f 4289/9334/869 4304/9365/869 4300/9357/869
f 4281/9315/2051 4282/9317/2051 4283/9319/2051
f 4284/9321/871 4285/9324/871 4286/9325/871
f 4287/9329/872 4288/9330/872 4289/9334/872
f 4290/9335/873 4291/9337/873 4292/9340/873
f 4293/9341/2341 4294/9343/2341 4295/9345/2341
f 4296/9347/875 4297/9350/875 4298/9351/875
f 4299/9354/876 4300/9357/876 4301/9359/876
f 4302/9362/2342 4303/9364/2342 4304/9366/2342
f 4287/9328/878 4283/9319/878 4288/9331/878
f 4282/9317/879 4286/9327/879 4283/9319/879
f 4285/9323/880 4292/9340/880 4286/9326/880
f 4289/9333/881 4292/9340/881 4291/9337/881
f 4299/9354/882 4289/9334/882 4300/9357/882
f 4290/9336/883 4304/9366/883 4291/9338/883
f 4303/9364/884 4300/9358/884 4304/9366/884
f 4299/9355/885 4294/9343/885 4293/9341/885
f 4296/9348/886 4303/9364/886 4302/9362/886
f 4297/9349/887 4294/9343/887 4298/9352/887
f 4293/9342/888 4282/9317/888 4281/9315/888
f 4285/9324/889 4297/9350/889 4296/9347/889
f 4299/9356/890 4281/9315/890 4287/9328/890
f 4321/9405/891 4306/9369/891 4319/9398/891
f 4327/9416/892 4318/9397/892 4325/9410/892
f 4326/9412/893 4309/9375/893 4320/9401/893
f 4307/9372/894 4316/9391/894 4312/9382/894
f 4313/9384/895 4328/9418/895 4324/9409/895
f 4305/9368/2343 4306/9370/2343 4307/9371/2343
f 4308/9374/2052 4309/9376/2052 4310/9378/2052
f 4311/9380/2344 4312/9382/2344 4313/9383/2344
f 4314/9386/899 4315/9387/899 4316/9390/899
f 4317/9394/900 4318/9395/900 4319/9400/900
f 4320/9403/2053 4321/9404/2053 4322/9406/2053
f 4323/9407/902 4324/9409/902 4325/9411/902
f 4326/9412/903 4327/9414/903 4328/9417/903
f 4311/9380/904 4307/9372/904 4312/9382/904
f 4308/9374/905 4307/9373/905 4306/9369/905
f 4309/9376/906 4316/9392/906 4310/9378/906
f 4315/9389/907 4312/9382/907 4316/9391/907
f 4323/9407/908 4313/9384/908 4324/9409/908
f 4314/9386/909 4328/9417/909 4315/9387/909
f 4325/9411/910 4328/9418/910 4327/9415/910
f 4323/9407/911 4318/9396/911 4317/9393/911
f 4326/9413/912 4322/9406/912 4327/9416/912
f 4321/9404/913 4318/9397/913 4322/9406/913
f 4317/9394/914 4306/9370/914 4305/9368/914
f 4309/9376/915 4321/9405/915 4320/9402/915
f 4323/9408/916 4305/9368/916 4311/9379/916
f 4343/9449/917 4332/9426/917 4330/9422/917
f 4351/9465/918 4342/9447/918 4349/9461/918
f 4338/9438/919 4344/9450/919 4350/9462/919
f 4334/9431/920 4336/9433/920 4331/9424/920
f 4339/9441/921 4348/9459/921 4337/9436/921
f 4329/9419/922 4330/9422/922 4331/9423/922
f 4332/9427/2345 4333/9429/2345 4334/9431/2345
f 4335/9432/2346 4336/9434/2346 4337/9437/2346
f 4338/9440/925 4339/9441/925 4340/9443/925
f 4341/9445/926 4342/9448/926 4343/9449/926
f 4344/9450/927 4345/9451/927 4346/9455/927
f 4347/9456/2056 4348/9460/2056 4349/9461/2056
f 4350/9463/2057 4351/9464/2057 4352/9468/2057
f 4329/9420/930 4336/9434/930 4335/9432/930
f 4330/9421/931 4334/9431/931 4331/9424/931
f 4338/9439/932 4334/9431/932 4333/9429/932
f 4337/9436/933 4340/9443/933 4339/9441/933
f 4347/9457/2347 4337/9437/2347 4348/9458/2347
f 4338/9440/935 4352/9468/935 4339/9441/935
f 4351/9465/2059 4348/9460/2059 4352/9467/2059
f 4347/9456/937 4342/9447/937 4341/9444/937
f 4344/9450/938 4351/9466/938 4350/9462/938
f 4345/9452/939 4342/9448/939 4346/9453/939
f 4341/9445/940 4330/9422/940 4329/9419/940
f 4344/9450/2060 4332/9428/2060 4345/9451/2060
f 4347/9457/942 4329/9420/942 4335/9432/942
f 4367/9501/943 4356/9476/943 4354/9471/943
f 4373/9518/944 4370/9510/944 4366/9500/944
f 4374/9519/2061 4357/9477/2061 4368/9504/2061
f 4358/9481/946 4360/9487/946 4355/9473/946
f 4363/9492/947 4372/9514/947 4361/9489/947
f 4353/9469/2062 4354/9472/2062 4355/9474/2062
f 4356/9476/2348 4357/9479/2348 4358/9480/2348
f 4359/9484/950 4360/9486/950 4361/9489/950
f 4362/9490/951 4363/9494/951 4364/9495/951
f 4365/9498/952 4366/9499/952 4367/9503/952
f 4368/9506/953 4369/9508/953 4370/9509/953
f 4371/9511/954 4372/9514/954 4373/9516/954
f 4374/9519/955 4375/9522/955 4376/9524/955
f 4353/9470/956 4360/9487/956 4359/9483/956
f 4356/9475/957 4355/9474/957 4354/9472/957
f 4357/9478/958 4364/9496/958 4358/9481/958
f 4363/9493/959 4360/9487/959 4364/9496/959
f 4371/9511/960 4361/9489/960 4372/9514/960
f 4374/9519/961 4363/9494/961 4362/9490/961
f 4375/9522/962 4372/9515/962 4376/9524/962
f 4371/9512/963 4366/9500/963 4365/9497/963
f 4374/9520/964 4370/9510/964 4375/9521/964
f 4367/9502/965 4370/9510/965 4369/9507/965
f 4365/9498/966 4354/9472/966 4353/9469/966
f 4368/9506/967 4356/9476/967 4369/9508/967
f 4359/9485/2065 4365/9498/2065 4353/9469/2065
f 4391/9558/969 4380/9532/969 4378/9528/969
f 4397/9570/970 4394/9565/970 4390/9556/970
f 4398/9572/971 4381/9534/971 4392/9559/971
f 4382/9536/972 4384/9541/972 4379/9531/972
f 4387/9548/973 4396/9568/973 4385/9542/973
f 4377/9526/974 4378/9528/974 4379/9529/974
f 4380/9533/975 4381/9535/975 4382/9537/975
f 4383/9539/976 4384/9541/976 4385/9543/976
f 4386/9545/2349 4387/9548/2349 4388/9549/2349
f 4389/9553/978 4390/9554/978 4391/9558/978
f 4392/9561/979 4393/9562/979 4394/9565/979
f 4395/9566/980 4396/9569/980 4397/9571/980
f 4398/9572/981 4399/9574/981 4400/9578/981
f 4383/9539/2350 4379/9531/2350 4384/9541/2350
f 4378/9527/983 4382/9537/983 4379/9530/983
f 4381/9535/984 4388/9551/984 4382/9537/984
f 4387/9547/985 4384/9541/985 4388/9550/985
f 4395/9566/2067 4385/9544/2067 4396/9569/2067
f 4398/9572/987 4387/9548/987 4386/9545/987
f 4399/9576/988 4396/9569/988 4400/9577/988
f 4389/9552/989 4397/9571/989 4390/9555/989
f 4398/9573/990 4394/9565/990 4399/9575/990
f 4391/9557/991 4394/9565/991 4393/9562/991
f 4389/9553/992 4378/9528/992 4377/9526/992
f 4381/9535/993 4393/9564/993 4392/9560/993
f 4395/9567/994 4377/9526/994 4383/9538/994
f 4417/9613/995 4402/9580/995 4415/9607/995
f 4421/9622/996 4418/9615/996 4414/9606/996
f 4410/9598/997 4416/9611/997 4422/9623/997
f 4406/9590/998 4408/9595/998 4403/9582/998
f 4409/9597/999 4424/9628/999 4420/9620/999
f 4401/9579/2351 4402/9581/2351 4403/9584/2351
f 4404/9585/1001 4405/9588/1001 4406/9589/1001
f 4407/9591/2070 4408/9593/2070 4409/9597/2070
f 4410/9599/1003 4411/9600/1003 4412/9603/1003
f 4413/9604/1004 4414/9606/1004 4415/9608/1004
f 4416/9610/1005 4417/9613/1005 4418/9614/1005
f 4419/9617/1006 4420/9620/1006 4421/9621/1006
f 4422/9623/2352 4423/9626/2352 4424/9627/2352
f 4407/9592/1008 4403/9584/1008 4408/9594/1008
f 4402/9580/1009 4406/9589/1009 4403/9583/1009
f 4410/9599/1010 4406/9590/1010 4405/9586/1010
f 4409/9596/1011 4412/9603/1011 4411/9600/1011
f 4407/9591/1012 4420/9620/1012 4419/9617/1012
f 4422/9623/2353 4411/9602/2353 4410/9598/2353
f 4421/9621/2354 4424/9628/2354 4423/9624/2354
f 4419/9618/1015 4414/9606/1015 4413/9604/1015
f 4416/9611/1016 4423/9626/1016 4422/9623/1016
f 4417/9612/2355 4414/9606/2355 4418/9615/2355
f 4413/9605/1018 4402/9581/1018 4401/9579/1018
f 4405/9588/1019 4417/9613/1019 4416/9610/1019
f 4407/9592/2356 4413/9605/2356 4401/9579/2356
f 4439/9663/1021 4428/9636/1021 4426/9631/1021
f 4445/9676/1022 4442/9670/1022 4438/9659/1022
f 4446/9679/1023 4429/9637/1023 4440/9665/1023
f 4427/9633/1024 4436/9654/1024 4432/9645/1024
f 4435/9652/1025 4444/9675/1025 4433/9648/1025
f 4425/9630/1026 4426/9632/1026 4427/9633/1026
f 4428/9635/2357 4429/9637/2357 4430/9639/2357
f 4431/9642/1028 4432/9645/1028 4433/9647/1028
f 4434/9650/1029 4435/9651/1029 4436/9655/1029
f 4437/9658/2079 4438/9660/2079 4439/9662/2079
f 4440/9666/1031 4441/9668/1031 4442/9670/1031
f 4443/9673/2358 4444/9674/2358 4445/9678/2358
f 4446/9680/1033 4447/9681/1033 4448/9684/1033
f 4425/9630/1034 4432/9645/1034 4431/9642/1034
f 4428/9636/1035 4427/9634/1035 4426/9631/1035
f 4429/9637/2359 4436/9655/2359 4430/9639/2359
f 4433/9648/1037 4436/9656/1037 4435/9652/1037
f 4431/9643/1038 4444/9675/1038 4443/9672/1038
f 4446/9680/1039 4435/9653/1039 4434/9649/1039
f 4447/9682/1040 4444/9675/1040 4448/9683/1040
f 4443/9673/1041 4438/9660/1041 4437/9658/1041
f 4446/9680/1042 4442/9670/1042 4447/9681/1042
f 4439/9663/1043 4442/9671/1043 4441/9669/1043
f 4437/9657/1044 4426/9632/1044 4425/9630/1044
f 4440/9667/1045 4428/9636/1045 4441/9669/1045
f 4431/9644/1046 4437/9658/1046 4425/9629/1046
f 4463/9714/1047 4452/9691/1047 4450/9686/1047
f 4469/9731/1048 4466/9723/1048 4462/9713/1048
f 4458/9705/1049 4464/9717/1049 4470/9732/1049
f 4454/9697/1050 4456/9702/1050 4451/9688/1050
f 4459/9707/1051 4468/9727/1051 4457/9704/1051
f 4449/9685/1052 4450/9687/1052 4451/9689/1052
f 4452/9691/2360 4453/9694/2360 4454/9695/2360
f 4455/9698/1054 4456/9700/1054 4457/9704/1054
f 4458/9706/1055 4459/9708/1055 4460/9710/1055
f 4461/9711/1056 4462/9713/1056 4463/9715/1056
f 4464/9718/1057 4465/9720/1057 4466/9721/1057
f 4467/9724/1058 4468/9727/1058 4469/9729/1058
f 4470/9732/1059 4471/9734/1059 4472/9736/1059
f 4455/9699/1060 4451/9689/1060 4456/9701/1060
f 4452/9690/1061 4451/9689/1061 4450/9687/1061
f 4458/9706/1062 4454/9697/1062 4453/9692/1062
f 4459/9708/1063 4456/9702/1063 4460/9710/1063
f 4467/9724/1064 4457/9704/1064 4468/9727/1064
f 4470/9732/1065 4459/9709/1065 4458/9705/1065
f 4471/9734/1066 4468/9728/1066 4472/9736/1066
f 4461/9711/1067 4469/9731/1067 4462/9713/1067
f 4470/9732/1068 4466/9722/1068 4471/9734/1068
f 4463/9715/1069 4466/9723/1069 4465/9719/1069
f 4449/9685/1070 4463/9716/1070 4450/9687/1070
f 4464/9718/1071 4452/9691/1071 4465/9720/1071
f 4455/9699/1072 4461/9712/1072 4449/9685/1072
f 4487/9769/1073 4476/9745/1073 4474/9741/1073
f 4493/9779/1074 4490/9775/1074 4486/9767/1074
f 4482/9756/1075 4488/9771/1075 4494/9781/1075
f 4478/9748/1076 4480/9752/1076 4475/9743/1076
f 4481/9753/1077 4496/9787/1077 4492/9777/1077
f 4473/9739/1078 4474/9741/1078 4475/9742/1078
f 4476/9746/1079 4477/9747/1079 4478/9749/1079
f 4479/9750/1080 4480/9752/1080 4481/9754/1080
f 4482/9757/1081 4483/9759/1081 4484/9760/1081
f 4485/9763/1082 4486/9765/1082 4487/9769/1082
f 4488/9770/1083 4489/9772/1083 4490/9775/1083
f 4491/9776/1084 4492/9778/1084 4493/9780/1084
f 4494/9782/1085 4495/9784/1085 4496/9787/1085
f 4479/9750/1086 4475/9743/1086 4480/9752/1086
f 4476/9746/1087 4475/9744/1087 4474/9740/1087
f 4477/9747/1088 4484/9761/1088 4478/9749/1088
f 4481/9754/1089 4484/9762/1089 4483/9758/1089
f 4491/9776/1090 4481/9755/1090 4492/9778/1090
f 4482/9757/1091 4496/9787/1091 4483/9759/1091
f 4493/9780/1092 4496/9788/1092 4495/9785/1092
f 4491/9776/1093 4486/9766/1093 4485/9764/1093
f 4494/9783/1094 4490/9775/1094 4495/9786/1094
f 4487/9768/1095 4490/9775/1095 4489/9772/1095
f 4473/9739/1096 4487/9769/1096 4474/9741/1096
f 4488/9771/1097 4476/9746/1097 4489/9773/1097
f 4479/9751/1098 4485/9764/1098 4473/9737/1098
f 4511/9823/1099 4500/9797/1099 4498/9792/1099
f 4517/9837/1100 4514/9828/1100 4510/9820/1100
f 4518/9838/2361 4501/9798/2361 4512/9825/2361
f 4499/9793/1102 4508/9816/1102 4504/9805/1102
f 4505/9809/1103 4520/9844/1103 4516/9835/1103
f 4497/9790/1104 4498/9791/1104 4499/9794/1104
f 4500/9796/1105 4501/9799/1105 4502/9801/1105
f 4503/9803/1106 4504/9806/1106 4505/9808/1106
f 4506/9811/1107 4507/9813/1107 4508/9816/1107
f 4509/9817/1108 4510/9820/1108 4511/9822/1108
f 4512/9825/1109 4513/9826/1109 4514/9829/1109
f 4515/9832/1110 4516/9834/1110 4517/9837/1110
f 4518/9838/1111 4519/9842/1111 4520/9843/1111
f 4497/9790/1112 4504/9806/1112 4503/9803/1112
f 4500/9797/2085 4499/9795/2085 4498/9792/2085
f 4501/9799/2086 4508/9816/2086 4502/9801/2086
f 4507/9814/1115 4504/9807/1115 4508/9815/1115
f 4503/9804/1116 4516/9835/1116 4515/9831/1116
f 4506/9812/2362 4520/9844/2362 4507/9814/2362
f 4517/9836/1118 4520/9844/1118 4519/9840/1118
f 4509/9817/1119 4517/9837/1119 4510/9820/1119
f 4512/9825/1120 4519/9842/1120 4518/9838/1120
f 4511/9823/1121 4514/9830/1121 4513/9827/1121
f 4509/9818/2363 4498/9792/2363 4497/9789/2363
f 4501/9800/1123 4513/9827/1123 4512/9824/1123
f 4515/9833/1124 4497/9790/1124 4503/9803/1124
f 4537/9880/1125 4522/9849/1125 4535/9876/1125
f 4541/9890/1126 4538/9884/1126 4534/9874/1126
f 4542/9892/1127 4525/9855/1127 4536/9879/1127
f 4526/9857/2364 4528/9862/2364 4523/9851/2364
f 4529/9865/1129 4544/9897/1129 4540/9887/1129
f 4521/9847/1130 4522/9848/1130 4523/9851/1130
f 4524/9853/1131 4525/9855/1131 4526/9856/1131
f 4527/9860/2365 4528/9861/2365 4529/9865/2365
f 4530/9867/1133 4531/9869/1133 4532/9871/1133
f 4533/9872/1134 4534/9875/1134 4535/9877/1134
f 4536/9879/1135 4537/9880/1135 4538/9882/1135
f 4539/9886/1136 4540/9887/1136 4541/9889/1136
f 4542/9894/1137 4543/9895/1137 4544/9896/1137
f 4527/9859/1138 4523/9851/1138 4528/9862/1138
f 4524/9852/1139 4523/9851/1139 4522/9848/1139
f 4530/9867/1140 4526/9858/1140 4525/9854/1140
f 4531/9869/2091 4528/9863/2091 4532/9871/2091
f 4527/9860/2092 4540/9887/2092 4539/9886/2092
f 4530/9867/2366 4544/9898/2366 4531/9869/2366
f 4543/9895/1144 4540/9888/1144 4544/9896/1144
f 4539/9885/1145 4534/9875/1145 4533/9872/1145
f 4542/9894/1146 4538/9884/1146 4543/9895/1146
f 4537/9881/2367 4534/9875/2367 4538/9883/2367
f 4533/9872/1148 4522/9850/1148 4521/9845/1148
f 4536/9879/2095 4524/9853/2095 4537/9880/2095
f 4527/9860/1150 4533/9873/1150 4521/9846/1150
f 4559/9929/1151 4548/9906/1151 4546/9901/1151
f 4565/9945/1152 4562/9937/1152 4558/9928/1152
f 4566/9946/1153 4549/9907/1153 4560/9931/1153
f 4550/9912/1154 4552/9916/1154 4547/9904/1154
f 4553/9919/1155 4568/9950/1155 4564/9941/1155
f 4545/9900/1156 4546/9902/1156 4547/9904/1156
f 4548/9906/1157 4549/9909/1157 4550/9910/1157
f 4551/9913/1158 4552/9915/1158 4553/9919/1158
f 4554/9921/1159 4555/9923/1159 4556/9925/1159
f 4557/9926/1160 4558/9928/1160 4559/9930/1160
f 4560/9932/1161 4561/9934/1161 4562/9935/1161
f 4563/9938/1162 4564/9941/1162 4565/9943/1162
f 4566/9946/1163 4567/9949/1163 4568/9952/1163
f 4545/9900/1164 4552/9916/1164 4551/9914/1164
f 4546/9902/2368 4550/9912/2368 4547/9904/2368
f 4549/9908/1166 4556/9925/1166 4550/9911/1166
f 4553/9918/1167 4556/9925/1167 4555/9923/1167
f 4551/9913/1168 4564/9941/1168 4563/9938/1168
f 4566/9947/1169 4555/9923/1169 4554/9921/1169
f 4565/9944/1170 4568/9952/1170 4567/9949/1170
f 4557/9926/1171 4565/9945/1171 4558/9928/1171
f 4560/9931/1172 4567/9949/1172 4566/9946/1172
f 4559/9930/1173 4562/9937/1173 4561/9933/1173
f 4557/9926/1174 4546/9903/1174 4545/9899/1174
f 4560/9932/1175 4548/9906/1175 4561/9934/1175
f 4551/9914/1176 4557/9927/1176 4545/9900/1176
f 4585/9990/1177 4570/9955/1177 4583/9984/1177
f 4589/10000/1178 4586/9992/1178 4582/9983/1178
f 4590/10001/1179 4573/9962/1179 4584/9987/1179
f 4574/9964/1180 4576/9970/1180 4571/9957/1180
f 4577/9972/1181 4592/10005/1181 4588/9996/1181
f 4569/9953/1182 4570/9956/1182 4571/9958/1182
f 4572/9960/1183 4573/9962/1183 4574/9963/1183
f 4575/9967/1184 4576/9968/1184 4577/9972/1184
f 4578/9975/1185 4579/9977/1185 4580/9979/1185
f 4581/9980/1186 4582/9983/1186 4583/9985/1186
f 4584/9987/1187 4585/9990/1187 4586/9991/1187
f 4587/9995/2369 4588/9996/2369 4589/9998/2369
f 4590/10002/1189 4591/10003/1189 4592/10006/1189
f 4569/9953/1190 4576/9969/1190 4575/9966/1190
f 4572/9959/2104 4571/9958/2104 4570/9956/2104
f 4573/9961/2370 4580/9979/2370 4574/9964/2370
f 4579/9977/1193 4576/9970/1193 4580/9979/1193
f 4575/9967/1194 4588/9996/1194 4587/9995/1194
f 4590/10002/1195 4579/9978/1195 4578/9973/1195
f 4589/9999/1196 4592/10006/1196 4591/10003/1196
f 4581/9980/2106 4589/10000/2106 4582/9983/2106
f 4590/10002/1198 4586/9993/1198 4591/10003/1198
f 4585/9989/1199 4582/9983/1199 4586/9992/1199
f 4581/9981/1200 4570/9956/1200 4569/9953/1200
f 4573/9962/1201 4585/9990/1201 4584/9987/1201
f 4587/9995/1202 4569/9954/1202 4575/9967/1202
f 4609/10045/1203 4594/10010/1203 4607/10038/1203
f 4615/10056/1204 4606/10037/1204 4613/10050/1204
f 4614/10053/1205 4597/10015/1205 4608/10041/1205
f 4598/10017/1206 4600/10022/1206 4595/10013/1206
f 4601/10024/1207 4616/10057/1207 4612/10049/1207
f 4593/10008/2371 4594/10009/2371 4595/10011/2371
f 4596/10014/2372 4597/10016/2372 4598/10018/2372
f 4599/10020/1210 4600/10022/1210 4601/10023/1210
f 4602/10025/1211 4603/10029/1211 4604/10030/1211
f 4605/10034/1212 4606/10035/1212 4607/10040/1212
f 4608/10043/1213 4609/10044/1213 4610/10046/1213
f 4611/10047/2373 4612/10049/2373 4613/10051/2373
f 4614/10053/1215 4615/10054/1215 4616/10058/1215
f 4599/10020/1216 4595/10013/1216 4600/10022/1216
f 4594/10010/1217 4598/10018/1217 4595/10012/1217
f 4602/10026/1218 4598/10018/1218 4597/10016/1218
f 4603/10028/1219 4600/10022/1219 4604/10031/1219
f 4611/10047/1220 4601/10024/1220 4612/10049/1220
f 4614/10053/1221 4603/10029/1221 4602/10025/1221
f 4615/10055/1222 4612/10049/1222 4616/10057/1222
f 4611/10047/1223 4606/10036/1223 4605/10033/1223
f 4608/10043/1224 4615/10056/1224 4614/10052/1224
f 4609/10044/1225 4606/10037/1225 4610/10046/1225
f 4593/10008/1226 4607/10040/1226 4594/10009/1226
f 4597/10016/1227 4609/10045/1227 4608/10042/1227
f 4611/10048/1228 4593/10008/1228 4599/10019/1228
f 4631/10091/1229 4620/10066/1229 4618/10063/1229
f 4639/10108/1230 4630/10089/1230 4637/10101/1230
f 4626/10078/1231 4632/10093/1231 4638/10104/1231
f 4622/10069/1232 4624/10074/1232 4619/10065/1232
f 4625/10075/1233 4640/10110/1233 4636/10100/1233
f 4617/10060/2374 4618/10062/2374 4619/10065/2374
f 4620/10067/1235 4621/10068/1235 4622/10071/1235
f 4623/10072/1236 4624/10074/1236 4625/10076/1236
f 4626/10079/1237 4627/10080/1237 4628/10082/1237
f 4629/10085/1238 4630/10087/1238 4631/10091/1238
f 4632/10092/1239 4633/10096/1239 4634/10097/1239
f 4635/10098/1240 4636/10099/1240 4637/10103/1240
f 4638/10105/2375 4639/10108/2375 4640/10109/2375
f 4617/10060/1242 4624/10074/1242 4623/10072/1242
f 4618/10063/2376 4622/10070/2376 4619/10064/2376
f 4626/10078/1244 4622/10071/1244 4621/10068/1244
f 4627/10081/1245 4624/10074/1245 4628/10083/1245
f 4623/10073/1246 4636/10099/1246 4635/10098/1246
f 4626/10079/1247 4640/10110/1247 4627/10080/1247
f 4637/10102/2377 4640/10110/2377 4639/10107/2377
f 4629/10086/1249 4637/10103/1249 4630/10088/1249
f 4632/10092/1250 4639/10108/1250 4638/10105/1250
f 4633/10096/1251 4630/10089/1251 4634/10097/1251
f 4617/10061/1252 4631/10091/1252 4618/10063/1252
f 4632/10093/1253 4620/10067/1253 4633/10094/1253
f 4623/10073/1254 4629/10086/1254 4617/10059/1254
f 4655/10145/1255 4644/10118/1255 4642/10115/1255
f 4663/10164/2378 4654/10143/2378 4661/10159/2378
f 4662/10160/1257 4645/10122/1257 4656/10147/1257
f 4643/10117/1258 4652/10138/1258 4648/10128/1258
f 4651/10136/1259 4660/10156/1259 4649/10129/1259
f 4641/10112/1260 4642/10115/1260 4643/10116/1260
f 4644/10120/1261 4645/10122/1261 4646/10123/1261
f 4647/10126/2379 4648/10127/2379 4649/10131/2379
f 4650/10132/1263 4651/10136/1263 4652/10137/1263
f 4653/10140/1264 4654/10142/1264 4655/10145/1264
f 4656/10147/2380 4657/10148/2380 4658/10151/2380
f 4659/10154/1266 4660/10155/1266 4661/10158/1266
f 4662/10161/1267 4663/10163/1267 4664/10165/1267
f 4647/10125/1268 4643/10117/1268 4648/10128/1268
f 4644/10119/1269 4643/10117/1269 4642/10114/1269
f 4645/10121/1270 4652/10138/1270 4646/10124/1270
f 4649/10130/1271 4652/10138/1271 4651/10135/1271
f 4659/10154/1272 4649/10131/1272 4660/10155/1272
f 4662/10161/1273 4651/10136/1273 4650/10132/1273
f 4661/10159/1274 4664/10166/1274 4663/10164/1274
f 4659/10153/2115 4654/10143/2115 4653/10139/2115
f 4662/10162/1276 4658/10152/1276 4663/10164/1276
f 4657/10150/1277 4654/10143/1277 4658/10152/1277
f 4641/10112/1278 4655/10145/1278 4642/10115/1278
f 4656/10147/1279 4644/10120/1279 4657/10148/1279
f 4659/10154/1280 4641/10113/1280 4647/10126/1280
f 4679/10198/1281 4668/10174/1281 4666/10169/1281
f 4685/10212/1282 4682/10204/1282 4678/10195/1282
f 4674/10186/1283 4680/10200/1283 4686/10213/1283
f 4670/10178/1284 4672/10183/1284 4667/10170/1284
f 4675/10189/1285 4684/10210/1285 4673/10185/1285
f 4665/10167/1286 4666/10168/1286 4667/10172/1286
f 4668/10173/1287 4669/10176/1287 4670/10178/1287
f 4671/10180/1288 4672/10184/1288 4673/10185/1288
f 4674/10187/2381 4675/10188/2381 4676/10191/2381
f 4677/10193/2116 4678/10195/2116 4679/10197/2116
f 4680/10201/2117 4681/10202/2117 4682/10203/2117
f 4683/10207/1292 4684/10209/1292 4685/10212/1292
f 4686/10213/1293 4687/10216/1293 4688/10218/1293
f 4671/10181/1294 4667/10172/1294 4672/10182/1294
f 4666/10169/1295 4670/10179/1295 4667/10171/1295
f 4669/10176/1296 4676/10191/1296 4670/10178/1296
f 4673/10185/2382 4676/10192/2382 4675/10189/2382
f 4671/10180/1298 4684/10210/1298 4683/10206/1298
f 4686/10213/1299 4675/10190/1299 4674/10186/1299
f 4687/10215/1300 4684/10210/1300 4688/10217/1300
f 4683/10207/2119 4678/10195/2119 4677/10193/2119
f 4680/10200/1302 4687/10216/1302 4686/10213/1302
f 4681/10202/1303 4678/10196/1303 4682/10203/1303
f 4665/10167/1304 4679/10199/1304 4666/10168/1304
f 4680/10201/2383 4668/10174/2383 4681/10202/2383
f 4671/10181/1306 4677/10194/1306 4665/10167/1306
f 4705/10255/1307 4690/10221/1307 4703/10250/1307
f 4709/10266/1308 4706/10258/1308 4702/10249/1308
f 4710/10267/1309 4693/10228/1309 4704/10254/1309
f 4691/10223/1310 4700/10245/1310 4696/10236/1310
f 4697/10238/1311 4712/10271/1311 4708/10262/1311
f 4689/10219/1312 4690/10222/1312 4691/10224/1312
f 4692/10226/1313 4693/10228/1313 4694/10229/1313
f 4695/10233/1314 4696/10234/1314 4697/10238/1314
f 4698/10241/2384 4699/10242/2384 4700/10245/2384
f 4701/10246/1316 4702/10249/1316 4703/10251/1316
f 4704/10254/1317 4705/10255/1317 4706/10257/1317
f 4707/10261/1318 4708/10262/1318 4709/10264/1318
f 4710/10268/1319 4711/10269/1319 4712/10272/1319
f 4689/10219/1320 4696/10235/1320 4695/10232/1320
f 4690/10222/1321 4694/10230/1321 4691/10224/1321
f 4698/10241/1322 4694/10231/1322 4693/10227/1322
f 4697/10237/1323 4700/10245/1323 4699/10242/1323
f 4695/10233/2385 4708/10262/2385 4707/10261/2385
f 4710/10268/1325 4699/10244/1325 4698/10239/1325
f 4709/10265/1326 4712/10272/1326 4711/10269/1326
f 4701/10246/1327 4709/10266/1327 4702/10249/1327
f 4710/10268/2120 4706/10259/2120 4711/10269/2120
f 4705/10256/1329 4702/10249/1329 4706/10258/1329
f 4689/10219/1330 4703/10252/1330 4690/10222/1330
f 4704/10254/2121 4692/10226/2121 4705/10255/2121
f 4707/10261/1332 4689/10220/1332 4695/10233/1332
f 4729/10307/1333 4714/10274/1333 4727/10301/1333
f 4735/10319/1334 4726/10300/1334 4733/10316/1334
f 4734/10317/1335 4717/10280/1335 4728/10304/1335
f 4718/10283/1336 4720/10289/1336 4715/10276/1336
f 4723/10294/1337 4732/10314/1337 4721/10291/1337
f 4713/10273/1338 4714/10275/1338 4715/10277/1338
f 4716/10279/1339 4717/10282/1339 4718/10284/1339
f 4719/10286/1340 4720/10287/1340 4721/10291/1340
f 4722/10293/1341 4723/10295/1341 4724/10297/1341
f 4725/10298/1342 4726/10300/1342 4727/10302/1342
f 4728/10305/2386 4729/10307/2386 4730/10308/2386
f 4731/10311/1344 4732/10314/1344 4733/10315/1344
f 4734/10317/1345 4735/10320/1345 4736/10321/1345
f 4713/10273/1346 4720/10288/1346 4719/10285/1346
f 4716/10279/1347 4715/10278/1347 4714/10274/1347
f 4717/10281/1348 4724/10297/1348 4718/10283/1348
f 4723/10295/1349 4720/10289/1349 4724/10297/1349
f 4719/10286/1350 4732/10314/1350 4731/10311/1350
f 4734/10317/1351 4723/10296/1351 4722/10292/1351
f 4733/10315/1352 4736/10322/1352 4735/10318/1352
f 4731/10312/1353 4726/10300/1353 4725/10298/1353
f 4728/10304/1354 4735/10320/1354 4734/10317/1354
f 4727/10302/1355 4730/10310/1355 4729/10306/1355
f 4725/10299/1356 4714/10275/1356 4713/10273/1356
f 4728/10305/1357 4716/10279/1357 4729/10307/1357
f 4731/10313/1358 4713/10273/1358 4719/10285/1358
f 4753/10357/2387 4738/10327/2387 4751/10352/2387
f 4757/10365/1360 4754/10359/1360 4750/10349/1360
f 4746/10342/1361 4752/10355/1361 4758/10367/1361
f 4742/10334/1362 4744/10339/1362 4739/10328/1362
f 4747/10344/1363 4756/10362/1363 4745/10341/1363
f 4737/10323/1364 4738/10325/1364 4739/10328/1364
f 4740/10330/1365 4741/10332/1365 4742/10333/1365
f 4743/10338/2130 4744/10340/2130 4745/10341/2130
f 4746/10342/2388 4747/10343/2388 4748/10346/2388
f 4749/10348/2389 4750/10350/2389 4751/10353/2389
f 4752/10354/2390 4753/10357/2390 4754/10358/2390
f 4755/10360/2391 4756/10362/2391 4757/10364/2391
f 4758/10368/2392 4759/10369/2392 4760/10372/2392
f 4743/10337/1372 4739/10328/1372 4744/10339/1372
f 4740/10329/2393 4739/10328/2393 4738/10325/2393
f 4746/10342/1374 4742/10335/1374 4741/10331/1374
f 4745/10341/1375 4748/10347/1375 4747/10344/1375
f 4755/10360/1376 4745/10341/1376 4756/10362/1376
f 4746/10342/1377 4760/10371/1377 4747/10343/1377
f 4757/10365/2394 4760/10372/2394 4759/10369/2394
f 4755/10361/1379 4750/10350/1379 4749/10348/1379
f 4758/10368/1380 4754/10359/1380 4759/10369/1380
f 4753/10357/1381 4750/10351/1381 4754/10358/1381
f 4737/10324/1382 4751/10353/1382 4738/10326/1382
f 4741/10332/1383 4753/10357/1383 4752/10354/1383
f 4755/10361/1384 4737/10324/1384 4743/10336/1384
f 4777/10409/1385 4762/10376/1385 4775/10404/1385
f 4781/10414/1386 4778/10410/1386 4774/10402/1386
f 4770/10392/1387 4776/10406/1387 4782/10417/1387
f 4766/10382/1388 4768/10387/1388 4763/10378/1388
f 4769/10388/1389 4784/10422/1389 4780/10413/1389
f 4761/10375/1390 4762/10376/1390 4763/10377/1390
f 4764/10380/2395 4765/10381/2395 4766/10384/2395
f 4767/10385/1392 4768/10387/1392 4769/10389/1392
f 4770/10391/1393 4771/10394/1393 4772/10395/1393
f 4773/10398/2396 4774/10400/2396 4775/10404/2396
f 4776/10405/1395 4777/10407/1395 4778/10410/1395
f 4779/10411/1396 4780/10412/1396 4781/10416/1396
f 4782/10418/1397 4783/10420/1397 4784/10422/1397
f 4767/10385/1398 4763/10378/1398 4768/10387/1398
f 4762/10376/2397 4766/10383/2397 4763/10377/2397
f 4770/10392/2135 4766/10384/2135 4765/10381/2135
f 4771/10393/1401 4768/10387/1401 4772/10396/1401
f 4779/10411/1402 4769/10390/1402 4780/10412/1402
f 4782/10418/1403 4771/10394/1403 4770/10391/1403
f 4781/10415/1404 4784/10422/1404 4783/10420/1404
f 4773/10399/1405 4781/10416/1405 4774/10401/1405
f 4782/10419/1406 4778/10410/1406 4783/10421/1406
f 4775/10403/1407 4778/10410/1407 4777/10407/1407
f 4761/10375/2138 4775/10404/2138 4762/10376/2138
f 4776/10406/1409 4764/10380/1409 4777/10408/1409
f 4767/10386/1410 4773/10399/1410 4761/10373/1410
f 4799/10452/1411 4788/10430/1411 4786/10425/1411
f 4805/10465/1412 4802/10459/1412 4798/10449/1412
f 4794/10442/1413 4800/10454/1413 4806/10468/1413
f 4790/10434/1414 4792/10439/1414 4787/10428/1414
f 4795/10444/1415 4804/10462/1415 4793/10441/1415
f 4785/10423/2398 4786/10426/2398 4787/10428/2398
f 4788/10430/1417 4789/10432/1417 4790/10433/1417
f 4791/10438/1418 4792/10440/1418 4793/10441/1418
f 4794/10442/1419 4795/10443/1419 4796/10447/1419
f 4797/10448/2141 4798/10450/2141 4799/10453/2141
f 4800/10456/1421 4801/10457/1421 4802/10458/1421
f 4803/10460/1422 4804/10462/1422 4805/10464/1422
f 4806/10467/2142 4807/10469/2142 4808/10472/2142
f 4785/10423/1424 4792/10439/1424 4791/10436/1424
f 4786/10426/1425 4790/10434/1425 4787/10428/1425
f 4794/10442/1426 4790/10435/1426 4789/10431/1426
f 4795/10444/1427 4792/10440/1427 4796/10445/1427
f 4803/10460/1428 4793/10441/1428 4804/10462/1428
f 4794/10442/1429 4808/10471/1429 4795/10443/1429
f 4805/10465/1430 4808/10472/1430 4807/10469/1430
f 4797/10448/1431 4805/10466/1431 4798/10450/1431
f 4800/10455/1432 4807/10469/1432 4806/10467/1432
f 4801/10457/1433 4798/10451/1433 4802/10458/1433
f 4797/10448/1434 4786/10427/1434 4785/10424/1434
f 4800/10456/1435 4788/10430/1435 4801/10457/1435
f 4803/10461/1436 4785/10424/1436 4791/10437/1436
f 4825/10508/1437 4810/10476/1437 4823/10504/1437
f 4831/10521/2143 4822/10502/2143 4829/10516/2143
f 4818/10493/1439 4824/10506/1439 4830/10517/1439
f 4811/10479/2399 4820/10497/2399 4816/10489/2399
f 4819/10495/1441 4828/10514/1441 4817/10491/1441
f 4809/10474/1442 4810/10475/1442 4811/10478/1442
f 4812/10481/2400 4813/10483/2400 4814/10486/2400
f 4815/10488/1444 4816/10490/1444 4817/10491/1444
f 4818/10493/1445 4819/10494/1445 4820/10496/1445
f 4821/10500/1446 4822/10501/1446 4823/10505/1446
f 4824/10507/1447 4825/10508/1447 4826/10510/1447
f 4827/10512/2146 4828/10515/2146 4829/10516/2146
f 4830/10517/1449 4831/10519/1449 4832/10523/1449
f 4809/10473/1450 4816/10490/1450 4815/10488/1450
f 4810/10477/2401 4814/10486/2401 4811/10479/2401
f 4818/10492/2148 4814/10486/2148 4813/10483/2148
f 4817/10491/1453 4820/10498/1453 4819/10495/1453
f 4815/10488/1454 4828/10514/1454 4827/10511/1454
f 4818/10493/1455 4832/10523/1455 4819/10494/1455
f 4829/10516/2150 4832/10524/2150 4831/10521/2150
f 4827/10512/1457 4822/10502/1457 4821/10499/1457
f 4830/10518/1458 4826/10510/1458 4831/10520/1458
f 4825/10508/1459 4822/10503/1459 4826/10510/1459
f 4809/10474/1460 4823/10505/1460 4810/10475/1460
f 4813/10485/1461 4825/10508/1461 4824/10507/1461
f 4827/10513/1462 4809/10474/1462 4815/10487/1462
f 4847/10557/1463 4836/10533/1463 4834/10529/1463
f 4855/10574/1464 4846/10555/1464 4853/10567/1464
f 4842/10545/1465 4848/10559/1465 4854/10569/1465
f 4838/10536/1466 4840/10540/1466 4835/10531/1466
f 4841/10541/1467 4856/10576/1467 4852/10565/1467
f 4833/10526/2153 4834/10529/2153 4835/10530/2153
f 4836/10534/1469 4837/10535/1469 4838/10537/1469
f 4839/10538/1470 4840/10540/1470 4841/10542/1470
f 4842/10544/1471 4843/10547/1471 4844/10548/1471
f 4845/10551/1472 4846/10553/1472 4847/10557/1472
f 4848/10558/1473 4849/10560/1473 4850/10563/1473
f 4851/10564/1474 4852/10566/1474 4853/10568/1474
f 4854/10571/1475 4855/10572/1475 4856/10576/1475
f 4833/10525/1476 4840/10540/1476 4839/10538/1476
f 4836/10534/1477 4835/10532/1477 4834/10528/1477
f 4842/10545/1478 4838/10537/1478 4837/10535/1478
f 4841/10542/1479 4844/10550/1479 4843/10546/1479
f 4839/10539/1480 4852/10566/1480 4851/10564/1480
f 4854/10571/1481 4843/10547/1481 4842/10544/1481
f 4855/10573/2402 4852/10566/2402 4856/10575/2402
f 4851/10564/1483 4846/10554/1483 4845/10552/1483
f 4848/10558/1484 4855/10574/1484 4854/10570/1484
f 4847/10556/1485 4850/10563/1485 4849/10560/1485
f 4833/10526/1486 4847/10557/1486 4834/10529/1486
f 4848/10559/2403 4836/10534/2403 4849/10561/2403
f 4851/10564/1488 4833/10527/1488 4839/10539/1488
f 4871/10606/1489 4860/10584/1489 4858/10579/1489
f 4877/10621/1490 4874/10614/1490 4870/10604/1490
f 4866/10598/1491 4872/10608/1491 4878/10624/1491
f 4859/10582/1492 4868/10601/1492 4864/10594/1492
f 4867/10600/1493 4876/10618/1493 4865/10597/1493
f 4857/10577/1494 4858/10580/1494 4859/10582/1494
f 4860/10584/2404 4861/10586/2404 4862/10587/2404
f 4863/10592/2158 4864/10593/2158 4865/10597/2158
f 4866/10598/2405 4867/10599/2405 4868/10602/2405
f 4869/10603/2159 4870/10605/2159 4871/10607/2159
f 4872/10610/1499 4873/10612/1499 4874/10613/1499
f 4875/10616/2406 4876/10618/2406 4877/10620/2406
f 4878/10623/1501 4879/10625/1501 4880/10626/1501
f 4857/10577/1502 4864/10594/1502 4863/10590/1502
f 4860/10583/2407 4859/10582/2407 4858/10580/2407
f 4866/10598/1504 4862/10589/1504 4861/10585/1504
f 4865/10596/1505 4868/10602/1505 4867/10599/1505
f 4863/10592/2160 4876/10618/2160 4875/10616/2160
f 4866/10598/1507 4880/10628/1507 4867/10599/1507
f 4879/10625/1508 4876/10619/1508 4880/10626/1508
f 4869/10603/2162 4877/10622/2162 4870/10605/2162
f 4872/10609/1510 4879/10625/1510 4878/10623/1510
f 4871/10607/1511 4874/10615/1511 4873/10611/1511
f 4857/10578/1512 4871/10607/1512 4858/10581/1512
f 4872/10610/1513 4860/10584/1513 4873/10612/1513
f 4875/10617/1514 4857/10578/1514 4863/10591/1514
f 4895/10662/2408 4884/10636/2408 4882/10631/2408
f 4901/10673/1516 4898/10666/1516 4894/10659/1516
f 4890/10648/1517 4896/10663/1517 4902/10674/1517
f 4886/10641/1518 4888/10643/1518 4883/10634/1518
f 4889/10645/1519 4904/10680/1519 4900/10670/1519
f 4881/10630/1520 4882/10631/1520 4883/10633/1520
f 4884/10637/1521 4885/10639/1521 4886/10641/1521
f 4887/10642/2409 4888/10644/2409 4889/10646/2409
f 4890/10647/1523 4891/10651/1523 4892/10652/1523
f 4893/10656/1524 4894/10658/1524 4895/10662/1524
f 4896/10663/2410 4897/10664/2410 4898/10667/2410
f 4899/10668/1526 4900/10672/1526 4901/10673/1526
f 4902/10675/1527 4903/10676/1527 4904/10680/1527
f 4887/10642/2411 4883/10635/2411 4888/10644/2411
f 4882/10632/1529 4886/10641/1529 4883/10634/1529
f 4885/10639/1530 4892/10654/1530 4886/10641/1530
f 4891/10650/1531 4888/10644/1531 4892/10653/1531
f 4899/10669/1532 4889/10646/1532 4900/10671/1532
f 4902/10675/1533 4891/10651/1533 4890/10647/1533
f 4903/10677/1534 4900/10672/1534 4904/10679/1534
f 4893/10655/1535 4901/10673/1535 4894/10659/1535
f 4896/10663/1536 4903/10678/1536 4902/10674/1536
f 4895/10661/2412 4898/10667/2412 4897/10664/2412
f 4881/10630/1538 4895/10662/1538 4882/10631/1538
f 4896/10663/1539 4884/10638/1539 4897/10664/1539
f 4887/10642/1540 4893/10657/1540 4881/10629/1540
f 4919/10710/1541 4908/10687/1541 4906/10682/1541
f 4927/10730/1542 4918/10709/1542 4925/10727/1542
f 4926/10728/2413 4909/10688/2413 4920/10714/2413
f 4910/10692/1544 4912/10698/1544 4907/10684/1544
f 4915/10704/1545 4924/10723/1545 4913/10700/1545
f 4905/10681/1546 4906/10683/1546 4907/10685/1546
f 4908/10687/1547 4909/10690/1547 4910/10691/1547
f 4911/10694/2167 4912/10696/2167 4913/10700/2167
f 4914/10701/1549 4915/10705/1549 4916/10706/1549
f 4917/10707/1550 4918/10709/1550 4919/10711/1550
f 4920/10713/2414 4921/10716/2414 4922/10717/2414
f 4923/10720/1552 4924/10723/1552 4925/10725/1552
f 4926/10728/1553 4927/10729/1553 4928/10732/1553
f 4905/10681/1554 4912/10697/1554 4911/10695/1554
f 4906/10683/2415 4910/10693/2415 4907/10685/2415
f 4909/10689/1556 4916/10706/1556 4910/10692/1556
f 4915/10705/1557 4912/10698/1557 4916/10706/1557
f 4923/10720/1558 4913/10700/1558 4924/10723/1558
f 4914/10702/1559 4928/10732/1559 4915/10703/1559
f 4925/10726/1560 4928/10732/1560 4927/10729/1560
f 4923/10721/1561 4918/10709/1561 4917/10707/1561
f 4926/10728/1562 4922/10718/1562 4927/10729/1562
f 4919/10711/1563 4922/10719/1563 4921/10715/1563
f 4917/10708/1564 4906/10683/1564 4905/10681/1564
f 4909/10690/1565 4921/10716/1565 4920/10713/1565
f 4911/10695/1566 4917/10708/1566 4905/10681/1566
f 4943/10766/1567 4932/10740/1567 4930/10736/1567
f 4951/10784/1568 4942/10764/1568 4949/10778/1568
f 4938/10753/1569 4944/10768/1569 4950/10781/1569
f 4934/10744/1570 4936/10749/1570 4931/10738/1570
f 4939/10756/2416 4948/10776/2416 4937/10750/2416
f 4929/10733/1572 4930/10736/1572 4931/10737/1572
f 4932/10741/1573 4933/10743/1573 4934/10745/1573
f 4935/10746/1574 4936/10749/1574 4937/10751/1574
f 4938/10753/1575 4939/10756/1575 4940/10757/1575
f 4941/10761/2417 4942/10762/2417 4943/10766/2417
f 4944/10769/1577 4945/10771/1577 4946/10773/1577
f 4947/10774/2418 4948/10777/2418 4949/10779/2418
f 4950/10781/1579 4951/10782/1579 4952/10785/1579
f 4935/10746/1580 4931/10738/1580 4936/10749/1580
f 4932/10741/1581 4931/10739/1581 4930/10735/1581
f 4933/10743/2419 4940/10759/2419 4934/10745/2419
f 4939/10755/2420 4936/10749/2420 4940/10758/2420
f 4935/10747/2421 4948/10777/2421 4947/10774/2421
f 4950/10781/1585 4939/10756/1585 4938/10753/1585
f 4949/10779/1586 4952/10786/1586 4951/10783/1586
f 4947/10774/2171 4942/10763/2171 4941/10760/2171
f 4944/10769/1588 4951/10784/1588 4950/10780/1588
f 4945/10771/2422 4942/10764/2422 4946/10773/2422
f 4941/10761/1590 4930/10736/1590 4929/10733/1590
f 4933/10743/2172 4945/10772/2172 4944/10767/2172
f 4935/10748/1592 4941/10761/1592 4929/10733/1592
f 4969/10821/1593 4954/10789/1593 4967/10816/1593
f 4975/10833/1594 4966/10813/1594 4973/10829/1594
f 4962/10806/1595 4968/10819/1595 4974/10832/1595
f 4955/10792/1596 4964/10809/1596 4960/10803/1596
f 4963/10808/1597 4972/10826/1597 4961/10805/1597
f 4953/10787/1598 4954/10790/1598 4955/10792/1598
f 4956/10794/2423 4957/10796/2423 4958/10797/2423
f 4959/10802/1600 4960/10804/1600 4961/10805/1600
f 4962/10806/2424 4963/10807/2424 4964/10810/2424
f 4965/10812/2175 4966/10814/2175 4967/10817/2175
f 4968/10818/1603 4969/10821/1603 4970/10823/1603
f 4971/10824/1604 4972/10826/1604 4973/10828/1604
f 4974/10831/1605 4975/10833/1605 4976/10834/1605
f 4953/10787/1606 4960/10803/1606 4959/10800/1606
f 4954/10790/1607 4958/10799/1607 4955/10792/1607
f 4957/10795/1608 4964/10810/1608 4958/10798/1608
f 4961/10805/1609 4964/10811/1609 4963/10808/1609
f 4959/10802/1610 4972/10826/1610 4971/10824/1610
f 4962/10806/1611 4976/10836/1611 4963/10807/1611
f 4975/10833/1612 4972/10827/1612 4976/10834/1612
f 4971/10825/1613 4966/10814/1613 4965/10812/1613
f 4968/10820/1614 4975/10833/1614 4974/10831/1614
f 4967/10816/1615 4970/10823/1615 4969/10821/1615
f 4965/10812/2179 4954/10791/2179 4953/10788/2179
f 4957/10796/1617 4969/10821/1617 4968/10818/1617
f 4971/10825/1618 4953/10788/1618 4959/10801/1618
f 4991/10868/1619 4980/10845/1619 4978/10841/1619
f 4997/10879/1620 4994/10874/1620 4990/10865/1620
f 4986/10858/1621 4992/10869/1621 4998/10881/1621
f 4982/10848/1622 4984/10852/1622 4979/10843/1622
f 4987/10859/1623 4996/10877/1623 4985/10855/1623
f 4977/10839/1624 4978/10841/1624 4979/10842/1624
f 4980/10846/2425 4981/10847/2425 4982/10849/2425
f 4983/10850/2180 4984/10852/2180 4985/10854/2180
f 4986/10857/2181 4987/10859/2181 4988/10860/2181
f 4989/10863/1628 4990/10867/1628 4991/10868/1628
f 4992/10870/2183 4993/10871/2183 4994/10874/2183
f 4995/10876/2426 4996/10878/2426 4997/10880/2426
f 4998/10883/1631 4999/10884/1631 5000/10887/1631
f 4977/10838/1632 4984/10852/1632 4983/10850/1632
f 4980/10846/2427 4979/10844/2427 4978/10840/2427
f 4986/10858/2428 4982/10849/2428 4981/10847/2428
f 4987/10859/1635 4984/10853/1635 4988/10860/1635
f 4995/10876/2429 4985/10856/2429 4996/10878/2429
f 4998/10883/1637 4987/10859/1637 4986/10857/1637
f 4997/10880/2186 5000/10888/2186 4999/10885/2186
f 4989/10864/2430 4997/10880/2430 4990/10866/2430
f 4992/10870/1640 4999/10886/1640 4998/10882/1640
f 4991/10868/1641 4994/10875/1641 4993/10872/1641
f 4977/10839/1642 4991/10868/1642 4978/10841/1642
f 4981/10847/2431 4993/10873/2431 4992/10869/2431
f 4983/10851/1644 4989/10864/1644 4977/10837/1644
f 5017/10924/1645 5002/10891/1645 5015/10918/1645
f 5021/10934/1646 5018/10926/1646 5014/10917/1646
f 5022/10935/1647 5005/10898/1647 5016/10922/1647
f 5006/10901/1648 5008/10906/1648 5003/10894/1648
f 5009/10908/1649 5024/10938/1649 5020/10931/1649
f 5001/10889/1650 5002/10892/1650 5003/10893/1650
f 5004/10896/1651 5005/10899/1651 5006/10900/1651
f 5007/10903/1652 5008/10904/1652 5009/10908/1652
f 5010/10909/1653 5011/10911/1653 5012/10914/1653
f 5013/10915/1654 5014/10917/1654 5015/10919/1654
f 5016/10921/1655 5017/10924/1655 5018/10925/1655
f 5019/10928/1656 5020/10931/1656 5021/10933/1656
f 5022/10935/1657 5023/10937/1657 5024/10939/1657
f 5007/10902/1658 5003/10893/1658 5008/10905/1658
f 5004/10895/1659 5003/10894/1659 5002/10890/1659
f 5010/10909/1660 5006/10901/1660 5005/10897/1660
f 5009/10907/1661 5012/10914/1661 5011/10911/1661
f 5007/10903/1662 5020/10931/1662 5019/10928/1662
f 5010/10910/1663 5024/10939/1663 5011/10912/1663
f 5021/10934/1664 5024/10940/1664 5023/10936/1664
f 5013/10915/1665 5021/10934/1665 5014/10917/1665
f 5016/10922/1666 5023/10937/1666 5022/10935/1666
f 5017/10923/1667 5014/10917/1667 5018/10926/1667
f 5013/10916/1668 5002/10892/1668 5001/10889/1668
f 5005/10899/1669 5017/10924/1669 5016/10921/1669
f 5019/10930/1670 5001/10889/1670 5007/10902/1670
f 5041/10978/1671 5026/10945/1671 5039/10973/1671
f 5045/10983/2432 5042/10979/2432 5038/10970/2432
f 5034/10960/1673 5040/10975/1673 5046/10986/1673
f 5027/10946/1674 5036/10965/1674 5032/10956/1674
f 5035/10963/1675 5044/10982/1675 5033/10957/1675
f 5025/10941/2433 5026/10944/2433 5027/10946/2433
f 5028/10949/1677 5029/10950/1677 5030/10951/1677
f 5031/10954/1678 5032/10956/1678 5033/10958/1678
f 5034/10960/1679 5035/10962/1679 5036/10966/1679
f 5037/10968/1680 5038/10969/1680 5039/10971/1680
f 5040/10974/1681 5041/10976/1681 5042/10979/1681
f 5043/10980/1682 5044/10981/1682 5045/10985/1682
f 5046/10988/2434 5047/10990/2434 5048/10991/2434
f 5031/10954/1684 5027/10946/1684 5032/10956/1684
f 5028/10948/2435 5027/10947/2435 5026/10945/2435
f 5029/10950/2436 5036/10966/2436 5030/10951/2436
f 5035/10964/2437 5032/10956/2437 5036/10965/2437
f 5031/10955/1688 5044/10981/1688 5043/10980/1688
f 5034/10961/1689 5048/10992/1689 5035/10963/1689
f 5045/10984/1690 5048/10992/1690 5047/10989/1690
f 5043/10980/1691 5038/10969/1691 5037/10968/1691
f 5046/10988/1692 5042/10979/1692 5047/10990/1692
f 5039/10972/2188 5042/10979/2188 5041/10976/2188
f 5025/10942/1694 5039/10973/1694 5026/10945/1694
f 5040/10975/1695 5028/10949/1695 5041/10977/1695
f 5043/10980/1696 5025/10943/1696 5031/10955/1696
f 5063/11022/1697 5052/11000/1697 5050/10995/1697
f 5071/11041/1698 5062/11021/1698 5069/11037/1698
f 5058/11013/1699 5064/11026/1699 5070/11040/1699
f 5054/11004/1700 5056/11010/1700 5051/10998/1700
f 5057/11012/1701 5072/11043/1701 5068/11034/1701
f 5049/10993/2438 5050/10996/2438 5051/10998/2438
f 5052/11000/2439 5053/11002/2439 5054/11003/2439
f 5055/11008/2190 5056/11009/2190 5057/11012/2190
f 5058/11013/1705 5059/11015/1705 5060/11017/1705
f 5061/11019/1706 5062/11020/1706 5063/11024/1706
f 5064/11025/1707 5065/11029/1707 5066/11030/1707
f 5067/11032/2440 5068/11034/2440 5069/11036/2440
f 5070/11039/2192 5071/11041/2192 5072/11042/2192
f 5049/10993/1710 5056/11010/1710 5055/11006/1710
f 5052/10999/2441 5051/10998/2441 5050/10996/2441
f 5058/11013/1712 5054/11005/1712 5053/11001/1712
f 5057/11011/1713 5060/11018/1713 5059/11014/1713
f 5067/11032/2442 5057/11012/2442 5068/11034/2442
f 5058/11013/1715 5072/11044/1715 5059/11015/1715
f 5071/11041/2443 5068/11035/2443 5072/11042/2443
f 5067/11033/1717 5062/11020/1717 5061/11019/1717
f 5064/11027/2193 5071/11041/2193 5070/11039/2193
f 5063/11023/1719 5066/11031/1719 5065/11028/1719
f 5049/10994/1720 5063/11024/1720 5050/10997/1720
f 5053/11002/1721 5065/11029/1721 5064/11025/1721
f 5067/11033/1722 5049/10994/1722 5055/11007/1722
f 5087/11074/1723 5076/11051/1723 5074/11046/1723
f 5093/11091/1724 5090/11082/1724 5086/11073/1724
f 5082/11066/1725 5088/11077/1725 5094/11092/1725
f 5075/11048/1726 5084/11070/1726 5080/11062/1726
f 5081/11064/1727 5096/11095/1727 5092/11087/1727
f 5073/11045/1728 5074/11047/1728 5075/11049/1728
f 5076/11051/2195 5077/11054/2195 5078/11055/2195
f 5079/11059/2196 5080/11060/2196 5081/11064/2196
f 5082/11065/1731 5083/11069/1731 5084/11070/1731
f 5085/11071/2444 5086/11073/2444 5087/11075/2444
f 5088/11078/1733 5089/11079/1733 5090/11081/1733
f 5091/11084/1734 5092/11087/1734 5093/11089/1734
f 5094/11092/1735 5095/11093/1735 5096/11096/1735
f 5079/11058/1736 5075/11049/1736 5080/11061/1736
f 5076/11050/1737 5075/11049/1737 5074/11047/1737
f 5077/11053/1738 5084/11070/1738 5078/11056/1738
f 5083/11069/1739 5080/11062/1739 5084/11070/1739
f 5091/11084/1740 5081/11064/1740 5092/11087/1740
f 5082/11066/1741 5096/11096/1741 5083/11067/1741
f 5093/11090/1742 5096/11096/1742 5095/11093/1742
f 5091/11085/1743 5086/11073/1743 5085/11071/1743
f 5094/11092/1744 5090/11083/1744 5095/11093/1744
f 5089/11080/1745 5086/11073/1745 5090/11082/1745
f 5073/11045/1746 5087/11076/1746 5074/11047/1746
f 5088/11078/1747 5076/11051/1747 5089/11079/1747
f 5091/11086/1748 5073/11045/1748 5079/11058/1748
f 5111/11128/1749 5100/11104/1749 5098/11101/1749
f 5119/11145/1750 5110/11126/1750 5117/11139/1750
f 5106/11117/1751 5112/11129/1751 5118/11142/1751
f 5099/11102/1752 5108/11120/1752 5104/11112/1752
f 5105/11115/2445 5120/11148/2445 5116/11138/2445
f 5097/11099/1754 5098/11100/1754 5099/11102/1754
f 5100/11105/1755 5101/11106/1755 5102/11109/1755
f 5103/11110/1756 5104/11112/1756 5105/11114/1756
f 5106/11118/1757 5107/11119/1757 5108/11122/1757
f 5109/11123/2446 5110/11127/2446 5111/11128/2446
f 5112/11130/1759 5113/11131/1759 5114/11134/1759
f 5115/11136/1760 5116/11137/1760 5117/11141/1760
f 5118/11144/1761 5119/11145/1761 5120/11147/1761
f 5103/11110/1762 5099/11102/1762 5104/11112/1762
f 5100/11104/1763 5099/11103/1763 5098/11101/1763
f 5106/11117/1764 5102/11109/1764 5101/11106/1764
f 5105/11115/1765 5108/11122/1765 5107/11119/1765
f 5115/11136/1766 5105/11116/1766 5116/11137/1766
f 5106/11118/2447 5120/11148/2447 5107/11119/2447
f 5119/11146/1768 5116/11138/1768 5120/11148/1768
f 5109/11124/1769 5117/11141/1769 5110/11125/1769
f 5118/11144/1770 5114/11134/1770 5119/11145/1770
f 5111/11128/1771 5114/11135/1771 5113/11132/1771
f 5109/11123/2200 5098/11101/2200 5097/11097/2200
f 5101/11106/1773 5113/11133/1773 5112/11129/1773
f 5103/11111/1774 5109/11124/1774 5097/11098/1774
f 5135/11179/1775 5124/11156/1775 5122/11151/1775
f 5143/11195/1776 5134/11177/1776 5141/11191/1776
f 5142/11192/1777 5125/11160/1777 5136/11180/1777
f 5126/11161/1778 5128/11164/1778 5123/11154/1778
f 5131/11171/1779 5140/11189/1779 5129/11166/1779
f 5121/11149/2448 5122/11151/2448 5123/11153/2448
f 5124/11157/1781 5125/11159/1781 5126/11161/1781
f 5127/11162/1782 5128/11163/1782 5129/11167/1782
f 5130/11170/1783 5131/11171/1783 5132/11173/1783
f 5133/11175/2202 5134/11178/2202 5135/11179/2202
f 5136/11180/1785 5137/11182/1785 5138/11184/1785
f 5139/11186/1786 5140/11190/1786 5141/11191/1786
f 5142/11193/1787 5143/11194/1787 5144/11198/1787
f 5127/11162/2449 5123/11155/2449 5128/11163/2449
f 5122/11152/2450 5126/11161/2450 5123/11154/2450
f 5130/11169/1790 5126/11161/1790 5125/11159/1790
f 5129/11166/2451 5132/11173/2451 5131/11171/2451
f 5139/11187/1792 5129/11167/1792 5140/11188/1792
f 5130/11170/1793 5144/11198/1793 5131/11171/1793
f 5143/11195/1794 5140/11190/1794 5144/11197/1794
f 5133/11174/1795 5141/11191/1795 5134/11177/1795
f 5136/11180/1796 5143/11196/1796 5142/11192/1796
f 5135/11179/1797 5138/11185/1797 5137/11181/1797
f 5121/11149/1798 5135/11179/1798 5122/11151/1798
f 5125/11160/1799 5137/11182/1799 5136/11180/1799
f 5139/11187/1800 5121/11150/1800 5127/11162/1800
f 5161/11234/1801 5146/11203/1801 5159/11227/1801
f 5165/11239/1802 5162/11235/1802 5158/11226/1802
f 5166/11243/1803 5149/11207/1803 5160/11230/1803
f 5150/11209/1804 5152/11215/1804 5147/11204/1804
f 5155/11219/1805 5164/11238/1805 5153/11217/1805
f 5145/11199/1806 5146/11201/1806 5147/11204/1806
f 5148/11206/2452 5149/11208/2452 5150/11210/2452
f 5151/11213/1808 5152/11215/1808 5153/11216/1808
f 5154/11218/2453 5155/11221/2453 5156/11223/2453
f 5157/11224/1810 5158/11225/1810 5159/11229/1810
f 5160/11231/2206 5161/11233/2206 5162/11235/2206
f 5163/11236/1812 5164/11238/1812 5165/11240/1812
f 5166/11242/1813 5167/11245/1813 5168/11246/1813
f 5151/11213/1814 5147/11204/1814 5152/11215/1814
f 5148/11206/1815 5147/11205/1815 5146/11203/1815
f 5154/11218/1816 5150/11211/1816 5149/11207/1816
f 5155/11220/1817 5152/11215/1817 5156/11222/1817
f 5163/11236/1818 5153/11217/1818 5164/11238/1818
f 5166/11243/2454 5155/11221/2454 5154/11218/2454
f 5165/11240/2210 5168/11248/2210 5167/11244/2210
f 5157/11224/1821 5165/11241/1821 5158/11225/1821
f 5160/11231/1822 5167/11245/1822 5166/11242/1822
f 5159/11228/2211 5162/11235/2211 5161/11233/2211
f 5145/11200/1824 5159/11229/1824 5146/11202/1824
f 5160/11232/1825 5148/11206/1825 5161/11234/1825
f 5163/11237/1826 5145/11200/1826 5151/11212/1826
f 5183/11279/1827 5172/11255/1827 5170/11252/1827
f 5189/11291/1828 5186/11285/1828 5182/11276/1828
f 5190/11293/1829 5173/11258/1829 5184/11281/1829
f 5174/11260/1830 5176/11263/1830 5171/11254/1830
f 5179/11270/1831 5188/11288/1831 5177/11266/1831
f 5169/11249/1832 5170/11253/1832 5171/11254/1832
f 5172/11257/1833 5173/11258/1833 5174/11259/1833
f 5175/11261/1834 5176/11263/1834 5177/11265/1834
f 5178/11269/1835 5179/11270/1835 5180/11271/1835
f 5181/11274/2213 5182/11278/2213 5183/11279/2213
f 5184/11280/1837 5185/11282/1837 5186/11285/1837
f 5187/11287/1838 5188/11289/1838 5189/11292/1838
f 5190/11295/1839 5191/11296/1839 5192/11297/1839
f 5169/11249/2455 5176/11263/2455 5175/11261/2455
f 5170/11253/1841 5174/11260/1841 5171/11254/1841
f 5173/11258/1842 5180/11273/1842 5174/11259/1842
f 5179/11270/1843 5176/11264/1843 5180/11271/1843
f 5175/11262/1844 5188/11289/1844 5187/11287/1844
f 5178/11269/1845 5192/11298/1845 5179/11270/1845
f 5191/11296/2215 5188/11290/2215 5192/11297/2215
f 5187/11287/1847 5182/11277/1847 5181/11275/1847
f 5190/11295/1848 5186/11285/1848 5191/11296/1848
f 5183/11279/1849 5186/11286/1849 5185/11284/1849
f 5169/11250/1850 5183/11279/1850 5170/11252/1850
f 5184/11281/1851 5172/11257/1851 5185/11283/1851
f 5187/11287/1852 5169/11251/1852 5175/11262/1852
f 5209/11335/1853 5194/11302/1853 5207/11332/1853
f 5215/11349/1854 5206/11329/1854 5213/11345/1854
f 5214/11346/1855 5197/11310/1855 5208/11333/1855
f 5195/11304/1856 5204/11325/1856 5200/11314/1856
f 5203/11323/1857 5212/11343/1857 5201/11317/1857
f 5193/11299/1858 5194/11301/1858 5195/11305/1858
f 5196/11306/1859 5197/11309/1859 5198/11311/1859
f 5199/11313/2456 5200/11315/2456 5201/11318/2456
f 5202/11321/2457 5203/11322/2457 5204/11325/2457
f 5205/11326/1862 5206/11329/1862 5207/11331/1862
f 5208/11333/1863 5209/11334/1863 5210/11338/1863
f 5211/11339/1864 5212/11341/1864 5213/11345/1864
f 5214/11346/1865 5215/11350/1865 5216/11351/1865
f 5193/11299/1866 5200/11315/1866 5199/11313/1866
f 5194/11302/1867 5198/11312/1867 5195/11303/1867
f 5197/11309/1868 5204/11325/1868 5198/11311/1868
f 5203/11323/1869 5200/11316/1869 5204/11324/1869
f 5199/11313/1870 5212/11342/1870 5211/11340/1870
f 5214/11347/1871 5203/11323/1871 5202/11319/1871
f 5213/11344/1872 5216/11352/1872 5215/11348/1872
f 5205/11326/1873 5213/11345/1873 5206/11329/1873
f 5208/11333/1874 5215/11350/1874 5214/11346/1874
f 5209/11335/1875 5206/11330/1875 5210/11336/1875
f 5193/11300/1876 5207/11332/1876 5194/11302/1876
f 5208/11333/1877 5196/11308/1877 5209/11334/1877
f 5199/11313/1878 5205/11328/1878 5193/11299/1878
f 14/37/1 4/10/1 10/29/1
f 4/11/2 8/23/2 11/31/2
f 8/24/3 15/40/3 16/43/3
f 2/5/4 18/47/4 19/50/4
f 7/20/4 5/14/4 1/2/4
f 4/12/5 14/38/5 15/41/5
f 16/44/6 13/36/6 1/3/6
f 11/30/3 16/43/3 5/15/3
f 10/28/2 11/31/2 7/21/2
f 13/35/1 10/29/1 3/9/1
f 2/6/6 14/39/6 13/36/6
f 6/17/6 15/42/6 14/39/6
f 12/33/6 16/44/6 15/42/6
f 9/26/6 13/36/6 16/44/6
f 19/51/6 18/48/6 17/46/6
f 6/18/1 19/52/1 20/54/1
f 9/27/3 17/45/3 18/49/3
f 12/34/2 25/67/2 26/70/2
f 22/59/3 30/83/3 32/88/3
f 20/54/1 27/73/1 25/68/1
f 9/27/3 26/71/3 28/76/3
f 17/46/6 28/77/6 27/74/6
f 22/60/5 26/72/5 25/69/5
f 23/62/5 27/75/5 28/78/5
f 21/56/5 25/69/5 27/75/5
f 24/65/5 28/78/5 26/72/5
f 29/79/5 31/85/5 32/89/5
f 24/66/6 32/90/6 31/86/6
f 23/63/1 31/87/1 29/80/1
f 21/57/2 29/81/2 30/84/2
f 47/125/7 49/128/7 36/98/7
f 55/144/8 50/132/8 46/123/8
f 54/140/9 42/112/9 37/102/9
f 35/97/10 38/104/10 44/118/10
f 43/116/11 56/146/11 52/135/11
f 39/105/20 33/91/20 35/97/20
f 34/95/2458 36/99/2458 38/104/2458
f 42/113/22 44/118/22 38/104/22
f 41/110/1883 40/108/1883 44/118/1883
f 39/106/24 41/111/24 52/136/24
f 42/114/25 54/141/25 56/146/25
f 55/144/1884 53/139/1884 52/137/1884
f 45/119/27 51/133/27 53/139/27
f 54/142/28 48/127/28 50/132/28
f 49/129/1886 47/124/1886 46/123/1886
f 33/92/30 45/120/30 47/125/30
f 37/102/31 36/100/31 49/130/31
f 51/134/32 45/121/32 33/93/32
f 73/182/33 60/153/33 58/150/33
f 79/195/34 74/184/34 70/176/34
f 66/166/35 61/155/35 72/179/35
f 59/151/2229 62/156/2229 68/171/2229
f 67/168/37 80/196/37 76/187/37
f 63/159/46 57/149/46 59/151/46
f 60/153/47 62/157/47 59/152/47
f 66/166/48 68/170/48 62/158/48
f 65/163/2459 64/161/2459 68/171/2459
f 63/160/50 65/164/50 76/186/50
f 78/193/51 80/196/51 67/168/51
f 79/194/1889 77/189/1889 76/187/1889
f 75/185/53 77/190/53 70/175/53
f 72/180/54 74/184/54 79/195/54
f 71/177/1890 70/176/1890 74/184/1890
f 69/172/1891 71/178/1891 58/150/1891
f 61/155/57 60/154/57 73/183/57
f 63/160/58 75/185/58 69/173/58
f 95/225/2234 97/231/2234 84/203/2234
f 101/240/60 103/243/60 98/233/60
f 90/217/61 85/205/61 96/229/61
f 83/200/62 86/208/62 92/221/62
f 91/219/63 104/245/63 100/238/63
f 87/209/72 81/197/72 83/201/72
f 84/203/73 86/207/73 83/202/73
f 90/216/74 92/221/74 86/208/74
f 91/220/75 89/214/75 88/213/75
f 87/210/76 89/215/76 100/238/76
f 90/217/2460 102/241/2460 104/246/2460
f 103/244/78 101/239/78 100/238/78
f 99/236/79 101/240/79 94/224/79
f 102/241/80 96/229/80 98/234/80
f 97/230/81 95/226/81 94/224/81
f 81/197/82 93/223/82 95/227/82
f 85/206/2461 84/203/2461 97/231/2461
f 99/237/84 93/223/84 81/197/84
f 121/285/85 108/255/85 106/250/85
f 127/299/86 122/287/86 118/278/86
f 114/268/87 109/257/87 120/282/87
f 107/251/88 110/260/88 116/273/88
f 113/267/89 115/272/89 128/302/89
f 105/247/98 107/252/98 112/264/98
f 108/255/99 110/259/99 107/253/99
f 114/269/100 116/273/100 110/260/100
f 113/267/1902 112/265/1902 116/274/1902
f 111/261/102 113/267/102 124/293/102
f 114/270/103 126/297/103 128/302/103
f 125/294/104 124/293/104 128/302/104
f 123/290/105 125/295/105 118/278/105
f 120/282/1903 122/288/1903 127/300/1903
f 121/285/2238 119/281/2238 118/279/2238
f 105/248/108 117/276/108 119/281/108
f 120/283/109 109/258/109 108/255/109
f 111/262/110 123/291/110 117/277/110
f 143/332/111 145/337/111 132/310/111
f 149/345/112 151/349/112 146/338/112
f 138/322/113 133/311/113 144/335/113
f 131/308/114 134/314/114 140/325/114
f 139/324/1904 152/350/1904 148/342/1904
f 135/316/124 129/304/124 131/308/124
f 132/309/2241 134/314/2241 131/308/2241
f 138/322/126 140/326/126 134/315/126
f 137/321/127 136/320/127 140/327/127
f 135/317/2462 137/321/2462 148/342/2462
f 138/322/129 150/348/129 152/351/129
f 149/345/2242 148/343/2242 152/352/2242
f 141/328/131 147/341/131 149/346/131
f 144/336/132 146/338/132 151/349/132
f 143/332/133 142/331/133 146/339/133
f 141/328/2463 143/333/2463 130/307/2463
f 133/312/2243 132/310/2243 145/337/2243
f 135/318/136 147/341/136 141/328/136
f 169/388/137 156/360/137 154/356/137
f 173/397/138 175/401/138 170/390/138
f 162/372/139 157/364/139 168/387/139
f 158/365/140 164/377/140 160/367/140
f 163/375/1909 176/404/1909 172/394/1909
f 159/366/150 153/354/150 155/359/150
f 154/355/2245 156/361/2245 158/365/2245
f 162/373/152 164/377/152 158/365/152
f 161/370/153 160/368/153 164/378/153
f 159/366/154 161/370/154 172/395/154
f 174/399/155 176/404/155 163/375/155
f 175/401/1915 173/397/1915 172/396/1915
f 171/392/157 173/397/157 166/383/157
f 168/387/158 170/391/158 175/402/158
f 167/385/159 166/384/159 170/391/159
f 165/380/1917 167/386/1917 154/356/1917
f 157/364/161 156/362/161 169/389/161
f 159/366/162 171/393/162 165/381/162
f 193/442/163 180/413/163 178/409/163
f 197/449/164 199/455/164 194/444/164
f 186/426/165 181/414/165 192/438/165
f 182/417/166 188/430/166 184/422/166
f 187/427/167 200/457/167 196/448/167
f 183/420/176 177/405/176 179/410/176
f 180/413/177 182/418/177 179/411/177
f 181/414/178 186/426/178 188/431/178
f 187/427/1921 185/425/1921 184/423/1921
f 195/445/180 183/421/180 185/425/180
f 198/453/1922 200/458/1922 187/428/1922
f 199/454/182 197/450/182 196/448/182
f 189/432/183 195/446/183 197/451/183
f 192/439/184 194/444/184 199/455/184
f 193/442/185 191/436/185 190/435/185
f 177/406/1923 189/432/1923 191/437/1923
f 192/440/187 181/415/187 180/413/187
f 195/446/188 189/432/188 177/406/188
f 215/487/189 217/493/189 204/465/189
f 221/502/190 223/505/190 218/496/190
f 222/503/191 210/478/191 205/467/191
f 203/463/192 206/470/192 212/483/192
f 211/480/193 224/507/193 220/500/193
f 207/472/1927 201/459/1927 203/464/1927
f 202/460/203 204/465/203 206/469/203
f 210/479/204 212/483/204 206/470/204
f 211/481/205 209/476/205 208/475/205
f 219/497/206 207/471/206 209/477/206
f 222/503/1929 224/508/1929 211/482/1929
f 223/506/208 221/501/208 220/500/208
f 219/498/2464 221/502/2464 214/486/2464
f 222/503/210 216/491/210 218/495/210
f 215/488/211 214/486/211 218/496/211
f 213/485/212 215/489/212 202/461/212
f 205/468/2253 204/465/2253 217/493/2253
f 207/472/214 219/499/214 213/485/214
f 241/546/215 228/516/215 226/512/215
f 245/554/216 247/560/216 242/549/216
f 246/556/217 234/530/217 229/518/217
f 230/520/218 236/534/218 232/525/218
f 235/531/219 248/561/219 244/552/219
f 231/522/228 225/510/228 227/515/228
f 226/511/2257 228/517/2257 230/521/2257
f 229/519/1930 234/529/1930 236/535/1930
f 235/532/231 233/527/231 232/525/231
f 231/523/232 233/528/232 244/553/232
f 234/530/233 246/556/233 248/561/233
f 245/555/1931 244/553/1931 248/562/1931
f 243/550/2465 245/555/2465 238/539/2465
f 246/557/236 240/545/236 242/549/236
f 241/547/1932 239/541/1932 238/540/1932
f 237/537/238 239/542/238 226/512/238
f 229/519/239 228/517/239 241/548/239
f 231/524/240 243/551/240 237/537/240
f 265/597/241 252/569/241 250/565/241
f 271/609/242 266/599/242 262/590/242
f 270/607/243 258/582/243 253/571/243
f 251/567/244 254/574/244 260/587/244
f 259/584/245 272/612/245 268/604/245
f 255/576/254 249/563/254 251/568/254
f 250/565/255 252/569/255 254/573/255
f 258/583/256 260/587/256 254/574/256
f 259/585/2265 257/580/2265 256/579/2265
f 267/601/258 255/575/258 257/581/258
f 270/607/259 272/611/259 259/586/259
f 269/605/260 268/604/260 272/612/260
f 261/588/261 267/602/261 269/606/261
f 264/595/2267 266/600/2267 271/610/2267
f 265/596/1935 263/592/1935 262/590/1935
f 249/563/264 261/589/264 263/593/264
f 253/572/265 252/569/265 265/597/265
f 255/576/266 267/603/266 261/589/266
f 287/641/267 289/647/267 276/619/267
f 293/656/268 295/659/268 290/649/268
f 294/657/269 282/632/269 277/620/269
f 275/616/270 278/623/270 284/637/270
f 281/631/271 283/635/271 296/661/271
f 279/626/280 273/613/280 275/617/280
f 276/619/1939 278/624/1939 275/618/1939
f 277/621/282 282/633/282 284/637/282
f 281/630/283 280/628/283 284/637/283
f 279/625/284 281/631/284 292/654/284
f 294/657/2466 296/662/2466 283/636/2466
f 295/660/1941 293/655/1941 292/654/1941
f 285/638/287 291/652/287 293/656/287
f 294/657/288 288/644/288 290/650/288
f 289/648/289 287/642/289 286/640/289
f 285/639/2467 287/643/2467 274/615/2467
f 288/645/291 277/622/291 276/619/291
f 279/626/292 291/653/292 285/639/292
f 313/698/293 300/671/293 298/667/293
f 317/705/294 319/712/294 314/701/294
f 318/707/295 306/682/295 301/673/295
f 302/674/296 308/687/296 304/678/296
f 305/679/297 307/684/297 320/713/297
f 297/664/306 299/669/306 304/678/306
f 300/672/307 302/675/307 299/670/307
f 301/673/308 306/682/308 308/688/308
f 307/685/309 305/680/309 304/678/309
f 303/677/2468 305/681/2468 316/704/2468
f 306/683/311 318/708/311 320/713/311
f 317/706/312 316/704/312 320/714/312
f 309/690/313 315/702/313 317/706/313
f 318/709/314 312/697/314 314/701/314
f 313/699/1944 311/694/1944 310/693/1944
f 297/665/316 309/689/316 311/695/316
f 301/673/2469 300/672/2469 313/700/2469
f 303/677/318 315/702/318 309/690/318
f 337/749/319 324/722/319 322/718/319
f 341/757/320 343/761/320 338/751/320
f 330/734/321 325/723/321 336/747/321
f 326/726/322 332/737/322 328/731/322
f 331/736/323 344/763/323 340/754/323
f 327/729/332 321/715/332 323/720/332
f 324/721/333 326/726/333 323/720/333
f 330/734/334 332/738/334 326/727/334
f 329/733/2470 328/732/2470 332/739/2470
f 339/752/336 327/730/336 329/733/336
f 330/734/2471 342/759/2471 344/764/2471
f 343/761/338 341/757/338 340/755/338
f 333/740/339 339/753/339 341/758/339
f 342/760/340 336/748/340 338/751/340
f 337/749/341 335/744/341 334/743/341
f 333/740/2272 335/745/2272 322/719/2272
f 325/724/343 324/722/343 337/749/343
f 339/753/344 333/740/344 321/716/344
f 361/800/345 348/772/345 346/767/345
f 367/813/346 362/801/346 358/793/346
f 354/784/347 349/774/347 360/799/347
f 350/777/348 356/790/348 352/781/348
f 355/787/349 368/816/349 364/808/349
f 351/779/358 345/765/358 347/770/358
f 346/767/359 348/772/359 350/776/359
f 354/785/360 356/790/360 350/777/360
f 355/787/361 353/783/361 352/782/361
f 363/804/1955 351/778/1955 353/783/1955
f 366/811/363 368/815/363 355/788/363
f 365/809/364 364/808/364 368/816/364
f 363/805/365 365/810/365 358/793/365
f 360/799/366 362/802/366 367/814/366
f 359/796/367 358/794/367 362/803/367
f 345/765/368 357/792/368 359/797/368
f 349/775/2275 348/772/2275 361/800/2275
f 351/779/370 363/806/370 357/792/370
f 385/853/371 372/824/371 370/820/371
f 389/863/372 391/868/372 386/855/372
f 378/838/373 373/828/373 384/851/373
f 374/830/374 380/843/374 376/833/374
f 379/839/375 392/869/375 388/860/375
f 375/831/384 369/818/384 371/823/384
f 370/819/385 372/825/385 374/830/385
f 378/837/386 380/843/386 374/830/386
f 379/840/1962 377/836/1962 376/834/1962
f 375/831/388 377/836/388 388/861/388
f 378/838/389 390/864/389 392/869/389
f 389/863/390 388/862/390 392/870/390
f 387/858/391 389/863/391 382/847/391
f 390/865/392 384/852/392 386/856/392
f 383/849/2472 382/848/2472 386/856/2472
f 381/845/2280 383/850/2280 370/820/2280
f 373/829/395 372/826/395 385/854/395
f 375/832/396 387/859/396 381/845/396
f 407/901/397 409/905/397 396/877/397
f 413/912/398 415/919/398 410/907/398
f 402/890/399 397/879/399 408/902/399
f 398/881/400 404/893/400 400/885/400
f 403/892/401 416/920/401 412/911/401
f 393/871/410 395/876/410 400/885/410
f 394/874/1968 396/877/1968 398/882/1968
f 397/879/412 402/890/412 404/894/412
f 401/888/413 400/886/413 404/895/413
f 399/884/414 401/889/414 412/910/414
f 402/891/415 414/917/415 416/920/415
f 415/918/416 413/913/416 412/911/416
f 405/897/417 411/909/417 413/914/417
f 408/903/418 410/907/418 415/919/418
f 407/901/419 406/900/419 410/908/419
f 393/872/420 405/896/420 407/901/420
f 397/879/421 396/878/421 409/906/421
f 411/909/422 405/897/422 393/873/422
f 433/956/1969 420/927/1969 418/923/1969
f 439/969/424 434/959/424 430/949/424
f 426/942/425 421/928/425 432/953/425
f 419/924/426 422/932/426 428/946/426
f 427/944/427 440/971/427 436/963/427
f 417/921/436 419/925/436 424/937/436
f 420/926/437 422/933/437 419/925/437
f 421/929/438 426/941/438 428/946/438
f 427/945/439 425/939/439 424/938/439
f 435/960/440 423/934/440 425/940/440
f 426/942/441 438/968/441 440/972/441
f 439/970/442 437/966/442 436/964/442
f 435/961/443 437/967/443 430/949/443
f 432/953/2473 434/958/2473 439/970/2473
f 431/951/445 430/949/445 434/959/445
f 417/921/446 429/948/446 431/952/446
f 432/954/2291 421/930/2291 420/927/2291
f 423/935/448 435/962/448 429/948/448
f 455/1004/449 457/1008/449 444/979/449
f 461/1014/450 463/1021/450 458/1010/450
f 462/1017/451 450/992/451 445/981/451
f 443/978/452 446/982/452 452/997/452
f 451/994/453 464/1022/453 460/1013/453
f 447/985/462 441/973/462 443/978/462
f 442/976/463 444/979/463 446/983/463
f 450/992/464 452/996/464 446/984/464
f 449/989/465 448/987/465 452/997/465
f 447/986/466 449/990/466 460/1012/466
f 462/1018/2474 464/1022/2474 451/994/2474
f 461/1015/468 460/1013/468 464/1022/468
f 453/999/469 459/1011/469 461/1016/469
f 462/1019/470 456/1005/470 458/1010/470
f 457/1009/1979 455/1003/1979 454/1002/1979
f 441/974/2294 453/998/2294 455/1004/2294
f 456/1006/473 445/981/473 444/980/473
f 459/1011/474 453/999/474 441/975/474
f 481/1059/475 468/1031/475 466/1026/475
f 487/1073/476 482/1061/476 478/1053/476
f 486/1070/477 474/1043/477 469/1034/477
f 467/1028/478 470/1036/478 476/1049/478
f 475/1047/479 488/1076/479 484/1067/479
f 471/1037/2475 465/1024/2475 467/1029/2475
f 466/1026/489 468/1031/489 470/1035/489
f 474/1044/490 476/1049/490 470/1036/490
f 475/1047/1982 473/1041/1982 472/1040/1982
f 471/1037/492 473/1042/492 484/1066/492
f 474/1045/493 486/1071/493 488/1076/493
f 485/1068/494 484/1067/494 488/1076/494
f 483/1063/495 485/1069/495 478/1053/495
f 480/1057/2297 482/1062/2297 487/1074/2297
f 481/1059/497 479/1056/497 478/1054/497
f 465/1023/498 477/1051/498 479/1056/498
f 480/1057/499 469/1034/499 468/1032/499
f 483/1064/500 477/1052/500 465/1024/500
f 505/1109/501 492/1084/501 490/1080/501
f 509/1119/502 511/1124/502 506/1112/502
f 510/1121/503 498/1096/503 493/1088/503
f 491/1082/504 494/1089/504 500/1101/504
f 499/1099/1985 512/1126/1985 508/1116/1985
f 489/1078/514 491/1083/514 496/1092/514
f 490/1079/515 492/1085/515 494/1089/515
f 498/1097/516 500/1101/516 494/1089/516
f 499/1099/1989 497/1094/1989 496/1093/1989
f 495/1090/518 497/1095/518 508/1117/518
f 498/1098/1990 510/1120/1990 512/1126/1990
f 511/1124/520 509/1119/520 508/1118/520
f 501/1102/521 507/1114/521 509/1119/521
f 510/1121/522 504/1108/522 506/1113/522
f 505/1109/523 503/1107/523 502/1106/523
f 501/1103/524 503/1107/524 490/1080/524
f 493/1088/2476 492/1086/2476 505/1110/2476
f 507/1115/526 501/1104/526 489/1078/526
f 529/1159/527 516/1134/527 514/1129/527
f 535/1173/528 530/1162/528 526/1155/528
f 534/1171/529 522/1147/529 517/1137/529
f 515/1130/530 518/1139/530 524/1151/530
f 521/1143/531 523/1150/531 536/1176/531
f 519/1140/540 513/1128/540 515/1131/540
f 516/1134/2477 518/1138/2477 515/1132/2477
f 522/1148/2478 524/1151/2478 518/1139/2478
f 521/1144/543 520/1142/543 524/1151/543
f 531/1165/544 519/1140/544 521/1145/544
f 534/1172/545 536/1176/545 523/1150/545
f 535/1174/546 533/1169/546 532/1168/546
f 531/1164/547 533/1170/547 526/1155/547
f 528/1158/548 530/1163/548 535/1175/548
f 529/1160/549 527/1156/549 526/1155/549
f 525/1153/550 527/1157/550 514/1129/550
f 517/1137/1999 516/1135/1999 529/1161/1999
f 519/1140/552 531/1165/552 525/1154/552
f 551/1207/2479 553/1213/2479 540/1185/2479
f 559/1227/554 554/1216/554 550/1206/554
f 546/1198/555 541/1186/555 552/1210/555
f 542/1189/556 548/1202/556 544/1195/556
f 545/1197/557 547/1199/557 560/1229/557
f 537/1177/566 539/1183/566 544/1195/566
f 540/1184/567 542/1189/567 539/1183/567
f 546/1198/568 548/1203/568 542/1190/568
f 547/1200/569 545/1196/569 544/1195/569
f 543/1192/2003 545/1197/2003 556/1219/2003
f 558/1225/571 560/1230/571 547/1201/571
f 559/1227/2004 557/1222/2004 556/1220/2004
f 549/1204/573 555/1218/573 557/1223/573
f 552/1211/574 554/1216/574 559/1227/574
f 553/1214/575 551/1208/575 550/1206/575
f 537/1178/576 549/1204/576 551/1209/576
f 552/1212/577 541/1187/577 540/1185/577
f 543/1193/578 555/1218/578 549/1204/578
f 577/1266/579 564/1237/579 562/1234/579
f 583/1279/580 578/1268/580 574/1260/580
f 570/1249/581 565/1239/581 576/1264/581
f 566/1241/582 572/1254/582 568/1245/582
f 569/1246/583 571/1251/583 584/1280/583
f 561/1232/592 563/1235/592 568/1245/592
f 564/1237/593 566/1242/593 563/1236/593
f 565/1239/594 570/1249/594 572/1255/594
f 571/1252/595 569/1247/595 568/1245/595
f 579/1269/596 567/1244/596 569/1248/596
f 570/1250/597 582/1277/597 584/1280/597
f 583/1278/598 581/1273/598 580/1271/598
f 579/1269/599 581/1274/599 574/1259/599
f 576/1263/600 578/1268/600 583/1279/600
f 577/1267/601 575/1261/601 574/1260/601
f 573/1256/602 575/1262/602 562/1234/602
f 576/1264/603 565/1239/603 564/1238/603
f 579/1269/604 573/1257/604 561/1233/604
f 599/1314/605 601/1317/605 588/1288/605
f 607/1329/2310 602/1318/2310 598/1310/2310
f 594/1299/607 589/1291/607 600/1315/607
f 590/1293/608 596/1305/608 592/1295/608
f 595/1304/609 608/1332/609 604/1324/609
f 585/1282/618 587/1285/618 592/1296/618
f 588/1288/619 590/1292/619 587/1286/619
f 594/1300/620 596/1305/620 590/1293/620
f 593/1298/2480 592/1296/2480 596/1306/2480
f 603/1321/622 591/1294/622 593/1298/622
f 594/1301/623 606/1328/623 608/1332/623
f 607/1330/624 605/1325/624 604/1324/624
f 603/1320/625 605/1326/625 598/1310/625
f 600/1315/2009 602/1319/2009 607/1331/2009
f 599/1313/627 598/1311/627 602/1319/627
f 585/1281/628 597/1308/628 599/1314/628
f 600/1315/629 589/1291/629 588/1289/629
f 603/1321/630 597/1309/630 585/1282/630
f 625/1368/631 612/1338/631 610/1335/631
f 629/1379/632 631/1382/632 626/1371/632
f 618/1353/633 613/1341/633 624/1366/633
f 611/1336/634 614/1344/634 620/1358/634
f 619/1356/635 632/1384/635 628/1376/635
f 609/1334/2315 611/1337/2315 616/1348/2315
f 610/1335/645 612/1338/645 614/1343/645
f 618/1354/646 620/1358/646 614/1344/646
f 619/1357/2013 617/1351/2013 616/1349/2013
f 627/1374/648 615/1346/648 617/1352/648
f 618/1355/649 630/1381/649 632/1384/649
f 631/1383/650 629/1378/650 628/1376/650
f 627/1373/2014 629/1379/2014 622/1362/2014
f 624/1365/652 626/1372/652 631/1383/652
f 625/1369/2481 623/1363/2481 622/1362/2481
f 609/1334/654 621/1360/654 623/1364/654
f 624/1366/655 613/1341/655 612/1339/655
f 615/1346/656 627/1374/656 621/1361/656
f 647/1417/657 649/1421/657 636/1393/657
f 653/1427/658 655/1434/658 650/1423/658
f 654/1429/659 642/1405/659 637/1395/659
f 638/1396/660 644/1410/660 640/1400/660
f 641/1401/661 643/1407/661 656/1435/661
f 633/1385/670 635/1391/670 640/1400/670
f 636/1394/671 638/1397/671 635/1392/671
f 637/1395/2019 642/1405/2019 644/1409/2019
f 641/1402/2020 640/1400/2020 644/1410/2020
f 651/1424/674 639/1399/674 641/1403/674
f 654/1430/675 656/1435/675 643/1407/675
f 653/1428/2482 652/1426/2482 656/1436/2482
f 645/1412/677 651/1424/677 653/1428/677
f 654/1431/678 648/1419/678 650/1423/678
f 647/1416/679 646/1415/679 650/1423/679
f 633/1386/680 645/1411/680 647/1417/680
f 637/1395/681 636/1394/681 649/1422/681
f 651/1424/682 645/1412/682 633/1387/682
f 673/1473/683 660/1444/683 658/1440/683
f 679/1488/684 674/1475/684 670/1467/684
f 666/1457/685 661/1448/685 672/1471/685
f 662/1450/686 668/1463/686 664/1453/686
f 665/1455/687 667/1460/687 680/1489/687
f 663/1452/696 657/1437/696 659/1443/696
f 658/1439/2322 660/1445/2322 662/1450/2322
f 666/1458/698 668/1463/698 662/1450/698
f 667/1459/699 665/1456/699 664/1454/699
f 663/1452/2483 665/1456/2483 676/1481/2483
f 678/1484/701 680/1489/701 667/1460/701
f 677/1483/702 676/1482/702 680/1490/702
f 669/1464/703 675/1478/703 677/1483/703
f 678/1485/704 672/1472/704 674/1476/704
f 671/1469/705 670/1468/705 674/1476/705
f 669/1465/706 671/1470/706 658/1440/706
f 661/1449/707 660/1446/707 673/1474/707
f 675/1479/708 669/1465/708 657/1438/708
f 697/1526/709 684/1497/709 682/1493/709
f 703/1539/710 698/1528/710 694/1519/710
f 690/1512/711 685/1498/711 696/1524/711
f 683/1494/712 686/1502/712 692/1516/712
f 691/1515/713 704/1541/713 700/1533/713
f 681/1491/722 683/1495/722 688/1507/722
f 684/1496/723 686/1503/723 683/1495/723
f 685/1499/724 690/1511/724 692/1516/724
f 689/1509/725 688/1508/725 692/1516/725
f 687/1504/726 689/1510/726 700/1533/726
f 690/1512/727 702/1538/727 704/1542/727
f 703/1540/728 701/1536/728 700/1534/728
f 693/1517/729 699/1531/729 701/1537/729
f 696/1524/730 698/1529/730 703/1540/730
f 697/1525/2484 695/1521/2484 694/1519/2484
f 681/1491/732 693/1518/732 695/1522/732
f 685/1500/733 684/1497/733 697/1526/733
f 687/1505/734 699/1532/734 693/1518/734
f 719/1576/735 721/1580/735 708/1550/735
f 727/1594/736 722/1583/736 718/1574/736
f 726/1591/737 714/1564/737 709/1552/737
f 710/1554/738 716/1568/738 712/1559/738
f 713/1560/739 715/1565/739 728/1595/739
f 705/1543/748 707/1549/748 712/1559/748
f 706/1546/749 708/1551/749 710/1555/749
f 714/1563/2028 716/1569/2028 710/1555/2028
f 715/1566/751 713/1561/751 712/1559/751
f 723/1584/752 711/1557/752 713/1562/752
f 714/1564/753 726/1591/753 728/1595/753
f 725/1589/754 724/1587/754 728/1596/754
f 717/1570/2029 723/1584/2029 725/1589/2029
f 720/1579/756 722/1583/756 727/1594/756
f 721/1581/757 719/1575/757 718/1574/757
f 705/1544/2327 717/1571/2327 719/1576/2327
f 709/1553/759 708/1551/759 721/1582/759
f 711/1558/760 723/1585/760 717/1571/760
f 743/1628/761 745/1632/761 732/1604/761
f 751/1646/762 746/1635/762 742/1626/762
f 738/1618/763 733/1607/763 744/1629/763
f 731/1603/764 734/1608/764 740/1621/764
f 739/1619/765 752/1647/765 748/1637/765
f 729/1597/2329 731/1603/2329 736/1612/2329
f 732/1605/2485 734/1608/2485 731/1603/2485
f 738/1618/776 740/1622/776 734/1609/776
f 739/1619/2031 737/1615/2031 736/1613/2031
f 735/1611/778 737/1616/778 748/1638/778
f 750/1644/779 752/1647/779 739/1619/779
f 749/1640/780 748/1639/780 752/1648/780
f 741/1624/2486 747/1636/2486 749/1641/2486
f 744/1630/782 746/1635/782 751/1646/782
f 745/1632/783 743/1628/783 742/1627/783
f 729/1598/784 741/1623/784 743/1628/784
f 733/1607/785 732/1606/785 745/1633/785
f 747/1636/786 741/1624/786 729/1599/786
f 767/1681/787 769/1684/787 756/1657/787
f 775/1698/788 770/1687/788 766/1679/788
f 762/1669/789 757/1659/789 768/1682/789
f 758/1660/2487 764/1674/2487 760/1664/2487
f 763/1671/791 776/1699/791 772/1689/791
f 759/1662/2335 753/1650/2335 755/1656/2335
f 754/1653/2488 756/1658/2488 758/1661/2488
f 762/1669/802 764/1673/802 758/1661/802
f 761/1666/2037 760/1664/2037 764/1674/2037
f 759/1663/2038 761/1667/2038 772/1690/2038
f 774/1695/805 776/1699/805 763/1671/805
f 773/1692/806 772/1690/806 776/1700/806
f 765/1676/807 771/1688/807 773/1692/807
f 768/1683/808 770/1687/808 775/1698/808
f 769/1685/809 767/1680/809 766/1679/809
f 753/1651/810 765/1675/810 767/1681/810
f 757/1659/2337 756/1658/2337 769/1686/2337
f 759/1663/812 771/1688/812 765/1676/812
f 791/1734/813 793/1740/813 780/1708/813
f 797/1746/814 799/1752/814 794/1741/814
f 798/1749/815 786/1721/815 781/1710/815
f 782/1712/816 788/1726/816 784/1717/816
f 785/1718/817 787/1724/817 800/1753/817
f 783/1714/826 777/1702/826 779/1707/826
f 778/1703/827 780/1709/827 782/1713/827
f 786/1722/828 788/1727/828 782/1713/828
f 787/1723/2339 785/1719/2339 784/1717/2339
f 795/1742/830 783/1715/830 785/1720/830
f 798/1749/831 800/1753/831 787/1724/831
f 797/1747/2045 796/1745/2045 800/1754/2045
f 795/1742/833 797/1747/833 790/1731/833
f 792/1736/834 794/1741/834 799/1752/834
f 791/1733/2047 790/1732/2047 794/1741/2047
f 789/1729/836 791/1734/836 778/1704/836
f 792/1737/2489 781/1711/2489 780/1709/2489
f 783/1716/838 795/1743/838 789/1729/838
f 815/1787/839 817/1790/839 804/1762/839
f 823/1803/840 818/1791/840 814/1784/840
f 810/1775/841 805/1765/841 816/1788/841
f 803/1758/842 806/1767/842 812/1779/842
f 811/1778/843 824/1806/843 820/1798/843
f 807/1768/852 801/1756/852 803/1759/852
f 804/1762/853 806/1766/853 803/1760/853
f 810/1776/854 812/1779/854 806/1767/854
f 809/1772/855 808/1771/855 812/1780/855
f 819/1795/2050 807/1768/2050 809/1773/2050
f 822/1802/857 824/1806/857 811/1778/857
f 823/1804/2340 821/1799/2340 820/1798/2340
f 813/1781/859 819/1794/859 821/1800/859
f 816/1788/860 818/1792/860 823/1805/860
f 815/1787/861 814/1785/861 818/1793/861
f 813/1782/2490 815/1787/2490 802/1757/2490
f 816/1788/2491 805/1765/2491 804/1763/2491
f 807/1768/864 819/1795/864 813/1783/864
f 841/1842/865 828/1813/865 826/1808/865
f 845/1853/866 847/1855/866 842/1844/866
f 834/1828/867 829/1814/867 840/1840/867
f 827/1810/868 830/1818/868 836/1832/868
f 835/1831/869 848/1857/869 844/1849/869
f 831/1820/878 825/1807/878 827/1811/878
f 826/1809/879 828/1812/879 830/1819/879
f 829/1815/880 834/1827/880 836/1832/880
f 833/1825/881 832/1824/881 836/1832/881
f 843/1846/882 831/1821/882 833/1826/882
f 834/1828/883 846/1854/883 848/1858/883
f 845/1852/884 844/1850/884 848/1858/884
f 843/1847/885 845/1853/885 838/1835/885
f 840/1840/886 842/1845/886 847/1856/886
f 841/1841/887 839/1837/887 838/1835/887
f 837/1834/888 839/1838/888 826/1809/888
f 829/1816/889 828/1813/889 841/1842/889
f 843/1848/2492 837/1834/2492 825/1807/2492
f 863/1890/891 865/1897/891 852/1866/891
f 869/1902/892 871/1908/892 866/1898/892
f 870/1905/893 858/1878/893 853/1867/893
f 851/1864/2493 854/1869/2493 860/1884/2493
f 857/1876/895 859/1881/895 872/1910/895
f 849/1859/904 851/1864/904 856/1874/904
f 852/1866/905 854/1870/905 851/1865/905
f 853/1868/906 858/1877/906 860/1883/906
f 857/1875/907 856/1874/907 860/1884/907
f 855/1873/908 857/1876/908 868/1901/908
f 858/1878/909 870/1905/909 872/1909/909
f 869/1903/910 868/1901/910 872/1910/910
f 861/1885/911 867/1899/911 869/1903/911
f 864/1894/912 866/1898/912 871/1908/912
f 863/1891/913 862/1889/913 866/1898/913
f 861/1886/914 863/1892/914 850/1862/914
f 864/1895/915 853/1868/915 852/1866/915
f 867/1900/916 861/1886/916 849/1860/916
f 887/1941/917 889/1944/917 876/1918/917
f 895/1958/918 890/1946/918 886/1939/918
f 882/1930/919 877/1922/919 888/1942/919
f 875/1916/920 878/1923/920 884/1934/920
f 883/1933/921 896/1960/921 892/1950/921
f 879/1924/930 873/1912/930 875/1917/930
f 874/1913/2494 876/1919/2494 878/1923/2494
f 882/1931/932 884/1934/932 878/1923/932
f 881/1928/933 880/1927/933 884/1935/933
f 879/1924/934 881/1929/934 892/1951/934
f 882/1932/935 894/1954/935 896/1960/935
f 895/1958/2059 893/1953/2059 892/1952/2059
f 891/1948/937 893/1953/937 886/1939/937
f 894/1955/938 888/1942/938 890/1947/938
f 889/1944/939 887/1941/939 886/1940/939
f 885/1937/940 887/1941/940 874/1914/940
f 888/1942/2060 877/1922/2060 876/1920/2060
f 891/1949/942 885/1938/942 873/1912/942
f 913/2000/943 900/1968/943 898/1963/943
f 919/2014/944 914/2002/944 910/1992/944
f 918/2012/2061 906/1982/2061 901/1970/2061
f 899/1966/946 902/1974/946 908/1988/946
f 907/1984/947 920/2015/947 916/2006/947
f 903/1976/2495 897/1961/2495 899/1966/2495
f 898/1964/957 900/1967/957 902/1973/957
f 906/1983/958 908/1988/958 902/1974/958
f 907/1985/959 905/1980/959 904/1979/959
f 915/2003/960 903/1977/960 905/1981/960
f 918/2012/961 920/2016/961 907/1986/961
f 919/2013/962 917/2009/962 916/2007/962
f 909/1989/963 915/2004/963 917/2010/963
f 912/1998/2064 914/2002/2064 919/2014/2064
f 911/1994/965 910/1992/965 914/2002/965
f 909/1990/966 911/1995/966 898/1964/966
f 901/1971/967 900/1968/967 913/2000/967
f 915/2005/2065 909/1990/2065 897/1962/2065
f 935/2050/969 937/2056/969 924/2024/969
f 941/2062/970 943/2068/970 938/2057/970
f 930/2038/971 925/2026/971 936/2051/971
f 926/2028/972 932/2042/972 928/2033/972
f 929/2034/973 931/2039/973 944/2069/973
f 921/2017/2350 923/2023/2350 928/2033/2350
f 922/2020/983 924/2025/983 926/2029/983
f 930/2037/984 932/2043/984 926/2029/984
f 931/2040/985 929/2035/985 928/2033/985
f 939/2058/2496 927/2032/2496 929/2036/2496
f 930/2038/987 942/2065/987 944/2069/987
f 941/2063/988 940/2061/988 944/2070/988
f 933/2044/989 939/2058/989 941/2063/989
f 936/2052/2497 938/2057/2497 943/2068/2497
f 935/2049/991 934/2048/991 938/2057/991
f 921/2018/992 933/2045/992 935/2050/992
f 936/2053/993 925/2027/993 924/2025/993
f 939/2059/994 933/2045/994 921/2018/994
f 959/2099/995 961/2105/995 948/2077/995
f 965/2114/996 967/2118/996 962/2108/996
f 966/2115/997 954/2091/997 949/2078/997
f 950/2081/998 956/2095/998 952/2087/998
f 953/2089/999 955/2093/999 968/2120/999
f 945/2071/1008 947/2075/1008 952/2086/1008
f 948/2077/2498 950/2082/2498 947/2076/2498
f 949/2079/1010 954/2090/1010 956/2095/1010
f 955/2094/1011 953/2088/1011 952/2087/1011
f 951/2083/1012 953/2089/1012 964/2112/1012
f 954/2091/1013 966/2115/1013 968/2119/1013
f 965/2113/1014 964/2112/1014 968/2120/1014
f 963/2110/1015 965/2114/1015 958/2098/1015
f 966/2115/1016 960/2102/1016 962/2107/1016
f 959/2100/2077 958/2098/2077 962/2108/2077
f 945/2071/1018 957/2097/1018 959/2101/1018
f 960/2103/1019 949/2080/1019 948/2077/1019
f 951/2084/2356 963/2111/2356 957/2097/2356
f 985/2161/1021 972/2128/1021 970/2124/1021
f 991/2174/1022 986/2163/1022 982/2151/1022
f 978/2142/1023 973/2129/1023 984/2158/1023
f 971/2126/1024 974/2131/1024 980/2146/1024
f 979/2144/1025 992/2176/1025 988/2167/1025
f 975/2135/1034 969/2121/1034 971/2126/1034
f 970/2124/1035 972/2128/1035 974/2132/1035
f 978/2142/1036 980/2147/1036 974/2133/1036
f 977/2140/1037 976/2138/1037 980/2148/1037
f 987/2164/1038 975/2136/1038 977/2140/1038
f 990/2172/2499 992/2175/2499 979/2145/2499
f 989/2169/1040 988/2167/1040 992/2176/1040
f 987/2165/1041 989/2170/1041 982/2152/1041
f 984/2159/1042 986/2163/1042 991/2174/1042
f 985/2161/1043 983/2155/1043 982/2153/1043
f 969/2121/1044 981/2149/1044 983/2156/1044
f 973/2130/1045 972/2128/1045 985/2161/1045
f 987/2165/1046 981/2150/1046 969/2122/1046
f 1009/2212/1047 996/2183/1047 994/2179/1047
f 1015/2225/1048 1010/2214/1048 1006/2205/1048
f 1002/2197/1049 997/2185/1049 1008/2210/1049
f 995/2180/1050 998/2189/1050 1004/2202/1050
f 1001/2196/1051 1003/2200/1051 1016/2227/1051
f 993/2177/1060 995/2181/1060 1000/2193/1060
f 996/2182/1061 998/2188/1061 995/2181/1061
f 1002/2198/1062 1004/2202/1062 998/2189/1062
f 1001/2195/1063 1000/2194/1063 1004/2202/1063
f 1011/2216/1064 999/2191/1064 1001/2196/1064
f 1014/2224/1065 1016/2228/1065 1003/2201/1065
f 1015/2226/1066 1013/2222/1066 1012/2220/1066
f 1011/2217/1067 1013/2223/1067 1006/2205/1067
f 1008/2210/1068 1010/2215/1068 1015/2226/1068
f 1009/2211/1069 1007/2207/1069 1006/2205/1069
f 993/2177/1070 1005/2204/1070 1007/2208/1070
f 997/2186/1071 996/2183/1071 1009/2212/1071
f 1011/2218/1072 1005/2204/1072 993/2177/1072
f 1033/2265/1073 1020/2237/1073 1018/2233/1073
f 1039/2278/1074 1034/2267/1074 1030/2259/1074
f 1026/2248/1075 1021/2239/1075 1032/2263/1075
f 1022/2240/1076 1028/2254/1076 1024/2244/1076
f 1027/2251/1077 1040/2280/1077 1036/2269/1077
f 1017/2229/1086 1019/2235/1086 1024/2244/1086
f 1020/2238/1087 1022/2241/1087 1019/2236/1087
f 1026/2248/1088 1028/2253/1088 1022/2241/1088
f 1025/2246/2500 1024/2244/2500 1028/2254/2500
f 1023/2243/2083 1025/2247/2083 1036/2270/2083
f 1026/2249/1091 1038/2275/1091 1040/2280/1091
f 1039/2277/1092 1037/2272/1092 1036/2270/1092
f 1035/2268/1093 1037/2272/1093 1030/2258/1093
f 1032/2262/1094 1034/2267/1094 1039/2278/1094
f 1033/2266/1095 1031/2260/1095 1030/2259/1095
f 1017/2230/1096 1029/2255/1096 1031/2261/1096
f 1032/2263/1097 1021/2239/1097 1020/2238/1097
f 1035/2268/1098 1029/2256/1098 1017/2231/1098
f 1055/2315/1099 1057/2319/1099 1044/2289/1099
f 1063/2333/1100 1058/2321/1100 1054/2312/1100
f 1062/2331/2361 1050/2302/2361 1045/2291/2361
f 1043/2285/1102 1046/2294/1102 1052/2308/1102
f 1051/2306/1103 1064/2336/1103 1060/2327/1103
f 1041/2282/1112 1043/2286/1112 1048/2298/1112
f 1044/2289/2085 1046/2293/2085 1043/2287/2085
f 1050/2303/2086 1052/2308/2086 1046/2294/2086
f 1051/2306/1115 1049/2301/1115 1048/2299/1115
f 1047/2295/1116 1049/2301/1116 1060/2327/1116
f 1050/2304/1117 1062/2330/1117 1064/2336/1117
f 1063/2334/2501 1061/2328/2501 1060/2327/2501
f 1053/2309/1119 1059/2324/1119 1061/2329/1119
f 1062/2331/1120 1056/2316/1120 1058/2322/1120
f 1057/2319/1121 1055/2315/1121 1054/2313/1121
f 1053/2310/1122 1055/2315/1122 1042/2284/1122
f 1056/2317/1123 1045/2292/1123 1044/2289/1123
f 1047/2296/2502 1059/2325/2502 1053/2311/2502
f 1081/2373/1125 1068/2345/1125 1066/2341/1125
f 1087/2387/2503 1082/2375/2503 1078/2366/2503
f 1086/2385/1127 1074/2358/1127 1069/2347/1127
f 1070/2350/1128 1076/2362/1128 1072/2354/1128
f 1073/2357/2504 1075/2360/2504 1088/2389/2504
f 1065/2337/1138 1067/2343/1138 1072/2354/1138
f 1066/2342/2090 1068/2344/2090 1070/2350/2090
f 1069/2346/1140 1074/2359/1140 1076/2363/1140
f 1073/2356/1141 1072/2355/1141 1076/2363/1141
f 1071/2352/2092 1073/2357/2092 1084/2379/2092
f 1086/2386/2366 1088/2390/2366 1075/2361/2366
f 1087/2387/2505 1085/2382/2505 1084/2380/2505
f 1077/2364/1145 1083/2377/1145 1085/2383/1145
f 1080/2371/1146 1082/2375/1146 1087/2387/1146
f 1079/2369/2367 1078/2367/2367 1082/2376/2367
f 1065/2338/2094 1077/2364/2094 1079/2369/2094
f 1069/2347/1149 1068/2345/1149 1081/2373/1149
f 1083/2378/1150 1077/2365/1150 1065/2339/1150
f 1103/2421/1151 1105/2425/1151 1092/2398/1151
f 1109/2437/1152 1111/2440/1152 1106/2428/1152
f 1110/2438/1153 1098/2412/1153 1093/2400/1153
f 1094/2403/1154 1100/2416/1154 1096/2408/1154
f 1097/2411/1155 1099/2414/1155 1112/2443/1155
f 1089/2391/1164 1091/2396/1164 1096/2408/1164
f 1092/2397/1165 1094/2403/1165 1091/2396/1165
f 1098/2413/1166 1100/2417/1166 1094/2404/1166
f 1099/2415/2506 1097/2410/2506 1096/2409/2506
f 1107/2430/1168 1095/2405/1168 1097/2411/1168
f 1110/2439/2507 1112/2444/2507 1099/2415/2507
f 1111/2441/1170 1109/2436/1170 1108/2434/1170
f 1101/2418/1171 1107/2431/1171 1109/2437/1171
f 1104/2423/1172 1106/2429/1172 1111/2441/1172
f 1105/2426/1173 1103/2422/1173 1102/2420/1173
f 1089/2392/1174 1101/2418/1174 1103/2422/1174
f 1104/2424/1175 1093/2401/1175 1092/2398/1175
f 1095/2406/1176 1107/2432/1176 1101/2419/1176
f 1127/2476/1177 1129/2482/1177 1116/2452/1177
f 1133/2492/1178 1135/2495/1178 1130/2485/1178
f 1122/2466/1179 1117/2454/1179 1128/2479/1179
f 1118/2457/1180 1124/2471/1180 1120/2462/1180
f 1123/2469/1181 1136/2497/1181 1132/2488/1181
f 1113/2445/1190 1115/2450/1190 1120/2461/1190
f 1116/2451/2104 1118/2456/2104 1115/2450/2104
f 1122/2467/2370 1124/2471/2370 1118/2457/2370
f 1121/2463/1193 1120/2462/1193 1124/2471/1193
f 1131/2487/1194 1119/2459/1194 1121/2464/1194
f 1134/2494/1195 1136/2498/1195 1123/2470/1195
f 1133/2491/1196 1132/2489/1196 1136/2498/1196
f 1125/2472/2106 1131/2486/2106 1133/2492/2106
f 1128/2480/1198 1130/2484/1198 1135/2496/1198
f 1127/2477/1199 1126/2475/1199 1130/2485/1199
f 1113/2445/1200 1125/2473/1200 1127/2478/1200
f 1117/2454/1201 1116/2452/1201 1129/2482/1201
f 1131/2487/1202 1125/2474/1202 1113/2446/1202
f 1153/2537/1203 1140/2506/1203 1138/2501/1203
f 1159/2547/1204 1154/2538/1204 1150/2529/1204
f 1146/2517/1205 1141/2507/1205 1152/2533/1205
f 1139/2504/1206 1142/2509/1206 1148/2523/1206
f 1147/2519/1207 1160/2549/1207 1156/2541/1207
f 1137/2499/1216 1139/2504/1216 1144/2514/1216
f 1140/2506/1217 1142/2510/1217 1139/2505/1217
f 1141/2508/1218 1146/2518/1218 1148/2524/1218
f 1147/2520/1219 1145/2515/1219 1144/2514/1219
f 1155/2539/1220 1143/2513/1220 1145/2516/1220
f 1158/2544/1221 1160/2550/1221 1147/2521/1221
f 1159/2548/1222 1157/2543/1222 1156/2541/1222
f 1155/2539/1223 1157/2543/1223 1150/2528/1223
f 1158/2545/1224 1152/2534/1224 1154/2538/1224
f 1151/2531/1225 1150/2529/1225 1154/2538/1225
f 1149/2526/1226 1151/2532/1226 1138/2502/1226
f 1152/2535/1227 1141/2508/1227 1140/2506/1227
f 1155/2540/1228 1149/2526/1228 1137/2500/1228
f 1177/2588/1229 1164/2558/1229 1162/2555/1229
f 1183/2600/1230 1178/2589/1230 1174/2581/1230
f 1170/2570/1231 1165/2560/1231 1176/2585/1231
f 1166/2561/1232 1172/2576/1232 1168/2566/1232
f 1169/2567/1233 1171/2573/1233 1184/2602/1233
f 1167/2564/1242 1161/2552/1242 1163/2557/1242
f 1162/2555/1243 1164/2558/1243 1166/2562/1243
f 1170/2570/1244 1172/2575/1244 1166/2563/1244
f 1169/2568/1245 1168/2566/1245 1172/2576/1245
f 1179/2590/1246 1167/2565/1246 1169/2569/1246
f 1170/2571/1247 1182/2598/1247 1184/2602/1247
f 1183/2599/1248 1181/2594/1248 1180/2592/1248
f 1173/2578/1249 1179/2590/1249 1181/2595/1249
f 1176/2584/1250 1178/2589/1250 1183/2600/1250
f 1175/2582/1251 1174/2581/1251 1178/2589/1251
f 1173/2577/1252 1175/2583/1252 1162/2555/1252
f 1176/2585/1253 1165/2560/1253 1164/2559/1253
f 1179/2590/1254 1173/2578/1254 1161/2553/1254
f 1199/2637/1255 1201/2642/1255 1188/2610/1255
f 1207/2656/1256 1202/2644/1256 1198/2635/1256
f 1194/2625/1257 1189/2614/1257 1200/2639/1257
f 1187/2609/2110 1190/2616/2110 1196/2630/2110
f 1193/2621/1259 1195/2628/1259 1208/2657/1259
f 1191/2617/1268 1185/2604/1268 1187/2609/1268
f 1186/2607/1269 1188/2611/1269 1190/2616/1269
f 1189/2613/1270 1194/2626/1270 1196/2630/1270
f 1193/2622/1271 1192/2620/1271 1196/2630/1271
f 1203/2646/1272 1191/2618/1272 1193/2623/1272
f 1206/2654/1273 1208/2657/1273 1195/2628/1273
f 1205/2651/1274 1204/2649/1274 1208/2658/1274
f 1197/2631/1275 1203/2645/1275 1205/2651/1275
f 1200/2638/1276 1202/2644/1276 1207/2656/1276
f 1199/2636/1277 1198/2635/1277 1202/2644/1277
f 1185/2605/1278 1197/2632/1278 1199/2637/1278
f 1200/2639/1279 1189/2614/1279 1188/2612/1279
f 1191/2618/1280 1203/2646/1280 1197/2633/1280
f 1225/2694/1281 1212/2666/1281 1210/2661/1281
f 1229/2704/1282 1231/2707/1282 1226/2696/1282
f 1218/2679/1283 1213/2668/1283 1224/2693/1283
f 1211/2662/1284 1214/2671/1284 1220/2683/1284
f 1219/2682/1285 1232/2710/1285 1228/2702/1285
f 1209/2659/1294 1211/2663/1294 1216/2675/1294
f 1212/2666/1295 1214/2670/1295 1211/2664/1295
f 1218/2678/2118 1220/2683/2118 1214/2671/2118
f 1217/2677/2508 1216/2676/2508 1220/2684/2508
f 1215/2673/1298 1217/2677/1298 1228/2702/1298
f 1218/2679/1299 1230/2705/1299 1232/2709/1299
f 1229/2703/1300 1228/2702/1300 1232/2710/1300
f 1221/2685/1301 1227/2699/1301 1229/2704/1301
f 1224/2693/1302 1226/2697/1302 1231/2708/1302
f 1225/2694/1303 1223/2690/1303 1222/2688/1303
f 1209/2659/1304 1221/2686/1304 1223/2691/1304
f 1213/2669/1305 1212/2666/1305 1225/2694/1305
f 1227/2700/1306 1221/2686/1306 1209/2659/1306
f 1249/2748/1307 1236/2718/1307 1234/2714/1307
f 1253/2758/1308 1255/2761/1308 1250/2750/1308
f 1254/2759/1309 1242/2732/1309 1237/2720/1309
f 1235/2715/1310 1238/2722/1310 1244/2737/1310
f 1243/2734/1311 1256/2763/1311 1252/2754/1311
f 1239/2724/1320 1233/2711/1320 1235/2716/1320
f 1236/2717/1321 1238/2723/1321 1235/2716/1321
f 1237/2719/1322 1242/2733/1322 1244/2737/1322
f 1243/2735/1323 1241/2729/1323 1240/2728/1323
f 1251/2753/1324 1239/2725/1324 1241/2730/1324
f 1254/2760/1325 1256/2764/1325 1243/2736/1325
f 1255/2762/1326 1253/2757/1326 1252/2755/1326
f 1245/2738/1327 1251/2752/1327 1253/2758/1327
f 1248/2746/2120 1250/2751/2120 1255/2762/2120
f 1249/2747/1329 1247/2743/1329 1246/2741/1329
f 1233/2711/1330 1245/2739/1330 1247/2744/1330
f 1237/2720/2121 1236/2718/2121 1249/2748/2121
f 1251/2753/1332 1245/2740/1332 1233/2712/1332
f 1271/2793/1333 1273/2799/1333 1260/2771/1333
f 1277/2808/1334 1279/2810/1334 1274/2802/1334
f 1266/2785/1335 1261/2772/1335 1272/2797/1335
f 1259/2769/1336 1262/2775/1336 1268/2789/1336
f 1265/2783/1337 1267/2788/1337 1280/2813/1337
f 1263/2777/2127 1257/2765/2127 1259/2770/2127
f 1258/2766/1347 1260/2771/1347 1262/2776/1347
f 1261/2773/1348 1266/2784/1348 1268/2789/1348
f 1265/2782/1349 1264/2781/1349 1268/2789/1349
f 1263/2778/1350 1265/2783/1350 1276/2806/1350
f 1266/2785/1351 1278/2809/1351 1280/2814/1351
f 1279/2811/1352 1277/2807/1352 1276/2806/1352
f 1269/2790/1353 1275/2804/1353 1277/2808/1353
f 1272/2797/1354 1274/2801/1354 1279/2812/1354
f 1271/2794/1355 1270/2792/1355 1274/2802/1355
f 1269/2791/1356 1271/2795/1356 1258/2767/1356
f 1261/2774/1357 1260/2771/1357 1273/2799/1357
f 1275/2805/1358 1269/2791/1358 1257/2765/1358
f 1297/2849/1359 1284/2822/1359 1282/2819/1359
f 1301/2857/1360 1303/2861/1360 1298/2851/1360
f 1302/2859/1361 1290/2834/1361 1285/2823/1361
f 1283/2820/1362 1286/2826/1362 1292/2837/1362
f 1289/2833/1363 1291/2835/1363 1304/2862/1363
f 1287/2829/1372 1281/2815/1372 1283/2820/1372
f 1284/2821/2393 1286/2826/2393 1283/2820/2393
f 1290/2834/1374 1292/2838/1374 1286/2827/1374
f 1289/2833/1375 1288/2832/1375 1292/2839/1375
f 1299/2852/2131 1287/2830/2131 1289/2833/2131
f 1302/2859/1377 1304/2863/1377 1291/2836/1377
f 1301/2857/1378 1300/2855/1378 1304/2864/1378
f 1293/2840/1379 1299/2853/1379 1301/2858/1379
f 1302/2860/1380 1296/2848/1380 1298/2851/1380
f 1297/2849/1381 1295/2844/1381 1294/2843/1381
f 1281/2816/1382 1293/2840/1382 1295/2845/1382
f 1285/2824/1383 1284/2822/1383 1297/2849/1383
f 1299/2853/1384 1293/2840/1384 1281/2816/1384
f 1321/2899/1385 1308/2871/1385 1306/2868/1385
f 1327/2913/1386 1322/2902/1386 1318/2894/1386
f 1326/2909/1387 1314/2884/1387 1309/2873/1387
f 1307/2869/1388 1310/2875/1388 1316/2889/1388
f 1313/2880/1389 1315/2886/1389 1328/2914/1389
f 1311/2877/1398 1305/2866/1398 1307/2869/1398
f 1308/2871/2134 1310/2876/2134 1307/2870/2134
f 1309/2873/2135 1314/2884/2135 1316/2888/2135
f 1313/2881/1401 1312/2879/1401 1316/2889/1401
f 1323/2903/1402 1311/2878/1402 1313/2882/1402
f 1326/2910/2136 1328/2914/2136 1315/2886/2136
f 1325/2907/1404 1324/2905/1404 1328/2914/1404
f 1323/2903/2509 1325/2908/2509 1318/2893/2509
f 1326/2911/1406 1320/2898/1406 1322/2902/1406
f 1321/2900/1407 1319/2895/1407 1318/2894/1407
f 1317/2890/2138 1319/2896/2138 1306/2868/2138
f 1309/2873/1409 1308/2872/1409 1321/2901/1409
f 1323/2903/1410 1317/2891/1410 1305/2867/1410
f 1343/2944/1411 1345/2949/1411 1332/2922/1411
f 1349/2957/1412 1351/2961/1412 1346/2950/1412
f 1350/2960/1413 1338/2934/1413 1333/2923/1413
f 1331/2920/1414 1334/2927/1414 1340/2938/1414
f 1339/2935/1415 1352/2963/1415 1348/2954/1415
f 1329/2916/1424 1331/2920/1424 1336/2931/1424
f 1332/2921/1425 1334/2927/1425 1331/2920/1425
f 1333/2923/1426 1338/2934/1426 1340/2939/1426
f 1339/2935/1427 1337/2933/1427 1336/2932/1427
f 1347/2952/1428 1335/2929/1428 1337/2933/1428
f 1350/2960/1429 1352/2964/1429 1339/2936/1429
f 1351/2961/1430 1349/2957/1430 1348/2955/1430
f 1341/2940/1431 1347/2953/1431 1349/2958/1431
f 1344/2948/1432 1346/2950/1432 1351/2961/1432
f 1343/2944/1433 1342/2943/1433 1346/2951/1433
f 1341/2940/1434 1343/2945/1434 1330/2919/1434
f 1333/2924/1435 1332/2922/1435 1345/2949/1435
f 1335/2930/1436 1347/2953/1436 1341/2940/1436
f 1369/3000/1437 1356/2974/1437 1354/2967/1437
f 1373/3008/2143 1375/3013/2143 1370/3001/2143
f 1362/2985/1439 1357/2975/1439 1368/2998/1439
f 1358/2978/2144 1364/2990/2144 1360/2981/2144
f 1363/2987/1441 1376/3014/1441 1372/3006/1441
f 1359/2979/1450 1353/2966/1450 1355/2972/1450
f 1354/2968/1451 1356/2973/1451 1358/2978/1451
f 1357/2976/2148 1362/2984/2148 1364/2990/2148
f 1363/2987/1453 1361/2983/1453 1360/2982/1453
f 1359/2979/2149 1361/2983/2149 1372/3006/2149
f 1362/2985/1455 1374/3009/1455 1376/3015/1455
f 1373/3008/2510 1372/3007/2510 1376/3016/2510
f 1371/3004/2511 1373/3008/2511 1366/2994/2511
f 1374/3010/1458 1368/2999/1458 1370/3002/1458
f 1369/3000/2152 1367/2996/2152 1366/2995/2152
f 1365/2992/1460 1367/2997/1460 1354/2969/1460
f 1357/2977/2512 1356/2974/2512 1369/3000/2512
f 1359/2980/1462 1371/3005/1462 1365/2992/1462
f 1393/3053/1463 1380/3025/1463 1378/3021/1463
f 1397/3059/1464 1399/3065/1464 1394/3055/1464
f 1398/3061/1465 1386/3036/1465 1381/3027/1465
f 1382/3028/1466 1388/3041/1466 1384/3032/1466
f 1387/3038/1467 1400/3068/1467 1396/3057/1467
f 1383/3030/1476 1377/3019/1476 1379/3023/1476
f 1380/3026/2513 1382/3029/2513 1379/3024/2513
f 1381/3027/1478 1386/3036/1478 1388/3042/1478
f 1387/3039/1479 1385/3034/1479 1384/3032/1479
f 1383/3031/2156 1385/3035/2156 1396/3058/2156
f 1386/3037/1481 1398/3062/1481 1400/3068/1481
f 1399/3066/2514 1397/3060/2514 1396/3058/2514
f 1389/3044/1483 1395/3056/1483 1397/3060/1483
f 1398/3063/1484 1392/3050/1484 1394/3055/1484
f 1393/3054/1485 1391/3048/1485 1390/3047/1485
f 1389/3043/1486 1391/3049/1486 1378/3021/1486
f 1392/3051/2403 1381/3027/2403 1380/3026/2403
f 1383/3031/1488 1395/3056/1488 1389/3044/1488
f 1417/3104/1489 1404/3076/1489 1402/3072/1489
f 1421/3113/1490 1423/3117/1490 1418/3107/1490
f 1410/3090/1491 1405/3077/1491 1416/3101/1491
f 1406/3081/1492 1412/3093/1492 1408/3086/1492
f 1411/3091/1493 1424/3119/1493 1420/3110/1493
f 1401/3069/1502 1403/3074/1502 1408/3086/1502
f 1402/3073/2407 1404/3075/2407 1406/3081/2407
f 1405/3077/2515 1410/3090/2515 1412/3094/2515
f 1411/3092/1505 1409/3088/1505 1408/3087/1505
f 1419/3108/2160 1407/3084/2160 1409/3089/2160
f 1422/3116/1507 1424/3120/1507 1411/3092/1507
f 1423/3117/2161 1421/3113/2161 1420/3111/2161
f 1419/3109/2162 1421/3114/2162 1414/3097/2162
f 1416/3102/1510 1418/3107/1510 1423/3117/1510
f 1417/3103/1511 1415/3099/1511 1414/3097/1511
f 1401/3070/1512 1413/3095/1512 1415/3099/1512
f 1405/3078/1513 1404/3076/1513 1417/3104/1513
f 1419/3109/1514 1413/3095/1514 1401/3070/1514
f 1439/3154/1515 1441/3156/1515 1428/3128/1515
f 1445/3165/1516 1447/3170/1516 1442/3158/1516
f 1434/3139/1517 1429/3132/1517 1440/3155/1517
f 1430/3133/1518 1436/3146/1518 1432/3135/1518
f 1435/3142/1519 1448/3172/1519 1444/3162/1519
f 1431/3134/2411 1425/3122/2411 1427/3126/2411
f 1428/3129/1529 1430/3133/1529 1427/3127/1529
f 1434/3140/1530 1436/3146/1530 1430/3133/1530
f 1435/3143/2165 1433/3138/2165 1432/3136/2165
f 1431/3134/1532 1433/3138/1532 1444/3163/1532
f 1434/3141/1533 1446/3166/1533 1448/3172/1533
f 1447/3170/1534 1445/3165/1534 1444/3164/1534
f 1443/3160/1535 1445/3165/1535 1438/3151/1535
f 1446/3167/1536 1440/3155/1536 1442/3159/1536
f 1439/3153/2412 1438/3152/2412 1442/3159/2412
f 1425/3121/1538 1437/3148/1538 1439/3154/1538
f 1429/3132/1539 1428/3130/1539 1441/3157/1539
f 1443/3161/1540 1437/3149/1540 1425/3122/1540
f 1465/3208/1541 1452/3179/1541 1450/3174/1541
f 1471/3222/1542 1466/3211/1542 1462/3201/1542
f 1458/3193/1543 1453/3180/1543 1464/3206/1543
f 1454/3184/1544 1460/3198/1544 1456/3190/1544
f 1459/3195/1545 1472/3223/1545 1468/3215/1545
f 1449/3173/1554 1451/3177/1554 1456/3189/1554
f 1450/3175/1555 1452/3178/1555 1454/3185/1555
f 1453/3181/1556 1458/3194/1556 1460/3198/1556
f 1459/3196/1557 1457/3191/1557 1456/3190/1557
f 1455/3187/1558 1457/3192/1558 1468/3215/1558
f 1470/3220/1559 1472/3224/1559 1459/3197/1559
f 1469/3218/2516 1468/3216/2516 1472/3224/2516
f 1461/3199/1561 1467/3213/1561 1469/3219/1561
f 1470/3220/1562 1464/3206/1562 1466/3210/1562
f 1463/3203/1563 1462/3201/1563 1466/3211/1563
f 1449/3173/1564 1461/3200/1564 1463/3204/1564
f 1453/3182/1565 1452/3179/1565 1465/3208/1565
f 1467/3214/1566 1461/3200/1566 1449/3173/1566
f 1489/3263/1567 1476/3232/1567 1474/3227/1567
f 1495/3276/1568 1490/3265/1568 1486/3256/1568
f 1494/3272/1569 1482/3245/1569 1477/3234/1569
f 1478/3236/1570 1484/3251/1570 1480/3241/1570
f 1481/3242/1571 1483/3248/1571 1496/3277/1571
f 1473/3225/1580 1475/3231/1580 1480/3241/1580
f 1474/3228/1581 1476/3233/1581 1478/3237/1581
f 1482/3246/2419 1484/3250/2419 1478/3237/2419
f 1481/3243/2420 1480/3241/2420 1484/3251/2420
f 1491/3266/1584 1479/3239/1584 1481/3244/1584
f 1494/3272/1585 1496/3277/1585 1483/3248/1585
f 1493/3271/1586 1492/3269/1586 1496/3278/1586
f 1485/3252/2171 1491/3266/2171 1493/3271/2171
f 1494/3273/2517 1488/3261/2517 1490/3265/2517
f 1487/3257/1589 1486/3256/1589 1490/3265/1589
f 1473/3226/1590 1485/3253/1590 1487/3258/1590
f 1477/3235/1591 1476/3233/1591 1489/3264/1591
f 1479/3240/1592 1491/3267/1592 1485/3253/1592
f 1511/3308/1593 1513/3313/1593 1500/3286/1593
f 1519/3325/1594 1514/3314/1594 1510/3305/1594
f 1506/3298/1595 1501/3287/1595 1512/3310/1595
f 1502/3290/1596 1508/3302/1596 1504/3295/1596
f 1505/3297/1597 1507/3299/1597 1520/3326/1597
f 1497/3279/1606 1499/3284/1606 1504/3295/1606
f 1498/3283/1607 1500/3285/1607 1502/3290/1607
f 1506/3298/1608 1508/3303/1608 1502/3291/1608
f 1507/3299/1609 1505/3297/1609 1504/3296/1609
f 1515/3316/1610 1503/3294/1610 1505/3297/1610
f 1518/3324/2518 1520/3327/2518 1507/3300/2518
f 1517/3321/1612 1516/3319/1612 1520/3328/1612
f 1515/3317/1613 1517/3322/1613 1510/3306/1613
f 1512/3311/1614 1514/3314/1614 1519/3325/1614
f 1511/3308/2178 1510/3307/2178 1514/3315/2178
f 1497/3280/2179 1509/3304/2179 1511/3309/2179
f 1512/3312/1617 1501/3288/1617 1500/3286/1617
f 1515/3317/1618 1509/3304/1618 1497/3280/1618
f 1535/3360/1619 1537/3365/1619 1524/3337/1619
f 1543/3377/1620 1538/3366/1620 1534/3358/1620
f 1530/3350/1621 1525/3339/1621 1536/3362/1621
f 1523/3335/1622 1526/3340/1622 1532/3353/1622
f 1531/3351/1623 1544/3380/1623 1540/3369/1623
f 1521/3331/1632 1523/3335/1632 1528/3344/1632
f 1524/3338/1633 1526/3341/1633 1523/3336/1633
f 1530/3350/1634 1532/3354/1634 1526/3341/1634
f 1531/3351/1635 1529/3347/1635 1528/3345/1635
f 1539/3368/2429 1527/3343/2429 1529/3348/2429
f 1542/3374/1637 1544/3380/1637 1531/3351/1637
f 1543/3378/1638 1541/3372/1638 1540/3370/1638
f 1533/3356/1639 1539/3368/1639 1541/3372/1639
f 1542/3375/1640 1536/3361/1640 1538/3366/1640
f 1535/3360/1641 1534/3359/1641 1538/3367/1641
f 1533/3355/1642 1535/3360/1642 1522/3333/1642
f 1536/3362/1643 1525/3339/1643 1524/3338/1643
f 1527/3343/1644 1539/3368/1644 1533/3356/1644
f 1561/3415/1645 1548/3388/1645 1546/3383/1645
f 1567/3428/1646 1562/3418/1646 1558/3409/1646
f 1554/3401/1647 1549/3389/1647 1560/3413/1647
f 1547/3386/1648 1550/3393/1648 1556/3406/1648
f 1555/3404/1649 1568/3430/1649 1564/3423/1649
f 1551/3394/1658 1545/3381/1658 1547/3385/1658
f 1548/3387/1659 1550/3393/1659 1547/3386/1659
f 1549/3390/1660 1554/3402/1660 1556/3406/1660
f 1553/3399/1661 1552/3398/1661 1556/3406/1661
f 1551/3395/1662 1553/3400/1662 1564/3423/1662
f 1566/3427/1663 1568/3431/1663 1555/3405/1663
f 1565/3426/1664 1564/3424/1664 1568/3432/1664
f 1563/3421/1665 1565/3426/1665 1558/3409/1665
f 1560/3413/1666 1562/3419/1666 1567/3429/1666
f 1561/3416/1667 1559/3411/1667 1558/3409/1667
f 1557/3408/1668 1559/3412/1668 1546/3384/1668
f 1560/3414/1669 1549/3391/1669 1548/3388/1669
f 1563/3422/1670 1557/3408/1670 1545/3381/1670
f 1585/3470/1671 1572/3440/1671 1570/3437/1671
f 1591/3482/1672 1586/3471/1672 1582/3462/1672
f 1578/3453/1673 1573/3442/1673 1584/3467/1673
f 1574/3443/1674 1580/3458/1674 1576/3448/1674
f 1577/3449/1675 1579/3456/1675 1592/3484/1675
f 1569/3435/1684 1571/3439/1684 1576/3448/1684
f 1570/3437/1685 1572/3440/1685 1574/3444/1685
f 1578/3453/1686 1580/3457/1686 1574/3445/1686
f 1577/3450/1687 1576/3448/1687 1580/3458/1687
f 1587/3472/1688 1575/3447/1688 1577/3451/1688
f 1590/3480/1689 1592/3484/1689 1579/3456/1689
f 1589/3476/1690 1588/3474/1690 1592/3484/1690
f 1581/3460/1691 1587/3472/1691 1589/3477/1691
f 1584/3466/1692 1586/3471/1692 1591/3482/1692
f 1583/3464/2188 1582/3462/2188 1586/3471/2188
f 1581/3459/1694 1583/3465/1694 1570/3437/1694
f 1584/3467/1695 1573/3442/1695 1572/3441/1695
f 1575/3447/1696 1587/3472/1696 1581/3460/1696
f 1607/3514/1697 1609/3521/1697 1596/3492/1697
f 1615/3533/1698 1610/3523/1698 1606/3513/1698
f 1614/3532/1699 1602/3505/1699 1597/3493/1699
f 1598/3496/1700 1604/3510/1700 1600/3502/1700
f 1603/3507/1701 1616/3535/1701 1612/3526/1701
f 1599/3498/1710 1593/3485/1710 1595/3490/1710
f 1594/3489/2441 1596/3491/2441 1598/3496/2441
f 1602/3505/1712 1604/3509/1712 1598/3497/1712
f 1601/3503/1713 1600/3502/1713 1604/3510/1713
f 1599/3499/2442 1601/3504/2442 1612/3526/2442
f 1614/3532/1715 1616/3536/1715 1603/3508/1715
f 1615/3533/2519 1613/3529/2519 1612/3527/2519
f 1605/3511/1717 1611/3525/1717 1613/3530/1717
f 1608/3519/2193 1610/3523/2193 1615/3533/2193
f 1607/3515/1719 1606/3513/1719 1610/3523/1719
f 1593/3486/1720 1605/3511/1720 1607/3516/1720
f 1597/3494/2194 1596/3492/2194 1609/3521/2194
f 1599/3500/1722 1611/3525/1722 1605/3511/1722
f 1631/3566/1723 1633/3571/1723 1620/3543/1723
f 1639/3586/1724 1634/3574/1724 1630/3565/1724
f 1638/3584/1725 1626/3557/1725 1621/3544/1725
f 1622/3548/1726 1628/3562/1726 1624/3554/1726
f 1627/3559/1727 1640/3587/1727 1636/3579/1727
f 1617/3537/1736 1619/3541/1736 1624/3553/1736
f 1618/3539/1737 1620/3542/1737 1622/3549/1737
f 1621/3545/1738 1626/3558/1738 1628/3562/1738
f 1627/3560/1739 1625/3555/1739 1624/3554/1739
f 1623/3550/1740 1625/3556/1740 1636/3579/1740
f 1638/3584/1741 1640/3588/1741 1627/3561/1741
f 1637/3582/1742 1636/3580/1742 1640/3588/1742
f 1629/3563/1743 1635/3577/1743 1637/3583/1743
f 1638/3584/1744 1632/3569/1744 1634/3575/1744
f 1633/3572/1745 1631/3567/1745 1630/3565/1745
f 1617/3537/1746 1629/3564/1746 1631/3568/1746
f 1632/3570/1747 1621/3546/1747 1620/3543/1747
f 1623/3551/1748 1635/3578/1748 1629/3564/1748
f 1655/3620/2520 1657/3624/2520 1644/3596/2520
f 1663/3638/1750 1658/3626/1750 1654/3617/1750
f 1662/3635/1751 1650/3610/1751 1645/3598/1751
f 1643/3595/1752 1646/3599/1752 1652/3612/1752
f 1651/3611/1753 1664/3640/1753 1660/3630/1753
f 1641/3589/1762 1643/3595/1762 1648/3604/1762
f 1642/3593/1763 1644/3596/1763 1646/3600/1763
f 1650/3610/1764 1652/3613/1764 1646/3601/1764
f 1649/3607/1765 1648/3605/1765 1652/3614/1765
f 1659/3628/1766 1647/3603/1766 1649/3608/1766
f 1662/3636/1767 1664/3640/1767 1651/3611/1767
f 1663/3637/1768 1661/3632/1768 1660/3630/1768
f 1659/3628/1769 1661/3633/1769 1654/3618/1769
f 1656/3622/1770 1658/3626/1770 1663/3638/1770
f 1655/3620/1771 1654/3619/1771 1658/3627/1771
f 1641/3590/1772 1653/3615/1772 1655/3620/1772
f 1645/3598/1773 1644/3597/1773 1657/3625/1773
f 1659/3628/1774 1653/3616/1774 1641/3591/1774
f 1679/3671/1775 1681/3673/1775 1668/3648/1775
f 1687/3688/1776 1682/3676/1776 1678/3669/1776
f 1686/3685/1777 1674/3661/1777 1669/3652/1777
f 1670/3653/1778 1676/3665/1778 1672/3655/1778
f 1675/3663/1779 1688/3689/1779 1684/3681/1779
f 1665/3642/1788 1667/3646/1788 1672/3656/1788
f 1668/3649/2450 1670/3653/2450 1667/3647/2450
f 1674/3662/2521 1676/3665/2521 1670/3653/2521
f 1675/3663/1791 1673/3658/1791 1672/3657/1791
f 1683/3679/1792 1671/3654/1792 1673/3659/1792
f 1686/3684/1793 1688/3689/1793 1675/3663/1793
f 1685/3683/2522 1684/3682/2522 1688/3690/2522
f 1683/3678/1795 1685/3683/1795 1678/3669/1795
f 1686/3685/2523 1680/3672/2523 1682/3677/2523
f 1681/3673/1797 1679/3671/1797 1678/3670/1797
f 1665/3641/1798 1677/3667/1798 1679/3671/1798
f 1669/3652/1799 1668/3650/1799 1681/3674/1799
f 1683/3679/1800 1677/3668/1800 1665/3642/1800
f 1705/3726/1801 1692/3698/1801 1690/3695/1801
f 1709/3731/2524 1711/3737/2524 1706/3727/2524
f 1710/3735/1803 1698/3710/1803 1693/3699/1803
f 1691/3696/1804 1694/3701/1804 1700/3715/1804
f 1699/3713/1805 1712/3740/1805 1708/3730/1805
f 1689/3691/1814 1691/3696/1814 1696/3707/1814
f 1692/3698/2525 1694/3702/2525 1691/3697/2525
f 1698/3710/1816 1700/3714/1816 1694/3703/1816
f 1697/3708/2208 1696/3707/2208 1700/3715/2208
f 1695/3706/1818 1697/3709/1818 1708/3730/1818
f 1698/3710/2209 1710/3735/2209 1712/3739/2209
f 1709/3732/1820 1708/3730/1820 1712/3740/1820
f 1701/3716/1821 1707/3729/1821 1709/3733/1821
f 1704/3724/1822 1706/3727/1822 1711/3737/1822
f 1705/3725/2211 1703/3720/2211 1702/3718/2211
f 1689/3692/1824 1701/3716/1824 1703/3721/1824
f 1693/3700/1825 1692/3698/1825 1705/3726/1825
f 1707/3729/1826 1701/3716/1826 1689/3692/1826
f 1729/3775/1827 1716/3747/1827 1714/3745/1827
f 1735/3788/1828 1730/3778/1828 1726/3769/1828
f 1734/3786/1829 1722/3760/1829 1717/3750/1829
f 1718/3751/1830 1724/3764/1830 1720/3755/1830
f 1721/3758/1831 1723/3762/1831 1736/3789/1831
f 1713/3743/2455 1715/3746/2455 1720/3755/2455
f 1716/3748/2526 1718/3751/2526 1715/3746/2526
f 1722/3760/1842 1724/3765/1842 1718/3752/1842
f 1723/3762/1843 1721/3758/1843 1720/3756/1843
f 1731/3779/1844 1719/3754/1844 1721/3759/1844
f 1722/3761/1845 1734/3787/1845 1736/3789/1845
f 1733/3783/1846 1732/3782/1846 1736/3790/1846
f 1725/3767/1847 1731/3779/1847 1733/3784/1847
f 1728/3773/1848 1730/3778/1848 1735/3788/1848
f 1729/3775/1849 1727/3771/1849 1726/3770/1849
f 1725/3766/1850 1727/3771/1850 1714/3745/1850
f 1717/3750/1851 1716/3749/1851 1729/3776/1851
f 1719/3754/1852 1731/3779/1852 1725/3767/1852
f 1753/3827/2218 1740/3799/2218 1738/3794/2218
f 1759/3840/1854 1754/3829/1854 1750/3821/1854
f 1746/3812/1855 1741/3802/1855 1752/3825/1855
f 1742/3804/1856 1748/3817/1856 1744/3807/1856
f 1747/3815/1857 1760/3844/1857 1756/3835/1857
f 1743/3805/2527 1737/3792/2527 1739/3796/2527
f 1740/3799/1867 1742/3803/1867 1739/3797/1867
f 1746/3813/1868 1748/3817/1868 1742/3804/1868
f 1747/3815/1869 1745/3809/1869 1744/3808/1869
f 1755/3832/2222 1743/3805/2222 1745/3810/2222
f 1758/3839/1871 1760/3844/1871 1747/3815/1871
f 1759/3841/1872 1757/3836/1872 1756/3835/1872
f 1755/3831/1873 1757/3837/1873 1750/3821/1873
f 1752/3825/2528 1754/3830/2528 1759/3842/2528
f 1753/3827/1875 1751/3824/1875 1750/3822/1875
f 1737/3791/1876 1749/3819/1876 1751/3824/1876
f 1752/3825/1877 1741/3802/1877 1740/3800/1877
f 1755/3832/1878 1749/3820/1878 1737/3792/1878
f 1777/3883/7 1764/3852/7 1762/3849/7
f 1783/3898/8 1778/3886/8 1774/3877/8
f 1770/3866/9 1765/3856/9 1776/3880/9
f 1763/3851/1879 1766/3858/1879 1772/3872/1879
f 1771/3869/11 1784/3900/11 1780/3889/11
f 1767/3859/20 1761/3847/20 1763/3851/20
f 1762/3848/21 1764/3853/21 1766/3858/21
f 1765/3855/2529 1770/3867/2529 1772/3872/2529
f 1771/3870/1883 1769/3864/1883 1768/3862/1883
f 1767/3860/24 1769/3865/24 1780/3890/24
f 1770/3868/25 1782/3896/25 1784/3900/25
f 1783/3898/26 1781/3893/26 1780/3891/26
f 1779/3887/2530 1781/3893/2530 1774/3877/2530
f 1776/3881/28 1778/3886/28 1783/3898/28
f 1775/3878/1886 1774/3877/1886 1778/3886/1886
f 1773/3874/30 1775/3879/30 1762/3849/30
f 1765/3856/31 1764/3854/31 1777/3884/31
f 1767/3860/32 1779/3888/32 1773/3875/32
f 1801/3935/33 1788/3907/33 1786/3904/33
f 1807/3949/34 1802/3938/34 1798/3930/34
f 1806/3945/35 1794/3920/35 1789/3909/35
f 1790/3911/2229 1796/3925/2229 1792/3915/2229
f 1793/3916/37 1795/3922/37 1808/3950/37
f 1785/3903/46 1787/3906/46 1792/3915/46
f 1786/3904/47 1788/3907/47 1790/3912/47
f 1789/3909/48 1794/3920/48 1796/3924/48
f 1793/3917/2459 1792/3915/2459 1796/3925/2459
f 1803/3939/50 1791/3914/50 1793/3918/50
f 1806/3946/2233 1808/3950/2233 1795/3922/2233
f 1805/3943/52 1804/3941/52 1808/3950/52
f 1803/3939/53 1805/3944/53 1798/3929/53
f 1806/3947/54 1800/3934/54 1802/3938/54
f 1801/3936/1890 1799/3931/1890 1798/3930/1890
f 1797/3926/56 1799/3932/56 1786/3904/56
f 1789/3909/57 1788/3908/57 1801/3937/57
f 1791/3914/58 1803/3939/58 1797/3927/58
f 1825/3984/59 1812/3957/59 1810/3952/59
f 1831/3996/60 1826/3987/60 1822/3978/60
f 1818/3970/61 1813/3959/61 1824/3982/61
f 1814/3962/62 1820/3975/62 1816/3967/62
f 1817/3969/63 1819/3973/63 1832/3999/63
f 1815/3963/72 1809/3951/72 1811/3956/72
f 1810/3952/73 1812/3957/73 1814/3961/73
f 1818/3971/74 1820/3975/74 1814/3962/74
f 1817/3968/75 1816/3967/75 1820/3975/75
f 1827/3989/76 1815/3964/76 1817/3969/76
f 1830/3995/77 1832/4000/77 1819/3974/77
f 1831/3997/2531 1829/3993/2531 1828/3992/2531
f 1821/3976/79 1827/3990/79 1829/3994/79
f 1824/3982/80 1826/3988/80 1831/3998/80
f 1825/3985/81 1823/3980/81 1822/3978/81
f 1821/3977/82 1823/3981/82 1810/3953/82
f 1824/3983/83 1813/3960/83 1812/3957/83
f 1827/3991/84 1821/3977/84 1809/3951/84
f 1847/4035/85 1849/4039/85 1836/4009/85
f 1853/4049/86 1855/4054/86 1850/4041/86
f 1854/4051/87 1842/4023/87 1837/4011/87
f 1835/4006/88 1838/4014/88 1844/4028/88
f 1843/4026/89 1856/4056/89 1852/4047/89
f 1839/4015/98 1833/4002/98 1835/4007/98
f 1834/4004/99 1836/4009/99 1838/4013/99
f 1842/4024/100 1844/4028/100 1838/4014/100
f 1843/4026/2532 1841/4021/2532 1840/4019/2532
f 1839/4016/102 1841/4021/102 1852/4047/102
f 1854/4050/103 1856/4056/103 1843/4026/103
f 1853/4048/104 1852/4047/104 1856/4056/104
f 1845/4029/105 1851/4044/105 1853/4049/105
f 1854/4051/106 1848/4037/106 1850/4042/106
f 1849/4039/2238 1847/4035/2238 1846/4033/2238
f 1833/4001/108 1845/4030/108 1847/4035/108
f 1837/4012/109 1836/4009/109 1849/4039/109
f 1851/4045/110 1845/4031/110 1833/4002/110
f 1871/4086/111 1873/4091/111 1860/4064/111
f 1877/4099/112 1879/4103/112 1874/4092/112
f 1866/4076/113 1861/4065/113 1872/4089/113
f 1862/4068/114 1868/4080/114 1864/4073/114
f 1865/4075/115 1867/4077/115 1880/4104/115
f 1863/4070/124 1857/4057/124 1859/4062/124
f 1860/4063/125 1862/4068/125 1859/4062/125
f 1866/4076/126 1868/4081/126 1862/4069/126
f 1867/4077/127 1865/4075/127 1864/4074/127
f 1875/4094/128 1863/4071/128 1865/4075/128
f 1878/4101/129 1880/4105/129 1867/4078/129
f 1877/4099/130 1876/4097/130 1880/4106/130
f 1869/4082/131 1875/4095/131 1877/4100/131
f 1878/4102/132 1872/4090/132 1874/4092/132
f 1871/4086/133 1870/4085/133 1874/4093/133
f 1857/4058/134 1869/4082/134 1871/4087/134
f 1861/4066/2243 1860/4064/2243 1873/4091/2243
f 1863/4072/136 1875/4095/136 1869/4082/136
f 1897/4142/2533 1884/4114/2533 1882/4110/2533
f 1901/4151/138 1903/4155/138 1898/4144/138
f 1890/4125/139 1885/4118/139 1896/4141/139
f 1886/4119/140 1892/4131/140 1888/4121/140
f 1889/4123/1909 1891/4129/1909 1904/4157/1909
f 1887/4120/150 1881/4108/150 1883/4113/150
f 1882/4109/2245 1884/4115/2245 1886/4119/2245
f 1890/4126/152 1892/4131/152 1886/4119/152
f 1889/4124/153 1888/4122/153 1892/4132/153
f 1899/4147/154 1887/4120/154 1889/4124/154
f 1890/4127/1914 1902/4153/1914 1904/4157/1914
f 1901/4151/156 1900/4150/156 1904/4158/156
f 1899/4146/157 1901/4151/157 1894/4137/157
f 1896/4141/158 1898/4145/158 1903/4156/158
f 1895/4139/159 1894/4138/159 1898/4145/159
f 1893/4134/160 1895/4140/160 1882/4110/160
f 1885/4118/161 1884/4116/161 1897/4143/161
f 1887/4120/162 1899/4147/162 1893/4135/162
f 1921/4196/163 1908/4167/163 1906/4163/163
f 1925/4203/164 1927/4209/164 1922/4197/164
f 1914/4180/165 1909/4168/165 1920/4193/165
f 1910/4170/166 1916/4184/166 1912/4176/166
f 1913/4179/167 1915/4182/167 1928/4212/167
f 1905/4159/176 1907/4165/176 1912/4176/176
f 1906/4163/177 1908/4167/177 1910/4171/177
f 1914/4180/178 1916/4185/178 1910/4172/178
f 1915/4182/179 1913/4179/179 1912/4177/179
f 1923/4199/2534 1911/4175/2534 1913/4179/2534
f 1914/4180/1922 1926/4207/1922 1928/4211/1922
f 1925/4204/182 1924/4202/182 1928/4212/182
f 1923/4200/183 1925/4205/183 1918/4188/183
f 1920/4194/184 1922/4197/184 1927/4209/184
f 1919/4190/185 1918/4189/185 1922/4198/185
f 1905/4160/1923 1917/4186/1923 1919/4191/1923
f 1909/4169/187 1908/4167/187 1921/4196/187
f 1923/4200/188 1917/4186/188 1905/4160/188
f 1943/4241/189 1945/4247/189 1932/4219/189
f 1951/4258/190 1946/4249/190 1942/4240/190
f 1938/4233/191 1933/4221/191 1944/4245/191
f 1934/4224/192 1940/4237/192 1936/4229/192
f 1939/4236/193 1952/4261/193 1948/4254/193
f 1929/4213/1927 1931/4217/1927 1936/4228/1927
f 1932/4219/203 1934/4223/203 1931/4218/203
f 1938/4232/204 1940/4237/204 1934/4224/204
f 1937/4230/205 1936/4229/205 1940/4237/205
f 1935/4226/206 1937/4231/206 1948/4254/206
f 1938/4233/207 1950/4257/207 1952/4262/207
f 1951/4259/208 1949/4255/208 1948/4254/208
f 1941/4238/209 1947/4252/209 1949/4256/209
f 1944/4245/210 1946/4250/210 1951/4260/210
f 1945/4246/211 1943/4242/211 1942/4240/211
f 1929/4213/2535 1941/4239/2535 1943/4243/2535
f 1933/4222/213 1932/4219/213 1945/4247/213
f 1947/4253/214 1941/4239/214 1929/4213/214
f 1969/4301/215 1956/4270/215 1954/4266/215
f 1975/4314/216 1970/4303/216 1966/4294/216
f 1974/4310/217 1962/4283/217 1957/4272/217
f 1955/4268/218 1958/4274/218 1964/4289/218
f 1961/4280/219 1963/4286/219 1976/4315/219
f 1959/4277/228 1953/4263/228 1955/4268/228
f 1956/4271/2257 1958/4275/2257 1955/4269/2257
f 1962/4284/230 1964/4288/230 1958/4275/230
f 1961/4281/2258 1960/4279/2258 1964/4289/2258
f 1971/4304/232 1959/4278/232 1961/4282/232
f 1974/4310/233 1976/4315/233 1963/4286/233
f 1973/4309/234 1972/4307/234 1976/4316/234
f 1965/4290/2260 1971/4304/2260 1973/4309/2260
f 1974/4311/236 1968/4299/236 1970/4303/236
f 1967/4295/1932 1966/4294/1932 1970/4303/1932
f 1965/4291/238 1967/4296/238 1954/4266/238
f 1957/4273/239 1956/4271/239 1969/4302/239
f 1971/4305/240 1965/4291/240 1953/4264/240
f 1993/4350/241 1980/4323/241 1978/4318/241
f 1999/4362/242 1994/4353/242 1990/4344/242
f 1998/4361/243 1986/4337/243 1981/4324/243
f 1982/4327/244 1988/4341/244 1984/4333/244
f 1987/4339/245 2000/4365/245 1996/4358/245
f 1983/4329/1934 1977/4317/1934 1979/4321/1934
f 1980/4323/255 1982/4328/255 1979/4322/255
f 1981/4325/256 1986/4336/256 1988/4341/256
f 1987/4340/2265 1985/4334/2265 1984/4333/2265
f 1995/4355/258 1983/4330/258 1985/4335/258
f 1986/4337/259 1998/4361/259 2000/4366/259
f 1999/4363/260 1997/4359/260 1996/4358/260
f 1989/4342/2536 1995/4356/2536 1997/4360/2536
f 1992/4348/2267 1994/4354/2267 1999/4364/2267
f 1993/4351/1935 1991/4346/1935 1990/4344/1935
f 1989/4343/264 1991/4347/264 1978/4319/264
f 1992/4349/265 1981/4326/265 1980/4323/265
f 1995/4357/266 1989/4343/266 1977/4317/266
f 2017/4401/267 2004/4373/267 2002/4369/267
f 2021/4410/268 2023/4414/268 2018/4403/268
f 2010/4386/269 2005/4374/269 2016/4398/269
f 2006/4377/270 2012/4391/270 2008/4382/270
f 2009/4385/271 2011/4388/271 2024/4416/271
f 2001/4367/280 2003/4372/280 2008/4381/280
f 2002/4369/281 2004/4373/281 2006/4378/281
f 2005/4375/282 2010/4387/282 2012/4391/282
f 2011/4389/283 2009/4384/283 2008/4382/283
f 2007/4380/284 2009/4385/284 2020/4408/284
f 2022/4411/2466 2024/4415/2466 2011/4390/2466
f 2021/4409/286 2020/4408/286 2024/4416/286
f 2019/4406/287 2021/4410/287 2014/4394/287
f 2022/4411/288 2016/4398/288 2018/4404/288
f 2017/4402/289 2015/4396/289 2014/4394/289
f 2001/4367/2467 2013/4393/2467 2015/4397/2467
f 2016/4399/291 2005/4376/291 2004/4373/291
f 2019/4407/292 2013/4393/292 2001/4367/292
f 2041/4453/293 2028/4425/293 2026/4421/293
f 2047/4466/294 2042/4455/294 2038/4447/294
f 2034/4437/295 2029/4427/295 2040/4451/295
f 2027/4424/296 2030/4428/296 2036/4441/296
f 2033/4433/297 2035/4439/297 2048/4467/297
f 2025/4419/306 2027/4424/306 2032/4432/306
f 2026/4420/307 2028/4426/307 2030/4429/307
f 2029/4427/308 2034/4437/308 2036/4442/308
f 2035/4438/309 2033/4434/309 2032/4432/309
f 2031/4431/310 2033/4435/310 2044/4458/310
f 2046/4463/311 2048/4467/311 2035/4439/311
f 2045/4460/2537 2044/4458/2537 2048/4468/2537
f 2043/4456/313 2045/4460/313 2038/4446/313
f 2040/4450/314 2042/4455/314 2047/4466/314
f 2041/4454/1944 2039/4448/1944 2038/4447/1944
f 2037/4443/316 2039/4449/316 2026/4421/316
f 2040/4451/2469 2029/4427/2469 2028/4426/2469
f 2031/4431/318 2043/4456/318 2037/4444/318
f 2063/4498/319 2065/4503/319 2052/4476/319
f 2071/4515/320 2066/4504/320 2062/4496/320
f 2070/4514/321 2058/4488/321 2053/4477/321
f 2051/4474/322 2054/4481/322 2060/4492/322
f 2059/4489/323 2072/4517/323 2068/4508/323
f 2055/4482/332 2049/4470/332 2051/4474/332
f 2052/4475/333 2054/4481/333 2051/4474/333
f 2053/4477/334 2058/4488/334 2060/4493/334
f 2059/4489/335 2057/4487/335 2056/4486/335
f 2067/4506/336 2055/4483/336 2057/4487/336
f 2070/4514/337 2072/4518/337 2059/4490/337
f 2071/4515/338 2069/4511/338 2068/4509/338
f 2061/4494/339 2067/4507/339 2069/4512/339
f 2064/4502/340 2066/4504/340 2071/4515/340
f 2063/4498/341 2062/4497/341 2066/4505/341
f 2061/4494/342 2063/4499/342 2050/4473/342
f 2053/4478/343 2052/4476/343 2065/4503/343
f 2055/4484/344 2067/4507/344 2061/4494/344
f 2087/4550/345 2089/4554/345 2076/4526/345
f 2095/4567/346 2090/4555/346 2086/4547/346
f 2082/4539/347 2077/4528/347 2088/4553/347
f 2078/4531/348 2084/4543/348 2080/4534/348
f 2081/4537/349 2083/4542/349 2096/4570/349
f 2073/4519/358 2075/4523/358 2080/4535/358
f 2076/4526/359 2078/4530/359 2075/4524/359
f 2082/4538/360 2084/4543/360 2078/4531/360
f 2081/4537/361 2080/4536/361 2084/4544/361
f 2091/4558/362 2079/4532/362 2081/4537/362
f 2082/4539/363 2094/4565/363 2096/4569/363
f 2093/4563/364 2092/4562/364 2096/4570/364
f 2091/4559/365 2093/4564/365 2086/4547/365
f 2088/4553/366 2090/4556/366 2095/4568/366
f 2087/4550/367 2086/4548/367 2090/4557/367
f 2085/4546/368 2087/4551/368 2074/4521/368
f 2077/4529/369 2076/4526/369 2089/4554/369
f 2079/4533/370 2091/4560/370 2085/4546/370
f 2113/4608/2538 2100/4578/2538 2098/4574/2538
f 2117/4617/1956 2119/4621/1956 2114/4609/1956
f 2106/4592/373 2101/4582/373 2112/4605/373
f 2102/4584/374 2108/4597/374 2104/4587/374
f 2105/4589/375 2107/4593/375 2120/4623/375
f 2103/4585/2278 2097/4572/2278 2099/4577/2278
f 2098/4573/385 2100/4579/385 2102/4584/385
f 2106/4591/386 2108/4597/386 2102/4584/386
f 2107/4594/1962 2105/4590/1962 2104/4588/1962
f 2103/4585/388 2105/4590/388 2116/4615/388
f 2106/4592/389 2118/4619/389 2120/4623/389
f 2117/4617/390 2116/4616/390 2120/4624/390
f 2115/4612/391 2117/4617/391 2110/4601/391
f 2112/4606/2539 2114/4610/2539 2119/4622/2539
f 2111/4603/393 2110/4602/393 2114/4610/393
f 2109/4599/394 2111/4604/394 2098/4574/394
f 2112/4606/2540 2101/4583/2540 2100/4580/2540
f 2103/4586/396 2115/4613/396 2109/4599/396
f 2135/4655/397 2137/4659/397 2124/4631/397
f 2143/4673/398 2138/4662/398 2134/4653/398
f 2142/4670/399 2130/4645/399 2125/4633/399
f 2123/4630/400 2126/4635/400 2132/4647/400
f 2129/4642/2541 2131/4646/2541 2144/4674/2541
f 2127/4637/410 2121/4626/410 2123/4630/410
f 2122/4628/1968 2124/4631/1968 2126/4636/1968
f 2125/4633/412 2130/4645/412 2132/4648/412
f 2129/4642/2283 2128/4640/2283 2132/4649/2283
f 2139/4663/2542 2127/4638/2542 2129/4643/2542
f 2142/4671/415 2144/4674/415 2131/4646/415
f 2143/4672/2543 2141/4667/2543 2140/4665/2543
f 2133/4651/2285 2139/4663/2285 2141/4668/2285
f 2136/4657/418 2138/4662/418 2143/4673/418
f 2137/4659/419 2135/4655/419 2134/4654/419
f 2133/4650/420 2135/4655/420 2122/4628/420
f 2125/4633/421 2124/4632/421 2137/4660/421
f 2139/4663/422 2133/4651/422 2121/4627/422
f 2161/4710/1969 2148/4681/1969 2146/4676/1969
f 2167/4723/424 2162/4712/424 2158/4703/424
f 2166/4722/425 2154/4695/425 2149/4682/425
f 2147/4678/426 2150/4686/426 2156/4700/426
f 2153/4694/427 2155/4698/427 2168/4725/427
f 2145/4675/436 2147/4679/436 2152/4691/436
f 2146/4677/437 2148/4680/437 2150/4687/437
f 2149/4683/438 2154/4696/438 2156/4700/438
f 2153/4693/439 2152/4692/439 2156/4700/439
f 2163/4714/440 2151/4689/440 2153/4694/440
f 2166/4722/441 2168/4726/441 2155/4699/441
f 2165/4720/442 2164/4718/442 2168/4726/442
f 2163/4715/2544 2165/4721/2544 2158/4703/2544
f 2160/4708/444 2162/4713/444 2167/4724/444
f 2161/4709/445 2159/4705/445 2158/4703/445
f 2145/4675/2545 2157/4702/2545 2159/4706/2545
f 2149/4684/447 2148/4681/447 2161/4710/447
f 2163/4716/448 2157/4702/448 2145/4675/448
f 2183/4758/449 2185/4762/449 2172/4733/449
f 2189/4768/450 2191/4774/450 2186/4764/450
f 2178/4745/451 2173/4735/451 2184/4759/451
f 2174/4737/452 2180/4750/452 2176/4741/452
f 2179/4747/453 2192/4776/453 2188/4767/453
f 2169/4728/462 2171/4731/462 2176/4741/462
f 2172/4733/463 2174/4738/463 2171/4732/463
f 2173/4735/464 2178/4745/464 2180/4751/464
f 2179/4748/2546 2177/4743/2546 2176/4741/2546
f 2175/4740/466 2177/4744/466 2188/4766/466
f 2178/4746/2474 2190/4772/2474 2192/4776/2474
f 2191/4775/468 2189/4769/468 2188/4767/468
f 2187/4765/469 2189/4770/469 2182/4755/469
f 2190/4773/470 2184/4760/470 2186/4764/470
f 2183/4757/2547 2182/4756/2547 2186/4764/2547
f 2169/4729/2294 2181/4752/2294 2183/4758/2294
f 2173/4735/473 2172/4734/473 2185/4763/473
f 2175/4740/2548 2187/4765/2548 2181/4753/2548
f 2207/4810/475 2209/4813/475 2196/4785/475
f 2215/4827/476 2210/4815/476 2206/4807/476
f 2202/4797/477 2197/4788/477 2208/4811/477
f 2195/4781/478 2198/4789/478 2204/4803/478
f 2201/4795/479 2203/4801/479 2216/4830/479
f 2199/4791/488 2193/4778/488 2195/4782/488
f 2196/4785/489 2198/4790/489 2195/4783/489
f 2197/4787/490 2202/4798/490 2204/4803/490
f 2203/4801/1982 2201/4795/1982 2200/4794/1982
f 2211/4818/2549 2199/4791/2549 2201/4796/2549
f 2202/4799/2550 2214/4825/2550 2216/4830/2550
f 2213/4822/494 2212/4821/494 2216/4830/494
f 2211/4817/495 2213/4823/495 2206/4807/495
f 2208/4811/2551 2210/4816/2551 2215/4828/2551
f 2209/4813/2552 2207/4810/2552 2206/4808/2552
f 2193/4777/498 2205/4805/498 2207/4810/498
f 2208/4811/1984 2197/4788/1984 2196/4786/1984
f 2211/4818/500 2205/4806/500 2193/4778/500
f 2233/4863/501 2220/4838/501 2218/4834/501
f 2239/4878/502 2234/4866/502 2230/4859/502
f 2238/4875/503 2226/4851/503 2221/4842/503
f 2219/4836/504 2222/4843/504 2228/4854/504
f 2225/4848/505 2227/4853/505 2240/4880/505
f 2217/4832/514 2219/4837/514 2224/4846/514
f 2218/4833/515 2220/4839/515 2222/4843/515
f 2221/4841/516 2226/4852/516 2228/4854/516
f 2225/4848/517 2224/4847/517 2228/4855/517
f 2235/4869/518 2223/4844/518 2225/4849/518
f 2238/4874/519 2240/4880/519 2227/4853/519
f 2239/4878/520 2237/4873/520 2236/4872/520
f 2235/4868/521 2237/4873/521 2230/4859/521
f 2238/4875/522 2232/4862/522 2234/4867/522
f 2233/4863/2553 2231/4861/2553 2230/4860/2553
f 2229/4857/2554 2231/4861/2554 2218/4834/2554
f 2221/4842/2476 2220/4840/2476 2233/4864/2476
f 2235/4869/526 2229/4858/526 2217/4832/526
f 2255/4911/527 2257/4915/527 2244/4888/527
f 2263/4929/2555 2258/4917/2555 2254/4909/2555
f 2262/4926/529 2250/4901/529 2245/4891/529
f 2246/4892/530 2252/4905/530 2248/4896/530
f 2251/4904/531 2264/4930/531 2260/4922/531
f 2241/4882/540 2243/4885/540 2248/4895/540
f 2244/4888/541 2246/4893/541 2243/4886/541
f 2245/4890/2305 2250/4902/2305 2252/4905/2305
f 2249/4898/543 2248/4896/543 2252/4905/543
f 2247/4894/544 2249/4899/544 2260/4921/544
f 2262/4925/545 2264/4930/545 2251/4904/545
f 2261/4923/2306 2260/4922/2306 2264/4930/2306
f 2259/4918/547 2261/4924/547 2254/4909/547
f 2262/4926/548 2256/4912/548 2258/4916/548
f 2255/4910/549 2254/4909/549 2258/4917/549
f 2253/4907/550 2255/4911/550 2242/4883/550
f 2256/4912/1999 2245/4891/1999 2244/4889/1999
f 2247/4894/552 2259/4919/552 2253/4908/552
f 2279/4961/2307 2281/4968/2307 2268/4939/2307
f 2287/4981/554 2282/4970/554 2278/4960/554
f 2286/4979/555 2274/4952/555 2269/4940/555
f 2270/4944/556 2276/4956/556 2272/4949/556
f 2275/4953/2556 2288/4983/2556 2284/4973/2556
f 2265/4931/2557 2267/4937/2557 2272/4949/2557
f 2268/4938/2308 2270/4944/2308 2267/4937/2308
f 2269/4940/2558 2274/4952/2558 2276/4957/2558
f 2275/4954/569 2273/4950/569 2272/4949/569
f 2271/4947/2003 2273/4951/2003 2284/4973/2003
f 2286/4979/571 2288/4984/571 2275/4955/571
f 2287/4981/572 2285/4976/572 2284/4974/572
f 2283/4972/573 2285/4977/573 2278/4959/573
f 2280/4965/2005 2282/4970/2005 2287/4981/2005
f 2279/4962/575 2278/4960/575 2282/4970/575
f 2265/4932/576 2277/4958/576 2279/4963/576
f 2280/4966/577 2269/4941/577 2268/4939/577
f 2283/4972/578 2277/4958/578 2265/4932/578
f 2303/5016/579 2305/5020/579 2292/4991/579
f 2309/5026/580 2311/5033/580 2306/5022/580
f 2310/5030/581 2298/5004/581 2293/4993/581
f 2291/4990/582 2294/4994/582 2300/5008/582
f 2299/5006/583 2312/5034/583 2308/5025/583
f 2289/4986/592 2291/4990/592 2296/4999/592
f 2290/4988/593 2292/4991/593 2294/4995/593
f 2298/5004/594 2300/5009/594 2294/4996/594
f 2299/5005/595 2297/5001/595 2296/4999/595
f 2295/4998/596 2297/5002/596 2308/5024/596
f 2310/5031/597 2312/5034/597 2299/5006/597
f 2311/5032/598 2309/5027/598 2308/5025/598
f 2301/5011/599 2307/5023/599 2309/5028/599
f 2304/5017/600 2306/5022/600 2311/5033/600
f 2305/5021/601 2303/5015/601 2302/5014/601
f 2289/4987/602 2301/5010/602 2303/5016/602
f 2304/5018/603 2293/4993/603 2292/4992/603
f 2295/4998/604 2307/5023/604 2301/5011/604
f 2329/5070/605 2316/5042/605 2314/5037/605
f 2333/5080/606 2335/5084/606 2330/5072/606
f 2322/5053/607 2317/5045/607 2328/5069/607
f 2318/5047/608 2324/5060/608 2320/5049/608
f 2321/5051/609 2323/5057/609 2336/5086/609
f 2319/5048/618 2313/5036/618 2315/5040/618
f 2314/5037/619 2316/5042/619 2318/5046/619
f 2322/5054/620 2324/5060/620 2318/5047/620
f 2323/5058/2559 2321/5052/2559 2320/5050/2559
f 2319/5048/622 2321/5052/622 2332/5077/622
f 2322/5055/623 2334/5082/623 2336/5086/623
f 2333/5079/624 2332/5078/624 2336/5086/624
f 2325/5061/625 2331/5074/625 2333/5080/625
f 2328/5069/2009 2330/5073/2009 2335/5085/2009
f 2329/5071/627 2327/5067/627 2326/5065/627
f 2325/5062/628 2327/5068/628 2314/5037/628
f 2328/5069/2560 2317/5045/2560 2316/5043/2560
f 2319/5048/630 2331/5075/630 2325/5063/630
f 2351/5118/631 2353/5122/631 2340/5092/631
f 2359/5136/632 2354/5126/632 2350/5116/632
f 2358/5134/633 2346/5108/633 2341/5095/633
f 2339/5090/634 2342/5098/634 2348/5112/634
f 2347/5111/635 2360/5138/635 2356/5130/635
f 2337/5087/2315 2339/5091/2315 2344/5102/2315
f 2338/5089/645 2340/5092/645 2342/5097/645
f 2346/5109/646 2348/5112/646 2342/5098/646
f 2347/5110/2013 2345/5105/2013 2344/5103/2013
f 2343/5100/648 2345/5106/648 2356/5129/648
f 2358/5135/649 2360/5138/649 2347/5111/649
f 2359/5137/650 2357/5132/650 2356/5130/650
f 2349/5113/2014 2355/5127/2014 2357/5133/2014
f 2352/5120/2318 2354/5125/2318 2359/5137/2318
f 2351/5117/2561 2350/5116/2561 2354/5126/2561
f 2337/5087/654 2349/5114/654 2351/5118/654
f 2341/5095/655 2340/5093/655 2353/5123/655
f 2355/5128/656 2349/5115/656 2337/5088/656
f 2375/5171/657 2377/5175/657 2364/5147/657
f 2381/5181/658 2383/5188/658 2378/5177/658
f 2370/5158/659 2365/5149/659 2376/5173/659
f 2363/5146/660 2366/5150/660 2372/5164/660
f 2371/5161/661 2384/5190/661 2380/5179/661
f 2361/5140/670 2363/5146/670 2368/5154/670
f 2362/5143/2562 2364/5148/2562 2366/5151/2562
f 2365/5149/2019 2370/5158/2019 2372/5163/2019
f 2369/5156/2020 2368/5154/2020 2372/5164/2020
f 2367/5153/674 2369/5157/674 2380/5180/674
f 2370/5159/675 2382/5185/675 2384/5190/675
f 2383/5187/2482 2381/5182/2482 2380/5180/2482
f 2379/5178/677 2381/5182/677 2374/5168/677
f 2376/5172/678 2378/5177/678 2383/5188/678
f 2377/5176/679 2375/5170/679 2374/5169/679
f 2361/5141/680 2373/5165/680 2375/5171/680
f 2376/5173/681 2365/5149/681 2364/5148/681
f 2367/5153/682 2379/5178/682 2373/5166/682
f 2401/5227/683 2388/5198/683 2386/5194/683
f 2405/5237/684 2407/5242/684 2402/5229/684
f 2394/5211/685 2389/5201/685 2400/5225/685
f 2387/5197/686 2390/5204/686 2396/5217/686
f 2395/5214/687 2408/5243/687 2404/5235/687
f 2391/5206/696 2385/5191/696 2387/5196/696
f 2388/5199/2563 2390/5204/2563 2387/5197/2563
f 2389/5202/698 2394/5212/698 2396/5217/698
f 2395/5213/699 2393/5210/699 2392/5208/699
f 2403/5231/700 2391/5206/700 2393/5210/700
f 2406/5238/701 2408/5243/701 2395/5214/701
f 2405/5237/2025 2404/5236/2025 2408/5244/2025
f 2403/5232/2564 2405/5237/2564 2398/5221/2564
f 2406/5239/704 2400/5226/704 2402/5230/704
f 2401/5228/705 2399/5223/705 2398/5222/705
f 2397/5219/706 2399/5224/706 2386/5194/706
f 2400/5226/2565 2389/5203/2565 2388/5200/2565
f 2403/5233/708 2397/5219/708 2385/5192/708
f 2423/5274/709 2425/5280/709 2412/5251/709
f 2429/5291/710 2431/5294/710 2426/5283/710
f 2430/5292/711 2418/5265/711 2413/5252/711
f 2411/5248/712 2414/5256/712 2420/5270/712
f 2417/5264/713 2419/5268/713 2432/5295/713
f 2415/5259/722 2409/5245/722 2411/5249/722
f 2410/5247/723 2412/5250/723 2414/5257/723
f 2413/5253/724 2418/5266/724 2420/5270/724
f 2417/5263/725 2416/5262/725 2420/5270/725
f 2427/5284/726 2415/5258/726 2417/5264/726
f 2430/5292/727 2432/5296/727 2419/5269/727
f 2429/5290/728 2428/5288/728 2432/5296/728
f 2421/5271/729 2427/5285/729 2429/5291/729
f 2430/5292/730 2424/5277/730 2426/5282/730
f 2423/5275/731 2422/5273/731 2426/5283/731
f 2409/5245/732 2421/5272/732 2423/5276/732
f 2424/5278/733 2413/5254/733 2412/5251/733
f 2415/5259/734 2427/5286/734 2421/5272/734
f 2447/5330/735 2449/5334/735 2436/5304/735
f 2453/5342/736 2455/5348/736 2450/5337/736
f 2454/5345/737 2442/5318/737 2437/5306/737
f 2435/5303/738 2438/5308/738 2444/5322/738
f 2441/5314/739 2443/5319/739 2456/5349/739
f 2439/5310/748 2433/5297/748 2435/5303/748
f 2434/5300/749 2436/5305/749 2438/5309/749
f 2437/5307/750 2442/5317/750 2444/5323/750
f 2443/5320/751 2441/5315/751 2440/5313/751
f 2439/5311/752 2441/5316/752 2452/5341/752
f 2442/5318/753 2454/5345/753 2456/5349/753
f 2453/5343/754 2452/5341/754 2456/5350/754
f 2451/5338/755 2453/5343/755 2446/5327/755
f 2448/5333/756 2450/5337/756 2455/5348/756
f 2449/5335/757 2447/5329/757 2446/5328/757
f 2433/5298/2327 2445/5325/2327 2447/5330/2327
f 2437/5307/759 2436/5305/759 2449/5336/759
f 2439/5312/760 2451/5339/760 2445/5325/760
f 2471/5382/761 2473/5386/761 2460/5358/761
f 2477/5394/762 2479/5400/762 2474/5389/762
f 2478/5397/763 2466/5372/763 2461/5361/763
f 2459/5357/764 2462/5363/764 2468/5375/764
f 2467/5373/765 2480/5402/765 2476/5391/765
f 2463/5364/774 2457/5352/774 2459/5357/774
f 2460/5359/775 2462/5363/775 2459/5357/775
f 2461/5361/776 2466/5372/776 2468/5376/776
f 2467/5373/777 2465/5369/777 2464/5367/777
f 2463/5365/778 2465/5370/778 2476/5392/778
f 2478/5398/779 2480/5402/779 2467/5373/779
f 2479/5400/780 2477/5394/780 2476/5393/780
f 2475/5390/781 2477/5395/781 2470/5380/781
f 2472/5384/2566 2474/5389/2566 2479/5400/2566
f 2473/5386/783 2471/5382/783 2470/5381/783
f 2457/5353/784 2469/5377/784 2471/5382/784
f 2461/5361/785 2460/5360/785 2473/5387/785
f 2463/5365/786 2475/5390/786 2469/5378/786
f 2497/5439/787 2484/5411/787 2482/5407/787
f 2503/5452/788 2498/5441/788 2494/5433/788
f 2502/5448/789 2490/5422/789 2485/5413/789
f 2486/5414/790 2492/5428/790 2488/5418/790
f 2491/5425/791 2504/5454/791 2500/5443/791
f 2487/5416/2335 2481/5404/2335 2483/5409/2335
f 2484/5412/801 2486/5415/801 2483/5410/801
f 2490/5422/2336 2492/5427/2336 2486/5415/2336
f 2489/5420/2037 2488/5418/2037 2492/5428/2037
f 2487/5417/804 2489/5421/804 2500/5444/804
f 2490/5423/805 2502/5449/805 2504/5454/805
f 2503/5451/806 2501/5446/806 2500/5444/806
f 2499/5442/807 2501/5446/807 2494/5432/807
f 2496/5436/808 2498/5441/808 2503/5452/808
f 2497/5440/2040 2495/5434/2040 2494/5433/2040
f 2493/5429/810 2495/5435/810 2482/5407/810
f 2496/5437/2337 2485/5413/2337 2484/5412/2337
f 2499/5442/812 2493/5430/812 2481/5405/812
f 2521/5492/813 2508/5462/813 2506/5458/813
f 2527/5505/814 2522/5495/814 2518/5486/814
f 2514/5476/815 2509/5464/815 2520/5490/815
f 2510/5466/816 2516/5480/816 2512/5471/816
f 2515/5477/817 2528/5508/817 2524/5498/817
f 2505/5455/826 2507/5461/826 2512/5471/826
f 2506/5457/2043 2508/5463/2043 2510/5467/2043
f 2509/5465/2044 2514/5475/2044 2516/5481/2044
f 2515/5478/829 2513/5473/829 2512/5471/829
f 2511/5470/2567 2513/5474/2567 2524/5499/2567
f 2514/5476/831 2526/5502/831 2528/5508/831
f 2527/5506/2045 2525/5501/2045 2524/5499/2045
f 2523/5496/833 2525/5501/833 2518/5485/833
f 2526/5503/834 2520/5491/834 2522/5495/834
f 2521/5493/2047 2519/5487/2047 2518/5486/2047
f 2517/5483/836 2519/5488/836 2506/5458/836
f 2509/5465/2489 2508/5463/2489 2521/5494/2489
f 2523/5497/838 2517/5483/838 2505/5456/838
f 2545/5543/839 2532/5516/839 2530/5511/839
f 2551/5557/840 2546/5546/840 2542/5538/840
f 2538/5529/841 2533/5519/841 2544/5542/841
f 2531/5513/842 2534/5520/842 2540/5533/842
f 2539/5532/843 2552/5560/843 2548/5552/843
f 2529/5510/852 2531/5514/852 2536/5524/852
f 2530/5511/853 2532/5516/853 2534/5521/853
f 2533/5518/854 2538/5530/854 2540/5533/854
f 2537/5526/855 2536/5525/855 2540/5534/855
f 2535/5522/2050 2537/5527/2050 2548/5551/2050
f 2550/5556/857 2552/5560/857 2539/5532/857
f 2551/5558/858 2549/5553/858 2548/5552/858
f 2541/5535/859 2547/5548/859 2549/5554/859
f 2544/5542/860 2546/5547/860 2551/5559/860
f 2545/5543/861 2543/5541/861 2542/5539/861
f 2529/5509/862 2541/5536/862 2543/5541/862
f 2533/5519/863 2532/5517/863 2545/5544/863
f 2547/5549/864 2541/5537/864 2529/5510/864
f 2567/5590/865 2569/5596/865 2556/5567/865
f 2575/5609/866 2570/5599/866 2566/5589/866
f 2562/5581/867 2557/5569/867 2568/5594/867
f 2555/5564/868 2558/5573/868 2564/5586/868
f 2561/5580/869 2563/5583/869 2576/5611/869
f 2559/5575/878 2553/5561/878 2555/5565/878
f 2554/5563/879 2556/5566/879 2558/5572/879
f 2562/5582/880 2564/5586/880 2558/5573/880
f 2563/5584/881 2561/5579/881 2560/5578/881
f 2559/5574/882 2561/5580/882 2572/5603/882
f 2574/5608/883 2576/5612/883 2563/5585/883
f 2573/5606/884 2572/5604/884 2576/5612/884
f 2571/5601/885 2573/5607/885 2566/5589/885
f 2568/5594/886 2570/5598/886 2575/5610/886
f 2567/5591/887 2566/5589/887 2570/5599/887
f 2565/5588/888 2567/5592/888 2554/5563/888
f 2557/5570/889 2556/5567/889 2569/5596/889
f 2559/5575/890 2571/5602/890 2565/5588/890
f 2593/5651/891 2580/5620/891 2578/5615/891
f 2599/5662/2568 2594/5652/2568 2590/5643/2568
f 2586/5631/893 2581/5621/893 2592/5648/893
f 2579/5619/2493 2582/5623/2493 2588/5637/2493
f 2585/5630/895 2587/5633/895 2600/5663/895
f 2577/5614/904 2579/5619/904 2584/5628/904
f 2578/5615/905 2580/5620/905 2582/5624/905
f 2586/5632/906 2588/5638/906 2582/5624/906
f 2587/5634/907 2585/5629/907 2584/5628/907
f 2595/5653/908 2583/5626/908 2585/5630/908
f 2598/5659/909 2600/5664/909 2587/5635/909
f 2599/5661/910 2597/5657/910 2596/5655/910
f 2589/5639/911 2595/5653/911 2597/5657/911
f 2592/5649/912 2594/5652/912 2599/5662/912
f 2591/5645/913 2590/5643/913 2594/5652/913
f 2589/5640/914 2591/5646/914 2578/5616/914
f 2581/5622/915 2580/5620/915 2593/5651/915
f 2583/5627/916 2595/5654/916 2589/5640/916
f 2615/5695/917 2617/5697/917 2604/5672/917
f 2621/5707/918 2623/5712/918 2618/5699/918
f 2622/5709/919 2610/5684/919 2605/5676/919
f 2606/5677/920 2612/5689/920 2608/5680/920
f 2611/5687/921 2624/5713/921 2620/5704/921
f 2607/5678/930 2601/5666/930 2603/5670/930
f 2604/5673/931 2606/5677/931 2603/5671/931
f 2605/5675/932 2610/5685/932 2612/5689/932
f 2611/5687/933 2609/5682/933 2608/5681/933
f 2607/5678/934 2609/5683/934 2620/5705/934
f 2610/5686/935 2622/5708/935 2624/5713/935
f 2621/5707/2059 2620/5706/2059 2624/5714/2059
f 2619/5702/937 2621/5707/937 2614/5693/937
f 2622/5709/938 2616/5696/938 2618/5700/938
f 2615/5695/939 2614/5694/939 2618/5701/939
f 2601/5665/940 2613/5691/940 2615/5695/940
f 2605/5676/2569 2604/5674/2569 2617/5698/2569
f 2619/5703/942 2613/5692/942 2601/5666/942
f 2639/5747/943 2641/5753/943 2628/5722/943
f 2645/5764/944 2647/5768/944 2642/5756/944
f 2634/5736/2061 2629/5723/2061 2640/5750/2061
f 2627/5719/946 2630/5727/946 2636/5742/946
f 2633/5735/947 2635/5739/947 2648/5769/947
f 2625/5716/956 2627/5719/956 2632/5733/956
f 2628/5721/957 2630/5728/957 2627/5720/957
f 2629/5724/958 2634/5737/958 2636/5742/958
f 2633/5734/959 2632/5733/959 2636/5742/959
f 2631/5730/960 2633/5735/960 2644/5760/960
f 2646/5766/961 2648/5770/961 2635/5740/961
f 2647/5767/2570 2645/5763/2570 2644/5761/2570
f 2637/5743/963 2643/5758/963 2645/5764/963
f 2640/5751/2064 2642/5756/2064 2647/5768/2064
f 2641/5754/965 2639/5748/965 2638/5746/965
f 2637/5744/966 2639/5749/966 2626/5718/966
f 2640/5752/967 2629/5725/967 2628/5722/967
f 2631/5731/2065 2643/5759/2065 2637/5744/2065
f 2663/5804/969 2665/5809/969 2652/5778/969
f 2669/5816/970 2671/5822/970 2666/5811/970
f 2670/5818/971 2658/5791/971 2653/5780/971
f 2654/5782/972 2660/5796/972 2656/5787/972
f 2659/5794/973 2672/5823/973 2668/5814/973
f 2655/5785/982 2649/5771/982 2651/5777/982
f 2650/5774/983 2652/5779/983 2654/5783/983
f 2658/5792/984 2660/5797/984 2654/5783/984
f 2659/5793/985 2657/5789/985 2656/5787/985
f 2655/5786/2496 2657/5790/2496 2668/5815/2496
f 2670/5818/987 2672/5823/987 2659/5794/987
f 2669/5817/988 2668/5815/988 2672/5824/988
f 2667/5812/989 2669/5817/989 2662/5801/989
f 2670/5819/990 2664/5806/990 2666/5811/990
f 2665/5810/991 2663/5803/991 2662/5802/991
f 2649/5772/992 2661/5799/992 2663/5804/992
f 2664/5807/2571 2653/5781/2571 2652/5779/2571
f 2667/5813/994 2661/5799/994 2649/5772/994
f 2687/5853/995 2689/5859/995 2676/5831/995
f 2695/5872/996 2690/5862/996 2686/5852/996
f 2682/5844/997 2677/5832/997 2688/5856/997
f 2675/5829/998 2678/5835/998 2684/5849/998
f 2681/5843/999 2683/5847/999 2696/5874/999
f 2679/5837/2075 2673/5825/2075 2675/5830/2075
f 2674/5827/2498 2676/5831/2498 2678/5836/2498
f 2677/5833/1010 2682/5845/1010 2684/5849/1010
f 2681/5842/1011 2680/5841/1011 2684/5849/1011
f 2691/5863/1012 2679/5838/1012 2681/5843/1012
f 2694/5869/1013 2696/5873/1013 2683/5848/1013
f 2693/5867/2572 2692/5866/2572 2696/5874/2572
f 2691/5864/1015 2693/5868/1015 2686/5852/1015
f 2694/5869/1016 2688/5856/1016 2690/5861/1016
f 2687/5854/2077 2686/5852/2077 2690/5862/2077
f 2673/5825/1018 2685/5851/1018 2687/5855/1018
f 2688/5857/1019 2677/5834/1019 2676/5831/1019
f 2691/5865/2356 2685/5851/2356 2673/5825/2356
f 2711/5909/1021 2713/5915/1021 2700/5882/1021
f 2717/5922/1022 2719/5927/1022 2714/5916/1022
f 2706/5895/1023 2701/5883/1023 2712/5912/1023
f 2702/5885/1024 2708/5900/1024 2704/5891/1024
f 2705/5894/1025 2707/5899/1025 2720/5929/1025
f 2697/5875/1034 2699/5880/1034 2704/5891/1034
f 2698/5878/1035 2700/5882/1035 2702/5886/1035
f 2706/5895/2359 2708/5901/2359 2702/5887/2359
f 2705/5894/1037 2704/5892/1037 2708/5902/1037
f 2715/5918/1038 2703/5890/1038 2705/5894/1038
f 2706/5896/1039 2718/5926/1039 2720/5930/1039
f 2719/5928/1040 2717/5923/1040 2716/5921/1040
f 2709/5904/2573 2715/5919/2573 2717/5924/2573
f 2718/5926/1042 2712/5913/1042 2714/5916/1042
f 2711/5909/1043 2710/5907/1043 2714/5917/1043
f 2697/5875/1044 2709/5903/1044 2711/5910/1044
f 2701/5884/1045 2700/5882/1045 2713/5915/1045
f 2715/5919/1046 2709/5904/1046 2697/5876/1046
f 2737/5966/1047 2724/5937/1047 2722/5932/1047
f 2743/5980/1048 2738/5969/1048 2734/5959/1048
f 2742/5978/1049 2730/5952/1049 2725/5938/1049
f 2723/5934/1050 2726/5942/1050 2732/5956/1050
f 2731/5954/1051 2744/5981/1051 2740/5973/1051
f 2721/5931/1060 2723/5935/1060 2728/5947/1060
f 2722/5933/1061 2724/5936/1061 2726/5943/1061
f 2725/5939/1062 2730/5951/1062 2732/5956/1062
f 2731/5955/1063 2729/5949/1063 2728/5948/1063
f 2739/5970/1064 2727/5944/1064 2729/5950/1064
f 2730/5952/1065 2742/5978/1065 2744/5982/1065
f 2741/5976/2574 2740/5974/2574 2744/5982/2574
f 2739/5971/1067 2741/5977/1067 2734/5959/1067
f 2742/5978/1068 2736/5964/1068 2738/5968/1068
f 2735/5961/1069 2734/5959/1069 2738/5969/1069
f 2733/5958/1070 2735/5962/1070 2722/5933/1070
f 2725/5940/1071 2724/5937/1071 2737/5966/1071
f 2727/5945/1072 2739/5972/1072 2733/5958/1072
f 2759/6015/1073 2761/6020/1073 2748/5991/1073
f 2765/6025/1074 2767/6031/1074 2762/6021/1074
f 2766/6027/1075 2754/6003/1075 2749/5993/1075
f 2750/5994/1076 2756/6007/1076 2752/5998/1076
f 2755/6005/1077 2768/6034/1077 2764/6023/1077
f 2751/5996/1086 2745/5985/1086 2747/5990/1086
f 2746/5986/1087 2748/5992/1087 2750/5995/1087
f 2754/6003/1088 2756/6008/1088 2750/5995/1088
f 2755/6004/1089 2753/6000/1089 2752/5998/1089
f 2751/5997/1090 2753/6001/1090 2764/6024/1090
f 2766/6028/1091 2768/6034/1091 2755/6005/1091
f 2767/6032/1092 2765/6026/1092 2764/6024/1092
f 2763/6022/1093 2765/6026/1093 2758/6012/1093
f 2766/6029/1094 2760/6016/1094 2762/6021/1094
f 2759/6014/2575 2758/6013/2575 2762/6021/2575
f 2757/6009/1096 2759/6015/1096 2746/5987/1096
f 2760/6017/1097 2749/5993/1097 2748/5992/1097
f 2751/5997/1098 2763/6022/1098 2757/6010/1098
f 2785/6073/1099 2772/6043/1099 2770/6038/1099
f 2789/6083/1100 2791/6088/1100 2786/6074/1100
f 2778/6056/2576 2773/6045/2576 2784/6070/2576
f 2774/6048/1102 2780/6062/1102 2776/6052/1102
f 2777/6055/1103 2779/6060/1103 2792/6090/1103
f 2775/6049/1112 2769/6036/1112 2771/6040/1112
f 2772/6043/2085 2774/6047/2085 2771/6041/2085
f 2778/6057/2086 2780/6062/2086 2774/6048/2086
f 2779/6060/1115 2777/6055/1115 2776/6053/1115
f 2775/6050/1116 2777/6055/1116 2788/6081/1116
f 2778/6058/1117 2790/6084/1117 2792/6090/1117
f 2789/6082/1118 2788/6081/1118 2792/6090/1118
f 2787/6078/1119 2789/6083/1119 2782/6066/1119
f 2790/6085/1120 2784/6070/1120 2786/6075/1120
f 2783/6069/1121 2782/6067/1121 2786/6076/1121
f 2781/6064/1122 2783/6069/1122 2770/6038/1122
f 2784/6071/1123 2773/6046/1123 2772/6043/1123
f 2787/6079/2502 2781/6065/2502 2769/6036/2502
f 2809/6127/1125 2796/6099/1125 2794/6095/1125
f 2815/6141/2503 2810/6129/2503 2806/6120/2503
f 2802/6112/1127 2797/6101/1127 2808/6125/1127
f 2795/6097/1128 2798/6104/1128 2804/6116/1128
f 2801/6111/1129 2803/6114/1129 2816/6142/1129
f 2793/6092/1138 2795/6097/1138 2800/6108/1138
f 2794/6096/1139 2796/6098/1139 2798/6104/1139
f 2797/6100/1140 2802/6113/1140 2804/6117/1140
f 2803/6115/1141 2801/6110/1141 2800/6109/1141
f 2799/6106/1142 2801/6111/1142 2812/6133/1142
f 2814/6140/1143 2816/6143/1143 2803/6115/1143
f 2813/6136/2505 2812/6134/2505 2816/6144/2505
f 2811/6131/1145 2813/6137/1145 2806/6121/1145
f 2808/6124/1146 2810/6129/1146 2815/6141/1146
f 2807/6123/1147 2806/6121/1147 2810/6130/1147
f 2793/6093/2094 2805/6118/2094 2807/6123/2094
f 2808/6125/2095 2797/6101/2095 2796/6099/2095
f 2799/6106/1150 2811/6132/1150 2805/6119/1150
f 2833/6180/1151 2820/6152/1151 2818/6147/1151
f 2839/6194/1152 2834/6183/1152 2830/6174/1152
f 2838/6193/1153 2826/6166/1153 2821/6154/1153
f 2822/6157/1154 2828/6170/1154 2824/6162/1154
f 2827/6169/1155 2840/6197/1155 2836/6187/1155
f 2823/6159/1164 2817/6146/1164 2819/6150/1164
f 2818/6148/2368 2820/6151/2368 2822/6157/2368
f 2826/6167/1166 2828/6171/1166 2822/6158/1166
f 2825/6164/2506 2824/6163/2506 2828/6171/2506
f 2823/6160/1168 2825/6165/1168 2836/6187/1168
f 2826/6167/2507 2838/6192/2507 2840/6198/2507
f 2839/6195/1170 2837/6190/1170 2836/6188/1170
f 2835/6185/1171 2837/6191/1171 2830/6174/1171
f 2838/6193/1172 2832/6178/1172 2834/6182/1172
f 2831/6176/2577 2830/6174/2577 2834/6183/2577
f 2829/6172/1174 2831/6176/1174 2818/6149/1174
f 2821/6155/1175 2820/6152/1175 2833/6180/1175
f 2835/6186/1176 2829/6173/1176 2817/6146/1176
f 2857/6236/1177 2844/6206/1177 2842/6202/1177
f 2863/6249/1178 2858/6238/1178 2854/6229/1178
f 2862/6247/1179 2850/6220/1179 2845/6208/1179
f 2843/6203/1180 2846/6211/1180 2852/6225/1180
f 2851/6223/1181 2864/6251/1181 2860/6242/1181
f 2841/6200/1190 2843/6204/1190 2848/6215/1190
f 2844/6205/1191 2846/6210/1191 2843/6204/1191
f 2850/6221/1192 2852/6225/1192 2846/6211/1192
f 2849/6217/1193 2848/6216/1193 2852/6225/1193
f 2847/6213/1194 2849/6218/1194 2860/6242/1194
f 2862/6248/1195 2864/6252/1195 2851/6224/1195
f 2863/6250/2105 2861/6245/2105 2860/6243/2105
f 2859/6240/2106 2861/6246/2106 2854/6229/2106
f 2862/6248/1198 2856/6234/1198 2858/6239/1198
f 2857/6235/1199 2855/6231/1199 2854/6229/1199
f 2841/6200/1200 2853/6227/1200 2855/6232/1200
f 2845/6208/1201 2844/6206/1201 2857/6236/1201
f 2847/6213/1202 2859/6241/1202 2853/6228/1202
f 2879/6284/1203 2881/6291/1203 2868/6260/1203
f 2887/6301/1204 2882/6292/1204 2878/6283/1204
f 2874/6272/1205 2869/6261/1205 2880/6288/1205
f 2867/6258/1206 2870/6263/1206 2876/6277/1206
f 2875/6274/1207 2888/6303/1207 2884/6295/1207
f 2871/6266/1216 2865/6253/1216 2867/6258/1216
f 2868/6260/1217 2870/6264/1217 2867/6259/1217
f 2869/6262/1218 2874/6271/1218 2876/6278/1218
f 2875/6275/1219 2873/6269/1219 2872/6268/1219
f 2871/6267/1220 2873/6270/1220 2884/6295/1220
f 2874/6272/2578 2886/6298/2578 2888/6304/2578
f 2887/6302/1222 2885/6297/1222 2884/6295/1222
f 2883/6293/1223 2885/6297/1223 2878/6282/1223
f 2886/6299/1224 2880/6289/1224 2882/6292/1224
f 2881/6290/1225 2879/6285/1225 2878/6283/1225
f 2865/6254/1226 2877/6280/1226 2879/6286/1226
f 2869/6262/1227 2868/6260/1227 2881/6291/1227
f 2883/6294/1228 2877/6280/1228 2865/6254/1228
f 2905/6341/1229 2892/6312/1229 2890/6309/1229
f 2911/6354/1230 2906/6343/1230 2902/6335/1230
f 2898/6325/1231 2893/6314/1231 2904/6338/1231
f 2894/6315/1232 2900/6330/1232 2896/6320/1232
f 2897/6321/1233 2899/6327/1233 2912/6356/1233
f 2895/6318/1242 2889/6307/1242 2891/6310/1242
f 2892/6312/2376 2894/6316/2376 2891/6311/2376
f 2898/6325/1244 2900/6329/1244 2894/6317/1244
f 2897/6322/1245 2896/6320/1245 2900/6330/1245
f 2907/6344/1246 2895/6319/1246 2897/6323/1246
f 2910/6352/1247 2912/6356/1247 2899/6327/1247
f 2909/6348/1248 2908/6346/1248 2912/6356/1248
f 2907/6344/1249 2909/6349/1249 2902/6334/1249
f 2904/6339/1250 2906/6343/1250 2911/6354/1250
f 2903/6336/1251 2902/6335/1251 2906/6343/1251
f 2901/6331/1252 2903/6337/1252 2890/6309/1252
f 2893/6314/1253 2892/6313/1253 2905/6342/1253
f 2895/6319/1254 2907/6344/1254 2901/6332/1254
f 2929/6395/1255 2916/6364/1255 2914/6361/1255
f 2933/6405/1256 2935/6410/1256 2930/6398/1256
f 2922/6378/1257 2917/6368/1257 2928/6393/1257
f 2915/6363/1258 2918/6370/1258 2924/6384/1258
f 2923/6381/1259 2936/6411/1259 2932/6401/1259
f 2913/6358/1268 2915/6363/1268 2920/6374/1268
f 2914/6360/1269 2916/6365/1269 2918/6370/1269
f 2917/6367/1270 2922/6379/1270 2924/6384/1270
f 2923/6382/1271 2921/6376/1271 2920/6374/1271
f 2919/6372/1272 2921/6377/1272 2932/6402/1272
f 2922/6380/1273 2934/6407/1273 2936/6411/1273
f 2933/6405/1274 2932/6403/1274 2936/6412/1274
f 2925/6385/1275 2931/6399/1275 2933/6405/1275
f 2934/6408/1276 2928/6392/1276 2930/6398/1276
f 2929/6396/1277 2927/6390/1277 2926/6389/1277
f 2925/6386/1278 2927/6391/1278 2914/6361/1278
f 2928/6393/1279 2917/6368/1279 2916/6366/1279
f 2931/6400/1280 2925/6387/1280 2913/6359/1280
f 2953/6448/1281 2940/6420/1281 2938/6414/1281
f 2957/6458/1282 2959/6460/1282 2954/6450/1282
f 2946/6433/1283 2941/6421/1283 2952/6446/1283
f 2939/6416/1284 2942/6424/1284 2948/6438/1284
f 2947/6436/1285 2960/6463/1285 2956/6456/1285
f 2943/6427/1294 2937/6413/1294 2939/6417/1294
f 2940/6420/1295 2942/6425/1295 2939/6418/1295
f 2941/6422/2118 2946/6432/2118 2948/6438/2118
f 2947/6436/1297 2945/6431/1297 2944/6430/1297
f 2955/6452/1298 2943/6426/1298 2945/6431/1298
f 2946/6433/1299 2958/6459/1299 2960/6464/1299
f 2959/6461/1300 2957/6457/1300 2956/6456/1300
f 2949/6439/2119 2955/6453/2119 2957/6458/2119
f 2952/6446/1302 2954/6451/1302 2959/6462/1302
f 2953/6448/2579 2951/6444/2579 2950/6442/2579
f 2949/6440/1304 2951/6445/1304 2938/6415/1304
f 2952/6447/1305 2941/6423/1305 2940/6420/1305
f 2943/6427/1306 2955/6454/1306 2949/6440/1306
f 2977/6502/1307 2964/6472/1307 2962/6467/1307
f 2981/6512/1308 2983/6516/1308 2978/6505/1308
f 2982/6513/1309 2970/6485/1309 2965/6474/1309
f 2963/6469/1310 2966/6477/1310 2972/6491/1310
f 2971/6489/1311 2984/6517/1311 2980/6508/1311
f 2967/6478/1320 2961/6465/1320 2963/6470/1320
f 2964/6471/1321 2966/6476/1321 2963/6470/1321
f 2970/6486/1322 2972/6491/1322 2966/6477/1322
f 2971/6490/1323 2969/6483/1323 2968/6482/1323
f 2979/6507/1324 2967/6479/1324 2969/6484/1324
f 2970/6487/1325 2982/6514/1325 2984/6518/1325
f 2981/6511/1326 2980/6509/1326 2984/6518/1326
f 2979/6506/1327 2981/6512/1327 2974/6495/1327
f 2982/6514/2120 2976/6499/2120 2978/6504/2120
f 2975/6497/1329 2974/6495/1329 2978/6505/1329
f 2973/6493/1330 2975/6498/1330 2962/6468/1330
f 2976/6500/1331 2965/6474/1331 2964/6472/1331
f 2979/6507/1332 2973/6494/1332 2961/6466/1332
f 3001/6553/1333 2988/6525/1333 2986/6520/1333
f 3005/6562/1334 3007/6565/1334 3002/6556/1334
f 2994/6539/1335 2989/6526/1335 3000/6550/1335
f 2990/6529/1336 2996/6543/1336 2992/6535/1336
f 2993/6537/1337 2995/6542/1337 3008/6567/1337
f 2985/6519/1346 2987/6523/1346 2992/6534/1346
f 2988/6525/1347 2990/6530/1347 2987/6524/1347
f 2989/6527/1348 2994/6538/1348 2996/6543/1348
f 2993/6536/1349 2992/6535/1349 2996/6543/1349
f 3003/6557/1350 2991/6532/1350 2993/6537/1350
f 2994/6539/1351 3006/6563/1351 3008/6568/1351
f 3007/6566/1352 3005/6561/1352 3004/6560/1352
f 2997/6544/1353 3003/6558/1353 3005/6562/1353
f 3006/6563/1354 3000/6550/1354 3002/6555/1354
f 2999/6548/1355 2998/6546/1355 3002/6556/1355
f 2997/6545/2580 2999/6549/2580 2986/6521/2580
f 3000/6551/1357 2989/6528/1357 2988/6525/1357
f 3003/6559/1358 2997/6545/1358 2985/6519/1358
f 3023/6598/1359 3025/6603/1359 3012/6576/1359
f 3029/6611/1360 3031/6615/1360 3026/6605/1360
f 3018/6588/1361 3013/6577/1361 3024/6600/1361
f 3014/6580/1362 3020/6591/1362 3016/6585/1362
f 3019/6589/2129 3032/6617/2129 3028/6608/2129
f 3009/6569/1372 3011/6574/1372 3016/6585/1372
f 3010/6573/2581 3012/6575/2581 3014/6580/2581
f 3018/6588/1374 3020/6592/1374 3014/6581/1374
f 3017/6587/2582 3016/6586/2582 3020/6593/2582
f 3015/6583/2131 3017/6587/2131 3028/6608/2131
f 3030/6613/1377 3032/6618/1377 3019/6590/1377
f 3031/6615/2132 3029/6611/2132 3028/6609/2132
f 3027/6607/1379 3029/6612/1379 3022/6596/1379
f 3030/6614/1380 3024/6601/1380 3026/6605/1380
f 3025/6603/1381 3023/6598/1381 3022/6597/1381
f 3009/6570/1382 3021/6594/1382 3023/6599/1382
f 3024/6602/1383 3013/6578/1383 3012/6576/1383
f 3015/6584/1384 3027/6607/1384 3021/6594/1384
f 3049/6654/1385 3036/6625/1385 3034/6622/1385
f 3055/6667/1386 3050/6656/1386 3046/6648/1386
f 3042/6638/1387 3037/6627/1387 3048/6652/1387
f 3038/6628/1388 3044/6642/1388 3040/6633/1388
f 3043/6640/1389 3056/6668/1389 3052/6659/1389
f 3033/6620/2583 3035/6624/2583 3040/6633/2583
f 3034/6622/2397 3036/6625/2397 3038/6629/2397
f 3042/6638/1400 3044/6643/1400 3038/6630/1400
f 3043/6639/1401 3041/6635/1401 3040/6633/1401
f 3039/6632/1402 3041/6636/1402 3052/6658/1402
f 3054/6665/1403 3056/6668/1403 3043/6640/1403
f 3055/6666/2584 3053/6661/2584 3052/6659/2584
f 3045/6645/2509 3051/6657/2509 3053/6662/2509
f 3048/6651/1406 3050/6656/1406 3055/6667/1406
f 3049/6655/1407 3047/6649/1407 3046/6648/1407
f 3033/6621/2138 3045/6644/2138 3047/6650/2138
f 3048/6652/1409 3037/6627/1409 3036/6626/1409
f 3039/6632/1410 3051/6657/1410 3045/6645/1410
f 3073/6703/1411 3060/6676/1411 3058/6672/1411
f 3079/6715/1412 3074/6705/1412 3070/6696/1412
f 3066/6688/1413 3061/6677/1413 3072/6701/1413
f 3059/6674/1414 3062/6681/1414 3068/6692/1414
f 3067/6689/1415 3080/6716/1415 3076/6708/1415
f 3057/6669/1424 3059/6674/1424 3064/6685/1424
f 3060/6675/1425 3062/6681/1425 3059/6674/1425
f 3061/6677/1426 3066/6688/1426 3068/6693/1426
f 3067/6689/1427 3065/6687/1427 3064/6686/1427
f 3075/6706/1428 3063/6684/1428 3065/6687/1428
f 3078/6713/1429 3080/6717/1429 3067/6690/1429
f 3077/6711/1430 3076/6709/1430 3080/6718/1430
f 3069/6694/1431 3075/6707/1431 3077/6712/1431
f 3078/6714/1432 3072/6702/1432 3074/6705/1432
f 3073/6703/1433 3071/6698/1433 3070/6697/1433
f 3069/6694/1434 3071/6699/1434 3058/6673/1434
f 3061/6678/1435 3060/6676/1435 3073/6703/1435
f 3075/6707/1436 3069/6694/1436 3057/6670/1436
f 3097/6754/1437 3084/6728/1437 3082/6721/1437
f 3101/6762/2143 3103/6766/2143 3098/6755/2143
f 3102/6764/1439 3090/6738/1439 3085/6729/1439
f 3083/6725/2399 3086/6732/2399 3092/6743/2399
f 3091/6740/1441 3104/6768/1441 3100/6760/1441
f 3081/6720/1450 3083/6726/1450 3088/6736/1450
f 3082/6722/2401 3084/6727/2401 3086/6732/2401
f 3085/6730/1452 3090/6739/1452 3092/6743/1452
f 3089/6737/1453 3088/6736/1453 3092/6744/1453
f 3087/6733/1454 3089/6737/1454 3100/6760/1454
f 3102/6764/1455 3104/6769/1455 3091/6741/1455
f 3101/6762/2150 3100/6761/2150 3104/6770/2150
f 3093/6745/1457 3099/6758/1457 3101/6762/1457
f 3096/6753/2151 3098/6756/2151 3103/6767/2151
f 3097/6754/2152 3095/6750/2152 3094/6749/2152
f 3093/6746/1460 3095/6751/1460 3082/6723/1460
f 3085/6731/1461 3084/6728/1461 3097/6754/1461
f 3087/6734/1462 3099/6759/1462 3093/6746/1462
f 3121/6808/1463 3108/6779/1463 3106/6774/1463
f 3125/6813/1464 3127/6820/1464 3122/6809/1464
f 3114/6791/1465 3109/6781/1465 3120/6805/1465
f 3110/6782/1466 3116/6795/1466 3112/6786/1466
f 3113/6787/1467 3115/6793/1467 3128/6821/1467
f 3111/6784/1476 3105/6772/1476 3107/6778/1476
f 3106/6775/1477 3108/6780/1477 3110/6783/1477
f 3114/6791/1478 3116/6796/1478 3110/6783/1478
f 3115/6792/1479 3113/6788/1479 3112/6786/1479
f 3123/6810/1480 3111/6785/1480 3113/6789/1480
f 3126/6816/1481 3128/6821/1481 3115/6793/1481
f 3125/6814/2402 3124/6812/2402 3128/6822/2402
f 3123/6810/2585 3125/6814/2585 3118/6800/2585
f 3126/6817/1484 3120/6804/1484 3122/6809/1484
f 3119/6802/1485 3118/6801/1485 3122/6809/1485
f 3105/6773/1486 3117/6797/1486 3119/6803/1486
f 3120/6805/2403 3109/6781/2403 3108/6780/2403
f 3111/6785/1488 3123/6810/1488 3117/6798/1488
f 3145/6858/1489 3132/6830/1489 3130/6826/1489
f 3149/6867/1490 3151/6871/1490 3146/6860/1490
f 3138/6844/1491 3133/6831/1491 3144/6855/1491
f 3134/6834/1492 3140/6847/1492 3136/6840/1492
f 3139/6845/1493 3152/6872/1493 3148/6864/1493
f 3135/6837/1502 3129/6823/1502 3131/6828/1502
f 3132/6829/2407 3134/6834/2407 3131/6828/2407
f 3138/6844/1504 3140/6848/1504 3134/6835/1504
f 3139/6846/1505 3137/6842/1505 3136/6841/1505
f 3147/6862/1506 3135/6838/1506 3137/6843/1506
f 3138/6844/1507 3150/6870/1507 3152/6873/1507
f 3149/6867/1508 3148/6865/1508 3152/6874/1508
f 3147/6863/2162 3149/6868/2162 3142/6851/2162
f 3144/6856/1510 3146/6860/1510 3151/6871/1510
f 3143/6853/1511 3142/6851/1511 3146/6861/1511
f 3141/6849/1512 3143/6853/1512 3130/6827/1512
f 3133/6832/2586 3132/6830/2586 3145/6858/2586
f 3147/6863/1514 3141/6849/1514 3129/6824/1514
f 3167/6908/2408 3169/6910/2408 3156/6882/2408
f 3175/6924/1516 3170/6912/1516 3166/6905/1516
f 3174/6921/1517 3162/6893/1517 3157/6886/1517
f 3155/6881/1518 3158/6887/1518 3164/6899/1518
f 3163/6897/1519 3176/6926/1519 3172/6916/1519
f 3153/6876/2411 3155/6880/2411 3160/6890/2411
f 3156/6883/1529 3158/6887/1529 3155/6881/1529
f 3162/6894/1530 3164/6899/1530 3158/6887/1530
f 3161/6892/2165 3160/6890/2165 3164/6900/2165
f 3159/6888/1532 3161/6892/1532 3172/6917/1532
f 3162/6895/1533 3174/6920/1533 3176/6926/1533
f 3175/6924/1534 3173/6919/1534 3172/6918/1534
f 3165/6901/1535 3171/6914/1535 3173/6919/1535
f 3174/6921/1536 3168/6909/1536 3170/6913/1536
f 3167/6907/1537 3166/6906/1537 3170/6913/1537
f 3153/6875/1538 3165/6902/1538 3167/6908/1538
f 3157/6886/1539 3156/6884/1539 3169/6911/1539
f 3171/6915/1540 3165/6903/1540 3153/6876/1540
f 3191/6956/1541 3193/6961/1541 3180/6933/1541
f 3199/6975/1542 3194/6964/1542 3190/6955/1542
f 3186/6948/1543 3181/6934/1543 3192/6959/1543
f 3182/6938/1544 3188/6952/1544 3184/6944/1544
f 3187/6951/1545 3200/6977/1545 3196/6969/1545
f 3177/6927/1554 3179/6931/1554 3184/6943/1554
f 3178/6929/1555 3180/6932/1555 3182/6939/1555
f 3181/6935/1556 3186/6947/1556 3188/6952/1556
f 3185/6945/1557 3184/6944/1557 3188/6952/1557
f 3183/6940/1558 3185/6946/1558 3196/6969/1558
f 3186/6948/1559 3198/6974/1559 3200/6978/1559
f 3197/6972/2516 3196/6970/2516 3200/6978/2516
f 3189/6953/1561 3195/6967/1561 3197/6973/1561
f 3192/6959/1562 3194/6965/1562 3199/6976/1562
f 3193/6962/1563 3191/6957/1563 3190/6955/1563
f 3189/6954/1564 3191/6958/1564 3178/6929/1564
f 3192/6960/1565 3181/6936/1565 3180/6933/1565
f 3183/6941/1566 3195/6968/1566 3189/6954/1566
f 3217/7017/1567 3204/6986/1567 3202/6981/1567
f 3221/7024/1568 3223/7030/1568 3218/7019/1568
f 3210/7000/1569 3205/6988/1569 3216/7013/1569
f 3206/6990/1570 3212/7004/1570 3208/6995/1570
f 3209/6996/2416 3211/7001/2416 3224/7031/2416
f 3201/6979/2587 3203/6985/2587 3208/6995/2587
f 3202/6982/1581 3204/6987/1581 3206/6991/1581
f 3210/6999/2419 3212/7005/2419 3206/6991/2419
f 3211/7002/1583 3209/6997/1583 3208/6995/1583
f 3207/6994/2421 3209/6998/2421 3220/7023/2421
f 3210/7000/2170 3222/7027/2170 3224/7031/2170
f 3221/7025/1586 3220/7023/1586 3224/7032/1586
f 3213/7006/2171 3219/7020/2171 3221/7025/2171
f 3216/7014/2517 3218/7019/2517 3223/7030/2517
f 3217/7018/2422 3215/7011/2422 3214/7010/2422
f 3201/6980/1590 3213/7007/1590 3215/7012/1590
f 3216/7015/1591 3205/6989/1591 3204/6987/1591
f 3219/7021/1592 3213/7007/1592 3201/6980/1592
f 3239/7062/1593 3241/7067/1593 3228/7040/1593
f 3247/7079/1594 3242/7068/1594 3238/7060/1594
f 3234/7052/1595 3229/7041/1595 3240/7065/1595
f 3227/7038/1596 3230/7044/1596 3236/7055/1596
f 3233/7051/1597 3235/7054/1597 3248/7081/1597
f 3231/7046/1606 3225/7033/1606 3227/7038/1606
f 3228/7039/1607 3230/7044/1607 3227/7038/1607
f 3234/7052/1608 3236/7056/1608 3230/7045/1608
f 3233/7051/1609 3232/7050/1609 3236/7057/1609
f 3243/7070/1610 3231/7047/1610 3233/7051/1610
f 3234/7052/2518 3246/7077/2518 3248/7082/2518
f 3247/7079/1612 3245/7075/1612 3244/7073/1612
f 3237/7058/1613 3243/7071/1613 3245/7076/1613
f 3246/7078/1614 3240/7066/1614 3242/7068/1614
f 3239/7062/2178 3238/7061/2178 3242/7069/2178
f 3225/7034/2179 3237/7058/2179 3239/7063/2179
f 3229/7042/1617 3228/7040/1617 3241/7067/1617
f 3231/7048/1618 3243/7071/1618 3237/7058/1618
f 3263/7114/1619 3265/7119/1619 3252/7091/1619
f 3271/7132/1620 3266/7120/1620 3262/7111/1620
f 3258/7104/1621 3253/7093/1621 3264/7116/1621
f 3254/7094/1622 3260/7106/1622 3256/7098/1622
f 3259/7105/1623 3272/7134/1623 3268/7123/1623
f 3249/7084/1632 3251/7089/1632 3256/7098/1632
f 3252/7092/1633 3254/7095/1633 3251/7090/1633
f 3258/7104/1634 3260/7107/1634 3254/7095/1634
f 3257/7101/1635 3256/7099/1635 3260/7108/1635
f 3255/7097/2429 3257/7102/2429 3268/7124/2429
f 3270/7129/1637 3272/7134/1637 3259/7105/1637
f 3271/7131/1638 3269/7126/1638 3268/7124/1638
f 3267/7122/1639 3269/7126/1639 3262/7112/1639
f 3264/7115/1640 3266/7120/1640 3271/7132/1640
f 3263/7114/1641 3262/7113/1641 3266/7121/1641
f 3261/7109/1642 3263/7114/1642 3250/7087/1642
f 3264/7116/1643 3253/7093/1643 3252/7092/1643
f 3267/7122/1644 3261/7110/1644 3249/7085/1644
f 3287/7164/1645 3289/7169/1645 3276/7142/1645
f 3295/7182/1646 3290/7172/1646 3286/7163/1646
f 3282/7156/1647 3277/7143/1647 3288/7167/1647
f 3278/7147/1648 3284/7160/1648 3280/7152/1648
f 3281/7154/1649 3283/7159/1649 3296/7184/1649
f 3273/7135/1658 3275/7140/1658 3280/7151/1658
f 3274/7137/1659 3276/7141/1659 3278/7147/1659
f 3277/7144/1660 3282/7155/1660 3284/7160/1660
f 3281/7153/1661 3280/7152/1661 3284/7160/1661
f 3279/7149/1662 3281/7154/1662 3292/7177/1662
f 3282/7156/1663 3294/7181/1663 3296/7185/1663
f 3293/7180/1664 3292/7178/1664 3296/7186/1664
f 3291/7175/1665 3293/7180/1665 3286/7163/1665
f 3288/7167/1666 3290/7173/1666 3295/7183/1666
f 3289/7170/1667 3287/7165/1667 3286/7163/1667
f 3285/7162/1668 3287/7166/1668 3274/7138/1668
f 3288/7168/1669 3277/7145/1669 3276/7142/1669
f 3291/7176/1670 3285/7162/1670 3273/7135/1670
f 3311/7219/1671 3313/7222/1671 3300/7194/1671
f 3319/7236/1672 3314/7225/1672 3310/7216/1672
f 3318/7233/1673 3306/7207/1673 3301/7196/1673
f 3299/7192/1674 3302/7197/1674 3308/7212/1674
f 3307/7210/1675 3320/7238/1675 3316/7228/1675
f 3297/7188/1684 3299/7192/1684 3304/7202/1684
f 3300/7194/1685 3302/7198/1685 3299/7193/1685
f 3306/7207/1686 3308/7211/1686 3302/7199/1686
f 3305/7204/1687 3304/7202/1687 3308/7212/1687
f 3303/7201/1688 3305/7205/1688 3316/7227/1688
f 3318/7234/1689 3320/7238/1689 3307/7210/1689
f 3319/7235/1690 3317/7230/1690 3316/7228/1690
f 3309/7214/1691 3315/7226/1691 3317/7231/1691
f 3312/7221/1692 3314/7225/1692 3319/7236/1692
f 3313/7223/2188 3311/7218/2188 3310/7216/2188
f 3297/7189/1694 3309/7213/1694 3311/7219/1694
f 3301/7196/1695 3300/7195/1695 3313/7224/1695
f 3303/7201/1696 3315/7226/1696 3309/7214/1696
f 3337/7274/1697 3324/7246/1697 3322/7242/1697
f 3343/7287/1698 3338/7277/1698 3334/7267/1698
f 3330/7259/1699 3325/7247/1699 3336/7271/1699
f 3326/7250/1700 3332/7264/1700 3328/7256/1700
f 3331/7261/1701 3344/7289/1701 3340/7280/1701
f 3327/7252/1710 3321/7240/1710 3323/7244/1710
f 3324/7245/1711 3326/7250/1711 3323/7244/1711
f 3330/7259/1712 3332/7263/1712 3326/7251/1712
f 3329/7257/1713 3328/7256/1713 3332/7264/1713
f 3339/7278/2442 3327/7253/2442 3329/7258/2442
f 3342/7286/1715 3344/7290/1715 3331/7262/1715
f 3343/7287/1716 3341/7283/1716 3340/7281/1716
f 3339/7279/1717 3341/7284/1717 3334/7266/1717
f 3336/7272/2193 3338/7277/2193 3343/7287/2193
f 3337/7275/2588 3335/7269/2588 3334/7267/2588
f 3333/7265/1720 3335/7270/1720 3322/7243/1720
f 3336/7273/2194 3325/7248/2194 3324/7246/2194
f 3327/7254/1722 3339/7279/1722 3333/7265/1722
f 3361/7325/1723 3348/7297/1723 3346/7292/1723
f 3365/7337/1724 3367/7339/1724 3362/7328/1724
f 3354/7311/2589 3349/7299/2589 3360/7323/2589
f 3347/7294/1726 3350/7303/1726 3356/7316/1726
f 3355/7313/1727 3368/7341/1727 3364/7333/1727
f 3351/7305/1736 3345/7291/1736 3347/7295/1736
f 3348/7296/1737 3350/7302/1737 3347/7295/1737
f 3354/7312/1738 3356/7316/1738 3350/7303/1738
f 3355/7314/2590 3353/7309/2590 3352/7308/2590
f 3351/7304/1740 3353/7310/1740 3364/7333/1740
f 3366/7338/1741 3368/7342/1741 3355/7315/1741
f 3365/7336/1742 3364/7334/1742 3368/7342/1742
f 3357/7317/1743 3363/7331/1743 3365/7337/1743
f 3360/7323/1744 3362/7329/1744 3367/7340/1744
f 3361/7326/1745 3359/7321/1745 3358/7319/1745
f 3357/7318/1746 3359/7322/1746 3346/7293/1746
f 3360/7324/1747 3349/7300/1747 3348/7297/1747
f 3351/7305/1748 3363/7332/1748 3357/7318/1748
f 3383/7374/1749 3385/7379/1749 3372/7350/1749
f 3389/7385/1750 3391/7392/1750 3386/7381/1750
f 3390/7388/1751 3378/7364/1751 3373/7352/1751
f 3374/7353/1752 3380/7366/1752 3376/7358/1752
f 3377/7361/1753 3379/7365/1753 3392/7394/1753
f 3369/7345/1762 3371/7349/1762 3376/7358/1762
f 3370/7347/1763 3372/7350/1763 3374/7354/1763
f 3378/7364/1764 3380/7367/1764 3374/7355/1764
f 3377/7361/1765 3376/7359/1765 3380/7368/1765
f 3375/7357/1766 3377/7362/1766 3388/7383/1766
f 3390/7389/1767 3392/7394/1767 3379/7365/1767
f 3389/7386/1768 3388/7384/1768 3392/7394/1768
f 3381/7370/1769 3387/7382/1769 3389/7387/1769
f 3390/7390/1770 3384/7375/1770 3386/7381/1770
f 3385/7379/1771 3383/7374/1771 3382/7373/1771
f 3381/7369/2200 3383/7374/2200 3370/7347/2200
f 3384/7376/1773 3373/7352/1773 3372/7351/1773
f 3375/7357/1774 3387/7382/1774 3381/7370/1774
f 3409/7427/1775 3396/7402/1775 3394/7398/1775
f 3415/7442/1776 3410/7429/1776 3406/7423/1776
f 3414/7439/1777 3402/7414/1777 3397/7406/1777
f 3398/7407/1778 3404/7419/1778 3400/7409/1778
f 3401/7412/1779 3403/7417/1779 3416/7444/1779
f 3393/7396/2591 3395/7400/2591 3400/7410/2591
f 3396/7403/1789 3398/7407/1789 3395/7401/1789
f 3402/7415/2521 3404/7419/2521 3398/7407/2521
f 3403/7417/1791 3401/7412/1791 3400/7411/1791
f 3399/7408/1792 3401/7413/1792 3412/7435/1792
f 3402/7416/1793 3414/7438/1793 3416/7444/1793
f 3415/7442/1794 3413/7437/1794 3412/7436/1794
f 3411/7432/1795 3413/7437/1795 3406/7423/1795
f 3414/7439/2592 3408/7426/2592 3410/7430/2592
f 3407/7425/1797 3406/7424/1797 3410/7431/1797
f 3405/7421/1798 3407/7425/1798 3394/7398/1798
f 3397/7406/1799 3396/7404/1799 3409/7428/1799
f 3399/7408/1800 3411/7433/1800 3405/7422/1800
f 3433/7480/1801 3420/7452/1801 3418/7448/1801
f 3437/7485/2524 3439/7491/2524 3434/7481/2524
f 3426/7464/1803 3421/7453/1803 3432/7477/1803
f 3419/7450/1804 3422/7456/1804 3428/7468/1804
f 3425/7463/1805 3427/7466/1805 3440/7494/1805
f 3423/7459/2207 3417/7445/2207 3419/7450/2207
f 3420/7452/2525 3422/7457/2525 3419/7451/2525
f 3421/7453/1816 3426/7464/1816 3428/7469/1816
f 3427/7467/2208 3425/7462/2208 3424/7461/2208
f 3435/7482/1818 3423/7460/1818 3425/7463/1818
f 3426/7464/2454 3438/7488/2454 3440/7493/2454
f 3437/7486/1820 3436/7484/1820 3440/7494/1820
f 3429/7470/1821 3435/7483/1821 3437/7487/1821
f 3438/7489/1822 3432/7478/1822 3434/7481/1822
f 3433/7479/2211 3431/7474/2211 3430/7472/2211
f 3429/7470/1824 3431/7475/1824 3418/7449/1824
f 3421/7454/1825 3420/7452/1825 3433/7480/1825
f 3435/7483/1826 3429/7470/1826 3417/7446/1826
f 3457/7530/1827 3444/7501/1827 3442/7499/1827
f 3461/7537/1828 3463/7542/1828 3458/7531/1828
f 3450/7514/1829 3445/7504/1829 3456/7527/1829
f 3443/7500/1830 3446/7506/1830 3452/7518/1830
f 3449/7512/1831 3451/7516/1831 3464/7543/1831
f 3441/7496/1840 3443/7500/1840 3448/7509/1840
f 3442/7498/1841 3444/7502/1841 3446/7506/1841
f 3445/7504/1842 3450/7514/1842 3452/7519/1842
f 3451/7516/1843 3449/7512/1843 3448/7510/1843
f 3447/7508/1844 3449/7513/1844 3460/7535/1844
f 3450/7515/1845 3462/7541/1845 3464/7543/1845
f 3461/7537/2215 3460/7536/2215 3464/7544/2215
f 3459/7533/1847 3461/7538/1847 3454/7523/1847
f 3456/7526/2216 3458/7531/2216 3463/7542/2216
f 3455/7525/1849 3454/7524/1849 3458/7532/1849
f 3453/7520/1850 3455/7525/1850 3442/7499/1850
f 3456/7527/1851 3445/7504/1851 3444/7503/1851
f 3459/7533/1852 3453/7521/1852 3441/7497/1852
f 3479/7578/2218 3481/7580/2218 3468/7553/2218
f 3485/7591/1854 3487/7595/1854 3482/7582/1854
f 3474/7565/1855 3469/7556/1855 3480/7579/1855
f 3470/7558/1856 3476/7570/1856 3472/7560/1856
f 3473/7563/1857 3475/7569/1857 3488/7598/1857
f 3465/7546/2527 3467/7550/2527 3472/7561/2527
f 3468/7553/1867 3470/7557/1867 3467/7551/1867
f 3474/7566/1868 3476/7570/1868 3470/7558/1868
f 3473/7563/1869 3472/7562/1869 3476/7571/1869
f 3483/7586/1870 3471/7559/1870 3473/7564/1870
f 3474/7567/1871 3486/7593/1871 3488/7598/1871
f 3485/7590/1872 3484/7589/1872 3488/7598/1872
f 3483/7585/1873 3485/7591/1873 3478/7575/1873
f 3480/7579/1874 3482/7583/1874 3487/7596/1874
f 3479/7578/2223 3478/7576/2223 3482/7584/2223
f 3477/7573/1876 3479/7578/1876 3466/7548/1876
f 3469/7556/1877 3468/7554/1877 3481/7581/1877
f 3483/7586/1878 3477/7574/1878 3465/7546/1878
f 3505/7637/7 3492/7606/7 3490/7603/7
f 3511/7652/8 3506/7640/8 3502/7631/8
f 3498/7621/9 3493/7610/9 3504/7635/9
f 3494/7612/1879 3500/7626/1879 3496/7616/1879
f 3497/7617/11 3499/7624/11 3512/7654/11
f 3489/7599/20 3491/7605/20 3496/7616/20
f 3492/7607/21 3494/7612/21 3491/7605/21
f 3498/7622/22 3500/7626/22 3494/7612/22
f 3497/7618/1883 3496/7616/1883 3500/7626/1883
f 3495/7614/24 3497/7619/24 3508/7644/24
f 3510/7650/25 3512/7654/25 3499/7624/25
f 3511/7652/2593 3509/7647/2593 3508/7645/2593
f 3501/7627/27 3507/7641/27 3509/7647/27
f 3504/7634/28 3506/7640/28 3511/7652/28
f 3505/7638/1886 3503/7632/1886 3502/7631/1886
f 3489/7600/30 3501/7628/30 3503/7633/30
f 3504/7635/31 3493/7610/31 3492/7608/31
f 3507/7642/32 3501/7629/32 3489/7601/32
f 3529/7690/33 3516/7661/33 3514/7658/33
f 3535/7703/34 3530/7692/34 3526/7684/34
f 3522/7674/35 3517/7663/35 3528/7688/35
f 3515/7660/2229 3518/7665/2229 3524/7679/2229
f 3521/7670/37 3523/7676/37 3536/7704/37
f 3519/7667/46 3513/7657/46 3515/7660/46
f 3514/7658/47 3516/7661/47 3518/7666/47
f 3517/7663/48 3522/7674/48 3524/7678/48
f 3521/7671/2459 3520/7669/2459 3524/7679/2459
f 3531/7693/50 3519/7668/50 3521/7672/50
f 3534/7701/51 3536/7704/51 3523/7676/51
f 3535/7702/52 3533/7697/52 3532/7695/52
f 3525/7681/53 3531/7693/53 3533/7698/53
f 3528/7687/54 3530/7692/54 3535/7703/54
f 3529/7691/1890 3527/7685/1890 3526/7684/1890
f 3525/7680/1891 3527/7686/1891 3514/7658/1891
f 3528/7688/57 3517/7663/57 3516/7662/57
f 3519/7668/58 3531/7693/58 3525/7681/58
f 3553/7739/59 3540/7711/59 3538/7707/59
f 3557/7748/60 3559/7751/60 3554/7741/60
f 3558/7749/61 3546/7724/61 3541/7712/61
f 3539/7709/62 3542/7715/62 3548/7729/62
f 3545/7723/63 3547/7727/63 3560/7753/63
f 3537/7705/72 3539/7710/72 3544/7720/72
f 3538/7707/73 3540/7711/73 3542/7716/73
f 3541/7713/74 3546/7725/74 3548/7729/74
f 3545/7722/75 3544/7721/75 3548/7729/75
f 3555/7743/76 3543/7717/76 3545/7723/76
f 3558/7749/77 3560/7754/77 3547/7728/77
f 3559/7752/78 3557/7747/78 3556/7746/78
f 3549/7730/79 3555/7744/79 3557/7748/79
f 3558/7749/80 3552/7737/80 3554/7742/80
f 3553/7738/81 3551/7734/81 3550/7732/81
f 3537/7705/82 3549/7731/82 3551/7735/82
f 3541/7714/83 3540/7711/83 3553/7739/83
f 3543/7718/84 3555/7745/84 3549/7731/84
f 3577/7793/85 3564/7763/85 3562/7758/85
f 3583/7807/86 3578/7795/86 3574/7786/86
f 3582/7805/87 3570/7777/87 3565/7764/87
f 3566/7767/88 3572/7781/88 3568/7772/88
f 3569/7775/89 3571/7780/89 3584/7810/89
f 3567/7770/98 3561/7756/98 3563/7761/98
f 3562/7758/99 3564/7763/99 3566/7768/99
f 3565/7765/100 3570/7778/100 3572/7781/100
f 3569/7775/1902 3568/7773/1902 3572/7782/1902
f 3567/7769/102 3569/7775/102 3580/7801/102
f 3582/7804/103 3584/7810/103 3571/7780/103
f 3583/7808/104 3581/7802/104 3580/7801/104
f 3573/7783/105 3579/7798/105 3581/7803/105
f 3582/7805/1903 3576/7791/1903 3578/7796/1903
f 3577/7793/107 3575/7789/107 3574/7787/107
f 3573/7784/108 3575/7789/108 3562/7758/108
f 3565/7766/109 3564/7763/109 3577/7793/109
f 3567/7770/110 3579/7799/110 3573/7785/110
f 3601/7845/2594 3588/7818/2594 3586/7815/2594
f 3607/7857/112 3602/7847/112 3598/7838/112
f 3594/7830/113 3589/7819/113 3600/7842/113
f 3587/7816/114 3590/7822/114 3596/7833/114
f 3593/7829/1904 3595/7831/1904 3608/7859/1904
f 3585/7811/124 3587/7816/124 3592/7827/124
f 3588/7817/125 3590/7822/125 3587/7816/125
f 3594/7830/126 3596/7834/126 3590/7823/126
f 3593/7829/127 3592/7828/127 3596/7835/127
f 3591/7825/1907 3593/7829/1907 3604/7850/1907
f 3606/7855/129 3608/7860/129 3595/7832/129
f 3607/7857/2242 3605/7853/2242 3604/7851/2242
f 3597/7836/131 3603/7849/131 3605/7854/131
f 3606/7856/132 3600/7843/132 3602/7847/132
f 3601/7845/133 3599/7840/133 3598/7839/133
f 3585/7812/2463 3597/7836/2463 3599/7841/2463
f 3600/7844/2243 3589/7820/2243 3588/7818/2243
f 3591/7826/136 3603/7849/136 3597/7836/136
f 3623/7894/137 3625/7896/137 3612/7868/137
f 3629/7905/138 3631/7910/138 3626/7898/138
f 3630/7907/139 3618/7879/139 3613/7872/139
f 3614/7873/140 3620/7885/140 3616/7875/140
f 3617/7877/141 3619/7883/141 3632/7912/141
f 3615/7874/150 3609/7861/150 3611/7867/150
f 3610/7864/151 3612/7869/151 3614/7873/151
f 3618/7880/152 3620/7885/152 3614/7873/152
f 3617/7878/2595 3616/7876/2595 3620/7886/2595
f 3627/7901/154 3615/7874/154 3617/7878/154
f 3618/7881/1914 3630/7906/1914 3632/7912/1914
f 3631/7910/1915 3629/7905/1915 3628/7904/1915
f 3627/7900/157 3629/7905/157 3622/7891/157
f 3630/7907/158 3624/7895/158 3626/7899/158
f 3623/7893/2596 3622/7892/2596 3626/7899/2596
f 3609/7862/160 3621/7888/160 3623/7894/160
f 3613/7872/161 3612/7870/161 3625/7897/161
f 3615/7874/162 3627/7901/162 3621/7889/162
f 3647/7944/163 3649/7950/163 3636/7921/163
f 3655/7963/2246 3650/7952/2246 3646/7941/2246
f 3642/7934/165 3637/7922/165 3648/7946/165
f 3635/7919/166 3638/7924/166 3644/7937/166
f 3643/7936/2597 3656/7965/2597 3652/7956/2597
f 3633/7914/176 3635/7919/176 3640/7930/176
f 3634/7916/177 3636/7921/177 3638/7925/177
f 3642/7934/178 3644/7938/178 3638/7926/178
f 3641/7933/179 3640/7931/179 3644/7939/179
f 3639/7928/180 3641/7933/180 3652/7956/180
f 3642/7934/1922 3654/7961/1922 3656/7966/1922
f 3655/7962/182 3653/7958/182 3652/7956/182
f 3651/7954/183 3653/7959/183 3646/7942/183
f 3648/7947/184 3650/7952/184 3655/7963/184
f 3649/7950/2598 3647/7944/2598 3646/7943/2598
f 3645/7940/1923 3647/7945/1923 3634/7917/1923
f 3648/7948/187 3637/7923/187 3636/7921/187
f 3639/7929/1924 3651/7954/1924 3645/7940/1924
f 3673/8000/2599 3660/7973/2599 3658/7968/2599
f 3679/8013/190 3674/8003/190 3670/7994/190
f 3666/7987/191 3661/7975/191 3672/7998/191
f 3662/7978/2600 3668/7991/2600 3664/7983/2600
f 3667/7990/193 3680/8016/193 3676/8008/193
f 3657/7967/1927 3659/7972/1927 3664/7982/1927
f 3658/7968/203 3660/7973/203 3662/7977/203
f 3666/7986/204 3668/7991/204 3662/7978/204
f 3665/7984/205 3664/7983/205 3668/7991/205
f 3663/7980/206 3665/7985/206 3676/8008/206
f 3666/7987/1929 3678/8011/1929 3680/8015/1929
f 3677/8009/208 3676/8008/208 3680/8016/208
f 3675/8006/209 3677/8010/209 3670/7994/209
f 3672/7998/210 3674/8004/210 3679/8014/210
f 3673/8001/211 3671/7996/211 3670/7994/211
f 3669/7993/212 3671/7997/212 3658/7969/212
f 3672/7999/213 3661/7976/213 3660/7973/213
f 3675/8007/214 3669/7993/214 3657/7967/214
f 3695/8050/215 3697/8056/215 3684/8024/215
f 3703/8068/216 3698/8057/216 3694/8048/216
f 3690/8038/217 3685/8026/217 3696/8051/217
f 3686/8028/218 3692/8043/218 3688/8033/218
f 3691/8040/219 3704/8070/219 3700/8060/219
f 3687/8031/228 3681/8017/228 3683/8022/228
f 3684/8025/229 3686/8029/229 3683/8023/229
f 3690/8037/230 3692/8042/230 3686/8029/230
f 3689/8035/231 3688/8033/231 3692/8043/231
f 3699/8058/232 3687/8032/232 3689/8036/232
f 3690/8038/233 3702/8065/233 3704/8070/233
f 3703/8067/1931 3701/8063/1931 3700/8061/1931
f 3699/8058/2260 3701/8063/2260 3694/8047/2260
f 3696/8052/236 3698/8057/236 3703/8068/236
f 3695/8049/237 3694/8048/237 3698/8057/237
f 3681/8018/238 3693/8045/238 3695/8050/238
f 3696/8053/239 3685/8027/239 3684/8025/239
f 3699/8059/240 3693/8045/240 3681/8018/240
f 3721/8104/241 3708/8077/241 3706/8073/241
f 3727/8118/242 3722/8107/242 3718/8098/242
f 3726/8115/243 3714/8090/243 3709/8078/243
f 3710/8081/244 3716/8095/244 3712/8087/244
f 3715/8092/245 3728/8120/245 3724/8112/245
f 3705/8071/1934 3707/8076/1934 3712/8086/1934
f 3706/8073/255 3708/8077/255 3710/8082/255
f 3709/8079/256 3714/8091/256 3716/8095/256
f 3715/8093/257 3713/8088/257 3712/8087/257
f 3711/8084/258 3713/8089/258 3724/8112/258
f 3726/8115/259 3728/8119/259 3715/8094/259
f 3725/8113/260 3724/8112/260 3728/8120/260
f 3723/8110/261 3725/8114/261 3718/8098/261
f 3726/8115/2267 3720/8102/2267 3722/8108/2267
f 3721/8105/1935 3719/8100/1935 3718/8098/1935
f 3705/8071/264 3717/8097/264 3719/8101/264
f 3720/8103/2601 3709/8080/2601 3708/8077/2601
f 3723/8111/266 3717/8097/266 3705/8071/266
f 3743/8149/267 3745/8156/267 3732/8127/267
f 3751/8166/268 3746/8158/268 3742/8148/268
f 3738/8141/269 3733/8128/269 3744/8153/269
f 3731/8124/270 3734/8131/270 3740/8145/270
f 3739/8143/271 3752/8169/271 3748/8162/271
f 3735/8134/280 3729/8121/280 3731/8125/280
f 3732/8127/281 3734/8132/281 3731/8126/281
f 3733/8129/282 3738/8140/282 3740/8145/282
f 3739/8144/283 3737/8138/283 3736/8136/283
f 3747/8159/284 3735/8133/284 3737/8139/284
f 3738/8141/285 3750/8165/285 3752/8170/285
f 3751/8167/1941 3749/8163/1941 3748/8162/1941
f 3741/8146/287 3747/8160/287 3749/8164/287
f 3744/8153/288 3746/8157/288 3751/8168/288
f 3743/8150/289 3742/8148/289 3746/8158/289
f 3741/8147/290 3743/8151/290 3730/8123/290
f 3733/8130/291 3732/8127/291 3745/8156/291
f 3735/8134/292 3747/8161/292 3741/8147/292
f 3767/8203/293 3769/8206/293 3756/8179/293
f 3775/8220/294 3770/8209/294 3766/8201/294
f 3774/8216/295 3762/8191/295 3757/8181/295
f 3755/8177/296 3758/8182/296 3764/8195/296
f 3761/8187/297 3763/8193/297 3776/8221/297
f 3759/8184/306 3753/8171/306 3755/8177/306
f 3756/8180/307 3758/8183/307 3755/8178/307
f 3762/8191/308 3764/8196/308 3758/8183/308
f 3763/8192/1942 3761/8188/1942 3760/8186/1942
f 3771/8210/310 3759/8185/310 3761/8189/310
f 3774/8217/311 3776/8221/311 3763/8193/311
f 3773/8214/312 3772/8212/312 3776/8222/312
f 3771/8210/313 3773/8214/313 3766/8200/313
f 3768/8205/2602 3770/8209/2602 3775/8220/2602
f 3769/8207/315 3767/8202/315 3766/8201/315
f 3753/8172/316 3765/8197/316 3767/8203/316
f 3757/8181/2469 3756/8180/2469 3769/8208/2469
f 3771/8210/318 3765/8198/318 3753/8173/318
f 3793/8257/319 3780/8230/319 3778/8226/319
f 3799/8269/320 3794/8259/320 3790/8250/320
f 3786/8242/321 3781/8231/321 3792/8254/321
f 3779/8228/322 3782/8234/322 3788/8245/322
f 3785/8241/323 3787/8244/323 3800/8270/323
f 3777/8224/332 3779/8228/332 3784/8239/332
f 3780/8229/333 3782/8234/333 3779/8228/333
f 3786/8242/334 3788/8246/334 3782/8235/334
f 3785/8241/335 3784/8240/335 3788/8247/335
f 3795/8260/336 3783/8237/336 3785/8241/336
f 3786/8242/337 3798/8267/337 3800/8271/337
f 3797/8265/338 3796/8263/338 3800/8272/338
f 3789/8248/2603 3795/8261/2603 3797/8266/2603
f 3798/8268/340 3792/8255/340 3794/8259/340
f 3793/8257/341 3791/8252/341 3790/8251/341
f 3789/8248/342 3791/8253/342 3778/8227/342
f 3792/8256/343 3781/8232/343 3780/8230/343
f 3783/8238/344 3795/8261/344 3789/8248/344
f 3815/8304/345 3817/8308/345 3804/8280/345
f 3821/8318/346 3823/8321/346 3818/8309/346
f 3822/8319/347 3810/8293/347 3805/8281/347
f 3806/8284/348 3812/8298/348 3808/8288/348
f 3811/8296/349 3824/8323/349 3820/8316/349
f 3801/8273/358 3803/8277/358 3808/8289/358
f 3804/8280/359 3806/8285/359 3803/8278/359
f 3805/8282/360 3810/8292/360 3812/8298/360
f 3811/8296/361 3809/8291/361 3808/8290/361
f 3819/8312/362 3807/8286/362 3809/8291/362
f 3810/8293/363 3822/8319/363 3824/8324/363
f 3823/8322/364 3821/8317/364 3820/8316/364
f 3813/8299/365 3819/8313/365 3821/8318/365
f 3822/8319/366 3816/8306/366 3818/8310/366
f 3815/8304/367 3814/8302/367 3818/8311/367
f 3813/8300/368 3815/8305/368 3802/8275/368
f 3816/8307/2275 3805/8283/2275 3804/8280/2275
f 3807/8287/370 3819/8314/370 3813/8300/370
f 3839/8358/371 3841/8361/371 3828/8332/371
f 3845/8371/372 3847/8376/372 3842/8363/372
f 3834/8346/373 3829/8336/373 3840/8359/373
f 3830/8338/1957 3836/8351/1957 3832/8341/1957
f 3833/8343/375 3835/8347/375 3848/8377/375
f 3831/8340/384 3825/8325/384 3827/8330/384
f 3828/8333/385 3830/8338/385 3827/8331/385
f 3834/8345/386 3836/8351/386 3830/8338/386
f 3835/8348/1962 3833/8344/1962 3832/8342/1962
f 3831/8340/388 3833/8344/388 3844/8369/388
f 3834/8346/389 3846/8372/389 3848/8377/389
f 3845/8371/390 3844/8370/390 3848/8378/390
f 3843/8366/391 3845/8371/391 3838/8355/391
f 3846/8373/392 3840/8360/392 3842/8364/392
f 3841/8362/393 3839/8357/393 3838/8356/393
f 3825/8326/394 3837/8353/394 3839/8358/394
f 3840/8360/395 3829/8337/395 3828/8334/395
f 3843/8367/396 3837/8353/396 3825/8326/396
f 3865/8413/397 3852/8385/397 3850/8382/397
f 3871/8426/398 3866/8416/398 3862/8407/398
f 3870/8423/399 3858/8398/399 3853/8387/399
f 3854/8388/400 3860/8402/400 3856/8393/400
f 3859/8400/2541 3872/8428/2541 3868/8419/2541
f 3849/8381/410 3851/8383/410 3856/8393/410
f 3852/8385/411 3854/8389/411 3851/8384/411
f 3858/8398/412 3860/8403/412 3854/8390/412
f 3859/8400/2283 3857/8396/2283 3856/8394/2283
f 3855/8392/414 3857/8397/414 3868/8418/414
f 3858/8399/415 3870/8424/415 3872/8428/415
f 3871/8427/416 3869/8421/416 3868/8419/416
f 3861/8405/417 3867/8417/417 3869/8422/417
f 3870/8425/418 3864/8411/418 3866/8416/418
f 3865/8413/419 3863/8409/419 3862/8408/419
f 3861/8404/420 3863/8409/420 3850/8382/420
f 3853/8387/421 3852/8386/421 3865/8414/421
f 3855/8392/422 3867/8417/422 3861/8405/422
f 3889/8464/423 3876/8435/423 3874/8430/423
f 3895/8477/424 3890/8466/424 3886/8457/424
f 3882/8450/425 3877/8437/425 3888/8462/425
f 3878/8441/426 3884/8454/426 3880/8446/426
f 3881/8448/427 3883/8453/427 3896/8479/427
f 3873/8429/436 3875/8433/436 3880/8445/436
f 3874/8431/437 3876/8434/437 3878/8440/437
f 3882/8449/438 3884/8454/438 3878/8441/438
f 3881/8447/439 3880/8446/439 3884/8454/439
f 3879/8443/440 3881/8448/440 3892/8471/440
f 3882/8450/441 3894/8476/441 3896/8480/441
f 3895/8478/442 3893/8474/442 3892/8472/442
f 3891/8469/443 3893/8475/443 3886/8457/443
f 3888/8462/444 3890/8467/444 3895/8478/444
f 3889/8463/445 3887/8459/445 3886/8457/445
f 3873/8429/446 3885/8456/446 3887/8460/446
f 3877/8438/2291 3876/8435/2291 3889/8464/2291
f 3891/8470/448 3885/8456/448 3873/8429/448
f 3913/8516/449 3900/8487/449 3898/8484/449
f 3919/8529/450 3914/8518/450 3910/8510/450
f 3906/8500/451 3901/8489/451 3912/8513/451
f 3899/8485/452 3902/8490/452 3908/8505/452
f 3907/8502/453 3920/8530/453 3916/8521/453
f 3897/8483/462 3899/8485/462 3904/8495/462
f 3900/8487/463 3902/8491/463 3899/8486/463
f 3906/8500/464 3908/8504/464 3902/8492/464
f 3905/8497/2546 3904/8495/2546 3908/8505/2546
f 3915/8519/466 3903/8494/466 3905/8498/466
f 3918/8527/2474 3920/8530/2474 3907/8502/2474
f 3919/8528/468 3917/8523/468 3916/8521/468
f 3915/8519/469 3917/8524/469 3910/8509/469
f 3912/8514/470 3914/8518/470 3919/8529/470
f 3911/8511/471 3910/8510/471 3914/8518/471
f 3909/8506/472 3911/8512/472 3898/8484/472
f 3901/8489/473 3900/8488/473 3913/8517/473
f 3903/8494/474 3915/8519/474 3909/8507/474
f 3937/8566/475 3924/8539/475 3922/8534/475
f 3941/8577/476 3943/8581/476 3938/8568/476
f 3930/8552/477 3925/8542/477 3936/8565/477
f 3923/8535/478 3926/8544/478 3932/8556/478
f 3929/8549/479 3931/8555/479 3944/8584/479
f 3927/8545/2604 3921/8531/2604 3923/8536/2604
f 3924/8539/489 3926/8543/489 3923/8537/489
f 3930/8553/490 3932/8556/490 3926/8544/490
f 3929/8549/491 3928/8548/491 3932/8557/491
f 3927/8545/2549 3929/8550/2549 3940/8574/2549
f 3942/8578/493 3944/8584/493 3931/8555/493
f 3943/8582/494 3941/8576/494 3940/8575/494
f 3933/8558/495 3939/8571/495 3941/8577/495
f 3942/8579/2297 3936/8565/2297 3938/8569/2297
f 3935/8564/2552 3934/8562/2552 3938/8570/2552
f 3921/8532/498 3933/8559/498 3935/8564/498
f 3925/8542/1984 3924/8540/1984 3937/8567/1984
f 3927/8545/500 3939/8572/500 3933/8560/500
f 3961/8618/501 3948/8592/501 3946/8588/501
f 3965/8627/502 3967/8632/502 3962/8620/502
f 3966/8629/503 3954/8605/503 3949/8596/503
f 3950/8597/504 3956/8609/504 3952/8599/504
f 3955/8607/1985 3968/8634/1985 3964/8625/1985
f 3945/8586/514 3947/8591/514 3952/8600/514
f 3946/8587/515 3948/8593/515 3950/8597/515
f 3949/8595/516 3954/8606/516 3956/8609/516
f 3955/8607/1989 3953/8602/1989 3952/8601/1989
f 3963/8623/518 3951/8598/518 3953/8603/518
f 3966/8628/1990 3968/8634/1990 3955/8607/1990
f 3967/8632/520 3965/8627/520 3964/8626/520
f 3963/8622/521 3965/8627/521 3958/8613/521
f 3966/8629/522 3960/8616/522 3962/8621/522
f 3961/8618/523 3959/8615/523 3958/8614/523
f 3957/8611/524 3959/8615/524 3946/8588/524
f 3960/8616/525 3949/8596/525 3948/8594/525
f 3963/8623/526 3957/8612/526 3945/8586/526
f 3983/8665/527 3985/8669/527 3972/8642/527
f 3989/8678/528 3991/8682/528 3986/8671/528
f 3978/8655/529 3973/8645/529 3984/8666/529
f 3971/8639/530 3974/8646/530 3980/8659/530
f 3977/8651/531 3979/8658/531 3992/8684/531
f 3969/8635/540 3971/8640/540 3976/8649/540
f 3970/8637/541 3972/8642/541 3974/8647/541
f 3973/8644/2478 3978/8656/2478 3980/8659/2478
f 3979/8657/543 3977/8652/543 3976/8650/543
f 3987/8673/544 3975/8648/544 3977/8653/544
f 3990/8680/545 3992/8684/545 3979/8658/545
f 3989/8677/546 3988/8676/546 3992/8684/546
f 3987/8672/1998 3989/8678/1998 3982/8663/1998
f 3984/8666/548 3986/8670/548 3991/8683/548
f 3983/8664/549 3982/8663/549 3986/8671/549
f 3969/8636/550 3981/8661/550 3983/8665/550
f 3984/8666/1999 3973/8645/1999 3972/8643/1999
f 3975/8648/552 3987/8673/552 3981/8662/552
f 4009/8722/2479 3996/8693/2479 3994/8687/2479
f 4013/8730/554 4015/8735/554 4010/8724/554
f 4002/8706/555 3997/8694/555 4008/8719/555
f 3998/8698/556 4004/8711/556 4000/8703/556
f 4003/8708/557 4016/8736/557 4012/8727/557
f 3993/8685/566 3995/8691/566 4000/8703/566
f 3994/8688/567 3996/8692/567 3998/8698/567
f 3997/8694/568 4002/8706/568 4004/8710/568
f 4001/8704/569 4000/8703/569 4004/8711/569
f 3999/8701/2003 4001/8705/2003 4012/8727/2003
f 4014/8733/571 4016/8737/571 4003/8709/571
f 4013/8730/2004 4012/8728/2004 4016/8738/2004
f 4005/8712/573 4011/8726/573 4013/8731/573
f 4008/8720/574 4010/8724/574 4015/8735/574
f 4007/8716/575 4006/8714/575 4010/8724/575
f 4005/8712/576 4007/8717/576 3994/8689/576
f 3997/8695/2605 3996/8693/2605 4009/8722/2605
f 4011/8726/578 4005/8712/578 3993/8686/578
f 4033/8774/579 4020/8745/579 4018/8742/579
f 4039/8787/580 4034/8776/580 4030/8768/580
f 4038/8784/581 4026/8758/581 4021/8747/581
f 4019/8743/582 4022/8749/582 4028/8763/582
f 4025/8754/583 4027/8760/583 4040/8788/583
f 4017/8740/592 4019/8743/592 4024/8753/592
f 4020/8745/593 4022/8750/593 4019/8744/593
f 4021/8747/594 4026/8758/594 4028/8762/594
f 4025/8755/595 4024/8753/595 4028/8763/595
f 4023/8752/596 4025/8756/596 4036/8778/596
f 4038/8785/597 4040/8788/597 4027/8760/597
f 4037/8781/598 4036/8779/598 4040/8788/598
f 4035/8777/599 4037/8782/599 4030/8767/599
f 4032/8772/600 4034/8776/600 4039/8787/600
f 4031/8769/601 4030/8768/601 4034/8776/601
f 4017/8741/602 4029/8764/602 4031/8770/602
f 4021/8747/603 4020/8746/603 4033/8775/603
f 4023/8752/604 4035/8777/604 4029/8765/604
f 4055/8822/605 4057/8824/605 4044/8796/605
f 4063/8837/606 4058/8826/606 4054/8818/606
f 4062/8835/607 4050/8808/607 4045/8799/607
f 4043/8793/608 4046/8801/608 4052/8813/608
f 4051/8812/609 4064/8840/609 4060/8832/609
f 4041/8790/618 4043/8794/618 4048/8804/618
f 4042/8791/619 4044/8796/619 4046/8800/619
f 4050/8809/620 4052/8813/620 4046/8801/620
f 4049/8806/621 4048/8804/621 4052/8814/621
f 4059/8829/622 4047/8802/622 4049/8806/622
f 4062/8836/623 4064/8840/623 4051/8812/623
f 4063/8838/624 4061/8833/624 4060/8832/624
f 4053/8815/625 4059/8828/625 4061/8834/625
f 4056/8823/2009 4058/8827/2009 4063/8839/2009
f 4057/8825/627 4055/8821/627 4054/8819/627
f 4053/8816/628 4055/8822/628 4042/8791/628
f 4045/8799/629 4044/8797/629 4057/8825/629
f 4059/8829/630 4053/8817/630 4041/8790/630
f 4081/8876/631 4068/8846/631 4066/8843/631
f 4085/8887/632 4087/8890/632 4082/8879/632
f 4074/8861/633 4069/8849/633 4080/8874/633
f 4070/8852/634 4076/8866/634 4072/8857/634
f 4073/8858/635 4075/8864/635 4088/8892/635
f 4065/8841/644 4067/8845/644 4072/8856/644
f 4066/8843/645 4068/8846/645 4070/8851/645
f 4074/8862/646 4076/8866/646 4070/8852/646
f 4075/8865/2316 4073/8859/2316 4072/8857/2316
f 4083/8882/648 4071/8854/648 4073/8860/648
f 4074/8863/649 4086/8889/649 4088/8892/649
f 4085/8886/650 4084/8884/650 4088/8892/650
f 4083/8881/2014 4085/8887/2014 4078/8870/2014
f 4080/8873/652 4082/8880/652 4087/8891/652
f 4081/8877/2481 4079/8871/2481 4078/8870/2481
f 4077/8868/654 4079/8872/654 4066/8843/654
f 4080/8874/655 4069/8849/655 4068/8847/655
f 4083/8882/656 4077/8869/656 4065/8842/656
f 4103/8925/657 4105/8929/657 4092/8901/657
f 4111/8942/658 4106/8931/658 4102/8923/658
f 4098/8913/659 4093/8903/659 4104/8927/659
f 4094/8904/660 4100/8918/660 4096/8908/660
f 4099/8915/661 4112/8944/661 4108/8933/661
f 4095/8906/670 4089/8895/670 4091/8900/670
f 4090/8896/2606 4092/8902/2606 4094/8905/2606
f 4098/8913/2019 4100/8917/2019 4094/8905/2019
f 4097/8910/2020 4096/8908/2020 4100/8918/2020
f 4107/8932/674 4095/8907/674 4097/8911/674
f 4110/8939/675 4112/8944/675 4099/8915/675
f 4111/8941/676 4109/8936/676 4108/8934/676
f 4107/8932/2607 4109/8936/2607 4102/8922/2607
f 4104/8926/678 4106/8931/678 4111/8942/678
f 4105/8930/2321 4103/8924/2321 4102/8923/2321
f 4101/8919/680 4103/8925/680 4090/8897/680
f 4104/8927/681 4093/8903/681 4092/8902/681
f 4095/8907/682 4107/8932/682 4101/8920/682
f 4127/8978/683 4129/8981/683 4116/8952/683
f 4135/8995/684 4130/8983/684 4126/8975/684
f 4134/8993/685 4122/8965/685 4117/8955/685
f 4115/8950/686 4118/8958/686 4124/8971/686
f 4123/8968/687 4136/8997/687 4132/8989/687
f 4119/8960/696 4113/8945/696 4115/8951/696
f 4114/8948/2322 4116/8953/2322 4118/8958/2322
f 4117/8956/698 4122/8966/698 4124/8971/698
f 4123/8967/699 4121/8964/699 4120/8962/699
f 4131/8985/700 4119/8960/700 4121/8964/700
f 4134/8993/701 4136/8997/701 4123/8968/701
f 4133/8991/2608 4132/8990/2608 4136/8998/2608
f 4125/8972/703 4131/8986/703 4133/8991/703
f 4128/8980/704 4130/8984/704 4135/8996/704
f 4129/8982/705 4127/8977/705 4126/8976/705
f 4113/8946/706 4125/8973/706 4127/8978/706
f 4128/8980/707 4117/8957/707 4116/8954/707
f 4131/8987/708 4125/8973/708 4113/8946/708
f 4151/9028/709 4153/9034/709 4140/9005/709
f 4157/9045/710 4159/9048/710 4154/9037/710
f 4158/9046/711 4146/9019/711 4141/9007/711
f 4139/9002/712 4142/9011/712 4148/9024/712
f 4145/9018/713 4147/9022/713 4160/9049/713
f 4137/8999/722 4139/9003/722 4144/9015/722
f 4138/9001/723 4140/9004/723 4142/9010/723
f 4146/9020/724 4148/9024/724 4142/9011/724
f 4145/9017/725 4144/9016/725 4148/9024/725
f 4143/9012/726 4145/9018/726 4156/9041/726
f 4158/9046/727 4160/9050/727 4147/9023/727
f 4157/9044/728 4156/9042/728 4160/9050/728
f 4155/9039/729 4157/9045/729 4150/9027/729
f 4158/9046/730 4152/9032/730 4154/9036/730
f 4151/9029/731 4150/9027/731 4154/9037/731
f 4149/9026/732 4151/9030/732 4138/9001/732
f 4141/9008/733 4140/9005/733 4153/9034/733
f 4143/9013/734 4155/9040/734 4149/9026/734
f 4177/9089/735 4164/9058/735 4162/9053/735
f 4183/9102/736 4178/9091/736 4174/9082/736
f 4170/9071/737 4165/9060/737 4176/9085/737
f 4163/9057/738 4166/9062/738 4172/9076/738
f 4171/9074/739 4184/9104/739 4180/9094/739
f 4167/9065/748 4161/9051/748 4163/9057/748
f 4162/9054/749 4164/9059/749 4166/9063/749
f 4165/9061/2028 4170/9072/2028 4172/9077/2028
f 4171/9073/751 4169/9069/751 4168/9067/751
f 4179/9092/752 4167/9066/752 4169/9070/752
f 4182/9099/753 4184/9104/753 4171/9074/753
f 4183/9101/754 4181/9097/754 4180/9095/754
f 4179/9092/2029 4181/9097/2029 4174/9081/2029
f 4176/9086/756 4178/9091/756 4183/9102/756
f 4177/9090/757 4175/9083/757 4174/9082/757
f 4161/9052/2327 4173/9079/2327 4175/9084/2327
f 4176/9087/759 4165/9061/759 4164/9059/759
f 4179/9093/760 4173/9079/760 4161/9052/760
f 4199/9136/761 4201/9141/761 4188/9112/761
f 4207/9154/762 4202/9142/762 4198/9134/762
f 4194/9126/763 4189/9115/763 4200/9138/763
f 4187/9111/764 4190/9116/764 4196/9128/764
f 4195/9127/765 4208/9155/765 4204/9146/765
f 4185/9106/2329 4187/9111/2329 4192/9120/2329
f 4186/9108/2485 4188/9113/2485 4190/9116/2485
f 4194/9126/776 4196/9129/776 4190/9117/776
f 4193/9123/777 4192/9121/777 4196/9130/777
f 4203/9144/778 4191/9119/778 4193/9124/778
f 4206/9152/779 4208/9155/779 4195/9127/779
f 4205/9148/780 4204/9147/780 4208/9156/780
f 4197/9132/781 4203/9144/781 4205/9149/781
f 4200/9137/782 4202/9142/782 4207/9154/782
f 4199/9136/2332 4198/9135/2332 4202/9143/2332
f 4197/9131/784 4199/9136/784 4186/9109/784
f 4200/9138/785 4189/9115/785 4188/9114/785
f 4203/9144/786 4197/9132/786 4185/9107/786
f 4225/9193/787 4212/9165/787 4210/9160/787
f 4229/9199/788 4231/9206/788 4226/9195/788
f 4218/9177/789 4213/9167/789 4224/9190/789
f 4214/9168/2487 4220/9181/2487 4216/9172/2487
f 4217/9173/791 4219/9179/791 4232/9207/791
f 4209/9158/800 4211/9164/800 4216/9172/800
f 4210/9161/2488 4212/9166/2488 4214/9169/2488
f 4218/9177/2336 4220/9182/2336 4214/9169/2336
f 4219/9178/2037 4217/9174/2037 4216/9172/2037
f 4215/9171/804 4217/9175/804 4228/9198/804
f 4230/9202/805 4232/9207/805 4219/9179/805
f 4229/9200/806 4228/9198/806 4232/9208/806
f 4221/9184/807 4227/9196/807 4229/9200/807
f 4230/9203/808 4224/9191/808 4226/9195/808
f 4223/9188/809 4222/9187/809 4226/9195/809
f 4209/9159/810 4221/9183/810 4223/9189/810
f 4213/9167/2337 4212/9166/2337 4225/9194/2337
f 4215/9171/812 4227/9196/812 4221/9184/812
f 4249/9248/813 4236/9216/813 4234/9211/813
f 4253/9254/814 4255/9259/814 4250/9249/814
f 4254/9256/815 4242/9229/815 4237/9218/815
f 4238/9220/816 4244/9234/816 4240/9225/816
f 4243/9232/817 4256/9262/817 4252/9252/817
f 4239/9223/826 4233/9209/826 4235/9215/826
f 4234/9212/2043 4236/9217/2043 4238/9221/2043
f 4237/9219/2044 4242/9230/2044 4244/9235/2044
f 4243/9231/829 4241/9227/829 4240/9225/829
f 4239/9224/830 4241/9228/830 4252/9253/830
f 4254/9256/831 4256/9262/831 4243/9232/831
f 4255/9260/2045 4253/9255/2045 4252/9253/2045
f 4245/9236/833 4251/9250/833 4253/9255/833
f 4254/9257/834 4248/9244/834 4250/9249/834
f 4247/9241/835 4246/9240/835 4250/9249/835
f 4233/9210/836 4245/9237/836 4247/9242/836
f 4248/9245/837 4237/9219/837 4236/9217/837
f 4251/9251/838 4245/9237/838 4233/9210/838
f 4271/9295/839 4273/9297/839 4260/9270/839
f 4279/9312/840 4274/9299/840 4270/9292/840
f 4278/9310/841 4266/9283/841 4261/9273/841
f 4259/9266/842 4262/9274/842 4268/9287/842
f 4267/9286/843 4280/9314/843 4276/9306/843
f 4257/9264/852 4259/9267/852 4264/9278/852
f 4260/9270/2609 4262/9275/2609 4259/9268/2609
f 4261/9272/854 4266/9284/854 4268/9287/854
f 4265/9280/855 4264/9279/855 4268/9288/855
f 4275/9303/856 4263/9276/856 4265/9281/856
f 4278/9309/857 4280/9314/857 4267/9286/857
f 4279/9313/858 4277/9307/858 4276/9306/858
f 4269/9289/859 4275/9302/859 4277/9308/859
f 4278/9310/860 4272/9296/860 4274/9300/860
f 4271/9295/861 4270/9293/861 4274/9301/861
f 4269/9290/862 4271/9295/862 4258/9265/862
f 4261/9273/2491 4260/9271/2491 4273/9298/2491
f 4275/9303/864 4269/9291/864 4257/9264/864
f 4295/9344/865 4297/9350/865 4284/9321/865
f 4303/9363/866 4298/9352/866 4294/9343/866
f 4290/9336/867 4285/9322/867 4296/9348/867
f 4283/9318/868 4286/9326/868 4292/9340/868
f 4289/9334/869 4291/9339/869 4304/9365/869
f 4287/9328/878 4281/9315/878 4283/9319/878
f 4282/9317/879 4284/9320/879 4286/9327/879
f 4285/9323/880 4290/9335/880 4292/9340/880
f 4289/9333/881 4288/9332/881 4292/9340/881
f 4299/9354/882 4287/9329/882 4289/9334/882
f 4290/9336/883 4302/9362/883 4304/9366/883
f 4303/9364/884 4301/9360/884 4300/9358/884
f 4299/9355/885 4301/9361/885 4294/9343/885
f 4296/9348/886 4298/9353/886 4303/9364/886
f 4297/9349/887 4295/9345/887 4294/9343/887
f 4293/9342/888 4295/9346/888 4282/9317/888
f 4285/9324/2610 4284/9321/2610 4297/9350/2610
f 4299/9356/890 4293/9342/890 4281/9315/890
f 4321/9405/891 4308/9374/891 4306/9369/891
f 4327/9416/2568 4322/9406/2568 4318/9397/2568
f 4326/9412/893 4314/9386/893 4309/9375/893
f 4307/9372/894 4310/9377/894 4316/9391/894
f 4313/9384/895 4315/9388/895 4328/9418/895
f 4311/9380/904 4305/9367/904 4307/9372/904
f 4308/9374/905 4310/9378/905 4307/9373/905
f 4309/9376/906 4314/9385/906 4316/9392/906
f 4315/9389/907 4313/9383/907 4312/9382/907
f 4323/9407/908 4311/9381/908 4313/9384/908
f 4314/9386/909 4326/9412/909 4328/9417/909
f 4325/9411/910 4324/9409/910 4328/9418/910
f 4323/9407/911 4325/9411/911 4318/9396/911
f 4326/9413/912 4320/9403/912 4322/9406/912
f 4321/9404/913 4319/9399/913 4318/9397/913
f 4317/9394/914 4319/9400/914 4306/9370/914
f 4309/9376/915 4308/9374/915 4321/9405/915
f 4323/9408/916 4317/9394/916 4305/9368/916
f 4343/9449/917 4345/9452/917 4332/9426/917
f 4351/9465/918 4346/9454/918 4342/9447/918
f 4338/9438/919 4333/9430/919 4344/9450/919
f 4334/9431/920 4340/9442/920 4336/9433/920
f 4339/9441/921 4352/9468/921 4348/9459/921
f 4329/9420/930 4331/9425/930 4336/9434/930
f 4330/9421/931 4332/9427/931 4334/9431/931
f 4338/9439/932 4340/9442/932 4334/9431/932
f 4337/9436/933 4336/9435/933 4340/9443/933
f 4347/9457/934 4335/9432/934 4337/9437/934
f 4338/9440/935 4350/9463/935 4352/9468/935
f 4351/9465/2059 4349/9461/2059 4348/9460/2059
f 4347/9456/937 4349/9461/937 4342/9447/937
f 4344/9450/938 4346/9455/938 4351/9466/938
f 4345/9452/939 4343/9449/939 4342/9448/939
f 4341/9445/940 4343/9449/940 4330/9422/940
f 4344/9450/2060 4333/9430/2060 4332/9428/2060
f 4347/9457/942 4341/9446/942 4329/9420/942
f 4367/9501/943 4369/9508/943 4356/9476/943
f 4373/9518/944 4375/9521/944 4370/9510/944
f 4374/9519/945 4362/9490/945 4357/9477/945
f 4358/9481/946 4364/9496/946 4360/9487/946
f 4363/9492/947 4376/9523/947 4372/9514/947
f 4353/9470/956 4355/9473/956 4360/9487/956
f 4356/9475/957 4358/9482/957 4355/9474/957
f 4357/9478/958 4362/9491/958 4364/9496/958
f 4363/9493/959 4361/9488/959 4360/9487/959
f 4371/9511/960 4359/9484/960 4361/9489/960
f 4374/9519/961 4376/9524/961 4363/9494/961
f 4375/9522/962 4373/9517/962 4372/9515/962
f 4371/9512/963 4373/9518/963 4366/9500/963
f 4374/9520/2064 4368/9505/2064 4370/9510/2064
f 4367/9502/965 4366/9500/965 4370/9510/965
f 4365/9498/966 4367/9503/966 4354/9472/966
f 4368/9506/967 4357/9479/967 4356/9476/967
f 4359/9485/968 4371/9513/968 4365/9498/968
f 4391/9558/969 4393/9563/969 4380/9532/969
f 4397/9570/970 4399/9575/970 4394/9565/970
f 4398/9572/971 4386/9545/971 4381/9534/971
f 4382/9536/972 4388/9550/972 4384/9541/972
f 4387/9548/973 4400/9578/973 4396/9568/973
f 4383/9539/982 4377/9525/982 4379/9531/982
f 4378/9527/983 4380/9533/983 4382/9537/983
f 4381/9535/984 4386/9546/984 4388/9551/984
f 4387/9547/985 4385/9543/985 4384/9541/985
f 4395/9566/986 4383/9540/986 4385/9544/986
f 4398/9572/987 4400/9578/987 4387/9548/987
f 4399/9576/988 4397/9571/988 4396/9569/988
f 4389/9552/989 4395/9566/989 4397/9571/989
f 4398/9573/990 4392/9561/990 4394/9565/990
f 4391/9557/991 4390/9556/991 4394/9565/991
f 4389/9553/992 4391/9558/992 4378/9528/992
f 4381/9535/2068 4380/9533/2068 4393/9564/2068
f 4395/9567/994 4389/9553/994 4377/9526/994
f 4417/9613/995 4404/9585/995 4402/9580/995
f 4421/9622/996 4423/9625/996 4418/9615/996
f 4410/9598/997 4405/9587/997 4416/9611/997
f 4406/9590/998 4412/9603/998 4408/9595/998
f 4409/9597/999 4411/9601/999 4424/9628/999
f 4407/9592/1008 4401/9579/1008 4403/9584/1008
f 4402/9580/2498 4404/9585/2498 4406/9589/2498
f 4410/9599/1010 4412/9603/1010 4406/9590/1010
f 4409/9596/1011 4408/9595/1011 4412/9603/1011
f 4407/9591/1012 4409/9597/1012 4420/9620/1012
f 4422/9623/1013 4424/9627/1013 4411/9602/1013
f 4421/9621/2572 4420/9620/2572 4424/9628/2572
f 4419/9618/1015 4421/9622/1015 4414/9606/1015
f 4416/9611/1016 4418/9616/1016 4423/9626/1016
f 4417/9612/2077 4415/9608/2077 4414/9606/2077
f 4413/9605/1018 4415/9609/1018 4402/9581/1018
f 4405/9588/1019 4404/9585/1019 4417/9613/1019
f 4407/9592/2356 4419/9619/2356 4413/9605/2356
f 4439/9663/1021 4441/9669/1021 4428/9636/1021
f 4445/9676/1022 4447/9681/1022 4442/9670/1022
f 4446/9679/1023 4434/9650/1023 4429/9637/1023
f 4427/9633/1024 4430/9640/1024 4436/9654/1024
f 4435/9652/1025 4448/9683/1025 4444/9675/1025
f 4425/9630/1034 4427/9633/1034 4432/9645/1034
f 4428/9636/1035 4430/9641/1035 4427/9634/1035
f 4429/9637/1036 4434/9650/1036 4436/9655/1036
f 4433/9648/1037 4432/9646/1037 4436/9656/1037
f 4431/9643/1038 4433/9648/1038 4444/9675/1038
f 4446/9680/1039 4448/9684/1039 4435/9653/1039
f 4447/9682/1040 4445/9677/1040 4444/9675/1040
f 4443/9673/1041 4445/9678/1041 4438/9660/1041
f 4446/9680/1042 4440/9666/1042 4442/9670/1042
f 4439/9663/1043 4438/9661/1043 4442/9671/1043
f 4437/9657/1044 4439/9664/1044 4426/9632/1044
f 4440/9667/1045 4429/9638/1045 4428/9636/1045
f 4431/9644/1046 4443/9673/1046 4437/9658/1046
f 4463/9714/1047 4465/9720/1047 4452/9691/1047
f 4469/9731/1048 4471/9733/1048 4466/9723/1048
f 4458/9705/1049 4453/9693/1049 4464/9717/1049
f 4454/9697/1050 4460/9710/1050 4456/9702/1050
f 4459/9707/1051 4472/9735/1051 4468/9727/1051
f 4455/9699/1060 4449/9685/1060 4451/9689/1060
f 4452/9690/1061 4454/9696/1061 4451/9689/1061
f 4458/9706/1062 4460/9710/1062 4454/9697/1062
f 4459/9708/1063 4457/9703/1063 4456/9702/1063
f 4467/9724/1064 4455/9698/1064 4457/9704/1064
f 4470/9732/1065 4472/9736/1065 4459/9709/1065
f 4471/9734/1066 4469/9730/1066 4468/9728/1066
f 4461/9711/1067 4467/9725/1067 4469/9731/1067
f 4470/9732/1068 4464/9717/1068 4466/9722/1068
f 4463/9715/1069 4462/9713/1069 4466/9723/1069
f 4449/9685/1070 4461/9712/1070 4463/9716/1070
f 4464/9718/1071 4453/9694/1071 4452/9691/1071
f 4455/9699/1072 4467/9726/1072 4461/9712/1072
f 4487/9769/1073 4489/9774/1073 4476/9745/1073
f 4493/9779/1074 4495/9786/1074 4490/9775/1074
f 4482/9756/1075 4477/9747/1075 4488/9771/1075
f 4478/9748/1076 4484/9762/1076 4480/9752/1076
f 4481/9753/1077 4483/9759/1077 4496/9787/1077
f 4479/9750/1086 4473/9738/1086 4475/9743/1086
f 4476/9746/1087 4478/9749/1087 4475/9744/1087
f 4477/9747/1088 4482/9756/1088 4484/9761/1088
f 4481/9754/1089 4480/9752/1089 4484/9762/1089
f 4491/9776/1090 4479/9751/1090 4481/9755/1090
f 4482/9757/1091 4494/9782/1091 4496/9787/1091
f 4493/9780/1092 4492/9778/1092 4496/9788/1092
f 4491/9776/1093 4493/9780/1093 4486/9766/1093
f 4494/9783/1094 4488/9770/1094 4490/9775/1094
f 4487/9768/2575 4486/9767/2575 4490/9775/2575
f 4473/9739/1096 4485/9763/1096 4487/9769/1096
f 4488/9771/1097 4477/9747/1097 4476/9746/1097
f 4479/9751/1098 4491/9776/1098 4485/9764/1098
f 4511/9823/1099 4513/9827/1099 4500/9797/1099
f 4517/9837/1100 4519/9841/1100 4514/9828/1100
f 4518/9838/1101 4506/9810/1101 4501/9798/1101
f 4499/9793/1102 4502/9801/1102 4508/9816/1102
f 4505/9809/1103 4507/9814/1103 4520/9844/1103
f 4497/9790/1112 4499/9794/1112 4504/9806/1112
f 4500/9797/2085 4502/9802/2085 4499/9795/2085
f 4501/9799/1114 4506/9811/1114 4508/9816/1114
f 4507/9814/1115 4505/9809/1115 4504/9807/1115
f 4503/9804/1116 4505/9809/1116 4516/9835/1116
f 4506/9812/1117 4518/9839/1117 4520/9844/1117
f 4517/9836/1118 4516/9835/1118 4520/9844/1118
f 4509/9817/1119 4515/9832/1119 4517/9837/1119
f 4512/9825/1120 4514/9829/1120 4519/9842/1120
f 4511/9823/1121 4510/9821/1121 4514/9830/1121
f 4509/9818/1122 4511/9823/1122 4498/9792/1122
f 4501/9800/1123 4500/9797/1123 4513/9827/1123
f 4515/9833/1124 4509/9819/1124 4497/9790/1124
f 4537/9880/1125 4524/9853/1125 4522/9849/1125
f 4541/9890/1126 4543/9895/1126 4538/9884/1126
f 4542/9892/1127 4530/9866/1127 4525/9855/1127
f 4526/9857/1128 4532/9870/1128 4528/9862/1128
f 4529/9865/1129 4531/9868/1129 4544/9897/1129
f 4527/9859/1138 4521/9847/1138 4523/9851/1138
f 4524/9852/1139 4526/9857/1139 4523/9851/1139
f 4530/9867/1140 4532/9871/1140 4526/9858/1140
f 4531/9869/1141 4529/9864/1141 4528/9863/1141
f 4527/9860/2092 4529/9865/2092 4540/9887/2092
f 4530/9867/1143 4542/9893/1143 4544/9898/1143
f 4543/9895/2505 4541/9890/2505 4540/9888/2505
f 4539/9885/1145 4541/9891/1145 4534/9875/1145
f 4542/9894/1146 4536/9878/1146 4538/9884/1146
f 4537/9881/2367 4535/9877/2367 4534/9875/2367
f 4533/9872/2094 4535/9877/2094 4522/9850/2094
f 4536/9879/1149 4525/9855/1149 4524/9853/1149
f 4527/9860/1150 4539/9886/1150 4533/9873/1150
f 4559/9929/1151 4561/9934/1151 4548/9906/1151
f 4565/9945/1152 4567/9948/1152 4562/9937/1152
f 4566/9946/1153 4554/9920/1153 4549/9907/1153
f 4550/9912/1154 4556/9924/1154 4552/9916/1154
f 4553/9919/1155 4555/9922/1155 4568/9950/1155
f 4545/9900/1164 4547/9904/1164 4552/9916/1164
f 4546/9902/1165 4548/9905/1165 4550/9912/1165
f 4549/9908/1166 4554/9921/1166 4556/9925/1166
f 4553/9918/1167 4552/9917/1167 4556/9925/1167
f 4551/9913/1168 4553/9919/1168 4564/9941/1168
f 4566/9947/1169 4568/9951/1169 4555/9923/1169
f 4565/9944/2611 4564/9942/2611 4568/9952/2611
f 4557/9926/1171 4563/9939/1171 4565/9945/1171
f 4560/9931/1172 4562/9936/1172 4567/9949/1172
f 4559/9930/2100 4558/9928/2100 4562/9937/2100
f 4557/9926/1174 4559/9930/1174 4546/9903/1174
f 4560/9932/1175 4549/9909/1175 4548/9906/1175
f 4551/9914/1176 4563/9940/1176 4557/9927/1176
f 4585/9990/1177 4572/9960/1177 4570/9955/1177
f 4589/10000/1178 4591/10004/1178 4586/9992/1178
f 4590/10001/1179 4578/9974/1179 4573/9962/1179
f 4574/9964/1180 4580/9979/1180 4576/9970/1180
f 4577/9972/1181 4579/9976/1181 4592/10005/1181
f 4569/9953/1190 4571/9958/1190 4576/9969/1190
f 4572/9959/1191 4574/9965/1191 4571/9958/1191
f 4573/9961/2370 4578/9975/2370 4580/9979/2370
f 4579/9977/1193 4577/9971/1193 4576/9970/1193
f 4575/9967/1194 4577/9972/1194 4588/9996/1194
f 4590/10002/1195 4592/10006/1195 4579/9978/1195
f 4589/9999/2105 4588/9997/2105 4592/10006/2105
f 4581/9980/1197 4587/9994/1197 4589/10000/1197
f 4590/10002/1198 4584/9988/1198 4586/9993/1198
f 4585/9989/1199 4583/9985/1199 4582/9983/1199
f 4581/9981/1200 4583/9986/1200 4570/9956/1200
f 4573/9962/1201 4572/9960/1201 4585/9990/1201
f 4587/9995/1202 4581/9982/1202 4569/9954/1202
f 4609/10045/1203 4596/10014/1203 4594/10010/1203
f 4615/10056/1204 4610/10046/1204 4606/10037/1204
f 4614/10053/1205 4602/10025/1205 4597/10015/1205
f 4598/10017/1206 4604/10031/1206 4600/10022/1206
f 4601/10024/1207 4603/10027/1207 4616/10057/1207
f 4599/10020/2107 4593/10007/2107 4595/10013/2107
f 4594/10010/1217 4596/10014/1217 4598/10018/1217
f 4602/10026/1218 4604/10032/1218 4598/10018/1218
f 4603/10028/1219 4601/10023/1219 4600/10022/1219
f 4611/10047/1220 4599/10021/1220 4601/10024/1220
f 4614/10053/1221 4616/10058/1221 4603/10029/1221
f 4615/10055/1222 4613/10051/1222 4612/10049/1222
f 4611/10047/1223 4613/10051/1223 4606/10036/1223
f 4608/10043/2612 4610/10046/2612 4615/10056/2612
f 4609/10044/1225 4607/10039/1225 4606/10037/1225
f 4593/10008/1226 4605/10034/1226 4607/10040/1226
f 4597/10016/1227 4596/10014/1227 4609/10045/1227
f 4611/10048/1228 4605/10034/1228 4593/10008/1228
f 4631/10091/1229 4633/10095/1229 4620/10066/1229
f 4639/10108/1230 4634/10097/1230 4630/10089/1230
f 4626/10078/1231 4621/10068/1231 4632/10093/1231
f 4622/10069/1232 4628/10083/1232 4624/10074/1232
f 4625/10075/1233 4627/10080/1233 4640/10110/1233
f 4617/10060/1242 4619/10065/1242 4624/10074/1242
f 4618/10063/2376 4620/10066/2376 4622/10070/2376
f 4626/10078/1244 4628/10084/1244 4622/10071/1244
f 4627/10081/1245 4625/10076/1245 4624/10074/1245
f 4623/10073/1246 4625/10077/1246 4636/10099/1246
f 4626/10079/1247 4638/10106/1247 4640/10110/1247
f 4637/10102/1248 4636/10100/1248 4640/10110/1248
f 4629/10086/1249 4635/10098/1249 4637/10103/1249
f 4632/10092/1250 4634/10097/1250 4639/10108/1250
f 4633/10096/1251 4631/10090/1251 4630/10089/1251
f 4617/10061/1252 4629/10085/1252 4631/10091/1252
f 4632/10093/2613 4621/10068/2613 4620/10067/2613
f 4623/10073/1254 4635/10098/1254 4629/10086/1254
f 4655/10145/1255 4657/10149/1255 4644/10118/1255
f 4663/10164/1256 4658/10152/1256 4654/10143/1256
f 4662/10160/1257 4650/10133/1257 4645/10122/1257
f 4643/10117/1258 4646/10124/1258 4652/10138/1258
f 4651/10136/1259 4664/10165/1259 4660/10156/1259
f 4647/10125/1268 4641/10111/1268 4643/10117/1268
f 4644/10119/1269 4646/10124/1269 4643/10117/1269
f 4645/10121/1270 4650/10134/1270 4652/10138/1270
f 4649/10130/1271 4648/10128/1271 4652/10138/1271
f 4659/10154/1272 4647/10126/1272 4649/10131/1272
f 4662/10161/1273 4664/10165/1273 4651/10136/1273
f 4661/10159/1274 4660/10157/1274 4664/10166/1274
f 4659/10153/1275 4661/10159/1275 4654/10143/1275
f 4662/10162/1276 4656/10146/1276 4658/10152/1276
f 4657/10150/1277 4655/10144/1277 4654/10143/1277
f 4641/10112/1278 4653/10140/1278 4655/10145/1278
f 4656/10147/1279 4645/10122/1279 4644/10120/1279
f 4659/10154/1280 4653/10141/1280 4641/10113/1280
f 4679/10198/1281 4681/10202/1281 4668/10174/1281
f 4685/10212/1282 4687/10214/1282 4682/10204/1282
f 4674/10186/1283 4669/10175/1283 4680/10200/1283
f 4670/10178/1284 4676/10191/1284 4672/10183/1284
f 4675/10189/1285 4688/10217/1285 4684/10210/1285
f 4671/10181/1294 4665/10167/1294 4667/10172/1294
f 4666/10169/1295 4668/10174/1295 4670/10179/1295
f 4669/10176/2118 4674/10187/2118 4676/10191/2118
f 4673/10185/1297 4672/10184/1297 4676/10192/1297
f 4671/10180/1298 4673/10185/1298 4684/10210/1298
f 4686/10213/1299 4688/10218/1299 4675/10190/1299
f 4687/10215/1300 4685/10211/1300 4684/10210/1300
f 4683/10207/2119 4685/10212/2119 4678/10195/2119
f 4680/10200/1302 4682/10205/1302 4687/10216/1302
f 4681/10202/1303 4679/10198/1303 4678/10196/1303
f 4665/10167/1304 4677/10194/1304 4679/10199/1304
f 4680/10201/1305 4669/10177/1305 4668/10174/1305
f 4671/10181/1306 4683/10208/1306 4677/10194/1306
f 4705/10255/1307 4692/10226/1307 4690/10221/1307
f 4709/10266/1308 4711/10270/1308 4706/10258/1308
f 4710/10267/1309 4698/10240/1309 4693/10228/1309
f 4691/10223/1310 4694/10231/1310 4700/10245/1310
f 4697/10238/1311 4699/10243/1311 4712/10271/1311
f 4689/10219/1320 4691/10224/1320 4696/10235/1320
f 4690/10222/1321 4692/10225/1321 4694/10230/1321
f 4698/10241/1322 4700/10245/1322 4694/10231/1322
f 4697/10237/1323 4696/10236/1323 4700/10245/1323
f 4695/10233/1324 4697/10238/1324 4708/10262/1324
f 4710/10268/1325 4712/10272/1325 4699/10244/1325
f 4709/10265/1326 4708/10263/1326 4712/10272/1326
f 4701/10246/1327 4707/10260/1327 4709/10266/1327
f 4710/10268/1328 4704/10253/1328 4706/10259/1328
f 4705/10256/1329 4703/10251/1329 4702/10249/1329
f 4689/10219/1330 4701/10247/1330 4703/10252/1330
f 4704/10254/1331 4693/10228/1331 4692/10226/1331
f 4707/10261/1332 4701/10248/1332 4689/10220/1332
f 4729/10307/1333 4716/10279/1333 4714/10274/1333
f 4735/10319/1334 4730/10310/1334 4726/10300/1334
f 4734/10317/1335 4722/10292/1335 4717/10280/1335
f 4718/10283/1336 4724/10297/1336 4720/10289/1336
f 4723/10294/1337 4736/10322/1337 4732/10314/1337
f 4713/10273/1346 4715/10277/1346 4720/10288/1346
f 4716/10279/1347 4718/10284/1347 4715/10278/1347
f 4717/10281/1348 4722/10293/1348 4724/10297/1348
f 4723/10295/1349 4721/10290/1349 4720/10289/1349
f 4719/10286/1350 4721/10291/1350 4732/10314/1350
f 4734/10317/1351 4736/10321/1351 4723/10296/1351
f 4733/10315/1352 4732/10314/1352 4736/10322/1352
f 4731/10312/1353 4733/10316/1353 4726/10300/1353
f 4728/10304/2614 4730/10309/2614 4735/10320/2614
f 4727/10302/1355 4726/10300/1355 4730/10310/1355
f 4725/10299/1356 4727/10303/1356 4714/10275/1356
f 4728/10305/1357 4717/10282/1357 4716/10279/1357
f 4731/10313/1358 4725/10299/1358 4713/10273/1358
f 4753/10357/1359 4740/10330/1359 4738/10327/1359
f 4757/10365/1360 4759/10369/1360 4754/10359/1360
f 4746/10342/1361 4741/10331/1361 4752/10355/1361
f 4742/10334/1362 4748/10345/1362 4744/10339/1362
f 4747/10344/1363 4760/10370/1363 4756/10362/1363
f 4743/10337/1372 4737/10323/1372 4739/10328/1372
f 4740/10329/1373 4742/10334/1373 4739/10328/1373
f 4746/10342/1374 4748/10346/1374 4742/10335/1374
f 4745/10341/1375 4744/10340/1375 4748/10347/1375
f 4755/10360/2131 4743/10338/2131 4745/10341/2131
f 4746/10342/1377 4758/10367/1377 4760/10371/1377
f 4757/10365/2394 4756/10363/2394 4760/10372/2394
f 4755/10361/1379 4757/10366/1379 4750/10350/1379
f 4758/10368/1380 4752/10356/1380 4754/10359/1380
f 4753/10357/1381 4751/10352/1381 4750/10351/1381
f 4737/10324/1382 4749/10348/1382 4751/10353/1382
f 4741/10332/1383 4740/10330/1383 4753/10357/1383
f 4755/10361/1384 4749/10348/1384 4737/10324/1384
f 4777/10409/1385 4764/10379/1385 4762/10376/1385
f 4781/10414/1386 4783/10421/1386 4778/10410/1386
f 4770/10392/1387 4765/10381/1387 4776/10406/1387
f 4766/10382/1388 4772/10396/1388 4768/10387/1388
f 4769/10388/1389 4771/10394/1389 4784/10422/1389
f 4767/10385/1398 4761/10374/1398 4763/10378/1398
f 4762/10376/2397 4764/10379/2397 4766/10383/2397
f 4770/10392/2135 4772/10397/2135 4766/10384/2135
f 4771/10393/1401 4769/10389/1401 4768/10387/1401
f 4779/10411/1402 4767/10386/1402 4769/10390/1402
f 4782/10418/2136 4784/10422/2136 4771/10394/2136
f 4781/10415/2137 4780/10413/2137 4784/10422/2137
f 4773/10399/2509 4779/10411/2509 4781/10416/2509
f 4782/10419/1406 4776/10405/1406 4778/10410/1406
f 4775/10403/1407 4774/10402/1407 4778/10410/1407
f 4761/10375/1408 4773/10398/1408 4775/10404/1408
f 4776/10406/1409 4765/10381/1409 4764/10380/1409
f 4767/10386/1410 4779/10411/1410 4773/10399/1410
f 4799/10452/1411 4801/10457/1411 4788/10430/1411
f 4805/10465/1412 4807/10469/1412 4802/10459/1412
f 4794/10442/1413 4789/10431/1413 4800/10454/1413
f 4790/10434/1414 4796/10446/1414 4792/10439/1414
f 4795/10444/1415 4808/10470/1415 4804/10462/1415
f 4785/10423/1424 4787/10428/1424 4792/10439/1424
f 4786/10426/1425 4788/10429/1425 4790/10434/1425
f 4794/10442/1426 4796/10447/1426 4790/10435/1426
f 4795/10444/1427 4793/10441/1427 4792/10440/1427
f 4803/10460/1428 4791/10438/1428 4793/10441/1428
f 4794/10442/1429 4806/10468/1429 4808/10471/1429
f 4805/10465/1430 4804/10463/1430 4808/10472/1430
f 4797/10448/1431 4803/10461/1431 4805/10466/1431
f 4800/10455/1432 4802/10459/1432 4807/10469/1432
f 4801/10457/1433 4799/10452/1433 4798/10451/1433
f 4797/10448/1434 4799/10453/1434 4786/10427/1434
f 4800/10456/1435 4789/10432/1435 4788/10430/1435
f 4803/10461/1436 4797/10448/1436 4785/10424/1436
f 4825/10508/1437 4812/10482/1437 4810/10476/1437
f 4831/10521/2143 4826/10509/2143 4822/10502/2143
f 4818/10493/1439 4813/10484/1439 4824/10506/1439
f 4811/10479/2144 4814/10486/2144 4820/10497/2144
f 4819/10495/1441 4832/10522/1441 4828/10514/1441
f 4809/10473/1450 4811/10480/1450 4816/10490/1450
f 4810/10477/1451 4812/10481/1451 4814/10486/1451
f 4818/10492/2148 4820/10497/2148 4814/10486/2148
f 4817/10491/2615 4816/10490/2615 4820/10498/2615
f 4815/10488/1454 4817/10491/1454 4828/10514/1454
f 4818/10493/1455 4830/10517/1455 4832/10523/1455
f 4829/10516/2510 4828/10515/2510 4832/10524/2510
f 4827/10512/1457 4829/10516/1457 4822/10502/1457
f 4830/10518/1458 4824/10507/1458 4826/10510/1458
f 4825/10508/2152 4823/10504/2152 4822/10503/2152
f 4809/10474/1460 4821/10500/1460 4823/10505/1460
f 4813/10485/2512 4812/10482/2512 4825/10508/2512
f 4827/10513/1462 4821/10500/1462 4809/10474/1462
f 4847/10557/1463 4849/10562/1463 4836/10533/1463
f 4855/10574/1464 4850/10563/1464 4846/10555/1464
f 4842/10545/1465 4837/10535/1465 4848/10559/1465
f 4838/10536/1466 4844/10550/1466 4840/10540/1466
f 4841/10541/1467 4843/10547/1467 4856/10576/1467
f 4833/10525/1476 4835/10531/1476 4840/10540/1476
f 4836/10534/1477 4838/10537/1477 4835/10532/1477
f 4842/10545/1478 4844/10549/1478 4838/10537/1478
f 4841/10542/1479 4840/10540/1479 4844/10550/1479
f 4839/10539/2156 4841/10543/2156 4852/10566/2156
f 4854/10571/1481 4856/10576/1481 4843/10547/1481
f 4855/10573/2514 4853/10568/2514 4852/10566/2514
f 4851/10564/1483 4853/10568/1483 4846/10554/1483
f 4848/10558/1484 4850/10563/1484 4855/10574/1484
f 4847/10556/1485 4846/10555/1485 4850/10563/1485
f 4833/10526/1486 4845/10551/1486 4847/10557/1486
f 4848/10559/2403 4837/10535/2403 4836/10534/2403
f 4851/10564/1488 4845/10552/1488 4833/10527/1488
f 4871/10606/1489 4873/10612/1489 4860/10584/1489
f 4877/10621/1490 4879/10625/1490 4874/10614/1490
f 4866/10598/1491 4861/10585/1491 4872/10608/1491
f 4859/10582/1492 4862/10588/1492 4868/10601/1492
f 4867/10600/1493 4880/10627/1493 4876/10618/1493
f 4857/10577/1502 4859/10582/1502 4864/10594/1502
f 4860/10583/2407 4862/10588/2407 4859/10582/2407
f 4866/10598/1504 4868/10602/1504 4862/10589/1504
f 4865/10596/1505 4864/10595/1505 4868/10602/1505
f 4863/10592/2160 4865/10597/2160 4876/10618/2160
f 4866/10598/1507 4878/10624/1507 4880/10628/1507
f 4879/10625/2161 4877/10621/2161 4876/10619/2161
f 4869/10603/1509 4875/10617/1509 4877/10622/1509
f 4872/10609/1510 4874/10614/1510 4879/10625/1510
f 4871/10607/1511 4870/10605/1511 4874/10615/1511
f 4857/10578/1512 4869/10603/1512 4871/10607/1512
f 4872/10610/1513 4861/10586/1513 4860/10584/1513
f 4875/10617/1514 4869/10603/1514 4857/10578/1514
f 4895/10662/1515 4897/10665/1515 4884/10636/1515
f 4901/10673/1516 4903/10677/1516 4898/10666/1516
f 4890/10648/1517 4885/10640/1517 4896/10663/1517
f 4886/10641/1518 4892/10654/1518 4888/10643/1518
f 4889/10645/1519 4891/10651/1519 4904/10680/1519
f 4887/10642/1528 4881/10629/1528 4883/10635/1528
f 4882/10632/1529 4884/10637/1529 4886/10641/1529
f 4885/10639/1530 4890/10649/1530 4892/10654/1530
f 4891/10650/2165 4889/10646/2165 4888/10644/2165
f 4899/10669/1532 4887/10642/1532 4889/10646/1532
f 4902/10675/1533 4904/10680/1533 4891/10651/1533
f 4903/10677/1534 4901/10673/1534 4900/10672/1534
f 4893/10655/1535 4899/10668/1535 4901/10673/1535
f 4896/10663/2616 4898/10667/2616 4903/10678/2616
f 4895/10661/2412 4894/10660/2412 4898/10667/2412
f 4881/10630/1538 4893/10656/1538 4895/10662/1538
f 4896/10663/1539 4885/10640/1539 4884/10638/1539
f 4887/10642/1540 4899/10669/1540 4893/10657/1540
f 4919/10710/1541 4921/10716/1541 4908/10687/1541
f 4927/10730/1542 4922/10719/1542 4918/10709/1542
f 4926/10728/1543 4914/10702/1543 4909/10688/1543
f 4910/10692/1544 4916/10706/1544 4912/10698/1544
f 4915/10704/1545 4928/10731/1545 4924/10723/1545
f 4905/10681/1554 4907/10685/1554 4912/10697/1554
f 4906/10683/1555 4908/10686/1555 4910/10693/1555
f 4909/10689/1556 4914/10701/1556 4916/10706/1556
f 4915/10705/1557 4913/10699/1557 4912/10698/1557
f 4923/10720/1558 4911/10694/1558 4913/10700/1558
f 4914/10702/1559 4926/10728/1559 4928/10732/1559
f 4925/10726/2516 4924/10724/2516 4928/10732/2516
f 4923/10721/1561 4925/10727/1561 4918/10709/1561
f 4926/10728/1562 4920/10714/1562 4922/10718/1562
f 4919/10711/1563 4918/10709/1563 4922/10719/1563
f 4917/10708/1564 4919/10712/1564 4906/10683/1564
f 4909/10690/1565 4908/10687/1565 4921/10716/1565
f 4911/10695/1566 4923/10722/1566 4917/10708/1566
f 4943/10766/2617 4945/10770/2617 4932/10740/2617
f 4951/10784/1568 4946/10773/1568 4942/10764/1568
f 4938/10753/1569 4933/10742/1569 4944/10768/1569
f 4934/10744/1570 4940/10758/1570 4936/10749/1570
f 4939/10756/1571 4952/10785/1571 4948/10776/1571
f 4935/10746/2587 4929/10734/2587 4931/10738/2587
f 4932/10741/1581 4934/10745/1581 4931/10739/1581
f 4933/10743/2419 4938/10754/2419 4940/10759/2419
f 4939/10755/2420 4937/10751/2420 4936/10749/2420
f 4935/10747/1584 4937/10752/1584 4948/10777/1584
f 4950/10781/2170 4952/10785/2170 4939/10756/2170
f 4949/10779/1586 4948/10777/1586 4952/10786/1586
f 4947/10774/1587 4949/10779/1587 4942/10763/1587
f 4944/10769/2517 4946/10773/2517 4951/10784/2517
f 4945/10771/1589 4943/10765/1589 4942/10764/1589
f 4941/10761/1590 4943/10766/1590 4930/10736/1590
f 4933/10743/1591 4932/10741/1591 4945/10772/1591
f 4935/10748/1592 4947/10775/1592 4941/10761/1592
f 4969/10821/1593 4956/10794/1593 4954/10789/1593
f 4975/10833/1594 4970/10822/1594 4966/10813/1594
f 4962/10806/1595 4957/10795/1595 4968/10819/1595
f 4955/10792/1596 4958/10799/1596 4964/10809/1596
f 4963/10808/1597 4976/10835/1597 4972/10826/1597
f 4953/10787/1606 4955/10792/1606 4960/10803/1606
f 4954/10790/1607 4956/10793/1607 4958/10799/1607
f 4957/10795/1608 4962/10806/1608 4964/10810/1608
f 4961/10805/1609 4960/10804/1609 4964/10811/1609
f 4959/10802/1610 4961/10805/1610 4972/10826/1610
f 4962/10806/2518 4974/10832/2518 4976/10836/2518
f 4975/10833/1612 4973/10829/1612 4972/10827/1612
f 4971/10825/1613 4973/10830/1613 4966/10814/1613
f 4968/10820/1614 4970/10822/1614 4975/10833/1614
f 4967/10816/1615 4966/10815/1615 4970/10823/1615
f 4965/10812/1616 4967/10817/1616 4954/10791/1616
f 4957/10796/1617 4956/10794/1617 4969/10821/1617
f 4971/10825/1618 4965/10812/1618 4953/10788/1618
f 4991/10868/1619 4993/10872/1619 4980/10845/1619
f 4997/10879/1620 4999/10886/1620 4994/10874/1620
f 4986/10858/1621 4981/10847/1621 4992/10869/1621
f 4982/10848/1622 4988/10861/1622 4984/10852/1622
f 4987/10859/1623 5000/10887/1623 4996/10877/1623
f 4977/10838/1632 4979/10843/1632 4984/10852/1632
f 4980/10846/1633 4982/10849/1633 4979/10844/1633
f 4986/10858/2428 4988/10862/2428 4982/10849/2428
f 4987/10859/1635 4985/10855/1635 4984/10853/1635
f 4995/10876/2185 4983/10851/2185 4985/10856/2185
f 4998/10883/1637 5000/10887/1637 4987/10859/1637
f 4997/10880/2186 4996/10878/2186 5000/10888/2186
f 4989/10864/2430 4995/10876/2430 4997/10880/2430
f 4992/10870/1640 4994/10874/1640 4999/10886/1640
f 4991/10868/1641 4990/10867/1641 4994/10875/1641
f 4977/10839/1642 4989/10863/1642 4991/10868/1642
f 4981/10847/1643 4980/10846/1643 4993/10873/1643
f 4983/10851/1644 4995/10876/1644 4989/10864/1644
f 5017/10924/1645 5004/10896/1645 5002/10891/1645
f 5021/10934/1646 5023/10936/1646 5018/10926/1646
f 5022/10935/1647 5010/10910/1647 5005/10898/1647
f 5006/10901/1648 5012/10914/1648 5008/10906/1648
f 5009/10908/1649 5011/10913/1649 5024/10938/1649
f 5007/10902/1658 5001/10889/1658 5003/10893/1658
f 5004/10895/1659 5006/10901/1659 5003/10894/1659
f 5010/10909/1660 5012/10914/1660 5006/10901/1660
f 5009/10907/1661 5008/10906/1661 5012/10914/1661
f 5007/10903/1662 5009/10908/1662 5020/10931/1662
f 5010/10910/1663 5022/10935/1663 5024/10939/1663
f 5021/10934/1664 5020/10932/1664 5024/10940/1664
f 5013/10915/1665 5019/10929/1665 5021/10934/1665
f 5016/10922/1666 5018/10927/1666 5023/10937/1666
f 5017/10923/1667 5015/10919/1667 5014/10917/1667
f 5013/10916/1668 5015/10920/1668 5002/10892/1668
f 5005/10899/1669 5004/10896/1669 5017/10924/1669
f 5019/10930/1670 5013/10916/1670 5001/10889/1670
f 5041/10978/1671 5028/10948/1671 5026/10945/1671
f 5045/10983/2432 5047/10990/2432 5042/10979/2432
f 5034/10960/1673 5029/10950/1673 5040/10975/1673
f 5027/10946/1674 5030/10952/1674 5036/10965/1674
f 5035/10963/1675 5048/10992/1675 5044/10982/1675
f 5031/10954/1684 5025/10941/1684 5027/10946/1684
f 5028/10948/1685 5030/10953/1685 5027/10947/1685
f 5029/10950/1686 5034/10960/1686 5036/10966/1686
f 5035/10964/2437 5033/10958/2437 5032/10956/2437
f 5031/10955/1688 5033/10959/1688 5044/10981/1688
f 5034/10961/1689 5046/10987/1689 5048/10992/1689
f 5045/10984/1690 5044/10982/1690 5048/10992/1690
f 5043/10980/1691 5045/10985/1691 5038/10969/1691
f 5046/10988/1692 5040/10974/1692 5042/10979/1692
f 5039/10972/1693 5038/10970/1693 5042/10979/1693
f 5025/10942/1694 5037/10967/1694 5039/10973/1694
f 5040/10975/1695 5029/10950/1695 5028/10949/1695
f 5043/10980/1696 5037/10968/1696 5025/10943/1696
f 5063/11022/1697 5065/11029/1697 5052/11000/1697
f 5071/11041/1698 5066/11031/1698 5062/11021/1698
f 5058/11013/1699 5053/11001/1699 5064/11026/1699
f 5054/11004/1700 5060/11018/1700 5056/11010/1700
f 5057/11012/1701 5059/11016/1701 5072/11043/1701
f 5049/10993/2618 5051/10998/2618 5056/11010/2618
f 5052/10999/2441 5054/11004/2441 5051/10998/2441
f 5058/11013/1712 5060/11017/1712 5054/11005/1712
f 5057/11011/1713 5056/11010/1713 5060/11018/1713
f 5067/11032/2619 5055/11008/2619 5057/11012/2619
f 5058/11013/1715 5070/11040/1715 5072/11044/1715
f 5071/11041/1716 5069/11037/1716 5068/11035/1716
f 5067/11033/1717 5069/11038/1717 5062/11020/1717
f 5064/11027/1718 5066/11031/1718 5071/11041/1718
f 5063/11023/1719 5062/11021/1719 5066/11031/1719
f 5049/10994/1720 5061/11019/1720 5063/11024/1720
f 5053/11002/2194 5052/11000/2194 5065/11029/2194
f 5067/11033/1722 5061/11019/1722 5049/10994/1722
f 5087/11074/1723 5089/11079/1723 5076/11051/1723
f 5093/11091/1724 5095/11094/1724 5090/11082/1724
f 5082/11066/1725 5077/11052/1725 5088/11077/1725
f 5075/11048/1726 5078/11056/1726 5084/11070/1726
f 5081/11064/1727 5083/11068/1727 5096/11095/1727
f 5079/11058/1736 5073/11045/1736 5075/11049/1736
f 5076/11050/1737 5078/11057/1737 5075/11049/1737
f 5077/11053/1738 5082/11065/1738 5084/11070/1738
f 5083/11069/1739 5081/11063/1739 5080/11062/1739
f 5091/11084/1740 5079/11059/1740 5081/11064/1740
f 5082/11066/1741 5094/11092/1741 5096/11096/1741
f 5093/11090/1742 5092/11088/1742 5096/11096/1742
f 5091/11085/1743 5093/11091/1743 5086/11073/1743
f 5094/11092/1744 5088/11077/1744 5090/11083/1744
f 5089/11080/1745 5087/11075/1745 5086/11073/1745
f 5073/11045/1746 5085/11072/1746 5087/11076/1746
f 5088/11078/1747 5077/11054/1747 5076/11051/1747
f 5091/11086/2620 5085/11072/2620 5073/11045/2620
f 5111/11128/1749 5113/11132/1749 5100/11104/1749
f 5119/11145/1750 5114/11134/1750 5110/11126/1750
f 5106/11117/1751 5101/11106/1751 5112/11129/1751
f 5099/11102/1752 5102/11107/1752 5108/11120/1752
f 5105/11115/1753 5107/11119/1753 5120/11148/1753
f 5103/11110/1762 5097/11099/1762 5099/11102/1762
f 5100/11104/1763 5102/11108/1763 5099/11103/1763
f 5106/11117/1764 5108/11121/1764 5102/11109/1764
f 5105/11115/1765 5104/11113/1765 5108/11122/1765
f 5115/11136/1766 5103/11111/1766 5105/11116/1766
f 5106/11118/1767 5118/11143/1767 5120/11148/1767
f 5119/11146/1768 5117/11140/1768 5116/11138/1768
f 5109/11124/1769 5115/11136/1769 5117/11141/1769
f 5118/11144/1770 5112/11130/1770 5114/11134/1770
f 5111/11128/1771 5110/11127/1771 5114/11135/1771
f 5109/11123/1772 5111/11128/1772 5098/11101/1772
f 5101/11106/1773 5100/11105/1773 5113/11133/1773
f 5103/11111/1774 5115/11136/1774 5109/11124/1774
f 5135/11179/1775 5137/11181/1775 5124/11156/1775
f 5143/11195/1776 5138/11183/1776 5134/11177/1776
f 5142/11192/1777 5130/11168/1777 5125/11160/1777
f 5126/11161/1778 5132/11172/1778 5128/11164/1778
f 5131/11171/1779 5144/11198/1779 5140/11189/1779
f 5127/11162/1788 5121/11150/1788 5123/11155/1788
f 5122/11152/2450 5124/11157/2450 5126/11161/2450
f 5130/11169/1790 5132/11172/1790 5126/11161/1790
f 5129/11166/2621 5128/11165/2621 5132/11173/2621
f 5139/11187/1792 5127/11162/1792 5129/11167/1792
f 5130/11170/1793 5142/11193/1793 5144/11198/1793
f 5143/11195/1794 5141/11191/1794 5140/11190/1794
f 5133/11174/1795 5139/11186/1795 5141/11191/1795
f 5136/11180/2622 5138/11184/2622 5143/11196/2622
f 5135/11179/2623 5134/11178/2623 5138/11185/2623
f 5121/11149/1798 5133/11175/1798 5135/11179/1798
f 5125/11160/1799 5124/11158/1799 5137/11182/1799
f 5139/11187/1800 5133/11176/1800 5121/11150/1800
f 5161/11234/1801 5148/11206/1801 5146/11203/1801
f 5165/11239/1802 5167/11245/1802 5162/11235/1802
f 5166/11243/1803 5154/11218/1803 5149/11207/1803
f 5150/11209/1804 5156/11222/1804 5152/11215/1804
f 5155/11219/1805 5168/11248/1805 5164/11238/1805
f 5151/11213/2207 5145/11199/2207 5147/11204/2207
f 5148/11206/2525 5150/11210/2525 5147/11205/2525
f 5154/11218/1816 5156/11223/1816 5150/11211/1816
f 5155/11220/1817 5153/11216/1817 5152/11215/1817
f 5163/11236/1818 5151/11214/1818 5153/11217/1818
f 5166/11243/1819 5168/11247/1819 5155/11221/1819
f 5165/11240/1820 5164/11238/1820 5168/11248/1820
f 5157/11224/1821 5163/11237/1821 5165/11241/1821
f 5160/11231/1822 5162/11235/1822 5167/11245/1822
f 5159/11228/2211 5158/11226/2211 5162/11235/2211
f 5145/11200/2212 5157/11224/2212 5159/11229/2212
f 5160/11232/1825 5149/11208/1825 5148/11206/1825
f 5163/11237/1826 5157/11224/1826 5145/11200/1826
f 5183/11279/1827 5185/11284/1827 5172/11255/1827
f 5189/11291/1828 5191/11296/1828 5186/11285/1828
f 5190/11293/2624 5178/11268/2624 5173/11258/2624
f 5174/11260/1830 5180/11272/1830 5176/11263/1830
f 5179/11270/1831 5192/11298/1831 5188/11288/1831
f 5169/11249/1840 5171/11254/1840 5176/11263/1840
f 5170/11253/2214 5172/11256/2214 5174/11260/2214
f 5173/11258/1842 5178/11268/1842 5180/11273/1842
f 5179/11270/1843 5177/11266/1843 5176/11264/1843
f 5175/11262/1844 5177/11267/1844 5188/11289/1844
f 5178/11269/1845 5190/11294/1845 5192/11298/1845
f 5191/11296/2625 5189/11291/2625 5188/11290/2625
f 5187/11287/1847 5189/11292/1847 5182/11277/1847
f 5190/11295/1848 5184/11280/1848 5186/11285/1848
f 5183/11279/1849 5182/11278/1849 5186/11286/1849
f 5169/11250/1850 5181/11274/1850 5183/11279/1850
f 5184/11281/1851 5173/11258/1851 5172/11257/1851
f 5187/11287/1852 5181/11275/1852 5169/11251/1852
f 5209/11335/2218 5196/11307/2218 5194/11302/2218
f 5215/11349/1854 5210/11337/1854 5206/11329/1854
f 5214/11346/1855 5202/11320/1855 5197/11310/1855
f 5195/11304/1856 5198/11311/1856 5204/11325/1856
f 5203/11323/1857 5216/11352/1857 5212/11343/1857
f 5193/11299/1866 5195/11305/1866 5200/11315/1866
f 5194/11302/1867 5196/11307/1867 5198/11312/1867
f 5197/11309/1868 5202/11321/1868 5204/11325/1868
f 5203/11323/1869 5201/11317/1869 5200/11316/1869
f 5199/11313/1870 5201/11318/1870 5212/11342/1870
f 5214/11347/1871 5216/11352/1871 5203/11323/1871
f 5213/11344/1872 5212/11343/1872 5216/11352/1872
f 5205/11326/1873 5211/11339/1873 5213/11345/1873
f 5208/11333/1874 5210/11338/1874 5215/11350/1874
f 5209/11335/1875 5207/11332/1875 5206/11330/1875
f 5193/11300/1876 5205/11327/1876 5207/11332/1876
f 5208/11333/1877 5197/11310/1877 5196/11308/1877
f 5199/11313/1878 5211/11340/1878 5205/11328/1878
