# Blender 3.3.1
# www.blender.org
o Bake_Output
v 0.000000 0.778453 -1.616255
v 0.000000 0.425722 -1.810188
v 0.000000 0.206755 -1.775405
v 0.000000 0.110629 -1.505116
v 0.354659 0.778872 -1.782994
v 0.353150 0.425722 -1.775406
v 0.346364 0.206755 -1.741291
v 0.326268 0.156731 -1.640261
v 0.293634 0.110629 -1.476196
v 0.249715 0.070220 -1.255401
v 0.196200 0.037058 -0.986362
v 0.135145 0.012416 -0.679418
v 0.068896 -0.002759 -0.346364
v 0.618514 0.778453 -1.493225
v 0.692729 0.425722 -1.672395
v 0.679418 0.206755 -1.640261
v 0.639998 0.156731 -1.545092
v 0.575983 0.110629 -1.390546
v 0.489833 0.070220 -1.182562
v 0.384860 0.037058 -0.929133
v 0.265096 0.012416 -0.639998
v 0.135145 -0.002759 -0.326268
v 0.897943 0.778453 -1.343867
v 1.005687 0.425722 -1.505116
v 0.986362 0.206755 -1.476196
v 0.929133 0.156731 -1.390546
v 0.836198 0.110629 -1.251458
v 0.711128 0.070220 -1.064278
v 0.558729 0.037058 -0.836198
v 0.384860 0.012416 -0.575983
v 0.196200 -0.002759 -0.293634
v 1.142865 0.778453 -1.142865
v 1.279996 0.425722 -1.279996
v 1.255401 0.206755 -1.255401
v 1.182562 0.156731 -1.182562
v 1.064278 0.110629 -1.064278
v 0.905094 0.070220 -0.905094
v 0.711128 0.037058 -0.711128
v 0.489833 0.012416 -0.489833
v 0.249715 -0.002759 -0.249715
v 1.343867 0.778453 -0.897943
v 1.505116 0.425722 -1.005686
v 1.476196 0.206755 -0.986362
v 1.390546 0.156731 -0.929133
v 1.251458 0.110629 -0.836197
v 1.064278 0.070220 -0.711128
v 0.836198 0.037058 -0.558729
v 0.575983 0.012416 -0.384859
v 0.293634 -0.002759 -0.196200
v 1.493225 0.778453 -0.618514
v 1.672395 0.425722 -0.692729
v 1.640261 0.206755 -0.679418
v 1.545092 0.156731 -0.639998
v 1.390546 0.110629 -0.575983
v 1.182562 0.070220 -0.489833
v 0.929133 0.037058 -0.384859
v 0.639998 0.012416 -0.265096
v 0.326268 -0.002759 -0.135145
v 1.585199 0.778453 -0.315316
v 1.775405 0.425722 -0.353150
v 1.741291 0.206755 -0.346364
v 1.640261 0.156731 -0.326268
v 1.476195 0.110629 -0.293633
v 1.255401 0.070220 -0.249715
v 0.986362 0.037058 -0.196200
v 0.679418 0.012416 -0.135145
v 0.346364 -0.002759 -0.068896
v 1.616255 0.778453 0.000000
v 1.810187 0.425722 0.000000
v 1.775405 0.206755 0.000000
v 1.672395 0.156731 -0.000000
v 1.505116 0.110629 0.000000
v 1.279996 0.070220 -0.000000
v 1.005686 0.037058 0.000000
v 0.692729 0.012416 0.000000
v 0.353150 -0.002759 0.000000
v 1.585199 0.778453 0.315316
v 1.775405 0.425722 0.353150
v 1.741291 0.206755 0.346365
v 1.640261 0.156731 0.326268
v 1.476195 0.110629 0.293634
v 1.255401 0.070220 0.249715
v 0.986362 0.037058 0.196200
v 0.679418 0.012416 0.135145
v 0.346364 -0.002759 0.068896
v 1.493225 0.778453 0.618514
v 1.672395 0.425722 0.692729
v 1.640260 0.206755 0.679418
v 1.545092 0.156731 0.639998
v 1.390545 0.110629 0.575983
v 1.182562 0.070220 0.489833
v 0.929133 0.037058 0.384860
v 0.639998 0.012416 0.265096
v 0.326268 -0.002759 0.135145
v 1.343867 0.778453 0.897943
v 1.505115 0.425722 1.005686
v 1.476195 0.206755 0.986362
v 1.390546 0.156731 0.929133
v 1.251458 0.110629 0.836198
v 1.064278 0.070220 0.711128
v 0.836197 0.037058 0.558729
v 0.575983 0.012416 0.384860
v 0.293633 -0.002759 0.196200
v 1.142865 0.778453 1.142865
v 1.279995 0.425722 1.279996
v 1.255401 0.206755 1.255401
v 1.182562 0.156731 1.182562
v 1.064277 0.110629 1.064278
v 0.905094 0.070220 0.905094
v 0.711127 0.037058 0.711128
v 0.489833 0.012416 0.489833
v 0.249715 -0.002759 0.249715
v 0.897943 0.778453 1.343867
v 1.005686 0.425722 1.505116
v 0.986362 0.206755 1.476195
v 0.929133 0.156731 1.390546
v 0.836197 0.110629 1.251458
v 0.711128 0.070220 1.064278
v 0.558729 0.037058 0.836197
v 0.384859 0.012416 0.575983
v 0.196200 -0.002759 0.293633
v 0.618514 0.778453 1.493225
v 0.692728 0.425722 1.672395
v 0.679418 0.206755 1.640260
v 0.639998 0.156731 1.545091
v 0.575983 0.110629 1.390545
v 0.489833 0.070220 1.182562
v 0.384859 0.037058 0.929133
v 0.265096 0.012416 0.639998
v 0.135145 -0.002759 0.326268
v 0.315315 0.778453 1.585199
v 0.353149 0.425722 1.775405
v 0.346364 0.206755 1.741291
v 0.326268 0.156731 1.640260
v 0.293633 0.110629 1.476195
v 0.249715 0.070220 1.255401
v 0.196199 0.037058 0.986362
v 0.135145 0.012416 0.679418
v 0.068896 -0.002759 0.346364
v -0.000000 0.778453 1.616255
v -0.000001 0.425722 1.810187
v -0.000000 0.206755 1.775405
v 0.000000 0.156731 1.672395
v -0.000000 0.110629 1.505116
v -0.000000 0.070220 1.279996
v -0.000000 0.037058 1.005686
v -0.000000 0.012416 0.692729
v -0.000000 -0.002759 0.353150
v -0.315316 0.778453 1.585199
v -0.353150 0.425722 1.775404
v -0.346365 0.206755 1.741291
v -0.326268 0.156731 1.640260
v -0.293634 0.110629 1.476195
v -0.249715 0.070220 1.255401
v -0.196200 0.037058 0.986362
v -0.135145 0.012416 0.679418
v -0.068896 -0.002759 0.346364
v -0.618514 0.778453 1.493224
v -0.692729 0.425722 1.672394
v -0.679418 0.206755 1.640260
v -0.639998 0.156731 1.545091
v -0.575983 0.110629 1.390545
v -0.489833 0.070220 1.182562
v -0.384859 0.037058 0.929132
v -0.265096 0.012416 0.639998
v -0.135145 -0.002759 0.326268
v -0.897943 0.778453 1.343866
v -1.005686 0.425722 1.505115
v -0.986362 0.206755 1.476195
v -0.929133 0.156731 1.390545
v -0.836197 0.110629 1.251458
v -0.711128 0.070220 1.064278
v -0.558729 0.037058 0.836197
v -0.384859 0.012416 0.575983
v -0.196200 -0.002759 0.293633
v -1.142865 0.778453 1.142864
v -1.279996 0.425722 1.279995
v -1.255401 0.206755 1.255401
v -1.182562 0.156731 1.182562
v -1.064277 0.110629 1.064277
v -0.905094 0.070220 0.905094
v -0.711127 0.037058 0.711127
v -0.489833 0.012416 0.489833
v -0.249715 -0.002759 0.249715
v 0.000000 -0.007883 -0.000000
v -1.343867 0.778453 0.897943
v -1.505115 0.425722 1.005685
v -1.476195 0.206755 0.986362
v -1.390545 0.156731 0.929133
v -1.251458 0.110629 0.836197
v -1.064278 0.070220 0.711127
v -0.836197 0.037058 0.558729
v -0.575983 0.012416 0.384859
v -0.293633 -0.002759 0.196200
v -1.493225 0.778453 0.618513
v -1.672394 0.425722 0.692728
v -1.640260 0.206755 0.679417
v -1.545091 0.156731 0.639998
v -1.390545 0.110629 0.575982
v -1.182562 0.070220 0.489833
v -0.929132 0.037058 0.384859
v -0.639998 0.012416 0.265096
v -0.326268 -0.002759 0.135145
v -1.585199 0.778453 0.315315
v -1.775404 0.425722 0.353149
v -1.741291 0.206755 0.346364
v -1.640260 0.156731 0.326268
v -1.476195 0.110629 0.293633
v -1.255401 0.070220 0.249715
v -0.986362 0.037058 0.196199
v -0.679418 0.012416 0.135145
v -0.346364 -0.002759 0.068896
v -1.616254 0.778453 -0.000000
v -1.810186 0.425722 -0.000001
v -1.775405 0.206755 -0.000000
v -1.672395 0.156731 -0.000000
v -1.505115 0.110629 -0.000000
v -1.279996 0.070220 -0.000000
v -1.005686 0.037058 -0.000000
v -0.692729 0.012416 -0.000000
v -0.353150 -0.002759 -0.000000
v -1.585198 0.778453 -0.315316
v -1.775404 0.425722 -0.353151
v -1.741291 0.206755 -0.346365
v -1.640260 0.156731 -0.326268
v -1.476195 0.110629 -0.293634
v -1.255401 0.070220 -0.249715
v -0.986362 0.037058 -0.196200
v -0.679418 0.012416 -0.135145
v -0.346364 -0.002759 -0.068896
v -1.493224 0.778453 -0.618514
v -1.672394 0.425722 -0.692729
v -1.640260 0.206755 -0.679418
v -1.545091 0.156731 -0.639998
v -1.390545 0.110629 -0.575983
v -1.182562 0.070220 -0.489833
v -0.929132 0.037058 -0.384859
v -0.639998 0.012416 -0.265096
v -0.326268 -0.002759 -0.135145
v -1.343866 0.778453 -0.897943
v -1.505114 0.425722 -1.005686
v -1.476195 0.206755 -0.986362
v -1.390545 0.156731 -0.929133
v -1.251457 0.110629 -0.836197
v -1.064277 0.070220 -0.711128
v -0.836197 0.037058 -0.558729
v -0.575983 0.012416 -0.384859
v -0.293633 -0.002759 -0.196200
v -1.142864 0.778453 -1.142865
v -1.279994 0.425722 -1.279995
v -1.255400 0.206755 -1.255401
v -1.182562 0.156731 -1.182562
v -1.064277 0.110629 -1.064277
v -0.905094 0.070220 -0.905094
v -0.711127 0.037058 -0.711127
v -0.489833 0.012416 -0.489833
v -0.249715 -0.002759 -0.249715
v -0.897942 0.778453 -1.343867
v -1.005685 0.425722 -1.505115
v -0.986362 0.206755 -1.476195
v -0.929133 0.156731 -1.390545
v -0.836197 0.110629 -1.251458
v -0.711127 0.070220 -1.064278
v -0.558729 0.037058 -0.836197
v -0.384859 0.012416 -0.575983
v -0.196199 -0.002759 -0.293633
v -0.695689 0.778872 -1.679543
v -0.692727 0.425722 -1.672394
v -0.679417 0.206755 -1.640260
v -0.639998 0.156731 -1.545091
v -0.575982 0.110629 -1.390545
v -0.489833 0.070220 -1.182562
v -0.384859 0.037058 -0.929132
v -0.265096 0.012416 -0.639998
v -0.135145 -0.002759 -0.326268
v -0.354659 0.778872 -1.782993
v -0.353149 0.425722 -1.775404
v -0.346364 0.206755 -1.741291
v -0.326268 0.156731 -1.640260
v -0.293633 0.110629 -1.476195
v -0.249715 0.070220 -1.255401
v -0.196199 0.037058 -0.986361
v -0.135145 0.012416 -0.679418
v -0.068896 -0.002759 -0.346364
v 0.000000 0.156731 -1.672394
v 0.000000 0.070220 -1.279996
v 0.000000 0.037058 -1.005685
v 0.000000 0.012416 -0.692728
v 0.000000 -0.002759 -0.353150
v 0.315316 0.778453 -1.585199
v -0.000000 0.778872 -1.817924
v 0.695690 0.778872 -1.679543
v 1.009985 0.778872 -1.511549
v 1.285467 0.778872 -1.285467
v 1.511549 0.778872 -1.009985
v 1.679543 0.778872 -0.695689
v 1.782993 0.778872 -0.354659
v 1.817924 0.778872 0.000000
v 1.782993 0.778872 0.354660
v 1.679543 0.778872 0.695690
v 1.511549 0.778872 1.009985
v 1.285466 0.778872 1.285467
v 1.009984 0.778872 1.511549
v 0.695689 0.778872 1.679543
v 0.354659 0.778872 1.782993
v -0.000000 0.778872 1.817924
v -0.354660 0.778872 1.782993
v -0.695690 0.778872 1.679543
v -1.009985 0.778872 1.511548
v -1.285467 0.778872 1.285466
v -1.511549 0.778872 1.009984
v -1.679543 0.778872 0.695689
v -1.782993 0.778872 0.354659
v -1.817924 0.778872 -0.000000
v -1.782993 0.778872 -0.354660
v -1.679542 0.778872 -0.695690
v -1.511548 0.778872 -1.009985
v -1.285466 0.778872 -1.285466
v -1.009984 0.778872 -1.511549
v -0.618513 0.778453 -1.493224
v -0.315315 0.778453 -1.585198
v 0.000000 0.566774 -0.000000
v 0.315316 0.570103 -1.585199
v 0.000000 0.570103 -1.616255
v -0.618513 0.570103 -1.493224
v -1.142864 0.570103 -1.142865
v -1.493224 0.570103 -0.618514
v -1.616254 0.570103 -0.000000
v -1.493225 0.570103 0.618513
v -0.315315 0.570103 -1.585198
v -1.142865 0.570103 1.142864
v -0.618514 0.570103 1.493224
v -0.000000 0.570103 1.616255
v 0.618514 0.570103 1.493225
v 1.142865 0.570103 1.142865
v -1.343867 0.570103 0.897943
v -0.897942 0.570103 -1.343867
v -1.343866 0.570103 -0.897943
v -1.585198 0.570103 -0.315316
v -1.585199 0.570103 0.315315
v 1.493225 0.570103 0.618514
v 1.616255 0.570103 0.000000
v 1.493225 0.570103 -0.618514
v 1.343867 0.570103 -0.897943
v 0.897943 0.570103 -1.343867
v -0.315316 0.570103 1.585199
v -0.897943 0.570103 1.343866
v 0.315315 0.570103 1.585199
v 0.897943 0.570103 1.343867
v 1.343867 0.570103 0.897943
v 0.618514 0.570103 -1.493225
v 1.585199 0.570103 0.315316
v 1.585199 0.570103 -0.315316
v 1.142865 0.570103 -1.142865
v 0.000000 0.839330 1.612565
v 0.000000 1.048820 1.636789
v 0.000000 1.218790 1.581987
v 0.000000 1.306313 1.496153
v 0.000000 1.436942 1.320205
v 0.000000 1.622398 0.948499
v 0.024340 0.620371 1.511467
v 0.047745 0.726014 1.568493
v 0.069315 0.834086 1.608194
v 0.088221 0.940434 1.629047
v 0.103737 1.040971 1.630248
v 0.115266 1.131834 1.611753
v 0.122366 1.209531 1.574271
v 0.124764 1.296873 1.488287
v 0.122366 1.427683 1.312489
v 0.115266 1.534949 1.128017
v 0.103737 1.614549 0.941958
v 0.088221 1.663423 0.761463
v 0.069315 1.679694 0.593469
v 0.047745 1.662736 0.444431
v 0.024340 1.613201 0.320076
v 0.047745 0.614917 1.506922
v 0.093655 0.715315 1.559577
v 0.135966 0.818554 1.595251
v 0.173052 0.920665 1.612573
v 0.203488 1.017726 1.610877
v 0.226103 1.106005 1.590228
v 0.240030 1.182111 1.551421
v 0.244732 1.268916 1.464989
v 0.240030 1.400263 1.289639
v 0.226103 1.509120 1.106492
v 0.203488 1.591303 0.922586
v 0.173052 1.643654 0.744989
v 0.135966 1.664161 0.580525
v 0.093655 1.652037 0.435515
v 0.047745 1.607747 0.315531
v 0.069315 0.606060 1.499541
v 0.135966 0.697941 1.545099
v 0.197392 0.793331 1.574232
v 0.251232 0.888563 1.585820
v 0.295418 0.979977 1.579419
v 0.328251 1.064061 1.555275
v 0.348469 1.137583 1.514314
v 0.355296 1.223516 1.427155
v 0.348469 1.355736 1.252532
v 0.328251 1.467176 1.071539
v 0.295418 1.553554 0.891129
v 0.251232 1.611552 0.718237
v 0.197392 1.638939 0.559506
v 0.135966 1.634663 0.421037
v 0.069315 1.598889 0.308150
v 0.088221 0.594140 1.489608
v 0.173052 0.674560 1.525615
v 0.251232 0.759386 1.545944
v 0.319758 0.845360 1.549817
v 0.375996 0.929176 1.537085
v 0.417784 1.007614 1.508235
v 0.443517 1.077659 1.464377
v 0.452206 1.162417 1.376240
v 0.443517 1.295811 1.202595
v 0.417784 1.410728 1.024499
v 0.375996 1.502753 0.848794
v 0.319758 1.568349 0.682234
v 0.251232 1.604994 0.531219
v 0.173052 1.611282 0.401552
v 0.088221 1.586970 0.298217
v 0.103737 0.579616 1.477505
v 0.203488 0.646070 1.501873
v 0.295418 0.718025 1.511477
v 0.375996 0.792717 1.505948
v 0.442124 0.867274 1.485500
v 0.491262 0.938832 1.450917
v 0.521521 1.004641 1.403529
v 0.531739 1.087969 1.314199
v 0.521521 1.222793 1.141747
v 0.491262 1.341947 0.967181
v 0.442124 1.440852 0.797210
v 0.375996 1.515706 0.638365
v 0.295418 1.563633 0.496751
v 0.203488 1.582792 0.377810
v 0.103737 1.572446 0.286114
v 0.000000 0.521217 1.439310
v 0.115266 0.563045 1.463696
v 0.226103 0.613566 1.474786
v 0.328251 0.670837 1.472153
v 0.417784 0.732657 1.455898
v 0.491262 0.796651 1.426647
v 0.545861 0.860360 1.385524
v 0.579483 0.921336 1.334107
v 0.590836 1.003032 1.243418
v 0.579483 1.139488 1.072326
v 0.545861 1.263475 0.901788
v 0.491262 1.370229 0.738357
v 0.417784 1.455646 0.588315
v 0.328251 1.516445 0.457427
v 0.226103 1.550288 0.350724
v 0.115266 1.555875 0.272305
v 0.122366 0.545065 1.448712
v 0.240030 0.578297 1.445395
v 0.348469 0.619634 1.429483
v 0.443517 0.667488 1.401591
v 0.521521 0.720021 1.362788
v 0.579483 0.775213 1.314567
v 0.615176 0.830944 1.258781
v 0.627228 0.910869 1.166616
v 0.615176 1.049096 0.996999
v 0.579483 1.178328 0.830831
v 0.521521 1.293598 0.674498
v 0.443517 1.390477 0.534007
v 0.348469 1.465242 0.414758
v 0.240030 1.515018 0.321333
v 0.122366 1.537895 0.257322
v 0.124763 0.526367 1.433130
v 0.244732 0.541618 1.414829
v 0.355296 0.566385 1.385109
v 0.452206 0.599715 1.345113
v 0.531738 0.640328 1.296377
v 0.590836 0.686663 1.240775
v 0.627228 0.736940 1.180444
v 0.639516 0.815023 1.086744
v 0.627228 0.955092 0.918662
v 0.590836 1.089778 0.757039
v 0.531738 1.213906 0.608087
v 0.452206 1.322704 0.477530
v 0.355296 1.411993 0.370383
v 0.244732 1.478340 0.290767
v 0.124763 1.519197 0.241739
v 0.122366 0.507668 1.417548
v 0.240030 0.504939 1.384264
v 0.348469 0.513136 1.340735
v 0.443517 0.531942 1.288635
v 0.521521 0.560635 1.229966
v 0.579483 0.598113 1.166984
v 0.615176 0.642936 1.102106
v 0.627228 0.719178 1.006872
v 0.615176 0.861088 0.840325
v 0.579483 1.001228 0.683248
v 0.521521 1.134213 0.541676
v 0.443517 1.254931 0.421052
v 0.348469 1.358744 0.326009
v 0.240030 1.441661 0.260201
v 0.122366 1.500498 0.226157
v 0.115266 0.489688 1.402565
v 0.226103 0.469670 1.354872
v 0.328251 0.461933 1.298066
v 0.417784 0.466773 1.234328
v 0.491262 0.484005 1.166107
v 0.545861 0.512966 1.096027
v 0.579483 0.552544 1.026780
v 0.590836 0.627015 0.930070
v 0.579483 0.770696 0.764998
v 0.545861 0.916081 0.612291
v 0.491262 1.057582 0.477817
v 0.417784 1.189762 0.366744
v 0.328251 1.307541 0.283340
v 0.226103 1.406392 0.230810
v 0.115266 1.482518 0.211174
v 0.103737 0.473118 1.388756
v 0.203488 0.437166 1.327786
v 0.295418 0.414744 1.258741
v 0.375996 0.406713 1.184277
v 0.442124 0.413382 1.107255
v 0.491262 0.434494 1.030634
v 0.521521 0.469239 0.957358
v 0.531738 0.542078 0.859288
v 0.521521 0.687391 0.695577
v 0.491262 0.837609 0.546898
v 0.442124 0.986959 0.418965
v 0.375996 1.129702 0.316694
v 0.295418 1.260352 0.244016
v 0.203488 1.373888 0.203724
v 0.103737 1.465948 0.197365
v 0.088221 0.458594 1.376652
v 0.173052 0.408676 1.304044
v 0.251232 0.373383 1.224274
v 0.319758 0.354070 1.140408
v 0.375996 0.351481 1.055670
v 0.417784 0.365713 0.973316
v 0.443517 0.396221 0.896510
v 0.452206 0.467629 0.797248
v 0.443517 0.614373 0.634728
v 0.417784 0.768828 0.489580
v 0.375996 0.925058 0.367380
v 0.319758 1.077059 0.272825
v 0.251232 1.218991 0.209548
v 0.173052 1.345398 0.179982
v 0.088221 1.451424 0.185261
v 0.069315 0.446674 1.366719
v 0.135966 0.385295 1.284559
v 0.197392 0.339439 1.195987
v 0.251232 0.310867 1.104406
v 0.295418 0.300680 1.013336
v 0.328251 0.309266 0.926276
v 0.348469 0.336297 0.846573
v 0.355296 0.406531 0.746332
v 0.348469 0.554449 0.584791
v 0.328251 0.712381 0.442540
v 0.295418 0.874257 0.325045
v 0.251232 1.033857 0.236822
v 0.197392 1.185047 0.181261
v 0.135966 1.322017 0.160497
v 0.069315 1.439504 0.175328
v 0.047745 0.437817 1.359338
v 0.093655 0.367921 1.270081
v 0.135966 0.314216 1.174968
v 0.173052 0.278765 1.077653
v 0.203487 0.262931 0.981878
v 0.226103 0.267322 0.891323
v 0.240030 0.291769 0.809467
v 0.244732 0.361132 0.708499
v 0.240030 0.509921 0.547685
v 0.226103 0.670437 0.407587
v 0.203487 0.836508 0.293588
v 0.173052 1.001754 0.210070
v 0.135966 1.159824 0.160242
v 0.093655 1.304643 0.146019
v 0.047745 1.430647 0.167947
v 0.024340 0.432363 1.354793
v 0.047745 0.357222 1.261165
v 0.069315 0.298684 1.162024
v 0.088221 0.258996 1.061179
v 0.103737 0.239685 0.962507
v 0.115266 0.241493 0.869798
v 0.122366 0.264349 0.786616
v 0.124763 0.333174 0.685201
v 0.122366 0.482502 0.524835
v 0.115266 0.644607 0.386062
v 0.103737 0.813263 0.274217
v 0.088221 0.981985 0.193596
v 0.069315 1.144292 0.147298
v 0.047745 1.293944 0.137103
v 0.024340 1.425192 0.163402
v 0.000000 0.430521 1.353259
v -0.000000 0.353610 1.258155
v -0.000000 0.293439 1.157654
v 0.000000 0.252321 1.055617
v -0.000000 0.231836 0.955966
v 0.000000 0.232771 0.862530
v -0.000000 0.255091 0.778901
v -0.000000 0.323734 0.677334
v -0.000000 0.473243 0.517119
v 0.000000 0.635886 0.378794
v -0.000000 0.805414 0.267676
v 0.000000 0.975310 0.188033
v -0.000000 1.139047 0.142928
v -0.000000 1.290332 0.134093
v 0.000000 1.423351 0.161868
v -0.024340 0.432363 1.354793
v -0.047745 0.357222 1.261165
v -0.069315 0.298684 1.162024
v -0.088221 0.258996 1.061179
v -0.103737 0.239685 0.962507
v -0.115266 0.241493 0.869798
v -0.122366 0.264349 0.786616
v -0.124764 0.333174 0.685201
v -0.122366 0.482502 0.524835
v -0.115266 0.644607 0.386062
v -0.103737 0.813263 0.274217
v -0.088221 0.981985 0.193596
v -0.069315 1.144292 0.147298
v -0.047745 1.293944 0.137103
v -0.024340 1.425192 0.163402
v -0.047745 0.437817 1.359339
v -0.093655 0.367921 1.270081
v -0.135966 0.314216 1.174968
v -0.173052 0.278765 1.077653
v -0.203488 0.262931 0.981878
v -0.226103 0.267322 0.891323
v -0.240030 0.291769 0.809467
v -0.244732 0.361132 0.708499
v -0.240030 0.509922 0.547685
v -0.226103 0.670437 0.407587
v -0.203488 0.836508 0.293588
v -0.173052 1.001754 0.210070
v -0.135966 1.159824 0.160242
v -0.093655 1.304643 0.146019
v -0.047745 1.430647 0.167947
v -0.069315 0.446674 1.366719
v -0.135966 0.385295 1.284559
v -0.197392 0.339439 1.195987
v -0.251232 0.310868 1.104406
v -0.295418 0.300680 1.013336
v -0.328251 0.309266 0.926276
v -0.348469 0.336297 0.846573
v -0.355296 0.406532 0.746332
v -0.348469 0.554449 0.584791
v -0.328251 0.712381 0.442540
v -0.295418 0.874257 0.325045
v -0.251232 1.033857 0.236822
v -0.197392 1.185047 0.181261
v -0.135966 1.322017 0.160497
v -0.069315 1.439504 0.175328
v -0.088221 0.458594 1.376652
v -0.173052 0.408676 1.304044
v -0.251232 0.373383 1.224274
v -0.319758 0.354070 1.140408
v -0.375996 0.351481 1.055670
v -0.417784 0.365713 0.973316
v -0.443517 0.396221 0.896510
v -0.452206 0.467630 0.797248
v -0.443517 0.614373 0.634728
v -0.417784 0.768828 0.489580
v -0.375996 0.925058 0.367380
v -0.319758 1.077059 0.272825
v -0.251232 1.218991 0.209548
v -0.173052 1.345398 0.179982
v -0.088221 1.451424 0.185262
v 0.000000 1.532992 0.225185
v -0.103737 0.473118 1.388756
v -0.203487 0.437166 1.327786
v -0.295418 0.414744 1.258742
v -0.375996 0.406713 1.184277
v -0.442124 0.413382 1.107255
v -0.491262 0.434494 1.030634
v -0.521521 0.469239 0.957359
v -0.531738 0.542078 0.859288
v -0.521521 0.687391 0.695577
v -0.491262 0.837609 0.546898
v -0.442124 0.986960 0.418965
v -0.375996 1.129702 0.316694
v -0.295418 1.260352 0.244016
v -0.203487 1.373888 0.203723
v -0.103737 1.465948 0.197365
v -0.115266 0.489688 1.402565
v -0.226103 0.469670 1.354872
v -0.328251 0.461933 1.298066
v -0.417784 0.466773 1.234328
v -0.491262 0.484005 1.166107
v -0.545861 0.512966 1.096027
v -0.579483 0.552544 1.026780
v -0.590836 0.627016 0.930070
v -0.579483 0.770697 0.764998
v -0.545861 0.916081 0.612291
v -0.491262 1.057582 0.477817
v -0.417784 1.189762 0.366744
v -0.328251 1.307541 0.283340
v -0.226103 1.406392 0.230810
v -0.115266 1.482518 0.211174
v -0.122366 0.507668 1.417548
v -0.240030 0.504939 1.384264
v -0.348469 0.513136 1.340735
v -0.443517 0.531942 1.288635
v -0.521521 0.560636 1.229967
v -0.579483 0.598113 1.166984
v -0.615176 0.642936 1.102107
v -0.627228 0.719178 1.006872
v -0.615176 0.861088 0.840325
v -0.579483 1.001228 0.683248
v -0.521521 1.134213 0.541676
v -0.443517 1.254931 0.421052
v -0.348469 1.358744 0.326009
v -0.240030 1.441661 0.260201
v -0.122366 1.500498 0.226157
v -0.124763 0.526367 1.433130
v -0.244732 0.541618 1.414829
v -0.355296 0.566385 1.385109
v -0.452206 0.599715 1.345113
v -0.531738 0.640328 1.296377
v -0.590836 0.686663 1.240775
v -0.627228 0.736940 1.180444
v -0.639516 0.815024 1.086744
v -0.627228 0.955092 0.918662
v -0.590836 1.089778 0.757039
v -0.531738 1.213906 0.608087
v -0.452206 1.322704 0.477530
v -0.355296 1.411993 0.370384
v -0.244732 1.478340 0.290767
v -0.124763 1.519197 0.241739
v -0.122366 0.545065 1.448712
v -0.240030 0.578297 1.445395
v -0.348469 0.619634 1.429484
v -0.443517 0.667488 1.401591
v -0.521521 0.720021 1.362788
v -0.579483 0.775213 1.314567
v -0.615176 0.830944 1.258781
v -0.627228 0.910869 1.166616
v -0.615176 1.049096 0.996999
v -0.579483 1.178328 0.830831
v -0.521521 1.293599 0.674498
v -0.443517 1.390477 0.534007
v -0.348469 1.465242 0.414758
v -0.240030 1.515018 0.321333
v -0.122366 1.537895 0.257322
v -0.115266 0.563045 1.463696
v -0.226103 0.613566 1.474786
v -0.328251 0.670836 1.472153
v -0.417784 0.732657 1.455898
v -0.491262 0.796651 1.426647
v -0.545861 0.860360 1.385523
v -0.579483 0.921336 1.334108
v -0.590836 1.003032 1.243418
v -0.579483 1.139488 1.072326
v -0.545861 1.263475 0.901787
v -0.491262 1.370229 0.738357
v -0.417784 1.455646 0.588315
v -0.328251 1.516445 0.457427
v -0.226103 1.550288 0.350724
v -0.115266 1.555875 0.272305
v -0.103737 0.579616 1.477505
v -0.203487 0.646070 1.501873
v -0.295418 0.718025 1.511477
v -0.375996 0.792717 1.505948
v -0.442124 0.867274 1.485500
v -0.491262 0.938832 1.450917
v -0.521521 1.004641 1.403529
v -0.531738 1.087969 1.314199
v -0.521521 1.222794 1.141747
v -0.491262 1.341947 0.967181
v -0.442124 1.440852 0.797210
v -0.375996 1.515706 0.638365
v -0.295418 1.563633 0.496751
v -0.203487 1.582792 0.377810
v -0.103737 1.572446 0.286114
v -0.088221 0.594140 1.489608
v -0.173052 0.674560 1.525615
v -0.251232 0.759386 1.545944
v -0.319758 0.845360 1.549817
v -0.375996 0.929176 1.537084
v -0.417784 1.007613 1.508235
v -0.443517 1.077659 1.464377
v -0.452206 1.162417 1.376240
v -0.443517 1.295811 1.202595
v -0.417784 1.410728 1.024499
v -0.375996 1.502753 0.848794
v -0.319758 1.568349 0.682234
v -0.251232 1.604994 0.531219
v -0.173052 1.611282 0.401552
v -0.088221 1.586970 0.298217
v -0.069315 0.606060 1.499541
v -0.135966 0.697941 1.545099
v -0.197392 0.793331 1.574232
v -0.251232 0.888563 1.585820
v -0.295418 0.979977 1.579419
v -0.328251 1.064061 1.555275
v -0.348469 1.137583 1.514314
v -0.355296 1.223515 1.427155
v -0.348469 1.355735 1.252532
v -0.328251 1.467176 1.071539
v -0.295418 1.553554 0.891129
v -0.251232 1.611552 0.718237
v -0.197392 1.638939 0.559506
v -0.135966 1.634663 0.421037
v -0.069315 1.598889 0.308150
v -0.047745 0.614917 1.506922
v -0.093655 0.715315 1.559577
v -0.135966 0.818554 1.595251
v -0.173052 0.920665 1.612573
v -0.203487 1.017725 1.610876
v -0.226103 1.106005 1.590228
v -0.240030 1.182111 1.551421
v -0.244732 1.268915 1.464988
v -0.240030 1.400263 1.289639
v -0.226103 1.509120 1.106492
v -0.203487 1.591303 0.922586
v -0.173052 1.643654 0.744989
v -0.135966 1.664161 0.580525
v -0.093655 1.652037 0.435515
v -0.047745 1.607746 0.315531
v -0.024340 0.620371 1.511467
v -0.047745 0.726014 1.568493
v -0.069315 0.834086 1.608194
v -0.088221 0.940434 1.629046
v -0.103737 1.040971 1.630248
v -0.115266 1.131834 1.611752
v -0.122366 1.209530 1.574270
v -0.124763 1.296872 1.488286
v -0.122366 1.427683 1.312489
v -0.115266 1.534949 1.128017
v -0.103737 1.614548 0.941958
v -0.088221 1.663423 0.761463
v -0.069315 1.679693 0.593469
v -0.047745 1.662736 0.444431
v -0.024340 1.613201 0.320076
v 0.000000 0.622213 1.513002
v 0.000000 0.729626 1.571503
v 0.000000 0.947109 1.634609
v 0.000000 1.140555 1.619020
v 0.000000 1.543670 1.135284
v 0.000000 1.670098 0.767026
v 0.000000 1.684938 0.597839
v 0.000000 1.666348 0.447441
v 0.000000 1.615042 0.321611
v -1.396522 0.839330 0.806282
v -1.417501 1.048820 0.818394
v -1.370041 1.218790 0.790993
v -1.295707 1.306313 0.748076
v -1.143331 1.436942 0.660102
v -0.821424 1.622398 0.474249
v -1.296799 0.620371 0.776813
v -1.334482 0.726014 0.825595
v -1.358080 0.834086 0.864126
v -1.366685 0.940434 0.890925
v -1.359968 1.040971 0.904963
v -1.338185 1.131834 0.905700
v -1.302176 1.209531 0.893108
v -1.226512 1.296873 0.852192
v -1.075466 1.427683 0.762217
v -0.919258 1.534949 0.663832
v -0.763891 1.614549 0.560818
v -0.615336 1.663423 0.457133
v -0.479302 1.679694 0.356763
v -0.361016 1.662736 0.263564
v -0.265024 1.613201 0.181117
v -1.281160 0.614917 0.794809
v -1.303806 0.715315 0.860896
v -1.313545 0.818554 0.915375
v -1.310003 0.920665 0.956154
v -1.293316 1.017726 0.981664
v -1.264126 1.106005 0.990925
v -1.223555 1.182111 0.983582
v -1.146351 1.268916 0.944439
v -0.996845 1.400263 0.852691
v -0.845199 1.509120 0.749057
v -0.697240 1.591303 0.637519
v -0.558654 1.643654 0.522362
v -0.434767 1.664161 0.408013
v -0.330340 1.652037 0.298865
v -0.249386 1.607747 0.199114
v -1.263983 0.606060 0.809799
v -1.270112 0.697941 0.890299
v -1.264629 0.793331 0.958062
v -1.247744 0.888563 1.010484
v -1.220108 0.979977 1.045549
v -1.182782 1.064061 1.061911
v -1.137200 1.137583 1.058941
v -1.058305 1.223516 1.021273
v -0.910490 1.355736 0.928050
v -0.763854 1.467176 0.820043
v -0.624031 1.553554 0.701404
v -0.496395 1.611552 0.576692
v -0.385850 1.638939 0.450700
v -0.296646 1.634663 0.328268
v -0.232209 1.598889 0.214104
v -1.245928 0.594140 0.821206
v -1.234695 0.674560 0.912675
v -1.213211 0.759386 0.990546
v -1.182302 0.845360 1.051827
v -1.143157 0.929176 1.094164
v -1.097278 1.007614 1.115929
v -1.046429 1.077659 1.116286
v -0.965756 1.162417 1.079742
v -0.819720 1.295811 0.985395
v -0.678350 1.410728 0.874061
v -0.547080 1.502753 0.750019
v -0.430953 1.568349 0.618036
v -0.334433 1.604994 0.483183
v -0.261229 1.611282 0.350644
v -0.214153 1.586970 0.225510
v -1.227688 0.579616 0.828591
v -1.198916 0.646070 0.927162
v -1.161268 0.718025 1.011578
v -1.116192 0.792717 1.078596
v -1.065418 0.867274 1.125641
v -1.010900 0.938832 1.150904
v -0.954731 1.004641 1.153415
v -0.872261 1.087969 1.117599
v -0.728021 1.222793 1.022524
v -0.591972 1.341947 0.909036
v -0.469342 1.440852 0.781496
v -0.364842 1.515706 0.644805
v -0.282490 1.563633 0.504215
v -0.225450 1.582792 0.365131
v -0.195913 1.572446 0.232896
v -1.246479 0.521217 0.719655
v -1.209964 0.563045 0.831671
v -1.164150 0.613566 0.933204
v -1.110796 0.670837 1.020350
v -1.051953 0.732657 1.089761
v -0.989882 0.796651 1.138769
v -0.926968 0.860360 1.165492
v -0.865629 0.921336 1.168901
v -0.781414 1.003032 1.133388
v -0.638920 1.139488 1.038010
v -0.508040 1.263475 0.923624
v -0.393805 1.370229 0.794624
v -0.300604 1.455646 0.655969
v -0.232018 1.516445 0.512987
v -0.190684 1.550288 0.371173
v -0.178190 1.555875 0.235976
v -1.193439 0.545065 0.830328
v -1.131734 0.578297 0.930569
v -1.063734 0.619634 1.016525
v -0.992055 0.667488 1.084893
v -0.919449 0.720021 1.133045
v -0.848707 0.775213 1.159131
v -0.782548 0.830944 1.162149
v -0.696705 0.910869 1.126503
v -0.555838 1.049096 1.031258
v -0.429779 1.178328 0.917263
v -0.323372 1.293598 0.788900
v -0.240705 1.390477 0.651101
v -0.184956 1.465242 0.509162
v -0.158267 1.515018 0.368538
v -0.161664 1.537895 0.234633
v -1.178746 0.526367 0.824613
v -1.102912 0.541618 0.919359
v -1.021891 0.566385 1.000250
v -0.938799 0.599715 1.064179
v -0.856827 0.640328 1.108688
v -0.779125 0.686663 1.132067
v -0.708680 0.736940 1.133417
v -0.621390 0.815023 1.097209
v -0.481970 0.955092 1.002527
v -0.360197 1.089778 0.890199
v -0.260750 1.213906 0.764543
v -0.187449 1.322704 0.630387
v -0.143113 1.411993 0.492887
v -0.129445 1.478340 0.357328
v -0.146971 1.519197 0.228918
v -1.166450 0.507668 0.814746
v -1.078793 0.504939 0.900004
v -0.986876 0.513136 0.972151
v -0.894232 0.531942 1.028415
v -0.804421 0.560635 1.066634
v -0.720896 0.598113 1.085339
v -0.646864 0.642936 1.083812
v -0.558363 0.719178 1.046632
v -0.420154 0.861088 0.952921
v -0.301968 1.001228 0.843471
v -0.208345 1.134213 0.722489
v -0.142883 1.254931 0.594623
v -0.108098 1.358744 0.464788
v -0.105326 1.441661 0.337973
v -0.134675 1.500498 0.219051
v -1.157024 0.489688 0.801106
v -1.060302 0.469670 0.873247
v -0.960032 0.461933 0.933306
v -0.860067 0.466773 0.978976
v -0.764247 0.484005 1.008499
v -0.676257 0.512966 1.020743
v -0.599476 0.552544 1.015237
v -0.510046 0.627015 0.976714
v -0.372766 0.770696 0.884346
v -0.257329 0.916081 0.778876
v -0.168171 1.057582 0.664354
v -0.108718 1.189762 0.545184
v -0.081254 1.307541 0.425944
v -0.086836 1.406392 0.311216
v -0.125249 1.482518 0.205411
v -1.150829 0.473118 0.784217
v -1.048152 0.437166 0.840118
v -0.942393 0.414744 0.885210
v -0.837616 0.406713 0.917761
v -0.737849 0.413382 0.936518
v -0.646924 0.434494 0.940763
v -0.568336 0.469239 0.930330
v -0.478296 0.542078 0.890143
v -0.341627 0.687391 0.799439
v -0.227996 0.837609 0.698895
v -0.141772 0.986959 0.592373
v -0.086267 1.129702 0.483969
v -0.063615 1.260352 0.377847
v -0.074686 1.373888 0.278087
v -0.119055 1.465948 0.188521
v -1.148106 0.458594 0.764728
v -1.042809 0.408676 0.801889
v -0.934636 0.373383 0.829710
v -0.827743 0.354070 0.847123
v -0.726239 0.351481 0.853457
v -0.634024 0.365713 0.848470
v -0.554642 0.396221 0.832352
v -0.464334 0.467629 0.790246
v -0.327932 0.614373 0.701461
v -0.215097 0.768828 0.606602
v -0.130162 0.925058 0.509312
v -0.076394 1.077059 0.413331
v -0.055858 1.218991 0.322348
v -0.069343 1.345398 0.239858
v -0.116331 1.451424 0.169032
v -1.148956 0.446674 0.743388
v -1.044478 0.385295 0.760030
v -0.937059 0.339439 0.768940
v -0.830827 0.310867 0.769776
v -0.729865 0.300680 0.762507
v -0.638053 0.309266 0.747412
v -0.558919 0.336297 0.725070
v -0.468695 0.406531 0.680862
v -0.332210 0.554449 0.594179
v -0.219126 0.712381 0.505544
v -0.133789 0.874257 0.418362
v -0.079478 1.033857 0.335985
v -0.058281 1.185047 0.261577
v -0.071012 1.322017 0.197999
v -0.117181 1.439504 0.147693
v -1.153349 0.437817 0.721017
v -1.053095 0.367921 0.716148
v -0.949569 0.314216 0.705234
v -0.846749 0.278765 0.688694
v -0.748588 0.262931 0.667164
v -0.658857 0.267322 0.641472
v -0.581004 0.291769 0.612605
v -0.491212 0.361132 0.566194
v -0.354294 0.509921 0.481714
v -0.239929 0.670437 0.399604
v -0.152511 0.836508 0.323019
v -0.095400 1.001754 0.254902
v -0.070791 1.159824 0.197871
v -0.079629 1.304643 0.154117
v -0.121574 1.430647 0.125322
v -1.161115 0.432363 0.698476
v -1.068329 0.357222 0.671931
v -0.971685 0.298684 0.641040
v -0.874898 0.258996 0.606991
v -0.781687 0.239685 0.571092
v -0.695634 0.241493 0.534723
v -0.620047 0.264349 0.499280
v -0.531020 0.333174 0.450649
v -0.393337 0.482502 0.368389
v -0.276707 0.644607 0.292855
v -0.185610 0.813263 0.226947
v -0.123548 0.981985 0.173200
v -0.092907 1.144292 0.133678
v -0.094862 1.293944 0.109900
v -0.129340 1.425192 0.102780
v -1.171956 0.430521 0.676629
v -1.089594 0.353610 0.629077
v -1.002558 0.293439 0.578827
v -0.914191 0.252321 0.527808
v -0.827891 0.231836 0.477983
v -0.746973 0.232771 0.431265
v -0.674548 0.255091 0.389450
v -0.586589 0.323734 0.338667
v -0.447838 0.473243 0.258559
v -0.328046 0.635886 0.189397
v -0.231814 0.805414 0.133838
v -0.162842 0.975310 0.094017
v -0.123779 1.139047 0.071464
v -0.116128 1.290332 0.067046
v -0.140181 1.423351 0.080934
v -1.185455 0.432363 0.656317
v -1.116074 0.357222 0.589234
v -1.041000 0.298684 0.520984
v -0.963119 0.258996 0.454188
v -0.885424 0.239685 0.391414
v -0.810901 0.241493 0.335076
v -0.742413 0.264349 0.287336
v -0.655784 0.333174 0.234552
v -0.515703 0.482502 0.156445
v -0.391973 0.644607 0.093208
v -0.289347 0.813263 0.047269
v -0.211770 0.981985 0.020396
v -0.162222 1.144292 0.013621
v -0.142607 1.293944 0.027203
v -0.153681 1.425192 0.060622
v -1.201094 0.437817 0.638321
v -1.146750 0.367921 0.553933
v -1.085535 0.314216 0.469734
v -1.019801 0.278765 0.388959
v -0.952075 0.262931 0.314714
v -0.884960 0.267322 0.249850
v -0.821034 0.291769 0.196861
v -0.735944 0.361132 0.142305
v -0.594324 0.509922 0.065970
v -0.466032 0.670437 0.007982
v -0.355998 0.836508 -0.029431
v -0.268452 1.001754 -0.044832
v -0.206757 1.159824 -0.037629
v -0.173284 1.304643 -0.008098
v -0.169319 1.430647 0.042625
v -1.218271 0.446674 0.623331
v -1.180444 0.385295 0.524530
v -1.134451 0.339439 0.427047
v -1.082060 0.310868 0.334629
v -1.025283 0.300680 0.250828
v -0.966304 0.309266 0.178864
v -0.907389 0.336297 0.121503
v -0.823991 0.406532 0.065471
v -0.680679 0.554449 -0.009388
v -0.547377 0.712381 -0.063004
v -0.429207 0.874257 -0.093317
v -0.330710 1.033857 -0.099163
v -0.255673 1.185047 -0.080316
v -0.206978 1.322017 -0.037501
v -0.186496 1.439504 0.027636
v -1.236327 0.458594 0.611924
v -1.215861 0.408676 0.502154
v -1.185868 0.373383 0.394563
v -1.147502 0.354070 0.293285
v -1.102235 0.351481 0.202213
v -1.051808 0.365713 0.124846
v -0.998159 0.396221 0.064158
v -0.916540 0.467630 0.007002
v -0.771450 0.614373 -0.066733
v -0.632881 0.768828 -0.117022
v -0.506158 0.925058 -0.141932
v -0.396152 1.077059 -0.140506
v -0.307090 1.218991 -0.112800
v -0.242395 1.345398 -0.059877
v -0.204552 1.451424 0.016229
v -0.195016 1.532992 0.112592
v -1.254566 0.473118 0.604539
v -1.251640 0.437166 0.487668
v -1.237811 0.414744 0.373531
v -1.213612 0.406713 0.266517
v -1.179973 0.413382 0.170736
v -1.138186 0.434494 0.089871
v -1.089858 0.469239 0.027029
v -1.010035 0.542078 -0.030855
v -0.863148 0.687391 -0.103862
v -0.719258 0.837609 -0.151997
v -0.583896 0.986960 -0.173409
v -0.462263 1.129702 -0.167275
v -0.359033 1.260352 -0.133831
v -0.278173 1.373888 -0.074364
v -0.222792 1.465948 0.008844
v -1.272290 0.489688 0.601459
v -1.286406 0.469670 0.481625
v -1.288283 0.461933 0.364759
v -1.277851 0.466773 0.255352
v -1.255510 0.484005 0.157608
v -1.222118 0.512966 0.075284
v -1.178959 0.552544 0.011543
v -1.100882 0.627016 -0.046644
v -0.952250 0.770697 -0.119348
v -0.803191 0.916081 -0.166584
v -0.659433 1.057582 -0.186537
v -0.526502 1.189762 -0.178440
v -0.409505 1.307541 -0.142604
v -0.312939 1.406392 -0.080406
v -0.240515 1.482518 0.005763
v -1.288816 0.507668 0.602802
v -1.318822 0.504939 0.484260
v -1.335345 0.513136 0.368584
v -1.337749 0.531942 0.260220
v -1.325943 0.560636 0.163333
v -1.300379 0.598113 0.081644
v -1.262040 0.642936 0.018295
v -1.185591 0.719178 -0.039759
v -1.035331 0.861088 -0.112596
v -0.881451 1.001228 -0.160224
v -0.729866 1.134213 -0.180812
v -0.586400 1.254931 -0.173572
v -0.456567 1.358744 -0.138779
v -0.345356 1.441661 -0.077771
v -0.257041 1.500498 0.007106
v -1.303509 0.526367 0.608517
v -1.347644 0.541618 0.495470
v -1.377188 0.566385 0.384859
v -1.391005 0.599715 0.280934
v -1.388565 0.640328 0.187690
v -1.369961 0.686663 0.108709
v -1.335908 0.736940 0.047026
v -1.260906 0.815024 -0.010465
v -1.109199 0.955092 -0.083865
v -0.951033 1.089778 -0.133159
v -0.792488 1.213906 -0.156455
v -0.639656 1.322704 -0.152857
v -0.498410 1.411993 -0.122504
v -0.374178 1.478340 -0.066561
v -0.271734 1.519197 0.012821
v -1.315805 0.545065 0.618384
v -1.371764 0.578297 0.514825
v -1.412204 0.619634 0.412959
v -1.435572 0.667488 0.316698
v -1.440970 0.720021 0.229744
v -1.428190 0.775213 0.155436
v -1.397724 0.830944 0.096632
v -1.323933 0.910869 0.040113
v -1.171015 1.049096 -0.034259
v -1.009263 1.178328 -0.086432
v -0.844893 1.293599 -0.114401
v -0.684223 1.390477 -0.117094
v -0.533426 1.465242 -0.094404
v -0.398297 1.515018 -0.047206
v -0.284030 1.537895 0.022689
v -1.325231 0.563045 0.632024
v -1.390253 0.613566 0.541582
v -1.439047 0.670836 0.451803
v -1.469737 0.732657 0.366137
v -1.481144 0.796651 0.287878
v -1.472829 0.860360 0.220032
v -1.445113 0.921336 0.165207
v -1.372249 1.003032 0.110030
v -1.218403 1.139488 0.034316
v -1.053901 1.263475 -0.021836
v -0.885067 1.370229 -0.056267
v -0.718388 1.455646 -0.067654
v -0.560269 1.516445 -0.055560
v -0.416787 1.550288 -0.020449
v -0.293456 1.555875 0.036329
v -1.331425 0.579616 0.648914
v -1.402404 0.646070 0.574711
v -1.456686 0.718025 0.499899
v -1.492187 0.792717 0.427352
v -1.507543 0.867274 0.359859
v -1.502162 0.938832 0.300013
v -1.476252 1.004641 0.250114
v -1.403999 1.087969 0.196601
v -1.249542 1.222794 0.119223
v -1.083235 1.341947 0.058145
v -0.911466 1.440852 0.015714
v -0.740838 1.515706 -0.006440
v -0.577908 1.563633 -0.007464
v -0.428937 1.582792 0.012680
v -0.299650 1.572446 0.053218
v -1.334149 0.594140 0.668402
v -1.407747 0.674560 0.612940
v -1.464443 0.759386 0.555399
v -1.502061 0.845360 0.497990
v -1.519152 0.929176 0.442920
v -1.515062 1.007613 0.392306
v -1.489946 1.077659 0.348091
v -1.417962 1.162417 0.296498
v -1.263237 1.295811 0.217201
v -1.096134 1.410728 0.150438
v -0.923075 1.502753 0.098775
v -0.750711 1.568349 0.064198
v -0.585665 1.604994 0.048036
v -0.434280 1.611282 0.050909
v -0.302374 1.586970 0.072707
v -1.333298 0.606060 0.689742
v -1.406078 0.697941 0.654800
v -1.462020 0.793331 0.616169
v -1.498977 0.888563 0.575336
v -1.515526 0.979977 0.533870
v -1.511033 1.064061 0.493364
v -1.485669 1.137583 0.455374
v -1.413600 1.223515 0.405882
v -1.258960 1.355735 0.324483
v -1.092105 1.467176 0.251496
v -0.919449 1.553554 0.189725
v -0.747628 1.611552 0.141545
v -0.583242 1.638939 0.108807
v -0.432612 1.634663 0.092768
v -0.301523 1.598889 0.094047
v -1.328905 0.614917 0.712113
v -1.397461 0.715315 0.698681
v -1.449510 0.818554 0.679875
v -1.483055 0.920665 0.656419
v -1.496804 1.017725 0.629213
v -1.490230 1.106005 0.599303
v -1.463585 1.182111 0.567839
v -1.391083 1.268915 0.520550
v -1.236875 1.400263 0.436948
v -1.071302 1.509120 0.357435
v -0.900727 1.591303 0.285068
v -0.731705 1.643654 0.222627
v -0.570732 1.664161 0.172513
v -0.423995 1.652037 0.136650
v -0.297131 1.607746 0.116417
v -1.321139 0.620371 0.734654
v -1.382227 0.726014 0.742898
v -1.427395 0.834086 0.744069
v -1.454906 0.940434 0.738121
v -1.463704 1.040971 0.725285
v -1.453452 1.131834 0.706053
v -1.424541 1.209530 0.681163
v -1.351275 1.296872 0.636095
v -1.197832 1.427683 0.550272
v -1.034524 1.534949 0.464185
v -0.867628 1.614548 0.381140
v -0.703557 1.663423 0.304330
v -0.548616 1.679693 0.236706
v -0.408761 1.662736 0.180867
v -0.289364 1.613201 0.138959
v -1.310299 0.622213 0.756501
v -1.360962 0.729626 0.785752
v -1.415613 0.947109 0.817304
v -1.402113 1.140555 0.809510
v -0.983185 1.543670 0.567642
v -0.664264 1.670098 0.383513
v -0.517744 1.684938 0.298920
v -0.387495 1.666348 0.223721
v -0.278523 1.615042 0.160806
v -1.396522 0.839330 -0.806283
v -1.417501 1.048820 -0.818395
v -1.370041 1.218790 -0.790993
v -1.295707 1.306313 -0.748077
v -1.143331 1.436942 -0.660103
v -0.821424 1.622398 -0.474249
v -1.321139 0.620371 -0.734655
v -1.382227 0.726014 -0.742898
v -1.427395 0.834086 -0.744069
v -1.454906 0.940434 -0.738122
v -1.463705 1.040971 -0.725285
v -1.453452 1.131834 -0.706053
v -1.424541 1.209531 -0.681163
v -1.351276 1.296873 -0.636095
v -1.197832 1.427683 -0.550273
v -1.034524 1.534949 -0.464185
v -0.867628 1.614549 -0.381140
v -0.703557 1.663423 -0.304330
v -0.548617 1.679694 -0.236706
v -0.408761 1.662736 -0.180867
v -0.289364 1.613201 -0.138959
v -1.328905 0.614917 -0.712113
v -1.397461 0.715315 -0.698681
v -1.449511 0.818554 -0.679875
v -1.483055 0.920665 -0.656419
v -1.496804 1.017726 -0.629213
v -1.490230 1.106005 -0.599303
v -1.463585 1.182111 -0.567839
v -1.391084 1.268916 -0.520550
v -1.236875 1.400263 -0.436948
v -1.071302 1.509120 -0.357435
v -0.900727 1.591303 -0.285068
v -0.731706 1.643654 -0.222627
v -0.570733 1.664161 -0.172513
v -0.423995 1.652037 -0.136650
v -0.297131 1.607747 -0.116417
v -1.333298 0.606060 -0.689742
v -1.406078 0.697941 -0.654800
v -1.462021 0.793331 -0.616170
v -1.498977 0.888563 -0.575337
v -1.515526 0.979977 -0.533870
v -1.511033 1.064061 -0.493364
v -1.485669 1.137583 -0.455374
v -1.413601 1.223516 -0.405882
v -1.258960 1.355736 -0.324483
v -1.092105 1.467176 -0.251496
v -0.919449 1.553554 -0.189725
v -0.747628 1.611552 -0.141545
v -0.583242 1.638939 -0.108806
v -0.432612 1.634663 -0.092768
v -0.301523 1.598889 -0.094047
v -1.334149 0.594140 -0.668403
v -1.407747 0.674560 -0.612940
v -1.464443 0.759386 -0.555399
v -1.502061 0.845360 -0.497990
v -1.519152 0.929176 -0.442920
v -1.515062 1.007614 -0.392306
v -1.489947 1.077659 -0.348091
v -1.417962 1.162417 -0.296498
v -1.263237 1.295811 -0.217201
v -1.096135 1.410728 -0.150438
v -0.923075 1.502753 -0.098775
v -0.750711 1.568349 -0.064198
v -0.585665 1.604994 -0.048036
v -0.434281 1.611282 -0.050909
v -0.302374 1.586970 -0.072707
v -1.331425 0.579616 -0.648914
v -1.402404 0.646070 -0.574711
v -1.456686 0.718025 -0.499899
v -1.492187 0.792717 -0.427352
v -1.507543 0.867274 -0.359859
v -1.502162 0.938832 -0.300013
v -1.476252 1.004641 -0.250114
v -1.403999 1.087969 -0.196601
v -1.249543 1.222793 -0.119223
v -1.083235 1.341947 -0.058145
v -0.911466 1.440852 -0.015714
v -0.740838 1.515706 0.006439
v -0.577908 1.563633 0.007464
v -0.428937 1.582792 -0.012680
v -0.299650 1.572446 -0.053218
v -1.246479 0.521217 -0.719655
v -1.325231 0.563045 -0.632024
v -1.390253 0.613566 -0.541582
v -1.439047 0.670837 -0.451803
v -1.469737 0.732657 -0.366137
v -1.481144 0.796651 -0.287878
v -1.472829 0.860360 -0.220032
v -1.445113 0.921336 -0.165206
v -1.372250 1.003032 -0.110030
v -1.218403 1.139488 -0.034316
v -1.053902 1.263475 0.021836
v -0.885067 1.370229 0.056267
v -0.718388 1.455646 0.067654
v -0.560269 1.516445 0.055560
v -0.416787 1.550288 0.020449
v -0.293456 1.555875 -0.036329
v -1.315805 0.545065 -0.618384
v -1.371763 0.578297 -0.514825
v -1.412204 0.619634 -0.412959
v -1.435572 0.667488 -0.316698
v -1.440970 0.720021 -0.229744
v -1.428190 0.775213 -0.155436
v -1.397725 0.830944 -0.096632
v -1.323933 0.910869 -0.040112
v -1.171015 1.049096 0.034259
v -1.009263 1.178328 0.086432
v -0.844893 1.293598 0.114402
v -0.684223 1.390477 0.117094
v -0.533426 1.465242 0.094404
v -0.398297 1.515018 0.047206
v -0.284030 1.537895 -0.022689
v -1.303509 0.526367 -0.608517
v -1.347644 0.541618 -0.495470
v -1.377188 0.566385 -0.384859
v -1.391005 0.599715 -0.280934
v -1.388565 0.640328 -0.187690
v -1.369961 0.686663 -0.108709
v -1.335908 0.736940 -0.047026
v -1.260906 0.815023 0.010465
v -1.109199 0.955092 0.083865
v -0.951034 1.089778 0.133159
v -0.792488 1.213906 0.156455
v -0.639656 1.322704 0.152857
v -0.498410 1.411993 0.122504
v -0.374178 1.478340 0.066561
v -0.271734 1.519197 -0.012821
v -1.288816 0.507668 -0.602802
v -1.318822 0.504939 -0.484260
v -1.335345 0.513136 -0.368584
v -1.337749 0.531942 -0.260220
v -1.325943 0.560635 -0.163333
v -1.300379 0.598113 -0.081645
v -1.262040 0.642936 -0.018295
v -1.185591 0.719178 0.039759
v -1.035331 0.861088 0.112596
v -0.881451 1.001228 0.160224
v -0.729866 1.134213 0.180813
v -0.586400 1.254931 0.173571
v -0.456567 1.358744 0.138779
v -0.345356 1.441661 0.077771
v -0.257041 1.500498 -0.007106
v -1.272290 0.489688 -0.601459
v -1.286406 0.469670 -0.481625
v -1.288283 0.461933 -0.364759
v -1.277851 0.466773 -0.255352
v -1.255510 0.484005 -0.157608
v -1.222118 0.512966 -0.075284
v -1.178959 0.552544 -0.011543
v -1.100882 0.627015 0.046644
v -0.952250 0.770696 0.119348
v -0.803191 0.916081 0.166584
v -0.659433 1.057582 0.186537
v -0.526502 1.189762 0.178440
v -0.409505 1.307541 0.142604
v -0.312939 1.406392 0.080406
v -0.240515 1.482518 -0.005763
v -1.254566 0.473118 -0.604539
v -1.251640 0.437166 -0.487668
v -1.237811 0.414744 -0.373531
v -1.213612 0.406713 -0.266517
v -1.179973 0.413382 -0.170737
v -1.138186 0.434494 -0.089871
v -1.089857 0.469239 -0.027029
v -1.010035 0.542078 0.030855
v -0.863148 0.687391 0.103862
v -0.719259 0.837609 0.151997
v -0.583896 0.986959 0.173409
v -0.462263 1.129702 0.167275
v -0.359033 1.260352 0.133832
v -0.278174 1.373888 0.074364
v -0.222792 1.465948 -0.008844
v -1.236326 0.458594 -0.611925
v -1.215861 0.408676 -0.502155
v -1.185868 0.373383 -0.394563
v -1.147502 0.354070 -0.293286
v -1.102235 0.351481 -0.202213
v -1.051808 0.365713 -0.124846
v -0.998159 0.396221 -0.064158
v -0.916540 0.467629 -0.007002
v -0.771450 0.614373 0.066733
v -0.632881 0.768828 0.117022
v -0.506158 0.925058 0.141932
v -0.396152 1.077059 0.140506
v -0.307090 1.218991 0.112800
v -0.242395 1.345398 0.059877
v -0.204552 1.451424 -0.016229
v -1.218271 0.446674 -0.623331
v -1.180444 0.385295 -0.524530
v -1.134451 0.339439 -0.427047
v -1.082059 0.310867 -0.334629
v -1.025283 0.300680 -0.250828
v -0.966304 0.309266 -0.178865
v -0.907388 0.336297 -0.121503
v -0.823991 0.406531 -0.065471
v -0.680679 0.554449 0.009387
v -0.547377 0.712381 0.063004
v -0.429207 0.874257 0.093317
v -0.330710 1.033857 0.099163
v -0.255673 1.185047 0.080316
v -0.206978 1.322017 0.037501
v -0.186496 1.439504 -0.027636
v -1.201094 0.437817 -0.638321
v -1.146750 0.367921 -0.553933
v -1.085535 0.314216 -0.469734
v -1.019801 0.278765 -0.388959
v -0.952075 0.262931 -0.314714
v -0.884960 0.267322 -0.249850
v -0.821034 0.291769 -0.196862
v -0.735944 0.361132 -0.142305
v -0.594324 0.509921 -0.065971
v -0.466032 0.670437 -0.007982
v -0.355998 0.836508 0.029431
v -0.268452 1.001754 0.044832
v -0.206757 1.159824 0.037629
v -0.173284 1.304643 0.008098
v -0.169319 1.430647 -0.042625
v -1.185455 0.432363 -0.656318
v -1.116074 0.357222 -0.589235
v -1.041000 0.298684 -0.520984
v -0.963119 0.258996 -0.454188
v -0.885424 0.239685 -0.391415
v -0.810901 0.241493 -0.335076
v -0.742413 0.264349 -0.287336
v -0.655783 0.333174 -0.234553
v -0.515703 0.482502 -0.156445
v -0.391973 0.644607 -0.093208
v -0.289347 0.813263 -0.047270
v -0.211770 0.981985 -0.020396
v -0.162221 1.144292 -0.013621
v -0.142607 1.293944 -0.027203
v -0.153681 1.425192 -0.060622
v -1.171956 0.430521 -0.676629
v -1.089594 0.353610 -0.629078
v -1.002557 0.293439 -0.578827
v -0.914191 0.252321 -0.527809
v -0.827891 0.231836 -0.477983
v -0.746973 0.232771 -0.431265
v -0.674548 0.255091 -0.389451
v -0.586589 0.323734 -0.338667
v -0.447838 0.473243 -0.258560
v -0.328046 0.635886 -0.189397
v -0.231814 0.805414 -0.133838
v -0.162842 0.975310 -0.094017
v -0.123779 1.139047 -0.071464
v -0.116128 1.290332 -0.067046
v -0.140181 1.423351 -0.080934
v -1.161115 0.432363 -0.698476
v -1.068329 0.357222 -0.671931
v -0.971685 0.298684 -0.641041
v -0.874898 0.258996 -0.606991
v -0.781687 0.239685 -0.571092
v -0.695634 0.241493 -0.534723
v -0.620047 0.264349 -0.499281
v -0.531020 0.333174 -0.450649
v -0.393337 0.482502 -0.368390
v -0.276707 0.644607 -0.292855
v -0.185610 0.813263 -0.226947
v -0.123548 0.981985 -0.173200
v -0.092907 1.144292 -0.133678
v -0.094862 1.293944 -0.109900
v -0.129340 1.425192 -0.102780
v -1.153349 0.437817 -0.721018
v -1.053095 0.367921 -0.716148
v -0.949569 0.314216 -0.705234
v -0.846749 0.278765 -0.688694
v -0.748588 0.262931 -0.667165
v -0.658856 0.267322 -0.641472
v -0.581004 0.291769 -0.612605
v -0.491212 0.361132 -0.566194
v -0.354294 0.509922 -0.481715
v -0.239929 0.670437 -0.399604
v -0.152511 0.836508 -0.323019
v -0.095400 1.001754 -0.254902
v -0.070791 1.159824 -0.197871
v -0.079629 1.304643 -0.154117
v -0.121574 1.430647 -0.125322
v -1.148956 0.446674 -0.743388
v -1.044478 0.385295 -0.760030
v -0.937059 0.339439 -0.768940
v -0.830827 0.310868 -0.769776
v -0.729865 0.300680 -0.762507
v -0.638053 0.309266 -0.747412
v -0.558919 0.336297 -0.725070
v -0.468695 0.406532 -0.680862
v -0.332209 0.554449 -0.594179
v -0.219126 0.712381 -0.505544
v -0.133788 0.874257 -0.418362
v -0.079478 1.033857 -0.335985
v -0.058281 1.185047 -0.261577
v -0.071012 1.322017 -0.197999
v -0.117181 1.439504 -0.147693
v -1.148105 0.458594 -0.764728
v -1.042809 0.408676 -0.801889
v -0.934636 0.373383 -0.829711
v -0.827743 0.354070 -0.847123
v -0.726239 0.351481 -0.853457
v -0.634024 0.365713 -0.848470
v -0.554642 0.396221 -0.832352
v -0.464334 0.467630 -0.790246
v -0.327932 0.614373 -0.701462
v -0.215096 0.768828 -0.606602
v -0.130162 0.925058 -0.509312
v -0.076394 1.077059 -0.413331
v -0.055858 1.218991 -0.322348
v -0.069343 1.345398 -0.239858
v -0.116331 1.451424 -0.169032
v -0.195016 1.532992 -0.112592
v -1.150829 0.473118 -0.784217
v -1.048152 0.437166 -0.840118
v -0.942393 0.414744 -0.885210
v -0.837616 0.406713 -0.917761
v -0.737849 0.413382 -0.936518
v -0.646924 0.434494 -0.940763
v -0.568336 0.469239 -0.930330
v -0.478296 0.542078 -0.890143
v -0.341627 0.687391 -0.799439
v -0.227996 0.837609 -0.698894
v -0.141772 0.986960 -0.592373
v -0.086267 1.129702 -0.483969
v -0.063615 1.260352 -0.377848
v -0.074686 1.373888 -0.278087
v -0.119055 1.465948 -0.188521
v -1.157023 0.489688 -0.801106
v -1.060302 0.469670 -0.873248
v -0.960032 0.461933 -0.933307
v -0.860067 0.466773 -0.978976
v -0.764247 0.484005 -1.008499
v -0.676257 0.512966 -1.020743
v -0.599476 0.552544 -1.015237
v -0.510046 0.627016 -0.976714
v -0.372766 0.770697 -0.884346
v -0.257329 0.916081 -0.778875
v -0.168171 1.057582 -0.664354
v -0.108718 1.189762 -0.545184
v -0.081254 1.307541 -0.425944
v -0.086836 1.406392 -0.311216
v -0.125249 1.482518 -0.205410
v -1.166450 0.507668 -0.814746
v -1.078793 0.504939 -0.900004
v -0.986876 0.513136 -0.972151
v -0.894232 0.531942 -1.028415
v -0.804422 0.560636 -1.066634
v -0.720896 0.598113 -1.085339
v -0.646864 0.642936 -1.083812
v -0.558363 0.719178 -1.046631
v -0.420155 0.861088 -0.952921
v -0.301968 1.001228 -0.843471
v -0.208345 1.134213 -0.722489
v -0.142883 1.254931 -0.594623
v -0.108098 1.358744 -0.464788
v -0.105326 1.441661 -0.337973
v -0.134675 1.500498 -0.219051
v -1.178746 0.526367 -0.824614
v -1.102912 0.541618 -0.919359
v -1.021892 0.566385 -1.000250
v -0.938799 0.599715 -1.064179
v -0.856826 0.640328 -1.108688
v -0.779125 0.686663 -1.132067
v -0.708680 0.736940 -1.133418
v -0.621390 0.815024 -1.097209
v -0.481970 0.955092 -1.002527
v -0.360197 1.089778 -0.890199
v -0.260750 1.213906 -0.764543
v -0.187450 1.322704 -0.630387
v -0.143114 1.411993 -0.492887
v -0.129445 1.478340 -0.357328
v -0.146971 1.519197 -0.228918
v -1.193439 0.545065 -0.830328
v -1.131734 0.578297 -0.930569
v -1.063735 0.619634 -1.016525
v -0.992055 0.667488 -1.084893
v -0.919449 0.720021 -1.133045
v -0.848707 0.775213 -1.159131
v -0.782548 0.830944 -1.162149
v -0.696705 0.910869 -1.126503
v -0.555838 1.049096 -1.031258
v -0.429779 1.178328 -0.917263
v -0.323372 1.293599 -0.788900
v -0.240705 1.390477 -0.651101
v -0.184956 1.465242 -0.509162
v -0.158267 1.515018 -0.368538
v -0.161664 1.537895 -0.234633
v -1.209964 0.563045 -0.831672
v -1.164150 0.613566 -0.933204
v -1.110796 0.670836 -1.020350
v -1.051953 0.732657 -1.089761
v -0.989882 0.796651 -1.138769
v -0.926968 0.860360 -1.165492
v -0.865629 0.921336 -1.168901
v -0.781414 1.003032 -1.133388
v -0.638920 1.139488 -1.038010
v -0.508040 1.263475 -0.923624
v -0.393805 1.370229 -0.794624
v -0.300604 1.455646 -0.655969
v -0.232018 1.516445 -0.512987
v -0.190684 1.550288 -0.371173
v -0.178190 1.555875 -0.235976
v -1.227688 0.579616 -0.828591
v -1.198916 0.646070 -0.927162
v -1.161268 0.718025 -1.011578
v -1.116191 0.792717 -1.078596
v -1.065418 0.867274 -1.125641
v -1.010900 0.938832 -1.150904
v -0.954731 1.004641 -1.153415
v -0.872261 1.087969 -1.117598
v -0.728022 1.222794 -1.022524
v -0.591972 1.341947 -0.909036
v -0.469342 1.440852 -0.781496
v -0.364842 1.515706 -0.644805
v -0.282490 1.563633 -0.504215
v -0.225450 1.582792 -0.365131
v -0.195913 1.572446 -0.232896
v -1.245928 0.594140 -0.821206
v -1.234695 0.674560 -0.912675
v -1.213211 0.759386 -0.990546
v -1.182302 0.845360 -1.051828
v -1.143156 0.929176 -1.094164
v -1.097278 1.007613 -1.115929
v -1.046429 1.077659 -1.116286
v -0.965756 1.162417 -1.079742
v -0.819720 1.295811 -0.985395
v -0.678350 1.410728 -0.874061
v -0.547080 1.502753 -0.750019
v -0.430953 1.568349 -0.618036
v -0.334433 1.604994 -0.483183
v -0.261229 1.611282 -0.350643
v -0.214153 1.586970 -0.225510
v -1.263983 0.606060 -0.809799
v -1.270112 0.697941 -0.890300
v -1.264628 0.793331 -0.958062
v -1.247744 0.888563 -1.010484
v -1.220108 0.979977 -1.045549
v -1.182782 1.064061 -1.061911
v -1.137200 1.137583 -1.058940
v -1.058305 1.223515 -1.021273
v -0.910490 1.355735 -0.928050
v -0.763854 1.467176 -0.820043
v -0.624031 1.553554 -0.701404
v -0.496395 1.611552 -0.576692
v -0.385850 1.638939 -0.450699
v -0.296646 1.634663 -0.328268
v -0.232209 1.598889 -0.214104
v -1.281160 0.614917 -0.794810
v -1.303806 0.715315 -0.860896
v -1.313545 0.818554 -0.915375
v -1.310003 0.920665 -0.956154
v -1.293316 1.017725 -0.981663
v -1.264126 1.106005 -0.990925
v -1.223555 1.182111 -0.983582
v -1.146351 1.268915 -0.944438
v -0.996845 1.400263 -0.852691
v -0.845199 1.509120 -0.749057
v -0.697239 1.591303 -0.637518
v -0.558654 1.643654 -0.522362
v -0.434767 1.664161 -0.408012
v -0.330340 1.652037 -0.298865
v -0.249386 1.607746 -0.199114
v -1.296799 0.620371 -0.776813
v -1.334482 0.726014 -0.825595
v -1.358080 0.834086 -0.864126
v -1.366685 0.940434 -0.890925
v -1.359967 1.040971 -0.904963
v -1.338185 1.131834 -0.905700
v -1.302175 1.209530 -0.893107
v -1.226512 1.296872 -0.852191
v -1.075466 1.427683 -0.762217
v -0.919258 1.534949 -0.663832
v -0.763891 1.614548 -0.560818
v -0.615336 1.663423 -0.457133
v -0.479302 1.679693 -0.356763
v -0.361016 1.662736 -0.263564
v -0.265024 1.613201 -0.181117
v -1.310298 0.622213 -0.756501
v -1.360962 0.729626 -0.785752
v -1.415613 0.947109 -0.817305
v -1.402113 1.140555 -0.809510
v -0.983185 1.543670 -0.567642
v -0.664264 1.670098 -0.383513
v -0.517744 1.684938 -0.298919
v -0.387495 1.666348 -0.223721
v -0.278523 1.615042 -0.160806
v 0.000000 0.839330 -1.612565
v 0.000000 1.048820 -1.636789
v 0.000000 1.218790 -1.581987
v 0.000000 1.306313 -1.496153
v 0.000000 1.436942 -1.320205
v 0.000000 1.622398 -0.948499
v -0.024340 0.620371 -1.511467
v -0.047745 0.726014 -1.568493
v -0.069315 0.834086 -1.608194
v -0.088221 0.940434 -1.629047
v -0.103737 1.040971 -1.630248
v -0.115266 1.131834 -1.611753
v -0.122366 1.209531 -1.574271
v -0.124763 1.296873 -1.488287
v -0.122366 1.427683 -1.312489
v -0.115266 1.534949 -1.128017
v -0.103737 1.614549 -0.941958
v -0.088221 1.663423 -0.761463
v -0.069315 1.679694 -0.593469
v -0.047745 1.662736 -0.444431
v -0.024340 1.613201 -0.320076
v -0.047745 0.614917 -1.506922
v -0.093655 0.715315 -1.559577
v -0.135966 0.818554 -1.595251
v -0.173052 0.920665 -1.612573
v -0.203487 1.017726 -1.610877
v -0.226103 1.106005 -1.590228
v -0.240030 1.182111 -1.551421
v -0.244732 1.268916 -1.464989
v -0.240030 1.400263 -1.289639
v -0.226103 1.509120 -1.106492
v -0.203487 1.591303 -0.922586
v -0.173052 1.643654 -0.744989
v -0.135966 1.664161 -0.580525
v -0.093655 1.652037 -0.435515
v -0.047745 1.607747 -0.315531
v -0.069315 0.606060 -1.499541
v -0.135966 0.697941 -1.545099
v -0.197392 0.793331 -1.574232
v -0.251232 0.888563 -1.585820
v -0.295418 0.979977 -1.579419
v -0.328251 1.064061 -1.555275
v -0.348469 1.137583 -1.514314
v -0.355296 1.223516 -1.427155
v -0.348469 1.355736 -1.252532
v -0.328251 1.467176 -1.071539
v -0.295418 1.553554 -0.891129
v -0.251232 1.611552 -0.718237
v -0.197392 1.638939 -0.559506
v -0.135966 1.634663 -0.421037
v -0.069315 1.598889 -0.308150
v -0.088221 0.594140 -1.489608
v -0.173052 0.674560 -1.525615
v -0.251232 0.759386 -1.545944
v -0.319758 0.845360 -1.549817
v -0.375996 0.929176 -1.537085
v -0.417784 1.007614 -1.508235
v -0.443517 1.077659 -1.464377
v -0.452206 1.162417 -1.376240
v -0.443517 1.295811 -1.202596
v -0.417784 1.410728 -1.024499
v -0.375996 1.502753 -0.848794
v -0.319758 1.568349 -0.682234
v -0.251232 1.604994 -0.531219
v -0.173052 1.611282 -0.401552
v -0.088221 1.586970 -0.298217
v -0.103737 0.579616 -1.477505
v -0.203487 0.646070 -1.501873
v -0.295418 0.718025 -1.511477
v -0.375996 0.792717 -1.505948
v -0.442124 0.867274 -1.485500
v -0.491262 0.938832 -1.450917
v -0.521521 1.004641 -1.403529
v -0.531738 1.087969 -1.314200
v -0.521521 1.222793 -1.141747
v -0.491262 1.341947 -0.967181
v -0.442124 1.440852 -0.797210
v -0.375996 1.515706 -0.638365
v -0.295418 1.563633 -0.496751
v -0.203488 1.582792 -0.377810
v -0.103737 1.572446 -0.286114
v 0.000000 0.521217 -1.439310
v -0.115266 0.563045 -1.463696
v -0.226103 0.613566 -1.474786
v -0.328251 0.670837 -1.472153
v -0.417784 0.732657 -1.455898
v -0.491262 0.796651 -1.426647
v -0.545861 0.860360 -1.385524
v -0.579483 0.921336 -1.334107
v -0.590836 1.003032 -1.243418
v -0.579483 1.139488 -1.072326
v -0.545861 1.263475 -0.901788
v -0.491262 1.370229 -0.738357
v -0.417784 1.455646 -0.588315
v -0.328251 1.516445 -0.457427
v -0.226103 1.550288 -0.350724
v -0.115266 1.555875 -0.272305
v -0.122366 0.545065 -1.448712
v -0.240030 0.578297 -1.445395
v -0.348469 0.619634 -1.429483
v -0.443517 0.667488 -1.401591
v -0.521521 0.720021 -1.362788
v -0.579483 0.775213 -1.314567
v -0.615176 0.830944 -1.258781
v -0.627228 0.910869 -1.166616
v -0.615176 1.049096 -0.996999
v -0.579483 1.178328 -0.830832
v -0.521521 1.293598 -0.674498
v -0.443517 1.390477 -0.534007
v -0.348469 1.465242 -0.414758
v -0.240030 1.515018 -0.321333
v -0.122366 1.537895 -0.257322
v -0.124763 0.526367 -1.433130
v -0.244732 0.541618 -1.414829
v -0.355296 0.566385 -1.385109
v -0.452206 0.599715 -1.345113
v -0.531738 0.640328 -1.296378
v -0.590836 0.686663 -1.240776
v -0.627228 0.736940 -1.180444
v -0.639516 0.815023 -1.086744
v -0.627228 0.955092 -0.918662
v -0.590836 1.089778 -0.757040
v -0.531738 1.213906 -0.608087
v -0.452206 1.322704 -0.477530
v -0.355296 1.411993 -0.370384
v -0.244732 1.478340 -0.290767
v -0.124763 1.519197 -0.241739
v -0.122366 0.507668 -1.417548
v -0.240030 0.504939 -1.384264
v -0.348469 0.513136 -1.340735
v -0.443517 0.531942 -1.288635
v -0.521521 0.560635 -1.229966
v -0.579483 0.598113 -1.166984
v -0.615176 0.642936 -1.102107
v -0.627228 0.719178 -1.006872
v -0.615176 0.861088 -0.840325
v -0.579483 1.001228 -0.683248
v -0.521521 1.134213 -0.541676
v -0.443517 1.254931 -0.421052
v -0.348469 1.358744 -0.326009
v -0.240030 1.441661 -0.260201
v -0.122366 1.500498 -0.226157
v -0.115266 0.489688 -1.402565
v -0.226103 0.469670 -1.354872
v -0.328251 0.461933 -1.298066
v -0.417784 0.466773 -1.234328
v -0.491262 0.484005 -1.166107
v -0.545861 0.512966 -1.096027
v -0.579483 0.552544 -1.026780
v -0.590836 0.627015 -0.930070
v -0.579483 0.770696 -0.764998
v -0.545861 0.916081 -0.612292
v -0.491262 1.057582 -0.477817
v -0.417784 1.189762 -0.366744
v -0.328251 1.307541 -0.283340
v -0.226103 1.406392 -0.230810
v -0.115266 1.482518 -0.211174
v -0.103737 0.473118 -1.388756
v -0.203487 0.437166 -1.327786
v -0.295418 0.414744 -1.258741
v -0.375996 0.406713 -1.184278
v -0.442124 0.413382 -1.107255
v -0.491262 0.434494 -1.030634
v -0.521521 0.469239 -0.957358
v -0.531738 0.542078 -0.859288
v -0.521521 0.687391 -0.695577
v -0.491262 0.837609 -0.546898
v -0.442124 0.986959 -0.418965
v -0.375996 1.129702 -0.316694
v -0.295418 1.260352 -0.244016
v -0.203488 1.373888 -0.203724
v -0.103737 1.465948 -0.197365
v -0.088221 0.458594 -1.376652
v -0.173052 0.408676 -1.304044
v -0.251232 0.373383 -1.224274
v -0.319758 0.354070 -1.140408
v -0.375996 0.351481 -1.055670
v -0.417784 0.365713 -0.973316
v -0.443517 0.396221 -0.896510
v -0.452206 0.467629 -0.797248
v -0.443517 0.614373 -0.634728
v -0.417784 0.768828 -0.489580
v -0.375996 0.925058 -0.367380
v -0.319758 1.077059 -0.272825
v -0.251232 1.218991 -0.209548
v -0.173052 1.345398 -0.179982
v -0.088221 1.451424 -0.185261
v -0.069315 0.446674 -1.366719
v -0.135966 0.385295 -1.284559
v -0.197392 0.339439 -1.195987
v -0.251232 0.310867 -1.104406
v -0.295418 0.300680 -1.013336
v -0.328251 0.309266 -0.926276
v -0.348469 0.336297 -0.846573
v -0.355296 0.406531 -0.746332
v -0.348469 0.554449 -0.584791
v -0.328251 0.712381 -0.442540
v -0.295418 0.874257 -0.325045
v -0.251232 1.033857 -0.236822
v -0.197392 1.185047 -0.181261
v -0.135966 1.322017 -0.160497
v -0.069315 1.439504 -0.175328
v -0.047745 0.437817 -1.359338
v -0.093655 0.367921 -1.270081
v -0.135966 0.314216 -1.174968
v -0.173052 0.278765 -1.077653
v -0.203487 0.262931 -0.981878
v -0.226103 0.267322 -0.891323
v -0.240030 0.291769 -0.809467
v -0.244732 0.361132 -0.708499
v -0.240030 0.509921 -0.547685
v -0.226103 0.670437 -0.407587
v -0.203487 0.836508 -0.293588
v -0.173052 1.001754 -0.210070
v -0.135966 1.159824 -0.160242
v -0.093655 1.304643 -0.146019
v -0.047745 1.430647 -0.167947
v -0.024340 0.432363 -1.354793
v -0.047745 0.357222 -1.261165
v -0.069315 0.298684 -1.162024
v -0.088221 0.258996 -1.061179
v -0.103737 0.239685 -0.962507
v -0.115266 0.241493 -0.869798
v -0.122366 0.264349 -0.786616
v -0.124763 0.333174 -0.685201
v -0.122366 0.482502 -0.524835
v -0.115266 0.644607 -0.386062
v -0.103737 0.813263 -0.274217
v -0.088221 0.981985 -0.193596
v -0.069315 1.144292 -0.147298
v -0.047745 1.293944 -0.137103
v -0.024340 1.425192 -0.163402
v 0.000000 0.430521 -1.353259
v 0.000000 0.353610 -1.258155
v 0.000000 0.293439 -1.157654
v 0.000000 0.252321 -1.055617
v 0.000000 0.231836 -0.955966
v 0.000000 0.232771 -0.862530
v 0.000000 0.255091 -0.778901
v 0.000000 0.323734 -0.677334
v 0.000000 0.473243 -0.517119
v 0.000000 0.635886 -0.378794
v 0.000000 0.805414 -0.267676
v 0.000000 0.975310 -0.188033
v 0.000000 1.139047 -0.142928
v 0.000000 1.290332 -0.134093
v 0.000000 1.423351 -0.161868
v 0.024340 0.432363 -1.354793
v 0.047745 0.357222 -1.261165
v 0.069315 0.298684 -1.162024
v 0.088221 0.258996 -1.061179
v 0.103737 0.239685 -0.962507
v 0.115267 0.241493 -0.869798
v 0.122366 0.264349 -0.786616
v 0.124764 0.333174 -0.685201
v 0.122366 0.482502 -0.524835
v 0.115266 0.644607 -0.386062
v 0.103737 0.813263 -0.274217
v 0.088221 0.981985 -0.193596
v 0.069315 1.144292 -0.147298
v 0.047745 1.293944 -0.137103
v 0.024340 1.425192 -0.163402
v 0.047745 0.437817 -1.359339
v 0.093655 0.367921 -1.270081
v 0.135966 0.314216 -1.174968
v 0.173052 0.278765 -1.077653
v 0.203488 0.262931 -0.981878
v 0.226103 0.267322 -0.891323
v 0.240030 0.291769 -0.809467
v 0.244733 0.361132 -0.708499
v 0.240030 0.509922 -0.547685
v 0.226103 0.670437 -0.407587
v 0.203488 0.836508 -0.293588
v 0.173052 1.001754 -0.210070
v 0.135966 1.159824 -0.160242
v 0.093655 1.304643 -0.146019
v 0.047745 1.430647 -0.167947
v 0.069315 0.446674 -1.366719
v 0.135966 0.385295 -1.284559
v 0.197392 0.339439 -1.195987
v 0.251233 0.310868 -1.104406
v 0.295418 0.300680 -1.013336
v 0.328251 0.309266 -0.926276
v 0.348470 0.336297 -0.846573
v 0.355296 0.406532 -0.746332
v 0.348469 0.554449 -0.584791
v 0.328251 0.712381 -0.442540
v 0.295418 0.874257 -0.325045
v 0.251232 1.033857 -0.236822
v 0.197392 1.185047 -0.181261
v 0.135966 1.322017 -0.160497
v 0.069315 1.439504 -0.175328
v 0.088221 0.458594 -1.376652
v 0.173052 0.408676 -1.304044
v 0.251233 0.373383 -1.224274
v 0.319758 0.354070 -1.140408
v 0.375996 0.351481 -1.055670
v 0.417784 0.365713 -0.973316
v 0.443518 0.396221 -0.896510
v 0.452206 0.467630 -0.797248
v 0.443517 0.614373 -0.634728
v 0.417784 0.768828 -0.489580
v 0.375996 0.925058 -0.367380
v 0.319758 1.077059 -0.272825
v 0.251232 1.218991 -0.209548
v 0.173052 1.345398 -0.179982
v 0.088221 1.451424 -0.185262
v 0.000000 1.532992 -0.225185
v 0.103737 0.473118 -1.388756
v 0.203488 0.437166 -1.327786
v 0.295418 0.414744 -1.258742
v 0.375996 0.406713 -1.184277
v 0.442124 0.413382 -1.107255
v 0.491262 0.434494 -1.030634
v 0.521521 0.469239 -0.957359
v 0.531738 0.542078 -0.859288
v 0.521521 0.687391 -0.695577
v 0.491262 0.837609 -0.546898
v 0.442124 0.986960 -0.418965
v 0.375996 1.129702 -0.316694
v 0.295418 1.260352 -0.244016
v 0.203488 1.373888 -0.203723
v 0.103737 1.465948 -0.197365
v 0.115267 0.489688 -1.402565
v 0.226103 0.469670 -1.354872
v 0.328251 0.461933 -1.298066
v 0.417784 0.466773 -1.234327
v 0.491262 0.484005 -1.166107
v 0.545861 0.512966 -1.096027
v 0.579483 0.552544 -1.026780
v 0.590836 0.627016 -0.930070
v 0.579483 0.770697 -0.764998
v 0.545861 0.916081 -0.612291
v 0.491262 1.057582 -0.477817
v 0.417784 1.189762 -0.366744
v 0.328251 1.307541 -0.283340
v 0.226103 1.406392 -0.230810
v 0.115266 1.482518 -0.211174
v 0.122366 0.507668 -1.417548
v 0.240030 0.504939 -1.384264
v 0.348469 0.513136 -1.340735
v 0.443518 0.531942 -1.288635
v 0.521521 0.560636 -1.229966
v 0.579483 0.598113 -1.166983
v 0.615176 0.642936 -1.102107
v 0.627228 0.719178 -1.006872
v 0.615176 0.861088 -0.840325
v 0.579483 1.001228 -0.683247
v 0.521521 1.134213 -0.541676
v 0.443517 1.254931 -0.421052
v 0.348469 1.358744 -0.326009
v 0.240030 1.441661 -0.260201
v 0.122366 1.500498 -0.226157
v 0.124764 0.526367 -1.433130
v 0.244732 0.541618 -1.414829
v 0.355296 0.566385 -1.385109
v 0.452207 0.599715 -1.345113
v 0.531739 0.640328 -1.296377
v 0.590836 0.686663 -1.240775
v 0.627228 0.736940 -1.180444
v 0.639516 0.815024 -1.086744
v 0.627228 0.955092 -0.918662
v 0.590836 1.089778 -0.757039
v 0.531738 1.213906 -0.608087
v 0.452206 1.322704 -0.477530
v 0.355296 1.411993 -0.370384
v 0.244732 1.478340 -0.290767
v 0.124763 1.519197 -0.241739
v 0.122366 0.545065 -1.448712
v 0.240030 0.578297 -1.445395
v 0.348469 0.619634 -1.429484
v 0.443518 0.667488 -1.401591
v 0.521521 0.720021 -1.362788
v 0.579483 0.775213 -1.314567
v 0.615176 0.830944 -1.258781
v 0.627228 0.910869 -1.166616
v 0.615176 1.049096 -0.996999
v 0.579483 1.178328 -0.830831
v 0.521521 1.293599 -0.674498
v 0.443517 1.390477 -0.534007
v 0.348469 1.465242 -0.414758
v 0.240030 1.515018 -0.321333
v 0.122366 1.537895 -0.257322
v 0.115267 0.563045 -1.463696
v 0.226103 0.613566 -1.474786
v 0.328251 0.670836 -1.472153
v 0.417784 0.732657 -1.455898
v 0.491262 0.796651 -1.426647
v 0.545861 0.860360 -1.385523
v 0.579483 0.921336 -1.334107
v 0.590836 1.003032 -1.243418
v 0.579483 1.139488 -1.072326
v 0.545861 1.263475 -0.901787
v 0.491262 1.370229 -0.738357
v 0.417784 1.455646 -0.588315
v 0.328251 1.516445 -0.457427
v 0.226103 1.550288 -0.350724
v 0.115266 1.555875 -0.272305
v 0.103737 0.579616 -1.477505
v 0.203488 0.646070 -1.501873
v 0.295418 0.718025 -1.511477
v 0.375996 0.792717 -1.505948
v 0.442124 0.867274 -1.485500
v 0.491262 0.938832 -1.450917
v 0.521521 1.004641 -1.403529
v 0.531738 1.087969 -1.314199
v 0.521521 1.222794 -1.141747
v 0.491262 1.341947 -0.967181
v 0.442124 1.440852 -0.797210
v 0.375996 1.515706 -0.638365
v 0.295418 1.563633 -0.496751
v 0.203487 1.582792 -0.377810
v 0.103737 1.572446 -0.286114
v 0.088221 0.594140 -1.489608
v 0.173052 0.674560 -1.525615
v 0.251232 0.759386 -1.545944
v 0.319758 0.845360 -1.549817
v 0.375996 0.929176 -1.537084
v 0.417784 1.007613 -1.508235
v 0.443517 1.077659 -1.464377
v 0.452206 1.162417 -1.376240
v 0.443517 1.295811 -1.202595
v 0.417784 1.410728 -1.024499
v 0.375996 1.502753 -0.848794
v 0.319758 1.568349 -0.682234
v 0.251232 1.604994 -0.531219
v 0.173052 1.611282 -0.401552
v 0.088221 1.586970 -0.298217
v 0.069315 0.606060 -1.499541
v 0.135966 0.697941 -1.545099
v 0.197392 0.793331 -1.574232
v 0.251233 0.888563 -1.585820
v 0.295418 0.979977 -1.579419
v 0.328251 1.064061 -1.555275
v 0.348469 1.137583 -1.514314
v 0.355296 1.223515 -1.427155
v 0.348469 1.355735 -1.252532
v 0.328251 1.467176 -1.071539
v 0.295418 1.553554 -0.891129
v 0.251232 1.611552 -0.718237
v 0.197392 1.638939 -0.559506
v 0.135966 1.634663 -0.421037
v 0.069315 1.598889 -0.308150
v 0.047745 0.614917 -1.506922
v 0.093655 0.715315 -1.559577
v 0.135966 0.818554 -1.595251
v 0.173052 0.920665 -1.612573
v 0.203487 1.017725 -1.610876
v 0.226103 1.106005 -1.590228
v 0.240030 1.182111 -1.551421
v 0.244732 1.268915 -1.464988
v 0.240030 1.400263 -1.289639
v 0.226103 1.509120 -1.106492
v 0.203487 1.591303 -0.922586
v 0.173052 1.643654 -0.744989
v 0.135966 1.664161 -0.580525
v 0.093655 1.652037 -0.435515
v 0.047745 1.607746 -0.315531
v 0.024340 0.620371 -1.511467
v 0.047745 0.726014 -1.568493
v 0.069315 0.834086 -1.608194
v 0.088221 0.940434 -1.629046
v 0.103737 1.040971 -1.630248
v 0.115267 1.131834 -1.611752
v 0.122366 1.209530 -1.574270
v 0.124763 1.296872 -1.488286
v 0.122366 1.427683 -1.312489
v 0.115266 1.534949 -1.128017
v 0.103737 1.614548 -0.941958
v 0.088221 1.663423 -0.761463
v 0.069315 1.679693 -0.593469
v 0.047745 1.662736 -0.444431
v 0.024340 1.613201 -0.320076
v 0.000000 0.622213 -1.513002
v 0.000000 0.729626 -1.571503
v 0.000000 0.947109 -1.634609
v 0.000000 1.140555 -1.619020
v 0.000000 1.543670 -1.135284
v 0.000000 1.670098 -0.767026
v -0.000000 1.684938 -0.597839
v 0.000000 1.666348 -0.447441
v 0.000000 1.615042 -0.321611
v 1.396522 0.839330 -0.806282
v 1.417501 1.048820 -0.818394
v 1.370041 1.218790 -0.790993
v 1.295707 1.306313 -0.748076
v 1.143331 1.436942 -0.660102
v 0.821424 1.622398 -0.474249
v 1.296799 0.620371 -0.776813
v 1.334482 0.726014 -0.825595
v 1.358080 0.834086 -0.864125
v 1.366685 0.940434 -0.890925
v 1.359968 1.040971 -0.904963
v 1.338186 1.131834 -0.905700
v 1.302176 1.209531 -0.893107
v 1.226513 1.296873 -0.852191
v 1.075466 1.427683 -0.762217
v 0.919258 1.534949 -0.663832
v 0.763891 1.614549 -0.560818
v 0.615336 1.663423 -0.457133
v 0.479302 1.679694 -0.356763
v 0.361016 1.662736 -0.263564
v 0.265024 1.613201 -0.181117
v 1.281161 0.614917 -0.794809
v 1.303806 0.715315 -0.860896
v 1.313545 0.818554 -0.915375
v 1.310003 0.920665 -0.956154
v 1.293316 1.017726 -0.981663
v 1.264127 1.106005 -0.990925
v 1.223555 1.182111 -0.983582
v 1.146352 1.268916 -0.944439
v 0.996845 1.400263 -0.852691
v 0.845199 1.509120 -0.749057
v 0.697240 1.591303 -0.637518
v 0.558654 1.643654 -0.522362
v 0.434767 1.664161 -0.408013
v 0.330340 1.652037 -0.298865
v 0.249386 1.607747 -0.199114
v 1.263984 0.606060 -0.809799
v 1.270112 0.697941 -0.890299
v 1.264629 0.793331 -0.958062
v 1.247745 0.888563 -1.010484
v 1.220108 0.979977 -1.045549
v 1.182782 1.064061 -1.061911
v 1.137200 1.137583 -1.058940
v 1.058305 1.223516 -1.021273
v 0.910490 1.355736 -0.928050
v 0.763854 1.467176 -0.820043
v 0.624031 1.553554 -0.701404
v 0.496395 1.611552 -0.576692
v 0.385850 1.638939 -0.450700
v 0.296646 1.634663 -0.328268
v 0.232209 1.598889 -0.214104
v 1.245928 0.594140 -0.821206
v 1.234695 0.674560 -0.912674
v 1.213211 0.759386 -0.990546
v 1.182302 0.845360 -1.051827
v 1.143157 0.929176 -1.094164
v 1.097278 1.007614 -1.115929
v 1.046429 1.077659 -1.116286
v 0.965756 1.162417 -1.079742
v 0.819720 1.295811 -0.985395
v 0.678350 1.410728 -0.874061
v 0.547080 1.502753 -0.750019
v 0.430953 1.568349 -0.618036
v 0.334433 1.604994 -0.483183
v 0.261229 1.611282 -0.350644
v 0.214153 1.586970 -0.225510
v 1.227688 0.579616 -0.828591
v 1.198916 0.646070 -0.927162
v 1.161268 0.718025 -1.011578
v 1.116192 0.792717 -1.078596
v 1.065418 0.867274 -1.125641
v 1.010900 0.938832 -1.150904
v 0.954731 1.004641 -1.153415
v 0.872261 1.087969 -1.117599
v 0.728021 1.222793 -1.022524
v 0.591972 1.341947 -0.909036
v 0.469342 1.440852 -0.781496
v 0.364843 1.515706 -0.644804
v 0.282490 1.563633 -0.504215
v 0.225450 1.582792 -0.365131
v 0.195913 1.572446 -0.232896
v 1.246479 0.521217 -0.719655
v 1.209965 0.563045 -0.831671
v 1.164150 0.613566 -0.933204
v 1.110796 0.670837 -1.020350
v 1.051953 0.732657 -1.089761
v 0.989882 0.796651 -1.138769
v 0.926968 0.860360 -1.165491
v 0.865629 0.921336 -1.168901
v 0.781414 1.003032 -1.133388
v 0.638920 1.139488 -1.038010
v 0.508040 1.263475 -0.923624
v 0.393805 1.370229 -0.794624
v 0.300604 1.455646 -0.655969
v 0.232018 1.516445 -0.512987
v 0.190684 1.550288 -0.371173
v 0.178190 1.555875 -0.235976
v 1.193439 0.545065 -0.830328
v 1.131734 0.578297 -0.930569
v 1.063735 0.619634 -1.016525
v 0.992055 0.667488 -1.084893
v 0.919449 0.720021 -1.133045
v 0.848707 0.775213 -1.159131
v 0.782548 0.830944 -1.162149
v 0.696705 0.910869 -1.126503
v 0.555838 1.049096 -1.031258
v 0.429780 1.178328 -0.917263
v 0.323372 1.293598 -0.788900
v 0.240705 1.390477 -0.651101
v 0.184956 1.465242 -0.509162
v 0.158267 1.515018 -0.368538
v 0.161664 1.537895 -0.234633
v 1.178746 0.526367 -0.824613
v 1.102912 0.541618 -0.919359
v 1.021892 0.566385 -1.000250
v 0.938799 0.599715 -1.064178
v 0.856827 0.640328 -1.108688
v 0.779125 0.686663 -1.132067
v 0.708680 0.736940 -1.133417
v 0.621390 0.815023 -1.097209
v 0.481970 0.955092 -1.002527
v 0.360197 1.089778 -0.890199
v 0.260750 1.213906 -0.764543
v 0.187450 1.322704 -0.630387
v 0.143113 1.411993 -0.492887
v 0.129445 1.478340 -0.357328
v 0.146971 1.519197 -0.228918
v 1.166450 0.507668 -0.814746
v 1.078793 0.504939 -0.900004
v 0.986876 0.513136 -0.972150
v 0.894232 0.531942 -1.028415
v 0.804422 0.560635 -1.066634
v 0.720896 0.598113 -1.085339
v 0.646864 0.642936 -1.083811
v 0.558363 0.719178 -1.046631
v 0.420155 0.861088 -0.952921
v 0.301968 1.001228 -0.843471
v 0.208345 1.134213 -0.722489
v 0.142883 1.254931 -0.594623
v 0.108098 1.358744 -0.464788
v 0.105326 1.441661 -0.337973
v 0.134675 1.500498 -0.219051
v 1.157024 0.489688 -0.801106
v 1.060303 0.469670 -0.873247
v 0.960033 0.461933 -0.933306
v 0.860067 0.466773 -0.978975
v 0.764248 0.484005 -1.008499
v 0.676257 0.512966 -1.020743
v 0.599476 0.552544 -1.015237
v 0.510046 0.627015 -0.976714
v 0.372766 0.770696 -0.884346
v 0.257329 0.916081 -0.778876
v 0.168171 1.057582 -0.664354
v 0.108718 1.189762 -0.545184
v 0.081254 1.307541 -0.425944
v 0.086836 1.406392 -0.311216
v 0.125249 1.482518 -0.205410
v 1.150830 0.473118 -0.784217
v 1.048153 0.437166 -0.840118
v 0.942393 0.414744 -0.885210
v 0.837617 0.406713 -0.917760
v 0.737849 0.413382 -0.936518
v 0.646924 0.434494 -0.940763
v 0.568336 0.469239 -0.930330
v 0.478296 0.542078 -0.890143
v 0.341627 0.687391 -0.799439
v 0.227996 0.837609 -0.698895
v 0.141772 0.986959 -0.592373
v 0.086267 1.129702 -0.483969
v 0.063615 1.260352 -0.377847
v 0.074686 1.373888 -0.278087
v 0.119055 1.465948 -0.188521
v 1.148106 0.458594 -0.764728
v 1.042809 0.408676 -0.801889
v 0.934636 0.373383 -0.829710
v 0.827743 0.354070 -0.847123
v 0.726239 0.351481 -0.853457
v 0.634024 0.365713 -0.848470
v 0.554642 0.396221 -0.832352
v 0.464334 0.467629 -0.790246
v 0.327932 0.614373 -0.701461
v 0.215097 0.768828 -0.606602
v 0.130163 0.925058 -0.509312
v 0.076394 1.077059 -0.413331
v 0.055858 1.218991 -0.322348
v 0.069343 1.345398 -0.239858
v 0.116331 1.451424 -0.169032
v 1.148956 0.446674 -0.743388
v 1.044478 0.385295 -0.760029
v 0.937059 0.339439 -0.768940
v 0.830827 0.310867 -0.769776
v 0.729865 0.300680 -0.762507
v 0.638053 0.309266 -0.747412
v 0.558919 0.336297 -0.725070
v 0.468695 0.406531 -0.680861
v 0.332210 0.554449 -0.594179
v 0.219126 0.712381 -0.505544
v 0.133789 0.874257 -0.418362
v 0.079478 1.033857 -0.335985
v 0.058281 1.185047 -0.261577
v 0.071012 1.322017 -0.197999
v 0.117181 1.439504 -0.147693
v 1.153349 0.437817 -0.721017
v 1.053095 0.367921 -0.716148
v 0.949569 0.314216 -0.705234
v 0.846749 0.278765 -0.688694
v 0.748588 0.262931 -0.667164
v 0.658857 0.267322 -0.641472
v 0.581004 0.291769 -0.612605
v 0.491212 0.361132 -0.566194
v 0.354294 0.509921 -0.481714
v 0.239929 0.670437 -0.399604
v 0.152511 0.836508 -0.323019
v 0.095400 1.001754 -0.254902
v 0.070791 1.159824 -0.197871
v 0.079629 1.304643 -0.154117
v 0.121574 1.430647 -0.125322
v 1.161115 0.432363 -0.698476
v 1.068329 0.357222 -0.671931
v 0.971685 0.298684 -0.641040
v 0.874898 0.258996 -0.606991
v 0.781687 0.239685 -0.571092
v 0.695634 0.241493 -0.534723
v 0.620047 0.264349 -0.499280
v 0.531020 0.333174 -0.450649
v 0.393337 0.482502 -0.368389
v 0.276707 0.644607 -0.292855
v 0.185610 0.813263 -0.226947
v 0.123548 0.981985 -0.173200
v 0.092907 1.144292 -0.133678
v 0.094862 1.293944 -0.109900
v 0.129340 1.425192 -0.102780
v 1.171956 0.430521 -0.676629
v 1.089594 0.353610 -0.629077
v 1.002558 0.293439 -0.578827
v 0.914191 0.252321 -0.527808
v 0.827891 0.231836 -0.477983
v 0.746973 0.232771 -0.431265
v 0.674548 0.255091 -0.389450
v 0.586589 0.323734 -0.338667
v 0.447838 0.473243 -0.258559
v 0.328046 0.635886 -0.189397
v 0.231814 0.805414 -0.133838
v 0.162842 0.975310 -0.094017
v 0.123779 1.139047 -0.071464
v 0.116128 1.290332 -0.067046
v 0.140181 1.423351 -0.080934
v 1.185456 0.432363 -0.656317
v 1.116074 0.357222 -0.589234
v 1.041000 0.298684 -0.520983
v 0.963119 0.258996 -0.454188
v 0.885424 0.239685 -0.391414
v 0.810901 0.241493 -0.335075
v 0.742413 0.264349 -0.287336
v 0.655784 0.333174 -0.234552
v 0.515703 0.482502 -0.156445
v 0.391973 0.644607 -0.093207
v 0.289347 0.813263 -0.047269
v 0.211770 0.981985 -0.020396
v 0.162222 1.144292 -0.013621
v 0.142607 1.293944 -0.027203
v 0.153681 1.425192 -0.060622
v 1.201094 0.437817 -0.638321
v 1.146750 0.367921 -0.553933
v 1.085535 0.314216 -0.469734
v 1.019801 0.278765 -0.388959
v 0.952075 0.262931 -0.314714
v 0.884960 0.267322 -0.249850
v 0.821034 0.291769 -0.196861
v 0.735944 0.361132 -0.142305
v 0.594324 0.509922 -0.065970
v 0.466032 0.670437 -0.007982
v 0.355998 0.836508 0.029431
v 0.268452 1.001754 0.044832
v 0.206757 1.159824 0.037629
v 0.173284 1.304643 0.008098
v 0.169319 1.430647 -0.042625
v 1.218271 0.446674 -0.623331
v 1.180444 0.385295 -0.524529
v 1.134451 0.339439 -0.427047
v 1.082060 0.310868 -0.334629
v 1.025283 0.300680 -0.250828
v 0.966304 0.309266 -0.178864
v 0.907389 0.336297 -0.121503
v 0.823991 0.406532 -0.065470
v 0.680679 0.554449 0.009388
v 0.547377 0.712381 0.063004
v 0.429207 0.874257 0.093317
v 0.330710 1.033857 0.099163
v 0.255673 1.185047 0.080316
v 0.206978 1.322017 0.037501
v 0.186496 1.439504 -0.027636
v 1.236327 0.458594 -0.611924
v 1.215861 0.408676 -0.502154
v 1.185868 0.373383 -0.394563
v 1.147502 0.354070 -0.293285
v 1.102235 0.351481 -0.202213
v 1.051808 0.365713 -0.124846
v 0.998159 0.396221 -0.064158
v 0.916540 0.467630 -0.007002
v 0.771450 0.614373 0.066733
v 0.632881 0.768828 0.117022
v 0.506158 0.925058 0.141932
v 0.396152 1.077059 0.140506
v 0.307090 1.218991 0.112800
v 0.242395 1.345398 0.059877
v 0.204552 1.451424 -0.016229
v 0.195016 1.532992 -0.112592
v 1.254567 0.473118 -0.604539
v 1.251640 0.437166 -0.487667
v 1.237811 0.414744 -0.373531
v 1.213612 0.406713 -0.266516
v 1.179973 0.413382 -0.170736
v 1.138186 0.434494 -0.089871
v 1.089858 0.469239 -0.027029
v 1.010035 0.542078 0.030855
v 0.863148 0.687391 0.103862
v 0.719258 0.837609 0.151997
v 0.583896 0.986960 0.173409
v 0.462263 1.129702 0.167275
v 0.359033 1.260352 0.133831
v 0.278173 1.373888 0.074364
v 0.222792 1.465948 -0.008844
v 1.272290 0.489688 -0.601458
v 1.286406 0.469670 -0.481625
v 1.288283 0.461933 -0.364759
v 1.277851 0.466773 -0.255352
v 1.255510 0.484005 -0.157608
v 1.222118 0.512966 -0.075284
v 1.178959 0.552544 -0.011543
v 1.100882 0.627016 0.046644
v 0.952250 0.770697 0.119348
v 0.803191 0.916081 0.166584
v 0.659433 1.057582 0.186537
v 0.526502 1.189762 0.178440
v 0.409505 1.307541 0.142604
v 0.312939 1.406392 0.080406
v 0.240515 1.482518 -0.005763
v 1.288816 0.507668 -0.602802
v 1.318822 0.504939 -0.484260
v 1.335345 0.513136 -0.368584
v 1.337749 0.531942 -0.260220
v 1.325943 0.560636 -0.163333
v 1.300379 0.598113 -0.081644
v 1.262040 0.642936 -0.018295
v 1.185591 0.719178 0.039759
v 1.035331 0.861088 0.112596
v 0.881451 1.001228 0.160224
v 0.729866 1.134213 0.180813
v 0.586400 1.254931 0.173572
v 0.456567 1.358744 0.138779
v 0.345356 1.441661 0.077771
v 0.257041 1.500498 -0.007106
v 1.303509 0.526367 -0.608517
v 1.347644 0.541618 -0.495470
v 1.377188 0.566385 -0.384859
v 1.391005 0.599715 -0.280934
v 1.388565 0.640328 -0.187689
v 1.369961 0.686663 -0.108708
v 1.335909 0.736940 -0.047026
v 1.260906 0.815024 0.010465
v 1.109199 0.955092 0.083865
v 0.951033 1.089778 0.133159
v 0.792488 1.213906 0.156455
v 0.639656 1.322704 0.152858
v 0.498410 1.411993 0.122504
v 0.374178 1.478340 0.066561
v 0.271734 1.519197 -0.012821
v 1.315805 0.545065 -0.618384
v 1.371763 0.578297 -0.514825
v 1.412204 0.619634 -0.412958
v 1.435572 0.667488 -0.316698
v 1.440970 0.720021 -0.229743
v 1.428190 0.775213 -0.155436
v 1.397724 0.830944 -0.096632
v 1.323933 0.910869 -0.040113
v 1.171015 1.049096 0.034259
v 1.009263 1.178328 0.086432
v 0.844893 1.293599 0.114401
v 0.684223 1.390477 0.117094
v 0.533426 1.465242 0.094404
v 0.398297 1.515018 0.047206
v 0.284030 1.537895 -0.022689
v 1.325231 0.563045 -0.632024
v 1.390254 0.613566 -0.541582
v 1.439047 0.670836 -0.451803
v 1.469737 0.732657 -0.366137
v 1.481144 0.796651 -0.287878
v 1.472829 0.860360 -0.220032
v 1.445113 0.921336 -0.165206
v 1.372249 1.003032 -0.110030
v 1.218403 1.139488 -0.034316
v 1.053901 1.263475 0.021836
v 0.885067 1.370229 0.056267
v 0.718388 1.455646 0.067654
v 0.560269 1.516445 0.055560
v 0.416787 1.550288 0.020449
v 0.293456 1.555875 -0.036329
v 1.331425 0.579616 -0.648913
v 1.402404 0.646070 -0.574711
v 1.456686 0.718025 -0.499899
v 1.492187 0.792717 -0.427352
v 1.507543 0.867274 -0.359859
v 1.502162 0.938832 -0.300013
v 1.476252 1.004641 -0.250114
v 1.403999 1.087969 -0.196601
v 1.249543 1.222794 -0.119223
v 1.083235 1.341947 -0.058145
v 0.911466 1.440852 -0.015714
v 0.740838 1.515706 0.006440
v 0.577908 1.563633 0.007464
v 0.428937 1.582792 -0.012680
v 0.299650 1.572446 -0.053218
v 1.334149 0.594140 -0.668402
v 1.407747 0.674560 -0.612940
v 1.464443 0.759386 -0.555399
v 1.502061 0.845360 -0.497990
v 1.519152 0.929176 -0.442920
v 1.515062 1.007613 -0.392305
v 1.489946 1.077659 -0.348091
v 1.417962 1.162417 -0.296498
v 1.263237 1.295811 -0.217200
v 1.096134 1.410728 -0.150438
v 0.923075 1.502753 -0.098775
v 0.750711 1.568349 -0.064198
v 0.585665 1.604994 -0.048036
v 0.434280 1.611282 -0.050909
v 0.302374 1.586970 -0.072707
v 1.333298 0.606060 -0.689742
v 1.406078 0.697941 -0.654799
v 1.462021 0.793331 -0.616169
v 1.498977 0.888563 -0.575336
v 1.515526 0.979977 -0.533870
v 1.511033 1.064061 -0.493363
v 1.485669 1.137583 -0.455374
v 1.413600 1.223515 -0.405882
v 1.258960 1.355735 -0.324483
v 1.092105 1.467176 -0.251495
v 0.919449 1.553554 -0.189725
v 0.747628 1.611552 -0.141545
v 0.583242 1.638939 -0.108807
v 0.432612 1.634663 -0.092768
v 0.301523 1.598889 -0.094047
v 1.328906 0.614917 -0.712113
v 1.397461 0.715315 -0.698681
v 1.449511 0.818554 -0.679875
v 1.483055 0.920665 -0.656419
v 1.496804 1.017725 -0.629213
v 1.490230 1.106005 -0.599303
v 1.463585 1.182111 -0.567838
v 1.391083 1.268915 -0.520550
v 1.236875 1.400263 -0.436948
v 1.071302 1.509120 -0.357435
v 0.900727 1.591303 -0.285068
v 0.731705 1.643654 -0.222627
v 0.570732 1.664161 -0.172513
v 0.423995 1.652037 -0.136650
v 0.297131 1.607746 -0.116417
v 1.321139 0.620371 -0.734654
v 1.382227 0.726014 -0.742898
v 1.427395 0.834086 -0.744069
v 1.454906 0.940434 -0.738121
v 1.463704 1.040971 -0.725285
v 1.453452 1.131834 -0.706052
v 1.424541 1.209530 -0.681163
v 1.351275 1.296872 -0.636095
v 1.197832 1.427683 -0.550272
v 1.034524 1.534949 -0.464184
v 0.867628 1.614548 -0.381140
v 0.703557 1.663423 -0.304330
v 0.548616 1.679693 -0.236706
v 0.408761 1.662736 -0.180867
v 0.289364 1.613201 -0.138959
v 1.310299 0.622213 -0.756501
v 1.360962 0.729626 -0.785751
v 1.415613 0.947109 -0.817304
v 1.402113 1.140555 -0.809510
v 0.983185 1.543670 -0.567642
v 0.664264 1.670098 -0.383513
v 0.517744 1.684938 -0.298920
v 0.387495 1.666348 -0.223721
v 0.278523 1.615042 -0.160806
v 1.396522 0.839330 0.806283
v 1.417501 1.048820 0.818395
v 1.370040 1.218790 0.790994
v 1.295707 1.306313 0.748077
v 1.143331 1.436942 0.660103
v 0.821424 1.622398 0.474250
v 1.321139 0.620371 0.734655
v 1.382227 0.726014 0.742899
v 1.427394 0.834086 0.744069
v 1.454906 0.940434 0.738122
v 1.463705 1.040971 0.725286
v 1.453452 1.131834 0.706053
v 1.424541 1.209531 0.681163
v 1.351276 1.296873 0.636095
v 1.197832 1.427683 0.550273
v 1.034524 1.534949 0.464185
v 0.867628 1.614549 0.381140
v 0.703557 1.663423 0.304330
v 0.548617 1.679694 0.236706
v 0.408761 1.662736 0.180867
v 0.289364 1.613201 0.138959
v 1.328905 0.614917 0.712113
v 1.397461 0.715315 0.698681
v 1.449510 0.818554 0.679876
v 1.483055 0.920665 0.656419
v 1.496804 1.017726 0.629213
v 1.490230 1.106005 0.599303
v 1.463585 1.182111 0.567839
v 1.391084 1.268916 0.520550
v 1.236875 1.400263 0.436948
v 1.071302 1.509120 0.357435
v 0.900727 1.591303 0.285068
v 0.731705 1.643654 0.222627
v 0.570733 1.664161 0.172513
v 0.423995 1.652037 0.136650
v 0.297131 1.607747 0.116417
v 1.333298 0.606060 0.689743
v 1.406078 0.697941 0.654800
v 1.462021 0.793331 0.616170
v 1.498977 0.888563 0.575337
v 1.515526 0.979977 0.533870
v 1.511033 1.064061 0.493364
v 1.485669 1.137583 0.455374
v 1.413601 1.223516 0.405882
v 1.258960 1.355736 0.324483
v 1.092105 1.467176 0.251496
v 0.919449 1.553554 0.189725
v 0.747628 1.611552 0.141545
v 0.583242 1.638939 0.108807
v 0.432612 1.634663 0.092768
v 0.301523 1.598889 0.094047
v 1.334149 0.594140 0.668403
v 1.407747 0.674560 0.612940
v 1.464443 0.759386 0.555399
v 1.502061 0.845360 0.497990
v 1.519152 0.929176 0.442921
v 1.515062 1.007614 0.392306
v 1.489947 1.077659 0.348092
v 1.417962 1.162417 0.296498
v 1.263237 1.295811 0.217201
v 1.096134 1.410728 0.150438
v 0.923075 1.502753 0.098775
v 0.750711 1.568349 0.064199
v 0.585665 1.604994 0.048036
v 0.434281 1.611282 0.050909
v 0.302374 1.586970 0.072707
v 1.331425 0.579616 0.648914
v 1.402404 0.646070 0.574711
v 1.456686 0.718025 0.499899
v 1.492187 0.792717 0.427353
v 1.507543 0.867274 0.359859
v 1.502162 0.938832 0.300013
v 1.476252 1.004641 0.250114
v 1.403999 1.087969 0.196601
v 1.249543 1.222793 0.119223
v 1.083235 1.341947 0.058145
v 0.911466 1.440852 0.015714
v 0.740838 1.515706 -0.006439
v 0.577908 1.563633 -0.007464
v 0.428937 1.582792 0.012680
v 0.299650 1.572446 0.053218
v 1.246479 0.521217 0.719655
v 1.325231 0.563045 0.632025
v 1.390253 0.613566 0.541582
v 1.439047 0.670837 0.451803
v 1.469737 0.732657 0.366138
v 1.481144 0.796651 0.287878
v 1.472829 0.860360 0.220032
v 1.445113 0.921336 0.165207
v 1.372250 1.003032 0.110030
v 1.218403 1.139488 0.034316
v 1.053902 1.263475 -0.021836
v 0.885067 1.370229 -0.056267
v 0.718388 1.455646 -0.067654
v 0.560269 1.516445 -0.055560
v 0.416787 1.550288 -0.020449
v 0.293456 1.555875 0.036329
v 1.315805 0.545065 0.618384
v 1.371763 0.578297 0.514826
v 1.412204 0.619634 0.412959
v 1.435572 0.667488 0.316698
v 1.440970 0.720021 0.229744
v 1.428190 0.775213 0.155437
v 1.397725 0.830944 0.096632
v 1.323933 0.910869 0.040112
v 1.171015 1.049096 -0.034259
v 1.009263 1.178328 -0.086431
v 0.844893 1.293598 -0.114401
v 0.684223 1.390477 -0.117093
v 0.533426 1.465242 -0.094404
v 0.398297 1.515018 -0.047206
v 0.284030 1.537895 0.022689
v 1.303509 0.526367 0.608517
v 1.347644 0.541618 0.495470
v 1.377188 0.566385 0.384859
v 1.391005 0.599715 0.280934
v 1.388565 0.640328 0.187690
v 1.369961 0.686663 0.108709
v 1.335908 0.736940 0.047026
v 1.260906 0.815023 -0.010465
v 1.109199 0.955092 -0.083864
v 0.951034 1.089778 -0.133159
v 0.792488 1.213906 -0.156455
v 0.639656 1.322704 -0.152857
v 0.498410 1.411993 -0.122504
v 0.374178 1.478340 -0.066561
v 0.271734 1.519197 0.012821
v 1.288816 0.507668 0.602802
v 1.318822 0.504939 0.484260
v 1.335345 0.513136 0.368584
v 1.337749 0.531942 0.260220
v 1.325943 0.560635 0.163333
v 1.300379 0.598113 0.081645
v 1.262040 0.642936 0.018295
v 1.185591 0.719178 -0.039759
v 1.035331 0.861088 -0.112596
v 0.881452 1.001228 -0.160223
v 0.729866 1.134213 -0.180812
v 0.586400 1.254931 -0.173571
v 0.456567 1.358744 -0.138779
v 0.345356 1.441661 -0.077771
v 0.257041 1.500498 0.007106
v 1.272290 0.489688 0.601459
v 1.286406 0.469670 0.481625
v 1.288283 0.461933 0.364760
v 1.277851 0.466773 0.255352
v 1.255510 0.484005 0.157608
v 1.222118 0.512966 0.075284
v 1.178959 0.552544 0.011543
v 1.100882 0.627015 -0.046644
v 0.952250 0.770696 -0.119348
v 0.803191 0.916081 -0.166584
v 0.659433 1.057582 -0.186537
v 0.526502 1.189762 -0.178440
v 0.409505 1.307541 -0.142604
v 0.312939 1.406392 -0.080406
v 0.240515 1.482518 0.005763
v 1.254566 0.473118 0.604539
v 1.251640 0.437166 0.487668
v 1.237811 0.414744 0.373532
v 1.213612 0.406713 0.266517
v 1.179973 0.413382 0.170737
v 1.138186 0.434494 0.089872
v 1.089857 0.469239 0.027029
v 1.010035 0.542078 -0.030855
v 0.863148 0.687391 -0.103862
v 0.719259 0.837609 -0.151997
v 0.583896 0.986959 -0.173408
v 0.462263 1.129702 -0.167275
v 0.359033 1.260352 -0.133831
v 0.278174 1.373888 -0.074364
v 0.222792 1.465948 0.008844
v 1.236326 0.458594 0.611925
v 1.215861 0.408676 0.502155
v 1.185868 0.373383 0.394564
v 1.147502 0.354070 0.293286
v 1.102235 0.351481 0.202213
v 1.051808 0.365713 0.124846
v 0.998159 0.396221 0.064158
v 0.916540 0.467629 0.007002
v 0.771450 0.614373 -0.066733
v 0.632881 0.768828 -0.117022
v 0.506158 0.925058 -0.141932
v 0.396152 1.077059 -0.140506
v 0.307090 1.218991 -0.112799
v 0.242395 1.345398 -0.059876
v 0.204552 1.451424 0.016229
v 1.218271 0.446674 0.623332
v 1.180444 0.385295 0.524530
v 1.134451 0.339439 0.427047
v 1.082060 0.310867 0.334629
v 1.025283 0.300680 0.250829
v 0.966304 0.309266 0.178865
v 0.907388 0.336297 0.121504
v 0.823991 0.406531 0.065471
v 0.680679 0.554449 -0.009387
v 0.547377 0.712381 -0.063003
v 0.429207 0.874257 -0.093317
v 0.330710 1.033857 -0.099163
v 0.255673 1.185047 -0.080316
v 0.206978 1.322017 -0.037501
v 0.186496 1.439504 0.027636
v 1.201094 0.437817 0.638321
v 1.146750 0.367921 0.553933
v 1.085535 0.314216 0.469734
v 1.019801 0.278765 0.388960
v 0.952075 0.262931 0.314714
v 0.884960 0.267322 0.249850
v 0.821034 0.291769 0.196862
v 0.735944 0.361132 0.142305
v 0.594324 0.509921 0.065971
v 0.466032 0.670437 0.007982
v 0.355998 0.836508 -0.029431
v 0.268452 1.001754 -0.044832
v 0.206757 1.159824 -0.037629
v 0.173284 1.304643 -0.008098
v 0.169319 1.430647 0.042625
v 1.185455 0.432363 0.656318
v 1.116074 0.357222 0.589235
v 1.041000 0.298684 0.520984
v 0.963119 0.258996 0.454188
v 0.885424 0.239685 0.391415
v 0.810901 0.241493 0.335076
v 0.742413 0.264349 0.287336
v 0.655783 0.333174 0.234553
v 0.515703 0.482502 0.156445
v 0.391973 0.644607 0.093208
v 0.289347 0.813263 0.047270
v 0.211770 0.981985 0.020396
v 0.162222 1.144292 0.013621
v 0.142607 1.293944 0.027203
v 0.153681 1.425192 0.060622
v 1.171956 0.430521 0.676630
v 1.089594 0.353610 0.629078
v 1.002557 0.293439 0.578827
v 0.914191 0.252321 0.527809
v 0.827891 0.231836 0.477983
v 0.746973 0.232771 0.431265
v 0.674548 0.255091 0.389451
v 0.586589 0.323734 0.338668
v 0.447838 0.473243 0.258560
v 0.328046 0.635886 0.189397
v 0.231814 0.805414 0.133838
v 0.162842 0.975310 0.094017
v 0.123779 1.139047 0.071464
v 0.116128 1.290332 0.067046
v 0.140181 1.423351 0.080934
v 1.161115 0.432363 0.698476
v 1.068329 0.357222 0.671931
v 0.971685 0.298684 0.641041
v 0.874897 0.258996 0.606992
v 0.781687 0.239685 0.571093
v 0.695634 0.241493 0.534723
v 0.620047 0.264349 0.499281
v 0.531020 0.333174 0.450649
v 0.393337 0.482502 0.368390
v 0.276706 0.644607 0.292855
v 0.185610 0.813263 0.226947
v 0.123548 0.981985 0.173200
v 0.092907 1.144292 0.133678
v 0.094862 1.293944 0.109900
v 0.129340 1.425192 0.102780
v 1.153349 0.437817 0.721018
v 1.053095 0.367921 0.716149
v 0.949569 0.314216 0.705234
v 0.846749 0.278765 0.688694
v 0.748588 0.262931 0.667165
v 0.658856 0.267322 0.641473
v 0.581004 0.291769 0.612606
v 0.491212 0.361132 0.566194
v 0.354294 0.509922 0.481715
v 0.239929 0.670437 0.399604
v 0.152511 0.836508 0.323019
v 0.095400 1.001754 0.254902
v 0.070791 1.159824 0.197871
v 0.079629 1.304643 0.154117
v 0.121574 1.430647 0.125322
v 1.148956 0.446674 0.743388
v 1.044478 0.385295 0.760030
v 0.937059 0.339439 0.768940
v 0.830827 0.310868 0.769777
v 0.729865 0.300680 0.762508
v 0.638053 0.309266 0.747412
v 0.558919 0.336297 0.725070
v 0.468695 0.406532 0.680862
v 0.332209 0.554449 0.594179
v 0.219126 0.712381 0.505544
v 0.133788 0.874257 0.418362
v 0.079478 1.033857 0.335985
v 0.058281 1.185047 0.261577
v 0.071012 1.322017 0.197999
v 0.117181 1.439504 0.147693
v 1.148105 0.458594 0.764728
v 1.042809 0.408676 0.801889
v 0.934636 0.373383 0.829711
v 0.827743 0.354070 0.847123
v 0.726239 0.351481 0.853457
v 0.634024 0.365713 0.848470
v 0.554642 0.396221 0.832353
v 0.464334 0.467630 0.790246
v 0.327932 0.614373 0.701462
v 0.215096 0.768828 0.606602
v 0.130162 0.925058 0.509312
v 0.076394 1.077059 0.413331
v 0.055858 1.218991 0.322348
v 0.069343 1.345398 0.239858
v 0.116331 1.451424 0.169032
v 0.195016 1.532992 0.112592
v 1.150829 0.473118 0.784217
v 1.048152 0.437166 0.840118
v 0.942393 0.414744 0.885211
v 0.837616 0.406713 0.917761
v 0.737848 0.413382 0.936519
v 0.646924 0.434494 0.940763
v 0.568336 0.469239 0.930330
v 0.478296 0.542078 0.890143
v 0.341626 0.687391 0.799439
v 0.227996 0.837609 0.698895
v 0.141772 0.986960 0.592373
v 0.086267 1.129702 0.483969
v 0.063615 1.260352 0.377848
v 0.074686 1.373888 0.278087
v 0.119055 1.465948 0.188521
v 1.157023 0.489688 0.801106
v 1.060302 0.469670 0.873248
v 0.960032 0.461933 0.933307
v 0.860067 0.466773 0.978976
v 0.764247 0.484005 1.008499
v 0.676256 0.512966 1.020743
v 0.599476 0.552544 1.015237
v 0.510046 0.627016 0.976714
v 0.372766 0.770697 0.884346
v 0.257329 0.916081 0.778875
v 0.168171 1.057582 0.664354
v 0.108717 1.189762 0.545184
v 0.081254 1.307541 0.425944
v 0.086836 1.406392 0.311216
v 0.125249 1.482518 0.205410
v 1.166450 0.507668 0.814746
v 1.078792 0.504939 0.900004
v 0.986876 0.513136 0.972151
v 0.894232 0.531942 1.028415
v 0.804421 0.560636 1.066634
v 0.720896 0.598113 1.085339
v 0.646864 0.642936 1.083812
v 0.558363 0.719178 1.046632
v 0.420154 0.861088 0.952921
v 0.301968 1.001228 0.843471
v 0.208345 1.134213 0.722489
v 0.142883 1.254931 0.594623
v 0.108098 1.358744 0.464788
v 0.105326 1.441661 0.337973
v 0.134675 1.500498 0.219051
v 1.178746 0.526367 0.824614
v 1.102912 0.541618 0.919359
v 1.021891 0.566385 1.000250
v 0.938799 0.599715 1.064179
v 0.856826 0.640328 1.108688
v 0.779125 0.686663 1.132067
v 0.708680 0.736940 1.133418
v 0.621390 0.815024 1.097209
v 0.481970 0.955092 1.002527
v 0.360197 1.089778 0.890199
v 0.260750 1.213906 0.764543
v 0.187449 1.322704 0.630387
v 0.143114 1.411993 0.492887
v 0.129445 1.478340 0.357328
v 0.146971 1.519197 0.228918
v 1.193439 0.545065 0.830329
v 1.131734 0.578297 0.930570
v 1.063734 0.619634 1.016525
v 0.992054 0.667488 1.084893
v 0.919449 0.720021 1.133045
v 0.848707 0.775213 1.159131
v 0.782548 0.830944 1.162149
v 0.696705 0.910869 1.126503
v 0.555838 1.049096 1.031258
v 0.429779 1.178328 0.917263
v 0.323372 1.293599 0.788900
v 0.240705 1.390477 0.651101
v 0.184956 1.465242 0.509162
v 0.158267 1.515018 0.368538
v 0.161664 1.537895 0.234633
v 1.209964 0.563045 0.831672
v 1.164150 0.613566 0.933204
v 1.110796 0.670836 1.020350
v 1.051952 0.732657 1.089761
v 0.989881 0.796651 1.138769
v 0.926968 0.860360 1.165492
v 0.865629 0.921336 1.168901
v 0.781414 1.003032 1.133388
v 0.638920 1.139488 1.038010
v 0.508040 1.263475 0.923624
v 0.393805 1.370229 0.794624
v 0.300603 1.455646 0.655969
v 0.232018 1.516445 0.512987
v 0.190684 1.550288 0.371173
v 0.178190 1.555875 0.235976
v 1.227688 0.579616 0.828592
v 1.198916 0.646070 0.927162
v 1.161268 0.718025 1.011578
v 1.116191 0.792717 1.078596
v 1.065418 0.867274 1.125641
v 1.010900 0.938832 1.150904
v 0.954731 1.004641 1.153415
v 0.872261 1.087969 1.117598
v 0.728021 1.222794 1.022524
v 0.591972 1.341947 0.909036
v 0.469341 1.440852 0.781496
v 0.364842 1.515706 0.644805
v 0.282490 1.563633 0.504215
v 0.225450 1.582792 0.365131
v 0.195913 1.572446 0.232896
v 1.245928 0.594140 0.821206
v 1.234695 0.674560 0.912675
v 1.213211 0.759386 0.990546
v 1.182302 0.845360 1.051828
v 1.143156 0.929176 1.094164
v 1.097277 1.007613 1.115929
v 1.046429 1.077659 1.116286
v 0.965756 1.162417 1.079742
v 0.819719 1.295811 0.985395
v 0.678350 1.410728 0.874061
v 0.547080 1.502753 0.750019
v 0.430953 1.568349 0.618036
v 0.334433 1.604994 0.483183
v 0.261229 1.611282 0.350643
v 0.214153 1.586970 0.225510
v 1.263983 0.606060 0.809799
v 1.270112 0.697941 0.890300
v 1.264628 0.793331 0.958062
v 1.247744 0.888563 1.010484
v 1.220108 0.979977 1.045549
v 1.182782 1.064061 1.061911
v 1.137200 1.137583 1.058940
v 1.058304 1.223515 1.021273
v 0.910490 1.355735 0.928050
v 0.763854 1.467176 0.820043
v 0.624031 1.553554 0.701404
v 0.496395 1.611552 0.576692
v 0.385850 1.638939 0.450699
v 0.296646 1.634663 0.328268
v 0.232208 1.598889 0.214104
v 1.281160 0.614917 0.794810
v 1.303806 0.715315 0.860896
v 1.313545 0.818554 0.915376
v 1.310003 0.920665 0.956154
v 1.293316 1.017725 0.981664
v 1.264126 1.106005 0.990926
v 1.223555 1.182111 0.983582
v 1.146351 1.268915 0.944439
v 0.996845 1.400263 0.852691
v 0.845199 1.509120 0.749057
v 0.697239 1.591303 0.637518
v 0.558654 1.643654 0.522362
v 0.434767 1.664161 0.408012
v 0.330340 1.652037 0.298865
v 0.249386 1.607746 0.199114
v 1.296799 0.620371 0.776813
v 1.334482 0.726014 0.825595
v 1.358080 0.834086 0.864126
v 1.366685 0.940434 0.890925
v 1.359967 1.040971 0.904963
v 1.338185 1.131834 0.905700
v 1.302175 1.209530 0.893108
v 1.226512 1.296872 0.852191
v 1.075466 1.427683 0.762217
v 0.919258 1.534949 0.663832
v 0.763891 1.614548 0.560818
v 0.615336 1.663423 0.457133
v 0.479302 1.679693 0.356763
v 0.361016 1.662736 0.263564
v 0.265024 1.613201 0.181117
v 1.310298 0.622213 0.756501
v 1.360962 0.729626 0.785752
v 1.415613 0.947109 0.817305
v 1.402112 1.140555 0.809510
v 0.983185 1.543670 0.567642
v 0.664264 1.670098 0.383513
v 0.517744 1.684938 0.298920
v 0.387495 1.666348 0.223721
v 0.278523 1.615042 0.160806
v 0.786529 0.425722 -0.454103
v 0.682825 0.425722 -0.598822
v 0.552881 0.425722 -0.720528
v 0.401689 0.425722 -0.814545
v 0.235061 0.425722 -0.877260
v 0.059400 0.425722 -0.906262
v -0.118545 0.425722 -0.900436
v -0.291933 0.425722 -0.860008
v -0.454103 0.425722 -0.786529
v -0.598822 0.425722 -0.682825
v -0.720528 0.425722 -0.552881
v -0.814545 0.425722 -0.401689
v -0.877260 0.425722 -0.235061
v -0.906262 0.425722 -0.059400
v -0.900436 0.425722 0.118545
v -0.860008 0.425722 0.291933
v -0.786529 0.425722 0.454103
v -0.682825 0.425722 0.598822
v -0.552881 0.425722 0.720528
v -0.401689 0.425722 0.814545
v -0.235061 0.425722 0.877260
v -0.059400 0.425722 0.906262
v 0.118545 0.425722 0.900436
v 0.291933 0.425722 0.860008
v 0.454103 0.425722 0.786529
v 0.598822 0.425722 0.682825
v 0.720528 0.425722 0.552881
v 0.814545 0.425722 0.401689
v 0.877260 0.425722 0.235061
v 0.906262 0.425722 0.059400
v 0.900436 0.425722 -0.118545
v 0.860008 0.425722 -0.291933
v -0.000017 1.405551 -0.723561
v 0.021551 2.532818 -0.170937
v 0.139177 1.405551 -0.709851
v 0.273021 1.405551 -0.669250
v 0.396373 1.405551 -0.603317
v 0.504492 1.405551 -0.514586
v 0.593223 1.405551 -0.406468
v 0.659156 1.405551 -0.283116
v 0.699757 1.405551 -0.149271
v 0.713466 1.405551 -0.010078
v 0.699757 1.405551 0.129116
v 0.659156 1.405551 0.262960
v 0.593223 1.405551 0.386312
v 0.504492 1.405551 0.494431
v 0.396373 1.405551 0.583162
v 0.273021 1.405551 0.649094
v 0.139177 1.405551 0.689696
v -0.000017 1.405551 0.703405
v -0.139210 1.405551 0.689696
v -0.273055 1.405551 0.649094
v -0.396407 1.405551 0.583162
v -0.504525 1.405551 0.494431
v -0.593256 1.405551 0.386312
v -0.659189 1.405551 0.262960
v -0.699790 1.405551 0.129116
v -0.713500 1.405551 -0.010078
v -0.699790 1.405551 -0.149271
v -0.659189 1.405551 -0.283116
v -0.593256 1.405551 -0.406468
v -0.504525 1.405551 -0.514586
v -0.396407 1.405551 -0.603317
v -0.273055 1.405551 -0.669250
v -0.139210 1.405551 -0.709851
v -0.000017 1.716857 -0.635386
v -0.000017 1.794631 -0.707286
v -0.000017 1.954392 -0.566862
v -0.000017 2.021680 -0.494505
v -0.000115 2.219347 -0.313195
v 0.054013 2.219347 -0.307864
v 0.099716 2.021680 -0.484682
v 0.108607 1.954392 -0.556163
v 0.136002 1.794632 -0.693889
v 0.121975 1.716857 -0.623371
v 0.106060 2.219347 -0.292075
v 0.195617 2.021680 -0.455591
v 0.213055 1.954392 -0.524479
v 0.266793 1.794632 -0.654214
v 0.239279 1.716857 -0.587788
v 0.154027 2.219347 -0.266436
v 0.283999 2.021680 -0.408349
v 0.309316 1.954392 -0.473027
v 0.387331 1.794632 -0.589785
v 0.347386 1.716857 -0.530003
v 0.196071 2.219347 -0.231932
v 0.361467 2.021680 -0.344773
v 0.393689 1.954392 -0.403784
v 0.492984 1.794632 -0.503078
v 0.442143 1.716857 -0.452238
v 0.230575 2.219347 -0.189889
v 0.425043 2.021680 -0.267306
v 0.462932 1.954392 -0.319411
v 0.579691 1.794632 -0.397426
v 0.519908 1.716857 -0.357481
v 0.256214 2.219347 -0.141921
v 0.472284 2.021680 -0.178923
v 0.514385 1.954392 -0.223150
v 0.644120 1.794632 -0.276888
v 0.577693 1.716857 -0.249373
v 0.272003 2.219347 -0.089874
v 0.501375 2.021680 -0.083023
v 0.546069 1.954392 -0.118701
v 0.683795 1.794632 -0.146096
v 0.613277 1.716857 -0.132069
v 0.277334 2.219347 -0.035747
v 0.511198 2.021680 0.016710
v 0.556767 1.954392 -0.010078
v 0.697192 1.794632 -0.010078
v 0.625292 1.716857 -0.010078
v 0.272003 2.219347 0.018381
v 0.501375 2.021680 0.116443
v 0.546069 1.954392 0.098545
v 0.683795 1.794632 0.125941
v 0.613277 1.716857 0.111914
v 0.256214 2.219347 0.070428
v 0.472284 2.021680 0.212344
v 0.514385 1.954392 0.202994
v 0.644120 1.794632 0.256732
v 0.577693 1.716857 0.229217
v 0.230575 2.219347 0.118395
v 0.425043 2.021680 0.300726
v 0.462932 1.954392 0.299255
v 0.579691 1.794632 0.377270
v 0.519908 1.716857 0.337325
v 0.196071 2.219347 0.160439
v 0.361467 2.021680 0.378194
v 0.393689 1.954392 0.383628
v 0.492984 1.794632 0.482923
v 0.442143 1.716857 0.432082
v 0.154027 2.219347 0.194943
v 0.283999 2.021680 0.441770
v 0.309316 1.954392 0.452871
v 0.387331 1.794632 0.569630
v 0.347386 1.716857 0.509847
v 0.106060 2.219347 0.220582
v 0.195617 2.021680 0.489011
v 0.213055 1.954392 0.504324
v 0.266793 1.794632 0.634059
v 0.239279 1.716857 0.567632
v 0.054013 2.219347 0.236370
v 0.099716 2.021680 0.518102
v 0.108607 1.954392 0.536008
v 0.136002 1.794632 0.673734
v 0.121975 1.716857 0.603216
v -0.000115 2.219347 0.241702
v -0.000017 2.021680 0.527925
v -0.000017 1.954392 0.546706
v -0.000017 1.794632 0.687130
v -0.000017 1.716857 0.615231
v -0.054242 2.219347 0.236370
v -0.099750 2.021680 0.518102
v -0.108640 1.954392 0.536008
v -0.136035 1.794632 0.673734
v -0.122008 1.716857 0.603216
v -0.106289 2.219347 0.220582
v -0.195650 2.021680 0.489011
v -0.213089 1.954392 0.504324
v -0.266827 1.794632 0.634059
v -0.239312 1.716857 0.567632
v -0.154257 2.219347 0.194943
v -0.284032 2.021680 0.441770
v -0.309349 1.954392 0.452871
v -0.387365 1.794632 0.569630
v -0.347420 1.716857 0.509847
v -0.196300 2.219347 0.160439
v -0.361500 2.021680 0.378194
v -0.393723 1.954392 0.383628
v -0.493017 1.794632 0.482923
v -0.442177 1.716857 0.432082
v -0.230804 2.219347 0.118395
v -0.425076 2.021680 0.300726
v -0.462966 1.954392 0.299255
v -0.579724 1.794632 0.377270
v -0.519942 1.716857 0.337325
v -0.256443 2.219347 0.070428
v -0.472318 2.021680 0.212344
v -0.514418 1.954392 0.202994
v -0.644153 1.794632 0.256732
v -0.577726 1.716857 0.229217
v -0.272232 2.219347 0.018381
v -0.501409 2.021680 0.116443
v -0.546102 1.954392 0.098545
v -0.683828 1.794632 0.125941
v -0.613310 1.716857 0.111914
v -0.277563 2.219347 -0.035747
v -0.511232 2.021680 0.016710
v -0.556801 1.954392 -0.010078
v -0.697225 1.794632 -0.010078
v -0.625325 1.716857 -0.010078
v -0.272232 2.219347 -0.089874
v -0.501409 2.021680 -0.083023
v -0.546102 1.954392 -0.118701
v -0.683828 1.794632 -0.146096
v -0.613310 1.716857 -0.132069
v -0.256443 2.219347 -0.141921
v -0.472318 2.021680 -0.178923
v -0.514418 1.954392 -0.223150
v -0.644153 1.794632 -0.276888
v -0.577726 1.716857 -0.249373
v -0.230804 2.219347 -0.189889
v -0.425076 2.021680 -0.267306
v -0.462966 1.954392 -0.319411
v -0.579724 1.794632 -0.397426
v -0.519942 1.716857 -0.357481
v -0.196300 2.219347 -0.231932
v -0.361500 2.021680 -0.344773
v -0.393723 1.954392 -0.403784
v -0.493017 1.794632 -0.503078
v -0.442177 1.716857 -0.452238
v -0.154257 2.219347 -0.266436
v -0.284032 2.021680 -0.408349
v -0.309349 1.954392 -0.473027
v -0.387365 1.794632 -0.589785
v -0.347420 1.716857 -0.530003
v -0.106289 2.219347 -0.292075
v -0.195650 2.021680 -0.455591
v -0.213089 1.954392 -0.524479
v -0.266827 1.794632 -0.654214
v -0.239312 1.716857 -0.587788
v -0.054242 2.219347 -0.307864
v -0.099750 2.021680 -0.484682
v -0.108640 1.954392 -0.556163
v -0.136035 1.794632 -0.693889
v -0.122008 1.716857 -0.623371
v -0.000017 2.067434 -0.564014
v 0.108051 2.067434 -0.553370
v 0.211965 2.067434 -0.521848
v 0.307734 2.067434 -0.470659
v 0.391675 2.067434 -0.401770
v 0.460564 2.067434 -0.317828
v 0.511753 2.067434 -0.222060
v 0.543275 2.067434 -0.118145
v 0.553919 2.067434 -0.010078
v 0.543275 2.067434 0.097990
v 0.511753 2.067434 0.201904
v 0.460564 2.067434 0.297672
v 0.391675 2.067434 0.381614
v 0.307734 2.067434 0.450503
v 0.211965 2.067434 0.501692
v 0.108051 2.067434 0.533214
v -0.000017 2.067434 0.543858
v -0.108084 2.067434 0.533214
v -0.211999 2.067434 0.501692
v -0.307767 2.067434 0.450503
v -0.391708 2.067434 0.381614
v -0.460597 2.067434 0.297672
v -0.511787 2.067434 0.201904
v -0.543309 2.067434 0.097990
v -0.553953 2.067434 -0.010078
v -0.543309 2.067434 -0.118145
v -0.511787 2.067434 -0.222060
v -0.460597 2.067434 -0.317828
v -0.391708 2.067434 -0.401770
v -0.307767 2.067434 -0.470659
v -0.211999 2.067434 -0.521848
v -0.108084 2.067434 -0.553370
v 0.511198 2.021680 0.016710
v 0.501375 2.021680 0.116443
v 0.472284 2.021680 0.212344
v 0.425043 2.021680 0.300726
v 0.361467 2.021680 0.378194
v 0.283999 2.021680 0.441770
v 0.195617 2.021680 0.489011
v 0.099716 2.021680 0.518102
v -0.000017 2.021680 0.527925
v -0.099750 2.021680 0.518102
v -0.195650 2.021680 0.489011
v -0.284032 2.021680 0.441770
v -0.361500 2.021680 0.378194
v -0.425076 2.021680 0.300726
v -0.472318 2.021680 0.212344
v -0.501409 2.021680 0.116443
v -0.511232 2.021680 0.016710
v 0.553919 2.067434 -0.010078
v 0.543275 2.067434 0.097990
v 0.511753 2.067434 0.201904
v 0.460564 2.067434 0.297672
v 0.391675 2.067434 0.381614
v 0.307734 2.067434 0.450503
v 0.211965 2.067434 0.501692
v 0.108051 2.067434 0.533214
v -0.000017 2.067434 0.543858
v -0.108084 2.067434 0.533214
v -0.211999 2.067434 0.501692
v -0.307767 2.067434 0.450503
v -0.391708 2.067434 0.381614
v -0.460597 2.067434 0.297672
v -0.511787 2.067434 0.201904
v -0.543309 2.067434 0.097990
v -0.553953 2.067434 -0.010078
vn 0.0118 -0.9927 -0.1200
vn 0.0077 -0.9969 -0.0785
vn -0.9952 -0.0000 -0.0980
vn 0.0044 -0.9990 -0.0446
vn 0.0980 -0.0218 -0.9949
vn 0.0014 -0.9999 -0.0145
vn 0.0968 -0.1561 -0.9830
vn 0.0430 -0.8987 -0.4364
vn 0.0262 -0.9637 -0.2656
vn 0.0174 -0.9841 -0.1766
vn 0.0515 -0.9841 -0.1699
vn 0.0350 -0.9927 -0.1154
vn 0.0229 -0.9969 -0.0755
vn 0.8819 -0.0000 -0.4714
vn 0.0130 -0.9990 -0.0429
vn 0.2902 -0.0218 -0.9567
vn 0.0042 -0.9999 -0.0139
vn 0.2867 -0.1561 -0.9452
vn 0.1273 -0.8987 -0.4197
vn 0.0775 -0.9637 -0.2554
vn 0.0069 -0.9999 -0.0129
vn 0.4656 -0.1561 -0.8711
vn 0.2067 -0.8987 -0.3868
vn 0.1258 -0.9637 -0.2354
vn 0.0837 -0.9841 -0.1565
vn 0.0568 -0.9927 -0.1064
vn 0.0372 -0.9969 -0.0696
vn -0.9952 -0.0000 0.0980
vn 0.0211 -0.9990 -0.0396
vn 0.4713 -0.0218 -0.8817
vn 0.0765 -0.9927 -0.0932
vn 0.0500 -0.9969 -0.0610
vn 0.7730 -0.0000 -0.6344
vn 0.0285 -0.9990 -0.0347
vn 0.6342 -0.0218 -0.7728
vn 0.0092 -0.9999 -0.0113
vn 0.6266 -0.1561 -0.7635
vn 0.2782 -0.8987 -0.3390
vn 0.1693 -0.9637 -0.2063
vn 0.1126 -0.9841 -0.1372
vn 0.7635 -0.1561 -0.6266
vn 0.3390 -0.8987 -0.2782
vn 0.2063 -0.9637 -0.1693
vn 0.1372 -0.9841 -0.1126
vn 0.0932 -0.9927 -0.0765
vn 0.0610 -0.9969 -0.0500
vn -0.9569 -0.0000 0.2903
vn 0.0347 -0.9990 -0.0285
vn 0.7728 -0.0218 -0.6342
vn 0.0113 -0.9999 -0.0092
vn 0.1064 -0.9927 -0.0568
vn 0.0696 -0.9969 -0.0372
vn 0.6344 -0.0000 -0.7730
vn 0.0396 -0.9990 -0.0211
vn 0.8817 -0.0218 -0.4713
vn 0.0129 -0.9999 -0.0069
vn 0.8711 -0.1561 -0.4656
vn 0.3868 -0.8987 -0.2067
vn 0.2354 -0.9637 -0.1258
vn 0.1565 -0.9841 -0.0837
vn 0.4197 -0.8987 -0.1273
vn 0.2554 -0.9637 -0.0775
vn 0.1699 -0.9841 -0.0515
vn 0.1154 -0.9927 -0.0350
vn 0.0755 -0.9969 -0.0229
vn -0.8819 -0.0000 0.4714
vn 0.0429 -0.9990 -0.0130
vn 0.9567 -0.0218 -0.2902
vn 0.0139 -0.9999 -0.0042
vn 0.9452 -0.1561 -0.2867
vn 0.0785 -0.9969 -0.0077
vn 0.4714 -0.0000 -0.8819
vn 0.0446 -0.9990 -0.0044
vn 0.9949 -0.0218 -0.0980
vn 0.0145 -0.9999 -0.0014
vn 0.9830 -0.1561 -0.0968
vn 0.4364 -0.8987 -0.0430
vn 0.2656 -0.9637 -0.0262
vn 0.1766 -0.9841 -0.0174
vn 0.1200 -0.9927 -0.0118
vn 0.2656 -0.9637 0.0262
vn 0.1766 -0.9841 0.0174
vn 0.1200 -0.9927 0.0118
vn 0.0785 -0.9969 0.0077
vn 0.0980 -0.0000 0.9952
vn 0.0446 -0.9990 0.0044
vn 0.9949 -0.0218 0.0980
vn 0.0145 -0.9999 0.0014
vn 0.9830 -0.1561 0.0968
vn 0.4364 -0.8987 0.0430
vn -0.7730 -0.0000 0.6344
vn 0.0429 -0.9990 0.0130
vn 0.9567 -0.0218 0.2902
vn 0.0139 -0.9999 0.0042
vn 0.9452 -0.1561 0.2867
vn 0.4197 -0.8987 0.1273
vn 0.2554 -0.9637 0.0775
vn 0.1699 -0.9841 0.0515
vn 0.1154 -0.9927 0.0350
vn 0.0755 -0.9969 0.0229
vn 0.2354 -0.9637 0.1258
vn 0.1565 -0.9841 0.0837
vn 0.1064 -0.9927 0.0568
vn 0.0696 -0.9969 0.0372
vn 0.2903 -0.0000 -0.9569
vn 0.0396 -0.9990 0.0211
vn 0.8817 -0.0218 0.4713
vn 0.0129 -0.9999 0.0069
vn 0.8711 -0.1561 0.4656
vn 0.3868 -0.8987 0.2067
vn 0.0347 -0.9990 0.0285
vn 0.7728 -0.0218 0.6342
vn 0.0113 -0.9999 0.0092
vn 0.7635 -0.1561 0.6266
vn 0.3390 -0.8987 0.2782
vn 0.2063 -0.9637 0.1693
vn 0.1372 -0.9841 0.1126
vn 0.0932 -0.9927 0.0765
vn 0.0610 -0.9969 0.0500
vn 0.2903 -0.0000 0.9569
vn 0.1126 -0.9841 0.1372
vn 0.0765 -0.9927 0.0932
vn 0.0500 -0.9969 0.0610
vn -0.6344 -0.0000 0.7730
vn 0.0285 -0.9990 0.0347
vn 0.6342 -0.0218 0.7728
vn 0.0092 -0.9999 0.0113
vn 0.6266 -0.1561 0.7635
vn 0.2782 -0.8987 0.3390
vn 0.1693 -0.9637 0.2063
vn 0.4713 -0.0218 0.8817
vn 0.0069 -0.9999 0.0129
vn 0.4656 -0.1561 0.8711
vn 0.2067 -0.8987 0.3868
vn 0.1258 -0.9637 0.2354
vn 0.0837 -0.9841 0.1565
vn 0.0568 -0.9927 0.1064
vn 0.0372 -0.9969 0.0696
vn 0.0980 -0.0000 -0.9952
vn 0.0211 -0.9990 0.0396
vn 0.0515 -0.9841 0.1699
vn 0.0350 -0.9927 0.1154
vn 0.0229 -0.9969 0.0755
vn 0.4714 -0.0000 0.8819
vn 0.0130 -0.9990 0.0429
vn 0.2902 -0.0218 0.9567
vn 0.0042 -0.9999 0.0139
vn 0.2867 -0.1561 0.9452
vn 0.1273 -0.8987 0.4197
vn 0.0775 -0.9637 0.2554
vn 0.0014 -0.9999 0.0145
vn 0.0968 -0.1561 0.9830
vn 0.0430 -0.8987 0.4364
vn 0.0262 -0.9637 0.2656
vn 0.0174 -0.9841 0.1766
vn 0.0118 -0.9927 0.1200
vn 0.0077 -0.9969 0.0785
vn -0.4714 -0.0000 0.8819
vn 0.0044 -0.9990 0.0446
vn 0.0980 -0.0218 0.9949
vn -0.0118 -0.9927 0.1200
vn -0.0077 -0.9969 0.0785
vn -0.0980 -0.0000 -0.9952
vn -0.0044 -0.9990 0.0446
vn -0.0980 -0.0218 0.9949
vn -0.0014 -0.9999 0.0145
vn -0.0968 -0.1561 0.9830
vn -0.0430 -0.8987 0.4364
vn -0.0262 -0.9637 0.2656
vn -0.0174 -0.9841 0.1766
vn -0.1273 -0.8987 0.4197
vn -0.0775 -0.9637 0.2554
vn -0.0515 -0.9841 0.1699
vn -0.0350 -0.9927 0.1154
vn -0.0229 -0.9969 0.0755
vn 0.6344 -0.0000 0.7730
vn -0.0130 -0.9990 0.0429
vn -0.2902 -0.0218 0.9567
vn -0.0042 -0.9999 0.0139
vn -0.2867 -0.1561 0.9452
vn -0.0372 -0.9969 0.0696
vn -0.2903 -0.0000 0.9569
vn -0.0211 -0.9990 0.0396
vn -0.4713 -0.0218 0.8817
vn -0.0069 -0.9999 0.0129
vn -0.4656 -0.1561 0.8711
vn -0.2067 -0.8987 0.3868
vn -0.1258 -0.9637 0.2354
vn -0.0837 -0.9841 0.1565
vn -0.0568 -0.9927 0.1064
vn -0.2782 -0.8987 0.3390
vn -0.1693 -0.9637 0.2063
vn -0.1126 -0.9841 0.1372
vn -0.0765 -0.9927 0.0932
vn -0.0500 -0.9969 0.0610
vn -0.2903 -0.0000 -0.9569
vn -0.0285 -0.9990 0.0347
vn -0.6342 -0.0218 0.7728
vn -0.0092 -0.9999 0.0113
vn -0.6266 -0.1561 0.7635
vn -0.0610 -0.9969 0.0500
vn 0.7730 -0.0000 0.6344
vn -0.0347 -0.9990 0.0285
vn -0.7728 -0.0218 0.6342
vn -0.0113 -0.9999 0.0092
vn -0.7635 -0.1561 0.6266
vn -0.3390 -0.8987 0.2782
vn -0.2063 -0.9637 0.1693
vn -0.1372 -0.9841 0.1126
vn -0.0932 -0.9927 0.0765
vn -0.2354 -0.9637 0.1258
vn -0.1565 -0.9841 0.0837
vn -0.1064 -0.9927 0.0568
vn -0.0696 -0.9969 0.0372
vn -0.0980 -0.0000 0.9952
vn -0.0396 -0.9990 0.0211
vn -0.8817 -0.0218 0.4713
vn -0.0129 -0.9999 0.0069
vn -0.8711 -0.1561 0.4656
vn -0.3868 -0.8987 0.2067
vn -0.4714 -0.0000 -0.8819
vn -0.0429 -0.9990 0.0130
vn -0.9567 -0.0218 0.2902
vn -0.0139 -0.9999 0.0042
vn -0.9452 -0.1561 0.2867
vn -0.4197 -0.8987 0.1273
vn -0.2554 -0.9637 0.0775
vn -0.1699 -0.9841 0.0515
vn -0.1154 -0.9927 0.0350
vn -0.0755 -0.9969 0.0229
vn -0.2656 -0.9637 0.0262
vn -0.1766 -0.9841 0.0174
vn -0.1200 -0.9927 0.0118
vn -0.0785 -0.9969 0.0077
vn 0.8819 -0.0000 0.4714
vn -0.0446 -0.9990 0.0044
vn -0.9949 -0.0218 0.0980
vn -0.0145 -0.9999 0.0014
vn -0.9830 -0.1561 0.0968
vn -0.4364 -0.8987 0.0430
vn -0.0446 -0.9990 -0.0044
vn -0.9949 -0.0218 -0.0980
vn -0.0145 -0.9999 -0.0014
vn -0.9830 -0.1561 -0.0968
vn -0.4364 -0.8987 -0.0430
vn -0.2656 -0.9637 -0.0262
vn -0.1766 -0.9841 -0.0174
vn -0.1200 -0.9927 -0.0118
vn -0.0785 -0.9969 -0.0077
vn -0.6344 -0.0000 -0.7730
vn -0.1699 -0.9841 -0.0515
vn -0.1154 -0.9927 -0.0350
vn -0.0755 -0.9969 -0.0229
vn 0.9569 -0.0000 0.2903
vn -0.0429 -0.9990 -0.0130
vn -0.9567 -0.0218 -0.2902
vn -0.0139 -0.9999 -0.0042
vn -0.9452 -0.1561 -0.2867
vn -0.4197 -0.8987 -0.1273
vn -0.2554 -0.9637 -0.0775
vn -0.0129 -0.9999 -0.0069
vn -0.8711 -0.1561 -0.4656
vn -0.3868 -0.8987 -0.2067
vn -0.2354 -0.9637 -0.1258
vn -0.1565 -0.9841 -0.0837
vn -0.1064 -0.9927 -0.0568
vn -0.0696 -0.9969 -0.0372
vn -0.7730 -0.0000 -0.6344
vn -0.0396 -0.9990 -0.0211
vn -0.8817 -0.0218 -0.4713
vn -0.0932 -0.9927 -0.0765
vn -0.0610 -0.9969 -0.0500
vn 0.9952 -0.0000 0.0980
vn -0.0347 -0.9990 -0.0285
vn -0.7728 -0.0218 -0.6342
vn -0.0113 -0.9999 -0.0092
vn -0.7635 -0.1561 -0.6266
vn -0.3390 -0.8987 -0.2782
vn -0.2063 -0.9637 -0.1693
vn -0.1372 -0.9841 -0.1126
vn -0.6266 -0.1561 -0.7635
vn -0.2782 -0.8987 -0.3390
vn -0.1693 -0.9637 -0.2063
vn -0.1126 -0.9841 -0.1372
vn -0.0765 -0.9927 -0.0932
vn -0.0500 -0.9969 -0.0610
vn -0.8819 -0.0000 -0.4714
vn -0.0285 -0.9990 -0.0347
vn -0.6342 -0.0218 -0.7728
vn -0.0092 -0.9999 -0.0113
vn -0.0568 -0.9927 -0.1064
vn -0.0372 -0.9969 -0.0696
vn 0.9952 -0.0000 -0.0980
vn -0.0211 -0.9990 -0.0396
vn -0.4713 -0.0218 -0.8817
vn -0.0069 -0.9999 -0.0129
vn -0.4656 -0.1561 -0.8711
vn -0.2067 -0.8987 -0.3868
vn -0.1258 -0.9637 -0.2354
vn -0.0837 -0.9841 -0.1565
vn -0.1273 -0.8987 -0.4197
vn -0.0775 -0.9637 -0.2554
vn -0.0515 -0.9841 -0.1699
vn -0.0350 -0.9927 -0.1154
vn -0.0229 -0.9969 -0.0755
vn -0.9569 -0.0000 -0.2903
vn -0.0130 -0.9990 -0.0429
vn -0.2902 -0.0218 -0.9567
vn -0.0042 -0.9999 -0.0139
vn -0.2867 -0.1561 -0.9452
vn -0.0077 -0.9969 -0.0785
vn 0.9569 -0.0000 -0.2903
vn -0.0044 -0.9990 -0.0446
vn -0.0980 -0.0218 -0.9949
vn -0.0014 -0.9999 -0.0145
vn -0.0968 -0.1561 -0.9830
vn -0.0430 -0.8987 -0.4364
vn -0.0262 -0.9637 -0.2656
vn -0.0174 -0.9841 -0.1766
vn -0.0118 -0.9927 -0.1200
vn -0.0002 1.0000 0.0021
vn -0.0006 1.0000 0.0020
vn -0.0010 1.0000 0.0018
vn -0.0013 1.0000 0.0016
vn -0.0016 1.0000 0.0013
vn -0.0018 1.0000 0.0010
vn -0.0020 1.0000 0.0006
vn -0.0021 1.0000 0.0002
vn -0.0021 1.0000 -0.0002
vn -0.0020 1.0000 -0.0006
vn -0.0018 1.0000 -0.0010
vn -0.0016 1.0000 -0.0013
vn -0.0013 1.0000 -0.0016
vn -0.0010 1.0000 -0.0018
vn -0.0006 1.0000 -0.0020
vn -0.0002 1.0000 -0.0021
vn 0.0002 1.0000 -0.0021
vn 0.0006 1.0000 -0.0020
vn 0.0010 1.0000 -0.0018
vn 0.0013 1.0000 -0.0016
vn 0.0016 1.0000 -0.0013
vn 0.0018 1.0000 -0.0010
vn 0.0020 1.0000 -0.0006
vn 0.0021 1.0000 -0.0002
vn 0.0021 1.0000 0.0002
vn 0.0020 1.0000 0.0006
vn 0.0018 1.0000 0.0010
vn 0.0016 1.0000 0.0013
vn 0.0013 1.0000 0.0016
vn 0.0010 1.0000 0.0018
vn 0.0006 1.0000 0.0020
vn 0.0002 1.0000 0.0021
vn 0.0192 -0.4782 0.8780
vn 0.0966 0.8620 0.4975
vn 0.0325 -0.3504 0.9361
vn 0.0938 0.9174 0.3867
vn 0.0466 -0.2002 0.9787
vn 0.0889 0.9633 0.2532
vn 0.0613 -0.0214 0.9979
vn 0.0806 0.9929 0.0871
vn 0.0761 0.1896 0.9789
vn 0.0672 0.9902 -0.1224
vn 0.0890 0.4262 0.9003
vn 0.0462 0.9250 -0.3772
vn 0.0975 0.6968 0.7106
vn 0.0063 -0.5894 0.8078
vn 0.0167 0.7615 -0.6480
vn 0.0979 0.7991 0.5932
vn 0.2888 0.6676 0.6862
vn 0.0188 -0.5913 0.8062
vn 0.0496 0.7565 -0.6521
vn 0.2898 0.7697 0.5688
vn 0.0568 -0.4840 0.8732
vn 0.2861 0.8331 0.4734
vn 0.0963 -0.3601 0.9279
vn 0.2778 0.8893 0.3633
vn 0.1379 -0.2141 0.9670
vn 0.2631 0.9367 0.2310
vn 0.1815 -0.0398 0.9826
vn 0.2388 0.9688 0.0670
vn 0.2253 0.1668 0.9599
vn 0.1990 0.9701 -0.1392
vn 0.2636 0.3995 0.8780
vn 0.1369 0.9111 -0.3887
vn 0.4273 0.8844 0.1875
vn 0.2948 -0.0758 0.9525
vn 0.3877 0.9214 0.0275
vn 0.3658 0.1221 0.9226
vn 0.3232 0.9305 -0.1721
vn 0.4281 0.3471 0.8344
vn 0.2222 0.8840 -0.4113
vn 0.4690 0.6103 0.6384
vn 0.0305 -0.5950 0.8031
vn 0.0806 0.7466 -0.6604
vn 0.4707 0.7122 0.5208
vn 0.0922 -0.4952 0.8638
vn 0.4646 0.7763 0.4261
vn 0.1564 -0.3792 0.9120
vn 0.4511 0.8342 0.3173
vn 0.2239 -0.2415 0.9442
vn 0.1085 0.7323 -0.6723
vn 0.6334 0.6286 0.4512
vn 0.1241 -0.5116 0.8502
vn 0.6252 0.6938 0.3574
vn 0.2104 -0.4070 0.8889
vn 0.6071 0.7541 0.2506
vn 0.3014 -0.2812 0.9111
vn 0.5751 0.8086 0.1243
vn 0.3968 -0.1281 0.9089
vn 0.5218 0.8525 -0.0299
vn 0.4923 0.0571 0.8685
vn 0.4350 0.8732 -0.2199
vn 0.5761 0.2712 0.7711
vn 0.2991 0.8445 -0.4442
vn 0.6312 0.5270 0.5690
vn 0.0410 -0.6004 0.7986
vn 0.6358 0.7650 -0.1029
vn 0.5999 -0.0255 0.7997
vn 0.5300 0.8002 -0.2808
vn 0.7020 0.1745 0.6905
vn 0.3644 0.7943 -0.4860
vn 0.7692 0.4211 0.4807
vn 0.0500 -0.6073 0.7929
vn 0.1322 0.7141 -0.6875
vn 0.7718 0.5223 0.3626
vn 0.1513 -0.5324 0.8328
vn 0.7618 0.5889 0.2699
vn 0.2564 -0.4423 0.8594
vn 0.7397 0.6522 0.1657
vn 0.3672 -0.3318 0.8689
vn 0.7007 0.7121 0.0438
vn 0.4835 -0.1947 0.8534
vn 0.1726 -0.5569 0.8124
vn 0.8691 0.4655 0.1671
vn 0.2925 -0.4838 0.8248
vn 0.8439 0.5324 0.0658
vn 0.4189 -0.3913 0.8194
vn 0.7995 0.5986 -0.0508
vn 0.5516 -0.2730 0.7882
vn 0.7254 0.6620 -0.1887
vn 0.6844 -0.1227 0.7187
vn 0.6047 0.7143 -0.3523
vn 0.8009 0.0608 0.5958
vn 0.4158 0.7353 -0.5352
vn 0.8775 0.2965 0.3769
vn 0.0570 -0.6154 0.7861
vn 0.1508 0.6927 -0.7053
vn 0.8805 0.3973 0.2584
vn 0.7427 -0.2307 0.6287
vn 0.6561 0.6189 -0.4318
vn 0.8690 -0.0656 0.4905
vn 0.4511 0.6697 -0.5899
vn 0.9522 0.1580 0.2615
vn 0.0619 -0.6244 0.7786
vn 0.1636 0.6689 -0.7251
vn 0.9554 0.2584 0.1427
vn 0.1873 -0.5842 0.7897
vn 0.9431 0.3284 0.0528
vn 0.3174 -0.5300 0.7864
vn 0.9157 0.3992 -0.0452
vn 0.4546 -0.4574 0.7643
vn 0.8675 0.4724 -0.1559
vn 0.5985 -0.3601 0.7157
vn 0.7871 0.5475 -0.2841
vn 0.9808 0.1828 -0.0685
vn 0.3301 -0.5790 0.7455
vn 0.9523 0.2579 -0.1629
vn 0.4727 -0.5276 0.7058
vn 0.9021 0.3385 -0.2674
vn 0.6224 -0.4524 0.6387
vn 0.8185 0.4260 -0.3853
vn 0.7723 -0.3453 0.5332
vn 0.6823 0.5176 -0.5162
vn 0.9037 -0.1997 0.3787
vn 0.4692 0.6001 -0.6479
vn 0.9902 0.0111 0.1391
vn 0.0643 -0.6340 0.7707
vn 0.1702 0.6436 -0.7462
vn 0.9936 0.1109 0.0198
vn 0.1947 -0.6131 0.7657
vn 0.6823 0.4144 -0.6022
vn 0.9037 -0.3365 0.2647
vn 0.4692 0.5291 -0.7071
vn 0.9902 -0.1388 0.0142
vn 0.0643 -0.6437 0.7626
vn 0.1702 0.6179 -0.7676
vn 0.9936 -0.0395 -0.1055
vn 0.1947 -0.6425 0.7411
vn 0.9808 0.0344 -0.1922
vn 0.3301 -0.6289 0.7039
vn 0.9523 0.1138 -0.2830
vn 0.4727 -0.5991 0.6462
vn 0.9021 0.2020 -0.3812
vn 0.6224 -0.5466 0.5602
vn 0.8185 0.3022 -0.4885
vn 0.7723 -0.4622 0.4358
vn 0.3174 -0.6779 0.6631
vn 0.9157 -0.0276 -0.4008
vn 0.4546 -0.6693 0.5877
vn 0.8675 0.0681 -0.4928
vn 0.5985 -0.6390 0.4832
vn 0.7871 0.1807 -0.5898
vn 0.7427 -0.5768 0.3402
vn 0.6561 0.3131 -0.6866
vn 0.8690 -0.4706 0.1530
vn 0.4511 0.4595 -0.7651
vn 0.9522 -0.2858 -0.1083
vn 0.0619 -0.6533 0.7546
vn 0.1636 0.5926 -0.7887
vn 0.9554 -0.1869 -0.2284
vn 0.1873 -0.6714 0.7170
vn 0.9431 -0.1112 -0.3135
vn 0.8009 -0.5969 0.0477
vn 0.4158 0.3939 -0.8198
vn 0.8775 -0.4242 -0.2236
vn 0.0570 -0.6623 0.7471
vn 0.1508 0.5688 -0.8085
vn 0.8805 -0.3258 -0.3442
vn 0.1726 -0.6987 0.6943
vn 0.8691 -0.2483 -0.4277
vn 0.2925 -0.7241 0.6246
vn 0.8439 -0.1607 -0.5118
vn 0.4189 -0.7354 0.5327
vn 0.7995 -0.0580 -0.5979
vn 0.5516 -0.7260 0.4107
vn 0.7254 0.0662 -0.6851
vn 0.6844 -0.6848 0.2503
vn 0.6047 0.2177 -0.7661
vn 0.7397 -0.2805 -0.6116
vn 0.3672 -0.7949 0.4831
vn 0.7007 -0.1715 -0.6925
vn 0.4835 -0.8043 0.3454
vn 0.6358 -0.0367 -0.7710
vn 0.5999 -0.7819 0.1693
vn 0.5300 0.1319 -0.8377
vn 0.7020 -0.7107 -0.0471
vn 0.3644 0.3348 -0.8690
vn 0.7692 -0.5488 -0.3275
vn 0.0500 -0.6703 0.7404
vn 0.1322 0.5474 -0.8264
vn 0.7718 -0.4509 -0.4484
vn 0.1513 -0.7232 0.6739
vn 0.7618 -0.3717 -0.5306
vn 0.2564 -0.7656 0.5900
vn 0.2991 0.2846 -0.9108
vn 0.6312 -0.6547 -0.4158
vn 0.0410 -0.6772 0.7346
vn 0.1085 0.5292 -0.8415
vn 0.6334 -0.5572 -0.5370
vn 0.1241 -0.7440 0.6565
vn 0.6252 -0.4766 -0.6180
vn 0.2104 -0.8009 0.5606
vn 0.6071 -0.3824 -0.6966
vn 0.3014 -0.8454 0.4409
vn 0.5751 -0.2680 -0.7729
vn 0.3968 -0.8709 0.2899
vn 0.5218 -0.1243 -0.8440
vn 0.4923 -0.8646 0.1004
vn 0.4350 0.0589 -0.8985
vn 0.5761 -0.8074 -0.1277
vn 0.4273 -0.3439 -0.8361
vn 0.2948 -0.9233 0.2463
vn 0.3877 -0.1931 -0.9013
vn 0.3658 -0.9295 0.0463
vn 0.3232 0.0015 -0.9463
vn 0.4281 -0.8833 -0.1910
vn 0.2222 0.2452 -0.9437
vn 0.4690 -0.7380 -0.4851
vn 0.0305 -0.6826 0.7301
vn 0.0806 0.5149 -0.8535
vn 0.4707 -0.6407 -0.6066
vn 0.0922 -0.7604 0.6429
vn 0.4646 -0.5591 -0.6867
vn 0.1564 -0.8287 0.5375
vn 0.4511 -0.4625 -0.7633
vn 0.2239 -0.8852 0.4078
vn 0.0188 -0.6864 0.7270
vn 0.0496 0.5050 -0.8617
vn 0.2898 -0.6983 -0.6545
vn 0.0568 -0.7717 0.6335
vn 0.2861 -0.6159 -0.7341
vn 0.0963 -0.8478 0.5215
vn 0.2778 -0.5177 -0.8092
vn 0.1379 -0.9126 0.3850
vn 0.2631 -0.3961 -0.8797
vn 0.1815 -0.9593 0.2163
vn 0.2388 -0.2406 -0.9408
vn 0.2253 -0.9743 0.0090
vn 0.1990 -0.0380 -0.9793
vn 0.2636 -0.9357 -0.2346
vn 0.1368 0.2180 -0.9663
vn 0.2888 -0.7953 -0.5329
vn 0.0613 -0.9777 0.2010
vn 0.0806 -0.2647 -0.9610
vn 0.0761 -0.9971 -0.0100
vn 0.0672 -0.0582 -0.9960
vn 0.0890 -0.9623 -0.2568
vn 0.0462 0.2042 -0.9778
vn 0.0975 -0.8246 -0.5573
vn 0.0063 -0.6883 0.7254
vn 0.0168 0.5000 -0.8658
vn 0.0979 -0.7276 -0.6790
vn 0.0192 -0.7774 0.6287
vn 0.0966 -0.6448 -0.7582
vn 0.0325 -0.8575 0.5134
vn 0.0938 -0.5458 -0.8327
vn 0.0466 -0.9265 0.3734
vn 0.0889 -0.4228 -0.9019
vn -0.0979 -0.7276 -0.6790
vn -0.0192 -0.7774 0.6287
vn -0.0966 -0.6448 -0.7582
vn -0.0325 -0.8575 0.5134
vn -0.0938 -0.5458 -0.8327
vn -0.0466 -0.9265 0.3734
vn -0.0889 -0.4228 -0.9019
vn -0.0613 -0.9777 0.2010
vn -0.0806 -0.2647 -0.9609
vn -0.0761 -0.9971 -0.0100
vn -0.0672 -0.0582 -0.9960
vn -0.0890 -0.9623 -0.2568
vn -0.0462 0.2042 -0.9778
vn -0.0975 -0.8246 -0.5573
vn -0.0063 -0.6883 0.7254
vn -0.0168 0.5000 -0.8658
vn -0.2388 -0.2406 -0.9408
vn -0.2253 -0.9743 0.0090
vn -0.1990 -0.0380 -0.9793
vn -0.2636 -0.9357 -0.2346
vn -0.1368 0.2180 -0.9663
vn -0.2888 -0.7953 -0.5329
vn -0.0188 -0.6864 0.7270
vn -0.0496 0.5050 -0.8617
vn -0.2898 -0.6983 -0.6545
vn -0.0568 -0.7717 0.6335
vn -0.2861 -0.6159 -0.7341
vn -0.0963 -0.8478 0.5215
vn -0.2778 -0.5177 -0.8092
vn -0.1379 -0.9126 0.3850
vn -0.2631 -0.3961 -0.8797
vn -0.1815 -0.9593 0.2163
vn -0.0922 -0.7604 0.6429
vn -0.4646 -0.5591 -0.6867
vn -0.1564 -0.8287 0.5375
vn -0.4511 -0.4625 -0.7633
vn -0.2239 -0.8852 0.4078
vn -0.4273 -0.3439 -0.8361
vn -0.2948 -0.9233 0.2463
vn -0.3877 -0.1931 -0.9013
vn -0.3658 -0.9295 0.0463
vn -0.3232 0.0015 -0.9463
vn -0.4281 -0.8833 -0.1910
vn -0.2222 0.2452 -0.9437
vn -0.4690 -0.7380 -0.4851
vn -0.0305 -0.6826 0.7301
vn -0.0806 0.5149 -0.8535
vn -0.4707 -0.6407 -0.6066
vn -0.4923 -0.8646 0.1004
vn -0.4350 0.0589 -0.8985
vn -0.5761 -0.8074 -0.1277
vn -0.2991 0.2846 -0.9108
vn -0.6312 -0.6547 -0.4158
vn -0.0410 -0.6772 0.7346
vn -0.1085 0.5292 -0.8415
vn -0.6334 -0.5572 -0.5370
vn -0.1241 -0.7440 0.6565
vn -0.6252 -0.4766 -0.6180
vn -0.2104 -0.8009 0.5606
vn -0.6071 -0.3824 -0.6966
vn -0.3014 -0.8454 0.4409
vn -0.5751 -0.2680 -0.7729
vn -0.3968 -0.8709 0.2899
vn -0.5218 -0.1243 -0.8440
vn -0.7618 -0.3717 -0.5306
vn -0.2564 -0.7656 0.5900
vn -0.7397 -0.2805 -0.6116
vn -0.3672 -0.7949 0.4831
vn -0.7007 -0.1715 -0.6925
vn -0.4835 -0.8043 0.3454
vn -0.6358 -0.0367 -0.7710
vn -0.5999 -0.7819 0.1693
vn -0.5300 0.1319 -0.8377
vn -0.7020 -0.7107 -0.0471
vn -0.3644 0.3348 -0.8690
vn -0.7692 -0.5488 -0.3275
vn -0.0500 -0.6703 0.7404
vn -0.1322 0.5474 -0.8264
vn -0.7718 -0.4509 -0.4484
vn -0.1513 -0.7232 0.6739
vn -0.6047 0.2177 -0.7661
vn -0.8009 -0.5969 0.0477
vn -0.4158 0.3939 -0.8198
vn -0.8775 -0.4242 -0.2236
vn -0.0570 -0.6623 0.7471
vn -0.1508 0.5688 -0.8085
vn -0.8805 -0.3258 -0.3442
vn -0.1726 -0.6987 0.6943
vn -0.8691 -0.2483 -0.4277
vn -0.2925 -0.7241 0.6246
vn -0.8440 -0.1607 -0.5118
vn -0.4189 -0.7354 0.5327
vn -0.7995 -0.0580 -0.5979
vn -0.5516 -0.7260 0.4107
vn -0.7254 0.0662 -0.6851
vn -0.6844 -0.6848 0.2503
vn -0.9157 -0.0276 -0.4008
vn -0.4546 -0.6693 0.5877
vn -0.8675 0.0681 -0.4928
vn -0.5985 -0.6390 0.4832
vn -0.7871 0.1807 -0.5898
vn -0.7427 -0.5768 0.3402
vn -0.6561 0.3131 -0.6866
vn -0.8690 -0.4706 0.1530
vn -0.4511 0.4595 -0.7651
vn -0.9522 -0.2858 -0.1083
vn -0.0619 -0.6533 0.7546
vn -0.1636 0.5926 -0.7887
vn -0.9554 -0.1869 -0.2284
vn -0.1873 -0.6714 0.7170
vn -0.9431 -0.1112 -0.3135
vn -0.3174 -0.6779 0.6631
vn -0.4691 0.5291 -0.7071
vn -0.9902 -0.1388 0.0142
vn -0.0643 -0.6437 0.7626
vn -0.1702 0.6179 -0.7676
vn -0.9936 -0.0395 -0.1055
vn -0.1947 -0.6425 0.7411
vn -0.9808 0.0344 -0.1922
vn -0.3301 -0.6289 0.7039
vn -0.9523 0.1138 -0.2830
vn -0.4727 -0.5991 0.6462
vn -0.9021 0.2020 -0.3812
vn -0.6224 -0.5466 0.5602
vn -0.8185 0.3022 -0.4885
vn -0.7723 -0.4622 0.4358
vn -0.6823 0.4144 -0.6022
vn -0.9037 -0.3365 0.2647
vn -0.4727 -0.5276 0.7058
vn -0.9021 0.3385 -0.2674
vn -0.6224 -0.4524 0.6387
vn -0.8185 0.4260 -0.3853
vn -0.7723 -0.3453 0.5332
vn -0.6823 0.5176 -0.5162
vn -0.9037 -0.1997 0.3787
vn -0.4692 0.6001 -0.6479
vn -0.9902 0.0111 0.1391
vn -0.0643 -0.6340 0.7707
vn -0.1702 0.6436 -0.7462
vn -0.9936 0.1109 0.0198
vn -0.1947 -0.6131 0.7656
vn -0.9808 0.1828 -0.0685
vn -0.3301 -0.5790 0.7455
vn -0.9523 0.2579 -0.1629
vn -0.9522 0.1580 0.2615
vn -0.0619 -0.6244 0.7786
vn -0.1636 0.6689 -0.7251
vn -0.9554 0.2584 0.1427
vn -0.1873 -0.5842 0.7897
vn -0.9431 0.3284 0.0528
vn -0.3174 -0.5300 0.7864
vn -0.9157 0.3992 -0.0452
vn -0.4546 -0.4574 0.7643
vn -0.8675 0.4724 -0.1559
vn -0.5985 -0.3601 0.7157
vn -0.7871 0.5475 -0.2841
vn -0.7427 -0.2307 0.6287
vn -0.6561 0.6189 -0.4318
vn -0.8690 -0.0656 0.4905
vn -0.4511 0.6697 -0.5899
vn -0.7995 0.5986 -0.0508
vn -0.5516 -0.2730 0.7882
vn -0.7254 0.6620 -0.1887
vn -0.6844 -0.1227 0.7187
vn -0.6047 0.7143 -0.3523
vn -0.8009 0.0608 0.5958
vn -0.4158 0.7353 -0.5352
vn -0.8775 0.2965 0.3769
vn -0.0570 -0.6154 0.7861
vn -0.1508 0.6927 -0.7053
vn -0.8805 0.3973 0.2584
vn -0.1726 -0.5569 0.8124
vn -0.8691 0.4655 0.1671
vn -0.2925 -0.4838 0.8248
vn -0.8440 0.5324 0.0658
vn -0.4189 -0.3913 0.8194
vn -0.0500 -0.6073 0.7929
vn -0.1322 0.7141 -0.6875
vn -0.7718 0.5223 0.3626
vn -0.1513 -0.5324 0.8328
vn -0.7618 0.5889 0.2699
vn -0.2564 -0.4423 0.8594
vn -0.7397 0.6522 0.1657
vn -0.3672 -0.3318 0.8689
vn -0.7007 0.7121 0.0438
vn -0.4835 -0.1947 0.8534
vn -0.6358 0.7650 -0.1029
vn -0.5999 -0.0255 0.7997
vn -0.5300 0.8002 -0.2808
vn -0.7020 0.1745 0.6905
vn -0.3644 0.7943 -0.4860
vn -0.7692 0.4211 0.4807
vn -0.3968 -0.1281 0.9089
vn -0.5218 0.8525 -0.0299
vn -0.4923 0.0571 0.8685
vn -0.4350 0.8732 -0.2199
vn -0.5761 0.2712 0.7711
vn -0.2991 0.8445 -0.4442
vn -0.6312 0.5270 0.5690
vn -0.0410 -0.6005 0.7986
vn -0.1085 0.7323 -0.6723
vn -0.6334 0.6286 0.4512
vn -0.1241 -0.5116 0.8502
vn -0.6252 0.6938 0.3574
vn -0.2104 -0.4070 0.8889
vn -0.6071 0.7541 0.2506
vn -0.3014 -0.2812 0.9111
vn -0.5751 0.8086 0.1243
vn -0.4707 0.7122 0.5208
vn -0.0922 -0.4952 0.8639
vn -0.4646 0.7763 0.4261
vn -0.1564 -0.3792 0.9120
vn -0.4511 0.8342 0.3173
vn -0.2239 -0.2415 0.9442
vn -0.4273 0.8844 0.1875
vn -0.2948 -0.0758 0.9525
vn -0.3877 0.9214 0.0275
vn -0.3658 0.1221 0.9226
vn -0.3232 0.9305 -0.1721
vn -0.4281 0.3471 0.8344
vn -0.2222 0.8840 -0.4113
vn -0.4690 0.6103 0.6384
vn -0.0305 -0.5950 0.8031
vn -0.0806 0.7466 -0.6604
vn -0.2388 0.9688 0.0670
vn -0.2253 0.1668 0.9599
vn -0.1990 0.9701 -0.1392
vn -0.2636 0.3995 0.8780
vn -0.1368 0.9111 -0.3887
vn -0.2888 0.6676 0.6862
vn -0.0188 -0.5913 0.8062
vn -0.0496 0.7565 -0.6521
vn -0.2898 0.7697 0.5688
vn -0.0568 -0.4840 0.8732
vn -0.2861 0.8331 0.4734
vn -0.0963 -0.3601 0.9279
vn -0.2778 0.8893 0.3633
vn -0.1379 -0.2141 0.9670
vn -0.2631 0.9367 0.2310
vn -0.1815 -0.0398 0.9826
vn -0.0966 0.8620 0.4975
vn -0.0325 -0.3504 0.9361
vn -0.0938 0.9174 0.3867
vn -0.0466 -0.2002 0.9787
vn -0.0889 0.9633 0.2532
vn -0.0613 -0.0214 0.9979
vn -0.0806 0.9929 0.0871
vn -0.0761 0.1896 0.9789
vn -0.0672 0.9902 -0.1224
vn -0.0890 0.4262 0.9003
vn -0.0462 0.9250 -0.3772
vn -0.0975 0.6968 0.7106
vn -0.0063 -0.5894 0.8078
vn -0.0168 0.7615 -0.6480
vn -0.0979 0.7991 0.5932
vn -0.0192 -0.4782 0.8780
vn -0.7508 -0.4782 0.4556
vn -0.3826 0.8620 0.3324
vn -0.7944 -0.3504 0.4962
vn -0.2880 0.9174 0.2746
vn -0.8243 -0.2002 0.5296
vn -0.1749 0.9633 0.2036
vn -0.8335 -0.0214 0.5520
vn -0.0351 0.9929 0.1134
vn -0.8097 0.1896 0.5553
vn 0.1396 0.9902 -0.0030
vn -0.7351 0.4262 0.5272
vn 0.3497 0.9250 -0.1486
vn -0.5666 0.6968 0.4397
vn -0.6964 -0.5894 0.4094
vn 0.5695 0.7615 -0.3095
vn -0.4648 0.7991 0.3814
vn -0.4499 0.6676 0.5932
vn -0.6888 -0.5913 0.4194
vn 0.5896 0.7565 -0.2831
vn -0.3477 0.7697 0.5354
vn -0.7278 -0.4840 0.4858
vn -0.2669 0.8331 0.4845
vn -0.7555 -0.3601 0.5474
vn -0.1757 0.8893 0.4222
vn -0.7685 -0.2141 0.6029
vn -0.0685 0.9367 0.3434
vn -0.7602 -0.0398 0.6485
vn 0.0614 0.9688 0.2403
vn -0.7187 0.1668 0.6751
vn 0.2201 0.9701 0.1028
vn -0.6286 0.3995 0.6673
vn 0.4051 0.9111 -0.0758
vn 0.0513 0.8844 0.4638
vn -0.6775 -0.0758 0.7316
vn 0.1701 0.9214 0.3495
vn -0.6161 0.1221 0.7781
vn 0.3107 0.9305 0.1939
vn -0.5086 0.3471 0.7879
vn 0.4673 0.8840 -0.0132
vn -0.3184 0.6103 0.7254
vn -0.6803 -0.5950 0.4280
vn 0.6122 0.7466 -0.2604
vn -0.2157 0.7122 0.6680
vn -0.7020 -0.4952 0.5118
vn -0.1367 0.7763 0.6154
vn -0.7116 -0.3792 0.5914
vn -0.0492 0.8342 0.5493
vn -0.7057 -0.2415 0.6660
vn 0.6365 0.7323 -0.2422
vn -0.0741 0.6286 0.7742
vn -0.6742 -0.5116 0.5326
vn 0.0031 0.6938 0.7201
vn -0.6646 -0.4070 0.6267
vn 0.0865 0.7541 0.6510
vn -0.6383 -0.2812 0.7165
vn 0.1799 0.8086 0.5602
vn -0.5888 -0.1281 0.7981
vn 0.2868 0.8525 0.4369
vn -0.5060 0.0571 0.8606
vn 0.4079 0.8732 0.2667
vn -0.3797 0.2712 0.8845
vn 0.5342 0.8445 0.0369
vn -0.1772 0.5270 0.8312
vn -0.6711 -0.6005 0.4348
vn 0.4070 0.7650 0.4992
vn -0.3926 -0.0255 0.9194
vn 0.5081 0.8002 0.3186
vn -0.2470 0.1745 0.9532
vn 0.6031 0.7943 0.0726
vn -0.0318 0.4211 0.9065
vn -0.6617 -0.6073 0.4397
vn 0.6614 0.7141 -0.2293
vn 0.0719 0.5223 0.8497
vn -0.6456 -0.5324 0.5474
vn 0.1472 0.5889 0.7947
vn -0.6161 -0.4423 0.6518
vn 0.2264 0.6522 0.7235
vn -0.5689 -0.3318 0.7525
vn 0.3124 0.7121 0.6288
vn -0.4974 -0.1947 0.8454
vn -0.6173 -0.5570 0.5557
vn 0.2899 0.4655 0.8362
vn -0.5681 -0.4838 0.6658
vn 0.3650 0.5324 0.7638
vn -0.5001 -0.3913 0.7725
vn 0.4437 0.5986 0.6670
vn -0.4068 -0.2730 0.8718
vn 0.5261 0.6620 0.5338
vn -0.2802 -0.1227 0.9521
vn 0.6074 0.7143 0.3475
vn -0.1155 0.0608 0.9914
vn 0.6714 0.7353 0.0924
vn 0.1123 0.2965 0.9484
vn -0.6523 -0.6154 0.4424
vn 0.6862 0.6927 -0.2220
vn 0.2165 0.3973 0.8918
vn -0.1731 -0.2307 0.9575
vn 0.7020 0.6189 0.3523
vn 0.0097 -0.0656 0.9978
vn 0.7364 0.6697 0.0957
vn 0.2496 0.1580 0.9554
vn -0.6434 -0.6244 0.4429
vn 0.7098 0.6689 -0.2208
vn 0.3542 0.2584 0.8988
vn -0.5903 -0.5842 0.5570
vn 0.4258 0.3284 0.8431
vn -0.5223 -0.5300 0.6681
vn 0.4970 0.3992 0.7705
vn -0.4346 -0.4574 0.7758
vn 0.5687 0.4724 0.6733
vn -0.3205 -0.3601 0.8761
vn 0.6396 0.5475 0.5396
vn 0.5497 0.1828 0.8151
vn -0.4806 -0.5790 0.6586
vn 0.6173 0.2579 0.7433
vn -0.3749 -0.5276 0.7623
vn 0.6827 0.3385 0.6476
vn -0.2419 -0.4524 0.8584
vn 0.7430 0.4260 0.5162
vn -0.0756 -0.3453 0.9355
vn 0.7882 0.5176 0.3328
vn 0.1239 -0.1997 0.9720
vn 0.7957 0.6001 0.0823
vn 0.3747 0.0111 0.9271
vn -0.6353 -0.6340 0.4411
vn 0.7313 0.6436 -0.2257
vn 0.4797 0.1109 0.8704
vn -0.5657 -0.6131 0.5515
vn 0.8627 0.4144 0.2898
vn 0.2226 -0.3365 0.9150
vn 0.8469 0.5291 0.0528
vn 0.4828 -0.1388 0.8647
vn -0.6282 -0.6437 0.4370
vn 0.7499 0.6179 -0.2364
vn 0.5882 -0.0395 0.8078
vn -0.5444 -0.6425 0.5392
vn 0.6568 0.0344 0.7533
vn -0.4446 -0.6289 0.6378
vn 0.7213 0.1138 0.6832
vn -0.3233 -0.5991 0.7325
vn 0.7812 0.2020 0.5907
vn -0.1739 -0.5466 0.8191
vn 0.8324 0.3022 0.4646
vn 0.0088 -0.4622 0.8868
vn -0.4155 -0.6779 0.6064
vn 0.8050 -0.0276 0.5926
vn -0.2817 -0.6693 0.6875
vn 0.8605 0.0681 0.5049
vn -0.1192 -0.6390 0.7599
vn 0.9043 0.1807 0.3868
vn 0.0767 -0.5768 0.8133
vn 0.9227 0.3131 0.2249
vn 0.3020 -0.4706 0.8290
vn 0.8882 0.4595 0.0081
vn 0.5698 -0.2858 0.7705
vn -0.6226 -0.6533 0.4309
vn 0.7648 0.5926 -0.2526
vn 0.6755 -0.1869 0.7132
vn -0.5273 -0.6714 0.5207
vn 0.7430 -0.1112 0.6600
vn 0.3592 -0.5969 0.7174
vn 0.9178 0.3939 -0.0498
vn 0.6324 -0.4242 0.6481
vn -0.6185 -0.6623 0.4229
vn 0.7756 0.5688 -0.2737
vn 0.7383 -0.3258 0.5905
vn -0.5150 -0.6987 0.4966
vn 0.8050 -0.2483 0.5388
vn -0.3947 -0.7241 0.5656
vn 0.8652 -0.1607 0.4750
vn -0.2518 -0.7354 0.6291
vn 0.9175 -0.0580 0.3934
vn -0.0799 -0.7260 0.6830
vn 0.9560 0.0662 0.2856
vn 0.1255 -0.6848 0.7179
vn 0.9658 0.2177 0.1406
vn 0.8996 -0.2805 0.3348
vn -0.2348 -0.7949 0.5596
vn 0.9501 -0.1715 0.2606
vn -0.0574 -0.8043 0.5914
vn 0.9856 -0.0367 0.1651
vn 0.1534 -0.7819 0.6042
vn 0.9905 0.1319 0.0402
vn 0.3918 -0.7107 0.5844
vn 0.9347 0.3348 -0.1189
vn 0.6682 -0.5488 0.5024
vn -0.6162 -0.6704 0.4135
vn 0.7817 0.5474 -0.2987
vn 0.7742 -0.4509 0.4442
vn -0.5080 -0.7232 0.4679
vn 0.8404 -0.3717 0.3945
vn -0.3828 -0.7656 0.5171
vn 0.9383 0.2846 -0.1964
vn 0.6757 -0.6547 0.3388
vn -0.6157 -0.6772 0.4028
vn 0.7830 0.5292 -0.3268
vn 0.7817 -0.5572 0.2801
vn -0.5065 -0.7440 0.4358
vn 0.8478 -0.4766 0.2324
vn -0.3803 -0.8009 0.4625
vn 0.9068 -0.3824 0.1775
vn -0.2312 -0.8454 0.4814
vn 0.9569 -0.2680 0.1116
vn -0.0527 -0.8709 0.4886
vn 0.9918 -0.1243 0.0299
vn 0.1592 -0.8646 0.4766
vn 0.9956 0.0589 -0.0726
vn 0.3986 -0.8074 0.4351
vn 0.9378 -0.3439 -0.0480
vn -0.0659 -0.9233 0.3785
vn 0.9744 -0.1931 -0.1149
vn 0.1428 -0.9295 0.3400
vn 0.9811 0.0015 -0.1933
vn 0.3794 -0.8833 0.2752
vn 0.9283 0.2452 -0.2794
vn 0.6547 -0.7380 0.1636
vn -0.6171 -0.6827 0.3914
vn 0.7794 0.5149 -0.3569
vn 0.7606 -0.6407 0.1043
vn -0.5106 -0.7604 0.4013
vn 0.8270 -0.5591 0.0590
vn -0.3873 -0.8287 0.4041
vn 0.8866 -0.4625 0.0090
vn -0.2412 -0.8852 0.3978
vn -0.6202 -0.6864 0.3798
vn 0.7710 0.5050 -0.3878
vn 0.7118 -0.6983 -0.0763
vn -0.5202 -0.7717 0.3659
vn 0.7788 -0.6159 -0.1193
vn -0.4035 -0.8478 0.3441
vn 0.8397 -0.5177 -0.1640
vn -0.2645 -0.9126 0.3119
vn 0.8934 -0.3961 -0.2119
vn -0.0965 -0.9593 0.2654
vn 0.9341 -0.2406 -0.2636
vn 0.1048 -0.9743 0.1996
vn 0.9476 -0.0380 -0.3173
vn 0.3350 -0.9357 0.1110
vn 0.9053 0.2180 -0.3646
vn 0.6059 -0.7953 -0.0163
vn -0.1434 -0.9777 0.1536
vn 0.8725 -0.2647 -0.4107
vn 0.0467 -0.9971 0.0609
vn 0.8962 -0.0582 -0.4398
vn 0.2669 -0.9623 -0.0513
vn 0.8699 0.2042 -0.4489
vn 0.5314 -0.8246 -0.1942
vn -0.6251 -0.6883 0.3682
vn 0.7582 0.5000 -0.4184
vn 0.6369 -0.7276 -0.2547
vn -0.5349 -0.7774 0.3310
vn 0.7049 -0.6448 -0.2954
vn -0.4284 -0.8575 0.2849
vn 0.7680 -0.5458 -0.3351
vn -0.3001 -0.9265 0.2270
vn 0.8255 -0.4228 -0.3740
vn 0.5391 -0.7276 -0.4242
vn -0.5541 -0.7774 0.2977
vn 0.6083 -0.6448 -0.4628
vn -0.4609 -0.8575 0.2285
vn 0.6742 -0.5458 -0.4976
vn -0.3466 -0.9265 0.1464
vn 0.7366 -0.4228 -0.5279
vn -0.2047 -0.9777 0.0474
vn 0.7919 -0.2647 -0.5503
vn -0.0294 -0.9971 -0.0709
vn 0.8290 -0.0582 -0.5562
vn 0.1779 -0.9623 -0.2055
vn 0.8237 0.2042 -0.5289
vn 0.4339 -0.8246 -0.3631
vn -0.6314 -0.6883 0.3572
vn 0.7415 0.5000 -0.4474
vn 0.6954 -0.2406 -0.6772
vn -0.1205 -0.9743 -0.1906
vn 0.7485 -0.0380 -0.6620
vn 0.0714 -0.9357 -0.3456
vn 0.7684 0.2180 -0.6017
vn 0.3171 -0.7953 -0.5166
vn -0.6390 -0.6864 0.3473
vn 0.7214 0.5050 -0.4738
vn 0.4219 -0.6983 -0.5783
vn -0.5770 -0.7717 0.2676
vn 0.4927 -0.6159 -0.6148
vn -0.4998 -0.8478 0.1774
vn 0.5619 -0.5177 -0.6452
vn -0.4024 -0.9126 0.0731
vn 0.6302 -0.3961 -0.6677
vn -0.2781 -0.9593 -0.0491
vn -0.6029 -0.7604 0.2416
vn 0.3625 -0.5591 -0.7457
vn -0.5436 -0.8287 0.1333
vn 0.4355 -0.4625 -0.7723
vn -0.4651 -0.8852 0.0100
vn 0.5105 -0.3439 -0.7881
vn -0.3607 -0.9233 -0.1322
vn 0.5867 -0.1931 -0.7864
vn -0.2230 -0.9295 -0.2937
vn 0.6579 0.0015 -0.7531
vn -0.0486 -0.8833 -0.4662
vn 0.7061 0.2452 -0.6643
vn 0.1856 -0.7380 -0.6488
vn -0.6475 -0.6826 0.3387
vn 0.6988 0.5149 -0.4965
vn 0.2900 -0.6407 -0.7109
vn -0.3331 -0.8646 -0.3762
vn 0.5607 0.0589 -0.8260
vn -0.1775 -0.8074 -0.5627
vn 0.6392 0.2846 -0.7144
vn 0.0444 -0.6547 -0.7545
vn -0.6567 -0.6772 0.3318
vn 0.6745 0.5292 -0.5147
vn 0.1483 -0.5572 -0.8170
vn -0.6306 -0.7440 0.2208
vn 0.2226 -0.4766 -0.8504
vn -0.5907 -0.8009 0.0981
vn 0.2997 -0.3824 -0.8740
vn -0.5325 -0.8454 -0.0405
vn 0.3818 -0.2680 -0.8845
vn -0.4495 -0.8709 -0.1986
vn 0.4700 -0.1243 -0.8739
vn 0.0786 -0.3717 -0.9250
vn -0.6392 -0.7656 0.0730
vn 0.1598 -0.2805 -0.9464
vn -0.6020 -0.7949 -0.0765
vn 0.2493 -0.1715 -0.9531
vn -0.5409 -0.8043 -0.2460
vn 0.3498 -0.0367 -0.9361
vn -0.4466 -0.7819 -0.4349
vn 0.4604 0.1319 -0.8778
vn -0.3102 -0.7107 -0.6315
vn 0.5703 0.3348 -0.7501
vn -0.1010 -0.5488 -0.8298
vn -0.6662 -0.6704 0.3269
vn 0.6496 0.5474 -0.5277
vn 0.0024 -0.4509 -0.8926
vn -0.6592 -0.7232 0.2060
vn 0.3611 0.2177 -0.9067
vn -0.4417 -0.5969 -0.6697
vn 0.5021 0.3939 -0.7699
vn -0.2451 -0.4242 -0.8718
vn -0.6755 -0.6623 0.3242
vn 0.6248 0.5688 -0.5349
vn -0.1422 -0.3258 -0.9347
vn -0.6876 -0.6987 0.1977
vn -0.0641 -0.2483 -0.9666
vn -0.6872 -0.7241 0.0590
vn 0.0212 -0.1607 -0.9868
vn -0.6708 -0.7354 -0.0965
vn 0.1181 -0.0580 -0.9913
vn -0.6315 -0.7260 -0.2723
vn 0.2307 0.0662 -0.9708
vn -0.5590 -0.6848 -0.4676
vn -0.1107 -0.0276 -0.9935
vn -0.7363 -0.6693 -0.0998
vn -0.0070 0.0681 -0.9977
vn -0.7177 -0.6390 -0.2767
vn 0.1172 0.1807 -0.9765
vn -0.6660 -0.5768 -0.4730
vn 0.2666 0.3131 -0.9115
vn -0.5670 -0.4706 -0.6761
vn 0.4370 0.4595 -0.7732
vn -0.3823 -0.2858 -0.8787
vn -0.6844 -0.6533 0.3237
vn 0.6012 0.5926 -0.5361
vn -0.2799 -0.1869 -0.9417
vn -0.7146 -0.6714 0.1963
vn -0.2001 -0.1112 -0.9735
vn -0.7330 -0.6779 0.0567
vn 0.3778 0.5291 -0.7598
vn -0.5074 -0.1388 -0.8505
vn -0.6926 -0.6437 0.3256
vn 0.5797 0.6179 -0.5312
vn -0.4054 -0.0395 -0.9133
vn -0.7392 -0.6425 0.2019
vn -0.3240 0.0344 -0.9454
vn -0.7747 -0.6289 0.0661
vn -0.2311 0.1138 -0.9663
vn -0.7960 -0.5991 -0.0863
vn -0.1209 0.2020 -0.9719
vn -0.7963 -0.5466 -0.2589
vn 0.0138 0.3022 -0.9532
vn -0.7636 -0.4622 -0.4510
vn 0.1804 0.4144 -0.8920
vn -0.6811 -0.3365 -0.6503
vn -0.8476 -0.5276 -0.0565
vn -0.2195 0.3385 -0.9150
vn -0.8643 -0.4524 -0.2197
vn -0.0756 0.4260 -0.9015
vn -0.8479 -0.3453 -0.4023
vn 0.1059 0.5176 -0.8490
vn -0.7798 -0.1997 -0.5933
vn 0.3265 0.6001 -0.7303
vn -0.6156 0.0111 -0.7880
vn -0.6996 -0.6340 0.3296
vn 0.5611 0.6436 -0.5205
vn -0.5139 0.1109 -0.8506
vn -0.7604 -0.6131 0.2142
vn -0.4311 0.1828 -0.8836
vn -0.8107 -0.5790 0.0869
vn -0.3351 0.2579 -0.9062
vn -0.7026 0.1580 -0.6938
vn -0.7052 -0.6244 0.3357
vn 0.5462 0.6689 -0.5043
vn -0.6013 0.2584 -0.7561
vn -0.7776 -0.5842 0.2327
vn -0.5173 0.3284 -0.7903
vn -0.8397 -0.5300 0.1183
vn -0.4188 0.3992 -0.8156
vn -0.8892 -0.4574 -0.0115
vn -0.2988 0.4724 -0.8292
vn -0.9190 -0.3601 -0.1605
vn -0.1475 0.5475 -0.8237
vn -0.9158 -0.2307 -0.3288
vn 0.0459 0.6189 -0.7841
vn -0.8593 -0.0656 -0.5073
vn 0.2853 0.6697 -0.6856
vn -0.3558 0.5986 -0.7177
vn -0.9584 -0.2730 -0.0836
vn -0.1993 0.6620 -0.7226
vn -0.9646 -0.1227 -0.2334
vn 0.0028 0.7143 -0.6998
vn -0.9164 0.0608 -0.3957
vn 0.2556 0.7353 -0.6277
vn -0.7652 0.2965 -0.5715
vn -0.7093 -0.6154 0.3437
vn 0.5354 0.6927 -0.4833
vn -0.6641 0.3973 -0.6334
vn -0.7899 -0.5569 0.2568
vn -0.5793 0.4655 -0.6692
vn -0.8606 -0.4838 0.1591
vn -0.4790 0.5324 -0.6980
vn -0.9191 -0.3913 0.0469
vn -0.7116 -0.6073 0.3531
vn 0.5293 0.7141 -0.4582
vn -0.6999 0.5223 -0.4871
vn -0.7969 -0.5324 0.2854
vn -0.6147 0.5889 -0.5248
vn -0.8725 -0.4423 0.2077
vn -0.5133 0.6522 -0.5578
vn -0.9361 -0.3318 0.1165
vn -0.3883 0.7121 -0.5849
vn -0.9808 -0.1947 0.0080
vn -0.2288 0.7650 -0.6021
vn -0.9925 -0.0255 -0.1197
vn -0.0219 0.8002 -0.5994
vn -0.9490 0.1745 -0.2627
vn 0.2387 0.7943 -0.5586
vn -0.8009 0.4211 -0.4257
vn -0.9855 -0.1281 0.1109
vn -0.2350 0.8525 -0.4668
vn -0.9983 0.0571 0.0079
vn -0.0270 0.8732 -0.4866
vn -0.9558 0.2712 -0.1134
vn 0.2352 0.8445 -0.4811
vn -0.8084 0.5270 -0.2621
vn -0.7121 -0.6004 0.3638
vn 0.5280 0.7323 -0.4301
vn -0.7075 0.6286 -0.3229
vn -0.7984 -0.5116 0.3176
vn -0.6221 0.6938 -0.3628
vn -0.8750 -0.4070 0.2622
vn -0.5205 0.7541 -0.4005
vn -0.9397 -0.2812 0.1946
vn -0.3952 0.8086 -0.4359
vn -0.6864 0.7122 -0.1472
vn -0.7942 -0.4952 0.3520
vn -0.6013 0.7763 -0.1893
vn -0.8680 -0.3792 0.3206
vn -0.5003 0.8342 -0.2320
vn -0.9297 -0.2415 0.2782
vn -0.3760 0.8844 -0.2763
vn -0.9723 -0.0758 0.2209
vn -0.2176 0.9214 -0.3221
vn -0.9819 0.1221 0.1445
vn -0.0126 0.9305 -0.3660
vn -0.9367 0.3471 0.0465
vn 0.2451 0.8840 -0.3981
vn -0.7874 0.6103 -0.0870
vn -0.7108 -0.5950 0.3752
vn 0.5316 0.7466 -0.4000
vn -0.1774 0.9688 -0.1733
vn -0.9439 0.1668 0.2849
vn 0.0210 0.9701 -0.2420
vn -0.8922 0.3995 0.2107
vn 0.2682 0.9111 -0.3129
vn -0.7387 0.6676 0.0930
vn -0.7076 -0.5913 0.3869
vn 0.5400 0.7565 -0.3691
vn -0.6375 0.7697 0.0334
vn -0.7847 -0.4840 0.3874
vn -0.5530 0.8331 -0.0110
vn -0.8518 -0.3601 0.3806
vn -0.4535 0.8893 -0.0589
vn -0.9064 -0.2141 0.3641
vn -0.3316 0.9367 -0.1124
vn -0.9417 -0.0398 0.3341
vn -0.4792 0.8620 0.1651
vn -0.8269 -0.3504 0.4399
vn -0.3818 0.9174 0.1121
vn -0.8708 -0.2002 0.4490
vn -0.2637 0.9633 0.0497
vn -0.8948 -0.0214 0.4459
vn -0.1157 0.9929 -0.0263
vn -0.8858 0.1896 0.4236
vn 0.0724 0.9902 -0.1194
vn -0.8242 0.4262 0.3730
vn 0.3035 0.9250 -0.2286
vn -0.6641 0.6968 0.2708
vn -0.7028 -0.5894 0.3984
vn 0.5528 0.7615 -0.3385
vn -0.5627 0.7991 0.2119
vn -0.7700 -0.4782 0.4224
vn -0.7700 -0.4782 -0.4224
vn -0.4792 0.8620 -0.1651
vn -0.8269 -0.3504 -0.4399
vn -0.3818 0.9174 -0.1121
vn -0.8708 -0.2002 -0.4490
vn -0.2637 0.9633 -0.0497
vn -0.8948 -0.0214 -0.4459
vn -0.1157 0.9929 0.0263
vn -0.8858 0.1896 -0.4236
vn 0.0724 0.9902 0.1194
vn -0.8242 0.4262 -0.3730
vn 0.3035 0.9250 0.2286
vn -0.6641 0.6968 -0.2708
vn -0.7028 -0.5894 -0.3984
vn 0.5528 0.7615 0.3385
vn -0.5627 0.7991 -0.2119
vn -0.7387 0.6676 -0.0930
vn -0.7076 -0.5913 -0.3868
vn 0.5400 0.7565 0.3691
vn -0.6375 0.7697 -0.0334
vn -0.7847 -0.4840 -0.3874
vn -0.5530 0.8331 0.0110
vn -0.8518 -0.3601 -0.3806
vn -0.4535 0.8893 0.0589
vn -0.9064 -0.2141 -0.3641
vn -0.3316 0.9367 0.1124
vn -0.9417 -0.0398 -0.3341
vn -0.1774 0.9688 0.1733
vn -0.9439 0.1668 -0.2849
vn 0.0210 0.9701 0.2420
vn -0.8922 0.3995 -0.2107
vn 0.2682 0.9111 0.3129
vn -0.3760 0.8844 0.2763
vn -0.9723 -0.0758 -0.2209
vn -0.2176 0.9214 0.3221
vn -0.9819 0.1221 -0.1445
vn -0.0126 0.9305 0.3660
vn -0.9367 0.3471 -0.0465
vn 0.2451 0.8840 0.3981
vn -0.7874 0.6103 0.0870
vn -0.7108 -0.5950 -0.3752
vn 0.5316 0.7466 0.4000
vn -0.6864 0.7122 0.1472
vn -0.7942 -0.4952 -0.3520
vn -0.6013 0.7763 0.1893
vn -0.8680 -0.3792 -0.3206
vn -0.5003 0.8342 0.2320
vn -0.9297 -0.2415 -0.2782
vn 0.5280 0.7323 0.4301
vn -0.7075 0.6286 0.3229
vn -0.7984 -0.5116 -0.3176
vn -0.6221 0.6938 0.3628
vn -0.8750 -0.4070 -0.2622
vn -0.5205 0.7541 0.4005
vn -0.9397 -0.2812 -0.1946
vn -0.3952 0.8086 0.4359
vn -0.9855 -0.1281 -0.1109
vn -0.2350 0.8525 0.4668
vn -0.9983 0.0571 -0.0079
vn -0.0270 0.8732 0.4866
vn -0.9558 0.2712 0.1134
vn 0.2352 0.8445 0.4811
vn -0.8084 0.5270 0.2621
vn -0.7121 -0.6005 -0.3638
vn -0.2288 0.7650 0.6021
vn -0.9925 -0.0255 0.1197
vn -0.0219 0.8002 0.5994
vn -0.9490 0.1745 0.2627
vn 0.2387 0.7943 0.5586
vn -0.8009 0.4211 0.4257
vn -0.7116 -0.6073 -0.3532
vn 0.5293 0.7141 0.4582
vn -0.6999 0.5223 0.4871
vn -0.7969 -0.5324 -0.2854
vn -0.6147 0.5889 0.5248
vn -0.8725 -0.4423 -0.2077
vn -0.5133 0.6522 0.5578
vn -0.9361 -0.3318 -0.1165
vn -0.3883 0.7121 0.5849
vn -0.9808 -0.1947 -0.0080
vn -0.7899 -0.5569 -0.2568
vn -0.5793 0.4655 0.6692
vn -0.8606 -0.4838 -0.1591
vn -0.4790 0.5324 0.6980
vn -0.9191 -0.3913 -0.0469
vn -0.3558 0.5986 0.7177
vn -0.9584 -0.2730 0.0836
vn -0.1993 0.6620 0.7226
vn -0.9646 -0.1227 0.2334
vn 0.0028 0.7143 0.6998
vn -0.9164 0.0608 0.3957
vn 0.2557 0.7353 0.6277
vn -0.7652 0.2965 0.5715
vn -0.7093 -0.6154 -0.3437
vn 0.5354 0.6927 0.4833
vn -0.6641 0.3973 0.6334
vn -0.9158 -0.2307 0.3288
vn 0.0459 0.6189 0.7841
vn -0.8593 -0.0656 0.5073
vn 0.2853 0.6697 0.6856
vn -0.7026 0.1580 0.6938
vn -0.7052 -0.6244 -0.3357
vn 0.5462 0.6689 0.5043
vn -0.6013 0.2584 0.7561
vn -0.7776 -0.5842 -0.2327
vn -0.5173 0.3284 0.7903
vn -0.8397 -0.5300 -0.1183
vn -0.4188 0.3992 0.8156
vn -0.8892 -0.4574 0.0115
vn -0.2988 0.4724 0.8292
vn -0.9190 -0.3601 0.1605
vn -0.1475 0.5475 0.8237
vn -0.4311 0.1828 0.8836
vn -0.8107 -0.5790 -0.0869
vn -0.3351 0.2579 0.9062
vn -0.8476 -0.5276 0.0565
vn -0.2195 0.3385 0.9150
vn -0.8643 -0.4524 0.2197
vn -0.0756 0.4260 0.9015
vn -0.8479 -0.3453 0.4023
vn 0.1059 0.5176 0.8490
vn -0.7798 -0.1997 0.5933
vn 0.3265 0.6001 0.7303
vn -0.6156 0.0111 0.7880
vn -0.6996 -0.6340 -0.3296
vn 0.5611 0.6436 0.5205
vn -0.5139 0.1109 0.8506
vn -0.7604 -0.6131 -0.2142
vn 0.1804 0.4144 0.8920
vn -0.6811 -0.3365 0.6503
vn 0.3778 0.5291 0.7598
vn -0.5074 -0.1388 0.8505
vn -0.6926 -0.6437 -0.3256
vn 0.5797 0.6179 0.5312
vn -0.4054 -0.0395 0.9133
vn -0.7392 -0.6425 -0.2019
vn -0.3240 0.0344 0.9454
vn -0.7747 -0.6289 -0.0661
vn -0.2311 0.1138 0.9663
vn -0.7960 -0.5991 0.0863
vn -0.1209 0.2020 0.9719
vn -0.7963 -0.5466 0.2589
vn 0.0138 0.3022 0.9532
vn -0.7636 -0.4622 0.4510
vn -0.7330 -0.6779 -0.0567
vn -0.1107 -0.0276 0.9935
vn -0.7363 -0.6693 0.0998
vn -0.0070 0.0681 0.9977
vn -0.7177 -0.6390 0.2767
vn 0.1172 0.1807 0.9765
vn -0.6660 -0.5768 0.4730
vn 0.2666 0.3131 0.9115
vn -0.5670 -0.4706 0.6761
vn 0.4370 0.4595 0.7732
vn -0.3823 -0.2858 0.8787
vn -0.6844 -0.6533 -0.3237
vn 0.6012 0.5926 0.5361
vn -0.2799 -0.1869 0.9417
vn -0.7146 -0.6714 -0.1963
vn -0.2001 -0.1112 0.9735
vn -0.4417 -0.5969 0.6697
vn 0.5021 0.3939 0.7699
vn -0.2451 -0.4242 0.8718
vn -0.6755 -0.6623 -0.3242
vn 0.6248 0.5688 0.5349
vn -0.1422 -0.3258 0.9347
vn -0.6876 -0.6987 -0.1977
vn -0.0641 -0.2483 0.9666
vn -0.6872 -0.7241 -0.0590
vn 0.0212 -0.1607 0.9868
vn -0.6708 -0.7354 0.0965
vn 0.1181 -0.0580 0.9913
vn -0.6315 -0.7260 0.2723
vn 0.2307 0.0662 0.9708
vn -0.5590 -0.6848 0.4676
vn 0.3611 0.2177 0.9067
vn 0.1598 -0.2805 0.9464
vn -0.6020 -0.7949 0.0765
vn 0.2493 -0.1715 0.9531
vn -0.5409 -0.8043 0.2460
vn 0.3498 -0.0367 0.9361
vn -0.4466 -0.7819 0.4349
vn 0.4604 0.1319 0.8778
vn -0.3102 -0.7107 0.6315
vn 0.5703 0.3348 0.7501
vn -0.1010 -0.5488 0.8298
vn -0.6662 -0.6704 -0.3269
vn 0.6495 0.5474 0.5277
vn 0.0024 -0.4509 0.8926
vn -0.6592 -0.7232 -0.2060
vn 0.0786 -0.3717 0.9250
vn -0.6392 -0.7656 -0.0730
vn 0.6392 0.2846 0.7144
vn 0.0444 -0.6547 0.7545
vn -0.6567 -0.6772 -0.3318
vn 0.6745 0.5292 0.5147
vn 0.1483 -0.5572 0.8170
vn -0.6306 -0.7440 -0.2208
vn 0.2226 -0.4766 0.8504
vn -0.5907 -0.8009 -0.0981
vn 0.2997 -0.3824 0.8740
vn -0.5325 -0.8454 0.0405
vn 0.3818 -0.2680 0.8845
vn -0.4495 -0.8709 0.1986
vn 0.4700 -0.1243 0.8739
vn -0.3331 -0.8646 0.3762
vn 0.5607 0.0589 0.8260
vn -0.1775 -0.8074 0.5627
vn 0.5105 -0.3439 0.7881
vn -0.3607 -0.9233 0.1322
vn 0.5867 -0.1931 0.7864
vn -0.2230 -0.9295 0.2937
vn 0.6579 0.0015 0.7531
vn -0.0486 -0.8833 0.4662
vn 0.7061 0.2452 0.6643
vn 0.1856 -0.7380 0.6488
vn -0.6475 -0.6827 -0.3387
vn 0.6988 0.5149 0.4965
vn 0.2900 -0.6407 0.7109
vn -0.6029 -0.7604 -0.2416
vn 0.3625 -0.5591 0.7457
vn -0.5436 -0.8287 -0.1333
vn 0.4355 -0.4625 0.7723
vn -0.4651 -0.8852 -0.0100
vn -0.6390 -0.6864 -0.3473
vn 0.7214 0.5050 0.4738
vn 0.4219 -0.6983 0.5783
vn -0.5770 -0.7717 -0.2676
vn 0.4927 -0.6159 0.6148
vn -0.4998 -0.8478 -0.1774
vn 0.5619 -0.5177 0.6452
vn -0.4024 -0.9126 -0.0731
vn 0.6302 -0.3961 0.6677
vn -0.2781 -0.9593 0.0491
vn 0.6954 -0.2406 0.6772
vn -0.1205 -0.9743 0.1906
vn 0.7485 -0.0380 0.6620
vn 0.0714 -0.9357 0.3456
vn 0.7684 0.2180 0.6017
vn 0.3171 -0.7953 0.5166
vn -0.2047 -0.9777 -0.0474
vn 0.7919 -0.2647 0.5503
vn -0.0294 -0.9971 0.0709
vn 0.8290 -0.0582 0.5562
vn 0.1779 -0.9623 0.2055
vn 0.8237 0.2042 0.5289
vn 0.4339 -0.8246 0.3631
vn -0.6314 -0.6883 -0.3572
vn 0.7415 0.5000 0.4474
vn 0.5391 -0.7276 0.4242
vn -0.5541 -0.7774 -0.2977
vn 0.6083 -0.6448 0.4628
vn -0.4609 -0.8575 -0.2285
vn 0.6742 -0.5458 0.4976
vn -0.3466 -0.9265 -0.1464
vn 0.7366 -0.4228 0.5279
vn 0.6369 -0.7276 0.2547
vn -0.5349 -0.7774 -0.3310
vn 0.7049 -0.6448 0.2954
vn -0.4284 -0.8575 -0.2849
vn 0.7680 -0.5458 0.3351
vn -0.3001 -0.9265 -0.2270
vn 0.8255 -0.4228 0.3740
vn -0.1434 -0.9777 -0.1536
vn 0.8725 -0.2647 0.4107
vn 0.0467 -0.9971 -0.0609
vn 0.8962 -0.0582 0.4398
vn 0.2669 -0.9623 0.0513
vn 0.8699 0.2042 0.4489
vn 0.5314 -0.8246 0.1942
vn -0.6251 -0.6883 -0.3682
vn 0.7582 0.5000 0.4184
vn 0.9341 -0.2406 0.2636
vn 0.1048 -0.9743 -0.1996
vn 0.9476 -0.0380 0.3173
vn 0.3350 -0.9357 -0.1110
vn 0.9053 0.2180 0.3646
vn 0.6059 -0.7953 0.0163
vn -0.6202 -0.6864 -0.3798
vn 0.7710 0.5050 0.3878
vn 0.7118 -0.6983 0.0763
vn -0.5202 -0.7717 -0.3659
vn 0.7788 -0.6159 0.1193
vn -0.4035 -0.8478 -0.3442
vn 0.8397 -0.5177 0.1640
vn -0.2645 -0.9126 -0.3119
vn 0.8934 -0.3961 0.2119
vn -0.0965 -0.9593 -0.2654
vn -0.5106 -0.7604 -0.4013
vn 0.8270 -0.5591 -0.0590
vn -0.3873 -0.8287 -0.4041
vn 0.8866 -0.4625 -0.0090
vn -0.2412 -0.8852 -0.3978
vn 0.9378 -0.3439 0.0480
vn -0.0659 -0.9233 -0.3785
vn 0.9744 -0.1932 0.1149
vn 0.1428 -0.9295 -0.3400
vn 0.9811 0.0015 0.1933
vn 0.3794 -0.8833 -0.2752
vn 0.9283 0.2452 0.2794
vn 0.6547 -0.7380 -0.1636
vn -0.6171 -0.6827 -0.3914
vn 0.7794 0.5149 0.3569
vn 0.7606 -0.6407 -0.1043
vn 0.1592 -0.8646 -0.4766
vn 0.9956 0.0589 0.0726
vn 0.3986 -0.8074 -0.4351
vn 0.9383 0.2846 0.1964
vn 0.6757 -0.6547 -0.3388
vn -0.6157 -0.6772 -0.4028
vn 0.7830 0.5292 0.3268
vn 0.7817 -0.5572 -0.2801
vn -0.5065 -0.7440 -0.4358
vn 0.8478 -0.4766 -0.2324
vn -0.3803 -0.8009 -0.4625
vn 0.9068 -0.3824 -0.1775
vn -0.2312 -0.8454 -0.4814
vn 0.9569 -0.2680 -0.1116
vn -0.0527 -0.8709 -0.4886
vn 0.9918 -0.1243 -0.0299
vn 0.8404 -0.3717 -0.3945
vn -0.3828 -0.7656 -0.5171
vn 0.8996 -0.2805 -0.3348
vn -0.2348 -0.7949 -0.5596
vn 0.9501 -0.1715 -0.2606
vn -0.0574 -0.8043 -0.5914
vn 0.9856 -0.0367 -0.1651
vn 0.1534 -0.7819 -0.6042
vn 0.9905 0.1319 -0.0402
vn 0.3918 -0.7107 -0.5844
vn 0.9347 0.3348 0.1189
vn 0.6682 -0.5488 -0.5024
vn -0.6162 -0.6704 -0.4135
vn 0.7817 0.5474 0.2987
vn 0.7742 -0.4509 -0.4442
vn -0.5080 -0.7232 -0.4679
vn 0.9658 0.2177 -0.1406
vn 0.3592 -0.5969 -0.7174
vn 0.9178 0.3939 0.0498
vn 0.6324 -0.4242 -0.6481
vn -0.6185 -0.6623 -0.4229
vn 0.7756 0.5688 0.2737
vn 0.7383 -0.3258 -0.5905
vn -0.5150 -0.6987 -0.4966
vn 0.8050 -0.2483 -0.5388
vn -0.3947 -0.7241 -0.5657
vn 0.8652 -0.1607 -0.4750
vn -0.2518 -0.7354 -0.6291
vn 0.9175 -0.0580 -0.3934
vn -0.0799 -0.7260 -0.6830
vn 0.9560 0.0662 -0.2856
vn 0.1255 -0.6848 -0.7179
vn 0.8050 -0.0276 -0.5926
vn -0.2817 -0.6693 -0.6875
vn 0.8605 0.0681 -0.5049
vn -0.1192 -0.6390 -0.7599
vn 0.9043 0.1807 -0.3868
vn 0.0767 -0.5768 -0.8133
vn 0.9227 0.3131 -0.2249
vn 0.3020 -0.4706 -0.8290
vn 0.8882 0.4595 -0.0081
vn 0.5698 -0.2858 -0.7705
vn -0.6226 -0.6533 -0.4309
vn 0.7648 0.5926 0.2526
vn 0.6755 -0.1869 -0.7132
vn -0.5273 -0.6714 -0.5207
vn 0.7430 -0.1112 -0.6600
vn -0.4155 -0.6779 -0.6064
vn 0.8469 0.5291 -0.0528
vn 0.4828 -0.1388 -0.8647
vn -0.6282 -0.6437 -0.4370
vn 0.7499 0.6179 0.2364
vn 0.5882 -0.0395 -0.8078
vn -0.5444 -0.6425 -0.5392
vn 0.6568 0.0344 -0.7533
vn -0.4446 -0.6289 -0.6378
vn 0.7213 0.1138 -0.6832
vn -0.3233 -0.5991 -0.7325
vn 0.7812 0.2020 -0.5907
vn -0.1739 -0.5466 -0.8191
vn 0.8324 0.3022 -0.4646
vn 0.0088 -0.4622 -0.8868
vn 0.8627 0.4144 -0.2898
vn 0.2226 -0.3365 -0.9150
vn -0.3749 -0.5276 -0.7623
vn 0.6827 0.3385 -0.6476
vn -0.2419 -0.4524 -0.8584
vn 0.7430 0.4260 -0.5162
vn -0.0756 -0.3453 -0.9355
vn 0.7882 0.5176 -0.3328
vn 0.1239 -0.1997 -0.9720
vn 0.7957 0.6001 -0.0823
vn 0.3747 0.0111 -0.9271
vn -0.6353 -0.6340 -0.4411
vn 0.7313 0.6436 0.2257
vn 0.4797 0.1109 -0.8704
vn -0.5657 -0.6131 -0.5515
vn 0.5497 0.1828 -0.8151
vn -0.4806 -0.5790 -0.6586
vn 0.6173 0.2579 -0.7433
vn 0.2496 0.1580 -0.9554
vn -0.6434 -0.6244 -0.4429
vn 0.7098 0.6689 0.2208
vn 0.3542 0.2584 -0.8988
vn -0.5903 -0.5842 -0.5570
vn 0.4258 0.3284 -0.8431
vn -0.5223 -0.5300 -0.6681
vn 0.4970 0.3992 -0.7705
vn -0.4346 -0.4574 -0.7758
vn 0.5687 0.4724 -0.6733
vn -0.3205 -0.3601 -0.8761
vn 0.6396 0.5475 -0.5396
vn -0.1731 -0.2307 -0.9575
vn 0.7020 0.6189 -0.3523
vn 0.0097 -0.0656 -0.9978
vn 0.7364 0.6697 -0.0957
vn 0.4437 0.5986 -0.6670
vn -0.4068 -0.2730 -0.8718
vn 0.5261 0.6620 -0.5338
vn -0.2802 -0.1227 -0.9521
vn 0.6074 0.7143 -0.3475
vn -0.1155 0.0608 -0.9914
vn 0.6714 0.7353 -0.0924
vn 0.1123 0.2965 -0.9484
vn -0.6523 -0.6154 -0.4424
vn 0.6862 0.6927 0.2220
vn 0.2165 0.3973 -0.8918
vn -0.6173 -0.5569 -0.5557
vn 0.2899 0.4655 -0.8362
vn -0.5681 -0.4838 -0.6658
vn 0.3650 0.5324 -0.7638
vn -0.5001 -0.3913 -0.7725
vn -0.6617 -0.6073 -0.4397
vn 0.6614 0.7141 0.2293
vn 0.0719 0.5223 -0.8497
vn -0.6456 -0.5324 -0.5474
vn 0.1472 0.5889 -0.7947
vn -0.6161 -0.4423 -0.6518
vn 0.2264 0.6522 -0.7235
vn -0.5689 -0.3318 -0.7525
vn 0.3124 0.7121 -0.6288
vn -0.4974 -0.1947 -0.8454
vn 0.4070 0.7650 -0.4992
vn -0.3926 -0.0255 -0.9194
vn 0.5081 0.8002 -0.3186
vn -0.2470 0.1745 -0.9532
vn 0.6031 0.7943 -0.0726
vn -0.0318 0.4211 -0.9065
vn -0.5888 -0.1281 -0.7981
vn 0.2868 0.8525 -0.4369
vn -0.5060 0.0571 -0.8606
vn 0.4079 0.8732 -0.2667
vn -0.3797 0.2712 -0.8845
vn 0.5342 0.8445 -0.0369
vn -0.1772 0.5270 -0.8312
vn -0.6711 -0.6005 -0.4348
vn 0.6365 0.7323 0.2422
vn -0.0741 0.6286 -0.7742
vn -0.6742 -0.5116 -0.5326
vn 0.0031 0.6938 -0.7201
vn -0.6646 -0.4070 -0.6267
vn 0.0865 0.7541 -0.6510
vn -0.6383 -0.2812 -0.7165
vn 0.1799 0.8086 -0.5602
vn -0.2157 0.7122 -0.6680
vn -0.7020 -0.4952 -0.5118
vn -0.1367 0.7763 -0.6154
vn -0.7116 -0.3792 -0.5914
vn -0.0492 0.8342 -0.5493
vn -0.7057 -0.2415 -0.6660
vn 0.0513 0.8844 -0.4638
vn -0.6775 -0.0758 -0.7316
vn 0.1701 0.9214 -0.3495
vn -0.6161 0.1221 -0.7781
vn 0.3107 0.9305 -0.1939
vn -0.5086 0.3471 -0.7879
vn 0.4674 0.8840 0.0132
vn -0.3184 0.6103 -0.7254
vn -0.6803 -0.5950 -0.4279
vn 0.6122 0.7466 0.2604
vn 0.0614 0.9688 -0.2402
vn -0.7187 0.1668 -0.6751
vn 0.2201 0.9701 -0.1028
vn -0.6286 0.3995 -0.6673
vn 0.4051 0.9111 0.0758
vn -0.4499 0.6676 -0.5932
vn -0.6888 -0.5913 -0.4194
vn 0.5896 0.7565 0.2831
vn -0.3477 0.7697 -0.5354
vn -0.7279 -0.4840 -0.4858
vn -0.2669 0.8331 -0.4845
vn -0.7555 -0.3601 -0.5474
vn -0.1757 0.8893 -0.4222
vn -0.7685 -0.2141 -0.6029
vn -0.0685 0.9367 -0.3434
vn -0.7602 -0.0398 -0.6485
vn -0.3826 0.8620 -0.3324
vn -0.7944 -0.3504 -0.4962
vn -0.2880 0.9174 -0.2746
vn -0.8243 -0.2002 -0.5297
vn -0.1749 0.9633 -0.2036
vn -0.8335 -0.0214 -0.5520
vn -0.0351 0.9929 -0.1134
vn -0.8097 0.1896 -0.5553
vn 0.1396 0.9902 0.0030
vn -0.7351 0.4262 -0.5272
vn 0.3497 0.9250 0.1486
vn -0.5666 0.6968 -0.4397
vn -0.6964 -0.5894 -0.4094
vn 0.5695 0.7615 0.3095
vn -0.4648 0.7991 -0.3814
vn -0.7508 -0.4782 -0.4556
vn -0.0192 -0.4782 -0.8780
vn -0.0966 0.8620 -0.4975
vn -0.0325 -0.3504 -0.9361
vn -0.0938 0.9174 -0.3867
vn -0.0466 -0.2002 -0.9787
vn -0.0889 0.9633 -0.2532
vn -0.0613 -0.0214 -0.9979
vn -0.0806 0.9929 -0.0871
vn -0.0761 0.1896 -0.9789
vn -0.0672 0.9902 0.1224
vn -0.0890 0.4262 -0.9003
vn -0.0462 0.9250 0.3772
vn -0.0975 0.6968 -0.7106
vn -0.0063 -0.5894 -0.8078
vn -0.0167 0.7615 0.6480
vn -0.0979 0.7991 -0.5932
vn -0.2888 0.6676 -0.6862
vn -0.0188 -0.5913 -0.8062
vn -0.0496 0.7565 0.6521
vn -0.2898 0.7697 -0.5688
vn -0.0568 -0.4840 -0.8732
vn -0.2861 0.8331 -0.4734
vn -0.0963 -0.3601 -0.9279
vn -0.2778 0.8893 -0.3633
vn -0.1379 -0.2141 -0.9670
vn -0.2631 0.9367 -0.2310
vn -0.1815 -0.0398 -0.9826
vn -0.2388 0.9688 -0.0670
vn -0.2253 0.1668 -0.9599
vn -0.1990 0.9701 0.1392
vn -0.2636 0.3995 -0.8780
vn -0.1369 0.9111 0.3887
vn -0.4273 0.8844 -0.1875
vn -0.2948 -0.0758 -0.9525
vn -0.3877 0.9214 -0.0275
vn -0.3658 0.1221 -0.9226
vn -0.3232 0.9305 0.1721
vn -0.4281 0.3471 -0.8344
vn -0.2222 0.8840 0.4113
vn -0.4690 0.6103 -0.6384
vn -0.0305 -0.5950 -0.8031
vn -0.0806 0.7466 0.6604
vn -0.4707 0.7122 -0.5208
vn -0.0922 -0.4952 -0.8638
vn -0.4646 0.7763 -0.4261
vn -0.1564 -0.3792 -0.9120
vn -0.4511 0.8342 -0.3173
vn -0.2239 -0.2415 -0.9442
vn -0.1085 0.7323 0.6723
vn -0.6334 0.6286 -0.4512
vn -0.1241 -0.5116 -0.8502
vn -0.6252 0.6938 -0.3574
vn -0.2104 -0.4070 -0.8889
vn -0.6071 0.7541 -0.2506
vn -0.3014 -0.2812 -0.9111
vn -0.5751 0.8086 -0.1243
vn -0.3968 -0.1281 -0.9089
vn -0.5218 0.8525 0.0299
vn -0.4923 0.0571 -0.8685
vn -0.4350 0.8732 0.2199
vn -0.5761 0.2712 -0.7711
vn -0.2991 0.8445 0.4442
vn -0.6312 0.5270 -0.5690
vn -0.0410 -0.6004 -0.7986
vn -0.6358 0.7650 0.1029
vn -0.5999 -0.0255 -0.7997
vn -0.5300 0.8002 0.2808
vn -0.7020 0.1745 -0.6905
vn -0.3644 0.7943 0.4860
vn -0.7692 0.4211 -0.4807
vn -0.0500 -0.6073 -0.7929
vn -0.1322 0.7141 0.6875
vn -0.7718 0.5223 -0.3626
vn -0.1513 -0.5324 -0.8328
vn -0.7618 0.5889 -0.2699
vn -0.2564 -0.4423 -0.8594
vn -0.7397 0.6522 -0.1657
vn -0.3672 -0.3318 -0.8689
vn -0.7007 0.7121 -0.0438
vn -0.4835 -0.1947 -0.8534
vn -0.1726 -0.5570 -0.8124
vn -0.8691 0.4655 -0.1671
vn -0.2925 -0.4838 -0.8248
vn -0.8440 0.5324 -0.0658
vn -0.4189 -0.3913 -0.8194
vn -0.7995 0.5986 0.0508
vn -0.5516 -0.2730 -0.7882
vn -0.7254 0.6620 0.1887
vn -0.6844 -0.1227 -0.7187
vn -0.6047 0.7143 0.3523
vn -0.8009 0.0608 -0.5958
vn -0.4158 0.7353 0.5352
vn -0.8775 0.2965 -0.3769
vn -0.0570 -0.6154 -0.7861
vn -0.1508 0.6927 0.7053
vn -0.8805 0.3973 -0.2584
vn -0.7427 -0.2307 -0.6287
vn -0.6561 0.6189 0.4318
vn -0.8690 -0.0656 -0.4905
vn -0.4511 0.6697 0.5899
vn -0.9522 0.1580 -0.2615
vn -0.0619 -0.6244 -0.7786
vn -0.1636 0.6689 0.7251
vn -0.9554 0.2584 -0.1427
vn -0.1873 -0.5842 -0.7897
vn -0.9431 0.3284 -0.0528
vn -0.3174 -0.5300 -0.7864
vn -0.9157 0.3992 0.0452
vn -0.4546 -0.4574 -0.7643
vn -0.8675 0.4724 0.1559
vn -0.5985 -0.3601 -0.7157
vn -0.7871 0.5475 0.2841
vn -0.9808 0.1828 0.0685
vn -0.3301 -0.5790 -0.7455
vn -0.9523 0.2579 0.1629
vn -0.4727 -0.5276 -0.7058
vn -0.9021 0.3385 0.2674
vn -0.6224 -0.4524 -0.6387
vn -0.8185 0.4260 0.3853
vn -0.7723 -0.3453 -0.5332
vn -0.6823 0.5176 0.5162
vn -0.9037 -0.1997 -0.3787
vn -0.4692 0.6001 0.6479
vn -0.9902 0.0111 -0.1391
vn -0.0643 -0.6340 -0.7707
vn -0.1702 0.6436 0.7462
vn -0.9936 0.1109 -0.0198
vn -0.1947 -0.6131 -0.7657
vn -0.6823 0.4144 0.6022
vn -0.9037 -0.3365 -0.2647
vn -0.4692 0.5291 0.7071
vn -0.9902 -0.1388 -0.0142
vn -0.0643 -0.6437 -0.7626
vn -0.1702 0.6179 0.7676
vn -0.9936 -0.0395 0.1055
vn -0.1947 -0.6425 -0.7411
vn -0.9808 0.0344 0.1922
vn -0.3301 -0.6289 -0.7039
vn -0.9523 0.1138 0.2830
vn -0.4727 -0.5991 -0.6462
vn -0.9021 0.2020 0.3812
vn -0.6224 -0.5466 -0.5602
vn -0.8185 0.3022 0.4885
vn -0.7723 -0.4622 -0.4358
vn -0.3174 -0.6779 -0.6631
vn -0.9157 -0.0276 0.4008
vn -0.4546 -0.6693 -0.5877
vn -0.8675 0.0681 0.4928
vn -0.5985 -0.6390 -0.4832
vn -0.7871 0.1807 0.5898
vn -0.7427 -0.5768 -0.3402
vn -0.6561 0.3131 0.6866
vn -0.8690 -0.4706 -0.1530
vn -0.4511 0.4595 0.7651
vn -0.9522 -0.2858 0.1083
vn -0.0619 -0.6533 -0.7546
vn -0.1636 0.5926 0.7887
vn -0.9554 -0.1869 0.2284
vn -0.1873 -0.6714 -0.7170
vn -0.9431 -0.1112 0.3135
vn -0.8009 -0.5969 -0.0477
vn -0.4158 0.3939 0.8198
vn -0.8775 -0.4242 0.2236
vn -0.0570 -0.6623 -0.7471
vn -0.1508 0.5688 0.8085
vn -0.8805 -0.3258 0.3442
vn -0.1726 -0.6987 -0.6943
vn -0.8691 -0.2483 0.4277
vn -0.2925 -0.7241 -0.6246
vn -0.8439 -0.1607 0.5118
vn -0.4189 -0.7354 -0.5327
vn -0.7995 -0.0580 0.5979
vn -0.5516 -0.7260 -0.4107
vn -0.7254 0.0662 0.6851
vn -0.6844 -0.6848 -0.2503
vn -0.6047 0.2177 0.7661
vn -0.7397 -0.2805 0.6116
vn -0.3672 -0.7949 -0.4831
vn -0.7007 -0.1715 0.6925
vn -0.4835 -0.8043 -0.3454
vn -0.6358 -0.0367 0.7710
vn -0.5999 -0.7820 -0.1693
vn -0.5300 0.1319 0.8377
vn -0.7020 -0.7107 0.0471
vn -0.3644 0.3348 0.8690
vn -0.7692 -0.5488 0.3275
vn -0.0500 -0.6704 -0.7404
vn -0.1322 0.5474 0.8264
vn -0.7718 -0.4509 0.4484
vn -0.1513 -0.7232 -0.6739
vn -0.7618 -0.3717 0.5306
vn -0.2564 -0.7656 -0.5900
vn -0.2991 0.2846 0.9108
vn -0.6312 -0.6547 0.4158
vn -0.0410 -0.6772 -0.7346
vn -0.1085 0.5292 0.8415
vn -0.6334 -0.5572 0.5370
vn -0.1241 -0.7440 -0.6565
vn -0.6252 -0.4766 0.6180
vn -0.2104 -0.8009 -0.5606
vn -0.6071 -0.3824 0.6966
vn -0.3014 -0.8454 -0.4409
vn -0.5751 -0.2680 0.7729
vn -0.3968 -0.8709 -0.2899
vn -0.5218 -0.1243 0.8440
vn -0.4923 -0.8646 -0.1004
vn -0.4350 0.0589 0.8985
vn -0.5761 -0.8074 0.1277
vn -0.4273 -0.3439 0.8361
vn -0.2948 -0.9233 -0.2463
vn -0.3877 -0.1931 0.9013
vn -0.3658 -0.9295 -0.0463
vn -0.3232 0.0015 0.9463
vn -0.4281 -0.8833 0.1910
vn -0.2222 0.2452 0.9437
vn -0.4690 -0.7380 0.4851
vn -0.0305 -0.6827 -0.7301
vn -0.0806 0.5149 0.8535
vn -0.4707 -0.6407 0.6066
vn -0.0922 -0.7604 -0.6429
vn -0.4646 -0.5591 0.6867
vn -0.1564 -0.8287 -0.5375
vn -0.4511 -0.4625 0.7633
vn -0.2239 -0.8852 -0.4078
vn -0.0188 -0.6864 -0.7270
vn -0.0496 0.5050 0.8617
vn -0.2898 -0.6983 0.6545
vn -0.0568 -0.7717 -0.6335
vn -0.2861 -0.6159 0.7341
vn -0.0963 -0.8478 -0.5215
vn -0.2778 -0.5177 0.8092
vn -0.1379 -0.9126 -0.3850
vn -0.2631 -0.3961 0.8797
vn -0.1815 -0.9593 -0.2163
vn -0.2388 -0.2406 0.9408
vn -0.2253 -0.9743 -0.0090
vn -0.1990 -0.0380 0.9793
vn -0.2636 -0.9357 0.2346
vn -0.1368 0.2180 0.9663
vn -0.2888 -0.7953 0.5329
vn -0.0613 -0.9777 -0.2010
vn -0.0806 -0.2647 0.9609
vn -0.0761 -0.9971 0.0100
vn -0.0672 -0.0582 0.9960
vn -0.0890 -0.9623 0.2568
vn -0.0462 0.2042 0.9778
vn -0.0975 -0.8246 0.5573
vn -0.0063 -0.6883 -0.7254
vn -0.0168 0.5000 0.8658
vn -0.0979 -0.7276 0.6790
vn -0.0192 -0.7774 -0.6287
vn -0.0966 -0.6448 0.7582
vn -0.0325 -0.8575 -0.5134
vn -0.0938 -0.5458 0.8327
vn -0.0466 -0.9265 -0.3734
vn -0.0889 -0.4228 0.9019
vn 0.0979 -0.7276 0.6790
vn 0.0192 -0.7774 -0.6287
vn 0.0966 -0.6448 0.7582
vn 0.0325 -0.8575 -0.5134
vn 0.0938 -0.5458 0.8327
vn 0.0466 -0.9265 -0.3734
vn 0.0889 -0.4228 0.9019
vn 0.0613 -0.9777 -0.2010
vn 0.0806 -0.2647 0.9609
vn 0.0761 -0.9971 0.0100
vn 0.0672 -0.0582 0.9960
vn 0.0890 -0.9623 0.2568
vn 0.0462 0.2042 0.9778
vn 0.0975 -0.8246 0.5573
vn 0.0063 -0.6883 -0.7254
vn 0.0168 0.5000 0.8658
vn 0.2388 -0.2406 0.9408
vn 0.2253 -0.9743 -0.0090
vn 0.1990 -0.0380 0.9793
vn 0.2636 -0.9357 0.2346
vn 0.1368 0.2180 0.9663
vn 0.2888 -0.7953 0.5329
vn 0.0188 -0.6864 -0.7270
vn 0.0496 0.5050 0.8617
vn 0.2898 -0.6983 0.6545
vn 0.0568 -0.7717 -0.6335
vn 0.2861 -0.6159 0.7341
vn 0.0963 -0.8478 -0.5215
vn 0.2778 -0.5177 0.8092
vn 0.1379 -0.9126 -0.3850
vn 0.2631 -0.3961 0.8797
vn 0.1815 -0.9593 -0.2163
vn 0.0922 -0.7604 -0.6429
vn 0.4646 -0.5591 0.6867
vn 0.1564 -0.8287 -0.5375
vn 0.4511 -0.4625 0.7633
vn 0.2239 -0.8852 -0.4078
vn 0.4273 -0.3439 0.8361
vn 0.2948 -0.9233 -0.2463
vn 0.3877 -0.1931 0.9013
vn 0.3658 -0.9295 -0.0463
vn 0.3232 0.0015 0.9463
vn 0.4281 -0.8833 0.1910
vn 0.2222 0.2452 0.9437
vn 0.4690 -0.7380 0.4851
vn 0.0305 -0.6826 -0.7301
vn 0.0806 0.5149 0.8535
vn 0.4707 -0.6407 0.6066
vn 0.4923 -0.8646 -0.1004
vn 0.4350 0.0589 0.8985
vn 0.5761 -0.8074 0.1277
vn 0.2991 0.2846 0.9108
vn 0.6312 -0.6547 0.4158
vn 0.0410 -0.6772 -0.7346
vn 0.1085 0.5292 0.8415
vn 0.6334 -0.5572 0.5370
vn 0.1241 -0.7440 -0.6565
vn 0.6252 -0.4766 0.6180
vn 0.2104 -0.8009 -0.5606
vn 0.6071 -0.3824 0.6966
vn 0.3014 -0.8454 -0.4409
vn 0.5751 -0.2680 0.7729
vn 0.3968 -0.8709 -0.2899
vn 0.5218 -0.1243 0.8440
vn 0.7618 -0.3717 0.5306
vn 0.2564 -0.7656 -0.5900
vn 0.7397 -0.2805 0.6116
vn 0.3672 -0.7949 -0.4831
vn 0.7007 -0.1715 0.6925
vn 0.4835 -0.8043 -0.3454
vn 0.6358 -0.0367 0.7710
vn 0.5999 -0.7819 -0.1693
vn 0.5300 0.1319 0.8377
vn 0.7020 -0.7107 0.0471
vn 0.3644 0.3348 0.8690
vn 0.7692 -0.5488 0.3275
vn 0.0500 -0.6703 -0.7404
vn 0.1322 0.5474 0.8264
vn 0.7718 -0.4509 0.4484
vn 0.1513 -0.7232 -0.6739
vn 0.6047 0.2177 0.7661
vn 0.8009 -0.5969 -0.0477
vn 0.4158 0.3939 0.8198
vn 0.8775 -0.4242 0.2236
vn 0.0570 -0.6623 -0.7471
vn 0.1508 0.5688 0.8085
vn 0.8805 -0.3258 0.3442
vn 0.1726 -0.6987 -0.6943
vn 0.8691 -0.2483 0.4277
vn 0.2925 -0.7241 -0.6246
vn 0.8440 -0.1607 0.5118
vn 0.4189 -0.7354 -0.5326
vn 0.7995 -0.0580 0.5979
vn 0.5516 -0.7260 -0.4107
vn 0.7254 0.0662 0.6851
vn 0.6844 -0.6848 -0.2503
vn 0.9157 -0.0276 0.4008
vn 0.4546 -0.6693 -0.5877
vn 0.8675 0.0681 0.4928
vn 0.5985 -0.6390 -0.4832
vn 0.7871 0.1807 0.5898
vn 0.7427 -0.5768 -0.3402
vn 0.6561 0.3131 0.6866
vn 0.8690 -0.4706 -0.1530
vn 0.4511 0.4595 0.7651
vn 0.9522 -0.2858 0.1083
vn 0.0619 -0.6533 -0.7546
vn 0.1636 0.5926 0.7887
vn 0.9554 -0.1869 0.2284
vn 0.1873 -0.6714 -0.7170
vn 0.9431 -0.1112 0.3135
vn 0.3174 -0.6779 -0.6631
vn 0.4692 0.5291 0.7071
vn 0.9902 -0.1388 -0.0142
vn 0.0643 -0.6437 -0.7626
vn 0.1702 0.6179 0.7676
vn 0.9936 -0.0395 0.1055
vn 0.1947 -0.6425 -0.7411
vn 0.9808 0.0344 0.1922
vn 0.3301 -0.6289 -0.7039
vn 0.9523 0.1138 0.2830
vn 0.4727 -0.5991 -0.6462
vn 0.9021 0.2020 0.3812
vn 0.6224 -0.5466 -0.5602
vn 0.8185 0.3022 0.4885
vn 0.7723 -0.4622 -0.4358
vn 0.6823 0.4144 0.6022
vn 0.9037 -0.3365 -0.2647
vn 0.4727 -0.5276 -0.7058
vn 0.9021 0.3385 0.2674
vn 0.6224 -0.4524 -0.6387
vn 0.8185 0.4260 0.3853
vn 0.7723 -0.3453 -0.5332
vn 0.6823 0.5176 0.5162
vn 0.9037 -0.1997 -0.3787
vn 0.4692 0.6001 0.6479
vn 0.9902 0.0111 -0.1391
vn 0.0643 -0.6340 -0.7707
vn 0.1702 0.6436 0.7462
vn 0.9936 0.1109 -0.0198
vn 0.1947 -0.6131 -0.7656
vn 0.9808 0.1828 0.0685
vn 0.3301 -0.5790 -0.7455
vn 0.9523 0.2579 0.1629
vn 0.9522 0.1580 -0.2615
vn 0.0619 -0.6244 -0.7786
vn 0.1636 0.6689 0.7251
vn 0.9554 0.2584 -0.1427
vn 0.1873 -0.5842 -0.7897
vn 0.9431 0.3284 -0.0528
vn 0.3174 -0.5300 -0.7864
vn 0.9157 0.3992 0.0452
vn 0.4546 -0.4574 -0.7643
vn 0.8675 0.4724 0.1559
vn 0.5985 -0.3601 -0.7157
vn 0.7871 0.5475 0.2841
vn 0.7427 -0.2307 -0.6287
vn 0.6561 0.6189 0.4318
vn 0.8690 -0.0656 -0.4905
vn 0.4511 0.6697 0.5899
vn 0.7995 0.5986 0.0508
vn 0.5516 -0.2730 -0.7882
vn 0.7254 0.6620 0.1887
vn 0.6844 -0.1227 -0.7187
vn 0.6047 0.7143 0.3523
vn 0.8009 0.0608 -0.5958
vn 0.4158 0.7353 0.5352
vn 0.8775 0.2965 -0.3769
vn 0.0570 -0.6154 -0.7861
vn 0.1508 0.6927 0.7053
vn 0.8805 0.3973 -0.2584
vn 0.1726 -0.5570 -0.8124
vn 0.8691 0.4655 -0.1671
vn 0.2925 -0.4838 -0.8248
vn 0.8440 0.5324 -0.0658
vn 0.4189 -0.3913 -0.8194
vn 0.0500 -0.6073 -0.7929
vn 0.1322 0.7141 0.6875
vn 0.7718 0.5223 -0.3626
vn 0.1513 -0.5324 -0.8328
vn 0.7618 0.5889 -0.2699
vn 0.2564 -0.4423 -0.8594
vn 0.7397 0.6522 -0.1657
vn 0.3672 -0.3318 -0.8689
vn 0.7007 0.7121 -0.0438
vn 0.4835 -0.1947 -0.8534
vn 0.6358 0.7650 0.1029
vn 0.5999 -0.0255 -0.7997
vn 0.5300 0.8002 0.2808
vn 0.7020 0.1745 -0.6905
vn 0.3644 0.7943 0.4860
vn 0.7692 0.4211 -0.4807
vn 0.3968 -0.1281 -0.9089
vn 0.5218 0.8525 0.0299
vn 0.4923 0.0571 -0.8685
vn 0.4350 0.8732 0.2199
vn 0.5761 0.2712 -0.7711
vn 0.2991 0.8445 0.4442
vn 0.6312 0.5270 -0.5690
vn 0.0410 -0.6004 -0.7986
vn 0.1085 0.7323 0.6723
vn 0.6334 0.6286 -0.4512
vn 0.1241 -0.5116 -0.8502
vn 0.6252 0.6938 -0.3574
vn 0.2104 -0.4070 -0.8889
vn 0.6071 0.7541 -0.2506
vn 0.3014 -0.2812 -0.9111
vn 0.5751 0.8086 -0.1243
vn 0.4707 0.7122 -0.5208
vn 0.0922 -0.4952 -0.8638
vn 0.4646 0.7763 -0.4261
vn 0.1564 -0.3792 -0.9120
vn 0.4511 0.8342 -0.3173
vn 0.2239 -0.2415 -0.9442
vn 0.4273 0.8844 -0.1875
vn 0.2948 -0.0758 -0.9525
vn 0.3877 0.9214 -0.0275
vn 0.3658 0.1221 -0.9226
vn 0.3232 0.9305 0.1721
vn 0.4281 0.3471 -0.8344
vn 0.2222 0.8840 0.4113
vn 0.4690 0.6103 -0.6384
vn 0.0305 -0.5950 -0.8031
vn 0.0806 0.7466 0.6604
vn 0.2388 0.9688 -0.0670
vn 0.2253 0.1668 -0.9599
vn 0.1990 0.9701 0.1392
vn 0.2636 0.3995 -0.8780
vn 0.1368 0.9111 0.3887
vn 0.2888 0.6676 -0.6862
vn 0.0188 -0.5913 -0.8062
vn 0.0496 0.7565 0.6521
vn 0.2898 0.7697 -0.5688
vn 0.0568 -0.4840 -0.8732
vn 0.2861 0.8331 -0.4734
vn 0.0963 -0.3601 -0.9279
vn 0.2778 0.8893 -0.3633
vn 0.1379 -0.2141 -0.9670
vn 0.2631 0.9367 -0.2310
vn 0.1815 -0.0398 -0.9826
vn 0.0966 0.8620 -0.4975
vn 0.0325 -0.3504 -0.9361
vn 0.0938 0.9174 -0.3867
vn 0.0466 -0.2002 -0.9787
vn 0.0889 0.9633 -0.2532
vn 0.0613 -0.0214 -0.9979
vn 0.0806 0.9929 -0.0871
vn 0.0761 0.1896 -0.9789
vn 0.0672 0.9902 0.1224
vn 0.0890 0.4262 -0.9003
vn 0.0462 0.9250 0.3772
vn 0.0975 0.6968 -0.7106
vn 0.0063 -0.5894 -0.8078
vn 0.0168 0.7615 0.6480
vn 0.0979 0.7991 -0.5932
vn 0.0192 -0.4782 -0.8780
vn 0.7508 -0.4782 -0.4556
vn 0.3826 0.8620 -0.3324
vn 0.7944 -0.3504 -0.4962
vn 0.2880 0.9174 -0.2746
vn 0.8243 -0.2002 -0.5297
vn 0.1749 0.9633 -0.2036
vn 0.8335 -0.0214 -0.5520
vn 0.0351 0.9929 -0.1134
vn 0.8097 0.1896 -0.5553
vn -0.1396 0.9902 0.0030
vn 0.7351 0.4262 -0.5272
vn -0.3497 0.9250 0.1486
vn 0.5666 0.6968 -0.4397
vn 0.6964 -0.5894 -0.4094
vn -0.5695 0.7615 0.3095
vn 0.4648 0.7991 -0.3814
vn 0.4499 0.6676 -0.5932
vn 0.6888 -0.5913 -0.4194
vn -0.5896 0.7565 0.2831
vn 0.3477 0.7697 -0.5354
vn 0.7279 -0.4840 -0.4858
vn 0.2669 0.8331 -0.4845
vn 0.7555 -0.3601 -0.5474
vn 0.1757 0.8893 -0.4222
vn 0.7685 -0.2141 -0.6029
vn 0.0685 0.9367 -0.3434
vn 0.7602 -0.0398 -0.6485
vn -0.0614 0.9688 -0.2403
vn 0.7187 0.1668 -0.6751
vn -0.2201 0.9701 -0.1028
vn 0.6286 0.3995 -0.6673
vn -0.4050 0.9111 0.0758
vn -0.0513 0.8844 -0.4638
vn 0.6775 -0.0758 -0.7316
vn -0.1701 0.9214 -0.3495
vn 0.6161 0.1221 -0.7781
vn -0.3107 0.9305 -0.1939
vn 0.5086 0.3471 -0.7879
vn -0.4673 0.8840 0.0132
vn 0.3184 0.6103 -0.7254
vn 0.6803 -0.5950 -0.4279
vn -0.6122 0.7466 0.2604
vn 0.2157 0.7122 -0.6680
vn 0.7020 -0.4952 -0.5118
vn 0.1367 0.7763 -0.6154
vn 0.7116 -0.3792 -0.5914
vn 0.0492 0.8342 -0.5493
vn 0.7057 -0.2415 -0.6660
vn -0.6365 0.7323 0.2422
vn 0.0741 0.6286 -0.7742
vn 0.6742 -0.5116 -0.5326
vn -0.0031 0.6938 -0.7201
vn 0.6646 -0.4070 -0.6267
vn -0.0865 0.7541 -0.6510
vn 0.6383 -0.2812 -0.7165
vn -0.1799 0.8086 -0.5602
vn 0.5888 -0.1281 -0.7981
vn -0.2868 0.8525 -0.4369
vn 0.5060 0.0571 -0.8606
vn -0.4079 0.8732 -0.2667
vn 0.3797 0.2712 -0.8845
vn -0.5342 0.8445 -0.0369
vn 0.1772 0.5270 -0.8312
vn 0.6711 -0.6005 -0.4348
vn -0.4070 0.7650 -0.4992
vn 0.3926 -0.0255 -0.9194
vn -0.5081 0.8002 -0.3186
vn 0.2470 0.1745 -0.9532
vn -0.6031 0.7943 -0.0726
vn 0.0318 0.4211 -0.9065
vn 0.6617 -0.6073 -0.4397
vn -0.6614 0.7141 0.2293
vn -0.0719 0.5223 -0.8497
vn 0.6456 -0.5324 -0.5474
vn -0.1472 0.5889 -0.7947
vn 0.6161 -0.4423 -0.6518
vn -0.2264 0.6522 -0.7235
vn 0.5689 -0.3318 -0.7525
vn -0.3124 0.7121 -0.6288
vn 0.4974 -0.1947 -0.8454
vn 0.6173 -0.5569 -0.5557
vn -0.2899 0.4655 -0.8362
vn 0.5681 -0.4838 -0.6657
vn -0.3650 0.5324 -0.7638
vn 0.5001 -0.3913 -0.7725
vn -0.4437 0.5986 -0.6670
vn 0.4068 -0.2730 -0.8718
vn -0.5261 0.6620 -0.5339
vn 0.2802 -0.1227 -0.9521
vn -0.6074 0.7143 -0.3475
vn 0.1155 0.0608 -0.9914
vn -0.6714 0.7353 -0.0924
vn -0.1123 0.2965 -0.9484
vn 0.6523 -0.6154 -0.4424
vn -0.6862 0.6927 0.2220
vn -0.2165 0.3973 -0.8918
vn 0.1731 -0.2307 -0.9575
vn -0.7020 0.6189 -0.3523
vn -0.0097 -0.0656 -0.9978
vn -0.7364 0.6697 -0.0957
vn -0.2496 0.1580 -0.9554
vn 0.6434 -0.6244 -0.4429
vn -0.7098 0.6689 0.2208
vn -0.3542 0.2584 -0.8988
vn 0.5903 -0.5842 -0.5570
vn -0.4258 0.3284 -0.8431
vn 0.5223 -0.5300 -0.6681
vn -0.4970 0.3992 -0.7705
vn 0.4346 -0.4574 -0.7758
vn -0.5687 0.4724 -0.6733
vn 0.3205 -0.3601 -0.8761
vn -0.6396 0.5475 -0.5396
vn -0.5497 0.1828 -0.8151
vn 0.4806 -0.5790 -0.6586
vn -0.6173 0.2579 -0.7433
vn 0.3749 -0.5276 -0.7623
vn -0.6827 0.3385 -0.6476
vn 0.2419 -0.4524 -0.8584
vn -0.7430 0.4260 -0.5162
vn 0.0756 -0.3453 -0.9355
vn -0.7882 0.5176 -0.3328
vn -0.1239 -0.1997 -0.9720
vn -0.7957 0.6001 -0.0823
vn -0.3747 0.0111 -0.9271
vn 0.6353 -0.6340 -0.4411
vn -0.7313 0.6436 0.2257
vn -0.4797 0.1109 -0.8704
vn 0.5657 -0.6131 -0.5515
vn -0.8627 0.4144 -0.2898
vn -0.2226 -0.3365 -0.9150
vn -0.8469 0.5291 -0.0528
vn -0.4828 -0.1388 -0.8647
vn 0.6282 -0.6437 -0.4370
vn -0.7499 0.6179 0.2364
vn -0.5882 -0.0395 -0.8078
vn 0.5444 -0.6425 -0.5392
vn -0.6568 0.0344 -0.7533
vn 0.4446 -0.6289 -0.6378
vn -0.7213 0.1138 -0.6832
vn 0.3233 -0.5991 -0.7325
vn -0.7812 0.2020 -0.5907
vn 0.1739 -0.5466 -0.8191
vn -0.8324 0.3022 -0.4646
vn -0.0088 -0.4622 -0.8868
vn 0.4155 -0.6779 -0.6064
vn -0.8050 -0.0276 -0.5926
vn 0.2817 -0.6693 -0.6875
vn -0.8605 0.0681 -0.5049
vn 0.1192 -0.6390 -0.7599
vn -0.9043 0.1807 -0.3868
vn -0.0767 -0.5768 -0.8133
vn -0.9227 0.3131 -0.2249
vn -0.3020 -0.4706 -0.8290
vn -0.8882 0.4595 -0.0081
vn -0.5698 -0.2858 -0.7705
vn 0.6226 -0.6533 -0.4309
vn -0.7648 0.5926 0.2526
vn -0.6755 -0.1869 -0.7132
vn 0.5273 -0.6714 -0.5207
vn -0.7430 -0.1112 -0.6600
vn -0.3592 -0.5969 -0.7174
vn -0.9178 0.3939 0.0498
vn -0.6324 -0.4242 -0.6481
vn 0.6185 -0.6623 -0.4229
vn -0.7756 0.5688 0.2737
vn -0.7383 -0.3258 -0.5905
vn 0.5150 -0.6987 -0.4966
vn -0.8050 -0.2483 -0.5388
vn 0.3947 -0.7241 -0.5656
vn -0.8652 -0.1607 -0.4750
vn 0.2518 -0.7354 -0.6291
vn -0.9175 -0.0580 -0.3934
vn 0.0799 -0.7260 -0.6830
vn -0.9560 0.0662 -0.2856
vn -0.1255 -0.6848 -0.7179
vn -0.9658 0.2177 -0.1406
vn -0.8996 -0.2805 -0.3348
vn 0.2348 -0.7949 -0.5596
vn -0.9501 -0.1715 -0.2606
vn 0.0574 -0.8043 -0.5914
vn -0.9856 -0.0367 -0.1651
vn -0.1534 -0.7819 -0.6042
vn -0.9905 0.1319 -0.0402
vn -0.3918 -0.7107 -0.5844
vn -0.9347 0.3348 0.1189
vn -0.6682 -0.5488 -0.5024
vn 0.6162 -0.6704 -0.4135
vn -0.7817 0.5474 0.2987
vn -0.7742 -0.4509 -0.4442
vn 0.5080 -0.7232 -0.4679
vn -0.8404 -0.3717 -0.3945
vn 0.3828 -0.7656 -0.5171
vn -0.9383 0.2846 0.1964
vn -0.6757 -0.6547 -0.3388
vn 0.6157 -0.6772 -0.4028
vn -0.7830 0.5292 0.3268
vn -0.7817 -0.5572 -0.2801
vn 0.5065 -0.7440 -0.4358
vn -0.8478 -0.4766 -0.2324
vn 0.3803 -0.8009 -0.4625
vn -0.9068 -0.3824 -0.1775
vn 0.2312 -0.8454 -0.4814
vn -0.9569 -0.2680 -0.1116
vn 0.0527 -0.8709 -0.4886
vn -0.9918 -0.1243 -0.0299
vn -0.1592 -0.8646 -0.4766
vn -0.9956 0.0589 0.0726
vn -0.3986 -0.8074 -0.4351
vn -0.9378 -0.3439 0.0480
vn 0.0659 -0.9233 -0.3785
vn -0.9744 -0.1931 0.1149
vn -0.1428 -0.9295 -0.3400
vn -0.9811 0.0015 0.1933
vn -0.3794 -0.8833 -0.2752
vn -0.9283 0.2452 0.2794
vn -0.6547 -0.7380 -0.1636
vn 0.6171 -0.6827 -0.3915
vn -0.7794 0.5149 0.3569
vn -0.7606 -0.6407 -0.1043
vn 0.5106 -0.7604 -0.4013
vn -0.8270 -0.5591 -0.0590
vn 0.3873 -0.8287 -0.4041
vn -0.8866 -0.4625 -0.0090
vn 0.2412 -0.8852 -0.3978
vn 0.6202 -0.6864 -0.3798
vn -0.7710 0.5050 0.3878
vn -0.7118 -0.6983 0.0763
vn 0.5202 -0.7717 -0.3659
vn -0.7788 -0.6159 0.1193
vn 0.4035 -0.8478 -0.3441
vn -0.8397 -0.5177 0.1640
vn 0.2645 -0.9126 -0.3119
vn -0.8934 -0.3961 0.2119
vn 0.0965 -0.9593 -0.2654
vn -0.9341 -0.2406 0.2636
vn -0.1048 -0.9743 -0.1996
vn -0.9476 -0.0380 0.3173
vn -0.3350 -0.9357 -0.1110
vn -0.9053 0.2180 0.3646
vn -0.6059 -0.7953 0.0163
vn 0.1434 -0.9777 -0.1536
vn -0.8725 -0.2647 0.4107
vn -0.0467 -0.9971 -0.0609
vn -0.8962 -0.0582 0.4398
vn -0.2669 -0.9623 0.0513
vn -0.8699 0.2042 0.4489
vn -0.5314 -0.8246 0.1942
vn 0.6251 -0.6883 -0.3682
vn -0.7582 0.5000 0.4184
vn -0.6369 -0.7276 0.2547
vn 0.5349 -0.7774 -0.3310
vn -0.7049 -0.6448 0.2954
vn 0.4284 -0.8575 -0.2849
vn -0.7680 -0.5458 0.3351
vn 0.3001 -0.9265 -0.2270
vn -0.8255 -0.4228 0.3740
vn -0.5391 -0.7276 0.4242
vn 0.5541 -0.7774 -0.2977
vn -0.6083 -0.6448 0.4628
vn 0.4609 -0.8575 -0.2285
vn -0.6742 -0.5458 0.4976
vn 0.3466 -0.9265 -0.1464
vn -0.7366 -0.4228 0.5279
vn 0.2047 -0.9777 -0.0474
vn -0.7919 -0.2647 0.5503
vn 0.0294 -0.9971 0.0709
vn -0.8290 -0.0582 0.5562
vn -0.1779 -0.9623 0.2055
vn -0.8237 0.2042 0.5289
vn -0.4339 -0.8246 0.3631
vn 0.6314 -0.6883 -0.3572
vn -0.7415 0.5000 0.4474
vn -0.6954 -0.2406 0.6772
vn 0.1205 -0.9743 0.1906
vn -0.7485 -0.0380 0.6620
vn -0.0714 -0.9357 0.3456
vn -0.7684 0.2180 0.6017
vn -0.3171 -0.7953 0.5166
vn 0.6390 -0.6864 -0.3473
vn -0.7214 0.5050 0.4738
vn -0.4219 -0.6983 0.5783
vn 0.5770 -0.7717 -0.2676
vn -0.4927 -0.6159 0.6148
vn 0.4998 -0.8478 -0.1774
vn -0.5619 -0.5177 0.6452
vn 0.4024 -0.9126 -0.0731
vn -0.6302 -0.3961 0.6677
vn 0.2781 -0.9593 0.0491
vn 0.6029 -0.7604 -0.2416
vn -0.3625 -0.5591 0.7457
vn 0.5436 -0.8287 -0.1333
vn -0.4355 -0.4625 0.7723
vn 0.4651 -0.8852 -0.0100
vn -0.5105 -0.3439 0.7881
vn 0.3607 -0.9233 0.1322
vn -0.5867 -0.1931 0.7864
vn 0.2230 -0.9295 0.2937
vn -0.6579 0.0015 0.7531
vn 0.0486 -0.8833 0.4662
vn -0.7061 0.2452 0.6643
vn -0.1856 -0.7380 0.6488
vn 0.6475 -0.6826 -0.3387
vn -0.6988 0.5149 0.4965
vn -0.2900 -0.6407 0.7109
vn 0.3331 -0.8646 0.3762
vn -0.5607 0.0589 0.8260
vn 0.1775 -0.8074 0.5627
vn -0.6392 0.2846 0.7144
vn -0.0444 -0.6547 0.7545
vn 0.6567 -0.6772 -0.3318
vn -0.6745 0.5292 0.5147
vn -0.1483 -0.5572 0.8170
vn 0.6306 -0.7440 -0.2208
vn -0.2226 -0.4766 0.8504
vn 0.5907 -0.8009 -0.0981
vn -0.2997 -0.3824 0.8740
vn 0.5325 -0.8454 0.0405
vn -0.3818 -0.2680 0.8845
vn 0.4495 -0.8709 0.1986
vn -0.4700 -0.1243 0.8739
vn -0.0786 -0.3717 0.9250
vn 0.6392 -0.7656 -0.0730
vn -0.1598 -0.2805 0.9464
vn 0.6020 -0.7949 0.0765
vn -0.2493 -0.1715 0.9531
vn 0.5409 -0.8043 0.2460
vn -0.3498 -0.0367 0.9361
vn 0.4466 -0.7819 0.4349
vn -0.4604 0.1319 0.8778
vn 0.3102 -0.7107 0.6315
vn -0.5703 0.3348 0.7501
vn 0.1010 -0.5488 0.8298
vn 0.6662 -0.6704 -0.3269
vn -0.6496 0.5474 0.5277
vn -0.0024 -0.4509 0.8926
vn 0.6592 -0.7232 -0.2060
vn -0.3611 0.2177 0.9067
vn 0.4417 -0.5969 0.6697
vn -0.5021 0.3939 0.7699
vn 0.2451 -0.4242 0.8718
vn 0.6755 -0.6623 -0.3242
vn -0.6248 0.5688 0.5349
vn 0.1422 -0.3258 0.9347
vn 0.6876 -0.6987 -0.1977
vn 0.0641 -0.2483 0.9666
vn 0.6872 -0.7241 -0.0590
vn -0.0212 -0.1607 0.9868
vn 0.6708 -0.7354 0.0965
vn -0.1181 -0.0580 0.9913
vn 0.6315 -0.7260 0.2723
vn -0.2307 0.0662 0.9708
vn 0.5590 -0.6848 0.4676
vn 0.1107 -0.0276 0.9935
vn 0.7363 -0.6693 0.0998
vn 0.0070 0.0681 0.9977
vn 0.7177 -0.6390 0.2767
vn -0.1172 0.1807 0.9765
vn 0.6660 -0.5768 0.4730
vn -0.2666 0.3131 0.9115
vn 0.5670 -0.4706 0.6761
vn -0.4370 0.4595 0.7732
vn 0.3823 -0.2858 0.8787
vn 0.6844 -0.6533 -0.3237
vn -0.6012 0.5926 0.5361
vn 0.2799 -0.1869 0.9417
vn 0.7146 -0.6714 -0.1963
vn 0.2001 -0.1112 0.9735
vn 0.7330 -0.6779 -0.0567
vn -0.3778 0.5291 0.7598
vn 0.5074 -0.1388 0.8505
vn 0.6926 -0.6437 -0.3256
vn -0.5797 0.6179 0.5312
vn 0.4054 -0.0395 0.9133
vn 0.7392 -0.6425 -0.2019
vn 0.3240 0.0344 0.9454
vn 0.7747 -0.6289 -0.0661
vn 0.2311 0.1138 0.9663
vn 0.7960 -0.5991 0.0863
vn 0.1209 0.2020 0.9719
vn 0.7963 -0.5466 0.2589
vn -0.0138 0.3022 0.9532
vn 0.7636 -0.4622 0.4510
vn -0.1804 0.4144 0.8920
vn 0.6811 -0.3365 0.6503
vn 0.8476 -0.5276 0.0565
vn 0.2195 0.3385 0.9150
vn 0.8643 -0.4524 0.2197
vn 0.0756 0.4260 0.9015
vn 0.8479 -0.3453 0.4023
vn -0.1059 0.5176 0.8490
vn 0.7798 -0.1997 0.5933
vn -0.3265 0.6001 0.7303
vn 0.6156 0.0111 0.7880
vn 0.6996 -0.6340 -0.3296
vn -0.5611 0.6436 0.5205
vn 0.5139 0.1109 0.8506
vn 0.7604 -0.6131 -0.2142
vn 0.4311 0.1828 0.8836
vn 0.8107 -0.5790 -0.0869
vn 0.3351 0.2579 0.9062
vn 0.7026 0.1580 0.6938
vn 0.7052 -0.6244 -0.3357
vn -0.5462 0.6689 0.5043
vn 0.6013 0.2584 0.7561
vn 0.7776 -0.5842 -0.2327
vn 0.5173 0.3284 0.7903
vn 0.8397 -0.5300 -0.1183
vn 0.4188 0.3992 0.8156
vn 0.8892 -0.4574 0.0115
vn 0.2988 0.4724 0.8292
vn 0.9190 -0.3601 0.1605
vn 0.1475 0.5475 0.8237
vn 0.9158 -0.2307 0.3288
vn -0.0459 0.6189 0.7841
vn 0.8593 -0.0656 0.5073
vn -0.2853 0.6697 0.6856
vn 0.3558 0.5986 0.7177
vn 0.9584 -0.2730 0.0836
vn 0.1993 0.6620 0.7226
vn 0.9646 -0.1227 0.2334
vn -0.0028 0.7143 0.6998
vn 0.9164 0.0608 0.3957
vn -0.2557 0.7353 0.6277
vn 0.7652 0.2965 0.5715
vn 0.7093 -0.6154 -0.3437
vn -0.5354 0.6927 0.4833
vn 0.6641 0.3973 0.6334
vn 0.7899 -0.5569 -0.2568
vn 0.5793 0.4655 0.6692
vn 0.8606 -0.4838 -0.1591
vn 0.4790 0.5324 0.6980
vn 0.9191 -0.3913 -0.0469
vn 0.7116 -0.6073 -0.3532
vn -0.5293 0.7141 0.4582
vn 0.6999 0.5223 0.4871
vn 0.7969 -0.5324 -0.2854
vn 0.6147 0.5889 0.5248
vn 0.8725 -0.4423 -0.2077
vn 0.5133 0.6522 0.5578
vn 0.9361 -0.3318 -0.1165
vn 0.3883 0.7121 0.5849
vn 0.9808 -0.1947 -0.0080
vn 0.2288 0.7650 0.6021
vn 0.9925 -0.0255 0.1197
vn 0.0219 0.8002 0.5994
vn 0.9490 0.1745 0.2627
vn -0.2387 0.7943 0.5586
vn 0.8009 0.4211 0.4257
vn 0.9855 -0.1281 -0.1109
vn 0.2350 0.8525 0.4668
vn 0.9983 0.0571 -0.0079
vn 0.0270 0.8732 0.4866
vn 0.9558 0.2712 0.1134
vn -0.2352 0.8445 0.4811
vn 0.8084 0.5270 0.2621
vn 0.7121 -0.6005 -0.3638
vn -0.5280 0.7323 0.4301
vn 0.7075 0.6286 0.3229
vn 0.7984 -0.5116 -0.3176
vn 0.6221 0.6938 0.3628
vn 0.8750 -0.4070 -0.2622
vn 0.5205 0.7541 0.4005
vn 0.9397 -0.2812 -0.1946
vn 0.3952 0.8086 0.4359
vn 0.6864 0.7122 0.1472
vn 0.7942 -0.4952 -0.3520
vn 0.6013 0.7763 0.1893
vn 0.8680 -0.3792 -0.3206
vn 0.5003 0.8342 0.2320
vn 0.9297 -0.2415 -0.2782
vn 0.3760 0.8844 0.2763
vn 0.9723 -0.0758 -0.2210
vn 0.2176 0.9214 0.3221
vn 0.9819 0.1221 -0.1445
vn 0.0126 0.9305 0.3660
vn 0.9367 0.3471 -0.0465
vn -0.2451 0.8840 0.3981
vn 0.7874 0.6103 0.0870
vn 0.7108 -0.5950 -0.3752
vn -0.5316 0.7466 0.4000
vn 0.1774 0.9688 0.1733
vn 0.9439 0.1668 -0.2849
vn -0.0210 0.9701 0.2420
vn 0.8922 0.3995 -0.2107
vn -0.2682 0.9111 0.3129
vn 0.7387 0.6676 -0.0930
vn 0.7076 -0.5913 -0.3869
vn -0.5400 0.7565 0.3691
vn 0.6375 0.7697 -0.0334
vn 0.7847 -0.4840 -0.3874
vn 0.5530 0.8331 0.0110
vn 0.8518 -0.3601 -0.3806
vn 0.4535 0.8893 0.0589
vn 0.9064 -0.2141 -0.3641
vn 0.3316 0.9367 0.1124
vn 0.9417 -0.0398 -0.3341
vn 0.4792 0.8620 -0.1651
vn 0.8269 -0.3504 -0.4399
vn 0.3818 0.9174 -0.1121
vn 0.8708 -0.2002 -0.4490
vn 0.2637 0.9633 -0.0497
vn 0.8948 -0.0214 -0.4459
vn 0.1157 0.9929 0.0263
vn 0.8858 0.1896 -0.4236
vn -0.0724 0.9902 0.1194
vn 0.8242 0.4262 -0.3730
vn -0.3035 0.9250 0.2286
vn 0.6641 0.6968 -0.2708
vn 0.7027 -0.5894 -0.3984
vn -0.5528 0.7615 0.3385
vn 0.5627 0.7991 -0.2119
vn 0.7700 -0.4782 -0.4224
vn 0.7700 -0.4782 0.4224
vn 0.4792 0.8620 0.1651
vn 0.8269 -0.3504 0.4399
vn 0.3818 0.9174 0.1121
vn 0.8708 -0.2002 0.4490
vn 0.2637 0.9633 0.0497
vn 0.8948 -0.0214 0.4459
vn 0.1157 0.9929 -0.0263
vn 0.8858 0.1896 0.4236
vn -0.0724 0.9902 -0.1194
vn 0.8242 0.4262 0.3730
vn -0.3035 0.9250 -0.2286
vn 0.6641 0.6968 0.2708
vn 0.7027 -0.5894 0.3984
vn -0.5528 0.7615 -0.3385
vn 0.5627 0.7991 0.2119
vn 0.7387 0.6676 0.0930
vn 0.7076 -0.5913 0.3869
vn -0.5400 0.7565 -0.3691
vn 0.6375 0.7697 0.0334
vn 0.7847 -0.4840 0.3874
vn 0.5530 0.8331 -0.0110
vn 0.8518 -0.3601 0.3806
vn 0.4535 0.8893 -0.0589
vn 0.9064 -0.2141 0.3641
vn 0.3316 0.9367 -0.1124
vn 0.9417 -0.0398 0.3341
vn 0.1774 0.9688 -0.1733
vn 0.9439 0.1668 0.2849
vn -0.0210 0.9701 -0.2420
vn 0.8922 0.3995 0.2107
vn -0.2682 0.9111 -0.3129
vn 0.3760 0.8844 -0.2763
vn 0.9723 -0.0758 0.2209
vn 0.2176 0.9214 -0.3221
vn 0.9819 0.1221 0.1445
vn 0.0126 0.9305 -0.3660
vn 0.9367 0.3471 0.0465
vn -0.2451 0.8840 -0.3981
vn 0.7874 0.6103 -0.0870
vn 0.7108 -0.5950 0.3752
vn -0.5316 0.7466 -0.4000
vn 0.6864 0.7122 -0.1472
vn 0.7942 -0.4952 0.3520
vn 0.6013 0.7763 -0.1893
vn 0.8680 -0.3792 0.3206
vn 0.5003 0.8342 -0.2320
vn 0.9297 -0.2415 0.2782
vn -0.5280 0.7323 -0.4301
vn 0.7075 0.6286 -0.3229
vn 0.7984 -0.5116 0.3176
vn 0.6221 0.6938 -0.3628
vn 0.8750 -0.4070 0.2622
vn 0.5205 0.7541 -0.4005
vn 0.9397 -0.2812 0.1946
vn 0.3952 0.8086 -0.4359
vn 0.9855 -0.1281 0.1109
vn 0.2350 0.8525 -0.4668
vn 0.9983 0.0571 0.0079
vn 0.0270 0.8732 -0.4866
vn 0.9558 0.2712 -0.1134
vn -0.2352 0.8445 -0.4811
vn 0.8084 0.5270 -0.2621
vn 0.7121 -0.6004 0.3638
vn 0.2288 0.7650 -0.6021
vn 0.9925 -0.0255 -0.1197
vn 0.0219 0.8002 -0.5994
vn 0.9490 0.1745 -0.2627
vn -0.2387 0.7943 -0.5586
vn 0.8009 0.4211 -0.4257
vn 0.7116 -0.6073 0.3531
vn -0.5293 0.7141 -0.4582
vn 0.6999 0.5223 -0.4871
vn 0.7969 -0.5324 0.2854
vn 0.6147 0.5889 -0.5248
vn 0.8725 -0.4423 0.2077
vn 0.5133 0.6522 -0.5578
vn 0.9361 -0.3318 0.1165
vn 0.3883 0.7121 -0.5849
vn 0.9808 -0.1947 0.0080
vn 0.7899 -0.5569 0.2568
vn 0.5793 0.4655 -0.6692
vn 0.8606 -0.4838 0.1591
vn 0.4790 0.5324 -0.6980
vn 0.9191 -0.3913 0.0469
vn 0.3558 0.5986 -0.7177
vn 0.9584 -0.2730 -0.0836
vn 0.1993 0.6620 -0.7226
vn 0.9646 -0.1227 -0.2334
vn -0.0028 0.7143 -0.6998
vn 0.9164 0.0608 -0.3957
vn -0.2556 0.7353 -0.6277
vn 0.7652 0.2965 -0.5715
vn 0.7093 -0.6154 0.3437
vn -0.5354 0.6927 -0.4833
vn 0.6641 0.3973 -0.6334
vn 0.9158 -0.2307 -0.3288
vn -0.0459 0.6189 -0.7841
vn 0.8593 -0.0656 -0.5073
vn -0.2853 0.6697 -0.6856
vn 0.7026 0.1580 -0.6938
vn 0.7052 -0.6244 0.3357
vn -0.5462 0.6689 -0.5043
vn 0.6013 0.2584 -0.7561
vn 0.7776 -0.5842 0.2327
vn 0.5173 0.3284 -0.7903
vn 0.8397 -0.5300 0.1183
vn 0.4188 0.3992 -0.8156
vn 0.8892 -0.4574 -0.0115
vn 0.2988 0.4724 -0.8292
vn 0.9190 -0.3601 -0.1605
vn 0.1475 0.5475 -0.8237
vn 0.4311 0.1828 -0.8836
vn 0.8107 -0.5790 0.0869
vn 0.3351 0.2579 -0.9062
vn 0.8476 -0.5276 -0.0565
vn 0.2195 0.3385 -0.9150
vn 0.8643 -0.4524 -0.2197
vn 0.0756 0.4260 -0.9015
vn 0.8479 -0.3453 -0.4023
vn -0.1059 0.5176 -0.8490
vn 0.7798 -0.1997 -0.5933
vn -0.3265 0.6001 -0.7303
vn 0.6156 0.0111 -0.7880
vn 0.6996 -0.6340 0.3296
vn -0.5611 0.6436 -0.5205
vn 0.5139 0.1109 -0.8506
vn 0.7604 -0.6131 0.2142
vn -0.1804 0.4144 -0.8920
vn 0.6811 -0.3365 -0.6503
vn -0.3778 0.5291 -0.7598
vn 0.5074 -0.1388 -0.8505
vn 0.6926 -0.6437 0.3256
vn -0.5797 0.6179 -0.5312
vn 0.4054 -0.0395 -0.9133
vn 0.7392 -0.6425 0.2019
vn 0.3240 0.0344 -0.9454
vn 0.7747 -0.6289 0.0661
vn 0.2311 0.1138 -0.9663
vn 0.7960 -0.5991 -0.0863
vn 0.1209 0.2020 -0.9719
vn 0.7963 -0.5466 -0.2589
vn -0.0138 0.3022 -0.9532
vn 0.7636 -0.4622 -0.4510
vn 0.7330 -0.6779 0.0567
vn 0.1107 -0.0276 -0.9935
vn 0.7363 -0.6693 -0.0998
vn 0.0070 0.0681 -0.9977
vn 0.7177 -0.6390 -0.2767
vn -0.1172 0.1807 -0.9765
vn 0.6660 -0.5768 -0.4730
vn -0.2666 0.3131 -0.9115
vn 0.5670 -0.4706 -0.6761
vn -0.4370 0.4595 -0.7732
vn 0.3823 -0.2858 -0.8787
vn 0.6844 -0.6533 0.3237
vn -0.6012 0.5926 -0.5361
vn 0.2799 -0.1869 -0.9417
vn 0.7146 -0.6714 0.1963
vn 0.2001 -0.1112 -0.9735
vn 0.4417 -0.5969 -0.6697
vn -0.5021 0.3939 -0.7699
vn 0.2451 -0.4242 -0.8718
vn 0.6755 -0.6623 0.3242
vn -0.6248 0.5688 -0.5349
vn 0.1422 -0.3258 -0.9347
vn 0.6876 -0.6987 0.1977
vn 0.0641 -0.2483 -0.9666
vn 0.6872 -0.7241 0.0590
vn -0.0212 -0.1607 -0.9868
vn 0.6708 -0.7354 -0.0965
vn -0.1181 -0.0580 -0.9913
vn 0.6315 -0.7260 -0.2723
vn -0.2307 0.0662 -0.9708
vn 0.5590 -0.6848 -0.4676
vn -0.3611 0.2177 -0.9067
vn -0.1598 -0.2805 -0.9464
vn 0.6020 -0.7949 -0.0765
vn -0.2493 -0.1715 -0.9531
vn 0.5409 -0.8043 -0.2460
vn -0.3498 -0.0367 -0.9361
vn 0.4466 -0.7819 -0.4349
vn -0.4604 0.1319 -0.8778
vn 0.3102 -0.7107 -0.6315
vn -0.5703 0.3348 -0.7501
vn 0.1010 -0.5488 -0.8298
vn 0.6662 -0.6704 0.3269
vn -0.6496 0.5474 -0.5277
vn -0.0024 -0.4509 -0.8926
vn 0.6592 -0.7232 0.2060
vn -0.0786 -0.3717 -0.9250
vn 0.6392 -0.7656 0.0730
vn -0.6392 0.2846 -0.7144
vn -0.0444 -0.6547 -0.7545
vn 0.6567 -0.6772 0.3318
vn -0.6745 0.5292 -0.5147
vn -0.1483 -0.5572 -0.8170
vn 0.6306 -0.7440 0.2208
vn -0.2226 -0.4766 -0.8504
vn 0.5907 -0.8009 0.0981
vn -0.2997 -0.3824 -0.8740
vn 0.5325 -0.8454 -0.0405
vn -0.3818 -0.2680 -0.8845
vn 0.4495 -0.8709 -0.1986
vn -0.4700 -0.1243 -0.8739
vn 0.3331 -0.8646 -0.3762
vn -0.5607 0.0589 -0.8260
vn 0.1775 -0.8074 -0.5627
vn -0.5105 -0.3439 -0.7881
vn 0.3607 -0.9233 -0.1322
vn -0.5867 -0.1931 -0.7864
vn 0.2230 -0.9295 -0.2937
vn -0.6579 0.0015 -0.7531
vn 0.0486 -0.8833 -0.4662
vn -0.7061 0.2452 -0.6643
vn -0.1856 -0.7380 -0.6488
vn 0.6475 -0.6827 0.3387
vn -0.6988 0.5149 -0.4965
vn -0.2900 -0.6407 -0.7109
vn 0.6029 -0.7604 0.2416
vn -0.3625 -0.5591 -0.7457
vn 0.5436 -0.8287 0.1333
vn -0.4355 -0.4625 -0.7723
vn 0.4651 -0.8852 0.0100
vn 0.6390 -0.6864 0.3472
vn -0.7214 0.5050 -0.4738
vn -0.4219 -0.6983 -0.5783
vn 0.5770 -0.7717 0.2676
vn -0.4927 -0.6159 -0.6148
vn 0.4998 -0.8478 0.1774
vn -0.5619 -0.5177 -0.6452
vn 0.4024 -0.9126 0.0731
vn -0.6302 -0.3961 -0.6677
vn 0.2781 -0.9593 -0.0491
vn -0.6954 -0.2406 -0.6772
vn 0.1205 -0.9743 -0.1906
vn -0.7485 -0.0380 -0.6620
vn -0.0714 -0.9357 -0.3456
vn -0.7684 0.2180 -0.6017
vn -0.3171 -0.7953 -0.5166
vn 0.2047 -0.9777 0.0474
vn -0.7919 -0.2647 -0.5503
vn 0.0294 -0.9971 -0.0709
vn -0.8290 -0.0582 -0.5562
vn -0.1779 -0.9623 -0.2055
vn -0.8237 0.2042 -0.5289
vn -0.4339 -0.8246 -0.3631
vn 0.6314 -0.6883 0.3572
vn -0.7415 0.5000 -0.4474
vn -0.5391 -0.7276 -0.4242
vn 0.5541 -0.7774 0.2977
vn -0.6083 -0.6448 -0.4628
vn 0.4609 -0.8575 0.2285
vn -0.6742 -0.5458 -0.4976
vn 0.3466 -0.9265 0.1464
vn -0.7366 -0.4228 -0.5279
vn -0.6369 -0.7276 -0.2547
vn 0.5349 -0.7774 0.3310
vn -0.7049 -0.6448 -0.2954
vn 0.4284 -0.8575 0.2849
vn -0.7680 -0.5458 -0.3351
vn 0.3001 -0.9265 0.2270
vn -0.8255 -0.4228 -0.3740
vn 0.1434 -0.9777 0.1536
vn -0.8725 -0.2647 -0.4107
vn -0.0467 -0.9971 0.0609
vn -0.8962 -0.0582 -0.4398
vn -0.2669 -0.9623 -0.0513
vn -0.8699 0.2042 -0.4489
vn -0.5314 -0.8246 -0.1942
vn 0.6251 -0.6883 0.3682
vn -0.7582 0.5000 -0.4184
vn -0.9341 -0.2406 -0.2636
vn -0.1048 -0.9743 0.1996
vn -0.9476 -0.0380 -0.3173
vn -0.3350 -0.9357 0.1110
vn -0.9053 0.2180 -0.3646
vn -0.6059 -0.7953 -0.0163
vn 0.6202 -0.6864 0.3798
vn -0.7710 0.5050 -0.3878
vn -0.7118 -0.6983 -0.0763
vn 0.5202 -0.7717 0.3659
vn -0.7788 -0.6159 -0.1193
vn 0.4035 -0.8478 0.3441
vn -0.8397 -0.5177 -0.1640
vn 0.2645 -0.9126 0.3119
vn -0.8934 -0.3961 -0.2119
vn 0.0965 -0.9593 0.2654
vn 0.5106 -0.7604 0.4013
vn -0.8270 -0.5591 0.0590
vn 0.3873 -0.8287 0.4041
vn -0.8866 -0.4625 0.0090
vn 0.2412 -0.8852 0.3978
vn -0.9378 -0.3439 -0.0480
vn 0.0659 -0.9233 0.3785
vn -0.9744 -0.1932 -0.1149
vn -0.1428 -0.9295 0.3400
vn -0.9811 0.0015 -0.1933
vn -0.3794 -0.8833 0.2752
vn -0.9283 0.2452 -0.2794
vn -0.6547 -0.7380 0.1636
vn 0.6171 -0.6826 0.3914
vn -0.7794 0.5149 -0.3569
vn -0.7606 -0.6407 0.1043
vn -0.1592 -0.8646 0.4766
vn -0.9956 0.0589 -0.0726
vn -0.3986 -0.8074 0.4351
vn -0.9383 0.2846 -0.1964
vn -0.6757 -0.6547 0.3388
vn 0.6157 -0.6772 0.4028
vn -0.7830 0.5292 -0.3268
vn -0.7817 -0.5572 0.2801
vn 0.5065 -0.7440 0.4358
vn -0.8478 -0.4766 0.2324
vn 0.3803 -0.8009 0.4625
vn -0.9068 -0.3824 0.1775
vn 0.2312 -0.8454 0.4814
vn -0.9569 -0.2680 0.1116
vn 0.0527 -0.8709 0.4886
vn -0.9918 -0.1243 0.0299
vn -0.8404 -0.3717 0.3945
vn 0.3828 -0.7656 0.5171
vn -0.8996 -0.2805 0.3348
vn 0.2348 -0.7949 0.5596
vn -0.9501 -0.1715 0.2606
vn 0.0574 -0.8043 0.5914
vn -0.9856 -0.0367 0.1651
vn -0.1534 -0.7819 0.6042
vn -0.9905 0.1319 0.0402
vn -0.3918 -0.7107 0.5844
vn -0.9347 0.3348 -0.1189
vn -0.6682 -0.5488 0.5024
vn 0.6162 -0.6704 0.4135
vn -0.7817 0.5474 -0.2987
vn -0.7742 -0.4509 0.4442
vn 0.5080 -0.7232 0.4679
vn -0.9658 0.2177 0.1406
vn -0.3592 -0.5969 0.7174
vn -0.9178 0.3939 -0.0498
vn -0.6324 -0.4242 0.6481
vn 0.6185 -0.6623 0.4229
vn -0.7756 0.5688 -0.2736
vn -0.7383 -0.3258 0.5905
vn 0.5150 -0.6987 0.4966
vn -0.8050 -0.2483 0.5388
vn 0.3947 -0.7241 0.5657
vn -0.8652 -0.1607 0.4750
vn 0.2518 -0.7354 0.6291
vn -0.9175 -0.0580 0.3934
vn 0.0799 -0.7260 0.6830
vn -0.9560 0.0662 0.2856
vn -0.1255 -0.6848 0.7179
vn -0.8050 -0.0276 0.5926
vn 0.2817 -0.6693 0.6875
vn -0.8605 0.0681 0.5049
vn 0.1192 -0.6390 0.7599
vn -0.9043 0.1807 0.3868
vn -0.0767 -0.5768 0.8133
vn -0.9227 0.3131 0.2249
vn -0.3020 -0.4706 0.8290
vn -0.8882 0.4595 0.0081
vn -0.5699 -0.2858 0.7705
vn 0.6226 -0.6533 0.4309
vn -0.7648 0.5926 -0.2526
vn -0.6755 -0.1869 0.7132
vn 0.5273 -0.6714 0.5207
vn -0.7430 -0.1112 0.6600
vn 0.4155 -0.6779 0.6064
vn -0.8469 0.5291 0.0528
vn -0.4828 -0.1388 0.8647
vn 0.6282 -0.6437 0.4370
vn -0.7499 0.6179 -0.2364
vn -0.5882 -0.0395 0.8078
vn 0.5444 -0.6425 0.5392
vn -0.6568 0.0344 0.7533
vn 0.4446 -0.6289 0.6378
vn -0.7213 0.1138 0.6832
vn 0.3233 -0.5991 0.7325
vn -0.7812 0.2020 0.5907
vn 0.1739 -0.5466 0.8191
vn -0.8324 0.3022 0.4646
vn -0.0088 -0.4622 0.8868
vn -0.8627 0.4144 0.2898
vn -0.2226 -0.3365 0.9150
vn 0.3749 -0.5276 0.7623
vn -0.6827 0.3385 0.6476
vn 0.2419 -0.4524 0.8584
vn -0.7430 0.4260 0.5162
vn 0.0756 -0.3453 0.9355
vn -0.7882 0.5176 0.3328
vn -0.1239 -0.1997 0.9720
vn -0.7957 0.6001 0.0823
vn -0.3747 0.0111 0.9271
vn 0.6352 -0.6340 0.4411
vn -0.7313 0.6436 -0.2257
vn -0.4797 0.1109 0.8704
vn 0.5657 -0.6131 0.5515
vn -0.5497 0.1828 0.8151
vn 0.4806 -0.5790 0.6586
vn -0.6173 0.2579 0.7433
vn -0.2496 0.1580 0.9554
vn 0.6434 -0.6244 0.4429
vn -0.7098 0.6689 -0.2208
vn -0.3542 0.2584 0.8988
vn 0.5903 -0.5842 0.5570
vn -0.4258 0.3284 0.8431
vn 0.5223 -0.5300 0.6681
vn -0.4970 0.3992 0.7705
vn 0.4346 -0.4574 0.7758
vn -0.5687 0.4724 0.6733
vn 0.3205 -0.3601 0.8761
vn -0.6396 0.5475 0.5396
vn 0.1731 -0.2307 0.9575
vn -0.7020 0.6189 0.3523
vn -0.0097 -0.0656 0.9978
vn -0.7364 0.6697 0.0957
vn -0.4437 0.5986 0.6670
vn 0.4068 -0.2730 0.8718
vn -0.5261 0.6620 0.5338
vn 0.2802 -0.1227 0.9521
vn -0.6074 0.7143 0.3475
vn 0.1155 0.0608 0.9914
vn -0.6714 0.7353 0.0924
vn -0.1123 0.2965 0.9484
vn 0.6523 -0.6154 0.4424
vn -0.6862 0.6927 -0.2220
vn -0.2165 0.3973 0.8918
vn 0.6173 -0.5570 0.5557
vn -0.2899 0.4655 0.8362
vn 0.5681 -0.4838 0.6657
vn -0.3650 0.5324 0.7638
vn 0.5001 -0.3913 0.7725
vn 0.6617 -0.6073 0.4397
vn -0.6614 0.7141 -0.2293
vn -0.0719 0.5223 0.8497
vn 0.6456 -0.5324 0.5474
vn -0.1472 0.5889 0.7947
vn 0.6161 -0.4423 0.6518
vn -0.2264 0.6522 0.7235
vn 0.5689 -0.3318 0.7525
vn -0.3124 0.7121 0.6288
vn 0.4974 -0.1947 0.8454
vn -0.4070 0.7650 0.4992
vn 0.3926 -0.0255 0.9194
vn -0.5081 0.8002 0.3186
vn 0.2470 0.1745 0.9532
vn -0.6031 0.7943 0.0726
vn 0.0318 0.4211 0.9065
vn 0.5888 -0.1281 0.7981
vn -0.2868 0.8525 0.4369
vn 0.5060 0.0571 0.8606
vn -0.4079 0.8732 0.2667
vn 0.3797 0.2712 0.8845
vn -0.5342 0.8445 0.0369
vn 0.1772 0.5270 0.8312
vn 0.6711 -0.6005 0.4348
vn -0.6365 0.7323 -0.2422
vn 0.0741 0.6286 0.7742
vn 0.6742 -0.5116 0.5326
vn -0.0031 0.6938 0.7201
vn 0.6646 -0.4070 0.6267
vn -0.0865 0.7541 0.6510
vn 0.6383 -0.2812 0.7165
vn -0.1799 0.8086 0.5602
vn 0.2157 0.7122 0.6680
vn 0.7020 -0.4952 0.5118
vn 0.1367 0.7763 0.6154
vn 0.7116 -0.3792 0.5914
vn 0.0492 0.8342 0.5493
vn 0.7057 -0.2415 0.6660
vn -0.0513 0.8844 0.4638
vn 0.6775 -0.0758 0.7316
vn -0.1701 0.9214 0.3495
vn 0.6161 0.1221 0.7781
vn -0.3107 0.9305 0.1939
vn 0.5086 0.3471 0.7879
vn -0.4673 0.8840 -0.0132
vn 0.3184 0.6103 0.7254
vn 0.6803 -0.5950 0.4279
vn -0.6122 0.7466 -0.2604
vn -0.0614 0.9688 0.2402
vn 0.7187 0.1668 0.6751
vn -0.2201 0.9701 0.1028
vn 0.6286 0.3995 0.6673
vn -0.4051 0.9111 -0.0758
vn 0.4499 0.6676 0.5932
vn 0.6888 -0.5913 0.4194
vn -0.5896 0.7565 -0.2831
vn 0.3477 0.7697 0.5354
vn 0.7279 -0.4840 0.4858
vn 0.2669 0.8331 0.4845
vn 0.7555 -0.3601 0.5474
vn 0.1757 0.8893 0.4222
vn 0.7685 -0.2141 0.6029
vn 0.0685 0.9367 0.3434
vn 0.7602 -0.0398 0.6485
vn 0.3826 0.8620 0.3324
vn 0.7944 -0.3504 0.4962
vn 0.2880 0.9174 0.2746
vn 0.8243 -0.2002 0.5297
vn 0.1749 0.9633 0.2036
vn 0.8335 -0.0214 0.5520
vn 0.0351 0.9929 0.1134
vn 0.8097 0.1896 0.5553
vn -0.1396 0.9902 -0.0030
vn 0.7351 0.4262 0.5272
vn -0.3497 0.9250 -0.1486
vn 0.5666 0.6968 0.4397
vn 0.6964 -0.5894 0.4094
vn -0.5695 0.7615 -0.3095
vn 0.4648 0.7991 0.3814
vn 0.7508 -0.4782 0.4556
vn 0.0896 0.4065 -0.9093
vn 0.2649 0.4089 -0.8733
vn 0.4270 0.4238 -0.7988
vn 0.5666 0.4498 -0.6904
vn 0.6762 0.4845 -0.5550
vn 0.7507 0.5248 -0.4013
vn 0.7878 0.5676 -0.2390
vn 0.7886 0.6100 -0.0777
vn 0.7567 0.6495 0.0745
vn 0.6973 0.6849 0.2115
vn 0.6164 0.7152 0.3295
vn 0.5197 0.7402 0.4265
vn 0.4121 0.7603 0.5022
vn 0.2976 0.7756 0.5567
vn 0.1793 0.7865 0.5910
vn 0.0597 0.7934 0.6058
vn -0.0593 0.7964 0.6019
vn -0.1758 0.7957 0.5796
vn -0.2883 0.7912 0.5393
vn -0.3947 0.7828 0.4810
vn -0.4930 0.7703 0.4046
vn -0.5801 0.7532 0.3101
vn -0.6527 0.7313 0.1980
vn -0.7066 0.7042 0.0696
vn -0.7370 0.6720 -0.0726
vn -0.7393 0.6349 -0.2243
vn -0.7094 0.5941 -0.3792
vn -0.6450 0.5512 -0.5293
vn -0.5461 0.5090 -0.6654
vn -0.4160 0.4704 -0.7783
vn -0.2609 0.4387 -0.8599
vn -0.0891 0.4167 -0.9047
vn -0.0000 -1.0000 -0.0000
vn -0.0943 0.2713 -0.9579
vn -0.0721 -0.6771 -0.7324
vn -0.0738 0.6584 -0.7491
vn -0.0669 0.7307 -0.6795
vn -0.0510 0.8542 -0.5174
vn -0.2794 0.2713 -0.9210
vn -0.2136 -0.6771 -0.7042
vn -0.2185 0.6584 -0.7203
vn -0.1997 0.7258 -0.6583
vn -0.1505 0.8551 -0.4961
vn -0.4537 0.2713 -0.8488
vn -0.3469 -0.6771 -0.6490
vn -0.3548 0.6584 -0.6638
vn -0.3292 0.7158 -0.6158
vn -0.2430 0.8568 -0.4547
vn -0.6106 0.2713 -0.7440
vn -0.4669 -0.6771 -0.5689
vn -0.4775 0.6584 -0.5818
vn -0.4527 0.7006 -0.5516
vn -0.3244 0.8593 -0.3953
vn -0.7440 0.2713 -0.6106
vn -0.5689 -0.6771 -0.4669
vn -0.5818 0.6584 -0.4775
vn -0.5670 0.6796 -0.4654
vn -0.3913 0.8624 -0.3211
vn -0.8488 0.2713 -0.4537
vn -0.6490 -0.6771 -0.3469
vn -0.6638 0.6584 -0.3548
vn -0.6681 0.6528 -0.3571
vn -0.4412 0.8659 -0.2358
vn -0.9210 0.2713 -0.2794
vn -0.7042 -0.6771 -0.2136
vn -0.7203 0.6584 -0.2185
vn -0.7511 0.6197 -0.2278
vn -0.4724 0.8696 -0.1433
vn -0.9579 0.2713 -0.0943
vn -0.7324 -0.6771 -0.0721
vn -0.7491 0.6584 -0.0738
vn -0.8103 0.5805 -0.0798
vn -0.4845 0.8735 -0.0477
vn -0.9579 0.2713 0.0943
vn -0.7324 -0.6771 0.0721
vn -0.7491 0.6584 0.0738
vn -0.8401 0.5360 0.0827
vn -0.4778 0.8772 0.0471
vn -0.9210 0.2713 0.2794
vn -0.7042 -0.6771 0.2136
vn -0.7203 0.6584 0.2185
vn -0.8355 0.4875 0.2534
vn -0.4532 0.8807 0.1375
vn -0.8488 0.2713 0.4537
vn -0.6490 -0.6771 0.3469
vn -0.6638 0.6584 0.3548
vn -0.7931 0.4373 0.4239
vn -0.4124 0.8839 0.2204
vn -0.7440 0.2713 0.6106
vn -0.5689 -0.6771 0.4669
vn -0.5818 0.6584 0.4775
vn -0.7123 0.3883 0.5846
vn -0.3574 0.8867 0.2933
vn -0.6106 0.2713 0.7440
vn -0.4669 -0.6771 0.5689
vn -0.4775 0.6584 0.5818
vn -0.5957 0.3439 0.7259
vn -0.2905 0.8890 0.3540
vn -0.4537 0.2713 0.8488
vn -0.3469 -0.6771 0.6490
vn -0.3548 0.6584 0.6638
vn -0.4486 0.3072 0.8393
vn -0.2142 0.8908 0.4008
vn -0.2794 0.2713 0.9210
vn -0.2136 -0.6771 0.7042
vn -0.2185 0.6584 0.7203
vn -0.2786 0.2812 0.9183
vn -0.1312 0.8920 0.4327
vn -0.0943 0.2713 0.9579
vn -0.0721 -0.6771 0.7324
vn -0.0738 0.6584 0.7491
vn -0.0944 0.2676 0.9589
vn -0.0442 0.8926 0.4488
vn 0.0943 0.2713 0.9579
vn 0.0721 -0.6771 0.7324
vn 0.0738 0.6584 0.7491
vn 0.0944 0.2676 0.9589
vn 0.0442 0.8926 0.4487
vn 0.2794 0.2713 0.9210
vn 0.2136 -0.6771 0.7042
vn 0.2185 0.6584 0.7203
vn 0.2786 0.2812 0.9183
vn 0.1312 0.8920 0.4326
vn 0.4537 0.2713 0.8488
vn 0.3469 -0.6771 0.6490
vn 0.3548 0.6584 0.6638
vn 0.4486 0.3072 0.8393
vn 0.2142 0.8908 0.4007
vn 0.6106 0.2713 0.7440
vn 0.4669 -0.6771 0.5689
vn 0.4775 0.6584 0.5818
vn 0.5957 0.3439 0.7259
vn 0.2904 0.8891 0.3538
vn 0.7440 0.2713 0.6106
vn 0.5689 -0.6771 0.4669
vn 0.5818 0.6584 0.4775
vn 0.7123 0.3883 0.5846
vn 0.3572 0.8868 0.2932
vn 0.8488 0.2713 0.4537
vn 0.6490 -0.6771 0.3469
vn 0.6638 0.6584 0.3548
vn 0.7931 0.4373 0.4239
vn 0.4122 0.8841 0.2203
vn 0.9210 0.2713 0.2794
vn 0.7042 -0.6771 0.2136
vn 0.7203 0.6584 0.2185
vn 0.8355 0.4875 0.2534
vn 0.4530 0.8809 0.1374
vn 0.9579 0.2713 0.0943
vn 0.7324 -0.6771 0.0721
vn 0.7491 0.6584 0.0738
vn 0.8401 0.5360 0.0827
vn 0.4775 0.8774 0.0470
vn 0.9579 0.2713 -0.0943
vn 0.7324 -0.6771 -0.0721
vn 0.7491 0.6584 -0.0738
vn 0.8103 0.5805 -0.0798
vn 0.4843 0.8736 -0.0477
vn 0.9210 0.2713 -0.2794
vn 0.7042 -0.6771 -0.2136
vn 0.7203 0.6584 -0.2185
vn 0.7511 0.6197 -0.2278
vn 0.4722 0.8698 -0.1432
vn 0.8488 0.2713 -0.4537
vn 0.6490 -0.6771 -0.3469
vn 0.6638 0.6584 -0.3548
vn 0.6681 0.6528 -0.3571
vn 0.4409 0.8660 -0.2357
vn 0.7440 0.2713 -0.6106
vn 0.5689 -0.6771 -0.4669
vn 0.5818 0.6584 -0.4775
vn 0.5670 0.6796 -0.4654
vn 0.3912 0.8625 -0.3210
vn 0.6106 0.2713 -0.7440
vn 0.4669 -0.6771 -0.5689
vn 0.4775 0.6584 -0.5818
vn 0.4527 0.7006 -0.5516
vn 0.3243 0.8594 -0.3952
vn 0.4537 0.2713 -0.8488
vn 0.3469 -0.6771 -0.6490
vn 0.3548 0.6584 -0.6638
vn 0.3292 0.7158 -0.6158
vn 0.2430 0.8569 -0.4546
vn 0.2794 0.2713 -0.9210
vn 0.2136 -0.6771 -0.7042
vn 0.2185 0.6584 -0.7203
vn 0.1997 0.7258 -0.6583
vn 0.1505 0.8552 -0.4960
vn 0.0943 0.2713 -0.9579
vn 0.0721 -0.6771 -0.7324
vn 0.0738 0.6584 -0.7491
vn 0.0669 0.7307 -0.6795
vn 0.0510 0.8542 -0.5174
vn 0.0541 -0.8341 -0.5490
vn 0.1618 -0.8302 -0.5334
vn 0.2682 -0.8224 -0.5017
vn 0.3719 -0.8101 -0.4532
vn 0.4712 -0.7928 -0.3867
vn 0.5631 -0.7696 -0.3010
vn 0.6440 -0.7397 -0.1953
vn 0.7084 -0.7023 -0.0698
vn -0.7084 -0.7023 -0.0698
vn -0.6440 -0.7397 -0.1953
vn -0.5631 -0.7696 -0.3010
vn -0.4712 -0.7928 -0.3867
vn -0.3719 -0.8101 -0.4532
vn -0.2682 -0.8224 -0.5017
vn -0.1618 -0.8302 -0.5334
vn -0.0541 -0.8341 -0.5490
vn 0.7501 -0.6572 0.0739
vn 0.7622 -0.6047 0.2312
vn 0.7384 -0.5469 0.3947
vn 0.6751 -0.4871 0.5540
vn 0.5727 -0.4303 0.6978
vn 0.4357 -0.3816 0.8152
vn 0.2723 -0.3461 0.8978
vn 0.0926 -0.3274 0.9403
vn -0.0926 -0.3274 0.9403
vn -0.2723 -0.3461 0.8978
vn -0.4357 -0.3816 0.8152
vn -0.5727 -0.4303 0.6978
vn -0.6751 -0.4871 0.5540
vn -0.7384 -0.5469 0.3947
vn -0.7622 -0.6047 0.2312
vn -0.7501 -0.6572 0.0739
vn 0.1368 0.9111 -0.3887
vn 0.8440 0.5324 0.0658
vn 0.4691 0.6001 -0.6479
vn 0.1947 -0.6131 0.7656
vn 0.4691 0.5291 -0.7071
vn 0.4728 -0.5991 0.6462
vn 0.8440 -0.1607 -0.5118
vn 0.4189 -0.7354 0.5326
vn 0.3877 -0.1932 -0.9013
vn 0.1816 -0.9593 0.2163
vn 0.1369 0.2180 -0.9663
vn 0.0806 -0.2647 -0.9609
vn -0.1369 0.2180 -0.9663
vn -0.3877 -0.1932 -0.9013
vn -0.4691 0.6001 -0.6479
vn -0.1947 -0.6131 0.7657
vn -0.1872 -0.5842 0.7897
vn -0.1726 -0.5570 0.8124
vn -0.0922 -0.4952 0.8638
vn -0.8243 -0.2002 0.5297
vn 0.4050 0.9111 -0.0758
vn 0.3107 0.9305 0.1938
vn 0.5082 0.8002 0.3186
vn 0.1471 0.5889 0.7947
vn -0.5681 -0.4838 0.6657
vn 0.9744 -0.1932 -0.1149
vn 0.2557 0.7353 -0.6277
vn -0.7899 -0.5570 0.2568
vn -0.0270 0.8732 -0.4867
vn -0.9367 0.3472 0.0465
vn -0.8949 -0.0214 0.4459
vn -0.9439 0.1668 -0.2848
vn -0.0270 0.8732 0.4867
vn -0.7899 -0.5570 -0.2568
vn -0.4035 -0.8478 -0.3441
vn 0.9744 -0.1931 0.1149
vn -0.2312 -0.8454 -0.4815
vn -0.5080 -0.7232 -0.4680
vn -0.6173 -0.5570 -0.5557
vn -0.5681 -0.4838 -0.6657
vn 0.1471 0.5889 -0.7947
vn 0.4673 0.8840 0.0132
vn 0.2200 0.9701 -0.1028
vn 0.4050 0.9111 0.0758
vn -0.7555 -0.3601 -0.5473
vn -0.1368 0.9111 0.3887
vn -0.1872 -0.5842 -0.7897
vn -0.4691 0.6001 0.6479
vn -0.1947 -0.6131 -0.7656
vn -0.4691 0.5291 0.7071
vn -0.8440 -0.1607 0.5118
vn -0.5999 -0.7819 -0.1693
vn -0.1816 -0.9593 -0.2163
vn -0.1369 0.2180 0.9663
vn 0.1369 0.2180 0.9663
vn 0.3877 -0.1932 0.9013
vn 0.4189 -0.7354 -0.5327
vn 0.4691 0.5291 0.7071
vn 0.4691 0.6001 0.6479
vn 0.1947 -0.6131 -0.7657
vn 0.1726 -0.5569 -0.8124
vn 0.1513 -0.5325 -0.8328
vn 0.8243 -0.2002 -0.5296
vn 0.7278 -0.4840 -0.4858
vn -0.3107 0.9305 -0.1938
vn 0.5060 0.0572 -0.8606
vn -0.1471 0.5889 -0.7947
vn 0.6173 -0.5570 -0.5557
vn -0.5261 0.6620 -0.5338
vn 0.3947 -0.7241 -0.5657
vn 0.5080 -0.7232 -0.4680
vn -0.9744 -0.1932 0.1149
vn -0.3612 0.2177 0.9067
vn 0.7899 -0.5570 -0.2568
vn 0.0270 0.8732 0.4867
vn 0.9723 -0.0758 -0.2209
vn 0.9367 0.3472 -0.0465
vn 0.8242 0.4262 0.3731
vn 0.0270 0.8732 -0.4867
vn 0.7899 -0.5570 0.2568
vn -0.2557 0.7353 -0.6277
vn 0.8592 -0.0656 -0.5073
vn -0.6303 -0.3961 -0.6677
vn -0.9744 -0.1931 -0.1149
vn -0.1471 0.5889 0.7947
vn -0.3107 0.9305 0.1938
vn -0.2200 0.9701 0.1028
vn -0.4050 0.9111 -0.0758
vn 0.4498 0.6676 0.5932
vn 0.7278 -0.4840 0.4858
vn 0.6681 0.6527 -0.3571
vn 0.3911 0.8625 -0.3210
vn 0.1997 0.7257 -0.6583
vn 0.7501 -0.6571 0.0739
vn -0.7501 -0.6571 0.0739
vt 0.750000 0.569433
vt 0.750000 0.500000
vt 0.750000 0.437500
vt 0.750000 0.312500
vt 0.718750 0.562500
vt 0.718750 0.500000
vt 0.718750 0.437500
vt 0.718750 0.375000
vt 0.718750 0.312500
vt 0.718750 0.250000
vt 0.718750 0.187500
vt 0.718750 0.125000
vt 0.718750 0.062500
vt 0.684033 0.569433
vt 0.687500 0.500000
vt 0.687500 0.437500
vt 0.687500 0.375000
vt 0.687500 0.312500
vt 0.687500 0.250000
vt 0.687500 0.187500
vt 0.687500 0.125000
vt 0.687500 0.062500
vt 0.652783 0.569433
vt 0.656250 0.500000
vt 0.656250 0.437500
vt 0.656250 0.375000
vt 0.656250 0.312500
vt 0.656250 0.250000
vt 0.656250 0.187500
vt 0.656250 0.125000
vt 0.656250 0.062500
vt 0.621533 0.569433
vt 0.625000 0.500000
vt 0.625000 0.437500
vt 0.625000 0.375000
vt 0.625000 0.312500
vt 0.625000 0.250000
vt 0.625000 0.187500
vt 0.625000 0.125000
vt 0.625000 0.062500
vt 0.590283 0.569433
vt 0.593750 0.500000
vt 0.593750 0.437500
vt 0.593750 0.375000
vt 0.593750 0.312500
vt 0.593750 0.250000
vt 0.593750 0.187500
vt 0.593750 0.125000
vt 0.593750 0.062500
vt 0.559033 0.569433
vt 0.562500 0.500000
vt 0.562500 0.437500
vt 0.562500 0.375000
vt 0.562500 0.312500
vt 0.562500 0.250000
vt 0.562500 0.187500
vt 0.562500 0.125000
vt 0.562500 0.062500
vt 0.527783 0.569433
vt 0.531250 0.500000
vt 0.531250 0.437500
vt 0.531250 0.375000
vt 0.531250 0.312500
vt 0.531250 0.250000
vt 0.531250 0.187500
vt 0.531250 0.125000
vt 0.531250 0.062500
vt 0.496533 0.569433
vt 0.500000 0.500000
vt 0.500000 0.437500
vt 0.500000 0.375000
vt 0.500000 0.312500
vt 0.500000 0.250000
vt 0.500000 0.187500
vt 0.500000 0.125000
vt 0.500000 0.062500
vt 0.465283 0.569433
vt 0.468750 0.500000
vt 0.468750 0.437500
vt 0.468750 0.375000
vt 0.468750 0.312500
vt 0.468750 0.250000
vt 0.468750 0.187500
vt 0.468750 0.125000
vt 0.468750 0.062500
vt 0.434033 0.569433
vt 0.437500 0.500000
vt 0.437500 0.437500
vt 0.437500 0.375000
vt 0.437500 0.312500
vt 0.437500 0.250000
vt 0.437500 0.187500
vt 0.437500 0.125000
vt 0.437500 0.062500
vt 0.402783 0.569433
vt 0.406250 0.500000
vt 0.406250 0.437500
vt 0.406250 0.375000
vt 0.406250 0.312500
vt 0.406250 0.250000
vt 0.406250 0.187500
vt 0.406250 0.125000
vt 0.406250 0.062500
vt 0.371533 0.569433
vt 0.375000 0.500000
vt 0.375000 0.437500
vt 0.375000 0.375000
vt 0.375000 0.312500
vt 0.375000 0.250000
vt 0.375000 0.187500
vt 0.375000 0.125000
vt 0.375000 0.062500
vt 0.340283 0.569433
vt 0.343750 0.500000
vt 0.343750 0.437500
vt 0.343750 0.375000
vt 0.343750 0.312500
vt 0.343750 0.250000
vt 0.343750 0.187500
vt 0.343750 0.125000
vt 0.343750 0.062500
vt 0.309033 0.569433
vt 0.312500 0.500000
vt 0.312500 0.437500
vt 0.312500 0.375000
vt 0.312500 0.312500
vt 0.312500 0.250000
vt 0.312500 0.187500
vt 0.312500 0.125000
vt 0.312500 0.062500
vt 0.277783 0.569433
vt 0.281250 0.500000
vt 0.281250 0.437500
vt 0.281250 0.375000
vt 0.281250 0.312500
vt 0.281250 0.250000
vt 0.281250 0.187500
vt 0.281250 0.125000
vt 0.281250 0.062500
vt 0.246533 0.569433
vt 0.250000 0.500000
vt 0.250000 0.437500
vt 0.250000 0.375000
vt 0.250000 0.312500
vt 0.250000 0.250000
vt 0.250000 0.187500
vt 0.250000 0.125000
vt 0.250000 0.062500
vt 0.215283 0.569433
vt 0.218750 0.500000
vt 0.218750 0.437500
vt 0.218750 0.375000
vt 0.218750 0.312500
vt 0.218750 0.250000
vt 0.218750 0.187500
vt 0.218750 0.125000
vt 0.218750 0.062500
vt 0.184033 0.569433
vt 0.187500 0.500000
vt 0.187500 0.437500
vt 0.187500 0.375000
vt 0.187500 0.312500
vt 0.187500 0.250000
vt 0.187500 0.187500
vt 0.187500 0.125000
vt 0.187500 0.062500
vt 0.152783 0.569433
vt 0.156250 0.500000
vt 0.156250 0.437500
vt 0.156250 0.375000
vt 0.156250 0.312500
vt 0.156250 0.250000
vt 0.156250 0.187500
vt 0.156250 0.125000
vt 0.156250 0.062500
vt 0.121533 0.569433
vt 0.125000 0.500000
vt 0.125000 0.437500
vt 0.125000 0.375000
vt 0.125000 0.312500
vt 0.125000 0.250000
vt 0.125000 0.187500
vt 0.125000 0.125000
vt 0.125000 0.062500
vt 0.734375 0.000000
vt 0.703125 0.000000
vt 0.671875 0.000000
vt 0.640625 0.000000
vt 0.609375 0.000000
vt 0.578125 0.000000
vt 0.546875 0.000000
vt 0.515625 0.000000
vt 0.484375 0.000000
vt 0.453125 0.000000
vt 0.421875 0.000000
vt 0.390625 0.000000
vt 0.359375 0.000000
vt 0.328125 0.000000
vt 0.296875 0.000000
vt 0.265625 0.000000
vt 0.234375 0.000000
vt 0.203125 0.000000
vt 0.171875 0.000000
vt 0.140625 0.000000
vt 0.109375 0.000000
vt 0.078125 0.000000
vt 0.046875 0.000000
vt 0.015625 0.000000
vt 0.984375 0.000000
vt 0.953125 0.000000
vt 0.921875 0.000000
vt 0.890625 0.000000
vt 0.859375 0.000000
vt 0.828125 0.000000
vt 0.796875 0.000000
vt 0.765625 0.000000
vt 0.090283 0.569433
vt 0.093750 0.500000
vt 0.093750 0.437500
vt 0.093750 0.375000
vt 0.093750 0.312500
vt 0.093750 0.250000
vt 0.093750 0.187500
vt 0.093750 0.125000
vt 0.093750 0.062500
vt 0.059033 0.569433
vt 0.062500 0.500000
vt 0.062500 0.437500
vt 0.062500 0.375000
vt 0.062500 0.312500
vt 0.062500 0.250000
vt 0.062500 0.187500
vt 0.062500 0.125000
vt 0.062500 0.062500
vt 0.027783 0.569433
vt 0.031250 0.500000
vt 0.031250 0.437500
vt 0.031250 0.375000
vt 0.031250 0.312500
vt 0.031250 0.250000
vt 0.031250 0.187500
vt 0.031250 0.125000
vt 0.031250 0.062500
vt 0.996533 0.569433
vt 0.000000 0.569433
vt 0.000000 0.500000
vt 1.000000 0.500000
vt 0.000000 0.437500
vt 1.000000 0.437500
vt 0.000000 0.375000
vt 1.000000 0.375000
vt 0.000000 0.312500
vt 1.000000 0.312500
vt 0.000000 0.250000
vt 1.000000 0.250000
vt 0.000000 0.187500
vt 1.000000 0.187500
vt 0.000000 0.125000
vt 1.000000 0.125000
vt 1.000000 0.062500
vt 0.000000 0.062500
vt 0.965283 0.569433
vt 0.968750 0.500000
vt 0.968750 0.437500
vt 0.968750 0.375000
vt 0.968750 0.312500
vt 0.968750 0.250000
vt 0.968750 0.187500
vt 0.968750 0.125000
vt 0.968750 0.062500
vt 0.934033 0.569433
vt 0.937500 0.500000
vt 0.937500 0.437500
vt 0.937500 0.375000
vt 0.937500 0.312500
vt 0.937500 0.250000
vt 0.937500 0.187500
vt 0.937500 0.125000
vt 0.937500 0.062500
vt 0.902783 0.569433
vt 0.906250 0.500000
vt 0.906250 0.437500
vt 0.906250 0.375000
vt 0.906250 0.312500
vt 0.906250 0.250000
vt 0.906250 0.187500
vt 0.906250 0.125000
vt 0.906250 0.062500
vt 0.871533 0.569433
vt 0.875000 0.500000
vt 0.875000 0.437500
vt 0.875000 0.375000
vt 0.875000 0.312500
vt 0.875000 0.250000
vt 0.875000 0.187500
vt 0.875000 0.125000
vt 0.875000 0.062500
vt 0.840283 0.569433
vt 0.843750 0.500000
vt 0.843750 0.437500
vt 0.843750 0.375000
vt 0.843750 0.312500
vt 0.843750 0.250000
vt 0.843750 0.187500
vt 0.843750 0.125000
vt 0.843750 0.062500
vt 0.812500 0.562500
vt 0.812500 0.500000
vt 0.812500 0.437500
vt 0.812500 0.375000
vt 0.812500 0.312500
vt 0.812500 0.250000
vt 0.812500 0.187500
vt 0.812500 0.125000
vt 0.812500 0.062500
vt 0.781250 0.562500
vt 0.781250 0.500000
vt 0.781250 0.437500
vt 0.781250 0.375000
vt 0.781250 0.312500
vt 0.781250 0.250000
vt 0.781250 0.187500
vt 0.781250 0.125000
vt 0.781250 0.062500
vt 0.750000 0.375000
vt 0.750000 0.250000
vt 0.750000 0.187500
vt 0.750000 0.125000
vt 0.750000 0.062500
vt 0.715283 0.569433
vt 0.750000 0.562500
vt 0.687500 0.562500
vt 0.656250 0.562500
vt 0.625000 0.562500
vt 0.593750 0.562500
vt 0.562500 0.562500
vt 0.531250 0.562500
vt 0.500000 0.562500
vt 0.468750 0.562500
vt 0.437500 0.562500
vt 0.406250 0.562500
vt 0.375000 0.562500
vt 0.343750 0.562500
vt 0.312500 0.562500
vt 0.281250 0.562500
vt 0.250000 0.562500
vt 0.218750 0.562500
vt 0.187500 0.562500
vt 0.156250 0.562500
vt 0.125000 0.562500
vt 0.093750 0.562500
vt 0.062500 0.562500
vt 0.031250 0.562500
vt 0.000000 0.562500
vt 1.000000 0.562500
vt 0.968750 0.562500
vt 0.937500 0.562500
vt 0.906250 0.562500
vt 0.875000 0.562500
vt 0.843750 0.562500
vt 0.809033 0.569433
vt 0.777783 0.569433
vt 0.718750 0.625000
vt 0.687500 0.625000
vt 0.656250 0.625000
vt 0.625000 0.625000
vt 0.593750 0.625000
vt 0.562500 0.625000
vt 0.531250 0.625000
vt 0.500000 0.625000
vt 0.468750 0.625000
vt 0.437500 0.625000
vt 0.406250 0.625000
vt 0.375000 0.625000
vt 0.343750 0.625000
vt 0.312500 0.625000
vt 0.281250 0.625000
vt 0.250000 0.625000
vt 0.218750 0.625000
vt 0.187500 0.625000
vt 0.156250 0.625000
vt 0.125000 0.625000
vt 0.093750 0.625000
vt 0.062500 0.625000
vt 0.031250 0.625000
vt 0.000000 0.625000
vt 0.968750 0.625000
vt 0.937500 0.625000
vt 0.906250 0.625000
vt 0.875000 0.625000
vt 0.843750 0.625000
vt 0.812500 0.625000
vt 0.781250 0.625000
vt 0.750000 0.625000
vt 0.715283 0.569433
vt 0.750000 0.569433
vt 0.809033 0.569433
vt 0.871533 0.569433
vt 0.934033 0.569433
vt 0.996533 0.569433
vt 0.000000 0.569433
vt 0.059033 0.569433
vt 0.777783 0.569433
vt 0.121533 0.569433
vt 0.184033 0.569433
vt 0.246533 0.569433
vt 0.309033 0.569433
vt 0.371533 0.569433
vt 0.090283 0.569433
vt 0.840283 0.569433
vt 0.902783 0.569433
vt 0.965283 0.569433
vt 0.027783 0.569433
vt 0.434033 0.569433
vt 0.496533 0.569433
vt 0.559033 0.569433
vt 0.590283 0.569433
vt 0.652783 0.569433
vt 0.215283 0.569433
vt 0.152783 0.569433
vt 0.277783 0.569433
vt 0.340283 0.569433
vt 0.402783 0.569433
vt 0.684033 0.569433
vt 0.465283 0.569433
vt 0.527783 0.569433
vt 0.621533 0.569433
vt 0.750000 0.812500
vt 0.750000 0.687500
vt 0.750000 0.562500
vt 0.750000 0.500000
vt 0.750000 0.437500
vt 0.750000 0.312500
vt 0.718750 0.937500
vt 0.718750 0.875000
vt 0.718750 0.812500
vt 0.718750 0.750000
vt 0.718750 0.687500
vt 0.718750 0.625000
vt 0.718750 0.562500
vt 0.718750 0.500000
vt 0.718750 0.437500
vt 0.718750 0.375000
vt 0.718750 0.312500
vt 0.718750 0.250000
vt 0.718750 0.187500
vt 0.718750 0.125000
vt 0.718750 0.062500
vt 0.687500 0.937500
vt 0.687500 0.875000
vt 0.687500 0.812500
vt 0.687500 0.750000
vt 0.687500 0.687500
vt 0.687500 0.625000
vt 0.687500 0.562500
vt 0.687500 0.500000
vt 0.687500 0.437500
vt 0.687500 0.375000
vt 0.687500 0.312500
vt 0.687500 0.250000
vt 0.687500 0.187500
vt 0.687500 0.125000
vt 0.687500 0.062500
vt 0.656250 0.937500
vt 0.656250 0.875000
vt 0.656250 0.812500
vt 0.656250 0.750000
vt 0.656250 0.687500
vt 0.656250 0.625000
vt 0.656250 0.562500
vt 0.656250 0.500000
vt 0.656250 0.437500
vt 0.656250 0.375000
vt 0.656250 0.312500
vt 0.656250 0.250000
vt 0.656250 0.187500
vt 0.656250 0.125000
vt 0.656250 0.062500
vt 0.625000 0.937500
vt 0.625000 0.875000
vt 0.625000 0.812500
vt 0.625000 0.750000
vt 0.625000 0.687500
vt 0.625000 0.625000
vt 0.625000 0.562500
vt 0.625000 0.500000
vt 0.625000 0.437500
vt 0.625000 0.375000
vt 0.625000 0.312500
vt 0.625000 0.250000
vt 0.625000 0.187500
vt 0.625000 0.125000
vt 0.625000 0.062500
vt 0.593750 0.937500
vt 0.593750 0.875000
vt 0.593750 0.812500
vt 0.593750 0.750000
vt 0.593750 0.687500
vt 0.593750 0.625000
vt 0.593750 0.562500
vt 0.593750 0.500000
vt 0.593750 0.437500
vt 0.593750 0.375000
vt 0.593750 0.312500
vt 0.593750 0.250000
vt 0.593750 0.187500
vt 0.593750 0.125000
vt 0.593750 0.062500
vt 0.734375 1.000000
vt 0.703125 1.000000
vt 0.671875 1.000000
vt 0.640625 1.000000
vt 0.609375 1.000000
vt 0.578125 1.000000
vt 0.546875 1.000000
vt 0.515625 1.000000
vt 0.484375 1.000000
vt 0.453125 1.000000
vt 0.421875 1.000000
vt 0.390625 1.000000
vt 0.359375 1.000000
vt 0.328125 1.000000
vt 0.296875 1.000000
vt 0.265625 1.000000
vt 0.234375 1.000000
vt 0.203125 1.000000
vt 0.171875 1.000000
vt 0.140625 1.000000
vt 0.109375 1.000000
vt 0.078125 1.000000
vt 0.046875 1.000000
vt 0.015625 1.000000
vt 0.984375 1.000000
vt 0.953125 1.000000
vt 0.921875 1.000000
vt 0.890625 1.000000
vt 0.859375 1.000000
vt 0.828125 1.000000
vt 0.796875 1.000000
vt 0.765625 1.000000
vt 0.562500 0.937500
vt 0.562500 0.875000
vt 0.562500 0.812500
vt 0.562500 0.750000
vt 0.562500 0.687500
vt 0.562500 0.625000
vt 0.562500 0.562500
vt 0.562500 0.500000
vt 0.562500 0.437500
vt 0.562500 0.375000
vt 0.562500 0.312500
vt 0.562500 0.250000
vt 0.562500 0.187500
vt 0.562500 0.125000
vt 0.562500 0.062500
vt 0.531250 0.937500
vt 0.531250 0.875000
vt 0.531250 0.812500
vt 0.531250 0.750000
vt 0.531250 0.687500
vt 0.531250 0.625000
vt 0.531250 0.562500
vt 0.531250 0.500000
vt 0.531250 0.437500
vt 0.531250 0.375000
vt 0.531250 0.312500
vt 0.531250 0.250000
vt 0.531250 0.187500
vt 0.531250 0.125000
vt 0.531250 0.062500
vt 0.500000 0.937500
vt 0.500000 0.875000
vt 0.500000 0.812500
vt 0.500000 0.750000
vt 0.500000 0.687500
vt 0.500000 0.625000
vt 0.500000 0.562500
vt 0.500000 0.500000
vt 0.500000 0.437500
vt 0.500000 0.375000
vt 0.500000 0.312500
vt 0.500000 0.250000
vt 0.500000 0.187500
vt 0.500000 0.125000
vt 0.500000 0.062500
vt 0.468750 0.937500
vt 0.468750 0.875000
vt 0.468750 0.812500
vt 0.468750 0.750000
vt 0.468750 0.687500
vt 0.468750 0.625000
vt 0.468750 0.562500
vt 0.468750 0.500000
vt 0.468750 0.437500
vt 0.468750 0.375000
vt 0.468750 0.312500
vt 0.468750 0.250000
vt 0.468750 0.187500
vt 0.468750 0.125000
vt 0.468750 0.062500
vt 0.437500 0.937500
vt 0.437500 0.875000
vt 0.437500 0.812500
vt 0.437500 0.750000
vt 0.437500 0.687500
vt 0.437500 0.625000
vt 0.437500 0.562500
vt 0.437500 0.500000
vt 0.437500 0.437500
vt 0.437500 0.375000
vt 0.437500 0.312500
vt 0.437500 0.250000
vt 0.437500 0.187500
vt 0.437500 0.125000
vt 0.437500 0.062500
vt 0.406250 0.937500
vt 0.406250 0.875000
vt 0.406250 0.812500
vt 0.406250 0.750000
vt 0.406250 0.687500
vt 0.406250 0.625000
vt 0.406250 0.562500
vt 0.406250 0.500000
vt 0.406250 0.437500
vt 0.406250 0.375000
vt 0.406250 0.312500
vt 0.406250 0.250000
vt 0.406250 0.187500
vt 0.406250 0.125000
vt 0.406250 0.062500
vt 0.375000 0.937500
vt 0.375000 0.875000
vt 0.375000 0.812500
vt 0.375000 0.750000
vt 0.375000 0.687500
vt 0.375000 0.625000
vt 0.375000 0.562500
vt 0.375000 0.500000
vt 0.375000 0.437500
vt 0.375000 0.375000
vt 0.375000 0.312500
vt 0.375000 0.250000
vt 0.375000 0.187500
vt 0.375000 0.125000
vt 0.375000 0.062500
vt 0.343750 0.937500
vt 0.343750 0.875000
vt 0.343750 0.812500
vt 0.343750 0.750000
vt 0.343750 0.687500
vt 0.343750 0.625000
vt 0.343750 0.562500
vt 0.343750 0.500000
vt 0.343750 0.437500
vt 0.343750 0.375000
vt 0.343750 0.312500
vt 0.343750 0.250000
vt 0.343750 0.187500
vt 0.343750 0.125000
vt 0.343750 0.062500
vt 0.312500 0.937500
vt 0.312500 0.875000
vt 0.312500 0.812500
vt 0.312500 0.750000
vt 0.312500 0.687500
vt 0.312500 0.625000
vt 0.312500 0.562500
vt 0.312500 0.500000
vt 0.312500 0.437500
vt 0.312500 0.375000
vt 0.312500 0.312500
vt 0.312500 0.250000
vt 0.312500 0.187500
vt 0.312500 0.125000
vt 0.312500 0.062500
vt 0.281250 0.937500
vt 0.281250 0.875000
vt 0.281250 0.812500
vt 0.281250 0.750000
vt 0.281250 0.687500
vt 0.281250 0.625000
vt 0.281250 0.562500
vt 0.281250 0.500000
vt 0.281250 0.437500
vt 0.281250 0.375000
vt 0.281250 0.312500
vt 0.281250 0.250000
vt 0.281250 0.187500
vt 0.281250 0.125000
vt 0.281250 0.062500
vt 0.250000 0.937500
vt 0.250000 0.875000
vt 0.250000 0.812500
vt 0.250000 0.750000
vt 0.250000 0.687500
vt 0.250000 0.625000
vt 0.250000 0.562500
vt 0.250000 0.500000
vt 0.250000 0.437500
vt 0.250000 0.375000
vt 0.250000 0.312500
vt 0.250000 0.250000
vt 0.250000 0.187500
vt 0.250000 0.125000
vt 0.250000 0.062500
vt 0.218750 0.937500
vt 0.218750 0.875000
vt 0.218750 0.812500
vt 0.218750 0.750000
vt 0.218750 0.687500
vt 0.218750 0.625000
vt 0.218750 0.562500
vt 0.218750 0.500000
vt 0.218750 0.437500
vt 0.218750 0.375000
vt 0.218750 0.312500
vt 0.218750 0.250000
vt 0.218750 0.187500
vt 0.218750 0.125000
vt 0.218750 0.062500
vt 0.187500 0.937500
vt 0.187500 0.875000
vt 0.187500 0.812500
vt 0.187500 0.750000
vt 0.187500 0.687500
vt 0.187500 0.625000
vt 0.187500 0.562500
vt 0.187500 0.500000
vt 0.187500 0.437500
vt 0.187500 0.375000
vt 0.187500 0.312500
vt 0.187500 0.250000
vt 0.187500 0.187500
vt 0.187500 0.125000
vt 0.187500 0.062500
vt 0.156250 0.937500
vt 0.156250 0.875000
vt 0.156250 0.812500
vt 0.156250 0.750000
vt 0.156250 0.687500
vt 0.156250 0.625000
vt 0.156250 0.562500
vt 0.156250 0.500000
vt 0.156250 0.437500
vt 0.156250 0.375000
vt 0.156250 0.312500
vt 0.156250 0.250000
vt 0.156250 0.187500
vt 0.156250 0.125000
vt 0.156250 0.062500
vt 0.125000 0.937500
vt 0.125000 0.875000
vt 0.125000 0.812500
vt 0.125000 0.750000
vt 0.125000 0.687500
vt 0.125000 0.625000
vt 0.125000 0.562500
vt 0.125000 0.500000
vt 0.125000 0.437500
vt 0.125000 0.375000
vt 0.125000 0.312500
vt 0.125000 0.250000
vt 0.125000 0.187500
vt 0.125000 0.125000
vt 0.125000 0.062500
vt 0.734375 0.000000
vt 0.703125 0.000000
vt 0.671875 0.000000
vt 0.640625 0.000000
vt 0.609375 0.000000
vt 0.578125 0.000000
vt 0.546875 0.000000
vt 0.515625 0.000000
vt 0.484375 0.000000
vt 0.453125 0.000000
vt 0.421875 0.000000
vt 0.390625 0.000000
vt 0.359375 0.000000
vt 0.328125 0.000000
vt 0.296875 0.000000
vt 0.265625 0.000000
vt 0.234375 0.000000
vt 0.203125 0.000000
vt 0.171875 0.000000
vt 0.140625 0.000000
vt 0.109375 0.000000
vt 0.078125 0.000000
vt 0.046875 0.000000
vt 0.015625 0.000000
vt 0.984375 0.000000
vt 0.953125 0.000000
vt 0.921875 0.000000
vt 0.890625 0.000000
vt 0.859375 0.000000
vt 0.828125 0.000000
vt 0.796875 0.000000
vt 0.765625 0.000000
vt 0.093750 0.937500
vt 0.093750 0.875000
vt 0.093750 0.812500
vt 0.093750 0.750000
vt 0.093750 0.687500
vt 0.093750 0.625000
vt 0.093750 0.562500
vt 0.093750 0.500000
vt 0.093750 0.437500
vt 0.093750 0.375000
vt 0.093750 0.312500
vt 0.093750 0.250000
vt 0.093750 0.187500
vt 0.093750 0.125000
vt 0.093750 0.062500
vt 0.062500 0.937500
vt 0.062500 0.875000
vt 0.062500 0.812500
vt 0.062500 0.750000
vt 0.062500 0.687500
vt 0.062500 0.625000
vt 0.062500 0.562500
vt 0.062500 0.500000
vt 0.062500 0.437500
vt 0.062500 0.375000
vt 0.062500 0.312500
vt 0.062500 0.250000
vt 0.062500 0.187500
vt 0.062500 0.125000
vt 0.062500 0.062500
vt 0.031250 0.937500
vt 0.031250 0.875000
vt 0.031250 0.812500
vt 0.031250 0.750000
vt 0.031250 0.687500
vt 0.031250 0.625000
vt 0.031250 0.562500
vt 0.031250 0.500000
vt 0.031250 0.437500
vt 0.031250 0.375000
vt 0.031250 0.312500
vt 0.031250 0.250000
vt 0.031250 0.187500
vt 0.031250 0.125000
vt 0.031250 0.062500
vt 0.000000 0.937500
vt 1.000000 0.937500
vt 0.000000 0.875000
vt 1.000000 0.875000
vt 0.000000 0.812500
vt 1.000000 0.812500
vt 0.000000 0.750000
vt 1.000000 0.750000
vt 0.000000 0.687500
vt 1.000000 0.687500
vt 0.000000 0.625000
vt 1.000000 0.625000
vt 0.000000 0.562500
vt 1.000000 0.562500
vt 0.000000 0.500000
vt 1.000000 0.500000
vt 0.000000 0.437500
vt 1.000000 0.437500
vt 0.000000 0.375000
vt 1.000000 0.375000
vt 0.000000 0.312500
vt 1.000000 0.312500
vt 0.000000 0.250000
vt 1.000000 0.250000
vt 0.000000 0.187500
vt 1.000000 0.187500
vt 0.000000 0.125000
vt 1.000000 0.125000
vt 0.000000 0.062500
vt 1.000000 0.062500
vt 0.968750 0.937500
vt 0.968750 0.875000
vt 0.968750 0.812500
vt 0.968750 0.750000
vt 0.968750 0.687500
vt 0.968750 0.625000
vt 0.968750 0.562500
vt 0.968750 0.500000
vt 0.968750 0.437500
vt 0.968750 0.375000
vt 0.968750 0.312500
vt 0.968750 0.250000
vt 0.968750 0.187500
vt 0.968750 0.125000
vt 0.968750 0.062500
vt 0.937500 0.937500
vt 0.937500 0.875000
vt 0.937500 0.812500
vt 0.937500 0.750000
vt 0.937500 0.687500
vt 0.937500 0.625000
vt 0.937500 0.562500
vt 0.937500 0.500000
vt 0.937500 0.437500
vt 0.937500 0.375000
vt 0.937500 0.312500
vt 0.937500 0.250000
vt 0.937500 0.187500
vt 0.937500 0.125000
vt 0.937500 0.062500
vt 0.906250 0.937500
vt 0.906250 0.875000
vt 0.906250 0.812500
vt 0.906250 0.750000
vt 0.906250 0.687500
vt 0.906250 0.625000
vt 0.906250 0.562500
vt 0.906250 0.500000
vt 0.906250 0.437500
vt 0.906250 0.375000
vt 0.906250 0.312500
vt 0.906250 0.250000
vt 0.906250 0.187500
vt 0.906250 0.125000
vt 0.906250 0.062500
vt 0.875000 0.937500
vt 0.875000 0.875000
vt 0.875000 0.812500
vt 0.875000 0.750000
vt 0.875000 0.687500
vt 0.875000 0.625000
vt 0.875000 0.562500
vt 0.875000 0.500000
vt 0.875000 0.437500
vt 0.875000 0.375000
vt 0.875000 0.312500
vt 0.875000 0.250000
vt 0.875000 0.187500
vt 0.875000 0.125000
vt 0.875000 0.062500
vt 0.843750 0.937500
vt 0.843750 0.875000
vt 0.843750 0.812500
vt 0.843750 0.750000
vt 0.843750 0.687500
vt 0.843750 0.625000
vt 0.843750 0.562500
vt 0.843750 0.500000
vt 0.843750 0.437500
vt 0.843750 0.375000
vt 0.843750 0.312500
vt 0.843750 0.250000
vt 0.843750 0.187500
vt 0.843750 0.125000
vt 0.843750 0.062500
vt 0.812500 0.937500
vt 0.812500 0.875000
vt 0.812500 0.812500
vt 0.812500 0.750000
vt 0.812500 0.687500
vt 0.812500 0.625000
vt 0.812500 0.562500
vt 0.812500 0.500000
vt 0.812500 0.437500
vt 0.812500 0.375000
vt 0.812500 0.312500
vt 0.812500 0.250000
vt 0.812500 0.187500
vt 0.812500 0.125000
vt 0.812500 0.062500
vt 0.781250 0.937500
vt 0.781250 0.875000
vt 0.781250 0.812500
vt 0.781250 0.750000
vt 0.781250 0.687500
vt 0.781250 0.625000
vt 0.781250 0.562500
vt 0.781250 0.500000
vt 0.781250 0.437500
vt 0.781250 0.375000
vt 0.781250 0.312500
vt 0.781250 0.250000
vt 0.781250 0.187500
vt 0.781250 0.125000
vt 0.781250 0.062500
vt 0.750000 0.937500
vt 0.750000 0.875000
vt 0.750000 0.750000
vt 0.750000 0.625000
vt 0.750000 0.375000
vt 0.750000 0.250000
vt 0.750000 0.187500
vt 0.750000 0.125000
vt 0.750000 0.062500
vt 0.750000 0.812500
vt 0.750000 0.687500
vt 0.750000 0.562500
vt 0.750000 0.500000
vt 0.750000 0.437500
vt 0.750000 0.312500
vt 0.718750 0.937500
vt 0.718750 0.875000
vt 0.718750 0.812500
vt 0.718750 0.750000
vt 0.718750 0.687500
vt 0.718750 0.625000
vt 0.718750 0.562500
vt 0.718750 0.500000
vt 0.718750 0.437500
vt 0.718750 0.375000
vt 0.718750 0.312500
vt 0.718750 0.250000
vt 0.718750 0.187500
vt 0.718750 0.125000
vt 0.718750 0.062500
vt 0.687500 0.937500
vt 0.687500 0.875000
vt 0.687500 0.812500
vt 0.687500 0.750000
vt 0.687500 0.687500
vt 0.687500 0.625000
vt 0.687500 0.562500
vt 0.687500 0.500000
vt 0.687500 0.437500
vt 0.687500 0.375000
vt 0.687500 0.312500
vt 0.687500 0.250000
vt 0.687500 0.187500
vt 0.687500 0.125000
vt 0.687500 0.062500
vt 0.656250 0.937500
vt 0.656250 0.875000
vt 0.656250 0.812500
vt 0.656250 0.750000
vt 0.656250 0.687500
vt 0.656250 0.625000
vt 0.656250 0.562500
vt 0.656250 0.500000
vt 0.656250 0.437500
vt 0.656250 0.375000
vt 0.656250 0.312500
vt 0.656250 0.250000
vt 0.656250 0.187500
vt 0.656250 0.125000
vt 0.656250 0.062500
vt 0.625000 0.937500
vt 0.625000 0.875000
vt 0.625000 0.812500
vt 0.625000 0.750000
vt 0.625000 0.687500
vt 0.625000 0.625000
vt 0.625000 0.562500
vt 0.625000 0.500000
vt 0.625000 0.437500
vt 0.625000 0.375000
vt 0.625000 0.312500
vt 0.625000 0.250000
vt 0.625000 0.187500
vt 0.625000 0.125000
vt 0.625000 0.062500
vt 0.593750 0.937500
vt 0.593750 0.875000
vt 0.593750 0.812500
vt 0.593750 0.750000
vt 0.593750 0.687500
vt 0.593750 0.625000
vt 0.593750 0.562500
vt 0.593750 0.500000
vt 0.593750 0.437500
vt 0.593750 0.375000
vt 0.593750 0.312500
vt 0.593750 0.250000
vt 0.593750 0.187500
vt 0.593750 0.125000
vt 0.593750 0.062500
vt 0.734375 1.000000
vt 0.703125 1.000000
vt 0.671875 1.000000
vt 0.640625 1.000000
vt 0.609375 1.000000
vt 0.578125 1.000000
vt 0.546875 1.000000
vt 0.515625 1.000000
vt 0.484375 1.000000
vt 0.453125 1.000000
vt 0.421875 1.000000
vt 0.390625 1.000000
vt 0.359375 1.000000
vt 0.328125 1.000000
vt 0.296875 1.000000
vt 0.265625 1.000000
vt 0.234375 1.000000
vt 0.203125 1.000000
vt 0.171875 1.000000
vt 0.140625 1.000000
vt 0.109375 1.000000
vt 0.078125 1.000000
vt 0.046875 1.000000
vt 0.015625 1.000000
vt 0.984375 1.000000
vt 0.953125 1.000000
vt 0.921875 1.000000
vt 0.890625 1.000000
vt 0.859375 1.000000
vt 0.828125 1.000000
vt 0.796875 1.000000
vt 0.765625 1.000000
vt 0.562500 0.937500
vt 0.562500 0.875000
vt 0.562500 0.812500
vt 0.562500 0.750000
vt 0.562500 0.687500
vt 0.562500 0.625000
vt 0.562500 0.562500
vt 0.562500 0.500000
vt 0.562500 0.437500
vt 0.562500 0.375000
vt 0.562500 0.312500
vt 0.562500 0.250000
vt 0.562500 0.187500
vt 0.562500 0.125000
vt 0.562500 0.062500
vt 0.531250 0.937500
vt 0.531250 0.875000
vt 0.531250 0.812500
vt 0.531250 0.750000
vt 0.531250 0.687500
vt 0.531250 0.625000
vt 0.531250 0.562500
vt 0.531250 0.500000
vt 0.531250 0.437500
vt 0.531250 0.375000
vt 0.531250 0.312500
vt 0.531250 0.250000
vt 0.531250 0.187500
vt 0.531250 0.125000
vt 0.531250 0.062500
vt 0.500000 0.937500
vt 0.500000 0.875000
vt 0.500000 0.812500
vt 0.500000 0.750000
vt 0.500000 0.687500
vt 0.500000 0.625000
vt 0.500000 0.562500
vt 0.500000 0.500000
vt 0.500000 0.437500
vt 0.500000 0.375000
vt 0.500000 0.312500
vt 0.500000 0.250000
vt 0.500000 0.187500
vt 0.500000 0.125000
vt 0.500000 0.062500
vt 0.468750 0.937500
vt 0.468750 0.875000
vt 0.468750 0.812500
vt 0.468750 0.750000
vt 0.468750 0.687500
vt 0.468750 0.625000
vt 0.468750 0.562500
vt 0.468750 0.500000
vt 0.468750 0.437500
vt 0.468750 0.375000
vt 0.468750 0.312500
vt 0.468750 0.250000
vt 0.468750 0.187500
vt 0.468750 0.125000
vt 0.468750 0.062500
vt 0.437500 0.937500
vt 0.437500 0.875000
vt 0.437500 0.812500
vt 0.437500 0.750000
vt 0.437500 0.687500
vt 0.437500 0.625000
vt 0.437500 0.562500
vt 0.437500 0.500000
vt 0.437500 0.437500
vt 0.437500 0.375000
vt 0.437500 0.312500
vt 0.437500 0.250000
vt 0.437500 0.187500
vt 0.437500 0.125000
vt 0.437500 0.062500
vt 0.406250 0.937500
vt 0.406250 0.875000
vt 0.406250 0.812500
vt 0.406250 0.750000
vt 0.406250 0.687500
vt 0.406250 0.625000
vt 0.406250 0.562500
vt 0.406250 0.500000
vt 0.406250 0.437500
vt 0.406250 0.375000
vt 0.406250 0.312500
vt 0.406250 0.250000
vt 0.406250 0.187500
vt 0.406250 0.125000
vt 0.406250 0.062500
vt 0.375000 0.937500
vt 0.375000 0.875000
vt 0.375000 0.812500
vt 0.375000 0.750000
vt 0.375000 0.687500
vt 0.375000 0.625000
vt 0.375000 0.562500
vt 0.375000 0.500000
vt 0.375000 0.437500
vt 0.375000 0.375000
vt 0.375000 0.312500
vt 0.375000 0.250000
vt 0.375000 0.187500
vt 0.375000 0.125000
vt 0.375000 0.062500
vt 0.343750 0.937500
vt 0.343750 0.875000
vt 0.343750 0.812500
vt 0.343750 0.750000
vt 0.343750 0.687500
vt 0.343750 0.625000
vt 0.343750 0.562500
vt 0.343750 0.500000
vt 0.343750 0.437500
vt 0.343750 0.375000
vt 0.343750 0.312500
vt 0.343750 0.250000
vt 0.343750 0.187500
vt 0.343750 0.125000
vt 0.343750 0.062500
vt 0.312500 0.937500
vt 0.312500 0.875000
vt 0.312500 0.812500
vt 0.312500 0.750000
vt 0.312500 0.687500
vt 0.312500 0.625000
vt 0.312500 0.562500
vt 0.312500 0.500000
vt 0.312500 0.437500
vt 0.312500 0.375000
vt 0.312500 0.312500
vt 0.312500 0.250000
vt 0.312500 0.187500
vt 0.312500 0.125000
vt 0.312500 0.062500
vt 0.281250 0.937500
vt 0.281250 0.875000
vt 0.281250 0.812500
vt 0.281250 0.750000
vt 0.281250 0.687500
vt 0.281250 0.625000
vt 0.281250 0.562500
vt 0.281250 0.500000
vt 0.281250 0.437500
vt 0.281250 0.375000
vt 0.281250 0.312500
vt 0.281250 0.250000
vt 0.281250 0.187500
vt 0.281250 0.125000
vt 0.281250 0.062500
vt 0.250000 0.937500
vt 0.250000 0.875000
vt 0.250000 0.812500
vt 0.250000 0.750000
vt 0.250000 0.687500
vt 0.250000 0.625000
vt 0.250000 0.562500
vt 0.250000 0.500000
vt 0.250000 0.437500
vt 0.250000 0.375000
vt 0.250000 0.312500
vt 0.250000 0.250000
vt 0.250000 0.187500
vt 0.250000 0.125000
vt 0.250000 0.062500
vt 0.218750 0.937500
vt 0.218750 0.875000
vt 0.218750 0.812500
vt 0.218750 0.750000
vt 0.218750 0.687500
vt 0.218750 0.625000
vt 0.218750 0.562500
vt 0.218750 0.500000
vt 0.218750 0.437500
vt 0.218750 0.375000
vt 0.218750 0.312500
vt 0.218750 0.250000
vt 0.218750 0.187500
vt 0.218750 0.125000
vt 0.218750 0.062500
vt 0.187500 0.937500
vt 0.187500 0.875000
vt 0.187500 0.812500
vt 0.187500 0.750000
vt 0.187500 0.687500
vt 0.187500 0.625000
vt 0.187500 0.562500
vt 0.187500 0.500000
vt 0.187500 0.437500
vt 0.187500 0.375000
vt 0.187500 0.312500
vt 0.187500 0.250000
vt 0.187500 0.187500
vt 0.187500 0.125000
vt 0.187500 0.062500
vt 0.156250 0.937500
vt 0.156250 0.875000
vt 0.156250 0.812500
vt 0.156250 0.750000
vt 0.156250 0.687500
vt 0.156250 0.625000
vt 0.156250 0.562500
vt 0.156250 0.500000
vt 0.156250 0.437500
vt 0.156250 0.375000
vt 0.156250 0.312500
vt 0.156250 0.250000
vt 0.156250 0.187500
vt 0.156250 0.125000
vt 0.156250 0.062500
vt 0.125000 0.937500
vt 0.125000 0.875000
vt 0.125000 0.812500
vt 0.125000 0.750000
vt 0.125000 0.687500
vt 0.125000 0.625000
vt 0.125000 0.562500
vt 0.125000 0.500000
vt 0.125000 0.437500
vt 0.125000 0.375000
vt 0.125000 0.312500
vt 0.125000 0.250000
vt 0.125000 0.187500
vt 0.125000 0.125000
vt 0.125000 0.062500
vt 0.734375 0.000000
vt 0.703125 0.000000
vt 0.671875 0.000000
vt 0.640625 0.000000
vt 0.609375 0.000000
vt 0.578125 0.000000
vt 0.546875 0.000000
vt 0.515625 0.000000
vt 0.484375 0.000000
vt 0.453125 0.000000
vt 0.421875 0.000000
vt 0.390625 0.000000
vt 0.359375 0.000000
vt 0.328125 0.000000
vt 0.296875 0.000000
vt 0.265625 0.000000
vt 0.234375 0.000000
vt 0.203125 0.000000
vt 0.171875 0.000000
vt 0.140625 0.000000
vt 0.109375 0.000000
vt 0.078125 0.000000
vt 0.046875 0.000000
vt 0.015625 0.000000
vt 0.984375 0.000000
vt 0.953125 0.000000
vt 0.921875 0.000000
vt 0.890625 0.000000
vt 0.859375 0.000000
vt 0.828125 0.000000
vt 0.796875 0.000000
vt 0.765625 0.000000
vt 0.093750 0.937500
vt 0.093750 0.875000
vt 0.093750 0.812500
vt 0.093750 0.750000
vt 0.093750 0.687500
vt 0.093750 0.625000
vt 0.093750 0.562500
vt 0.093750 0.500000
vt 0.093750 0.437500
vt 0.093750 0.375000
vt 0.093750 0.312500
vt 0.093750 0.250000
vt 0.093750 0.187500
vt 0.093750 0.125000
vt 0.093750 0.062500
vt 0.062500 0.937500
vt 0.062500 0.875000
vt 0.062500 0.812500
vt 0.062500 0.750000
vt 0.062500 0.687500
vt 0.062500 0.625000
vt 0.062500 0.562500
vt 0.062500 0.500000
vt 0.062500 0.437500
vt 0.062500 0.375000
vt 0.062500 0.312500
vt 0.062500 0.250000
vt 0.062500 0.187500
vt 0.062500 0.125000
vt 0.062500 0.062500
vt 0.031250 0.937500
vt 0.031250 0.875000
vt 0.031250 0.812500
vt 0.031250 0.750000
vt 0.031250 0.687500
vt 0.031250 0.625000
vt 0.031250 0.562500
vt 0.031250 0.500000
vt 0.031250 0.437500
vt 0.031250 0.375000
vt 0.031250 0.312500
vt 0.031250 0.250000
vt 0.031250 0.187500
vt 0.031250 0.125000
vt 0.031250 0.062500
vt 0.000000 0.937500
vt 1.000000 0.937500
vt 0.000000 0.875000
vt 1.000000 0.875000
vt 0.000000 0.812500
vt 1.000000 0.812500
vt 0.000000 0.750000
vt 1.000000 0.750000
vt 0.000000 0.687500
vt 1.000000 0.687500
vt 0.000000 0.625000
vt 1.000000 0.625000
vt 0.000000 0.562500
vt 1.000000 0.562500
vt 0.000000 0.500000
vt 1.000000 0.500000
vt 0.000000 0.437500
vt 1.000000 0.437500
vt 0.000000 0.375000
vt 1.000000 0.375000
vt 0.000000 0.312500
vt 1.000000 0.312500
vt 0.000000 0.250000
vt 1.000000 0.250000
vt 0.000000 0.187500
vt 1.000000 0.187500
vt 0.000000 0.125000
vt 1.000000 0.125000
vt 0.000000 0.062500
vt 1.000000 0.062500
vt 0.968750 0.937500
vt 0.968750 0.875000
vt 0.968750 0.812500
vt 0.968750 0.750000
vt 0.968750 0.687500
vt 0.968750 0.625000
vt 0.968750 0.562500
vt 0.968750 0.500000
vt 0.968750 0.437500
vt 0.968750 0.375000
vt 0.968750 0.312500
vt 0.968750 0.250000
vt 0.968750 0.187500
vt 0.968750 0.125000
vt 0.968750 0.062500
vt 0.937500 0.937500
vt 0.937500 0.875000
vt 0.937500 0.812500
vt 0.937500 0.750000
vt 0.937500 0.687500
vt 0.937500 0.625000
vt 0.937500 0.562500
vt 0.937500 0.500000
vt 0.937500 0.437500
vt 0.937500 0.375000
vt 0.937500 0.312500
vt 0.937500 0.250000
vt 0.937500 0.187500
vt 0.937500 0.125000
vt 0.937500 0.062500
vt 0.906250 0.937500
vt 0.906250 0.875000
vt 0.906250 0.812500
vt 0.906250 0.750000
vt 0.906250 0.687500
vt 0.906250 0.625000
vt 0.906250 0.562500
vt 0.906250 0.500000
vt 0.906250 0.437500
vt 0.906250 0.375000
vt 0.906250 0.312500
vt 0.906250 0.250000
vt 0.906250 0.187500
vt 0.906250 0.125000
vt 0.906250 0.062500
vt 0.875000 0.937500
vt 0.875000 0.875000
vt 0.875000 0.812500
vt 0.875000 0.750000
vt 0.875000 0.687500
vt 0.875000 0.625000
vt 0.875000 0.562500
vt 0.875000 0.500000
vt 0.875000 0.437500
vt 0.875000 0.375000
vt 0.875000 0.312500
vt 0.875000 0.250000
vt 0.875000 0.187500
vt 0.875000 0.125000
vt 0.875000 0.062500
vt 0.843750 0.937500
vt 0.843750 0.875000
vt 0.843750 0.812500
vt 0.843750 0.750000
vt 0.843750 0.687500
vt 0.843750 0.625000
vt 0.843750 0.562500
vt 0.843750 0.500000
vt 0.843750 0.437500
vt 0.843750 0.375000
vt 0.843750 0.312500
vt 0.843750 0.250000
vt 0.843750 0.187500
vt 0.843750 0.125000
vt 0.843750 0.062500
vt 0.812500 0.937500
vt 0.812500 0.875000
vt 0.812500 0.812500
vt 0.812500 0.750000
vt 0.812500 0.687500
vt 0.812500 0.625000
vt 0.812500 0.562500
vt 0.812500 0.500000
vt 0.812500 0.437500
vt 0.812500 0.375000
vt 0.812500 0.312500
vt 0.812500 0.250000
vt 0.812500 0.187500
vt 0.812500 0.125000
vt 0.812500 0.062500
vt 0.781250 0.937500
vt 0.781250 0.875000
vt 0.781250 0.812500
vt 0.781250 0.750000
vt 0.781250 0.687500
vt 0.781250 0.625000
vt 0.781250 0.562500
vt 0.781250 0.500000
vt 0.781250 0.437500
vt 0.781250 0.375000
vt 0.781250 0.312500
vt 0.781250 0.250000
vt 0.781250 0.187500
vt 0.781250 0.125000
vt 0.781250 0.062500
vt 0.750000 0.937500
vt 0.750000 0.875000
vt 0.750000 0.750000
vt 0.750000 0.625000
vt 0.750000 0.375000
vt 0.750000 0.250000
vt 0.750000 0.187500
vt 0.750000 0.125000
vt 0.750000 0.062500
vt 0.750000 0.812500
vt 0.750000 0.687500
vt 0.750000 0.562500
vt 0.750000 0.500000
vt 0.750000 0.437500
vt 0.750000 0.312500
vt 0.718750 0.937500
vt 0.718750 0.875000
vt 0.718750 0.812500
vt 0.718750 0.750000
vt 0.718750 0.687500
vt 0.718750 0.625000
vt 0.718750 0.562500
vt 0.718750 0.500000
vt 0.718750 0.437500
vt 0.718750 0.375000
vt 0.718750 0.312500
vt 0.718750 0.250000
vt 0.718750 0.187500
vt 0.718750 0.125000
vt 0.718750 0.062500
vt 0.687500 0.937500
vt 0.687500 0.875000
vt 0.687500 0.812500
vt 0.687500 0.750000
vt 0.687500 0.687500
vt 0.687500 0.625000
vt 0.687500 0.562500
vt 0.687500 0.500000
vt 0.687500 0.437500
vt 0.687500 0.375000
vt 0.687500 0.312500
vt 0.687500 0.250000
vt 0.687500 0.187500
vt 0.687500 0.125000
vt 0.687500 0.062500
vt 0.656250 0.937500
vt 0.656250 0.875000
vt 0.656250 0.812500
vt 0.656250 0.750000
vt 0.656250 0.687500
vt 0.656250 0.625000
vt 0.656250 0.562500
vt 0.656250 0.500000
vt 0.656250 0.437500
vt 0.656250 0.375000
vt 0.656250 0.312500
vt 0.656250 0.250000
vt 0.656250 0.187500
vt 0.656250 0.125000
vt 0.656250 0.062500
vt 0.625000 0.937500
vt 0.625000 0.875000
vt 0.625000 0.812500
vt 0.625000 0.750000
vt 0.625000 0.687500
vt 0.625000 0.625000
vt 0.625000 0.562500
vt 0.625000 0.500000
vt 0.625000 0.437500
vt 0.625000 0.375000
vt 0.625000 0.312500
vt 0.625000 0.250000
vt 0.625000 0.187500
vt 0.625000 0.125000
vt 0.625000 0.062500
vt 0.593750 0.937500
vt 0.593750 0.875000
vt 0.593750 0.812500
vt 0.593750 0.750000
vt 0.593750 0.687500
vt 0.593750 0.625000
vt 0.593750 0.562500
vt 0.593750 0.500000
vt 0.593750 0.437500
vt 0.593750 0.375000
vt 0.593750 0.312500
vt 0.593750 0.250000
vt 0.593750 0.187500
vt 0.593750 0.125000
vt 0.593750 0.062500
vt 0.734375 1.000000
vt 0.703125 1.000000
vt 0.671875 1.000000
vt 0.640625 1.000000
vt 0.609375 1.000000
vt 0.578125 1.000000
vt 0.546875 1.000000
vt 0.515625 1.000000
vt 0.484375 1.000000
vt 0.453125 1.000000
vt 0.421875 1.000000
vt 0.390625 1.000000
vt 0.359375 1.000000
vt 0.328125 1.000000
vt 0.296875 1.000000
vt 0.265625 1.000000
vt 0.234375 1.000000
vt 0.203125 1.000000
vt 0.171875 1.000000
vt 0.140625 1.000000
vt 0.109375 1.000000
vt 0.078125 1.000000
vt 0.046875 1.000000
vt 0.015625 1.000000
vt 0.984375 1.000000
vt 0.953125 1.000000
vt 0.921875 1.000000
vt 0.890625 1.000000
vt 0.859375 1.000000
vt 0.828125 1.000000
vt 0.796875 1.000000
vt 0.765625 1.000000
vt 0.562500 0.937500
vt 0.562500 0.875000
vt 0.562500 0.812500
vt 0.562500 0.750000
vt 0.562500 0.687500
vt 0.562500 0.625000
vt 0.562500 0.562500
vt 0.562500 0.500000
vt 0.562500 0.437500
vt 0.562500 0.375000
vt 0.562500 0.312500
vt 0.562500 0.250000
vt 0.562500 0.187500
vt 0.562500 0.125000
vt 0.562500 0.062500
vt 0.531250 0.937500
vt 0.531250 0.875000
vt 0.531250 0.812500
vt 0.531250 0.750000
vt 0.531250 0.687500
vt 0.531250 0.625000
vt 0.531250 0.562500
vt 0.531250 0.500000
vt 0.531250 0.437500
vt 0.531250 0.375000
vt 0.531250 0.312500
vt 0.531250 0.250000
vt 0.531250 0.187500
vt 0.531250 0.125000
vt 0.531250 0.062500
vt 0.500000 0.937500
vt 0.500000 0.875000
vt 0.500000 0.812500
vt 0.500000 0.750000
vt 0.500000 0.687500
vt 0.500000 0.625000
vt 0.500000 0.562500
vt 0.500000 0.500000
vt 0.500000 0.437500
vt 0.500000 0.375000
vt 0.500000 0.312500
vt 0.500000 0.250000
vt 0.500000 0.187500
vt 0.500000 0.125000
vt 0.500000 0.062500
vt 0.468750 0.937500
vt 0.468750 0.875000
vt 0.468750 0.812500
vt 0.468750 0.750000
vt 0.468750 0.687500
vt 0.468750 0.625000
vt 0.468750 0.562500
vt 0.468750 0.500000
vt 0.468750 0.437500
vt 0.468750 0.375000
vt 0.468750 0.312500
vt 0.468750 0.250000
vt 0.468750 0.187500
vt 0.468750 0.125000
vt 0.468750 0.062500
vt 0.437500 0.937500
vt 0.437500 0.875000
vt 0.437500 0.812500
vt 0.437500 0.750000
vt 0.437500 0.687500
vt 0.437500 0.625000
vt 0.437500 0.562500
vt 0.437500 0.500000
vt 0.437500 0.437500
vt 0.437500 0.375000
vt 0.437500 0.312500
vt 0.437500 0.250000
vt 0.437500 0.187500
vt 0.437500 0.125000
vt 0.437500 0.062500
vt 0.406250 0.937500
vt 0.406250 0.875000
vt 0.406250 0.812500
vt 0.406250 0.750000
vt 0.406250 0.687500
vt 0.406250 0.625000
vt 0.406250 0.562500
vt 0.406250 0.500000
vt 0.406250 0.437500
vt 0.406250 0.375000
vt 0.406250 0.312500
vt 0.406250 0.250000
vt 0.406250 0.187500
vt 0.406250 0.125000
vt 0.406250 0.062500
vt 0.375000 0.937500
vt 0.375000 0.875000
vt 0.375000 0.812500
vt 0.375000 0.750000
vt 0.375000 0.687500
vt 0.375000 0.625000
vt 0.375000 0.562500
vt 0.375000 0.500000
vt 0.375000 0.437500
vt 0.375000 0.375000
vt 0.375000 0.312500
vt 0.375000 0.250000
vt 0.375000 0.187500
vt 0.375000 0.125000
vt 0.375000 0.062500
vt 0.343750 0.937500
vt 0.343750 0.875000
vt 0.343750 0.812500
vt 0.343750 0.750000
vt 0.343750 0.687500
vt 0.343750 0.625000
vt 0.343750 0.562500
vt 0.343750 0.500000
vt 0.343750 0.437500
vt 0.343750 0.375000
vt 0.343750 0.312500
vt 0.343750 0.250000
vt 0.343750 0.187500
vt 0.343750 0.125000
vt 0.343750 0.062500
vt 0.312500 0.937500
vt 0.312500 0.875000
vt 0.312500 0.812500
vt 0.312500 0.750000
vt 0.312500 0.687500
vt 0.312500 0.625000
vt 0.312500 0.562500
vt 0.312500 0.500000
vt 0.312500 0.437500
vt 0.312500 0.375000
vt 0.312500 0.312500
vt 0.312500 0.250000
vt 0.312500 0.187500
vt 0.312500 0.125000
vt 0.312500 0.062500
vt 0.281250 0.937500
vt 0.281250 0.875000
vt 0.281250 0.812500
vt 0.281250 0.750000
vt 0.281250 0.687500
vt 0.281250 0.625000
vt 0.281250 0.562500
vt 0.281250 0.500000
vt 0.281250 0.437500
vt 0.281250 0.375000
vt 0.281250 0.312500
vt 0.281250 0.250000
vt 0.281250 0.187500
vt 0.281250 0.125000
vt 0.281250 0.062500
vt 0.250000 0.937500
vt 0.250000 0.875000
vt 0.250000 0.812500
vt 0.250000 0.750000
vt 0.250000 0.687500
vt 0.250000 0.625000
vt 0.250000 0.562500
vt 0.250000 0.500000
vt 0.250000 0.437500
vt 0.250000 0.375000
vt 0.250000 0.312500
vt 0.250000 0.250000
vt 0.250000 0.187500
vt 0.250000 0.125000
vt 0.250000 0.062500
vt 0.218750 0.937500
vt 0.218750 0.875000
vt 0.218750 0.812500
vt 0.218750 0.750000
vt 0.218750 0.687500
vt 0.218750 0.625000
vt 0.218750 0.562500
vt 0.218750 0.500000
vt 0.218750 0.437500
vt 0.218750 0.375000
vt 0.218750 0.312500
vt 0.218750 0.250000
vt 0.218750 0.187500
vt 0.218750 0.125000
vt 0.218750 0.062500
vt 0.187500 0.937500
vt 0.187500 0.875000
vt 0.187500 0.812500
vt 0.187500 0.750000
vt 0.187500 0.687500
vt 0.187500 0.625000
vt 0.187500 0.562500
vt 0.187500 0.500000
vt 0.187500 0.437500
vt 0.187500 0.375000
vt 0.187500 0.312500
vt 0.187500 0.250000
vt 0.187500 0.187500
vt 0.187500 0.125000
vt 0.187500 0.062500
vt 0.156250 0.937500
vt 0.156250 0.875000
vt 0.156250 0.812500
vt 0.156250 0.750000
vt 0.156250 0.687500
vt 0.156250 0.625000
vt 0.156250 0.562500
vt 0.156250 0.500000
vt 0.156250 0.437500
vt 0.156250 0.375000
vt 0.156250 0.312500
vt 0.156250 0.250000
vt 0.156250 0.187500
vt 0.156250 0.125000
vt 0.156250 0.062500
vt 0.125000 0.937500
vt 0.125000 0.875000
vt 0.125000 0.812500
vt 0.125000 0.750000
vt 0.125000 0.687500
vt 0.125000 0.625000
vt 0.125000 0.562500
vt 0.125000 0.500000
vt 0.125000 0.437500
vt 0.125000 0.375000
vt 0.125000 0.312500
vt 0.125000 0.250000
vt 0.125000 0.187500
vt 0.125000 0.125000
vt 0.125000 0.062500
vt 0.734375 0.000000
vt 0.703125 0.000000
vt 0.671875 0.000000
vt 0.640625 0.000000
vt 0.609375 0.000000
vt 0.578125 0.000000
vt 0.546875 0.000000
vt 0.515625 0.000000
vt 0.484375 0.000000
vt 0.453125 0.000000
vt 0.421875 0.000000
vt 0.390625 0.000000
vt 0.359375 0.000000
vt 0.328125 0.000000
vt 0.296875 0.000000
vt 0.265625 0.000000
vt 0.234375 0.000000
vt 0.203125 0.000000
vt 0.171875 0.000000
vt 0.140625 0.000000
vt 0.109375 0.000000
vt 0.078125 0.000000
vt 0.046875 0.000000
vt 0.015625 0.000000
vt 0.984375 0.000000
vt 0.953125 0.000000
vt 0.921875 0.000000
vt 0.890625 0.000000
vt 0.859375 0.000000
vt 0.828125 0.000000
vt 0.796875 0.000000
vt 0.765625 0.000000
vt 0.093750 0.937500
vt 0.093750 0.875000
vt 0.093750 0.812500
vt 0.093750 0.750000
vt 0.093750 0.687500
vt 0.093750 0.625000
vt 0.093750 0.562500
vt 0.093750 0.500000
vt 0.093750 0.437500
vt 0.093750 0.375000
vt 0.093750 0.312500
vt 0.093750 0.250000
vt 0.093750 0.187500
vt 0.093750 0.125000
vt 0.093750 0.062500
vt 0.062500 0.937500
vt 0.062500 0.875000
vt 0.062500 0.812500
vt 0.062500 0.750000
vt 0.062500 0.687500
vt 0.062500 0.625000
vt 0.062500 0.562500
vt 0.062500 0.500000
vt 0.062500 0.437500
vt 0.062500 0.375000
vt 0.062500 0.312500
vt 0.062500 0.250000
vt 0.062500 0.187500
vt 0.062500 0.125000
vt 0.062500 0.062500
vt 0.031250 0.937500
vt 0.031250 0.875000
vt 0.031250 0.812500
vt 0.031250 0.750000
vt 0.031250 0.687500
vt 0.031250 0.625000
vt 0.031250 0.562500
vt 0.031250 0.500000
vt 0.031250 0.437500
vt 0.031250 0.375000
vt 0.031250 0.312500
vt 0.031250 0.250000
vt 0.031250 0.187500
vt 0.031250 0.125000
vt 0.031250 0.062500
vt 0.000000 0.937500
vt 1.000000 0.937500
vt 0.000000 0.875000
vt 1.000000 0.875000
vt 0.000000 0.812500
vt 1.000000 0.812500
vt 0.000000 0.750000
vt 1.000000 0.750000
vt 0.000000 0.687500
vt 1.000000 0.687500
vt 0.000000 0.625000
vt 1.000000 0.625000
vt 0.000000 0.562500
vt 1.000000 0.562500
vt 0.000000 0.500000
vt 1.000000 0.500000
vt 0.000000 0.437500
vt 1.000000 0.437500
vt 0.000000 0.375000
vt 1.000000 0.375000
vt 0.000000 0.312500
vt 1.000000 0.312500
vt 0.000000 0.250000
vt 1.000000 0.250000
vt 0.000000 0.187500
vt 1.000000 0.187500
vt 0.000000 0.125000
vt 1.000000 0.125000
vt 0.000000 0.062500
vt 1.000000 0.062500
vt 0.968750 0.937500
vt 0.968750 0.875000
vt 0.968750 0.812500
vt 0.968750 0.750000
vt 0.968750 0.687500
vt 0.968750 0.625000
vt 0.968750 0.562500
vt 0.968750 0.500000
vt 0.968750 0.437500
vt 0.968750 0.375000
vt 0.968750 0.312500
vt 0.968750 0.250000
vt 0.968750 0.187500
vt 0.968750 0.125000
vt 0.968750 0.062500
vt 0.937500 0.937500
vt 0.937500 0.875000
vt 0.937500 0.812500
vt 0.937500 0.750000
vt 0.937500 0.687500
vt 0.937500 0.625000
vt 0.937500 0.562500
vt 0.937500 0.500000
vt 0.937500 0.437500
vt 0.937500 0.375000
vt 0.937500 0.312500
vt 0.937500 0.250000
vt 0.937500 0.187500
vt 0.937500 0.125000
vt 0.937500 0.062500
vt 0.906250 0.937500
vt 0.906250 0.875000
vt 0.906250 0.812500
vt 0.906250 0.750000
vt 0.906250 0.687500
vt 0.906250 0.625000
vt 0.906250 0.562500
vt 0.906250 0.500000
vt 0.906250 0.437500
vt 0.906250 0.375000
vt 0.906250 0.312500
vt 0.906250 0.250000
vt 0.906250 0.187500
vt 0.906250 0.125000
vt 0.906250 0.062500
vt 0.875000 0.937500
vt 0.875000 0.875000
vt 0.875000 0.812500
vt 0.875000 0.750000
vt 0.875000 0.687500
vt 0.875000 0.625000
vt 0.875000 0.562500
vt 0.875000 0.500000
vt 0.875000 0.437500
vt 0.875000 0.375000
vt 0.875000 0.312500
vt 0.875000 0.250000
vt 0.875000 0.187500
vt 0.875000 0.125000
vt 0.875000 0.062500
vt 0.843750 0.937500
vt 0.843750 0.875000
vt 0.843750 0.812500
vt 0.843750 0.750000
vt 0.843750 0.687500
vt 0.843750 0.625000
vt 0.843750 0.562500
vt 0.843750 0.500000
vt 0.843750 0.437500
vt 0.843750 0.375000
vt 0.843750 0.312500
vt 0.843750 0.250000
vt 0.843750 0.187500
vt 0.843750 0.125000
vt 0.843750 0.062500
vt 0.812500 0.937500
vt 0.812500 0.875000
vt 0.812500 0.812500
vt 0.812500 0.750000
vt 0.812500 0.687500
vt 0.812500 0.625000
vt 0.812500 0.562500
vt 0.812500 0.500000
vt 0.812500 0.437500
vt 0.812500 0.375000
vt 0.812500 0.312500
vt 0.812500 0.250000
vt 0.812500 0.187500
vt 0.812500 0.125000
vt 0.812500 0.062500
vt 0.781250 0.937500
vt 0.781250 0.875000
vt 0.781250 0.812500
vt 0.781250 0.750000
vt 0.781250 0.687500
vt 0.781250 0.625000
vt 0.781250 0.562500
vt 0.781250 0.500000
vt 0.781250 0.437500
vt 0.781250 0.375000
vt 0.781250 0.312500
vt 0.781250 0.250000
vt 0.781250 0.187500
vt 0.781250 0.125000
vt 0.781250 0.062500
vt 0.750000 0.937500
vt 0.750000 0.875000
vt 0.750000 0.750000
vt 0.750000 0.625000
vt 0.750000 0.375000
vt 0.750000 0.250000
vt 0.750000 0.187500
vt 0.750000 0.125000
vt 0.750000 0.062500
vt 0.750000 0.812500
vt 0.750000 0.687500
vt 0.750000 0.562500
vt 0.750000 0.500000
vt 0.750000 0.437500
vt 0.750000 0.312500
vt 0.718750 0.937500
vt 0.718750 0.875000
vt 0.718750 0.812500
vt 0.718750 0.750000
vt 0.718750 0.687500
vt 0.718750 0.625000
vt 0.718750 0.562500
vt 0.718750 0.500000
vt 0.718750 0.437500
vt 0.718750 0.375000
vt 0.718750 0.312500
vt 0.718750 0.250000
vt 0.718750 0.187500
vt 0.718750 0.125000
vt 0.718750 0.062500
vt 0.687500 0.937500
vt 0.687500 0.875000
vt 0.687500 0.812500
vt 0.687500 0.750000
vt 0.687500 0.687500
vt 0.687500 0.625000
vt 0.687500 0.562500
vt 0.687500 0.500000
vt 0.687500 0.437500
vt 0.687500 0.375000
vt 0.687500 0.312500
vt 0.687500 0.250000
vt 0.687500 0.187500
vt 0.687500 0.125000
vt 0.687500 0.062500
vt 0.656250 0.937500
vt 0.656250 0.875000
vt 0.656250 0.812500
vt 0.656250 0.750000
vt 0.656250 0.687500
vt 0.656250 0.625000
vt 0.656250 0.562500
vt 0.656250 0.500000
vt 0.656250 0.437500
vt 0.656250 0.375000
vt 0.656250 0.312500
vt 0.656250 0.250000
vt 0.656250 0.187500
vt 0.656250 0.125000
vt 0.656250 0.062500
vt 0.625000 0.937500
vt 0.625000 0.875000
vt 0.625000 0.812500
vt 0.625000 0.750000
vt 0.625000 0.687500
vt 0.625000 0.625000
vt 0.625000 0.562500
vt 0.625000 0.500000
vt 0.625000 0.437500
vt 0.625000 0.375000
vt 0.625000 0.312500
vt 0.625000 0.250000
vt 0.625000 0.187500
vt 0.625000 0.125000
vt 0.625000 0.062500
vt 0.593750 0.937500
vt 0.593750 0.875000
vt 0.593750 0.812500
vt 0.593750 0.750000
vt 0.593750 0.687500
vt 0.593750 0.625000
vt 0.593750 0.562500
vt 0.593750 0.500000
vt 0.593750 0.437500
vt 0.593750 0.375000
vt 0.593750 0.312500
vt 0.593750 0.250000
vt 0.593750 0.187500
vt 0.593750 0.125000
vt 0.593750 0.062500
vt 0.734375 1.000000
vt 0.703125 1.000000
vt 0.671875 1.000000
vt 0.640625 1.000000
vt 0.609375 1.000000
vt 0.578125 1.000000
vt 0.546875 1.000000
vt 0.515625 1.000000
vt 0.484375 1.000000
vt 0.453125 1.000000
vt 0.421875 1.000000
vt 0.390625 1.000000
vt 0.359375 1.000000
vt 0.328125 1.000000
vt 0.296875 1.000000
vt 0.265625 1.000000
vt 0.234375 1.000000
vt 0.203125 1.000000
vt 0.171875 1.000000
vt 0.140625 1.000000
vt 0.109375 1.000000
vt 0.078125 1.000000
vt 0.046875 1.000000
vt 0.015625 1.000000
vt 0.984375 1.000000
vt 0.953125 1.000000
vt 0.921875 1.000000
vt 0.890625 1.000000
vt 0.859375 1.000000
vt 0.828125 1.000000
vt 0.796875 1.000000
vt 0.765625 1.000000
vt 0.562500 0.937500
vt 0.562500 0.875000
vt 0.562500 0.812500
vt 0.562500 0.750000
vt 0.562500 0.687500
vt 0.562500 0.625000
vt 0.562500 0.562500
vt 0.562500 0.500000
vt 0.562500 0.437500
vt 0.562500 0.375000
vt 0.562500 0.312500
vt 0.562500 0.250000
vt 0.562500 0.187500
vt 0.562500 0.125000
vt 0.562500 0.062500
vt 0.531250 0.937500
vt 0.531250 0.875000
vt 0.531250 0.812500
vt 0.531250 0.750000
vt 0.531250 0.687500
vt 0.531250 0.625000
vt 0.531250 0.562500
vt 0.531250 0.500000
vt 0.531250 0.437500
vt 0.531250 0.375000
vt 0.531250 0.312500
vt 0.531250 0.250000
vt 0.531250 0.187500
vt 0.531250 0.125000
vt 0.531250 0.062500
vt 0.500000 0.937500
vt 0.500000 0.875000
vt 0.500000 0.812500
vt 0.500000 0.750000
vt 0.500000 0.687500
vt 0.500000 0.625000
vt 0.500000 0.562500
vt 0.500000 0.500000
vt 0.500000 0.437500
vt 0.500000 0.375000
vt 0.500000 0.312500
vt 0.500000 0.250000
vt 0.500000 0.187500
vt 0.500000 0.125000
vt 0.500000 0.062500
vt 0.468750 0.937500
vt 0.468750 0.875000
vt 0.468750 0.812500
vt 0.468750 0.750000
vt 0.468750 0.687500
vt 0.468750 0.625000
vt 0.468750 0.562500
vt 0.468750 0.500000
vt 0.468750 0.437500
vt 0.468750 0.375000
vt 0.468750 0.312500
vt 0.468750 0.250000
vt 0.468750 0.187500
vt 0.468750 0.125000
vt 0.468750 0.062500
vt 0.437500 0.937500
vt 0.437500 0.875000
vt 0.437500 0.812500
vt 0.437500 0.750000
vt 0.437500 0.687500
vt 0.437500 0.625000
vt 0.437500 0.562500
vt 0.437500 0.500000
vt 0.437500 0.437500
vt 0.437500 0.375000
vt 0.437500 0.312500
vt 0.437500 0.250000
vt 0.437500 0.187500
vt 0.437500 0.125000
vt 0.437500 0.062500
vt 0.406250 0.937500
vt 0.406250 0.875000
vt 0.406250 0.812500
vt 0.406250 0.750000
vt 0.406250 0.687500
vt 0.406250 0.625000
vt 0.406250 0.562500
vt 0.406250 0.500000
vt 0.406250 0.437500
vt 0.406250 0.375000
vt 0.406250 0.312500
vt 0.406250 0.250000
vt 0.406250 0.187500
vt 0.406250 0.125000
vt 0.406250 0.062500
vt 0.375000 0.937500
vt 0.375000 0.875000
vt 0.375000 0.812500
vt 0.375000 0.750000
vt 0.375000 0.687500
vt 0.375000 0.625000
vt 0.375000 0.562500
vt 0.375000 0.500000
vt 0.375000 0.437500
vt 0.375000 0.375000
vt 0.375000 0.312500
vt 0.375000 0.250000
vt 0.375000 0.187500
vt 0.375000 0.125000
vt 0.375000 0.062500
vt 0.343750 0.937500
vt 0.343750 0.875000
vt 0.343750 0.812500
vt 0.343750 0.750000
vt 0.343750 0.687500
vt 0.343750 0.625000
vt 0.343750 0.562500
vt 0.343750 0.500000
vt 0.343750 0.437500
vt 0.343750 0.375000
vt 0.343750 0.312500
vt 0.343750 0.250000
vt 0.343750 0.187500
vt 0.343750 0.125000
vt 0.343750 0.062500
vt 0.312500 0.937500
vt 0.312500 0.875000
vt 0.312500 0.812500
vt 0.312500 0.750000
vt 0.312500 0.687500
vt 0.312500 0.625000
vt 0.312500 0.562500
vt 0.312500 0.500000
vt 0.312500 0.437500
vt 0.312500 0.375000
vt 0.312500 0.312500
vt 0.312500 0.250000
vt 0.312500 0.187500
vt 0.312500 0.125000
vt 0.312500 0.062500
vt 0.281250 0.937500
vt 0.281250 0.875000
vt 0.281250 0.812500
vt 0.281250 0.750000
vt 0.281250 0.687500
vt 0.281250 0.625000
vt 0.281250 0.562500
vt 0.281250 0.500000
vt 0.281250 0.437500
vt 0.281250 0.375000
vt 0.281250 0.312500
vt 0.281250 0.250000
vt 0.281250 0.187500
vt 0.281250 0.125000
vt 0.281250 0.062500
vt 0.250000 0.937500
vt 0.250000 0.875000
vt 0.250000 0.812500
vt 0.250000 0.750000
vt 0.250000 0.687500
vt 0.250000 0.625000
vt 0.250000 0.562500
vt 0.250000 0.500000
vt 0.250000 0.437500
vt 0.250000 0.375000
vt 0.250000 0.312500
vt 0.250000 0.250000
vt 0.250000 0.187500
vt 0.250000 0.125000
vt 0.250000 0.062500
vt 0.218750 0.937500
vt 0.218750 0.875000
vt 0.218750 0.812500
vt 0.218750 0.750000
vt 0.218750 0.687500
vt 0.218750 0.625000
vt 0.218750 0.562500
vt 0.218750 0.500000
vt 0.218750 0.437500
vt 0.218750 0.375000
vt 0.218750 0.312500
vt 0.218750 0.250000
vt 0.218750 0.187500
vt 0.218750 0.125000
vt 0.218750 0.062500
vt 0.187500 0.937500
vt 0.187500 0.875000
vt 0.187500 0.812500
vt 0.187500 0.750000
vt 0.187500 0.687500
vt 0.187500 0.625000
vt 0.187500 0.562500
vt 0.187500 0.500000
vt 0.187500 0.437500
vt 0.187500 0.375000
vt 0.187500 0.312500
vt 0.187500 0.250000
vt 0.187500 0.187500
vt 0.187500 0.125000
vt 0.187500 0.062500
vt 0.156250 0.937500
vt 0.156250 0.875000
vt 0.156250 0.812500
vt 0.156250 0.750000
vt 0.156250 0.687500
vt 0.156250 0.625000
vt 0.156250 0.562500
vt 0.156250 0.500000
vt 0.156250 0.437500
vt 0.156250 0.375000
vt 0.156250 0.312500
vt 0.156250 0.250000
vt 0.156250 0.187500
vt 0.156250 0.125000
vt 0.156250 0.062500
vt 0.125000 0.937500
vt 0.125000 0.875000
vt 0.125000 0.812500
vt 0.125000 0.750000
vt 0.125000 0.687500
vt 0.125000 0.625000
vt 0.125000 0.562500
vt 0.125000 0.500000
vt 0.125000 0.437500
vt 0.125000 0.375000
vt 0.125000 0.312500
vt 0.125000 0.250000
vt 0.125000 0.187500
vt 0.125000 0.125000
vt 0.125000 0.062500
vt 0.734375 0.000000
vt 0.703125 0.000000
vt 0.671875 0.000000
vt 0.640625 0.000000
vt 0.609375 0.000000
vt 0.578125 0.000000
vt 0.546875 0.000000
vt 0.515625 0.000000
vt 0.484375 0.000000
vt 0.453125 0.000000
vt 0.421875 0.000000
vt 0.390625 0.000000
vt 0.359375 0.000000
vt 0.328125 0.000000
vt 0.296875 0.000000
vt 0.265625 0.000000
vt 0.234375 0.000000
vt 0.203125 0.000000
vt 0.171875 0.000000
vt 0.140625 0.000000
vt 0.109375 0.000000
vt 0.078125 0.000000
vt 0.046875 0.000000
vt 0.015625 0.000000
vt 0.984375 0.000000
vt 0.953125 0.000000
vt 0.921875 0.000000
vt 0.890625 0.000000
vt 0.859375 0.000000
vt 0.828125 0.000000
vt 0.796875 0.000000
vt 0.765625 0.000000
vt 0.093750 0.937500
vt 0.093750 0.875000
vt 0.093750 0.812500
vt 0.093750 0.750000
vt 0.093750 0.687500
vt 0.093750 0.625000
vt 0.093750 0.562500
vt 0.093750 0.500000
vt 0.093750 0.437500
vt 0.093750 0.375000
vt 0.093750 0.312500
vt 0.093750 0.250000
vt 0.093750 0.187500
vt 0.093750 0.125000
vt 0.093750 0.062500
vt 0.062500 0.937500
vt 0.062500 0.875000
vt 0.062500 0.812500
vt 0.062500 0.750000
vt 0.062500 0.687500
vt 0.062500 0.625000
vt 0.062500 0.562500
vt 0.062500 0.500000
vt 0.062500 0.437500
vt 0.062500 0.375000
vt 0.062500 0.312500
vt 0.062500 0.250000
vt 0.062500 0.187500
vt 0.062500 0.125000
vt 0.062500 0.062500
vt 0.031250 0.937500
vt 0.031250 0.875000
vt 0.031250 0.812500
vt 0.031250 0.750000
vt 0.031250 0.687500
vt 0.031250 0.625000
vt 0.031250 0.562500
vt 0.031250 0.500000
vt 0.031250 0.437500
vt 0.031250 0.375000
vt 0.031250 0.312500
vt 0.031250 0.250000
vt 0.031250 0.187500
vt 0.031250 0.125000
vt 0.031250 0.062500
vt 0.000000 0.937500
vt 1.000000 0.937500
vt 0.000000 0.875000
vt 1.000000 0.875000
vt 0.000000 0.812500
vt 1.000000 0.812500
vt 0.000000 0.750000
vt 1.000000 0.750000
vt 0.000000 0.687500
vt 1.000000 0.687500
vt 0.000000 0.625000
vt 1.000000 0.625000
vt 0.000000 0.562500
vt 1.000000 0.562500
vt 0.000000 0.500000
vt 1.000000 0.500000
vt 0.000000 0.437500
vt 1.000000 0.437500
vt 0.000000 0.375000
vt 1.000000 0.375000
vt 0.000000 0.312500
vt 1.000000 0.312500
vt 0.000000 0.250000
vt 1.000000 0.250000
vt 0.000000 0.187500
vt 1.000000 0.187500
vt 0.000000 0.125000
vt 1.000000 0.125000
vt 0.000000 0.062500
vt 1.000000 0.062500
vt 0.968750 0.937500
vt 0.968750 0.875000
vt 0.968750 0.812500
vt 0.968750 0.750000
vt 0.968750 0.687500
vt 0.968750 0.625000
vt 0.968750 0.562500
vt 0.968750 0.500000
vt 0.968750 0.437500
vt 0.968750 0.375000
vt 0.968750 0.312500
vt 0.968750 0.250000
vt 0.968750 0.187500
vt 0.968750 0.125000
vt 0.968750 0.062500
vt 0.937500 0.937500
vt 0.937500 0.875000
vt 0.937500 0.812500
vt 0.937500 0.750000
vt 0.937500 0.687500
vt 0.937500 0.625000
vt 0.937500 0.562500
vt 0.937500 0.500000
vt 0.937500 0.437500
vt 0.937500 0.375000
vt 0.937500 0.312500
vt 0.937500 0.250000
vt 0.937500 0.187500
vt 0.937500 0.125000
vt 0.937500 0.062500
vt 0.906250 0.937500
vt 0.906250 0.875000
vt 0.906250 0.812500
vt 0.906250 0.750000
vt 0.906250 0.687500
vt 0.906250 0.625000
vt 0.906250 0.562500
vt 0.906250 0.500000
vt 0.906250 0.437500
vt 0.906250 0.375000
vt 0.906250 0.312500
vt 0.906250 0.250000
vt 0.906250 0.187500
vt 0.906250 0.125000
vt 0.906250 0.062500
vt 0.875000 0.937500
vt 0.875000 0.875000
vt 0.875000 0.812500
vt 0.875000 0.750000
vt 0.875000 0.687500
vt 0.875000 0.625000
vt 0.875000 0.562500
vt 0.875000 0.500000
vt 0.875000 0.437500
vt 0.875000 0.375000
vt 0.875000 0.312500
vt 0.875000 0.250000
vt 0.875000 0.187500
vt 0.875000 0.125000
vt 0.875000 0.062500
vt 0.843750 0.937500
vt 0.843750 0.875000
vt 0.843750 0.812500
vt 0.843750 0.750000
vt 0.843750 0.687500
vt 0.843750 0.625000
vt 0.843750 0.562500
vt 0.843750 0.500000
vt 0.843750 0.437500
vt 0.843750 0.375000
vt 0.843750 0.312500
vt 0.843750 0.250000
vt 0.843750 0.187500
vt 0.843750 0.125000
vt 0.843750 0.062500
vt 0.812500 0.937500
vt 0.812500 0.875000
vt 0.812500 0.812500
vt 0.812500 0.750000
vt 0.812500 0.687500
vt 0.812500 0.625000
vt 0.812500 0.562500
vt 0.812500 0.500000
vt 0.812500 0.437500
vt 0.812500 0.375000
vt 0.812500 0.312500
vt 0.812500 0.250000
vt 0.812500 0.187500
vt 0.812500 0.125000
vt 0.812500 0.062500
vt 0.781250 0.937500
vt 0.781250 0.875000
vt 0.781250 0.812500
vt 0.781250 0.750000
vt 0.781250 0.687500
vt 0.781250 0.625000
vt 0.781250 0.562500
vt 0.781250 0.500000
vt 0.781250 0.437500
vt 0.781250 0.375000
vt 0.781250 0.312500
vt 0.781250 0.250000
vt 0.781250 0.187500
vt 0.781250 0.125000
vt 0.781250 0.062500
vt 0.750000 0.937500
vt 0.750000 0.875000
vt 0.750000 0.750000
vt 0.750000 0.625000
vt 0.750000 0.375000
vt 0.750000 0.250000
vt 0.750000 0.187500
vt 0.750000 0.125000
vt 0.750000 0.062500
vt 0.750000 0.812500
vt 0.750000 0.687500
vt 0.750000 0.562500
vt 0.750000 0.500000
vt 0.750000 0.437500
vt 0.750000 0.312500
vt 0.718750 0.937500
vt 0.718750 0.875000
vt 0.718750 0.812500
vt 0.718750 0.750000
vt 0.718750 0.687500
vt 0.718750 0.625000
vt 0.718750 0.562500
vt 0.718750 0.500000
vt 0.718750 0.437500
vt 0.718750 0.375000
vt 0.718750 0.312500
vt 0.718750 0.250000
vt 0.718750 0.187500
vt 0.718750 0.125000
vt 0.718750 0.062500
vt 0.687500 0.937500
vt 0.687500 0.875000
vt 0.687500 0.812500
vt 0.687500 0.750000
vt 0.687500 0.687500
vt 0.687500 0.625000
vt 0.687500 0.562500
vt 0.687500 0.500000
vt 0.687500 0.437500
vt 0.687500 0.375000
vt 0.687500 0.312500
vt 0.687500 0.250000
vt 0.687500 0.187500
vt 0.687500 0.125000
vt 0.687500 0.062500
vt 0.656250 0.937500
vt 0.656250 0.875000
vt 0.656250 0.812500
vt 0.656250 0.750000
vt 0.656250 0.687500
vt 0.656250 0.625000
vt 0.656250 0.562500
vt 0.656250 0.500000
vt 0.656250 0.437500
vt 0.656250 0.375000
vt 0.656250 0.312500
vt 0.656250 0.250000
vt 0.656250 0.187500
vt 0.656250 0.125000
vt 0.656250 0.062500
vt 0.625000 0.937500
vt 0.625000 0.875000
vt 0.625000 0.812500
vt 0.625000 0.750000
vt 0.625000 0.687500
vt 0.625000 0.625000
vt 0.625000 0.562500
vt 0.625000 0.500000
vt 0.625000 0.437500
vt 0.625000 0.375000
vt 0.625000 0.312500
vt 0.625000 0.250000
vt 0.625000 0.187500
vt 0.625000 0.125000
vt 0.625000 0.062500
vt 0.593750 0.937500
vt 0.593750 0.875000
vt 0.593750 0.812500
vt 0.593750 0.750000
vt 0.593750 0.687500
vt 0.593750 0.625000
vt 0.593750 0.562500
vt 0.593750 0.500000
vt 0.593750 0.437500
vt 0.593750 0.375000
vt 0.593750 0.312500
vt 0.593750 0.250000
vt 0.593750 0.187500
vt 0.593750 0.125000
vt 0.593750 0.062500
vt 0.734375 1.000000
vt 0.703125 1.000000
vt 0.671875 1.000000
vt 0.640625 1.000000
vt 0.609375 1.000000
vt 0.578125 1.000000
vt 0.546875 1.000000
vt 0.515625 1.000000
vt 0.484375 1.000000
vt 0.453125 1.000000
vt 0.421875 1.000000
vt 0.390625 1.000000
vt 0.359375 1.000000
vt 0.328125 1.000000
vt 0.296875 1.000000
vt 0.265625 1.000000
vt 0.234375 1.000000
vt 0.203125 1.000000
vt 0.171875 1.000000
vt 0.140625 1.000000
vt 0.109375 1.000000
vt 0.078125 1.000000
vt 0.046875 1.000000
vt 0.015625 1.000000
vt 0.984375 1.000000
vt 0.953125 1.000000
vt 0.921875 1.000000
vt 0.890625 1.000000
vt 0.859375 1.000000
vt 0.828125 1.000000
vt 0.796875 1.000000
vt 0.765625 1.000000
vt 0.562500 0.937500
vt 0.562500 0.875000
vt 0.562500 0.812500
vt 0.562500 0.750000
vt 0.562500 0.687500
vt 0.562500 0.625000
vt 0.562500 0.562500
vt 0.562500 0.500000
vt 0.562500 0.437500
vt 0.562500 0.375000
vt 0.562500 0.312500
vt 0.562500 0.250000
vt 0.562500 0.187500
vt 0.562500 0.125000
vt 0.562500 0.062500
vt 0.531250 0.937500
vt 0.531250 0.875000
vt 0.531250 0.812500
vt 0.531250 0.750000
vt 0.531250 0.687500
vt 0.531250 0.625000
vt 0.531250 0.562500
vt 0.531250 0.500000
vt 0.531250 0.437500
vt 0.531250 0.375000
vt 0.531250 0.312500
vt 0.531250 0.250000
vt 0.531250 0.187500
vt 0.531250 0.125000
vt 0.531250 0.062500
vt 0.500000 0.937500
vt 0.500000 0.875000
vt 0.500000 0.812500
vt 0.500000 0.750000
vt 0.500000 0.687500
vt 0.500000 0.625000
vt 0.500000 0.562500
vt 0.500000 0.500000
vt 0.500000 0.437500
vt 0.500000 0.375000
vt 0.500000 0.312500
vt 0.500000 0.250000
vt 0.500000 0.187500
vt 0.500000 0.125000
vt 0.500000 0.062500
vt 0.468750 0.937500
vt 0.468750 0.875000
vt 0.468750 0.812500
vt 0.468750 0.750000
vt 0.468750 0.687500
vt 0.468750 0.625000
vt 0.468750 0.562500
vt 0.468750 0.500000
vt 0.468750 0.437500
vt 0.468750 0.375000
vt 0.468750 0.312500
vt 0.468750 0.250000
vt 0.468750 0.187500
vt 0.468750 0.125000
vt 0.468750 0.062500
vt 0.437500 0.937500
vt 0.437500 0.875000
vt 0.437500 0.812500
vt 0.437500 0.750000
vt 0.437500 0.687500
vt 0.437500 0.625000
vt 0.437500 0.562500
vt 0.437500 0.500000
vt 0.437500 0.437500
vt 0.437500 0.375000
vt 0.437500 0.312500
vt 0.437500 0.250000
vt 0.437500 0.187500
vt 0.437500 0.125000
vt 0.437500 0.062500
vt 0.406250 0.937500
vt 0.406250 0.875000
vt 0.406250 0.812500
vt 0.406250 0.750000
vt 0.406250 0.687500
vt 0.406250 0.625000
vt 0.406250 0.562500
vt 0.406250 0.500000
vt 0.406250 0.437500
vt 0.406250 0.375000
vt 0.406250 0.312500
vt 0.406250 0.250000
vt 0.406250 0.187500
vt 0.406250 0.125000
vt 0.406250 0.062500
vt 0.375000 0.937500
vt 0.375000 0.875000
vt 0.375000 0.812500
vt 0.375000 0.750000
vt 0.375000 0.687500
vt 0.375000 0.625000
vt 0.375000 0.562500
vt 0.375000 0.500000
vt 0.375000 0.437500
vt 0.375000 0.375000
vt 0.375000 0.312500
vt 0.375000 0.250000
vt 0.375000 0.187500
vt 0.375000 0.125000
vt 0.375000 0.062500
vt 0.343750 0.937500
vt 0.343750 0.875000
vt 0.343750 0.812500
vt 0.343750 0.750000
vt 0.343750 0.687500
vt 0.343750 0.625000
vt 0.343750 0.562500
vt 0.343750 0.500000
vt 0.343750 0.437500
vt 0.343750 0.375000
vt 0.343750 0.312500
vt 0.343750 0.250000
vt 0.343750 0.187500
vt 0.343750 0.125000
vt 0.343750 0.062500
vt 0.312500 0.937500
vt 0.312500 0.875000
vt 0.312500 0.812500
vt 0.312500 0.750000
vt 0.312500 0.687500
vt 0.312500 0.625000
vt 0.312500 0.562500
vt 0.312500 0.500000
vt 0.312500 0.437500
vt 0.312500 0.375000
vt 0.312500 0.312500
vt 0.312500 0.250000
vt 0.312500 0.187500
vt 0.312500 0.125000
vt 0.312500 0.062500
vt 0.281250 0.937500
vt 0.281250 0.875000
vt 0.281250 0.812500
vt 0.281250 0.750000
vt 0.281250 0.687500
vt 0.281250 0.625000
vt 0.281250 0.562500
vt 0.281250 0.500000
vt 0.281250 0.437500
vt 0.281250 0.375000
vt 0.281250 0.312500
vt 0.281250 0.250000
vt 0.281250 0.187500
vt 0.281250 0.125000
vt 0.281250 0.062500
vt 0.250000 0.937500
vt 0.250000 0.875000
vt 0.250000 0.812500
vt 0.250000 0.750000
vt 0.250000 0.687500
vt 0.250000 0.625000
vt 0.250000 0.562500
vt 0.250000 0.500000
vt 0.250000 0.437500
vt 0.250000 0.375000
vt 0.250000 0.312500
vt 0.250000 0.250000
vt 0.250000 0.187500
vt 0.250000 0.125000
vt 0.250000 0.062500
vt 0.218750 0.937500
vt 0.218750 0.875000
vt 0.218750 0.812500
vt 0.218750 0.750000
vt 0.218750 0.687500
vt 0.218750 0.625000
vt 0.218750 0.562500
vt 0.218750 0.500000
vt 0.218750 0.437500
vt 0.218750 0.375000
vt 0.218750 0.312500
vt 0.218750 0.250000
vt 0.218750 0.187500
vt 0.218750 0.125000
vt 0.218750 0.062500
vt 0.187500 0.937500
vt 0.187500 0.875000
vt 0.187500 0.812500
vt 0.187500 0.750000
vt 0.187500 0.687500
vt 0.187500 0.625000
vt 0.187500 0.562500
vt 0.187500 0.500000
vt 0.187500 0.437500
vt 0.187500 0.375000
vt 0.187500 0.312500
vt 0.187500 0.250000
vt 0.187500 0.187500
vt 0.187500 0.125000
vt 0.187500 0.062500
vt 0.156250 0.937500
vt 0.156250 0.875000
vt 0.156250 0.812500
vt 0.156250 0.750000
vt 0.156250 0.687500
vt 0.156250 0.625000
vt 0.156250 0.562500
vt 0.156250 0.500000
vt 0.156250 0.437500
vt 0.156250 0.375000
vt 0.156250 0.312500
vt 0.156250 0.250000
vt 0.156250 0.187500
vt 0.156250 0.125000
vt 0.156250 0.062500
vt 0.125000 0.937500
vt 0.125000 0.875000
vt 0.125000 0.812500
vt 0.125000 0.750000
vt 0.125000 0.687500
vt 0.125000 0.625000
vt 0.125000 0.562500
vt 0.125000 0.500000
vt 0.125000 0.437500
vt 0.125000 0.375000
vt 0.125000 0.312500
vt 0.125000 0.250000
vt 0.125000 0.187500
vt 0.125000 0.125000
vt 0.125000 0.062500
vt 0.734375 0.000000
vt 0.703125 0.000000
vt 0.671875 0.000000
vt 0.640625 0.000000
vt 0.609375 0.000000
vt 0.578125 0.000000
vt 0.546875 0.000000
vt 0.515625 0.000000
vt 0.484375 0.000000
vt 0.453125 0.000000
vt 0.421875 0.000000
vt 0.390625 0.000000
vt 0.359375 0.000000
vt 0.328125 0.000000
vt 0.296875 0.000000
vt 0.265625 0.000000
vt 0.234375 0.000000
vt 0.203125 0.000000
vt 0.171875 0.000000
vt 0.140625 0.000000
vt 0.109375 0.000000
vt 0.078125 0.000000
vt 0.046875 0.000000
vt 0.015625 0.000000
vt 0.984375 0.000000
vt 0.953125 0.000000
vt 0.921875 0.000000
vt 0.890625 0.000000
vt 0.859375 0.000000
vt 0.828125 0.000000
vt 0.796875 0.000000
vt 0.765625 0.000000
vt 0.093750 0.937500
vt 0.093750 0.875000
vt 0.093750 0.812500
vt 0.093750 0.750000
vt 0.093750 0.687500
vt 0.093750 0.625000
vt 0.093750 0.562500
vt 0.093750 0.500000
vt 0.093750 0.437500
vt 0.093750 0.375000
vt 0.093750 0.312500
vt 0.093750 0.250000
vt 0.093750 0.187500
vt 0.093750 0.125000
vt 0.093750 0.062500
vt 0.062500 0.937500
vt 0.062500 0.875000
vt 0.062500 0.812500
vt 0.062500 0.750000
vt 0.062500 0.687500
vt 0.062500 0.625000
vt 0.062500 0.562500
vt 0.062500 0.500000
vt 0.062500 0.437500
vt 0.062500 0.375000
vt 0.062500 0.312500
vt 0.062500 0.250000
vt 0.062500 0.187500
vt 0.062500 0.125000
vt 0.062500 0.062500
vt 0.031250 0.937500
vt 0.031250 0.875000
vt 0.031250 0.812500
vt 0.031250 0.750000
vt 0.031250 0.687500
vt 0.031250 0.625000
vt 0.031250 0.562500
vt 0.031250 0.500000
vt 0.031250 0.437500
vt 0.031250 0.375000
vt 0.031250 0.312500
vt 0.031250 0.250000
vt 0.031250 0.187500
vt 0.031250 0.125000
vt 0.031250 0.062500
vt 0.000000 0.937500
vt 1.000000 0.937500
vt 0.000000 0.875000
vt 1.000000 0.875000
vt 0.000000 0.812500
vt 1.000000 0.812500
vt 0.000000 0.750000
vt 1.000000 0.750000
vt 0.000000 0.687500
vt 1.000000 0.687500
vt 0.000000 0.625000
vt 1.000000 0.625000
vt 0.000000 0.562500
vt 1.000000 0.562500
vt 0.000000 0.500000
vt 1.000000 0.500000
vt 0.000000 0.437500
vt 1.000000 0.437500
vt 0.000000 0.375000
vt 1.000000 0.375000
vt 0.000000 0.312500
vt 1.000000 0.312500
vt 0.000000 0.250000
vt 1.000000 0.250000
vt 0.000000 0.187500
vt 1.000000 0.187500
vt 0.000000 0.125000
vt 1.000000 0.125000
vt 0.000000 0.062500
vt 1.000000 0.062500
vt 0.968750 0.937500
vt 0.968750 0.875000
vt 0.968750 0.812500
vt 0.968750 0.750000
vt 0.968750 0.687500
vt 0.968750 0.625000
vt 0.968750 0.562500
vt 0.968750 0.500000
vt 0.968750 0.437500
vt 0.968750 0.375000
vt 0.968750 0.312500
vt 0.968750 0.250000
vt 0.968750 0.187500
vt 0.968750 0.125000
vt 0.968750 0.062500
vt 0.937500 0.937500
vt 0.937500 0.875000
vt 0.937500 0.812500
vt 0.937500 0.750000
vt 0.937500 0.687500
vt 0.937500 0.625000
vt 0.937500 0.562500
vt 0.937500 0.500000
vt 0.937500 0.437500
vt 0.937500 0.375000
vt 0.937500 0.312500
vt 0.937500 0.250000
vt 0.937500 0.187500
vt 0.937500 0.125000
vt 0.937500 0.062500
vt 0.906250 0.937500
vt 0.906250 0.875000
vt 0.906250 0.812500
vt 0.906250 0.750000
vt 0.906250 0.687500
vt 0.906250 0.625000
vt 0.906250 0.562500
vt 0.906250 0.500000
vt 0.906250 0.437500
vt 0.906250 0.375000
vt 0.906250 0.312500
vt 0.906250 0.250000
vt 0.906250 0.187500
vt 0.906250 0.125000
vt 0.906250 0.062500
vt 0.875000 0.937500
vt 0.875000 0.875000
vt 0.875000 0.812500
vt 0.875000 0.750000
vt 0.875000 0.687500
vt 0.875000 0.625000
vt 0.875000 0.562500
vt 0.875000 0.500000
vt 0.875000 0.437500
vt 0.875000 0.375000
vt 0.875000 0.312500
vt 0.875000 0.250000
vt 0.875000 0.187500
vt 0.875000 0.125000
vt 0.875000 0.062500
vt 0.843750 0.937500
vt 0.843750 0.875000
vt 0.843750 0.812500
vt 0.843750 0.750000
vt 0.843750 0.687500
vt 0.843750 0.625000
vt 0.843750 0.562500
vt 0.843750 0.500000
vt 0.843750 0.437500
vt 0.843750 0.375000
vt 0.843750 0.312500
vt 0.843750 0.250000
vt 0.843750 0.187500
vt 0.843750 0.125000
vt 0.843750 0.062500
vt 0.812500 0.937500
vt 0.812500 0.875000
vt 0.812500 0.812500
vt 0.812500 0.750000
vt 0.812500 0.687500
vt 0.812500 0.625000
vt 0.812500 0.562500
vt 0.812500 0.500000
vt 0.812500 0.437500
vt 0.812500 0.375000
vt 0.812500 0.312500
vt 0.812500 0.250000
vt 0.812500 0.187500
vt 0.812500 0.125000
vt 0.812500 0.062500
vt 0.781250 0.937500
vt 0.781250 0.875000
vt 0.781250 0.812500
vt 0.781250 0.750000
vt 0.781250 0.687500
vt 0.781250 0.625000
vt 0.781250 0.562500
vt 0.781250 0.500000
vt 0.781250 0.437500
vt 0.781250 0.375000
vt 0.781250 0.312500
vt 0.781250 0.250000
vt 0.781250 0.187500
vt 0.781250 0.125000
vt 0.781250 0.062500
vt 0.750000 0.937500
vt 0.750000 0.875000
vt 0.750000 0.750000
vt 0.750000 0.625000
vt 0.750000 0.375000
vt 0.750000 0.250000
vt 0.750000 0.187500
vt 0.750000 0.125000
vt 0.750000 0.062500
vt 0.750000 0.812500
vt 0.750000 0.687500
vt 0.750000 0.562500
vt 0.750000 0.500000
vt 0.750000 0.437500
vt 0.750000 0.312500
vt 0.718750 0.937500
vt 0.718750 0.875000
vt 0.718750 0.812500
vt 0.718750 0.750000
vt 0.718750 0.687500
vt 0.718750 0.625000
vt 0.718750 0.562500
vt 0.718750 0.500000
vt 0.718750 0.437500
vt 0.718750 0.375000
vt 0.718750 0.312500
vt 0.718750 0.250000
vt 0.718750 0.187500
vt 0.718750 0.125000
vt 0.718750 0.062500
vt 0.687500 0.937500
vt 0.687500 0.875000
vt 0.687500 0.812500
vt 0.687500 0.750000
vt 0.687500 0.687500
vt 0.687500 0.625000
vt 0.687500 0.562500
vt 0.687500 0.500000
vt 0.687500 0.437500
vt 0.687500 0.375000
vt 0.687500 0.312500
vt 0.687500 0.250000
vt 0.687500 0.187500
vt 0.687500 0.125000
vt 0.687500 0.062500
vt 0.656250 0.937500
vt 0.656250 0.875000
vt 0.656250 0.812500
vt 0.656250 0.750000
vt 0.656250 0.687500
vt 0.656250 0.625000
vt 0.656250 0.562500
vt 0.656250 0.500000
vt 0.656250 0.437500
vt 0.656250 0.375000
vt 0.656250 0.312500
vt 0.656250 0.250000
vt 0.656250 0.187500
vt 0.656250 0.125000
vt 0.656250 0.062500
vt 0.625000 0.937500
vt 0.625000 0.875000
vt 0.625000 0.812500
vt 0.625000 0.750000
vt 0.625000 0.687500
vt 0.625000 0.625000
vt 0.625000 0.562500
vt 0.625000 0.500000
vt 0.625000 0.437500
vt 0.625000 0.375000
vt 0.625000 0.312500
vt 0.625000 0.250000
vt 0.625000 0.187500
vt 0.625000 0.125000
vt 0.625000 0.062500
vt 0.593750 0.937500
vt 0.593750 0.875000
vt 0.593750 0.812500
vt 0.593750 0.750000
vt 0.593750 0.687500
vt 0.593750 0.625000
vt 0.593750 0.562500
vt 0.593750 0.500000
vt 0.593750 0.437500
vt 0.593750 0.375000
vt 0.593750 0.312500
vt 0.593750 0.250000
vt 0.593750 0.187500
vt 0.593750 0.125000
vt 0.593750 0.062500
vt 0.734375 1.000000
vt 0.703125 1.000000
vt 0.671875 1.000000
vt 0.640625 1.000000
vt 0.609375 1.000000
vt 0.578125 1.000000
vt 0.546875 1.000000
vt 0.515625 1.000000
vt 0.484375 1.000000
vt 0.453125 1.000000
vt 0.421875 1.000000
vt 0.390625 1.000000
vt 0.359375 1.000000
vt 0.328125 1.000000
vt 0.296875 1.000000
vt 0.265625 1.000000
vt 0.234375 1.000000
vt 0.203125 1.000000
vt 0.171875 1.000000
vt 0.140625 1.000000
vt 0.109375 1.000000
vt 0.078125 1.000000
vt 0.046875 1.000000
vt 0.015625 1.000000
vt 0.984375 1.000000
vt 0.953125 1.000000
vt 0.921875 1.000000
vt 0.890625 1.000000
vt 0.859375 1.000000
vt 0.828125 1.000000
vt 0.796875 1.000000
vt 0.765625 1.000000
vt 0.562500 0.937500
vt 0.562500 0.875000
vt 0.562500 0.812500
vt 0.562500 0.750000
vt 0.562500 0.687500
vt 0.562500 0.625000
vt 0.562500 0.562500
vt 0.562500 0.500000
vt 0.562500 0.437500
vt 0.562500 0.375000
vt 0.562500 0.312500
vt 0.562500 0.250000
vt 0.562500 0.187500
vt 0.562500 0.125000
vt 0.562500 0.062500
vt 0.531250 0.937500
vt 0.531250 0.875000
vt 0.531250 0.812500
vt 0.531250 0.750000
vt 0.531250 0.687500
vt 0.531250 0.625000
vt 0.531250 0.562500
vt 0.531250 0.500000
vt 0.531250 0.437500
vt 0.531250 0.375000
vt 0.531250 0.312500
vt 0.531250 0.250000
vt 0.531250 0.187500
vt 0.531250 0.125000
vt 0.531250 0.062500
vt 0.500000 0.937500
vt 0.500000 0.875000
vt 0.500000 0.812500
vt 0.500000 0.750000
vt 0.500000 0.687500
vt 0.500000 0.625000
vt 0.500000 0.562500
vt 0.500000 0.500000
vt 0.500000 0.437500
vt 0.500000 0.375000
vt 0.500000 0.312500
vt 0.500000 0.250000
vt 0.500000 0.187500
vt 0.500000 0.125000
vt 0.500000 0.062500
vt 0.468750 0.937500
vt 0.468750 0.875000
vt 0.468750 0.812500
vt 0.468750 0.750000
vt 0.468750 0.687500
vt 0.468750 0.625000
vt 0.468750 0.562500
vt 0.468750 0.500000
vt 0.468750 0.437500
vt 0.468750 0.375000
vt 0.468750 0.312500
vt 0.468750 0.250000
vt 0.468750 0.187500
vt 0.468750 0.125000
vt 0.468750 0.062500
vt 0.437500 0.937500
vt 0.437500 0.875000
vt 0.437500 0.812500
vt 0.437500 0.750000
vt 0.437500 0.687500
vt 0.437500 0.625000
vt 0.437500 0.562500
vt 0.437500 0.500000
vt 0.437500 0.437500
vt 0.437500 0.375000
vt 0.437500 0.312500
vt 0.437500 0.250000
vt 0.437500 0.187500
vt 0.437500 0.125000
vt 0.437500 0.062500
vt 0.406250 0.937500
vt 0.406250 0.875000
vt 0.406250 0.812500
vt 0.406250 0.750000
vt 0.406250 0.687500
vt 0.406250 0.625000
vt 0.406250 0.562500
vt 0.406250 0.500000
vt 0.406250 0.437500
vt 0.406250 0.375000
vt 0.406250 0.312500
vt 0.406250 0.250000
vt 0.406250 0.187500
vt 0.406250 0.125000
vt 0.406250 0.062500
vt 0.375000 0.937500
vt 0.375000 0.875000
vt 0.375000 0.812500
vt 0.375000 0.750000
vt 0.375000 0.687500
vt 0.375000 0.625000
vt 0.375000 0.562500
vt 0.375000 0.500000
vt 0.375000 0.437500
vt 0.375000 0.375000
vt 0.375000 0.312500
vt 0.375000 0.250000
vt 0.375000 0.187500
vt 0.375000 0.125000
vt 0.375000 0.062500
vt 0.343750 0.937500
vt 0.343750 0.875000
vt 0.343750 0.812500
vt 0.343750 0.750000
vt 0.343750 0.687500
vt 0.343750 0.625000
vt 0.343750 0.562500
vt 0.343750 0.500000
vt 0.343750 0.437500
vt 0.343750 0.375000
vt 0.343750 0.312500
vt 0.343750 0.250000
vt 0.343750 0.187500
vt 0.343750 0.125000
vt 0.343750 0.062500
vt 0.312500 0.937500
vt 0.312500 0.875000
vt 0.312500 0.812500
vt 0.312500 0.750000
vt 0.312500 0.687500
vt 0.312500 0.625000
vt 0.312500 0.562500
vt 0.312500 0.500000
vt 0.312500 0.437500
vt 0.312500 0.375000
vt 0.312500 0.312500
vt 0.312500 0.250000
vt 0.312500 0.187500
vt 0.312500 0.125000
vt 0.312500 0.062500
vt 0.281250 0.937500
vt 0.281250 0.875000
vt 0.281250 0.812500
vt 0.281250 0.750000
vt 0.281250 0.687500
vt 0.281250 0.625000
vt 0.281250 0.562500
vt 0.281250 0.500000
vt 0.281250 0.437500
vt 0.281250 0.375000
vt 0.281250 0.312500
vt 0.281250 0.250000
vt 0.281250 0.187500
vt 0.281250 0.125000
vt 0.281250 0.062500
vt 0.250000 0.937500
vt 0.250000 0.875000
vt 0.250000 0.812500
vt 0.250000 0.750000
vt 0.250000 0.687500
vt 0.250000 0.625000
vt 0.250000 0.562500
vt 0.250000 0.500000
vt 0.250000 0.437500
vt 0.250000 0.375000
vt 0.250000 0.312500
vt 0.250000 0.250000
vt 0.250000 0.187500
vt 0.250000 0.125000
vt 0.250000 0.062500
vt 0.218750 0.937500
vt 0.218750 0.875000
vt 0.218750 0.812500
vt 0.218750 0.750000
vt 0.218750 0.687500
vt 0.218750 0.625000
vt 0.218750 0.562500
vt 0.218750 0.500000
vt 0.218750 0.437500
vt 0.218750 0.375000
vt 0.218750 0.312500
vt 0.218750 0.250000
vt 0.218750 0.187500
vt 0.218750 0.125000
vt 0.218750 0.062500
vt 0.187500 0.937500
vt 0.187500 0.875000
vt 0.187500 0.812500
vt 0.187500 0.750000
vt 0.187500 0.687500
vt 0.187500 0.625000
vt 0.187500 0.562500
vt 0.187500 0.500000
vt 0.187500 0.437500
vt 0.187500 0.375000
vt 0.187500 0.312500
vt 0.187500 0.250000
vt 0.187500 0.187500
vt 0.187500 0.125000
vt 0.187500 0.062500
vt 0.156250 0.937500
vt 0.156250 0.875000
vt 0.156250 0.812500
vt 0.156250 0.750000
vt 0.156250 0.687500
vt 0.156250 0.625000
vt 0.156250 0.562500
vt 0.156250 0.500000
vt 0.156250 0.437500
vt 0.156250 0.375000
vt 0.156250 0.312500
vt 0.156250 0.250000
vt 0.156250 0.187500
vt 0.156250 0.125000
vt 0.156250 0.062500
vt 0.125000 0.937500
vt 0.125000 0.875000
vt 0.125000 0.812500
vt 0.125000 0.750000
vt 0.125000 0.687500
vt 0.125000 0.625000
vt 0.125000 0.562500
vt 0.125000 0.500000
vt 0.125000 0.437500
vt 0.125000 0.375000
vt 0.125000 0.312500
vt 0.125000 0.250000
vt 0.125000 0.187500
vt 0.125000 0.125000
vt 0.125000 0.062500
vt 0.734375 0.000000
vt 0.703125 0.000000
vt 0.671875 0.000000
vt 0.640625 0.000000
vt 0.609375 0.000000
vt 0.578125 0.000000
vt 0.546875 0.000000
vt 0.515625 0.000000
vt 0.484375 0.000000
vt 0.453125 0.000000
vt 0.421875 0.000000
vt 0.390625 0.000000
vt 0.359375 0.000000
vt 0.328125 0.000000
vt 0.296875 0.000000
vt 0.265625 0.000000
vt 0.234375 0.000000
vt 0.203125 0.000000
vt 0.171875 0.000000
vt 0.140625 0.000000
vt 0.109375 0.000000
vt 0.078125 0.000000
vt 0.046875 0.000000
vt 0.015625 0.000000
vt 0.984375 0.000000
vt 0.953125 0.000000
vt 0.921875 0.000000
vt 0.890625 0.000000
vt 0.859375 0.000000
vt 0.828125 0.000000
vt 0.796875 0.000000
vt 0.765625 0.000000
vt 0.093750 0.937500
vt 0.093750 0.875000
vt 0.093750 0.812500
vt 0.093750 0.750000
vt 0.093750 0.687500
vt 0.093750 0.625000
vt 0.093750 0.562500
vt 0.093750 0.500000
vt 0.093750 0.437500
vt 0.093750 0.375000
vt 0.093750 0.312500
vt 0.093750 0.250000
vt 0.093750 0.187500
vt 0.093750 0.125000
vt 0.093750 0.062500
vt 0.062500 0.937500
vt 0.062500 0.875000
vt 0.062500 0.812500
vt 0.062500 0.750000
vt 0.062500 0.687500
vt 0.062500 0.625000
vt 0.062500 0.562500
vt 0.062500 0.500000
vt 0.062500 0.437500
vt 0.062500 0.375000
vt 0.062500 0.312500
vt 0.062500 0.250000
vt 0.062500 0.187500
vt 0.062500 0.125000
vt 0.062500 0.062500
vt 0.031250 0.937500
vt 0.031250 0.875000
vt 0.031250 0.812500
vt 0.031250 0.750000
vt 0.031250 0.687500
vt 0.031250 0.625000
vt 0.031250 0.562500
vt 0.031250 0.500000
vt 0.031250 0.437500
vt 0.031250 0.375000
vt 0.031250 0.312500
vt 0.031250 0.250000
vt 0.031250 0.187500
vt 0.031250 0.125000
vt 0.031250 0.062500
vt 0.000000 0.937500
vt 1.000000 0.937500
vt 0.000000 0.875000
vt 1.000000 0.875000
vt 0.000000 0.812500
vt 1.000000 0.812500
vt 0.000000 0.750000
vt 1.000000 0.750000
vt 0.000000 0.687500
vt 1.000000 0.687500
vt 0.000000 0.625000
vt 1.000000 0.625000
vt 0.000000 0.562500
vt 1.000000 0.562500
vt 0.000000 0.500000
vt 1.000000 0.500000
vt 0.000000 0.437500
vt 1.000000 0.437500
vt 0.000000 0.375000
vt 1.000000 0.375000
vt 0.000000 0.312500
vt 1.000000 0.312500
vt 0.000000 0.250000
vt 1.000000 0.250000
vt 0.000000 0.187500
vt 1.000000 0.187500
vt 0.000000 0.125000
vt 1.000000 0.125000
vt 0.000000 0.062500
vt 1.000000 0.062500
vt 0.968750 0.937500
vt 0.968750 0.875000
vt 0.968750 0.812500
vt 0.968750 0.750000
vt 0.968750 0.687500
vt 0.968750 0.625000
vt 0.968750 0.562500
vt 0.968750 0.500000
vt 0.968750 0.437500
vt 0.968750 0.375000
vt 0.968750 0.312500
vt 0.968750 0.250000
vt 0.968750 0.187500
vt 0.968750 0.125000
vt 0.968750 0.062500
vt 0.937500 0.937500
vt 0.937500 0.875000
vt 0.937500 0.812500
vt 0.937500 0.750000
vt 0.937500 0.687500
vt 0.937500 0.625000
vt 0.937500 0.562500
vt 0.937500 0.500000
vt 0.937500 0.437500
vt 0.937500 0.375000
vt 0.937500 0.312500
vt 0.937500 0.250000
vt 0.937500 0.187500
vt 0.937500 0.125000
vt 0.937500 0.062500
vt 0.906250 0.937500
vt 0.906250 0.875000
vt 0.906250 0.812500
vt 0.906250 0.750000
vt 0.906250 0.687500
vt 0.906250 0.625000
vt 0.906250 0.562500
vt 0.906250 0.500000
vt 0.906250 0.437500
vt 0.906250 0.375000
vt 0.906250 0.312500
vt 0.906250 0.250000
vt 0.906250 0.187500
vt 0.906250 0.125000
vt 0.906250 0.062500
vt 0.875000 0.937500
vt 0.875000 0.875000
vt 0.875000 0.812500
vt 0.875000 0.750000
vt 0.875000 0.687500
vt 0.875000 0.625000
vt 0.875000 0.562500
vt 0.875000 0.500000
vt 0.875000 0.437500
vt 0.875000 0.375000
vt 0.875000 0.312500
vt 0.875000 0.250000
vt 0.875000 0.187500
vt 0.875000 0.125000
vt 0.875000 0.062500
vt 0.843750 0.937500
vt 0.843750 0.875000
vt 0.843750 0.812500
vt 0.843750 0.750000
vt 0.843750 0.687500
vt 0.843750 0.625000
vt 0.843750 0.562500
vt 0.843750 0.500000
vt 0.843750 0.437500
vt 0.843750 0.375000
vt 0.843750 0.312500
vt 0.843750 0.250000
vt 0.843750 0.187500
vt 0.843750 0.125000
vt 0.843750 0.062500
vt 0.812500 0.937500
vt 0.812500 0.875000
vt 0.812500 0.812500
vt 0.812500 0.750000
vt 0.812500 0.687500
vt 0.812500 0.625000
vt 0.812500 0.562500
vt 0.812500 0.500000
vt 0.812500 0.437500
vt 0.812500 0.375000
vt 0.812500 0.312500
vt 0.812500 0.250000
vt 0.812500 0.187500
vt 0.812500 0.125000
vt 0.812500 0.062500
vt 0.781250 0.937500
vt 0.781250 0.875000
vt 0.781250 0.812500
vt 0.781250 0.750000
vt 0.781250 0.687500
vt 0.781250 0.625000
vt 0.781250 0.562500
vt 0.781250 0.500000
vt 0.781250 0.437500
vt 0.781250 0.375000
vt 0.781250 0.312500
vt 0.781250 0.250000
vt 0.781250 0.187500
vt 0.781250 0.125000
vt 0.781250 0.062500
vt 0.750000 0.937500
vt 0.750000 0.875000
vt 0.750000 0.750000
vt 0.750000 0.625000
vt 0.750000 0.375000
vt 0.750000 0.250000
vt 0.750000 0.187500
vt 0.750000 0.125000
vt 0.750000 0.062500
vt 1.000000 0.500000
vt 0.750000 0.490000
vt 0.000000 0.500000
vt 0.968750 1.000000
vt 0.937500 1.000000
vt 0.906250 1.000000
vt 0.875000 1.000000
vt 0.843750 1.000000
vt 0.812500 1.000000
vt 0.781250 1.000000
vt 0.750000 1.000000
vt 0.718750 1.000000
vt 0.687500 1.000000
vt 0.656250 1.000000
vt 0.625000 1.000000
vt 0.593750 1.000000
vt 0.562500 1.000000
vt 0.531250 1.000000
vt 0.500000 1.000000
vt 0.468750 1.000000
vt 0.437500 1.000000
vt 0.406250 1.000000
vt 0.375000 1.000000
vt 0.343750 1.000000
vt 0.312500 1.000000
vt 0.281250 1.000000
vt 0.250000 1.000000
vt 0.218750 1.000000
vt 0.187500 1.000000
vt 0.156250 1.000000
vt 0.125000 1.000000
vt 0.093750 1.000000
vt 0.062500 1.000000
vt 0.031250 1.000000
vt 0.000000 1.000000
vt 0.796822 0.485388
vt 0.968750 0.500000
vt 0.841844 0.471731
vt 0.937500 0.500000
vt 0.883337 0.449553
vt 0.906250 0.500000
vt 0.919706 0.419706
vt 0.875000 0.500000
vt 0.949553 0.383337
vt 0.843750 0.500000
vt 0.971731 0.341844
vt 0.812500 0.500000
vt 0.985388 0.296822
vt 0.781250 0.500000
vt 0.750000 0.500000
vt 0.990000 0.250000
vt 0.985388 0.203178
vt 0.718750 0.500000
vt 0.971731 0.158156
vt 0.687500 0.500000
vt 0.949553 0.116663
vt 0.656250 0.500000
vt 0.919706 0.080294
vt 0.625000 0.500000
vt 0.883337 0.050447
vt 0.593750 0.500000
vt 0.841844 0.028269
vt 0.562500 0.500000
vt 0.531250 0.500000
vt 0.796822 0.014612
vt 0.750000 0.010000
vt 0.500000 0.500000
vt 0.703178 0.014612
vt 0.468750 0.500000
vt 0.658156 0.028269
vt 0.437500 0.500000
vt 0.406250 0.500000
vt 0.616663 0.050447
vt 0.580294 0.080294
vt 0.375000 0.500000
vt 0.550447 0.116663
vt 0.343750 0.500000
vt 0.312500 0.500000
vt 0.528269 0.158156
vt 0.514612 0.203178
vt 0.281250 0.500000
vt 0.510000 0.250000
vt 0.250000 0.500000
vt 0.514612 0.296822
vt 0.218750 0.500000
vt 0.528269 0.341844
vt 0.187500 0.500000
vt 0.550447 0.383337
vt 0.156250 0.500000
vt 0.125000 0.500000
vt 0.580294 0.419706
vt 0.616663 0.449553
vt 0.093750 0.500000
vt 0.658156 0.471731
vt 0.062500 0.500000
vt 0.031250 0.500000
vt 0.703178 0.485388
vt 0.000000 0.583333
vt 1.000000 0.583333
vt 0.000000 0.666667
vt 1.000000 0.666667
vt 0.000000 0.750000
vt 1.000000 0.750000
vt 1.000000 0.833333
vt 0.000000 0.833333
vt 0.000000 0.916667
vt 1.000000 0.916667
vt 0.968750 0.916667
vt 0.968750 0.833333
vt 0.968750 0.750000
vt 0.968750 0.666667
vt 0.968750 0.583333
vt 0.937500 0.916667
vt 0.937500 0.833333
vt 0.937500 0.750000
vt 0.937500 0.666667
vt 0.937500 0.583333
vt 0.906250 0.916667
vt 0.906250 0.833333
vt 0.906250 0.750000
vt 0.906250 0.666667
vt 0.906250 0.583333
vt 0.875000 0.916667
vt 0.875000 0.833333
vt 0.875000 0.750000
vt 0.875000 0.666667
vt 0.875000 0.583333
vt 0.843750 0.916667
vt 0.843750 0.833333
vt 0.843750 0.750000
vt 0.843750 0.666667
vt 0.843750 0.583333
vt 0.812500 0.916667
vt 0.812500 0.833333
vt 0.812500 0.750000
vt 0.812500 0.666667
vt 0.812500 0.583333
vt 0.781250 0.916667
vt 0.781250 0.833333
vt 0.781250 0.750000
vt 0.781250 0.666667
vt 0.781250 0.583333
vt 0.750000 0.916667
vt 0.750000 0.833333
vt 0.750000 0.750000
vt 0.750000 0.666667
vt 0.750000 0.583333
vt 0.718750 0.916667
vt 0.718750 0.833333
vt 0.718750 0.750000
vt 0.718750 0.666667
vt 0.718750 0.583333
vt 0.687500 0.916667
vt 0.687500 0.833333
vt 0.687500 0.750000
vt 0.687500 0.666667
vt 0.687500 0.583333
vt 0.656250 0.916667
vt 0.656250 0.833333
vt 0.656250 0.750000
vt 0.656250 0.666667
vt 0.656250 0.583333
vt 0.625000 0.916667
vt 0.625000 0.833333
vt 0.625000 0.750000
vt 0.625000 0.666667
vt 0.625000 0.583333
vt 0.593750 0.916667
vt 0.593750 0.833333
vt 0.593750 0.750000
vt 0.593750 0.666667
vt 0.593750 0.583333
vt 0.562500 0.916667
vt 0.562500 0.833333
vt 0.562500 0.750000
vt 0.562500 0.666667
vt 0.562500 0.583333
vt 0.531250 0.916667
vt 0.531250 0.833333
vt 0.531250 0.750000
vt 0.531250 0.666667
vt 0.531250 0.583333
vt 0.500000 0.916667
vt 0.500000 0.833333
vt 0.500000 0.750000
vt 0.500000 0.666667
vt 0.500000 0.583333
vt 0.468750 0.916667
vt 0.468750 0.833333
vt 0.468750 0.750000
vt 0.468750 0.666667
vt 0.468750 0.583333
vt 0.437500 0.916667
vt 0.437500 0.833333
vt 0.437500 0.750000
vt 0.437500 0.666667
vt 0.437500 0.583333
vt 0.406250 0.916667
vt 0.406250 0.833333
vt 0.406250 0.750000
vt 0.406250 0.666667
vt 0.406250 0.583333
vt 0.375000 0.916667
vt 0.375000 0.833333
vt 0.375000 0.750000
vt 0.375000 0.666667
vt 0.375000 0.583333
vt 0.343750 0.916667
vt 0.343750 0.833333
vt 0.343750 0.750000
vt 0.343750 0.666667
vt 0.343750 0.583333
vt 0.312500 0.916667
vt 0.312500 0.833333
vt 0.312500 0.750000
vt 0.312500 0.666667
vt 0.312500 0.583333
vt 0.281250 0.916667
vt 0.281250 0.833333
vt 0.281250 0.750000
vt 0.281250 0.666667
vt 0.281250 0.583333
vt 0.250000 0.916667
vt 0.250000 0.833333
vt 0.250000 0.750000
vt 0.250000 0.666667
vt 0.250000 0.583333
vt 0.218750 0.916667
vt 0.218750 0.833333
vt 0.218750 0.750000
vt 0.218750 0.666667
vt 0.218750 0.583333
vt 0.187500 0.916667
vt 0.187500 0.833333
vt 0.187500 0.750000
vt 0.187500 0.666667
vt 0.187500 0.583333
vt 0.156250 0.916667
vt 0.156250 0.833333
vt 0.156250 0.750000
vt 0.156250 0.666667
vt 0.156250 0.583333
vt 0.125000 0.916667
vt 0.125000 0.833333
vt 0.125000 0.750000
vt 0.125000 0.666667
vt 0.125000 0.583333
vt 0.093750 0.916667
vt 0.093750 0.833333
vt 0.093750 0.750000
vt 0.093750 0.666667
vt 0.093750 0.583333
vt 0.062500 0.916667
vt 0.062500 0.833333
vt 0.062500 0.750000
vt 0.062500 0.666667
vt 0.062500 0.583333
vt 0.031250 0.916667
vt 0.031250 0.833333
vt 0.031250 0.750000
vt 0.031250 0.666667
vt 0.031250 0.583333
vt 1.000000 0.875000
vt 0.000000 0.875000
vt 0.968750 0.875000
vt 0.937500 0.875000
vt 0.906250 0.875000
vt 0.875000 0.875000
vt 0.843750 0.875000
vt 0.812500 0.875000
vt 0.781250 0.875000
vt 0.750000 0.875000
vt 0.718750 0.875000
vt 0.687500 0.875000
vt 0.656250 0.875000
vt 0.625000 0.875000
vt 0.593750 0.875000
vt 0.562500 0.875000
vt 0.531250 0.875000
vt 0.500000 0.875000
vt 0.468750 0.875000
vt 0.437500 0.875000
vt 0.406250 0.875000
vt 0.375000 0.875000
vt 0.343750 0.875000
vt 0.312500 0.875000
vt 0.281250 0.875000
vt 0.250000 0.875000
vt 0.218750 0.875000
vt 0.187500 0.875000
vt 0.156250 0.875000
vt 0.125000 0.875000
vt 0.093750 0.875000
vt 0.062500 0.875000
vt 0.031250 0.875000
vt 0.750000 0.833333
vt 0.718750 0.833333
vt 0.687500 0.833333
vt 0.656250 0.833333
vt 0.625000 0.833333
vt 0.593750 0.833333
vt 0.562500 0.833333
vt 0.531250 0.833333
vt 0.500000 0.833333
vt 0.468750 0.833333
vt 0.437500 0.833333
vt 0.406250 0.833333
vt 0.375000 0.833333
vt 0.343750 0.833333
vt 0.312500 0.833333
vt 0.281250 0.833333
vt 0.250000 0.833333
vt 0.750000 0.875000
vt 0.718750 0.875000
vt 0.687500 0.875000
vt 0.656250 0.875000
vt 0.625000 0.875000
vt 0.593750 0.875000
vt 0.562500 0.875000
vt 0.531250 0.875000
vt 0.500000 0.875000
vt 0.468750 0.875000
vt 0.437500 0.875000
vt 0.406250 0.875000
vt 0.375000 0.875000
vt 0.343750 0.875000
vt 0.312500 0.875000
vt 0.281250 0.875000
vt 0.250000 0.875000
s 0
f 286/326/1 11/11/1 287/327/1
f 287/327/2 12/12/2 288/328/2
f 68/68/3 352/425/3 77/77/3
f 288/328/4 13/13/4 289/329/4
f 291/331/5 6/6/5 2/2/5
f 185/185/6 289/329/6 13/13/6
f 3/3/7 6/6/7 7/7/7
f 3/3/8 8/8/8 285/325/8
f 285/325/9 9/9/9 4/4/9
f 4/4/10 10/10/10 286/326/10
f 9/9/11 19/19/11 10/10/11
f 10/10/12 20/20/12 11/11/12
f 11/11/13 21/21/13 12/12/13
f 186/217/14 329/402/14 195/226/14
f 12/12/15 22/22/15 13/13/15
f 5/5/16 15/15/16 6/6/16
f 185/186/17 13/13/17 22/22/17
f 7/7/18 15/15/18 16/16/18
f 8/8/19 16/16/19 17/17/19
f 9/9/20 17/17/20 18/18/20
f 185/187/21 22/22/21 31/31/21
f 16/16/22 24/24/22 25/25/22
f 16/16/23 26/26/23 17/17/23
f 18/18/24 26/26/24 27/27/24
f 18/18/25 28/28/25 19/19/25
f 20/20/26 28/28/26 29/29/26
f 20/20/27 30/30/27 21/21/27
f 59/59/28 342/415/28 68/68/28
f 22/22/29 30/30/29 31/31/29
f 292/332/30 24/24/30 15/15/30
f 29/29/31 37/37/31 38/38/31
f 30/30/32 38/38/32 39/39/32
f 176/176/33 336/409/33 186/217/33
f 30/30/34 40/40/34 31/31/34
f 24/24/35 294/334/35 33/33/35
f 185/188/36 31/31/36 40/40/36
f 24/24/37 34/34/37 25/25/37
f 25/25/38 35/35/38 26/26/38
f 27/27/39 35/35/39 36/36/39
f 27/27/40 37/37/40 28/28/40
f 33/33/41 43/43/41 34/34/41
f 34/34/42 44/44/42 35/35/42
f 36/36/43 44/44/43 45/45/43
f 36/36/44 46/46/44 37/37/44
f 38/38/45 46/46/45 47/47/45
f 38/38/46 48/48/46 39/39/46
f 50/50/47 353/426/47 59/59/47
f 40/40/48 48/48/48 49/49/48
f 33/33/49 295/335/49 42/42/49
f 185/189/50 40/40/50 49/49/50
f 47/47/51 55/55/51 56/56/51
f 47/47/52 57/57/52 48/48/52
f 167/167/53 331/404/53 176/176/53
f 49/49/54 57/57/54 58/58/54
f 42/42/55 296/336/55 51/51/55
f 185/190/56 49/49/56 58/58/56
f 42/42/57 52/52/57 43/43/57
f 43/43/58 53/53/58 44/44/58
f 45/45/59 53/53/59 54/54/59
f 45/45/60 55/55/60 46/46/60
f 52/52/61 62/62/61 53/53/61
f 54/54/62 62/62/62 63/63/62
f 54/54/63 64/64/63 55/55/63
f 56/56/64 64/64/64 65/65/64
f 56/56/65 66/66/65 57/57/65
f 41/41/66 343/416/66 50/50/66
f 58/58/67 66/66/67 67/67/67
f 51/51/68 297/337/68 60/60/68
f 185/191/69 58/58/69 67/67/69
f 51/51/70 61/61/70 52/52/70
f 65/65/71 75/75/71 66/66/71
f 158/158/72 347/420/72 167/167/72
f 66/66/73 76/76/73 67/67/73
f 60/60/74 298/338/74 69/69/74
f 185/192/75 67/67/75 76/76/75
f 60/60/76 70/70/76 61/61/76
f 61/61/77 71/71/77 62/62/77
f 63/63/78 71/71/78 72/72/78
f 63/63/79 73/73/79 64/64/79
f 65/65/80 73/73/80 74/74/80
f 72/72/81 80/80/81 81/81/81
f 72/72/82 82/82/82 73/73/82
f 74/74/83 82/82/83 83/83/83
f 75/75/84 83/83/84 84/84/84
f 321/362/85 324/396/85 1/1/85
f 76/76/86 84/84/86 85/85/86
f 69/69/87 299/339/87 78/78/87
f 185/193/88 76/76/88 85/85/88
f 69/69/89 79/79/89 70/70/89
f 70/70/90 80/80/90 71/71/90
f 32/32/91 344/417/91 41/41/91
f 84/84/92 94/94/92 85/85/92
f 78/78/93 300/340/93 87/87/93
f 185/194/94 85/85/94 94/94/94
f 78/78/95 88/88/95 79/79/95
f 79/79/96 89/89/96 80/80/96
f 81/81/97 89/89/97 90/90/97
f 81/81/98 91/91/98 82/82/98
f 83/83/99 91/91/99 92/92/99
f 83/83/100 93/93/100 84/84/100
f 90/90/101 98/98/101 99/99/101
f 90/90/102 100/100/102 91/91/102
f 92/92/103 100/100/103 101/101/103
f 92/92/104 102/102/104 93/93/104
f 149/149/105 332/405/105 158/158/105
f 94/94/106 102/102/106 103/103/106
f 87/87/107 301/341/107 96/96/107
f 185/195/108 94/94/108 103/103/108
f 87/87/109 97/97/109 88/88/109
f 88/88/110 98/98/110 89/89/110
f 103/103/111 111/111/111 112/112/111
f 96/96/112 302/342/112 105/105/112
f 185/196/113 103/103/113 112/112/113
f 96/96/114 106/106/114 97/97/114
f 97/97/115 107/107/115 98/98/115
f 99/99/116 107/107/116 108/108/116
f 99/99/117 109/109/117 100/100/117
f 101/101/118 109/109/118 110/110/118
f 101/101/119 111/111/119 102/102/119
f 320/361/120 330/403/120 321/362/120
f 108/108/121 118/118/121 109/109/121
f 110/110/122 118/118/122 119/119/122
f 110/110/123 120/120/123 111/111/123
f 23/23/124 354/427/124 32/32/124
f 111/111/125 121/121/125 112/112/125
f 105/105/126 303/343/126 114/114/126
f 185/197/127 112/112/127 121/121/127
f 105/105/128 115/115/128 106/106/128
f 106/106/129 116/116/129 107/107/129
f 108/108/130 116/116/130 117/117/130
f 114/114/131 304/344/131 123/123/131
f 185/198/132 121/121/132 130/130/132
f 114/114/133 124/124/133 115/115/133
f 115/115/134 125/125/134 116/116/134
f 117/117/135 125/125/135 126/126/135
f 117/117/136 127/127/136 118/118/136
f 119/119/137 127/127/137 128/128/137
f 120/120/138 128/128/138 129/129/138
f 140/140/139 346/419/139 149/149/139
f 120/120/140 130/130/140 121/121/140
f 126/126/141 136/136/141 127/127/141
f 128/128/142 136/136/142 137/137/142
f 129/129/143 137/137/143 138/138/143
f 258/298/144 325/397/144 320/361/144
f 130/130/145 138/138/145 139/139/145
f 123/123/146 305/345/146 132/132/146
f 185/199/147 130/130/147 139/139/147
f 123/123/148 133/133/148 124/124/148
f 124/124/149 134/134/149 125/125/149
f 126/126/150 134/134/150 135/135/150
f 185/200/151 139/139/151 148/148/151
f 132/132/152 142/142/152 133/133/152
f 133/133/153 143/143/153 134/134/153
f 135/135/154 143/143/154 144/144/154
f 135/135/155 145/145/155 136/136/155
f 137/137/156 145/145/156 146/146/156
f 138/138/157 146/146/157 147/147/157
f 14/14/158 345/418/158 23/23/158
f 138/138/159 148/148/159 139/139/159
f 132/132/160 306/346/160 141/141/160
f 146/146/161 154/154/161 155/155/161
f 147/147/162 155/155/162 156/156/162
f 131/131/163 333/406/163 140/140/163
f 147/147/164 157/157/164 148/148/164
f 141/141/165 307/347/165 150/150/165
f 185/201/166 148/148/166 157/157/166
f 141/141/167 151/151/167 142/142/167
f 142/142/168 152/152/168 143/143/168
f 144/144/169 152/152/169 153/153/169
f 144/144/170 154/154/170 145/145/170
f 151/151/171 161/161/171 152/152/171
f 153/153/172 161/161/172 162/162/172
f 153/153/173 163/163/173 154/154/173
f 155/155/174 163/163/174 164/164/174
f 155/155/175 165/165/175 156/156/175
f 249/289/176 337/410/176 258/298/176
f 156/156/177 166/166/177 157/157/177
f 150/150/178 308/348/178 159/159/178
f 185/202/179 157/157/179 166/166/179
f 150/150/180 160/160/180 151/151/180
f 164/164/181 174/174/181 165/165/181
f 290/330/182 351/424/182 14/14/182
f 166/166/183 174/174/183 175/175/183
f 159/159/184 309/349/184 168/168/184
f 185/203/185 166/166/185 175/175/185
f 159/159/186 169/169/186 160/160/186
f 160/160/187 170/170/187 161/161/187
f 162/162/188 170/170/188 171/171/188
f 162/162/189 172/172/189 163/163/189
f 164/164/190 172/172/190 173/173/190
f 169/169/191 179/179/191 170/170/191
f 171/171/192 179/179/192 180/180/192
f 171/171/193 181/181/193 172/172/193
f 173/173/194 181/181/194 182/182/194
f 173/173/195 183/183/195 174/174/195
f 122/122/196 348/421/196 131/131/196
f 174/174/197 184/184/197 175/175/197
f 168/168/198 310/350/198 177/177/198
f 185/204/199 175/175/199 184/184/199
f 168/168/200 178/178/200 169/169/200
f 182/182/201 193/224/201 183/183/201
f 240/280/202 326/398/202 249/289/202
f 183/183/203 194/225/203 184/184/203
f 177/177/204 311/351/204 187/218/204
f 185/205/205 184/184/205 194/225/205
f 177/177/206 188/219/206 178/178/206
f 178/178/207 189/220/207 179/179/207
f 180/180/208 189/220/208 190/221/208
f 180/180/209 191/222/209 181/181/209
f 182/182/210 191/222/210 192/223/210
f 190/221/211 198/229/211 199/230/211
f 190/221/212 200/231/212 191/222/212
f 192/223/213 200/231/213 201/232/213
f 192/223/214 202/233/214 193/224/214
f 1/1/215 323/395/215 290/330/215
f 193/224/216 203/234/216 194/225/216
f 187/218/217 312/352/217 196/227/217
f 185/206/218 194/225/218 203/234/218
f 187/218/219 197/228/219 188/219/219
f 188/219/220 198/229/220 189/220/220
f 113/113/221 334/407/221 122/122/221
f 203/234/222 211/242/222 212/243/222
f 196/227/223 313/353/223 205/236/223
f 185/207/224 203/234/224 212/243/224
f 196/227/225 206/237/225 197/228/225
f 197/228/226 207/238/226 198/229/226
f 199/230/227 207/238/227 208/239/227
f 199/230/228 209/240/228 200/231/228
f 201/232/229 209/240/229 210/241/229
f 201/232/230 211/242/230 202/233/230
f 208/239/231 216/250/231 217/252/231
f 208/239/232 218/254/232 209/240/232
f 210/241/233 218/254/233 219/256/233
f 210/241/234 220/258/234 211/242/234
f 231/271/235 338/411/235 240/280/235
f 211/242/236 221/261/236 212/243/236
f 205/236/237 314/354/237 214/246/237
f 185/208/238 212/243/238 221/261/238
f 205/236/239 215/248/239 206/237/239
f 206/237/240 216/250/240 207/238/240
f 220/259/241 230/270/241 221/260/241
f 214/247/242 315/356/242 223/263/242
f 185/209/243 221/260/243 230/270/243
f 214/247/244 224/264/244 215/249/244
f 215/249/245 225/265/245 216/251/245
f 217/253/246 225/265/246 226/266/246
f 217/253/247 227/267/247 218/255/247
f 219/257/248 227/267/248 228/268/248
f 219/257/249 229/269/249 220/259/249
f 104/104/250 349/422/250 113/113/250
f 226/266/251 236/276/251 227/267/251
f 228/268/252 236/276/252 237/277/252
f 228/268/253 238/278/253 229/269/253
f 222/262/254 327/399/254 231/271/254
f 229/269/255 239/279/255 230/270/255
f 223/263/256 316/357/256 232/272/256
f 185/210/257 230/270/257 239/279/257
f 223/263/258 233/273/258 224/264/258
f 224/264/259 234/274/259 225/265/259
f 226/266/260 234/274/260 235/275/260
f 185/211/261 239/279/261 248/288/261
f 232/272/262 242/282/262 233/273/262
f 233/273/263 243/283/263 234/274/263
f 235/275/264 243/283/264 244/284/264
f 235/275/265 245/285/265 236/276/265
f 237/277/266 245/285/266 246/286/266
f 237/277/267 247/287/267 238/278/267
f 95/95/268 335/408/268 104/104/268
f 238/278/269 248/288/269 239/279/269
f 232/272/270 317/358/270 241/281/270
f 246/286/271 254/294/271 255/295/271
f 246/286/272 256/296/272 247/287/272
f 213/244/273 339/412/273 222/262/273
f 247/287/274 257/297/274 248/288/274
f 241/281/275 318/359/275 250/290/275
f 185/212/276 248/288/276 257/297/276
f 241/281/277 251/291/277 242/282/277
f 242/282/278 252/292/278 243/283/278
f 244/284/279 252/292/279 253/293/279
f 244/284/280 254/294/280 245/285/280
f 250/290/281 260/300/281 251/291/281
f 251/291/282 261/301/282 252/292/282
f 253/293/283 261/301/283 262/302/283
f 253/293/284 263/303/284 254/294/284
f 255/295/285 263/303/285 264/304/285
f 255/295/286 265/305/286 256/296/286
f 86/86/287 350/423/287 95/95/287
f 256/296/288 266/306/288 257/297/288
f 250/290/289 319/360/289 259/299/289
f 185/213/290 257/297/290 266/306/290
f 264/304/291 272/312/291 273/313/291
f 264/304/292 274/314/292 265/305/292
f 204/235/293 328/401/293 213/245/293
f 266/306/294 274/314/294 275/315/294
f 259/299/295 267/307/295 268/308/295
f 185/214/296 266/306/296 275/315/296
f 259/299/297 269/309/297 260/300/297
f 260/300/298 270/310/298 261/301/298
f 262/302/299 270/310/299 271/311/299
f 262/302/300 272/312/300 263/303/300
f 269/309/301 279/319/301 270/310/301
f 271/311/302 279/319/302 280/320/302
f 271/311/303 281/321/303 272/312/303
f 273/313/304 281/321/304 282/322/304
f 274/314/305 282/322/305 283/323/305
f 77/77/306 341/414/306 86/86/306
f 274/314/307 284/324/307 275/315/307
f 268/308/308 276/316/308 277/317/308
f 185/215/309 275/315/309 284/324/309
f 268/308/310 278/318/310 269/309/310
f 282/322/311 288/328/311 283/323/311
f 195/226/312 340/413/312 204/235/312
f 283/323/313 289/329/313 284/324/313
f 277/317/314 291/331/314 2/2/314
f 185/216/315 284/324/315 289/329/315
f 277/317/316 3/3/316 278/318/316
f 278/318/317 285/325/317 279/319/317
f 279/319/318 4/4/318 280/320/318
f 280/320/319 286/326/319 281/321/319
f 282/322/320 286/326/320 287/327/320
f 1/1/321 5/5/321 291/331/321
f 14/14/322 5/5/322 290/330/322
f 23/23/323 292/332/323 14/14/323
f 23/23/324 294/334/324 293/333/324
f 41/41/325 294/334/325 32/32/325
f 41/41/326 296/336/326 295/335/326
f 50/50/327 297/337/327 296/336/327
f 68/68/328 297/337/328 59/59/328
f 77/77/329 298/338/329 68/68/329
f 86/86/330 299/339/330 77/77/330
f 95/95/331 300/340/331 86/86/331
f 104/104/332 301/341/332 95/95/332
f 113/113/333 302/342/333 104/104/333
f 113/113/334 304/344/334 303/343/334
f 131/131/335 304/344/335 122/122/335
f 140/140/336 305/345/336 131/131/336
f 140/140/337 307/347/337 306/346/337
f 158/158/338 307/347/338 149/149/338
f 158/158/339 309/349/339 308/348/339
f 167/167/340 310/350/340 309/349/340
f 186/217/341 310/350/341 176/176/341
f 186/217/342 312/352/342 311/351/342
f 204/235/343 312/352/343 195/226/343
f 213/245/344 313/353/344 204/235/344
f 222/262/345 314/355/345 213/244/345
f 231/271/346 315/356/346 222/262/346
f 240/280/347 316/357/347 231/271/347
f 240/280/348 318/359/348 317/358/348
f 258/298/349 318/359/349 249/289/349
f 258/298/350 267/307/350 319/360/350
f 320/361/351 276/316/351 267/307/351
f 1/1/352 276/316/352 321/362/352
f 324/396/321 322/363/321 323/395/321
f 323/395/322 322/364/322 351/424/322
f 351/424/323 322/365/323 345/418/323
f 345/418/324 322/366/324 354/427/324
f 354/427/325 322/367/325 344/417/325
f 344/417/326 322/368/326 343/416/326
f 343/416/327 322/369/327 353/426/327
f 353/426/328 322/370/328 342/415/328
f 342/415/329 322/371/329 352/425/329
f 352/425/330 322/372/330 341/414/330
f 341/414/331 322/373/331 350/423/331
f 350/423/332 322/374/332 335/408/332
f 335/408/333 322/375/333 349/422/333
f 349/422/334 322/376/334 334/407/334
f 334/407/335 322/377/335 348/421/335
f 348/421/336 322/378/336 333/406/336
f 333/406/337 322/379/337 346/419/337
f 346/419/338 322/380/338 332/405/338
f 332/405/339 322/381/339 347/420/339
f 347/420/340 322/382/340 331/404/340
f 331/404/341 322/383/341 336/409/341
f 336/409/342 322/384/342 329/402/342
f 329/402/343 322/385/343 340/413/343
f 340/413/344 322/386/344 328/401/344
f 328/400/345 322/387/345 339/412/345
f 339/412/346 322/388/346 327/399/346
f 327/399/347 322/389/347 338/411/347
f 338/411/348 322/390/348 326/398/348
f 326/398/349 322/391/349 337/410/349
f 337/410/350 322/392/350 325/397/350
f 325/397/351 322/393/351 330/403/351
f 330/403/352 322/394/352 324/396/352
f 829/979/353 361/434/353 362/435/353
f 359/432/354 370/443/354 832/982/354
f 355/428/355 362/435/355 363/436/355
f 832/982/356 371/444/356 360/433/356
f 830/980/357 363/436/357 364/437/357
f 360/433/358 372/445/358 833/983/358
f 830/980/359 365/438/359 356/429/359
f 833/983/360 373/446/360 834/984/360
f 831/981/361 365/438/361 366/439/361
f 834/984/362 374/447/362 835/985/362
f 357/430/363 366/439/363 367/440/363
f 835/985/364 375/448/364 836/986/364
f 358/431/365 367/440/365 368/441/365
f 828/978/366 436/509/366 361/434/366
f 662/766/367 836/986/367 375/448/367
f 358/431/368 369/442/368 359/432/368
f 367/440/369 383/456/369 368/441/369
f 361/434/370 436/510/370 376/449/370
f 662/767/371 375/448/371 390/463/371
f 369/442/372 383/456/372 384/457/372
f 361/434/373 377/450/373 362/435/373
f 370/443/374 384/457/374 385/458/374
f 362/435/375 378/451/375 363/436/375
f 371/444/376 385/458/376 386/459/376
f 363/436/377 379/452/377 364/437/377
f 372/445/378 386/459/378 387/460/378
f 364/437/379 380/453/379 365/438/379
f 373/446/380 387/460/380 388/461/380
f 365/438/381 381/454/381 366/439/381
f 374/447/382 388/461/382 389/462/382
f 367/440/383 381/454/383 382/455/383
f 374/447/384 390/463/384 375/448/384
f 386/459/385 402/475/385 387/460/385
f 379/452/386 395/468/386 380/453/386
f 388/461/387 402/475/387 403/476/387
f 381/454/388 395/468/388 396/469/388
f 389/462/389 403/476/389 404/477/389
f 381/454/390 397/470/390 382/455/390
f 390/463/391 404/477/391 405/478/391
f 382/455/392 398/471/392 383/456/392
f 376/449/393 436/511/393 391/464/393
f 662/768/394 390/463/394 405/478/394
f 384/457/395 398/471/395 399/472/395
f 376/449/396 392/465/396 377/450/396
f 384/457/397 400/473/397 385/458/397
f 378/451/398 392/465/398 393/466/398
f 385/458/399 401/474/399 386/459/399
f 379/452/400 393/466/400 394/467/400
f 662/769/401 405/478/401 420/493/401
f 398/471/402 414/487/402 399/472/402
f 391/464/403 407/480/403 392/465/403
f 400/473/404 414/487/404 415/488/404
f 392/465/405 408/481/405 393/466/405
f 400/473/406 416/489/406 401/474/406
f 393/466/407 409/482/407 394/467/407
f 401/474/408 417/490/408 402/475/408
f 394/467/409 410/483/409 395/468/409
f 403/476/410 417/490/410 418/491/410
f 395/468/411 411/484/411 396/469/411
f 403/476/412 419/492/412 404/477/412
f 397/470/413 411/484/413 412/485/413
f 405/478/414 419/492/414 420/493/414
f 397/470/415 413/486/415 398/471/415
f 391/464/416 436/512/416 406/479/416
f 417/490/417 433/506/417 418/491/417
f 410/483/418 426/499/418 411/484/418
f 419/492/419 433/506/419 434/507/419
f 412/485/420 426/499/420 427/500/420
f 419/492/421 435/508/421 420/493/421
f 412/485/422 428/501/422 413/486/422
f 406/479/423 436/513/423 421/494/423
f 662/770/424 420/493/424 435/508/424
f 413/486/425 429/502/425 414/487/425
f 406/479/426 422/495/426 407/480/426
f 414/487/427 430/503/427 415/488/427
f 408/481/428 422/495/428 423/496/428
f 416/489/429 430/503/429 431/504/429
f 408/481/430 424/497/430 409/482/430
f 416/489/431 432/505/431 417/490/431
f 409/482/432 425/498/432 410/483/432
f 421/494/433 438/542/433 422/495/433
f 429/502/434 446/550/434 430/503/434
f 422/495/435 439/543/435 423/496/435
f 430/503/436 447/551/436 431/504/436
f 423/496/437 440/544/437 424/497/437
f 431/504/438 448/552/438 432/505/438
f 425/498/439 440/544/439 441/545/439
f 432/505/440 449/553/440 433/506/440
f 425/498/441 442/546/441 426/499/441
f 434/507/442 449/553/442 450/554/442
f 427/500/443 442/546/443 443/547/443
f 435/508/444 450/554/444 451/555/444
f 428/501/445 443/547/445 444/548/445
f 421/494/446 436/514/446 437/541/446
f 662/771/447 435/508/447 451/555/447
f 428/501/448 445/549/448 429/502/448
f 441/545/449 457/561/449 442/546/449
f 450/554/450 464/568/450 465/569/450
f 442/546/451 458/562/451 443/547/451
f 450/554/452 466/570/452 451/555/452
f 444/548/453 458/562/453 459/563/453
f 437/541/454 436/515/454 452/556/454
f 662/772/455 451/555/455 466/570/455
f 445/549/456 459/563/456 460/564/456
f 437/541/457 453/557/457 438/542/457
f 445/549/458 461/565/458 446/550/458
f 438/542/459 454/558/459 439/543/459
f 447/551/460 461/565/460 462/566/460
f 439/543/461 455/559/461 440/544/461
f 447/551/462 463/567/462 448/552/462
f 440/544/463 456/560/463 441/545/463
f 448/552/464 464/568/464 449/553/464
f 460/564/465 476/580/465 461/565/465
f 453/557/466 469/573/466 454/558/466
f 462/566/467 476/580/467 477/581/467
f 454/558/468 470/574/468 455/559/468
f 462/566/469 478/582/469 463/567/469
f 456/560/470 470/574/470 471/575/470
f 464/568/471 478/582/471 479/583/471
f 456/560/472 472/576/472 457/561/472
f 465/569/473 479/583/473 480/584/473
f 457/561/474 473/577/474 458/562/474
f 465/569/475 481/585/475 466/570/475
f 458/562/476 474/578/476 459/563/476
f 452/556/477 436/516/477 467/571/477
f 662/773/478 466/570/478 481/585/478
f 459/563/479 475/579/479 460/564/479
f 452/556/480 468/572/480 453/557/480
f 480/584/481 494/598/481 495/599/481
f 473/577/482 487/591/482 488/592/482
f 480/584/483 496/600/483 481/585/483
f 474/578/484 488/592/484 489/593/484
f 467/571/485 436/517/485 482/586/485
f 662/774/486 481/585/486 496/600/486
f 475/579/487 489/593/487 490/594/487
f 467/571/488 483/587/488 468/572/488
f 476/580/489 490/594/489 491/595/489
f 469/573/490 483/587/490 484/588/490
f 477/581/491 491/595/491 492/596/491
f 469/573/492 485/589/492 470/574/492
f 477/581/493 493/597/493 478/582/493
f 470/574/494 486/590/494 471/575/494
f 478/582/495 494/598/495 479/583/495
f 471/575/496 487/591/496 472/576/496
f 483/587/497 499/603/497 484/588/497
f 492/596/498 506/610/498 507/611/498
f 484/588/499 500/604/499 485/589/499
f 492/596/500 508/612/500 493/597/500
f 486/590/501 500/604/501 501/605/501
f 493/597/502 509/613/502 494/598/502
f 486/590/503 502/606/503 487/591/503
f 495/599/504 509/613/504 510/614/504
f 488/592/505 502/606/505 503/607/505
f 495/599/506 511/615/506 496/600/506
f 488/592/507 504/608/507 489/593/507
f 482/586/508 436/518/508 497/601/508
f 662/775/509 496/600/509 511/615/509
f 490/594/510 504/608/510 505/609/510
f 482/586/511 498/602/511 483/587/511
f 490/594/512 506/610/512 491/595/512
f 502/606/513 518/622/513 503/607/513
f 511/615/514 525/629/514 526/630/514
f 504/608/515 518/622/515 519/623/515
f 497/601/516 436/519/516 512/616/516
f 662/776/517 511/615/517 526/630/517
f 504/608/518 520/624/518 505/609/518
f 497/601/519 513/617/519 498/602/519
f 505/609/520 521/625/520 506/610/520
f 498/602/521 514/618/521 499/603/521
f 507/611/522 521/625/522 522/626/522
f 499/603/523 515/619/523 500/604/523
f 508/612/524 522/626/524 523/627/524
f 501/605/525 515/619/525 516/620/525
f 509/613/526 523/627/526 524/628/526
f 501/605/527 517/621/527 502/606/527
f 510/614/528 524/628/528 525/629/528
f 522/626/529 536/640/529 537/641/529
f 514/618/530 530/634/530 515/619/530
f 522/626/531 538/642/531 523/627/531
f 516/620/532 530/634/532 531/635/532
f 523/627/533 539/643/533 524/628/533
f 516/620/534 532/636/534 517/621/534
f 524/628/535 540/644/535 525/629/535
f 518/622/536 532/636/536 533/637/536
f 525/629/537 541/645/537 526/630/537
f 519/623/538 533/637/538 534/638/538
f 512/616/539 436/520/539 527/631/539
f 662/777/540 526/630/540 541/645/540
f 519/623/541 535/639/541 520/624/541
f 513/617/542 527/631/542 528/632/542
f 520/624/543 536/640/543 521/625/543
f 514/618/544 528/632/544 529/633/544
f 540/644/545 556/660/545 541/645/545
f 534/638/546 548/652/546 549/653/546
f 527/631/547 436/521/547 542/646/547
f 662/778/548 541/645/548 556/660/548
f 534/638/549 550/654/549 535/639/549
f 527/631/550 543/647/550 528/632/550
f 536/640/551 550/654/551 551/655/551
f 528/632/552 544/648/552 529/633/552
f 536/640/553 552/656/553 537/641/553
f 530/634/554 544/648/554 545/649/554
f 538/642/555 552/656/555 553/657/555
f 531/635/556 545/649/556 546/650/556
f 539/643/557 553/657/557 554/658/557
f 531/635/558 547/651/558 532/636/558
f 540/644/559 554/658/559 555/659/559
f 533/637/560 547/651/560 548/652/560
f 552/656/561 568/672/561 553/657/561
f 546/650/562 560/664/562 561/665/562
f 553/657/563 569/673/563 554/658/563
f 546/650/564 562/666/564 547/651/564
f 554/658/565 570/674/565 555/659/565
f 548/652/566 562/666/566 563/667/566
f 555/659/567 571/675/567 556/660/567
f 549/653/568 563/667/568 564/668/568
f 542/646/569 436/522/569 557/661/569
f 662/779/570 556/660/570 571/675/570
f 549/653/571 565/669/571 550/654/571
f 542/646/572 558/662/572 543/647/572
f 550/654/573 566/670/573 551/655/573
f 543/647/574 559/663/574 544/648/574
f 551/655/575 567/671/575 552/656/575
f 544/648/576 560/664/576 545/649/576
f 557/661/577 436/523/577 572/676/577
f 662/780/578 571/675/578 586/690/578
f 564/668/579 580/684/579 565/669/579
f 557/661/580 573/677/580 558/662/580
f 565/669/581 581/685/581 566/670/581
f 559/663/582 573/677/582 574/678/582
f 567/671/583 581/685/583 582/686/583
f 559/663/584 575/679/584 560/664/584
f 567/671/585 583/687/585 568/672/585
f 560/664/586 576/680/586 561/665/586
f 569/673/587 583/687/587 584/688/587
f 561/665/588 577/681/588 562/666/588
f 570/674/589 584/688/589 585/689/589
f 563/667/590 577/681/590 578/682/590
f 570/674/591 586/690/591 571/675/591
f 563/667/592 579/683/592 564/668/592
f 575/679/593 591/695/593 576/680/593
f 584/688/594 598/702/594 599/703/594
f 576/680/595 592/696/595 577/681/595
f 584/688/596 600/704/596 585/689/596
f 578/682/597 592/696/597 593/697/597
f 586/690/598 600/704/598 601/705/598
f 579/683/599 593/697/599 594/698/599
f 572/676/600 436/524/600 587/691/600
f 662/781/601 586/690/601 601/705/601
f 580/684/602 594/698/602 595/699/602
f 572/676/603 588/692/603 573/677/603
f 580/684/604 596/700/604 581/685/604
f 573/677/605 589/693/605 574/678/605
f 582/686/606 596/700/606 597/701/606
f 574/678/607 590/694/607 575/679/607
f 582/686/608 598/702/608 583/687/608
f 594/698/609 610/714/609 595/699/609
f 588/692/610 602/706/610 603/707/610
f 595/699/611 611/715/611 596/700/611
f 589/693/612 603/707/612 604/708/612
f 597/701/613 611/715/613 612/716/613
f 590/694/614 604/708/614 605/709/614
f 597/701/615 613/717/615 598/702/615
f 591/695/616 605/709/616 606/710/616
f 598/702/617 614/718/617 599/703/617
f 591/695/618 607/711/618 592/696/618
f 599/703/619 615/719/619 600/704/619
f 593/697/620 607/711/620 608/712/620
f 600/704/621 616/720/621 601/705/621
f 594/698/622 608/712/622 609/713/622
f 587/691/623 436/525/623 602/706/623
f 662/782/624 601/705/624 616/720/624
f 614/718/625 628/732/625 629/733/625
f 606/710/626 622/726/626 607/711/626
f 615/719/627 629/733/627 630/734/627
f 608/712/628 622/726/628 623/727/628
f 615/719/629 631/735/629 616/720/629
f 609/713/630 623/727/630 624/728/630
f 602/706/631 436/526/631 617/721/631
f 662/783/632 616/720/632 631/735/632
f 609/713/633 625/729/633 610/714/633
f 602/706/634 618/722/634 603/707/634
f 610/714/635 626/730/635 611/715/635
f 603/707/636 619/723/636 604/708/636
f 611/715/637 627/731/637 612/716/637
f 604/708/638 620/724/638 605/709/638
f 612/716/639 628/732/639 613/717/639
f 605/709/640 621/725/640 606/710/640
f 618/722/641 632/736/641 633/737/641
f 625/729/642 641/745/642 626/730/642
f 619/723/643 633/737/643 634/738/643
f 627/731/644 641/745/644 642/746/644
f 619/723/645 635/739/645 620/724/645
f 628/732/646 642/746/646 643/747/646
f 621/725/647 635/739/647 636/740/647
f 629/733/648 643/747/648 644/748/648
f 621/725/649 637/741/649 622/726/649
f 629/733/650 645/749/650 630/734/650
f 623/727/651 637/741/651 638/742/651
f 631/735/652 645/749/652 646/750/652
f 624/728/653 638/742/653 639/743/653
f 617/721/654 436/527/654 632/736/654
f 662/784/655 631/735/655 646/750/655
f 624/728/656 640/744/656 625/729/656
f 636/740/657 652/756/657 637/741/657
f 644/748/658 660/764/658 645/749/658
f 638/742/659 652/756/659 653/757/659
f 645/749/660 661/765/660 646/750/660
f 639/743/661 653/757/661 654/758/661
f 632/736/662 436/528/662 647/751/662
f 662/785/663 646/750/663 661/765/663
f 639/743/664 655/759/664 640/744/664
f 633/737/665 647/751/665 648/752/665
f 640/744/666 656/760/666 641/745/666
f 634/738/667 648/752/667 649/753/667
f 641/745/668 657/761/668 642/746/668
f 634/738/669 650/754/669 635/739/669
f 642/746/670 658/762/670 643/747/670
f 636/740/671 650/754/671 651/755/671
f 644/748/672 658/762/672 659/763/672
f 655/759/673 672/807/673 656/760/673
f 648/752/674 665/800/674 649/753/674
f 656/760/675 673/808/675 657/761/675
f 649/753/676 666/801/676 650/754/676
f 658/762/677 673/808/677 674/809/677
f 651/755/678 666/801/678 667/802/678
f 659/763/679 674/809/679 675/810/679
f 652/756/680 667/802/680 668/803/680
f 660/764/681 675/810/681 676/811/681
f 653/757/682 668/803/682 669/804/682
f 661/765/683 676/811/683 677/812/683
f 653/757/684 670/805/684 654/758/684
f 647/751/685 436/529/685 663/798/685
f 662/786/686 661/765/686 677/812/686
f 654/758/687 671/806/687 655/759/687
f 647/751/688 664/799/688 648/752/688
f 675/810/689 691/826/689 676/811/689
f 669/804/690 683/818/690 684/819/690
f 676/811/691 692/827/691 677/812/691
f 670/805/692 684/819/692 685/820/692
f 663/798/693 436/530/693 678/813/693
f 662/787/694 677/812/694 692/827/694
f 671/806/695 685/820/695 686/821/695
f 664/799/696 678/813/696 679/814/696
f 671/806/697 687/822/697 672/807/697
f 664/799/698 680/815/698 665/800/698
f 673/808/699 687/822/699 688/823/699
f 665/800/700 681/816/700 666/801/700
f 673/808/701 689/824/701 674/809/701
f 666/801/702 682/817/702 667/802/702
f 674/809/703 690/825/703 675/810/703
f 667/802/704 683/818/704 668/803/704
f 688/823/705 702/837/705 703/838/705
f 680/815/706 696/831/706 681/816/706
f 689/824/707 703/838/707 704/839/707
f 682/817/708 696/831/708 697/832/708
f 690/825/709 704/839/709 705/840/709
f 682/817/710 698/833/710 683/818/710
f 691/826/711 705/840/711 706/841/711
f 684/819/712 698/833/712 699/834/712
f 692/827/713 706/841/713 707/842/713
f 685/820/714 699/834/714 700/835/714
f 678/813/715 436/531/715 693/828/715
f 662/788/716 692/827/716 707/842/716
f 685/820/717 701/836/717 686/821/717
f 678/813/718 694/829/718 679/814/718
f 686/821/719 702/837/719 687/822/719
f 679/814/720 695/830/720 680/815/720
f 707/842/721 721/869/721 722/871/721
f 699/834/722 715/857/722 700/835/722
f 693/828/723 436/532/723 708/843/723
f 662/789/724 707/842/724 722/871/724
f 700/835/725 716/859/725 701/836/725
f 693/828/726 709/845/726 694/829/726
f 701/836/727 717/861/727 702/837/727
f 695/830/728 709/845/728 710/847/728
f 702/837/729 718/863/729 703/838/729
f 695/830/730 711/849/730 696/831/730
f 703/838/731 719/865/731 704/839/731
f 697/832/732 711/849/732 712/851/732
f 704/839/733 720/867/733 705/840/733
f 697/832/734 713/853/734 698/833/734
f 705/840/735 721/869/735 706/841/735
f 699/834/736 713/853/736 714/855/736
f 710/848/737 726/876/737 711/850/737
f 719/866/738 733/883/738 734/884/738
f 711/850/739 727/877/739 712/852/739
f 719/866/740 735/885/740 720/868/740
f 712/852/741 728/878/741 713/854/741
f 720/868/742 736/886/742 721/870/742
f 714/856/743 728/878/743 729/879/743
f 722/872/744 736/886/744 737/887/744
f 714/856/745 730/880/745 715/858/745
f 708/844/746 436/533/746 723/873/746
f 662/790/747 722/872/747 737/887/747
f 715/858/748 731/881/748 716/860/748
f 709/846/749 723/873/749 724/874/749
f 716/860/750 732/882/750 717/862/750
f 710/848/751 724/874/751 725/875/751
f 718/864/752 732/882/752 733/883/752
f 730/880/753 744/894/753 745/895/753
f 723/873/754 436/534/754 738/888/754
f 662/791/755 737/887/755 752/902/755
f 730/880/756 746/896/756 731/881/756
f 723/873/757 739/889/757 724/874/757
f 731/881/758 747/897/758 732/882/758
f 724/874/759 740/890/759 725/875/759
f 733/883/760 747/897/760 748/898/760
f 725/875/761 741/891/761 726/876/761
f 733/883/762 749/899/762 734/884/762
f 727/877/763 741/891/763 742/892/763
f 734/884/764 750/900/764 735/885/764
f 727/877/765 743/893/765 728/878/765
f 736/886/766 750/900/766 751/901/766
f 729/879/767 743/893/767 744/894/767
f 737/887/768 751/901/768 752/902/768
f 748/898/769 764/914/769 749/899/769
f 742/892/770 756/906/770 757/907/770
f 750/900/771 764/914/771 765/915/771
f 742/892/772 758/908/772 743/893/772
f 750/900/773 766/916/773 751/901/773
f 744/894/774 758/908/774 759/909/774
f 751/901/775 767/917/775 752/902/775
f 745/895/776 759/909/776 760/910/776
f 738/888/777 436/535/777 753/903/777
f 662/792/778 752/902/778 767/917/778
f 745/895/779 761/911/779 746/896/779
f 739/889/780 753/903/780 754/904/780
f 746/896/781 762/912/781 747/897/781
f 739/889/782 755/905/782 740/890/782
f 747/897/783 763/913/783 748/898/783
f 740/890/784 756/906/784 741/891/784
f 753/903/785 436/536/785 768/918/785
f 662/793/786 767/917/786 782/932/786
f 760/910/787 776/926/787 761/911/787
f 753/903/788 769/919/788 754/904/788
f 762/912/789 776/926/789 777/927/789
f 754/904/790 770/920/790 755/905/790
f 762/912/791 778/928/791 763/913/791
f 755/905/792 771/921/792 756/906/792
f 763/913/793 779/929/793 764/914/793
f 757/907/794 771/921/794 772/922/794
f 765/915/795 779/929/795 780/930/795
f 757/907/796 773/923/796 758/908/796
f 765/915/797 781/931/797 766/916/797
f 759/909/798 773/923/798 774/924/798
f 767/917/799 781/931/799 782/932/799
f 760/910/800 774/924/800 775/925/800
f 772/922/801 786/936/801 787/937/801
f 780/930/802 794/944/802 795/945/802
f 772/922/803 788/938/803 773/923/803
f 780/930/804 796/946/804 781/931/804
f 774/924/805 788/938/805 789/939/805
f 782/932/806 796/946/806 797/947/806
f 775/925/807 789/939/807 790/940/807
f 768/918/808 436/537/808 783/933/808
f 662/794/809 782/932/809 797/947/809
f 776/926/810 790/940/810 791/941/810
f 769/919/811 783/933/811 784/934/811
f 776/926/812 792/942/812 777/927/812
f 769/919/813 785/935/813 770/920/813
f 778/928/814 792/942/814 793/943/814
f 770/920/815 786/936/815 771/921/815
f 778/928/816 794/944/816 779/929/816
f 791/941/817 805/955/817 806/956/817
f 784/934/818 798/948/818 799/949/818
f 791/941/819 807/957/819 792/942/819
f 785/935/820 799/949/820 800/950/820
f 793/943/821 807/957/821 808/958/821
f 786/936/822 800/950/822 801/951/822
f 794/944/823 808/958/823 809/959/823
f 787/937/824 801/951/824 802/952/824
f 794/944/825 810/960/825 795/945/825
f 787/937/826 803/953/826 788/938/826
f 795/945/827 811/961/827 796/946/827
f 788/938/828 804/954/828 789/939/828
f 796/946/829 812/962/829 797/947/829
f 790/940/830 804/954/830 805/955/830
f 783/933/831 436/538/831 798/948/831
f 662/795/832 797/947/832 812/962/832
f 810/960/833 824/974/833 825/975/833
f 802/952/834 818/968/834 803/953/834
f 811/961/835 825/975/835 826/976/835
f 804/954/836 818/968/836 819/969/836
f 812/962/837 826/976/837 827/977/837
f 805/955/838 819/969/838 820/970/838
f 798/948/839 436/539/839 813/963/839
f 662/796/840 812/962/840 827/977/840
f 806/956/841 820/970/841 821/971/841
f 798/948/842 814/964/842 799/949/842
f 806/956/843 822/972/843 807/957/843
f 800/950/844 814/964/844 815/965/844
f 807/957/845 823/973/845 808/958/845
f 800/950/846 816/966/846 801/951/846
f 808/958/847 824/974/847 809/959/847
f 801/951/848 817/967/848 802/952/848
f 821/971/849 832/982/849 822/972/849
f 815/965/850 829/979/850 355/428/850
f 823/973/851 832/982/851 360/433/851
f 816/966/852 355/428/852 830/980/852
f 823/973/853 833/983/853 824/974/853
f 817/967/854 830/980/854 356/429/854
f 825/975/855 833/983/855 834/984/855
f 818/968/856 356/429/856 831/981/856
f 825/975/857 835/985/857 826/976/857
f 819/969/858 831/981/858 357/430/858
f 827/977/859 835/985/859 836/986/859
f 820/970/860 357/430/860 358/431/860
f 813/963/861 436/540/861 828/978/861
f 662/797/862 827/977/862 836/986/862
f 820/970/863 359/432/863 821/971/863
f 814/964/864 828/978/864 829/979/864
f 1311/1538/865 843/993/865 844/994/865
f 1314/1541/866 851/1001/866 852/1002/866
f 837/987/867 844/994/867 845/995/867
f 1314/1541/868 853/1003/868 842/992/868
f 1312/1539/869 845/995/869 846/996/869
f 1315/1542/870 853/1003/870 854/1004/870
f 1312/1539/871 847/997/871 838/988/871
f 1315/1542/872 855/1005/872 1316/1543/872
f 1313/1540/873 847/997/873 848/998/873
f 1316/1543/874 856/1006/874 1317/1544/874
f 839/989/875 848/998/875 849/999/875
f 1317/1544/876 857/1007/876 1318/1545/876
f 839/989/877 850/1000/877 840/990/877
f 1310/1537/878 918/1068/878 843/993/878
f 1144/1325/879 1318/1545/879 857/1007/879
f 840/990/880 851/1001/880 841/991/880
f 849/999/881 865/1015/881 850/1000/881
f 843/993/882 918/1069/882 858/1008/882
f 1144/1326/883 857/1007/883 872/1022/883
f 851/1001/884 865/1015/884 866/1016/884
f 844/994/885 858/1008/885 859/1009/885
f 852/1002/886 866/1016/886 867/1017/886
f 844/994/887 860/1010/887 845/995/887
f 853/1003/888 867/1017/888 868/1018/888
f 846/996/889 860/1010/889 861/1011/889
f 854/1004/890 868/1018/890 869/1019/890
f 846/996/891 862/1012/891 847/997/891
f 855/1005/892 869/1019/892 870/1020/892
f 847/997/893 863/1013/893 848/998/893
f 856/1006/894 870/1020/894 871/1021/894
f 848/998/895 864/1014/895 849/999/895
f 857/1007/896 871/1021/896 872/1022/896
f 868/1018/897 884/1034/897 869/1019/897
f 862/1012/898 876/1026/898 877/1027/898
f 870/1020/899 884/1034/899 885/1035/899
f 863/1013/900 877/1027/900 878/1028/900
f 871/1021/901 885/1035/901 886/1036/901
f 863/1013/902 879/1029/902 864/1014/902
f 872/1022/903 886/1036/903 887/1037/903
f 865/1015/904 879/1029/904 880/1030/904
f 858/1008/905 918/1070/905 873/1023/905
f 1144/1327/906 872/1022/906 887/1037/906
f 866/1016/907 880/1030/907 881/1031/907
f 859/1009/908 873/1023/908 874/1024/908
f 867/1017/909 881/1031/909 882/1032/909
f 859/1009/910 875/1025/910 860/1010/910
f 868/1018/911 882/1032/911 883/1033/911
f 861/1011/912 875/1025/912 876/1026/912
f 1144/1328/913 887/1037/913 902/1052/913
f 880/1030/914 896/1046/914 881/1031/914
f 873/1023/915 889/1039/915 874/1024/915
f 881/1031/916 897/1047/916 882/1032/916
f 874/1024/917 890/1040/917 875/1025/917
f 882/1032/918 898/1048/918 883/1033/918
f 875/1025/919 891/1041/919 876/1026/919
f 883/1033/920 899/1049/920 884/1034/920
f 877/1027/921 891/1041/921 892/1042/921
f 884/1034/922 900/1050/922 885/1035/922
f 878/1028/923 892/1042/923 893/1043/923
f 885/1035/924 901/1051/924 886/1036/924
f 879/1029/925 893/1043/925 894/1044/925
f 886/1036/926 902/1052/926 887/1037/926
f 879/1029/927 895/1045/927 880/1030/927
f 873/1023/928 918/1071/928 888/1038/928
f 899/1049/929 915/1065/929 900/1050/929
f 892/1042/930 908/1058/930 893/1043/930
f 901/1051/931 915/1065/931 916/1066/931
f 894/1044/932 908/1058/932 909/1059/932
f 901/1051/933 917/1067/933 902/1052/933
f 895/1045/934 909/1059/934 910/1060/934
f 888/1038/935 918/1072/935 903/1053/935
f 1144/1329/936 902/1052/936 917/1067/936
f 895/1045/937 911/1061/937 896/1046/937
f 888/1038/938 904/1054/938 889/1039/938
f 896/1046/939 912/1062/939 897/1047/939
f 890/1040/940 904/1054/940 905/1055/940
f 898/1048/941 912/1062/941 913/1063/941
f 890/1040/942 906/1056/942 891/1041/942
f 898/1048/943 914/1064/943 899/1049/943
f 891/1041/944 907/1057/944 892/1042/944
f 903/1053/945 920/1101/945 904/1054/945
f 911/1061/946 928/1109/946 912/1062/946
f 904/1054/947 921/1102/947 905/1055/947
f 913/1063/948 928/1109/948 929/1110/948
f 905/1055/949 922/1103/949 906/1056/949
f 913/1063/950 930/1111/950 914/1064/950
f 907/1057/951 922/1103/951 923/1104/951
f 914/1064/952 931/1112/952 915/1065/952
f 907/1057/953 924/1105/953 908/1058/953
f 916/1066/954 931/1112/954 932/1113/954
f 909/1059/955 924/1105/955 925/1106/955
f 917/1067/956 932/1113/956 933/1114/956
f 910/1060/957 925/1106/957 926/1107/957
f 903/1053/958 918/1073/958 919/1100/958
f 1144/1330/959 917/1067/959 933/1114/959
f 910/1060/960 927/1108/960 911/1061/960
f 923/1104/961 939/1120/961 924/1105/961
f 932/1113/962 946/1127/962 947/1128/962
f 925/1106/963 939/1120/963 940/1121/963
f 932/1113/964 948/1129/964 933/1114/964
f 925/1106/965 941/1122/965 926/1107/965
f 919/1100/966 918/1074/966 934/1115/966
f 1144/1331/967 933/1114/967 948/1129/967
f 927/1108/968 941/1122/968 942/1123/968
f 919/1100/969 935/1116/969 920/1101/969
f 927/1108/970 943/1124/970 928/1109/970
f 920/1101/971 936/1117/971 921/1102/971
f 928/1109/972 944/1125/972 929/1110/972
f 921/1102/973 937/1118/973 922/1103/973
f 929/1110/974 945/1126/974 930/1111/974
f 922/1103/975 938/1119/975 923/1104/975
f 930/1111/976 946/1127/976 931/1112/976
f 942/1123/977 958/1139/977 943/1124/977
f 935/1116/978 951/1132/978 936/1117/978
f 944/1125/979 958/1139/979 959/1140/979
f 937/1118/980 951/1132/980 952/1133/980
f 945/1126/981 959/1140/981 960/1141/981
f 938/1119/982 952/1133/982 953/1134/982
f 946/1127/983 960/1141/983 961/1142/983
f 938/1119/984 954/1135/984 939/1120/984
f 947/1128/985 961/1142/985 962/1143/985
f 939/1120/986 955/1136/986 940/1121/986
f 947/1128/987 963/1144/987 948/1129/987
f 941/1122/988 955/1136/988 956/1137/988
f 934/1115/989 918/1075/989 949/1130/989
f 1144/1332/990 948/1129/990 963/1144/990
f 941/1122/991 957/1138/991 942/1123/991
f 934/1115/992 950/1131/992 935/1116/992
f 962/1143/993 976/1157/993 977/1158/993
f 955/1136/994 969/1150/994 970/1151/994
f 962/1143/995 978/1159/995 963/1144/995
f 955/1136/996 971/1152/996 956/1137/996
f 949/1130/997 918/1076/997 964/1145/997
f 1144/1333/998 963/1144/998 978/1159/998
f 957/1138/999 971/1152/999 972/1153/999
f 950/1131/1000 964/1145/1000 965/1146/1000
f 957/1138/1001 973/1154/1001 958/1139/1001
f 951/1132/1002 965/1146/1002 966/1147/1002
f 959/1140/1003 973/1154/1003 974/1155/1003
f 951/1132/1004 967/1148/1004 952/1133/1004
f 959/1140/1005 975/1156/1005 960/1141/1005
f 953/1134/1006 967/1148/1006 968/1149/1006
f 960/1141/1007 976/1157/1007 961/1142/1007
f 953/1134/1008 969/1150/1008 954/1135/1008
f 966/1147/1009 980/1161/1009 981/1162/1009
f 974/1155/1010 988/1169/1010 989/1170/1010
f 966/1147/1011 982/1163/1011 967/1148/1011
f 974/1155/1012 990/1171/1012 975/1156/1012
f 968/1149/1013 982/1163/1013 983/1164/1013
f 975/1156/1014 991/1172/1014 976/1157/1014
f 968/1149/1015 984/1165/1015 969/1150/1015
f 977/1158/1016 991/1172/1016 992/1173/1016
f 970/1151/1017 984/1165/1017 985/1166/1017
f 978/1159/1018 992/1173/1018 993/1174/1018
f 971/1152/1019 985/1166/1019 986/1167/1019
f 964/1145/1020 918/1077/1020 979/1160/1020
f 1144/1334/1021 978/1159/1021 993/1174/1021
f 971/1152/1022 987/1168/1022 972/1153/1022
f 964/1145/1023 980/1161/1023 965/1146/1023
f 972/1153/1024 988/1169/1024 973/1154/1024
f 984/1165/1025 1000/1181/1025 985/1166/1025
f 993/1174/1026 1007/1188/1026 1008/1189/1026
f 986/1167/1027 1000/1181/1027 1001/1182/1027
f 979/1160/1028 918/1078/1028 994/1175/1028
f 1144/1335/1029 993/1174/1029 1008/1189/1029
f 986/1167/1030 1002/1183/1030 987/1168/1030
f 979/1160/1031 995/1176/1031 980/1161/1031
f 988/1169/1032 1002/1183/1032 1003/1184/1032
f 980/1161/1033 996/1177/1033 981/1162/1033
f 989/1170/1034 1003/1184/1034 1004/1185/1034
f 982/1163/1035 996/1177/1035 997/1178/1035
f 990/1171/1036 1004/1185/1036 1005/1186/1036
f 983/1164/1037 997/1178/1037 998/1179/1037
f 991/1172/1038 1005/1186/1038 1006/1187/1038
f 983/1164/1039 999/1180/1039 984/1165/1039
f 992/1173/1040 1006/1187/1040 1007/1188/1040
f 1004/1185/1041 1018/1199/1041 1019/1200/1041
f 997/1178/1042 1011/1192/1042 1012/1193/1042
f 1004/1185/1043 1020/1201/1043 1005/1186/1043
f 998/1179/1044 1012/1193/1044 1013/1194/1044
f 1005/1186/1045 1021/1202/1045 1006/1187/1045
f 998/1179/1046 1014/1195/1046 999/1180/1046
f 1006/1187/1047 1022/1203/1047 1007/1188/1047
f 1000/1181/1048 1014/1195/1048 1015/1196/1048
f 1008/1189/1049 1022/1203/1049 1023/1204/1049
f 1001/1182/1050 1015/1196/1050 1016/1197/1050
f 994/1175/1051 918/1079/1051 1009/1190/1051
f 1144/1336/1052 1008/1189/1052 1023/1204/1052
f 1001/1182/1053 1017/1198/1053 1002/1183/1053
f 994/1175/1054 1010/1191/1054 995/1176/1054
f 1002/1183/1055 1018/1199/1055 1003/1184/1055
f 996/1177/1056 1010/1191/1056 1011/1192/1056
f 1022/1203/1057 1038/1219/1057 1023/1204/1057
f 1016/1197/1058 1030/1211/1058 1031/1212/1058
f 1009/1190/1059 918/1080/1059 1024/1205/1059
f 1144/1337/1060 1023/1204/1060 1038/1219/1060
f 1016/1197/1061 1032/1213/1061 1017/1198/1061
f 1009/1190/1062 1025/1206/1062 1010/1191/1062
f 1018/1199/1063 1032/1213/1063 1033/1214/1063
f 1010/1191/1064 1026/1207/1064 1011/1192/1064
f 1019/1200/1065 1033/1214/1065 1034/1215/1065
f 1011/1192/1066 1027/1208/1066 1012/1193/1066
f 1020/1201/1067 1034/1215/1067 1035/1216/1067
f 1012/1193/1068 1028/1209/1068 1013/1194/1068
f 1021/1202/1069 1035/1216/1069 1036/1217/1069
f 1013/1194/1070 1029/1210/1070 1014/1195/1070
f 1022/1203/1071 1036/1217/1071 1037/1218/1071
f 1015/1196/1072 1029/1210/1072 1030/1211/1072
f 1034/1215/1073 1050/1231/1073 1035/1216/1073
f 1027/1208/1074 1043/1224/1074 1028/1209/1074
f 1035/1216/1075 1051/1232/1075 1036/1217/1075
f 1028/1209/1076 1044/1225/1076 1029/1210/1076
f 1036/1217/1077 1052/1233/1077 1037/1218/1077
f 1030/1211/1078 1044/1225/1078 1045/1226/1078
f 1037/1218/1079 1053/1234/1079 1038/1219/1079
f 1031/1212/1080 1045/1226/1080 1046/1227/1080
f 1024/1205/1081 918/1081/1081 1039/1220/1081
f 1144/1338/1082 1038/1219/1082 1053/1234/1082
f 1031/1212/1083 1047/1228/1083 1032/1213/1083
f 1025/1206/1084 1039/1220/1084 1040/1221/1084
f 1032/1213/1085 1048/1229/1085 1033/1214/1085
f 1025/1206/1086 1041/1222/1086 1026/1207/1086
f 1033/1214/1087 1049/1230/1087 1034/1215/1087
f 1026/1207/1088 1042/1223/1088 1027/1208/1088
f 1039/1220/1089 918/1082/1089 1054/1235/1089
f 1144/1339/1090 1053/1234/1090 1068/1249/1090
f 1046/1227/1091 1062/1243/1091 1047/1228/1091
f 1039/1220/1092 1055/1236/1092 1040/1221/1092
f 1047/1228/1093 1063/1244/1093 1048/1229/1093
f 1041/1222/1094 1055/1236/1094 1056/1237/1094
f 1049/1230/1095 1063/1244/1095 1064/1245/1095
f 1042/1223/1096 1056/1237/1096 1057/1238/1096
f 1049/1230/1097 1065/1246/1097 1050/1231/1097
f 1042/1223/1098 1058/1239/1098 1043/1224/1098
f 1051/1232/1099 1065/1246/1099 1066/1247/1099
f 1043/1224/1100 1059/1240/1100 1044/1225/1100
f 1052/1233/1101 1066/1247/1101 1067/1248/1101
f 1045/1226/1102 1059/1240/1102 1060/1241/1102
f 1052/1233/1103 1068/1249/1103 1053/1234/1103
f 1045/1226/1104 1061/1242/1104 1046/1227/1104
f 1058/1239/1105 1072/1253/1105 1073/1254/1105
f 1065/1246/1106 1081/1262/1106 1066/1247/1106
f 1058/1239/1107 1074/1255/1107 1059/1240/1107
f 1066/1247/1108 1082/1263/1108 1067/1248/1108
f 1060/1241/1109 1074/1255/1109 1075/1256/1109
f 1068/1249/1110 1082/1263/1110 1083/1264/1110
f 1061/1242/1111 1075/1256/1111 1076/1257/1111
f 1054/1235/1112 918/1083/1112 1069/1250/1112
f 1144/1340/1113 1068/1249/1113 1083/1264/1113
f 1062/1243/1114 1076/1257/1114 1077/1258/1114
f 1055/1236/1115 1069/1250/1115 1070/1251/1115
f 1062/1243/1116 1078/1259/1116 1063/1244/1116
f 1056/1237/1117 1070/1251/1117 1071/1252/1117
f 1064/1245/1118 1078/1259/1118 1079/1260/1118
f 1056/1237/1119 1072/1253/1119 1057/1238/1119
f 1064/1245/1120 1080/1261/1120 1065/1246/1120
f 1076/1257/1121 1092/1273/1121 1077/1258/1121
f 1069/1250/1122 1085/1266/1122 1070/1251/1122
f 1077/1258/1123 1093/1274/1123 1078/1259/1123
f 1071/1252/1124 1085/1266/1124 1086/1267/1124
f 1079/1260/1125 1093/1274/1125 1094/1275/1125
f 1072/1253/1126 1086/1267/1126 1087/1268/1126
f 1079/1260/1127 1095/1276/1127 1080/1261/1127
f 1073/1254/1128 1087/1268/1128 1088/1269/1128
f 1081/1262/1129 1095/1276/1129 1096/1277/1129
f 1073/1254/1130 1089/1270/1130 1074/1255/1130
f 1082/1263/1131 1096/1277/1131 1097/1278/1131
f 1075/1256/1132 1089/1270/1132 1090/1271/1132
f 1082/1263/1133 1098/1279/1133 1083/1264/1133
f 1076/1257/1134 1090/1271/1134 1091/1272/1134
f 1069/1250/1135 918/1084/1135 1084/1265/1135
f 1144/1341/1136 1083/1264/1136 1098/1279/1136
f 1096/1277/1137 1110/1291/1137 1111/1292/1137
f 1088/1269/1138 1104/1285/1138 1089/1270/1138
f 1096/1277/1139 1112/1293/1139 1097/1278/1139
f 1090/1271/1140 1104/1285/1140 1105/1286/1140
f 1098/1279/1141 1112/1293/1141 1113/1294/1141
f 1091/1272/1142 1105/1286/1142 1106/1287/1142
f 1084/1265/1143 918/1085/1143 1099/1280/1143
f 1144/1342/1144 1098/1279/1144 1113/1294/1144
f 1091/1272/1145 1107/1288/1145 1092/1273/1145
f 1084/1265/1146 1100/1281/1146 1085/1266/1146
f 1092/1273/1147 1108/1289/1147 1093/1274/1147
f 1085/1266/1148 1101/1282/1148 1086/1267/1148
f 1093/1274/1149 1109/1290/1149 1094/1275/1149
f 1086/1267/1150 1102/1283/1150 1087/1268/1150
f 1094/1275/1151 1110/1291/1151 1095/1276/1151
f 1087/1268/1152 1103/1284/1152 1088/1269/1152
f 1100/1281/1153 1114/1295/1153 1115/1296/1153
f 1108/1289/1154 1122/1303/1154 1123/1304/1154
f 1101/1282/1155 1115/1296/1155 1116/1297/1155
f 1109/1290/1156 1123/1304/1156 1124/1305/1156
f 1101/1282/1157 1117/1298/1157 1102/1283/1157
f 1110/1291/1158 1124/1305/1158 1125/1306/1158
f 1103/1284/1159 1117/1298/1159 1118/1299/1159
f 1110/1291/1160 1126/1307/1160 1111/1292/1160
f 1103/1284/1161 1119/1300/1161 1104/1285/1161
f 1112/1293/1162 1126/1307/1162 1127/1308/1162
f 1105/1286/1163 1119/1300/1163 1120/1301/1163
f 1113/1294/1164 1127/1308/1164 1128/1309/1164
f 1106/1287/1165 1120/1301/1165 1121/1302/1165
f 1099/1280/1166 918/1086/1166 1114/1295/1166
f 1144/1343/1167 1113/1294/1167 1128/1309/1167
f 1106/1287/1168 1122/1303/1168 1107/1288/1168
f 1118/1299/1169 1134/1315/1169 1119/1300/1169
f 1126/1307/1170 1142/1323/1170 1127/1308/1170
f 1119/1300/1171 1135/1316/1171 1120/1301/1171
f 1127/1308/1172 1143/1324/1172 1128/1309/1172
f 1121/1302/1173 1135/1316/1173 1136/1317/1173
f 1114/1295/1174 918/1087/1174 1129/1310/1174
f 1144/1344/1175 1128/1309/1175 1143/1324/1175
f 1121/1302/1176 1137/1318/1176 1122/1303/1176
f 1114/1295/1177 1130/1311/1177 1115/1296/1177
f 1122/1303/1178 1138/1319/1178 1123/1304/1178
f 1116/1297/1179 1130/1311/1179 1131/1312/1179
f 1123/1304/1180 1139/1320/1180 1124/1305/1180
f 1117/1298/1181 1131/1312/1181 1132/1313/1181
f 1124/1305/1182 1140/1321/1182 1125/1306/1182
f 1117/1298/1183 1133/1314/1183 1118/1299/1183
f 1126/1307/1184 1140/1321/1184 1141/1322/1184
f 1137/1318/1185 1154/1366/1185 1138/1319/1185
f 1130/1311/1186 1147/1359/1186 1131/1312/1186
f 1138/1319/1187 1155/1367/1187 1139/1320/1187
f 1131/1312/1188 1148/1360/1188 1132/1313/1188
f 1140/1321/1189 1155/1367/1189 1156/1368/1189
f 1133/1314/1190 1148/1360/1190 1149/1361/1190
f 1141/1322/1191 1156/1368/1191 1157/1369/1191
f 1134/1315/1192 1149/1361/1192 1150/1362/1192
f 1141/1322/1193 1158/1370/1193 1142/1323/1193
f 1135/1316/1194 1150/1362/1194 1151/1363/1194
f 1143/1324/1195 1158/1370/1195 1159/1371/1195
f 1135/1316/1196 1152/1364/1196 1136/1317/1196
f 1129/1310/1197 918/1088/1197 1145/1357/1197
f 1144/1345/1198 1143/1324/1198 1159/1371/1198
f 1136/1317/1199 1153/1365/1199 1137/1318/1199
f 1129/1310/1200 1146/1358/1200 1130/1311/1200
f 1157/1369/1201 1173/1385/1201 1158/1370/1201
f 1151/1363/1202 1165/1377/1202 1166/1378/1202
f 1158/1370/1203 1174/1386/1203 1159/1371/1203
f 1152/1364/1204 1166/1378/1204 1167/1379/1204
f 1145/1357/1205 918/1089/1205 1160/1372/1205
f 1144/1346/1206 1159/1371/1206 1174/1386/1206
f 1152/1364/1207 1168/1380/1207 1153/1365/1207
f 1146/1358/1208 1160/1372/1208 1161/1373/1208
f 1153/1365/1209 1169/1381/1209 1154/1366/1209
f 1147/1359/1210 1161/1373/1210 1162/1374/1210
f 1155/1367/1211 1169/1381/1211 1170/1382/1211
f 1147/1359/1212 1163/1375/1212 1148/1360/1212
f 1155/1367/1213 1171/1383/1213 1156/1368/1213
f 1148/1360/1214 1164/1376/1214 1149/1361/1214
f 1156/1368/1215 1172/1384/1215 1157/1369/1215
f 1149/1361/1216 1165/1377/1216 1150/1362/1216
f 1170/1382/1217 1184/1396/1217 1185/1397/1217
f 1162/1374/1218 1178/1390/1218 1163/1375/1218
f 1170/1382/1219 1186/1398/1219 1171/1383/1219
f 1164/1376/1220 1178/1390/1220 1179/1391/1220
f 1172/1384/1221 1186/1398/1221 1187/1399/1221
f 1164/1376/1222 1180/1392/1222 1165/1377/1222
f 1173/1385/1223 1187/1399/1223 1188/1400/1223
f 1166/1378/1224 1180/1392/1224 1181/1393/1224
f 1173/1385/1225 1189/1401/1225 1174/1386/1225
f 1167/1379/1226 1181/1393/1226 1182/1394/1226
f 1160/1372/1227 918/1090/1227 1175/1387/1227
f 1144/1347/1228 1174/1386/1228 1189/1401/1228
f 1167/1379/1229 1183/1395/1229 1168/1380/1229
f 1160/1372/1230 1176/1388/1230 1161/1373/1230
f 1168/1380/1231 1184/1396/1231 1169/1381/1231
f 1162/1374/1232 1176/1388/1232 1177/1389/1232
f 1188/1400/1233 1204/1430/1233 1189/1401/1233
f 1181/1393/1234 1197/1416/1234 1182/1394/1234
f 1175/1387/1235 918/1091/1235 1190/1402/1235
f 1144/1348/1236 1189/1401/1236 1204/1430/1236
f 1182/1394/1237 1198/1418/1237 1183/1395/1237
f 1175/1387/1238 1191/1404/1238 1176/1388/1238
f 1183/1395/1239 1199/1420/1239 1184/1396/1239
f 1177/1389/1240 1191/1404/1240 1192/1406/1240
f 1184/1396/1241 1200/1422/1241 1185/1397/1241
f 1177/1389/1242 1193/1408/1242 1178/1390/1242
f 1185/1397/1243 1201/1424/1243 1186/1398/1243
f 1179/1391/1244 1193/1408/1244 1194/1410/1244
f 1186/1398/1245 1202/1426/1245 1187/1399/1245
f 1179/1391/1246 1195/1412/1246 1180/1392/1246
f 1187/1399/1247 1203/1428/1247 1188/1400/1247
f 1181/1393/1248 1195/1412/1248 1196/1414/1248
f 1192/1407/1249 1208/1435/1249 1193/1409/1249
f 1201/1425/1250 1215/1442/1250 1216/1443/1250
f 1193/1409/1251 1209/1436/1251 1194/1411/1251
f 1202/1427/1252 1216/1443/1252 1217/1444/1252
f 1194/1411/1253 1210/1437/1253 1195/1413/1253
f 1202/1427/1254 1218/1445/1254 1203/1429/1254
f 1196/1415/1255 1210/1437/1255 1211/1438/1255
f 1204/1431/1256 1218/1445/1256 1219/1446/1256
f 1197/1417/1257 1211/1438/1257 1212/1439/1257
f 1190/1403/1258 918/1092/1258 1205/1432/1258
f 1144/1349/1259 1204/1431/1259 1219/1446/1259
f 1197/1417/1260 1213/1440/1260 1198/1419/1260
f 1191/1405/1261 1205/1432/1261 1206/1433/1261
f 1199/1421/1262 1213/1440/1262 1214/1441/1262
f 1192/1407/1263 1206/1433/1263 1207/1434/1263
f 1200/1423/1264 1214/1441/1264 1215/1442/1264
f 1212/1439/1265 1226/1453/1265 1227/1454/1265
f 1205/1432/1266 918/1093/1266 1220/1447/1266
f 1144/1350/1267 1219/1446/1267 1234/1461/1267
f 1212/1439/1268 1228/1455/1268 1213/1440/1268
f 1206/1433/1269 1220/1447/1269 1221/1448/1269
f 1213/1440/1270 1229/1456/1270 1214/1441/1270
f 1206/1433/1271 1222/1449/1271 1207/1434/1271
f 1215/1442/1272 1229/1456/1272 1230/1457/1272
f 1207/1434/1273 1223/1450/1273 1208/1435/1273
f 1215/1442/1274 1231/1458/1274 1216/1443/1274
f 1209/1436/1275 1223/1450/1275 1224/1451/1275
f 1217/1444/1276 1231/1458/1276 1232/1459/1276
f 1209/1436/1277 1225/1452/1277 1210/1437/1277
f 1218/1445/1278 1232/1459/1278 1233/1460/1278
f 1211/1438/1279 1225/1452/1279 1226/1453/1279
f 1219/1446/1280 1233/1460/1280 1234/1461/1280
f 1230/1457/1281 1246/1473/1281 1231/1458/1281
f 1224/1451/1282 1238/1465/1282 1239/1466/1282
f 1232/1459/1283 1246/1473/1283 1247/1474/1283
f 1224/1451/1284 1240/1467/1284 1225/1452/1284
f 1232/1459/1285 1248/1475/1285 1233/1460/1285
f 1226/1453/1286 1240/1467/1286 1241/1468/1286
f 1233/1460/1287 1249/1476/1287 1234/1461/1287
f 1227/1454/1288 1241/1468/1288 1242/1469/1288
f 1220/1447/1289 918/1094/1289 1235/1462/1289
f 1144/1351/1290 1234/1461/1290 1249/1476/1290
f 1228/1455/1291 1242/1469/1291 1243/1470/1291
f 1221/1448/1292 1235/1462/1292 1236/1463/1292
f 1228/1455/1293 1244/1471/1293 1229/1456/1293
f 1221/1448/1294 1237/1464/1294 1222/1449/1294
f 1229/1456/1295 1245/1472/1295 1230/1457/1295
f 1222/1449/1296 1238/1465/1296 1223/1450/1296
f 1235/1462/1297 918/1095/1297 1250/1477/1297
f 1144/1352/1298 1249/1476/1298 1264/1491/1298
f 1242/1469/1299 1258/1485/1299 1243/1470/1299
f 1236/1463/1300 1250/1477/1300 1251/1478/1300
f 1243/1470/1301 1259/1486/1301 1244/1471/1301
f 1236/1463/1302 1252/1479/1302 1237/1464/1302
f 1245/1472/1303 1259/1486/1303 1260/1487/1303
f 1237/1464/1304 1253/1480/1304 1238/1465/1304
f 1245/1472/1305 1261/1488/1305 1246/1473/1305
f 1238/1465/1306 1254/1481/1306 1239/1466/1306
f 1247/1474/1307 1261/1488/1307 1262/1489/1307
f 1239/1466/1308 1255/1482/1308 1240/1467/1308
f 1247/1474/1309 1263/1490/1309 1248/1475/1309
f 1241/1468/1310 1255/1482/1310 1256/1483/1310
f 1249/1476/1311 1263/1490/1311 1264/1491/1311
f 1241/1468/1312 1257/1484/1312 1242/1469/1312
f 1254/1481/1313 1268/1495/1313 1269/1496/1313
f 1262/1489/1314 1276/1503/1314 1277/1504/1314
f 1254/1481/1315 1270/1497/1315 1255/1482/1315
f 1262/1489/1316 1278/1505/1316 1263/1490/1316
f 1256/1483/1317 1270/1497/1317 1271/1498/1317
f 1264/1491/1318 1278/1505/1318 1279/1506/1318
f 1257/1484/1319 1271/1498/1319 1272/1499/1319
f 1250/1477/1320 918/1096/1320 1265/1492/1320
f 1144/1353/1321 1264/1491/1321 1279/1506/1321
f 1258/1485/1322 1272/1499/1322 1273/1500/1322
f 1251/1478/1323 1265/1492/1323 1266/1493/1323
f 1258/1485/1324 1274/1501/1324 1259/1486/1324
f 1251/1478/1325 1267/1494/1325 1252/1479/1325
f 1259/1486/1326 1275/1502/1326 1260/1487/1326
f 1252/1479/1327 1268/1495/1327 1253/1480/1327
f 1260/1487/1328 1276/1503/1328 1261/1488/1328
f 1272/1499/1329 1288/1515/1329 1273/1500/1329
f 1266/1493/1330 1280/1507/1330 1281/1508/1330
f 1273/1500/1331 1289/1516/1331 1274/1501/1331
f 1267/1494/1332 1281/1508/1332 1282/1509/1332
f 1275/1502/1333 1289/1516/1333 1290/1517/1333
f 1267/1494/1334 1283/1510/1334 1268/1495/1334
f 1276/1503/1335 1290/1517/1335 1291/1518/1335
f 1269/1496/1336 1283/1510/1336 1284/1511/1336
f 1277/1504/1337 1291/1518/1337 1292/1519/1337
f 1269/1496/1338 1285/1512/1338 1270/1497/1338
f 1277/1504/1339 1293/1520/1339 1278/1505/1339
f 1271/1498/1340 1285/1512/1340 1286/1513/1340
f 1278/1505/1341 1294/1521/1341 1279/1506/1341
f 1271/1498/1342 1287/1514/1342 1272/1499/1342
f 1265/1492/1343 918/1097/1343 1280/1507/1343
f 1144/1354/1344 1279/1506/1344 1294/1521/1344
f 1291/1518/1345 1307/1534/1345 1292/1519/1345
f 1284/1511/1346 1300/1527/1346 1285/1512/1346
f 1293/1520/1347 1307/1534/1347 1308/1535/1347
f 1286/1513/1348 1300/1527/1348 1301/1528/1348
f 1293/1520/1349 1309/1536/1349 1294/1521/1349
f 1287/1514/1350 1301/1528/1350 1302/1529/1350
f 1280/1507/1351 918/1098/1351 1295/1522/1351
f 1144/1355/1352 1294/1521/1352 1309/1536/1352
f 1288/1515/1353 1302/1529/1353 1303/1530/1353
f 1280/1507/1354 1296/1523/1354 1281/1508/1354
f 1288/1515/1355 1304/1531/1355 1289/1516/1355
f 1282/1509/1356 1296/1523/1356 1297/1524/1356
f 1289/1516/1357 1305/1532/1357 1290/1517/1357
f 1282/1509/1358 1298/1525/1358 1283/1510/1358
f 1290/1517/1359 1306/1533/1359 1291/1518/1359
f 1283/1510/1360 1299/1526/1360 1284/1511/1360
f 1303/1530/1361 1314/1541/1361 1304/1531/1361
f 1297/1524/1362 1311/1538/1362 837/987/1362
f 1305/1532/1363 1314/1541/1363 842/992/1363
f 1298/1525/1364 837/987/1364 1312/1539/1364
f 1306/1533/1365 842/992/1365 1315/1542/1365
f 1299/1526/1366 1312/1539/1366 838/988/1366
f 1307/1534/1367 1315/1542/1367 1316/1543/1367
f 1300/1527/1368 838/988/1368 1313/1540/1368
f 1307/1534/1369 1317/1544/1369 1308/1535/1369
f 1301/1528/1370 1313/1540/1370 839/989/1370
f 1309/1536/1371 1317/1544/1371 1318/1545/1371
f 1302/1529/1372 839/989/1372 840/990/1372
f 1295/1522/1373 918/1099/1373 1310/1537/1373
f 1144/1356/1374 1309/1536/1374 1318/1545/1374
f 1302/1529/1375 841/991/1375 1303/1530/1375
f 1296/1523/1376 1310/1537/1376 1311/1538/1376
f 1792/2096/1377 1326/1553/1377 1793/2097/1377
f 1323/1550/1378 1334/1561/1378 1796/2100/1378
f 1319/1546/1379 1326/1553/1379 1327/1554/1379
f 1796/2100/1380 1335/1562/1380 1324/1551/1380
f 1794/2098/1381 1327/1554/1381 1328/1555/1381
f 1797/2101/1382 1335/1562/1382 1336/1563/1382
f 1794/2098/1383 1329/1556/1383 1320/1547/1383
f 1797/2101/1384 1337/1564/1384 1798/2102/1384
f 1795/2099/1385 1329/1556/1385 1330/1557/1385
f 1798/2102/1386 1338/1565/1386 1799/2103/1386
f 1321/1548/1387 1330/1557/1387 1331/1558/1387
f 1799/2103/1388 1339/1566/1388 1800/2104/1388
f 1322/1549/1389 1331/1558/1389 1332/1559/1389
f 1792/2096/1390 1400/1627/1390 1325/1552/1390
f 1626/1884/1391 1800/2104/1391 1339/1566/1391
f 1323/1550/1392 1332/1559/1392 1333/1560/1392
f 1331/1558/1393 1347/1574/1393 1332/1559/1393
f 1325/1552/1394 1400/1628/1394 1340/1567/1394
f 1626/1885/1395 1339/1566/1395 1354/1581/1395
f 1332/1559/1396 1348/1575/1396 1333/1560/1396
f 1326/1553/1397 1340/1567/1397 1341/1568/1397
f 1334/1561/1398 1348/1575/1398 1349/1576/1398
f 1327/1554/1399 1341/1568/1399 1342/1569/1399
f 1335/1562/1400 1349/1576/1400 1350/1577/1400
f 1327/1554/1401 1343/1570/1401 1328/1555/1401
f 1336/1563/1402 1350/1577/1402 1351/1578/1402
f 1329/1556/1403 1343/1570/1403 1344/1571/1403
f 1337/1564/1404 1351/1578/1404 1352/1579/1404
f 1329/1556/1405 1345/1572/1405 1330/1557/1405
f 1338/1565/1406 1352/1579/1406 1353/1580/1406
f 1331/1558/1407 1345/1572/1407 1346/1573/1407
f 1339/1566/1408 1353/1580/1408 1354/1581/1408
f 1350/1577/1409 1366/1593/1409 1351/1578/1409
f 1344/1571/1410 1358/1585/1410 1359/1586/1410
f 1352/1579/1411 1366/1593/1411 1367/1594/1411
f 1344/1571/1412 1360/1587/1412 1345/1572/1412
f 1353/1580/1413 1367/1594/1413 1368/1595/1413
f 1345/1572/1414 1361/1588/1414 1346/1573/1414
f 1354/1581/1415 1368/1595/1415 1369/1596/1415
f 1347/1574/1416 1361/1588/1416 1362/1589/1416
f 1340/1567/1417 1400/1629/1417 1355/1582/1417
f 1626/1886/1418 1354/1581/1418 1369/1596/1418
f 1347/1574/1419 1363/1590/1419 1348/1575/1419
f 1341/1568/1420 1355/1582/1420 1356/1583/1420
f 1349/1576/1421 1363/1590/1421 1364/1591/1421
f 1342/1569/1422 1356/1583/1422 1357/1584/1422
f 1349/1576/1423 1365/1592/1423 1350/1577/1423
f 1343/1570/1424 1357/1584/1424 1358/1585/1424
f 1626/1887/1425 1369/1596/1425 1384/1611/1425
f 1362/1589/1426 1378/1605/1426 1363/1590/1426
f 1355/1582/1427 1371/1598/1427 1356/1583/1427
f 1363/1590/1428 1379/1606/1428 1364/1591/1428
f 1356/1583/1429 1372/1599/1429 1357/1584/1429
f 1364/1591/1430 1380/1607/1430 1365/1592/1430
f 1357/1584/1431 1373/1600/1431 1358/1585/1431
f 1366/1593/1432 1380/1607/1432 1381/1608/1432
f 1358/1585/1433 1374/1601/1433 1359/1586/1433
f 1366/1593/1434 1382/1609/1434 1367/1594/1434
f 1360/1587/1435 1374/1601/1435 1375/1602/1435
f 1367/1594/1436 1383/1610/1436 1368/1595/1436
f 1360/1587/1437 1376/1603/1437 1361/1588/1437
f 1368/1595/1438 1384/1611/1438 1369/1596/1438
f 1361/1588/1439 1377/1604/1439 1362/1589/1439
f 1355/1582/1440 1400/1630/1440 1370/1597/1440
f 1381/1608/1441 1397/1624/1441 1382/1609/1441
f 1374/1601/1442 1390/1617/1442 1375/1602/1442
f 1383/1610/1443 1397/1624/1443 1398/1625/1443
f 1376/1603/1444 1390/1617/1444 1391/1618/1444
f 1383/1610/1445 1399/1626/1445 1384/1611/1445
f 1376/1603/1446 1392/1619/1446 1377/1604/1446
f 1370/1597/1447 1400/1631/1447 1385/1612/1447
f 1626/1888/1448 1384/1611/1448 1399/1626/1448
f 1377/1604/1449 1393/1620/1449 1378/1605/1449
f 1371/1598/1450 1385/1612/1450 1386/1613/1450
f 1378/1605/1451 1394/1621/1451 1379/1606/1451
f 1372/1599/1452 1386/1613/1452 1387/1614/1452
f 1380/1607/1453 1394/1621/1453 1395/1622/1453
f 1372/1599/1454 1388/1615/1454 1373/1600/1454
f 1380/1607/1455 1396/1623/1455 1381/1608/1455
f 1374/1601/1456 1388/1615/1456 1389/1616/1456
f 1385/1612/1457 1402/1660/1457 1386/1613/1457
f 1393/1620/1458 1410/1668/1458 1394/1621/1458
f 1386/1613/1459 1403/1661/1459 1387/1614/1459
f 1395/1622/1460 1410/1668/1460 1411/1669/1460
f 1387/1614/1461 1404/1662/1461 1388/1615/1461
f 1395/1622/1462 1412/1670/1462 1396/1623/1462
f 1389/1616/1463 1404/1662/1463 1405/1663/1463
f 1396/1623/1464 1413/1671/1464 1397/1624/1464
f 1389/1616/1465 1406/1664/1465 1390/1617/1465
f 1397/1624/1466 1414/1672/1466 1398/1625/1466
f 1391/1618/1467 1406/1664/1467 1407/1665/1467
f 1399/1626/1468 1414/1672/1468 1415/1673/1468
f 1392/1619/1469 1407/1665/1469 1408/1666/1469
f 1385/1612/1470 1400/1632/1470 1401/1659/1470
f 1626/1889/1471 1399/1626/1471 1415/1673/1471
f 1392/1619/1472 1409/1667/1472 1393/1620/1472
f 1405/1663/1473 1421/1679/1473 1406/1664/1473
f 1414/1672/1474 1428/1686/1474 1429/1687/1474
f 1406/1664/1475 1422/1680/1475 1407/1665/1475
f 1414/1672/1476 1430/1688/1476 1415/1673/1476
f 1408/1666/1477 1422/1680/1477 1423/1681/1477
f 1401/1659/1478 1400/1633/1478 1416/1674/1478
f 1626/1890/1479 1415/1673/1479 1430/1688/1479
f 1409/1667/1480 1423/1681/1480 1424/1682/1480
f 1401/1659/1481 1417/1675/1481 1402/1660/1481
f 1409/1667/1482 1425/1683/1482 1410/1668/1482
f 1402/1660/1483 1418/1676/1483 1403/1661/1483
f 1411/1669/1484 1425/1683/1484 1426/1684/1484
f 1403/1661/1485 1419/1677/1485 1404/1662/1485
f 1411/1669/1486 1427/1685/1486 1412/1670/1486
f 1405/1663/1487 1419/1677/1487 1420/1678/1487
f 1413/1671/1488 1427/1685/1488 1428/1686/1488
f 1424/1682/1489 1440/1698/1489 1425/1683/1489
f 1417/1675/1490 1433/1691/1490 1418/1676/1490
f 1426/1684/1491 1440/1698/1491 1441/1699/1491
f 1418/1676/1492 1434/1692/1492 1419/1677/1492
f 1427/1685/1493 1441/1699/1493 1442/1700/1493
f 1420/1678/1494 1434/1692/1494 1435/1693/1494
f 1428/1686/1495 1442/1700/1495 1443/1701/1495
f 1420/1678/1496 1436/1694/1496 1421/1679/1496
f 1429/1687/1497 1443/1701/1497 1444/1702/1497
f 1421/1679/1498 1437/1695/1498 1422/1680/1498
f 1429/1687/1499 1445/1703/1499 1430/1688/1499
f 1423/1681/1500 1437/1695/1500 1438/1696/1500
f 1416/1674/1501 1400/1634/1501 1431/1689/1501
f 1626/1891/1502 1430/1688/1502 1445/1703/1502
f 1423/1681/1503 1439/1697/1503 1424/1682/1503
f 1416/1674/1504 1432/1690/1504 1417/1675/1504
f 1444/1702/1505 1458/1716/1505 1459/1717/1505
f 1437/1695/1506 1451/1709/1506 1452/1710/1506
f 1444/1702/1507 1460/1718/1507 1445/1703/1507
f 1438/1696/1508 1452/1710/1508 1453/1711/1508
f 1431/1689/1509 1400/1635/1509 1446/1704/1509
f 1626/1892/1510 1445/1703/1510 1460/1718/1510
f 1439/1697/1511 1453/1711/1511 1454/1712/1511
f 1431/1689/1512 1447/1705/1512 1432/1690/1512
f 1439/1697/1513 1455/1713/1513 1440/1698/1513
f 1433/1691/1514 1447/1705/1514 1448/1706/1514
f 1441/1699/1515 1455/1713/1515 1456/1714/1515
f 1433/1691/1516 1449/1707/1516 1434/1692/1516
f 1441/1699/1517 1457/1715/1517 1442/1700/1517
f 1435/1693/1518 1449/1707/1518 1450/1708/1518
f 1442/1700/1519 1458/1716/1519 1443/1701/1519
f 1435/1693/1520 1451/1709/1520 1436/1694/1520
f 1448/1706/1521 1462/1720/1521 1463/1721/1521
f 1456/1714/1522 1470/1728/1522 1471/1729/1522
f 1448/1706/1523 1464/1722/1523 1449/1707/1523
f 1456/1714/1524 1472/1730/1524 1457/1715/1524
f 1450/1708/1525 1464/1722/1525 1465/1723/1525
f 1458/1716/1526 1472/1730/1526 1473/1731/1526
f 1450/1708/1527 1466/1724/1527 1451/1709/1527
f 1458/1716/1528 1474/1732/1528 1459/1717/1528
f 1452/1710/1529 1466/1724/1529 1467/1725/1529
f 1460/1718/1530 1474/1732/1530 1475/1733/1530
f 1452/1710/1531 1468/1726/1531 1453/1711/1531
f 1446/1704/1532 1400/1636/1532 1461/1719/1532
f 1626/1893/1533 1460/1718/1533 1475/1733/1533
f 1454/1712/1534 1468/1726/1534 1469/1727/1534
f 1447/1705/1535 1461/1719/1535 1462/1720/1535
f 1454/1712/1536 1470/1728/1536 1455/1713/1536
f 1467/1725/1537 1481/1739/1537 1482/1740/1537
f 1475/1733/1538 1489/1747/1538 1490/1748/1538
f 1468/1726/1539 1482/1740/1539 1483/1741/1539
f 1461/1719/1540 1400/1637/1540 1476/1734/1540
f 1626/1894/1541 1475/1733/1541 1490/1748/1541
f 1468/1726/1542 1484/1742/1542 1469/1727/1542
f 1462/1720/1543 1476/1734/1543 1477/1735/1543
f 1469/1727/1544 1485/1743/1544 1470/1728/1544
f 1462/1720/1545 1478/1736/1545 1463/1721/1545
f 1471/1729/1546 1485/1743/1546 1486/1744/1546
f 1464/1722/1547 1478/1736/1547 1479/1737/1547
f 1472/1730/1548 1486/1744/1548 1487/1745/1548
f 1465/1723/1549 1479/1737/1549 1480/1738/1549
f 1473/1731/1550 1487/1745/1550 1488/1746/1550
f 1465/1723/1551 1481/1739/1551 1466/1724/1551
f 1474/1732/1552 1488/1746/1552 1489/1747/1552
f 1486/1744/1553 1500/1758/1553 1501/1759/1553
f 1478/1736/1554 1494/1752/1554 1479/1737/1554
f 1486/1744/1555 1502/1760/1555 1487/1745/1555
f 1480/1738/1556 1494/1752/1556 1495/1753/1556
f 1487/1745/1557 1503/1761/1557 1488/1746/1557
f 1480/1738/1558 1496/1754/1558 1481/1739/1558
f 1488/1746/1559 1504/1762/1559 1489/1747/1559
f 1482/1740/1560 1496/1754/1560 1497/1755/1560
f 1489/1747/1561 1505/1763/1561 1490/1748/1561
f 1483/1741/1562 1497/1755/1562 1498/1756/1562
f 1476/1734/1563 1400/1638/1563 1491/1749/1563
f 1626/1895/1564 1490/1748/1564 1505/1763/1564
f 1483/1741/1565 1499/1757/1565 1484/1742/1565
f 1477/1735/1566 1491/1749/1566 1492/1750/1566
f 1484/1742/1567 1500/1758/1567 1485/1743/1567
f 1478/1736/1568 1492/1750/1568 1493/1751/1568
f 1505/1763/1569 1519/1777/1569 1520/1778/1569
f 1498/1756/1570 1512/1770/1570 1513/1771/1570
f 1491/1749/1571 1400/1639/1571 1506/1764/1571
f 1626/1896/1572 1505/1763/1572 1520/1778/1572
f 1499/1757/1573 1513/1771/1573 1514/1772/1573
f 1491/1749/1574 1507/1765/1574 1492/1750/1574
f 1500/1758/1575 1514/1772/1575 1515/1773/1575
f 1492/1750/1576 1508/1766/1576 1493/1751/1576
f 1501/1759/1577 1515/1773/1577 1516/1774/1577
f 1494/1752/1578 1508/1766/1578 1509/1767/1578
f 1502/1760/1579 1516/1774/1579 1517/1775/1579
f 1495/1753/1580 1509/1767/1580 1510/1768/1580
f 1503/1761/1581 1517/1775/1581 1518/1776/1581
f 1495/1753/1582 1511/1769/1582 1496/1754/1582
f 1504/1762/1583 1518/1776/1583 1519/1777/1583
f 1497/1755/1584 1511/1769/1584 1512/1770/1584
f 1516/1774/1585 1532/1790/1585 1517/1775/1585
f 1509/1767/1586 1525/1783/1586 1510/1768/1586
f 1517/1775/1587 1533/1791/1587 1518/1776/1587
f 1510/1768/1588 1526/1784/1588 1511/1769/1588
f 1519/1777/1589 1533/1791/1589 1534/1792/1589
f 1512/1770/1590 1526/1784/1590 1527/1785/1590
f 1519/1777/1591 1535/1793/1591 1520/1778/1591
f 1513/1771/1592 1527/1785/1592 1528/1786/1592
f 1506/1764/1593 1400/1640/1593 1521/1779/1593
f 1626/1897/1594 1520/1778/1594 1535/1793/1594
f 1513/1771/1595 1529/1787/1595 1514/1772/1595
f 1507/1765/1596 1521/1779/1596 1522/1780/1596
f 1514/1772/1597 1530/1788/1597 1515/1773/1597
f 1507/1765/1598 1523/1781/1598 1508/1766/1598
f 1515/1773/1599 1531/1789/1599 1516/1774/1599
f 1508/1766/1600 1524/1782/1600 1509/1767/1600
f 1521/1779/1601 1400/1641/1601 1536/1794/1601
f 1626/1898/1602 1535/1793/1602 1550/1808/1602
f 1528/1786/1603 1544/1802/1603 1529/1787/1603
f 1521/1779/1604 1537/1795/1604 1522/1780/1604
f 1529/1787/1605 1545/1803/1605 1530/1788/1605
f 1523/1781/1606 1537/1795/1606 1538/1796/1606
f 1531/1789/1607 1545/1803/1607 1546/1804/1607
f 1523/1781/1608 1539/1797/1608 1524/1782/1608
f 1531/1789/1609 1547/1805/1609 1532/1790/1609
f 1525/1783/1610 1539/1797/1610 1540/1798/1610
f 1533/1791/1611 1547/1805/1611 1548/1806/1611
f 1525/1783/1612 1541/1799/1612 1526/1784/1612
f 1534/1792/1613 1548/1806/1613 1549/1807/1613
f 1527/1785/1614 1541/1799/1614 1542/1800/1614
f 1534/1792/1615 1550/1808/1615 1535/1793/1615
f 1528/1786/1616 1542/1800/1616 1543/1801/1616
f 1539/1797/1617 1555/1813/1617 1540/1798/1617
f 1547/1805/1618 1563/1821/1618 1548/1806/1618
f 1541/1799/1619 1555/1813/1619 1556/1814/1619
f 1548/1806/1620 1564/1822/1620 1549/1807/1620
f 1542/1800/1621 1556/1814/1621 1557/1815/1621
f 1550/1808/1622 1564/1822/1622 1565/1823/1622
f 1543/1801/1623 1557/1815/1623 1558/1816/1623
f 1536/1794/1624 1400/1642/1624 1551/1809/1624
f 1626/1899/1625 1550/1808/1625 1565/1823/1625
f 1544/1802/1626 1558/1816/1626 1559/1817/1626
f 1536/1794/1627 1552/1810/1627 1537/1795/1627
f 1544/1802/1628 1560/1818/1628 1545/1803/1628
f 1538/1796/1629 1552/1810/1629 1553/1811/1629
f 1546/1804/1630 1560/1818/1630 1561/1819/1630
f 1538/1796/1631 1554/1812/1631 1539/1797/1631
f 1546/1804/1632 1562/1820/1632 1547/1805/1632
f 1558/1816/1633 1574/1832/1633 1559/1817/1633
f 1551/1809/1634 1567/1825/1634 1552/1810/1634
f 1559/1817/1635 1575/1833/1635 1560/1818/1635
f 1553/1811/1636 1567/1825/1636 1568/1826/1636
f 1561/1819/1637 1575/1833/1637 1576/1834/1637
f 1554/1812/1638 1568/1826/1638 1569/1827/1638
f 1561/1819/1639 1577/1835/1639 1562/1820/1639
f 1555/1813/1640 1569/1827/1640 1570/1828/1640
f 1563/1821/1641 1577/1835/1641 1578/1836/1641
f 1555/1813/1642 1571/1829/1642 1556/1814/1642
f 1563/1821/1643 1579/1837/1643 1564/1822/1643
f 1557/1815/1644 1571/1829/1644 1572/1830/1644
f 1564/1822/1645 1580/1838/1645 1565/1823/1645
f 1558/1816/1646 1572/1830/1646 1573/1831/1646
f 1551/1809/1647 1400/1643/1647 1566/1824/1647
f 1626/1900/1648 1565/1823/1648 1580/1838/1648
f 1578/1836/1649 1592/1850/1649 1593/1851/1649
f 1570/1828/1650 1586/1844/1650 1571/1829/1650
f 1578/1836/1651 1594/1852/1651 1579/1837/1651
f 1572/1830/1652 1586/1844/1652 1587/1845/1652
f 1580/1838/1653 1594/1852/1653 1595/1853/1653
f 1573/1831/1654 1587/1845/1654 1588/1846/1654
f 1566/1824/1655 1400/1644/1655 1581/1839/1655
f 1626/1901/1656 1580/1838/1656 1595/1853/1656
f 1573/1831/1657 1589/1847/1657 1574/1832/1657
f 1567/1825/1658 1581/1839/1658 1582/1840/1658
f 1574/1832/1659 1590/1848/1659 1575/1833/1659
f 1567/1825/1660 1583/1841/1660 1568/1826/1660
f 1575/1833/1661 1591/1849/1661 1576/1834/1661
f 1568/1826/1662 1584/1842/1662 1569/1827/1662
f 1576/1834/1663 1592/1850/1663 1577/1835/1663
f 1569/1827/1664 1585/1843/1664 1570/1828/1664
f 1581/1839/1665 1597/1855/1665 1582/1840/1665
f 1590/1848/1666 1604/1862/1666 1605/1863/1666
f 1583/1841/1667 1597/1855/1667 1598/1856/1667
f 1591/1849/1668 1605/1863/1668 1606/1864/1668
f 1583/1841/1669 1599/1857/1669 1584/1842/1669
f 1592/1850/1670 1606/1864/1670 1607/1865/1670
f 1585/1843/1671 1599/1857/1671 1600/1858/1671
f 1593/1851/1672 1607/1865/1672 1608/1866/1672
f 1585/1843/1673 1601/1859/1673 1586/1844/1673
f 1594/1852/1674 1608/1866/1674 1609/1867/1674
f 1587/1845/1675 1601/1859/1675 1602/1860/1675
f 1595/1853/1676 1609/1867/1676 1610/1868/1676
f 1588/1846/1677 1602/1860/1677 1603/1861/1677
f 1581/1839/1678 1400/1645/1678 1596/1854/1678
f 1626/1902/1679 1595/1853/1679 1610/1868/1679
f 1588/1846/1680 1604/1862/1680 1589/1847/1680
f 1600/1858/1681 1616/1874/1681 1601/1859/1681
f 1609/1867/1682 1623/1881/1682 1624/1882/1682
f 1602/1860/1683 1616/1874/1683 1617/1875/1683
f 1610/1868/1684 1624/1882/1684 1625/1883/1684
f 1603/1861/1685 1617/1875/1685 1618/1876/1685
f 1596/1854/1686 1400/1646/1686 1611/1869/1686
f 1626/1903/1687 1610/1868/1687 1625/1883/1687
f 1603/1861/1688 1619/1877/1688 1604/1862/1688
f 1597/1855/1689 1611/1869/1689 1612/1870/1689
f 1604/1862/1690 1620/1878/1690 1605/1863/1690
f 1598/1856/1691 1612/1870/1691 1613/1871/1691
f 1605/1863/1692 1621/1879/1692 1606/1864/1692
f 1599/1857/1693 1613/1871/1693 1614/1872/1693
f 1606/1864/1694 1622/1880/1694 1607/1865/1694
f 1600/1858/1695 1614/1872/1695 1615/1873/1695
f 1608/1866/1696 1622/1880/1696 1623/1881/1696
f 1619/1877/1697 1636/1925/1697 1620/1878/1697
f 1612/1870/1698 1629/1918/1698 1613/1871/1698
f 1620/1878/1699 1637/1926/1699 1621/1879/1699
f 1613/1871/1700 1630/1919/1700 1614/1872/1700
f 1622/1880/1701 1637/1926/1701 1638/1927/1701
f 1615/1873/1702 1630/1919/1702 1631/1920/1702
f 1623/1881/1703 1638/1927/1703 1639/1928/1703
f 1615/1873/1704 1632/1921/1704 1616/1874/1704
f 1623/1881/1705 1640/1929/1705 1624/1882/1705
f 1617/1875/1706 1632/1921/1706 1633/1922/1706
f 1625/1883/1707 1640/1929/1707 1641/1930/1707
f 1617/1875/1708 1634/1923/1708 1618/1876/1708
f 1611/1869/1709 1400/1647/1709 1627/1916/1709
f 1626/1904/1710 1625/1883/1710 1641/1930/1710
f 1618/1876/1711 1635/1924/1711 1619/1877/1711
f 1611/1869/1712 1628/1917/1712 1612/1870/1712
f 1639/1928/1713 1655/1944/1713 1640/1929/1713
f 1633/1922/1714 1647/1936/1714 1648/1937/1714
f 1640/1929/1715 1656/1945/1715 1641/1930/1715
f 1634/1923/1716 1648/1937/1716 1649/1938/1716
f 1627/1916/1717 1400/1648/1717 1642/1931/1717
f 1626/1905/1718 1641/1930/1718 1656/1945/1718
f 1634/1923/1719 1650/1939/1719 1635/1924/1719
f 1628/1917/1720 1642/1931/1720 1643/1932/1720
f 1635/1924/1721 1651/1940/1721 1636/1925/1721
f 1629/1918/1722 1643/1932/1722 1644/1933/1722
f 1636/1925/1723 1652/1941/1723 1637/1926/1723
f 1630/1919/1724 1644/1933/1724 1645/1934/1724
f 1637/1926/1725 1653/1942/1725 1638/1927/1725
f 1630/1919/1726 1646/1935/1726 1631/1920/1726
f 1638/1927/1727 1654/1943/1727 1639/1928/1727
f 1632/1921/1728 1646/1935/1728 1647/1936/1728
f 1652/1941/1729 1666/1955/1729 1667/1956/1729
f 1644/1933/1730 1660/1949/1730 1645/1934/1730
f 1653/1942/1731 1667/1956/1731 1668/1957/1731
f 1646/1935/1732 1660/1949/1732 1661/1950/1732
f 1654/1943/1733 1668/1957/1733 1669/1958/1733
f 1646/1935/1734 1662/1951/1734 1647/1936/1734
f 1655/1944/1735 1669/1958/1735 1670/1959/1735
f 1647/1936/1736 1663/1952/1736 1648/1937/1736
f 1655/1944/1737 1671/1960/1737 1656/1945/1737
f 1649/1938/1738 1663/1952/1738 1664/1953/1738
f 1642/1931/1739 1400/1649/1739 1657/1946/1739
f 1626/1906/1740 1656/1945/1740 1671/1960/1740
f 1649/1938/1741 1665/1954/1741 1650/1939/1741
f 1642/1931/1742 1658/1947/1742 1643/1932/1742
f 1650/1939/1743 1666/1955/1743 1651/1940/1743
f 1643/1932/1744 1659/1948/1744 1644/1933/1744
f 1671/1960/1745 1685/1987/1745 1686/1989/1745
f 1664/1953/1746 1678/1973/1746 1679/1975/1746
f 1657/1946/1747 1400/1650/1747 1672/1961/1747
f 1626/1907/1748 1671/1960/1748 1686/1989/1748
f 1664/1953/1749 1680/1977/1749 1665/1954/1749
f 1658/1947/1750 1672/1961/1750 1673/1963/1750
f 1665/1954/1751 1681/1979/1751 1666/1955/1751
f 1659/1948/1752 1673/1963/1752 1674/1965/1752
f 1666/1955/1753 1682/1981/1753 1667/1956/1753
f 1659/1948/1754 1675/1967/1754 1660/1949/1754
f 1667/1956/1755 1683/1983/1755 1668/1957/1755
f 1661/1950/1756 1675/1967/1756 1676/1969/1756
f 1668/1957/1757 1684/1985/1757 1669/1958/1757
f 1661/1950/1758 1677/1971/1758 1662/1951/1758
f 1669/1958/1759 1685/1987/1759 1670/1959/1759
f 1663/1952/1760 1677/1971/1760 1678/1973/1760
f 1674/1966/1761 1690/1994/1761 1675/1968/1761
f 1683/1984/1762 1697/2001/1762 1698/2002/1762
f 1675/1968/1763 1691/1995/1763 1676/1970/1763
f 1684/1986/1764 1698/2002/1764 1699/2003/1764
f 1676/1970/1765 1692/1996/1765 1677/1972/1765
f 1684/1986/1766 1700/2004/1766 1685/1988/1766
f 1678/1974/1767 1692/1996/1767 1693/1997/1767
f 1686/1990/1768 1700/2004/1768 1701/2005/1768
f 1678/1974/1769 1694/1998/1769 1679/1976/1769
f 1672/1962/1770 1400/1651/1770 1687/1991/1770
f 1626/1908/1771 1686/1990/1771 1701/2005/1771
f 1679/1976/1772 1695/1999/1772 1680/1978/1772
f 1673/1964/1773 1687/1991/1773 1688/1992/1773
f 1680/1978/1774 1696/2000/1774 1681/1980/1774
f 1674/1966/1775 1688/1992/1775 1689/1993/1775
f 1682/1982/1776 1696/2000/1776 1697/2001/1776
f 1694/1998/1777 1708/2012/1777 1709/2013/1777
f 1687/1991/1778 1400/1652/1778 1702/2006/1778
f 1626/1909/1779 1701/2005/1779 1716/2020/1779
f 1694/1998/1780 1710/2014/1780 1695/1999/1780
f 1688/1992/1781 1702/2006/1781 1703/2007/1781
f 1695/1999/1782 1711/2015/1782 1696/2000/1782
f 1688/1992/1783 1704/2008/1783 1689/1993/1783
f 1697/2001/1784 1711/2015/1784 1712/2016/1784
f 1689/1993/1785 1705/2009/1785 1690/1994/1785
f 1697/2001/1786 1713/2017/1786 1698/2002/1786
f 1691/1995/1787 1705/2009/1787 1706/2010/1787
f 1699/2003/1788 1713/2017/1788 1714/2018/1788
f 1691/1995/1789 1707/2011/1789 1692/1996/1789
f 1700/2004/1790 1714/2018/1790 1715/2019/1790
f 1693/1997/1791 1707/2011/1791 1708/2012/1791
f 1701/2005/1792 1715/2019/1792 1716/2020/1792
f 1712/2016/1793 1728/2032/1793 1713/2017/1793
f 1706/2010/1794 1720/2024/1794 1721/2025/1794
f 1714/2018/1795 1728/2032/1795 1729/2033/1795
f 1706/2010/1796 1722/2026/1796 1707/2011/1796
f 1714/2018/1797 1730/2034/1797 1715/2019/1797
f 1708/2012/1798 1722/2026/1798 1723/2027/1798
f 1715/2019/1799 1731/2035/1799 1716/2020/1799
f 1709/2013/1800 1723/2027/1800 1724/2028/1800
f 1702/2006/1801 1400/1653/1801 1717/2021/1801
f 1626/1910/1802 1716/2020/1802 1731/2035/1802
f 1709/2013/1803 1725/2029/1803 1710/2014/1803
f 1703/2007/1804 1717/2021/1804 1718/2022/1804
f 1710/2014/1805 1726/2030/1805 1711/2015/1805
f 1704/2008/1806 1718/2022/1806 1719/2023/1806
f 1712/2016/1807 1726/2030/1807 1727/2031/1807
f 1704/2008/1808 1720/2024/1808 1705/2009/1808
f 1717/2021/1809 1400/1654/1809 1732/2036/1809
f 1626/1911/1810 1731/2035/1810 1746/2050/1810
f 1724/2028/1811 1740/2044/1811 1725/2029/1811
f 1717/2021/1812 1733/2037/1812 1718/2022/1812
f 1725/2029/1813 1741/2045/1813 1726/2030/1813
f 1718/2022/1814 1734/2038/1814 1719/2023/1814
f 1726/2030/1815 1742/2046/1815 1727/2031/1815
f 1719/2023/1816 1735/2039/1816 1720/2024/1816
f 1727/2031/1817 1743/2047/1817 1728/2032/1817
f 1721/2025/1818 1735/2039/1818 1736/2040/1818
f 1729/2033/1819 1743/2047/1819 1744/2048/1819
f 1721/2025/1820 1737/2041/1820 1722/2026/1820
f 1729/2033/1821 1745/2049/1821 1730/2034/1821
f 1723/2027/1822 1737/2041/1822 1738/2042/1822
f 1731/2035/1823 1745/2049/1823 1746/2050/1823
f 1723/2027/1824 1739/2043/1824 1724/2028/1824
f 1736/2040/1825 1750/2054/1825 1751/2055/1825
f 1744/2048/1826 1758/2062/1826 1759/2063/1826
f 1736/2040/1827 1752/2056/1827 1737/2041/1827
f 1744/2048/1828 1760/2064/1828 1745/2049/1828
f 1738/2042/1829 1752/2056/1829 1753/2057/1829
f 1746/2050/1830 1760/2064/1830 1761/2065/1830
f 1739/2043/1831 1753/2057/1831 1754/2058/1831
f 1732/2036/1832 1400/1655/1832 1747/2051/1832
f 1626/1912/1833 1746/2050/1833 1761/2065/1833
f 1739/2043/1834 1755/2059/1834 1740/2044/1834
f 1733/2037/1835 1747/2051/1835 1748/2052/1835
f 1740/2044/1836 1756/2060/1836 1741/2045/1836
f 1733/2037/1837 1749/2053/1837 1734/2038/1837
f 1742/2046/1838 1756/2060/1838 1757/2061/1838
f 1734/2038/1839 1750/2054/1839 1735/2039/1839
f 1743/2047/1840 1757/2061/1840 1758/2062/1840
f 1755/2059/1841 1769/2073/1841 1770/2074/1841
f 1747/2051/1842 1763/2067/1842 1748/2052/1842
f 1755/2059/1843 1771/2075/1843 1756/2060/1843
f 1748/2052/1844 1764/2068/1844 1749/2053/1844
f 1757/2061/1845 1771/2075/1845 1772/2076/1845
f 1750/2054/1846 1764/2068/1846 1765/2069/1846
f 1758/2062/1847 1772/2076/1847 1773/2077/1847
f 1750/2054/1848 1766/2070/1848 1751/2055/1848
f 1758/2062/1849 1774/2078/1849 1759/2063/1849
f 1751/2055/1850 1767/2071/1850 1752/2056/1850
f 1759/2063/1851 1775/2079/1851 1760/2064/1851
f 1752/2056/1852 1768/2072/1852 1753/2057/1852
f 1760/2064/1853 1776/2080/1853 1761/2065/1853
f 1754/2058/1854 1768/2072/1854 1769/2073/1854
f 1747/2051/1855 1400/1656/1855 1762/2066/1855
f 1626/1913/1856 1761/2065/1856 1776/2080/1856
f 1773/2077/1857 1789/2093/1857 1774/2078/1857
f 1766/2070/1858 1782/2086/1858 1767/2071/1858
f 1775/2079/1859 1789/2093/1859 1790/2094/1859
f 1768/2072/1860 1782/2086/1860 1783/2087/1860
f 1776/2080/1861 1790/2094/1861 1791/2095/1861
f 1769/2073/1862 1783/2087/1862 1784/2088/1862
f 1762/2066/1863 1400/1657/1863 1777/2081/1863
f 1626/1914/1864 1776/2080/1864 1791/2095/1864
f 1770/2074/1865 1784/2088/1865 1785/2089/1865
f 1762/2066/1866 1778/2082/1866 1763/2067/1866
f 1770/2074/1867 1786/2090/1867 1771/2075/1867
f 1764/2068/1868 1778/2082/1868 1779/2083/1868
f 1771/2075/1869 1787/2091/1869 1772/2076/1869
f 1764/2068/1870 1780/2084/1870 1765/2069/1870
f 1772/2076/1871 1788/2092/1871 1773/2077/1871
f 1765/2069/1872 1781/2085/1872 1766/2070/1872
f 1785/2089/1873 1796/2100/1873 1786/2090/1873
f 1779/2083/1874 1793/2097/1874 1319/1546/1874
f 1787/2091/1875 1796/2100/1875 1324/1551/1875
f 1780/2084/1876 1319/1546/1876 1794/2098/1876
f 1788/2092/1877 1324/1551/1877 1797/2101/1877
f 1781/2085/1878 1794/2098/1878 1320/1547/1878
f 1789/2093/1879 1797/2101/1879 1798/2102/1879
f 1782/2086/1880 1320/1547/1880 1795/2099/1880
f 1789/2093/1881 1799/2103/1881 1790/2094/1881
f 1783/2087/1882 1795/2099/1882 1321/1548/1882
f 1791/2095/1883 1799/2103/1883 1800/2104/1883
f 1784/2088/1884 1321/1548/1884 1322/1549/1884
f 1777/2081/1885 1400/1658/1885 1792/2096/1885
f 1626/1915/1886 1791/2095/1886 1800/2104/1886
f 1784/2088/1887 1323/1550/1887 1785/2089/1887
f 1778/2082/1888 1792/2096/1888 1793/2097/1888
f 2275/2656/1889 1807/2111/1889 1808/2112/1889
f 2278/2659/1890 1815/2119/1890 1816/2120/1890
f 1801/2105/1891 1808/2112/1891 1809/2113/1891
f 2278/2659/1892 1817/2121/1892 1806/2110/1892
f 2276/2657/1893 1809/2113/1893 1810/2114/1893
f 2279/2660/1894 1817/2121/1894 1818/2122/1894
f 2276/2657/1895 1811/2115/1895 1802/2106/1895
f 2279/2660/1896 1819/2123/1896 2280/2661/1896
f 2277/2658/1897 1811/2115/1897 1812/2116/1897
f 2280/2661/1898 1820/2124/1898 2281/2662/1898
f 1803/2107/1899 1812/2116/1899 1813/2117/1899
f 2281/2662/1900 1821/2125/1900 2282/2663/1900
f 1804/2108/1901 1813/2117/1901 1814/2118/1901
f 2274/2655/1902 1882/2186/1902 1807/2111/1902
f 2108/2443/1903 2282/2663/1903 1821/2125/1903
f 1805/2109/1904 1814/2118/1904 1815/2119/1904
f 1813/2117/1905 1829/2133/1905 1814/2118/1905
f 1807/2111/1906 1882/2187/1906 1822/2126/1906
f 2108/2444/1907 1821/2125/1907 1836/2140/1907
f 1815/2119/1908 1829/2133/1908 1830/2134/1908
f 1807/2111/1909 1823/2127/1909 1808/2112/1909
f 1816/2120/1910 1830/2134/1910 1831/2135/1910
f 1808/2112/1911 1824/2128/1911 1809/2113/1911
f 1817/2121/1912 1831/2135/1912 1832/2136/1912
f 1809/2113/1913 1825/2129/1913 1810/2114/1913
f 1817/2121/1914 1833/2137/1914 1818/2122/1914
f 1810/2114/1915 1826/2130/1915 1811/2115/1915
f 1819/2123/1916 1833/2137/1916 1834/2138/1916
f 1811/2115/1917 1827/2131/1917 1812/2116/1917
f 1820/2124/1918 1834/2138/1918 1835/2139/1918
f 1813/2117/1919 1827/2131/1919 1828/2132/1919
f 1821/2125/1920 1835/2139/1920 1836/2140/1920
f 1832/2136/1921 1848/2152/1921 1833/2137/1921
f 1826/2130/1922 1840/2144/1922 1841/2145/1922
f 1833/2137/1923 1849/2153/1923 1834/2138/1923
f 1826/2130/1924 1842/2146/1924 1827/2131/1924
f 1835/2139/1925 1849/2153/1925 1850/2154/1925
f 1827/2131/1926 1843/2147/1926 1828/2132/1926
f 1836/2140/1927 1850/2154/1927 1851/2155/1927
f 1829/2133/1928 1843/2147/1928 1844/2148/1928
f 1822/2126/1929 1882/2188/1929 1837/2141/1929
f 2108/2445/1930 1836/2140/1930 1851/2155/1930
f 1829/2133/1931 1845/2149/1931 1830/2134/1931
f 1822/2126/1932 1838/2142/1932 1823/2127/1932
f 1830/2134/1933 1846/2150/1933 1831/2135/1933
f 1824/2128/1934 1838/2142/1934 1839/2143/1934
f 1831/2135/1935 1847/2151/1935 1832/2136/1935
f 1824/2128/1936 1840/2144/1936 1825/2129/1936
f 2108/2446/1937 1851/2155/1937 1866/2170/1937
f 1844/2148/1938 1860/2164/1938 1845/2149/1938
f 1837/2141/1939 1853/2157/1939 1838/2142/1939
f 1845/2149/1940 1861/2165/1940 1846/2150/1940
f 1838/2142/1941 1854/2158/1941 1839/2143/1941
f 1846/2150/1942 1862/2166/1942 1847/2151/1942
f 1839/2143/1943 1855/2159/1943 1840/2144/1943
f 1848/2152/1944 1862/2166/1944 1863/2167/1944
f 1840/2144/1945 1856/2160/1945 1841/2145/1945
f 1849/2153/1946 1863/2167/1946 1864/2168/1946
f 1841/2145/1947 1857/2161/1947 1842/2146/1947
f 1849/2153/1948 1865/2169/1948 1850/2154/1948
f 1843/2147/1949 1857/2161/1949 1858/2162/1949
f 1851/2155/1950 1865/2169/1950 1866/2170/1950
f 1843/2147/1951 1859/2163/1951 1844/2148/1951
f 1837/2141/1952 1882/2189/1952 1852/2156/1952
f 1864/2168/1953 1878/2182/1953 1879/2183/1953
f 1856/2160/1954 1872/2176/1954 1857/2161/1954
f 1865/2169/1955 1879/2183/1955 1880/2184/1955
f 1857/2161/1956 1873/2177/1956 1858/2162/1956
f 1865/2169/1957 1881/2185/1957 1866/2170/1957
f 1858/2162/1958 1874/2178/1958 1859/2163/1958
f 1852/2156/1959 1882/2190/1959 1867/2171/1959
f 2108/2447/1960 1866/2170/1960 1881/2185/1960
f 1859/2163/1961 1875/2179/1961 1860/2164/1961
f 1852/2156/1962 1868/2172/1962 1853/2157/1962
f 1861/2165/1963 1875/2179/1963 1876/2180/1963
f 1854/2158/1964 1868/2172/1964 1869/2173/1964
f 1862/2166/1965 1876/2180/1965 1877/2181/1965
f 1854/2158/1966 1870/2174/1966 1855/2159/1966
f 1862/2166/1967 1878/2182/1967 1863/2167/1967
f 1855/2159/1968 1871/2175/1968 1856/2160/1968
f 1867/2171/1969 1884/2219/1969 1868/2172/1969
f 1875/2179/1970 1892/2227/1970 1876/2180/1970
f 1869/2173/1971 1884/2219/1971 1885/2220/1971
f 1877/2181/1972 1892/2227/1972 1893/2228/1972
f 1870/2174/1973 1885/2220/1973 1886/2221/1973
f 1877/2181/1974 1894/2229/1974 1878/2182/1974
f 1871/2175/1975 1886/2221/1975 1887/2222/1975
f 1878/2182/1976 1895/2230/1976 1879/2183/1976
f 1871/2175/1977 1888/2223/1977 1872/2176/1977
f 1880/2184/1978 1895/2230/1978 1896/2231/1978
f 1873/2177/1979 1888/2223/1979 1889/2224/1979
f 1881/2185/1980 1896/2231/1980 1897/2232/1980
f 1874/2178/1981 1889/2224/1981 1890/2225/1981
f 1867/2171/1982 1882/2191/1982 1883/2218/1982
f 2108/2448/1983 1881/2185/1983 1897/2232/1983
f 1874/2178/1984 1891/2226/1984 1875/2179/1984
f 1887/2222/1985 1903/2238/1985 1888/2223/1985
f 1896/2231/1986 1910/2245/1986 1911/2246/1986
f 1889/2224/1987 1903/2238/1987 1904/2239/1987
f 1896/2231/1988 1912/2247/1988 1897/2232/1988
f 1890/2225/1989 1904/2239/1989 1905/2240/1989
f 1883/2218/1990 1882/2192/1990 1898/2233/1990
f 2108/2449/1991 1897/2232/1991 1912/2247/1991
f 1891/2226/1992 1905/2240/1992 1906/2241/1992
f 1884/2219/1993 1898/2233/1993 1899/2234/1993
f 1891/2226/1994 1907/2242/1994 1892/2227/1994
f 1885/2220/1995 1899/2234/1995 1900/2235/1995
f 1892/2227/1996 1908/2243/1996 1893/2228/1996
f 1885/2220/1997 1901/2236/1997 1886/2221/1997
f 1893/2228/1998 1909/2244/1998 1894/2229/1998
f 1886/2221/1999 1902/2237/1999 1887/2222/1999
f 1894/2229/2000 1910/2245/2000 1895/2230/2000
f 1906/2241/2001 1922/2257/2001 1907/2242/2001
f 1899/2234/2002 1915/2250/2002 1900/2235/2002
f 1908/2243/2003 1922/2257/2003 1923/2258/2003
f 1900/2235/2004 1916/2251/2004 1901/2236/2004
f 1909/2244/2005 1923/2258/2005 1924/2259/2005
f 1902/2237/2006 1916/2251/2006 1917/2252/2006
f 1910/2245/2007 1924/2259/2007 1925/2260/2007
f 1902/2237/2008 1918/2253/2008 1903/2238/2008
f 1911/2246/2009 1925/2260/2009 1926/2261/2009
f 1903/2238/2010 1919/2254/2010 1904/2239/2010
f 1911/2246/2011 1927/2262/2011 1912/2247/2011
f 1904/2239/2012 1920/2255/2012 1905/2240/2012
f 1898/2233/2013 1882/2193/2013 1913/2248/2013
f 2108/2450/2014 1912/2247/2014 1927/2262/2014
f 1905/2240/2015 1921/2256/2015 1906/2241/2015
f 1898/2233/2016 1914/2249/2016 1899/2234/2016
f 1926/2261/2017 1940/2275/2017 1941/2276/2017
f 1919/2254/2018 1933/2268/2018 1934/2269/2018
f 1926/2261/2019 1942/2277/2019 1927/2262/2019
f 1920/2255/2020 1934/2269/2020 1935/2270/2020
f 1913/2248/2021 1882/2194/2021 1928/2263/2021
f 2108/2451/2022 1927/2262/2022 1942/2277/2022
f 1921/2256/2023 1935/2270/2023 1936/2271/2023
f 1913/2248/2024 1929/2264/2024 1914/2249/2024
f 1922/2257/2025 1936/2271/2025 1937/2272/2025
f 1915/2250/2026 1929/2264/2026 1930/2265/2026
f 1923/2258/2027 1937/2272/2027 1938/2273/2027
f 1915/2250/2028 1931/2266/2028 1916/2251/2028
f 1923/2258/2029 1939/2274/2029 1924/2259/2029
f 1916/2251/2030 1932/2267/2030 1917/2252/2030
f 1924/2259/2031 1940/2275/2031 1925/2260/2031
f 1917/2252/2032 1933/2268/2032 1918/2253/2032
f 1930/2265/2033 1944/2279/2033 1945/2280/2033
f 1938/2273/2034 1952/2287/2034 1953/2288/2034
f 1930/2265/2035 1946/2281/2035 1931/2266/2035
f 1938/2273/2036 1954/2289/2036 1939/2274/2036
f 1932/2267/2037 1946/2281/2037 1947/2282/2037
f 1939/2274/2038 1955/2290/2038 1940/2275/2038
f 1932/2267/2039 1948/2283/2039 1933/2268/2039
f 1941/2276/2040 1955/2290/2040 1956/2291/2040
f 1934/2269/2041 1948/2283/2041 1949/2284/2041
f 1942/2277/2042 1956/2291/2042 1957/2292/2042
f 1934/2269/2043 1950/2285/2043 1935/2270/2043
f 1928/2263/2044 1882/2195/2044 1943/2278/2044
f 2108/2452/2045 1942/2277/2045 1957/2292/2045
f 1935/2270/2046 1951/2286/2046 1936/2271/2046
f 1928/2263/2047 1944/2279/2047 1929/2264/2047
f 1936/2271/2048 1952/2287/2048 1937/2272/2048
f 1949/2284/2049 1963/2298/2049 1964/2299/2049
f 1957/2292/2050 1971/2306/2050 1972/2307/2050
f 1950/2285/2051 1964/2299/2051 1965/2300/2051
f 1943/2278/2052 1882/2196/2052 1958/2293/2052
f 2108/2453/2053 1957/2292/2053 1972/2307/2053
f 1950/2285/2054 1966/2301/2054 1951/2286/2054
f 1943/2278/2055 1959/2294/2055 1944/2279/2055
f 1952/2287/2056 1966/2301/2056 1967/2302/2056
f 1944/2279/2057 1960/2295/2057 1945/2280/2057
f 1953/2288/2058 1967/2302/2058 1968/2303/2058
f 1945/2280/2059 1961/2296/2059 1946/2281/2059
f 1954/2289/2060 1968/2303/2060 1969/2304/2060
f 1947/2282/2061 1961/2296/2061 1962/2297/2061
f 1955/2290/2062 1969/2304/2062 1970/2305/2062
f 1947/2282/2063 1963/2298/2063 1948/2283/2063
f 1956/2291/2064 1970/2305/2064 1971/2306/2064
f 1968/2303/2065 1982/2317/2065 1983/2318/2065
f 1960/2295/2066 1976/2311/2066 1961/2296/2066
f 1968/2303/2067 1984/2319/2067 1969/2304/2067
f 1962/2297/2068 1976/2311/2068 1977/2312/2068
f 1969/2304/2069 1985/2320/2069 1970/2305/2069
f 1962/2297/2070 1978/2313/2070 1963/2298/2070
f 1970/2305/2071 1986/2321/2071 1971/2306/2071
f 1964/2299/2072 1978/2313/2072 1979/2314/2072
f 1971/2306/2073 1987/2322/2073 1972/2307/2073
f 1965/2300/2074 1979/2314/2074 1980/2315/2074
f 1958/2293/2075 1882/2197/2075 1973/2308/2075
f 2108/2454/2076 1972/2307/2076 1987/2322/2076
f 1965/2300/2077 1981/2316/2077 1966/2301/2077
f 1959/2294/2078 1973/2308/2078 1974/2309/2078
f 1966/2301/2079 1982/2317/2079 1967/2302/2079
f 1960/2295/2080 1974/2309/2080 1975/2310/2080
f 1986/2321/2081 2002/2337/2081 1987/2322/2081
f 1980/2315/2082 1994/2329/2082 1995/2330/2082
f 1973/2308/2083 1882/2198/2083 1988/2323/2083
f 2108/2455/2084 1987/2322/2084 2002/2337/2084
f 1980/2315/2085 1996/2331/2085 1981/2316/2085
f 1973/2308/2086 1989/2324/2086 1974/2309/2086
f 1982/2317/2087 1996/2331/2087 1997/2332/2087
f 1974/2309/2088 1990/2325/2088 1975/2310/2088
f 1982/2317/2089 1998/2333/2089 1983/2318/2089
f 1975/2310/2090 1991/2326/2090 1976/2311/2090
f 1984/2319/2091 1998/2333/2091 1999/2334/2091
f 1976/2311/2092 1992/2327/2092 1977/2312/2092
f 1985/2320/2093 1999/2334/2093 2000/2335/2093
f 1977/2312/2094 1993/2328/2094 1978/2313/2094
f 1986/2321/2095 2000/2335/2095 2001/2336/2095
f 1979/2314/2096 1993/2328/2096 1994/2329/2096
f 1998/2333/2097 2014/2349/2097 1999/2334/2097
f 1992/2327/2098 2006/2341/2098 2007/2342/2098
f 1999/2334/2099 2015/2350/2099 2000/2335/2099
f 1992/2327/2100 2008/2343/2100 1993/2328/2100
f 2000/2335/2101 2016/2351/2101 2001/2336/2101
f 1994/2329/2102 2008/2343/2102 2009/2344/2102
f 2001/2336/2103 2017/2352/2103 2002/2337/2103
f 1995/2330/2104 2009/2344/2104 2010/2345/2104
f 1988/2323/2105 1882/2199/2105 2003/2338/2105
f 2108/2456/2106 2002/2337/2106 2017/2352/2106
f 1995/2330/2107 2011/2346/2107 1996/2331/2107
f 1989/2324/2108 2003/2338/2108 2004/2339/2108
f 1996/2331/2109 2012/2347/2109 1997/2332/2109
f 1989/2324/2110 2005/2340/2110 1990/2325/2110
f 1997/2332/2111 2013/2348/2111 1998/2333/2111
f 1990/2325/2112 2006/2341/2112 1991/2326/2112
f 2003/2338/2113 1882/2200/2113 2018/2353/2113
f 2108/2457/2114 2017/2352/2114 2032/2367/2114
f 2010/2345/2115 2026/2361/2115 2011/2346/2115
f 2003/2338/2116 2019/2354/2116 2004/2339/2116
f 2011/2346/2117 2027/2362/2117 2012/2347/2117
f 2005/2340/2118 2019/2354/2118 2020/2355/2118
f 2013/2348/2119 2027/2362/2119 2028/2363/2119
f 2005/2340/2120 2021/2356/2120 2006/2341/2120
f 2013/2348/2121 2029/2364/2121 2014/2349/2121
f 2006/2341/2122 2022/2357/2122 2007/2342/2122
f 2015/2350/2123 2029/2364/2123 2030/2365/2123
f 2007/2342/2124 2023/2358/2124 2008/2343/2124
f 2016/2351/2125 2030/2365/2125 2031/2366/2125
f 2009/2344/2126 2023/2358/2126 2024/2359/2126
f 2016/2351/2127 2032/2367/2127 2017/2352/2127
f 2009/2344/2128 2025/2360/2128 2010/2345/2128
f 2021/2356/2129 2037/2372/2129 2022/2357/2129
f 2029/2364/2130 2045/2380/2130 2030/2365/2130
f 2022/2357/2131 2038/2373/2131 2023/2358/2131
f 2030/2365/2132 2046/2381/2132 2031/2366/2132
f 2024/2359/2133 2038/2373/2133 2039/2374/2133
f 2032/2367/2134 2046/2381/2134 2047/2382/2134
f 2025/2360/2135 2039/2374/2135 2040/2375/2135
f 2018/2353/2136 1882/2201/2136 2033/2368/2136
f 2108/2458/2137 2032/2367/2137 2047/2382/2137
f 2026/2361/2138 2040/2375/2138 2041/2376/2138
f 2018/2353/2139 2034/2369/2139 2019/2354/2139
f 2026/2361/2140 2042/2377/2140 2027/2362/2140
f 2019/2354/2141 2035/2370/2141 2020/2355/2141
f 2028/2363/2142 2042/2377/2142 2043/2378/2142
f 2020/2355/2143 2036/2371/2143 2021/2356/2143
f 2028/2363/2144 2044/2379/2144 2029/2364/2144
f 2040/2375/2145 2056/2391/2145 2041/2376/2145
f 2034/2369/2146 2048/2383/2146 2049/2384/2146
f 2041/2376/2147 2057/2392/2147 2042/2377/2147
f 2035/2370/2148 2049/2384/2148 2050/2385/2148
f 2043/2378/2149 2057/2392/2149 2058/2393/2149
f 2036/2371/2150 2050/2385/2150 2051/2386/2150
f 2043/2378/2151 2059/2394/2151 2044/2379/2151
f 2037/2372/2152 2051/2386/2152 2052/2387/2152
f 2045/2380/2153 2059/2394/2153 2060/2395/2153
f 2037/2372/2154 2053/2388/2154 2038/2373/2154
f 2045/2380/2155 2061/2396/2155 2046/2381/2155
f 2039/2374/2156 2053/2388/2156 2054/2389/2156
f 2046/2381/2157 2062/2397/2157 2047/2382/2157
f 2040/2375/2158 2054/2389/2158 2055/2390/2158
f 2033/2368/2159 1882/2202/2159 2048/2383/2159
f 2108/2459/2160 2047/2382/2160 2062/2397/2160
f 2060/2395/2161 2074/2409/2161 2075/2410/2161
f 2052/2387/2162 2068/2403/2162 2053/2388/2162
f 2061/2396/2163 2075/2410/2163 2076/2411/2163
f 2054/2389/2164 2068/2403/2164 2069/2404/2164
f 2062/2397/2165 2076/2411/2165 2077/2412/2165
f 2055/2390/2166 2069/2404/2166 2070/2405/2166
f 2048/2383/2167 1882/2203/2167 2063/2398/2167
f 2108/2460/2168 2062/2397/2168 2077/2412/2168
f 2055/2390/2169 2071/2406/2169 2056/2391/2169
f 2048/2383/2170 2064/2399/2170 2049/2384/2170
f 2056/2391/2171 2072/2407/2171 2057/2392/2171
f 2049/2384/2172 2065/2400/2172 2050/2385/2172
f 2057/2392/2173 2073/2408/2173 2058/2393/2173
f 2050/2385/2174 2066/2401/2174 2051/2386/2174
f 2058/2393/2175 2074/2409/2175 2059/2394/2175
f 2051/2386/2176 2067/2402/2176 2052/2387/2176
f 2064/2399/2177 2078/2413/2177 2079/2414/2177
f 2072/2407/2178 2086/2421/2178 2087/2422/2178
f 2065/2400/2179 2079/2414/2179 2080/2415/2179
f 2073/2408/2180 2087/2422/2180 2088/2423/2180
f 2065/2400/2181 2081/2416/2181 2066/2401/2181
f 2074/2409/2182 2088/2423/2182 2089/2424/2182
f 2067/2402/2183 2081/2416/2183 2082/2417/2183
f 2075/2410/2184 2089/2424/2184 2090/2425/2184
f 2067/2402/2185 2083/2418/2185 2068/2403/2185
f 2076/2411/2186 2090/2425/2186 2091/2426/2186
f 2069/2404/2187 2083/2418/2187 2084/2419/2187
f 2077/2412/2188 2091/2426/2188 2092/2427/2188
f 2070/2405/2189 2084/2419/2189 2085/2420/2189
f 2063/2398/2190 1882/2204/2190 2078/2413/2190
f 2108/2461/2191 2077/2412/2191 2092/2427/2191
f 2070/2405/2192 2086/2421/2192 2071/2406/2192
f 2083/2418/2193 2097/2432/2193 2098/2433/2193
f 2090/2425/2194 2106/2441/2194 2091/2426/2194
f 2084/2419/2195 2098/2433/2195 2099/2434/2195
f 2091/2426/2196 2107/2442/2196 2092/2427/2196
f 2085/2420/2197 2099/2434/2197 2100/2435/2197
f 2078/2413/2198 1882/2205/2198 2093/2428/2198
f 2108/2462/2199 2092/2427/2199 2107/2442/2199
f 2085/2420/2200 2101/2436/2200 2086/2421/2200
f 2079/2414/2201 2093/2428/2201 2094/2429/2201
f 2086/2421/2202 2102/2437/2202 2087/2422/2202
f 2080/2415/2203 2094/2429/2203 2095/2430/2203
f 2087/2422/2204 2103/2438/2204 2088/2423/2204
f 2081/2416/2205 2095/2430/2205 2096/2431/2205
f 2088/2423/2206 2104/2439/2206 2089/2424/2206
f 2082/2417/2207 2096/2431/2207 2097/2432/2207
f 2090/2425/2208 2104/2439/2208 2105/2440/2208
f 2101/2436/2209 2118/2484/2209 2102/2437/2209
f 2094/2429/2210 2111/2477/2210 2095/2430/2210
f 2102/2437/2211 2119/2485/2211 2103/2438/2211
f 2095/2430/2212 2112/2478/2212 2096/2431/2212
f 2104/2439/2213 2119/2485/2213 2120/2486/2213
f 2097/2432/2214 2112/2478/2214 2113/2479/2214
f 2105/2440/2215 2120/2486/2215 2121/2487/2215
f 2097/2432/2216 2114/2480/2216 2098/2433/2216
f 2105/2440/2217 2122/2488/2217 2106/2441/2217
f 2099/2434/2218 2114/2480/2218 2115/2481/2218
f 2107/2442/2219 2122/2488/2219 2123/2489/2219
f 2099/2434/2220 2116/2482/2220 2100/2435/2220
f 2093/2428/2221 1882/2206/2221 2109/2475/2221
f 2108/2463/2222 2107/2442/2222 2123/2489/2222
f 2100/2435/2223 2117/2483/2223 2101/2436/2223
f 2093/2428/2224 2110/2476/2224 2094/2429/2224
f 2121/2487/2225 2137/2503/2225 2122/2488/2225
f 2115/2481/2226 2129/2495/2226 2130/2496/2226
f 2122/2488/2227 2138/2504/2227 2123/2489/2227
f 2116/2482/2228 2130/2496/2228 2131/2497/2228
f 2109/2475/2229 1882/2207/2229 2124/2490/2229
f 2108/2464/2230 2123/2489/2230 2138/2504/2230
f 2117/2483/2231 2131/2497/2231 2132/2498/2231
f 2110/2476/2232 2124/2490/2232 2125/2491/2232
f 2118/2484/2233 2132/2498/2233 2133/2499/2233
f 2111/2477/2234 2125/2491/2234 2126/2492/2234
f 2119/2485/2235 2133/2499/2235 2134/2500/2235
f 2111/2477/2236 2127/2493/2236 2112/2478/2236
f 2119/2485/2237 2135/2501/2237 2120/2486/2237
f 2112/2478/2238 2128/2494/2238 2113/2479/2238
f 2120/2486/2239 2136/2502/2239 2121/2487/2239
f 2114/2480/2240 2128/2494/2240 2129/2495/2240
f 2134/2500/2241 2148/2514/2241 2149/2515/2241
f 2126/2492/2242 2142/2508/2242 2127/2493/2242
f 2135/2501/2243 2149/2515/2243 2150/2516/2243
f 2128/2494/2244 2142/2508/2244 2143/2509/2244
f 2136/2502/2245 2150/2516/2245 2151/2517/2245
f 2128/2494/2246 2144/2510/2246 2129/2495/2246
f 2137/2503/2247 2151/2517/2247 2152/2518/2247
f 2130/2496/2248 2144/2510/2248 2145/2511/2248
f 2138/2504/2249 2152/2518/2249 2153/2519/2249
f 2131/2497/2250 2145/2511/2250 2146/2512/2250
f 2124/2490/2251 1882/2208/2251 2139/2505/2251
f 2108/2465/2252 2138/2504/2252 2153/2519/2252
f 2131/2497/2253 2147/2513/2253 2132/2498/2253
f 2124/2490/2254 2140/2506/2254 2125/2491/2254
f 2132/2498/2255 2148/2514/2255 2133/2499/2255
f 2125/2491/2256 2141/2507/2256 2126/2492/2256
f 2152/2518/2257 2168/2548/2257 2153/2519/2257
f 2145/2511/2258 2161/2534/2258 2146/2512/2258
f 2139/2505/2259 1882/2209/2259 2154/2520/2259
f 2108/2466/2260 2153/2519/2260 2168/2548/2260
f 2146/2512/2261 2162/2536/2261 2147/2513/2261
f 2140/2506/2262 2154/2520/2262 2155/2522/2262
f 2147/2513/2263 2163/2538/2263 2148/2514/2263
f 2141/2507/2264 2155/2522/2264 2156/2524/2264
f 2148/2514/2265 2164/2540/2265 2149/2515/2265
f 2141/2507/2266 2157/2526/2266 2142/2508/2266
f 2149/2515/2267 2165/2542/2267 2150/2516/2267
f 2143/2509/2268 2157/2526/2268 2158/2528/2268
f 2150/2516/2269 2166/2544/2269 2151/2517/2269
f 2143/2509/2270 2159/2530/2270 2144/2510/2270
f 2151/2517/2271 2167/2546/2271 2152/2518/2271
f 2145/2511/2272 2159/2530/2272 2160/2532/2272
f 2156/2525/2273 2172/2553/2273 2157/2527/2273
f 2165/2543/2274 2179/2560/2274 2180/2561/2274
f 2157/2527/2275 2173/2554/2275 2158/2529/2275
f 2165/2543/2276 2181/2562/2276 2166/2545/2276
f 2158/2529/2277 2174/2555/2277 2159/2531/2277
f 2166/2545/2278 2182/2563/2278 2167/2547/2278
f 2160/2533/2279 2174/2555/2279 2175/2556/2279
f 2168/2549/2280 2182/2563/2280 2183/2564/2280
f 2161/2535/2281 2175/2556/2281 2176/2557/2281
f 2154/2521/2282 1882/2210/2282 2169/2550/2282
f 2108/2467/2283 2168/2549/2283 2183/2564/2283
f 2161/2535/2284 2177/2558/2284 2162/2537/2284
f 2155/2523/2285 2169/2550/2285 2170/2551/2285
f 2162/2537/2286 2178/2559/2286 2163/2539/2286
f 2156/2525/2287 2170/2551/2287 2171/2552/2287
f 2164/2541/2288 2178/2559/2288 2179/2560/2288
f 2176/2557/2289 2190/2571/2289 2191/2572/2289
f 2169/2550/2290 1882/2211/2290 2184/2565/2290
f 2108/2468/2291 2183/2564/2291 2198/2579/2291
f 2176/2557/2292 2192/2573/2292 2177/2558/2292
f 2170/2551/2293 2184/2565/2293 2185/2566/2293
f 2177/2558/2294 2193/2574/2294 2178/2559/2294
f 2170/2551/2295 2186/2567/2295 2171/2552/2295
f 2179/2560/2296 2193/2574/2296 2194/2575/2296
f 2171/2552/2297 2187/2568/2297 2172/2553/2297
f 2180/2561/2298 2194/2575/2298 2195/2576/2298
f 2173/2554/2299 2187/2568/2299 2188/2569/2299
f 2180/2561/2300 2196/2577/2300 2181/2562/2300
f 2173/2554/2301 2189/2570/2301 2174/2555/2301
f 2182/2563/2302 2196/2577/2302 2197/2578/2302
f 2175/2556/2303 2189/2570/2303 2190/2571/2303
f 2183/2564/2304 2197/2578/2304 2198/2579/2304
f 2194/2575/2305 2210/2591/2305 2195/2576/2305
f 2188/2569/2306 2202/2583/2306 2203/2584/2306
f 2196/2577/2307 2210/2591/2307 2211/2592/2307
f 2188/2569/2308 2204/2585/2308 2189/2570/2308
f 2196/2577/2309 2212/2593/2309 2197/2578/2309
f 2190/2571/2310 2204/2585/2310 2205/2586/2310
f 2197/2578/2311 2213/2594/2311 2198/2579/2311
f 2191/2572/2312 2205/2586/2312 2206/2587/2312
f 2184/2565/2313 1882/2212/2313 2199/2580/2313
f 2108/2469/2314 2198/2579/2314 2213/2594/2314
f 2191/2572/2315 2207/2588/2315 2192/2573/2315
f 2185/2566/2316 2199/2580/2316 2200/2581/2316
f 2192/2573/2317 2208/2589/2317 2193/2574/2317
f 2185/2566/2318 2201/2582/2318 2186/2567/2318
f 2193/2574/2319 2209/2590/2319 2194/2575/2319
f 2186/2567/2320 2202/2583/2320 2187/2568/2320
f 2199/2580/2321 1882/2213/2321 2214/2595/2321
f 2108/2470/2322 2213/2594/2322 2228/2609/2322
f 2206/2587/2323 2222/2603/2323 2207/2588/2323
f 2200/2581/2324 2214/2595/2324 2215/2596/2324
f 2208/2589/2325 2222/2603/2325 2223/2604/2325
f 2200/2581/2326 2216/2597/2326 2201/2582/2326
f 2208/2589/2327 2224/2605/2327 2209/2590/2327
f 2201/2582/2328 2217/2598/2328 2202/2583/2328
f 2209/2590/2329 2225/2606/2329 2210/2591/2329
f 2202/2583/2330 2218/2599/2330 2203/2584/2330
f 2211/2592/2331 2225/2606/2331 2226/2607/2331
f 2203/2584/2332 2219/2600/2332 2204/2585/2332
f 2211/2592/2333 2227/2608/2333 2212/2593/2333
f 2205/2586/2334 2219/2600/2334 2220/2601/2334
f 2213/2594/2335 2227/2608/2335 2228/2609/2335
f 2205/2586/2336 2221/2602/2336 2206/2587/2336
f 2218/2599/2337 2232/2613/2337 2233/2614/2337
f 2226/2607/2338 2240/2621/2338 2241/2622/2338
f 2218/2599/2339 2234/2615/2339 2219/2600/2339
f 2226/2607/2340 2242/2623/2340 2227/2608/2340
f 2220/2601/2341 2234/2615/2341 2235/2616/2341
f 2228/2609/2342 2242/2623/2342 2243/2624/2342
f 2221/2602/2343 2235/2616/2343 2236/2617/2343
f 2214/2595/2344 1882/2214/2344 2229/2610/2344
f 2108/2471/2345 2228/2609/2345 2243/2624/2345
f 2221/2602/2346 2237/2618/2346 2222/2603/2346
f 2215/2596/2347 2229/2610/2347 2230/2611/2347
f 2222/2603/2348 2238/2619/2348 2223/2604/2348
f 2216/2597/2349 2230/2611/2349 2231/2612/2349
f 2224/2605/2350 2238/2619/2350 2239/2620/2350
f 2216/2597/2351 2232/2613/2351 2217/2598/2351
f 2224/2605/2352 2240/2621/2352 2225/2606/2352
f 2237/2618/2353 2251/2632/2353 2252/2633/2353
f 2230/2611/2354 2244/2625/2354 2245/2626/2354
f 2237/2618/2355 2253/2634/2355 2238/2619/2355
f 2231/2612/2356 2245/2626/2356 2246/2627/2356
f 2238/2619/2357 2254/2635/2357 2239/2620/2357
f 2232/2613/2358 2246/2627/2358 2247/2628/2358
f 2240/2621/2359 2254/2635/2359 2255/2636/2359
f 2233/2614/2360 2247/2628/2360 2248/2629/2360
f 2240/2621/2361 2256/2637/2361 2241/2622/2361
f 2233/2614/2362 2249/2630/2362 2234/2615/2362
f 2241/2622/2363 2257/2638/2363 2242/2623/2363
f 2235/2616/2364 2249/2630/2364 2250/2631/2364
f 2242/2623/2365 2258/2639/2365 2243/2624/2365
f 2236/2617/2366 2250/2631/2366 2251/2632/2366
f 2229/2610/2367 1882/2215/2367 2244/2625/2367
f 2108/2472/2368 2243/2624/2368 2258/2639/2368
f 2256/2637/2369 2270/2651/2369 2271/2652/2369
f 2248/2629/2370 2264/2645/2370 2249/2630/2370
f 2256/2637/2371 2272/2653/2371 2257/2638/2371
f 2250/2631/2372 2264/2645/2372 2265/2646/2372
f 2258/2639/2373 2272/2653/2373 2273/2654/2373
f 2251/2632/2374 2265/2646/2374 2266/2647/2374
f 2244/2625/2375 1882/2216/2375 2259/2640/2375
f 2108/2473/2376 2258/2639/2376 2273/2654/2376
f 2252/2633/2377 2266/2647/2377 2267/2648/2377
f 2244/2625/2378 2260/2641/2378 2245/2626/2378
f 2252/2633/2379 2268/2649/2379 2253/2634/2379
f 2246/2627/2380 2260/2641/2380 2261/2642/2380
f 2253/2634/2381 2269/2650/2381 2254/2635/2381
f 2246/2627/2382 2262/2643/2382 2247/2628/2382
f 2254/2635/2383 2270/2651/2383 2255/2636/2383
f 2247/2628/2384 2263/2644/2384 2248/2629/2384
f 2267/2648/2385 2278/2659/2385 2268/2649/2385
f 2260/2641/2386 1801/2105/2386 2261/2642/2386
f 2269/2650/2387 2278/2659/2387 1806/2110/2387
f 2262/2643/2388 1801/2105/2388 2276/2657/2388
f 2269/2650/2389 2279/2660/2389 2270/2651/2389
f 2263/2644/2390 2276/2657/2390 1802/2106/2390
f 2271/2652/2391 2279/2660/2391 2280/2661/2391
f 2264/2645/2392 1802/2106/2392 2277/2658/2392
f 2271/2652/2393 2281/2662/2393 2272/2653/2393
f 2265/2646/2394 2277/2658/2394 1803/2107/2394
f 2273/2654/2395 2281/2662/2395 2282/2663/2395
f 2266/2647/2396 1803/2107/2396 1804/2108/2396
f 2259/2640/2397 1882/2217/2397 2274/2655/2397
f 2108/2474/2398 2273/2654/2398 2282/2663/2398
f 2266/2647/2399 1805/2109/2399 2267/2648/2399
f 2260/2641/2400 2274/2655/2400 2275/2656/2400
f 2757/3215/2401 2289/2670/2401 2290/2671/2401
f 2287/2668/2402 2298/2679/2402 2760/3218/2402
f 2283/2664/2403 2290/2671/2403 2291/2672/2403
f 2760/3218/2404 2299/2680/2404 2288/2669/2404
f 2758/3216/2405 2291/2672/2405 2292/2673/2405
f 2761/3219/2406 2299/2680/2406 2300/2681/2406
f 2758/3216/2407 2293/2674/2407 2284/2665/2407
f 2761/3219/2408 2301/2682/2408 2762/3220/2408
f 2759/3217/2409 2293/2674/2409 2294/2675/2409
f 2762/3220/2410 2302/2683/2410 2763/3221/2410
f 2759/3217/2411 2295/2676/2411 2285/2666/2411
f 2763/3221/2412 2303/2684/2412 2764/3222/2412
f 2285/2666/2413 2296/2677/2413 2286/2667/2413
f 2756/3214/2414 2364/2745/2414 2289/2670/2414
f 2590/3002/2415 2764/3222/2415 2303/2684/2415
f 2286/2667/2416 2297/2678/2416 2287/2668/2416
f 2295/2676/2417 2311/2692/2417 2296/2677/2417
f 2289/2670/2418 2364/2746/2418 2304/2685/2418
f 2590/3003/2419 2303/2684/2419 2318/2699/2419
f 2297/2678/2420 2311/2692/2420 2312/2693/2420
f 2290/2671/2421 2304/2685/2421 2305/2686/2421
f 2298/2679/2422 2312/2693/2422 2313/2694/2422
f 2290/2671/2423 2306/2687/2423 2291/2672/2423
f 2299/2680/2424 2313/2694/2424 2314/2695/2424
f 2291/2672/2425 2307/2688/2425 2292/2673/2425
f 2300/2681/2426 2314/2695/2426 2315/2696/2426
f 2292/2673/2427 2308/2689/2427 2293/2674/2427
f 2301/2682/2428 2315/2696/2428 2316/2697/2428
f 2294/2675/2429 2308/2689/2429 2309/2690/2429
f 2302/2683/2430 2316/2697/2430 2317/2698/2430
f 2294/2675/2431 2310/2691/2431 2295/2676/2431
f 2303/2684/2432 2317/2698/2432 2318/2699/2432
f 2314/2695/2433 2330/2711/2433 2315/2696/2433
f 2308/2689/2434 2322/2703/2434 2323/2704/2434
f 2316/2697/2435 2330/2711/2435 2331/2712/2435
f 2308/2689/2436 2324/2705/2436 2309/2690/2436
f 2317/2698/2437 2331/2712/2437 2332/2713/2437
f 2309/2690/2438 2325/2706/2438 2310/2691/2438
f 2318/2699/2439 2332/2713/2439 2333/2714/2439
f 2311/2692/2440 2325/2706/2440 2326/2707/2440
f 2304/2685/2441 2364/2747/2441 2319/2700/2441
f 2590/3004/2442 2318/2699/2442 2333/2714/2442
f 2311/2692/2443 2327/2708/2443 2312/2693/2443
f 2305/2686/2444 2319/2700/2444 2320/2701/2444
f 2312/2693/2445 2328/2709/2445 2313/2694/2445
f 2306/2687/2446 2320/2701/2446 2321/2702/2446
f 2313/2694/2447 2329/2710/2447 2314/2695/2447
f 2306/2687/2448 2322/2703/2448 2307/2688/2448
f 2590/3005/2449 2333/2714/2449 2348/2729/2449
f 2326/2707/2450 2342/2723/2450 2327/2708/2450
f 2319/2700/2451 2335/2716/2451 2320/2701/2451
f 2327/2708/2452 2343/2724/2452 2328/2709/2452
f 2320/2701/2453 2336/2717/2453 2321/2702/2453
f 2328/2709/2454 2344/2725/2454 2329/2710/2454
f 2321/2702/2455 2337/2718/2455 2322/2703/2455
f 2330/2711/2456 2344/2725/2456 2345/2726/2456
f 2322/2703/2457 2338/2719/2457 2323/2704/2457
f 2331/2712/2458 2345/2726/2458 2346/2727/2458
f 2323/2704/2459 2339/2720/2459 2324/2705/2459
f 2331/2712/2460 2347/2728/2460 2332/2713/2460
f 2325/2706/2461 2339/2720/2461 2340/2721/2461
f 2332/2713/2462 2348/2729/2462 2333/2714/2462
f 2325/2706/2463 2341/2722/2463 2326/2707/2463
f 2319/2700/2464 2364/2748/2464 2334/2715/2464
f 2345/2726/2465 2361/2742/2465 2346/2727/2465
f 2338/2719/2466 2354/2735/2466 2339/2720/2466
f 2347/2728/2467 2361/2742/2467 2362/2743/2467
f 2340/2721/2468 2354/2735/2468 2355/2736/2468
f 2347/2728/2469 2363/2744/2469 2348/2729/2469
f 2341/2722/2470 2355/2736/2470 2356/2737/2470
f 2334/2715/2471 2364/2749/2471 2349/2730/2471
f 2590/3006/2472 2348/2729/2472 2363/2744/2472
f 2341/2722/2473 2357/2738/2473 2342/2723/2473
f 2334/2715/2474 2350/2731/2474 2335/2716/2474
f 2342/2723/2475 2358/2739/2475 2343/2724/2475
f 2336/2717/2476 2350/2731/2476 2351/2732/2476
f 2344/2725/2477 2358/2739/2477 2359/2740/2477
f 2336/2717/2478 2352/2733/2478 2337/2718/2478
f 2344/2725/2479 2360/2741/2479 2345/2726/2479
f 2337/2718/2480 2353/2734/2480 2338/2719/2480
f 2349/2730/2481 2366/2778/2481 2350/2731/2481
f 2357/2738/2482 2374/2786/2482 2358/2739/2482
f 2350/2731/2483 2367/2779/2483 2351/2732/2483
f 2359/2740/2484 2374/2786/2484 2375/2787/2484
f 2351/2732/2485 2368/2780/2485 2352/2733/2485
f 2359/2740/2486 2376/2788/2486 2360/2741/2486
f 2353/2734/2487 2368/2780/2487 2369/2781/2487
f 2360/2741/2488 2377/2789/2488 2361/2742/2488
f 2353/2734/2489 2370/2782/2489 2354/2735/2489
f 2362/2743/2490 2377/2789/2490 2378/2790/2490
f 2355/2736/2491 2370/2782/2491 2371/2783/2491
f 2362/2743/2492 2379/2791/2492 2363/2744/2492
f 2356/2737/2493 2371/2783/2493 2372/2784/2493
f 2349/2730/2494 2364/2750/2494 2365/2777/2494
f 2590/3007/2495 2363/2744/2495 2379/2791/2495
f 2356/2737/2496 2373/2785/2496 2357/2738/2496
f 2369/2781/2497 2385/2797/2497 2370/2782/2497
f 2378/2790/2498 2392/2804/2498 2393/2805/2498
f 2371/2783/2499 2385/2797/2499 2386/2798/2499
f 2378/2790/2500 2394/2806/2500 2379/2791/2500
f 2372/2784/2501 2386/2798/2501 2387/2799/2501
f 2365/2777/2502 2364/2751/2502 2380/2792/2502
f 2590/3008/2503 2379/2791/2503 2394/2806/2503
f 2373/2785/2504 2387/2799/2504 2388/2800/2504
f 2366/2778/2505 2380/2792/2505 2381/2793/2505
f 2373/2785/2506 2389/2801/2506 2374/2786/2506
f 2366/2778/2507 2382/2794/2507 2367/2779/2507
f 2374/2786/2508 2390/2802/2508 2375/2787/2508
f 2367/2779/2509 2383/2795/2509 2368/2780/2509
f 2375/2787/2510 2391/2803/2510 2376/2788/2510
f 2368/2780/2511 2384/2796/2511 2369/2781/2511
f 2377/2789/2512 2391/2803/2512 2392/2804/2512
f 2388/2800/2513 2404/2816/2513 2389/2801/2513
f 2381/2793/2514 2397/2809/2514 2382/2794/2514
f 2390/2802/2515 2404/2816/2515 2405/2817/2515
f 2382/2794/2516 2398/2810/2516 2383/2795/2516
f 2391/2803/2517 2405/2817/2517 2406/2818/2517
f 2383/2795/2518 2399/2811/2518 2384/2796/2518
f 2392/2804/2519 2406/2818/2519 2407/2819/2519
f 2384/2796/2520 2400/2812/2520 2385/2797/2520
f 2393/2805/2521 2407/2819/2521 2408/2820/2521
f 2385/2797/2522 2401/2813/2522 2386/2798/2522
f 2393/2805/2523 2409/2821/2523 2394/2806/2523
f 2387/2799/2524 2401/2813/2524 2402/2814/2524
f 2380/2792/2525 2364/2752/2525 2395/2807/2525
f 2590/3009/2526 2394/2806/2526 2409/2821/2526
f 2387/2799/2527 2403/2815/2527 2388/2800/2527
f 2380/2792/2528 2396/2808/2528 2381/2793/2528
f 2408/2820/2529 2422/2834/2529 2423/2835/2529
f 2401/2813/2530 2415/2827/2530 2416/2828/2530
f 2409/2821/2531 2423/2835/2531 2424/2836/2531
f 2401/2813/2532 2417/2829/2532 2402/2814/2532
f 2395/2807/2533 2364/2753/2533 2410/2822/2533
f 2590/3010/2534 2409/2821/2534 2424/2836/2534
f 2403/2815/2535 2417/2829/2535 2418/2830/2535
f 2396/2808/2536 2410/2822/2536 2411/2823/2536
f 2404/2816/2537 2418/2830/2537 2419/2831/2537
f 2397/2809/2538 2411/2823/2538 2412/2824/2538
f 2405/2817/2539 2419/2831/2539 2420/2832/2539
f 2398/2810/2540 2412/2824/2540 2413/2825/2540
f 2405/2817/2541 2421/2833/2541 2406/2818/2541
f 2399/2811/2542 2413/2825/2542 2414/2826/2542
f 2406/2818/2543 2422/2834/2543 2407/2819/2543
f 2399/2811/2544 2415/2827/2544 2400/2812/2544
f 2412/2824/2545 2426/2838/2545 2427/2839/2545
f 2420/2832/2546 2434/2846/2546 2435/2847/2546
f 2412/2824/2547 2428/2840/2547 2413/2825/2547
f 2420/2832/2548 2436/2848/2548 2421/2833/2548
f 2414/2826/2549 2428/2840/2549 2429/2841/2549
f 2421/2833/2550 2437/2849/2550 2422/2834/2550
f 2414/2826/2551 2430/2842/2551 2415/2827/2551
f 2423/2835/2552 2437/2849/2552 2438/2850/2552
f 2416/2828/2553 2430/2842/2553 2431/2843/2553
f 2424/2836/2554 2438/2850/2554 2439/2851/2554
f 2416/2828/2555 2432/2844/2555 2417/2829/2555
f 2410/2822/2556 2364/2754/2556 2425/2837/2556
f 2590/3011/2557 2424/2836/2557 2439/2851/2557
f 2417/2829/2558 2433/2845/2558 2418/2830/2558
f 2410/2822/2559 2426/2838/2559 2411/2823/2559
f 2418/2830/2560 2434/2846/2560 2419/2831/2560
f 2430/2842/2561 2446/2858/2561 2431/2843/2561
f 2439/2851/2562 2453/2865/2562 2454/2866/2562
f 2432/2844/2563 2446/2858/2563 2447/2859/2563
f 2425/2837/2564 2364/2755/2564 2440/2852/2564
f 2590/3012/2565 2439/2851/2565 2454/2866/2565
f 2432/2844/2566 2448/2860/2566 2433/2845/2566
f 2425/2837/2567 2441/2853/2567 2426/2838/2567
f 2433/2845/2568 2449/2861/2568 2434/2846/2568
f 2426/2838/2569 2442/2854/2569 2427/2839/2569
f 2435/2847/2570 2449/2861/2570 2450/2862/2570
f 2428/2840/2571 2442/2854/2571 2443/2855/2571
f 2436/2848/2572 2450/2862/2572 2451/2863/2572
f 2429/2841/2573 2443/2855/2573 2444/2856/2573
f 2437/2849/2574 2451/2863/2574 2452/2864/2574
f 2429/2841/2575 2445/2857/2575 2430/2842/2575
f 2438/2850/2576 2452/2864/2576 2453/2865/2576
f 2450/2862/2577 2464/2876/2577 2465/2877/2577
f 2442/2854/2578 2458/2870/2578 2443/2855/2578
f 2450/2862/2579 2466/2878/2579 2451/2863/2579
f 2444/2856/2580 2458/2870/2580 2459/2871/2580
f 2451/2863/2581 2467/2879/2581 2452/2864/2581
f 2444/2856/2582 2460/2872/2582 2445/2857/2582
f 2452/2864/2583 2468/2880/2583 2453/2865/2583
f 2446/2858/2584 2460/2872/2584 2461/2873/2584
f 2453/2865/2585 2469/2881/2585 2454/2866/2585
f 2446/2858/2586 2462/2874/2586 2447/2859/2586
f 2440/2852/2587 2364/2756/2587 2455/2867/2587
f 2590/3013/2588 2454/2866/2588 2469/2881/2588
f 2447/2859/2589 2463/2875/2589 2448/2860/2589
f 2440/2852/2590 2456/2868/2590 2441/2853/2590
f 2448/2860/2591 2464/2876/2591 2449/2861/2591
f 2442/2854/2592 2456/2868/2592 2457/2869/2592
f 2468/2880/2593 2484/2896/2593 2469/2881/2593
f 2462/2874/2594 2476/2888/2594 2477/2889/2594
f 2455/2867/2595 2364/2757/2595 2470/2882/2595
f 2590/3014/2596 2469/2881/2596 2484/2896/2596
f 2463/2875/2597 2477/2889/2597 2478/2890/2597
f 2455/2867/2598 2471/2883/2598 2456/2868/2598
f 2464/2876/2599 2478/2890/2599 2479/2891/2599
f 2456/2868/2600 2472/2884/2600 2457/2869/2600
f 2465/2877/2601 2479/2891/2601 2480/2892/2601
f 2458/2870/2602 2472/2884/2602 2473/2885/2602
f 2466/2878/2603 2480/2892/2603 2481/2893/2603
f 2459/2871/2604 2473/2885/2604 2474/2886/2604
f 2467/2879/2605 2481/2893/2605 2482/2894/2605
f 2459/2871/2606 2475/2887/2606 2460/2872/2606
f 2468/2880/2607 2482/2894/2607 2483/2895/2607
f 2461/2873/2608 2475/2887/2608 2476/2888/2608
f 2480/2892/2609 2496/2908/2609 2481/2893/2609
f 2473/2885/2610 2489/2901/2610 2474/2886/2610
f 2481/2893/2611 2497/2909/2611 2482/2894/2611
f 2474/2886/2612 2490/2902/2612 2475/2887/2612
f 2482/2894/2613 2498/2910/2613 2483/2895/2613
f 2476/2888/2614 2490/2902/2614 2491/2903/2614
f 2483/2895/2615 2499/2911/2615 2484/2896/2615
f 2477/2889/2616 2491/2903/2616 2492/2904/2616
f 2470/2882/2617 2364/2758/2617 2485/2897/2617
f 2590/3015/2618 2484/2896/2618 2499/2911/2618
f 2477/2889/2619 2493/2905/2619 2478/2890/2619
f 2470/2882/2620 2486/2898/2620 2471/2883/2620
f 2478/2890/2621 2494/2906/2621 2479/2891/2621
f 2471/2883/2622 2487/2899/2622 2472/2884/2622
f 2479/2891/2623 2495/2907/2623 2480/2892/2623
f 2473/2885/2624 2487/2899/2624 2488/2900/2624
f 2485/2897/2625 2364/2759/2625 2500/2912/2625
f 2590/3016/2626 2499/2911/2626 2514/2926/2626
f 2492/2904/2627 2508/2920/2627 2493/2905/2627
f 2485/2897/2628 2501/2913/2628 2486/2898/2628
f 2493/2905/2629 2509/2921/2629 2494/2906/2629
f 2487/2899/2630 2501/2913/2630 2502/2914/2630
f 2495/2907/2631 2509/2921/2631 2510/2922/2631
f 2487/2899/2632 2503/2915/2632 2488/2900/2632
f 2496/2908/2633 2510/2922/2633 2511/2923/2633
f 2488/2900/2634 2504/2916/2634 2489/2901/2634
f 2497/2909/2635 2511/2923/2635 2512/2924/2635
f 2489/2901/2636 2505/2917/2636 2490/2902/2636
f 2498/2910/2637 2512/2924/2637 2513/2925/2637
f 2491/2903/2638 2505/2917/2638 2506/2918/2638
f 2498/2910/2639 2514/2926/2639 2499/2911/2639
f 2491/2903/2640 2507/2919/2640 2492/2904/2640
f 2504/2916/2641 2518/2930/2641 2519/2931/2641
f 2512/2924/2642 2526/2938/2642 2527/2939/2642
f 2504/2916/2643 2520/2932/2643 2505/2917/2643
f 2512/2924/2644 2528/2940/2644 2513/2925/2644
f 2506/2918/2645 2520/2932/2645 2521/2933/2645
f 2514/2926/2646 2528/2940/2646 2529/2941/2646
f 2507/2919/2647 2521/2933/2647 2522/2934/2647
f 2500/2912/2648 2364/2760/2648 2515/2927/2648
f 2590/3017/2649 2514/2926/2649 2529/2941/2649
f 2508/2920/2650 2522/2934/2650 2523/2935/2650
f 2500/2912/2651 2516/2928/2651 2501/2913/2651
f 2508/2920/2652 2524/2936/2652 2509/2921/2652
f 2501/2913/2653 2517/2929/2653 2502/2914/2653
f 2510/2922/2654 2524/2936/2654 2525/2937/2654
f 2502/2914/2655 2518/2930/2655 2503/2915/2655
f 2510/2922/2656 2526/2938/2656 2511/2923/2656
f 2522/2934/2657 2538/2950/2657 2523/2935/2657
f 2516/2928/2658 2530/2942/2658 2531/2943/2658
f 2523/2935/2659 2539/2951/2659 2524/2936/2659
f 2517/2929/2660 2531/2943/2660 2532/2944/2660
f 2525/2937/2661 2539/2951/2661 2540/2952/2661
f 2518/2930/2662 2532/2944/2662 2533/2945/2662
f 2525/2937/2663 2541/2953/2663 2526/2938/2663
f 2519/2931/2664 2533/2945/2664 2534/2946/2664
f 2527/2939/2665 2541/2953/2665 2542/2954/2665
f 2519/2931/2666 2535/2947/2666 2520/2932/2666
f 2528/2940/2667 2542/2954/2667 2543/2955/2667
f 2521/2933/2668 2535/2947/2668 2536/2948/2668
f 2528/2940/2669 2544/2956/2669 2529/2941/2669
f 2522/2934/2670 2536/2948/2670 2537/2949/2670
f 2515/2927/2671 2364/2761/2671 2530/2942/2671
f 2590/3018/2672 2529/2941/2672 2544/2956/2672
f 2542/2954/2673 2556/2968/2673 2557/2969/2673
f 2534/2946/2674 2550/2962/2674 2535/2947/2674
f 2542/2954/2675 2558/2970/2675 2543/2955/2675
f 2535/2947/2676 2551/2963/2676 2536/2948/2676
f 2544/2956/2677 2558/2970/2677 2559/2971/2677
f 2537/2949/2678 2551/2963/2678 2552/2964/2678
f 2530/2942/2679 2364/2762/2679 2545/2957/2679
f 2590/3019/2680 2544/2956/2680 2559/2971/2680
f 2537/2949/2681 2553/2965/2681 2538/2950/2681
f 2530/2942/2682 2546/2958/2682 2531/2943/2682
f 2538/2950/2683 2554/2966/2683 2539/2951/2683
f 2531/2943/2684 2547/2959/2684 2532/2944/2684
f 2539/2951/2685 2555/2967/2685 2540/2952/2685
f 2532/2944/2686 2548/2960/2686 2533/2945/2686
f 2540/2952/2687 2556/2968/2687 2541/2953/2687
f 2533/2945/2688 2549/2961/2688 2534/2946/2688
f 2546/2958/2689 2560/2972/2689 2561/2973/2689
f 2554/2966/2690 2568/2980/2690 2569/2981/2690
f 2547/2959/2691 2561/2973/2691 2562/2974/2691
f 2555/2967/2692 2569/2981/2692 2570/2982/2692
f 2547/2959/2693 2563/2975/2693 2548/2960/2693
f 2556/2968/2694 2570/2982/2694 2571/2983/2694
f 2549/2961/2695 2563/2975/2695 2564/2976/2695
f 2557/2969/2696 2571/2983/2696 2572/2984/2696
f 2549/2961/2697 2565/2977/2697 2550/2962/2697
f 2558/2970/2698 2572/2984/2698 2573/2985/2698
f 2551/2963/2699 2565/2977/2699 2566/2978/2699
f 2559/2971/2700 2573/2985/2700 2574/2986/2700
f 2552/2964/2701 2566/2978/2701 2567/2979/2701
f 2545/2957/2702 2364/2763/2702 2560/2972/2702
f 2590/3020/2703 2559/2971/2703 2574/2986/2703
f 2552/2964/2704 2568/2980/2704 2553/2965/2704
f 2564/2976/2705 2580/2992/2705 2565/2977/2705
f 2572/2984/2706 2588/3000/2706 2573/2985/2706
f 2566/2978/2707 2580/2992/2707 2581/2993/2707
f 2573/2985/2708 2589/3001/2708 2574/2986/2708
f 2567/2979/2709 2581/2993/2709 2582/2994/2709
f 2560/2972/2710 2364/2764/2710 2575/2987/2710
f 2590/3021/2711 2574/2986/2711 2589/3001/2711
f 2567/2979/2712 2583/2995/2712 2568/2980/2712
f 2561/2973/2713 2575/2987/2713 2576/2988/2713
f 2568/2980/2714 2584/2996/2714 2569/2981/2714
f 2562/2974/2715 2576/2988/2715 2577/2989/2715
f 2569/2981/2716 2585/2997/2716 2570/2982/2716
f 2563/2975/2717 2577/2989/2717 2578/2990/2717
f 2570/2982/2718 2586/2998/2718 2571/2983/2718
f 2564/2976/2719 2578/2990/2719 2579/2991/2719
f 2572/2984/2720 2586/2998/2720 2587/2999/2720
f 2583/2995/2721 2600/3043/2721 2584/2996/2721
f 2576/2988/2722 2593/3036/2722 2577/2989/2722
f 2584/2996/2723 2601/3044/2723 2585/2997/2723
f 2577/2989/2724 2594/3037/2724 2578/2990/2724
f 2586/2998/2725 2601/3044/2725 2602/3045/2725
f 2579/2991/2726 2594/3037/2726 2595/3038/2726
f 2587/2999/2727 2602/3045/2727 2603/3046/2727
f 2580/2992/2728 2595/3038/2728 2596/3039/2728
f 2587/2999/2729 2604/3047/2729 2588/3000/2729
f 2581/2993/2730 2596/3039/2730 2597/3040/2730
f 2589/3001/2731 2604/3047/2731 2605/3048/2731
f 2581/2993/2732 2598/3041/2732 2582/2994/2732
f 2575/2987/2733 2364/2765/2733 2591/3034/2733
f 2590/3022/2734 2589/3001/2734 2605/3048/2734
f 2582/2994/2735 2599/3042/2735 2583/2995/2735
f 2575/2987/2736 2592/3035/2736 2576/2988/2736
f 2603/3046/2737 2619/3062/2737 2604/3047/2737
f 2597/3040/2738 2611/3054/2738 2612/3055/2738
f 2605/3048/2739 2619/3062/2739 2620/3063/2739
f 2598/3041/2740 2612/3055/2740 2613/3056/2740
f 2591/3034/2741 2364/2766/2741 2606/3049/2741
f 2590/3023/2742 2605/3048/2742 2620/3063/2742
f 2598/3041/2743 2614/3057/2743 2599/3042/2743
f 2592/3035/2744 2606/3049/2744 2607/3050/2744
f 2599/3042/2745 2615/3058/2745 2600/3043/2745
f 2593/3036/2746 2607/3050/2746 2608/3051/2746
f 2601/3044/2747 2615/3058/2747 2616/3059/2747
f 2593/3036/2748 2609/3052/2748 2594/3037/2748
f 2601/3044/2749 2617/3060/2749 2602/3045/2749
f 2594/3037/2750 2610/3053/2750 2595/3038/2750
f 2602/3045/2751 2618/3061/2751 2603/3046/2751
f 2596/3039/2752 2610/3053/2752 2611/3054/2752
f 2616/3059/2753 2630/3073/2753 2631/3074/2753
f 2608/3051/2754 2624/3067/2754 2609/3052/2754
f 2617/3060/2755 2631/3074/2755 2632/3075/2755
f 2610/3053/2756 2624/3067/2756 2625/3068/2756
f 2618/3061/2757 2632/3075/2757 2633/3076/2757
f 2610/3053/2758 2626/3069/2758 2611/3054/2758
f 2619/3062/2759 2633/3076/2759 2634/3077/2759
f 2612/3055/2760 2626/3069/2760 2627/3070/2760
f 2620/3063/2761 2634/3077/2761 2635/3078/2761
f 2613/3056/2762 2627/3070/2762 2628/3071/2762
f 2606/3049/2763 2364/2767/2763 2621/3064/2763
f 2590/3024/2764 2620/3063/2764 2635/3078/2764
f 2613/3056/2765 2629/3072/2765 2614/3057/2765
f 2606/3049/2766 2622/3065/2766 2607/3050/2766
f 2614/3057/2767 2630/3073/2767 2615/3058/2767
f 2607/3050/2768 2623/3066/2768 2608/3051/2768
f 2634/3077/2769 2650/3107/2769 2635/3078/2769
f 2627/3070/2770 2643/3093/2770 2628/3071/2770
f 2621/3064/2771 2364/2768/2771 2636/3079/2771
f 2590/3025/2772 2635/3078/2772 2650/3107/2772
f 2628/3071/2773 2644/3095/2773 2629/3072/2773
f 2622/3065/2774 2636/3079/2774 2637/3081/2774
f 2629/3072/2775 2645/3097/2775 2630/3073/2775
f 2623/3066/2776 2637/3081/2776 2638/3083/2776
f 2630/3073/2777 2646/3099/2777 2631/3074/2777
f 2623/3066/2778 2639/3085/2778 2624/3067/2778
f 2631/3074/2779 2647/3101/2779 2632/3075/2779
f 2625/3068/2780 2639/3085/2780 2640/3087/2780
f 2632/3075/2781 2648/3103/2781 2633/3076/2781
f 2625/3068/2782 2641/3089/2782 2626/3069/2782
f 2633/3076/2783 2649/3105/2783 2634/3077/2783
f 2627/3070/2784 2641/3089/2784 2642/3091/2784
f 2638/3084/2785 2654/3112/2785 2639/3086/2785
f 2647/3102/2786 2661/3119/2786 2662/3120/2786
f 2639/3086/2787 2655/3113/2787 2640/3088/2787
f 2648/3104/2788 2662/3120/2788 2663/3121/2788
f 2640/3088/2789 2656/3114/2789 2641/3090/2789
f 2648/3104/2790 2664/3122/2790 2649/3106/2790
f 2642/3092/2791 2656/3114/2791 2657/3115/2791
f 2650/3108/2792 2664/3122/2792 2665/3123/2792
f 2643/3094/2793 2657/3115/2793 2658/3116/2793
f 2636/3080/2794 2364/2769/2794 2651/3109/2794
f 2590/3026/2795 2650/3108/2795 2665/3123/2795
f 2643/3094/2796 2659/3117/2796 2644/3096/2796
f 2636/3080/2797 2652/3110/2797 2637/3082/2797
f 2645/3098/2798 2659/3117/2798 2660/3118/2798
f 2638/3084/2799 2652/3110/2799 2653/3111/2799
f 2646/3100/2800 2660/3118/2800 2661/3119/2800
f 2658/3116/2801 2672/3130/2801 2673/3131/2801
f 2651/3109/2802 2364/2770/2802 2666/3124/2802
f 2590/3027/2803 2665/3123/2803 2680/3138/2803
f 2658/3116/2804 2674/3132/2804 2659/3117/2804
f 2652/3110/2805 2666/3124/2805 2667/3125/2805
f 2659/3117/2806 2675/3133/2806 2660/3118/2806
f 2652/3110/2807 2668/3126/2807 2653/3111/2807
f 2661/3119/2808 2675/3133/2808 2676/3134/2808
f 2653/3111/2809 2669/3127/2809 2654/3112/2809
f 2662/3120/2810 2676/3134/2810 2677/3135/2810
f 2655/3113/2811 2669/3127/2811 2670/3128/2811
f 2663/3121/2812 2677/3135/2812 2678/3136/2812
f 2655/3113/2813 2671/3129/2813 2656/3114/2813
f 2664/3122/2814 2678/3136/2814 2679/3137/2814
f 2657/3115/2815 2671/3129/2815 2672/3130/2815
f 2665/3123/2816 2679/3137/2816 2680/3138/2816
f 2676/3134/2817 2692/3150/2817 2677/3135/2817
f 2670/3128/2818 2684/3142/2818 2685/3143/2818
f 2678/3136/2819 2692/3150/2819 2693/3151/2819
f 2670/3128/2820 2686/3144/2820 2671/3129/2820
f 2678/3136/2821 2694/3152/2821 2679/3137/2821
f 2672/3130/2822 2686/3144/2822 2687/3145/2822
f 2680/3138/2823 2694/3152/2823 2695/3153/2823
f 2673/3131/2824 2687/3145/2824 2688/3146/2824
f 2666/3124/2825 2364/2771/2825 2681/3139/2825
f 2590/3028/2826 2680/3138/2826 2695/3153/2826
f 2673/3131/2827 2689/3147/2827 2674/3132/2827
f 2667/3125/2828 2681/3139/2828 2682/3140/2828
f 2674/3132/2829 2690/3148/2829 2675/3133/2829
f 2667/3125/2830 2683/3141/2830 2668/3126/2830
f 2675/3133/2831 2691/3149/2831 2676/3134/2831
f 2668/3126/2832 2684/3142/2832 2669/3127/2832
f 2681/3139/2833 2364/2772/2833 2696/3154/2833
f 2590/3029/2834 2695/3153/2834 2710/3168/2834
f 2688/3146/2835 2704/3162/2835 2689/3147/2835
f 2681/3139/2836 2697/3155/2836 2682/3140/2836
f 2690/3148/2837 2704/3162/2837 2705/3163/2837
f 2683/3141/2838 2697/3155/2838 2698/3156/2838
f 2690/3148/2839 2706/3164/2839 2691/3149/2839
f 2683/3141/2840 2699/3157/2840 2684/3142/2840
f 2691/3149/2841 2707/3165/2841 2692/3150/2841
f 2684/3142/2842 2700/3158/2842 2685/3143/2842
f 2693/3151/2843 2707/3165/2843 2708/3166/2843
f 2685/3143/2844 2701/3159/2844 2686/3144/2844
f 2693/3151/2845 2709/3167/2845 2694/3152/2845
f 2687/3145/2846 2701/3159/2846 2702/3160/2846
f 2694/3152/2847 2710/3168/2847 2695/3153/2847
f 2688/3146/2848 2702/3160/2848 2703/3161/2848
f 2700/3158/2849 2714/3172/2849 2715/3173/2849
f 2708/3166/2850 2722/3180/2850 2723/3181/2850
f 2700/3158/2851 2716/3174/2851 2701/3159/2851
f 2708/3166/2852 2724/3182/2852 2709/3167/2852
f 2702/3160/2853 2716/3174/2853 2717/3175/2853
f 2710/3168/2854 2724/3182/2854 2725/3183/2854
f 2703/3161/2855 2717/3175/2855 2718/3176/2855
f 2696/3154/2856 2364/2773/2856 2711/3169/2856
f 2590/3030/2857 2710/3168/2857 2725/3183/2857
f 2704/3162/2858 2718/3176/2858 2719/3177/2858
f 2697/3155/2859 2711/3169/2859 2712/3170/2859
f 2704/3162/2860 2720/3178/2860 2705/3163/2860
f 2698/3156/2861 2712/3170/2861 2713/3171/2861
f 2705/3163/2862 2721/3179/2862 2706/3164/2862
f 2698/3156/2863 2714/3172/2863 2699/3157/2863
f 2706/3164/2864 2722/3180/2864 2707/3165/2864
f 2719/3177/2865 2733/3191/2865 2734/3192/2865
f 2712/3170/2866 2726/3184/2866 2727/3185/2866
f 2719/3177/2867 2735/3193/2867 2720/3178/2867
f 2713/3171/2868 2727/3185/2868 2728/3186/2868
f 2721/3179/2869 2735/3193/2869 2736/3194/2869
f 2714/3172/2870 2728/3186/2870 2729/3187/2870
f 2722/3180/2871 2736/3194/2871 2737/3195/2871
f 2714/3172/2872 2730/3188/2872 2715/3173/2872
f 2723/3181/2873 2737/3195/2873 2738/3196/2873
f 2715/3173/2874 2731/3189/2874 2716/3174/2874
f 2723/3181/2875 2739/3197/2875 2724/3182/2875
f 2717/3175/2876 2731/3189/2876 2732/3190/2876
f 2724/3182/2877 2740/3198/2877 2725/3183/2877
f 2718/3176/2878 2732/3190/2878 2733/3191/2878
f 2711/3169/2879 2364/2774/2879 2726/3184/2879
f 2590/3031/2880 2725/3183/2880 2740/3198/2880
f 2737/3195/2881 2753/3211/2881 2738/3196/2881
f 2730/3188/2882 2746/3204/2882 2731/3189/2882
f 2739/3197/2883 2753/3211/2883 2754/3212/2883
f 2732/3190/2884 2746/3204/2884 2747/3205/2884
f 2740/3198/2885 2754/3212/2885 2755/3213/2885
f 2733/3191/2886 2747/3205/2886 2748/3206/2886
f 2726/3184/2887 2364/2775/2887 2741/3199/2887
f 2590/3032/2888 2740/3198/2888 2755/3213/2888
f 2734/3192/2889 2748/3206/2889 2749/3207/2889
f 2726/3184/2890 2742/3200/2890 2727/3185/2890
f 2734/3192/2891 2750/3208/2891 2735/3193/2891
f 2728/3186/2892 2742/3200/2892 2743/3201/2892
f 2735/3193/2893 2751/3209/2893 2736/3194/2893
f 2728/3186/2894 2744/3202/2894 2729/3187/2894
f 2736/3194/2895 2752/3210/2895 2737/3195/2895
f 2729/3187/2896 2745/3203/2896 2730/3188/2896
f 2749/3207/2897 2760/3218/2897 2750/3208/2897
f 2743/3201/2898 2757/3215/2898 2283/2664/2898
f 2751/3209/2899 2760/3218/2899 2288/2669/2899
f 2744/3202/2900 2283/2664/2900 2758/3216/2900
f 2752/3210/2901 2288/2669/2901 2761/3219/2901
f 2745/3203/2902 2758/3216/2902 2284/2665/2902
f 2753/3211/2903 2761/3219/2903 2762/3220/2903
f 2746/3204/2904 2284/2665/2904 2759/3217/2904
f 2753/3211/2905 2763/3221/2905 2754/3212/2905
f 2747/3205/2906 2759/3217/2906 2285/2666/2906
f 2755/3213/2907 2763/3221/2907 2764/3222/2907
f 2748/3206/2908 2285/2666/2908 2286/2667/2908
f 2741/3199/2909 2364/2776/2909 2756/3214/2909
f 2590/3033/2910 2755/3213/2910 2764/3222/2910
f 2748/3206/2911 2287/2668/2911 2749/3207/2911
f 2742/3200/2912 2756/3214/2912 2757/3215/2912
f 3238/3773/2913 2772/3230/2913 3239/3774/2913
f 2769/3227/2914 2780/3238/2914 3242/3777/2914
f 2765/3223/2915 2772/3230/2915 2773/3231/2915
f 3242/3777/2916 2781/3239/2916 2770/3228/2916
f 3240/3775/2917 2773/3231/2917 2774/3232/2917
f 2770/3228/2918 2782/3240/2918 3243/3778/2918
f 3240/3775/2919 2775/3233/2919 2766/3224/2919
f 3243/3778/2920 2783/3241/2920 3244/3779/2920
f 3241/3776/2921 2775/3233/2921 2776/3234/2921
f 3244/3779/2922 2784/3242/2922 3245/3780/2922
f 2767/3225/2923 2776/3234/2923 2777/3235/2923
f 3245/3780/2924 2785/3243/2924 3246/3781/2924
f 2767/3225/2925 2778/3236/2925 2768/3226/2925
f 3238/3773/2926 2846/3304/2926 2771/3229/2926
f 3072/3561/2927 3246/3781/2927 2785/3243/2927
f 2768/3226/2928 2779/3237/2928 2769/3227/2928
f 2777/3235/2929 2793/3251/2929 2778/3236/2929
f 2771/3229/2930 2846/3305/2930 2786/3244/2930
f 3072/3562/2931 2785/3243/2931 2800/3258/2931
f 2779/3237/2932 2793/3251/2932 2794/3252/2932
f 2772/3230/2933 2786/3244/2933 2787/3245/2933
f 2780/3238/2934 2794/3252/2934 2795/3253/2934
f 2772/3230/2935 2788/3246/2935 2773/3231/2935
f 2781/3239/2936 2795/3253/2936 2796/3254/2936
f 2773/3231/2937 2789/3247/2937 2774/3232/2937
f 2782/3240/2938 2796/3254/2938 2797/3255/2938
f 2775/3233/2939 2789/3247/2939 2790/3248/2939
f 2783/3241/2940 2797/3255/2940 2798/3256/2940
f 2775/3233/2941 2791/3249/2941 2776/3234/2941
f 2784/3242/2942 2798/3256/2942 2799/3257/2942
f 2777/3235/2943 2791/3249/2943 2792/3250/2943
f 2785/3243/2944 2799/3257/2944 2800/3258/2944
f 2796/3254/2945 2812/3270/2945 2797/3255/2945
f 2790/3248/2946 2804/3262/2946 2805/3263/2946
f 2798/3256/2947 2812/3270/2947 2813/3271/2947
f 2790/3248/2948 2806/3264/2948 2791/3249/2948
f 2799/3257/2949 2813/3271/2949 2814/3272/2949
f 2791/3249/2950 2807/3265/2950 2792/3250/2950
f 2800/3258/2951 2814/3272/2951 2815/3273/2951
f 2793/3251/2952 2807/3265/2952 2808/3266/2952
f 2786/3244/2953 2846/3306/2953 2801/3259/2953
f 3072/3563/2954 2800/3258/2954 2815/3273/2954
f 2793/3251/2955 2809/3267/2955 2794/3252/2955
f 2786/3244/2956 2802/3260/2956 2787/3245/2956
f 2794/3252/2957 2810/3268/2957 2795/3253/2957
f 2788/3246/2958 2802/3260/2958 2803/3261/2958
f 2795/3253/2959 2811/3269/2959 2796/3254/2959
f 2788/3246/2960 2804/3262/2960 2789/3247/2960
f 3072/3564/2961 2815/3273/2961 2830/3288/2961
f 2808/3266/2962 2824/3282/2962 2809/3267/2962
f 2802/3260/2963 2816/3274/2963 2817/3275/2963
f 2809/3267/2964 2825/3283/2964 2810/3268/2964
f 2802/3260/2965 2818/3276/2965 2803/3261/2965
f 2811/3269/2966 2825/3283/2966 2826/3284/2966
f 2804/3262/2967 2818/3276/2967 2819/3277/2967
f 2811/3269/2968 2827/3285/2968 2812/3270/2968
f 2805/3263/2969 2819/3277/2969 2820/3278/2969
f 2812/3270/2970 2828/3286/2970 2813/3271/2970
f 2806/3264/2971 2820/3278/2971 2821/3279/2971
f 2813/3271/2972 2829/3287/2972 2814/3272/2972
f 2807/3265/2973 2821/3279/2973 2822/3280/2973
f 2814/3272/2974 2830/3288/2974 2815/3273/2974
f 2807/3265/2975 2823/3281/2975 2808/3266/2975
f 2801/3259/2976 2846/3307/2976 2816/3274/2976
f 2827/3285/2977 2843/3301/2977 2828/3286/2977
f 2820/3278/2978 2836/3294/2978 2821/3279/2978
f 2829/3287/2979 2843/3301/2979 2844/3302/2979
f 2822/3280/2980 2836/3294/2980 2837/3295/2980
f 2830/3288/2981 2844/3302/2981 2845/3303/2981
f 2822/3280/2982 2838/3296/2982 2823/3281/2982
f 2816/3274/2983 2846/3308/2983 2831/3289/2983
f 3072/3565/2984 2830/3288/2984 2845/3303/2984
f 2823/3281/2985 2839/3297/2985 2824/3282/2985
f 2816/3274/2986 2832/3290/2986 2817/3275/2986
f 2824/3282/2987 2840/3298/2987 2825/3283/2987
f 2818/3276/2988 2832/3290/2988 2833/3291/2988
f 2826/3284/2989 2840/3298/2989 2841/3299/2989
f 2818/3276/2990 2834/3292/2990 2819/3277/2990
f 2826/3284/2991 2842/3300/2991 2827/3285/2991
f 2819/3277/2992 2835/3293/2992 2820/3278/2992
f 2831/3289/2993 2848/3337/2993 2832/3290/2993
f 2839/3297/2994 2856/3345/2994 2840/3298/2994
f 2833/3291/2995 2848/3337/2995 2849/3338/2995
f 2841/3299/2996 2856/3345/2996 2857/3346/2996
f 2834/3292/2997 2849/3338/2997 2850/3339/2997
f 2841/3299/2998 2858/3347/2998 2842/3300/2998
f 2835/3293/2999 2850/3339/2999 2851/3340/2999
f 2842/3300/3000 2859/3348/3000 2843/3301/3000
f 2835/3293/3001 2852/3341/3001 2836/3294/3001
f 2843/3301/3002 2860/3349/3002 2844/3302/3002
f 2837/3295/3003 2852/3341/3003 2853/3342/3003
f 2845/3303/3004 2860/3349/3004 2861/3350/3004
f 2838/3296/3005 2853/3342/3005 2854/3343/3005
f 2831/3289/3006 2846/3309/3006 2847/3336/3006
f 3072/3566/3007 2845/3303/3007 2861/3350/3007
f 2838/3296/3008 2855/3344/3008 2839/3297/3008
f 2851/3340/3009 2867/3356/3009 2852/3341/3009
f 2860/3349/3010 2874/3363/3010 2875/3364/3010
f 2853/3342/3011 2867/3356/3011 2868/3357/3011
f 2860/3349/3012 2876/3365/3012 2861/3350/3012
f 2853/3342/3013 2869/3358/3013 2854/3343/3013
f 2847/3336/3014 2846/3310/3014 2862/3351/3014
f 3072/3567/3015 2861/3350/3015 2876/3365/3015
f 2854/3343/3016 2870/3359/3016 2855/3344/3016
f 2848/3337/3017 2862/3351/3017 2863/3352/3017
f 2856/3345/3018 2870/3359/3018 2871/3360/3018
f 2848/3337/3019 2864/3353/3019 2849/3338/3019
f 2857/3346/3020 2871/3360/3020 2872/3361/3020
f 2849/3338/3021 2865/3354/3021 2850/3339/3021
f 2857/3346/3022 2873/3362/3022 2858/3347/3022
f 2851/3340/3023 2865/3354/3023 2866/3355/3023
f 2859/3348/3024 2873/3362/3024 2874/3363/3024
f 2870/3359/3025 2886/3375/3025 2871/3360/3025
f 2863/3352/3026 2879/3368/3026 2864/3353/3026
f 2871/3360/3027 2887/3376/3027 2872/3361/3027
f 2864/3353/3028 2880/3369/3028 2865/3354/3028
f 2873/3362/3029 2887/3376/3029 2888/3377/3029
f 2866/3355/3030 2880/3369/3030 2881/3370/3030
f 2874/3363/3031 2888/3377/3031 2889/3378/3031
f 2866/3355/3032 2882/3371/3032 2867/3356/3032
f 2875/3364/3033 2889/3378/3033 2890/3379/3033
f 2867/3356/3034 2883/3372/3034 2868/3357/3034
f 2875/3364/3035 2891/3380/3035 2876/3365/3035
f 2869/3358/3036 2883/3372/3036 2884/3373/3036
f 2862/3351/3037 2846/3311/3037 2877/3366/3037
f 3072/3568/3038 2876/3365/3038 2891/3380/3038
f 2869/3358/3039 2885/3374/3039 2870/3359/3039
f 2862/3351/3040 2878/3367/3040 2863/3352/3040
f 2890/3379/3041 2904/3393/3041 2905/3394/3041
f 2883/3372/3042 2897/3386/3042 2898/3387/3042
f 2891/3380/3043 2905/3394/3043 2906/3395/3043
f 2884/3373/3044 2898/3387/3044 2899/3388/3044
f 2877/3366/3045 2846/3312/3045 2892/3381/3045
f 3072/3569/3046 2891/3380/3046 2906/3395/3046
f 2885/3374/3047 2899/3388/3047 2900/3389/3047
f 2877/3366/3048 2893/3382/3048 2878/3367/3048
f 2885/3374/3049 2901/3390/3049 2886/3375/3049
f 2879/3368/3050 2893/3382/3050 2894/3383/3050
f 2887/3376/3051 2901/3390/3051 2902/3391/3051
f 2880/3369/3052 2894/3383/3052 2895/3384/3052
f 2887/3376/3053 2903/3392/3053 2888/3377/3053
f 2880/3369/3054 2896/3385/3054 2881/3370/3054
f 2888/3377/3055 2904/3393/3055 2889/3378/3055
f 2881/3370/3056 2897/3386/3056 2882/3371/3056
f 2893/3382/3057 2909/3398/3057 2894/3383/3057
f 2902/3391/3058 2916/3405/3058 2917/3406/3058
f 2894/3383/3059 2910/3399/3059 2895/3384/3059
f 2902/3391/3060 2918/3407/3060 2903/3392/3060
f 2896/3385/3061 2910/3399/3061 2911/3400/3061
f 2903/3392/3062 2919/3408/3062 2904/3393/3062
f 2896/3385/3063 2912/3401/3063 2897/3386/3063
f 2905/3394/3064 2919/3408/3064 2920/3409/3064
f 2898/3387/3065 2912/3401/3065 2913/3402/3065
f 2906/3395/3066 2920/3409/3066 2921/3410/3066
f 2899/3388/3067 2913/3402/3067 2914/3403/3067
f 2892/3381/3068 2846/3313/3068 2907/3396/3068
f 3072/3570/3069 2906/3395/3069 2921/3410/3069
f 2900/3389/3070 2914/3403/3070 2915/3404/3070
f 2892/3381/3071 2908/3397/3071 2893/3382/3071
f 2900/3389/3072 2916/3405/3072 2901/3390/3072
f 2913/3402/3073 2927/3416/3073 2928/3417/3073
f 2921/3410/3074 2935/3424/3074 2936/3425/3074
f 2914/3403/3075 2928/3417/3075 2929/3418/3075
f 2907/3396/3076 2846/3314/3076 2922/3411/3076
f 3072/3571/3077 2921/3410/3077 2936/3425/3077
f 2914/3403/3078 2930/3419/3078 2915/3404/3078
f 2907/3396/3079 2923/3412/3079 2908/3397/3079
f 2915/3404/3080 2931/3420/3080 2916/3405/3080
f 2909/3398/3081 2923/3412/3081 2924/3413/3081
f 2917/3406/3082 2931/3420/3082 2932/3421/3082
f 2910/3399/3083 2924/3413/3083 2925/3414/3083
f 2918/3407/3084 2932/3421/3084 2933/3422/3084
f 2911/3400/3085 2925/3414/3085 2926/3415/3085
f 2919/3408/3086 2933/3422/3086 2934/3423/3086
f 2911/3400/3087 2927/3416/3087 2912/3401/3087
f 2920/3409/3088 2934/3423/3088 2935/3424/3088
f 2932/3421/3089 2946/3435/3089 2947/3436/3089
f 2924/3413/3090 2940/3429/3090 2925/3414/3090
f 2932/3421/3091 2948/3437/3091 2933/3422/3091
f 2926/3415/3092 2940/3429/3092 2941/3430/3092
f 2933/3422/3093 2949/3438/3093 2934/3423/3093
f 2926/3415/3094 2942/3431/3094 2927/3416/3094
f 2934/3423/3095 2950/3439/3095 2935/3424/3095
f 2928/3417/3096 2942/3431/3096 2943/3432/3096
f 2935/3424/3097 2951/3440/3097 2936/3425/3097
f 2928/3417/3098 2944/3433/3098 2929/3418/3098
f 2922/3411/3099 2846/3315/3099 2937/3426/3099
f 3072/3572/3100 2936/3425/3100 2951/3440/3100
f 2929/3418/3101 2945/3434/3101 2930/3419/3101
f 2923/3412/3102 2937/3426/3102 2938/3427/3102
f 2930/3419/3103 2946/3435/3103 2931/3420/3103
f 2924/3413/3104 2938/3427/3104 2939/3428/3104
f 2950/3439/3105 2966/3455/3105 2951/3440/3105
f 2943/3432/3106 2959/3448/3106 2944/3433/3106
f 2937/3426/3107 2846/3316/3107 2952/3441/3107
f 3072/3573/3108 2951/3440/3108 2966/3455/3108
f 2945/3434/3109 2959/3448/3109 2960/3449/3109
f 2937/3426/3110 2953/3442/3110 2938/3427/3110
f 2946/3435/3111 2960/3449/3111 2961/3450/3111
f 2938/3427/3112 2954/3443/3112 2939/3428/3112
f 2947/3436/3113 2961/3450/3113 2962/3451/3113
f 2939/3428/3114 2955/3444/3114 2940/3429/3114
f 2948/3437/3115 2962/3451/3115 2963/3452/3115
f 2941/3430/3116 2955/3444/3116 2956/3445/3116
f 2949/3438/3117 2963/3452/3117 2964/3453/3117
f 2941/3430/3118 2957/3446/3118 2942/3431/3118
f 2950/3439/3119 2964/3453/3119 2965/3454/3119
f 2943/3432/3120 2957/3446/3120 2958/3447/3120
f 2962/3451/3121 2978/3467/3121 2963/3452/3121
f 2955/3444/3122 2971/3460/3122 2956/3445/3122
f 2963/3452/3123 2979/3468/3123 2964/3453/3123
f 2956/3445/3124 2972/3461/3124 2957/3446/3124
f 2964/3453/3125 2980/3469/3125 2965/3454/3125
f 2958/3447/3126 2972/3461/3126 2973/3462/3126
f 2965/3454/3127 2981/3470/3127 2966/3455/3127
f 2959/3448/3128 2973/3462/3128 2974/3463/3128
f 2952/3441/3129 2846/3317/3129 2967/3456/3129
f 3072/3574/3130 2966/3455/3130 2981/3470/3130
f 2959/3448/3131 2975/3464/3131 2960/3449/3131
f 2953/3442/3132 2967/3456/3132 2968/3457/3132
f 2960/3449/3133 2976/3465/3133 2961/3450/3133
f 2953/3442/3134 2969/3458/3134 2954/3443/3134
f 2961/3450/3135 2977/3466/3135 2962/3451/3135
f 2954/3443/3136 2970/3459/3136 2955/3444/3136
f 2967/3456/3137 2846/3318/3137 2982/3471/3137
f 3072/3575/3138 2981/3470/3138 2996/3485/3138
f 2974/3463/3139 2990/3479/3139 2975/3464/3139
f 2967/3456/3140 2983/3472/3140 2968/3457/3140
f 2976/3465/3141 2990/3479/3141 2991/3480/3141
f 2968/3457/3142 2984/3473/3142 2969/3458/3142
f 2977/3466/3143 2991/3480/3143 2992/3481/3143
f 2969/3458/3144 2985/3474/3144 2970/3459/3144
f 2978/3467/3145 2992/3481/3145 2993/3482/3145
f 2970/3459/3146 2986/3475/3146 2971/3460/3146
f 2979/3468/3147 2993/3482/3147 2994/3483/3147
f 2971/3460/3148 2987/3476/3148 2972/3461/3148
f 2980/3469/3149 2994/3483/3149 2995/3484/3149
f 2973/3462/3150 2987/3476/3150 2988/3477/3150
f 2980/3469/3151 2996/3485/3151 2981/3470/3151
f 2973/3462/3152 2989/3478/3152 2974/3463/3152
f 2986/3475/3153 3000/3489/3153 3001/3490/3153
f 2994/3483/3154 3008/3497/3154 3009/3498/3154
f 2987/3476/3155 3001/3490/3155 3002/3491/3155
f 2994/3483/3156 3010/3499/3156 2995/3484/3156
f 2988/3477/3157 3002/3491/3157 3003/3492/3157
f 2996/3485/3158 3010/3499/3158 3011/3500/3158
f 2989/3478/3159 3003/3492/3159 3004/3493/3159
f 2982/3471/3160 2846/3319/3160 2997/3486/3160
f 3072/3576/3161 2996/3485/3161 3011/3500/3161
f 2990/3479/3162 3004/3493/3162 3005/3494/3162
f 2982/3471/3163 2998/3487/3163 2983/3472/3163
f 2990/3479/3164 3006/3495/3164 2991/3480/3164
f 2984/3473/3165 2998/3487/3165 2999/3488/3165
f 2992/3481/3166 3006/3495/3166 3007/3496/3166
f 2984/3473/3167 3000/3489/3167 2985/3474/3167
f 2992/3481/3168 3008/3497/3168 2993/3482/3168
f 3004/3493/3169 3020/3509/3169 3005/3494/3169
f 2997/3486/3170 3013/3502/3170 2998/3487/3170
f 3005/3494/3171 3021/3510/3171 3006/3495/3171
f 2999/3488/3172 3013/3502/3172 3014/3503/3172
f 3007/3496/3173 3021/3510/3173 3022/3511/3173
f 3000/3489/3174 3014/3503/3174 3015/3504/3174
f 3007/3496/3175 3023/3512/3175 3008/3497/3175
f 3001/3490/3176 3015/3504/3176 3016/3505/3176
f 3009/3498/3177 3023/3512/3177 3024/3513/3177
f 3001/3490/3178 3017/3506/3178 3002/3491/3178
f 3009/3498/3179 3025/3514/3179 3010/3499/3179
f 3003/3492/3180 3017/3506/3180 3018/3507/3180
f 3010/3499/3181 3026/3515/3181 3011/3500/3181
f 3004/3493/3182 3018/3507/3182 3019/3508/3182
f 2997/3486/3183 2846/3320/3183 3012/3501/3183
f 3072/3577/3184 3011/3500/3184 3026/3515/3184
f 3024/3513/3185 3038/3527/3185 3039/3528/3185
f 3016/3505/3186 3032/3521/3186 3017/3506/3186
f 3025/3514/3187 3039/3528/3187 3040/3529/3187
f 3017/3506/3188 3033/3522/3188 3018/3507/3188
f 3026/3515/3189 3040/3529/3189 3041/3530/3189
f 3019/3508/3190 3033/3522/3190 3034/3523/3190
f 3012/3501/3191 2846/3321/3191 3027/3516/3191
f 3072/3578/3192 3026/3515/3192 3041/3530/3192
f 3019/3508/3193 3035/3524/3193 3020/3509/3193
f 3013/3502/3194 3027/3516/3194 3028/3517/3194
f 3020/3509/3195 3036/3525/3195 3021/3510/3195
f 3013/3502/3196 3029/3518/3196 3014/3503/3196
f 3022/3511/3197 3036/3525/3197 3037/3526/3197
f 3014/3503/3198 3030/3519/3198 3015/3504/3198
f 3022/3511/3199 3038/3527/3199 3023/3512/3199
f 3015/3504/3200 3031/3520/3200 3016/3505/3200
f 3027/3516/3201 3043/3532/3201 3028/3517/3201
f 3035/3524/3202 3051/3540/3202 3036/3525/3202
f 3028/3517/3203 3044/3533/3203 3029/3518/3203
f 3037/3526/3204 3051/3540/3204 3052/3541/3204
f 3029/3518/3205 3045/3534/3205 3030/3519/3205
f 3038/3527/3206 3052/3541/3206 3053/3542/3206
f 3031/3520/3207 3045/3534/3207 3046/3535/3207
f 3039/3528/3208 3053/3542/3208 3054/3543/3208
f 3031/3520/3209 3047/3536/3209 3032/3521/3209
f 3039/3528/3210 3055/3544/3210 3040/3529/3210
f 3033/3522/3211 3047/3536/3211 3048/3537/3211
f 3041/3530/3212 3055/3544/3212 3056/3545/3212
f 3034/3523/3213 3048/3537/3213 3049/3538/3213
f 3027/3516/3214 2846/3322/3214 3042/3531/3214
f 3072/3579/3215 3041/3530/3215 3056/3545/3215
f 3034/3523/3216 3050/3539/3216 3035/3524/3216
f 3046/3535/3217 3062/3551/3217 3047/3536/3217
f 3054/3543/3218 3070/3559/3218 3055/3544/3218
f 3048/3537/3219 3062/3551/3219 3063/3552/3219
f 3056/3545/3220 3070/3559/3220 3071/3560/3220
f 3049/3538/3221 3063/3552/3221 3064/3553/3221
f 3042/3531/3222 2846/3323/3222 3057/3546/3222
f 3072/3580/3223 3056/3545/3223 3071/3560/3223
f 3049/3538/3224 3065/3554/3224 3050/3539/3224
f 3043/3532/3225 3057/3546/3225 3058/3547/3225
f 3050/3539/3226 3066/3555/3226 3051/3540/3226
f 3044/3533/3227 3058/3547/3227 3059/3548/3227
f 3052/3541/3228 3066/3555/3228 3067/3556/3228
f 3045/3534/3229 3059/3548/3229 3060/3549/3229
f 3052/3541/3230 3068/3557/3230 3053/3542/3230
f 3046/3535/3231 3060/3549/3231 3061/3550/3231
f 3054/3543/3232 3068/3557/3232 3069/3558/3232
f 3065/3554/3233 3082/3602/3233 3066/3555/3233
f 3058/3547/3234 3075/3595/3234 3059/3548/3234
f 3067/3556/3235 3082/3602/3235 3083/3603/3235
f 3060/3549/3236 3075/3595/3236 3076/3596/3236
f 3068/3557/3237 3083/3603/3237 3084/3604/3237
f 3061/3550/3238 3076/3596/3238 3077/3597/3238
f 3069/3558/3239 3084/3604/3239 3085/3605/3239
f 3061/3550/3240 3078/3598/3240 3062/3551/3240
f 3069/3558/3241 3086/3606/3241 3070/3559/3241
f 3063/3552/3242 3078/3598/3242 3079/3599/3242
f 3071/3560/3243 3086/3606/3243 3087/3607/3243
f 3063/3552/3244 3080/3600/3244 3064/3553/3244
f 3057/3546/3245 2846/3324/3245 3073/3593/3245
f 3072/3581/3246 3071/3560/3246 3087/3607/3246
f 3064/3553/3247 3081/3601/3247 3065/3554/3247
f 3057/3546/3248 3074/3594/3248 3058/3547/3248
f 3085/3605/3249 3101/3621/3249 3086/3606/3249
f 3079/3599/3250 3093/3613/3250 3094/3614/3250
f 3086/3606/3251 3102/3622/3251 3087/3607/3251
f 3080/3600/3252 3094/3614/3252 3095/3615/3252
f 3073/3593/3253 2846/3325/3253 3088/3608/3253
f 3072/3582/3254 3087/3607/3254 3102/3622/3254
f 3081/3601/3255 3095/3615/3255 3096/3616/3255
f 3074/3594/3256 3088/3608/3256 3089/3609/3256
f 3081/3601/3257 3097/3617/3257 3082/3602/3257
f 3074/3594/3258 3090/3610/3258 3075/3595/3258
f 3083/3603/3259 3097/3617/3259 3098/3618/3259
f 3075/3595/3260 3091/3611/3260 3076/3596/3260
f 3083/3603/3261 3099/3619/3261 3084/3604/3261
f 3076/3596/3262 3092/3612/3262 3077/3597/3262
f 3084/3604/3263 3100/3620/3263 3085/3605/3263
f 3077/3597/3264 3093/3613/3264 3078/3598/3264
f 3098/3618/3265 3112/3632/3265 3113/3633/3265
f 3090/3610/3266 3106/3626/3266 3091/3611/3266
f 3098/3618/3267 3114/3634/3267 3099/3619/3267
f 3092/3612/3268 3106/3626/3268 3107/3627/3268
f 3100/3620/3269 3114/3634/3269 3115/3635/3269
f 3092/3612/3270 3108/3628/3270 3093/3613/3270
f 3101/3621/3271 3115/3635/3271 3116/3636/3271
f 3094/3614/3272 3108/3628/3272 3109/3629/3272
f 3102/3622/3273 3116/3636/3273 3117/3637/3273
f 3095/3615/3274 3109/3629/3274 3110/3630/3274
f 3088/3608/3275 2846/3326/3275 3103/3623/3275
f 3072/3583/3276 3102/3622/3276 3117/3637/3276
f 3095/3615/3277 3111/3631/3277 3096/3616/3277
f 3088/3608/3278 3104/3624/3278 3089/3609/3278
f 3096/3616/3279 3112/3632/3279 3097/3617/3279
f 3089/3609/3280 3105/3625/3280 3090/3610/3280
f 3116/3636/3281 3132/3666/3281 3117/3637/3281
f 3110/3630/3282 3124/3650/3282 3125/3652/3282
f 3103/3623/3283 2846/3327/3283 3118/3638/3283
f 3072/3584/3284 3117/3637/3284 3132/3666/3284
f 3110/3630/3285 3126/3654/3285 3111/3631/3285
f 3103/3623/3286 3119/3640/3286 3104/3624/3286
f 3111/3631/3287 3127/3656/3287 3112/3632/3287
f 3105/3625/3288 3119/3640/3288 3120/3642/3288
f 3112/3632/3289 3128/3658/3289 3113/3633/3289
f 3105/3625/3290 3121/3644/3290 3106/3626/3290
f 3113/3633/3291 3129/3660/3291 3114/3634/3291
f 3107/3627/3292 3121/3644/3292 3122/3646/3292
f 3114/3634/3293 3130/3662/3293 3115/3635/3293
f 3107/3627/3294 3123/3648/3294 3108/3628/3294
f 3115/3635/3295 3131/3664/3295 3116/3636/3295
f 3109/3629/3296 3123/3648/3296 3124/3650/3296
f 3121/3645/3297 3135/3670/3297 3136/3671/3297
f 3128/3659/3298 3144/3679/3298 3129/3661/3298
f 3121/3645/3299 3137/3672/3299 3122/3647/3299
f 3129/3661/3300 3145/3680/3300 3130/3663/3300
f 3122/3647/3301 3138/3673/3301 3123/3649/3301
f 3130/3663/3302 3146/3681/3302 3131/3665/3302
f 3124/3651/3303 3138/3673/3303 3139/3674/3303
f 3132/3667/3304 3146/3681/3304 3147/3682/3304
f 3124/3651/3305 3140/3675/3305 3125/3653/3305
f 3118/3639/3306 2846/3328/3306 3133/3668/3306
f 3072/3585/3307 3132/3667/3307 3147/3682/3307
f 3125/3653/3308 3141/3676/3308 3126/3655/3308
f 3119/3641/3309 3133/3668/3309 3134/3669/3309
f 3126/3655/3310 3142/3677/3310 3127/3657/3310
f 3120/3643/3311 3134/3669/3311 3135/3670/3311
f 3128/3659/3312 3142/3677/3312 3143/3678/3312
f 3140/3675/3313 3154/3689/3313 3155/3690/3313
f 3133/3668/3314 2846/3329/3314 3148/3683/3314
f 3072/3586/3315 3147/3682/3315 3162/3697/3315
f 3140/3675/3316 3156/3691/3316 3141/3676/3316
f 3134/3669/3317 3148/3683/3317 3149/3684/3317
f 3141/3676/3318 3157/3692/3318 3142/3677/3318
f 3135/3670/3319 3149/3684/3319 3150/3685/3319
f 3143/3678/3320 3157/3692/3320 3158/3693/3320
f 3135/3670/3321 3151/3686/3321 3136/3671/3321
f 3143/3678/3322 3159/3694/3322 3144/3679/3322
f 3136/3671/3323 3152/3687/3323 3137/3672/3323
f 3145/3680/3324 3159/3694/3324 3160/3695/3324
f 3137/3672/3325 3153/3688/3325 3138/3673/3325
f 3145/3680/3326 3161/3696/3326 3146/3681/3326
f 3139/3674/3327 3153/3688/3327 3154/3689/3327
f 3147/3682/3328 3161/3696/3328 3162/3697/3328
f 3158/3693/3329 3174/3709/3329 3159/3694/3329
f 3152/3687/3330 3166/3701/3330 3167/3702/3330
f 3160/3695/3331 3174/3709/3331 3175/3710/3331
f 3152/3687/3332 3168/3703/3332 3153/3688/3332
f 3160/3695/3333 3176/3711/3333 3161/3696/3333
f 3154/3689/3334 3168/3703/3334 3169/3704/3334
f 3161/3696/3335 3177/3712/3335 3162/3697/3335
f 3155/3690/3336 3169/3704/3336 3170/3705/3336
f 3148/3683/3337 2846/3330/3337 3163/3698/3337
f 3072/3587/3338 3162/3697/3338 3177/3712/3338
f 3155/3690/3339 3171/3706/3339 3156/3691/3339
f 3149/3684/3340 3163/3698/3340 3164/3699/3340
f 3156/3691/3341 3172/3707/3341 3157/3692/3341
f 3150/3685/3342 3164/3699/3342 3165/3700/3342
f 3157/3692/3343 3173/3708/3343 3158/3693/3343
f 3150/3685/3344 3166/3701/3344 3151/3686/3344
f 3163/3698/3345 2846/3331/3345 3178/3713/3345
f 3072/3588/3346 3177/3712/3346 3192/3727/3346
f 3170/3705/3347 3186/3721/3347 3171/3706/3347
f 3164/3699/3348 3178/3713/3348 3179/3714/3348
f 3172/3707/3349 3186/3721/3349 3187/3722/3349
f 3164/3699/3350 3180/3715/3350 3165/3700/3350
f 3172/3707/3351 3188/3723/3351 3173/3708/3351
f 3165/3700/3352 3181/3716/3352 3166/3701/3352
f 3173/3708/3353 3189/3724/3353 3174/3709/3353
f 3166/3701/3354 3182/3717/3354 3167/3702/3354
f 3175/3710/3355 3189/3724/3355 3190/3725/3355
f 3167/3702/3356 3183/3718/3356 3168/3703/3356
f 3175/3710/3357 3191/3726/3357 3176/3711/3357
f 3169/3704/3358 3183/3718/3358 3184/3719/3358
f 3177/3712/3359 3191/3726/3359 3192/3727/3359
f 3169/3704/3360 3185/3720/3360 3170/3705/3360
f 3182/3717/3361 3196/3731/3361 3197/3732/3361
f 3190/3725/3362 3204/3739/3362 3205/3740/3362
f 3182/3717/3363 3198/3733/3363 3183/3718/3363
f 3190/3725/3364 3206/3741/3364 3191/3726/3364
f 3184/3719/3365 3198/3733/3365 3199/3734/3365
f 3192/3727/3366 3206/3741/3366 3207/3742/3366
f 3185/3720/3367 3199/3734/3367 3200/3735/3367
f 3178/3713/3368 2846/3332/3368 3193/3728/3368
f 3072/3589/3369 3192/3727/3369 3207/3742/3369
f 3186/3721/3370 3200/3735/3370 3201/3736/3370
f 3179/3714/3371 3193/3728/3371 3194/3729/3371
f 3186/3721/3372 3202/3737/3372 3187/3722/3372
f 3179/3714/3373 3195/3730/3373 3180/3715/3373
f 3188/3723/3374 3202/3737/3374 3203/3738/3374
f 3180/3715/3375 3196/3731/3375 3181/3716/3375
f 3188/3723/3376 3204/3739/3376 3189/3724/3376
f 3201/3736/3377 3215/3750/3377 3216/3751/3377
f 3194/3729/3378 3208/3743/3378 3209/3744/3378
f 3201/3736/3379 3217/3752/3379 3202/3737/3379
f 3195/3730/3380 3209/3744/3380 3210/3745/3380
f 3203/3738/3381 3217/3752/3381 3218/3753/3381
f 3196/3731/3382 3210/3745/3382 3211/3746/3382
f 3204/3739/3383 3218/3753/3383 3219/3754/3383
f 3196/3731/3384 3212/3747/3384 3197/3732/3384
f 3204/3739/3385 3220/3755/3385 3205/3740/3385
f 3197/3732/3386 3213/3748/3386 3198/3733/3386
f 3205/3740/3387 3221/3756/3387 3206/3741/3387
f 3199/3734/3388 3213/3748/3388 3214/3749/3388
f 3206/3741/3389 3222/3757/3389 3207/3742/3389
f 3199/3734/3390 3215/3750/3390 3200/3735/3390
f 3193/3728/3391 2846/3333/3391 3208/3743/3391
f 3072/3590/3392 3207/3742/3392 3222/3757/3392
f 3220/3755/3393 3234/3769/3393 3235/3770/3393
f 3212/3747/3394 3228/3763/3394 3213/3748/3394
f 3220/3755/3395 3236/3771/3395 3221/3756/3395
f 3214/3749/3396 3228/3763/3396 3229/3764/3396
f 3222/3757/3397 3236/3771/3397 3237/3772/3397
f 3215/3750/3398 3229/3764/3398 3230/3765/3398
f 3208/3743/3399 2846/3334/3399 3223/3758/3399
f 3072/3591/3400 3222/3757/3400 3237/3772/3400
f 3216/3751/3401 3230/3765/3401 3231/3766/3401
f 3208/3743/3402 3224/3759/3402 3209/3744/3402
f 3216/3751/3403 3232/3767/3403 3217/3752/3403
f 3210/3745/3404 3224/3759/3404 3225/3760/3404
f 3217/3752/3405 3233/3768/3405 3218/3753/3405
f 3210/3745/3406 3226/3761/3406 3211/3746/3406
f 3218/3753/3407 3234/3769/3407 3219/3754/3407
f 3211/3746/3408 3227/3762/3408 3212/3747/3408
f 3231/3766/3409 3242/3777/3409 3232/3767/3409
f 3225/3760/3410 3239/3774/3410 2765/3223/3410
f 3233/3768/3411 3242/3777/3411 2770/3228/3411
f 3226/3761/3412 2765/3223/3412 3240/3775/3412
f 3233/3768/3413 3243/3778/3413 3234/3769/3413
f 3227/3762/3414 3240/3775/3414 2766/3224/3414
f 3235/3770/3415 3243/3778/3415 3244/3779/3415
f 3228/3763/3416 2766/3224/3416 3241/3776/3416
f 3235/3770/3417 3245/3780/3417 3236/3771/3417
f 3229/3764/3418 3241/3776/3418 2767/3225/3418
f 3237/3772/3419 3245/3780/3419 3246/3781/3419
f 3230/3765/3420 2767/3225/3420 2768/3226/3420
f 3223/3758/3421 2846/3335/3421 3238/3773/3421
f 3072/3592/3422 3237/3772/3422 3246/3781/3422
f 3230/3765/3423 2769/3227/3423 3231/3766/3423
f 3224/3759/3424 3238/3773/3424 3239/3774/3424
f 3316/3888/3425 3280/3785/3425 3317/3889/3425
f 3317/3889/3426 3280/3786/3426 3322/3894/3426
f 3322/3894/3427 3280/3787/3427 3327/3899/3427
f 3327/3899/3428 3280/3788/3428 3332/3904/3428
f 3332/3904/3429 3280/3789/3429 3337/3909/3429
f 3337/3909/3430 3280/3790/3430 3342/3914/3430
f 3342/3914/3431 3280/3791/3431 3347/3919/3431
f 3347/3919/3432 3280/3792/3432 3352/3924/3432
f 3352/3924/3433 3280/3793/3433 3357/3929/3433
f 3357/3929/3434 3280/3794/3434 3362/3934/3434
f 3362/3934/3435 3280/3795/3435 3367/3939/3435
f 3367/3939/3436 3280/3796/3436 3372/3944/3436
f 3372/3944/3437 3280/3797/3437 3377/3949/3437
f 3377/3949/3438 3280/3798/3438 3382/3954/3438
f 3382/3954/3439 3280/3799/3439 3387/3959/3439
f 3387/3959/3440 3280/3800/3440 3392/3964/3440
f 3392/3964/3441 3280/3801/3441 3397/3969/3441
f 3397/3969/3442 3280/3802/3442 3402/3974/3442
f 3402/3974/3443 3280/3803/3443 3407/3979/3443
f 3407/3979/3444 3280/3804/3444 3412/3984/3444
f 3412/3984/3445 3280/3805/3445 3417/3989/3445
f 3417/3989/3446 3280/3806/3446 3422/3994/3446
f 3422/3994/3447 3280/3807/3447 3427/3999/3447
f 3427/3999/3448 3280/3808/3448 3432/4004/3448
f 3432/4004/3449 3280/3809/3449 3437/4009/3449
f 3437/4009/3450 3280/3810/3450 3442/4014/3450
f 3442/4014/3451 3280/3811/3451 3447/4019/3451
f 3447/4019/3452 3280/3812/3452 3452/4024/3452
f 3452/4024/3453 3280/3813/3453 3457/4029/3453
f 3457/4029/3454 3280/3814/3454 3462/4034/3454
f 3462/4034/3455 3280/3815/3455 3467/4039/3455
f 3467/4039/3456 3280/3816/3456 3316/3887/3456
f 3295/3846/3457 3303/3861/3457 3311/3878/3457
f 3471/4043/3458 3279/3784/3458 3311/3877/3458
f 3471/4043/3459 3313/3881/3459 3312/3879/3459
f 3470/4042/3460 3314/3883/3460 3313/3881/3460
f 3469/4041/3461 3315/3886/3461 3314/3883/3461
f 3467/4039/3462 3472/4045/3462 3503/4076/3462
f 3310/3876/3463 3471/4043/3463 3311/3877/3463
f 3466/4038/3464 3470/4042/3464 3471/4043/3464
f 3464/4036/3465 3470/4042/3465 3465/4037/3465
f 3464/4036/3466 3468/4040/3466 3469/4041/3466
f 3462/4034/3467 3503/4076/3467 3502/4075/3467
f 3309/3874/3468 3466/4038/3468 3310/3876/3468
f 3460/4032/3469 3466/4038/3469 3461/4033/3469
f 3460/4032/3470 3464/4036/3470 3465/4037/3470
f 3459/4031/3471 3463/4035/3471 3464/4036/3471
f 3457/4029/3472 3502/4075/3472 3501/4074/3472
f 3456/4028/3473 3309/3874/3473 3308/3871/3473
f 3456/4028/3474 3460/4032/3474 3461/4033/3474
f 3454/4026/3475 3460/4032/3475 3455/4027/3475
f 3454/4026/3476 3458/4030/3476 3459/4031/3476
f 3452/4024/3477 3501/4074/3477 3500/4073/3477
f 3307/3870/3478 3456/4028/3478 3308/3871/3478
f 3450/4022/3479 3456/4028/3479 3451/4023/3479
f 3449/4021/3480 3455/4027/3480 3450/4022/3480
f 3449/4021/3481 3453/4025/3481 3454/4026/3481
f 3447/4019/3482 3500/4073/3482 3499/4072/3482
f 3306/3868/3483 3451/4023/3483 3307/3870/3483
f 3445/4017/3484 3451/4023/3484 3446/4018/3484
f 3444/4016/3485 3450/4022/3485 3445/4017/3485
f 3444/4016/3486 3448/4020/3486 3449/4021/3486
f 3442/4014/3487 3499/4072/3487 3498/4071/3487
f 3441/4013/3488 3306/3868/3488 3305/3866/3488
f 3440/4012/3489 3446/4018/3489 3441/4013/3489
f 3440/4012/3490 3444/4016/3490 3445/4017/3490
f 3439/4011/3491 3443/4015/3491 3444/4016/3491
f 3437/4009/3492 3498/4071/3492 3497/4070/3492
f 3436/4008/3493 3305/3866/3493 3304/3864/3493
f 3435/4007/3494 3441/4013/3494 3436/4008/3494
f 3434/4006/3495 3440/4012/3495 3435/4007/3495
f 3434/4006/3496 3438/4010/3496 3439/4011/3496
f 3432/4004/3497 3497/4070/3497 3496/4069/3497
f 3431/4003/3498 3304/3864/3498 3303/3862/3498
f 3430/4002/3499 3436/4008/3499 3431/4003/3499
f 3430/4002/3500 3434/4006/3500 3435/4007/3500
f 3429/4001/3501 3433/4005/3501 3434/4006/3501
f 3427/3999/3502 3496/4069/3502 3495/4068/3502
f 3426/3998/3503 3303/3862/3503 3302/3859/3503
f 3425/3997/3504 3431/4003/3504 3426/3998/3504
f 3425/3997/3505 3429/4001/3505 3430/4002/3505
f 3424/3996/3506 3428/4000/3506 3429/4001/3506
f 3422/3994/3507 3495/4068/3507 3494/4067/3507
f 3301/3858/3508 3426/3998/3508 3302/3859/3508
f 3421/3993/3509 3425/3997/3509 3426/3998/3509
f 3419/3991/3510 3425/3997/3510 3420/3992/3510
f 3419/3991/3511 3423/3995/3511 3424/3996/3511
f 3417/3989/3512 3494/4067/3512 3493/4066/3512
f 3300/3856/3513 3421/3993/3513 3301/3858/3513
f 3415/3987/3514 3421/3993/3514 3416/3988/3514
f 3414/3986/3515 3420/3992/3515 3415/3987/3515
f 3414/3986/3516 3418/3990/3516 3419/3991/3516
f 3412/3984/3517 3493/4066/3517 3492/4065/3517
f 3411/3983/3518 3300/3856/3518 3299/3853/3518
f 3410/3982/3519 3416/3988/3519 3411/3983/3519
f 3409/3981/3520 3415/3987/3520 3410/3982/3520
f 3409/3981/3521 3413/3985/3521 3414/3986/3521
f 3407/3979/3522 3492/4065/3522 3491/4064/3522
f 3298/3852/3523 3411/3983/3523 3299/3853/3523
f 3405/3977/3524 3411/3983/3524 3406/3978/3524
f 3404/3976/3525 3410/3982/3525 3405/3977/3525
f 3404/3976/3526 3408/3980/3526 3409/3981/3526
f 3402/3974/3527 3491/4064/3527 3490/4063/3527
f 3401/3973/3528 3298/3852/3528 3297/3850/3528
f 3401/3973/3529 3405/3977/3529 3406/3978/3529
f 3400/3972/3530 3404/3976/3530 3405/3977/3530
f 3399/3971/3531 3403/3975/3531 3404/3976/3531
f 3397/3969/3532 3490/4063/3532 3489/4062/3532
f 3396/3968/3533 3297/3850/3533 3296/3848/3533
f 3396/3968/3534 3400/3972/3534 3401/3973/3534
f 3394/3966/3535 3400/3972/3535 3395/3967/3535
f 3394/3966/3536 3398/3970/3536 3399/3971/3536
f 3392/3964/3537 3489/4062/3537 3488/4061/3537
f 3391/3963/3538 3296/3848/3538 3295/3845/3538
f 3391/3963/3539 3395/3967/3539 3396/3968/3539
f 3389/3961/3540 3395/3967/3540 3390/3962/3540
f 3388/3960/3541 3394/3966/3541 3389/3961/3541
f 3487/4060/3542 3392/3964/3542 3488/4061/3542
f 3294/3844/3543 3391/3963/3543 3295/3845/3543
f 3385/3957/3544 3391/3963/3544 3386/3958/3544
f 3384/3956/3545 3390/3962/3545 3385/3957/3545
f 3383/3955/3546 3389/3961/3546 3384/3956/3546
f 3486/4059/3547 3387/3959/3547 3487/4060/3547
f 3381/3953/3548 3294/3844/3548 3293/3842/3548
f 3380/3952/3549 3386/3958/3549 3381/3953/3549
f 3379/3951/3550 3385/3957/3550 3380/3952/3550
f 3378/3950/3551 3384/3956/3551 3379/3951/3551
f 3485/4058/3552 3382/3954/3552 3486/4059/3552
f 3376/3948/3553 3293/3842/3553 3292/3840/3553
f 3376/3948/3554 3380/3952/3554 3381/3953/3554
f 3374/3946/3555 3380/3952/3555 3375/3947/3555
f 3373/3945/3556 3379/3951/3556 3374/3946/3556
f 3484/4057/3557 3377/3949/3557 3485/4058/3557
f 3371/3943/3558 3292/3840/3558 3291/3838/3558
f 3370/3942/3559 3376/3948/3559 3371/3943/3559
f 3370/3942/3560 3374/3946/3560 3375/3947/3560
f 3368/3940/3561 3374/3946/3561 3369/3941/3561
f 3483/4056/3562 3372/3944/3562 3484/4057/3562
f 3366/3938/3563 3291/3838/3563 3290/3836/3563
f 3365/3937/3564 3371/3943/3564 3366/3938/3564
f 3364/3936/3565 3370/3942/3565 3365/3937/3565
f 3363/3935/3566 3369/3941/3566 3364/3936/3566
f 3482/4055/3567 3367/3939/3567 3483/4056/3567
f 3361/3933/3568 3290/3836/3568 3289/3834/3568
f 3360/3932/3569 3366/3938/3569 3361/3933/3569
f 3359/3931/3570 3365/3937/3570 3360/3932/3570
f 3358/3930/3571 3364/3936/3571 3359/3931/3571
f 3481/4054/3572 3362/3934/3572 3482/4055/3572
f 3356/3928/3573 3289/3834/3573 3288/3831/3573
f 3356/3928/3574 3360/3932/3574 3361/3933/3574
f 3354/3926/3575 3360/3932/3575 3355/3927/3575
f 3353/3925/3576 3359/3931/3576 3354/3926/3576
f 3480/4053/3577 3357/3929/3577 3481/4054/3577
f 3287/3830/3578 3356/3928/3578 3288/3831/3578
f 3350/3922/3579 3356/3928/3579 3351/3923/3579
f 3350/3922/3580 3354/3926/3580 3355/3927/3580
f 3348/3920/3581 3354/3926/3581 3349/3921/3581
f 3479/4052/3582 3352/3924/3582 3480/4053/3582
f 3286/3828/3583 3351/3923/3583 3287/3830/3583
f 3346/3918/3584 3350/3922/3584 3351/3923/3584
f 3345/3917/3585 3349/3921/3585 3350/3922/3585
f 3343/3915/3586 3349/3921/3586 3344/3916/3586
f 3478/4051/3587 3347/3919/3587 3479/4052/3587
f 3341/3913/3588 3286/3828/3588 3285/3826/3588
f 3340/3912/3589 3346/3918/3589 3341/3913/3589
f 3339/3911/3590 3345/3917/3590 3340/3912/3590
f 3338/3910/3591 3344/3916/3591 3339/3911/3591
f 3477/4050/3592 3342/3914/3592 3478/4051/3592
f 3336/3908/3593 3285/3826/3593 3284/3824/3593
f 3335/3907/3594 3341/3913/3594 3336/3908/3594
f 3334/3906/3595 3340/3912/3595 3335/3907/3595
f 3333/3905/3596 3339/3911/3596 3334/3906/3596
f 3476/4049/3597 3337/3909/3597 3477/4050/3597
f 3331/3903/3598 3284/3824/3598 3283/3822/3598
f 3330/3902/3599 3336/3908/3599 3331/3903/3599
f 3329/3901/3600 3335/3907/3600 3330/3902/3600
f 3328/3900/3601 3334/3906/3601 3329/3901/3601
f 3475/4048/3602 3332/3904/3602 3476/4049/3602
f 3326/3898/3603 3283/3822/3603 3282/3820/3603
f 3325/3897/3604 3331/3903/3604 3326/3898/3604
f 3324/3896/3605 3330/3902/3605 3325/3897/3605
f 3323/3895/3606 3329/3901/3606 3324/3896/3606
f 3474/4047/3607 3327/3899/3607 3475/4048/3607
f 3321/3893/3608 3282/3820/3608 3281/3818/3608
f 3321/3893/3609 3325/3897/3609 3326/3898/3609
f 3320/3892/3610 3324/3896/3610 3325/3897/3610
f 3318/3890/3611 3324/3896/3611 3319/3891/3611
f 3473/4046/3612 3322/3894/3612 3474/4047/3612
f 3312/3880/3613 3281/3818/3613 3279/3782/3613
f 3313/3882/3614 3321/3893/3614 3312/3880/3614
f 3314/3884/3615 3320/3892/3615 3313/3882/3615
f 3315/3885/3616 3319/3891/3616 3314/3884/3616
f 3472/4044/3617 3317/3889/3617 3473/4046/3617
f 3315/3885/3618 3473/4046/3618 3318/3890/3618
f 3318/3890/3619 3474/4047/3619 3323/3895/3619
f 3323/3895/3620 3475/4048/3620 3328/3900/3620
f 3328/3900/3621 3476/4049/3621 3333/3905/3621
f 3333/3905/3622 3477/4050/3622 3338/3910/3622
f 3338/3910/3623 3478/4051/3623 3343/3915/3623
f 3343/3915/3624 3479/4052/3624 3348/3920/3624
f 3348/3920/3625 3480/4053/3625 3353/3925/3625
f 3496/4069/3626 3438/4010/3626 3433/4005/3626
f 3497/4070/3627 3443/4015/3627 3438/4010/3627
f 3498/4071/3628 3448/4020/3628 3443/4015/3628
f 3499/4072/3629 3453/4025/3629 3448/4020/3629
f 3500/4073/3630 3458/4030/3630 3453/4025/3630
f 3501/4074/3631 3463/4035/3631 3458/4030/3631
f 3502/4075/3632 3468/4040/3632 3463/4035/3632
f 3503/4076/3633 3315/3886/3633 3468/4040/3633
f 3504/4077/3634 3522/4095/3634 3505/4078/3634
f 3505/4078/3635 3523/4096/3635 3506/4079/3635
f 3506/4079/3636 3524/4097/3636 3507/4080/3636
f 3507/4080/3637 3525/4098/3637 3508/4081/3637
f 3508/4081/3638 3526/4099/3638 3509/4082/3638
f 3509/4082/3639 3527/4100/3639 3510/4083/3639
f 3510/4083/3640 3528/4101/3640 3511/4084/3640
f 3511/4084/3641 3529/4102/3641 3512/4085/3641
f 3529/4102/3642 3513/4086/3642 3512/4085/3642
f 3530/4103/3643 3514/4087/3643 3513/4086/3643
f 3531/4104/3644 3515/4088/3644 3514/4087/3644
f 3532/4105/3645 3516/4089/3645 3515/4088/3645
f 3533/4106/3646 3517/4090/3646 3516/4089/3646
f 3534/4107/3647 3518/4091/3647 3517/4090/3647
f 3535/4108/3648 3519/4092/3648 3518/4091/3648
f 3536/4109/3649 3520/4093/3649 3519/4092/3649
f 286/326/1 10/10/1 11/11/1
f 287/327/2 11/11/2 12/12/2
f 68/68/3 342/415/3 352/425/3
f 288/328/4 12/12/4 13/13/4
f 291/331/5 5/5/5 6/6/5
f 3/3/7 2/2/7 6/6/7
f 3/3/8 7/7/8 8/8/8
f 285/325/9 8/8/9 9/9/9
f 4/4/10 9/9/10 10/10/10
f 9/9/11 18/18/11 19/19/11
f 10/10/12 19/19/12 20/20/12
f 11/11/13 20/20/13 21/21/13
f 186/217/14 336/409/14 329/402/14
f 12/12/15 21/21/15 22/22/15
f 5/5/16 292/332/16 15/15/16
f 7/7/18 6/6/18 15/15/18
f 8/8/19 7/7/19 16/16/19
f 9/9/20 8/8/20 17/17/20
f 16/16/22 15/15/22 24/24/22
f 16/16/23 25/25/23 26/26/23
f 18/18/24 17/17/24 26/26/24
f 18/18/25 27/27/25 28/28/25
f 20/20/26 19/19/26 28/28/26
f 20/20/27 29/29/27 30/30/27
f 59/59/28 353/426/28 342/415/28
f 22/22/29 21/21/29 30/30/29
f 292/332/30 293/333/30 24/24/30
f 29/29/31 28/28/31 37/37/31
f 30/30/32 29/29/32 38/38/32
f 176/176/33 331/404/33 336/409/33
f 30/30/34 39/39/34 40/40/34
f 24/24/35 293/333/35 294/334/35
f 24/24/37 33/33/37 34/34/37
f 25/25/38 34/34/38 35/35/38
f 27/27/39 26/26/39 35/35/39
f 27/27/40 36/36/40 37/37/40
f 33/33/41 42/42/41 43/43/41
f 34/34/42 43/43/42 44/44/42
f 36/36/43 35/35/43 44/44/43
f 36/36/44 45/45/44 46/46/44
f 38/38/45 37/37/45 46/46/45
f 38/38/46 47/47/46 48/48/46
f 50/50/47 343/416/47 353/426/47
f 40/40/48 39/39/48 48/48/48
f 33/33/49 294/334/49 295/335/49
f 47/47/51 46/46/51 55/55/51
f 47/47/52 56/56/52 57/57/52
f 167/167/53 347/420/53 331/404/53
f 49/49/54 48/48/54 57/57/54
f 42/42/55 295/335/55 296/336/55
f 42/42/57 51/51/57 52/52/57
f 43/43/58 52/52/58 53/53/58
f 45/45/59 44/44/59 53/53/59
f 45/45/60 54/54/60 55/55/60
f 52/52/61 61/61/61 62/62/61
f 54/54/62 53/53/62 62/62/62
f 54/54/63 63/63/63 64/64/63
f 56/56/64 55/55/64 64/64/64
f 56/56/65 65/65/65 66/66/65
f 41/41/66 344/417/66 343/416/66
f 58/58/67 57/57/67 66/66/67
f 51/51/68 296/336/68 297/337/68
f 51/51/70 60/60/70 61/61/70
f 65/65/71 74/74/71 75/75/71
f 158/158/72 332/405/72 347/420/72
f 66/66/73 75/75/73 76/76/73
f 60/60/74 297/337/74 298/338/74
f 60/60/76 69/69/76 70/70/76
f 61/61/77 70/70/77 71/71/77
f 63/63/78 62/62/78 71/71/78
f 63/63/79 72/72/79 73/73/79
f 65/65/80 64/64/80 73/73/80
f 72/72/81 71/71/81 80/80/81
f 72/72/82 81/81/82 82/82/82
f 74/74/83 73/73/83 82/82/83
f 75/75/84 74/74/84 83/83/84
f 321/362/85 330/403/85 324/396/85
f 76/76/86 75/75/86 84/84/86
f 69/69/87 298/338/87 299/339/87
f 69/69/89 78/78/89 79/79/89
f 70/70/90 79/79/90 80/80/90
f 32/32/91 354/427/91 344/417/91
f 84/84/92 93/93/92 94/94/92
f 78/78/93 299/339/93 300/340/93
f 78/78/95 87/87/95 88/88/95
f 79/79/96 88/88/96 89/89/96
f 81/81/97 80/80/97 89/89/97
f 81/81/98 90/90/98 91/91/98
f 83/83/99 82/82/99 91/91/99
f 83/83/100 92/92/100 93/93/100
f 90/90/101 89/89/101 98/98/101
f 90/90/102 99/99/102 100/100/102
f 92/92/103 91/91/103 100/100/103
f 92/92/104 101/101/104 102/102/104
f 149/149/105 346/419/105 332/405/105
f 94/94/106 93/93/106 102/102/106
f 87/87/107 300/340/107 301/341/107
f 87/87/109 96/96/109 97/97/109
f 88/88/110 97/97/110 98/98/110
f 103/103/111 102/102/111 111/111/111
f 96/96/112 301/341/112 302/342/112
f 96/96/114 105/105/114 106/106/114
f 97/97/115 106/106/115 107/107/115
f 99/99/116 98/98/116 107/107/116
f 99/99/117 108/108/117 109/109/117
f 101/101/118 100/100/118 109/109/118
f 101/101/119 110/110/119 111/111/119
f 320/361/120 325/397/120 330/403/120
f 108/108/121 117/117/121 118/118/121
f 110/110/122 109/109/122 118/118/122
f 110/110/123 119/119/123 120/120/123
f 23/23/124 345/418/124 354/427/124
f 111/111/125 120/120/125 121/121/125
f 105/105/126 302/342/126 303/343/126
f 105/105/128 114/114/128 115/115/128
f 106/106/129 115/115/129 116/116/129
f 108/108/130 107/107/130 116/116/130
f 114/114/131 303/343/131 304/344/131
f 114/114/133 123/123/133 124/124/133
f 115/115/134 124/124/134 125/125/134
f 117/117/135 116/116/135 125/125/135
f 117/117/136 126/126/136 127/127/136
f 119/119/137 118/118/137 127/127/137
f 120/120/138 119/119/138 128/128/138
f 140/140/139 333/406/139 346/419/139
f 120/120/140 129/129/140 130/130/140
f 126/126/141 135/135/141 136/136/141
f 128/128/142 127/127/142 136/136/142
f 129/129/143 128/128/143 137/137/143
f 258/298/144 337/410/144 325/397/144
f 130/130/145 129/129/145 138/138/145
f 123/123/146 304/344/146 305/345/146
f 123/123/148 132/132/148 133/133/148
f 124/124/149 133/133/149 134/134/149
f 126/126/150 125/125/150 134/134/150
f 132/132/152 141/141/152 142/142/152
f 133/133/153 142/142/153 143/143/153
f 135/135/154 134/134/154 143/143/154
f 135/135/155 144/144/155 145/145/155
f 137/137/156 136/136/156 145/145/156
f 138/138/157 137/137/157 146/146/157
f 14/14/158 351/424/158 345/418/158
f 138/138/159 147/147/159 148/148/159
f 132/132/160 305/345/160 306/346/160
f 146/146/161 145/145/161 154/154/161
f 147/147/162 146/146/162 155/155/162
f 131/131/163 348/421/163 333/406/163
f 147/147/164 156/156/164 157/157/164
f 141/141/165 306/346/165 307/347/165
f 141/141/167 150/150/167 151/151/167
f 142/142/168 151/151/168 152/152/168
f 144/144/169 143/143/169 152/152/169
f 144/144/170 153/153/170 154/154/170
f 151/151/171 160/160/171 161/161/171
f 153/153/172 152/152/172 161/161/172
f 153/153/173 162/162/173 163/163/173
f 155/155/174 154/154/174 163/163/174
f 155/155/175 164/164/175 165/165/175
f 249/289/176 326/398/176 337/410/176
f 156/156/177 165/165/177 166/166/177
f 150/150/178 307/347/178 308/348/178
f 150/150/180 159/159/180 160/160/180
f 164/164/181 173/173/181 174/174/181
f 290/330/182 323/395/182 351/424/182
f 166/166/183 165/165/183 174/174/183
f 159/159/184 308/348/184 309/349/184
f 159/159/186 168/168/186 169/169/186
f 160/160/187 169/169/187 170/170/187
f 162/162/188 161/161/188 170/170/188
f 162/162/189 171/171/189 172/172/189
f 164/164/190 163/163/190 172/172/190
f 169/169/191 178/178/191 179/179/191
f 171/171/192 170/170/192 179/179/192
f 171/171/193 180/180/193 181/181/193
f 173/173/194 172/172/194 181/181/194
f 173/173/195 182/182/195 183/183/195
f 122/122/196 334/407/196 348/421/196
f 174/174/197 183/183/197 184/184/197
f 168/168/198 309/349/198 310/350/198
f 168/168/200 177/177/200 178/178/200
f 182/182/201 192/223/201 193/224/201
f 240/280/202 338/411/202 326/398/202
f 183/183/203 193/224/203 194/225/203
f 177/177/204 310/350/204 311/351/204
f 177/177/206 187/218/206 188/219/206
f 178/178/207 188/219/207 189/220/207
f 180/180/208 179/179/208 189/220/208
f 180/180/209 190/221/209 191/222/209
f 182/182/210 181/181/210 191/222/210
f 190/221/211 189/220/211 198/229/211
f 190/221/212 199/230/212 200/231/212
f 192/223/213 191/222/213 200/231/213
f 192/223/214 201/232/214 202/233/214
f 1/1/215 324/396/215 323/395/215
f 193/224/216 202/233/216 203/234/216
f 187/218/217 311/351/217 312/352/217
f 187/218/219 196/227/219 197/228/219
f 188/219/220 197/228/220 198/229/220
f 113/113/221 349/422/221 334/407/221
f 203/234/222 202/233/222 211/242/222
f 196/227/223 312/352/223 313/353/223
f 196/227/225 205/236/225 206/237/225
f 197/228/226 206/237/226 207/238/226
f 199/230/227 198/229/227 207/238/227
f 199/230/228 208/239/228 209/240/228
f 201/232/229 200/231/229 209/240/229
f 201/232/230 210/241/230 211/242/230
f 208/239/231 207/238/231 216/250/231
f 208/239/232 217/252/232 218/254/232
f 210/241/233 209/240/233 218/254/233
f 210/241/234 219/256/234 220/258/234
f 231/271/235 327/399/235 338/411/235
f 211/242/236 220/258/236 221/261/236
f 205/236/237 313/353/237 314/354/237
f 205/236/239 214/246/239 215/248/239
f 206/237/240 215/248/240 216/250/240
f 220/259/241 229/269/241 230/270/241
f 214/247/242 314/355/242 315/356/242
f 214/247/244 223/263/244 224/264/244
f 215/249/245 224/264/245 225/265/245
f 217/253/246 216/251/246 225/265/246
f 217/253/247 226/266/247 227/267/247
f 219/257/248 218/255/248 227/267/248
f 219/257/249 228/268/249 229/269/249
f 104/104/250 335/408/250 349/422/250
f 226/266/251 235/275/251 236/276/251
f 228/268/252 227/267/252 236/276/252
f 228/268/253 237/277/253 238/278/253
f 222/262/254 339/412/254 327/399/254
f 229/269/255 238/278/255 239/279/255
f 223/263/256 315/356/256 316/357/256
f 223/263/258 232/272/258 233/273/258
f 224/264/259 233/273/259 234/274/259
f 226/266/260 225/265/260 234/274/260
f 232/272/262 241/281/262 242/282/262
f 233/273/263 242/282/263 243/283/263
f 235/275/264 234/274/264 243/283/264
f 235/275/265 244/284/265 245/285/265
f 237/277/266 236/276/266 245/285/266
f 237/277/267 246/286/267 247/287/267
f 95/95/268 350/423/268 335/408/268
f 238/278/269 247/287/269 248/288/269
f 232/272/270 316/357/270 317/358/270
f 246/286/271 245/285/271 254/294/271
f 246/286/272 255/295/272 256/296/272
f 213/244/273 328/400/273 339/412/273
f 247/287/274 256/296/274 257/297/274
f 241/281/275 317/358/275 318/359/275
f 241/281/277 250/290/277 251/291/277
f 242/282/278 251/291/278 252/292/278
f 244/284/279 243/283/279 252/292/279
f 244/284/280 253/293/280 254/294/280
f 250/290/281 259/299/281 260/300/281
f 251/291/282 260/300/282 261/301/282
f 253/293/283 252/292/283 261/301/283
f 253/293/284 262/302/284 263/303/284
f 255/295/285 254/294/285 263/303/285
f 255/295/286 264/304/286 265/305/286
f 86/86/287 341/414/287 350/423/287
f 256/296/288 265/305/288 266/306/288
f 250/290/289 318/359/289 319/360/289
f 264/304/291 263/303/291 272/312/291
f 264/304/292 273/313/292 274/314/292
f 204/235/293 340/413/293 328/401/293
f 266/306/294 265/305/294 274/314/294
f 259/299/295 319/360/295 267/307/295
f 259/299/297 268/308/297 269/309/297
f 260/300/298 269/309/298 270/310/298
f 262/302/299 261/301/299 270/310/299
f 262/302/300 271/311/300 272/312/300
f 269/309/301 278/318/301 279/319/301
f 271/311/302 270/310/302 279/319/302
f 271/311/303 280/320/303 281/321/303
f 273/313/304 272/312/304 281/321/304
f 274/314/305 273/313/305 282/322/305
f 77/77/306 352/425/306 341/414/306
f 274/314/307 283/323/307 284/324/307
f 268/308/308 267/307/308 276/316/308
f 268/308/310 277/317/310 278/318/310
f 282/322/311 287/327/311 288/328/311
f 195/226/312 329/402/312 340/413/312
f 283/323/313 288/328/313 289/329/313
f 277/317/314 276/316/314 291/331/314
f 277/317/316 2/2/316 3/3/316
f 278/318/317 3/3/317 285/325/317
f 279/319/318 285/325/318 4/4/318
f 280/320/319 4/4/319 286/326/319
f 282/322/320 281/321/320 286/326/320
f 1/1/321 290/330/321 5/5/321
f 14/14/322 292/332/322 5/5/322
f 23/23/323 293/333/323 292/332/323
f 23/23/324 32/32/324 294/334/324
f 41/41/325 295/335/325 294/334/325
f 41/41/326 50/50/326 296/336/326
f 50/50/327 59/59/327 297/337/327
f 68/68/328 298/338/328 297/337/328
f 77/77/329 299/339/329 298/338/329
f 86/86/330 300/340/330 299/339/330
f 95/95/331 301/341/331 300/340/331
f 104/104/332 302/342/332 301/341/332
f 113/113/333 303/343/333 302/342/333
f 113/113/334 122/122/334 304/344/334
f 131/131/335 305/345/335 304/344/335
f 140/140/336 306/346/336 305/345/336
f 140/140/337 149/149/337 307/347/337
f 158/158/338 308/348/338 307/347/338
f 158/158/339 167/167/339 309/349/339
f 167/167/340 176/176/340 310/350/340
f 186/217/341 311/351/341 310/350/341
f 186/217/342 195/226/342 312/352/342
f 204/235/343 313/353/343 312/352/343
f 213/245/344 314/354/344 313/353/344
f 222/262/345 315/356/345 314/355/345
f 231/271/346 316/357/346 315/356/346
f 240/280/347 317/358/347 316/357/347
f 240/280/348 249/289/348 318/359/348
f 258/298/349 319/360/349 318/359/349
f 258/298/350 320/361/350 267/307/350
f 320/361/351 321/362/351 276/316/351
f 1/1/352 291/331/352 276/316/352
f 829/979/353 828/978/353 361/434/353
f 359/432/354 369/442/354 370/443/354
f 355/428/355 829/979/355 362/435/355
f 832/982/356 370/443/356 371/444/356
f 830/980/357 355/428/357 363/436/357
f 360/433/358 371/444/358 372/445/358
f 830/980/359 364/437/359 365/438/359
f 833/983/360 372/445/360 373/446/360
f 831/981/361 356/429/361 365/438/361
f 834/984/362 373/446/362 374/447/362
f 357/430/363 831/981/363 366/439/363
f 835/985/364 374/447/364 375/448/364
f 358/431/365 357/430/365 367/440/365
f 358/431/368 368/441/368 369/442/368
f 367/440/369 382/455/369 383/456/369
f 369/442/372 368/441/372 383/456/372
f 361/434/373 376/449/373 377/450/373
f 370/443/374 369/442/374 384/457/374
f 362/435/375 377/450/375 378/451/375
f 371/444/376 370/443/376 385/458/376
f 363/436/377 378/451/377 379/452/377
f 372/445/378 371/444/378 386/459/378
f 364/437/379 379/452/379 380/453/379
f 373/446/380 372/445/380 387/460/380
f 365/438/381 380/453/381 381/454/381
f 374/447/382 373/446/382 388/461/382
f 367/440/383 366/439/383 381/454/383
f 374/447/3650 389/462/3650 390/463/3650
f 386/459/385 401/474/385 402/475/385
f 379/452/386 394/467/386 395/468/386
f 388/461/387 387/460/387 402/475/387
f 381/454/388 380/453/388 395/468/388
f 389/462/389 388/461/389 403/476/389
f 381/454/390 396/469/390 397/470/390
f 390/463/391 389/462/391 404/477/391
f 382/455/392 397/470/392 398/471/392
f 384/457/395 383/456/395 398/471/395
f 376/449/396 391/464/396 392/465/396
f 384/457/397 399/472/397 400/473/397
f 378/451/398 377/450/398 392/465/398
f 385/458/399 400/473/399 401/474/399
f 379/452/400 378/451/400 393/466/400
f 398/471/402 413/486/402 414/487/402
f 391/464/403 406/479/403 407/480/403
f 400/473/404 399/472/404 414/487/404
f 392/465/405 407/480/405 408/481/405
f 400/473/406 415/488/406 416/489/406
f 393/466/407 408/481/407 409/482/407
f 401/474/408 416/489/408 417/490/408
f 394/467/409 409/482/409 410/483/409
f 403/476/410 402/475/410 417/490/410
f 395/468/411 410/483/411 411/484/411
f 403/476/412 418/491/412 419/492/412
f 397/470/413 396/469/413 411/484/413
f 405/478/414 404/477/414 419/492/414
f 397/470/415 412/485/415 413/486/415
f 417/490/417 432/505/417 433/506/417
f 410/483/418 425/498/418 426/499/418
f 419/492/419 418/491/419 433/506/419
f 412/485/420 411/484/420 426/499/420
f 419/492/421 434/507/421 435/508/421
f 412/485/422 427/500/422 428/501/422
f 413/486/425 428/501/425 429/502/425
f 406/479/426 421/494/426 422/495/426
f 414/487/427 429/502/427 430/503/427
f 408/481/428 407/480/428 422/495/428
f 416/489/429 415/488/429 430/503/429
f 408/481/430 423/496/430 424/497/430
f 416/489/431 431/504/431 432/505/431
f 409/482/432 424/497/432 425/498/432
f 421/494/433 437/541/433 438/542/433
f 429/502/434 445/549/434 446/550/434
f 422/495/435 438/542/435 439/543/435
f 430/503/3651 446/550/3651 447/551/3651
f 423/496/437 439/543/437 440/544/437
f 431/504/438 447/551/438 448/552/438
f 425/498/439 424/497/439 440/544/439
f 432/505/440 448/552/440 449/553/440
f 425/498/441 441/545/441 442/546/441
f 434/507/442 433/506/442 449/553/442
f 427/500/443 426/499/443 442/546/443
f 435/508/444 434/507/444 450/554/444
f 428/501/445 427/500/445 443/547/445
f 428/501/448 444/548/448 445/549/448
f 441/545/449 456/560/449 457/561/449
f 450/554/450 449/553/450 464/568/450
f 442/546/451 457/561/451 458/562/451
f 450/554/452 465/569/452 466/570/452
f 444/548/453 443/547/453 458/562/453
f 445/549/456 444/548/456 459/563/456
f 437/541/457 452/556/457 453/557/457
f 445/549/458 460/564/458 461/565/458
f 438/542/459 453/557/459 454/558/459
f 447/551/460 446/550/460 461/565/460
f 439/543/461 454/558/461 455/559/461
f 447/551/462 462/566/462 463/567/462
f 440/544/463 455/559/463 456/560/463
f 448/552/464 463/567/464 464/568/464
f 460/564/465 475/579/465 476/580/465
f 453/557/466 468/572/466 469/573/466
f 462/566/467 461/565/467 476/580/467
f 454/558/468 469/573/468 470/574/468
f 462/566/469 477/581/469 478/582/469
f 456/560/470 455/559/470 470/574/470
f 464/568/471 463/567/471 478/582/471
f 456/560/472 471/575/472 472/576/472
f 465/569/473 464/568/473 479/583/473
f 457/561/474 472/576/474 473/577/474
f 465/569/3652 480/584/3652 481/585/3652
f 458/562/476 473/577/476 474/578/476
f 459/563/479 474/578/479 475/579/479
f 452/556/3653 467/571/3653 468/572/3653
f 480/584/481 479/583/481 494/598/481
f 473/577/482 472/576/482 487/591/482
f 480/584/3654 495/599/3654 496/600/3654
f 474/578/484 473/577/484 488/592/484
f 475/579/487 474/578/487 489/593/487
f 467/571/488 482/586/488 483/587/488
f 476/580/489 475/579/489 490/594/489
f 469/573/490 468/572/490 483/587/490
f 477/581/491 476/580/491 491/595/491
f 469/573/3655 484/588/3655 485/589/3655
f 477/581/493 492/596/493 493/597/493
f 470/574/494 485/589/494 486/590/494
f 478/582/495 493/597/495 494/598/495
f 471/575/496 486/590/496 487/591/496
f 483/587/497 498/602/497 499/603/497
f 492/596/498 491/595/498 506/610/498
f 484/588/499 499/603/499 500/604/499
f 492/596/500 507/611/500 508/612/500
f 486/590/501 485/589/501 500/604/501
f 493/597/502 508/612/502 509/613/502
f 486/590/503 501/605/503 502/606/503
f 495/599/504 494/598/504 509/613/504
f 488/592/505 487/591/505 502/606/505
f 495/599/506 510/614/506 511/615/506
f 488/592/507 503/607/507 504/608/507
f 490/594/510 489/593/510 504/608/510
f 482/586/511 497/601/511 498/602/511
f 490/594/512 505/609/512 506/610/512
f 502/606/513 517/621/513 518/622/513
f 511/615/514 510/614/514 525/629/514
f 504/608/515 503/607/515 518/622/515
f 504/608/518 519/623/518 520/624/518
f 497/601/519 512/616/519 513/617/519
f 505/609/520 520/624/520 521/625/520
f 498/602/521 513/617/521 514/618/521
f 507/611/3656 506/610/3656 521/625/3656
f 499/603/3657 514/618/3657 515/619/3657
f 508/612/524 507/611/524 522/626/524
f 501/605/525 500/604/525 515/619/525
f 509/613/526 508/612/526 523/627/526
f 501/605/527 516/620/527 517/621/527
f 510/614/528 509/613/528 524/628/528
f 522/626/529 521/625/529 536/640/529
f 514/618/530 529/633/530 530/634/530
f 522/626/531 537/641/531 538/642/531
f 516/620/532 515/619/532 530/634/532
f 523/627/533 538/642/533 539/643/533
f 516/620/534 531/635/534 532/636/534
f 524/628/535 539/643/535 540/644/535
f 518/622/536 517/621/536 532/636/536
f 525/629/537 540/644/537 541/645/537
f 519/623/538 518/622/538 533/637/538
f 519/623/541 534/638/541 535/639/541
f 513/617/542 512/616/542 527/631/542
f 520/624/543 535/639/543 536/640/543
f 514/618/544 513/617/544 528/632/544
f 540/644/545 555/659/545 556/660/545
f 534/638/546 533/637/546 548/652/546
f 534/638/549 549/653/549 550/654/549
f 527/631/550 542/646/550 543/647/550
f 536/640/551 535/639/551 550/654/551
f 528/632/552 543/647/552 544/648/552
f 536/640/553 551/655/553 552/656/553
f 530/634/554 529/633/554 544/648/554
f 538/642/555 537/641/555 552/656/555
f 531/635/556 530/634/556 545/649/556
f 539/643/557 538/642/557 553/657/557
f 531/635/558 546/650/558 547/651/558
f 540/644/559 539/643/559 554/658/559
f 533/637/560 532/636/560 547/651/560
f 552/656/561 567/671/561 568/672/561
f 546/650/562 545/649/562 560/664/562
f 553/657/3658 568/672/3658 569/673/3658
f 546/650/564 561/665/564 562/666/564
f 554/658/565 569/673/565 570/674/565
f 548/652/566 547/651/566 562/666/566
f 555/659/567 570/674/567 571/675/567
f 549/653/568 548/652/568 563/667/568
f 549/653/571 564/668/571 565/669/571
f 542/646/572 557/661/572 558/662/572
f 550/654/573 565/669/573 566/670/573
f 543/647/574 558/662/574 559/663/574
f 551/655/575 566/670/575 567/671/575
f 544/648/576 559/663/576 560/664/576
f 564/668/579 579/683/579 580/684/579
f 557/661/580 572/676/580 573/677/580
f 565/669/581 580/684/581 581/685/581
f 559/663/582 558/662/582 573/677/582
f 567/671/583 566/670/583 581/685/583
f 559/663/584 574/678/584 575/679/584
f 567/671/585 582/686/585 583/687/585
f 560/664/3659 575/679/3659 576/680/3659
f 569/673/587 568/672/587 583/687/587
f 561/665/588 576/680/588 577/681/588
f 570/674/589 569/673/589 584/688/589
f 563/667/590 562/666/590 577/681/590
f 570/674/3660 585/689/3660 586/690/3660
f 563/667/592 578/682/592 579/683/592
f 575/679/593 590/694/593 591/695/593
f 584/688/3661 583/687/3661 598/702/3661
f 576/680/595 591/695/595 592/696/595
f 584/688/596 599/703/596 600/704/596
f 578/682/597 577/681/597 592/696/597
f 586/690/598 585/689/598 600/704/598
f 579/683/599 578/682/599 593/697/599
f 580/684/602 579/683/602 594/698/602
f 572/676/603 587/691/603 588/692/603
f 580/684/604 595/699/604 596/700/604
f 573/677/605 588/692/605 589/693/605
f 582/686/606 581/685/606 596/700/606
f 574/678/607 589/693/607 590/694/607
f 582/686/608 597/701/608 598/702/608
f 594/698/609 609/713/609 610/714/609
f 588/692/610 587/691/610 602/706/610
f 595/699/611 610/714/611 611/715/611
f 589/693/612 588/692/612 603/707/612
f 597/701/613 596/700/613 611/715/613
f 590/694/614 589/693/614 604/708/614
f 597/701/615 612/716/615 613/717/615
f 591/695/616 590/694/616 605/709/616
f 598/702/617 613/717/617 614/718/617
f 591/695/618 606/710/618 607/711/618
f 599/703/619 614/718/619 615/719/619
f 593/697/620 592/696/620 607/711/620
f 600/704/621 615/719/621 616/720/621
f 594/698/622 593/697/622 608/712/622
f 614/718/625 613/717/625 628/732/625
f 606/710/626 621/725/626 622/726/626
f 615/719/627 614/718/627 629/733/627
f 608/712/628 607/711/628 622/726/628
f 615/719/3662 630/734/3662 631/735/3662
f 609/713/630 608/712/630 623/727/630
f 609/713/633 624/728/633 625/729/633
f 602/706/634 617/721/634 618/722/634
f 610/714/635 625/729/635 626/730/635
f 603/707/636 618/722/636 619/723/636
f 611/715/637 626/730/637 627/731/637
f 604/708/638 619/723/638 620/724/638
f 612/716/639 627/731/639 628/732/639
f 605/709/640 620/724/640 621/725/640
f 618/722/641 617/721/641 632/736/641
f 625/729/642 640/744/642 641/745/642
f 619/723/643 618/722/643 633/737/643
f 627/731/644 626/730/644 641/745/644
f 619/723/645 634/738/645 635/739/645
f 628/732/646 627/731/646 642/746/646
f 621/725/647 620/724/647 635/739/647
f 629/733/3663 628/732/3663 643/747/3663
f 621/725/649 636/740/649 637/741/649
f 629/733/650 644/748/650 645/749/650
f 623/727/651 622/726/651 637/741/651
f 631/735/652 630/734/652 645/749/652
f 624/728/653 623/727/653 638/742/653
f 624/728/656 639/743/656 640/744/656
f 636/740/657 651/755/657 652/756/657
f 644/748/658 659/763/658 660/764/658
f 638/742/659 637/741/659 652/756/659
f 645/749/660 660/764/660 661/765/660
f 639/743/661 638/742/661 653/757/661
f 639/743/664 654/758/664 655/759/664
f 633/737/665 632/736/665 647/751/665
f 640/744/666 655/759/666 656/760/666
f 634/738/667 633/737/667 648/752/667
f 641/745/668 656/760/668 657/761/668
f 634/738/669 649/753/669 650/754/669
f 642/746/670 657/761/670 658/762/670
f 636/740/671 635/739/671 650/754/671
f 644/748/672 643/747/672 658/762/672
f 655/759/673 671/806/673 672/807/673
f 648/752/674 664/799/674 665/800/674
f 656/760/675 672/807/675 673/808/675
f 649/753/676 665/800/676 666/801/676
f 658/762/677 657/761/677 673/808/677
f 651/755/678 650/754/678 666/801/678
f 659/763/679 658/762/679 674/809/679
f 652/756/680 651/755/680 667/802/680
f 660/764/681 659/763/681 675/810/681
f 653/757/682 652/756/682 668/803/682
f 661/765/683 660/764/683 676/811/683
f 653/757/684 669/804/684 670/805/684
f 654/758/687 670/805/687 671/806/687
f 647/751/688 663/798/688 664/799/688
f 675/810/689 690/825/689 691/826/689
f 669/804/690 668/803/690 683/818/690
f 676/811/691 691/826/691 692/827/691
f 670/805/692 669/804/692 684/819/692
f 671/806/695 670/805/695 685/820/695
f 664/799/696 663/798/696 678/813/696
f 671/806/697 686/821/697 687/822/697
f 664/799/698 679/814/698 680/815/698
f 673/808/699 672/807/699 687/822/699
f 665/800/700 680/815/700 681/816/700
f 673/808/701 688/823/701 689/824/701
f 666/801/702 681/816/702 682/817/702
f 674/809/703 689/824/703 690/825/703
f 667/802/704 682/817/704 683/818/704
f 688/823/705 687/822/705 702/837/705
f 680/815/706 695/830/706 696/831/706
f 689/824/707 688/823/707 703/838/707
f 682/817/708 681/816/708 696/831/708
f 690/825/709 689/824/709 704/839/709
f 682/817/710 697/832/710 698/833/710
f 691/826/711 690/825/711 705/840/711
f 684/819/712 683/818/712 698/833/712
f 692/827/713 691/826/713 706/841/713
f 685/820/714 684/819/714 699/834/714
f 685/820/717 700/835/717 701/836/717
f 678/813/718 693/828/718 694/829/718
f 686/821/719 701/836/719 702/837/719
f 679/814/720 694/829/720 695/830/720
f 707/842/721 706/841/721 721/869/721
f 699/834/722 714/855/722 715/857/722
f 700/835/725 715/857/725 716/859/725
f 693/828/726 708/843/726 709/845/726
f 701/836/727 716/859/727 717/861/727
f 695/830/728 694/829/728 709/845/728
f 702/837/729 717/861/729 718/863/729
f 695/830/730 710/847/730 711/849/730
f 703/838/731 718/863/731 719/865/731
f 697/832/732 696/831/732 711/849/732
f 704/839/733 719/865/733 720/867/733
f 697/832/734 712/851/734 713/853/734
f 705/840/735 720/867/735 721/869/735
f 699/834/736 698/833/736 713/853/736
f 710/848/737 725/875/737 726/876/737
f 719/866/738 718/864/738 733/883/738
f 711/850/739 726/876/739 727/877/739
f 719/866/740 734/884/740 735/885/740
f 712/852/741 727/877/741 728/878/741
f 720/868/742 735/885/742 736/886/742
f 714/856/743 713/854/743 728/878/743
f 722/872/3664 721/870/3664 736/886/3664
f 714/856/745 729/879/745 730/880/745
f 715/858/748 730/880/748 731/881/748
f 709/846/3665 708/844/3665 723/873/3665
f 716/860/750 731/881/750 732/882/750
f 710/848/751 709/846/751 724/874/751
f 718/864/752 717/862/752 732/882/752
f 730/880/753 729/879/753 744/894/753
f 730/880/756 745/895/756 746/896/756
f 723/873/3666 738/888/3666 739/889/3666
f 731/881/758 746/896/758 747/897/758
f 724/874/759 739/889/759 740/890/759
f 733/883/760 732/882/760 747/897/760
f 725/875/761 740/890/761 741/891/761
f 733/883/762 748/898/762 749/899/762
f 727/877/763 726/876/763 741/891/763
f 734/884/764 749/899/764 750/900/764
f 727/877/765 742/892/765 743/893/765
f 736/886/766 735/885/766 750/900/766
f 729/879/767 728/878/767 743/893/767
f 737/887/768 736/886/768 751/901/768
f 748/898/769 763/913/769 764/914/769
f 742/892/770 741/891/770 756/906/770
f 750/900/771 749/899/771 764/914/771
f 742/892/772 757/907/772 758/908/772
f 750/900/773 765/915/773 766/916/773
f 744/894/774 743/893/774 758/908/774
f 751/901/775 766/916/775 767/917/775
f 745/895/776 744/894/776 759/909/776
f 745/895/779 760/910/779 761/911/779
f 739/889/3667 738/888/3667 753/903/3667
f 746/896/781 761/911/781 762/912/781
f 739/889/782 754/904/782 755/905/782
f 747/897/783 762/912/783 763/913/783
f 740/890/784 755/905/784 756/906/784
f 760/910/787 775/925/787 776/926/787
f 753/903/788 768/918/788 769/919/788
f 762/912/789 761/911/789 776/926/789
f 754/904/790 769/919/790 770/920/790
f 762/912/791 777/927/791 778/928/791
f 755/905/792 770/920/792 771/921/792
f 763/913/793 778/928/793 779/929/793
f 757/907/794 756/906/794 771/921/794
f 765/915/795 764/914/795 779/929/795
f 757/907/796 772/922/796 773/923/796
f 765/915/797 780/930/797 781/931/797
f 759/909/798 758/908/798 773/923/798
f 767/917/799 766/916/799 781/931/799
f 760/910/800 759/909/800 774/924/800
f 772/922/801 771/921/801 786/936/801
f 780/930/802 779/929/802 794/944/802
f 772/922/803 787/937/803 788/938/803
f 780/930/804 795/945/804 796/946/804
f 774/924/805 773/923/805 788/938/805
f 782/932/806 781/931/806 796/946/806
f 775/925/807 774/924/807 789/939/807
f 776/926/810 775/925/810 790/940/810
f 769/919/811 768/918/811 783/933/811
f 776/926/812 791/941/812 792/942/812
f 769/919/813 784/934/813 785/935/813
f 778/928/814 777/927/814 792/942/814
f 770/920/815 785/935/815 786/936/815
f 778/928/816 793/943/816 794/944/816
f 791/941/817 790/940/817 805/955/817
f 784/934/3668 783/933/3668 798/948/3668
f 791/941/819 806/956/819 807/957/819
f 785/935/820 784/934/820 799/949/820
f 793/943/821 792/942/821 807/957/821
f 786/936/822 785/935/822 800/950/822
f 794/944/823 793/943/823 808/958/823
f 787/937/824 786/936/824 801/951/824
f 794/944/825 809/959/825 810/960/825
f 787/937/826 802/952/826 803/953/826
f 795/945/827 810/960/827 811/961/827
f 788/938/828 803/953/828 804/954/828
f 796/946/829 811/961/829 812/962/829
f 790/940/830 789/939/830 804/954/830
f 810/960/833 809/959/833 824/974/833
f 802/952/834 817/967/834 818/968/834
f 811/961/835 810/960/835 825/975/835
f 804/954/836 803/953/836 818/968/836
f 812/962/837 811/961/837 826/976/837
f 805/955/838 804/954/838 819/969/838
f 806/956/841 805/955/841 820/970/841
f 798/948/842 813/963/842 814/964/842
f 806/956/843 821/971/843 822/972/843
f 800/950/844 799/949/844 814/964/844
f 807/957/845 822/972/845 823/973/845
f 800/950/846 815/965/846 816/966/846
f 808/958/847 823/973/847 824/974/847
f 801/951/848 816/966/848 817/967/848
f 821/971/849 359/432/849 832/982/849
f 815/965/850 814/964/850 829/979/850
f 823/973/851 822/972/851 832/982/851
f 816/966/852 815/965/852 355/428/852
f 823/973/853 360/433/853 833/983/853
f 817/967/854 816/966/854 830/980/854
f 825/975/855 824/974/855 833/983/855
f 818/968/856 817/967/856 356/429/856
f 825/975/857 834/984/857 835/985/857
f 819/969/858 818/968/858 831/981/858
f 827/977/859 826/976/859 835/985/859
f 820/970/860 819/969/860 357/430/860
f 820/970/863 358/431/863 359/432/863
f 814/964/864 813/963/864 828/978/864
f 1311/1538/865 1310/1537/865 843/993/865
f 1314/1541/866 841/991/866 851/1001/866
f 837/987/867 1311/1538/867 844/994/867
f 1314/1541/868 852/1002/868 853/1003/868
f 1312/1539/3669 837/987/3669 845/995/3669
f 1315/1542/870 842/992/870 853/1003/870
f 1312/1539/871 846/996/871 847/997/871
f 1315/1542/872 854/1004/872 855/1005/872
f 1313/1540/873 838/988/873 847/997/873
f 1316/1543/874 855/1005/874 856/1006/874
f 839/989/875 1313/1540/875 848/998/875
f 1317/1544/876 856/1006/876 857/1007/876
f 839/989/877 849/999/877 850/1000/877
f 840/990/880 850/1000/880 851/1001/880
f 849/999/881 864/1014/881 865/1015/881
f 851/1001/884 850/1000/884 865/1015/884
f 844/994/885 843/993/885 858/1008/885
f 852/1002/886 851/1001/886 866/1016/886
f 844/994/887 859/1009/887 860/1010/887
f 853/1003/888 852/1002/888 867/1017/888
f 846/996/889 845/995/889 860/1010/889
f 854/1004/890 853/1003/890 868/1018/890
f 846/996/891 861/1011/891 862/1012/891
f 855/1005/892 854/1004/892 869/1019/892
f 847/997/893 862/1012/893 863/1013/893
f 856/1006/894 855/1005/894 870/1020/894
f 848/998/895 863/1013/895 864/1014/895
f 857/1007/3670 856/1006/3670 871/1021/3670
f 868/1018/897 883/1033/897 884/1034/897
f 862/1012/898 861/1011/898 876/1026/898
f 870/1020/899 869/1019/899 884/1034/899
f 863/1013/900 862/1012/900 877/1027/900
f 871/1021/3671 870/1020/3671 885/1035/3671
f 863/1013/902 878/1028/902 879/1029/902
f 872/1022/903 871/1021/903 886/1036/903
f 865/1015/904 864/1014/904 879/1029/904
f 866/1016/907 865/1015/907 880/1030/907
f 859/1009/908 858/1008/908 873/1023/908
f 867/1017/909 866/1016/909 881/1031/909
f 859/1009/910 874/1024/910 875/1025/910
f 868/1018/911 867/1017/911 882/1032/911
f 861/1011/912 860/1010/912 875/1025/912
f 880/1030/914 895/1045/914 896/1046/914
f 873/1023/915 888/1038/915 889/1039/915
f 881/1031/916 896/1046/916 897/1047/916
f 874/1024/917 889/1039/917 890/1040/917
f 882/1032/918 897/1047/918 898/1048/918
f 875/1025/919 890/1040/919 891/1041/919
f 883/1033/920 898/1048/920 899/1049/920
f 877/1027/921 876/1026/921 891/1041/921
f 884/1034/922 899/1049/922 900/1050/922
f 878/1028/923 877/1027/923 892/1042/923
f 885/1035/924 900/1050/924 901/1051/924
f 879/1029/925 878/1028/925 893/1043/925
f 886/1036/926 901/1051/926 902/1052/926
f 879/1029/927 894/1044/927 895/1045/927
f 899/1049/929 914/1064/929 915/1065/929
f 892/1042/930 907/1057/930 908/1058/930
f 901/1051/3672 900/1050/3672 915/1065/3672
f 894/1044/932 893/1043/932 908/1058/932
f 901/1051/933 916/1066/933 917/1067/933
f 895/1045/934 894/1044/934 909/1059/934
f 895/1045/937 910/1060/937 911/1061/937
f 888/1038/938 903/1053/938 904/1054/938
f 896/1046/3673 911/1061/3673 912/1062/3673
f 890/1040/940 889/1039/940 904/1054/940
f 898/1048/941 897/1047/941 912/1062/941
f 890/1040/942 905/1055/942 906/1056/942
f 898/1048/943 913/1063/943 914/1064/943
f 891/1041/944 906/1056/944 907/1057/944
f 903/1053/945 919/1100/945 920/1101/945
f 911/1061/946 927/1108/946 928/1109/946
f 904/1054/3674 920/1101/3674 921/1102/3674
f 913/1063/948 912/1062/948 928/1109/948
f 905/1055/949 921/1102/949 922/1103/949
f 913/1063/950 929/1110/950 930/1111/950
f 907/1057/951 906/1056/951 922/1103/951
f 914/1064/952 930/1111/952 931/1112/952
f 907/1057/953 923/1104/953 924/1105/953
f 916/1066/954 915/1065/954 931/1112/954
f 909/1059/955 908/1058/955 924/1105/955
f 917/1067/956 916/1066/956 932/1113/956
f 910/1060/957 909/1059/957 925/1106/957
f 910/1060/960 926/1107/960 927/1108/960
f 923/1104/961 938/1119/961 939/1120/961
f 932/1113/962 931/1112/962 946/1127/962
f 925/1106/963 924/1105/963 939/1120/963
f 932/1113/964 947/1128/964 948/1129/964
f 925/1106/965 940/1121/965 941/1122/965
f 927/1108/968 926/1107/968 941/1122/968
f 919/1100/969 934/1115/969 935/1116/969
f 927/1108/970 942/1123/970 943/1124/970
f 920/1101/971 935/1116/971 936/1117/971
f 928/1109/972 943/1124/972 944/1125/972
f 921/1102/973 936/1117/973 937/1118/973
f 929/1110/974 944/1125/974 945/1126/974
f 922/1103/975 937/1118/975 938/1119/975
f 930/1111/976 945/1126/976 946/1127/976
f 942/1123/977 957/1138/977 958/1139/977
f 935/1116/978 950/1131/978 951/1132/978
f 944/1125/979 943/1124/979 958/1139/979
f 937/1118/980 936/1117/980 951/1132/980
f 945/1126/981 944/1125/981 959/1140/981
f 938/1119/982 937/1118/982 952/1133/982
f 946/1127/983 945/1126/983 960/1141/983
f 938/1119/984 953/1134/984 954/1135/984
f 947/1128/985 946/1127/985 961/1142/985
f 939/1120/986 954/1135/986 955/1136/986
f 947/1128/987 962/1143/987 963/1144/987
f 941/1122/988 940/1121/988 955/1136/988
f 941/1122/991 956/1137/991 957/1138/991
f 934/1115/992 949/1130/992 950/1131/992
f 962/1143/993 961/1142/993 976/1157/993
f 955/1136/994 954/1135/994 969/1150/994
f 962/1143/995 977/1158/995 978/1159/995
f 955/1136/996 970/1151/996 971/1152/996
f 957/1138/999 956/1137/999 971/1152/999
f 950/1131/1000 949/1130/1000 964/1145/1000
f 957/1138/1001 972/1153/1001 973/1154/1001
f 951/1132/1002 950/1131/1002 965/1146/1002
f 959/1140/1003 958/1139/1003 973/1154/1003
f 951/1132/1004 966/1147/1004 967/1148/1004
f 959/1140/1005 974/1155/1005 975/1156/1005
f 953/1134/1006 952/1133/1006 967/1148/1006
f 960/1141/1007 975/1156/1007 976/1157/1007
f 953/1134/1008 968/1149/1008 969/1150/1008
f 966/1147/1009 965/1146/1009 980/1161/1009
f 974/1155/1010 973/1154/1010 988/1169/1010
f 966/1147/1011 981/1162/1011 982/1163/1011
f 974/1155/1012 989/1170/1012 990/1171/1012
f 968/1149/1013 967/1148/1013 982/1163/1013
f 975/1156/1014 990/1171/1014 991/1172/1014
f 968/1149/1015 983/1164/1015 984/1165/1015
f 977/1158/1016 976/1157/1016 991/1172/1016
f 970/1151/1017 969/1150/1017 984/1165/1017
f 978/1159/1018 977/1158/1018 992/1173/1018
f 971/1152/1019 970/1151/1019 985/1166/1019
f 971/1152/1022 986/1167/1022 987/1168/1022
f 964/1145/1023 979/1160/1023 980/1161/1023
f 972/1153/1024 987/1168/1024 988/1169/1024
f 984/1165/1025 999/1180/1025 1000/1181/1025
f 993/1174/1026 992/1173/1026 1007/1188/1026
f 986/1167/1027 985/1166/1027 1000/1181/1027
f 986/1167/1030 1001/1182/1030 1002/1183/1030
f 979/1160/1031 994/1175/1031 995/1176/1031
f 988/1169/1032 987/1168/1032 1002/1183/1032
f 980/1161/1033 995/1176/1033 996/1177/1033
f 989/1170/1034 988/1169/1034 1003/1184/1034
f 982/1163/1035 981/1162/1035 996/1177/1035
f 990/1171/1036 989/1170/1036 1004/1185/1036
f 983/1164/1037 982/1163/1037 997/1178/1037
f 991/1172/1038 990/1171/1038 1005/1186/1038
f 983/1164/1039 998/1179/1039 999/1180/1039
f 992/1173/1040 991/1172/1040 1006/1187/1040
f 1004/1185/1041 1003/1184/1041 1018/1199/1041
f 997/1178/1042 996/1177/1042 1011/1192/1042
f 1004/1185/1043 1019/1200/1043 1020/1201/1043
f 998/1179/1044 997/1178/1044 1012/1193/1044
f 1005/1186/1045 1020/1201/1045 1021/1202/1045
f 998/1179/1046 1013/1194/1046 1014/1195/1046
f 1006/1187/1047 1021/1202/1047 1022/1203/1047
f 1000/1181/1048 999/1180/1048 1014/1195/1048
f 1008/1189/1049 1007/1188/1049 1022/1203/1049
f 1001/1182/1050 1000/1181/1050 1015/1196/1050
f 1001/1182/1053 1016/1197/1053 1017/1198/1053
f 994/1175/1054 1009/1190/1054 1010/1191/1054
f 1002/1183/1055 1017/1198/1055 1018/1199/1055
f 996/1177/1056 995/1176/1056 1010/1191/1056
f 1022/1203/1057 1037/1218/1057 1038/1219/1057
f 1016/1197/1058 1015/1196/1058 1030/1211/1058
f 1016/1197/1061 1031/1212/1061 1032/1213/1061
f 1009/1190/1062 1024/1205/1062 1025/1206/1062
f 1018/1199/1063 1017/1198/1063 1032/1213/1063
f 1010/1191/1064 1025/1206/1064 1026/1207/1064
f 1019/1200/1065 1018/1199/1065 1033/1214/1065
f 1011/1192/1066 1026/1207/1066 1027/1208/1066
f 1020/1201/1067 1019/1200/1067 1034/1215/1067
f 1012/1193/1068 1027/1208/1068 1028/1209/1068
f 1021/1202/1069 1020/1201/1069 1035/1216/1069
f 1013/1194/1070 1028/1209/1070 1029/1210/1070
f 1022/1203/1071 1021/1202/1071 1036/1217/1071
f 1015/1196/1072 1014/1195/1072 1029/1210/1072
f 1034/1215/1073 1049/1230/1073 1050/1231/1073
f 1027/1208/1074 1042/1223/1074 1043/1224/1074
f 1035/1216/3675 1050/1231/3675 1051/1232/3675
f 1028/1209/1076 1043/1224/1076 1044/1225/1076
f 1036/1217/1077 1051/1232/1077 1052/1233/1077
f 1030/1211/1078 1029/1210/1078 1044/1225/1078
f 1037/1218/1079 1052/1233/1079 1053/1234/1079
f 1031/1212/1080 1030/1211/1080 1045/1226/1080
f 1031/1212/1083 1046/1227/1083 1047/1228/1083
f 1025/1206/1084 1024/1205/1084 1039/1220/1084
f 1032/1213/1085 1047/1228/1085 1048/1229/1085
f 1025/1206/1086 1040/1221/1086 1041/1222/1086
f 1033/1214/1087 1048/1229/1087 1049/1230/1087
f 1026/1207/1088 1041/1222/1088 1042/1223/1088
f 1046/1227/1091 1061/1242/1091 1062/1243/1091
f 1039/1220/1092 1054/1235/1092 1055/1236/1092
f 1047/1228/1093 1062/1243/1093 1063/1244/1093
f 1041/1222/1094 1040/1221/1094 1055/1236/1094
f 1049/1230/1095 1048/1229/1095 1063/1244/1095
f 1042/1223/1096 1041/1222/1096 1056/1237/1096
f 1049/1230/1097 1064/1245/1097 1065/1246/1097
f 1042/1223/1098 1057/1238/1098 1058/1239/1098
f 1051/1232/1099 1050/1231/1099 1065/1246/1099
f 1043/1224/1100 1058/1239/1100 1059/1240/1100
f 1052/1233/1101 1051/1232/1101 1066/1247/1101
f 1045/1226/1102 1044/1225/1102 1059/1240/1102
f 1052/1233/1103 1067/1248/1103 1068/1249/1103
f 1045/1226/1104 1060/1241/1104 1061/1242/1104
f 1058/1239/1105 1057/1238/1105 1072/1253/1105
f 1065/1246/1106 1080/1261/1106 1081/1262/1106
f 1058/1239/1107 1073/1254/1107 1074/1255/1107
f 1066/1247/1108 1081/1262/1108 1082/1263/1108
f 1060/1241/1109 1059/1240/1109 1074/1255/1109
f 1068/1249/1110 1067/1248/1110 1082/1263/1110
f 1061/1242/1111 1060/1241/1111 1075/1256/1111
f 1062/1243/1114 1061/1242/1114 1076/1257/1114
f 1055/1236/1115 1054/1235/1115 1069/1250/1115
f 1062/1243/1116 1077/1258/1116 1078/1259/1116
f 1056/1237/1117 1055/1236/1117 1070/1251/1117
f 1064/1245/1118 1063/1244/1118 1078/1259/1118
f 1056/1237/1119 1071/1252/1119 1072/1253/1119
f 1064/1245/1120 1079/1260/1120 1080/1261/1120
f 1076/1257/1121 1091/1272/1121 1092/1273/1121
f 1069/1250/1122 1084/1265/1122 1085/1266/1122
f 1077/1258/1123 1092/1273/1123 1093/1274/1123
f 1071/1252/1124 1070/1251/1124 1085/1266/1124
f 1079/1260/1125 1078/1259/1125 1093/1274/1125
f 1072/1253/1126 1071/1252/1126 1086/1267/1126
f 1079/1260/1127 1094/1275/1127 1095/1276/1127
f 1073/1254/1128 1072/1253/1128 1087/1268/1128
f 1081/1262/1129 1080/1261/1129 1095/1276/1129
f 1073/1254/1130 1088/1269/1130 1089/1270/1130
f 1082/1263/1131 1081/1262/1131 1096/1277/1131
f 1075/1256/1132 1074/1255/1132 1089/1270/1132
f 1082/1263/1133 1097/1278/1133 1098/1279/1133
f 1076/1257/1134 1075/1256/1134 1090/1271/1134
f 1096/1277/1137 1095/1276/1137 1110/1291/1137
f 1088/1269/1138 1103/1284/1138 1104/1285/1138
f 1096/1277/1139 1111/1292/1139 1112/1293/1139
f 1090/1271/1140 1089/1270/1140 1104/1285/1140
f 1098/1279/1141 1097/1278/1141 1112/1293/1141
f 1091/1272/1142 1090/1271/1142 1105/1286/1142
f 1091/1272/1145 1106/1287/1145 1107/1288/1145
f 1084/1265/1146 1099/1280/1146 1100/1281/1146
f 1092/1273/1147 1107/1288/1147 1108/1289/1147
f 1085/1266/1148 1100/1281/1148 1101/1282/1148
f 1093/1274/1149 1108/1289/1149 1109/1290/1149
f 1086/1267/1150 1101/1282/1150 1102/1283/1150
f 1094/1275/1151 1109/1290/1151 1110/1291/1151
f 1087/1268/1152 1102/1283/1152 1103/1284/1152
f 1100/1281/1153 1099/1280/1153 1114/1295/1153
f 1108/1289/1154 1107/1288/1154 1122/1303/1154
f 1101/1282/1155 1100/1281/1155 1115/1296/1155
f 1109/1290/1156 1108/1289/1156 1123/1304/1156
f 1101/1282/1157 1116/1297/1157 1117/1298/1157
f 1110/1291/1158 1109/1290/1158 1124/1305/1158
f 1103/1284/1159 1102/1283/1159 1117/1298/1159
f 1110/1291/1160 1125/1306/1160 1126/1307/1160
f 1103/1284/1161 1118/1299/1161 1119/1300/1161
f 1112/1293/1162 1111/1292/1162 1126/1307/1162
f 1105/1286/1163 1104/1285/1163 1119/1300/1163
f 1113/1294/1164 1112/1293/1164 1127/1308/1164
f 1106/1287/1165 1105/1286/1165 1120/1301/1165
f 1106/1287/1168 1121/1302/1168 1122/1303/1168
f 1118/1299/1169 1133/1314/1169 1134/1315/1169
f 1126/1307/1170 1141/1322/1170 1142/1323/1170
f 1119/1300/1171 1134/1315/1171 1135/1316/1171
f 1127/1308/1172 1142/1323/1172 1143/1324/1172
f 1121/1302/1173 1120/1301/1173 1135/1316/1173
f 1121/1302/1176 1136/1317/1176 1137/1318/1176
f 1114/1295/1177 1129/1310/1177 1130/1311/1177
f 1122/1303/1178 1137/1318/1178 1138/1319/1178
f 1116/1297/1179 1115/1296/1179 1130/1311/1179
f 1123/1304/1180 1138/1319/1180 1139/1320/1180
f 1117/1298/1181 1116/1297/1181 1131/1312/1181
f 1124/1305/1182 1139/1320/1182 1140/1321/1182
f 1117/1298/1183 1132/1313/1183 1133/1314/1183
f 1126/1307/1184 1125/1306/1184 1140/1321/1184
f 1137/1318/1185 1153/1365/1185 1154/1366/1185
f 1130/1311/1186 1146/1358/1186 1147/1359/1186
f 1138/1319/1187 1154/1366/1187 1155/1367/1187
f 1131/1312/1188 1147/1359/1188 1148/1360/1188
f 1140/1321/1189 1139/1320/1189 1155/1367/1189
f 1133/1314/1190 1132/1313/1190 1148/1360/1190
f 1141/1322/1191 1140/1321/1191 1156/1368/1191
f 1134/1315/1192 1133/1314/1192 1149/1361/1192
f 1141/1322/1193 1157/1369/1193 1158/1370/1193
f 1135/1316/1194 1134/1315/1194 1150/1362/1194
f 1143/1324/1195 1142/1323/1195 1158/1370/1195
f 1135/1316/1196 1151/1363/1196 1152/1364/1196
f 1136/1317/1199 1152/1364/1199 1153/1365/1199
f 1129/1310/1200 1145/1357/1200 1146/1358/1200
f 1157/1369/1201 1172/1384/1201 1173/1385/1201
f 1151/1363/1202 1150/1362/1202 1165/1377/1202
f 1158/1370/1203 1173/1385/1203 1174/1386/1203
f 1152/1364/1204 1151/1363/1204 1166/1378/1204
f 1152/1364/1207 1167/1379/1207 1168/1380/1207
f 1146/1358/1208 1145/1357/1208 1160/1372/1208
f 1153/1365/1209 1168/1380/1209 1169/1381/1209
f 1147/1359/1210 1146/1358/1210 1161/1373/1210
f 1155/1367/1211 1154/1366/1211 1169/1381/1211
f 1147/1359/1212 1162/1374/1212 1163/1375/1212
f 1155/1367/1213 1170/1382/1213 1171/1383/1213
f 1148/1360/1214 1163/1375/1214 1164/1376/1214
f 1156/1368/1215 1171/1383/1215 1172/1384/1215
f 1149/1361/1216 1164/1376/1216 1165/1377/1216
f 1170/1382/1217 1169/1381/1217 1184/1396/1217
f 1162/1374/1218 1177/1389/1218 1178/1390/1218
f 1170/1382/1219 1185/1397/1219 1186/1398/1219
f 1164/1376/1220 1163/1375/1220 1178/1390/1220
f 1172/1384/1221 1171/1383/1221 1186/1398/1221
f 1164/1376/1222 1179/1391/1222 1180/1392/1222
f 1173/1385/1223 1172/1384/1223 1187/1399/1223
f 1166/1378/1224 1165/1377/1224 1180/1392/1224
f 1173/1385/1225 1188/1400/1225 1189/1401/1225
f 1167/1379/1226 1166/1378/1226 1181/1393/1226
f 1167/1379/1229 1182/1394/1229 1183/1395/1229
f 1160/1372/1230 1175/1387/1230 1176/1388/1230
f 1168/1380/1231 1183/1395/1231 1184/1396/1231
f 1162/1374/1232 1161/1373/1232 1176/1388/1232
f 1188/1400/1233 1203/1428/1233 1204/1430/1233
f 1181/1393/1234 1196/1414/1234 1197/1416/1234
f 1182/1394/1237 1197/1416/1237 1198/1418/1237
f 1175/1387/1238 1190/1402/1238 1191/1404/1238
f 1183/1395/1239 1198/1418/1239 1199/1420/1239
f 1177/1389/1240 1176/1388/1240 1191/1404/1240
f 1184/1396/1241 1199/1420/1241 1200/1422/1241
f 1177/1389/1242 1192/1406/1242 1193/1408/1242
f 1185/1397/1243 1200/1422/1243 1201/1424/1243
f 1179/1391/1244 1178/1390/1244 1193/1408/1244
f 1186/1398/1245 1201/1424/1245 1202/1426/1245
f 1179/1391/1246 1194/1410/1246 1195/1412/1246
f 1187/1399/1247 1202/1426/1247 1203/1428/1247
f 1181/1393/1248 1180/1392/1248 1195/1412/1248
f 1192/1407/1249 1207/1434/1249 1208/1435/1249
f 1201/1425/1250 1200/1423/1250 1215/1442/1250
f 1193/1409/1251 1208/1435/1251 1209/1436/1251
f 1202/1427/1252 1201/1425/1252 1216/1443/1252
f 1194/1411/1253 1209/1436/1253 1210/1437/1253
f 1202/1427/1254 1217/1444/1254 1218/1445/1254
f 1196/1415/1255 1195/1413/1255 1210/1437/1255
f 1204/1431/1256 1203/1429/1256 1218/1445/1256
f 1197/1417/1257 1196/1415/1257 1211/1438/1257
f 1197/1417/1260 1212/1439/1260 1213/1440/1260
f 1191/1405/1261 1190/1403/1261 1205/1432/1261
f 1199/1421/1262 1198/1419/1262 1213/1440/1262
f 1192/1407/1263 1191/1405/1263 1206/1433/1263
f 1200/1423/1264 1199/1421/1264 1214/1441/1264
f 1212/1439/1265 1211/1438/1265 1226/1453/1265
f 1212/1439/1268 1227/1454/1268 1228/1455/1268
f 1206/1433/1269 1205/1432/1269 1220/1447/1269
f 1213/1440/1270 1228/1455/1270 1229/1456/1270
f 1206/1433/1271 1221/1448/1271 1222/1449/1271
f 1215/1442/1272 1214/1441/1272 1229/1456/1272
f 1207/1434/1273 1222/1449/1273 1223/1450/1273
f 1215/1442/1274 1230/1457/1274 1231/1458/1274
f 1209/1436/1275 1208/1435/1275 1223/1450/1275
f 1217/1444/1276 1216/1443/1276 1231/1458/1276
f 1209/1436/1277 1224/1451/1277 1225/1452/1277
f 1218/1445/1278 1217/1444/1278 1232/1459/1278
f 1211/1438/1279 1210/1437/1279 1225/1452/1279
f 1219/1446/1280 1218/1445/1280 1233/1460/1280
f 1230/1457/1281 1245/1472/1281 1246/1473/1281
f 1224/1451/1282 1223/1450/1282 1238/1465/1282
f 1232/1459/1283 1231/1458/1283 1246/1473/1283
f 1224/1451/1284 1239/1466/1284 1240/1467/1284
f 1232/1459/1285 1247/1474/1285 1248/1475/1285
f 1226/1453/1286 1225/1452/1286 1240/1467/1286
f 1233/1460/3676 1248/1475/3676 1249/1476/3676
f 1227/1454/1288 1226/1453/1288 1241/1468/1288
f 1228/1455/1291 1227/1454/1291 1242/1469/1291
f 1221/1448/3677 1220/1447/3677 1235/1462/3677
f 1228/1455/1293 1243/1470/1293 1244/1471/1293
f 1221/1448/1294 1236/1463/1294 1237/1464/1294
f 1229/1456/1295 1244/1471/1295 1245/1472/1295
f 1222/1449/1296 1237/1464/1296 1238/1465/1296
f 1242/1469/1299 1257/1484/1299 1258/1485/1299
f 1236/1463/1300 1235/1462/1300 1250/1477/1300
f 1243/1470/1301 1258/1485/1301 1259/1486/1301
f 1236/1463/1302 1251/1478/1302 1252/1479/1302
f 1245/1472/1303 1244/1471/1303 1259/1486/1303
f 1237/1464/1304 1252/1479/1304 1253/1480/1304
f 1245/1472/1305 1260/1487/1305 1261/1488/1305
f 1238/1465/1306 1253/1480/1306 1254/1481/1306
f 1247/1474/1307 1246/1473/1307 1261/1488/1307
f 1239/1466/1308 1254/1481/1308 1255/1482/1308
f 1247/1474/1309 1262/1489/1309 1263/1490/1309
f 1241/1468/1310 1240/1467/1310 1255/1482/1310
f 1249/1476/1311 1248/1475/1311 1263/1490/1311
f 1241/1468/1312 1256/1483/1312 1257/1484/1312
f 1254/1481/1313 1253/1480/1313 1268/1495/1313
f 1262/1489/1314 1261/1488/1314 1276/1503/1314
f 1254/1481/1315 1269/1496/1315 1270/1497/1315
f 1262/1489/3678 1277/1504/3678 1278/1505/3678
f 1256/1483/1317 1255/1482/1317 1270/1497/1317
f 1264/1491/1318 1263/1490/1318 1278/1505/1318
f 1257/1484/1319 1256/1483/1319 1271/1498/1319
f 1258/1485/1322 1257/1484/1322 1272/1499/1322
f 1251/1478/1323 1250/1477/1323 1265/1492/1323
f 1258/1485/1324 1273/1500/1324 1274/1501/1324
f 1251/1478/1325 1266/1493/1325 1267/1494/1325
f 1259/1486/1326 1274/1501/1326 1275/1502/1326
f 1252/1479/1327 1267/1494/1327 1268/1495/1327
f 1260/1487/1328 1275/1502/1328 1276/1503/1328
f 1272/1499/1329 1287/1514/1329 1288/1515/1329
f 1266/1493/1330 1265/1492/1330 1280/1507/1330
f 1273/1500/1331 1288/1515/1331 1289/1516/1331
f 1267/1494/1332 1266/1493/1332 1281/1508/1332
f 1275/1502/1333 1274/1501/1333 1289/1516/1333
f 1267/1494/1334 1282/1509/1334 1283/1510/1334
f 1276/1503/1335 1275/1502/1335 1290/1517/1335
f 1269/1496/1336 1268/1495/1336 1283/1510/1336
f 1277/1504/1337 1276/1503/1337 1291/1518/1337
f 1269/1496/1338 1284/1511/1338 1285/1512/1338
f 1277/1504/1339 1292/1519/1339 1293/1520/1339
f 1271/1498/3679 1270/1497/3679 1285/1512/3679
f 1278/1505/1341 1293/1520/1341 1294/1521/1341
f 1271/1498/1342 1286/1513/1342 1287/1514/1342
f 1291/1518/1345 1306/1533/1345 1307/1534/1345
f 1284/1511/1346 1299/1526/1346 1300/1527/1346
f 1293/1520/1347 1292/1519/1347 1307/1534/1347
f 1286/1513/1348 1285/1512/1348 1300/1527/1348
f 1293/1520/1349 1308/1535/1349 1309/1536/1349
f 1287/1514/1350 1286/1513/1350 1301/1528/1350
f 1288/1515/1353 1287/1514/1353 1302/1529/1353
f 1280/1507/1354 1295/1522/1354 1296/1523/1354
f 1288/1515/1355 1303/1530/1355 1304/1531/1355
f 1282/1509/1356 1281/1508/1356 1296/1523/1356
f 1289/1516/1357 1304/1531/1357 1305/1532/1357
f 1282/1509/1358 1297/1524/1358 1298/1525/1358
f 1290/1517/1359 1305/1532/1359 1306/1533/1359
f 1283/1510/1360 1298/1525/1360 1299/1526/1360
f 1303/1530/1361 841/991/1361 1314/1541/1361
f 1297/1524/1362 1296/1523/1362 1311/1538/1362
f 1305/1532/1363 1304/1531/1363 1314/1541/1363
f 1298/1525/1364 1297/1524/1364 837/987/1364
f 1306/1533/1365 1305/1532/1365 842/992/1365
f 1299/1526/3680 1298/1525/3680 1312/1539/3680
f 1307/1534/1367 1306/1533/1367 1315/1542/1367
f 1300/1527/1368 1299/1526/1368 838/988/1368
f 1307/1534/1369 1316/1543/1369 1317/1544/1369
f 1301/1528/1370 1300/1527/1370 1313/1540/1370
f 1309/1536/1371 1308/1535/1371 1317/1544/1371
f 1302/1529/1372 1301/1528/1372 839/989/1372
f 1302/1529/1375 840/990/1375 841/991/1375
f 1296/1523/1376 1295/1522/1376 1310/1537/1376
f 1792/2096/1377 1325/1552/1377 1326/1553/1377
f 1323/1550/1378 1333/1560/1378 1334/1561/1378
f 1319/1546/1379 1793/2097/1379 1326/1553/1379
f 1796/2100/1380 1334/1561/1380 1335/1562/1380
f 1794/2098/1381 1319/1546/1381 1327/1554/1381
f 1797/2101/1382 1324/1551/1382 1335/1562/1382
f 1794/2098/1383 1328/1555/1383 1329/1556/1383
f 1797/2101/1384 1336/1563/1384 1337/1564/1384
f 1795/2099/1385 1320/1547/1385 1329/1556/1385
f 1798/2102/1386 1337/1564/1386 1338/1565/1386
f 1321/1548/1387 1795/2099/1387 1330/1557/1387
f 1799/2103/1388 1338/1565/1388 1339/1566/1388
f 1322/1549/1389 1321/1548/1389 1331/1558/1389
f 1323/1550/1392 1322/1549/1392 1332/1559/1392
f 1331/1558/1393 1346/1573/1393 1347/1574/1393
f 1332/1559/1396 1347/1574/1396 1348/1575/1396
f 1326/1553/1397 1325/1552/1397 1340/1567/1397
f 1334/1561/1398 1333/1560/1398 1348/1575/1398
f 1327/1554/1399 1326/1553/1399 1341/1568/1399
f 1335/1562/1400 1334/1561/1400 1349/1576/1400
f 1327/1554/1401 1342/1569/1401 1343/1570/1401
f 1336/1563/1402 1335/1562/1402 1350/1577/1402
f 1329/1556/1403 1328/1555/1403 1343/1570/1403
f 1337/1564/1404 1336/1563/1404 1351/1578/1404
f 1329/1556/3681 1344/1571/3681 1345/1572/3681
f 1338/1565/1406 1337/1564/1406 1352/1579/1406
f 1331/1558/1407 1330/1557/1407 1345/1572/1407
f 1339/1566/1408 1338/1565/1408 1353/1580/1408
f 1350/1577/1409 1365/1592/1409 1366/1593/1409
f 1344/1571/1410 1343/1570/1410 1358/1585/1410
f 1352/1579/1411 1351/1578/1411 1366/1593/1411
f 1344/1571/1412 1359/1586/1412 1360/1587/1412
f 1353/1580/1413 1352/1579/1413 1367/1594/1413
f 1345/1572/1414 1360/1587/1414 1361/1588/1414
f 1354/1581/1415 1353/1580/1415 1368/1595/1415
f 1347/1574/1416 1346/1573/1416 1361/1588/1416
f 1347/1574/1419 1362/1589/1419 1363/1590/1419
f 1341/1568/1420 1340/1567/1420 1355/1582/1420
f 1349/1576/1421 1348/1575/1421 1363/1590/1421
f 1342/1569/1422 1341/1568/1422 1356/1583/1422
f 1349/1576/1423 1364/1591/1423 1365/1592/1423
f 1343/1570/1424 1342/1569/1424 1357/1584/1424
f 1362/1589/1426 1377/1604/1426 1378/1605/1426
f 1355/1582/1427 1370/1597/1427 1371/1598/1427
f 1363/1590/1428 1378/1605/1428 1379/1606/1428
f 1356/1583/1429 1371/1598/1429 1372/1599/1429
f 1364/1591/1430 1379/1606/1430 1380/1607/1430
f 1357/1584/1431 1372/1599/1431 1373/1600/1431
f 1366/1593/1432 1365/1592/1432 1380/1607/1432
f 1358/1585/1433 1373/1600/1433 1374/1601/1433
f 1366/1593/1434 1381/1608/1434 1382/1609/1434
f 1360/1587/1435 1359/1586/1435 1374/1601/1435
f 1367/1594/3682 1382/1609/3682 1383/1610/3682
f 1360/1587/1437 1375/1602/1437 1376/1603/1437
f 1368/1595/1438 1383/1610/1438 1384/1611/1438
f 1361/1588/1439 1376/1603/1439 1377/1604/1439
f 1381/1608/1441 1396/1623/1441 1397/1624/1441
f 1374/1601/1442 1389/1616/1442 1390/1617/1442
f 1383/1610/1443 1382/1609/1443 1397/1624/1443
f 1376/1603/1444 1375/1602/1444 1390/1617/1444
f 1383/1610/1445 1398/1625/1445 1399/1626/1445
f 1376/1603/1446 1391/1618/1446 1392/1619/1446
f 1377/1604/1449 1392/1619/1449 1393/1620/1449
f 1371/1598/1450 1370/1597/1450 1385/1612/1450
f 1378/1605/1451 1393/1620/1451 1394/1621/1451
f 1372/1599/1452 1371/1598/1452 1386/1613/1452
f 1380/1607/1453 1379/1606/1453 1394/1621/1453
f 1372/1599/1454 1387/1614/1454 1388/1615/1454
f 1380/1607/1455 1395/1622/1455 1396/1623/1455
f 1374/1601/1456 1373/1600/1456 1388/1615/1456
f 1385/1612/3683 1401/1659/3683 1402/1660/3683
f 1393/1620/1458 1409/1667/1458 1410/1668/1458
f 1386/1613/1459 1402/1660/1459 1403/1661/1459
f 1395/1622/1460 1394/1621/1460 1410/1668/1460
f 1387/1614/1461 1403/1661/1461 1404/1662/1461
f 1395/1622/1462 1411/1669/1462 1412/1670/1462
f 1389/1616/1463 1388/1615/1463 1404/1662/1463
f 1396/1623/1464 1412/1670/1464 1413/1671/1464
f 1389/1616/1465 1405/1663/1465 1406/1664/1465
f 1397/1624/1466 1413/1671/1466 1414/1672/1466
f 1391/1618/1467 1390/1617/1467 1406/1664/1467
f 1399/1626/1468 1398/1625/1468 1414/1672/1468
f 1392/1619/1469 1391/1618/1469 1407/1665/1469
f 1392/1619/1472 1408/1666/1472 1409/1667/1472
f 1405/1663/1473 1420/1678/1473 1421/1679/1473
f 1414/1672/1474 1413/1671/1474 1428/1686/1474
f 1406/1664/1475 1421/1679/1475 1422/1680/1475
f 1414/1672/1476 1429/1687/1476 1430/1688/1476
f 1408/1666/1477 1407/1665/1477 1422/1680/1477
f 1409/1667/1480 1408/1666/1480 1423/1681/1480
f 1401/1659/1481 1416/1674/1481 1417/1675/1481
f 1409/1667/1482 1424/1682/1482 1425/1683/1482
f 1402/1660/1483 1417/1675/1483 1418/1676/1483
f 1411/1669/1484 1410/1668/1484 1425/1683/1484
f 1403/1661/1485 1418/1676/1485 1419/1677/1485
f 1411/1669/1486 1426/1684/1486 1427/1685/1486
f 1405/1663/1487 1404/1662/1487 1419/1677/1487
f 1413/1671/1488 1412/1670/1488 1427/1685/1488
f 1424/1682/1489 1439/1697/1489 1440/1698/1489
f 1417/1675/1490 1432/1690/1490 1433/1691/1490
f 1426/1684/1491 1425/1683/1491 1440/1698/1491
f 1418/1676/1492 1433/1691/1492 1434/1692/1492
f 1427/1685/1493 1426/1684/1493 1441/1699/1493
f 1420/1678/1494 1419/1677/1494 1434/1692/1494
f 1428/1686/1495 1427/1685/1495 1442/1700/1495
f 1420/1678/1496 1435/1693/1496 1436/1694/1496
f 1429/1687/1497 1428/1686/1497 1443/1701/1497
f 1421/1679/1498 1436/1694/1498 1437/1695/1498
f 1429/1687/1499 1444/1702/1499 1445/1703/1499
f 1423/1681/1500 1422/1680/1500 1437/1695/1500
f 1423/1681/1503 1438/1696/1503 1439/1697/1503
f 1416/1674/1504 1431/1689/1504 1432/1690/1504
f 1444/1702/1505 1443/1701/1505 1458/1716/1505
f 1437/1695/1506 1436/1694/1506 1451/1709/1506
f 1444/1702/1507 1459/1717/1507 1460/1718/1507
f 1438/1696/1508 1437/1695/1508 1452/1710/1508
f 1439/1697/1511 1438/1696/1511 1453/1711/1511
f 1431/1689/1512 1446/1704/1512 1447/1705/1512
f 1439/1697/1513 1454/1712/1513 1455/1713/1513
f 1433/1691/1514 1432/1690/1514 1447/1705/1514
f 1441/1699/1515 1440/1698/1515 1455/1713/1515
f 1433/1691/1516 1448/1706/1516 1449/1707/1516
f 1441/1699/1517 1456/1714/1517 1457/1715/1517
f 1435/1693/1518 1434/1692/1518 1449/1707/1518
f 1442/1700/1519 1457/1715/1519 1458/1716/1519
f 1435/1693/1520 1450/1708/1520 1451/1709/1520
f 1448/1706/1521 1447/1705/1521 1462/1720/1521
f 1456/1714/1522 1455/1713/1522 1470/1728/1522
f 1448/1706/1523 1463/1721/1523 1464/1722/1523
f 1456/1714/1524 1471/1729/1524 1472/1730/1524
f 1450/1708/1525 1449/1707/1525 1464/1722/1525
f 1458/1716/1526 1457/1715/1526 1472/1730/1526
f 1450/1708/1527 1465/1723/1527 1466/1724/1527
f 1458/1716/1528 1473/1731/1528 1474/1732/1528
f 1452/1710/1529 1451/1709/1529 1466/1724/1529
f 1460/1718/1530 1459/1717/1530 1474/1732/1530
f 1452/1710/1531 1467/1725/1531 1468/1726/1531
f 1454/1712/1534 1453/1711/1534 1468/1726/1534
f 1447/1705/1535 1446/1704/1535 1461/1719/1535
f 1454/1712/1536 1469/1727/1536 1470/1728/1536
f 1467/1725/1537 1466/1724/1537 1481/1739/1537
f 1475/1733/1538 1474/1732/1538 1489/1747/1538
f 1468/1726/1539 1467/1725/1539 1482/1740/1539
f 1468/1726/1542 1483/1741/1542 1484/1742/1542
f 1462/1720/1543 1461/1719/1543 1476/1734/1543
f 1469/1727/1544 1484/1742/1544 1485/1743/1544
f 1462/1720/1545 1477/1735/1545 1478/1736/1545
f 1471/1729/1546 1470/1728/1546 1485/1743/1546
f 1464/1722/1547 1463/1721/1547 1478/1736/1547
f 1472/1730/1548 1471/1729/1548 1486/1744/1548
f 1465/1723/1549 1464/1722/1549 1479/1737/1549
f 1473/1731/1550 1472/1730/1550 1487/1745/1550
f 1465/1723/1551 1480/1738/1551 1481/1739/1551
f 1474/1732/1552 1473/1731/1552 1488/1746/1552
f 1486/1744/1553 1485/1743/1553 1500/1758/1553
f 1478/1736/1554 1493/1751/1554 1494/1752/1554
f 1486/1744/1555 1501/1759/1555 1502/1760/1555
f 1480/1738/1556 1479/1737/1556 1494/1752/1556
f 1487/1745/1557 1502/1760/1557 1503/1761/1557
f 1480/1738/1558 1495/1753/1558 1496/1754/1558
f 1488/1746/1559 1503/1761/1559 1504/1762/1559
f 1482/1740/1560 1481/1739/1560 1496/1754/1560
f 1489/1747/1561 1504/1762/1561 1505/1763/1561
f 1483/1741/1562 1482/1740/1562 1497/1755/1562
f 1483/1741/1565 1498/1756/1565 1499/1757/1565
f 1477/1735/1566 1476/1734/1566 1491/1749/1566
f 1484/1742/1567 1499/1757/1567 1500/1758/1567
f 1478/1736/1568 1477/1735/1568 1492/1750/1568
f 1505/1763/1569 1504/1762/1569 1519/1777/1569
f 1498/1756/1570 1497/1755/1570 1512/1770/1570
f 1499/1757/1573 1498/1756/1573 1513/1771/1573
f 1491/1749/1574 1506/1764/1574 1507/1765/1574
f 1500/1758/1575 1499/1757/1575 1514/1772/1575
f 1492/1750/1576 1507/1765/1576 1508/1766/1576
f 1501/1759/1577 1500/1758/1577 1515/1773/1577
f 1494/1752/1578 1493/1751/1578 1508/1766/1578
f 1502/1760/1579 1501/1759/1579 1516/1774/1579
f 1495/1753/1580 1494/1752/1580 1509/1767/1580
f 1503/1761/1581 1502/1760/1581 1517/1775/1581
f 1495/1753/1582 1510/1768/1582 1511/1769/1582
f 1504/1762/1583 1503/1761/1583 1518/1776/1583
f 1497/1755/1584 1496/1754/1584 1511/1769/1584
f 1516/1774/1585 1531/1789/1585 1532/1790/1585
f 1509/1767/1586 1524/1782/1586 1525/1783/1586
f 1517/1775/1587 1532/1790/1587 1533/1791/1587
f 1510/1768/1588 1525/1783/1588 1526/1784/1588
f 1519/1777/1589 1518/1776/1589 1533/1791/1589
f 1512/1770/1590 1511/1769/1590 1526/1784/1590
f 1519/1777/1591 1534/1792/1591 1535/1793/1591
f 1513/1771/1592 1512/1770/1592 1527/1785/1592
f 1513/1771/1595 1528/1786/1595 1529/1787/1595
f 1507/1765/1596 1506/1764/1596 1521/1779/1596
f 1514/1772/1597 1529/1787/1597 1530/1788/1597
f 1507/1765/1598 1522/1780/1598 1523/1781/1598
f 1515/1773/1599 1530/1788/1599 1531/1789/1599
f 1508/1766/1600 1523/1781/1600 1524/1782/1600
f 1528/1786/1603 1543/1801/1603 1544/1802/1603
f 1521/1779/1604 1536/1794/1604 1537/1795/1604
f 1529/1787/1605 1544/1802/1605 1545/1803/1605
f 1523/1781/1606 1522/1780/1606 1537/1795/1606
f 1531/1789/1607 1530/1788/1607 1545/1803/1607
f 1523/1781/1608 1538/1796/1608 1539/1797/1608
f 1531/1789/1609 1546/1804/1609 1547/1805/1609
f 1525/1783/1610 1524/1782/1610 1539/1797/1610
f 1533/1791/1611 1532/1790/1611 1547/1805/1611
f 1525/1783/1612 1540/1798/1612 1541/1799/1612
f 1534/1792/1613 1533/1791/1613 1548/1806/1613
f 1527/1785/1614 1526/1784/1614 1541/1799/1614
f 1534/1792/1615 1549/1807/1615 1550/1808/1615
f 1528/1786/1616 1527/1785/1616 1542/1800/1616
f 1539/1797/1617 1554/1812/1617 1555/1813/1617
f 1547/1805/1618 1562/1820/1618 1563/1821/1618
f 1541/1799/1619 1540/1798/1619 1555/1813/1619
f 1548/1806/1620 1563/1821/1620 1564/1822/1620
f 1542/1800/1621 1541/1799/1621 1556/1814/1621
f 1550/1808/1622 1549/1807/1622 1564/1822/1622
f 1543/1801/1623 1542/1800/1623 1557/1815/1623
f 1544/1802/1626 1543/1801/1626 1558/1816/1626
f 1536/1794/1627 1551/1809/1627 1552/1810/1627
f 1544/1802/1628 1559/1817/1628 1560/1818/1628
f 1538/1796/1629 1537/1795/1629 1552/1810/1629
f 1546/1804/1630 1545/1803/1630 1560/1818/1630
f 1538/1796/1631 1553/1811/1631 1554/1812/1631
f 1546/1804/1632 1561/1819/1632 1562/1820/1632
f 1558/1816/1633 1573/1831/1633 1574/1832/1633
f 1551/1809/1634 1566/1824/1634 1567/1825/1634
f 1559/1817/1635 1574/1832/1635 1575/1833/1635
f 1553/1811/1636 1552/1810/1636 1567/1825/1636
f 1561/1819/1637 1560/1818/1637 1575/1833/1637
f 1554/1812/1638 1553/1811/1638 1568/1826/1638
f 1561/1819/1639 1576/1834/1639 1577/1835/1639
f 1555/1813/1640 1554/1812/1640 1569/1827/1640
f 1563/1821/1641 1562/1820/1641 1577/1835/1641
f 1555/1813/1642 1570/1828/1642 1571/1829/1642
f 1563/1821/1643 1578/1836/1643 1579/1837/1643
f 1557/1815/1644 1556/1814/1644 1571/1829/1644
f 1564/1822/1645 1579/1837/1645 1580/1838/1645
f 1558/1816/1646 1557/1815/1646 1572/1830/1646
f 1578/1836/1649 1577/1835/1649 1592/1850/1649
f 1570/1828/1650 1585/1843/1650 1586/1844/1650
f 1578/1836/1651 1593/1851/1651 1594/1852/1651
f 1572/1830/1652 1571/1829/1652 1586/1844/1652
f 1580/1838/1653 1579/1837/1653 1594/1852/1653
f 1573/1831/1654 1572/1830/1654 1587/1845/1654
f 1573/1831/1657 1588/1846/1657 1589/1847/1657
f 1567/1825/1658 1566/1824/1658 1581/1839/1658
f 1574/1832/1659 1589/1847/1659 1590/1848/1659
f 1567/1825/3684 1582/1840/3684 1583/1841/3684
f 1575/1833/1661 1590/1848/1661 1591/1849/1661
f 1568/1826/1662 1583/1841/1662 1584/1842/1662
f 1576/1834/1663 1591/1849/1663 1592/1850/1663
f 1569/1827/1664 1584/1842/1664 1585/1843/1664
f 1581/1839/1665 1596/1854/1665 1597/1855/1665
f 1590/1848/1666 1589/1847/1666 1604/1862/1666
f 1583/1841/1667 1582/1840/1667 1597/1855/1667
f 1591/1849/1668 1590/1848/1668 1605/1863/1668
f 1583/1841/1669 1598/1856/1669 1599/1857/1669
f 1592/1850/1670 1591/1849/1670 1606/1864/1670
f 1585/1843/1671 1584/1842/1671 1599/1857/1671
f 1593/1851/3685 1592/1850/3685 1607/1865/3685
f 1585/1843/1673 1600/1858/1673 1601/1859/1673
f 1594/1852/1674 1593/1851/1674 1608/1866/1674
f 1587/1845/1675 1586/1844/1675 1601/1859/1675
f 1595/1853/1676 1594/1852/1676 1609/1867/1676
f 1588/1846/1677 1587/1845/1677 1602/1860/1677
f 1588/1846/1680 1603/1861/1680 1604/1862/1680
f 1600/1858/1681 1615/1873/1681 1616/1874/1681
f 1609/1867/1682 1608/1866/1682 1623/1881/1682
f 1602/1860/1683 1601/1859/1683 1616/1874/1683
f 1610/1868/1684 1609/1867/1684 1624/1882/1684
f 1603/1861/1685 1602/1860/1685 1617/1875/1685
f 1603/1861/1688 1618/1876/1688 1619/1877/1688
f 1597/1855/1689 1596/1854/1689 1611/1869/1689
f 1604/1862/1690 1619/1877/1690 1620/1878/1690
f 1598/1856/1691 1597/1855/1691 1612/1870/1691
f 1605/1863/1692 1620/1878/1692 1621/1879/1692
f 1599/1857/3686 1598/1856/3686 1613/1871/3686
f 1606/1864/1694 1621/1879/1694 1622/1880/1694
f 1600/1858/1695 1599/1857/1695 1614/1872/1695
f 1608/1866/1696 1607/1865/1696 1622/1880/1696
f 1619/1877/1697 1635/1924/1697 1636/1925/1697
f 1612/1870/1698 1628/1917/1698 1629/1918/1698
f 1620/1878/1699 1636/1925/1699 1637/1926/1699
f 1613/1871/1700 1629/1918/1700 1630/1919/1700
f 1622/1880/1701 1621/1879/1701 1637/1926/1701
f 1615/1873/1702 1614/1872/1702 1630/1919/1702
f 1623/1881/1703 1622/1880/1703 1638/1927/1703
f 1615/1873/1704 1631/1920/1704 1632/1921/1704
f 1623/1881/1705 1639/1928/1705 1640/1929/1705
f 1617/1875/1706 1616/1874/1706 1632/1921/1706
f 1625/1883/1707 1624/1882/1707 1640/1929/1707
f 1617/1875/1708 1633/1922/1708 1634/1923/1708
f 1618/1876/1711 1634/1923/1711 1635/1924/1711
f 1611/1869/3687 1627/1916/3687 1628/1917/3687
f 1639/1928/1713 1654/1943/1713 1655/1944/1713
f 1633/1922/1714 1632/1921/1714 1647/1936/1714
f 1640/1929/1715 1655/1944/1715 1656/1945/1715
f 1634/1923/1716 1633/1922/1716 1648/1937/1716
f 1634/1923/1719 1649/1938/1719 1650/1939/1719
f 1628/1917/1720 1627/1916/1720 1642/1931/1720
f 1635/1924/1721 1650/1939/1721 1651/1940/1721
f 1629/1918/1722 1628/1917/1722 1643/1932/1722
f 1636/1925/1723 1651/1940/1723 1652/1941/1723
f 1630/1919/1724 1629/1918/1724 1644/1933/1724
f 1637/1926/1725 1652/1941/1725 1653/1942/1725
f 1630/1919/1726 1645/1934/1726 1646/1935/1726
f 1638/1927/1727 1653/1942/1727 1654/1943/1727
f 1632/1921/1728 1631/1920/1728 1646/1935/1728
f 1652/1941/1729 1651/1940/1729 1666/1955/1729
f 1644/1933/1730 1659/1948/1730 1660/1949/1730
f 1653/1942/1731 1652/1941/1731 1667/1956/1731
f 1646/1935/1732 1645/1934/1732 1660/1949/1732
f 1654/1943/1733 1653/1942/1733 1668/1957/1733
f 1646/1935/1734 1661/1950/1734 1662/1951/1734
f 1655/1944/1735 1654/1943/1735 1669/1958/1735
f 1647/1936/1736 1662/1951/1736 1663/1952/1736
f 1655/1944/1737 1670/1959/1737 1671/1960/1737
f 1649/1938/1738 1648/1937/1738 1663/1952/1738
f 1649/1938/1741 1664/1953/1741 1665/1954/1741
f 1642/1931/1742 1657/1946/1742 1658/1947/1742
f 1650/1939/1743 1665/1954/1743 1666/1955/1743
f 1643/1932/1744 1658/1947/1744 1659/1948/1744
f 1671/1960/1745 1670/1959/1745 1685/1987/1745
f 1664/1953/1746 1663/1952/1746 1678/1973/1746
f 1664/1953/1749 1679/1975/1749 1680/1977/1749
f 1658/1947/1750 1657/1946/1750 1672/1961/1750
f 1665/1954/1751 1680/1977/1751 1681/1979/1751
f 1659/1948/1752 1658/1947/1752 1673/1963/1752
f 1666/1955/1753 1681/1979/1753 1682/1981/1753
f 1659/1948/1754 1674/1965/1754 1675/1967/1754
f 1667/1956/1755 1682/1981/1755 1683/1983/1755
f 1661/1950/1756 1660/1949/1756 1675/1967/1756
f 1668/1957/1757 1683/1983/1757 1684/1985/1757
f 1661/1950/1758 1676/1969/1758 1677/1971/1758
f 1669/1958/1759 1684/1985/1759 1685/1987/1759
f 1663/1952/1760 1662/1951/1760 1677/1971/1760
f 1674/1966/1761 1689/1993/1761 1690/1994/1761
f 1683/1984/1762 1682/1982/1762 1697/2001/1762
f 1675/1968/1763 1690/1994/1763 1691/1995/1763
f 1684/1986/1764 1683/1984/1764 1698/2002/1764
f 1676/1970/1765 1691/1995/1765 1692/1996/1765
f 1684/1986/1766 1699/2003/1766 1700/2004/1766
f 1678/1974/1767 1677/1972/1767 1692/1996/1767
f 1686/1990/1768 1685/1988/1768 1700/2004/1768
f 1678/1974/1769 1693/1997/1769 1694/1998/1769
f 1679/1976/1772 1694/1998/1772 1695/1999/1772
f 1673/1964/1773 1672/1962/1773 1687/1991/1773
f 1680/1978/1774 1695/1999/1774 1696/2000/1774
f 1674/1966/1775 1673/1964/1775 1688/1992/1775
f 1682/1982/1776 1681/1980/1776 1696/2000/1776
f 1694/1998/1777 1693/1997/1777 1708/2012/1777
f 1694/1998/1780 1709/2013/1780 1710/2014/1780
f 1688/1992/1781 1687/1991/1781 1702/2006/1781
f 1695/1999/1782 1710/2014/1782 1711/2015/1782
f 1688/1992/1783 1703/2007/1783 1704/2008/1783
f 1697/2001/1784 1696/2000/1784 1711/2015/1784
f 1689/1993/1785 1704/2008/1785 1705/2009/1785
f 1697/2001/1786 1712/2016/1786 1713/2017/1786
f 1691/1995/1787 1690/1994/1787 1705/2009/1787
f 1699/2003/1788 1698/2002/1788 1713/2017/1788
f 1691/1995/1789 1706/2010/1789 1707/2011/1789
f 1700/2004/1790 1699/2003/1790 1714/2018/1790
f 1693/1997/1791 1692/1996/1791 1707/2011/1791
f 1701/2005/1792 1700/2004/1792 1715/2019/1792
f 1712/2016/1793 1727/2031/1793 1728/2032/1793
f 1706/2010/1794 1705/2009/1794 1720/2024/1794
f 1714/2018/1795 1713/2017/1795 1728/2032/1795
f 1706/2010/1796 1721/2025/1796 1722/2026/1796
f 1714/2018/1797 1729/2033/1797 1730/2034/1797
f 1708/2012/1798 1707/2011/1798 1722/2026/1798
f 1715/2019/1799 1730/2034/1799 1731/2035/1799
f 1709/2013/1800 1708/2012/1800 1723/2027/1800
f 1709/2013/1803 1724/2028/1803 1725/2029/1803
f 1703/2007/3688 1702/2006/3688 1717/2021/3688
f 1710/2014/1805 1725/2029/1805 1726/2030/1805
f 1704/2008/3689 1703/2007/3689 1718/2022/3689
f 1712/2016/1807 1711/2015/1807 1726/2030/1807
f 1704/2008/1808 1719/2023/1808 1720/2024/1808
f 1724/2028/1811 1739/2043/1811 1740/2044/1811
f 1717/2021/1812 1732/2036/1812 1733/2037/1812
f 1725/2029/3690 1740/2044/3690 1741/2045/3690
f 1718/2022/1814 1733/2037/1814 1734/2038/1814
f 1726/2030/1815 1741/2045/1815 1742/2046/1815
f 1719/2023/1816 1734/2038/1816 1735/2039/1816
f 1727/2031/1817 1742/2046/1817 1743/2047/1817
f 1721/2025/1818 1720/2024/1818 1735/2039/1818
f 1729/2033/1819 1728/2032/1819 1743/2047/1819
f 1721/2025/1820 1736/2040/1820 1737/2041/1820
f 1729/2033/1821 1744/2048/1821 1745/2049/1821
f 1723/2027/1822 1722/2026/1822 1737/2041/1822
f 1731/2035/1823 1730/2034/1823 1745/2049/1823
f 1723/2027/1824 1738/2042/1824 1739/2043/1824
f 1736/2040/1825 1735/2039/1825 1750/2054/1825
f 1744/2048/1826 1743/2047/1826 1758/2062/1826
f 1736/2040/1827 1751/2055/1827 1752/2056/1827
f 1744/2048/1828 1759/2063/1828 1760/2064/1828
f 1738/2042/1829 1737/2041/1829 1752/2056/1829
f 1746/2050/1830 1745/2049/1830 1760/2064/1830
f 1739/2043/1831 1738/2042/1831 1753/2057/1831
f 1739/2043/1834 1754/2058/1834 1755/2059/1834
f 1733/2037/1835 1732/2036/1835 1747/2051/1835
f 1740/2044/1836 1755/2059/1836 1756/2060/1836
f 1733/2037/1837 1748/2052/1837 1749/2053/1837
f 1742/2046/1838 1741/2045/1838 1756/2060/1838
f 1734/2038/1839 1749/2053/1839 1750/2054/1839
f 1743/2047/1840 1742/2046/1840 1757/2061/1840
f 1755/2059/1841 1754/2058/1841 1769/2073/1841
f 1747/2051/1842 1762/2066/1842 1763/2067/1842
f 1755/2059/1843 1770/2074/1843 1771/2075/1843
f 1748/2052/1844 1763/2067/1844 1764/2068/1844
f 1757/2061/1845 1756/2060/1845 1771/2075/1845
f 1750/2054/1846 1749/2053/1846 1764/2068/1846
f 1758/2062/1847 1757/2061/1847 1772/2076/1847
f 1750/2054/1848 1765/2069/1848 1766/2070/1848
f 1758/2062/1849 1773/2077/1849 1774/2078/1849
f 1751/2055/1850 1766/2070/1850 1767/2071/1850
f 1759/2063/1851 1774/2078/1851 1775/2079/1851
f 1752/2056/1852 1767/2071/1852 1768/2072/1852
f 1760/2064/3691 1775/2079/3691 1776/2080/3691
f 1754/2058/1854 1753/2057/1854 1768/2072/1854
f 1773/2077/1857 1788/2092/1857 1789/2093/1857
f 1766/2070/1858 1781/2085/1858 1782/2086/1858
f 1775/2079/3692 1774/2078/3692 1789/2093/3692
f 1768/2072/1860 1767/2071/1860 1782/2086/1860
f 1776/2080/3693 1775/2079/3693 1790/2094/3693
f 1769/2073/1862 1768/2072/1862 1783/2087/1862
f 1770/2074/1865 1769/2073/1865 1784/2088/1865
f 1762/2066/1866 1777/2081/1866 1778/2082/1866
f 1770/2074/1867 1785/2089/1867 1786/2090/1867
f 1764/2068/3694 1763/2067/3694 1778/2082/3694
f 1771/2075/1869 1786/2090/1869 1787/2091/1869
f 1764/2068/1870 1779/2083/1870 1780/2084/1870
f 1772/2076/1871 1787/2091/1871 1788/2092/1871
f 1765/2069/1872 1780/2084/1872 1781/2085/1872
f 1785/2089/1873 1323/1550/1873 1796/2100/1873
f 1779/2083/1874 1778/2082/1874 1793/2097/1874
f 1787/2091/1875 1786/2090/1875 1796/2100/1875
f 1780/2084/1876 1779/2083/1876 1319/1546/1876
f 1788/2092/1877 1787/2091/1877 1324/1551/1877
f 1781/2085/1878 1780/2084/1878 1794/2098/1878
f 1789/2093/1879 1788/2092/1879 1797/2101/1879
f 1782/2086/1880 1781/2085/1880 1320/1547/1880
f 1789/2093/1881 1798/2102/1881 1799/2103/1881
f 1783/2087/1882 1782/2086/1882 1795/2099/1882
f 1791/2095/1883 1790/2094/1883 1799/2103/1883
f 1784/2088/1884 1783/2087/1884 1321/1548/1884
f 1784/2088/1887 1322/1549/1887 1323/1550/1887
f 1778/2082/1888 1777/2081/1888 1792/2096/1888
f 2275/2656/1889 2274/2655/1889 1807/2111/1889
f 2278/2659/1890 1805/2109/1890 1815/2119/1890
f 1801/2105/1891 2275/2656/1891 1808/2112/1891
f 2278/2659/1892 1816/2120/1892 1817/2121/1892
f 2276/2657/1893 1801/2105/1893 1809/2113/1893
f 2279/2660/1894 1806/2110/1894 1817/2121/1894
f 2276/2657/1895 1810/2114/1895 1811/2115/1895
f 2279/2660/1896 1818/2122/1896 1819/2123/1896
f 2277/2658/1897 1802/2106/1897 1811/2115/1897
f 2280/2661/1898 1819/2123/1898 1820/2124/1898
f 1803/2107/1899 2277/2658/1899 1812/2116/1899
f 2281/2662/1900 1820/2124/1900 1821/2125/1900
f 1804/2108/1901 1803/2107/1901 1813/2117/1901
f 1805/2109/1904 1804/2108/1904 1814/2118/1904
f 1813/2117/1905 1828/2132/1905 1829/2133/1905
f 1815/2119/1908 1814/2118/1908 1829/2133/1908
f 1807/2111/1909 1822/2126/1909 1823/2127/1909
f 1816/2120/1910 1815/2119/1910 1830/2134/1910
f 1808/2112/1911 1823/2127/1911 1824/2128/1911
f 1817/2121/1912 1816/2120/1912 1831/2135/1912
f 1809/2113/1913 1824/2128/1913 1825/2129/1913
f 1817/2121/1914 1832/2136/1914 1833/2137/1914
f 1810/2114/1915 1825/2129/1915 1826/2130/1915
f 1819/2123/1916 1818/2122/1916 1833/2137/1916
f 1811/2115/1917 1826/2130/1917 1827/2131/1917
f 1820/2124/1918 1819/2123/1918 1834/2138/1918
f 1813/2117/1919 1812/2116/1919 1827/2131/1919
f 1821/2125/3695 1820/2124/3695 1835/2139/3695
f 1832/2136/1921 1847/2151/1921 1848/2152/1921
f 1826/2130/1922 1825/2129/1922 1840/2144/1922
f 1833/2137/1923 1848/2152/1923 1849/2153/1923
f 1826/2130/1924 1841/2145/1924 1842/2146/1924
f 1835/2139/1925 1834/2138/1925 1849/2153/1925
f 1827/2131/1926 1842/2146/1926 1843/2147/1926
f 1836/2140/1927 1835/2139/1927 1850/2154/1927
f 1829/2133/1928 1828/2132/1928 1843/2147/1928
f 1829/2133/1931 1844/2148/1931 1845/2149/1931
f 1822/2126/1932 1837/2141/1932 1838/2142/1932
f 1830/2134/1933 1845/2149/1933 1846/2150/1933
f 1824/2128/1934 1823/2127/1934 1838/2142/1934
f 1831/2135/1935 1846/2150/1935 1847/2151/1935
f 1824/2128/1936 1839/2143/1936 1840/2144/1936
f 1844/2148/1938 1859/2163/1938 1860/2164/1938
f 1837/2141/1939 1852/2156/1939 1853/2157/1939
f 1845/2149/1940 1860/2164/1940 1861/2165/1940
f 1838/2142/1941 1853/2157/1941 1854/2158/1941
f 1846/2150/1942 1861/2165/1942 1862/2166/1942
f 1839/2143/1943 1854/2158/1943 1855/2159/1943
f 1848/2152/1944 1847/2151/1944 1862/2166/1944
f 1840/2144/1945 1855/2159/1945 1856/2160/1945
f 1849/2153/1946 1848/2152/1946 1863/2167/1946
f 1841/2145/1947 1856/2160/1947 1857/2161/1947
f 1849/2153/1948 1864/2168/1948 1865/2169/1948
f 1843/2147/1949 1842/2146/1949 1857/2161/1949
f 1851/2155/1950 1850/2154/1950 1865/2169/1950
f 1843/2147/1951 1858/2162/1951 1859/2163/1951
f 1864/2168/1953 1863/2167/1953 1878/2182/1953
f 1856/2160/1954 1871/2175/1954 1872/2176/1954
f 1865/2169/1955 1864/2168/1955 1879/2183/1955
f 1857/2161/1956 1872/2176/1956 1873/2177/1956
f 1865/2169/1957 1880/2184/1957 1881/2185/1957
f 1858/2162/1958 1873/2177/1958 1874/2178/1958
f 1859/2163/1961 1874/2178/1961 1875/2179/1961
f 1852/2156/1962 1867/2171/1962 1868/2172/1962
f 1861/2165/1963 1860/2164/1963 1875/2179/1963
f 1854/2158/1964 1853/2157/1964 1868/2172/1964
f 1862/2166/1965 1861/2165/1965 1876/2180/1965
f 1854/2158/1966 1869/2173/1966 1870/2174/1966
f 1862/2166/1967 1877/2181/1967 1878/2182/1967
f 1855/2159/1968 1870/2174/1968 1871/2175/1968
f 1867/2171/1969 1883/2218/1969 1884/2219/1969
f 1875/2179/1970 1891/2226/1970 1892/2227/1970
f 1869/2173/1971 1868/2172/1971 1884/2219/1971
f 1877/2181/1972 1876/2180/1972 1892/2227/1972
f 1870/2174/1973 1869/2173/1973 1885/2220/1973
f 1877/2181/1974 1893/2228/1974 1894/2229/1974
f 1871/2175/1975 1870/2174/1975 1886/2221/1975
f 1878/2182/1976 1894/2229/1976 1895/2230/1976
f 1871/2175/1977 1887/2222/1977 1888/2223/1977
f 1880/2184/1978 1879/2183/1978 1895/2230/1978
f 1873/2177/1979 1872/2176/1979 1888/2223/1979
f 1881/2185/1980 1880/2184/1980 1896/2231/1980
f 1874/2178/1981 1873/2177/1981 1889/2224/1981
f 1874/2178/1984 1890/2225/1984 1891/2226/1984
f 1887/2222/1985 1902/2237/1985 1903/2238/1985
f 1896/2231/1986 1895/2230/1986 1910/2245/1986
f 1889/2224/1987 1888/2223/1987 1903/2238/1987
f 1896/2231/1988 1911/2246/1988 1912/2247/1988
f 1890/2225/1989 1889/2224/1989 1904/2239/1989
f 1891/2226/1992 1890/2225/1992 1905/2240/1992
f 1884/2219/3696 1883/2218/3696 1898/2233/3696
f 1891/2226/1994 1906/2241/1994 1907/2242/1994
f 1885/2220/1995 1884/2219/1995 1899/2234/1995
f 1892/2227/1996 1907/2242/1996 1908/2243/1996
f 1885/2220/1997 1900/2235/1997 1901/2236/1997
f 1893/2228/1998 1908/2243/1998 1909/2244/1998
f 1886/2221/1999 1901/2236/1999 1902/2237/1999
f 1894/2229/2000 1909/2244/2000 1910/2245/2000
f 1906/2241/2001 1921/2256/2001 1922/2257/2001
f 1899/2234/2002 1914/2249/2002 1915/2250/2002
f 1908/2243/2003 1907/2242/2003 1922/2257/2003
f 1900/2235/2004 1915/2250/2004 1916/2251/2004
f 1909/2244/2005 1908/2243/2005 1923/2258/2005
f 1902/2237/2006 1901/2236/2006 1916/2251/2006
f 1910/2245/2007 1909/2244/2007 1924/2259/2007
f 1902/2237/2008 1917/2252/2008 1918/2253/2008
f 1911/2246/2009 1910/2245/2009 1925/2260/2009
f 1903/2238/2010 1918/2253/2010 1919/2254/2010
f 1911/2246/3697 1926/2261/3697 1927/2262/3697
f 1904/2239/2012 1919/2254/2012 1920/2255/2012
f 1905/2240/2015 1920/2255/2015 1921/2256/2015
f 1898/2233/3698 1913/2248/3698 1914/2249/3698
f 1926/2261/2017 1925/2260/2017 1940/2275/2017
f 1919/2254/2018 1918/2253/2018 1933/2268/2018
f 1926/2261/3699 1941/2276/3699 1942/2277/3699
f 1920/2255/2020 1919/2254/2020 1934/2269/2020
f 1921/2256/2023 1920/2255/2023 1935/2270/2023
f 1913/2248/2024 1928/2263/2024 1929/2264/2024
f 1922/2257/2025 1921/2256/2025 1936/2271/2025
f 1915/2250/2026 1914/2249/2026 1929/2264/2026
f 1923/2258/2027 1922/2257/2027 1937/2272/2027
f 1915/2250/2028 1930/2265/2028 1931/2266/2028
f 1923/2258/2029 1938/2273/2029 1939/2274/2029
f 1916/2251/2030 1931/2266/2030 1932/2267/2030
f 1924/2259/2031 1939/2274/2031 1940/2275/2031
f 1917/2252/2032 1932/2267/2032 1933/2268/2032
f 1930/2265/2033 1929/2264/2033 1944/2279/2033
f 1938/2273/2034 1937/2272/2034 1952/2287/2034
f 1930/2265/2035 1945/2280/2035 1946/2281/2035
f 1938/2273/2036 1953/2288/2036 1954/2289/2036
f 1932/2267/2037 1931/2266/2037 1946/2281/2037
f 1939/2274/2038 1954/2289/2038 1955/2290/2038
f 1932/2267/2039 1947/2282/2039 1948/2283/2039
f 1941/2276/2040 1940/2275/2040 1955/2290/2040
f 1934/2269/2041 1933/2268/2041 1948/2283/2041
f 1942/2277/2042 1941/2276/2042 1956/2291/2042
f 1934/2269/2043 1949/2284/2043 1950/2285/2043
f 1935/2270/2046 1950/2285/2046 1951/2286/2046
f 1928/2263/2047 1943/2278/2047 1944/2279/2047
f 1936/2271/2048 1951/2286/2048 1952/2287/2048
f 1949/2284/2049 1948/2283/2049 1963/2298/2049
f 1957/2292/2050 1956/2291/2050 1971/2306/2050
f 1950/2285/2051 1949/2284/2051 1964/2299/2051
f 1950/2285/2054 1965/2300/2054 1966/2301/2054
f 1943/2278/2055 1958/2293/2055 1959/2294/2055
f 1952/2287/2056 1951/2286/2056 1966/2301/2056
f 1944/2279/2057 1959/2294/2057 1960/2295/2057
f 1953/2288/3700 1952/2287/3700 1967/2302/3700
f 1945/2280/2059 1960/2295/2059 1961/2296/2059
f 1954/2289/2060 1953/2288/2060 1968/2303/2060
f 1947/2282/2061 1946/2281/2061 1961/2296/2061
f 1955/2290/2062 1954/2289/2062 1969/2304/2062
f 1947/2282/2063 1962/2297/2063 1963/2298/2063
f 1956/2291/2064 1955/2290/2064 1970/2305/2064
f 1968/2303/2065 1967/2302/2065 1982/2317/2065
f 1960/2295/2066 1975/2310/2066 1976/2311/2066
f 1968/2303/2067 1983/2318/2067 1984/2319/2067
f 1962/2297/2068 1961/2296/2068 1976/2311/2068
f 1969/2304/2069 1984/2319/2069 1985/2320/2069
f 1962/2297/3701 1977/2312/3701 1978/2313/3701
f 1970/2305/2071 1985/2320/2071 1986/2321/2071
f 1964/2299/2072 1963/2298/2072 1978/2313/2072
f 1971/2306/2073 1986/2321/2073 1987/2322/2073
f 1965/2300/2074 1964/2299/2074 1979/2314/2074
f 1965/2300/2077 1980/2315/2077 1981/2316/2077
f 1959/2294/2078 1958/2293/2078 1973/2308/2078
f 1966/2301/2079 1981/2316/2079 1982/2317/2079
f 1960/2295/2080 1959/2294/2080 1974/2309/2080
f 1986/2321/2081 2001/2336/2081 2002/2337/2081
f 1980/2315/2082 1979/2314/2082 1994/2329/2082
f 1980/2315/2085 1995/2330/2085 1996/2331/2085
f 1973/2308/2086 1988/2323/2086 1989/2324/2086
f 1982/2317/2087 1981/2316/2087 1996/2331/2087
f 1974/2309/2088 1989/2324/2088 1990/2325/2088
f 1982/2317/2089 1997/2332/2089 1998/2333/2089
f 1975/2310/2090 1990/2325/2090 1991/2326/2090
f 1984/2319/2091 1983/2318/2091 1998/2333/2091
f 1976/2311/2092 1991/2326/2092 1992/2327/2092
f 1985/2320/2093 1984/2319/2093 1999/2334/2093
f 1977/2312/2094 1992/2327/2094 1993/2328/2094
f 1986/2321/2095 1985/2320/2095 2000/2335/2095
f 1979/2314/2096 1978/2313/2096 1993/2328/2096
f 1998/2333/2097 2013/2348/2097 2014/2349/2097
f 1992/2327/2098 1991/2326/2098 2006/2341/2098
f 1999/2334/2099 2014/2349/2099 2015/2350/2099
f 1992/2327/2100 2007/2342/2100 2008/2343/2100
f 2000/2335/2101 2015/2350/2101 2016/2351/2101
f 1994/2329/2102 1993/2328/2102 2008/2343/2102
f 2001/2336/2103 2016/2351/2103 2017/2352/2103
f 1995/2330/2104 1994/2329/2104 2009/2344/2104
f 1995/2330/2107 2010/2345/2107 2011/2346/2107
f 1989/2324/2108 1988/2323/2108 2003/2338/2108
f 1996/2331/2109 2011/2346/2109 2012/2347/2109
f 1989/2324/2110 2004/2339/2110 2005/2340/2110
f 1997/2332/2111 2012/2347/2111 2013/2348/2111
f 1990/2325/2112 2005/2340/2112 2006/2341/2112
f 2010/2345/2115 2025/2360/2115 2026/2361/2115
f 2003/2338/2116 2018/2353/2116 2019/2354/2116
f 2011/2346/2117 2026/2361/2117 2027/2362/2117
f 2005/2340/2118 2004/2339/2118 2019/2354/2118
f 2013/2348/2119 2012/2347/2119 2027/2362/2119
f 2005/2340/2120 2020/2355/2120 2021/2356/2120
f 2013/2348/2121 2028/2363/2121 2029/2364/2121
f 2006/2341/3702 2021/2356/3702 2022/2357/3702
f 2015/2350/2123 2014/2349/2123 2029/2364/2123
f 2007/2342/2124 2022/2357/2124 2023/2358/2124
f 2016/2351/2125 2015/2350/2125 2030/2365/2125
f 2009/2344/2126 2008/2343/2126 2023/2358/2126
f 2016/2351/3703 2031/2366/3703 2032/2367/3703
f 2009/2344/2128 2024/2359/2128 2025/2360/2128
f 2021/2356/2129 2036/2371/2129 2037/2372/2129
f 2029/2364/2130 2044/2379/2130 2045/2380/2130
f 2022/2357/2131 2037/2372/2131 2038/2373/2131
f 2030/2365/2132 2045/2380/2132 2046/2381/2132
f 2024/2359/2133 2023/2358/2133 2038/2373/2133
f 2032/2367/2134 2031/2366/2134 2046/2381/2134
f 2025/2360/2135 2024/2359/2135 2039/2374/2135
f 2026/2361/2138 2025/2360/2138 2040/2375/2138
f 2018/2353/2139 2033/2368/2139 2034/2369/2139
f 2026/2361/2140 2041/2376/2140 2042/2377/2140
f 2019/2354/2141 2034/2369/2141 2035/2370/2141
f 2028/2363/2142 2027/2362/2142 2042/2377/2142
f 2020/2355/2143 2035/2370/2143 2036/2371/2143
f 2028/2363/2144 2043/2378/2144 2044/2379/2144
f 2040/2375/2145 2055/2390/2145 2056/2391/2145
f 2034/2369/2146 2033/2368/2146 2048/2383/2146
f 2041/2376/2147 2056/2391/2147 2057/2392/2147
f 2035/2370/2148 2034/2369/2148 2049/2384/2148
f 2043/2378/2149 2042/2377/2149 2057/2392/2149
f 2036/2371/2150 2035/2370/2150 2050/2385/2150
f 2043/2378/2151 2058/2393/2151 2059/2394/2151
f 2037/2372/2152 2036/2371/2152 2051/2386/2152
f 2045/2380/2153 2044/2379/2153 2059/2394/2153
f 2037/2372/2154 2052/2387/2154 2053/2388/2154
f 2045/2380/2155 2060/2395/2155 2061/2396/2155
f 2039/2374/2156 2038/2373/2156 2053/2388/2156
f 2046/2381/2157 2061/2396/2157 2062/2397/2157
f 2040/2375/2158 2039/2374/2158 2054/2389/2158
f 2060/2395/2161 2059/2394/2161 2074/2409/2161
f 2052/2387/2162 2067/2402/2162 2068/2403/2162
f 2061/2396/2163 2060/2395/2163 2075/2410/2163
f 2054/2389/2164 2053/2388/2164 2068/2403/2164
f 2062/2397/3704 2061/2396/3704 2076/2411/3704
f 2055/2390/2166 2054/2389/2166 2069/2404/2166
f 2055/2390/2169 2070/2405/2169 2071/2406/2169
f 2048/2383/2170 2063/2398/2170 2064/2399/2170
f 2056/2391/2171 2071/2406/2171 2072/2407/2171
f 2049/2384/2172 2064/2399/2172 2065/2400/2172
f 2057/2392/2173 2072/2407/2173 2073/2408/2173
f 2050/2385/2174 2065/2400/2174 2066/2401/2174
f 2058/2393/2175 2073/2408/2175 2074/2409/2175
f 2051/2386/2176 2066/2401/2176 2067/2402/2176
f 2064/2399/2177 2063/2398/2177 2078/2413/2177
f 2072/2407/2178 2071/2406/2178 2086/2421/2178
f 2065/2400/2179 2064/2399/2179 2079/2414/2179
f 2073/2408/2180 2072/2407/2180 2087/2422/2180
f 2065/2400/2181 2080/2415/2181 2081/2416/2181
f 2074/2409/2182 2073/2408/2182 2088/2423/2182
f 2067/2402/2183 2066/2401/2183 2081/2416/2183
f 2075/2410/3705 2074/2409/3705 2089/2424/3705
f 2067/2402/2185 2082/2417/2185 2083/2418/2185
f 2076/2411/2186 2075/2410/2186 2090/2425/2186
f 2069/2404/2187 2068/2403/2187 2083/2418/2187
f 2077/2412/2188 2076/2411/2188 2091/2426/2188
f 2070/2405/2189 2069/2404/2189 2084/2419/2189
f 2070/2405/2192 2085/2420/2192 2086/2421/2192
f 2083/2418/2193 2082/2417/2193 2097/2432/2193
f 2090/2425/2194 2105/2440/2194 2106/2441/2194
f 2084/2419/2195 2083/2418/2195 2098/2433/2195
f 2091/2426/2196 2106/2441/2196 2107/2442/2196
f 2085/2420/2197 2084/2419/2197 2099/2434/2197
f 2085/2420/2200 2100/2435/2200 2101/2436/2200
f 2079/2414/2201 2078/2413/2201 2093/2428/2201
f 2086/2421/2202 2101/2436/2202 2102/2437/2202
f 2080/2415/2203 2079/2414/2203 2094/2429/2203
f 2087/2422/2204 2102/2437/2204 2103/2438/2204
f 2081/2416/2205 2080/2415/2205 2095/2430/2205
f 2088/2423/2206 2103/2438/2206 2104/2439/2206
f 2082/2417/2207 2081/2416/2207 2096/2431/2207
f 2090/2425/2208 2089/2424/2208 2104/2439/2208
f 2101/2436/2209 2117/2483/2209 2118/2484/2209
f 2094/2429/2210 2110/2476/2210 2111/2477/2210
f 2102/2437/2211 2118/2484/2211 2119/2485/2211
f 2095/2430/2212 2111/2477/2212 2112/2478/2212
f 2104/2439/2213 2103/2438/2213 2119/2485/2213
f 2097/2432/2214 2096/2431/2214 2112/2478/2214
f 2105/2440/2215 2104/2439/2215 2120/2486/2215
f 2097/2432/2216 2113/2479/2216 2114/2480/2216
f 2105/2440/2217 2121/2487/2217 2122/2488/2217
f 2099/2434/2218 2098/2433/2218 2114/2480/2218
f 2107/2442/2219 2106/2441/2219 2122/2488/2219
f 2099/2434/2220 2115/2481/2220 2116/2482/2220
f 2100/2435/2223 2116/2482/2223 2117/2483/2223
f 2093/2428/2224 2109/2475/2224 2110/2476/2224
f 2121/2487/2225 2136/2502/2225 2137/2503/2225
f 2115/2481/2226 2114/2480/2226 2129/2495/2226
f 2122/2488/2227 2137/2503/2227 2138/2504/2227
f 2116/2482/2228 2115/2481/2228 2130/2496/2228
f 2117/2483/2231 2116/2482/2231 2131/2497/2231
f 2110/2476/2232 2109/2475/2232 2124/2490/2232
f 2118/2484/2233 2117/2483/2233 2132/2498/2233
f 2111/2477/2234 2110/2476/2234 2125/2491/2234
f 2119/2485/2235 2118/2484/2235 2133/2499/2235
f 2111/2477/3706 2126/2492/3706 2127/2493/3706
f 2119/2485/2237 2134/2500/2237 2135/2501/2237
f 2112/2478/2238 2127/2493/2238 2128/2494/2238
f 2120/2486/2239 2135/2501/2239 2136/2502/2239
f 2114/2480/2240 2113/2479/2240 2128/2494/2240
f 2134/2500/2241 2133/2499/2241 2148/2514/2241
f 2126/2492/2242 2141/2507/2242 2142/2508/2242
f 2135/2501/2243 2134/2500/2243 2149/2515/2243
f 2128/2494/2244 2127/2493/2244 2142/2508/2244
f 2136/2502/2245 2135/2501/2245 2150/2516/2245
f 2128/2494/2246 2143/2509/2246 2144/2510/2246
f 2137/2503/2247 2136/2502/2247 2151/2517/2247
f 2130/2496/2248 2129/2495/2248 2144/2510/2248
f 2138/2504/2249 2137/2503/2249 2152/2518/2249
f 2131/2497/2250 2130/2496/2250 2145/2511/2250
f 2131/2497/2253 2146/2512/2253 2147/2513/2253
f 2124/2490/2254 2139/2505/2254 2140/2506/2254
f 2132/2498/2255 2147/2513/2255 2148/2514/2255
f 2125/2491/2256 2140/2506/2256 2141/2507/2256
f 2152/2518/3707 2167/2546/3707 2168/2548/3707
f 2145/2511/2258 2160/2532/2258 2161/2534/2258
f 2146/2512/2261 2161/2534/2261 2162/2536/2261
f 2140/2506/2262 2139/2505/2262 2154/2520/2262
f 2147/2513/2263 2162/2536/2263 2163/2538/2263
f 2141/2507/2264 2140/2506/2264 2155/2522/2264
f 2148/2514/2265 2163/2538/2265 2164/2540/2265
f 2141/2507/2266 2156/2524/2266 2157/2526/2266
f 2149/2515/2267 2164/2540/2267 2165/2542/2267
f 2143/2509/2268 2142/2508/2268 2157/2526/2268
f 2150/2516/2269 2165/2542/2269 2166/2544/2269
f 2143/2509/2270 2158/2528/2270 2159/2530/2270
f 2151/2517/2271 2166/2544/2271 2167/2546/2271
f 2145/2511/2272 2144/2510/2272 2159/2530/2272
f 2156/2525/2273 2171/2552/2273 2172/2553/2273
f 2165/2543/2274 2164/2541/2274 2179/2560/2274
f 2157/2527/2275 2172/2553/2275 2173/2554/2275
f 2165/2543/2276 2180/2561/2276 2181/2562/2276
f 2158/2529/2277 2173/2554/2277 2174/2555/2277
f 2166/2545/2278 2181/2562/2278 2182/2563/2278
f 2160/2533/2279 2159/2531/2279 2174/2555/2279
f 2168/2549/3708 2167/2547/3708 2182/2563/3708
f 2161/2535/2281 2160/2533/2281 2175/2556/2281
f 2161/2535/2284 2176/2557/2284 2177/2558/2284
f 2155/2523/3709 2154/2521/3709 2169/2550/3709
f 2162/2537/2286 2177/2558/2286 2178/2559/2286
f 2156/2525/2287 2155/2523/2287 2170/2551/2287
f 2164/2541/2288 2163/2539/2288 2178/2559/2288
f 2176/2557/2289 2175/2556/2289 2190/2571/2289
f 2176/2557/2292 2191/2572/2292 2192/2573/2292
f 2170/2551/2293 2169/2550/2293 2184/2565/2293
f 2177/2558/2294 2192/2573/2294 2193/2574/2294
f 2170/2551/2295 2185/2566/2295 2186/2567/2295
f 2179/2560/2296 2178/2559/2296 2193/2574/2296
f 2171/2552/2297 2186/2567/2297 2187/2568/2297
f 2180/2561/2298 2179/2560/2298 2194/2575/2298
f 2173/2554/2299 2172/2553/2299 2187/2568/2299
f 2180/2561/2300 2195/2576/2300 2196/2577/2300
f 2173/2554/2301 2188/2569/2301 2189/2570/2301
f 2182/2563/2302 2181/2562/2302 2196/2577/2302
f 2175/2556/2303 2174/2555/2303 2189/2570/2303
f 2183/2564/2304 2182/2563/2304 2197/2578/2304
f 2194/2575/2305 2209/2590/2305 2210/2591/2305
f 2188/2569/2306 2187/2568/2306 2202/2583/2306
f 2196/2577/2307 2195/2576/2307 2210/2591/2307
f 2188/2569/2308 2203/2584/2308 2204/2585/2308
f 2196/2577/2309 2211/2592/2309 2212/2593/2309
f 2190/2571/2310 2189/2570/2310 2204/2585/2310
f 2197/2578/2311 2212/2593/2311 2213/2594/2311
f 2191/2572/2312 2190/2571/2312 2205/2586/2312
f 2191/2572/2315 2206/2587/2315 2207/2588/2315
f 2185/2566/3710 2184/2565/3710 2199/2580/3710
f 2192/2573/2317 2207/2588/2317 2208/2589/2317
f 2185/2566/2318 2200/2581/2318 2201/2582/2318
f 2193/2574/2319 2208/2589/2319 2209/2590/2319
f 2186/2567/2320 2201/2582/2320 2202/2583/2320
f 2206/2587/2323 2221/2602/2323 2222/2603/2323
f 2200/2581/3711 2199/2580/3711 2214/2595/3711
f 2208/2589/2325 2207/2588/2325 2222/2603/2325
f 2200/2581/2326 2215/2596/2326 2216/2597/2326
f 2208/2589/2327 2223/2604/2327 2224/2605/2327
f 2201/2582/2328 2216/2597/2328 2217/2598/2328
f 2209/2590/2329 2224/2605/2329 2225/2606/2329
f 2202/2583/2330 2217/2598/2330 2218/2599/2330
f 2211/2592/2331 2210/2591/2331 2225/2606/2331
f 2203/2584/2332 2218/2599/2332 2219/2600/2332
f 2211/2592/2333 2226/2607/2333 2227/2608/2333
f 2205/2586/2334 2204/2585/2334 2219/2600/2334
f 2213/2594/2335 2212/2593/2335 2227/2608/2335
f 2205/2586/2336 2220/2601/2336 2221/2602/2336
f 2218/2599/2337 2217/2598/2337 2232/2613/2337
f 2226/2607/2338 2225/2606/2338 2240/2621/2338
f 2218/2599/2339 2233/2614/2339 2234/2615/2339
f 2226/2607/2340 2241/2622/2340 2242/2623/2340
f 2220/2601/2341 2219/2600/2341 2234/2615/2341
f 2228/2609/2342 2227/2608/2342 2242/2623/2342
f 2221/2602/2343 2220/2601/2343 2235/2616/2343
f 2221/2602/2346 2236/2617/2346 2237/2618/2346
f 2215/2596/2347 2214/2595/2347 2229/2610/2347
f 2222/2603/2348 2237/2618/2348 2238/2619/2348
f 2216/2597/2349 2215/2596/2349 2230/2611/2349
f 2224/2605/2350 2223/2604/2350 2238/2619/2350
f 2216/2597/2351 2231/2612/2351 2232/2613/2351
f 2224/2605/2352 2239/2620/2352 2240/2621/2352
f 2237/2618/2353 2236/2617/2353 2251/2632/2353
f 2230/2611/2354 2229/2610/2354 2244/2625/2354
f 2237/2618/2355 2252/2633/2355 2253/2634/2355
f 2231/2612/2356 2230/2611/2356 2245/2626/2356
f 2238/2619/2357 2253/2634/2357 2254/2635/2357
f 2232/2613/2358 2231/2612/2358 2246/2627/2358
f 2240/2621/2359 2239/2620/2359 2254/2635/2359
f 2233/2614/2360 2232/2613/2360 2247/2628/2360
f 2240/2621/2361 2255/2636/2361 2256/2637/2361
f 2233/2614/2362 2248/2629/2362 2249/2630/2362
f 2241/2622/2363 2256/2637/2363 2257/2638/2363
f 2235/2616/2364 2234/2615/2364 2249/2630/2364
f 2242/2623/2365 2257/2638/2365 2258/2639/2365
f 2236/2617/2366 2235/2616/2366 2250/2631/2366
f 2256/2637/2369 2255/2636/2369 2270/2651/2369
f 2248/2629/2370 2263/2644/2370 2264/2645/2370
f 2256/2637/2371 2271/2652/2371 2272/2653/2371
f 2250/2631/2372 2249/2630/2372 2264/2645/2372
f 2258/2639/2373 2257/2638/2373 2272/2653/2373
f 2251/2632/2374 2250/2631/2374 2265/2646/2374
f 2252/2633/2377 2251/2632/2377 2266/2647/2377
f 2244/2625/2378 2259/2640/2378 2260/2641/2378
f 2252/2633/2379 2267/2648/2379 2268/2649/2379
f 2246/2627/2380 2245/2626/2380 2260/2641/2380
f 2253/2634/2381 2268/2649/2381 2269/2650/2381
f 2246/2627/2382 2261/2642/2382 2262/2643/2382
f 2254/2635/2383 2269/2650/2383 2270/2651/2383
f 2247/2628/2384 2262/2643/2384 2263/2644/2384
f 2267/2648/2385 1805/2109/2385 2278/2659/2385
f 2260/2641/2386 2275/2656/2386 1801/2105/2386
f 2269/2650/2387 2268/2649/2387 2278/2659/2387
f 2262/2643/2388 2261/2642/2388 1801/2105/2388
f 2269/2650/2389 1806/2110/2389 2279/2660/2389
f 2263/2644/2390 2262/2643/2390 2276/2657/2390
f 2271/2652/2391 2270/2651/2391 2279/2660/2391
f 2264/2645/2392 2263/2644/2392 1802/2106/2392
f 2271/2652/2393 2280/2661/2393 2281/2662/2393
f 2265/2646/2394 2264/2645/2394 2277/2658/2394
f 2273/2654/2395 2272/2653/2395 2281/2662/2395
f 2266/2647/2396 2265/2646/2396 1803/2107/2396
f 2266/2647/2399 1804/2108/2399 1805/2109/2399
f 2260/2641/2400 2259/2640/2400 2274/2655/2400
f 2757/3215/2401 2756/3214/2401 2289/2670/2401
f 2287/2668/2402 2297/2678/2402 2298/2679/2402
f 2283/2664/2403 2757/3215/2403 2290/2671/2403
f 2760/3218/2404 2298/2679/2404 2299/2680/2404
f 2758/3216/3712 2283/2664/3712 2291/2672/3712
f 2761/3219/2406 2288/2669/2406 2299/2680/2406
f 2758/3216/2407 2292/2673/2407 2293/2674/2407
f 2761/3219/2408 2300/2681/2408 2301/2682/2408
f 2759/3217/2409 2284/2665/2409 2293/2674/2409
f 2762/3220/2410 2301/2682/2410 2302/2683/2410
f 2759/3217/2411 2294/2675/2411 2295/2676/2411
f 2763/3221/2412 2302/2683/2412 2303/2684/2412
f 2285/2666/2413 2295/2676/2413 2296/2677/2413
f 2286/2667/2416 2296/2677/2416 2297/2678/2416
f 2295/2676/2417 2310/2691/2417 2311/2692/2417
f 2297/2678/2420 2296/2677/2420 2311/2692/2420
f 2290/2671/3713 2289/2670/3713 2304/2685/3713
f 2298/2679/2422 2297/2678/2422 2312/2693/2422
f 2290/2671/2423 2305/2686/2423 2306/2687/2423
f 2299/2680/2424 2298/2679/2424 2313/2694/2424
f 2291/2672/2425 2306/2687/2425 2307/2688/2425
f 2300/2681/2426 2299/2680/2426 2314/2695/2426
f 2292/2673/2427 2307/2688/2427 2308/2689/2427
f 2301/2682/2428 2300/2681/2428 2315/2696/2428
f 2294/2675/2429 2293/2674/2429 2308/2689/2429
f 2302/2683/2430 2301/2682/2430 2316/2697/2430
f 2294/2675/2431 2309/2690/2431 2310/2691/2431
f 2303/2684/2432 2302/2683/2432 2317/2698/2432
f 2314/2695/2433 2329/2710/2433 2330/2711/2433
f 2308/2689/2434 2307/2688/2434 2322/2703/2434
f 2316/2697/2435 2315/2696/2435 2330/2711/2435
f 2308/2689/2436 2323/2704/2436 2324/2705/2436
f 2317/2698/3714 2316/2697/3714 2331/2712/3714
f 2309/2690/2438 2324/2705/2438 2325/2706/2438
f 2318/2699/2439 2317/2698/2439 2332/2713/2439
f 2311/2692/2440 2310/2691/2440 2325/2706/2440
f 2311/2692/2443 2326/2707/2443 2327/2708/2443
f 2305/2686/2444 2304/2685/2444 2319/2700/2444
f 2312/2693/2445 2327/2708/2445 2328/2709/2445
f 2306/2687/2446 2305/2686/2446 2320/2701/2446
f 2313/2694/2447 2328/2709/2447 2329/2710/2447
f 2306/2687/2448 2321/2702/2448 2322/2703/2448
f 2326/2707/2450 2341/2722/2450 2342/2723/2450
f 2319/2700/2451 2334/2715/2451 2335/2716/2451
f 2327/2708/2452 2342/2723/2452 2343/2724/2452
f 2320/2701/2453 2335/2716/2453 2336/2717/2453
f 2328/2709/2454 2343/2724/2454 2344/2725/2454
f 2321/2702/2455 2336/2717/2455 2337/2718/2455
f 2330/2711/2456 2329/2710/2456 2344/2725/2456
f 2322/2703/2457 2337/2718/2457 2338/2719/2457
f 2331/2712/2458 2330/2711/2458 2345/2726/2458
f 2323/2704/3715 2338/2719/3715 2339/2720/3715
f 2331/2712/2460 2346/2727/2460 2347/2728/2460
f 2325/2706/2461 2324/2705/2461 2339/2720/2461
f 2332/2713/2462 2347/2728/2462 2348/2729/2462
f 2325/2706/2463 2340/2721/2463 2341/2722/2463
f 2345/2726/2465 2360/2741/2465 2361/2742/2465
f 2338/2719/2466 2353/2734/2466 2354/2735/2466
f 2347/2728/2467 2346/2727/2467 2361/2742/2467
f 2340/2721/2468 2339/2720/2468 2354/2735/2468
f 2347/2728/2469 2362/2743/2469 2363/2744/2469
f 2341/2722/2470 2340/2721/2470 2355/2736/2470
f 2341/2722/2473 2356/2737/2473 2357/2738/2473
f 2334/2715/2474 2349/2730/2474 2350/2731/2474
f 2342/2723/3716 2357/2738/3716 2358/2739/3716
f 2336/2717/2476 2335/2716/2476 2350/2731/2476
f 2344/2725/2477 2343/2724/2477 2358/2739/2477
f 2336/2717/2478 2351/2732/2478 2352/2733/2478
f 2344/2725/2479 2359/2740/2479 2360/2741/2479
f 2337/2718/2480 2352/2733/2480 2353/2734/2480
f 2349/2730/3717 2365/2777/3717 2366/2778/3717
f 2357/2738/2482 2373/2785/2482 2374/2786/2482
f 2350/2731/2483 2366/2778/2483 2367/2779/2483
f 2359/2740/2484 2358/2739/2484 2374/2786/2484
f 2351/2732/2485 2367/2779/2485 2368/2780/2485
f 2359/2740/2486 2375/2787/2486 2376/2788/2486
f 2353/2734/2487 2352/2733/2487 2368/2780/2487
f 2360/2741/3718 2376/2788/3718 2377/2789/3718
f 2353/2734/2489 2369/2781/2489 2370/2782/2489
f 2362/2743/2490 2361/2742/2490 2377/2789/2490
f 2355/2736/2491 2354/2735/2491 2370/2782/2491
f 2362/2743/2492 2378/2790/2492 2379/2791/2492
f 2356/2737/2493 2355/2736/2493 2371/2783/2493
f 2356/2737/2496 2372/2784/2496 2373/2785/2496
f 2369/2781/2497 2384/2796/2497 2385/2797/2497
f 2378/2790/2498 2377/2789/2498 2392/2804/2498
f 2371/2783/2499 2370/2782/2499 2385/2797/2499
f 2378/2790/2500 2393/2805/2500 2394/2806/2500
f 2372/2784/2501 2371/2783/2501 2386/2798/2501
f 2373/2785/2504 2372/2784/2504 2387/2799/2504
f 2366/2778/2505 2365/2777/2505 2380/2792/2505
f 2373/2785/2506 2388/2800/2506 2389/2801/2506
f 2366/2778/2507 2381/2793/2507 2382/2794/2507
f 2374/2786/2508 2389/2801/2508 2390/2802/2508
f 2367/2779/2509 2382/2794/2509 2383/2795/2509
f 2375/2787/2510 2390/2802/2510 2391/2803/2510
f 2368/2780/2511 2383/2795/2511 2384/2796/2511
f 2377/2789/2512 2376/2788/2512 2391/2803/2512
f 2388/2800/2513 2403/2815/2513 2404/2816/2513
f 2381/2793/2514 2396/2808/2514 2397/2809/2514
f 2390/2802/2515 2389/2801/2515 2404/2816/2515
f 2382/2794/2516 2397/2809/2516 2398/2810/2516
f 2391/2803/2517 2390/2802/2517 2405/2817/2517
f 2383/2795/2518 2398/2810/2518 2399/2811/2518
f 2392/2804/2519 2391/2803/2519 2406/2818/2519
f 2384/2796/2520 2399/2811/2520 2400/2812/2520
f 2393/2805/2521 2392/2804/2521 2407/2819/2521
f 2385/2797/2522 2400/2812/2522 2401/2813/2522
f 2393/2805/2523 2408/2820/2523 2409/2821/2523
f 2387/2799/2524 2386/2798/2524 2401/2813/2524
f 2387/2799/2527 2402/2814/2527 2403/2815/2527
f 2380/2792/2528 2395/2807/2528 2396/2808/2528
f 2408/2820/2529 2407/2819/2529 2422/2834/2529
f 2401/2813/2530 2400/2812/2530 2415/2827/2530
f 2409/2821/2531 2408/2820/2531 2423/2835/2531
f 2401/2813/2532 2416/2828/2532 2417/2829/2532
f 2403/2815/2535 2402/2814/2535 2417/2829/2535
f 2396/2808/2536 2395/2807/2536 2410/2822/2536
f 2404/2816/2537 2403/2815/2537 2418/2830/2537
f 2397/2809/2538 2396/2808/2538 2411/2823/2538
f 2405/2817/2539 2404/2816/2539 2419/2831/2539
f 2398/2810/2540 2397/2809/2540 2412/2824/2540
f 2405/2817/2541 2420/2832/2541 2421/2833/2541
f 2399/2811/2542 2398/2810/2542 2413/2825/2542
f 2406/2818/2543 2421/2833/2543 2422/2834/2543
f 2399/2811/2544 2414/2826/2544 2415/2827/2544
f 2412/2824/2545 2411/2823/2545 2426/2838/2545
f 2420/2832/2546 2419/2831/2546 2434/2846/2546
f 2412/2824/2547 2427/2839/2547 2428/2840/2547
f 2420/2832/2548 2435/2847/2548 2436/2848/2548
f 2414/2826/2549 2413/2825/2549 2428/2840/2549
f 2421/2833/2550 2436/2848/2550 2437/2849/2550
f 2414/2826/2551 2429/2841/2551 2430/2842/2551
f 2423/2835/2552 2422/2834/2552 2437/2849/2552
f 2416/2828/2553 2415/2827/2553 2430/2842/2553
f 2424/2836/2554 2423/2835/2554 2438/2850/2554
f 2416/2828/2555 2431/2843/2555 2432/2844/2555
f 2417/2829/2558 2432/2844/2558 2433/2845/2558
f 2410/2822/2559 2425/2837/2559 2426/2838/2559
f 2418/2830/2560 2433/2845/2560 2434/2846/2560
f 2430/2842/2561 2445/2857/2561 2446/2858/2561
f 2439/2851/2562 2438/2850/2562 2453/2865/2562
f 2432/2844/2563 2431/2843/2563 2446/2858/2563
f 2432/2844/2566 2447/2859/2566 2448/2860/2566
f 2425/2837/2567 2440/2852/2567 2441/2853/2567
f 2433/2845/2568 2448/2860/2568 2449/2861/2568
f 2426/2838/3719 2441/2853/3719 2442/2854/3719
f 2435/2847/2570 2434/2846/2570 2449/2861/2570
f 2428/2840/2571 2427/2839/2571 2442/2854/2571
f 2436/2848/2572 2435/2847/2572 2450/2862/2572
f 2429/2841/2573 2428/2840/2573 2443/2855/2573
f 2437/2849/2574 2436/2848/2574 2451/2863/2574
f 2429/2841/2575 2444/2856/2575 2445/2857/2575
f 2438/2850/2576 2437/2849/2576 2452/2864/2576
f 2450/2862/2577 2449/2861/2577 2464/2876/2577
f 2442/2854/2578 2457/2869/2578 2458/2870/2578
f 2450/2862/2579 2465/2877/2579 2466/2878/2579
f 2444/2856/2580 2443/2855/2580 2458/2870/2580
f 2451/2863/2581 2466/2878/2581 2467/2879/2581
f 2444/2856/2582 2459/2871/2582 2460/2872/2582
f 2452/2864/2583 2467/2879/2583 2468/2880/2583
f 2446/2858/2584 2445/2857/2584 2460/2872/2584
f 2453/2865/2585 2468/2880/2585 2469/2881/2585
f 2446/2858/2586 2461/2873/2586 2462/2874/2586
f 2447/2859/2589 2462/2874/2589 2463/2875/2589
f 2440/2852/3720 2455/2867/3720 2456/2868/3720
f 2448/2860/2591 2463/2875/2591 2464/2876/2591
f 2442/2854/2592 2441/2853/2592 2456/2868/2592
f 2468/2880/2593 2483/2895/2593 2484/2896/2593
f 2462/2874/2594 2461/2873/2594 2476/2888/2594
f 2463/2875/2597 2462/2874/2597 2477/2889/2597
f 2455/2867/2598 2470/2882/2598 2471/2883/2598
f 2464/2876/2599 2463/2875/2599 2478/2890/2599
f 2456/2868/2600 2471/2883/2600 2472/2884/2600
f 2465/2877/2601 2464/2876/2601 2479/2891/2601
f 2458/2870/2602 2457/2869/2602 2472/2884/2602
f 2466/2878/2603 2465/2877/2603 2480/2892/2603
f 2459/2871/2604 2458/2870/2604 2473/2885/2604
f 2467/2879/2605 2466/2878/2605 2481/2893/2605
f 2459/2871/2606 2474/2886/2606 2475/2887/2606
f 2468/2880/2607 2467/2879/2607 2482/2894/2607
f 2461/2873/2608 2460/2872/2608 2475/2887/2608
f 2480/2892/2609 2495/2907/2609 2496/2908/2609
f 2473/2885/2610 2488/2900/2610 2489/2901/2610
f 2481/2893/3721 2496/2908/3721 2497/2909/3721
f 2474/2886/2612 2489/2901/2612 2490/2902/2612
f 2482/2894/2613 2497/2909/2613 2498/2910/2613
f 2476/2888/2614 2475/2887/2614 2490/2902/2614
f 2483/2895/2615 2498/2910/2615 2499/2911/2615
f 2477/2889/2616 2476/2888/2616 2491/2903/2616
f 2477/2889/2619 2492/2904/2619 2493/2905/2619
f 2470/2882/2620 2485/2897/2620 2486/2898/2620
f 2478/2890/2621 2493/2905/2621 2494/2906/2621
f 2471/2883/2622 2486/2898/2622 2487/2899/2622
f 2479/2891/2623 2494/2906/2623 2495/2907/2623
f 2473/2885/2624 2472/2884/2624 2487/2899/2624
f 2492/2904/2627 2507/2919/2627 2508/2920/2627
f 2485/2897/2628 2500/2912/2628 2501/2913/2628
f 2493/2905/2629 2508/2920/2629 2509/2921/2629
f 2487/2899/2630 2486/2898/2630 2501/2913/2630
f 2495/2907/2631 2494/2906/2631 2509/2921/2631
f 2487/2899/2632 2502/2914/2632 2503/2915/2632
f 2496/2908/2633 2495/2907/2633 2510/2922/2633
f 2488/2900/2634 2503/2915/2634 2504/2916/2634
f 2497/2909/2635 2496/2908/2635 2511/2923/2635
f 2489/2901/2636 2504/2916/2636 2505/2917/2636
f 2498/2910/2637 2497/2909/2637 2512/2924/2637
f 2491/2903/2638 2490/2902/2638 2505/2917/2638
f 2498/2910/2639 2513/2925/2639 2514/2926/2639
f 2491/2903/2640 2506/2918/2640 2507/2919/2640
f 2504/2916/2641 2503/2915/2641 2518/2930/2641
f 2512/2924/2642 2511/2923/2642 2526/2938/2642
f 2504/2916/2643 2519/2931/2643 2520/2932/2643
f 2512/2924/2644 2527/2939/2644 2528/2940/2644
f 2506/2918/2645 2505/2917/2645 2520/2932/2645
f 2514/2926/2646 2513/2925/2646 2528/2940/2646
f 2507/2919/2647 2506/2918/2647 2521/2933/2647
f 2508/2920/2650 2507/2919/2650 2522/2934/2650
f 2500/2912/2651 2515/2927/2651 2516/2928/2651
f 2508/2920/2652 2523/2935/2652 2524/2936/2652
f 2501/2913/2653 2516/2928/2653 2517/2929/2653
f 2510/2922/2654 2509/2921/2654 2524/2936/2654
f 2502/2914/2655 2517/2929/2655 2518/2930/2655
f 2510/2922/2656 2525/2937/2656 2526/2938/2656
f 2522/2934/2657 2537/2949/2657 2538/2950/2657
f 2516/2928/2658 2515/2927/2658 2530/2942/2658
f 2523/2935/2659 2538/2950/2659 2539/2951/2659
f 2517/2929/2660 2516/2928/2660 2531/2943/2660
f 2525/2937/2661 2524/2936/2661 2539/2951/2661
f 2518/2930/2662 2517/2929/2662 2532/2944/2662
f 2525/2937/2663 2540/2952/2663 2541/2953/2663
f 2519/2931/2664 2518/2930/2664 2533/2945/2664
f 2527/2939/2665 2526/2938/2665 2541/2953/2665
f 2519/2931/2666 2534/2946/2666 2535/2947/2666
f 2528/2940/2667 2527/2939/2667 2542/2954/2667
f 2521/2933/2668 2520/2932/2668 2535/2947/2668
f 2528/2940/2669 2543/2955/2669 2544/2956/2669
f 2522/2934/2670 2521/2933/2670 2536/2948/2670
f 2542/2954/2673 2541/2953/2673 2556/2968/2673
f 2534/2946/2674 2549/2961/2674 2550/2962/2674
f 2542/2954/2675 2557/2969/2675 2558/2970/2675
f 2535/2947/2676 2550/2962/2676 2551/2963/2676
f 2544/2956/2677 2543/2955/2677 2558/2970/2677
f 2537/2949/2678 2536/2948/2678 2551/2963/2678
f 2537/2949/2681 2552/2964/2681 2553/2965/2681
f 2530/2942/2682 2545/2957/2682 2546/2958/2682
f 2538/2950/2683 2553/2965/2683 2554/2966/2683
f 2531/2943/2684 2546/2958/2684 2547/2959/2684
f 2539/2951/2685 2554/2966/2685 2555/2967/2685
f 2532/2944/2686 2547/2959/2686 2548/2960/2686
f 2540/2952/2687 2555/2967/2687 2556/2968/2687
f 2533/2945/2688 2548/2960/2688 2549/2961/2688
f 2546/2958/2689 2545/2957/2689 2560/2972/2689
f 2554/2966/2690 2553/2965/2690 2568/2980/2690
f 2547/2959/2691 2546/2958/2691 2561/2973/2691
f 2555/2967/2692 2554/2966/2692 2569/2981/2692
f 2547/2959/2693 2562/2974/2693 2563/2975/2693
f 2556/2968/2694 2555/2967/2694 2570/2982/2694
f 2549/2961/2695 2548/2960/2695 2563/2975/2695
f 2557/2969/2696 2556/2968/2696 2571/2983/2696
f 2549/2961/2697 2564/2976/2697 2565/2977/2697
f 2558/2970/2698 2557/2969/2698 2572/2984/2698
f 2551/2963/2699 2550/2962/2699 2565/2977/2699
f 2559/2971/2700 2558/2970/2700 2573/2985/2700
f 2552/2964/2701 2551/2963/2701 2566/2978/2701
f 2552/2964/2704 2567/2979/2704 2568/2980/2704
f 2564/2976/2705 2579/2991/2705 2580/2992/2705
f 2572/2984/2706 2587/2999/2706 2588/3000/2706
f 2566/2978/2707 2565/2977/2707 2580/2992/2707
f 2573/2985/2708 2588/3000/2708 2589/3001/2708
f 2567/2979/2709 2566/2978/2709 2581/2993/2709
f 2567/2979/2712 2582/2994/2712 2583/2995/2712
f 2561/2973/2713 2560/2972/2713 2575/2987/2713
f 2568/2980/2714 2583/2995/2714 2584/2996/2714
f 2562/2974/2715 2561/2973/2715 2576/2988/2715
f 2569/2981/2716 2584/2996/2716 2585/2997/2716
f 2563/2975/2717 2562/2974/2717 2577/2989/2717
f 2570/2982/2718 2585/2997/2718 2586/2998/2718
f 2564/2976/2719 2563/2975/2719 2578/2990/2719
f 2572/2984/2720 2571/2983/2720 2586/2998/2720
f 2583/2995/2721 2599/3042/2721 2600/3043/2721
f 2576/2988/2722 2592/3035/2722 2593/3036/2722
f 2584/2996/2723 2600/3043/2723 2601/3044/2723
f 2577/2989/2724 2593/3036/2724 2594/3037/2724
f 2586/2998/2725 2585/2997/2725 2601/3044/2725
f 2579/2991/2726 2578/2990/2726 2594/3037/2726
f 2587/2999/2727 2586/2998/2727 2602/3045/2727
f 2580/2992/2728 2579/2991/2728 2595/3038/2728
f 2587/2999/2729 2603/3046/2729 2604/3047/2729
f 2581/2993/2730 2580/2992/2730 2596/3039/2730
f 2589/3001/2731 2588/3000/2731 2604/3047/2731
f 2581/2993/2732 2597/3040/2732 2598/3041/2732
f 2582/2994/2735 2598/3041/2735 2599/3042/2735
f 2575/2987/2736 2591/3034/2736 2592/3035/2736
f 2603/3046/3722 2618/3061/3722 2619/3062/3722
f 2597/3040/2738 2596/3039/2738 2611/3054/2738
f 2605/3048/2739 2604/3047/2739 2619/3062/2739
f 2598/3041/2740 2597/3040/2740 2612/3055/2740
f 2598/3041/2743 2613/3056/2743 2614/3057/2743
f 2592/3035/2744 2591/3034/2744 2606/3049/2744
f 2599/3042/2745 2614/3057/2745 2615/3058/2745
f 2593/3036/2746 2592/3035/2746 2607/3050/2746
f 2601/3044/2747 2600/3043/2747 2615/3058/2747
f 2593/3036/2748 2608/3051/2748 2609/3052/2748
f 2601/3044/2749 2616/3059/2749 2617/3060/2749
f 2594/3037/2750 2609/3052/2750 2610/3053/2750
f 2602/3045/2751 2617/3060/2751 2618/3061/2751
f 2596/3039/2752 2595/3038/2752 2610/3053/2752
f 2616/3059/2753 2615/3058/2753 2630/3073/2753
f 2608/3051/2754 2623/3066/2754 2624/3067/2754
f 2617/3060/2755 2616/3059/2755 2631/3074/2755
f 2610/3053/2756 2609/3052/2756 2624/3067/2756
f 2618/3061/2757 2617/3060/2757 2632/3075/2757
f 2610/3053/2758 2625/3068/2758 2626/3069/2758
f 2619/3062/2759 2618/3061/2759 2633/3076/2759
f 2612/3055/2760 2611/3054/2760 2626/3069/2760
f 2620/3063/2761 2619/3062/2761 2634/3077/2761
f 2613/3056/2762 2612/3055/2762 2627/3070/2762
f 2613/3056/2765 2628/3071/2765 2629/3072/2765
f 2606/3049/2766 2621/3064/2766 2622/3065/2766
f 2614/3057/2767 2629/3072/2767 2630/3073/2767
f 2607/3050/2768 2622/3065/2768 2623/3066/2768
f 2634/3077/2769 2649/3105/2769 2650/3107/2769
f 2627/3070/2770 2642/3091/2770 2643/3093/2770
f 2628/3071/2773 2643/3093/2773 2644/3095/2773
f 2622/3065/2774 2621/3064/2774 2636/3079/2774
f 2629/3072/2775 2644/3095/2775 2645/3097/2775
f 2623/3066/2776 2622/3065/2776 2637/3081/2776
f 2630/3073/2777 2645/3097/2777 2646/3099/2777
f 2623/3066/2778 2638/3083/2778 2639/3085/2778
f 2631/3074/2779 2646/3099/2779 2647/3101/2779
f 2625/3068/2780 2624/3067/2780 2639/3085/2780
f 2632/3075/2781 2647/3101/2781 2648/3103/2781
f 2625/3068/2782 2640/3087/2782 2641/3089/2782
f 2633/3076/2783 2648/3103/2783 2649/3105/2783
f 2627/3070/2784 2626/3069/2784 2641/3089/2784
f 2638/3084/2785 2653/3111/2785 2654/3112/2785
f 2647/3102/2786 2646/3100/2786 2661/3119/2786
f 2639/3086/2787 2654/3112/2787 2655/3113/2787
f 2648/3104/2788 2647/3102/2788 2662/3120/2788
f 2640/3088/2789 2655/3113/2789 2656/3114/2789
f 2648/3104/2790 2663/3121/2790 2664/3122/2790
f 2642/3092/2791 2641/3090/2791 2656/3114/2791
f 2650/3108/2792 2649/3106/2792 2664/3122/2792
f 2643/3094/2793 2642/3092/2793 2657/3115/2793
f 2643/3094/2796 2658/3116/2796 2659/3117/2796
f 2636/3080/2797 2651/3109/2797 2652/3110/2797
f 2645/3098/2798 2644/3096/2798 2659/3117/2798
f 2638/3084/2799 2637/3082/2799 2652/3110/2799
f 2646/3100/2800 2645/3098/2800 2660/3118/2800
f 2658/3116/2801 2657/3115/2801 2672/3130/2801
f 2658/3116/2804 2673/3131/2804 2674/3132/2804
f 2652/3110/2805 2651/3109/2805 2666/3124/2805
f 2659/3117/2806 2674/3132/2806 2675/3133/2806
f 2652/3110/2807 2667/3125/2807 2668/3126/2807
f 2661/3119/2808 2660/3118/2808 2675/3133/2808
f 2653/3111/2809 2668/3126/2809 2669/3127/2809
f 2662/3120/2810 2661/3119/2810 2676/3134/2810
f 2655/3113/2811 2654/3112/2811 2669/3127/2811
f 2663/3121/2812 2662/3120/2812 2677/3135/2812
f 2655/3113/2813 2670/3128/2813 2671/3129/2813
f 2664/3122/2814 2663/3121/2814 2678/3136/2814
f 2657/3115/2815 2656/3114/2815 2671/3129/2815
f 2665/3123/2816 2664/3122/2816 2679/3137/2816
f 2676/3134/2817 2691/3149/2817 2692/3150/2817
f 2670/3128/2818 2669/3127/2818 2684/3142/2818
f 2678/3136/2819 2677/3135/2819 2692/3150/2819
f 2670/3128/2820 2685/3143/2820 2686/3144/2820
f 2678/3136/2821 2693/3151/2821 2694/3152/2821
f 2672/3130/2822 2671/3129/2822 2686/3144/2822
f 2680/3138/2823 2679/3137/2823 2694/3152/2823
f 2673/3131/2824 2672/3130/2824 2687/3145/2824
f 2673/3131/2827 2688/3146/2827 2689/3147/2827
f 2667/3125/3723 2666/3124/3723 2681/3139/3723
f 2674/3132/2829 2689/3147/2829 2690/3148/2829
f 2667/3125/2830 2682/3140/2830 2683/3141/2830
f 2675/3133/2831 2690/3148/2831 2691/3149/2831
f 2668/3126/2832 2683/3141/2832 2684/3142/2832
f 2688/3146/2835 2703/3161/2835 2704/3162/2835
f 2681/3139/2836 2696/3154/2836 2697/3155/2836
f 2690/3148/2837 2689/3147/2837 2704/3162/2837
f 2683/3141/2838 2682/3140/2838 2697/3155/2838
f 2690/3148/2839 2705/3163/2839 2706/3164/2839
f 2683/3141/2840 2698/3156/2840 2699/3157/2840
f 2691/3149/2841 2706/3164/2841 2707/3165/2841
f 2684/3142/2842 2699/3157/2842 2700/3158/2842
f 2693/3151/2843 2692/3150/2843 2707/3165/2843
f 2685/3143/2844 2700/3158/2844 2701/3159/2844
f 2693/3151/2845 2708/3166/2845 2709/3167/2845
f 2687/3145/2846 2686/3144/2846 2701/3159/2846
f 2694/3152/2847 2709/3167/2847 2710/3168/2847
f 2688/3146/2848 2687/3145/2848 2702/3160/2848
f 2700/3158/2849 2699/3157/2849 2714/3172/2849
f 2708/3166/2850 2707/3165/2850 2722/3180/2850
f 2700/3158/2851 2715/3173/2851 2716/3174/2851
f 2708/3166/3724 2723/3181/3724 2724/3182/3724
f 2702/3160/2853 2701/3159/2853 2716/3174/2853
f 2710/3168/2854 2709/3167/2854 2724/3182/2854
f 2703/3161/2855 2702/3160/2855 2717/3175/2855
f 2704/3162/2858 2703/3161/2858 2718/3176/2858
f 2697/3155/2859 2696/3154/2859 2711/3169/2859
f 2704/3162/2860 2719/3177/2860 2720/3178/2860
f 2698/3156/2861 2697/3155/2861 2712/3170/2861
f 2705/3163/2862 2720/3178/2862 2721/3179/2862
f 2698/3156/2863 2713/3171/2863 2714/3172/2863
f 2706/3164/2864 2721/3179/2864 2722/3180/2864
f 2719/3177/2865 2718/3176/2865 2733/3191/2865
f 2712/3170/2866 2711/3169/2866 2726/3184/2866
f 2719/3177/2867 2734/3192/2867 2735/3193/2867
f 2713/3171/2868 2712/3170/2868 2727/3185/2868
f 2721/3179/2869 2720/3178/2869 2735/3193/2869
f 2714/3172/2870 2713/3171/2870 2728/3186/2870
f 2722/3180/2871 2721/3179/2871 2736/3194/2871
f 2714/3172/3725 2729/3187/3725 2730/3188/3725
f 2723/3181/2873 2722/3180/2873 2737/3195/2873
f 2715/3173/2874 2730/3188/2874 2731/3189/2874
f 2723/3181/2875 2738/3196/2875 2739/3197/2875
f 2717/3175/3726 2716/3174/3726 2731/3189/3726
f 2724/3182/2877 2739/3197/2877 2740/3198/2877
f 2718/3176/2878 2717/3175/2878 2732/3190/2878
f 2737/3195/2881 2752/3210/2881 2753/3211/2881
f 2730/3188/2882 2745/3203/2882 2746/3204/2882
f 2739/3197/2883 2738/3196/2883 2753/3211/2883
f 2732/3190/2884 2731/3189/2884 2746/3204/2884
f 2740/3198/2885 2739/3197/2885 2754/3212/2885
f 2733/3191/2886 2732/3190/2886 2747/3205/2886
f 2734/3192/2889 2733/3191/2889 2748/3206/2889
f 2726/3184/2890 2741/3199/2890 2742/3200/2890
f 2734/3192/2891 2749/3207/2891 2750/3208/2891
f 2728/3186/2892 2727/3185/2892 2742/3200/2892
f 2735/3193/2893 2750/3208/2893 2751/3209/2893
f 2728/3186/2894 2743/3201/2894 2744/3202/2894
f 2736/3194/2895 2751/3209/2895 2752/3210/2895
f 2729/3187/2896 2744/3202/2896 2745/3203/2896
f 2749/3207/2897 2287/2668/2897 2760/3218/2897
f 2743/3201/2898 2742/3200/2898 2757/3215/2898
f 2751/3209/2899 2750/3208/2899 2760/3218/2899
f 2744/3202/2900 2743/3201/2900 2283/2664/2900
f 2752/3210/2901 2751/3209/2901 2288/2669/2901
f 2745/3203/2902 2744/3202/2902 2758/3216/2902
f 2753/3211/2903 2752/3210/2903 2761/3219/2903
f 2746/3204/2904 2745/3203/2904 2284/2665/2904
f 2753/3211/2905 2762/3220/2905 2763/3221/2905
f 2747/3205/2906 2746/3204/2906 2759/3217/2906
f 2755/3213/2907 2754/3212/2907 2763/3221/2907
f 2748/3206/2908 2747/3205/2908 2285/2666/2908
f 2748/3206/2911 2286/2667/2911 2287/2668/2911
f 2742/3200/2912 2741/3199/2912 2756/3214/2912
f 3238/3773/2913 2771/3229/2913 2772/3230/2913
f 2769/3227/2914 2779/3237/2914 2780/3238/2914
f 2765/3223/2915 3239/3774/2915 2772/3230/2915
f 3242/3777/2916 2780/3238/2916 2781/3239/2916
f 3240/3775/2917 2765/3223/2917 2773/3231/2917
f 2770/3228/2918 2781/3239/2918 2782/3240/2918
f 3240/3775/2919 2774/3232/2919 2775/3233/2919
f 3243/3778/2920 2782/3240/2920 2783/3241/2920
f 3241/3776/2921 2766/3224/2921 2775/3233/2921
f 3244/3779/2922 2783/3241/2922 2784/3242/2922
f 2767/3225/3727 3241/3776/3727 2776/3234/3727
f 3245/3780/2924 2784/3242/2924 2785/3243/2924
f 2767/3225/2925 2777/3235/2925 2778/3236/2925
f 2768/3226/2928 2778/3236/2928 2779/3237/2928
f 2777/3235/2929 2792/3250/2929 2793/3251/2929
f 2779/3237/2932 2778/3236/2932 2793/3251/2932
f 2772/3230/2933 2771/3229/2933 2786/3244/2933
f 2780/3238/2934 2779/3237/2934 2794/3252/2934
f 2772/3230/2935 2787/3245/2935 2788/3246/2935
f 2781/3239/2936 2780/3238/2936 2795/3253/2936
f 2773/3231/2937 2788/3246/2937 2789/3247/2937
f 2782/3240/2938 2781/3239/2938 2796/3254/2938
f 2775/3233/2939 2774/3232/2939 2789/3247/2939
f 2783/3241/2940 2782/3240/2940 2797/3255/2940
f 2775/3233/2941 2790/3248/2941 2791/3249/2941
f 2784/3242/2942 2783/3241/2942 2798/3256/2942
f 2777/3235/2943 2776/3234/2943 2791/3249/2943
f 2785/3243/2944 2784/3242/2944 2799/3257/2944
f 2796/3254/2945 2811/3269/2945 2812/3270/2945
f 2790/3248/2946 2789/3247/2946 2804/3262/2946
f 2798/3256/2947 2797/3255/2947 2812/3270/2947
f 2790/3248/2948 2805/3263/2948 2806/3264/2948
f 2799/3257/2949 2798/3256/2949 2813/3271/2949
f 2791/3249/2950 2806/3264/2950 2807/3265/2950
f 2800/3258/2951 2799/3257/2951 2814/3272/2951
f 2793/3251/2952 2792/3250/2952 2807/3265/2952
f 2793/3251/2955 2808/3266/2955 2809/3267/2955
f 2786/3244/2956 2801/3259/2956 2802/3260/2956
f 2794/3252/2957 2809/3267/2957 2810/3268/2957
f 2788/3246/2958 2787/3245/2958 2802/3260/2958
f 2795/3253/2959 2810/3268/2959 2811/3269/2959
f 2788/3246/2960 2803/3261/2960 2804/3262/2960
f 2808/3266/2962 2823/3281/2962 2824/3282/2962
f 2802/3260/2963 2801/3259/2963 2816/3274/2963
f 2809/3267/2964 2824/3282/2964 2825/3283/2964
f 2802/3260/2965 2817/3275/2965 2818/3276/2965
f 2811/3269/2966 2810/3268/2966 2825/3283/2966
f 2804/3262/2967 2803/3261/2967 2818/3276/2967
f 2811/3269/2968 2826/3284/2968 2827/3285/2968
f 2805/3263/2969 2804/3262/2969 2819/3277/2969
f 2812/3270/2970 2827/3285/2970 2828/3286/2970
f 2806/3264/2971 2805/3263/2971 2820/3278/2971
f 2813/3271/3728 2828/3286/3728 2829/3287/3728
f 2807/3265/2973 2806/3264/2973 2821/3279/2973
f 2814/3272/2974 2829/3287/2974 2830/3288/2974
f 2807/3265/2975 2822/3280/2975 2823/3281/2975
f 2827/3285/2977 2842/3300/2977 2843/3301/2977
f 2820/3278/2978 2835/3293/2978 2836/3294/2978
f 2829/3287/2979 2828/3286/2979 2843/3301/2979
f 2822/3280/2980 2821/3279/2980 2836/3294/2980
f 2830/3288/2981 2829/3287/2981 2844/3302/2981
f 2822/3280/2982 2837/3295/2982 2838/3296/2982
f 2823/3281/2985 2838/3296/2985 2839/3297/2985
f 2816/3274/2986 2831/3289/2986 2832/3290/2986
f 2824/3282/2987 2839/3297/2987 2840/3298/2987
f 2818/3276/2988 2817/3275/2988 2832/3290/2988
f 2826/3284/2989 2825/3283/2989 2840/3298/2989
f 2818/3276/2990 2833/3291/2990 2834/3292/2990
f 2826/3284/2991 2841/3299/2991 2842/3300/2991
f 2819/3277/2992 2834/3292/2992 2835/3293/2992
f 2831/3289/3729 2847/3336/3729 2848/3337/3729
f 2839/3297/2994 2855/3344/2994 2856/3345/2994
f 2833/3291/2995 2832/3290/2995 2848/3337/2995
f 2841/3299/2996 2840/3298/2996 2856/3345/2996
f 2834/3292/2997 2833/3291/2997 2849/3338/2997
f 2841/3299/2998 2857/3346/2998 2858/3347/2998
f 2835/3293/2999 2834/3292/2999 2850/3339/2999
f 2842/3300/3000 2858/3347/3000 2859/3348/3000
f 2835/3293/3001 2851/3340/3001 2852/3341/3001
f 2843/3301/3002 2859/3348/3002 2860/3349/3002
f 2837/3295/3003 2836/3294/3003 2852/3341/3003
f 2845/3303/3730 2844/3302/3730 2860/3349/3730
f 2838/3296/3005 2837/3295/3005 2853/3342/3005
f 2838/3296/3008 2854/3343/3008 2855/3344/3008
f 2851/3340/3009 2866/3355/3009 2867/3356/3009
f 2860/3349/3010 2859/3348/3010 2874/3363/3010
f 2853/3342/3731 2852/3341/3731 2867/3356/3731
f 2860/3349/3012 2875/3364/3012 2876/3365/3012
f 2853/3342/3013 2868/3357/3013 2869/3358/3013
f 2854/3343/3016 2869/3358/3016 2870/3359/3016
f 2848/3337/3017 2847/3336/3017 2862/3351/3017
f 2856/3345/3018 2855/3344/3018 2870/3359/3018
f 2848/3337/3019 2863/3352/3019 2864/3353/3019
f 2857/3346/3020 2856/3345/3020 2871/3360/3020
f 2849/3338/3021 2864/3353/3021 2865/3354/3021
f 2857/3346/3022 2872/3361/3022 2873/3362/3022
f 2851/3340/3023 2850/3339/3023 2865/3354/3023
f 2859/3348/3024 2858/3347/3024 2873/3362/3024
f 2870/3359/3025 2885/3374/3025 2886/3375/3025
f 2863/3352/3026 2878/3367/3026 2879/3368/3026
f 2871/3360/3027 2886/3375/3027 2887/3376/3027
f 2864/3353/3028 2879/3368/3028 2880/3369/3028
f 2873/3362/3029 2872/3361/3029 2887/3376/3029
f 2866/3355/3030 2865/3354/3030 2880/3369/3030
f 2874/3363/3031 2873/3362/3031 2888/3377/3031
f 2866/3355/3032 2881/3370/3032 2882/3371/3032
f 2875/3364/3033 2874/3363/3033 2889/3378/3033
f 2867/3356/3034 2882/3371/3034 2883/3372/3034
f 2875/3364/3035 2890/3379/3035 2891/3380/3035
f 2869/3358/3036 2868/3357/3036 2883/3372/3036
f 2869/3358/3039 2884/3373/3039 2885/3374/3039
f 2862/3351/3040 2877/3366/3040 2878/3367/3040
f 2890/3379/3041 2889/3378/3041 2904/3393/3041
f 2883/3372/3042 2882/3371/3042 2897/3386/3042
f 2891/3380/3043 2890/3379/3043 2905/3394/3043
f 2884/3373/3044 2883/3372/3044 2898/3387/3044
f 2885/3374/3047 2884/3373/3047 2899/3388/3047
f 2877/3366/3048 2892/3381/3048 2893/3382/3048
f 2885/3374/3049 2900/3389/3049 2901/3390/3049
f 2879/3368/3050 2878/3367/3050 2893/3382/3050
f 2887/3376/3051 2886/3375/3051 2901/3390/3051
f 2880/3369/3052 2879/3368/3052 2894/3383/3052
f 2887/3376/3053 2902/3391/3053 2903/3392/3053
f 2880/3369/3054 2895/3384/3054 2896/3385/3054
f 2888/3377/3055 2903/3392/3055 2904/3393/3055
f 2881/3370/3056 2896/3385/3056 2897/3386/3056
f 2893/3382/3057 2908/3397/3057 2909/3398/3057
f 2902/3391/3058 2901/3390/3058 2916/3405/3058
f 2894/3383/3059 2909/3398/3059 2910/3399/3059
f 2902/3391/3060 2917/3406/3060 2918/3407/3060
f 2896/3385/3061 2895/3384/3061 2910/3399/3061
f 2903/3392/3062 2918/3407/3062 2919/3408/3062
f 2896/3385/3063 2911/3400/3063 2912/3401/3063
f 2905/3394/3064 2904/3393/3064 2919/3408/3064
f 2898/3387/3065 2897/3386/3065 2912/3401/3065
f 2906/3395/3066 2905/3394/3066 2920/3409/3066
f 2899/3388/3067 2898/3387/3067 2913/3402/3067
f 2900/3389/3070 2899/3388/3070 2914/3403/3070
f 2892/3381/3071 2907/3396/3071 2908/3397/3071
f 2900/3389/3072 2915/3404/3072 2916/3405/3072
f 2913/3402/3073 2912/3401/3073 2927/3416/3073
f 2921/3410/3074 2920/3409/3074 2935/3424/3074
f 2914/3403/3075 2913/3402/3075 2928/3417/3075
f 2914/3403/3078 2929/3418/3078 2930/3419/3078
f 2907/3396/3079 2922/3411/3079 2923/3412/3079
f 2915/3404/3080 2930/3419/3080 2931/3420/3080
f 2909/3398/3081 2908/3397/3081 2923/3412/3081
f 2917/3406/3082 2916/3405/3082 2931/3420/3082
f 2910/3399/3083 2909/3398/3083 2924/3413/3083
f 2918/3407/3084 2917/3406/3084 2932/3421/3084
f 2911/3400/3085 2910/3399/3085 2925/3414/3085
f 2919/3408/3086 2918/3407/3086 2933/3422/3086
f 2911/3400/3087 2926/3415/3087 2927/3416/3087
f 2920/3409/3088 2919/3408/3088 2934/3423/3088
f 2932/3421/3089 2931/3420/3089 2946/3435/3089
f 2924/3413/3090 2939/3428/3090 2940/3429/3090
f 2932/3421/3091 2947/3436/3091 2948/3437/3091
f 2926/3415/3092 2925/3414/3092 2940/3429/3092
f 2933/3422/3093 2948/3437/3093 2949/3438/3093
f 2926/3415/3094 2941/3430/3094 2942/3431/3094
f 2934/3423/3095 2949/3438/3095 2950/3439/3095
f 2928/3417/3096 2927/3416/3096 2942/3431/3096
f 2935/3424/3097 2950/3439/3097 2951/3440/3097
f 2928/3417/3098 2943/3432/3098 2944/3433/3098
f 2929/3418/3101 2944/3433/3101 2945/3434/3101
f 2923/3412/3102 2922/3411/3102 2937/3426/3102
f 2930/3419/3103 2945/3434/3103 2946/3435/3103
f 2924/3413/3104 2923/3412/3104 2938/3427/3104
f 2950/3439/3105 2965/3454/3105 2966/3455/3105
f 2943/3432/3106 2958/3447/3106 2959/3448/3106
f 2945/3434/3109 2944/3433/3109 2959/3448/3109
f 2937/3426/3110 2952/3441/3110 2953/3442/3110
f 2946/3435/3111 2945/3434/3111 2960/3449/3111
f 2938/3427/3112 2953/3442/3112 2954/3443/3112
f 2947/3436/3113 2946/3435/3113 2961/3450/3113
f 2939/3428/3114 2954/3443/3114 2955/3444/3114
f 2948/3437/3115 2947/3436/3115 2962/3451/3115
f 2941/3430/3116 2940/3429/3116 2955/3444/3116
f 2949/3438/3117 2948/3437/3117 2963/3452/3117
f 2941/3430/3118 2956/3445/3118 2957/3446/3118
f 2950/3439/3119 2949/3438/3119 2964/3453/3119
f 2943/3432/3120 2942/3431/3120 2957/3446/3120
f 2962/3451/3121 2977/3466/3121 2978/3467/3121
f 2955/3444/3122 2970/3459/3122 2971/3460/3122
f 2963/3452/3123 2978/3467/3123 2979/3468/3123
f 2956/3445/3124 2971/3460/3124 2972/3461/3124
f 2964/3453/3125 2979/3468/3125 2980/3469/3125
f 2958/3447/3126 2957/3446/3126 2972/3461/3126
f 2965/3454/3127 2980/3469/3127 2981/3470/3127
f 2959/3448/3128 2958/3447/3128 2973/3462/3128
f 2959/3448/3131 2974/3463/3131 2975/3464/3131
f 2953/3442/3132 2952/3441/3132 2967/3456/3132
f 2960/3449/3133 2975/3464/3133 2976/3465/3133
f 2953/3442/3134 2968/3457/3134 2969/3458/3134
f 2961/3450/3135 2976/3465/3135 2977/3466/3135
f 2954/3443/3136 2969/3458/3136 2970/3459/3136
f 2974/3463/3139 2989/3478/3139 2990/3479/3139
f 2967/3456/3140 2982/3471/3140 2983/3472/3140
f 2976/3465/3141 2975/3464/3141 2990/3479/3141
f 2968/3457/3142 2983/3472/3142 2984/3473/3142
f 2977/3466/3143 2976/3465/3143 2991/3480/3143
f 2969/3458/3144 2984/3473/3144 2985/3474/3144
f 2978/3467/3732 2977/3466/3732 2992/3481/3732
f 2970/3459/3146 2985/3474/3146 2986/3475/3146
f 2979/3468/3147 2978/3467/3147 2993/3482/3147
f 2971/3460/3148 2986/3475/3148 2987/3476/3148
f 2980/3469/3149 2979/3468/3149 2994/3483/3149
f 2973/3462/3150 2972/3461/3150 2987/3476/3150
f 2980/3469/3151 2995/3484/3151 2996/3485/3151
f 2973/3462/3152 2988/3477/3152 2989/3478/3152
f 2986/3475/3153 2985/3474/3153 3000/3489/3153
f 2994/3483/3154 2993/3482/3154 3008/3497/3154
f 2987/3476/3155 2986/3475/3155 3001/3490/3155
f 2994/3483/3156 3009/3498/3156 3010/3499/3156
f 2988/3477/3157 2987/3476/3157 3002/3491/3157
f 2996/3485/3158 2995/3484/3158 3010/3499/3158
f 2989/3478/3159 2988/3477/3159 3003/3492/3159
f 2990/3479/3162 2989/3478/3162 3004/3493/3162
f 2982/3471/3163 2997/3486/3163 2998/3487/3163
f 2990/3479/3164 3005/3494/3164 3006/3495/3164
f 2984/3473/3165 2983/3472/3165 2998/3487/3165
f 2992/3481/3166 2991/3480/3166 3006/3495/3166
f 2984/3473/3167 2999/3488/3167 3000/3489/3167
f 2992/3481/3168 3007/3496/3168 3008/3497/3168
f 3004/3493/3169 3019/3508/3169 3020/3509/3169
f 2997/3486/3170 3012/3501/3170 3013/3502/3170
f 3005/3494/3171 3020/3509/3171 3021/3510/3171
f 2999/3488/3172 2998/3487/3172 3013/3502/3172
f 3007/3496/3173 3006/3495/3173 3021/3510/3173
f 3000/3489/3174 2999/3488/3174 3014/3503/3174
f 3007/3496/3175 3022/3511/3175 3023/3512/3175
f 3001/3490/3176 3000/3489/3176 3015/3504/3176
f 3009/3498/3177 3008/3497/3177 3023/3512/3177
f 3001/3490/3178 3016/3505/3178 3017/3506/3178
f 3009/3498/3179 3024/3513/3179 3025/3514/3179
f 3003/3492/3180 3002/3491/3180 3017/3506/3180
f 3010/3499/3181 3025/3514/3181 3026/3515/3181
f 3004/3493/3182 3003/3492/3182 3018/3507/3182
f 3024/3513/3185 3023/3512/3185 3038/3527/3185
f 3016/3505/3186 3031/3520/3186 3032/3521/3186
f 3025/3514/3187 3024/3513/3187 3039/3528/3187
f 3017/3506/3188 3032/3521/3188 3033/3522/3188
f 3026/3515/3189 3025/3514/3189 3040/3529/3189
f 3019/3508/3190 3018/3507/3190 3033/3522/3190
f 3019/3508/3193 3034/3523/3193 3035/3524/3193
f 3013/3502/3194 3012/3501/3194 3027/3516/3194
f 3020/3509/3195 3035/3524/3195 3036/3525/3195
f 3013/3502/3196 3028/3517/3196 3029/3518/3196
f 3022/3511/3197 3021/3510/3197 3036/3525/3197
f 3014/3503/3198 3029/3518/3198 3030/3519/3198
f 3022/3511/3199 3037/3526/3199 3038/3527/3199
f 3015/3504/3200 3030/3519/3200 3031/3520/3200
f 3027/3516/3201 3042/3531/3201 3043/3532/3201
f 3035/3524/3202 3050/3539/3202 3051/3540/3202
f 3028/3517/3203 3043/3532/3203 3044/3533/3203
f 3037/3526/3204 3036/3525/3204 3051/3540/3204
f 3029/3518/3205 3044/3533/3205 3045/3534/3205
f 3038/3527/3206 3037/3526/3206 3052/3541/3206
f 3031/3520/3207 3030/3519/3207 3045/3534/3207
f 3039/3528/3733 3038/3527/3733 3053/3542/3733
f 3031/3520/3209 3046/3535/3209 3047/3536/3209
f 3039/3528/3210 3054/3543/3210 3055/3544/3210
f 3033/3522/3211 3032/3521/3211 3047/3536/3211
f 3041/3530/3212 3040/3529/3212 3055/3544/3212
f 3034/3523/3213 3033/3522/3213 3048/3537/3213
f 3034/3523/3216 3049/3538/3216 3050/3539/3216
f 3046/3535/3217 3061/3550/3217 3062/3551/3217
f 3054/3543/3218 3069/3558/3218 3070/3559/3218
f 3048/3537/3219 3047/3536/3219 3062/3551/3219
f 3056/3545/3220 3055/3544/3220 3070/3559/3220
f 3049/3538/3221 3048/3537/3221 3063/3552/3221
f 3049/3538/3224 3064/3553/3224 3065/3554/3224
f 3043/3532/3225 3042/3531/3225 3057/3546/3225
f 3050/3539/3226 3065/3554/3226 3066/3555/3226
f 3044/3533/3227 3043/3532/3227 3058/3547/3227
f 3052/3541/3228 3051/3540/3228 3066/3555/3228
f 3045/3534/3229 3044/3533/3229 3059/3548/3229
f 3052/3541/3230 3067/3556/3230 3068/3557/3230
f 3046/3535/3231 3045/3534/3231 3060/3549/3231
f 3054/3543/3232 3053/3542/3232 3068/3557/3232
f 3065/3554/3233 3081/3601/3233 3082/3602/3233
f 3058/3547/3234 3074/3594/3234 3075/3595/3234
f 3067/3556/3235 3066/3555/3235 3082/3602/3235
f 3060/3549/3236 3059/3548/3236 3075/3595/3236
f 3068/3557/3237 3067/3556/3237 3083/3603/3237
f 3061/3550/3238 3060/3549/3238 3076/3596/3238
f 3069/3558/3239 3068/3557/3239 3084/3604/3239
f 3061/3550/3240 3077/3597/3240 3078/3598/3240
f 3069/3558/3241 3085/3605/3241 3086/3606/3241
f 3063/3552/3242 3062/3551/3242 3078/3598/3242
f 3071/3560/3243 3070/3559/3243 3086/3606/3243
f 3063/3552/3244 3079/3599/3244 3080/3600/3244
f 3064/3553/3247 3080/3600/3247 3081/3601/3247
f 3057/3546/3248 3073/3593/3248 3074/3594/3248
f 3085/3605/3249 3100/3620/3249 3101/3621/3249
f 3079/3599/3250 3078/3598/3250 3093/3613/3250
f 3086/3606/3251 3101/3621/3251 3102/3622/3251
f 3080/3600/3252 3079/3599/3252 3094/3614/3252
f 3081/3601/3255 3080/3600/3255 3095/3615/3255
f 3074/3594/3256 3073/3593/3256 3088/3608/3256
f 3081/3601/3257 3096/3616/3257 3097/3617/3257
f 3074/3594/3258 3089/3609/3258 3090/3610/3258
f 3083/3603/3259 3082/3602/3259 3097/3617/3259
f 3075/3595/3260 3090/3610/3260 3091/3611/3260
f 3083/3603/3261 3098/3618/3261 3099/3619/3261
f 3076/3596/3262 3091/3611/3262 3092/3612/3262
f 3084/3604/3263 3099/3619/3263 3100/3620/3263
f 3077/3597/3264 3092/3612/3264 3093/3613/3264
f 3098/3618/3265 3097/3617/3265 3112/3632/3265
f 3090/3610/3266 3105/3625/3266 3106/3626/3266
f 3098/3618/3267 3113/3633/3267 3114/3634/3267
f 3092/3612/3268 3091/3611/3268 3106/3626/3268
f 3100/3620/3269 3099/3619/3269 3114/3634/3269
f 3092/3612/3270 3107/3627/3270 3108/3628/3270
f 3101/3621/3271 3100/3620/3271 3115/3635/3271
f 3094/3614/3272 3093/3613/3272 3108/3628/3272
f 3102/3622/3273 3101/3621/3273 3116/3636/3273
f 3095/3615/3274 3094/3614/3274 3109/3629/3274
f 3095/3615/3277 3110/3630/3277 3111/3631/3277
f 3088/3608/3278 3103/3623/3278 3104/3624/3278
f 3096/3616/3279 3111/3631/3279 3112/3632/3279
f 3089/3609/3280 3104/3624/3280 3105/3625/3280
f 3116/3636/3281 3131/3664/3281 3132/3666/3281
f 3110/3630/3282 3109/3629/3282 3124/3650/3282
f 3110/3630/3285 3125/3652/3285 3126/3654/3285
f 3103/3623/3286 3118/3638/3286 3119/3640/3286
f 3111/3631/3287 3126/3654/3287 3127/3656/3287
f 3105/3625/3288 3104/3624/3288 3119/3640/3288
f 3112/3632/3289 3127/3656/3289 3128/3658/3289
f 3105/3625/3290 3120/3642/3290 3121/3644/3290
f 3113/3633/3291 3128/3658/3291 3129/3660/3291
f 3107/3627/3292 3106/3626/3292 3121/3644/3292
f 3114/3634/3293 3129/3660/3293 3130/3662/3293
f 3107/3627/3294 3122/3646/3294 3123/3648/3294
f 3115/3635/3295 3130/3662/3295 3131/3664/3295
f 3109/3629/3296 3108/3628/3296 3123/3648/3296
f 3121/3645/3297 3120/3643/3297 3135/3670/3297
f 3128/3659/3298 3143/3678/3298 3144/3679/3298
f 3121/3645/3299 3136/3671/3299 3137/3672/3299
f 3129/3661/3300 3144/3679/3300 3145/3680/3300
f 3122/3647/3301 3137/3672/3301 3138/3673/3301
f 3130/3663/3302 3145/3680/3302 3146/3681/3302
f 3124/3651/3303 3123/3649/3303 3138/3673/3303
f 3132/3667/3304 3131/3665/3304 3146/3681/3304
f 3124/3651/3305 3139/3674/3305 3140/3675/3305
f 3125/3653/3308 3140/3675/3308 3141/3676/3308
f 3119/3641/3309 3118/3639/3309 3133/3668/3309
f 3126/3655/3310 3141/3676/3310 3142/3677/3310
f 3120/3643/3311 3119/3641/3311 3134/3669/3311
f 3128/3659/3312 3127/3657/3312 3142/3677/3312
f 3140/3675/3313 3139/3674/3313 3154/3689/3313
f 3140/3675/3316 3155/3690/3316 3156/3691/3316
f 3134/3669/3317 3133/3668/3317 3148/3683/3317
f 3141/3676/3318 3156/3691/3318 3157/3692/3318
f 3135/3670/3319 3134/3669/3319 3149/3684/3319
f 3143/3678/3320 3142/3677/3320 3157/3692/3320
f 3135/3670/3321 3150/3685/3321 3151/3686/3321
f 3143/3678/3322 3158/3693/3322 3159/3694/3322
f 3136/3671/3323 3151/3686/3323 3152/3687/3323
f 3145/3680/3324 3144/3679/3324 3159/3694/3324
f 3137/3672/3325 3152/3687/3325 3153/3688/3325
f 3145/3680/3326 3160/3695/3326 3161/3696/3326
f 3139/3674/3327 3138/3673/3327 3153/3688/3327
f 3147/3682/3328 3146/3681/3328 3161/3696/3328
f 3158/3693/3329 3173/3708/3329 3174/3709/3329
f 3152/3687/3330 3151/3686/3330 3166/3701/3330
f 3160/3695/3331 3159/3694/3331 3174/3709/3331
f 3152/3687/3332 3167/3702/3332 3168/3703/3332
f 3160/3695/3333 3175/3710/3333 3176/3711/3333
f 3154/3689/3334 3153/3688/3334 3168/3703/3334
f 3161/3696/3335 3176/3711/3335 3177/3712/3335
f 3155/3690/3336 3154/3689/3336 3169/3704/3336
f 3155/3690/3339 3170/3705/3339 3171/3706/3339
f 3149/3684/3340 3148/3683/3340 3163/3698/3340
f 3156/3691/3341 3171/3706/3341 3172/3707/3341
f 3150/3685/3342 3149/3684/3342 3164/3699/3342
f 3157/3692/3343 3172/3707/3343 3173/3708/3343
f 3150/3685/3344 3165/3700/3344 3166/3701/3344
f 3170/3705/3347 3185/3720/3347 3186/3721/3347
f 3164/3699/3348 3163/3698/3348 3178/3713/3348
f 3172/3707/3734 3171/3706/3734 3186/3721/3734
f 3164/3699/3350 3179/3714/3350 3180/3715/3350
f 3172/3707/3351 3187/3722/3351 3188/3723/3351
f 3165/3700/3352 3180/3715/3352 3181/3716/3352
f 3173/3708/3353 3188/3723/3353 3189/3724/3353
f 3166/3701/3354 3181/3716/3354 3182/3717/3354
f 3175/3710/3355 3174/3709/3355 3189/3724/3355
f 3167/3702/3356 3182/3717/3356 3183/3718/3356
f 3175/3710/3357 3190/3725/3357 3191/3726/3357
f 3169/3704/3358 3168/3703/3358 3183/3718/3358
f 3177/3712/3359 3176/3711/3359 3191/3726/3359
f 3169/3704/3360 3184/3719/3360 3185/3720/3360
f 3182/3717/3361 3181/3716/3361 3196/3731/3361
f 3190/3725/3362 3189/3724/3362 3204/3739/3362
f 3182/3717/3363 3197/3732/3363 3198/3733/3363
f 3190/3725/3364 3205/3740/3364 3206/3741/3364
f 3184/3719/3365 3183/3718/3365 3198/3733/3365
f 3192/3727/3366 3191/3726/3366 3206/3741/3366
f 3185/3720/3367 3184/3719/3367 3199/3734/3367
f 3186/3721/3370 3185/3720/3370 3200/3735/3370
f 3179/3714/3371 3178/3713/3371 3193/3728/3371
f 3186/3721/3372 3201/3736/3372 3202/3737/3372
f 3179/3714/3373 3194/3729/3373 3195/3730/3373
f 3188/3723/3374 3187/3722/3374 3202/3737/3374
f 3180/3715/3375 3195/3730/3375 3196/3731/3375
f 3188/3723/3376 3203/3738/3376 3204/3739/3376
f 3201/3736/3377 3200/3735/3377 3215/3750/3377
f 3194/3729/3378 3193/3728/3378 3208/3743/3378
f 3201/3736/3379 3216/3751/3379 3217/3752/3379
f 3195/3730/3380 3194/3729/3380 3209/3744/3380
f 3203/3738/3381 3202/3737/3381 3217/3752/3381
f 3196/3731/3382 3195/3730/3382 3210/3745/3382
f 3204/3739/3383 3203/3738/3383 3218/3753/3383
f 3196/3731/3384 3211/3746/3384 3212/3747/3384
f 3204/3739/3385 3219/3754/3385 3220/3755/3385
f 3197/3732/3386 3212/3747/3386 3213/3748/3386
f 3205/3740/3735 3220/3755/3735 3221/3756/3735
f 3199/3734/3388 3198/3733/3388 3213/3748/3388
f 3206/3741/3389 3221/3756/3389 3222/3757/3389
f 3199/3734/3390 3214/3749/3390 3215/3750/3390
f 3220/3755/3393 3219/3754/3393 3234/3769/3393
f 3212/3747/3394 3227/3762/3394 3228/3763/3394
f 3220/3755/3736 3235/3770/3736 3236/3771/3736
f 3214/3749/3396 3213/3748/3396 3228/3763/3396
f 3222/3757/3737 3221/3756/3737 3236/3771/3737
f 3215/3750/3738 3214/3749/3738 3229/3764/3738
f 3216/3751/3401 3215/3750/3401 3230/3765/3401
f 3208/3743/3739 3223/3758/3739 3224/3759/3739
f 3216/3751/3403 3231/3766/3403 3232/3767/3403
f 3210/3745/3404 3209/3744/3404 3224/3759/3404
f 3217/3752/3405 3232/3767/3405 3233/3768/3405
f 3210/3745/3406 3225/3760/3406 3226/3761/3406
f 3218/3753/3407 3233/3768/3407 3234/3769/3407
f 3211/3746/3408 3226/3761/3408 3227/3762/3408
f 3231/3766/3409 2769/3227/3409 3242/3777/3409
f 3225/3760/3410 3224/3759/3410 3239/3774/3410
f 3233/3768/3411 3232/3767/3411 3242/3777/3411
f 3226/3761/3412 3225/3760/3412 2765/3223/3412
f 3233/3768/3413 2770/3228/3413 3243/3778/3413
f 3227/3762/3414 3226/3761/3414 3240/3775/3414
f 3235/3770/3415 3234/3769/3415 3243/3778/3415
f 3228/3763/3416 3227/3762/3416 2766/3224/3416
f 3235/3770/3417 3244/3779/3417 3245/3780/3417
f 3229/3764/3418 3228/3763/3418 3241/3776/3418
f 3237/3772/3419 3236/3771/3419 3245/3780/3419
f 3230/3765/3420 3229/3764/3420 2767/3225/3420
f 3230/3765/3423 2768/3226/3423 2769/3227/3423
f 3224/3759/3424 3223/3758/3424 3238/3773/3424
f 3311/3878/3457 3279/3783/3457 3281/3817/3457
f 3281/3817/3457 3282/3819/3457 3283/3821/3457
f 3283/3821/3457 3284/3823/3457 3285/3825/3457
f 3285/3825/3457 3286/3827/3457 3287/3829/3457
f 3287/3829/3457 3288/3832/3457 3289/3833/3457
f 3289/3833/3457 3290/3835/3457 3291/3837/3457
f 3291/3837/3457 3292/3839/3457 3293/3841/3457
f 3293/3841/3457 3294/3843/3457 3295/3846/3457
f 3295/3846/3457 3296/3847/3457 3297/3849/3457
f 3297/3849/3457 3298/3851/3457 3299/3854/3457
f 3299/3854/3457 3300/3855/3457 3301/3857/3457
f 3301/3857/3457 3302/3860/3457 3303/3861/3457
f 3303/3861/3457 3304/3863/3457 3305/3865/3457
f 3305/3865/3457 3306/3867/3457 3307/3869/3457
f 3307/3869/3457 3308/3872/3457 3309/3873/3457
f 3309/3873/3457 3310/3875/3457 3311/3878/3457
f 3311/3878/3457 3281/3817/3457 3283/3821/3457
f 3283/3821/3457 3285/3825/3457 3287/3829/3457
f 3287/3829/3457 3289/3833/3457 3291/3837/3457
f 3291/3837/3457 3293/3841/3457 3295/3846/3457
f 3295/3846/3457 3297/3849/3457 3299/3854/3457
f 3299/3854/3457 3301/3857/3457 3303/3861/3457
f 3303/3861/3457 3305/3865/3457 3307/3869/3457
f 3307/3869/3457 3309/3873/3457 3311/3878/3457
f 3311/3878/3457 3283/3821/3457 3287/3829/3457
f 3287/3829/3457 3291/3837/3457 3295/3846/3457
f 3295/3846/3457 3299/3854/3457 3303/3861/3457
f 3303/3861/3457 3307/3869/3457 3311/3878/3457
f 3311/3878/3457 3287/3829/3457 3295/3846/3457
f 3471/4043/3458 3312/3879/3458 3279/3784/3458
f 3471/4043/3459 3470/4042/3459 3313/3881/3459
f 3470/4042/3460 3469/4041/3460 3314/3883/3460
f 3469/4041/3461 3468/4040/3461 3315/3886/3461
f 3467/4039/3462 3316/3887/3462 3472/4045/3462
f 3310/3876/3463 3466/4038/3463 3471/4043/3463
f 3466/4038/3464 3465/4037/3464 3470/4042/3464
f 3464/4036/3465 3469/4041/3465 3470/4042/3465
f 3464/4036/3466 3463/4035/3466 3468/4040/3466
f 3462/4034/3467 3467/4039/3467 3503/4076/3467
f 3309/3874/3468 3461/4033/3468 3466/4038/3468
f 3460/4032/3469 3465/4037/3469 3466/4038/3469
f 3460/4032/3470 3459/4031/3470 3464/4036/3470
f 3459/4031/3471 3458/4030/3471 3463/4035/3471
f 3457/4029/3472 3462/4034/3472 3502/4075/3472
f 3456/4028/3473 3461/4033/3473 3309/3874/3473
f 3456/4028/3474 3455/4027/3474 3460/4032/3474
f 3454/4026/3475 3459/4031/3475 3460/4032/3475
f 3454/4026/3476 3453/4025/3476 3458/4030/3476
f 3452/4024/3477 3457/4029/3477 3501/4074/3477
f 3307/3870/3478 3451/4023/3478 3456/4028/3478
f 3450/4022/3479 3455/4027/3479 3456/4028/3479
f 3449/4021/3480 3454/4026/3480 3455/4027/3480
f 3449/4021/3481 3448/4020/3481 3453/4025/3481
f 3447/4019/3482 3452/4024/3482 3500/4073/3482
f 3306/3868/3483 3446/4018/3483 3451/4023/3483
f 3445/4017/3484 3450/4022/3484 3451/4023/3484
f 3444/4016/3485 3449/4021/3485 3450/4022/3485
f 3444/4016/3486 3443/4015/3486 3448/4020/3486
f 3442/4014/3487 3447/4019/3487 3499/4072/3487
f 3441/4013/3488 3446/4018/3488 3306/3868/3488
f 3440/4012/3489 3445/4017/3489 3446/4018/3489
f 3440/4012/3490 3439/4011/3490 3444/4016/3490
f 3439/4011/3491 3438/4010/3491 3443/4015/3491
f 3437/4009/3492 3442/4014/3492 3498/4071/3492
f 3436/4008/3493 3441/4013/3493 3305/3866/3493
f 3435/4007/3494 3440/4012/3494 3441/4013/3494
f 3434/4006/3495 3439/4011/3495 3440/4012/3495
f 3434/4006/3496 3433/4005/3496 3438/4010/3496
f 3432/4004/3497 3437/4009/3497 3497/4070/3497
f 3431/4003/3498 3436/4008/3498 3304/3864/3498
f 3430/4002/3499 3435/4007/3499 3436/4008/3499
f 3430/4002/3500 3429/4001/3500 3434/4006/3500
f 3429/4001/3501 3428/4000/3501 3433/4005/3501
f 3427/3999/3502 3432/4004/3502 3496/4069/3502
f 3426/3998/3503 3431/4003/3503 3303/3862/3503
f 3425/3997/3504 3430/4002/3504 3431/4003/3504
f 3425/3997/3505 3424/3996/3505 3429/4001/3505
f 3424/3996/3506 3423/3995/3506 3428/4000/3506
f 3422/3994/3507 3427/3999/3507 3495/4068/3507
f 3301/3858/3508 3421/3993/3508 3426/3998/3508
f 3421/3993/3509 3420/3992/3509 3425/3997/3509
f 3419/3991/3510 3424/3996/3510 3425/3997/3510
f 3419/3991/3511 3418/3990/3511 3423/3995/3511
f 3417/3989/3512 3422/3994/3512 3494/4067/3512
f 3300/3856/3513 3416/3988/3513 3421/3993/3513
f 3415/3987/3514 3420/3992/3514 3421/3993/3514
f 3414/3986/3515 3419/3991/3515 3420/3992/3515
f 3414/3986/3516 3413/3985/3516 3418/3990/3516
f 3412/3984/3517 3417/3989/3517 3493/4066/3517
f 3411/3983/3518 3416/3988/3518 3300/3856/3518
f 3410/3982/3519 3415/3987/3519 3416/3988/3519
f 3409/3981/3520 3414/3986/3520 3415/3987/3520
f 3409/3981/3521 3408/3980/3521 3413/3985/3521
f 3407/3979/3522 3412/3984/3522 3492/4065/3522
f 3298/3852/3523 3406/3978/3523 3411/3983/3523
f 3405/3977/3524 3410/3982/3524 3411/3983/3524
f 3404/3976/3525 3409/3981/3525 3410/3982/3525
f 3404/3976/3526 3403/3975/3526 3408/3980/3526
f 3402/3974/3527 3407/3979/3527 3491/4064/3527
f 3401/3973/3528 3406/3978/3528 3298/3852/3528
f 3401/3973/3529 3400/3972/3529 3405/3977/3529
f 3400/3972/3530 3399/3971/3530 3404/3976/3530
f 3399/3971/3531 3398/3970/3531 3403/3975/3531
f 3397/3969/3532 3402/3974/3532 3490/4063/3532
f 3396/3968/3533 3401/3973/3533 3297/3850/3533
f 3396/3968/3534 3395/3967/3534 3400/3972/3534
f 3394/3966/3535 3399/3971/3535 3400/3972/3535
f 3394/3966/3536 3393/3965/3536 3398/3970/3536
f 3392/3964/3537 3397/3969/3537 3489/4062/3537
f 3391/3963/3538 3396/3968/3538 3296/3848/3538
f 3391/3963/3539 3390/3962/3539 3395/3967/3539
f 3389/3961/3540 3394/3966/3540 3395/3967/3540
f 3388/3960/3541 3393/3965/3541 3394/3966/3541
f 3487/4060/3542 3387/3959/3542 3392/3964/3542
f 3294/3844/3543 3386/3958/3543 3391/3963/3543
f 3385/3957/3544 3390/3962/3544 3391/3963/3544
f 3384/3956/3545 3389/3961/3545 3390/3962/3545
f 3383/3955/3546 3388/3960/3546 3389/3961/3546
f 3486/4059/3547 3382/3954/3547 3387/3959/3547
f 3381/3953/3548 3386/3958/3548 3294/3844/3548
f 3380/3952/3549 3385/3957/3549 3386/3958/3549
f 3379/3951/3550 3384/3956/3550 3385/3957/3550
f 3378/3950/3551 3383/3955/3551 3384/3956/3551
f 3485/4058/3552 3377/3949/3552 3382/3954/3552
f 3376/3948/3553 3381/3953/3553 3293/3842/3553
f 3376/3948/3554 3375/3947/3554 3380/3952/3554
f 3374/3946/3555 3379/3951/3555 3380/3952/3555
f 3373/3945/3556 3378/3950/3556 3379/3951/3556
f 3484/4057/3557 3372/3944/3557 3377/3949/3557
f 3371/3943/3558 3376/3948/3558 3292/3840/3558
f 3370/3942/3559 3375/3947/3559 3376/3948/3559
f 3370/3942/3560 3369/3941/3560 3374/3946/3560
f 3368/3940/3561 3373/3945/3561 3374/3946/3561
f 3483/4056/3562 3367/3939/3562 3372/3944/3562
f 3366/3938/3563 3371/3943/3563 3291/3838/3563
f 3365/3937/3564 3370/3942/3564 3371/3943/3564
f 3364/3936/3565 3369/3941/3565 3370/3942/3565
f 3363/3935/3566 3368/3940/3566 3369/3941/3566
f 3482/4055/3567 3362/3934/3567 3367/3939/3567
f 3361/3933/3568 3366/3938/3568 3290/3836/3568
f 3360/3932/3569 3365/3937/3569 3366/3938/3569
f 3359/3931/3570 3364/3936/3570 3365/3937/3570
f 3358/3930/3571 3363/3935/3571 3364/3936/3571
f 3481/4054/3572 3357/3929/3572 3362/3934/3572
f 3356/3928/3573 3361/3933/3573 3289/3834/3573
f 3356/3928/3574 3355/3927/3574 3360/3932/3574
f 3354/3926/3575 3359/3931/3575 3360/3932/3575
f 3353/3925/3576 3358/3930/3576 3359/3931/3576
f 3480/4053/3577 3352/3924/3577 3357/3929/3577
f 3287/3830/3578 3351/3923/3578 3356/3928/3578
f 3350/3922/3579 3355/3927/3579 3356/3928/3579
f 3350/3922/3580 3349/3921/3580 3354/3926/3580
f 3348/3920/3581 3353/3925/3581 3354/3926/3581
f 3479/4052/3582 3347/3919/3582 3352/3924/3582
f 3286/3828/3583 3346/3918/3583 3351/3923/3583
f 3346/3918/3584 3345/3917/3584 3350/3922/3584
f 3345/3917/3585 3344/3916/3585 3349/3921/3585
f 3343/3915/3586 3348/3920/3586 3349/3921/3586
f 3478/4051/3587 3342/3914/3587 3347/3919/3587
f 3341/3913/3588 3346/3918/3588 3286/3828/3588
f 3340/3912/3589 3345/3917/3589 3346/3918/3589
f 3339/3911/3590 3344/3916/3590 3345/3917/3590
f 3338/3910/3740 3343/3915/3740 3344/3916/3740
f 3477/4050/3592 3337/3909/3592 3342/3914/3592
f 3336/3908/3593 3341/3913/3593 3285/3826/3593
f 3335/3907/3594 3340/3912/3594 3341/3913/3594
f 3334/3906/3595 3339/3911/3595 3340/3912/3595
f 3333/3905/3596 3338/3910/3596 3339/3911/3596
f 3476/4049/3741 3332/3904/3741 3337/3909/3741
f 3331/3903/3598 3336/3908/3598 3284/3824/3598
f 3330/3902/3599 3335/3907/3599 3336/3908/3599
f 3329/3901/3600 3334/3906/3600 3335/3907/3600
f 3328/3900/3601 3333/3905/3601 3334/3906/3601
f 3475/4048/3602 3327/3899/3602 3332/3904/3602
f 3326/3898/3603 3331/3903/3603 3283/3822/3603
f 3325/3897/3604 3330/3902/3604 3331/3903/3604
f 3324/3896/3605 3329/3901/3605 3330/3902/3605
f 3323/3895/3606 3328/3900/3606 3329/3901/3606
f 3474/4047/3607 3322/3894/3607 3327/3899/3607
f 3321/3893/3608 3326/3898/3608 3282/3820/3608
f 3321/3893/3609 3320/3892/3609 3325/3897/3609
f 3320/3892/3610 3319/3891/3610 3324/3896/3610
f 3318/3890/3742 3323/3895/3742 3324/3896/3742
f 3473/4046/3612 3317/3889/3612 3322/3894/3612
f 3312/3880/3613 3321/3893/3613 3281/3818/3613
f 3313/3882/3614 3320/3892/3614 3321/3893/3614
f 3314/3884/3615 3319/3891/3615 3320/3892/3615
f 3315/3885/3616 3318/3890/3616 3319/3891/3616
f 3472/4044/3617 3316/3888/3617 3317/3889/3617
f 3315/3885/3618 3472/4044/3618 3473/4046/3618
f 3318/3890/3619 3473/4046/3619 3474/4047/3619
f 3323/3895/3620 3474/4047/3620 3475/4048/3620
f 3328/3900/3621 3475/4048/3621 3476/4049/3621
f 3333/3905/3622 3476/4049/3622 3477/4050/3622
f 3338/3910/3623 3477/4050/3623 3478/4051/3623
f 3343/3915/3624 3478/4051/3624 3479/4052/3624
f 3348/3920/3625 3479/4052/3625 3480/4053/3625
f 3496/4069/3626 3497/4070/3626 3438/4010/3626
f 3497/4070/3627 3498/4071/3627 3443/4015/3627
f 3498/4071/3628 3499/4072/3628 3448/4020/3628
f 3499/4072/3629 3500/4073/3629 3453/4025/3629
f 3500/4073/3630 3501/4074/3630 3458/4030/3630
f 3501/4074/3631 3502/4075/3631 3463/4035/3631
f 3502/4075/3632 3503/4076/3632 3468/4040/3632
f 3503/4076/3633 3472/4045/3633 3315/3886/3633
f 3504/4077/3743 3521/4094/3743 3522/4095/3743
f 3505/4078/3635 3522/4095/3635 3523/4096/3635
f 3506/4079/3636 3523/4096/3636 3524/4097/3636
f 3507/4080/3637 3524/4097/3637 3525/4098/3637
f 3508/4081/3638 3525/4098/3638 3526/4099/3638
f 3509/4082/3639 3526/4099/3639 3527/4100/3639
f 3510/4083/3640 3527/4100/3640 3528/4101/3640
f 3511/4084/3641 3528/4101/3641 3529/4102/3641
f 3529/4102/3642 3530/4103/3642 3513/4086/3642
f 3530/4103/3643 3531/4104/3643 3514/4087/3643
f 3531/4104/3644 3532/4105/3644 3515/4088/3644
f 3532/4105/3645 3533/4106/3645 3516/4089/3645
f 3533/4106/3646 3534/4107/3646 3517/4090/3646
f 3534/4107/3647 3535/4108/3647 3518/4091/3647
f 3535/4108/3648 3536/4109/3648 3519/4092/3648
f 3536/4109/3744 3537/4110/3744 3520/4093/3744
l 3258 3257
l 3274 3273
l 3250 3249
l 3266 3265
l 3259 3258
l 3275 3274
l 3251 3250
l 3267 3266
l 3260 3259
l 3276 3275
l 3252 3251
l 3268 3267
l 3261 3260
l 3277 3276
l 3253 3252
l 3269 3268
l 3262 3261
l 3278 3277
l 3254 3253
l 3270 3269
l 3263 3262
l 3255 3254
l 3271 3270
l 3248 3247
l 3264 3263
l 3247 3278
l 3256 3255
l 3272 3271
l 3249 3248
l 3265 3264
l 3257 3256
l 3273 3272
