# Blender 3.3.1
# www.blender.org
o machine
v 3.016073 0.237042 3.415529
v 3.141186 2.699256 3.415529
v 3.016073 0.237042 0.946194
v 3.016073 2.824368 0.946194
v 5.945008 0.237042 3.415529
v 5.819895 2.699256 3.415529
v 5.945008 0.237042 0.946194
v 5.945008 2.824368 0.946194
v 3.141186 1.008987 3.415529
v 3.016073 0.883874 0.946194
v 5.945008 0.883874 0.946194
v 5.819895 1.008987 3.415529
v 3.016073 0.883874 3.415529
v 3.016073 2.824368 3.415529
v 5.945008 2.824368 3.415529
v 5.945008 0.883874 3.415529
v 3.141186 1.008987 1.056634
v 3.141186 2.699256 1.056634
v 5.819895 2.699256 1.056634
v 5.819895 1.008987 1.056634
v 5.756249 1.008727 3.351884
v 3.204831 1.008727 3.351884
v 5.756249 1.008727 1.120279
v 3.204831 1.008727 1.120279
v 5.819895 1.008727 3.415529
v 3.141186 1.008727 3.415529
v 5.819895 1.008727 1.056634
v 3.141186 1.008727 1.056634
v 5.756249 0.630456 3.351884
v 3.204831 0.630456 3.351884
v 5.756249 0.630456 1.120279
v 3.204831 0.630456 1.120279
v 5.186828 0.808637 1.909734
v 5.187478 0.840750 1.920789
v 5.163809 0.830942 1.898486
v 5.193920 0.982752 1.851502
v 5.195226 0.993777 1.819399
v 5.170250 0.972944 1.829199
v 5.188988 0.739220 1.767666
v 5.165968 0.761525 1.756417
v 5.190294 0.750245 1.735562
v 5.197386 0.924360 1.677331
v 5.196735 0.892247 1.666276
v 5.172410 0.903527 1.687131
v 5.344817 0.803797 1.914501
v 5.369792 0.824630 1.904701
v 5.345467 0.835910 1.925556
v 5.353215 0.988937 1.824166
v 5.351909 0.977912 1.856269
v 5.376234 0.966632 1.835414
v 5.346977 0.734380 1.772433
v 5.348283 0.745405 1.740329
v 5.371952 0.755213 1.762633
v 5.355375 0.919520 1.682098
v 5.378394 0.897215 1.693346
v 5.354724 0.887407 1.671043
v 4.586905 0.824824 1.623436
v 4.604546 0.845537 1.633359
v 4.582880 0.852352 1.615391
v 4.681560 0.940475 1.576507
v 4.687314 0.948603 1.549312
v 4.659894 0.947290 1.558539
v 4.547776 0.783396 1.501250
v 4.543751 0.810925 1.493206
v 4.553530 0.791524 1.474056
v 4.648185 0.907175 1.427127
v 4.630544 0.886463 1.417204
v 4.620765 0.905863 1.436353
v 4.690415 0.738528 1.619546
v 4.717835 0.739840 1.610320
v 4.708057 0.759240 1.629470
v 4.790824 0.862307 1.545423
v 4.785070 0.854179 1.572617
v 4.794849 0.834778 1.553468
v 4.651286 0.697100 1.497361
v 4.657040 0.705228 1.470167
v 4.678706 0.698413 1.488135
v 4.751695 0.820879 1.423238
v 4.755720 0.793351 1.431282
v 4.734055 0.800166 1.413314
v 5.057801 0.927735 1.568039
v 5.068937 0.932750 1.596577
v 5.065636 0.956461 1.576816
v 5.188130 0.994216 1.650411
v 5.213203 1.007873 1.638227
v 5.184829 1.017927 1.630650
v 5.103675 0.956183 1.433989
v 5.111510 0.984909 1.442766
v 5.128747 0.969840 1.421805
v 5.259079 1.036320 1.504176
v 5.247941 1.031305 1.475639
v 5.230703 1.046374 1.496600
v 5.125414 0.800080 1.564087
v 5.153789 0.790026 1.571664
v 5.136551 0.805095 1.592625
v 5.280817 0.880217 1.634275
v 5.255744 0.866560 1.646459
v 5.272983 0.851491 1.625498
v 5.171289 0.828527 1.430037
v 5.196362 0.842184 1.417853
v 5.199663 0.818473 1.437614
v 5.326692 0.908665 1.500225
v 5.318857 0.879939 1.491448
v 5.315555 0.903650 1.471687
v 4.599362 0.608243 1.588486
v 4.618631 0.622021 1.613111
v 4.606411 0.641673 1.587973
v 4.751797 0.708955 1.616336
v 4.772982 0.721587 1.592691
v 4.739577 0.728607 1.591197
v 4.605673 0.604471 1.429593
v 4.612721 0.637901 1.429079
v 4.626858 0.617103 1.405948
v 4.779293 0.717815 1.433797
v 4.760024 0.704038 1.409173
v 4.745886 0.724835 1.432304
v 4.686128 0.475092 1.595093
v 4.719533 0.468072 1.596586
v 4.705396 0.488869 1.619717
v 4.859747 0.588435 1.599297
v 4.838562 0.575804 1.622942
v 4.852699 0.555006 1.599811
v 4.692438 0.471320 1.436200
v 4.713623 0.483952 1.412555
v 4.725843 0.464300 1.437693
v 4.866058 0.584664 1.440404
v 4.859010 0.551234 1.440918
v 4.846789 0.570886 1.415779
v 5.088657 0.560007 2.492025
v 5.073273 0.563372 2.523008
v 5.060562 0.541013 2.499631
v 4.923019 0.596352 2.573158
v 4.892758 0.603005 2.557410
v 4.910308 0.573992 2.549782
v 5.039689 0.570831 2.338194
v 5.011594 0.551837 2.345801
v 5.009428 0.577485 2.322446
v 4.843790 0.613829 2.403580
v 4.859174 0.610464 2.372597
v 4.861340 0.584816 2.395951
v 5.123367 0.718039 2.492095
v 5.105817 0.747052 2.499723
v 5.107982 0.721404 2.523078
v 4.927468 0.761037 2.557481
v 4.957729 0.754384 2.573229
v 4.955564 0.780032 2.549874
v 5.074399 0.728863 2.338265
v 5.044138 0.735517 2.322517
v 5.056849 0.757877 2.345893
v 4.878500 0.771861 2.403650
v 4.906595 0.790856 2.396044
v 4.893885 0.768496 2.372667
v 5.274251 0.846185 2.938405
v 5.303151 0.854940 2.944541
v 5.285070 0.872688 2.927001
v 5.416754 0.892436 2.865375
v 5.422364 0.895072 2.835190
v 5.398673 0.910185 2.847835
v 5.197581 0.826042 2.818845
v 5.208401 0.852545 2.807441
v 5.203190 0.828678 2.788659
v 5.345694 0.874928 2.715629
v 5.316794 0.866173 2.709493
v 5.322004 0.890041 2.728274
v 5.316618 0.709192 2.934317
v 5.340308 0.694079 2.921671
v 5.345519 0.717947 2.940452
v 5.464731 0.758078 2.831101
v 5.459120 0.755443 2.861286
v 5.453910 0.731575 2.842505
v 5.239948 0.689049 2.814756
v 5.245558 0.691684 2.784571
v 5.263638 0.673936 2.802110
v 5.388061 0.737935 2.711540
v 5.377241 0.711432 2.722944
v 5.359160 0.729180 2.705405
v 4.369778 0.965036 1.549689
v 4.381755 0.983471 1.575960
v 4.362127 0.998337 1.552143
v 4.466413 1.117882 1.590083
v 4.480153 1.140278 1.568102
v 4.446785 1.132747 1.566266
v 4.375576 0.978073 1.390853
v 4.367927 1.011374 1.393307
v 4.389316 1.000469 1.368872
v 4.485952 1.153315 1.409266
v 4.473975 1.134879 1.382995
v 4.452584 1.145784 1.407430
v 4.504803 0.880203 1.547656
v 4.538171 0.887734 1.549493
v 4.516781 0.898639 1.573928
v 4.615179 1.055446 1.566070
v 4.601439 1.033049 1.588050
v 4.622829 1.022144 1.563616
v 4.510602 0.893240 1.388820
v 4.524343 0.915636 1.366839
v 4.543970 0.900771 1.390657
v 4.620978 1.068482 1.407233
v 4.628629 1.035181 1.404780
v 4.609000 1.050047 1.380962
v 4.681931 0.736065 2.157013
v 4.677392 0.751913 2.181277
v 4.656019 0.749100 2.161382
v 4.636698 0.879722 2.206923
v 4.628875 0.902700 2.190452
v 4.615324 0.876909 2.187030
v 4.671127 0.759533 2.022918
v 4.645214 0.772568 2.027287
v 4.663305 0.782511 2.006445
v 4.618070 0.926168 2.056356
v 4.622611 0.910320 2.032093
v 4.604519 0.900377 2.052934
v 4.811841 0.778054 2.153894
v 4.825392 0.803845 2.157316
v 4.807301 0.793902 2.178158
v 4.758783 0.944689 2.187332
v 4.766605 0.921711 2.203805
v 4.784697 0.931654 2.182963
v 4.801036 0.801522 2.019799
v 4.793213 0.824500 2.003326
v 4.814587 0.827313 2.023221
v 4.747978 0.968157 2.053237
v 4.773892 0.955122 2.048868
v 4.752518 0.952309 2.028974
v 4.678317 0.874817 2.121366
v 4.700916 0.901810 2.119071
v 4.668694 0.904534 2.104966
v 4.762338 0.991714 1.996113
v 4.758397 0.992033 1.961056
v 4.730115 0.994439 1.982009
v 4.590948 0.787011 2.013520
v 4.581325 0.816728 1.997120
v 4.587006 0.787329 1.978463
v 4.671029 0.904227 1.853210
v 4.648428 0.877234 1.855505
v 4.642747 0.906632 1.874163
v 4.803088 0.769076 2.106378
v 4.831370 0.766671 2.085425
v 4.825688 0.796069 2.104083
v 4.883170 0.886292 1.946068
v 4.887110 0.885974 1.981126
v 4.892792 0.856575 1.962468
v 4.715721 0.681270 1.998532
v 4.711779 0.681588 1.963475
v 4.744002 0.678864 1.977579
v 4.795801 0.798486 1.838222
v 4.805424 0.768769 1.854622
v 4.773201 0.771493 1.840517
v 5.462849 0.727729 2.224530
v 5.458358 0.738728 2.257010
v 5.430907 0.732305 2.236977
v 5.379461 0.860994 2.325926
v 5.359983 0.887137 2.314381
v 5.352010 0.854571 2.305893
v 5.413514 0.777582 2.079602
v 5.381572 0.782159 2.092050
v 5.394036 0.803726 2.068057
v 5.310648 0.936990 2.169454
v 5.315139 0.925992 2.136972
v 5.302675 0.904425 2.160966
v 5.594243 0.819864 2.211494
v 5.602217 0.852430 2.219983
v 5.589753 0.830863 2.243976
v 5.491377 0.979272 2.301346
v 5.510855 0.953129 2.312891
v 5.523319 0.974696 2.288899
v 5.544908 0.869717 2.066567
v 5.525431 0.895861 2.055022
v 5.552882 0.902283 2.075055
v 5.442042 1.029126 2.156419
v 5.473984 1.024549 2.143971
v 5.446533 1.018127 2.123938
v 5.384292 0.899615 2.182076
v 5.403565 0.903118 2.209936
v 5.402177 0.928190 2.186927
v 5.556110 0.936633 2.237244
v 5.583176 0.943311 2.217680
v 5.554720 0.961705 2.214236
v 5.409944 0.910064 2.025962
v 5.427828 0.938639 2.030813
v 5.437010 0.916741 2.006398
v 5.608828 0.953760 2.061567
v 5.589554 0.950256 2.033706
v 5.580371 0.972154 2.058122
v 5.419091 0.744998 2.177445
v 5.447546 0.726604 2.180890
v 5.438365 0.748502 2.205305
v 5.617975 0.788694 2.213049
v 5.590909 0.782017 2.232614
v 5.600091 0.760119 2.208198
v 5.444743 0.755447 2.021331
v 5.471809 0.762125 2.001767
v 5.473198 0.737053 2.024776
v 5.643627 0.799143 2.056936
v 5.625742 0.770568 2.052084
v 5.624352 0.795640 2.029075
v 4.353355 0.658133 2.116985
v 4.368313 0.680289 2.127371
v 4.348692 0.684571 2.106899
v 4.444800 0.775842 2.074048
v 4.453079 0.782714 2.047464
v 4.425179 0.780124 2.053576
v 4.331367 0.607823 1.995291
v 4.326705 0.634261 1.985204
v 4.339646 0.614695 1.968707
v 4.431091 0.732404 1.925770
v 4.416133 0.710248 1.915385
v 4.403192 0.729814 1.931881
v 4.460548 0.579632 2.130072
v 4.488448 0.582222 2.123961
v 4.475505 0.601787 2.140457
v 4.560272 0.704212 2.060551
v 4.551993 0.697340 2.087135
v 4.564935 0.677775 2.070638
v 4.438561 0.529321 2.008378
v 4.446839 0.536193 1.981794
v 4.466460 0.531911 2.002266
v 4.538284 0.653902 1.938856
v 4.542948 0.627464 1.948943
v 4.523326 0.631747 1.928471
v 5.301193 0.878647 3.024294
v 5.288643 0.883294 3.056801
v 5.271362 0.862810 3.034050
v 5.146186 0.933536 3.119765
v 5.115461 0.944152 3.106385
v 5.128907 0.913053 3.097013
v 5.241360 0.898296 2.873243
v 5.211530 0.882460 2.882999
v 5.210634 0.908913 2.859863
v 5.055629 0.963802 2.955334
v 5.068178 0.959155 2.922827
v 5.069074 0.932702 2.945962
v 5.355126 1.033152 3.023030
v 5.341680 1.064252 3.032402
v 5.342577 1.037799 3.055537
v 5.169394 1.098658 3.105121
v 5.200120 1.088042 3.118500
v 5.199224 1.114495 3.095365
v 5.295293 1.052802 2.871979
v 5.264567 1.063418 2.858599
v 5.281848 1.083902 2.881351
v 5.109562 1.118307 2.954070
v 5.139392 1.134144 2.944314
v 5.122111 1.113661 2.921562
v 3.338224 0.634453 2.084200
v 3.330803 0.654975 2.112600
v 3.306576 0.651060 2.086513
v 3.281819 0.812854 2.134403
v 3.274359 0.840293 2.112627
v 3.257591 0.808939 2.108317
v 3.338098 0.657224 1.919027
v 3.306450 0.673832 1.921340
v 3.330639 0.684664 1.897250
v 3.274234 0.863065 1.947454
v 3.281655 0.842543 1.919053
v 3.257466 0.831711 1.943144
v 3.497602 0.682994 2.090770
v 3.514370 0.714348 2.095080
v 3.490180 0.703516 2.119171
v 3.433737 0.888835 2.119197
v 3.441196 0.861395 2.140974
v 3.465385 0.872227 2.116884
v 3.497476 0.705766 1.925597
v 3.490017 0.733206 1.903821
v 3.514244 0.737120 1.929907
v 3.433611 0.911607 1.954025
v 3.465259 0.894999 1.951711
v 3.441032 0.891085 1.925624
v 5.483990 1.029550 2.940388
v 5.503678 1.047390 2.944066
v 5.481469 1.054472 2.930799
v 5.571755 1.120458 2.869115
v 5.572748 1.124815 2.842668
v 5.549546 1.127540 2.855847
v 5.422447 0.985167 2.841222
v 5.419927 1.010089 2.831632
v 5.423440 0.989524 2.814775
v 5.511206 1.080432 2.743502
v 5.491517 1.062592 2.739824
v 5.488005 1.083157 2.756681
v 5.568660 0.938542 2.928573
v 5.591861 0.935817 2.915394
v 5.588349 0.956382 2.932251
v 5.657418 1.033807 2.830852
v 5.656426 1.029450 2.857299
v 5.659939 1.008885 2.840442
v 5.507118 0.894159 2.829406
v 5.508111 0.898516 2.802960
v 5.530319 0.891434 2.816227
v 5.595876 0.989424 2.731686
v 5.598397 0.964502 2.741276
v 5.576188 0.971584 2.728008
v 3.929751 0.665708 2.854058
v 3.911730 0.680984 2.867085
v 3.903436 0.662992 2.848774
v 3.819650 0.758940 2.832201
v 3.809698 0.767346 2.808576
v 3.811356 0.740948 2.813889
v 3.956313 0.643093 2.733410
v 3.929997 0.640377 2.728125
v 3.946361 0.651499 2.709785
v 3.836260 0.744731 2.687928
v 3.854280 0.729455 2.674901
v 3.837917 0.718333 2.693241
v 4.010921 0.761543 2.853964
v 4.009264 0.787940 2.848652
v 3.992900 0.776819 2.866991
v 3.890868 0.863181 2.808482
v 3.900820 0.854775 2.832107
v 3.917184 0.865896 2.813767
v 4.037483 0.738928 2.733316
v 4.027531 0.747334 2.709692
v 4.035825 0.765325 2.728003
v 3.917429 0.840566 2.687834
v 3.943745 0.843282 2.693119
v 3.935450 0.825290 2.674807
v 3.638088 0.728158 2.507630
v 3.639037 0.730192 2.540478
v 3.643760 0.757147 2.522171
v 3.740543 0.782014 2.642968
v 3.770429 0.795722 2.641255
v 3.745266 0.808969 2.624662
v 3.733340 0.766587 2.393860
v 3.739013 0.795577 2.408402
v 3.763227 0.780296 2.392147
v 3.865682 0.834152 2.527486
v 3.864732 0.832118 2.494638
v 3.840519 0.847399 2.510893
v 3.702249 0.589121 2.514384
v 3.727413 0.575874 2.530978
v 3.703199 0.591156 2.547233
v 3.834591 0.656686 2.648010
v 3.804705 0.642978 2.649724
v 3.828919 0.627697 2.633469
v 3.797502 0.627551 2.400615
v 3.827388 0.641260 2.398902
v 3.822666 0.614304 2.417209
v 3.929844 0.695116 2.534241
v 3.924172 0.666126 2.519700
v 3.928894 0.693082 2.501393
v 4.805902 0.874485 1.733195
v 4.812718 0.900421 1.742078
v 4.791406 0.896871 1.723878
v 4.844264 1.013634 1.683062
v 4.847030 1.022091 1.656250
v 4.822952 1.010084 1.664861
v 4.792570 0.816947 1.615692
v 4.778074 0.839334 1.606375
v 4.795336 0.825404 1.588880
v 4.833698 0.964553 1.538747
v 4.826881 0.938618 1.529864
v 4.809620 0.952547 1.547358
v 4.932876 0.840317 1.735519
v 4.956954 0.852323 1.726908
v 4.939692 0.866253 1.744403
v 4.974004 0.987923 1.658575
v 4.971238 0.979466 1.685387
v 4.988499 0.965537 1.667892
v 4.919544 0.782779 1.618016
v 4.922310 0.791236 1.591204
v 4.943622 0.794786 1.609405
v 4.960672 0.930385 1.541072
v 4.975167 0.907999 1.550389
v 4.953856 0.904449 1.532188
v 4.525589 0.931744 2.337349
v 4.546284 0.948607 2.354763
v 4.529585 0.962846 2.331648
v 4.662567 1.035609 2.324355
v 4.677198 1.045175 2.297704
v 4.645869 1.049849 2.301240
v 4.505633 0.907720 2.192296
v 4.509629 0.938823 2.186594
v 4.520264 0.917286 2.165645
v 4.657241 1.021152 2.152651
v 4.636548 1.004288 2.135237
v 4.625912 1.025825 2.156187
v 4.615566 0.813975 2.344475
v 4.646895 0.809302 2.340938
v 4.636260 0.830839 2.361888
v 4.767174 0.927407 2.304830
v 4.752543 0.917841 2.331481
v 4.763178 0.896304 2.310531
v 4.595609 0.789952 2.199421
v 4.610240 0.799518 2.172771
v 4.626938 0.785279 2.195885
v 4.747218 0.903384 2.159776
v 4.743222 0.872281 2.165477
v 4.726524 0.886520 2.142363
v 4.027599 0.981377 3.187701
v 4.053605 0.990739 3.197460
v 4.038363 1.007020 3.178438
v 4.169975 1.030931 3.138617
v 4.179321 1.033778 3.110982
v 4.154734 1.047211 3.119596
v 3.972761 0.959934 3.064604
v 3.983526 0.985576 3.055342
v 3.982107 0.962782 3.036969
v 4.124483 1.012335 2.987886
v 4.098477 1.002973 2.978126
v 4.099895 1.025767 2.996499
v 4.073104 0.852752 3.189836
v 4.097691 0.839319 3.181222
v 4.099109 0.862114 3.199595
v 4.224825 0.905153 3.113117
v 4.215479 0.902305 3.140753
v 4.214061 0.879511 3.122379
v 4.018266 0.831308 3.066739
v 4.027612 0.834156 3.039104
v 4.042853 0.817876 3.058126
v 4.169987 0.883709 2.990021
v 4.159223 0.858067 2.999283
v 4.143981 0.874347 2.980261
v 4.744073 0.640965 2.123983
v 4.739624 0.662717 2.138673
v 4.721353 0.654541 2.121120
v 4.710504 0.780641 2.114057
v 4.706109 0.794712 2.091889
v 4.692234 0.772465 2.096504
v 4.744253 0.615682 2.002654
v 4.721532 0.629258 1.999791
v 4.739857 0.629753 1.980486
v 4.706287 0.769430 1.970560
v 4.710738 0.747678 1.955870
v 4.692413 0.747182 1.975175
v 4.864539 0.669507 2.118213
v 4.878414 0.691754 2.113598
v 4.860089 0.691259 2.132903
v 4.826574 0.823255 2.086119
v 4.830970 0.809183 2.108287
v 4.849295 0.809678 2.088982
v 4.864718 0.644225 1.996884
v 4.860323 0.658296 1.974716
v 4.878593 0.666472 1.992268
v 4.826753 0.797972 1.964790
v 4.849474 0.784396 1.967653
v 4.831203 0.776220 1.950100
v 3.785651 0.783575 2.006047
v 3.785260 0.785883 2.036342
v 3.767162 0.803572 2.019523
v 3.802526 0.891503 2.128841
v 3.808162 0.921280 2.126645
v 3.784429 0.909191 2.112022
v 3.805490 0.874001 1.899092
v 3.787002 0.893997 1.912568
v 3.811126 0.903778 1.896896
v 3.828001 1.011705 2.019691
v 3.828393 1.009397 1.989395
v 3.804268 0.999616 2.005067
v 3.924640 0.757547 2.009822
v 3.948374 0.769637 2.024446
v 3.924248 0.759855 2.040118
v 3.947151 0.895252 2.130421
v 3.941515 0.865474 2.132617
v 3.965640 0.875256 2.116944
v 3.944479 0.847972 1.902868
v 3.950115 0.877750 1.900672
v 3.968213 0.860062 1.917491
v 3.966990 0.985677 2.023466
v 3.985479 0.965681 2.009990
v 3.967381 0.983369 1.993171
v 4.851144 0.761939 3.193639
v 4.827604 0.779580 3.203989
v 4.821990 0.756124 3.184222
v 4.722511 0.857624 3.141226
v 4.714125 0.863692 3.111810
v 4.716897 0.834168 3.121459
v 4.901029 0.723845 3.062739
v 4.871875 0.718029 3.053321
v 4.892644 0.729912 3.033323
v 4.764009 0.825597 2.980910
v 4.787549 0.807956 2.970560
v 4.766781 0.796073 2.990558
v 4.937985 0.878269 3.192880
v 4.935213 0.907793 3.183231
v 4.914446 0.895910 3.203229
v 4.800966 0.980021 3.111050
v 4.809352 0.973954 3.140466
v 4.830120 0.985837 3.120468
v 4.987871 0.840174 3.061979
v 4.979485 0.846242 3.032563
v 4.985098 0.869698 3.052330
v 4.850851 0.941927 2.980150
v 4.880005 0.947742 2.989568
v 4.874391 0.924286 2.969800
v 5.246461 0.910606 2.374463
v 5.268118 0.927757 2.394686
v 5.248075 0.944762 2.372748
v 5.384468 1.034031 2.370759
v 5.398156 1.049165 2.343267
v 5.364424 1.051036 2.348821
v 5.220229 0.903961 2.217390
v 5.221842 0.938118 2.215676
v 5.233917 0.919094 2.189898
v 5.371923 1.042520 2.186194
v 5.350266 1.025368 2.165971
v 5.338191 1.044392 2.191749
v 5.352190 0.792007 2.361822
v 5.385922 0.790135 2.356267
v 5.373847 0.809159 2.382046
v 5.503885 0.930566 2.330626
v 5.490197 0.915433 2.358118
v 5.502272 0.896410 2.332340
v 5.325958 0.785363 2.204750
v 5.339646 0.800496 2.177257
v 5.359690 0.783491 2.199195
v 5.477652 0.923922 2.173554
v 5.476040 0.889765 2.175268
v 5.455996 0.906770 2.153330
v 4.744642 0.591112 2.992972
v 4.747331 0.587336 3.022184
v 4.722099 0.597855 3.010893
v 4.731530 0.668001 3.132649
v 4.724041 0.696282 3.136994
v 4.706297 0.678520 3.121358
v 4.711134 0.696640 2.911119
v 4.688591 0.703382 2.929040
v 4.703644 0.724922 2.915464
v 4.690532 0.801810 3.055141
v 4.687843 0.805587 3.025929
v 4.672789 0.784048 3.039504
v 4.877256 0.627388 2.985453
v 4.894999 0.645150 3.001089
v 4.879946 0.623612 3.014664
v 4.856654 0.732558 3.129475
v 4.864144 0.704277 3.125129
v 4.879198 0.725816 3.111554
v 4.843748 0.732916 2.903599
v 4.836258 0.761198 2.907945
v 4.861491 0.750679 2.919236
v 4.823146 0.838086 3.047621
v 4.845689 0.831344 3.029700
v 4.820457 0.841862 3.018409
v 3.312680 0.730893 1.810775
v 3.282837 0.748665 1.813124
v 3.283977 0.718853 1.795183
v 3.176539 0.808735 1.706555
v 3.174090 0.809212 1.671832
v 3.177679 0.778923 1.688614
v 3.402852 0.673962 1.688741
v 3.374149 0.661922 1.673149
v 3.400403 0.674439 1.654018
v 3.264263 0.752280 1.549798
v 3.294105 0.734509 1.547449
v 3.267852 0.721992 1.566581
v 3.395349 0.870231 1.806857
v 3.391760 0.900519 1.790075
v 3.365506 0.888003 1.809206
v 3.256760 0.948549 1.667914
v 3.259209 0.948073 1.702637
v 3.285463 0.960589 1.683506
v 3.485522 0.813299 1.684823
v 3.483073 0.813776 1.650100
v 3.481933 0.843588 1.668041
v 3.346932 0.891618 1.545880
v 3.375635 0.903658 1.561472
v 3.376775 0.873846 1.543531
v 3.497991 0.816771 1.750015
v 3.478442 0.844645 1.749581
v 3.468803 0.816823 1.732482
v 3.416030 0.936016 1.636086
v 3.416620 0.935900 1.602043
v 3.406392 0.908194 1.618987
v 3.564286 0.724631 1.639379
v 3.535098 0.724683 1.621846
v 3.564876 0.724514 1.605335
v 3.482914 0.843760 1.491407
v 3.502464 0.815886 1.491841
v 3.472687 0.816055 1.508352
v 3.627740 0.907801 1.751951
v 3.637968 0.935506 1.735006
v 3.608191 0.935675 1.751516
v 3.546369 1.026930 1.603978
v 3.545779 1.027046 1.638022
v 3.575556 1.026878 1.621511
v 3.694035 0.815661 1.641315
v 3.694625 0.815545 1.607272
v 3.704263 0.843367 1.624370
v 3.612664 0.934790 1.493343
v 3.641852 0.934738 1.510876
v 3.632213 0.906916 1.493777
v 4.532413 0.779548 1.986664
v 4.527053 0.781416 2.013050
v 4.506833 0.780765 1.995185
v 4.461014 0.860549 2.084910
v 4.446313 0.882720 2.080354
v 4.440794 0.859898 2.067045
v 4.501664 0.846382 1.884807
v 4.476083 0.847598 1.893328
v 4.486962 0.868553 1.880251
v 4.415563 0.949554 1.978497
v 4.420923 0.947686 1.952111
v 4.410044 0.926731 1.965188
v 4.634787 0.850670 2.002425
v 4.640305 0.873492 2.015734
v 4.629426 0.852538 2.028811
v 4.548686 0.953842 2.096115
v 4.563387 0.931671 2.100671
v 4.574266 0.952625 2.087594
v 4.604037 0.917503 1.900568
v 4.589335 0.939675 1.896012
v 4.609556 0.940326 1.913877
v 4.517936 1.020676 1.994258
v 4.543517 1.019459 1.985737
v 4.523296 1.018807 1.967872
v 5.450956 0.666865 1.597222
v 5.471200 0.692334 1.593357
v 5.441206 0.693103 1.580196
v 5.525696 0.769587 1.473672
v 5.522008 0.767587 1.441179
v 5.495703 0.770357 1.460511
v 5.372181 0.576442 1.502987
v 5.362431 0.602680 1.485961
v 5.368493 0.574441 1.470494
v 5.443232 0.677164 1.346944
v 5.422989 0.651695 1.350809
v 5.416927 0.679933 1.366276
v 5.569644 0.571378 1.589630
v 5.595950 0.568608 1.570298
v 5.589887 0.596846 1.585764
v 5.640696 0.672100 1.433587
v 5.644384 0.674100 1.466080
v 5.650447 0.645862 1.450613
v 5.490868 0.480954 1.495394
v 5.487181 0.478954 1.462902
v 5.517174 0.478184 1.476062
v 5.561920 0.581676 1.339351
v 5.571671 0.555438 1.356377
v 5.541677 0.556207 1.343217
v 4.713096 0.784604 2.583375
v 4.718397 0.811105 2.590797
v 4.699583 0.805664 2.570749
v 4.754736 0.919170 2.527360
v 4.760474 0.925498 2.500668
v 4.735922 0.913728 2.507313
v 4.714531 0.718200 2.471076
v 4.701019 0.739259 2.458450
v 4.720269 0.724527 2.444383
v 4.761910 0.859093 2.388368
v 4.756608 0.832592 2.380947
v 4.737359 0.847323 2.395014
v 4.838396 0.754025 2.603060
v 4.862947 0.765794 2.596414
v 4.843697 0.780526 2.610482
v 4.885774 0.894918 2.520352
v 4.880036 0.888590 2.547045
v 4.899287 0.873859 2.532978
v 4.839832 0.687620 2.490761
v 4.845569 0.693948 2.464068
v 4.864383 0.699389 2.484115
v 4.887210 0.828513 2.408053
v 4.900722 0.807454 2.420679
v 4.881909 0.802013 2.400631
v 4.961091 0.708550 2.674162
v 4.937875 0.726428 2.675372
v 4.935637 0.700366 2.662112
v 4.852820 0.780568 2.583318
v 4.850198 0.779137 2.554143
v 4.850583 0.754506 2.570057
v 5.028879 0.644985 2.574144
v 5.003426 0.636801 2.562093
v 5.026258 0.643554 2.544969
v 4.917987 0.715573 2.454124
v 4.941203 0.697694 2.452914
v 4.918372 0.690942 2.470038
v 5.043613 0.816568 2.661444
v 5.043228 0.841198 2.645530
v 5.020397 0.834446 2.662654
v 4.932720 0.887155 2.541425
v 4.935342 0.888586 2.570600
v 4.958173 0.895339 2.553476
v 5.111403 0.753003 2.561426
v 5.108779 0.751572 2.532251
v 5.111017 0.777634 2.545511
v 5.000509 0.823591 2.441406
v 5.025962 0.831774 2.453457
v 5.023725 0.805712 2.440197
v 3.965760 0.899865 2.408346
v 3.944947 0.917412 2.406683
v 3.943514 0.893312 2.393994
v 3.880345 0.971320 2.311599
v 3.881533 0.970150 2.284377
v 3.878912 0.947221 2.298910
v 4.038185 0.838252 2.324208
v 4.015937 0.831700 2.309856
v 4.039373 0.837082 2.296985
v 3.953957 0.908537 2.200239
v 3.974771 0.890991 2.201901
v 3.951336 0.885608 2.214772
v 4.047626 0.996913 2.407747
v 4.050248 1.019842 2.393214
v 4.026813 1.014460 2.406085
v 3.963399 1.067198 2.283778
v 3.962211 1.068368 2.311000
v 3.985646 1.073751 2.298130
v 4.120049 0.935300 2.323609
v 4.121238 0.934130 2.296387
v 4.122672 0.958229 2.309076
v 4.035822 1.005585 2.199640
v 4.058070 1.012138 2.213991
v 4.056636 0.988039 2.201303
v 4.181550 0.627998 3.081087
v 4.202025 0.641293 3.098237
v 4.185494 0.657526 3.079440
v 4.310572 0.724723 3.074824
v 4.323071 0.736774 3.050561
v 4.294040 0.740957 3.056027
v 4.155291 0.623905 2.944761
v 4.159235 0.653432 2.943114
v 4.167789 0.635955 2.920497
v 4.296811 0.732680 2.914234
v 4.276336 0.719386 2.897084
v 4.267781 0.736863 2.919700
v 4.264129 0.517031 3.068512
v 4.293159 0.512848 3.063046
v 4.284606 0.530325 3.085663
v 4.405650 0.625807 3.037986
v 4.393152 0.613756 3.062249
v 4.401706 0.596279 3.039633
v 4.237870 0.512937 2.932186
v 4.250369 0.524988 2.907923
v 4.266900 0.508755 2.926720
v 4.379391 0.621713 2.901660
v 4.375446 0.592186 2.903306
v 4.358915 0.608419 2.884509
v 4.173797 0.725838 2.618847
v 4.176144 0.726362 2.648886
v 4.179712 0.751750 2.633050
v 4.273672 0.769508 2.740031
v 4.300953 0.782092 2.737680
v 4.277241 0.794896 2.724194
v 4.255873 0.765539 2.512227
v 4.261788 0.791451 2.526429
v 4.283154 0.778123 2.509876
v 4.383030 0.821793 2.631059
v 4.380683 0.821270 2.601020
v 4.359318 0.834598 2.617573
v 4.232381 0.598390 2.616490
v 4.256094 0.585586 2.629976
v 4.234728 0.598914 2.646529
v 4.359538 0.654644 2.735322
v 4.332257 0.642060 2.737673
v 4.353622 0.628732 2.721120
v 4.314458 0.638091 2.509870
v 4.341739 0.650675 2.507519
v 4.338171 0.625287 2.523356
v 4.441616 0.694345 2.628702
v 4.435700 0.668433 2.614500
v 4.439268 0.693821 2.598663
v 3.465479 0.628925 3.137754
v 3.434948 0.636231 3.135395
v 3.446222 0.610772 3.120704
v 3.342189 0.659265 3.024288
v 3.344542 0.658955 2.992895
v 3.353463 0.633805 3.009598
v 3.573728 0.603857 3.042185
v 3.554470 0.585704 3.025135
v 3.576080 0.603548 3.010792
v 3.452790 0.633888 2.897326
v 3.483321 0.626582 2.899686
v 3.461711 0.608737 2.914028
v 3.499503 0.771475 3.138901
v 3.490582 0.796626 3.122200
v 3.468971 0.778781 3.136541
v 3.378565 0.801506 2.994042
v 3.376213 0.801815 3.025435
v 3.397822 0.819659 3.011093
v 3.607751 0.746408 3.043332
v 3.610104 0.746099 3.011940
v 3.598829 0.771558 3.026630
v 3.486813 0.776438 2.898473
v 3.506070 0.794592 2.915524
v 3.517344 0.769132 2.900833
v 4.568284 0.920001 2.032833
v 4.595154 0.927051 2.052272
v 4.585429 0.948887 2.028226
v 4.746119 0.964079 2.024839
v 4.765110 0.968278 1.997067
v 4.736394 0.985916 2.000794
v 4.542346 0.910612 1.877419
v 4.559491 0.939498 1.872813
v 4.561337 0.914810 1.849647
v 4.739172 0.958889 1.841653
v 4.712303 0.951838 1.822214
v 4.710456 0.976527 1.845380
v 4.606375 0.766851 2.035728
v 4.635090 0.749213 2.032001
v 4.633245 0.773901 2.055167
v 4.803201 0.815128 1.999962
v 4.784211 0.810930 2.027735
v 4.786056 0.786241 2.004568
v 4.580437 0.757462 1.880314
v 4.599428 0.761660 1.852542
v 4.609153 0.739824 1.876587
v 4.777264 0.805739 1.844548
v 4.760118 0.776852 1.849155
v 4.750393 0.798688 1.825109
v 3.420877 0.613152 1.595814
v 3.422340 0.613847 1.623491
v 3.400372 0.624669 1.610494
v 3.415093 0.706587 1.712963
v 3.411428 0.734064 1.712466
v 3.393124 0.717409 1.699967
v 3.403996 0.701310 1.503069
v 3.383491 0.712828 1.517750
v 3.400331 0.728787 1.502572
v 3.394547 0.822222 1.619721
v 3.393084 0.821526 1.592044
v 3.376244 0.805567 1.607222
v 3.548630 0.630061 1.588634
v 3.566934 0.646716 1.601134
v 3.550094 0.630757 1.616312
v 3.539182 0.750973 1.705287
v 3.542846 0.723496 1.705784
v 3.559687 0.739455 1.690606
v 3.531749 0.718219 1.495890
v 3.528085 0.745696 1.495393
v 3.550054 0.734874 1.508390
v 3.522300 0.839131 1.612542
v 3.542806 0.827614 1.597862
v 3.520838 0.838436 1.584865
v 3.388428 0.889926 1.567442
v 3.365253 0.911424 1.570297
v 3.360783 0.885543 1.552478
v 3.283964 0.990613 1.475678
v 3.282444 0.993171 1.444078
v 3.279493 0.964732 1.457858
v 3.459707 0.827576 1.454024
v 3.432062 0.823194 1.439059
v 3.458186 0.830134 1.422424
v 3.353723 0.930822 1.330660
v 3.376897 0.909323 1.327804
v 3.350772 0.902383 1.344439
v 3.489141 0.997970 1.571342
v 3.492091 1.026409 1.557562
v 3.465967 1.019468 1.574197
v 3.383157 1.101215 1.447978
v 3.384677 1.098657 1.479577
v 3.410801 1.105598 1.462942
v 3.560420 0.935620 1.457923
v 3.558899 0.938178 1.426324
v 3.563370 0.964060 1.444144
v 3.454436 1.038866 1.334559
v 3.482080 1.043249 1.349524
v 3.477610 1.017367 1.331704
v 5.438469 0.874924 2.943926
v 5.451414 0.882805 2.975719
v 5.445618 0.908397 2.952227
v 5.583521 0.962999 3.030490
v 5.610709 0.979480 3.015335
v 5.577725 0.988591 3.006998
v 5.485358 0.903233 2.789385
v 5.492506 0.936706 2.797685
v 5.512545 0.919713 2.774230
v 5.657596 1.007789 2.860793
v 5.644651 0.999908 2.829000
v 5.624612 1.016900 2.852455
v 5.523514 0.734744 2.944050
v 5.556497 0.725632 2.952388
v 5.536458 0.742625 2.975843
v 5.695752 0.839299 3.015460
v 5.668565 0.822819 3.030614
v 5.688604 0.805826 3.007159
v 5.570401 0.763052 2.789508
v 5.597589 0.779533 2.774354
v 5.603385 0.753941 2.797846
v 5.742640 0.867608 2.860917
v 5.735491 0.834135 2.852617
v 5.729695 0.859727 2.829124
v 4.496007 0.825035 2.015615
v 4.481035 0.839110 2.044743
v 4.460523 0.825421 2.019002
v 4.367137 0.956421 2.073119
v 4.347508 0.977982 2.052611
v 4.346625 0.942732 2.047378
v 4.480677 0.849674 1.852221
v 4.445193 0.850061 1.855609
v 4.461048 0.871235 1.831713
v 4.332179 1.002622 1.889218
v 4.347151 0.988546 1.860089
v 4.331296 0.967371 1.883985
v 4.615723 0.939798 2.021689
v 4.616606 0.975049 2.026922
v 4.600751 0.953875 2.050818
v 4.467225 1.092746 2.058686
v 4.486854 1.071185 2.079194
v 4.502709 1.092359 2.055299
v 4.600393 0.964438 1.858296
v 4.580765 0.985999 1.837788
v 4.601277 0.999688 1.863529
v 4.451896 1.117386 1.895292
v 4.487380 1.116999 1.891905
v 4.466867 1.103310 1.866164
v 3.258643 0.930748 2.921435
v 3.266089 0.935674 2.953570
v 3.261101 0.961777 2.933418
v 3.375116 1.015528 3.030013
v 3.400790 1.034861 3.021101
v 3.370128 1.041631 3.009861
v 3.318644 0.978176 2.786315
v 3.321102 1.009203 2.798297
v 3.344318 0.997509 2.777402
v 3.460791 1.082288 2.885980
v 3.453345 1.077363 2.853845
v 3.430129 1.089058 2.874740
v 3.351487 0.806326 2.918991
v 3.382150 0.799556 2.930231
v 3.358933 0.811251 2.951126
v 3.493634 0.910438 3.018656
v 3.467960 0.891105 3.027569
v 3.491176 0.879410 3.006674
v 3.411488 0.853753 2.783871
v 3.437162 0.873086 2.774958
v 3.442151 0.846983 2.795110
v 3.553636 0.957865 2.883535
v 3.551178 0.926837 2.871553
v 3.546189 0.952940 2.851401
v 3.523575 0.958407 1.718366
v 3.490969 0.968994 1.722528
v 3.497887 0.941995 1.702138
v 3.372340 1.013374 1.623518
v 3.368909 1.016269 1.589277
v 3.379259 0.986375 1.603127
v 3.619613 0.933086 1.591950
v 3.593925 0.916674 1.575722
v 3.616181 0.935981 1.557709
v 3.464947 0.990948 1.462861
v 3.497553 0.980361 1.458699
v 3.475297 0.961055 1.476711
v 3.574067 1.110836 1.726193
v 3.563718 1.140730 1.712343
v 3.541461 1.121423 1.730356
v 3.419402 1.168698 1.597105
v 3.422833 1.165804 1.631346
v 3.445089 1.185110 1.613333
v 3.670105 1.085515 1.599777
v 3.666674 1.088410 1.565537
v 3.659756 1.115409 1.585927
v 3.515439 1.143378 1.470689
v 3.541127 1.159789 1.486917
v 3.548045 1.132791 1.466526
v 3.546339 0.616173 2.054492
v 3.566217 0.626555 2.077315
v 3.555907 0.646705 2.054699
v 3.698221 0.695560 2.078618
v 3.718443 0.706140 2.056191
v 3.687911 0.715710 2.056001
v 3.547468 0.616823 1.905541
v 3.557037 0.647356 1.905747
v 3.567690 0.627403 1.883114
v 3.719573 0.706790 1.907239
v 3.699694 0.696408 1.884417
v 3.689041 0.716360 1.907049
v 3.615346 0.484164 2.054439
v 3.645878 0.474594 2.054629
v 3.635225 0.494546 2.077262
v 3.787451 0.574131 2.056138
v 3.767229 0.563551 2.078565
v 3.777882 0.543599 2.055932
v 3.616476 0.484815 1.905488
v 3.636698 0.495395 1.883061
v 3.647007 0.475245 1.905677
v 3.788581 0.574782 1.907186
v 3.779011 0.544249 1.906980
v 3.768702 0.564399 1.884364
v 5.106696 0.564868 1.359670
v 5.106595 0.565320 1.391896
v 5.079198 0.560024 1.375768
v 5.030295 0.640858 1.496701
v 5.007218 0.663354 1.496313
v 5.002899 0.635563 1.480572
v 5.031065 0.637430 1.252309
v 5.003567 0.632586 1.268407
v 5.007988 0.659925 1.251921
v 4.931587 0.735916 1.388952
v 4.931688 0.735464 1.356725
v 4.927267 0.708125 1.373211
v 5.211434 0.672294 1.358493
v 5.215754 0.700085 1.374233
v 5.211332 0.672746 1.390719
v 5.111956 0.770780 1.495136
v 5.135033 0.748285 1.495524
v 5.139454 0.775624 1.479038
v 5.135803 0.744856 1.251132
v 5.112726 0.767352 1.250744
v 5.140122 0.772647 1.266872
v 5.036324 0.843342 1.387775
v 5.063822 0.848186 1.371677
v 5.036425 0.842890 1.355548
v 5.031736 0.757423 2.471405
v 5.035407 0.759672 2.497665
v 5.030070 0.781278 2.483078
v 5.109809 0.827059 2.570255
v 5.128739 0.845281 2.566048
v 5.104471 0.848666 2.555668
v 5.081964 0.810002 2.371113
v 5.080299 0.833858 2.382786
v 5.100895 0.828224 2.366905
v 5.178967 0.897861 2.465755
v 5.175296 0.895612 2.439496
v 5.154701 0.901245 2.455376
v 5.117103 0.667754 2.467149
v 5.141371 0.664370 2.477529
v 5.120774 0.670004 2.493409
v 5.214106 0.755613 2.561792
v 5.195176 0.737391 2.566000
v 5.215772 0.731758 2.550120
v 5.167332 0.720334 2.366857
v 5.186262 0.738556 2.362649
v 5.191599 0.716950 2.377237
v 5.264336 0.808193 2.461500
v 5.266001 0.784337 2.449827
v 5.260664 0.805943 2.435240
v 3.908874 0.497422 3.029050
v 3.908750 0.495951 3.063233
v 3.879274 0.499036 3.046135
v 3.850804 0.587854 3.179711
v 3.833326 0.617243 3.180912
v 3.821329 0.590940 3.162613
v 3.851748 0.599007 2.920478
v 3.822148 0.600622 2.937564
v 3.834269 0.628397 2.921679
v 3.776200 0.718829 3.072340
v 3.776325 0.720300 3.038157
v 3.764202 0.692525 3.054041
v 4.045804 0.578693 3.033045
v 4.057801 0.604997 3.051344
v 4.045680 0.577223 3.067229
v 3.970256 0.698515 3.184907
v 3.987734 0.669126 3.183706
v 3.999856 0.696900 3.167822
v 3.988678 0.680279 2.924473
v 3.971199 0.709668 2.925674
v 4.000675 0.706583 2.942772
v 3.913129 0.800100 3.076335
v 3.942730 0.798486 3.059250
v 3.913254 0.801571 3.042152
v 3.601465 0.591378 2.769346
v 3.571827 0.600911 2.766922
v 3.581090 0.574868 2.752392
v 3.482113 0.630630 2.656465
v 3.484497 0.630125 2.625333
v 3.491375 0.604588 2.641935
v 3.706871 0.558336 2.674844
v 3.686496 0.541827 2.657891
v 3.709254 0.557832 2.643713
v 3.589903 0.597084 2.530832
v 3.619540 0.587551 2.533255
v 3.596782 0.571547 2.547433
v 3.645890 0.729789 2.770504
v 3.639011 0.755327 2.753902
v 3.616253 0.739322 2.768080
v 3.528923 0.768537 2.626491
v 3.526539 0.769042 2.657623
v 3.549297 0.785046 2.643444
v 3.751296 0.696748 2.676002
v 3.753680 0.696243 2.644871
v 3.744418 0.722286 2.659400
v 3.634328 0.735496 2.531990
v 3.654704 0.752005 2.548944
v 3.663966 0.725963 2.534413
v 4.793352 0.538202 2.969835
v 4.799375 0.559243 2.985730
v 4.780858 0.561915 2.966193
v 4.837213 0.677730 2.966073
v 4.842685 0.692682 2.944206
v 4.818696 0.680401 2.946535
v 4.791542 0.518157 2.845529
v 4.779047 0.541870 2.841887
v 4.797014 0.533109 2.823662
v 4.840875 0.672637 2.819900
v 4.834852 0.651595 2.804004
v 4.816886 0.660356 2.822229
v 4.913444 0.500568 2.974155
v 4.937432 0.512848 2.971825
v 4.919466 0.521609 2.990050
v 4.962777 0.655048 2.948525
v 4.957304 0.640095 2.970392
v 4.975270 0.631334 2.952168
v 4.911633 0.480522 2.849848
v 4.917106 0.495475 2.827982
v 4.935622 0.492803 2.847519
v 4.960967 0.635002 2.824219
v 4.973460 0.611289 2.827861
v 4.954944 0.613961 2.808324
v 3.321444 0.751196 2.161238
v 3.325394 0.781111 2.162670
v 3.303090 0.769609 2.145855
v 3.343774 0.883623 2.068168
v 3.345406 0.884850 2.038029
v 3.321469 0.872121 2.051353
v 3.313812 0.656760 2.057313
v 3.295457 0.675172 2.041929
v 3.315444 0.657986 2.027173
v 3.337774 0.790413 1.934103
v 3.333823 0.760498 1.932672
v 3.313837 0.777684 1.947428
v 3.460660 0.732485 2.168017
v 3.484597 0.745214 2.154693
v 3.464611 0.762400 2.169449
v 3.484622 0.866139 2.044807
v 3.482990 0.864912 2.074947
v 3.502976 0.847726 2.060191
v 3.453027 0.638049 2.064091
v 3.454660 0.639275 2.033952
v 3.476965 0.650777 2.050767
v 3.476990 0.771702 1.940881
v 3.495344 0.753289 1.956265
v 3.473039 0.741787 1.939450
v 5.330239 0.703469 2.111266
v 5.319729 0.718720 2.138600
v 5.299009 0.713986 2.113333
v 5.252188 0.853463 2.168742
v 5.242180 0.879146 2.150565
v 5.231468 0.848729 2.143474
v 5.331889 0.737809 1.961452
v 5.300659 0.748326 1.963519
v 5.321880 0.763492 1.943275
v 5.243831 0.913486 2.000751
v 5.254340 0.898235 1.973417
v 5.233119 0.883069 1.993661
v 5.468303 0.768975 2.127802
v 5.479014 0.799392 2.134892
v 5.457793 0.784226 2.155136
v 5.380243 0.944652 2.167100
v 5.390252 0.918969 2.185277
v 5.411474 0.934135 2.165034
v 5.469953 0.803315 1.977989
v 5.459944 0.828998 1.959811
v 5.480664 0.833732 1.985079
v 5.381894 0.978992 2.017287
v 5.413124 0.968475 2.015220
v 5.392404 0.963741 1.989953
v 3.464449 0.677122 1.508221
v 3.466388 0.677107 1.542383
v 3.467083 0.706701 1.525221
v 3.568099 0.736812 1.649453
v 3.597057 0.754965 1.647817
v 3.568793 0.766406 1.632291
v 3.553391 0.736930 1.390381
v 3.556025 0.766508 1.407381
v 3.582349 0.755083 1.388745
v 3.685999 0.814773 1.529978
v 3.684060 0.814788 1.495816
v 3.657735 0.826213 1.514452
v 3.548818 0.542096 1.503370
v 3.577082 0.530655 1.518896
v 3.550757 0.542080 1.537532
v 3.681427 0.619939 1.642967
v 3.652467 0.601786 1.644602
v 3.678792 0.590361 1.625966
v 3.637759 0.601903 1.385530
v 3.666718 0.620056 1.383894
v 3.666023 0.590463 1.401057
v 3.770368 0.679746 1.525127
v 3.767734 0.650168 1.508127
v 3.768429 0.679762 1.490965
v 3.711526 0.742434 1.774343
v 3.712945 0.750484 1.800406
v 3.691204 0.757076 1.785241
v 3.704854 0.862220 1.860572
v 3.700977 0.888114 1.852785
v 3.683113 0.868812 1.845406
v 3.694092 0.801171 1.662915
v 3.673770 0.815813 1.673812
v 3.690215 0.827065 1.655128
v 3.683543 0.946851 1.741357
v 3.682124 0.938801 1.715293
v 3.665679 0.927549 1.733978
v 3.837228 0.757772 1.762761
v 3.855092 0.777074 1.770141
v 3.838647 0.765822 1.788825
v 3.826679 0.903452 1.841204
v 3.830556 0.877559 1.848990
v 3.847001 0.888810 1.830306
v 3.819794 0.816510 1.651333
v 3.815917 0.842403 1.643546
v 3.837658 0.835811 1.658712
v 3.809245 0.962189 1.729775
v 3.829567 0.947547 1.718878
v 3.807826 0.954139 1.703712
v 4.360389 0.522324 1.563682
v 4.360592 0.534569 1.588289
v 4.344425 0.544224 1.568268
v 4.380515 0.653961 1.629776
v 4.386364 0.677986 1.617773
v 4.364348 0.663616 1.609755
v 4.378967 0.561101 1.443168
v 4.363003 0.583001 1.447753
v 4.384816 0.585126 1.431164
v 4.404942 0.716763 1.497258
v 4.404738 0.704518 1.472651
v 4.382926 0.702393 1.489241
v 4.485410 0.497536 1.574980
v 4.507427 0.511906 1.582997
v 4.485615 0.509781 1.599586
v 4.511385 0.653198 1.629070
v 4.505537 0.629173 1.641074
v 4.527349 0.631298 1.624485
v 4.503989 0.536313 1.454465
v 4.509837 0.560338 1.442461
v 4.526005 0.550683 1.462483
v 4.529963 0.691975 1.508556
v 4.545928 0.670075 1.503970
v 4.529759 0.679730 1.483949
v 5.137028 0.768123 2.008371
v 5.111431 0.782648 2.020738
v 5.107716 0.759036 1.999577
v 4.992424 0.851707 1.964577
v 4.981868 0.858162 1.935149
v 4.988708 0.828096 1.943415
v 5.186541 0.741561 1.870788
v 5.157229 0.732474 1.861994
v 5.175986 0.748016 1.841360
v 5.031381 0.831600 1.797566
v 5.056978 0.817076 1.785199
v 5.038222 0.801534 1.805833
v 5.210999 0.897008 2.010109
v 5.204158 0.927074 2.001842
v 5.185402 0.911532 2.022476
v 5.055839 0.987047 1.936887
v 5.066394 0.980592 1.966315
v 5.085151 0.996134 1.945681
v 5.260512 0.870446 1.872526
v 5.249957 0.876901 1.843098
v 5.253672 0.900512 1.864260
v 5.105352 0.960485 1.799304
v 5.134664 0.969572 1.808098
v 5.130949 0.945961 1.786937
v 4.377835 0.581258 3.019986
v 4.366663 0.584511 3.050925
v 4.350636 0.565077 3.029522
v 4.232539 0.625148 3.114466
v 4.202966 0.634241 3.102831
v 4.216511 0.605715 3.093065
v 4.317267 0.600482 2.879843
v 4.290067 0.584301 2.889379
v 4.287694 0.609574 2.868207
v 4.142397 0.653464 2.962688
v 4.153570 0.650211 2.931749
v 4.155943 0.624938 2.952921
v 4.422784 0.728423 3.020746
v 4.409239 0.756949 3.030513
v 4.411612 0.731676 3.051685
v 4.247914 0.781405 3.103591
v 4.277486 0.772313 3.115227
v 4.275114 0.797586 3.094055
v 4.362214 0.747646 2.880603
v 4.332642 0.756739 2.868968
v 4.348670 0.776172 2.890370
v 4.187345 0.800628 2.963448
v 4.214545 0.816809 2.953911
v 4.198517 0.797376 2.932509
v 5.466483 0.994551 1.963623
v 5.455579 1.022262 1.961229
v 5.444007 1.000182 1.944764
v 5.435219 1.111204 1.856265
v 5.439937 1.110512 1.826773
v 5.423647 1.089124 1.839800
v 5.517906 0.901055 1.874424
v 5.495431 0.906686 1.855564
v 5.522624 0.900363 1.844932
v 5.491360 1.017015 1.737574
v 5.502264 0.989304 1.739968
v 5.475070 0.995627 1.750601
v 5.594090 1.046419 1.982822
v 5.610380 1.067807 1.969795
v 5.583187 1.074130 1.980427
v 5.567545 1.162380 1.845972
v 5.562826 1.163072 1.875464
v 5.590020 1.156749 1.864831
v 5.645514 0.952923 1.893622
v 5.650231 0.952231 1.864130
v 5.661803 0.974311 1.880595
v 5.618968 1.068883 1.756772
v 5.641443 1.063252 1.775631
v 5.629871 1.041173 1.759166
v 5.196980 0.539384 3.171358
v 5.172721 0.563344 3.180944
v 5.163554 0.536233 3.160076
v 5.067169 0.661074 3.100348
v 5.059363 0.666802 3.066277
v 5.058002 0.633963 3.079479
v 5.251141 0.479363 3.027649
v 5.217714 0.476213 3.016367
v 5.243335 0.485091 2.993579
v 5.113524 0.606782 2.922568
v 5.137784 0.582821 2.912982
v 5.112163 0.573943 2.935771
v 5.311494 0.657851 3.165038
v 5.312855 0.690690 3.151837
v 5.287235 0.681812 3.174625
v 5.173878 0.785269 3.059958
v 5.181684 0.779542 3.094028
v 5.207304 0.788419 3.071239
v 5.365655 0.597831 3.021329
v 5.357849 0.603559 2.987259
v 5.367017 0.630670 3.008127
v 5.228038 0.725250 2.916248
v 5.261466 0.728400 2.927531
v 5.252297 0.701289 2.906662
v 4.215260 0.646262 3.129339
v 4.209222 0.648385 3.158488
v 4.187556 0.641262 3.139242
v 4.117830 0.719835 3.234930
v 4.096105 0.739417 3.229003
v 4.096164 0.712712 3.215684
v 4.163619 0.703735 3.013880
v 4.135915 0.698735 3.023782
v 4.141894 0.723317 3.007953
v 4.044464 0.796890 3.113543
v 4.050502 0.794767 3.084395
v 4.044523 0.770185 3.100224
v 4.306264 0.750630 3.140589
v 4.306204 0.777335 3.153908
v 4.300226 0.752753 3.169737
v 4.187109 0.843785 3.240252
v 4.208834 0.824203 3.246179
v 4.214813 0.848785 3.230350
v 4.254622 0.808103 3.025129
v 4.232898 0.827685 3.019202
v 4.254564 0.834808 3.038448
v 4.135468 0.901258 3.124792
v 4.163172 0.906258 3.114890
v 4.141505 0.899135 3.095644
v 5.482762 0.885114 2.633418
v 5.512172 0.896378 2.641761
v 5.492495 0.914450 2.623117
v 5.632441 0.948886 2.565720
v 5.639566 0.953573 2.534277
v 5.612763 0.966958 2.547076
v 5.409406 0.863463 2.502445
v 5.419138 0.892799 2.492145
v 5.416532 0.868150 2.471001
v 5.566210 0.931921 2.403304
v 5.536800 0.920657 2.394960
v 5.539407 0.945307 2.416103
v 5.538960 0.744480 2.625190
v 5.565763 0.731094 2.612390
v 5.568369 0.755744 2.633534
v 5.695764 0.812938 2.526049
v 5.688638 0.808252 2.557493
v 5.686032 0.783602 2.536349
v 5.465604 0.722829 2.494217
v 5.472729 0.727516 2.462774
v 5.492407 0.709443 2.481418
v 5.622407 0.791287 2.395076
v 5.612676 0.761951 2.405377
v 5.592998 0.780023 2.386733
v 3.430780 1.018238 2.119151
v 3.434604 1.018607 2.148475
v 3.439060 1.043204 2.132671
v 3.537473 1.054151 2.232797
v 3.564898 1.064580 2.229089
v 3.541928 1.078748 2.216993
v 3.508469 1.051352 2.010416
v 3.516750 1.076318 2.023936
v 3.535894 1.061781 2.006708
v 3.642587 1.097694 2.120354
v 3.638762 1.097325 2.091030
v 3.619618 1.111862 2.108258
v 3.479133 0.889414 2.114466
v 3.502102 0.875246 2.126563
v 3.482957 0.889783 2.143790
v 3.613251 0.935756 2.224405
v 3.585825 0.925327 2.228113
v 3.604970 0.910790 2.210885
v 3.556822 0.922528 2.005731
v 3.584247 0.932957 2.002023
v 3.579791 0.908360 2.017828
v 3.690940 0.968870 2.115669
v 3.682660 0.943904 2.102150
v 3.687116 0.968501 2.086345
v 3.987105 0.980157 2.511404
v 3.960802 0.987379 2.510384
v 3.969491 0.965493 2.496579
v 3.878295 1.013338 2.417296
v 3.879534 1.014002 2.390037
v 3.886984 0.991452 2.403492
v 4.077768 0.958575 2.425027
v 4.060154 0.943910 2.410203
v 4.079008 0.959239 2.397768
v 3.970197 0.992419 2.303660
v 3.996500 0.985198 2.304680
v 3.977648 0.969869 2.317115
v 4.020563 1.102660 2.515912
v 4.013112 1.125211 2.502457
v 3.994259 1.109882 2.514892
v 3.912990 1.136505 2.394545
v 3.911752 1.135841 2.421804
v 3.930605 1.151170 2.409369
v 4.111226 1.081077 2.429534
v 4.112465 1.081742 2.402275
v 4.103776 1.103628 2.416080
v 4.003654 1.114922 2.308168
v 4.021268 1.129587 2.322992
v 4.029958 1.107701 2.309187
v 5.097513 0.754565 2.959043
v 5.083390 0.761046 2.984794
v 5.069733 0.744157 2.963990
v 4.960466 0.819035 3.018413
v 4.937246 0.830171 3.002876
v 4.946809 0.802146 2.997610
v 5.067570 0.769887 2.823132
v 5.039790 0.759479 2.828079
v 5.044351 0.781022 2.807594
v 4.907303 0.845493 2.866964
v 4.921426 0.839012 2.841213
v 4.916865 0.817468 2.861698
v 5.157484 0.881079 2.960093
v 5.147921 0.909104 2.965359
v 5.143360 0.887560 2.985844
v 4.997217 0.956685 3.003926
v 5.020436 0.945549 3.019463
v 5.024997 0.967093 2.998979
v 5.127540 0.896401 2.824182
v 5.104321 0.907537 2.808644
v 5.117978 0.924426 2.829448
v 4.967273 0.972007 2.868014
v 4.995053 0.982415 2.863067
v 4.981397 0.965526 2.842264
v 4.256492 0.616291 2.513376
v 4.235511 0.635708 2.525446
v 4.226903 0.614858 2.504137
v 4.140750 0.730279 2.471188
v 4.132944 0.739591 2.442636
v 4.132143 0.709429 2.449880
v 4.299858 0.583027 2.379659
v 4.270270 0.581594 2.370420
v 4.292051 0.592339 2.351108
v 4.176309 0.706328 2.308919
v 4.197290 0.686910 2.296850
v 4.175508 0.676165 2.316162
v 4.356527 0.720296 2.519946
v 4.357328 0.750458 2.512703
v 4.335546 0.739713 2.532016
v 4.232978 0.843596 2.449206
v 4.240785 0.834284 2.477758
v 4.262566 0.845030 2.458446
v 4.399892 0.687033 2.386229
v 4.392086 0.696345 2.357677
v 4.400694 0.717195 2.378986
v 4.276345 0.810333 2.315489
v 4.305933 0.811766 2.324728
v 4.297325 0.790916 2.303420
v 3.903405 0.594081 2.169139
v 3.901236 0.601636 2.202029
v 3.876400 0.610671 2.180931
v 3.879112 0.733793 2.284666
v 3.874561 0.766385 2.276880
v 3.854276 0.742828 2.263568
v 3.895566 0.676497 2.035236
v 3.868561 0.693088 2.047028
v 3.891015 0.709089 2.027449
v 3.866722 0.848802 2.142977
v 3.868892 0.841246 2.110086
v 3.846438 0.825245 2.129665
v 4.059074 0.617013 2.174140
v 4.079359 0.640569 2.187452
v 4.056905 0.624568 2.207031
v 4.030231 0.789317 2.281881
v 4.034781 0.756725 2.289668
v 4.057236 0.772726 2.270089
v 4.051235 0.699429 2.040237
v 4.046684 0.732021 2.032451
v 4.071520 0.722986 2.053549
v 4.022392 0.871733 2.147978
v 4.049397 0.855143 2.136186
v 4.024561 0.864178 2.115088
v 4.277804 0.948489 1.542568
v 4.285553 0.968552 1.561298
v 4.266358 0.974569 1.541080
v 4.333843 1.091892 1.552156
v 4.340765 1.109297 1.530648
v 4.314649 1.097909 1.531937
v 4.275084 0.939736 1.410113
v 4.263637 0.965816 1.408625
v 4.282005 0.957141 1.388606
v 4.338043 1.100544 1.398193
v 4.330295 1.080480 1.379463
v 4.311927 1.089156 1.399483
v 4.401453 0.900126 1.543224
v 4.427569 0.911514 1.541935
v 4.409201 0.920190 1.561954
v 4.464413 1.060935 1.531304
v 4.457491 1.043530 1.552811
v 4.475859 1.034854 1.532792
v 4.398731 0.891373 1.410769
v 4.405653 0.908778 1.389262
v 4.424847 0.902762 1.409480
v 4.461692 1.052182 1.398849
v 4.473138 1.026101 1.400337
v 4.453943 1.032118 1.380119
v 4.653230 0.846525 3.174893
v 4.656266 0.853781 3.201844
v 4.640674 0.869639 3.184707
v 4.696365 0.961130 3.264696
v 4.705511 0.986484 3.256839
v 4.680774 0.976987 3.247560
v 4.673339 0.906099 3.060313
v 4.660784 0.929213 3.070127
v 4.682484 0.931454 3.052456
v 4.725619 1.046059 3.142259
v 4.722583 1.038802 3.115308
v 4.700883 1.036562 3.132980
v 4.775989 0.801700 3.173132
v 4.800725 0.811197 3.182412
v 4.779025 0.808957 3.200083
v 4.828269 0.941660 3.255078
v 4.819124 0.916305 3.262935
v 4.840825 0.918546 3.245264
v 4.796098 0.861275 3.058552
v 4.805243 0.886629 3.050695
v 4.820835 0.870772 3.067832
v 4.848379 1.001234 3.140498
v 4.860934 0.978120 3.130684
v 4.845343 0.993978 3.113548
v 4.895866 0.833394 1.807921
v 4.895504 0.839982 1.834868
v 4.871661 0.836645 1.821083
v 4.841694 0.934008 1.905179
v 4.825708 0.955984 1.899591
v 4.817850 0.930671 1.891393
v 4.844438 0.884045 1.700825
v 4.820232 0.887297 1.713987
v 4.828452 0.906021 1.695238
v 4.774279 1.006635 1.792495
v 4.774641 1.000047 1.765548
v 4.766422 0.981323 1.784297
v 5.001410 0.906014 1.791583
v 5.009267 0.931326 1.799782
v 5.001048 0.912602 1.818530
v 4.931252 1.028603 1.883253
v 4.947237 1.006628 1.888841
v 4.955457 1.025352 1.870092
v 4.949981 0.956665 1.684487
v 4.933996 0.978640 1.678900
v 4.957839 0.981977 1.692685
v 4.879823 1.079255 1.776157
v 4.904028 1.076003 1.762996
v 4.880186 1.072666 1.749211
v 3.942295 0.690258 2.303231
v 3.919622 0.701710 2.317775
v 3.915040 0.681555 2.297050
v 3.804143 0.764631 2.282113
v 3.791734 0.772294 2.256736
v 3.799561 0.744477 2.261389
v 3.976080 0.677784 2.171818
v 3.948826 0.669082 2.165637
v 3.963671 0.685447 2.146441
v 3.825519 0.759820 2.125323
v 3.848191 0.748369 2.110779
v 3.833346 0.732004 2.129976
v 4.006242 0.810473 2.308261
v 3.998415 0.838290 2.303608
v 3.983570 0.821925 2.322804
v 3.855683 0.892509 2.261766
v 3.868091 0.884846 2.287143
v 3.882936 0.901211 2.267947
v 4.040028 0.797999 2.176848
v 4.027619 0.805662 2.151471
v 4.032201 0.825816 2.172195
v 3.889467 0.880035 2.130353
v 3.916722 0.888738 2.136534
v 3.912140 0.868584 2.115809
v 4.661193 0.601064 3.202198
v 4.650167 0.625050 3.214075
v 4.634511 0.609774 3.195116
v 4.596721 0.739147 3.166278
v 4.591511 0.749823 3.139881
v 4.581065 0.723871 3.147319
v 4.680333 0.557251 3.076208
v 4.653651 0.565961 3.069126
v 4.675123 0.567927 3.049811
v 4.610651 0.706010 3.013891
v 4.621676 0.682025 3.002015
v 4.600205 0.680059 3.021329
v 4.783408 0.657822 3.201027
v 4.793853 0.683774 3.193589
v 4.772382 0.681808 3.212904
v 4.713726 0.806582 3.138710
v 4.718936 0.795906 3.165107
v 4.740407 0.797872 3.145793
v 4.802548 0.614010 3.075037
v 4.797338 0.624686 3.048640
v 4.812994 0.639962 3.067600
v 4.732865 0.762769 3.012721
v 4.759547 0.754059 3.019803
v 4.743891 0.738783 3.000844
v 4.180245 0.743989 2.704311
v 4.186692 0.761244 2.728577
v 4.167223 0.771354 2.707437
v 4.234417 0.893408 2.747828
v 4.242467 0.916301 2.729410
v 4.214948 0.903517 2.726688
v 4.185522 0.762551 2.563801
v 4.172500 0.789916 2.566927
v 4.193572 0.785445 2.545383
v 4.247744 0.934863 2.588900
v 4.241297 0.917608 2.564634
v 4.220224 0.922078 2.586178
v 4.313698 0.695992 2.702982
v 4.341218 0.708776 2.705705
v 4.320146 0.713248 2.727249
v 4.375921 0.868305 2.728082
v 4.367870 0.845411 2.746500
v 4.388942 0.840939 2.724956
v 4.318975 0.714554 2.562473
v 4.327025 0.737447 2.544055
v 4.346495 0.727338 2.565195
v 4.381198 0.886866 2.587572
v 4.394219 0.859501 2.584446
v 4.374750 0.869610 2.563306
v 5.009435 0.879000 1.828662
v 5.017239 0.905657 1.846765
v 4.995905 0.908417 1.821538
v 5.072299 1.046436 1.815607
v 5.081223 1.062546 1.788038
v 5.050966 1.049197 1.790379
v 5.013120 0.844284 1.678321
v 4.999590 0.873701 1.671196
v 5.022044 0.860394 1.650752
v 5.084908 1.027830 1.637696
v 5.077105 1.001173 1.619594
v 5.054651 1.014480 1.640037
v 5.153574 0.826110 1.844409
v 5.183831 0.839460 1.842068
v 5.161378 0.852767 1.862512
v 5.225362 1.009656 1.803784
v 5.216439 0.993546 1.831353
v 5.238893 0.980239 1.810909
v 5.157259 0.791394 1.694067
v 5.166182 0.807504 1.666499
v 5.187516 0.804744 1.691726
v 5.229047 0.974940 1.653443
v 5.242577 0.945523 1.660568
v 5.221243 0.948283 1.635340
v 3.592400 0.785169 2.040543
v 3.586614 0.809122 2.062691
v 3.564255 0.802594 2.039128
v 3.551480 0.959082 2.054483
v 3.546592 0.980685 2.029842
v 3.529121 0.952555 2.030920
v 3.595353 0.777431 1.886526
v 3.567209 0.794856 1.885111
v 3.590466 0.799034 1.861885
v 3.549546 0.972947 1.875825
v 3.555331 0.948994 1.853678
v 3.532075 0.944817 1.876903
v 3.742555 0.820410 2.041653
v 3.760026 0.848540 2.040574
v 3.736770 0.844363 2.063800
v 3.696748 1.015926 2.030951
v 3.701636 0.994323 2.055592
v 3.724892 0.998501 2.032367
v 3.745510 0.812672 1.887635
v 3.740621 0.834275 1.862995
v 3.762980 0.840803 1.886557
v 3.699702 1.008188 1.876934
v 3.727846 0.990763 1.878349
v 3.705487 0.984235 1.854787
v 5.440831 0.872887 1.972201
v 5.441422 0.902089 1.982253
v 5.419899 0.893169 1.961972
v 5.447280 1.031218 1.919248
v 5.448468 1.041244 1.890055
v 5.425756 1.022299 1.898967
v 5.442795 0.809763 1.843011
v 5.421863 0.830045 1.832783
v 5.443983 0.819789 1.813819
v 5.450432 0.978119 1.760866
v 5.449841 0.948918 1.750813
v 5.427721 0.959174 1.769777
v 5.584498 0.868485 1.976536
v 5.607210 0.887430 1.967624
v 5.585089 0.897687 1.986588
v 5.592135 1.036842 1.894390
v 5.590947 1.026816 1.923583
v 5.613067 1.016560 1.904619
v 5.586462 0.805361 1.847346
v 5.587650 0.815387 1.818154
v 5.609174 0.824306 1.838435
v 5.594099 0.973718 1.765200
v 5.615031 0.953435 1.775429
v 5.593507 0.944516 1.755148
v 4.895293 0.887606 1.711856
v 4.911335 0.906441 1.720880
v 4.891633 0.912639 1.704541
v 4.981366 0.992773 1.669182
v 4.986599 1.000164 1.644453
v 4.961665 0.998971 1.652842
v 4.859711 0.849934 1.600748
v 4.856050 0.874967 1.593432
v 4.864943 0.857325 1.576018
v 4.951017 0.962492 1.533344
v 4.934976 0.943657 1.524320
v 4.926083 0.961299 1.541734
v 4.989419 0.809133 1.708320
v 5.014354 0.810327 1.699929
v 5.005461 0.827968 1.717343
v 5.080726 0.921691 1.640916
v 5.075493 0.914300 1.665645
v 5.084386 0.896658 1.648231
v 4.953837 0.771461 1.597211
v 4.959070 0.778852 1.572482
v 4.978772 0.772655 1.588821
v 5.045144 0.884019 1.529807
v 5.048804 0.858986 1.537122
v 5.029102 0.865184 1.520783
v 5.323500 0.981189 1.661482
v 5.333628 0.985749 1.687433
v 5.330625 1.007310 1.669463
v 5.442016 1.041642 1.736386
v 5.464815 1.054062 1.725307
v 5.439013 1.063204 1.718417
v 5.365216 1.007057 1.539583
v 5.372341 1.033179 1.547565
v 5.388016 1.019476 1.528504
v 5.506531 1.079930 1.603408
v 5.496404 1.075369 1.577457
v 5.480729 1.089072 1.596519
v 5.384985 0.865105 1.657888
v 5.410787 0.855963 1.664778
v 5.395112 0.869666 1.683839
v 5.526300 0.937978 1.721713
v 5.503500 0.925559 1.732793
v 5.519176 0.911856 1.713732
v 5.426701 0.890974 1.535990
v 5.449501 0.903393 1.524910
v 5.452503 0.881832 1.542880
v 5.568016 0.963847 1.599815
v 5.560891 0.937725 1.591833
v 5.557889 0.959286 1.573864
v 4.906621 0.690659 1.680075
v 4.924143 0.703188 1.702468
v 4.913030 0.721058 1.679608
v 5.045237 0.782241 1.705400
v 5.064502 0.793728 1.683898
v 5.034124 0.800112 1.682540
v 4.912359 0.687229 1.535586
v 4.918768 0.717628 1.535119
v 4.931624 0.698716 1.514085
v 5.070240 0.790298 1.539409
v 5.052718 0.777770 1.517017
v 5.039862 0.796682 1.538051
v 4.985520 0.569578 1.686083
v 5.015898 0.563195 1.687441
v 5.003042 0.582107 1.708475
v 5.143401 0.672647 1.689906
v 5.124136 0.661160 1.711408
v 5.136992 0.642248 1.690373
v 4.991259 0.566148 1.541594
v 5.010523 0.577635 1.520092
v 5.021636 0.559765 1.542952
v 5.149139 0.669217 1.545417
v 5.142730 0.638818 1.545884
v 5.131618 0.656688 1.523025
v 5.351559 0.646796 2.501705
v 5.337570 0.649856 2.529880
v 5.326012 0.629523 2.508623
v 5.200937 0.679845 2.575484
v 5.173419 0.685896 2.561164
v 5.189379 0.659513 2.554227
v 5.307030 0.656639 2.361820
v 5.281482 0.639366 2.368737
v 5.279513 0.662689 2.347500
v 5.128890 0.695739 2.421278
v 5.142880 0.692679 2.393104
v 5.144849 0.669356 2.414342
v 5.383123 0.790502 2.501770
v 5.367164 0.816885 2.508706
v 5.369133 0.793562 2.529944
v 5.204983 0.829602 2.561228
v 5.232500 0.823552 2.575549
v 5.230531 0.846874 2.554311
v 5.338593 0.800345 2.361884
v 5.311077 0.806395 2.347564
v 5.322634 0.826728 2.368821
v 5.160454 0.839445 2.421342
v 5.186001 0.856717 2.414426
v 5.174444 0.836385 2.393168
v 5.520328 0.907031 2.907621
v 5.546609 0.914992 2.913200
v 5.530167 0.931132 2.897250
v 5.649914 0.949089 2.841210
v 5.655015 0.951486 2.813761
v 5.633472 0.965229 2.825261
v 5.450609 0.888714 2.798898
v 5.460448 0.912815 2.788528
v 5.455710 0.891110 2.771450
v 5.585296 0.933169 2.705039
v 5.559014 0.925207 2.699460
v 5.563752 0.946911 2.716538
v 5.558855 0.782456 2.903903
v 5.580398 0.768713 2.892404
v 5.585136 0.790418 2.909482
v 5.693541 0.826911 2.810044
v 5.688440 0.824515 2.837493
v 5.683702 0.802810 2.820414
v 5.489135 0.764139 2.795181
v 5.494236 0.766536 2.767732
v 5.510678 0.750396 2.783681
v 5.623822 0.808594 2.701321
v 5.613983 0.784493 2.711691
v 5.597540 0.800633 2.695742
v 4.697848 1.015107 1.644795
v 4.708740 1.031872 1.668685
v 4.690891 1.045390 1.647027
v 4.785723 1.154098 1.681527
v 4.798218 1.174464 1.661539
v 4.767874 1.167616 1.659869
v 4.703121 1.026963 1.500358
v 4.696165 1.057245 1.502589
v 4.715616 1.047328 1.480369
v 4.803492 1.186319 1.517102
v 4.792599 1.169554 1.493212
v 4.773149 1.179471 1.515432
v 4.820633 0.937966 1.642947
v 4.850976 0.944813 1.644617
v 4.831525 0.954730 1.666836
v 4.921003 1.097322 1.659691
v 4.908509 1.076956 1.679679
v 4.927960 1.067039 1.657459
v 4.825907 0.949821 1.498510
v 4.838401 0.970186 1.478521
v 4.856250 0.956669 1.500179
v 4.926277 1.109177 1.515253
v 4.933234 1.078894 1.513022
v 4.915384 1.092412 1.491364
v 4.981706 0.806893 2.197063
v 4.977577 0.821305 2.219127
v 4.958141 0.818747 2.201037
v 4.940571 0.937528 2.242450
v 4.933458 0.958423 2.227471
v 4.921135 0.934970 2.224359
v 4.971880 0.828234 2.075124
v 4.948316 0.840088 2.079098
v 4.964767 0.849129 2.060145
v 4.923633 0.979764 2.105531
v 4.927761 0.965352 2.083467
v 4.911310 0.956311 2.102420
v 5.099837 0.845076 2.194227
v 5.112159 0.868529 2.197339
v 5.095708 0.859488 2.216291
v 5.051590 0.996605 2.224634
v 5.058703 0.975710 2.239614
v 5.075154 0.984752 2.220661
v 5.090012 0.866417 2.072288
v 5.082898 0.887312 2.057309
v 5.102334 0.889870 2.075400
v 5.041764 1.017946 2.102695
v 5.065329 1.006093 2.098722
v 5.045893 1.003534 2.080631
v 4.978417 0.933067 2.164648
v 4.998969 0.957613 2.162561
v 4.969666 0.960091 2.149735
v 5.054821 1.039368 2.050750
v 5.051238 1.039658 2.018871
v 5.025520 1.041845 2.037924
v 4.898969 0.853221 2.066579
v 4.890219 0.880244 2.051666
v 4.895385 0.853511 2.034699
v 4.971790 0.959811 1.920801
v 4.951239 0.935265 1.922888
v 4.946072 0.961999 1.939855
v 5.091878 0.836912 2.151019
v 5.117596 0.834725 2.131965
v 5.112430 0.861458 2.148932
v 5.164700 0.943502 2.005241
v 5.168283 0.943213 2.037121
v 5.173450 0.916479 2.020154
v 5.012431 0.757066 2.052949
v 5.008846 0.757355 2.021070
v 5.038147 0.754878 2.033896
v 5.085251 0.863656 1.907172
v 5.094002 0.836633 1.922085
v 5.064700 0.839110 1.909259
v 5.691830 0.799313 2.258459
v 5.687747 0.809315 2.287996
v 5.662784 0.803475 2.269779
v 5.616002 0.920497 2.350665
v 5.598289 0.944271 2.340166
v 5.591038 0.914657 2.332447
v 5.646967 0.844647 2.126670
v 5.617921 0.848809 2.137990
v 5.629256 0.868420 2.116171
v 5.553426 0.989605 2.208376
v 5.557510 0.979603 2.178840
v 5.546175 0.959991 2.200658
v 5.811313 0.883096 2.246606
v 5.818564 0.912709 2.254324
v 5.807230 0.893098 2.276143
v 5.717772 1.028054 2.328312
v 5.735485 1.004280 2.338811
v 5.746819 1.023892 2.316993
v 5.766450 0.928430 2.114817
v 5.748738 0.952203 2.104318
v 5.773702 0.958044 2.122535
v 5.672909 1.073388 2.196523
v 5.701956 1.069226 2.185204
v 5.676992 1.063386 2.166987
v 5.620395 0.955617 2.219854
v 5.637921 0.958803 2.245189
v 5.636657 0.981602 2.224266
v 5.776637 0.989279 2.270022
v 5.801249 0.995352 2.252231
v 5.775373 1.012079 2.249099
v 5.643721 0.965119 2.077893
v 5.659984 0.991104 2.082305
v 5.668333 0.971191 2.060102
v 5.824576 1.004854 2.110270
v 5.807049 1.001668 2.084935
v 5.798699 1.021580 2.107137
v 5.652038 0.815017 2.215643
v 5.677915 0.798290 2.218776
v 5.669565 0.818203 2.240978
v 5.832893 0.854752 2.248020
v 5.808280 0.848679 2.265811
v 5.816630 0.828767 2.243608
v 5.675365 0.824519 2.073682
v 5.699978 0.830591 2.055891
v 5.701241 0.807792 2.076814
v 5.856220 0.864254 2.106059
v 5.839957 0.838269 2.101647
v 5.838693 0.861068 2.080724
v 4.682914 0.736027 2.160665
v 4.696517 0.756174 2.170108
v 4.678673 0.760068 2.151492
v 4.766070 0.843065 2.121619
v 4.773597 0.849314 2.097445
v 4.748227 0.846959 2.103003
v 4.662920 0.690277 2.050002
v 4.658680 0.714318 2.040830
v 4.670448 0.696526 2.025828
v 4.753603 0.803564 1.986783
v 4.740002 0.783417 1.977340
v 4.728233 0.801209 1.992341
v 4.780390 0.664641 2.172565
v 4.805760 0.666996 2.167007
v 4.793992 0.684788 2.182009
v 4.871073 0.777928 2.109346
v 4.863545 0.771679 2.133520
v 4.875315 0.753887 2.118519
v 4.760396 0.618892 2.061903
v 4.767923 0.625141 2.037729
v 4.785766 0.621247 2.056345
v 4.851079 0.732179 1.998683
v 4.855320 0.708138 2.007856
v 4.837478 0.712032 1.989240
v 5.544828 0.936550 2.985724
v 5.533416 0.940776 3.015284
v 5.517702 0.922149 2.994595
v 5.403875 0.986463 3.072539
v 5.375933 0.996117 3.060372
v 5.388160 0.967837 3.051851
v 5.490420 0.954418 2.848366
v 5.463295 0.940017 2.857237
v 5.462480 0.964072 2.836199
v 5.321525 1.013985 2.923015
v 5.332938 1.009760 2.893455
v 5.333752 0.985705 2.914492
v 5.593872 1.077049 2.984574
v 5.581645 1.105330 2.993096
v 5.582460 1.081275 3.014134
v 5.424978 1.136616 3.059223
v 5.452918 1.126962 3.071390
v 5.452104 1.151018 3.050351
v 5.539464 1.094917 2.847216
v 5.511524 1.104571 2.835049
v 5.527237 1.123198 2.855738
v 5.370569 1.154485 2.921865
v 5.397695 1.168886 2.912994
v 5.381982 1.150259 2.892305
v 3.759807 0.714493 2.130851
v 3.753059 0.733154 2.156677
v 3.731029 0.729595 2.132955
v 3.708516 0.876721 2.176504
v 3.701733 0.901673 2.156701
v 3.686485 0.873162 2.152782
v 3.759694 0.735200 1.980651
v 3.730914 0.750302 1.982755
v 3.752910 0.760152 1.960849
v 3.701618 0.922381 2.006501
v 3.708367 0.903719 1.980676
v 3.686370 0.893869 2.002582
v 3.904737 0.758634 2.136826
v 3.919986 0.787145 2.140745
v 3.897989 0.777295 2.162652
v 3.846662 0.945814 2.162676
v 3.853445 0.920862 2.182479
v 3.875442 0.930712 2.160572
v 3.904623 0.779341 1.986627
v 3.897840 0.804293 1.966824
v 3.919871 0.807853 1.990546
v 3.846548 0.966522 2.012476
v 3.875327 0.951420 2.010373
v 3.853296 0.947860 1.986651
v 5.711054 1.073773 2.909424
v 5.728958 1.089996 2.912768
v 5.708762 1.096436 2.900703
v 5.790863 1.156440 2.844612
v 5.791766 1.160402 2.820562
v 5.770668 1.162880 2.832546
v 5.655091 1.033414 2.819247
v 5.652798 1.056076 2.810527
v 5.655993 1.037376 2.795198
v 5.735803 1.120043 2.730386
v 5.717899 1.103820 2.727041
v 5.714705 1.122521 2.742370
v 5.788050 0.991015 2.898679
v 5.809147 0.988537 2.886695
v 5.805953 1.007238 2.902024
v 5.868762 1.077644 2.809817
v 5.867859 1.073682 2.833867
v 5.871053 1.054982 2.818538
v 5.732086 0.950656 2.808503
v 5.732988 0.954618 2.784453
v 5.753184 0.948178 2.796519
v 5.812798 1.037285 2.719641
v 5.815090 1.014623 2.728362
v 5.794894 1.021062 2.716297
v 4.297711 0.742914 2.830920
v 4.281324 0.756805 2.842766
v 4.273781 0.740445 2.826114
v 4.197591 0.827695 2.811043
v 4.188541 0.835338 2.789561
v 4.190049 0.811334 2.794392
v 4.321865 0.722350 2.721209
v 4.297935 0.719880 2.716403
v 4.312815 0.729993 2.699726
v 4.212695 0.814774 2.679850
v 4.229082 0.800883 2.668004
v 4.214201 0.790769 2.684681
v 4.371523 0.830062 2.830834
v 4.370016 0.854066 2.826003
v 4.355136 0.843953 2.842680
v 4.262352 0.922486 2.789475
v 4.271403 0.914842 2.810958
v 4.286283 0.924955 2.794281
v 4.395677 0.809497 2.721123
v 4.386627 0.817141 2.699641
v 4.394170 0.833501 2.716292
v 4.286506 0.901921 2.679765
v 4.310436 0.904391 2.684570
v 4.302894 0.888030 2.667918
v 4.032488 0.799703 2.515896
v 4.033351 0.801553 2.545766
v 4.037645 0.826065 2.529119
v 4.125656 0.848677 2.638966
v 4.152833 0.861143 2.637408
v 4.129950 0.873189 2.622319
v 4.119106 0.834649 2.412440
v 4.124264 0.861011 2.425663
v 4.146283 0.847115 2.410882
v 4.239450 0.896089 2.533953
v 4.238587 0.894239 2.504082
v 4.216568 0.908135 2.518863
v 4.090832 0.673271 2.522038
v 4.113716 0.661225 2.537128
v 4.091696 0.675121 2.551909
v 4.211178 0.734710 2.643550
v 4.184000 0.722245 2.645109
v 4.206020 0.708349 2.630328
v 4.177451 0.708217 2.418583
v 4.204628 0.720683 2.417025
v 4.200334 0.696171 2.433672
v 4.297796 0.769657 2.540095
v 4.292638 0.743295 2.526872
v 4.296932 0.767807 2.510225
v 5.094436 0.932766 1.811666
v 5.100635 0.956350 1.819744
v 5.081255 0.953122 1.803193
v 5.129320 1.059300 1.766078
v 5.131837 1.066991 1.741696
v 5.109941 1.056073 1.749527
v 5.082313 0.880444 1.704814
v 5.069132 0.900801 1.696342
v 5.084828 0.888134 1.680433
v 5.119713 1.014669 1.634845
v 5.113514 0.991084 1.626767
v 5.097818 1.003751 1.642676
v 5.209900 0.901695 1.813779
v 5.231795 0.912613 1.805949
v 5.216099 0.925280 1.821858
v 5.247300 1.035920 1.743810
v 5.244784 1.028230 1.768191
v 5.260480 1.015563 1.752282
v 5.197777 0.849373 1.706928
v 5.200292 0.857063 1.682547
v 5.219672 0.860291 1.699098
v 5.235177 0.983598 1.636959
v 5.248357 0.963241 1.645431
v 5.228978 0.960014 1.628881
v 4.839536 0.984833 2.361051
v 4.858353 1.000168 2.376887
v 4.843169 1.013117 2.355867
v 4.964096 1.079283 2.349236
v 4.977400 1.087982 2.325000
v 4.948912 1.092232 2.328216
v 4.821388 0.962988 2.229148
v 4.825022 0.991271 2.223963
v 4.834693 0.971686 2.204912
v 4.959253 1.066137 2.193097
v 4.940435 1.050802 2.177262
v 4.930764 1.070386 2.196313
v 4.921355 0.877741 2.367531
v 4.949845 0.873492 2.364315
v 4.940173 0.893076 2.383366
v 5.059220 0.980890 2.331480
v 5.045915 0.972191 2.355715
v 5.055586 0.952607 2.336664
v 4.903207 0.855895 2.235627
v 4.916513 0.864594 2.211392
v 4.931697 0.851646 2.232412
v 5.041073 0.959044 2.199577
v 5.037439 0.930761 2.204761
v 5.022254 0.943709 2.183741
v 4.386689 1.029968 3.134316
v 4.410337 1.038481 3.143191
v 4.396478 1.053285 3.125894
v 4.516158 1.075029 3.089683
v 4.524657 1.077618 3.064553
v 4.502298 1.089833 3.072386
v 4.336822 1.010468 3.022379
v 4.346611 1.033786 3.013957
v 4.345322 1.013058 2.997249
v 4.474790 1.058119 2.952615
v 4.451143 1.049606 2.943740
v 4.452432 1.070334 2.960448
v 4.428068 0.913002 3.136258
v 4.450427 0.900787 3.128426
v 4.451716 0.921516 3.145133
v 4.566036 0.960653 3.066494
v 4.557537 0.958063 3.091624
v 4.556248 0.937335 3.074917
v 4.378201 0.893502 3.024321
v 4.386701 0.896092 2.999191
v 4.400560 0.881288 3.016488
v 4.516169 0.941153 2.954557
v 4.506381 0.917836 2.962980
v 4.492521 0.932640 2.945683
v 5.038214 0.720414 2.167027
v 5.034167 0.740194 2.180386
v 5.017552 0.732760 2.164425
v 5.007687 0.847428 2.158001
v 5.003690 0.860224 2.137843
v 4.991073 0.839994 2.142040
v 5.038376 0.697424 2.056697
v 5.017715 0.709769 2.054094
v 5.034379 0.710219 2.036539
v 5.003852 0.837234 2.027513
v 5.007900 0.817454 2.014155
v 4.991236 0.817003 2.031710
v 5.147758 0.746369 2.161781
v 5.160376 0.766600 2.157584
v 5.143712 0.766149 2.175139
v 5.113235 0.886179 2.132596
v 5.117233 0.873383 2.152755
v 5.133896 0.873834 2.135199
v 5.147922 0.723379 2.051451
v 5.143925 0.736175 2.031292
v 5.160539 0.743609 2.047254
v 5.113398 0.863189 2.022266
v 5.134059 0.850843 2.024869
v 5.117445 0.843409 2.008908
v 4.166674 0.850097 2.059783
v 4.166319 0.852196 2.087332
v 4.149862 0.868280 2.072037
v 4.182020 0.948240 2.171445
v 4.187144 0.975318 2.169448
v 4.165563 0.964325 2.156151
v 4.184715 0.932325 1.962524
v 4.167902 0.950508 1.974779
v 4.189839 0.959403 1.960527
v 4.205185 1.057546 2.072190
v 4.205541 1.055448 2.044641
v 4.183603 1.046553 2.058892
v 4.293064 0.826429 2.063216
v 4.314646 0.837422 2.076514
v 4.292707 0.828527 2.090765
v 4.313534 0.951650 2.172882
v 4.308409 0.924572 2.174879
v 4.330347 0.933466 2.160627
v 4.311104 0.908656 1.965957
v 4.316229 0.935734 1.963960
v 4.332686 0.919650 1.979255
v 4.331574 1.033878 2.075623
v 4.348387 1.015694 2.063368
v 4.331930 1.031779 2.048074
v 5.135578 0.830422 3.139717
v 5.114172 0.846464 3.149128
v 5.109067 0.825134 3.131153
v 5.018605 0.917433 3.092055
v 5.010979 0.922951 3.065306
v 5.013501 0.896103 3.074080
v 5.180941 0.795781 3.020683
v 5.154429 0.790493 3.012119
v 5.173315 0.801299 2.993933
v 5.056342 0.888309 2.946272
v 5.077748 0.872268 2.936861
v 5.058863 0.861462 2.955045
v 5.214547 0.936207 3.139026
v 5.212025 0.963054 3.130252
v 5.193141 0.952248 3.148437
v 5.089948 1.028735 3.064615
v 5.097574 1.023217 3.091364
v 5.116459 1.034023 3.073179
v 5.259910 0.901565 3.019992
v 5.252284 0.907083 2.993243
v 5.257389 0.928413 3.011218
v 5.135311 0.994093 2.945581
v 5.161822 0.999382 2.954145
v 5.156717 0.978052 2.936169
v 5.495059 0.965612 2.394801
v 5.514753 0.981208 2.413191
v 5.496525 0.996671 2.393242
v 5.620554 1.077848 2.391433
v 5.633002 1.091610 2.366433
v 5.602327 1.093312 2.371483
v 5.471204 0.959569 2.251968
v 5.472672 0.990629 2.250408
v 5.483652 0.973330 2.226967
v 5.609147 1.085567 2.223600
v 5.589454 1.069971 2.205209
v 5.578473 1.087270 2.228651
v 5.591203 0.857764 2.383306
v 5.621877 0.856062 2.378255
v 5.610897 0.873361 2.401696
v 5.729146 0.983763 2.354938
v 5.716699 0.970002 2.379938
v 5.727679 0.952703 2.356497
v 5.567348 0.851722 2.240473
v 5.579795 0.865483 2.215473
v 5.598022 0.850020 2.235422
v 5.705292 0.977720 2.212105
v 5.703824 0.946660 2.213664
v 5.685597 0.962124 2.193715
v 5.038730 0.675081 2.957241
v 5.041176 0.671647 2.983804
v 5.018231 0.681212 2.973537
v 5.026807 0.744999 3.084255
v 5.019996 0.770717 3.088207
v 5.003861 0.754565 3.073988
v 5.008260 0.771043 2.882807
v 4.987761 0.777174 2.899104
v 5.001449 0.796760 2.886760
v 4.989526 0.866679 3.013774
v 4.987080 0.870113 2.987210
v 4.973391 0.850526 2.999555
v 5.159323 0.708068 2.950403
v 5.175457 0.724221 2.964622
v 5.161768 0.704634 2.976966
v 5.140588 0.803704 3.081369
v 5.147398 0.777987 3.077417
v 5.161088 0.797573 3.065073
v 5.128852 0.804030 2.875970
v 5.122042 0.829748 2.879922
v 5.144987 0.820182 2.890188
v 5.110117 0.899666 3.006936
v 5.130617 0.893535 2.990639
v 5.107672 0.903100 2.980372
v 3.736579 0.802191 1.882213
v 3.709442 0.818351 1.884349
v 3.710479 0.791242 1.868035
v 3.612780 0.872976 1.787441
v 3.610553 0.873409 1.755866
v 3.613817 0.845867 1.771127
v 3.818577 0.750420 1.771242
v 3.792477 0.739472 1.757064
v 3.816350 0.750854 1.739667
v 3.692552 0.821639 1.644894
v 3.719689 0.805478 1.642758
v 3.695815 0.794096 1.660156
v 3.811754 0.928897 1.878650
v 3.808491 0.956440 1.863389
v 3.784617 0.945058 1.880786
v 3.685728 1.000116 1.752303
v 3.687956 0.999682 1.783878
v 3.711829 1.011064 1.766481
v 3.893753 0.877127 1.767679
v 3.891525 0.877560 1.736104
v 3.890489 0.904669 1.752418
v 3.767727 0.948345 1.641332
v 3.793828 0.959294 1.655510
v 3.794864 0.932185 1.639195
v 3.905092 0.880283 1.826961
v 3.887314 0.905630 1.826566
v 3.878550 0.880330 1.811017
v 3.830560 0.988719 1.723360
v 3.831097 0.988613 1.692402
v 3.821796 0.963419 1.707811
v 3.965377 0.796496 1.726355
v 3.938835 0.796543 1.710411
v 3.965913 0.796390 1.695397
v 3.891382 0.904826 1.591796
v 3.909159 0.879479 1.592191
v 3.882081 0.879632 1.607205
v 4.023078 0.963061 1.828721
v 4.032379 0.988255 1.813313
v 4.005301 0.988408 1.828326
v 3.949083 1.071391 1.694163
v 3.948547 1.071497 1.725121
v 3.975625 1.071344 1.710106
v 4.083363 0.879274 1.728115
v 4.083900 0.879168 1.697158
v 4.092664 0.904468 1.712706
v 4.009368 0.987604 1.593557
v 4.035910 0.987557 1.609500
v 4.027146 0.962257 1.593952
v 4.845741 0.846435 2.042157
v 4.840866 0.848133 2.066151
v 4.822479 0.847541 2.049905
v 4.780814 0.920093 2.131497
v 4.767445 0.940254 2.127354
v 4.762426 0.919500 2.115251
v 4.817778 0.907210 1.949534
v 4.794517 0.908316 1.957282
v 4.804410 0.927371 1.945391
v 4.739483 1.001029 2.034731
v 4.744357 0.999330 2.010737
v 4.734464 0.980276 2.022628
v 4.938834 0.911109 2.056489
v 4.943852 0.931863 2.068592
v 4.933959 0.912808 2.080483
v 4.860538 1.004928 2.141686
v 4.873907 0.984767 2.145829
v 4.883800 1.003822 2.133937
v 4.910871 0.971884 1.963866
v 4.897502 0.992046 1.959723
v 4.915890 0.992638 1.975969
v 4.832575 1.065704 2.049063
v 4.855837 1.064597 2.041314
v 4.837450 1.064005 2.025069
v 5.681016 0.743967 1.688019
v 5.699423 0.767127 1.684504
v 5.672149 0.767826 1.672537
v 5.748980 0.837377 1.575669
v 5.745626 0.835558 1.546122
v 5.721705 0.838077 1.563702
v 5.609381 0.661740 1.602326
v 5.600514 0.685600 1.586844
v 5.606028 0.659921 1.572779
v 5.673992 0.753332 1.460429
v 5.655583 0.730172 1.463944
v 5.650071 0.755850 1.478009
v 5.788944 0.657135 1.681115
v 5.812865 0.654617 1.663535
v 5.807352 0.680296 1.677600
v 5.853555 0.748727 1.539218
v 5.856909 0.750546 1.568765
v 5.862421 0.724867 1.554700
v 5.717310 0.574909 1.595422
v 5.713955 0.573090 1.565875
v 5.741230 0.572391 1.577843
v 5.781920 0.666500 1.453525
v 5.790786 0.642641 1.469007
v 5.763512 0.643340 1.457040
v 5.010043 0.851033 2.584774
v 5.014864 0.875131 2.591524
v 4.997756 0.870183 2.573294
v 5.047909 0.973400 2.533838
v 5.053127 0.979154 2.509565
v 5.030801 0.968451 2.515608
v 5.011349 0.790648 2.482656
v 4.999062 0.809798 2.471175
v 5.016567 0.796402 2.458383
v 5.054433 0.918769 2.407446
v 5.049612 0.894670 2.400697
v 5.032107 0.908066 2.413489
v 5.123985 0.823225 2.602675
v 5.146311 0.833928 2.596632
v 5.128805 0.847324 2.609424
v 5.167068 0.951346 2.527465
v 5.161851 0.945592 2.551738
v 5.179356 0.932196 2.538946
v 5.125291 0.762840 2.500556
v 5.130508 0.768594 2.476283
v 5.147617 0.773543 2.494513
v 5.168374 0.890961 2.425346
v 5.180662 0.871811 2.436827
v 5.163554 0.866863 2.418597
v 5.235558 0.781872 2.667332
v 5.214447 0.798130 2.668432
v 5.212411 0.774431 2.656374
v 5.137102 0.847362 2.584722
v 5.134717 0.846061 2.558192
v 5.135067 0.823663 2.572664
v 5.297201 0.724070 2.576380
v 5.274055 0.716628 2.565422
v 5.294816 0.722769 2.549850
v 5.196361 0.788259 2.467241
v 5.217472 0.772001 2.466141
v 5.196711 0.765861 2.481712
v 5.310598 0.880098 2.655767
v 5.310249 0.902496 2.641295
v 5.289487 0.896356 2.656867
v 5.209759 0.944287 2.546628
v 5.212143 0.945588 2.573158
v 5.232904 0.951728 2.557586
v 5.372242 0.822296 2.564815
v 5.369857 0.820994 2.538285
v 5.371892 0.844694 2.550344
v 5.271402 0.886485 2.455676
v 5.294549 0.893926 2.466635
v 5.292513 0.870227 2.454576
v 4.330456 0.955844 2.425612
v 4.311530 0.971801 2.424100
v 4.310225 0.949886 2.412562
v 4.252784 1.020822 2.337636
v 4.253865 1.019758 2.312881
v 4.251480 0.998908 2.326097
v 4.396316 0.899817 2.349102
v 4.376084 0.893859 2.336051
v 4.397396 0.898753 2.324347
v 4.319724 0.963731 2.236371
v 4.338650 0.947775 2.237883
v 4.317339 0.942880 2.249587
v 4.404900 1.044095 2.425068
v 4.407284 1.064945 2.411852
v 4.385974 1.060051 2.423556
v 4.328309 1.108008 2.312337
v 4.327228 1.109073 2.337091
v 4.348538 1.113967 2.325387
v 4.470758 0.988068 2.348557
v 4.471839 0.987004 2.323803
v 4.473144 1.008918 2.335341
v 4.394167 1.051981 2.235826
v 4.414398 1.057940 2.248877
v 4.413094 1.036025 2.237338
v 4.526684 0.708623 3.037368
v 4.545303 0.720712 3.052963
v 4.530271 0.735474 3.035871
v 4.644010 0.796580 3.031672
v 4.655375 0.807538 3.009609
v 4.628976 0.811342 3.014580
v 4.502805 0.704901 2.913399
v 4.506392 0.731751 2.911902
v 4.514170 0.715859 2.891336
v 4.631497 0.803816 2.885641
v 4.612877 0.791726 2.870044
v 4.605098 0.807619 2.890611
v 4.601778 0.607715 3.025933
v 4.628176 0.603912 3.020963
v 4.620397 0.619805 3.041529
v 4.730469 0.706630 2.998174
v 4.719103 0.695672 3.020238
v 4.726882 0.679779 2.999671
v 4.577899 0.603993 2.901965
v 4.589264 0.614951 2.879902
v 4.604297 0.600189 2.896995
v 4.706590 0.702908 2.874206
v 4.703003 0.676057 2.875704
v 4.687970 0.690819 2.858610
v 4.519633 0.797594 2.617032
v 4.521767 0.798070 2.644347
v 4.525012 0.821157 2.629946
v 4.610455 0.837305 2.727229
v 4.635262 0.848748 2.725091
v 4.613700 0.860392 2.712828
v 4.594270 0.833696 2.520077
v 4.599649 0.857259 2.532991
v 4.619078 0.845139 2.517939
v 4.709899 0.884850 2.628136
v 4.707765 0.884374 2.600820
v 4.688336 0.896494 2.615873
v 4.572907 0.681699 2.614888
v 4.594470 0.670055 2.627151
v 4.575042 0.682175 2.642204
v 4.688537 0.732853 2.722948
v 4.663730 0.721410 2.725086
v 4.683157 0.709290 2.710033
v 4.647544 0.717802 2.517933
v 4.672351 0.729245 2.515795
v 4.669106 0.706157 2.530196
v 4.763173 0.768955 2.625993
v 4.757795 0.745392 2.613078
v 4.761039 0.768479 2.598677
v 3.875527 0.709466 3.088898
v 3.847764 0.716110 3.086752
v 3.858015 0.692958 3.073394
v 3.763412 0.737055 2.985718
v 3.765553 0.736774 2.957171
v 3.773665 0.713903 2.972359
v 3.973962 0.686671 3.001993
v 3.956450 0.670163 2.986488
v 3.976102 0.686390 2.973446
v 3.863987 0.713979 2.870265
v 3.891751 0.707335 2.872412
v 3.872100 0.691108 2.885453
v 3.906466 0.839093 3.089941
v 3.898354 0.861964 3.074753
v 3.878703 0.845737 3.087795
v 3.796492 0.866402 2.958214
v 3.794352 0.866683 2.986760
v 3.814003 0.882910 2.973719
v 4.004901 0.816298 3.003036
v 4.007041 0.816017 2.974489
v 3.996789 0.839169 2.987848
v 3.894927 0.843607 2.871308
v 3.912439 0.860115 2.886813
v 3.922690 0.836963 2.873454
v 4.878360 0.974155 2.084141
v 4.902794 0.980566 2.101818
v 4.893950 1.000423 2.079951
v 5.040074 1.014238 2.076872
v 5.057343 1.018056 2.051617
v 5.031230 1.034095 2.055006
v 4.854774 0.965617 1.942816
v 4.870364 0.991885 1.938627
v 4.872042 0.969435 1.917561
v 5.033757 1.009518 1.910292
v 5.009323 1.003106 1.892615
v 5.007644 1.025557 1.913681
v 4.912998 0.834888 2.086773
v 4.939110 0.818849 2.083384
v 4.937431 0.841300 2.104450
v 5.091981 0.878789 2.054250
v 5.074711 0.874971 2.079505
v 5.076390 0.852521 2.058438
v 4.889411 0.826351 1.945449
v 4.906680 0.830168 1.920193
v 4.915524 0.810311 1.942059
v 5.068394 0.870251 1.912925
v 5.052804 0.843983 1.917114
v 5.043960 0.863840 1.895248
v 3.834968 0.695123 1.686738
v 3.836298 0.695755 1.711907
v 3.816321 0.705596 1.700088
v 3.829709 0.780087 1.793268
v 3.826376 0.805074 1.792816
v 3.809731 0.789929 1.781450
v 3.819618 0.775289 1.602402
v 3.800971 0.785763 1.615751
v 3.816285 0.800275 1.601950
v 3.811025 0.885240 1.708479
v 3.809695 0.884607 1.683311
v 3.794381 0.870095 1.697112
v 3.951140 0.710499 1.680210
v 3.967784 0.725644 1.691577
v 3.952471 0.711132 1.705378
v 3.942548 0.820450 1.786288
v 3.945880 0.795464 1.786739
v 3.961195 0.809977 1.772938
v 3.935790 0.790666 1.595873
v 3.932457 0.815652 1.595421
v 3.952435 0.805811 1.607239
v 3.927197 0.900617 1.701951
v 3.945844 0.890143 1.688601
v 3.925867 0.899984 1.676782
v 3.805460 0.946806 1.660939
v 3.784387 0.966356 1.663535
v 3.780322 0.942821 1.647331
v 3.710466 1.038367 1.577493
v 3.709084 1.040693 1.548758
v 3.706401 1.014831 1.561289
v 3.870278 0.890109 1.557802
v 3.845139 0.886124 1.544194
v 3.868895 0.892435 1.529067
v 3.773901 0.983995 1.445621
v 3.794975 0.964446 1.443025
v 3.771218 0.958134 1.458152
v 3.897043 1.045056 1.664485
v 3.899726 1.070917 1.651954
v 3.875970 1.064606 1.667081
v 3.800667 1.138942 1.552304
v 3.802050 1.136616 1.581039
v 3.825806 1.142928 1.565912
v 3.961861 0.988359 1.561348
v 3.960478 0.990685 1.532613
v 3.964544 1.014220 1.548817
v 3.865484 1.082245 1.449167
v 3.890623 1.086231 1.462775
v 3.886558 1.062695 1.446571
v 5.669661 0.933164 2.912641
v 5.681431 0.940331 2.941552
v 5.676161 0.963603 2.920189
v 5.801563 1.013255 2.991358
v 5.826285 1.028242 2.977577
v 5.796292 1.036528 2.969995
v 5.712298 0.958907 2.772109
v 5.718799 0.989346 2.779657
v 5.737021 0.973894 2.758328
v 5.868922 1.053985 2.837044
v 5.857152 1.046818 2.808133
v 5.838929 1.062270 2.829462
v 5.746995 0.805692 2.912754
v 5.776989 0.797406 2.920336
v 5.758766 0.812858 2.941665
v 5.903620 0.900770 2.977690
v 5.878897 0.885783 2.991470
v 5.897120 0.870331 2.970141
v 5.789632 0.831434 2.772222
v 5.814356 0.846421 2.758441
v 5.819625 0.823149 2.779804
v 5.946257 0.926512 2.837157
v 5.939756 0.896073 2.829609
v 5.934486 0.919345 2.808246
v 4.812634 0.887798 2.068484
v 4.799019 0.900598 2.094971
v 4.780367 0.888150 2.071564
v 4.695447 1.007274 2.120775
v 4.677598 1.026880 2.102126
v 4.676795 0.994826 2.097367
v 4.798694 0.910204 1.919902
v 4.766428 0.910555 1.922982
v 4.780845 0.929810 1.901253
v 4.663659 1.049286 1.953544
v 4.677273 1.036486 1.927057
v 4.662854 1.017231 1.948786
v 4.921498 0.992158 2.074008
v 4.922301 1.024213 2.078766
v 4.907883 1.004958 2.100495
v 4.786461 1.131240 2.107650
v 4.804310 1.111634 2.126299
v 4.818729 1.130889 2.104569
v 4.907557 1.014564 1.925426
v 4.889709 1.034171 1.906777
v 4.908362 1.046619 1.930185
v 4.772522 1.153646 1.959068
v 4.804789 1.153295 1.955988
v 4.786136 1.140847 1.932581
v 3.687441 0.983928 2.892189
v 3.694212 0.988407 2.921411
v 3.689676 1.012144 2.903085
v 3.793355 1.061022 2.990924
v 3.816702 1.078603 2.982819
v 3.788819 1.084759 2.972598
v 3.742003 1.027056 2.769318
v 3.744238 1.055271 2.780214
v 3.765349 1.044636 2.761213
v 3.871264 1.121731 2.859948
v 3.864493 1.117252 2.830726
v 3.843381 1.127886 2.849727
v 3.771868 0.870785 2.889966
v 3.799751 0.864629 2.900187
v 3.778640 0.875264 2.919188
v 3.901130 0.965459 2.980597
v 3.877783 0.947879 2.988702
v 3.898895 0.937244 2.969700
v 3.826430 0.913913 2.767095
v 3.849777 0.931493 2.758990
v 3.854314 0.907757 2.777316
v 3.955692 1.008587 2.857725
v 3.953456 0.980372 2.846829
v 3.948920 1.004108 2.828503
v 3.928356 1.009080 1.798181
v 3.898706 1.018707 1.801966
v 3.904997 0.994156 1.783424
v 3.790832 1.059064 1.711931
v 3.787711 1.061697 1.680794
v 3.797122 1.034513 1.693389
v 4.015688 0.986054 1.683225
v 3.992329 0.971130 1.668468
v 4.012568 0.988687 1.652088
v 3.875042 1.038671 1.565839
v 3.904693 1.029044 1.562053
v 3.884454 1.011487 1.578433
v 3.974271 1.147691 1.805299
v 3.964860 1.174875 1.792704
v 3.944621 1.157318 1.809084
v 3.833627 1.200308 1.687913
v 3.836746 1.197675 1.719049
v 3.856986 1.215232 1.702669
v 4.061603 1.124665 1.690343
v 4.058482 1.127298 1.659206
v 4.052192 1.151849 1.677748
v 3.920958 1.177282 1.572957
v 3.944318 1.192206 1.587713
v 3.950608 1.167655 1.569171
v 3.949056 0.697870 2.103837
v 3.967133 0.707311 2.124590
v 3.957757 0.725634 2.104024
v 4.087170 0.770060 2.125775
v 4.105559 0.779681 2.105381
v 4.077795 0.788383 2.105209
v 3.950084 0.698461 1.968388
v 3.958785 0.726226 1.968575
v 3.968472 0.708082 1.947994
v 4.106586 0.780273 1.969933
v 4.088510 0.770831 1.949179
v 4.078822 0.788975 1.969760
v 4.011808 0.577828 2.103788
v 4.039572 0.569126 2.103961
v 4.029885 0.587269 2.124542
v 4.168310 0.659639 2.105333
v 4.149921 0.650018 2.125727
v 4.159609 0.631875 2.105146
v 4.012836 0.578420 1.968340
v 4.031224 0.588041 1.947946
v 4.040600 0.569717 1.968512
v 4.169339 0.660231 1.969884
v 4.160637 0.632466 1.969697
v 4.151261 0.650790 1.949130
v 5.367963 0.651216 1.472002
v 5.367871 0.651627 1.501307
v 5.342958 0.646811 1.486640
v 5.298488 0.720318 1.596610
v 5.277503 0.740774 1.596257
v 5.273575 0.715502 1.581944
v 5.299189 0.717200 1.374373
v 5.274183 0.712796 1.389012
v 5.278203 0.737656 1.374020
v 5.208728 0.806758 1.498629
v 5.208820 0.806347 1.469324
v 5.204800 0.781487 1.484316
v 5.463207 0.748904 1.470931
v 5.467134 0.774175 1.485245
v 5.463114 0.749315 1.500236
v 5.372746 0.838462 1.595187
v 5.393731 0.818006 1.595540
v 5.397752 0.842866 1.580549
v 5.394432 0.814888 1.373303
v 5.373446 0.835344 1.372950
v 5.398359 0.840159 1.387616
v 5.303971 0.904446 1.497559
v 5.328976 0.908850 1.482920
v 5.304063 0.904035 1.468253
v 5.299798 0.826315 2.482955
v 5.303138 0.828360 2.506835
v 5.298283 0.848008 2.493570
v 5.370794 0.889639 2.572845
v 5.388009 0.906209 2.569018
v 5.365941 0.909287 2.559580
v 5.345473 0.874128 2.391755
v 5.343959 0.895821 2.402369
v 5.362688 0.890698 2.387929
v 5.433683 0.954022 2.477818
v 5.430345 0.951977 2.453939
v 5.411616 0.957100 2.468379
v 5.377427 0.744775 2.479085
v 5.399494 0.741698 2.488524
v 5.380765 0.746821 2.502965
v 5.465636 0.824670 2.565148
v 5.448422 0.808099 2.568975
v 5.467152 0.802977 2.554534
v 5.423102 0.792588 2.387885
v 5.440316 0.809159 2.384059
v 5.445170 0.789511 2.397323
v 5.511312 0.872483 2.473948
v 5.512826 0.850790 2.463333
v 5.507973 0.870437 2.450069
v 4.278727 0.589884 2.990048
v 4.278614 0.588546 3.021132
v 4.251810 0.591352 3.005584
v 4.225921 0.672118 3.127051
v 4.210027 0.698843 3.128143
v 4.199117 0.674924 3.111503
v 4.226779 0.682260 2.891319
v 4.199863 0.683729 2.906855
v 4.210885 0.708985 2.892411
v 4.158080 0.791220 3.029414
v 4.158193 0.792557 2.998329
v 4.147171 0.767300 3.012774
v 4.403244 0.663788 2.993681
v 4.414153 0.687707 3.010321
v 4.403131 0.662451 3.024765
v 4.334544 0.772747 3.131777
v 4.350439 0.746022 3.130684
v 4.361461 0.771279 3.116240
v 4.351296 0.756165 2.894952
v 4.335402 0.782890 2.896043
v 4.362206 0.780084 2.911591
v 4.282596 0.865124 3.033047
v 4.309513 0.863656 3.017510
v 4.282710 0.866461 3.001962
v 3.999185 0.675322 2.753886
v 3.972234 0.683991 2.751683
v 3.980657 0.660310 2.738470
v 3.890653 0.711016 2.651239
v 3.892821 0.710558 2.622929
v 3.899076 0.687335 2.638026
v 4.095035 0.645277 2.667952
v 4.076508 0.630264 2.652535
v 4.097203 0.644818 2.639643
v 3.988671 0.680512 2.536994
v 4.015622 0.671843 2.539199
v 3.994926 0.657289 2.552091
v 4.039583 0.801187 2.754939
v 4.033328 0.824409 2.739843
v 4.012633 0.809855 2.752736
v 3.933218 0.836422 2.623982
v 3.931051 0.836881 2.652292
v 3.951746 0.851435 2.639399
v 4.135433 0.771141 2.669005
v 4.137601 0.770682 2.640696
v 4.129179 0.794363 2.653908
v 4.029070 0.806376 2.538048
v 4.047597 0.821389 2.553464
v 4.056020 0.797707 2.540251
v 5.083025 0.626967 2.936201
v 5.088501 0.646101 2.950655
v 5.071663 0.648531 2.932889
v 5.122909 0.753846 2.932780
v 5.127885 0.767443 2.912895
v 5.106071 0.756276 2.915013
v 5.081378 0.608739 2.823164
v 5.070017 0.630303 2.819852
v 5.086355 0.622336 2.803279
v 5.126239 0.749215 2.799858
v 5.120763 0.730081 2.785403
v 5.104425 0.738048 2.801976
v 5.192229 0.592744 2.940129
v 5.214044 0.603912 2.938011
v 5.197707 0.611879 2.954584
v 5.237090 0.733221 2.916823
v 5.232114 0.719624 2.936708
v 5.248451 0.711657 2.920135
v 5.190584 0.574517 2.827092
v 5.195560 0.588113 2.807207
v 5.212398 0.585684 2.824973
v 5.235444 0.714993 2.803786
v 5.246806 0.693429 2.807098
v 5.229968 0.695858 2.789331
v 3.744549 0.820653 2.200906
v 3.748142 0.847856 2.202208
v 3.727858 0.837397 2.186917
v 3.764855 0.941075 2.116273
v 3.766339 0.942190 2.088866
v 3.744571 0.930615 2.100982
v 3.737609 0.734777 2.106401
v 3.720918 0.751521 2.092412
v 3.739092 0.735893 2.078994
v 3.759399 0.856315 1.994361
v 3.755805 0.829112 1.993060
v 3.737631 0.844740 2.006478
v 3.871144 0.803638 2.207070
v 3.892912 0.815213 2.194954
v 3.874737 0.830841 2.208372
v 3.892934 0.925176 2.095029
v 3.891450 0.924060 2.122437
v 3.909625 0.908432 2.109018
v 3.864204 0.717763 2.112566
v 3.865688 0.718878 2.085158
v 3.885971 0.729337 2.100449
v 3.885994 0.839300 2.000525
v 3.902684 0.822556 2.014514
v 3.882401 0.812097 1.999223
v 5.571241 0.777253 2.155464
v 5.561685 0.791121 2.180320
v 5.542842 0.786816 2.157343
v 5.500266 0.913649 2.207729
v 5.491166 0.937004 2.191200
v 5.481424 0.909345 2.184752
v 5.572742 0.808480 2.019231
v 5.544343 0.818043 2.021110
v 5.563641 0.831834 2.002702
v 5.492666 0.968231 2.054967
v 5.502223 0.954363 2.030111
v 5.482925 0.940572 2.048520
v 5.696789 0.836820 2.170501
v 5.706530 0.864480 2.176948
v 5.687232 0.850688 2.195357
v 5.616713 0.996571 2.206236
v 5.625814 0.973217 2.222766
v 5.645113 0.987008 2.204357
v 5.698289 0.868047 2.034268
v 5.689188 0.891402 2.017739
v 5.708031 0.895706 2.040715
v 5.618214 1.027798 2.070004
v 5.646612 1.018235 2.068125
v 5.627770 1.013930 2.045148
v 3.874590 0.753294 1.607086
v 3.876354 0.753280 1.638151
v 3.876986 0.780191 1.622545
v 3.968844 0.807573 1.735515
v 3.995177 0.824081 1.734028
v 3.969475 0.834484 1.719909
v 3.955469 0.807680 1.499929
v 3.957864 0.834577 1.515388
v 3.981802 0.824187 1.498441
v 4.076056 0.878466 1.626871
v 4.074293 0.878480 1.595805
v 4.050354 0.888870 1.612752
v 3.951311 0.630508 1.602675
v 3.977012 0.620105 1.616794
v 3.953074 0.630494 1.633740
v 4.071897 0.701295 1.729617
v 4.045564 0.684787 1.731104
v 4.069502 0.674398 1.714158
v 4.032190 0.684894 1.495518
v 4.058523 0.701401 1.494030
v 4.057892 0.674490 1.509636
v 4.152777 0.755680 1.622460
v 4.150382 0.728783 1.607001
v 4.151013 0.755695 1.591394
v 4.099269 0.812685 1.849084
v 4.100560 0.820005 1.872784
v 4.080789 0.826000 1.858993
v 4.093202 0.921612 1.927496
v 4.089676 0.945159 1.920415
v 4.073431 0.927607 1.913705
v 4.083415 0.866098 1.747756
v 4.064936 0.879412 1.757666
v 4.079890 0.889644 1.740676
v 4.073823 0.998571 1.819088
v 4.072532 0.991251 1.795387
v 4.057578 0.981019 1.812377
v 4.213575 0.826633 1.838552
v 4.229820 0.844185 1.845262
v 4.214866 0.833953 1.862253
v 4.203982 0.959107 1.909883
v 4.207508 0.935560 1.916964
v 4.222463 0.945792 1.899973
v 4.197721 0.880046 1.737224
v 4.194196 0.903592 1.730144
v 4.213966 0.897598 1.743935
v 4.188129 1.012519 1.808556
v 4.206609 0.999204 1.798646
v 4.186839 1.005199 1.784855
v 4.689310 0.612529 1.657520
v 4.689496 0.623664 1.679896
v 4.674794 0.632443 1.661690
v 4.707613 0.732233 1.717622
v 4.712930 0.754079 1.706707
v 4.692910 0.741012 1.699416
v 4.706205 0.647791 1.547930
v 4.691688 0.667705 1.552100
v 4.711522 0.669638 1.537015
v 4.729825 0.789341 1.597117
v 4.729639 0.778206 1.574741
v 4.709805 0.776274 1.589826
v 4.802999 0.589988 1.667793
v 4.823019 0.603055 1.675084
v 4.803184 0.601123 1.690169
v 4.826619 0.731538 1.716980
v 4.821301 0.709692 1.727895
v 4.841136 0.711624 1.712810
v 4.819893 0.625250 1.558204
v 4.825211 0.647097 1.547288
v 4.839913 0.638317 1.565494
v 4.843513 0.766800 1.607391
v 4.858030 0.746886 1.603221
v 4.843328 0.755666 1.585014
v 5.395545 0.836046 2.061896
v 5.372269 0.849253 2.073143
v 5.368890 0.827783 2.053899
v 5.264050 0.912053 2.022072
v 5.254451 0.917922 1.995312
v 5.260672 0.890582 2.002829
v 5.440570 0.811892 1.936786
v 5.413915 0.803628 1.928789
v 5.430971 0.817761 1.910025
v 5.299476 0.893768 1.870201
v 5.322752 0.880561 1.858956
v 5.305696 0.866427 1.877719
v 5.462811 0.953247 2.063476
v 5.456590 0.980588 2.055959
v 5.439535 0.966455 2.074723
v 5.321717 1.035123 1.996892
v 5.331316 1.029254 2.023653
v 5.348372 1.043387 2.004889
v 5.507835 0.929093 1.938366
v 5.498237 0.934963 1.911606
v 5.501616 0.956433 1.930849
v 5.366742 1.010969 1.871782
v 5.393396 1.019233 1.879779
v 5.390018 0.997762 1.860536
v 4.705175 0.666120 2.981806
v 4.695016 0.669078 3.009940
v 4.680442 0.651406 2.990478
v 4.573050 0.706032 3.067722
v 4.546159 0.714300 3.057141
v 4.558475 0.688360 3.048260
v 4.650097 0.683601 2.854367
v 4.625363 0.668887 2.863039
v 4.623206 0.691869 2.843786
v 4.491080 0.731780 2.929702
v 4.501240 0.728822 2.901568
v 4.503398 0.705840 2.920820
v 4.746049 0.799944 2.982497
v 4.733732 0.825884 2.991379
v 4.735890 0.802902 3.010631
v 4.587032 0.848124 3.057832
v 4.613924 0.839855 3.068413
v 4.611766 0.862837 3.049161
v 4.690971 0.817425 2.855058
v 4.664080 0.825693 2.844478
v 4.678654 0.843365 2.863940
v 4.531954 0.865604 2.930393
v 4.556687 0.880318 2.921721
v 4.542113 0.862646 2.902259
v 5.695134 1.041947 2.021205
v 5.685219 1.067146 2.019028
v 5.674696 1.047068 2.004055
v 5.666705 1.148025 1.923579
v 5.670995 1.147396 1.896761
v 5.656181 1.127947 1.908607
v 5.741896 0.956926 1.940092
v 5.721457 0.962047 1.922942
v 5.746186 0.956297 1.913273
v 5.717757 1.062375 1.815647
v 5.727672 1.037176 1.817825
v 5.702944 1.042926 1.827494
v 5.811174 1.089113 2.038663
v 5.825987 1.108562 2.026817
v 5.801258 1.114312 2.036486
v 5.787035 1.194562 1.914219
v 5.782744 1.195191 1.941037
v 5.807473 1.189441 1.931368
v 5.857935 1.004093 1.957550
v 5.862226 1.003464 1.930731
v 5.872748 1.023542 1.945703
v 5.833796 1.109541 1.833105
v 5.854234 1.104421 1.850255
v 5.843711 1.084342 1.835283
v 5.450063 0.628042 3.119456
v 5.428002 0.649830 3.128173
v 5.419667 0.625177 3.109197
v 5.332020 0.738701 3.054883
v 5.324921 0.743909 3.023901
v 5.323683 0.714047 3.035906
v 5.499314 0.573463 2.988775
v 5.468917 0.570598 2.978515
v 5.492216 0.578671 2.957793
v 5.374173 0.689330 2.893219
v 5.396233 0.667541 2.884502
v 5.372934 0.659468 2.905225
v 5.554195 0.735770 3.113709
v 5.555434 0.765632 3.101704
v 5.532136 0.757559 3.122426
v 5.429054 0.851637 3.018154
v 5.436152 0.846429 3.049136
v 5.459451 0.854502 3.028413
v 5.603447 0.681191 2.983027
v 5.596349 0.686399 2.952046
v 5.604685 0.711053 2.971022
v 5.478305 0.797058 2.887472
v 5.508702 0.799923 2.897732
v 5.500366 0.775270 2.878755
v 4.557338 0.725231 3.081246
v 4.551847 0.727162 3.107752
v 4.532145 0.720685 3.090251
v 4.468740 0.792135 3.177264
v 4.448985 0.809942 3.171875
v 4.449038 0.785658 3.159763
v 4.510378 0.777494 2.976253
v 4.485185 0.772948 2.985258
v 4.490623 0.795301 2.970863
v 4.402025 0.862205 3.066882
v 4.407516 0.860275 3.040376
v 4.402079 0.837920 3.054770
v 4.640091 0.820138 3.091475
v 4.640038 0.844422 3.103588
v 4.634602 0.822069 3.117981
v 4.531738 0.904849 3.182104
v 4.551494 0.887041 3.187494
v 4.556932 0.909395 3.173100
v 4.593132 0.872401 2.986483
v 4.573377 0.890208 2.981093
v 4.593079 0.896685 2.998594
v 4.484779 0.957111 3.077111
v 4.509972 0.961658 3.068107
v 4.490270 0.955181 3.050605
v 5.709938 0.942430 2.630280
v 5.736682 0.952673 2.637868
v 5.718788 0.969108 2.620914
v 5.846048 1.000421 2.568720
v 5.852528 1.004683 2.540127
v 5.828154 1.016856 2.551766
v 5.643231 0.922742 2.511181
v 5.652081 0.949420 2.501815
v 5.649711 0.927004 2.482588
v 5.785821 0.984995 2.421027
v 5.759077 0.974752 2.413440
v 5.761446 0.997167 2.432667
v 5.761042 0.814545 2.622799
v 5.785415 0.802373 2.611160
v 5.787785 0.824788 2.630386
v 5.903631 0.876798 2.532645
v 5.897151 0.872536 2.561239
v 5.894781 0.850121 2.542012
v 5.694335 0.794857 2.503700
v 5.700815 0.799119 2.475106
v 5.718709 0.782685 2.492060
v 5.836924 0.857110 2.413546
v 5.828074 0.830433 2.422913
v 5.810180 0.846867 2.405959
v 3.843973 1.063487 2.162634
v 3.847451 1.063822 2.189300
v 3.851503 1.086190 2.174928
v 3.940994 1.096144 2.265978
v 3.965933 1.105628 2.262606
v 3.945045 1.118512 2.251606
v 3.914619 1.093599 2.063756
v 3.922149 1.116302 2.076050
v 3.939559 1.103082 2.060384
v 4.036580 1.135740 2.163728
v 4.033101 1.135404 2.137062
v 4.015692 1.148624 2.152728
v 3.887943 0.946341 2.158374
v 3.908830 0.933457 2.169374
v 3.891420 0.946677 2.185040
v 4.009902 0.988482 2.258346
v 3.984963 0.978999 2.261718
v 4.002373 0.965779 2.246052
v 3.958589 0.976453 2.059496
v 3.983528 0.985937 2.056124
v 3.979477 0.963569 2.070496
v 4.080549 1.018594 2.159467
v 4.073019 0.995891 2.147174
v 4.077071 1.018259 2.132802
v 4.349866 1.028858 2.519328
v 4.325947 1.035425 2.518401
v 4.333849 1.015523 2.505847
v 4.250919 1.059031 2.433752
v 4.252046 1.059635 2.408963
v 4.258821 1.039129 2.421198
v 4.432311 1.009232 2.440781
v 4.416293 0.995897 2.427301
v 4.433437 1.009837 2.415993
v 4.334491 1.040009 2.330417
v 4.358410 1.033442 2.331344
v 4.341265 1.019503 2.342652
v 4.380290 1.140256 2.523427
v 4.373515 1.160762 2.511192
v 4.356371 1.146823 2.522500
v 4.282470 1.171033 2.413062
v 4.281344 1.170429 2.437851
v 4.298488 1.184368 2.426543
v 4.462734 1.120630 2.444880
v 4.463861 1.121234 2.420092
v 4.455959 1.141136 2.432645
v 4.364914 1.151407 2.334516
v 4.380932 1.164742 2.347996
v 4.388833 1.144840 2.335443
v 5.359613 0.823717 2.926388
v 5.346770 0.829610 2.949804
v 5.334351 0.814252 2.930886
v 5.234990 0.882342 2.980375
v 5.213875 0.892468 2.966247
v 5.222570 0.866984 2.961458
v 5.332384 0.837650 2.802797
v 5.307122 0.828185 2.807295
v 5.311269 0.847776 2.788668
v 5.186646 0.906401 2.842656
v 5.199489 0.900508 2.819239
v 5.195341 0.880917 2.837867
v 5.414146 0.938762 2.927342
v 5.405451 0.964246 2.932131
v 5.401303 0.944656 2.950759
v 5.268408 1.007514 2.967201
v 5.289523 0.997388 2.981330
v 5.293670 1.016978 2.962703
v 5.386918 0.952695 2.803751
v 5.365803 0.962821 2.789623
v 5.378222 0.978179 2.808540
v 5.241179 1.021447 2.843611
v 5.266441 1.030911 2.839112
v 5.254022 1.015553 2.820194
v 4.594832 0.697977 2.521122
v 4.575754 0.715634 2.532097
v 4.567926 0.696674 2.512720
v 4.489583 0.801632 2.482758
v 4.482483 0.810100 2.456794
v 4.481755 0.782672 2.463381
v 4.634266 0.667729 2.399527
v 4.607361 0.666426 2.391125
v 4.627168 0.676197 2.373563
v 4.521918 0.779852 2.335199
v 4.540997 0.762195 2.324224
v 4.521190 0.752424 2.341786
v 4.685799 0.792554 2.527096
v 4.686528 0.819982 2.520509
v 4.666720 0.810211 2.538071
v 4.573450 0.904677 2.462769
v 4.580549 0.896209 2.488732
v 4.600356 0.905980 2.471170
v 4.725234 0.762306 2.405501
v 4.718134 0.770774 2.379537
v 4.725962 0.789734 2.398914
v 4.612885 0.874429 2.341173
v 4.639791 0.875732 2.349575
v 4.631963 0.856772 2.330198
v 4.273753 0.677781 2.208090
v 4.271780 0.684651 2.237999
v 4.249196 0.692867 2.218813
v 4.251663 0.804828 2.313145
v 4.247524 0.834465 2.306064
v 4.229079 0.813044 2.293959
v 4.266625 0.752726 2.086326
v 4.242068 0.767812 2.097049
v 4.262486 0.782363 2.079245
v 4.240396 0.909410 2.184300
v 4.242369 0.902540 2.154391
v 4.221951 0.887989 2.172195
v 4.415311 0.698634 2.212638
v 4.433757 0.720055 2.224743
v 4.413338 0.705504 2.242547
v 4.389081 0.855318 2.310612
v 4.393220 0.825680 2.317693
v 4.413639 0.840231 2.299889
v 4.408183 0.773579 2.090874
v 4.404045 0.803216 2.083793
v 4.426629 0.795000 2.102979
v 4.381954 0.930263 2.188848
v 4.406511 0.915177 2.178125
v 4.383926 0.923393 2.158939
v 4.614213 1.000060 1.638320
v 4.621258 1.018305 1.655352
v 4.603804 1.023776 1.636966
v 4.665171 1.130464 1.647038
v 4.671466 1.146291 1.627480
v 4.647717 1.135935 1.628652
v 4.611739 0.992101 1.517872
v 4.601329 1.015817 1.516519
v 4.618032 1.007928 1.498315
v 4.668991 1.138332 1.507033
v 4.661945 1.120087 1.490001
v 4.645242 1.127976 1.508205
v 4.726652 0.956082 1.638916
v 4.750401 0.966438 1.637744
v 4.733698 0.974327 1.655948
v 4.783904 1.102313 1.628077
v 4.777611 1.086486 1.647634
v 4.794313 1.078597 1.629430
v 4.724177 0.948123 1.518469
v 4.730472 0.963950 1.498911
v 4.747926 0.958479 1.517296
v 4.781430 1.094354 1.507629
v 4.791839 1.070638 1.508983
v 4.774384 1.076109 1.490597
v 4.955604 0.907340 3.122671
v 4.958365 0.913939 3.147178
v 4.944187 0.928358 3.131595
v 4.994830 1.011556 3.204333
v 5.003146 1.034612 3.197188
v 4.980652 1.025975 3.188750
v 4.973891 0.961514 3.018478
v 4.962474 0.982532 3.027402
v 4.982207 0.984569 3.011333
v 5.021432 1.088786 3.092995
v 5.018672 1.082187 3.068487
v 4.998938 1.080150 3.084557
v 5.067235 0.866579 3.121069
v 5.089730 0.875215 3.129507
v 5.069996 0.873177 3.145576
v 5.114776 0.993850 3.195586
v 5.106460 0.970794 3.202731
v 5.126194 0.972832 3.186662
v 5.085522 0.920752 3.016876
v 5.093838 0.943808 3.009731
v 5.108016 0.929389 3.025314
v 5.133063 1.048025 3.091393
v 5.144480 1.027006 3.082469
v 5.130301 1.041426 3.066886
v 5.176245 0.895399 1.879618
v 5.175917 0.901390 1.904122
v 5.154234 0.898356 1.891586
v 5.126984 0.986893 1.968059
v 5.112448 1.006876 1.962978
v 5.105302 0.983858 1.955523
v 5.129478 0.941459 1.782230
v 5.107468 0.944416 1.794199
v 5.114942 0.961443 1.777150
v 5.065681 1.052936 1.865590
v 5.066010 1.046945 1.841086
v 5.058535 1.029918 1.858135
v 5.272222 0.961436 1.864761
v 5.279367 0.984453 1.872216
v 5.271893 0.967427 1.889265
v 5.208423 1.072912 1.948121
v 5.222960 1.052929 1.953202
v 5.230434 1.069956 1.936153
v 5.225455 1.007496 1.767374
v 5.210918 1.027479 1.762293
v 5.232600 1.030513 1.774829
v 5.161657 1.118972 1.850733
v 5.183668 1.116015 1.838765
v 5.161986 1.112981 1.826229
v 4.309117 0.765239 2.330026
v 4.288501 0.775653 2.343252
v 4.284335 0.757325 2.324406
v 4.183490 0.832870 2.310823
v 4.172206 0.839838 2.287746
v 4.179324 0.814543 2.291977
v 4.339840 0.753896 2.210526
v 4.315057 0.745983 2.204906
v 4.328556 0.760864 2.187450
v 4.202928 0.828495 2.168247
v 4.223545 0.818082 2.155021
v 4.210046 0.803200 2.172477
v 4.367269 0.874556 2.334600
v 4.360151 0.899851 2.330370
v 4.346652 0.884970 2.347826
v 4.230357 0.949155 2.292320
v 4.241641 0.942187 2.315397
v 4.255140 0.957069 2.297941
v 4.397992 0.863213 2.215101
v 4.386708 0.870181 2.192024
v 4.390874 0.888509 2.210870
v 4.261079 0.937813 2.172821
v 4.285863 0.945726 2.178441
v 4.281697 0.927399 2.159595
v 4.962846 0.684131 3.147500
v 4.952821 0.705942 3.158300
v 4.938583 0.692051 3.141060
v 4.904219 0.809696 3.114836
v 4.899480 0.819404 3.090832
v 4.889981 0.795805 3.097595
v 4.980252 0.644290 3.032931
v 4.955988 0.652210 3.026491
v 4.975513 0.653998 3.008927
v 4.916885 0.779563 2.976264
v 4.926911 0.757752 2.965463
v 4.907387 0.755964 2.983027
v 5.073982 0.735744 3.146435
v 5.083480 0.759343 3.139672
v 5.063956 0.757555 3.157235
v 5.010616 0.871017 3.089767
v 5.015354 0.861310 3.113772
v 5.034879 0.863098 3.096208
v 5.091387 0.695903 3.031867
v 5.086648 0.705611 3.007863
v 5.100886 0.719502 3.025103
v 5.028021 0.831176 2.975199
v 5.052285 0.823256 2.981639
v 5.038047 0.809365 2.964398
v 4.525497 0.814099 2.694747
v 4.531360 0.829790 2.716814
v 4.513656 0.838984 2.697590
v 4.574758 0.949973 2.734320
v 4.582079 0.970791 2.717571
v 4.557055 0.959166 2.715096
v 4.530295 0.830978 2.566975
v 4.518454 0.855862 2.569818
v 4.537616 0.851797 2.550227
v 4.586878 0.987670 2.589799
v 4.581014 0.971979 2.567733
v 4.561852 0.976045 2.587324
v 4.646853 0.770454 2.693539
v 4.671878 0.782079 2.696015
v 4.652716 0.786144 2.715606
v 4.703434 0.927145 2.716363
v 4.696114 0.906327 2.733112
v 4.715276 0.902261 2.713521
v 4.651651 0.787332 2.565767
v 4.658971 0.808151 2.549019
v 4.676676 0.798957 2.568243
v 4.708233 0.944024 2.588591
v 4.720074 0.919140 2.585749
v 4.702370 0.928333 2.566524
v 5.279519 0.936872 1.898479
v 5.286615 0.961111 1.914941
v 5.267215 0.963622 1.892000
v 5.336686 1.089129 1.886607
v 5.344799 1.103778 1.861537
v 5.317285 1.091639 1.863666
v 5.282870 0.905302 1.761766
v 5.270566 0.932052 1.755287
v 5.290984 0.919952 1.736697
v 5.348150 1.072209 1.724824
v 5.341054 1.047969 1.708362
v 5.320636 1.060070 1.726953
v 5.410592 0.888776 1.912797
v 5.438106 0.900915 1.910669
v 5.417688 0.913016 1.929259
v 5.475872 1.055683 1.875856
v 5.467758 1.041033 1.900925
v 5.488175 1.028933 1.882335
v 5.413942 0.857207 1.776085
v 5.422057 0.871856 1.751015
v 5.441456 0.869346 1.773956
v 5.479223 1.024114 1.739143
v 5.491526 0.997363 1.745622
v 5.472126 0.999874 1.722681
v 3.990942 0.851546 2.091152
v 3.985681 0.873328 2.111292
v 3.965348 0.867392 2.089865
v 3.953731 1.009694 2.103828
v 3.949286 1.029338 2.081421
v 3.933399 1.003758 2.082402
v 3.993628 0.844510 1.951097
v 3.968035 0.860355 1.949810
v 3.989183 0.864154 1.928690
v 3.951973 1.022302 1.941366
v 3.957233 1.000520 1.921226
v 3.936086 0.996721 1.942346
v 4.127485 0.883592 2.092161
v 4.143372 0.909173 2.091181
v 4.122224 0.905374 2.112301
v 4.085831 1.061384 2.082430
v 4.090275 1.041740 2.104837
v 4.111423 1.045539 2.083717
v 4.130171 0.876556 1.952106
v 4.125727 0.896200 1.929699
v 4.146059 0.902136 1.951125
v 4.088517 1.054348 1.942375
v 4.114109 1.038503 1.943662
v 4.093778 1.032566 1.922235
v 4.852703 0.970129 1.748471
v 4.853294 0.999330 1.758523
v 4.831771 0.990411 1.738242
v 4.859152 1.128460 1.695518
v 4.860340 1.138485 1.666325
v 4.837628 1.119540 1.675236
v 4.854667 0.907005 1.619281
v 4.833735 0.927287 1.609053
v 4.855855 0.917030 1.590089
v 4.862304 1.075361 1.537136
v 4.861712 1.046159 1.527083
v 4.839592 1.056416 1.546047
v 4.996370 0.965727 1.752806
v 5.019082 0.984672 1.743894
v 4.996962 0.994929 1.762859
v 5.004007 1.134084 1.670660
v 5.002819 1.124058 1.699853
v 5.024939 1.113801 1.680888
v 4.998334 0.902603 1.623616
v 4.999522 0.912628 1.594424
v 5.021046 0.921548 1.614705
v 5.005971 1.070959 1.541471
v 5.026903 1.050677 1.551699
v 5.005380 1.041758 1.531418
v 4.307165 0.984848 1.488126
v 4.323207 1.003683 1.497150
v 4.303505 1.009881 1.480811
v 4.393239 1.090015 1.445452
v 4.398471 1.097406 1.420722
v 4.373537 1.096213 1.429112
v 4.271584 0.947176 1.377017
v 4.267923 0.972209 1.369702
v 4.276816 0.954567 1.352288
v 4.362890 1.059734 1.309613
v 4.346848 1.040899 1.300590
v 4.337955 1.058541 1.318004
v 4.401292 0.906375 1.484589
v 4.426227 0.907568 1.476200
v 4.417334 0.925210 1.493613
v 4.492599 1.018933 1.417186
v 4.487366 1.011542 1.441915
v 4.496259 0.993900 1.424501
v 4.365710 0.868703 1.373481
v 4.370943 0.876094 1.348751
v 4.390644 0.869896 1.365091
v 4.457016 0.981261 1.306077
v 4.460677 0.956228 1.313392
v 4.440975 0.962426 1.297053
v 4.735373 1.078430 1.437751
v 4.745500 1.082991 1.463703
v 4.742497 1.104552 1.445733
v 4.853888 1.138884 1.512656
v 4.876688 1.151303 1.501576
v 4.850885 1.160445 1.494687
v 4.777088 1.104299 1.315853
v 4.784213 1.130421 1.323835
v 4.799889 1.116718 1.304774
v 4.918404 1.177172 1.379678
v 4.908277 1.172611 1.353727
v 4.892601 1.186314 1.372789
v 4.796858 0.962347 1.434158
v 4.822659 0.953205 1.441048
v 4.806984 0.966908 1.460109
v 4.938172 1.035220 1.497983
v 4.915372 1.022801 1.509063
v 4.931048 1.009098 1.490002
v 4.838573 0.988216 1.312260
v 4.861372 1.000635 1.301180
v 4.864375 0.979073 1.319150
v 4.979888 1.061088 1.376085
v 4.972764 1.034966 1.368103
v 4.969761 1.056528 1.350134
v 4.318493 0.787901 1.456345
v 4.336015 0.800430 1.478737
v 4.324903 0.818300 1.455878
v 4.457109 0.879483 1.481670
v 4.476374 0.890970 1.460169
v 4.445996 0.897353 1.458811
v 4.324232 0.784471 1.311856
v 4.330641 0.814870 1.311389
v 4.343497 0.795958 1.290355
v 4.482112 0.887540 1.315679
v 4.464591 0.875011 1.293287
v 4.451735 0.893924 1.314322
v 4.397393 0.666820 1.462353
v 4.427771 0.660436 1.463711
v 4.414915 0.679348 1.484745
v 4.555274 0.769889 1.466176
v 4.536008 0.758402 1.487678
v 4.548865 0.739490 1.466643
v 4.403131 0.663390 1.317864
v 4.422396 0.674877 1.296362
v 4.433508 0.657006 1.319222
v 4.561012 0.766459 1.321687
v 4.554603 0.736060 1.322154
v 4.543490 0.753930 1.299295
v 4.763432 0.744037 2.277976
v 4.749442 0.747097 2.306150
v 4.737884 0.726765 2.284893
v 4.612809 0.777087 2.351754
v 4.585292 0.783137 2.337434
v 4.601252 0.756754 2.330497
v 4.718903 0.753881 2.138090
v 4.693355 0.736608 2.145007
v 4.691385 0.759931 2.123770
v 4.540762 0.792981 2.197548
v 4.554752 0.789921 2.169374
v 4.556722 0.766598 2.190611
v 4.794996 0.887743 2.278039
v 4.779037 0.914126 2.284976
v 4.781006 0.890803 2.306214
v 4.616856 0.926843 2.337498
v 4.644373 0.920793 2.351818
v 4.642403 0.944116 2.330581
v 4.750466 0.897586 2.138154
v 4.722949 0.903637 2.123834
v 4.734507 0.923969 2.145091
v 4.572326 0.936686 2.197613
v 4.597874 0.953959 2.190695
v 4.586316 0.933626 2.169438
v 4.932201 1.004272 2.683891
v 4.958481 1.012234 2.689470
v 4.942039 1.028373 2.673521
v 5.061786 1.046330 2.617480
v 5.066888 1.048728 2.590032
v 5.045344 1.062470 2.601531
v 4.862482 0.985955 2.575168
v 4.872321 1.010056 2.564798
v 4.867583 0.988352 2.547719
v 4.997168 1.030410 2.481309
v 4.970887 1.022449 2.475730
v 4.975625 1.044153 2.492808
v 4.970727 0.879698 2.680173
v 4.992270 0.865955 2.668674
v 4.997008 0.887659 2.685752
v 5.105414 0.924153 2.586314
v 5.100313 0.921756 2.613763
v 5.095574 0.900052 2.596684
v 4.901008 0.861381 2.571451
v 4.906109 0.863778 2.544002
v 4.922551 0.847638 2.559951
v 5.035695 0.905836 2.477592
v 5.025855 0.881735 2.487962
v 5.009413 0.897875 2.472012
v 4.109720 1.112349 1.421065
v 4.120612 1.129114 1.444955
v 4.102763 1.142632 1.423297
v 4.197597 1.251339 1.457798
v 4.210090 1.271705 1.437809
v 4.179748 1.264857 1.436139
v 4.114994 1.124204 1.276628
v 4.108037 1.154487 1.278859
v 4.127489 1.144570 1.256640
v 4.215364 1.283560 1.293372
v 4.204472 1.266796 1.269482
v 4.185020 1.276712 1.291702
v 4.232505 1.035207 1.419217
v 4.262850 1.042055 1.420887
v 4.243398 1.051972 1.443106
v 4.332876 1.194563 1.435961
v 4.320382 1.174197 1.455949
v 4.339833 1.164281 1.433729
v 4.237780 1.047062 1.274779
v 4.250274 1.067428 1.254791
v 4.268122 1.053910 1.276449
v 4.338150 1.206418 1.291523
v 4.345106 1.176136 1.289292
v 4.327257 1.189654 1.267634
v 4.393578 0.904135 1.973333
v 4.389449 0.918547 1.995398
v 4.370014 0.915988 1.977307
v 4.352443 1.034769 2.018720
v 4.345330 1.055664 2.003741
v 4.333008 1.032211 2.000629
v 4.383752 0.925476 1.851394
v 4.360188 0.937329 1.855367
v 4.376639 0.946370 1.836415
v 4.335505 1.077005 1.881801
v 4.339633 1.062593 1.859737
v 4.323183 1.053552 1.878690
v 4.511710 0.942317 1.970497
v 4.524032 0.965770 1.973609
v 4.507582 0.956729 1.992561
v 4.463462 1.093847 2.000905
v 4.470576 1.072952 2.015884
v 4.487027 1.081993 1.996931
v 4.501884 0.963658 1.848558
v 4.494771 0.984553 1.833579
v 4.514207 0.987111 1.851670
v 4.453637 1.115188 1.878965
v 4.477201 1.103334 1.874992
v 4.457766 1.100776 1.856901
v 4.390290 1.030309 1.940918
v 4.410841 1.054855 1.938831
v 4.381540 1.057332 1.926005
v 4.466695 1.136609 1.827020
v 4.463110 1.136899 1.795141
v 4.437393 1.139087 1.814194
v 4.310842 0.950463 1.842848
v 4.302091 0.977486 1.827935
v 4.307258 0.950752 1.810969
v 4.383663 1.057053 1.697071
v 4.363111 1.032507 1.699158
v 4.357945 1.059240 1.716125
v 4.503751 0.934154 1.927289
v 4.529469 0.931966 1.908235
v 4.524302 0.958700 1.925202
v 4.576571 1.040744 1.781512
v 4.580156 1.040454 1.813391
v 4.585322 1.013721 1.796425
v 4.424303 0.854307 1.829219
v 4.420720 0.854597 1.797340
v 4.450020 0.852120 1.810166
v 4.497124 0.960897 1.683442
v 4.505874 0.933874 1.698355
v 4.476573 0.936352 1.685529
v 5.103703 0.896554 2.034729
v 5.099619 0.906556 2.064266
v 5.074656 0.900716 2.046049
v 5.027874 1.017739 2.126935
v 5.010162 1.041512 2.116436
v 5.002912 1.011899 2.108717
v 5.058840 0.941889 1.902940
v 5.029794 0.946050 1.914260
v 5.041128 0.965662 1.892441
v 4.965299 1.086846 1.984646
v 4.969383 1.076844 1.955110
v 4.958048 1.057233 1.976928
v 5.223186 0.980338 2.022876
v 5.230436 1.009951 2.030595
v 5.219102 0.990339 2.052413
v 5.129645 1.125295 2.104583
v 5.147357 1.101521 2.115081
v 5.158691 1.121133 2.093263
v 5.178323 1.025671 1.891087
v 5.160611 1.049445 1.880588
v 5.185574 1.055285 1.898805
v 5.084782 1.170629 1.972793
v 5.113828 1.166467 1.961474
v 5.088866 1.160627 1.943256
v 5.032266 1.052859 1.996124
v 5.049793 1.056044 2.021459
v 5.048530 1.078844 2.000536
v 5.188509 1.086521 2.046292
v 5.213122 1.092593 2.028501
v 5.187246 1.109320 2.025369
v 5.055593 1.062361 1.854163
v 5.071856 1.088346 1.858575
v 5.080205 1.068433 1.836372
v 5.236448 1.102095 1.886540
v 5.218921 1.098909 1.861205
v 5.210572 1.118822 1.883407
v 5.063911 0.912259 1.991913
v 5.089787 0.895532 1.995046
v 5.081439 0.915445 2.017248
v 5.244766 0.951994 2.024290
v 5.220154 0.945921 2.042081
v 5.228503 0.926008 2.019878
v 5.087238 0.921760 1.849952
v 5.111850 0.927833 1.832161
v 5.113114 0.905034 1.853084
v 5.268093 0.961495 1.882328
v 5.251829 0.935510 1.877917
v 5.250566 0.958309 1.856994
v 4.094787 0.833268 1.936935
v 4.108388 0.853415 1.946378
v 4.090547 0.857309 1.927762
v 4.177943 0.940307 1.897889
v 4.185471 0.946556 1.873716
v 4.160100 0.944200 1.879273
v 4.074793 0.787519 1.826272
v 4.070552 0.811560 1.817099
v 4.082321 0.793768 1.802098
v 4.165476 0.900806 1.763053
v 4.151875 0.880659 1.753609
v 4.140106 0.898451 1.768611
v 4.192263 0.761883 1.948835
v 4.217634 0.764238 1.943277
v 4.205864 0.782030 1.958279
v 4.282947 0.875170 1.885616
v 4.275418 0.868921 1.909790
v 4.287187 0.851129 1.894788
v 4.172268 0.716133 1.838173
v 4.179797 0.722382 1.813999
v 4.197639 0.718488 1.832615
v 4.262951 0.829421 1.774953
v 4.267193 0.805380 1.784126
v 4.249350 0.809273 1.765510
v 4.956700 1.033792 2.761993
v 4.945289 1.038017 2.791553
v 4.929574 1.019390 2.770864
v 4.815746 1.083705 2.848809
v 4.787806 1.093359 2.836642
v 4.800033 1.065078 2.828120
v 4.902293 1.051660 2.624636
v 4.875167 1.037259 2.633507
v 4.874352 1.061314 2.612469
v 4.733398 1.111227 2.699285
v 4.744810 1.107001 2.669724
v 4.745625 1.082947 2.690763
v 5.005745 1.174291 2.760843
v 4.993518 1.202571 2.769366
v 4.994332 1.178516 2.790404
v 4.836850 1.233858 2.835493
v 4.864791 1.224204 2.847659
v 4.863976 1.248259 2.826621
v 4.951337 1.192159 2.623486
v 4.923396 1.201813 2.611319
v 4.939109 1.220440 2.632008
v 4.782442 1.251726 2.698135
v 4.809568 1.266127 2.689264
v 4.793854 1.247501 2.668575
v 3.171680 0.811734 1.907121
v 3.164932 0.830396 1.932947
v 3.142901 0.826836 1.909225
v 3.120388 0.973963 1.952773
v 3.113605 0.998915 1.932971
v 3.098357 0.970403 1.929052
v 3.171566 0.832442 1.756921
v 3.142786 0.847544 1.759025
v 3.164783 0.857394 1.737118
v 3.113491 1.019622 1.782771
v 3.120239 1.000961 1.756946
v 3.098243 0.991111 1.778852
v 3.316610 0.855876 1.913096
v 3.331858 0.884387 1.917015
v 3.309861 0.874537 1.938922
v 3.258534 1.043056 1.938946
v 3.265318 1.018104 1.958749
v 3.287314 1.027954 1.936842
v 3.316496 0.876583 1.762896
v 3.309712 0.901535 1.743094
v 3.331743 0.905095 1.766816
v 3.258420 1.063763 1.788747
v 3.287199 1.048662 1.786643
v 3.265168 1.045102 1.762921
v 5.122927 1.171015 2.685694
v 5.140830 1.187237 2.689038
v 5.120635 1.193677 2.676973
v 5.202736 1.253682 2.620882
v 5.203639 1.257644 2.596832
v 5.182540 1.260122 2.608816
v 5.066963 1.130655 2.595517
v 5.064672 1.153318 2.586797
v 5.067866 1.134618 2.571468
v 5.147675 1.217284 2.506656
v 5.129772 1.201062 2.503311
v 5.126577 1.219762 2.518640
v 5.199922 1.088257 2.674949
v 5.221020 1.085779 2.662965
v 5.217825 1.104480 2.678294
v 5.280634 1.174886 2.586087
v 5.279731 1.170924 2.610137
v 5.282926 1.152223 2.594808
v 5.143959 1.047898 2.584773
v 5.144861 1.051860 2.560724
v 5.165056 1.045420 2.572788
v 5.224671 1.134527 2.495911
v 5.226963 1.111864 2.504632
v 5.206768 1.118304 2.492566
v 3.709584 0.840156 2.607190
v 3.693197 0.854047 2.619035
v 3.685654 0.837686 2.602384
v 3.609463 0.924936 2.587313
v 3.600414 0.932580 2.565831
v 3.601921 0.908576 2.570662
v 3.733738 0.819591 2.497478
v 3.709808 0.817122 2.492673
v 3.724688 0.827235 2.475996
v 3.624568 0.912015 2.456120
v 3.640954 0.898124 2.444274
v 3.626074 0.888011 2.460951
v 3.783396 0.927303 2.607104
v 3.781889 0.951308 2.602273
v 3.767009 0.941194 2.618951
v 3.674226 1.019727 2.565746
v 3.683275 1.012084 2.587228
v 3.698155 1.022197 2.570551
v 3.807549 0.906739 2.497393
v 3.798500 0.914382 2.475910
v 3.806042 0.930743 2.492562
v 3.698379 0.999163 2.456035
v 3.722309 1.001632 2.460840
v 3.714766 0.985272 2.444189
v 3.444360 0.896945 2.292166
v 3.445224 0.898794 2.322036
v 3.449518 0.923306 2.305389
v 3.537528 0.945919 2.415236
v 3.564705 0.958384 2.413678
v 3.541822 0.970431 2.398589
v 3.530978 0.931890 2.188710
v 3.536136 0.958252 2.201933
v 3.558155 0.944356 2.187152
v 3.651323 0.993330 2.310222
v 3.650459 0.991481 2.280352
v 3.628440 1.005377 2.295133
v 3.502705 0.770512 2.298308
v 3.525588 0.758466 2.313398
v 3.503569 0.772362 2.328179
v 3.623051 0.831952 2.419821
v 3.595874 0.819486 2.421378
v 3.617893 0.805591 2.406597
v 3.589324 0.805458 2.194853
v 3.616501 0.817924 2.193295
v 3.612206 0.793412 2.209942
v 3.709669 0.866898 2.316365
v 3.704511 0.840536 2.303142
v 3.708805 0.865049 2.286495
v 4.506309 1.030007 1.587935
v 4.512508 1.053592 1.596014
v 4.493128 1.050364 1.579463
v 4.541193 1.156542 1.542347
v 4.543709 1.164232 1.517966
v 4.521814 1.153314 1.525797
v 4.494186 0.977686 1.481084
v 4.481005 0.998042 1.472612
v 4.496701 0.985376 1.456703
v 4.531586 1.111911 1.411115
v 4.525387 1.088326 1.403037
v 4.509690 1.100993 1.418946
v 4.621772 0.998937 1.590049
v 4.643668 1.009855 1.582219
v 4.627972 1.022521 1.598127
v 4.659173 1.133162 1.520080
v 4.656657 1.125471 1.544461
v 4.672354 1.112805 1.528552
v 4.609649 0.946615 1.483198
v 4.612165 0.954305 1.458817
v 4.631544 0.957533 1.475368
v 4.647049 1.080840 1.413229
v 4.660230 1.060483 1.421701
v 4.640851 1.057255 1.405150
v 4.251408 1.082075 2.137322
v 4.270226 1.097410 2.153157
v 4.255042 1.110358 2.132137
v 4.375968 1.176525 2.125506
v 4.389273 1.185224 2.101271
v 4.360784 1.189473 2.104486
v 4.233261 1.060229 2.005418
v 4.236894 1.088513 2.000233
v 4.246565 1.068928 1.981183
v 4.371126 1.163378 1.969367
v 4.352308 1.148043 1.953531
v 4.342637 1.167628 1.972582
v 4.333228 0.974983 2.143801
v 4.361716 0.970733 2.140585
v 4.352046 0.990318 2.159636
v 4.471093 1.078132 2.107750
v 4.457788 1.069433 2.131985
v 4.467459 1.049848 2.112934
v 4.315081 0.953137 2.011897
v 4.328385 0.961836 1.987662
v 4.343569 0.948888 2.008682
v 4.452945 1.056286 1.975846
v 4.449311 1.028003 1.981030
v 4.434127 1.040951 1.960011
v 3.798562 1.127210 2.910586
v 3.822210 1.135723 2.919461
v 3.808351 1.150527 2.902164
v 3.928031 1.172271 2.865953
v 3.936530 1.174860 2.840823
v 3.914171 1.187075 2.848655
v 3.748695 1.107710 2.798649
v 3.758483 1.131027 2.790227
v 3.757194 1.110299 2.773519
v 3.886663 1.155360 2.728885
v 3.863015 1.146847 2.720011
v 3.864304 1.167575 2.736718
v 3.839942 1.010244 2.912528
v 3.862300 0.998029 2.904696
v 3.863589 1.018757 2.921403
v 3.977909 1.057895 2.842764
v 3.969409 1.055305 2.867894
v 3.968121 1.034577 2.851187
v 3.790075 0.990744 2.800591
v 3.798573 0.993334 2.775461
v 3.812433 0.978529 2.792758
v 3.928041 1.038395 2.730827
v 3.918253 1.015077 2.739249
v 3.904394 1.029882 2.721952
v 4.450086 0.817656 1.943298
v 4.446039 0.837436 1.956656
v 4.429425 0.830002 1.940694
v 4.419560 0.944670 1.934271
v 4.415562 0.957466 1.914113
v 4.402946 0.937235 1.918310
v 4.450249 0.794665 1.832967
v 4.429588 0.807011 1.830364
v 4.446252 0.807461 1.812809
v 4.415725 0.934475 1.803783
v 4.419772 0.914695 1.790424
v 4.403109 0.914245 1.807980
v 4.559631 0.843611 1.938051
v 4.572249 0.863841 1.933854
v 4.555584 0.863391 1.951409
v 4.525108 0.983421 1.908866
v 4.529105 0.970625 1.929024
v 4.545769 0.971075 1.911469
v 4.559794 0.820620 1.827721
v 4.555797 0.833416 1.807562
v 4.572411 0.840851 1.823524
v 4.525270 0.960430 1.798536
v 4.545931 0.948085 1.801139
v 4.529317 0.940650 1.785178
v 3.578547 0.947339 1.836053
v 3.578191 0.949437 1.863602
v 3.561734 0.965522 1.848307
v 3.593892 1.045482 1.947715
v 3.599017 1.072560 1.945719
v 3.577435 1.061567 1.932421
v 3.596587 1.029567 1.738794
v 3.579775 1.047750 1.751048
v 3.601712 1.056645 1.736797
v 3.617058 1.154788 1.848459
v 3.617414 1.152689 1.820910
v 3.595476 1.143795 1.835162
v 3.704936 0.923670 1.839486
v 3.726518 0.934663 1.852784
v 3.704581 0.925769 1.867035
v 3.725406 1.048891 1.949152
v 3.720281 1.021813 1.951149
v 3.742219 1.030708 1.936897
v 3.722977 1.005898 1.742227
v 3.728101 1.032976 1.740230
v 3.744559 1.016891 1.755525
v 3.743447 1.131119 1.851893
v 3.760260 1.112936 1.839638
v 3.743803 1.129021 1.824344
v 4.547451 0.927664 2.915986
v 4.526043 0.943705 2.925398
v 4.520939 0.922376 2.907423
v 4.430478 1.014674 2.868325
v 4.422852 1.020192 2.841576
v 4.425373 0.993345 2.850350
v 4.592813 0.893023 2.796952
v 4.566303 0.887734 2.788388
v 4.585187 0.898540 2.770204
v 4.468215 0.985551 2.722542
v 4.489621 0.969509 2.713130
v 4.470737 0.958703 2.731316
v 4.626419 1.033448 2.915296
v 4.623899 1.060296 2.906522
v 4.605014 1.049489 2.924707
v 4.501821 1.125976 2.840885
v 4.509447 1.120458 2.867634
v 4.528332 1.131265 2.849449
v 4.671783 0.998807 2.796262
v 4.664157 1.004325 2.769513
v 4.669261 1.025654 2.787488
v 4.547184 1.091335 2.721850
v 4.573695 1.096623 2.730415
v 4.568590 1.075294 2.712439
v 4.906931 1.062853 2.171071
v 4.926625 1.078450 2.189461
v 4.908399 1.093913 2.169512
v 5.032427 1.175090 2.167703
v 5.044875 1.188851 2.142703
v 5.014200 1.190554 2.147753
v 4.883076 1.056811 2.028237
v 4.884543 1.087871 2.026679
v 4.895524 1.070572 2.003237
v 5.021020 1.182809 1.999870
v 5.001326 1.167212 1.981479
v 4.990345 1.184511 2.004920
v 5.003076 0.955006 2.159576
v 5.033750 0.953304 2.154525
v 5.022769 0.970603 2.177966
v 5.141019 1.081004 2.131208
v 5.128572 1.067243 2.156208
v 5.139552 1.049944 2.132767
v 4.979221 0.948964 2.016742
v 4.991669 0.962725 1.991743
v 5.009895 0.947262 2.011692
v 5.117164 1.074962 1.988375
v 5.115697 1.043902 1.989934
v 5.097471 1.059365 1.969984
v 4.450603 0.772323 2.733510
v 4.453049 0.768888 2.760075
v 4.430103 0.778454 2.749807
v 4.438679 0.842241 2.860525
v 4.431869 0.867958 2.864477
v 4.415734 0.851806 2.850258
v 4.420132 0.868284 2.659078
v 4.399632 0.874415 2.675374
v 4.413322 0.894002 2.663030
v 4.401398 0.963920 2.790043
v 4.398952 0.967354 2.763480
v 4.385263 0.947768 2.775824
v 4.571195 0.805310 2.726673
v 4.587329 0.821462 2.740892
v 4.573641 0.801876 2.753236
v 4.552461 0.900946 2.857639
v 4.559271 0.875228 2.853687
v 4.572960 0.894815 2.841343
v 4.540724 0.901272 2.652240
v 4.533914 0.926989 2.656191
v 4.556859 0.917424 2.666459
v 4.521990 0.996908 2.783205
v 4.542490 0.990776 2.766909
v 4.519544 1.000342 2.756642
v 3.148451 0.899433 1.658483
v 3.121314 0.915593 1.660619
v 3.122351 0.888484 1.644305
v 3.024653 0.970218 1.563711
v 3.022425 0.970651 1.532136
v 3.025689 0.943108 1.547396
v 3.230449 0.847662 1.547512
v 3.204349 0.836713 1.533333
v 3.228222 0.848095 1.515936
v 3.104424 0.918881 1.421165
v 3.131561 0.902720 1.419028
v 3.107687 0.891338 1.436425
v 3.223627 1.026139 1.654920
v 3.220363 1.053681 1.639659
v 3.196490 1.042299 1.657056
v 3.097601 1.097358 1.528573
v 3.099828 1.096924 1.560148
v 3.123701 1.108306 1.542751
v 3.305625 0.974368 1.543949
v 3.303398 0.974802 1.512373
v 3.302361 1.001911 1.528688
v 3.179599 1.045587 1.417601
v 3.205700 1.056535 1.431780
v 3.206736 1.029426 1.415465
v 3.316964 0.977525 1.603231
v 3.299187 1.002872 1.602836
v 3.290422 0.977572 1.587287
v 3.242433 1.085960 1.499630
v 3.242969 1.085854 1.468672
v 3.233668 1.060661 1.484081
v 3.377249 0.893738 1.502625
v 3.350708 0.893785 1.486681
v 3.377785 0.893632 1.471667
v 3.303254 1.002067 1.368066
v 3.321032 0.976720 1.368461
v 3.293953 0.976874 1.383475
v 3.434951 1.060303 1.604991
v 3.444251 1.085497 1.589582
v 3.417173 1.085650 1.604596
v 3.360956 1.168632 1.470433
v 3.360420 1.168738 1.501390
v 3.387498 1.168585 1.486377
v 3.495236 0.976516 1.504385
v 3.495772 0.976410 1.473427
v 3.504537 1.001710 1.488976
v 3.421241 1.084845 1.369827
v 3.447783 1.084798 1.385770
v 3.439018 1.059498 1.370222
v 4.257613 0.943676 1.818427
v 4.252739 0.945375 1.842421
v 4.234351 0.944783 1.826175
v 4.192687 1.017334 1.907767
v 4.179318 1.037496 1.903624
v 4.174299 1.016742 1.891521
v 4.229650 1.004452 1.725804
v 4.206389 1.005558 1.733552
v 4.216282 1.024613 1.721661
v 4.151355 1.098271 1.811000
v 4.156229 1.096572 1.787006
v 4.146337 1.077517 1.798898
v 4.350706 1.008351 1.832759
v 4.355725 1.029104 1.844862
v 4.345832 1.010050 1.856753
v 4.272411 1.102170 1.917956
v 4.285779 1.082009 1.922099
v 4.295672 1.101064 1.910207
v 4.322744 1.069126 1.740136
v 4.309375 1.089287 1.735993
v 4.327762 1.089879 1.752239
v 4.244448 1.162945 1.825333
v 4.267710 1.161839 1.817584
v 4.249323 1.161246 1.801339
v 5.092888 0.841209 1.464289
v 5.111296 0.864369 1.460774
v 5.084022 0.865068 1.448806
v 5.160852 0.934619 1.351939
v 5.157498 0.932800 1.322392
v 5.133578 0.935318 1.339972
v 5.021253 0.758982 1.378596
v 5.012387 0.782842 1.363114
v 5.017900 0.757163 1.349049
v 5.085864 0.850573 1.236699
v 5.067456 0.827413 1.240214
v 5.061944 0.853092 1.254279
v 5.200817 0.754377 1.457385
v 5.224738 0.751859 1.439805
v 5.219224 0.777537 1.453870
v 5.265427 0.845969 1.315488
v 5.268781 0.847787 1.345035
v 5.274294 0.822109 1.330970
v 5.129182 0.672151 1.371692
v 5.125829 0.670332 1.342145
v 5.153103 0.669632 1.354113
v 5.193793 0.763742 1.229795
v 5.202659 0.739883 1.245278
v 5.175385 0.740582 1.233310
v 4.421916 0.948274 2.361045
v 4.426736 0.972373 2.367793
v 4.409628 0.967424 2.349563
v 4.459782 1.070641 2.310108
v 4.464999 1.076396 2.285835
v 4.442674 1.065693 2.291878
v 4.423222 0.887889 2.258926
v 4.410934 0.907039 2.247445
v 4.428439 0.893644 2.234653
v 4.466305 1.016010 2.183716
v 4.461484 0.991912 2.176967
v 4.443979 1.005308 2.189759
v 4.535858 0.920467 2.378945
v 4.558183 0.931169 2.372902
v 4.540679 0.944565 2.385694
v 4.578941 1.048588 2.303735
v 4.573724 1.042834 2.328008
v 4.591228 1.029438 2.315216
v 4.537163 0.860082 2.276826
v 4.542381 0.865836 2.252553
v 4.559489 0.870784 2.270783
v 4.580247 0.988203 2.201616
v 4.592535 0.969053 2.213097
v 4.575426 0.964104 2.194867
v 4.647430 0.879114 2.443602
v 4.626318 0.895372 2.444702
v 4.624284 0.871672 2.432644
v 4.548975 0.944604 2.360992
v 4.546590 0.943302 2.334463
v 4.546940 0.920905 2.348934
v 4.709074 0.821312 2.352650
v 4.685927 0.813870 2.341692
v 4.706689 0.820010 2.326120
v 4.608234 0.885500 2.243511
v 4.629345 0.869243 2.242411
v 4.608583 0.863103 2.257982
v 4.722471 0.977340 2.432037
v 4.722121 0.999738 2.417565
v 4.701360 0.993598 2.433137
v 4.621631 1.041528 2.322897
v 4.624016 1.042830 2.349427
v 4.644777 1.048970 2.333856
v 4.784115 0.919538 2.341085
v 4.781730 0.918236 2.314556
v 4.783765 0.941936 2.326614
v 4.683275 0.983726 2.231946
v 4.706421 0.991168 2.242904
v 4.704386 0.967469 2.230846
v 3.742329 1.053086 2.201882
v 3.723402 1.069042 2.200371
v 3.722099 1.047128 2.188832
v 3.664657 1.118064 2.113906
v 3.665737 1.117000 2.089151
v 3.663352 1.096149 2.102367
v 3.808187 0.997059 2.125372
v 3.787957 0.991100 2.112321
v 3.809268 0.995995 2.100617
v 3.731596 1.060972 2.012641
v 3.750522 1.045016 2.014153
v 3.729211 1.040122 2.025856
v 3.816773 1.141337 2.201338
v 3.819157 1.162187 2.188122
v 3.797846 1.157293 2.199826
v 3.740181 1.205250 2.088607
v 3.739101 1.206314 2.113361
v 3.760412 1.211209 2.101657
v 3.882631 1.085310 2.124828
v 3.883712 1.084245 2.100073
v 3.885016 1.106160 2.111611
v 3.806040 1.149223 2.012096
v 3.826270 1.155181 2.025147
v 3.824966 1.133267 2.013608
v 3.938556 0.805865 2.813637
v 3.957176 0.817954 2.829233
v 3.942143 0.832716 2.812140
v 4.055882 0.893821 2.807942
v 4.067248 0.904780 2.785879
v 4.040849 0.908583 2.790849
v 3.914678 0.802142 2.689669
v 3.918264 0.828993 2.688172
v 3.926043 0.813101 2.667606
v 4.043369 0.901057 2.661911
v 4.024749 0.888968 2.646315
v 4.016970 0.904861 2.666881
v 4.013649 0.704957 2.802203
v 4.040049 0.701154 2.797232
v 4.032270 0.717046 2.817799
v 4.142341 0.803872 2.774444
v 4.130976 0.792914 2.796508
v 4.138755 0.777021 2.775941
v 3.989771 0.701235 2.678235
v 4.001137 0.712193 2.656171
v 4.016170 0.697431 2.673265
v 4.118463 0.800149 2.650476
v 4.114875 0.773299 2.651973
v 4.099843 0.788061 2.634881
v 3.931506 0.894836 2.393301
v 3.933640 0.895311 2.420617
v 3.936885 0.918398 2.406216
v 4.022328 0.934546 2.503499
v 4.047135 0.945989 2.501362
v 4.025572 0.957633 2.489098
v 4.006142 0.930938 2.296346
v 4.011521 0.954501 2.309261
v 4.030951 0.942381 2.294209
v 4.121772 0.982091 2.404406
v 4.119638 0.981616 2.377091
v 4.100209 0.993735 2.392143
v 3.984779 0.778941 2.391158
v 4.006343 0.767297 2.403422
v 3.986914 0.779417 2.418474
v 4.100410 0.830095 2.499218
v 4.075602 0.818652 2.501355
v 4.095030 0.806532 2.486303
v 4.059416 0.815043 2.294203
v 4.084224 0.826486 2.292065
v 4.080980 0.803399 2.306466
v 4.175046 0.866197 2.402263
v 4.169667 0.842634 2.389348
v 4.172912 0.865721 2.374947
v 3.287399 0.806708 2.865168
v 3.259636 0.813352 2.863022
v 3.269888 0.790200 2.849663
v 3.175285 0.834297 2.761988
v 3.177425 0.834016 2.733441
v 3.185537 0.811145 2.748629
v 3.385834 0.783912 2.778263
v 3.368323 0.767404 2.762758
v 3.387974 0.783631 2.749716
v 3.275860 0.811221 2.646535
v 3.303624 0.804577 2.648681
v 3.283973 0.788350 2.661723
v 3.318339 0.936335 2.866211
v 3.310226 0.959206 2.851023
v 3.290575 0.942979 2.864065
v 3.208364 0.963643 2.734484
v 3.206225 0.963924 2.763030
v 3.225876 0.980151 2.749988
v 3.416773 0.913540 2.779305
v 3.418913 0.913259 2.750759
v 3.408661 0.936411 2.764117
v 3.306799 0.940848 2.647578
v 3.324311 0.957356 2.663083
v 3.334563 0.934204 2.649724
v 4.290232 1.071397 1.860410
v 4.314666 1.077808 1.878088
v 4.305823 1.097665 1.856221
v 4.451947 1.111480 1.853142
v 4.469216 1.115297 1.827887
v 4.443102 1.131336 1.831276
v 4.266645 1.062859 1.719086
v 4.282237 1.089127 1.714897
v 4.283916 1.066676 1.693831
v 4.445630 1.106759 1.686562
v 4.421195 1.100348 1.668885
v 4.419516 1.122799 1.689951
v 4.324869 0.932130 1.863043
v 4.350982 0.916091 1.859654
v 4.349304 0.938541 1.880720
v 4.503853 0.976031 1.830519
v 4.486584 0.972213 1.855775
v 4.488263 0.949763 1.834708
v 4.301283 0.923592 1.721718
v 4.318553 0.927410 1.696463
v 4.327396 0.907553 1.718329
v 4.480267 0.967493 1.689195
v 4.464677 0.941225 1.693384
v 4.455832 0.961082 1.671518
v 3.246840 0.792364 1.463009
v 3.248171 0.792997 1.488177
v 3.228194 0.802838 1.476358
v 3.241581 0.877329 1.569538
v 3.238248 0.902315 1.569086
v 3.221603 0.887170 1.557719
v 3.231490 0.872531 1.378671
v 3.212843 0.883004 1.392021
v 3.228158 0.897517 1.378219
v 3.222898 0.982482 1.484749
v 3.221567 0.981849 1.459581
v 3.206253 0.967337 1.473383
v 3.363012 0.807741 1.456480
v 3.379657 0.822886 1.467846
v 3.364343 0.808374 1.481648
v 3.354420 0.917692 1.562558
v 3.357753 0.892706 1.563010
v 3.373067 0.907218 1.549208
v 3.347662 0.887908 1.372143
v 3.344329 0.912894 1.371691
v 3.364307 0.903053 1.383510
v 3.339070 0.997858 1.478220
v 3.357717 0.987385 1.464871
v 3.337739 0.997226 1.453052
v 3.217333 1.044048 1.437209
v 3.196259 1.063598 1.439805
v 3.192194 1.040062 1.423601
v 3.122339 1.135608 1.353763
v 3.120956 1.137934 1.325028
v 3.118273 1.112073 1.337559
v 3.282150 0.987351 1.334072
v 3.257011 0.983365 1.320464
v 3.280768 0.989677 1.305337
v 3.185774 1.081237 1.221891
v 3.206847 1.061687 1.219295
v 3.183090 1.055376 1.234422
v 3.308916 1.142298 1.440755
v 3.311599 1.168159 1.428224
v 3.287843 1.161847 1.443351
v 3.212539 1.236184 1.328574
v 3.213922 1.233858 1.357309
v 3.237678 1.240169 1.342182
v 3.373733 1.085601 1.337618
v 3.372350 1.087927 1.308883
v 3.376416 1.111462 1.325088
v 3.277356 1.179487 1.225437
v 3.302495 1.183472 1.239045
v 3.298430 1.159937 1.222841
v 5.081533 1.030406 2.688911
v 5.093304 1.037573 2.717822
v 5.088034 1.060845 2.696459
v 5.213435 1.110497 2.767627
v 5.238158 1.125484 2.753846
v 5.208165 1.133769 2.746264
v 5.124170 1.056149 2.548379
v 5.130671 1.086587 2.555927
v 5.148893 1.071135 2.534598
v 5.280795 1.151227 2.613314
v 5.269025 1.144060 2.584403
v 5.250802 1.159512 2.605732
v 5.158868 0.902933 2.689024
v 5.188861 0.894648 2.696606
v 5.170639 0.910100 2.717935
v 5.315493 0.998011 2.753959
v 5.290769 0.983024 2.767740
v 5.308992 0.967572 2.746411
v 5.201505 0.928676 2.548491
v 5.226228 0.943663 2.534711
v 5.231499 0.920390 2.556073
v 5.358130 1.023754 2.613427
v 5.351629 0.993315 2.605879
v 5.346358 1.016587 2.584516
v 4.224507 0.985039 1.844754
v 4.210892 0.997840 1.871241
v 4.192239 0.985391 1.847834
v 4.107320 1.104515 1.897045
v 4.089471 1.124122 1.878396
v 4.088667 1.092067 1.873638
v 4.210567 1.007445 1.696172
v 4.178299 1.007797 1.699252
v 4.192718 1.027052 1.677523
v 4.075531 1.146528 1.729814
v 4.089146 1.133728 1.703327
v 4.074728 1.114473 1.725056
v 4.333371 1.089400 1.850278
v 4.334174 1.121455 1.855036
v 4.319756 1.102200 1.876765
v 4.198334 1.228482 1.883920
v 4.216184 1.208876 1.902569
v 4.230602 1.228130 1.880839
v 4.319431 1.111806 1.701696
v 4.301581 1.131412 1.683047
v 4.320234 1.143860 1.706454
v 4.184395 1.250888 1.735338
v 4.216662 1.250536 1.732258
v 4.198009 1.238088 1.708851
v 3.099313 1.081170 2.668459
v 3.106085 1.085649 2.697681
v 3.101548 1.109385 2.679355
v 3.205228 1.158264 2.767194
v 3.228574 1.175844 2.759089
v 3.200692 1.182000 2.748868
v 3.153875 1.124298 2.545588
v 3.156111 1.152513 2.556484
v 3.177222 1.141878 2.537483
v 3.283136 1.218972 2.636218
v 3.276365 1.214493 2.606996
v 3.255254 1.225128 2.625997
v 3.183741 0.968027 2.666236
v 3.211624 0.961871 2.676457
v 3.190512 0.972505 2.695458
v 3.313002 1.062701 2.756866
v 3.289656 1.045120 2.764971
v 3.310767 1.034486 2.745970
v 3.238303 1.011155 2.543365
v 3.261649 1.028735 2.535260
v 3.266186 1.004998 2.553586
v 3.367564 1.105829 2.633995
v 3.365329 1.077613 2.623099
v 3.360793 1.101350 2.604773
v 3.340229 1.106322 1.574451
v 3.310578 1.115949 1.578236
v 3.316869 1.091398 1.559694
v 3.202704 1.156306 1.488201
v 3.199584 1.158938 1.457065
v 3.208995 1.131754 1.469659
v 3.427560 1.083296 1.459495
v 3.404201 1.068372 1.444738
v 3.424440 1.085929 1.428358
v 3.286916 1.135913 1.342108
v 3.316566 1.126286 1.338323
v 3.296326 1.108729 1.354703
v 3.386143 1.244933 1.581569
v 3.376733 1.272116 1.568974
v 3.356493 1.254560 1.585354
v 3.245499 1.297549 1.464182
v 3.248619 1.294917 1.495319
v 3.268858 1.312474 1.478939
v 3.473475 1.221907 1.466613
v 3.470355 1.224540 1.435476
v 3.464064 1.249091 1.454018
v 3.332830 1.274524 1.349226
v 3.356190 1.289448 1.363983
v 3.362481 1.264897 1.345441
v 3.360929 0.795111 1.880107
v 3.379005 0.804553 1.900860
v 3.369630 0.822876 1.880294
v 3.499042 0.867302 1.902045
v 3.517431 0.876923 1.881651
v 3.489667 0.885625 1.881479
v 3.361956 0.795703 1.744658
v 3.370657 0.823468 1.744845
v 3.380345 0.805324 1.724264
v 3.518459 0.877514 1.746202
v 3.500382 0.868073 1.725449
v 3.490695 0.886217 1.746030
v 3.423680 0.675070 1.880058
v 3.451445 0.666367 1.880231
v 3.441757 0.684511 1.900812
v 3.580183 0.756881 1.881603
v 3.561794 0.747260 1.901997
v 3.571482 0.729116 1.881416
v 3.424708 0.675661 1.744609
v 3.443096 0.685282 1.724216
v 3.452472 0.666959 1.744782
v 3.581211 0.757473 1.746154
v 3.572510 0.729708 1.745967
v 3.563134 0.748032 1.725401
v 4.779837 0.748457 1.248272
v 4.779745 0.748868 1.277577
v 4.754831 0.744053 1.262910
v 4.710361 0.817559 1.372880
v 4.689375 0.838016 1.372527
v 4.685448 0.812744 1.358214
v 4.711061 0.814442 1.150643
v 4.686055 0.810037 1.165282
v 4.690076 0.834898 1.150290
v 4.620600 0.904000 1.274899
v 4.620693 0.903589 1.245594
v 4.616673 0.878728 1.260586
v 4.875080 0.846145 1.247201
v 4.879007 0.871417 1.261515
v 4.874987 0.846556 1.276506
v 4.784619 0.935703 1.371457
v 4.805604 0.915247 1.371810
v 4.809624 0.940108 1.356818
v 4.806304 0.912130 1.149573
v 4.785319 0.932586 1.149220
v 4.810232 0.937401 1.163886
v 4.715844 1.001688 1.273829
v 4.740849 1.006092 1.259190
v 4.715935 1.001276 1.244524
v 4.711671 0.923557 2.259225
v 4.715009 0.925602 2.283104
v 4.710156 0.945250 2.269840
v 4.782667 0.986881 2.349114
v 4.799881 1.003451 2.345288
v 4.777812 1.006528 2.335850
v 4.757347 0.971370 2.168025
v 4.755831 0.993063 2.178639
v 4.774560 0.987940 2.164198
v 4.845556 1.051264 2.254087
v 4.842217 1.049218 2.230208
v 4.823489 1.054341 2.244649
v 4.789299 0.842017 2.255355
v 4.811367 0.838940 2.264794
v 4.792638 0.844062 2.279234
v 4.877510 0.921911 2.341418
v 4.860295 0.905341 2.345245
v 4.879024 0.900218 2.330804
v 4.834975 0.889830 2.164155
v 4.852189 0.906400 2.160328
v 4.857043 0.886753 2.173593
v 4.923184 0.969724 2.250217
v 4.924699 0.948031 2.239603
v 4.919846 0.967679 2.226338
v 3.690599 0.687125 2.766318
v 3.690486 0.685788 2.797402
v 3.663682 0.688594 2.781854
v 3.637794 0.769360 2.903321
v 3.621900 0.796085 2.904413
v 3.610990 0.772165 2.887773
v 3.638652 0.779502 2.667588
v 3.611735 0.780970 2.683125
v 3.622758 0.806227 2.668681
v 3.569952 0.888461 2.805684
v 3.570065 0.889799 2.774599
v 3.559042 0.864542 2.789044
v 3.815116 0.761030 2.769951
v 3.826026 0.784949 2.786591
v 3.815003 0.759692 2.801035
v 3.746417 0.869989 2.908046
v 3.762310 0.843264 2.906954
v 3.773333 0.868521 2.892510
v 3.763169 0.853406 2.671221
v 3.747275 0.880131 2.672313
v 3.774078 0.877326 2.687862
v 3.694469 0.962366 2.809317
v 3.721386 0.960897 2.793780
v 3.694582 0.963703 2.778232
v 3.411057 0.772564 2.530156
v 3.384106 0.781233 2.527953
v 3.392529 0.757551 2.514740
v 3.302525 0.808258 2.427509
v 3.304693 0.807799 2.399199
v 3.310948 0.784576 2.414296
v 3.506908 0.742518 2.444222
v 3.488380 0.727505 2.428805
v 3.509075 0.742059 2.415913
v 3.400544 0.777753 2.313265
v 3.427494 0.769085 2.315468
v 3.406799 0.754531 2.328361
v 3.451455 0.898428 2.531210
v 3.445200 0.921651 2.516113
v 3.424505 0.907097 2.529006
v 3.345091 0.933663 2.400252
v 3.342924 0.934122 2.428562
v 3.363619 0.948676 2.415669
v 3.547306 0.868382 2.445275
v 3.549474 0.867923 2.416965
v 3.541051 0.891605 2.430178
v 3.440942 0.903618 2.314318
v 3.459470 0.918630 2.329734
v 3.467892 0.894949 2.316522
v 4.494897 0.724209 2.712471
v 4.500373 0.743343 2.726925
v 4.483536 0.745772 2.709159
v 4.534781 0.851088 2.709050
v 4.539757 0.864685 2.689165
v 4.517944 0.853517 2.691283
v 4.493251 0.705981 2.599433
v 4.481890 0.727545 2.596122
v 4.498228 0.719578 2.579549
v 4.538112 0.846457 2.576128
v 4.532635 0.827323 2.561673
v 4.516298 0.835289 2.578246
v 4.604102 0.689986 2.716399
v 4.625916 0.701154 2.714281
v 4.609579 0.709120 2.730854
v 4.648963 0.830462 2.693093
v 4.643988 0.816865 2.712978
v 4.660325 0.808899 2.696405
v 4.602457 0.671758 2.603362
v 4.607433 0.685355 2.583477
v 4.624270 0.682926 2.601243
v 4.647317 0.812234 2.580056
v 4.658678 0.790671 2.583368
v 4.641840 0.793100 2.565602
v 3.156421 0.917895 1.977176
v 3.160014 0.945098 1.978477
v 3.139731 0.934638 1.963187
v 3.176727 1.038317 1.892543
v 3.178211 1.039432 1.865135
v 3.156444 1.027857 1.877252
v 3.149481 0.832019 1.882671
v 3.132790 0.848762 1.868682
v 3.150965 0.833134 1.855264
v 3.171271 0.953556 1.770631
v 3.167678 0.926353 1.769329
v 3.149503 0.941981 1.782747
v 3.283017 0.900880 1.983340
v 3.304784 0.912455 1.971223
v 3.286609 0.928083 1.984642
v 3.304807 1.022417 1.871299
v 3.303322 1.021302 1.898707
v 3.321497 1.005674 1.885289
v 3.276076 0.815004 1.888835
v 3.277561 0.816120 1.861428
v 3.297843 0.826579 1.876719
v 3.297866 0.936542 1.776795
v 3.314557 0.919798 1.790784
v 3.294274 0.909339 1.775493
v 4.983114 0.874494 1.931734
v 4.973557 0.888362 1.956590
v 4.954715 0.884058 1.933613
v 4.912139 1.010891 1.983999
v 4.903038 1.034245 1.967470
v 4.893297 1.006586 1.961022
v 4.984615 0.905721 1.795501
v 4.956216 0.915285 1.797380
v 4.975513 0.929075 1.778972
v 4.904539 1.065472 1.831237
v 4.914095 1.051604 1.806381
v 4.894798 1.037813 1.824790
v 5.108662 0.934062 1.946771
v 5.118403 0.961721 1.953218
v 5.099105 0.947930 1.971627
v 5.028586 1.093813 1.982507
v 5.037687 1.070459 1.999036
v 5.056984 1.084250 1.980627
v 5.110162 0.965289 1.810538
v 5.101061 0.988643 1.794009
v 5.119903 0.992948 1.816985
v 5.030087 1.125040 1.846274
v 5.058486 1.115477 1.844394
v 5.039644 1.111172 1.821418
v 3.286462 0.850536 1.383356
v 3.288226 0.850522 1.414421
v 3.288857 0.877433 1.398815
v 3.380716 0.904815 1.511786
v 3.407050 0.921322 1.510298
v 3.381348 0.931726 1.496179
v 3.367341 0.904921 1.276199
v 3.369736 0.931818 1.291658
v 3.393675 0.921429 1.274711
v 3.487928 0.975708 1.403141
v 3.486165 0.975722 1.372075
v 3.462227 0.986112 1.389022
v 3.363183 0.727750 1.378945
v 3.388885 0.717346 1.393064
v 3.364947 0.727736 1.410010
v 3.483770 0.798536 1.505887
v 3.457437 0.782029 1.507374
v 3.481375 0.771639 1.490428
v 3.444062 0.782136 1.271788
v 3.470395 0.798643 1.270300
v 3.469764 0.771732 1.285907
v 3.564649 0.852922 1.398729
v 3.562254 0.826025 1.383271
v 3.562886 0.852936 1.367664
v 3.511141 0.909927 1.625353
v 3.512432 0.917247 1.649054
v 3.492661 0.923241 1.635263
v 3.505075 1.018854 1.703766
v 3.501549 1.042400 1.696685
v 3.485304 1.024848 1.689975
v 3.495288 0.963339 1.524026
v 3.476808 0.976654 1.533936
v 3.491762 0.986886 1.516946
v 3.485695 1.095813 1.595358
v 3.484405 1.088493 1.571657
v 3.469451 1.078261 1.588647
v 3.625448 0.923875 1.614822
v 3.641692 0.941427 1.621532
v 3.626739 0.931195 1.638523
v 3.615855 1.056348 1.686153
v 3.619381 1.032802 1.693234
v 3.634335 1.043033 1.676243
v 3.609594 0.977287 1.513495
v 3.606069 1.000834 1.506414
v 3.625839 0.994839 1.520205
v 3.600002 1.109761 1.584826
v 3.618481 1.096446 1.574916
v 3.598711 1.102441 1.561125
v 4.101183 0.709771 1.433790
v 4.101368 0.720905 1.456166
v 4.086666 0.729685 1.437959
v 4.119484 0.829474 1.493892
v 4.124803 0.851321 1.482977
v 4.104783 0.838254 1.475686
v 4.118077 0.745032 1.324200
v 4.103560 0.764947 1.328370
v 4.123395 0.766879 1.313284
v 4.141698 0.886583 1.373387
v 4.141512 0.875448 1.351011
v 4.121677 0.873516 1.366096
v 4.214871 0.687230 1.444063
v 4.234891 0.700297 1.451354
v 4.215057 0.698364 1.466439
v 4.238492 0.828780 1.493250
v 4.233173 0.806933 1.504166
v 4.253007 0.808866 1.489080
v 4.231766 0.722492 1.334473
v 4.237083 0.744338 1.323558
v 4.251786 0.735559 1.341764
v 4.255386 0.864042 1.383661
v 4.269903 0.844128 1.379491
v 4.255200 0.852907 1.361284
v 4.807418 0.933287 1.838166
v 4.784142 0.946495 1.849412
v 4.780764 0.925024 1.830169
v 4.675922 1.009294 1.798342
v 4.666323 1.015164 1.771582
v 4.672544 0.987823 1.779099
v 4.852443 0.909133 1.713056
v 4.825788 0.900870 1.705059
v 4.842844 0.915003 1.686295
v 4.711348 0.991010 1.646472
v 4.734625 0.977802 1.635225
v 4.717569 0.963669 1.653988
v 4.874684 1.050489 1.839746
v 4.868463 1.077829 1.832230
v 4.851407 1.063696 1.850993
v 4.733589 1.132365 1.773162
v 4.743188 1.126495 1.799922
v 4.760244 1.140628 1.781159
v 4.919708 1.026335 1.714636
v 4.910110 1.032204 1.687876
v 4.913488 1.053675 1.707119
v 4.778614 1.108211 1.648052
v 4.805269 1.116474 1.656049
v 4.801890 1.095003 1.636806
v 4.117049 0.763362 2.758076
v 4.106889 0.766320 2.786209
v 4.092315 0.748648 2.766747
v 3.984923 0.803273 2.843991
v 3.958031 0.811541 2.833411
v 3.970349 0.785601 2.824529
v 4.061970 0.780843 2.630636
v 4.037236 0.766129 2.639308
v 4.035079 0.789111 2.620056
v 3.902953 0.829022 2.705971
v 3.913113 0.826064 2.677838
v 3.915270 0.803082 2.697090
v 4.157922 0.897186 2.758767
v 4.145605 0.923126 2.767649
v 4.147762 0.900144 2.786901
v 3.998905 0.945365 2.834102
v 4.025796 0.937097 2.844682
v 4.023639 0.960079 2.825430
v 4.102843 0.914667 2.631328
v 4.075952 0.922935 2.620747
v 4.090526 0.940606 2.640209
v 3.943826 0.962846 2.706663
v 3.968560 0.977560 2.697991
v 3.953986 0.959888 2.678529
v 5.107007 1.139189 1.797475
v 5.097092 1.164388 1.795298
v 5.086569 1.144310 1.780325
v 5.078577 1.245267 1.699849
v 5.082867 1.244637 1.673031
v 5.068055 1.225188 1.684877
v 5.153769 1.054168 1.716362
v 5.133331 1.059289 1.699212
v 5.158059 1.053539 1.689543
v 5.129630 1.159617 1.591917
v 5.139544 1.134418 1.594095
v 5.114816 1.140168 1.603764
v 5.223046 1.186355 1.814933
v 5.237859 1.205804 1.803087
v 5.213131 1.211554 1.812755
v 5.198907 1.291804 1.690489
v 5.194616 1.292433 1.717307
v 5.219345 1.286683 1.707638
v 5.269808 1.101334 1.733819
v 5.274098 1.100705 1.707001
v 5.284621 1.120783 1.721973
v 5.245669 1.206783 1.609375
v 5.266107 1.201662 1.626525
v 5.255584 1.181584 1.611553
v 4.861936 0.725283 2.895726
v 4.839876 0.747072 2.904443
v 4.831539 0.722419 2.885467
v 4.743892 0.835942 2.831152
v 4.736794 0.841151 2.800171
v 4.735556 0.811289 2.812176
v 4.911187 0.670704 2.765044
v 4.880790 0.667840 2.754785
v 4.904088 0.675913 2.734063
v 4.786045 0.786572 2.669489
v 4.808105 0.764783 2.660772
v 4.784807 0.756710 2.681494
v 4.966069 0.833012 2.889979
v 4.967307 0.862873 2.877973
v 4.944008 0.854800 2.898696
v 4.840927 0.948879 2.794424
v 4.848026 0.943671 2.825405
v 4.871324 0.951744 2.804683
v 5.015319 0.778433 2.759297
v 5.008221 0.783641 2.728316
v 5.016558 0.808295 2.747292
v 4.890178 0.894300 2.663742
v 4.920574 0.897165 2.674002
v 4.912239 0.872511 2.655025
v 3.969210 0.822473 2.857516
v 3.963720 0.824404 2.884022
v 3.944018 0.817926 2.866520
v 3.880613 0.889377 2.953534
v 3.860857 0.907184 2.948145
v 3.860911 0.882899 2.936033
v 3.922251 0.874736 2.752523
v 3.897058 0.870189 2.761527
v 3.902495 0.892543 2.747134
v 3.813898 0.959446 2.843152
v 3.819389 0.957516 2.816646
v 3.813951 0.935162 2.831039
v 4.051965 0.917380 2.867745
v 4.051911 0.941664 2.879857
v 4.046474 0.919310 2.894251
v 3.943611 1.002090 2.958374
v 3.963367 0.984283 2.963763
v 3.968804 1.006637 2.949370
v 4.005005 0.969643 2.762752
v 3.985249 0.987450 2.757363
v 4.004951 0.993927 2.774865
v 3.896652 1.054353 2.853381
v 3.921845 1.058900 2.844376
v 3.902142 1.052423 2.826875
v 5.121811 1.039672 2.406551
v 5.148555 1.049915 2.414138
v 5.130661 1.066349 2.397184
v 5.257921 1.097663 2.344990
v 5.264400 1.101925 2.316397
v 5.240026 1.114097 2.328037
v 5.055104 1.019984 2.287451
v 5.063954 1.046661 2.278084
v 5.061584 1.024246 2.258857
v 5.197694 1.082237 2.197297
v 5.170949 1.071994 2.189710
v 5.173320 1.094409 2.208937
v 5.172914 0.911787 2.399069
v 5.197288 0.899615 2.387430
v 5.199658 0.922030 2.406656
v 5.315503 0.974040 2.308915
v 5.309024 0.969778 2.337509
v 5.306653 0.947363 2.318282
v 5.106207 0.892099 2.279969
v 5.112687 0.896361 2.251376
v 5.130581 0.879927 2.268330
v 5.248796 0.954352 2.189816
v 5.239947 0.927674 2.199182
v 5.222053 0.944108 2.182228
v 3.255846 1.160728 1.938904
v 3.259323 1.161064 1.965569
v 3.263375 1.183431 1.951198
v 3.352866 1.193386 2.042248
v 3.377805 1.202869 2.038875
v 3.356918 1.215753 2.027876
v 3.326492 1.190840 1.840026
v 3.334022 1.213543 1.852320
v 3.351431 1.200324 1.836654
v 3.448452 1.232982 1.939998
v 3.444974 1.232646 1.913332
v 3.427565 1.245866 1.928998
v 3.299815 1.043583 1.934644
v 3.320702 1.030699 1.945644
v 3.303293 1.043918 1.961309
v 3.421775 1.085724 2.034616
v 3.396836 1.076241 2.037988
v 3.414245 1.063021 2.022322
v 3.370461 1.073695 1.835766
v 3.395401 1.083178 1.832394
v 3.391349 1.060811 1.846766
v 3.492421 1.115836 1.935738
v 3.484892 1.093133 1.923444
v 3.488943 1.115500 1.909072
v 3.761739 1.126100 2.295598
v 3.737820 1.132667 2.294671
v 3.745721 1.112765 2.282118
v 3.662792 1.156273 2.210021
v 3.663919 1.156877 2.185234
v 3.670693 1.136371 2.197468
v 3.844183 1.106474 2.217051
v 3.828166 1.093139 2.203571
v 3.845310 1.107078 2.192263
v 3.746364 1.137250 2.106687
v 3.770282 1.130684 2.107614
v 3.753138 1.116745 2.118922
v 3.792163 1.237498 2.299697
v 3.785388 1.258004 2.287462
v 3.768244 1.244064 2.298770
v 3.694343 1.268275 2.189332
v 3.693216 1.267670 2.214121
v 3.710360 1.281609 2.202813
v 3.874607 1.217871 2.221150
v 3.875733 1.218476 2.196362
v 3.867833 1.238377 2.208915
v 3.776788 1.248648 2.110786
v 3.792804 1.261983 2.124266
v 3.800706 1.242082 2.111713
v 4.771485 0.920958 2.702657
v 4.758643 0.926851 2.726074
v 4.746224 0.911493 2.707156
v 4.646862 0.979584 2.756645
v 4.625747 0.989710 2.742516
v 4.634443 0.964226 2.737728
v 4.744256 0.934891 2.579066
v 4.718995 0.925426 2.583565
v 4.723142 0.945017 2.564937
v 4.598518 1.003643 2.618925
v 4.611361 0.997749 2.595509
v 4.607214 0.978159 2.614137
v 4.826019 1.036004 2.703612
v 4.817324 1.061488 2.708401
v 4.813177 1.041897 2.727029
v 4.680281 1.104755 2.743471
v 4.701395 1.094629 2.757600
v 4.705543 1.114220 2.738973
v 4.798790 1.049937 2.580022
v 4.777675 1.060063 2.565893
v 4.790095 1.075421 2.584810
v 4.653052 1.118688 2.619880
v 4.678314 1.128153 2.615382
v 4.665895 1.112795 2.596464
v 4.006705 0.795219 2.297392
v 3.987626 0.812876 2.308367
v 3.979799 0.793916 2.288990
v 3.901455 0.898874 2.259028
v 3.894356 0.907342 2.233064
v 3.893628 0.879914 2.239651
v 4.046139 0.764971 2.175797
v 4.019233 0.763668 2.167395
v 4.039041 0.773439 2.149833
v 3.933791 0.877094 2.111469
v 3.952870 0.859437 2.100494
v 3.933063 0.849666 2.118056
v 4.097671 0.889796 2.303366
v 4.098400 0.917224 2.296779
v 4.078592 0.907453 2.314341
v 3.985323 1.001919 2.239039
v 3.992421 0.993451 2.265002
v 4.012229 1.003222 2.247440
v 4.137105 0.859548 2.181771
v 4.130007 0.868016 2.155807
v 4.137834 0.886976 2.175184
v 4.024757 0.971671 2.117443
v 4.051663 0.972974 2.125845
v 4.043836 0.954014 2.106468
v 3.685626 0.775022 1.984360
v 3.683653 0.781893 2.014269
v 3.661069 0.790109 1.995083
v 3.663535 0.902069 2.089415
v 3.659397 0.931707 2.082334
v 3.640951 0.910285 2.070229
v 3.678498 0.849968 1.862596
v 3.653941 0.865054 1.873319
v 3.674359 0.879605 1.855515
v 3.652269 1.006652 1.960570
v 3.654242 0.999782 1.930661
v 3.633823 0.985231 1.948465
v 3.827183 0.795875 1.988908
v 3.845629 0.817297 2.001013
v 3.825211 0.802746 2.018817
v 3.800955 0.952560 2.086882
v 3.805093 0.922922 2.093963
v 3.825512 0.937473 2.076159
v 3.820055 0.870821 1.867144
v 3.815917 0.900458 1.860063
v 3.838501 0.892242 1.879249
v 3.793826 1.027505 1.965118
v 3.818384 1.012418 1.954395
v 3.795799 1.020635 1.935209
v 4.026085 1.097302 1.414590
v 4.033131 1.115547 1.431622
v 4.015677 1.121018 1.413236
v 4.077044 1.227706 1.423308
v 4.083337 1.243533 1.403750
v 4.059589 1.233177 1.404922
v 4.023610 1.089343 1.294142
v 4.013202 1.113059 1.292789
v 4.029904 1.105170 1.274585
v 4.080863 1.235574 1.283303
v 4.073818 1.217329 1.266271
v 4.057115 1.225218 1.284475
v 4.138525 1.053324 1.415186
v 4.162273 1.063680 1.414014
v 4.145570 1.071569 1.432218
v 4.195777 1.199555 1.404346
v 4.189483 1.183728 1.423904
v 4.206185 1.175838 1.405700
v 4.136050 1.045364 1.294738
v 4.142344 1.061191 1.275181
v 4.159799 1.055720 1.293566
v 4.193303 1.191595 1.283899
v 4.203711 1.167879 1.285252
v 4.186257 1.173350 1.266867
v 4.367478 1.004581 2.898940
v 4.370238 1.011180 2.923448
v 4.356060 1.025600 2.907865
v 4.406702 1.108797 2.980602
v 4.415019 1.131853 2.973458
v 4.392524 1.123217 2.965019
v 4.385764 1.058755 2.794747
v 4.374347 1.079774 2.803672
v 4.394080 1.081811 2.787602
v 4.433305 1.186027 2.869264
v 4.430543 1.179428 2.844757
v 4.410810 1.177391 2.860826
v 4.479107 0.963820 2.897339
v 4.501602 0.972456 2.905777
v 4.481869 0.970419 2.921847
v 4.526649 1.091092 2.971856
v 4.518333 1.068036 2.979001
v 4.538066 1.070074 2.962931
v 4.497394 1.017994 2.793146
v 4.505710 1.041050 2.786001
v 4.519888 1.026630 2.801584
v 4.544936 1.145266 2.867663
v 4.556353 1.124247 2.858738
v 4.542174 1.138667 2.843156
v 4.588118 0.992641 1.655888
v 4.587789 0.998632 1.680392
v 4.566107 0.995598 1.667856
v 4.538857 1.084134 1.744329
v 4.524320 1.104118 1.739248
v 4.517174 1.081100 1.731793
v 4.541351 1.038701 1.558501
v 4.519341 1.041658 1.570469
v 4.526815 1.058684 1.553419
v 4.477553 1.150177 1.641860
v 4.477882 1.144186 1.617356
v 4.470408 1.127160 1.634405
v 4.684094 1.058678 1.641031
v 4.691239 1.081695 1.648486
v 4.683765 1.064669 1.665535
v 4.620296 1.170154 1.724391
v 4.634833 1.150171 1.729472
v 4.642307 1.167197 1.712423
v 4.637327 1.104737 1.543644
v 4.622792 1.124721 1.538563
v 4.644473 1.127755 1.551098
v 4.573530 1.216214 1.627003
v 4.595540 1.213257 1.615035
v 4.573859 1.210223 1.602499
v 3.720990 0.862481 2.106296
v 3.700373 0.872894 2.119522
v 3.696207 0.854567 2.100676
v 3.595362 0.930112 2.087093
v 3.584078 0.937080 2.064016
v 3.591196 0.911784 2.068247
v 3.751712 0.851138 1.986796
v 3.726930 0.843224 1.981176
v 3.740429 0.858106 1.963720
v 3.614801 0.925737 1.944516
v 3.635418 0.915323 1.931291
v 3.621918 0.900442 1.948747
v 3.779141 0.971798 2.110870
v 3.772023 0.997093 2.106640
v 3.758524 0.982211 2.124096
v 3.642230 1.046397 2.068590
v 3.653513 1.039429 2.091667
v 3.667013 1.054311 2.074211
v 3.809864 0.960455 1.991371
v 3.798580 0.967423 1.968294
v 3.802746 0.985750 1.987140
v 3.672952 1.035054 1.949091
v 3.697736 1.042968 1.954711
v 3.693569 1.024641 1.935865
v 4.374719 0.781372 2.923770
v 4.364693 0.803183 2.934570
v 4.350456 0.789292 2.917329
v 4.316091 0.906938 2.891106
v 4.311353 0.916646 2.867102
v 4.301855 0.893047 2.873865
v 4.392124 0.741531 2.809201
v 4.367861 0.749451 2.802761
v 4.387386 0.751240 2.785197
v 4.328758 0.876805 2.752533
v 4.338784 0.854994 2.741733
v 4.319260 0.853206 2.759297
v 4.485855 0.832986 2.922705
v 4.495353 0.856585 2.915941
v 4.475829 0.854797 2.933506
v 4.422489 0.968259 2.866037
v 4.427227 0.958551 2.890041
v 4.446751 0.960339 2.872478
v 4.503260 0.793144 2.808136
v 4.498521 0.802853 2.784132
v 4.512758 0.816744 2.801373
v 4.439894 0.928418 2.751469
v 4.464157 0.920498 2.757909
v 4.449920 0.906607 2.740669
v 3.937370 0.911341 2.471017
v 3.943233 0.927032 2.493084
v 3.925529 0.936225 2.473860
v 3.986631 1.047214 2.510590
v 3.993952 1.068033 2.493841
v 3.968927 1.056407 2.491366
v 3.942168 0.928220 2.343246
v 3.930327 0.953104 2.346088
v 3.949489 0.949038 2.326497
v 3.998750 1.084911 2.366069
v 3.992887 1.069220 2.344003
v 3.973725 1.073286 2.363594
v 4.058725 0.867695 2.469809
v 4.083750 0.879321 2.472285
v 4.064589 0.883386 2.491876
v 4.115307 1.024387 2.492633
v 4.107987 1.003568 2.509382
v 4.127148 0.999503 2.489791
v 4.063523 0.884574 2.342037
v 4.070844 0.905392 2.325289
v 4.088549 0.896199 2.344513
v 4.120106 1.041265 2.364861
v 4.131947 1.016381 2.362019
v 4.114243 1.025575 2.342795
v 4.691392 1.034113 1.674749
v 4.698488 1.058353 1.691211
v 4.679088 1.060863 1.668270
v 4.748558 1.186370 1.662877
v 4.756672 1.201020 1.637807
v 4.729157 1.188881 1.639936
v 4.694742 1.002544 1.538036
v 4.682439 1.029294 1.531557
v 4.702857 1.017194 1.512967
v 4.760023 1.169451 1.501094
v 4.752926 1.145211 1.484633
v 4.732509 1.157311 1.503223
v 4.822464 0.986018 1.689068
v 4.849978 0.998157 1.686939
v 4.829561 1.010258 1.705530
v 4.887744 1.152925 1.652126
v 4.879630 1.138275 1.677195
v 4.900048 1.126174 1.658605
v 4.825816 0.954448 1.552355
v 4.833929 0.969098 1.527285
v 4.853330 0.966588 1.550226
v 4.891096 1.121355 1.515414
v 4.903399 1.094605 1.521892
v 4.883999 1.097115 1.498951
v 3.402814 0.948788 1.867422
v 3.397553 0.970570 1.887562
v 3.377221 0.964633 1.866135
v 3.365604 1.106936 1.880098
v 3.361159 1.126580 1.857691
v 3.345272 1.100999 1.858671
v 3.405500 0.941752 1.727367
v 3.379907 0.957597 1.726080
v 3.401055 0.961396 1.704960
v 3.363845 1.119544 1.717636
v 3.369106 1.097762 1.697496
v 3.347958 1.093963 1.718616
v 3.539358 0.980834 1.868431
v 3.555244 1.006414 1.867450
v 3.534096 1.002616 1.888570
v 3.497703 1.158626 1.858700
v 3.502147 1.138982 1.881107
v 3.523295 1.142780 1.859987
v 3.542044 0.973798 1.728376
v 3.537599 0.993442 1.705969
v 3.557931 0.999378 1.727395
v 3.500389 1.151590 1.718645
v 3.525982 1.135744 1.719932
v 3.505650 1.129808 1.698505
vn -1.0000 -0.0000 -0.0000
vn -0.0000 -0.0000 -1.0000
vn 1.0000 -0.0000 -0.0000
vn -0.0000 -1.0000 -0.0000
vn -0.0000 1.0000 -0.0000
vn -0.0000 -0.0000 1.0000
vn -0.0137 0.4390 0.8984
vn 0.9991 -0.0306 0.0301
vn 0.0407 0.8980 -0.4381
vn -0.9991 0.0306 -0.0302
vn 0.0137 -0.4390 -0.8984
vn -0.6082 -0.2473 0.7542
vn -0.5612 0.7896 0.2483
vn -0.5924 -0.7542 -0.2831
vn -0.5454 0.2827 -0.7891
vn 0.5454 -0.2827 0.7890
vn 0.5924 0.7542 0.2831
vn 0.5612 -0.7896 -0.2483
vn 0.6082 0.2473 -0.7542
vn -0.7353 -0.6133 0.2885
vn -0.7161 0.3320 0.6140
vn -0.6777 0.6566 -0.3311
vn -0.6968 -0.2887 -0.6566
vn -0.0191 -0.9454 -0.3254
vn 0.0385 0.3246 -0.9451
vn 0.7161 -0.3320 -0.6140
vn 0.6777 -0.6566 0.3311
vn 0.7353 0.6133 -0.2885
vn 0.6968 0.2887 0.6566
vn -0.0385 -0.3246 0.9451
vn 0.0191 0.9454 0.3254
vn -0.0407 -0.8980 0.4381
vn 0.2902 0.3073 0.9063
vn 0.7678 -0.6401 -0.0288
vn 0.5712 0.7042 -0.4217
vn -0.7678 0.6401 0.0289
vn -0.2902 -0.3073 -0.9063
vn -0.6055 0.1404 0.7834
vn 0.0541 0.9535 0.2964
vn -0.9406 -0.2144 -0.2631
vn -0.2810 0.5987 -0.7501
vn 0.2810 -0.5987 0.7500
vn 0.9406 0.2144 0.2631
vn -0.0541 -0.9535 -0.2964
vn 0.6055 -0.1404 -0.7834
vn -0.9468 -0.0453 0.3186
vn -0.3377 0.6699 0.6612
vn -0.1390 0.9505 -0.2778
vn -0.7481 0.2353 -0.6204
vn -0.6091 -0.7152 -0.3427
vn 0.1987 0.2807 -0.9390
vn 0.3377 -0.6699 -0.6612
vn 0.1390 -0.9505 0.2778
vn 0.9468 0.0453 -0.3186
vn 0.7481 -0.2353 0.6205
vn -0.1987 -0.2806 0.9390
vn 0.6091 0.7152 0.3427
vn -0.5712 -0.7042 0.4217
vn -0.3174 -0.1969 0.9276
vn 0.4679 -0.8834 -0.0273
vn 0.8248 0.4253 0.3725
vn -0.4679 0.8834 0.0273
vn 0.3174 0.1969 -0.9276
vn -0.9296 0.1508 0.3362
vn 0.0228 0.6419 0.7664
vn -0.5631 0.3781 -0.7348
vn 0.3894 0.8692 -0.3047
vn -0.3894 -0.8692 0.3047
vn 0.5630 -0.3781 0.7349
vn -0.0228 -0.6419 -0.7664
vn 0.9296 -0.1508 -0.3363
vn -0.9141 0.3239 -0.2441
vn -0.5553 0.4854 0.6753
vn 0.2524 0.9254 0.2828
vn -0.1064 0.7638 -0.6366
vn -0.3588 -0.1616 -0.9193
vn 0.8077 0.4400 -0.3925
vn 0.5553 -0.4854 -0.6753
vn -0.2524 -0.9254 -0.2828
vn 0.9141 -0.3239 0.2441
vn 0.1064 -0.7638 0.6366
vn -0.8077 -0.4400 0.3925
vn 0.3588 0.1616 0.9193
vn -0.8248 -0.4253 -0.3725
vn -0.0397 0.0237 0.9989
vn 0.5455 -0.8371 0.0415
vn 0.8372 0.5465 0.0203
vn -0.5455 0.8371 -0.0415
vn 0.0397 -0.0237 -0.9989
vn -0.8212 0.1815 0.5411
vn 0.1455 0.8125 0.5645
vn -0.7754 0.1541 -0.6124
vn 0.1913 0.7852 -0.5890
vn -0.1913 -0.7852 0.5890
vn 0.7754 -0.1541 0.6124
vn -0.1455 -0.8125 -0.5645
vn 0.8212 -0.1814 -0.5410
vn -0.9777 0.2055 -0.0437
vn -0.4138 0.6087 0.6770
vn 0.2063 0.9784 -0.0150
vn -0.3576 0.5751 -0.7357
vn -0.5639 -0.4032 -0.7207
vn 0.6200 0.3697 -0.6920
vn 0.4138 -0.6087 -0.6770
vn -0.2063 -0.9784 0.0150
vn 0.9777 -0.2055 0.0437
vn 0.3577 -0.5751 0.7357
vn -0.6200 -0.3697 0.6920
vn 0.5639 0.4032 0.7207
vn -0.8372 -0.5465 -0.0203
vn 0.3027 -0.0669 0.9508
vn 0.2145 0.9767 0.0004
vn -0.9286 0.2038 0.3100
vn -0.2145 -0.9767 -0.0004
vn -0.3026 0.0669 -0.9508
vn 0.5870 -0.7202 0.3697
vn -0.4853 -0.4848 0.7276
vn 0.2376 -0.6430 -0.7281
vn -0.8347 -0.4076 -0.3702
vn 0.8347 0.4076 0.3702
vn -0.2376 0.6430 0.7281
vn 0.4853 0.4849 -0.7276
vn -0.5870 0.7202 -0.3697
vn 0.5050 -0.8348 -0.2195
vn 0.0623 -0.7380 0.6720
vn -0.8083 -0.5465 0.2189
vn -0.3657 -0.6433 -0.6726
vn 0.4426 -0.0968 -0.8915
vn -0.8707 0.1914 -0.4531
vn -0.0623 0.7380 -0.6720
vn 0.8083 0.5465 -0.2189
vn -0.5050 0.8348 0.2195
vn 0.3657 0.6433 0.6726
vn 0.8707 -0.1914 0.4531
vn -0.4427 0.0968 0.8915
vn 0.9286 -0.2038 -0.3100
vn 0.5345 0.1404 0.8334
vn 0.2953 -0.9550 -0.0285
vn 0.7919 0.2614 -0.5519
vn -0.2953 0.9550 0.0285
vn -0.5345 -0.1404 -0.8335
vn -0.3192 0.4815 0.8163
vn 0.5953 0.7833 0.1790
vn -0.9363 0.3194 -0.1461
vn -0.0219 0.6212 -0.7833
vn 0.0219 -0.6212 0.7834
vn 0.9363 -0.3194 0.1461
vn -0.5953 -0.7833 -0.1791
vn 0.3192 -0.4815 -0.8163
vn -0.7688 0.4904 0.4104
vn 0.1691 0.7746 0.6095
vn 0.3511 0.8601 -0.3701
vn -0.5868 0.5760 -0.5692
vn -0.9379 -0.2841 -0.1991
vn 0.1821 0.0855 -0.9796
vn -0.1691 -0.7745 -0.6095
vn -0.3511 -0.8601 0.3701
vn 0.7688 -0.4904 -0.4104
vn 0.5868 -0.5760 0.5692
vn -0.1821 -0.0855 0.9796
vn 0.9379 0.2841 0.1991
vn -0.7919 -0.2614 0.5519
vn -0.0364 -0.0817 0.9960
vn 0.8467 -0.5319 -0.0127
vn 0.5309 0.8428 0.0886
vn -0.8467 0.5319 0.0127
vn 0.0364 0.0817 -0.9960
vn -0.8163 -0.2267 0.5312
vn -0.2033 0.7465 0.6335
vn -0.7743 -0.1323 -0.6188
vn -0.1614 0.8409 -0.5165
vn 0.1614 -0.8409 0.5166
vn 0.7743 0.1323 0.6188
vn 0.2033 -0.7465 -0.6335
vn 0.8163 0.2267 -0.5313
vn -0.9741 -0.2198 -0.0536
vn -0.6244 0.3183 0.7133
vn -0.2233 0.9721 0.0716
vn -0.5730 0.4339 -0.6953
vn -0.3497 -0.5382 -0.7669
vn 0.4011 0.6538 -0.6416
vn 0.6244 -0.3183 -0.7133
vn 0.2233 -0.9721 -0.0716
vn 0.9741 0.2198 0.0536
vn 0.5730 -0.4339 0.6953
vn -0.4011 -0.6538 0.6417
vn 0.3497 0.5382 0.7669
vn -0.5309 -0.8428 -0.0886
vn 0.0791 -0.1719 0.9819
vn 0.9513 0.3075 -0.0228
vn -0.2980 0.9359 0.1878
vn -0.9513 -0.3075 0.0228
vn -0.0791 0.1719 -0.9819
vn -0.3315 -0.8171 0.4717
vn -0.6756 0.2636 0.6886
vn -0.4229 -0.6186 -0.6622
vn -0.7670 0.4620 -0.4453
vn 0.7670 -0.4620 0.4453
vn 0.4229 0.6186 0.6622
vn 0.6756 -0.2636 -0.6885
vn 0.3315 0.8171 -0.4717
vn -0.4619 -0.8792 -0.1166
vn -0.6167 -0.3389 0.7105
vn -0.8834 0.4444 0.1489
vn -0.7286 -0.0959 -0.6782
vn 0.1548 -0.5403 -0.8271
vn -0.2667 0.7833 -0.5616
vn 0.6167 0.3389 -0.7105
vn 0.8834 -0.4444 -0.1489
vn 0.4619 0.8792 0.1166
vn 0.7286 0.0959 0.6782
vn 0.2667 -0.7833 0.5615
vn -0.1548 0.5403 0.8271
vn 0.2980 -0.9359 -0.1878
vn 0.5320 0.5346 0.6566
vn 0.7597 -0.6438 -0.0913
vn 0.3740 0.5474 -0.7487
vn -0.7597 0.6438 0.0913
vn -0.5320 -0.5346 -0.6566
vn -0.3474 0.3643 0.8640
vn 0.0844 0.9964 -0.0004
vn -0.9617 -0.2530 0.1058
vn -0.5298 0.3791 -0.7587
vn 0.5298 -0.3791 0.7587
vn 0.9617 0.2530 -0.1058
vn -0.0844 -0.9964 0.0004
vn 0.3474 -0.3643 -0.8640
vn -0.8016 0.0682 0.5939
vn -0.1610 0.8333 0.5288
vn -0.2727 0.8423 -0.4649
vn -0.9133 0.0772 -0.3998
vn -0.6406 -0.7651 0.0651
vn -0.1117 0.0090 -0.9937
vn 0.1610 -0.8333 -0.5289
vn 0.2727 -0.8423 0.4649
vn 0.8016 -0.0682 -0.5939
vn 0.9134 -0.0772 0.3998
vn 0.1117 -0.0090 0.9937
vn 0.6406 0.7651 -0.0651
vn -0.3740 -0.5474 0.7487
vn 0.3064 -0.3096 0.9001
vn 0.8161 0.5722 -0.0810
vn -0.4900 0.7594 0.4280
vn -0.8161 -0.5722 0.0810
vn -0.3064 0.3096 -0.9001
vn -0.0113 -0.9476 0.3193
vn -0.5772 -0.0707 0.8136
vn -0.3651 -0.5901 -0.7201
vn -0.9310 0.2868 -0.2258
vn 0.9310 -0.2868 0.2258
vn 0.3651 0.5901 0.7201
vn 0.5772 0.0707 -0.8135
vn 0.0113 0.9476 -0.3193
vn -0.2305 -0.9416 -0.2454
vn -0.3604 -0.6236 0.6937
vn -0.9236 0.1323 0.3599
vn -0.7937 -0.1857 -0.5792
vn 0.1298 -0.3180 -0.9392
vn -0.5632 0.7559 -0.3338
vn 0.3604 0.6236 -0.6937
vn 0.9236 -0.1323 -0.3599
vn 0.2306 0.9416 0.2454
vn 0.7937 0.1857 0.5793
vn 0.5632 -0.7559 0.3338
vn -0.1298 0.3180 0.9392
vn 0.4900 -0.7594 -0.4280
vn -0.1618 -0.0659 0.9846
vn 0.2195 -0.9752 -0.0292
vn 0.9621 0.2114 0.1722
vn -0.2195 0.9752 0.0292
vn 0.1618 0.0659 -0.9846
vn -0.7756 0.4029 0.4859
vn 0.3353 0.6470 0.6848
vn -0.5888 0.4790 -0.6511
vn 0.5222 0.7231 -0.4522
vn -0.5222 -0.7231 0.4522
vn 0.5888 -0.4790 0.6510
vn -0.3353 -0.6470 -0.6848
vn 0.7756 -0.4029 -0.4859
vn -0.8355 0.5401 -0.1011
vn -0.2696 0.6430 0.7169
vn 0.5251 0.8390 0.1424
vn -0.0408 0.7362 -0.6756
vn -0.5659 -0.1029 -0.8180
vn 0.7947 0.1961 -0.5744
vn 0.2696 -0.6430 -0.7169
vn -0.5251 -0.8390 -0.1424
vn 0.8355 -0.5401 0.1011
vn 0.0408 -0.7362 0.6756
vn -0.7947 -0.1961 0.5744
vn 0.5659 0.1029 0.8180
vn -0.9621 -0.2114 -0.1722
vn 0.1647 0.3768 0.9115
vn 0.8029 -0.5880 0.0980
vn 0.5729 0.7157 -0.3994
vn -0.8029 0.5880 -0.0980
vn -0.1647 -0.3768 -0.9115
vn -0.6992 0.1438 0.7003
vn -0.0377 0.9703 0.2391
vn -0.8894 -0.2913 -0.3523
vn -0.2279 0.5351 -0.8135
vn 0.2279 -0.5351 0.8135
vn 0.8894 0.2913 0.3523
vn 0.0377 -0.9703 -0.2391
vn 0.6992 -0.1438 -0.7003
vn -0.9728 -0.0903 0.2131
vn -0.4513 0.6822 0.5752
vn -0.1626 0.9219 -0.3517
vn -0.6842 0.1493 -0.7138
vn -0.5216 -0.7726 -0.3621
vn 0.2887 0.2396 -0.9270
vn 0.4513 -0.6822 -0.5752
vn 0.1626 -0.9219 0.3517
vn 0.9728 0.0903 -0.2131
vn 0.6842 -0.1493 0.7138
vn -0.2887 -0.2396 0.9270
vn 0.5216 0.7725 0.3621
vn -0.5729 -0.7157 0.3994
vn 0.3656 -0.1201 0.9230
vn 0.3296 0.9441 -0.0077
vn -0.8705 0.3070 0.3847
vn -0.3296 -0.9441 0.0077
vn -0.3656 0.1201 -0.9230
vn 0.5234 -0.7917 0.3152
vn -0.4818 -0.4372 0.7595
vn 0.1012 -0.6530 -0.7506
vn -0.9039 -0.2985 -0.3063
vn 0.9039 0.2985 0.3063
vn -0.1012 0.6530 0.7506
vn 0.4818 0.4371 -0.7595
vn -0.5234 0.7917 -0.3152
vn 0.3825 -0.8847 -0.2666
vn 0.0255 -0.7525 0.6581
vn -0.8486 -0.4505 0.2775
vn -0.4916 -0.5827 -0.6472
vn 0.3570 -0.1322 -0.9247
vn -0.8740 0.3020 -0.3806
vn -0.0255 0.7525 -0.6581
vn 0.8486 0.4505 -0.2775
vn -0.3825 0.8847 0.2666
vn 0.4916 0.5827 0.6472
vn 0.8740 -0.3020 0.3806
vn -0.3570 0.1322 0.9247
vn 0.8705 -0.3070 -0.3847
vn 0.0008 -0.1366 0.9906
vn 0.9559 0.2911 0.0394
vn -0.2938 0.9469 0.1308
vn -0.9559 -0.2911 -0.0394
vn -0.0008 0.1366 -0.9906
vn -0.3818 -0.7936 0.4737
vn -0.7211 0.2997 0.6247
vn -0.3827 -0.6359 -0.6702
vn -0.7219 0.4574 -0.5192
vn 0.7219 -0.4574 0.5192
vn 0.3827 0.6359 0.6702
vn 0.7210 -0.2998 -0.6247
vn 0.3818 0.7936 -0.4737
vn -0.4682 -0.8754 -0.1203
vn -0.6754 -0.3024 0.6726
vn -0.8836 0.4637 0.0646
vn -0.6764 -0.1093 -0.7283
vn 0.2072 -0.5730 -0.7930
vn -0.2083 0.7661 -0.6080
vn 0.6754 0.3024 -0.6726
vn 0.8836 -0.4637 -0.0646
vn 0.4682 0.8754 0.1203
vn 0.6764 0.1093 0.7283
vn 0.2083 -0.7661 0.6080
vn -0.2072 0.5730 0.7929
vn 0.2938 -0.9469 -0.1308
vn 0.4929 0.3554 0.7942
vn 0.6781 -0.7289 -0.0946
vn 0.5452 0.5852 -0.6003
vn -0.6781 0.7289 0.0946
vn -0.4929 -0.3554 -0.7942
vn -0.4217 0.2882 0.8597
vn 0.2078 0.9639 0.1666
vn -0.9908 -0.1223 -0.0573
vn -0.3613 0.5534 -0.7505
vn 0.3613 -0.5535 0.7504
vn 0.9908 0.1223 0.0574
vn -0.2078 -0.9639 -0.1666
vn 0.4217 -0.2882 -0.8597
vn -0.8650 0.1016 0.4914
vn -0.1310 0.7667 0.6285
vn -0.0940 0.9292 -0.3575
vn -0.8280 0.2640 -0.4946
vn -0.7340 -0.6651 -0.1371
vn 0.0370 0.1624 -0.9860
vn 0.1310 -0.7667 -0.6285
vn 0.0940 -0.9292 0.3575
vn 0.8650 -0.1016 -0.4914
vn 0.8280 -0.2640 0.4947
vn -0.0370 -0.1624 0.9860
vn 0.7340 0.6651 0.1371
vn -0.5452 -0.5852 0.6003
vn -0.2115 0.1801 0.9606
vn 0.6463 0.7631 -0.0007
vn -0.7332 0.6207 -0.2778
vn -0.6463 -0.7631 0.0007
vn 0.2115 -0.1801 -0.9606
vn -0.0719 -0.6950 0.7154
vn -0.9186 0.0218 0.3947
vn 0.1723 -0.9029 -0.3938
vn -0.6743 -0.1861 -0.7146
vn 0.6743 0.1861 0.7146
vn -0.1723 0.9029 0.3938
vn 0.9186 -0.0218 -0.3947
vn 0.0719 0.6950 -0.7154
vn 0.0614 -0.9785 0.1969
vn -0.6066 -0.4122 0.6798
vn -0.9754 -0.1007 -0.1959
vn -0.3075 -0.6669 -0.6787
vn 0.6680 -0.5662 -0.4829
vn -0.3689 0.3116 -0.8757
vn 0.6066 0.4122 -0.6798
vn 0.9754 0.1007 0.1959
vn -0.0614 0.9785 -0.1969
vn 0.3075 0.6669 0.6788
vn 0.3689 -0.3116 0.8757
vn -0.6680 0.5662 0.4829
vn 0.7332 -0.6207 0.2778
vn -0.6215 -0.2507 0.7422
vn 0.4186 -0.9071 0.0441
vn 0.6622 0.3381 0.6687
vn -0.4186 0.9071 -0.0441
vn 0.6215 0.2507 -0.7423
vn -0.9828 0.1838 0.0170
vn -0.2181 0.5742 0.7891
vn -0.2652 0.4733 -0.8400
vn 0.4995 0.8637 -0.0679
vn -0.4995 -0.8637 0.0679
vn 0.2652 -0.4733 0.8400
vn 0.2181 -0.5742 -0.7891
vn 0.9828 -0.1838 -0.0170
vn -0.7643 0.4023 -0.5040
vn -0.7354 0.4641 0.4937
vn 0.1723 0.8805 0.4417
vn 0.1434 0.8187 -0.5560
vn -0.0288 -0.0618 -0.9977
vn 0.9077 0.4164 -0.0520
vn 0.7354 -0.4641 -0.4937
vn -0.1723 -0.8805 -0.4417
vn 0.7643 -0.4023 0.5040
vn -0.1434 -0.8187 0.5560
vn -0.9077 -0.4164 0.0520
vn 0.0289 0.0618 0.9977
vn -0.6622 -0.3381 -0.6687
vn 0.1014 0.4375 0.8935
vn 0.9655 -0.2598 0.0177
vn 0.2399 0.8609 -0.4488
vn -0.9655 0.2598 -0.0177
vn -0.1014 -0.4375 -0.8935
vn -0.6374 -0.0944 0.7647
vn -0.3604 0.8996 0.2465
vn -0.7544 -0.5996 -0.2670
vn -0.4775 0.3944 -0.7852
vn 0.4775 -0.3944 0.7852
vn 0.7545 0.5996 0.2670
vn 0.3604 -0.8996 -0.2466
vn 0.6374 0.0944 -0.7647
vn -0.8523 -0.4250 0.3048
vn -0.6110 0.4931 0.6193
vn -0.5131 0.7924 -0.3298
vn -0.7544 -0.1257 -0.6443
vn -0.2413 -0.9181 -0.3145
vn 0.0979 0.2994 -0.9491
vn 0.6110 -0.4931 -0.6193
vn 0.5131 -0.7924 0.3298
vn 0.8523 0.4250 -0.3048
vn 0.7544 0.1256 0.6443
vn -0.0979 -0.2993 0.9491
vn 0.2413 0.9181 0.3145
vn -0.2399 -0.8609 0.4488
vn 0.1345 0.1619 0.9776
vn 0.6064 -0.7937 0.0480
vn 0.7837 0.5864 -0.2049
vn -0.6064 0.7937 -0.0480
vn -0.1345 -0.1619 -0.9776
vn -0.7249 0.2132 0.6550
vn 0.1800 0.8903 0.4184
vn -0.8802 0.0262 -0.4738
vn 0.0247 0.7033 -0.7105
vn -0.0247 -0.7033 0.7105
vn 0.8802 -0.0262 0.4738
vn -0.1800 -0.8903 -0.4184
vn 0.7249 -0.2132 -0.6550
vn -0.9830 0.1466 0.1110
vn -0.3337 0.6757 0.6573
vn 0.1254 0.9759 -0.1789
vn -0.5239 0.4468 -0.7252
vn -0.6493 -0.5291 -0.5464
vn 0.4591 0.3001 -0.8362
vn 0.3337 -0.6757 -0.6573
vn -0.1254 -0.9759 0.1789
vn 0.9830 -0.1466 -0.1110
vn 0.5239 -0.4468 0.7252
vn -0.4591 -0.3001 0.8362
vn 0.6493 0.5291 0.5463
vn -0.7837 -0.5864 0.2049
vn 0.4019 0.1571 0.9021
vn 0.3335 -0.9426 0.0156
vn 0.8528 0.2945 -0.4312
vn -0.3335 0.9426 -0.0156
vn -0.4019 -0.1572 -0.9021
vn -0.4529 0.4649 0.7608
vn 0.5319 0.8050 0.2628
vn -0.9169 0.2835 -0.2809
vn 0.0678 0.6235 -0.7788
vn -0.0678 -0.6235 0.7788
vn 0.9169 -0.2834 0.2809
vn -0.5319 -0.8050 -0.2628
vn 0.4529 -0.4649 -0.7608
vn -0.8388 0.4583 0.2939
vn 0.0484 0.7777 0.6268
vn 0.3672 0.8748 -0.3160
vn -0.5200 0.5554 -0.6490
vn -0.8872 -0.3194 -0.3330
vn 0.3188 0.0971 -0.9428
vn -0.0484 -0.7777 -0.6268
vn -0.3672 -0.8748 0.3160
vn 0.8388 -0.4583 -0.2939
vn 0.5200 -0.5554 0.6490
vn -0.3189 -0.0972 0.9428
vn 0.8872 0.3194 0.3330
vn -0.8528 -0.2945 0.4312
vn -0.0014 0.2040 0.9790
vn 0.9720 0.2303 -0.0466
vn -0.2350 0.9515 -0.1986
vn -0.9720 -0.2303 0.0466
vn 0.0014 -0.2040 -0.9790
vn -0.4264 -0.5645 0.7068
vn -0.6977 0.5342 0.4774
vn -0.4247 -0.8001 -0.4236
vn -0.6960 0.2986 -0.6530
vn 0.6960 -0.2986 0.6530
vn 0.4247 0.8001 0.4237
vn 0.6977 -0.5342 -0.4774
vn 0.4264 0.5645 -0.7068
vn -0.5212 -0.8357 0.1734
vn -0.6883 -0.0186 0.7252
vn -0.8534 0.5100 -0.1075
vn -0.6863 -0.3071 -0.6593
vn 0.1672 -0.8171 -0.5518
vn -0.1651 0.5286 -0.8327
vn 0.6883 0.0186 -0.7252
vn 0.8534 -0.5100 0.1075
vn 0.5212 0.8357 -0.1734
vn 0.6863 0.3071 0.6593
vn 0.1651 -0.5286 0.8327
vn -0.1672 0.8170 0.5518
vn 0.2350 -0.9515 0.1986
vn -0.1402 -0.6393 0.7561
vn 0.9826 -0.1840 0.0267
vn 0.1221 0.7467 0.6539
vn -0.9826 0.1840 -0.0267
vn 0.1403 0.6392 -0.7561
vn -0.7187 -0.6939 0.0436
vn -0.5778 0.1683 0.7987
vn -0.5568 0.0442 -0.8295
vn -0.4158 0.9064 -0.0744
vn 0.4158 -0.9064 0.0744
vn 0.5568 -0.0442 0.8295
vn 0.5778 -0.1682 -0.7987
vn 0.7187 0.6939 -0.0436
vn -0.7811 -0.3979 -0.4813
vn -0.7940 -0.3219 0.5158
vn -0.6085 0.6581 0.4435
vn -0.5956 0.5821 -0.5535
vn 0.0129 -0.0759 -0.9970
vn 0.1855 0.9800 -0.0723
vn 0.7940 0.3219 -0.5158
vn 0.6085 -0.6581 -0.4435
vn 0.7811 0.3979 0.4813
vn 0.5956 -0.5821 0.5535
vn -0.1855 -0.9800 0.0723
vn -0.0129 0.0760 0.9970
vn -0.1221 -0.7467 -0.6539
vn -0.3436 0.2624 0.9017
vn 0.5982 0.8013 -0.0052
vn -0.7239 0.5376 -0.4323
vn -0.5982 -0.8013 0.0052
vn 0.3436 -0.2624 -0.9017
vn -0.1258 -0.6215 0.7732
vn -0.9617 -0.0008 0.2740
vn 0.2710 -0.9245 -0.2680
vn -0.5649 -0.3037 -0.7672
vn 0.5649 0.3038 0.7672
vn -0.2710 0.9245 0.2680
vn 0.9617 0.0008 -0.2740
vn 0.1258 0.6215 -0.7732
vn 0.0889 -0.9468 0.3094
vn -0.6660 -0.3811 0.6413
vn -0.9349 -0.1865 -0.3020
vn -0.1800 -0.7522 -0.6339
vn 0.7549 -0.5657 -0.3319
vn -0.2689 0.1946 -0.9433
vn 0.6660 0.3811 -0.6413
vn 0.9349 0.1865 0.3020
vn -0.0889 0.9468 -0.3094
vn 0.1800 0.7522 0.6339
vn 0.2689 -0.1946 0.9433
vn -0.7549 0.5657 0.3319
vn 0.7239 -0.5376 0.4323
vn 0.1646 0.0417 0.9855
vn 0.6634 -0.7441 -0.0793
vn 0.7300 0.6668 -0.1501
vn -0.6634 0.7441 0.0793
vn -0.1646 -0.0417 -0.9855
vn -0.7094 0.0687 0.7014
vn 0.1335 0.8386 0.5281
vn -0.8995 0.0206 -0.4365
vn -0.0565 0.7905 -0.6099
vn 0.0566 -0.7905 0.6098
vn 0.8995 -0.0206 0.4365
vn -0.1335 -0.8386 -0.5281
vn 0.7094 -0.0687 -0.7014
vn -0.9852 0.0547 0.1622
vn -0.3527 0.5556 0.7529
vn 0.0471 0.9976 -0.0501
vn -0.5854 0.4967 -0.6408
vn -0.6326 -0.5010 -0.5907
vn 0.3998 0.4420 -0.8030
vn 0.3527 -0.5556 -0.7529
vn -0.0471 -0.9976 0.0501
vn 0.9852 -0.0546 -0.1622
vn 0.5854 -0.4967 0.6408
vn -0.3998 -0.4420 0.8030
vn 0.6326 0.5010 0.5907
vn -0.7300 -0.6668 0.1501
vn 0.2434 -0.7664 0.5945
vn 0.9631 0.2635 -0.0546
vn -0.1148 0.5858 0.8023
vn -0.9631 -0.2635 0.0546
vn -0.2434 0.7664 -0.5945
vn -0.3493 -0.9328 -0.0884
vn -0.4818 -0.2563 0.8379
vn -0.6303 -0.0479 -0.7749
vn -0.7628 0.6286 0.1515
vn 0.7628 -0.6286 -0.1515
vn 0.6303 0.0478 0.7749
vn 0.4818 0.2564 -0.8379
vn 0.3493 0.9328 0.0884
vn -0.5999 -0.6006 -0.5287
vn -0.5090 -0.7282 0.4590
vn -0.7622 0.2280 0.6059
vn -0.8531 0.3556 -0.3818
vn -0.0909 0.1277 -0.9876
vn -0.2532 0.9562 0.1469
vn 0.5090 0.7282 -0.4590
vn 0.7622 -0.2279 -0.6059
vn 0.5999 0.6005 0.5287
vn 0.8531 -0.3556 0.3818
vn 0.2532 -0.9562 -0.1469
vn 0.0909 -0.1277 0.9876
vn 0.1148 -0.5858 -0.8023
vn -0.5564 0.3513 0.7530
vn 0.5101 0.8598 -0.0242
vn -0.6559 0.3707 -0.6576
vn -0.5101 -0.8598 0.0242
vn 0.5564 -0.3513 -0.7530
vn -0.2371 -0.5076 0.8284
vn -0.9944 -0.0796 0.0691
vn 0.4054 -0.9132 -0.0411
vn -0.3520 -0.4852 -0.8004
vn 0.3520 0.4852 0.8004
vn -0.4054 0.9132 0.0411
vn 0.9944 0.0796 -0.0690
vn 0.2371 0.5076 -0.8284
vn 0.1031 -0.8700 0.4821
vn -0.7541 -0.3596 0.5495
vn -0.8245 -0.3458 -0.4479
vn 0.0327 -0.8563 -0.5154
vn 0.8572 -0.5105 -0.0675
vn -0.0704 0.0137 -0.9974
vn 0.7541 0.3596 -0.5495
vn 0.8245 0.3459 0.4479
vn -0.1031 0.8700 -0.4821
vn -0.0327 0.8564 0.5154
vn 0.0704 -0.0137 0.9974
vn -0.8572 0.5105 0.0675
vn 0.6559 -0.3707 0.6576
vn -0.4182 0.5813 0.6980
vn 0.8186 0.5743 0.0122
vn -0.3937 0.5764 -0.7160
vn -0.8186 -0.5743 -0.0122
vn 0.4182 -0.5813 -0.6980
vn -0.4867 -0.3288 0.8093
vn -0.9414 0.3368 -0.0175
vn -0.0038 -1.0000 0.0034
vn -0.4584 -0.3344 -0.8234
vn 0.4585 0.3344 0.8234
vn 0.0038 1.0000 -0.0034
vn 0.9414 -0.3368 0.0175
vn 0.4867 0.3288 -0.8093
vn -0.3004 -0.8137 0.4977
vn -0.8746 0.0050 0.4849
vn -0.8572 0.0015 -0.5149
vn -0.2831 -0.8171 -0.5022
vn 0.5742 -0.8186 0.0128
vn 0.0173 -0.0034 -0.9998
vn 0.8746 -0.0050 -0.4849
vn 0.8572 -0.0015 0.5149
vn 0.3004 0.8137 -0.4977
vn 0.2831 0.8171 0.5022
vn -0.0173 0.0034 0.9998
vn -0.5742 0.8186 -0.0128
vn 0.3937 -0.5764 0.7160
vn 0.2447 -0.5319 0.8107
vn 0.8148 0.5660 0.1254
vn -0.5256 0.6298 0.5719
vn -0.8148 -0.5660 -0.1254
vn -0.2447 0.5319 -0.8107
vn -0.0257 -0.9975 0.0654
vn -0.6326 -0.2703 0.7258
vn -0.3083 -0.3833 -0.8707
vn -0.9152 0.3439 -0.2103
vn 0.9152 -0.3439 0.2102
vn 0.3083 0.3833 0.8707
vn 0.6326 0.2703 -0.7258
vn 0.0257 0.9975 -0.0654
vn -0.2045 -0.8456 -0.4931
vn -0.4031 -0.7764 0.4845
vn -0.9478 0.0451 0.3157
vn -0.7492 -0.0241 -0.6619
vn 0.1986 -0.0692 -0.9776
vn -0.5447 0.8215 -0.1688
vn 0.4031 0.7764 -0.4845
vn 0.9478 -0.0451 -0.3157
vn 0.2045 0.8456 0.4931
vn 0.7492 0.0241 0.6619
vn 0.5447 -0.8215 0.1688
vn -0.1986 0.0692 0.9776
vn 0.5256 -0.6298 -0.5719
vn 0.5165 0.5929 0.6179
vn 0.7782 -0.6261 -0.0498
vn 0.3573 0.5065 -0.7847
vn -0.7782 0.6261 0.0498
vn -0.5165 -0.5929 -0.6179
vn -0.3574 0.4113 0.8385
vn 0.0552 0.9962 -0.0676
vn -0.9538 -0.2733 0.1251
vn -0.5412 0.3116 -0.7810
vn 0.5412 -0.3116 0.7810
vn 0.9538 0.2733 -0.1251
vn -0.0552 -0.9962 0.0676
vn 0.3574 -0.4113 -0.8385
vn -0.8029 0.0845 0.5901
vn -0.1850 0.8619 0.4721
vn -0.2976 0.8008 -0.5197
vn -0.9155 0.0235 -0.4017
vn -0.6179 -0.7774 0.1180
vn -0.1126 -0.0611 -0.9918
vn 0.1850 -0.8619 -0.4721
vn 0.2976 -0.8008 0.5197
vn 0.8029 -0.0845 -0.5901
vn 0.9155 -0.0235 0.4017
vn 0.1126 0.0610 0.9918
vn 0.6179 0.7774 -0.1180
vn -0.3573 -0.5065 0.7847
vn -0.0110 0.5090 0.8607
vn 0.9604 -0.2344 0.1509
vn 0.2785 0.8283 -0.4862
vn -0.9604 0.2344 -0.1509
vn 0.0110 -0.5090 -0.8607
vn -0.7216 -0.0490 0.6905
vn -0.4000 0.9074 0.1291
vn -0.7089 -0.6367 -0.3033
vn -0.3873 0.3197 -0.8648
vn 0.3873 -0.3197 0.8648
vn 0.7089 0.6367 0.3033
vn 0.4000 -0.9074 -0.1291
vn 0.7217 0.0490 -0.6905
vn -0.8760 -0.4199 0.2371
vn -0.6869 0.5256 0.5019
vn -0.4821 0.7514 -0.4505
vn -0.6713 -0.1942 -0.7153
vn -0.1892 -0.9456 -0.2648
vn 0.2047 0.2258 -0.9524
vn 0.6869 -0.5256 -0.5019
vn 0.4821 -0.7514 0.4505
vn 0.8760 0.4199 -0.2371
vn 0.6713 0.1942 0.7153
vn -0.2047 -0.2258 0.9524
vn 0.1892 0.9456 0.2648
vn -0.2785 -0.8283 0.4862
vn -0.4965 0.4656 0.7326
vn 0.6044 0.7912 -0.0932
vn -0.6230 0.3966 -0.6743
vn -0.6044 -0.7912 0.0932
vn 0.4965 -0.4656 -0.7326
vn -0.2759 -0.4170 0.8660
vn -0.9953 0.0409 0.0874
vn 0.2974 -0.9545 0.0201
vn -0.4220 -0.4966 -0.7585
vn 0.4220 0.4966 0.7585
vn -0.2974 0.9545 -0.0201
vn 0.9953 -0.0409 -0.0875
vn 0.2760 0.4169 -0.8660
vn 0.0131 -0.8399 0.5426
vn -0.7785 -0.2302 0.5839
vn -0.8679 -0.2791 -0.4109
vn -0.0763 -0.8887 -0.4521
vn 0.7916 -0.6096 -0.0413
vn -0.0894 -0.0488 -0.9948
vn 0.7785 0.2302 -0.5839
vn 0.8679 0.2791 0.4109
vn -0.0131 0.8399 -0.5426
vn 0.0763 0.8887 0.4522
vn 0.0894 0.0488 0.9948
vn -0.7916 0.6096 0.0412
vn 0.6230 -0.3966 0.6743
vn -0.5704 0.4853 0.6627
vn 0.6448 0.7644 -0.0047
vn -0.5088 0.4246 -0.7489
vn -0.6448 -0.7644 0.0047
vn 0.5704 -0.4853 -0.6627
vn -0.4078 -0.4063 0.8177
vn -0.9954 0.0840 -0.0470
vn 0.2508 -0.9666 0.0525
vn -0.3367 -0.4763 -0.8122
vn 0.3367 0.4763 0.8123
vn -0.2508 0.9666 -0.0525
vn 0.9954 -0.0840 0.0471
vn 0.4078 0.4063 -0.8177
vn -0.0961 -0.8407 0.5329
vn -0.8593 -0.1974 0.4719
vn -0.8157 -0.2403 -0.5262
vn -0.0526 -0.8836 -0.4653
vn 0.7631 -0.6434 0.0610
vn 0.0436 -0.0429 -0.9981
vn 0.8593 0.1974 -0.4719
vn 0.8157 0.2402 0.5262
vn 0.0961 0.8407 -0.5329
vn 0.0526 0.8836 0.4653
vn -0.0436 0.0429 0.9981
vn -0.7631 0.6434 -0.0610
vn 0.5088 -0.4246 0.7489
vn 0.1891 0.0295 0.9815
vn 0.5946 -0.7989 -0.0905
vn 0.7815 0.6007 -0.1686
vn -0.5946 0.7989 0.0905
vn -0.1891 -0.0295 -0.9815
vn -0.6853 0.1315 0.7163
vn 0.2171 0.8251 0.5216
vn -0.9036 0.0974 -0.4171
vn -0.0012 0.7911 -0.6117
vn 0.0012 -0.7911 0.6117
vn 0.9036 -0.0975 0.4171
vn -0.2171 -0.8251 -0.5216
vn 0.6853 -0.1315 -0.7163
vn -0.9730 0.1402 0.1832
vn -0.2867 0.5858 0.7581
vn 0.1322 0.9897 -0.0552
vn -0.5541 0.5441 -0.6300
vn -0.6863 -0.4456 -0.5749
vn 0.4189 0.4039 -0.8132
vn 0.2867 -0.5858 -0.7581
vn -0.1322 -0.9897 0.0552
vn 0.9730 -0.1402 -0.1832
vn 0.5541 -0.5441 0.6300
vn -0.4189 -0.4039 0.8132
vn 0.6863 0.4456 0.5748
vn -0.7815 -0.6007 0.1686
vn -0.5851 -0.2830 0.7600
vn 0.4176 -0.9085 -0.0168
vn 0.6952 0.3076 0.6497
vn -0.4176 0.9085 0.0168
vn 0.5851 0.2830 -0.7600
vn -0.9803 0.1835 0.0734
vn -0.1775 0.5387 0.8236
vn -0.3047 0.5103 -0.8042
vn 0.4981 0.8655 -0.0540
vn -0.4981 -0.8655 0.0540
vn 0.3047 -0.5103 0.8042
vn 0.1775 -0.5387 -0.8236
vn 0.9803 -0.1835 -0.0734
vn -0.7869 0.4249 -0.4475
vn -0.7090 0.4423 0.5493
vn 0.1963 0.8599 0.4713
vn 0.1184 0.8425 -0.5255
vn -0.0779 -0.0174 -0.9968
vn 0.9053 0.4176 -0.0780
vn 0.7090 -0.4423 -0.5493
vn -0.1963 -0.8599 -0.4713
vn 0.7869 -0.4249 0.4475
vn -0.1184 -0.8425 0.5255
vn -0.9053 -0.4176 0.0780
vn 0.0779 0.0174 0.9968
vn -0.6952 -0.3076 -0.6497
vn -0.7386 0.1710 0.6521
vn 0.2322 0.9726 0.0078
vn -0.6329 0.1572 -0.7581
vn -0.2322 -0.9726 -0.0078
vn 0.7386 -0.1710 -0.6521
vn -0.1950 -0.5535 0.8097
vn -0.9259 -0.3721 -0.0657
vn 0.6578 -0.7511 0.0567
vn -0.0730 -0.5696 -0.8187
vn 0.0730 0.5696 0.8187
vn -0.6578 0.7511 -0.0567
vn 0.9259 0.3721 0.0657
vn 0.1950 0.5535 -0.8097
vn 0.2834 -0.7989 0.5305
vn -0.6864 -0.5668 0.4556
vn -0.6117 -0.5766 -0.5416
vn 0.3581 -0.8087 -0.4666
vn 0.9698 -0.2321 0.0750
vn 0.0747 -0.0098 -0.9972
vn 0.6864 0.5668 -0.4556
vn 0.6117 0.5766 0.5416
vn -0.2834 0.7989 -0.5305
vn -0.3581 0.8087 0.4666
vn -0.0747 0.0098 0.9972
vn -0.9698 0.2321 -0.0750
vn 0.6329 -0.1572 0.7581
vn 0.1643 0.0595 0.9846
vn 0.2413 -0.9703 0.0183
vn 0.9564 0.2346 -0.1738
vn -0.2413 0.9703 -0.0183
vn -0.1643 -0.0595 -0.9846
vn -0.5967 0.4591 0.6582
vn 0.5077 0.7300 0.4576
vn -0.7864 0.3904 -0.4787
vn 0.3180 0.6613 -0.6794
vn -0.3180 -0.6613 0.6794
vn 0.7864 -0.3904 0.4787
vn -0.5077 -0.7300 -0.4575
vn 0.5966 -0.4591 -0.6582
vn -0.8469 0.5202 0.1099
vn -0.0544 0.7281 0.6833
vn 0.5057 0.8520 -0.1359
vn -0.2868 0.6440 -0.7092
vn -0.7925 -0.2079 -0.5733
vn 0.5601 0.1238 -0.8191
vn 0.0544 -0.7282 -0.6833
vn -0.5057 -0.8520 0.1359
vn 0.8469 -0.5202 -0.1099
vn 0.2868 -0.6440 0.7092
vn -0.5601 -0.1238 0.8191
vn 0.7925 0.2080 0.5733
vn -0.9564 -0.2346 0.1738
vn 0.1308 -0.6830 0.7186
vn 0.9898 0.1310 -0.0556
vn -0.0561 0.7185 0.6932
vn -0.9898 -0.1310 0.0556
vn -0.1308 0.6830 -0.7186
vn -0.4636 -0.8848 0.0468
vn -0.5284 -0.0551 0.8472
vn -0.6146 -0.0961 -0.7830
vn -0.6794 0.7336 0.0175
vn 0.6794 -0.7336 -0.0175
vn 0.6146 0.0961 0.7830
vn 0.5284 0.0551 -0.8472
vn 0.4635 0.8848 -0.0467
vn -0.6602 -0.6007 -0.4509
vn -0.6074 -0.5756 0.5474
vn -0.7396 0.4154 0.5295
vn -0.7924 0.3903 -0.4688
vn -0.0528 -0.0251 -0.9983
vn -0.1322 0.9911 -0.0179
vn 0.6074 0.5756 -0.5474
vn 0.7396 -0.4154 -0.5295
vn 0.6602 0.6007 0.4508
vn 0.7924 -0.3903 0.4688
vn 0.1322 -0.9911 0.0179
vn 0.0528 0.0251 0.9983
vn 0.0562 -0.7185 -0.6932
vn -0.4824 0.4220 0.7676
vn 0.6816 0.7312 0.0264
vn -0.5502 0.5359 -0.6404
vn -0.6816 -0.7312 -0.0264
vn 0.4824 -0.4220 -0.7676
vn -0.3544 -0.4880 0.7977
vn -0.9897 0.1309 0.0582
vn 0.2026 -0.9752 -0.0887
vn -0.4326 -0.3564 -0.8282
vn 0.4326 0.3564 0.8281
vn -0.2026 0.9752 0.0887
vn 0.9897 -0.1309 -0.0582
vn 0.3544 0.4880 -0.7977
vn -0.0930 -0.8960 0.4342
vn -0.8231 -0.2187 0.5241
vn -0.8710 -0.1381 -0.4715
vn -0.1409 -0.8154 -0.5614
vn 0.7301 -0.6774 -0.0899
vn -0.0479 0.0806 -0.9956
vn 0.8231 0.2187 -0.5241
vn 0.8710 0.1381 0.4715
vn 0.0930 0.8960 -0.4342
vn 0.1409 0.8154 0.5614
vn 0.0479 -0.0806 0.9956
vn -0.7301 0.6773 0.0900
vn 0.5502 -0.5359 0.6404
vn -0.2860 -0.1727 0.9426
vn 0.5187 -0.8550 0.0008
vn 0.8057 0.4891 0.3340
vn -0.5187 0.8550 -0.0008
vn 0.2860 0.1727 -0.9426
vn -0.9297 0.1116 0.3509
vn 0.0006 0.6763 0.7366
vn -0.5996 0.3109 -0.7375
vn 0.3308 0.8757 -0.3517
vn -0.3308 -0.8757 0.3518
vn 0.5995 -0.3109 0.7375
vn -0.0006 -0.6763 -0.7366
vn 0.9297 -0.1115 -0.3509
vn -0.9365 0.2587 -0.2367
vn -0.5690 0.4825 0.6660
vn 0.2030 0.9504 0.2357
vn -0.1646 0.7266 -0.6670
vn -0.3675 -0.2238 -0.9027
vn 0.7719 0.4679 -0.4303
vn 0.5690 -0.4825 -0.6660
vn -0.2030 -0.9504 -0.2357
vn 0.9365 -0.2587 0.2367
vn 0.1646 -0.7267 0.6670
vn -0.7719 -0.4679 0.4303
vn 0.3675 0.2238 0.9027
vn -0.8057 -0.4891 -0.3341
vn 0.0924 -0.1485 0.9846
vn 0.7214 0.6916 0.0366
vn -0.6863 0.7069 0.1710
vn -0.7214 -0.6916 -0.0366
vn -0.0924 0.1485 -0.9846
vn 0.0331 -0.8931 0.4486
vn -0.7594 -0.0769 0.6460
vn -0.0736 -0.7217 -0.6883
vn -0.8661 0.0946 -0.4909
vn 0.8661 -0.0946 0.4908
vn 0.0736 0.7217 0.6883
vn 0.7594 0.0769 -0.6460
vn -0.0331 0.8931 -0.4486
vn -0.0248 -0.9889 -0.1468
vn -0.4448 -0.5940 0.6703
vn -0.9954 0.0108 0.0950
vn -0.5754 -0.3840 -0.7221
vn 0.4200 -0.3949 -0.8171
vn -0.5506 0.6048 -0.5753
vn 0.4448 0.5940 -0.6703
vn 0.9954 -0.0108 -0.0950
vn 0.0248 0.9889 0.1468
vn 0.5754 0.3840 0.7221
vn 0.5506 -0.6048 0.5753
vn -0.4200 0.3949 0.8171
vn 0.6863 -0.7069 -0.1710
vn -0.3864 -0.3055 0.8703
vn 0.5980 -0.8014 -0.0157
vn 0.7022 0.5143 0.4923
vn -0.5980 0.8014 0.0157
vn 0.3864 0.3055 -0.8703
vn -0.9738 -0.0106 0.2273
vn -0.1629 0.5833 0.7958
vn -0.5275 0.3421 -0.7776
vn 0.2833 0.9360 -0.2091
vn -0.2833 -0.9360 0.2091
vn 0.5275 -0.3421 0.7776
vn 0.1629 -0.5833 -0.7958
vn 0.9738 0.0106 -0.2273
vn -0.9194 0.2030 -0.3370
vn -0.6961 0.3507 0.6265
vn 0.0737 0.9303 0.3593
vn -0.1496 0.7826 -0.6042
vn -0.2233 -0.1477 -0.9635
vn 0.7698 0.5797 -0.2672
vn 0.6961 -0.3507 -0.6265
vn -0.0737 -0.9303 -0.3593
vn 0.9194 -0.2030 0.3370
vn 0.1496 -0.7826 0.6042
vn -0.7698 -0.5797 0.2672
vn 0.2233 0.1477 0.9635
vn -0.7022 -0.5143 -0.4923
vn -0.5974 0.1575 0.7863
vn 0.3141 0.9481 0.0487
vn -0.7379 0.2761 -0.6159
vn -0.3141 -0.9481 -0.0487
vn 0.5974 -0.1575 -0.7863
vn -0.1002 -0.6159 0.7815
vn -0.9523 -0.2971 0.0703
vn 0.5896 -0.7977 -0.1265
vn -0.2625 -0.4790 -0.8377
vn 0.2625 0.4790 0.8377
vn -0.5896 0.7977 0.1265
vn 0.9523 0.2971 -0.0703
vn 0.1002 0.6159 -0.7815
vn 0.2997 -0.8656 0.4011
vn -0.6445 -0.5591 0.5216
vn -0.7439 -0.4752 -0.4699
vn 0.2003 -0.7818 -0.5905
vn 0.9442 -0.3066 -0.1205
vn -0.0994 0.0838 -0.9915
vn 0.6445 0.5591 -0.5216
vn 0.7439 0.4752 0.4699
vn -0.2997 0.8656 -0.4011
vn -0.2003 0.7818 0.5905
vn 0.0994 -0.0838 0.9915
vn -0.9442 0.3066 0.1205
vn 0.7379 -0.2761 0.6159
vn -0.0076 -0.0044 1.0000
vn 0.4633 -0.8862 -0.0004
vn 0.8862 0.4633 0.0087
vn -0.4633 0.8862 0.0004
vn 0.0076 0.0044 -1.0000
vn -0.7835 0.2417 0.5725
vn 0.2398 0.7766 0.5826
vn -0.7747 0.2467 -0.5822
vn 0.2486 0.7816 -0.5721
vn -0.2486 -0.7816 0.5721
vn 0.7747 -0.2467 0.5822
vn -0.2398 -0.7766 -0.5826
vn 0.7835 -0.2417 -0.5725
vn -0.9542 0.2991 -0.0059
vn -0.3329 0.6235 0.7073
vn 0.2991 0.9542 0.0064
vn -0.3222 0.6297 -0.7068
vn -0.6213 -0.3245 -0.7133
vn 0.6320 0.3307 -0.7009
vn 0.3329 -0.6236 -0.7073
vn -0.2990 -0.9542 -0.0064
vn 0.9542 -0.2991 0.0059
vn 0.3222 -0.6297 0.7068
vn -0.6320 -0.3307 0.7009
vn 0.6213 0.3245 0.7133
vn -0.8862 -0.4632 -0.0087
vn 0.5041 -0.4836 0.7156
vn 0.6981 0.7160 -0.0078
vn -0.5085 0.5035 0.6985
vn -0.6981 -0.7160 0.0078
vn -0.5041 0.4836 -0.7156
vn 0.1816 -0.9833 0.0144
vn -0.4056 -0.4019 0.8209
vn -0.4005 -0.4248 -0.8119
vn -0.9877 0.1565 -0.0053
vn 0.9877 -0.1565 0.0053
vn 0.4005 0.4248 0.8119
vn 0.4056 0.4019 -0.8209
vn -0.1816 0.9833 -0.0144
vn -0.1340 -0.8623 -0.4884
vn -0.1372 -0.8483 0.5115
vn -0.8532 -0.1503 0.4995
vn -0.8500 -0.1643 -0.5004
vn 0.0031 -0.0140 -0.9999
vn -0.7160 0.6980 -0.0120
vn 0.1372 0.8483 -0.5115
vn 0.8532 0.1503 -0.4995
vn 0.1340 0.8623 0.4884
vn 0.8501 0.1643 0.5004
vn 0.7160 -0.6980 0.0121
vn -0.0031 0.0140 0.9999
vn 0.5085 -0.5035 -0.6985
vn -0.4055 -0.4244 0.8096
vn 0.6891 -0.7238 -0.0344
vn 0.6006 0.5440 0.5860
vn -0.6891 0.7238 0.0344
vn 0.4055 0.4244 -0.8096
vn -0.9787 -0.1412 0.1489
vn -0.2852 0.4869 0.8256
vn -0.5105 0.3489 -0.7859
vn 0.1830 0.9770 -0.1093
vn -0.1830 -0.9770 0.1093
vn 0.5105 -0.3489 0.7859
vn 0.2852 -0.4869 -0.8256
vn 0.9787 0.1412 -0.1489
vn -0.9120 0.1272 -0.3901
vn -0.7740 0.2117 0.5968
vn -0.0626 0.8965 0.4386
vn -0.2006 0.8120 -0.5482
vn -0.1380 -0.0845 -0.9868
vn 0.7114 0.6848 -0.1581
vn 0.7740 -0.2117 -0.5968
vn 0.0626 -0.8965 -0.4386
vn 0.9120 -0.1272 0.3901
vn 0.2006 -0.8120 0.5482
vn -0.7114 -0.6848 0.1581
vn 0.1380 0.0845 0.9868
vn -0.6006 -0.5440 -0.5860
vn 0.3586 -0.6378 0.6816
vn 0.8597 0.5102 0.0251
vn -0.3638 0.5770 0.7313
vn -0.8597 -0.5102 -0.0251
vn -0.3586 0.6378 -0.6816
vn -0.0792 -0.9959 -0.0431
vn -0.4993 -0.3297 0.8012
vn -0.4934 -0.2595 -0.8302
vn -0.9134 0.4068 0.0142
vn 0.9134 -0.4068 -0.0142
vn 0.4934 0.2595 0.8302
vn 0.4993 0.3297 -0.8013
vn 0.0792 0.9959 0.0431
vn -0.3506 -0.7688 -0.5348
vn -0.3543 -0.8118 0.4643
vn -0.8651 0.0472 0.4993
vn -0.8615 0.0902 -0.4997
vn 0.0036 0.0430 -0.9991
vn -0.5108 0.8590 0.0351
vn 0.3543 0.8118 -0.4643
vn 0.8651 -0.0472 -0.4993
vn 0.3506 0.7688 0.5348
vn 0.8615 -0.0902 0.4997
vn 0.5108 -0.8590 -0.0351
vn -0.0036 -0.0430 0.9991
vn 0.3638 -0.5770 -0.7313
vn -0.7251 0.2273 0.6501
vn 0.3056 0.9521 0.0080
vn -0.6171 0.2044 -0.7598
vn -0.3056 -0.9521 -0.0080
vn 0.7251 -0.2273 -0.6501
vn -0.2388 -0.5365 0.8094
vn -0.9514 -0.3004 -0.0680
vn 0.5985 -0.7990 0.0588
vn -0.1141 -0.5629 -0.8186
vn 0.1141 0.5629 0.8186
vn -0.5985 0.7990 -0.0588
vn 0.9514 0.3004 0.0680
vn 0.2388 0.5365 -0.8094
vn 0.2203 -0.8178 0.5316
vn -0.7288 -0.5125 0.4540
vn -0.6525 -0.5287 -0.5429
vn 0.2966 -0.8340 -0.4653
vn 0.9491 -0.3053 0.0776
vn 0.0763 -0.0162 -0.9970
vn 0.7288 0.5125 -0.4540
vn 0.6525 0.5287 0.5429
vn -0.2203 0.8178 -0.5317
vn -0.2966 0.8340 0.4653
vn -0.0763 0.0162 0.9970
vn -0.9491 0.3053 -0.0776
vn 0.6171 -0.2044 0.7598
vn 0.0144 0.1592 0.9871
vn 0.9537 -0.2989 0.0343
vn 0.3005 0.9409 -0.1561
vn -0.9537 0.2989 -0.0343
vn -0.0144 -0.1592 -0.9871
vn -0.7158 -0.2788 0.6403
vn -0.3688 0.8077 0.4600
vn -0.7324 -0.4626 -0.4996
vn -0.3854 0.6239 -0.6799
vn 0.3854 -0.6239 0.6799
vn 0.7324 0.4626 0.4996
vn 0.3688 -0.8077 -0.4600
vn 0.7158 0.2788 -0.6403
vn -0.8868 -0.4540 0.0861
vn -0.6642 0.3239 0.6738
vn -0.4619 0.8767 -0.1346
vn -0.6845 0.0988 -0.7223
vn -0.2226 -0.7779 -0.5876
vn 0.2023 0.5528 -0.8084
vn 0.6642 -0.3239 -0.6738
vn 0.4619 -0.8767 0.1346
vn 0.8868 0.4540 -0.0861
vn 0.6845 -0.0988 0.7223
vn -0.2023 -0.5528 0.8084
vn 0.2226 0.7779 0.5876
vn -0.3005 -0.9409 0.1561
vn 0.0543 0.6715 0.7390
vn 0.9899 -0.1330 0.0482
vn 0.1307 0.7289 -0.6720
vn -0.9899 0.1330 -0.0482
vn -0.0543 -0.6715 -0.7390
vn -0.6157 0.0437 0.7868
vn -0.4648 0.8854 0.0109
vn -0.6783 -0.7317 -0.0665
vn -0.5274 0.1100 -0.8425
vn 0.5274 -0.1100 0.8425
vn 0.6783 0.7317 0.0665
vn 0.4648 -0.8854 -0.0109
vn 0.6157 -0.0437 -0.7868
vn -0.7924 -0.4214 0.4411
vn -0.6616 0.5689 0.4885
vn -0.6076 0.6095 -0.5092
vn -0.7384 -0.3808 -0.5566
vn -0.1308 -0.9903 -0.0474
vn 0.0540 0.0406 -0.9977
vn 0.6616 -0.5689 -0.4885
vn 0.6076 -0.6095 0.5093
vn 0.7924 0.4214 -0.4411
vn 0.7384 0.3808 0.5566
vn -0.0540 -0.0406 0.9977
vn 0.1308 0.9903 0.0474
vn -0.1307 -0.7289 0.6720
vn -0.0107 -0.2234 0.9747
vn 0.8982 0.4262 0.1076
vn -0.4394 0.8766 0.1961
vn -0.8982 -0.4262 -0.1076
vn 0.0107 0.2234 -0.9747
vn -0.2711 -0.8812 0.3874
vn -0.7785 0.1311 0.6138
vn -0.2587 -0.6232 -0.7381
vn -0.7661 0.3891 -0.5116
vn 0.7661 -0.3890 0.5116
vn 0.2587 0.6232 0.7380
vn 0.7785 -0.1311 -0.6138
vn 0.2711 0.8812 -0.3874
vn -0.3244 -0.9212 -0.2147
vn -0.6427 -0.4593 0.6131
vn -0.9459 0.3185 0.0626
vn -0.6275 -0.1434 -0.7653
vn 0.3183 -0.4619 -0.8279
vn -0.3031 0.7778 -0.5505
vn 0.6427 0.4593 -0.6131
vn 0.9459 -0.3185 -0.0626
vn 0.3244 0.9212 0.2147
vn 0.6275 0.1434 0.7653
vn 0.3031 -0.7778 0.5505
vn -0.3183 0.4619 0.8279
vn 0.4394 -0.8766 -0.1961
vn -0.5584 -0.3755 0.7398
vn 0.5297 -0.8477 -0.0305
vn 0.6385 0.3748 0.6722
vn -0.5297 0.8477 0.0305
vn 0.5584 0.3755 -0.7398
vn -0.9968 0.0562 0.0566
vn -0.2595 0.4890 0.8328
vn -0.3521 0.4898 -0.7976
vn 0.3852 0.9226 -0.0215
vn -0.3852 -0.9226 0.0215
vn 0.3521 -0.4898 0.7976
vn 0.2595 -0.4890 -0.8328
vn 0.9968 -0.0562 -0.0566
vn -0.8260 0.3344 -0.4538
vn -0.7693 0.3339 0.5446
vn 0.0770 0.8644 0.4968
vn 0.0203 0.8649 -0.5016
vn -0.0567 0.0005 -0.9984
vn 0.8463 0.5305 -0.0478
vn 0.7693 -0.3339 -0.5446
vn -0.0770 -0.8644 -0.4968
vn 0.8260 -0.3343 0.4538
vn -0.0203 -0.8649 0.5016
vn -0.8463 -0.5305 0.0478
vn 0.0567 -0.0005 0.9984
vn -0.6385 -0.3748 -0.6722
vn 0.1371 -0.4619 0.8763
vn 0.9885 0.1206 -0.0911
vn -0.0636 0.8787 0.4731
vn -0.9885 -0.1206 0.0911
vn -0.1371 0.4619 -0.8763
vn -0.4548 -0.8436 0.2853
vn -0.5283 0.1710 0.8317
vn -0.6131 -0.3103 -0.7265
vn -0.6866 0.7043 -0.1802
vn 0.6866 -0.7044 0.1802
vn 0.6131 0.3103 0.7265
vn 0.5283 -0.1710 -0.8317
vn 0.4548 0.8436 -0.2853
vn -0.6540 -0.7066 -0.2702
vn -0.6020 -0.4119 0.6840
vn -0.7440 0.5360 0.3990
vn -0.7959 0.2413 -0.5552
vn -0.0520 -0.2947 -0.9542
vn -0.1419 0.9479 -0.2851
vn 0.6020 0.4119 -0.6840
vn 0.7440 -0.5360 -0.3990
vn 0.6540 0.7066 0.2702
vn 0.7959 -0.2413 0.5552
vn 0.1419 -0.9479 0.2851
vn 0.0520 0.2947 0.9542
vn 0.0636 -0.8787 -0.4731
vn -0.1452 -0.3031 0.9418
vn 0.9771 -0.1937 0.0883
vn 0.1557 0.9331 0.3242
vn -0.9771 0.1937 -0.0883
vn 0.1452 0.3031 -0.9418
vn -0.7378 -0.6018 0.3056
vn -0.5581 0.4756 0.6800
vn -0.5702 -0.2519 -0.7820
vn -0.3904 0.8255 -0.4076
vn 0.3904 -0.8255 0.4075
vn 0.5702 0.2519 0.7819
vn 0.5580 -0.4756 -0.6800
vn 0.7378 0.6018 -0.3056
vn -0.8010 -0.5228 -0.2917
vn -0.7936 -0.0773 0.6035
vn -0.5808 0.7968 0.1668
vn -0.5882 0.3513 -0.7284
vn -0.0074 -0.4455 -0.8952
vn 0.2128 0.8741 -0.4367
vn 0.7935 0.0773 -0.6036
vn 0.5808 -0.7968 -0.1668
vn 0.8010 0.5228 0.2917
vn 0.5882 -0.3513 0.7284
vn -0.2128 -0.8741 0.4367
vn 0.0074 0.4455 0.8953
vn -0.1557 -0.9331 -0.3242
vn -0.3332 0.1787 0.9258
vn 0.4977 0.8672 0.0117
vn -0.8008 0.4647 -0.3779
vn -0.4977 -0.8672 -0.0117
vn 0.3332 -0.1787 -0.9258
vn -0.0174 -0.6658 0.7459
vn -0.9421 -0.1292 0.3096
vn 0.3673 -0.8722 -0.3231
vn -0.5573 -0.3356 -0.7594
vn 0.5574 0.3356 0.7594
vn -0.3673 0.8722 0.3231
vn 0.9421 0.1292 -0.3096
vn 0.0174 0.6658 -0.7459
vn 0.2143 -0.9418 0.2589
vn -0.5875 -0.4869 0.6464
vn -0.9182 -0.2846 -0.2755
vn -0.1164 -0.7396 -0.6629
vn 0.8018 -0.4550 -0.3874
vn -0.3306 0.2022 -0.9218
vn 0.5875 0.4869 -0.6464
vn 0.9182 0.2847 0.2755
vn -0.2143 0.9418 -0.2589
vn 0.1164 0.7396 0.6629
vn 0.3306 -0.2022 0.9218
vn -0.8018 0.4550 0.3874
vn 0.8008 -0.4647 0.3779
vn 0.3936 -0.1249 0.9107
vn 0.2921 0.9564 0.0049
vn -0.8716 0.2641 0.4129
vn -0.2921 -0.9564 -0.0049
vn -0.3936 0.1249 -0.9107
vn 0.5619 -0.7768 0.2846
vn -0.4446 -0.4718 0.7614
vn 0.1073 -0.6325 -0.7671
vn -0.8991 -0.3276 -0.2903
vn 0.8991 0.3276 0.2903
vn -0.1073 0.6325 0.7671
vn 0.4446 0.4718 -0.7614
vn -0.5618 0.7768 -0.2845
vn 0.4098 -0.8630 -0.2955
vn 0.0718 -0.7646 0.6405
vn -0.8229 -0.4895 0.2885
vn -0.4849 -0.5879 -0.6475
vn 0.3380 -0.0984 -0.9360
vn -0.8947 0.2751 -0.3520
vn -0.0718 0.7646 -0.6405
vn 0.8229 0.4895 -0.2885
vn -0.4098 0.8630 0.2955
vn 0.4849 0.5879 0.6475
vn 0.8947 -0.2751 0.3520
vn -0.3380 0.0984 0.9360
vn 0.8716 -0.2641 -0.4129
vn -0.3697 0.6723 0.6414
vn 0.9175 0.3729 0.1381
vn -0.1464 0.6395 -0.7547
vn -0.9175 -0.3729 -0.1381
vn 0.3697 -0.6723 -0.6414
vn -0.6587 -0.1964 0.7263
vn -0.8277 0.5420 -0.1451
vn -0.2317 -0.9727 -0.0143
vn -0.4008 -0.2342 -0.8857
vn 0.4008 0.2342 0.8857
vn 0.2317 0.9727 0.0143
vn 0.8277 -0.5420 0.1451
vn 0.6587 0.1964 -0.7263
vn -0.5453 -0.7159 0.4361
vn -0.9102 0.2116 0.3559
vn -0.7523 0.1885 -0.6312
vn -0.3873 -0.7391 -0.5511
vn 0.3650 -0.9276 0.0801
vn 0.1579 -0.0232 -0.9872
vn 0.9103 -0.2116 -0.3559
vn 0.7523 -0.1885 0.6313
vn 0.5453 0.7159 -0.4360
vn 0.3874 0.7391 0.5511
vn -0.1579 0.0232 0.9872
vn -0.3650 0.9276 -0.0802
vn 0.1464 -0.6395 0.7547
vn -0.3285 0.3640 0.8716
vn 0.6945 0.7185 -0.0383
vn -0.6401 0.5927 -0.4888
vn -0.6945 -0.7185 0.0383
vn 0.3285 -0.3640 -0.8716
vn -0.2210 -0.5468 0.8075
vn -0.9602 0.1375 0.2431
vn 0.1583 -0.9672 -0.1989
vn -0.5809 -0.2828 -0.7633
vn 0.5809 0.2828 0.7633
vn -0.1583 0.9672 0.1989
vn 0.9602 -0.1375 -0.2431
vn 0.2210 0.5468 -0.8075
vn -0.0384 -0.9271 0.3727
vn -0.7233 -0.2506 0.6434
vn -0.9437 -0.0889 -0.3185
vn -0.2588 -0.7654 -0.5892
vn 0.6849 -0.6765 -0.2707
vn -0.2204 0.1617 -0.9619
vn 0.7234 0.2506 -0.6434
vn 0.9437 0.0889 0.3185
vn 0.0384 0.9271 -0.3727
vn 0.2588 0.7654 0.5892
vn 0.2204 -0.1617 0.9619
vn -0.6849 0.6765 0.2706
vn 0.6401 -0.5927 0.4888
vn 0.3717 -0.4137 0.8311
vn 0.6550 0.7512 0.0810
vn -0.6578 0.5143 0.5502
vn -0.6550 -0.7512 -0.0810
vn -0.3717 0.4137 -0.8311
vn 0.2162 -0.9695 0.1154
vn -0.5434 -0.3756 0.7507
vn -0.2130 -0.4918 -0.8442
vn -0.9726 0.1020 -0.2089
vn 0.9726 -0.1020 0.2089
vn 0.2130 0.4918 0.8442
vn 0.5434 0.3756 -0.7507
vn -0.2162 0.9695 -0.1154
vn 0.0020 -0.8949 -0.4463
vn -0.2004 -0.8237 0.5304
vn -0.9283 -0.1675 0.3318
vn -0.7260 -0.2387 -0.6449
vn 0.2023 -0.0712 -0.9767
vn -0.7280 0.6562 -0.1986
vn 0.2003 0.8237 -0.5304
vn 0.9283 0.1676 -0.3318
vn -0.0020 0.8949 0.4463
vn 0.7260 0.2387 0.6449
vn 0.7280 -0.6562 0.1986
vn -0.2023 0.0711 0.9767
vn 0.6578 -0.5143 -0.5502
vn 0.4837 0.1428 0.8635
vn 0.3705 -0.9272 -0.0542
vn 0.7930 0.3462 -0.5014
vn -0.3705 0.9272 0.0542
vn -0.4837 -0.1428 -0.8635
vn -0.3925 0.4179 0.8193
vn 0.5231 0.8176 0.2404
vn -0.9510 0.2530 -0.1778
vn -0.0353 0.6528 -0.7567
vn 0.0353 -0.6528 0.7567
vn 0.9510 -0.2531 0.1778
vn -0.5231 -0.8176 -0.2404
vn 0.3925 -0.4179 -0.8193
vn -0.8227 0.4108 0.3929
vn 0.0800 0.7566 0.6490
vn 0.2987 0.9005 -0.3162
vn -0.6040 0.5547 -0.5722
vn -0.9027 -0.3457 -0.2561
vn 0.2187 0.1439 -0.9651
vn -0.0800 -0.7566 -0.6490
vn -0.2987 -0.9005 0.3162
vn 0.8227 -0.4109 -0.3929
vn 0.6040 -0.5547 0.5723
vn -0.2187 -0.1439 0.9651
vn 0.9027 0.3457 0.2561
vn -0.7930 -0.3462 0.5014
vn -0.5643 -0.2405 0.7898
vn 0.3512 -0.9357 -0.0340
vn 0.7472 0.2582 0.6125
vn -0.3512 0.9357 0.0340
vn 0.5643 0.2405 -0.7898
vn -0.9599 0.2523 0.1220
vn -0.0972 0.5504 0.8292
vn -0.3083 0.5300 -0.7899
vn 0.5544 0.8281 -0.0827
vn -0.5544 -0.8281 0.0827
vn 0.3084 -0.5300 0.7899
vn 0.0972 -0.5504 -0.8292
vn 0.9599 -0.2523 -0.1220
vn -0.7767 0.4791 -0.4090
vn -0.6473 0.4916 0.5825
vn 0.2800 0.8442 0.4571
vn 0.1507 0.8317 -0.5344
vn -0.1293 -0.0125 -0.9915
vn 0.9273 0.3526 -0.1254
vn 0.6473 -0.4916 -0.5825
vn -0.2800 -0.8442 -0.4571
vn 0.7767 -0.4791 0.4090
vn -0.1507 -0.8317 0.5344
vn -0.9273 -0.3526 0.1254
vn 0.1293 0.0125 0.9915
vn -0.7472 -0.2582 -0.6125
vn -0.7135 0.1699 0.6798
vn 0.2633 0.9641 0.0355
vn -0.6493 0.2043 -0.7326
vn -0.2633 -0.9641 -0.0355
vn 0.7135 -0.1699 -0.6798
vn -0.1891 -0.5765 0.7949
vn -0.9388 -0.3406 -0.0510
vn 0.6348 -0.7726 0.0100
vn -0.1149 -0.5367 -0.8359
vn 0.1150 0.5367 0.8359
vn -0.6348 0.7726 -0.0100
vn 0.9388 0.3406 0.0510
vn 0.1891 0.5765 -0.7949
vn 0.2729 -0.8262 0.4929
vn -0.6907 -0.5616 0.4556
vn -0.6453 -0.5373 -0.5431
vn 0.3183 -0.8018 -0.5057
vn 0.9636 -0.2646 0.0374
vn 0.0454 0.0243 -0.9987
vn 0.6907 0.5616 -0.4556
vn 0.6453 0.5373 0.5431
vn -0.2730 0.8261 -0.4929
vn -0.3183 0.8018 0.5058
vn -0.0454 -0.0244 0.9987
vn -0.9636 0.2646 -0.0373
vn 0.6493 -0.2043 0.7326
vn 0.2139 -0.1094 0.9707
vn 0.4283 0.9036 0.0075
vn -0.8780 0.4142 0.2401
vn -0.4283 -0.9036 -0.0075
vn -0.2139 0.1094 -0.9707
vn 0.3831 -0.8240 0.4175
vn -0.6307 -0.3458 0.6947
vn 0.1361 -0.6976 -0.7034
vn -0.8777 -0.2194 -0.4261
vn 0.8776 0.2194 0.4262
vn -0.1361 0.6976 0.7034
vn 0.6307 0.3457 -0.6947
vn -0.3831 0.8240 -0.4175
vn 0.3179 -0.9318 -0.1751
vn -0.1516 -0.7163 0.6811
vn -0.9237 -0.3461 0.1645
vn -0.4541 -0.5616 -0.6917
vn 0.4696 -0.2155 -0.8562
vn -0.7720 0.3703 -0.5166
vn 0.1516 0.7163 -0.6811
vn 0.9237 0.3461 -0.1645
vn -0.3179 0.9318 0.1751
vn 0.4541 0.5615 0.6917
vn 0.7720 -0.3703 0.5166
vn -0.4696 0.2155 0.8562
vn 0.8780 -0.4142 -0.2401
vn -0.3002 0.2303 0.9257
vn 0.6925 0.7200 0.0455
vn -0.6560 0.6547 -0.3756
vn -0.6925 -0.7200 -0.0455
vn 0.3002 -0.2303 -0.9257
vn -0.1944 -0.6607 0.7250
vn -0.9519 0.0952 0.2913
vn 0.1522 -0.9266 -0.3439
vn -0.6052 -0.1707 -0.7776
vn 0.6052 0.1706 0.7775
vn -0.1523 0.9266 0.3438
vn 0.9519 -0.0953 -0.2913
vn 0.1944 0.6607 -0.7250
vn -0.0258 -0.9720 0.2334
vn -0.7019 -0.3463 0.6224
vn -0.9535 -0.0462 -0.2977
vn -0.2774 -0.6719 -0.6867
vn 0.6761 -0.6257 -0.3889
vn -0.2516 0.3001 -0.9201
vn 0.7019 0.3463 -0.6224
vn 0.9535 0.0462 0.2978
vn 0.0258 0.9720 -0.2334
vn 0.2774 0.6719 0.6867
vn 0.2516 -0.3001 0.9201
vn -0.6761 0.6257 0.3890
vn 0.6560 -0.6547 0.3756
vn 0.0498 -0.5235 0.8506
vn 0.9888 0.1457 0.0318
vn -0.1405 0.8395 0.5249
vn -0.9888 -0.1457 -0.0318
vn -0.0498 0.5235 -0.8506
vn -0.4610 -0.8710 0.1697
vn -0.6233 0.0983 0.7758
vn -0.5185 -0.2665 -0.8125
vn -0.6808 0.7028 -0.2064
vn 0.6808 -0.7028 0.2064
vn 0.5185 0.2665 0.8125
vn 0.6233 -0.0983 -0.7758
vn 0.4610 0.8710 -0.1697
vn -0.5998 -0.6966 -0.3936
vn -0.6640 -0.4732 0.5790
vn -0.7986 0.4906 0.3487
vn -0.7344 0.2672 -0.6239
vn 0.0642 -0.2234 -0.9726
vn -0.1346 0.9638 -0.2303
vn 0.6640 0.4732 -0.5790
vn 0.7986 -0.4906 -0.3487
vn 0.5998 0.6966 0.3936
vn 0.7344 -0.2672 0.6239
vn 0.1346 -0.9638 0.2303
vn -0.0642 0.2234 0.9726
vn 0.1405 -0.8395 -0.5249
vn 0.0205 0.0659 0.9976
vn 0.9313 -0.3643 0.0049
vn 0.3637 0.9290 -0.0689
vn -0.9313 0.3643 -0.0049
vn -0.0205 -0.0659 -0.9976
vn -0.7358 -0.2880 0.6129
vn -0.3159 0.7847 0.5334
vn -0.7595 -0.3641 -0.5391
vn -0.3395 0.7086 -0.6186
vn 0.3395 -0.7086 0.6186
vn 0.7595 0.3641 0.5391
vn 0.3159 -0.7847 -0.5334
vn 0.7358 0.2880 -0.6129
vn -0.9157 -0.3993 0.0452
vn -0.6440 0.3042 0.7019
vn -0.4013 0.9144 -0.0522
vn -0.6730 0.2109 -0.7089
vn -0.2717 -0.7035 -0.6567
vn 0.2427 0.6103 -0.7541
vn 0.6440 -0.3042 -0.7019
vn 0.4013 -0.9144 0.0522
vn 0.9157 0.3993 -0.0452
vn 0.6730 -0.2109 0.7089
vn -0.2427 -0.6103 0.7541
vn 0.2717 0.7035 0.6567
vn -0.3637 -0.9290 0.0689
vn -0.1539 -0.4558 0.8767
vn 0.9393 -0.3430 -0.0135
vn 0.3068 0.8213 0.4809
vn -0.9393 0.3430 0.0135
vn 0.1539 0.4558 -0.8767
vn -0.8082 -0.5394 0.2363
vn -0.4540 0.4090 0.7916
vn -0.6306 -0.0131 -0.7760
vn -0.2763 0.9354 -0.2207
vn 0.2763 -0.9354 0.2207
vn 0.6306 0.0130 0.7760
vn 0.4540 -0.4091 -0.7916
vn 0.8083 0.5393 -0.2363
vn -0.8811 -0.3383 -0.3305
vn -0.7729 -0.0798 0.6294
vn -0.4472 0.8233 0.3496
vn -0.5554 0.5648 -0.6104
vn -0.1081 -0.2585 -0.9599
vn 0.3257 0.9031 -0.2799
vn 0.7730 0.0798 -0.6294
vn 0.4472 -0.8233 -0.3496
vn 0.8811 0.3382 0.3305
vn 0.5554 -0.5648 0.6104
vn -0.3257 -0.9031 0.2799
vn 0.1082 0.2585 0.9599
vn -0.3068 -0.8213 -0.4809
vn 0.3982 -0.3922 0.8292
vn 0.8172 0.5623 -0.1265
vn -0.4166 0.7280 0.5444
vn -0.8172 -0.5623 0.1265
vn -0.3982 0.3922 -0.8292
vn -0.0014 -0.9714 0.2375
vn -0.4825 -0.1308 0.8661
vn -0.4611 -0.5185 -0.7200
vn -0.9423 0.3221 -0.0914
vn 0.9423 -0.3221 0.0914
vn 0.4612 0.5185 0.7200
vn 0.4825 0.1307 -0.8661
vn 0.0014 0.9714 -0.2375
vn -0.2832 -0.9124 -0.2955
vn -0.2963 -0.6749 0.6758
vn -0.8725 0.1172 0.4744
vn -0.8594 -0.1203 -0.4969
vn 0.0130 -0.2375 -0.9713
vn -0.5762 0.7921 -0.2014
vn 0.2963 0.6749 -0.6758
vn 0.8725 -0.1172 -0.4744
vn 0.2832 0.9124 0.2955
vn 0.8594 0.1203 0.4969
vn 0.5762 -0.7921 0.2014
vn -0.0130 0.2375 0.9713
vn 0.4166 -0.7280 -0.5444
vn -0.2480 0.0915 0.9644
vn 0.4693 0.8823 0.0369
vn -0.8475 0.4618 -0.2617
vn -0.4693 -0.8823 -0.0369
vn 0.2480 -0.0915 -0.9644
vn 0.0752 -0.7231 0.6866
vn -0.9034 -0.1899 0.3844
vn 0.3615 -0.8288 -0.4270
vn -0.6171 -0.2956 -0.7292
vn 0.6171 0.2956 0.7292
vn -0.3615 0.8288 0.4270
vn 0.9034 0.1899 -0.3844
vn -0.0752 0.7231 -0.6866
vn 0.2674 -0.9504 0.1590
vn -0.5072 -0.5591 0.6559
vn -0.9311 -0.2973 -0.2112
vn -0.1565 -0.6886 -0.7081
vn 0.7746 -0.3913 -0.4969
vn -0.4239 0.2618 -0.8670
vn 0.5072 0.5591 -0.6559
vn 0.9311 0.2973 0.2112
vn -0.2674 0.9504 -0.1590
vn 0.1565 0.6886 0.7081
vn 0.4239 -0.2618 0.8670
vn -0.7746 0.3913 0.4969
vn 0.8475 -0.4618 0.2617
vn -0.1420 0.3251 0.9349
vn 0.9069 0.4212 -0.0087
vn -0.3966 0.8467 -0.3547
vn -0.9069 -0.4212 0.0087
vn 0.1420 -0.3251 -0.9349
vn -0.3766 -0.5443 0.7496
vn -0.8346 0.4334 0.3400
vn -0.2126 -0.9197 -0.3300
vn -0.6706 0.0579 -0.7396
vn 0.6706 -0.0580 0.7395
vn 0.2126 0.9197 0.3300
vn 0.8346 -0.4334 -0.3400
vn 0.3766 0.5443 -0.7496
vn -0.3608 -0.8965 0.2569
vn -0.7417 -0.0679 0.6673
vn -0.9217 0.3009 -0.2447
vn -0.5409 -0.5277 -0.6550
vn 0.3809 -0.8286 -0.4103
vn -0.1800 0.3688 -0.9119
vn 0.7417 0.0679 -0.6673
vn 0.9217 -0.3009 0.2447
vn 0.3608 0.8965 -0.2569
vn 0.5409 0.5277 0.6550
vn 0.1800 -0.3688 0.9119
vn -0.3809 0.8286 0.4103
vn 0.3966 -0.8467 0.3547
vn -0.0372 -0.1309 0.9907
vn 0.9410 -0.3384 -0.0094
vn 0.3365 0.9319 0.1357
vn -0.9409 0.3384 0.0094
vn 0.0372 0.1309 -0.9907
vn -0.7590 -0.4182 0.4990
vn -0.3705 0.6578 0.6558
vn -0.7160 -0.2671 -0.6450
vn -0.3275 0.8090 -0.4882
vn 0.3275 -0.8090 0.4882
vn 0.7160 0.2670 0.6450
vn 0.3705 -0.6578 -0.6558
vn 0.7590 0.4182 -0.4990
vn -0.9033 -0.4196 -0.0893
vn -0.6917 0.1468 0.7072
vn -0.4274 0.8982 0.1026
vn -0.6390 0.3318 -0.6939
vn -0.2116 -0.5664 -0.7965
vn 0.2642 0.7515 -0.6046
vn 0.6917 -0.1468 -0.7072
vn 0.4274 -0.8982 -0.1026
vn 0.9033 0.4196 0.0894
vn 0.6391 -0.3318 0.6939
vn -0.2642 -0.7515 0.6046
vn 0.2116 0.5664 0.7965
vn -0.3365 -0.9319 -0.1357
vn -0.0239 0.2249 0.9741
vn 0.9339 -0.3427 0.1020
vn 0.3567 0.9121 -0.2019
vn -0.9339 0.3427 -0.1020
vn 0.0239 -0.2249 -0.9741
vn -0.7589 -0.1989 0.6200
vn -0.3470 0.8543 0.3869
vn -0.7314 -0.4586 -0.5047
vn -0.3194 0.5946 -0.7378
vn 0.3194 -0.5946 0.7379
vn 0.7314 0.4586 0.5047
vn 0.3470 -0.8543 -0.3869
vn 0.7589 0.1989 -0.6200
vn -0.9126 -0.4027 0.0706
vn -0.6773 0.4014 0.6166
vn -0.4081 0.8873 -0.2149
vn -0.6435 0.0833 -0.7609
vn -0.2354 -0.8040 -0.5460
vn 0.2691 0.4859 -0.8315
vn 0.6773 -0.4014 -0.6166
vn 0.4081 -0.8873 0.2149
vn 0.9126 0.4027 -0.0706
vn 0.6435 -0.0833 0.7609
vn -0.2691 -0.4859 0.8315
vn 0.2354 0.8040 0.5460
vn -0.3567 -0.9121 0.2019
vn -0.0191 0.0502 0.9986
vn 0.9735 0.2285 0.0072
vn -0.2278 0.9723 -0.0532
vn -0.9735 -0.2285 -0.0072
vn 0.0192 -0.0502 -0.9986
vn -0.4416 -0.6643 0.6031
vn -0.7046 0.4584 0.5416
vn -0.4195 -0.7222 -0.5500
vn -0.6825 0.4005 -0.6114
vn 0.6825 -0.4004 0.6114
vn 0.4195 0.7222 0.5499
vn 0.7046 -0.4584 -0.5417
vn 0.4416 0.6643 -0.6031
vn -0.5273 -0.8490 0.0325
vn -0.7019 -0.1261 0.7010
vn -0.8495 0.5259 -0.0427
vn -0.6748 -0.1970 -0.7112
vn 0.1746 -0.7230 -0.6685
vn -0.1475 0.6520 -0.7437
vn 0.7019 0.1261 -0.7010
vn 0.8495 -0.5259 0.0427
vn 0.5273 0.8490 -0.0325
vn 0.6748 0.1970 0.7112
vn 0.1475 -0.6520 0.7437
vn -0.1746 0.7230 0.6685
vn 0.2278 -0.9723 0.0532
vn -0.9991 0.0306 -0.0301
vn -0.5454 0.2827 -0.7890
vn 0.5454 -0.2827 0.7891
vn -0.7161 0.3320 0.6139
vn -0.6968 -0.2888 -0.6566
vn 0.7161 -0.3321 -0.6139
vn 0.6776 -0.6566 0.3312
vn 0.6968 0.2888 0.6566
vn -0.0385 -0.3245 0.9451
vn -0.6091 -0.7152 -0.3426
vn 0.3377 -0.6699 -0.6613
vn 0.7481 -0.2353 0.6204
vn -0.1987 -0.2807 0.9390
vn -0.9296 0.1508 0.3363
vn -0.5630 0.3781 -0.7349
vn -0.3893 -0.8692 0.3047
vn 0.5631 -0.3781 0.7348
vn 0.2524 0.9254 0.2827
vn -0.3587 -0.1616 -0.9193
vn -0.2524 -0.9254 -0.2827
vn -0.8077 -0.4399 0.3925
vn -0.1913 -0.7851 0.5890
vn 0.8212 -0.1814 -0.5411
vn -0.3577 0.5752 -0.7357
vn 0.9777 -0.2054 0.0437
vn -0.3027 0.0669 -0.9508
vn -0.4853 -0.4849 0.7276
vn 0.4853 0.4848 -0.7276
vn 0.4427 -0.0968 -0.8914
vn -0.4427 0.0968 0.8914
vn -0.5345 -0.1404 -0.8334
vn -0.3191 0.4815 0.8163
vn -0.0219 0.6212 -0.7834
vn -0.5953 -0.7833 -0.1790
vn 0.3191 -0.4815 -0.8163
vn 0.1820 0.0855 -0.9796
vn -0.1691 -0.7746 -0.6095
vn 0.7688 -0.4905 -0.4104
vn -0.1820 -0.0855 0.9796
vn -0.8163 -0.2267 0.5313
vn -0.1613 0.8409 -0.5165
vn 0.1614 -0.8409 0.5165
vn -0.5730 0.4340 -0.6952
vn 0.4011 0.6538 -0.6417
vn -0.4011 -0.6538 0.6416
vn -0.5308 -0.8428 -0.0886
vn -0.6756 0.2636 0.6885
vn 0.4228 0.6186 0.6622
vn -0.4619 -0.8792 -0.1167
vn -0.8834 0.4444 0.1490
vn -0.2667 0.7833 -0.5615
vn -0.2728 0.8423 -0.4648
vn 0.1610 -0.8333 -0.5288
vn 0.9133 -0.0772 0.3998
vn -0.3652 -0.5901 -0.7201
vn -0.2306 -0.9416 -0.2454
vn 0.7937 0.1857 0.5792
vn -0.5888 0.4790 -0.6510
vn -0.5221 -0.7231 0.4522
vn 0.5888 -0.4790 0.6511
vn -0.2696 0.6429 0.7169
vn -0.0408 0.7361 -0.6756
vn 0.2696 -0.6429 -0.7169
vn -0.6842 0.1493 -0.7139
vn 0.2886 0.2396 -0.9270
vn 0.6842 -0.1493 0.7139
vn -0.2886 -0.2396 0.9270
vn 0.5216 0.7725 0.3622
vn -0.4817 -0.4371 0.7595
vn 0.4817 0.4371 -0.7595
vn 0.4915 0.5827 0.6472
vn -0.7210 0.2998 0.6247
vn -0.7219 0.4575 -0.5192
vn 0.7219 -0.4575 0.5192
vn 0.7211 -0.2998 -0.6247
vn -0.6764 -0.1093 -0.7284
vn 0.2072 -0.5730 -0.7929
vn 0.6781 -0.7288 -0.0946
vn -0.6781 0.7288 0.0946
vn -0.3613 0.5534 -0.7504
vn 0.3613 -0.5534 0.7505
vn 0.9908 0.1223 0.0573
vn -0.0940 0.9292 -0.3576
vn -0.8280 0.2640 -0.4947
vn 0.0370 0.1625 -0.9860
vn 0.8280 -0.2641 0.4946
vn 0.1723 -0.9029 -0.3939
vn -0.6743 -0.1862 -0.7146
vn 0.6743 0.1862 0.7146
vn -0.6066 -0.4123 0.6798
vn -0.6215 -0.2507 0.7423
vn -0.9828 0.1837 0.0170
vn -0.4994 -0.8637 0.0679
vn 0.2652 -0.4732 0.8401
vn 0.9828 -0.1837 -0.0171
vn -0.3604 0.8996 0.2466
vn -0.7545 -0.5996 -0.2669
vn -0.4775 0.3944 -0.7851
vn 0.4775 -0.3944 0.7851
vn 0.7545 0.5996 0.2669
vn 0.7544 0.1257 0.6443
vn 0.1800 0.8903 0.4183
vn -0.0247 -0.7033 0.7104
vn -0.5239 0.4467 -0.7252
vn 0.9829 -0.1466 -0.1109
vn 0.6493 0.5291 0.5464
vn -0.4019 -0.1571 -0.9021
vn -0.9169 0.2834 -0.2809
vn 0.0678 0.6236 -0.7788
vn 0.9169 -0.2835 0.2809
vn -0.5200 0.5554 -0.6489
vn 0.3189 0.0972 -0.9428
vn -0.3189 -0.0971 0.9428
vn -0.4264 -0.5646 0.7067
vn -0.6977 0.5341 0.4775
vn -0.4247 -0.8001 -0.4237
vn 0.4247 0.8001 0.4236
vn -0.6884 -0.0186 0.7251
vn -0.1651 0.5285 -0.8327
vn 0.8535 -0.5100 0.1075
vn -0.1672 0.8171 0.5518
vn -0.1402 -0.6392 0.7561
vn -0.5778 0.1682 0.7987
vn 0.5778 -0.1683 -0.7987
vn 0.0129 -0.0760 -0.9970
vn 0.7939 0.3219 -0.5158
vn 0.7811 0.3979 0.4812
vn -0.5649 -0.3038 -0.7672
vn -0.0566 0.7905 -0.6099
vn 0.0565 -0.7905 0.6098
vn 0.9852 -0.0547 -0.1622
vn -0.4818 -0.2564 0.8379
vn -0.6303 -0.0478 -0.7749
vn -0.5999 -0.6005 -0.5286
vn -0.8531 0.3556 -0.3817
vn 0.7622 -0.2280 -0.6059
vn 0.8531 -0.3557 0.3818
vn -0.9944 -0.0796 0.0690
vn 0.3519 0.4852 0.8004
vn 0.9944 0.0796 -0.0691
vn -0.8245 -0.3459 -0.4479
vn 0.0327 -0.8564 -0.5154
vn 0.7541 0.3595 -0.5495
vn -0.9414 0.3369 -0.0175
vn -0.4585 -0.3344 -0.8234
vn 0.9414 -0.3369 0.0175
vn 0.8746 -0.0049 -0.4849
vn 0.9152 -0.3439 0.2103
vn 0.5412 -0.3116 0.7811
vn -0.2976 0.8009 -0.5197
vn 0.2976 -0.8009 0.5197
vn -0.3873 0.3197 -0.8647
vn -0.6713 -0.1941 -0.7153
vn 0.6869 -0.5256 -0.5020
vn -0.2759 -0.4169 0.8660
vn -0.9953 0.0409 0.0875
vn 0.9953 -0.0410 -0.0875
vn 0.2760 0.4170 -0.8660
vn -0.0763 -0.8887 -0.4522
vn 0.7916 -0.6096 -0.0412
vn 0.8679 0.2790 0.4109
vn 0.0763 0.8887 0.4521
vn 0.3367 0.4763 0.8122
vn 0.4078 0.4062 -0.8177
vn -0.8593 -0.1973 0.4719
vn -0.8157 -0.2402 -0.5262
vn 0.8593 0.1973 -0.4719
vn 0.8157 0.2403 0.5262
vn 0.0526 0.8836 0.4652
vn -0.9036 0.0975 -0.4171
vn 0.9036 -0.0974 0.4171
vn -0.6863 -0.4456 -0.5748
vn -0.9803 0.1836 0.0734
vn -0.9259 -0.3721 -0.0658
vn -0.6578 0.7510 -0.0567
vn 0.9259 0.3721 0.0658
vn 0.1951 0.5535 -0.8097
vn -0.5078 -0.7300 -0.4575
vn 0.5967 -0.4591 -0.6582
vn -0.0544 0.7282 0.6832
vn 0.0544 -0.7281 -0.6833
vn 0.7925 0.2079 0.5733
vn -0.0562 0.7185 0.6932
vn -0.4635 -0.8848 0.0468
vn 0.4635 0.8848 -0.0468
vn 0.6602 0.6007 0.4509
vn 0.0561 -0.7185 -0.6932
vn -0.4326 -0.3564 -0.8281
vn 0.7301 -0.6774 -0.0900
vn -0.7301 0.6774 0.0900
vn -0.9298 0.1115 0.3509
vn -0.5995 0.3109 -0.7375
vn 0.3308 0.8757 -0.3518
vn -0.3308 -0.8757 0.3517
vn 0.5996 -0.3109 0.7375
vn 0.9297 -0.1116 -0.3509
vn -0.9365 0.2587 -0.2368
vn 0.7720 0.4679 -0.4303
vn 0.1646 -0.7266 0.6670
vn -0.8661 0.0946 -0.4908
vn 0.8661 -0.0946 0.4909
vn 0.7594 0.0768 -0.6461
vn -0.1629 0.5832 0.7958
vn 0.1629 -0.5832 -0.7958
vn 0.9442 -0.3066 -0.1206
vn 0.2485 0.7816 -0.5721
vn -0.3329 0.6236 0.7073
vn 0.2990 0.9542 0.0064
vn -0.2991 -0.9542 -0.0064
vn -0.8862 -0.4632 -0.0088
vn 0.4004 0.4248 0.8119
vn -0.1372 -0.8482 0.5115
vn -0.8501 -0.1643 -0.5004
vn 0.0032 -0.0140 -0.9999
vn 0.8500 0.1643 0.5005
vn 0.7160 -0.6980 0.0120
vn -0.0032 0.0140 0.9999
vn 0.6891 -0.7238 -0.0343
vn -0.9787 -0.1413 0.1490
vn -0.9120 0.1272 -0.3900
vn 0.9120 -0.1272 0.3900
vn 0.2006 -0.8119 0.5482
vn -0.7114 -0.6848 0.1582
vn -0.4993 -0.3297 0.8013
vn -0.9134 0.4067 0.0142
vn -0.3543 -0.8118 0.4642
vn 0.3543 0.8118 -0.4642
vn 0.8651 -0.0472 -0.4994
vn 0.2203 -0.8178 0.5317
vn -0.7288 -0.5126 0.4540
vn 0.3854 -0.6239 0.6798
vn -0.9899 0.1331 -0.0482
vn 0.4647 -0.8854 -0.0109
vn 0.6156 -0.0437 -0.7868
vn -0.6076 0.6095 -0.5093
vn -0.7384 -0.3807 -0.5566
vn 0.6076 -0.6095 0.5092
vn 0.7661 -0.3891 0.5116
vn 0.2587 0.6232 0.7381
vn -0.9458 0.3185 0.0626
vn 0.9458 -0.3185 -0.0626
vn 0.8260 -0.3344 0.4538
vn 0.0567 -0.0004 0.9984
vn -0.4548 -0.8436 0.2854
vn -0.6131 -0.3102 -0.7265
vn -0.6866 0.7044 -0.1801
vn 0.6866 -0.7044 0.1801
vn 0.5283 -0.1710 -0.8316
vn -0.6540 -0.7066 -0.2701
vn -0.1419 0.9479 -0.2850
vn 0.1452 0.3030 -0.9418
vn -0.5702 -0.2519 -0.7819
vn -0.0074 -0.4455 -0.8953
vn 0.7936 0.0773 -0.6035
vn -0.9421 -0.1292 0.3095
vn -0.5875 -0.4868 0.6464
vn -0.9182 -0.2847 -0.2755
vn -0.3307 0.2022 -0.9218
vn 0.5875 0.4869 -0.6463
vn 0.3307 -0.2022 0.9218
vn -0.8018 0.4550 0.3875
vn 0.5619 -0.7768 0.2845
vn 0.8991 0.3276 0.2902
vn -0.5619 0.7768 -0.2846
vn 0.9175 0.3729 0.1380
vn -0.9175 -0.3729 -0.1380
vn -0.8277 0.5421 -0.1452
vn 0.8277 -0.5420 0.1452
vn -0.5453 -0.7159 0.4360
vn -0.7523 0.1885 -0.6313
vn 0.3650 -0.9276 0.0802
vn 0.9102 -0.2116 -0.3559
vn 0.5453 0.7159 -0.4361
vn 0.3873 0.7391 0.5511
vn -0.2210 -0.5469 0.8075
vn 0.5809 0.2827 0.7633
vn -0.7233 -0.2507 0.6434
vn 0.6849 -0.6765 -0.2706
vn 0.9437 0.0889 0.3186
vn -0.2130 -0.4918 -0.8443
vn 0.9726 -0.1021 0.2089
vn 0.2023 -0.0711 -0.9767
vn 0.2004 0.8237 -0.5304
vn 0.9283 0.1675 -0.3318
vn 0.9510 -0.2531 0.1779
vn -0.5231 -0.8176 -0.2405
vn -0.6040 0.5547 -0.5723
vn -0.2987 -0.9004 0.3162
vn -0.3084 0.5300 -0.7899
vn 0.6474 -0.4915 -0.5825
vn -0.1150 -0.5367 -0.8359
vn 0.0454 0.0244 -0.9987
vn 0.6453 0.5372 0.5431
vn -0.9636 0.2646 -0.0374
vn -0.6307 -0.3457 0.6948
vn -0.8776 -0.2194 -0.4262
vn 0.8777 0.2194 0.4261
vn 0.6307 0.3458 -0.6948
vn -0.4541 -0.5615 -0.6917
vn 0.4541 0.5616 0.6917
vn 0.7720 -0.3702 0.5166
vn 0.1522 -0.9266 -0.3438
vn -0.6052 -0.1707 -0.7775
vn 0.6052 0.1706 0.7776
vn -0.1522 0.9266 0.3438
vn 0.9519 -0.0953 -0.2914
vn 0.6761 -0.6257 -0.3890
vn 0.7020 0.3463 -0.6224
vn -0.6808 0.7028 -0.2063
vn 0.6730 -0.2110 0.7089
vn -0.8083 -0.5394 0.2363
vn -0.6306 -0.0130 -0.7760
vn 0.4540 -0.4090 -0.7916
vn 0.8082 0.5394 -0.2363
vn 0.8811 0.3383 0.3305
vn 0.1081 0.2585 0.9599
vn -0.4825 -0.1307 0.8661
vn -0.4612 -0.5185 -0.7200
vn 0.4612 0.5186 0.7200
vn 0.4824 0.1307 -0.8661
vn 0.5072 0.5591 -0.6558
vn 0.4240 -0.2618 0.8670
vn -0.6706 0.0579 -0.7395
vn 0.6706 -0.0580 0.7396
vn 0.5408 0.5277 0.6550
vn -0.7161 -0.2671 -0.6449
vn 0.3275 -0.8089 0.4882
vn 0.7161 0.2671 0.6449
vn -0.9033 -0.4196 -0.0894
vn -0.6391 0.3318 -0.6939
vn 0.2642 0.7514 -0.6046
vn 0.6917 -0.1468 -0.7071
vn 0.6390 -0.3318 0.6939
vn -0.2642 -0.7515 0.6045
vn 0.3194 -0.5946 0.7378
vn -0.6772 0.4014 0.6167
vn 0.6772 -0.4014 -0.6166
vn 0.9126 0.4026 -0.0706
vn -0.3568 -0.9121 0.2019
vn -0.0192 0.0502 0.9986
vn 0.6825 -0.4005 0.6114
vn 0.4195 0.7222 0.5500
vn 0.7046 -0.4584 -0.5416
vn 0.1746 -0.7230 -0.6684
vn 0.6749 0.1970 0.7112
vn -0.1746 0.7230 0.6684
vn 0.9991 -0.0306 0.0302
vn -0.6082 -0.2473 0.7543
vn 0.5925 0.7542 0.2831
vn 0.7678 -0.6401 -0.0289
vn -0.7678 0.6401 0.0288
vn 0.2810 -0.5987 0.7501
vn -0.9468 -0.0454 0.3186
vn -0.3377 0.6699 0.6613
vn 0.1987 0.2806 -0.9390
vn -0.3175 -0.1969 0.9276
vn 0.3893 0.8692 -0.3047
vn -0.8212 0.1814 0.5410
vn 0.1913 0.7851 -0.5890
vn 0.3577 -0.5752 0.7357
vn -0.8348 -0.4076 -0.3702
vn 0.8348 0.4076 0.3702
vn 0.0623 -0.7379 0.6720
vn -0.0623 0.7379 -0.6720
vn -0.4426 0.0968 0.8915
vn 0.5953 0.7833 0.1791
vn 0.1691 0.7745 0.6095
vn 0.8467 -0.5319 -0.0128
vn 0.5308 0.8428 0.0886
vn 0.1613 -0.8409 0.5166
vn -0.0791 0.1718 -0.9819
vn 0.4228 0.6187 0.6622
vn -0.8834 0.4443 0.1490
vn 0.4619 0.8792 0.1167
vn -0.1548 0.5402 0.8272
vn 0.5320 0.5346 0.6567
vn -0.3474 0.3644 0.8640
vn 0.5299 -0.3791 0.7587
vn -0.1610 0.8333 0.5289
vn -0.9134 0.0772 -0.3998
vn -0.6406 -0.7651 0.0650
vn 0.2728 -0.8423 0.4648
vn 0.8017 -0.0682 -0.5939
vn -0.3652 -0.5900 -0.7201
vn 0.3652 0.5901 0.7201
vn 0.5772 0.0707 -0.8136
vn -0.7937 -0.1857 -0.5793
vn 0.3604 0.6236 -0.6938
vn 0.2305 0.9416 0.2454
vn -0.3354 -0.6470 -0.6848
vn 0.5234 -0.7916 0.3152
vn 0.4818 0.4372 -0.7595
vn -0.5234 0.7916 -0.3152
vn 0.8741 -0.3020 0.3806
vn -0.7211 0.2998 0.6247
vn 0.7210 -0.2997 -0.6247
vn -0.2072 0.5730 0.7930
vn -0.9908 -0.1222 -0.0574
vn 0.4217 -0.2881 -0.8597
vn -0.8650 0.1016 0.4913
vn 0.8280 -0.2640 0.4946
vn -0.0370 -0.1625 0.9860
vn -0.0720 -0.6950 0.7154
vn -0.9185 0.0218 0.3947
vn -0.3075 -0.6669 -0.6788
vn 0.6065 0.4122 -0.6798
vn 0.9754 0.1006 0.1959
vn 0.3075 0.6669 0.6787
vn -0.6214 -0.2507 0.7423
vn 0.6214 0.2507 -0.7423
vn -0.2181 0.5742 0.7892
vn 0.2181 -0.5742 -0.7892
vn 0.0288 0.0618 0.9977
vn 0.7544 0.5996 0.2670
vn 0.6111 -0.4931 -0.6193
vn -0.0979 -0.2994 0.9491
vn 0.1800 0.8902 0.4184
vn -0.8803 0.0262 -0.4738
vn 0.9830 -0.1466 -0.1109
vn -0.4590 -0.3001 0.8362
vn -0.0678 -0.6236 0.7788
vn -0.8872 -0.3194 -0.3329
vn -0.9720 -0.2303 0.0465
vn -0.6977 0.5341 0.4774
vn 0.6977 -0.5341 -0.4774
vn 0.4264 0.5645 -0.7067
vn -0.8535 0.5099 -0.1075
vn 0.6883 0.0186 -0.7251
vn -0.1403 -0.6393 0.7561
vn -0.7939 -0.3219 0.5158
vn -0.9617 -0.0007 0.2740
vn 0.6633 -0.7441 -0.0793
vn 0.0566 -0.7905 0.6099
vn -0.6325 -0.5009 -0.5907
vn 0.7628 -0.6286 -0.1516
vn 0.6303 0.0479 0.7749
vn -0.5999 -0.6005 -0.5287
vn -0.8531 0.3557 -0.3818
vn 0.5089 0.7282 -0.4590
vn 0.5999 0.6006 0.5287
vn -0.3519 -0.4852 -0.8004
vn 0.7541 0.3596 -0.5496
vn -0.0327 0.8563 0.5154
vn -0.8746 0.0049 0.4849
vn -0.8148 -0.5660 -0.1255
vn -0.3083 -0.3833 -0.8706
vn -0.9151 0.3439 -0.2103
vn 0.3082 0.3833 0.8707
vn 0.1126 0.0611 0.9918
vn 0.7216 0.0490 -0.6906
vn -0.8760 -0.4200 0.2371
vn -0.4822 0.7514 -0.4505
vn 0.8760 0.4200 -0.2372
vn 0.6713 0.1941 0.7153
vn -0.2760 -0.4169 0.8660
vn -0.9953 0.0410 0.0875
vn 0.0131 -0.8399 0.5427
vn -0.8679 -0.2790 -0.4109
vn -0.7916 0.6096 0.0413
vn -0.9954 0.0840 -0.0471
vn -0.0526 -0.8836 -0.4652
vn 0.2867 -0.5858 -0.7580
vn -0.4980 -0.8655 0.0540
vn 0.9803 -0.1836 -0.0734
vn -0.1951 -0.5536 0.8096
vn 0.6578 -0.7510 0.0567
vn 0.5077 0.7300 0.4575
vn -0.7864 0.3904 -0.4788
vn -0.7925 -0.2079 -0.5734
vn -0.5284 -0.0552 0.8472
vn -0.4327 -0.3564 -0.8281
vn -0.0930 -0.8960 0.4341
vn -0.9298 0.1116 0.3509
vn 0.9298 -0.1115 -0.3509
vn 0.7720 0.4679 -0.4302
vn 0.5690 -0.4824 -0.6660
vn 0.1645 -0.7266 0.6670
vn -0.8057 -0.4891 -0.3340
vn -0.7594 -0.0769 0.6461
vn 0.7594 0.0769 -0.6461
vn -0.9954 0.0109 0.0950
vn -0.1630 0.5832 0.7958
vn 0.8862 0.4632 0.0087
vn 0.6320 0.3306 -0.7009
vn -0.6320 -0.3306 0.7009
vn -0.6981 -0.7160 0.0079
vn -0.4004 -0.4248 -0.8119
vn -0.7160 0.6980 -0.0121
vn 0.8500 0.1643 0.5004
vn -0.7740 0.2117 0.5967
vn 0.4993 0.3297 -0.8012
vn -0.8651 0.0472 0.4994
vn -0.2387 -0.5365 0.8094
vn -0.9514 -0.3005 -0.0680
vn 0.9514 0.3005 0.0680
vn -0.7158 -0.2788 0.6402
vn 0.7158 0.2788 -0.6402
vn -0.6642 0.3239 0.6737
vn 0.6642 -0.3239 -0.6737
vn 0.9899 -0.1331 0.0482
vn -0.6783 -0.7318 -0.0665
vn 0.6783 0.7318 0.0665
vn -0.7661 0.3890 -0.5116
vn -0.6276 -0.1434 -0.7652
vn -0.3183 0.4619 0.8278
vn 0.3852 0.9226 -0.0214
vn -0.0567 0.0004 -0.9984
vn 0.6132 0.3103 0.7265
vn -0.1452 -0.3030 0.9418
vn -0.3904 0.8255 -0.4075
vn 0.3904 -0.8255 0.4076
vn 0.5702 0.2519 0.7820
vn 0.5581 -0.4756 -0.6800
vn 0.7378 0.6018 -0.3057
vn -0.7936 -0.0773 0.6036
vn 0.7936 0.0773 -0.6036
vn -0.9420 -0.1293 0.3096
vn 0.5573 0.3356 0.7594
vn -0.5875 -0.4869 0.6463
vn 0.5618 -0.7768 0.2846
vn -0.9175 -0.3730 -0.1380
vn -0.8277 0.5420 -0.1452
vn -0.9102 0.2117 0.3559
vn 0.7234 0.2507 -0.6434
vn -0.6849 0.6765 0.2707
vn -0.5434 -0.3756 0.7508
vn -0.9726 0.1021 -0.2089
vn 0.5434 0.3757 -0.7507
vn -0.2003 -0.8237 0.5304
vn 0.4837 0.1427 0.8635
vn -0.9510 0.2531 -0.1778
vn 0.9510 -0.2530 0.1778
vn -0.8227 0.4109 0.3929
vn 0.6040 -0.5547 0.5722
vn 0.7472 0.2582 0.6124
vn 0.3083 -0.5300 0.7899
vn -0.6473 0.4915 0.5825
vn 0.7135 -0.1698 -0.6798
vn 0.1149 0.5367 0.8359
vn 0.9388 0.3406 0.0509
vn -0.6453 -0.5372 -0.5431
vn 0.3183 -0.8018 -0.5058
vn 0.9636 -0.2646 0.0373
vn -0.3183 0.8018 0.5057
vn -0.6307 -0.3458 0.6948
vn -0.8776 -0.2194 -0.4261
vn -0.9519 0.0952 0.2914
vn 0.9519 -0.0952 -0.2913
vn -0.7020 -0.3463 0.6224
vn -0.9535 -0.0462 -0.2978
vn 0.6761 -0.6258 -0.3889
vn 0.9535 0.0462 0.2977
vn -0.6761 0.6258 0.3889
vn 0.9313 -0.3642 0.0049
vn -0.7358 -0.2879 0.6129
vn 0.7358 0.2879 -0.6129
vn -0.6441 0.3042 0.7019
vn -0.4014 0.9144 -0.0522
vn -0.6730 0.2110 -0.7089
vn -0.8082 -0.5394 0.2362
vn -0.4540 0.4091 0.7916
vn 0.4539 -0.4091 -0.7916
vn -0.7730 -0.0798 0.6294
vn -0.1082 -0.2585 -0.9599
vn 0.7729 0.0798 -0.6295
vn 0.9423 -0.3221 0.0915
vn 0.2479 -0.0915 -0.9644
vn 0.6171 0.2956 0.7293
vn -0.4240 0.2618 -0.8670
vn -0.3767 -0.5443 0.7496
vn -0.3609 -0.8965 0.2570
vn -0.7417 -0.0679 0.6672
vn -0.5409 -0.5277 -0.6549
vn -0.3705 0.6578 0.6557
vn -0.3275 0.8089 -0.4882
vn 0.2642 0.7515 -0.6045
vn -0.9126 -0.4026 0.0706
vn -0.4195 -0.7222 -0.5499
vn -0.6825 0.4004 -0.6114
vn -0.7161 0.3321 0.6139
vn -0.7481 0.2353 -0.6205
vn 0.8077 0.4399 -0.3925
vn 0.3587 0.1616 0.9194
vn 0.4427 -0.0968 -0.8915
vn 0.8706 -0.1914 0.4531
vn 0.8834 -0.4444 -0.1490
vn 0.2727 -0.8423 0.4648
vn 0.7947 0.1961 -0.5745
vn -0.7947 -0.1961 0.5745
vn -0.5216 -0.7725 -0.3621
vn 0.5216 0.7726 0.3621
vn -0.4915 -0.5827 -0.6472
vn -0.8741 0.3020 -0.3806
vn 0.8280 -0.2641 0.4947
vn 0.7643 -0.4024 0.5040
vn 0.0979 0.2993 -0.9491
vn -0.9830 0.1466 0.1109
vn 0.8872 0.3194 0.3329
vn -0.6883 -0.0186 0.7251
vn -0.8535 0.5100 -0.1075
vn -0.1403 -0.6392 0.7561
vn -0.5855 0.4967 -0.6407
vn 0.8531 -0.3556 0.3817
vn 0.7541 0.3595 -0.5496
vn 0.5742 -0.8186 0.0127
vn 0.7492 0.0242 0.6619
vn -0.6869 0.5256 0.5020
vn 0.4822 -0.7514 0.4505
vn -0.6044 -0.7912 0.0931
vn -0.7785 -0.2303 0.5839
vn -0.7631 0.6434 -0.0609
vn -0.4189 -0.4039 0.8133
vn 0.6863 0.4456 0.5749
vn -0.6952 -0.3075 -0.6497
vn -0.2321 -0.9726 -0.0078
vn -0.0544 0.7282 0.6833
vn -0.6602 -0.6007 -0.4508
vn 0.7301 -0.6773 -0.0900
vn 0.0929 0.8960 -0.4342
vn -0.5690 0.4825 0.6659
vn -0.5506 0.6049 -0.5753
vn 0.2003 -0.7818 -0.5904
vn 0.3330 -0.6236 -0.7073
vn -0.8862 -0.4633 -0.0087
vn 0.6981 0.7160 -0.0079
vn -0.5041 0.4836 -0.7155
vn 0.1372 0.8482 -0.5115
vn -0.2006 0.8119 -0.5482
vn 0.7114 0.6848 -0.1582
vn -0.6276 -0.1434 -0.7653
vn 0.9182 0.2846 0.2755
vn 0.9102 -0.2117 -0.3559
vn 0.7523 -0.1885 0.6312
vn -0.3650 0.9276 -0.0801
vn -0.7234 -0.2506 0.6434
vn 0.7233 0.2506 -0.6434
vn -0.9283 -0.1676 0.3318
vn 0.6473 -0.4915 -0.5825
vn -0.2729 0.8262 -0.4929
vn -0.7720 0.3702 -0.5166
vn 0.7729 0.0798 -0.6294
vn -0.2479 0.0915 0.9644
vn -0.9218 0.3009 -0.2447
vn 0.7417 0.0679 -0.6672
vn 0.3609 0.8965 -0.2570
vn 0.9409 -0.3384 -0.0094
vn -0.6917 0.1468 0.7071
vn -0.6772 0.4014 0.6166
vn -0.5273 -0.8491 0.0325
vn 0.5273 0.8491 -0.0325
vn -0.6776 0.6566 -0.3311
vn 0.6776 -0.6566 0.3311
vn 0.5553 -0.4855 -0.6752
vn -0.3577 0.5751 -0.7357
vn 0.5345 0.1404 0.8335
vn -0.3496 -0.5382 -0.7669
vn 0.2667 -0.7833 0.5616
vn 0.9235 -0.1324 -0.3599
vn 0.4513 -0.6823 -0.5752
vn 0.4929 0.3555 0.7942
vn 0.8650 -0.1016 -0.4913
vn 0.7340 0.6651 0.1372
vn 0.2115 -0.1801 -0.9607
vn 0.6680 -0.5663 -0.4828
vn 0.6066 0.4123 -0.6798
vn -0.1723 -0.8805 -0.4416
vn -0.9077 -0.4163 0.0520
vn -0.7544 -0.1256 -0.6443
vn 0.7544 0.1256 0.6442
vn -0.2399 -0.8609 0.4487
vn -0.6493 -0.5291 -0.5463
vn 0.4590 0.3001 -0.8362
vn 0.9829 -0.1466 -0.1110
vn 0.5239 -0.4467 0.7252
vn 0.5200 -0.5554 0.6489
vn -0.3188 -0.0971 0.9428
vn 0.9720 0.2303 -0.0465
vn 0.1403 0.6393 -0.7561
vn -0.7811 -0.3979 -0.4812
vn -0.6084 0.6581 0.4435
vn -0.5854 0.4967 -0.6407
vn 0.6326 0.5009 0.5907
vn 0.8531 -0.3557 0.3817
vn -0.7541 -0.3595 0.5495
vn -0.8745 0.0050 0.4849
vn 0.8572 -0.0015 0.5150
vn -0.5742 0.8186 -0.0127
vn 0.8760 0.4199 -0.2372
vn 0.7631 -0.6434 0.0609
vn 0.2321 0.9726 0.0078
vn 0.7925 0.2079 0.5734
vn 0.6074 0.5756 -0.5475
vn -0.7301 0.6774 0.0899
vn 0.5690 -0.4825 -0.6659
vn 0.9954 -0.0109 -0.0950
vn 0.6961 -0.3506 -0.6265
vn -0.2003 0.7818 0.5904
vn 0.8862 0.4632 0.0088
vn 0.2006 -0.8120 0.5481
vn 0.0763 -0.0161 -0.9970
vn 0.6276 0.1434 0.7653
vn 0.1419 -0.9479 0.2850
vn -0.7935 -0.0773 0.6036
vn -0.5883 0.3513 -0.7284
vn 0.2143 -0.9418 0.2590
vn 0.5875 0.4868 -0.6464
vn 0.9437 0.0890 0.3185
vn -0.2023 0.0712 0.9767
vn 0.2730 -0.8261 0.4929
vn 0.5553 -0.5648 0.6104
vn -0.4167 0.7280 0.5444
vn -0.8595 -0.1203 -0.4968
vn -0.3608 -0.8965 0.2570
vn 0.3608 0.8965 -0.2570
vn 0.7161 -0.3320 -0.6139
vn 0.3026 -0.0669 0.9508
vn -0.5867 0.5760 -0.5692
vn 0.5867 -0.5760 0.5692
vn 0.0364 0.0818 -0.9960
vn 0.5730 -0.4340 0.6952
vn 0.0791 -0.1718 0.9819
vn -0.9513 -0.3075 0.0229
vn -0.1298 0.3180 0.9391
vn 0.9729 0.0903 -0.2131
vn 0.8485 0.4505 -0.2775
vn -0.9829 0.1466 0.1110
vn -0.0129 0.0759 0.9970
vn -0.7541 -0.3595 0.5496
vn 0.8245 0.3458 0.4479
vn 0.8745 -0.0049 -0.4849
vn -0.2867 0.5858 0.7580
vn 0.0779 0.0173 0.9968
vn 0.7740 -0.2117 -0.5967
vn -0.2203 0.8178 -0.5316
vn 0.2226 0.7779 0.5877
vn 0.6540 0.7066 0.2701
vn -0.3874 -0.7391 -0.5511
vn 0.8227 -0.4108 -0.3929
vn -0.7135 0.1698 0.6798
vn -0.8811 -0.3383 -0.3306
vn -0.1081 -0.2585 -0.9600
vn 0.4167 -0.7280 -0.5444
vn -0.5408 -0.5277 -0.6550
vn 0.3609 0.8965 -0.2569
vn 0.5409 0.5277 0.6549
vn 0.3568 0.9121 -0.2019
vn 0.6772 -0.4014 -0.6167
vt 0.375000 0.000000
vt 0.125000 0.750000
vt 0.375000 1.000000
vt 0.612911 0.989321
vt 0.125000 0.500000
vt 0.375000 0.250000
vt 0.625000 0.250000
vt 0.875000 0.500000
vt 0.375000 0.750000
vt 0.612911 0.760679
vt 0.375000 0.500000
vt 0.625000 0.500000
vt 0.449589 0.989321
vt 0.437500 0.250000
vt 0.437500 0.500000
vt 0.449589 0.760679
vt 0.437500 0.000000
vt 0.437500 1.000000
vt 0.625000 0.000000
vt 0.875000 0.750000
vt 0.625000 1.000000
vt 0.625000 0.750000
vt 0.437500 0.750000
vt 0.449589 0.989321
vt 0.612911 0.989321
vt 0.612911 0.760679
vt 0.449589 0.760679
vt 0.449589 0.766112
vt 0.449589 0.983888
vt 0.449589 0.766112
vt 0.449589 0.983888
vt 0.449589 0.760679
vt 0.449589 0.989321
vt 0.449589 0.760679
vt 0.449589 0.989321
vt 0.449589 0.766112
vt 0.449589 0.983888
vt 0.449589 0.766112
vt 0.449589 0.983888
vt 0.154125 0.720875
vt 0.404125 0.970875
vt 0.154125 0.750000
vt 0.404125 0.000000
vt 0.404125 0.029125
vt 0.125000 0.720875
vt 0.595875 0.000000
vt 0.595875 0.970875
vt 0.625000 0.029125
vt 0.845875 0.720875
vt 0.625000 0.970875
vt 0.595875 0.029125
vt 0.154125 0.529125
vt 0.125000 0.529125
vt 0.404125 0.220875
vt 0.404125 0.279125
vt 0.154125 0.500000
vt 0.845875 0.529125
vt 0.625000 0.220875
vt 0.625000 0.279125
vt 0.595875 0.250000
vt 0.595875 0.279125
vt 0.595875 0.220875
vt 0.345875 0.720875
vt 0.375000 0.720875
vt 0.404125 0.720875
vt 0.404125 0.779125
vt 0.345875 0.750000
vt 0.625000 0.779125
vt 0.654125 0.720875
vt 0.595875 0.779125
vt 0.595875 0.750000
vt 0.595875 0.720875
vt 0.345875 0.529125
vt 0.345875 0.500000
vt 0.404125 0.470875
vt 0.375000 0.529125
vt 0.404125 0.529125
vt 0.625000 0.470875
vt 0.654125 0.529125
vt 0.595875 0.500000
vt 0.595875 0.529125
vt 0.595875 0.470875
vt 0.154125 0.720875
vt 0.404125 0.000000
vt 0.404125 0.970875
vt 0.154125 0.750000
vt 0.125000 0.720875
vt 0.404125 0.029125
vt 0.595875 0.000000
vt 0.595875 0.970875
vt 0.625000 0.029125
vt 0.845875 0.720875
vt 0.625000 0.970875
vt 0.595875 0.029125
vt 0.154125 0.529125
vt 0.125000 0.529125
vt 0.404125 0.220875
vt 0.404125 0.279125
vt 0.154125 0.500000
vt 0.625000 0.279125
vt 0.845875 0.529125
vt 0.625000 0.220875
vt 0.595875 0.250000
vt 0.595875 0.279125
vt 0.595875 0.220875
vt 0.345875 0.720875
vt 0.375000 0.720875
vt 0.404125 0.720875
vt 0.404125 0.779125
vt 0.345875 0.750000
vt 0.625000 0.779125
vt 0.654125 0.720875
vt 0.595875 0.779125
vt 0.595875 0.750000
vt 0.595875 0.720875
vt 0.345875 0.529125
vt 0.345875 0.500000
vt 0.404125 0.470875
vt 0.375000 0.529125
vt 0.404125 0.529125
vt 0.654125 0.529125
vt 0.625000 0.470875
vt 0.595875 0.500000
vt 0.595875 0.529125
vt 0.595875 0.470875
vt 0.154125 0.720875
vt 0.404125 0.970875
vt 0.404125 0.000000
vt 0.154125 0.750000
vt 0.125000 0.720875
vt 0.404125 0.029125
vt 0.595875 0.000000
vt 0.595875 0.970875
vt 0.625000 0.029125
vt 0.845875 0.720875
vt 0.625000 0.970875
vt 0.595875 0.029125
vt 0.154125 0.529125
vt 0.125000 0.529125
vt 0.404125 0.220875
vt 0.404125 0.279125
vt 0.154125 0.500000
vt 0.845875 0.529125
vt 0.625000 0.220875
vt 0.625000 0.279125
vt 0.595875 0.250000
vt 0.595875 0.279125
vt 0.595875 0.220875
vt 0.345875 0.720875
vt 0.375000 0.720875
vt 0.404125 0.720875
vt 0.404125 0.779125
vt 0.345875 0.750000
vt 0.625000 0.779125
vt 0.654125 0.720875
vt 0.595875 0.779125
vt 0.595875 0.750000
vt 0.595875 0.720875
vt 0.345875 0.529125
vt 0.345875 0.500000
vt 0.404125 0.470875
vt 0.375000 0.529125
vt 0.404125 0.529125
vt 0.625000 0.470875
vt 0.654125 0.529125
vt 0.595875 0.500000
vt 0.595875 0.529125
vt 0.595875 0.470875
vt 0.154125 0.720875
vt 0.404125 0.000000
vt 0.154125 0.750000
vt 0.404125 0.970875
vt 0.125000 0.720875
vt 0.404125 0.029125
vt 0.595875 0.000000
vt 0.595875 0.970875
vt 0.625000 0.029125
vt 0.845875 0.720875
vt 0.625000 0.970875
vt 0.595875 0.029125
vt 0.154125 0.529125
vt 0.125000 0.529125
vt 0.404125 0.220875
vt 0.404125 0.279125
vt 0.154125 0.500000
vt 0.845875 0.529125
vt 0.625000 0.220875
vt 0.625000 0.279125
vt 0.595875 0.250000
vt 0.595875 0.279125
vt 0.595875 0.220875
vt 0.345875 0.720875
vt 0.375000 0.720875
vt 0.404125 0.720875
vt 0.404125 0.779125
vt 0.345875 0.750000
vt 0.654125 0.720875
vt 0.625000 0.779125
vt 0.595875 0.779125
vt 0.595875 0.750000
vt 0.595875 0.720875
vt 0.345875 0.529125
vt 0.345875 0.500000
vt 0.404125 0.470875
vt 0.375000 0.529125
vt 0.404125 0.529125
vt 0.654125 0.529125
vt 0.625000 0.470875
vt 0.595875 0.500000
vt 0.595875 0.529125
vt 0.595875 0.470875
vt 0.154125 0.720875
vt 0.404125 0.970875
vt 0.404125 0.000000
vt 0.154125 0.750000
vt 0.125000 0.720875
vt 0.404125 0.029125
vt 0.595875 0.000000
vt 0.595875 0.970875
vt 0.625000 0.029125
vt 0.845875 0.720875
vt 0.625000 0.970875
vt 0.595875 0.029125
vt 0.154125 0.529125
vt 0.125000 0.529125
vt 0.404125 0.220875
vt 0.404125 0.279125
vt 0.154125 0.500000
vt 0.845875 0.529125
vt 0.625000 0.220875
vt 0.625000 0.279125
vt 0.595875 0.250000
vt 0.595875 0.279125
vt 0.595875 0.220875
vt 0.345875 0.720875
vt 0.375000 0.720875
vt 0.404125 0.720875
vt 0.404125 0.779125
vt 0.345875 0.750000
vt 0.625000 0.779125
vt 0.654125 0.720875
vt 0.595875 0.779125
vt 0.595875 0.750000
vt 0.595875 0.720875
vt 0.345875 0.529125
vt 0.345875 0.500000
vt 0.404125 0.470875
vt 0.375000 0.529125
vt 0.404125 0.529125
vt 0.654125 0.529125
vt 0.625000 0.470875
vt 0.595875 0.500000
vt 0.595875 0.529125
vt 0.595875 0.470875
vt 0.154125 0.720875
vt 0.404125 0.970875
vt 0.404125 0.000000
vt 0.154125 0.750000
vt 0.404125 0.029125
vt 0.125000 0.720875
vt 0.595875 0.000000
vt 0.595875 0.970875
vt 0.625000 0.029125
vt 0.845875 0.720875
vt 0.625000 0.970875
vt 0.595875 0.029125
vt 0.154125 0.529125
vt 0.125000 0.529125
vt 0.404125 0.220875
vt 0.404125 0.279125
vt 0.154125 0.500000
vt 0.625000 0.279125
vt 0.845875 0.529125
vt 0.625000 0.220875
vt 0.595875 0.250000
vt 0.595875 0.279125
vt 0.595875 0.220875
vt 0.345875 0.720875
vt 0.375000 0.720875
vt 0.404125 0.720875
vt 0.404125 0.779125
vt 0.345875 0.750000
vt 0.625000 0.779125
vt 0.654125 0.720875
vt 0.595875 0.779125
vt 0.595875 0.750000
vt 0.595875 0.720875
vt 0.345875 0.529125
vt 0.345875 0.500000
vt 0.404125 0.470875
vt 0.375000 0.529125
vt 0.404125 0.529125
vt 0.654125 0.529125
vt 0.625000 0.470875
vt 0.595875 0.500000
vt 0.595875 0.529125
vt 0.595875 0.470875
vt 0.154125 0.720875
vt 0.404125 0.000000
vt 0.154125 0.750000
vt 0.404125 0.970875
vt 0.125000 0.720875
vt 0.404125 0.029125
vt 0.595875 0.000000
vt 0.595875 0.970875
vt 0.845875 0.720875
vt 0.625000 0.029125
vt 0.625000 0.970875
vt 0.595875 0.029125
vt 0.154125 0.529125
vt 0.125000 0.529125
vt 0.404125 0.220875
vt 0.404125 0.279125
vt 0.154125 0.500000
vt 0.625000 0.279125
vt 0.845875 0.529125
vt 0.625000 0.220875
vt 0.595875 0.250000
vt 0.595875 0.279125
vt 0.595875 0.220875
vt 0.345875 0.720875
vt 0.375000 0.720875
vt 0.404125 0.720875
vt 0.404125 0.779125
vt 0.345875 0.750000
vt 0.654125 0.720875
vt 0.625000 0.779125
vt 0.595875 0.779125
vt 0.595875 0.750000
vt 0.595875 0.720875
vt 0.345875 0.529125
vt 0.345875 0.500000
vt 0.404125 0.470875
vt 0.375000 0.529125
vt 0.404125 0.529125
vt 0.654125 0.529125
vt 0.625000 0.470875
vt 0.595875 0.500000
vt 0.595875 0.529125
vt 0.595875 0.470875
vt 0.154125 0.720875
vt 0.404125 0.970875
vt 0.404125 0.000000
vt 0.154125 0.750000
vt 0.404125 0.029125
vt 0.125000 0.720875
vt 0.595875 0.000000
vt 0.595875 0.970875
vt 0.625000 0.029125
vt 0.845875 0.720875
vt 0.625000 0.970875
vt 0.595875 0.029125
vt 0.154125 0.529125
vt 0.125000 0.529125
vt 0.404125 0.220875
vt 0.404125 0.279125
vt 0.154125 0.500000
vt 0.625000 0.279125
vt 0.845875 0.529125
vt 0.625000 0.220875
vt 0.595875 0.250000
vt 0.595875 0.279125
vt 0.595875 0.220875
vt 0.345875 0.720875
vt 0.375000 0.720875
vt 0.404125 0.720875
vt 0.404125 0.779125
vt 0.345875 0.750000
vt 0.625000 0.779125
vt 0.654125 0.720875
vt 0.595875 0.779125
vt 0.595875 0.750000
vt 0.595875 0.720875
vt 0.345875 0.529125
vt 0.345875 0.500000
vt 0.404125 0.470875
vt 0.375000 0.529125
vt 0.404125 0.529125
vt 0.625000 0.470875
vt 0.654125 0.529125
vt 0.595875 0.500000
vt 0.595875 0.529125
vt 0.595875 0.470875
vt 0.154125 0.720875
vt 0.404125 0.970875
vt 0.404125 0.000000
vt 0.154125 0.750000
vt 0.404125 0.029125
vt 0.125000 0.720875
vt 0.595875 0.000000
vt 0.595875 0.970875
vt 0.845875 0.720875
vt 0.625000 0.029125
vt 0.625000 0.970875
vt 0.595875 0.029125
vt 0.154125 0.529125
vt 0.125000 0.529125
vt 0.404125 0.220875
vt 0.404125 0.279125
vt 0.154125 0.500000
vt 0.845875 0.529125
vt 0.625000 0.220875
vt 0.625000 0.279125
vt 0.595875 0.250000
vt 0.595875 0.279125
vt 0.595875 0.220875
vt 0.345875 0.720875
vt 0.375000 0.720875
vt 0.404125 0.720875
vt 0.404125 0.779125
vt 0.345875 0.750000
vt 0.625000 0.779125
vt 0.654125 0.720875
vt 0.595875 0.779125
vt 0.595875 0.750000
vt 0.595875 0.720875
vt 0.345875 0.529125
vt 0.345875 0.500000
vt 0.404125 0.470875
vt 0.375000 0.529125
vt 0.404125 0.529125
vt 0.625000 0.470875
vt 0.654125 0.529125
vt 0.595875 0.500000
vt 0.595875 0.529125
vt 0.595875 0.470875
vt 0.154125 0.720875
vt 0.154125 0.750000
vt 0.404125 0.970875
vt 0.404125 0.000000
vt 0.404125 0.029125
vt 0.125000 0.720875
vt 0.595875 0.000000
vt 0.595875 0.970875
vt 0.625000 0.029125
vt 0.845875 0.720875
vt 0.625000 0.970875
vt 0.595875 0.029125
vt 0.154125 0.529125
vt 0.125000 0.529125
vt 0.404125 0.220875
vt 0.404125 0.279125
vt 0.154125 0.500000
vt 0.625000 0.279125
vt 0.845875 0.529125
vt 0.625000 0.220875
vt 0.595875 0.250000
vt 0.595875 0.279125
vt 0.595875 0.220875
vt 0.345875 0.720875
vt 0.375000 0.720875
vt 0.404125 0.720875
vt 0.404125 0.779125
vt 0.345875 0.750000
vt 0.625000 0.779125
vt 0.654125 0.720875
vt 0.595875 0.779125
vt 0.595875 0.750000
vt 0.595875 0.720875
vt 0.345875 0.529125
vt 0.345875 0.500000
vt 0.404125 0.470875
vt 0.375000 0.529125
vt 0.404125 0.529125
vt 0.654125 0.529125
vt 0.625000 0.470875
vt 0.595875 0.500000
vt 0.595875 0.529125
vt 0.595875 0.470875
vt 0.154125 0.720875
vt 0.404125 0.970875
vt 0.404125 0.000000
vt 0.154125 0.750000
vt 0.125000 0.720875
vt 0.404125 0.029125
vt 0.595875 0.000000
vt 0.595875 0.970875
vt 0.845875 0.720875
vt 0.625000 0.029125
vt 0.625000 0.970875
vt 0.595875 0.029125
vt 0.154125 0.529125
vt 0.125000 0.529125
vt 0.404125 0.220875
vt 0.404125 0.279125
vt 0.154125 0.500000
vt 0.625000 0.279125
vt 0.845875 0.529125
vt 0.625000 0.220875
vt 0.595875 0.250000
vt 0.595875 0.279125
vt 0.595875 0.220875
vt 0.345875 0.720875
vt 0.375000 0.720875
vt 0.404125 0.720875
vt 0.404125 0.779125
vt 0.345875 0.750000
vt 0.654125 0.720875
vt 0.625000 0.779125
vt 0.595875 0.779125
vt 0.595875 0.750000
vt 0.595875 0.720875
vt 0.345875 0.529125
vt 0.345875 0.500000
vt 0.404125 0.470875
vt 0.375000 0.529125
vt 0.404125 0.529125
vt 0.625000 0.470875
vt 0.654125 0.529125
vt 0.595875 0.500000
vt 0.595875 0.529125
vt 0.595875 0.470875
vt 0.154125 0.720875
vt 0.404125 0.000000
vt 0.154125 0.750000
vt 0.404125 0.970875
vt 0.125000 0.720875
vt 0.404125 0.029125
vt 0.595875 0.000000
vt 0.595875 0.970875
vt 0.845875 0.720875
vt 0.625000 0.029125
vt 0.625000 0.970875
vt 0.595875 0.029125
vt 0.154125 0.529125
vt 0.125000 0.529125
vt 0.404125 0.220875
vt 0.404125 0.279125
vt 0.154125 0.500000
vt 0.845875 0.529125
vt 0.625000 0.220875
vt 0.625000 0.279125
vt 0.595875 0.250000
vt 0.595875 0.279125
vt 0.595875 0.220875
vt 0.345875 0.720875
vt 0.375000 0.720875
vt 0.404125 0.720875
vt 0.404125 0.779125
vt 0.345875 0.750000
vt 0.625000 0.779125
vt 0.654125 0.720875
vt 0.595875 0.779125
vt 0.595875 0.750000
vt 0.595875 0.720875
vt 0.345875 0.529125
vt 0.345875 0.500000
vt 0.404125 0.470875
vt 0.375000 0.529125
vt 0.404125 0.529125
vt 0.625000 0.470875
vt 0.654125 0.529125
vt 0.595875 0.500000
vt 0.595875 0.529125
vt 0.595875 0.470875
vt 0.154125 0.720875
vt 0.404125 0.000000
vt 0.404125 0.970875
vt 0.154125 0.750000
vt 0.125000 0.720875
vt 0.404125 0.029125
vt 0.595875 0.000000
vt 0.595875 0.970875
vt 0.625000 0.029125
vt 0.845875 0.720875
vt 0.625000 0.970875
vt 0.595875 0.029125
vt 0.154125 0.529125
vt 0.125000 0.529125
vt 0.404125 0.220875
vt 0.404125 0.279125
vt 0.154125 0.500000
vt 0.845875 0.529125
vt 0.625000 0.220875
vt 0.625000 0.279125
vt 0.595875 0.250000
vt 0.595875 0.279125
vt 0.595875 0.220875
vt 0.345875 0.720875
vt 0.375000 0.720875
vt 0.404125 0.720875
vt 0.404125 0.779125
vt 0.345875 0.750000
vt 0.625000 0.779125
vt 0.654125 0.720875
vt 0.595875 0.779125
vt 0.595875 0.750000
vt 0.595875 0.720875
vt 0.345875 0.529125
vt 0.345875 0.500000
vt 0.404125 0.470875
vt 0.375000 0.529125
vt 0.404125 0.529125
vt 0.625000 0.470875
vt 0.654125 0.529125
vt 0.595875 0.500000
vt 0.595875 0.529125
vt 0.595875 0.470875
vt 0.154125 0.720875
vt 0.154125 0.750000
vt 0.404125 0.970875
vt 0.404125 0.000000
vt 0.404125 0.029125
vt 0.125000 0.720875
vt 0.595875 0.000000
vt 0.595875 0.970875
vt 0.625000 0.029125
vt 0.845875 0.720875
vt 0.625000 0.970875
vt 0.595875 0.029125
vt 0.154125 0.529125
vt 0.125000 0.529125
vt 0.404125 0.220875
vt 0.404125 0.279125
vt 0.154125 0.500000
vt 0.625000 0.279125
vt 0.845875 0.529125
vt 0.625000 0.220875
vt 0.595875 0.250000
vt 0.595875 0.279125
vt 0.595875 0.220875
vt 0.345875 0.720875
vt 0.375000 0.720875
vt 0.404125 0.720875
vt 0.404125 0.779125
vt 0.345875 0.750000
vt 0.625000 0.779125
vt 0.654125 0.720875
vt 0.595875 0.779125
vt 0.595875 0.750000
vt 0.595875 0.720875
vt 0.345875 0.529125
vt 0.345875 0.500000
vt 0.404125 0.470875
vt 0.375000 0.529125
vt 0.404125 0.529125
vt 0.654125 0.529125
vt 0.625000 0.470875
vt 0.595875 0.500000
vt 0.595875 0.529125
vt 0.595875 0.470875
vt 0.154125 0.720875
vt 0.404125 0.970875
vt 0.404125 0.000000
vt 0.154125 0.750000
vt 0.404125 0.029125
vt 0.125000 0.720875
vt 0.595875 0.000000
vt 0.595875 0.970875
vt 0.625000 0.029125
vt 0.845875 0.720875
vt 0.625000 0.970875
vt 0.595875 0.029125
vt 0.154125 0.529125
vt 0.125000 0.529125
vt 0.404125 0.220875
vt 0.404125 0.279125
vt 0.154125 0.500000
vt 0.845875 0.529125
vt 0.625000 0.220875
vt 0.625000 0.279125
vt 0.595875 0.250000
vt 0.595875 0.279125
vt 0.595875 0.220875
vt 0.345875 0.720875
vt 0.375000 0.720875
vt 0.404125 0.720875
vt 0.404125 0.779125
vt 0.345875 0.750000
vt 0.625000 0.779125
vt 0.654125 0.720875
vt 0.595875 0.779125
vt 0.595875 0.750000
vt 0.595875 0.720875
vt 0.345875 0.529125
vt 0.345875 0.500000
vt 0.404125 0.470875
vt 0.375000 0.529125
vt 0.404125 0.529125
vt 0.625000 0.470875
vt 0.654125 0.529125
vt 0.595875 0.500000
vt 0.595875 0.529125
vt 0.595875 0.470875
vt 0.154125 0.720875
vt 0.404125 0.970875
vt 0.154125 0.750000
vt 0.404125 0.000000
vt 0.404125 0.029125
vt 0.125000 0.720875
vt 0.595875 0.000000
vt 0.595875 0.970875
vt 0.845875 0.720875
vt 0.625000 0.029125
vt 0.625000 0.970875
vt 0.595875 0.029125
vt 0.154125 0.529125
vt 0.125000 0.529125
vt 0.404125 0.220875
vt 0.404125 0.279125
vt 0.154125 0.500000
vt 0.845875 0.529125
vt 0.625000 0.220875
vt 0.625000 0.279125
vt 0.595875 0.250000
vt 0.595875 0.279125
vt 0.595875 0.220875
vt 0.345875 0.720875
vt 0.375000 0.720875
vt 0.404125 0.720875
vt 0.404125 0.779125
vt 0.345875 0.750000
vt 0.625000 0.779125
vt 0.654125 0.720875
vt 0.595875 0.779125
vt 0.595875 0.750000
vt 0.595875 0.720875
vt 0.345875 0.529125
vt 0.345875 0.500000
vt 0.404125 0.470875
vt 0.375000 0.529125
vt 0.404125 0.529125
vt 0.654125 0.529125
vt 0.625000 0.470875
vt 0.595875 0.500000
vt 0.595875 0.529125
vt 0.595875 0.470875
vt 0.154125 0.720875
vt 0.404125 0.000000
vt 0.154125 0.750000
vt 0.404125 0.970875
vt 0.125000 0.720875
vt 0.404125 0.029125
vt 0.595875 0.000000
vt 0.595875 0.970875
vt 0.845875 0.720875
vt 0.625000 0.029125
vt 0.625000 0.970875
vt 0.595875 0.029125
vt 0.154125 0.529125
vt 0.125000 0.529125
vt 0.404125 0.220875
vt 0.404125 0.279125
vt 0.154125 0.500000
vt 0.845875 0.529125
vt 0.625000 0.220875
vt 0.625000 0.279125
vt 0.595875 0.250000
vt 0.595875 0.279125
vt 0.595875 0.220875
vt 0.345875 0.720875
vt 0.375000 0.720875
vt 0.404125 0.720875
vt 0.404125 0.779125
vt 0.345875 0.750000
vt 0.654125 0.720875
vt 0.625000 0.779125
vt 0.595875 0.779125
vt 0.595875 0.750000
vt 0.595875 0.720875
vt 0.345875 0.529125
vt 0.345875 0.500000
vt 0.404125 0.470875
vt 0.375000 0.529125
vt 0.404125 0.529125
vt 0.654125 0.529125
vt 0.625000 0.470875
vt 0.595875 0.500000
vt 0.595875 0.529125
vt 0.595875 0.470875
vt 0.154125 0.720875
vt 0.404125 0.970875
vt 0.154125 0.750000
vt 0.404125 0.000000
vt 0.404125 0.029125
vt 0.125000 0.720875
vt 0.595875 0.000000
vt 0.595875 0.970875
vt 0.625000 0.029125
vt 0.845875 0.720875
vt 0.625000 0.970875
vt 0.595875 0.029125
vt 0.154125 0.529125
vt 0.125000 0.529125
vt 0.404125 0.220875
vt 0.404125 0.279125
vt 0.154125 0.500000
vt 0.625000 0.279125
vt 0.845875 0.529125
vt 0.625000 0.220875
vt 0.595875 0.250000
vt 0.595875 0.279125
vt 0.595875 0.220875
vt 0.345875 0.720875
vt 0.375000 0.720875
vt 0.404125 0.720875
vt 0.404125 0.779125
vt 0.345875 0.750000
vt 0.654125 0.720875
vt 0.625000 0.779125
vt 0.595875 0.779125
vt 0.595875 0.750000
vt 0.595875 0.720875
vt 0.345875 0.529125
vt 0.345875 0.500000
vt 0.404125 0.470875
vt 0.375000 0.529125
vt 0.404125 0.529125
vt 0.625000 0.470875
vt 0.654125 0.529125
vt 0.595875 0.500000
vt 0.595875 0.529125
vt 0.595875 0.470875
vt 0.154125 0.720875
vt 0.154125 0.750000
vt 0.404125 0.970875
vt 0.404125 0.000000
vt 0.404125 0.029125
vt 0.125000 0.720875
vt 0.595875 0.000000
vt 0.595875 0.970875
vt 0.625000 0.029125
vt 0.845875 0.720875
vt 0.625000 0.970875
vt 0.595875 0.029125
vt 0.154125 0.529125
vt 0.125000 0.529125
vt 0.404125 0.220875
vt 0.404125 0.279125
vt 0.154125 0.500000
vt 0.845875 0.529125
vt 0.625000 0.220875
vt 0.625000 0.279125
vt 0.595875 0.250000
vt 0.595875 0.279125
vt 0.595875 0.220875
vt 0.345875 0.720875
vt 0.375000 0.720875
vt 0.404125 0.720875
vt 0.404125 0.779125
vt 0.345875 0.750000
vt 0.654125 0.720875
vt 0.625000 0.779125
vt 0.595875 0.779125
vt 0.595875 0.750000
vt 0.595875 0.720875
vt 0.345875 0.529125
vt 0.345875 0.500000
vt 0.404125 0.470875
vt 0.375000 0.529125
vt 0.404125 0.529125
vt 0.654125 0.529125
vt 0.625000 0.470875
vt 0.595875 0.500000
vt 0.595875 0.529125
vt 0.595875 0.470875
vt 0.154125 0.720875
vt 0.404125 0.970875
vt 0.404125 0.000000
vt 0.154125 0.750000
vt 0.404125 0.029125
vt 0.125000 0.720875
vt 0.595875 0.000000
vt 0.595875 0.970875
vt 0.625000 0.029125
vt 0.845875 0.720875
vt 0.625000 0.970875
vt 0.595875 0.029125
vt 0.154125 0.529125
vt 0.125000 0.529125
vt 0.404125 0.220875
vt 0.404125 0.279125
vt 0.154125 0.500000
vt 0.845875 0.529125
vt 0.625000 0.220875
vt 0.625000 0.279125
vt 0.595875 0.250000
vt 0.595875 0.279125
vt 0.595875 0.220875
vt 0.345875 0.720875
vt 0.375000 0.720875
vt 0.404125 0.720875
vt 0.404125 0.779125
vt 0.345875 0.750000
vt 0.625000 0.779125
vt 0.654125 0.720875
vt 0.595875 0.779125
vt 0.595875 0.750000
vt 0.595875 0.720875
vt 0.345875 0.529125
vt 0.345875 0.500000
vt 0.404125 0.470875
vt 0.375000 0.529125
vt 0.404125 0.529125
vt 0.625000 0.470875
vt 0.654125 0.529125
vt 0.595875 0.500000
vt 0.595875 0.529125
vt 0.595875 0.470875
vt 0.154125 0.720875
vt 0.404125 0.000000
vt 0.404125 0.970875
vt 0.154125 0.750000
vt 0.125000 0.720875
vt 0.404125 0.029125
vt 0.595875 0.000000
vt 0.595875 0.970875
vt 0.625000 0.029125
vt 0.845875 0.720875
vt 0.625000 0.970875
vt 0.595875 0.029125
vt 0.154125 0.529125
vt 0.125000 0.529125
vt 0.404125 0.220875
vt 0.404125 0.279125
vt 0.154125 0.500000
vt 0.625000 0.279125
vt 0.845875 0.529125
vt 0.625000 0.220875
vt 0.595875 0.250000
vt 0.595875 0.279125
vt 0.595875 0.220875
vt 0.345875 0.720875
vt 0.375000 0.720875
vt 0.404125 0.720875
vt 0.404125 0.779125
vt 0.345875 0.750000
vt 0.625000 0.779125
vt 0.654125 0.720875
vt 0.595875 0.779125
vt 0.595875 0.750000
vt 0.595875 0.720875
vt 0.345875 0.529125
vt 0.345875 0.500000
vt 0.404125 0.470875
vt 0.375000 0.529125
vt 0.404125 0.529125
vt 0.654125 0.529125
vt 0.625000 0.470875
vt 0.595875 0.500000
vt 0.595875 0.529125
vt 0.595875 0.470875
vt 0.154125 0.720875
vt 0.404125 0.970875
vt 0.404125 0.000000
vt 0.154125 0.750000
vt 0.125000 0.720875
vt 0.404125 0.029125
vt 0.595875 0.000000
vt 0.595875 0.970875
vt 0.625000 0.029125
vt 0.845875 0.720875
vt 0.625000 0.970875
vt 0.595875 0.029125
vt 0.154125 0.529125
vt 0.125000 0.529125
vt 0.404125 0.220875
vt 0.404125 0.279125
vt 0.154125 0.500000
vt 0.625000 0.279125
vt 0.845875 0.529125
vt 0.625000 0.220875
vt 0.595875 0.250000
vt 0.595875 0.279125
vt 0.595875 0.220875
vt 0.345875 0.720875
vt 0.375000 0.720875
vt 0.404125 0.720875
vt 0.404125 0.779125
vt 0.345875 0.750000
vt 0.654125 0.720875
vt 0.625000 0.779125
vt 0.595875 0.779125
vt 0.595875 0.750000
vt 0.595875 0.720875
vt 0.345875 0.529125
vt 0.345875 0.500000
vt 0.404125 0.470875
vt 0.375000 0.529125
vt 0.404125 0.529125
vt 0.654125 0.529125
vt 0.625000 0.470875
vt 0.595875 0.500000
vt 0.595875 0.529125
vt 0.595875 0.470875
vt 0.154125 0.720875
vt 0.404125 0.000000
vt 0.404125 0.970875
vt 0.154125 0.750000
vt 0.125000 0.720875
vt 0.404125 0.029125
vt 0.595875 0.000000
vt 0.595875 0.970875
vt 0.845875 0.720875
vt 0.625000 0.029125
vt 0.625000 0.970875
vt 0.595875 0.029125
vt 0.154125 0.529125
vt 0.125000 0.529125
vt 0.404125 0.220875
vt 0.404125 0.279125
vt 0.154125 0.500000
vt 0.845875 0.529125
vt 0.625000 0.220875
vt 0.625000 0.279125
vt 0.595875 0.250000
vt 0.595875 0.279125
vt 0.595875 0.220875
vt 0.345875 0.720875
vt 0.375000 0.720875
vt 0.404125 0.720875
vt 0.404125 0.779125
vt 0.345875 0.750000
vt 0.654125 0.720875
vt 0.625000 0.779125
vt 0.595875 0.779125
vt 0.595875 0.750000
vt 0.595875 0.720875
vt 0.345875 0.529125
vt 0.345875 0.500000
vt 0.404125 0.470875
vt 0.375000 0.529125
vt 0.404125 0.529125
vt 0.654125 0.529125
vt 0.625000 0.470875
vt 0.595875 0.500000
vt 0.595875 0.529125
vt 0.595875 0.470875
vt 0.154125 0.720875
vt 0.404125 0.970875
vt 0.404125 0.000000
vt 0.154125 0.750000
vt 0.125000 0.720875
vt 0.404125 0.029125
vt 0.595875 0.000000
vt 0.595875 0.970875
vt 0.625000 0.029125
vt 0.845875 0.720875
vt 0.625000 0.970875
vt 0.595875 0.029125
vt 0.154125 0.529125
vt 0.125000 0.529125
vt 0.404125 0.220875
vt 0.404125 0.279125
vt 0.154125 0.500000
vt 0.845875 0.529125
vt 0.625000 0.220875
vt 0.625000 0.279125
vt 0.595875 0.250000
vt 0.595875 0.279125
vt 0.595875 0.220875
vt 0.345875 0.720875
vt 0.375000 0.720875
vt 0.404125 0.720875
vt 0.404125 0.779125
vt 0.345875 0.750000
vt 0.654125 0.720875
vt 0.625000 0.779125
vt 0.595875 0.779125
vt 0.595875 0.750000
vt 0.595875 0.720875
vt 0.345875 0.529125
vt 0.345875 0.500000
vt 0.404125 0.470875
vt 0.375000 0.529125
vt 0.404125 0.529125
vt 0.654125 0.529125
vt 0.625000 0.470875
vt 0.595875 0.500000
vt 0.595875 0.529125
vt 0.595875 0.470875
vt 0.154125 0.720875
vt 0.154125 0.750000
vt 0.404125 0.970875
vt 0.404125 0.000000
vt 0.404125 0.029125
vt 0.125000 0.720875
vt 0.595875 0.000000
vt 0.595875 0.970875
vt 0.625000 0.029125
vt 0.845875 0.720875
vt 0.625000 0.970875
vt 0.595875 0.029125
vt 0.154125 0.529125
vt 0.125000 0.529125
vt 0.404125 0.220875
vt 0.404125 0.279125
vt 0.154125 0.500000
vt 0.845875 0.529125
vt 0.625000 0.220875
vt 0.625000 0.279125
vt 0.595875 0.250000
vt 0.595875 0.279125
vt 0.595875 0.220875
vt 0.345875 0.720875
vt 0.375000 0.720875
vt 0.404125 0.720875
vt 0.404125 0.779125
vt 0.345875 0.750000
vt 0.654125 0.720875
vt 0.625000 0.779125
vt 0.595875 0.779125
vt 0.595875 0.750000
vt 0.595875 0.720875
vt 0.345875 0.529125
vt 0.345875 0.500000
vt 0.404125 0.470875
vt 0.375000 0.529125
vt 0.404125 0.529125
vt 0.654125 0.529125
vt 0.625000 0.470875
vt 0.595875 0.500000
vt 0.595875 0.529125
vt 0.595875 0.470875
vt 0.154125 0.720875
vt 0.404125 0.970875
vt 0.404125 0.000000
vt 0.154125 0.750000
vt 0.125000 0.720875
vt 0.404125 0.029125
vt 0.595875 0.000000
vt 0.595875 0.970875
vt 0.845875 0.720875
vt 0.625000 0.029125
vt 0.625000 0.970875
vt 0.595875 0.029125
vt 0.154125 0.529125
vt 0.125000 0.529125
vt 0.404125 0.220875
vt 0.404125 0.279125
vt 0.154125 0.500000
vt 0.625000 0.279125
vt 0.845875 0.529125
vt 0.625000 0.220875
vt 0.595875 0.250000
vt 0.595875 0.279125
vt 0.595875 0.220875
vt 0.345875 0.720875
vt 0.375000 0.720875
vt 0.404125 0.720875
vt 0.404125 0.779125
vt 0.345875 0.750000
vt 0.625000 0.779125
vt 0.654125 0.720875
vt 0.595875 0.779125
vt 0.595875 0.750000
vt 0.595875 0.720875
vt 0.345875 0.529125
vt 0.345875 0.500000
vt 0.404125 0.470875
vt 0.375000 0.529125
vt 0.404125 0.529125
vt 0.625000 0.470875
vt 0.654125 0.529125
vt 0.595875 0.500000
vt 0.595875 0.529125
vt 0.595875 0.470875
vt 0.154125 0.720875
vt 0.404125 0.970875
vt 0.404125 0.000000
vt 0.154125 0.750000
vt 0.404125 0.029125
vt 0.125000 0.720875
vt 0.595875 0.000000
vt 0.595875 0.970875
vt 0.625000 0.029125
vt 0.845875 0.720875
vt 0.625000 0.970875
vt 0.595875 0.029125
vt 0.154125 0.529125
vt 0.125000 0.529125
vt 0.404125 0.220875
vt 0.404125 0.279125
vt 0.154125 0.500000
vt 0.625000 0.279125
vt 0.845875 0.529125
vt 0.625000 0.220875
vt 0.595875 0.250000
vt 0.595875 0.279125
vt 0.595875 0.220875
vt 0.345875 0.720875
vt 0.375000 0.720875
vt 0.404125 0.720875
vt 0.404125 0.779125
vt 0.345875 0.750000
vt 0.625000 0.779125
vt 0.654125 0.720875
vt 0.595875 0.779125
vt 0.595875 0.750000
vt 0.595875 0.720875
vt 0.345875 0.529125
vt 0.345875 0.500000
vt 0.404125 0.470875
vt 0.375000 0.529125
vt 0.404125 0.529125
vt 0.625000 0.470875
vt 0.654125 0.529125
vt 0.595875 0.500000
vt 0.595875 0.529125
vt 0.595875 0.470875
vt 0.154125 0.720875
vt 0.404125 0.000000
vt 0.154125 0.750000
vt 0.404125 0.970875
vt 0.125000 0.720875
vt 0.404125 0.029125
vt 0.595875 0.000000
vt 0.595875 0.970875
vt 0.845875 0.720875
vt 0.625000 0.029125
vt 0.625000 0.970875
vt 0.595875 0.029125
vt 0.154125 0.529125
vt 0.125000 0.529125
vt 0.404125 0.220875
vt 0.404125 0.279125
vt 0.154125 0.500000
vt 0.845875 0.529125
vt 0.625000 0.220875
vt 0.625000 0.279125
vt 0.595875 0.250000
vt 0.595875 0.279125
vt 0.595875 0.220875
vt 0.345875 0.720875
vt 0.375000 0.720875
vt 0.404125 0.720875
vt 0.404125 0.779125
vt 0.345875 0.750000
vt 0.625000 0.779125
vt 0.654125 0.720875
vt 0.595875 0.779125
vt 0.595875 0.750000
vt 0.595875 0.720875
vt 0.345875 0.529125
vt 0.345875 0.500000
vt 0.404125 0.470875
vt 0.375000 0.529125
vt 0.404125 0.529125
vt 0.654125 0.529125
vt 0.625000 0.470875
vt 0.595875 0.500000
vt 0.595875 0.529125
vt 0.595875 0.470875
vt 0.154125 0.720875
vt 0.404125 0.970875
vt 0.154125 0.750000
vt 0.404125 0.000000
vt 0.404125 0.029125
vt 0.125000 0.720875
vt 0.595875 0.000000
vt 0.595875 0.970875
vt 0.625000 0.029125
vt 0.845875 0.720875
vt 0.625000 0.970875
vt 0.595875 0.029125
vt 0.154125 0.529125
vt 0.125000 0.529125
vt 0.404125 0.220875
vt 0.404125 0.279125
vt 0.154125 0.500000
vt 0.845875 0.529125
vt 0.625000 0.220875
vt 0.625000 0.279125
vt 0.595875 0.250000
vt 0.595875 0.279125
vt 0.595875 0.220875
vt 0.345875 0.720875
vt 0.375000 0.720875
vt 0.404125 0.720875
vt 0.404125 0.779125
vt 0.345875 0.750000
vt 0.625000 0.779125
vt 0.654125 0.720875
vt 0.595875 0.779125
vt 0.595875 0.750000
vt 0.595875 0.720875
vt 0.345875 0.529125
vt 0.345875 0.500000
vt 0.404125 0.470875
vt 0.375000 0.529125
vt 0.404125 0.529125
vt 0.654125 0.529125
vt 0.625000 0.470875
vt 0.595875 0.500000
vt 0.595875 0.529125
vt 0.595875 0.470875
vt 0.154125 0.720875
vt 0.404125 0.970875
vt 0.404125 0.000000
vt 0.154125 0.750000
vt 0.125000 0.720875
vt 0.404125 0.029125
vt 0.595875 0.000000
vt 0.595875 0.970875
vt 0.625000 0.029125
vt 0.845875 0.720875
vt 0.625000 0.970875
vt 0.595875 0.029125
vt 0.154125 0.529125
vt 0.125000 0.529125
vt 0.404125 0.220875
vt 0.404125 0.279125
vt 0.154125 0.500000
vt 0.625000 0.279125
vt 0.845875 0.529125
vt 0.625000 0.220875
vt 0.595875 0.250000
vt 0.595875 0.279125
vt 0.595875 0.220875
vt 0.345875 0.720875
vt 0.375000 0.720875
vt 0.404125 0.720875
vt 0.404125 0.779125
vt 0.345875 0.750000
vt 0.625000 0.779125
vt 0.654125 0.720875
vt 0.595875 0.779125
vt 0.595875 0.750000
vt 0.595875 0.720875
vt 0.345875 0.529125
vt 0.345875 0.500000
vt 0.404125 0.470875
vt 0.375000 0.529125
vt 0.404125 0.529125
vt 0.654125 0.529125
vt 0.625000 0.470875
vt 0.595875 0.500000
vt 0.595875 0.529125
vt 0.595875 0.470875
vt 0.154125 0.720875
vt 0.404125 0.970875
vt 0.154125 0.750000
vt 0.404125 0.000000
vt 0.404125 0.029125
vt 0.125000 0.720875
vt 0.595875 0.000000
vt 0.595875 0.970875
vt 0.625000 0.029125
vt 0.845875 0.720875
vt 0.625000 0.970875
vt 0.595875 0.029125
vt 0.154125 0.529125
vt 0.125000 0.529125
vt 0.404125 0.220875
vt 0.404125 0.279125
vt 0.154125 0.500000
vt 0.625000 0.279125
vt 0.845875 0.529125
vt 0.625000 0.220875
vt 0.595875 0.250000
vt 0.595875 0.279125
vt 0.595875 0.220875
vt 0.345875 0.720875
vt 0.375000 0.720875
vt 0.404125 0.720875
vt 0.404125 0.779125
vt 0.345875 0.750000
vt 0.625000 0.779125
vt 0.654125 0.720875
vt 0.595875 0.779125
vt 0.595875 0.750000
vt 0.595875 0.720875
vt 0.345875 0.529125
vt 0.345875 0.500000
vt 0.404125 0.470875
vt 0.375000 0.529125
vt 0.404125 0.529125
vt 0.654125 0.529125
vt 0.625000 0.470875
vt 0.595875 0.500000
vt 0.595875 0.529125
vt 0.595875 0.470875
vt 0.154125 0.720875
vt 0.404125 0.970875
vt 0.404125 0.000000
vt 0.154125 0.750000
vt 0.404125 0.029125
vt 0.125000 0.720875
vt 0.595875 0.000000
vt 0.595875 0.970875
vt 0.625000 0.029125
vt 0.845875 0.720875
vt 0.625000 0.970875
vt 0.595875 0.029125
vt 0.154125 0.529125
vt 0.125000 0.529125
vt 0.404125 0.220875
vt 0.404125 0.279125
vt 0.154125 0.500000
vt 0.625000 0.279125
vt 0.845875 0.529125
vt 0.625000 0.220875
vt 0.595875 0.250000
vt 0.595875 0.279125
vt 0.595875 0.220875
vt 0.345875 0.720875
vt 0.375000 0.720875
vt 0.404125 0.720875
vt 0.404125 0.779125
vt 0.345875 0.750000
vt 0.654125 0.720875
vt 0.625000 0.779125
vt 0.595875 0.779125
vt 0.595875 0.750000
vt 0.595875 0.720875
vt 0.345875 0.529125
vt 0.345875 0.500000
vt 0.404125 0.470875
vt 0.375000 0.529125
vt 0.404125 0.529125
vt 0.654125 0.529125
vt 0.625000 0.470875
vt 0.595875 0.500000
vt 0.595875 0.529125
vt 0.595875 0.470875
vt 0.154125 0.720875
vt 0.404125 0.970875
vt 0.404125 0.000000
vt 0.154125 0.750000
vt 0.125000 0.720875
vt 0.404125 0.029125
vt 0.595875 0.000000
vt 0.595875 0.970875
vt 0.625000 0.029125
vt 0.845875 0.720875
vt 0.625000 0.970875
vt 0.595875 0.029125
vt 0.154125 0.529125
vt 0.125000 0.529125
vt 0.404125 0.220875
vt 0.404125 0.279125
vt 0.154125 0.500000
vt 0.625000 0.279125
vt 0.845875 0.529125
vt 0.625000 0.220875
vt 0.595875 0.250000
vt 0.595875 0.279125
vt 0.595875 0.220875
vt 0.345875 0.720875
vt 0.375000 0.720875
vt 0.404125 0.720875
vt 0.404125 0.779125
vt 0.345875 0.750000
vt 0.654125 0.720875
vt 0.625000 0.779125
vt 0.595875 0.779125
vt 0.595875 0.750000
vt 0.595875 0.720875
vt 0.345875 0.529125
vt 0.345875 0.500000
vt 0.404125 0.470875
vt 0.375000 0.529125
vt 0.404125 0.529125
vt 0.654125 0.529125
vt 0.625000 0.470875
vt 0.595875 0.500000
vt 0.595875 0.529125
vt 0.595875 0.470875
vt 0.154125 0.720875
vt 0.404125 0.970875
vt 0.404125 0.000000
vt 0.154125 0.750000
vt 0.404125 0.029125
vt 0.125000 0.720875
vt 0.595875 0.000000
vt 0.595875 0.970875
vt 0.845875 0.720875
vt 0.625000 0.029125
vt 0.625000 0.970875
vt 0.595875 0.029125
vt 0.154125 0.529125
vt 0.125000 0.529125
vt 0.404125 0.220875
vt 0.404125 0.279125
vt 0.154125 0.500000
vt 0.845875 0.529125
vt 0.625000 0.220875
vt 0.625000 0.279125
vt 0.595875 0.250000
vt 0.595875 0.279125
vt 0.595875 0.220875
vt 0.345875 0.720875
vt 0.375000 0.720875
vt 0.404125 0.720875
vt 0.404125 0.779125
vt 0.345875 0.750000
vt 0.625000 0.779125
vt 0.654125 0.720875
vt 0.595875 0.779125
vt 0.595875 0.750000
vt 0.595875 0.720875
vt 0.345875 0.529125
vt 0.345875 0.500000
vt 0.404125 0.470875
vt 0.375000 0.529125
vt 0.404125 0.529125
vt 0.654125 0.529125
vt 0.625000 0.470875
vt 0.595875 0.500000
vt 0.595875 0.529125
vt 0.595875 0.470875
vt 0.154125 0.720875
vt 0.404125 0.970875
vt 0.404125 0.000000
vt 0.154125 0.750000
vt 0.125000 0.720875
vt 0.404125 0.029125
vt 0.595875 0.000000
vt 0.595875 0.970875
vt 0.845875 0.720875
vt 0.625000 0.029125
vt 0.625000 0.970875
vt 0.595875 0.029125
vt 0.154125 0.529125
vt 0.125000 0.529125
vt 0.404125 0.220875
vt 0.404125 0.279125
vt 0.154125 0.500000
vt 0.845875 0.529125
vt 0.625000 0.220875
vt 0.625000 0.279125
vt 0.595875 0.250000
vt 0.595875 0.279125
vt 0.595875 0.220875
vt 0.345875 0.720875
vt 0.375000 0.720875
vt 0.404125 0.720875
vt 0.404125 0.779125
vt 0.345875 0.750000
vt 0.654125 0.720875
vt 0.625000 0.779125
vt 0.595875 0.779125
vt 0.595875 0.750000
vt 0.595875 0.720875
vt 0.345875 0.529125
vt 0.345875 0.500000
vt 0.404125 0.470875
vt 0.375000 0.529125
vt 0.404125 0.529125
vt 0.654125 0.529125
vt 0.625000 0.470875
vt 0.595875 0.500000
vt 0.595875 0.529125
vt 0.595875 0.470875
vt 0.154125 0.720875
vt 0.404125 0.970875
vt 0.404125 0.000000
vt 0.154125 0.750000
vt 0.404125 0.029125
vt 0.125000 0.720875
vt 0.595875 0.000000
vt 0.595875 0.970875
vt 0.625000 0.029125
vt 0.845875 0.720875
vt 0.625000 0.970875
vt 0.595875 0.029125
vt 0.154125 0.529125
vt 0.125000 0.529125
vt 0.404125 0.220875
vt 0.404125 0.279125
vt 0.154125 0.500000
vt 0.845875 0.529125
vt 0.625000 0.220875
vt 0.625000 0.279125
vt 0.595875 0.250000
vt 0.595875 0.279125
vt 0.595875 0.220875
vt 0.345875 0.720875
vt 0.375000 0.720875
vt 0.404125 0.720875
vt 0.404125 0.779125
vt 0.345875 0.750000
vt 0.654125 0.720875
vt 0.625000 0.779125
vt 0.595875 0.779125
vt 0.595875 0.750000
vt 0.595875 0.720875
vt 0.345875 0.529125
vt 0.345875 0.500000
vt 0.404125 0.470875
vt 0.375000 0.529125
vt 0.404125 0.529125
vt 0.625000 0.470875
vt 0.654125 0.529125
vt 0.595875 0.500000
vt 0.595875 0.529125
vt 0.595875 0.470875
vt 0.154125 0.720875
vt 0.404125 0.970875
vt 0.404125 0.000000
vt 0.154125 0.750000
vt 0.404125 0.029125
vt 0.125000 0.720875
vt 0.595875 0.000000
vt 0.595875 0.970875
vt 0.625000 0.029125
vt 0.845875 0.720875
vt 0.625000 0.970875
vt 0.595875 0.029125
vt 0.154125 0.529125
vt 0.125000 0.529125
vt 0.404125 0.220875
vt 0.404125 0.279125
vt 0.154125 0.500000
vt 0.625000 0.279125
vt 0.845875 0.529125
vt 0.625000 0.220875
vt 0.595875 0.250000
vt 0.595875 0.279125
vt 0.595875 0.220875
vt 0.345875 0.720875
vt 0.375000 0.720875
vt 0.404125 0.720875
vt 0.404125 0.779125
vt 0.345875 0.750000
vt 0.625000 0.779125
vt 0.654125 0.720875
vt 0.595875 0.779125
vt 0.595875 0.750000
vt 0.595875 0.720875
vt 0.345875 0.529125
vt 0.345875 0.500000
vt 0.404125 0.470875
vt 0.375000 0.529125
vt 0.404125 0.529125
vt 0.654125 0.529125
vt 0.625000 0.470875
vt 0.595875 0.500000
vt 0.595875 0.529125
vt 0.595875 0.470875
vt 0.154125 0.720875
vt 0.404125 0.970875
vt 0.154125 0.750000
vt 0.404125 0.000000
vt 0.404125 0.029125
vt 0.125000 0.720875
vt 0.595875 0.000000
vt 0.595875 0.970875
vt 0.625000 0.029125
vt 0.845875 0.720875
vt 0.625000 0.970875
vt 0.595875 0.029125
vt 0.154125 0.529125
vt 0.125000 0.529125
vt 0.404125 0.220875
vt 0.404125 0.279125
vt 0.154125 0.500000
vt 0.845875 0.529125
vt 0.625000 0.220875
vt 0.625000 0.279125
vt 0.595875 0.250000
vt 0.595875 0.279125
vt 0.595875 0.220875
vt 0.345875 0.720875
vt 0.375000 0.720875
vt 0.404125 0.720875
vt 0.404125 0.779125
vt 0.345875 0.750000
vt 0.654125 0.720875
vt 0.625000 0.779125
vt 0.595875 0.779125
vt 0.595875 0.750000
vt 0.595875 0.720875
vt 0.345875 0.529125
vt 0.345875 0.500000
vt 0.404125 0.470875
vt 0.375000 0.529125
vt 0.404125 0.529125
vt 0.654125 0.529125
vt 0.625000 0.470875
vt 0.595875 0.500000
vt 0.595875 0.529125
vt 0.595875 0.470875
vt 0.154125 0.720875
vt 0.404125 0.970875
vt 0.404125 0.000000
vt 0.154125 0.750000
vt 0.125000 0.720875
vt 0.404125 0.029125
vt 0.595875 0.000000
vt 0.595875 0.970875
vt 0.845875 0.720875
vt 0.625000 0.029125
vt 0.625000 0.970875
vt 0.595875 0.029125
vt 0.154125 0.529125
vt 0.125000 0.529125
vt 0.404125 0.220875
vt 0.404125 0.279125
vt 0.154125 0.500000
vt 0.845875 0.529125
vt 0.625000 0.220875
vt 0.625000 0.279125
vt 0.595875 0.250000
vt 0.595875 0.279125
vt 0.595875 0.220875
vt 0.345875 0.720875
vt 0.375000 0.720875
vt 0.404125 0.720875
vt 0.404125 0.779125
vt 0.345875 0.750000
vt 0.654125 0.720875
vt 0.625000 0.779125
vt 0.595875 0.779125
vt 0.595875 0.750000
vt 0.595875 0.720875
vt 0.345875 0.529125
vt 0.345875 0.500000
vt 0.404125 0.470875
vt 0.375000 0.529125
vt 0.404125 0.529125
vt 0.625000 0.470875
vt 0.654125 0.529125
vt 0.595875 0.500000
vt 0.595875 0.529125
vt 0.595875 0.470875
vt 0.154125 0.720875
vt 0.154125 0.750000
vt 0.404125 0.970875
vt 0.404125 0.000000
vt 0.404125 0.029125
vt 0.125000 0.720875
vt 0.595875 0.000000
vt 0.595875 0.970875
vt 0.625000 0.029125
vt 0.845875 0.720875
vt 0.625000 0.970875
vt 0.595875 0.029125
vt 0.154125 0.529125
vt 0.125000 0.529125
vt 0.404125 0.220875
vt 0.404125 0.279125
vt 0.154125 0.500000
vt 0.625000 0.279125
vt 0.845875 0.529125
vt 0.625000 0.220875
vt 0.595875 0.250000
vt 0.595875 0.279125
vt 0.595875 0.220875
vt 0.345875 0.720875
vt 0.375000 0.720875
vt 0.404125 0.720875
vt 0.404125 0.779125
vt 0.345875 0.750000
vt 0.625000 0.779125
vt 0.654125 0.720875
vt 0.595875 0.779125
vt 0.595875 0.750000
vt 0.595875 0.720875
vt 0.345875 0.529125
vt 0.345875 0.500000
vt 0.404125 0.470875
vt 0.375000 0.529125
vt 0.404125 0.529125
vt 0.654125 0.529125
vt 0.625000 0.470875
vt 0.595875 0.500000
vt 0.595875 0.529125
vt 0.595875 0.470875
vt 0.154125 0.720875
vt 0.404125 0.000000
vt 0.154125 0.750000
vt 0.404125 0.970875
vt 0.125000 0.720875
vt 0.404125 0.029125
vt 0.595875 0.000000
vt 0.595875 0.970875
vt 0.625000 0.029125
vt 0.845875 0.720875
vt 0.625000 0.970875
vt 0.595875 0.029125
vt 0.154125 0.529125
vt 0.125000 0.529125
vt 0.404125 0.220875
vt 0.404125 0.279125
vt 0.154125 0.500000
vt 0.625000 0.279125
vt 0.845875 0.529125
vt 0.625000 0.220875
vt 0.595875 0.250000
vt 0.595875 0.279125
vt 0.595875 0.220875
vt 0.345875 0.720875
vt 0.375000 0.720875
vt 0.404125 0.720875
vt 0.404125 0.779125
vt 0.345875 0.750000
vt 0.625000 0.779125
vt 0.654125 0.720875
vt 0.595875 0.779125
vt 0.595875 0.750000
vt 0.595875 0.720875
vt 0.345875 0.529125
vt 0.345875 0.500000
vt 0.404125 0.470875
vt 0.375000 0.529125
vt 0.404125 0.529125
vt 0.654125 0.529125
vt 0.625000 0.470875
vt 0.595875 0.500000
vt 0.595875 0.529125
vt 0.595875 0.470875
vt 0.154125 0.720875
vt 0.404125 0.000000
vt 0.154125 0.750000
vt 0.404125 0.970875
vt 0.125000 0.720875
vt 0.404125 0.029125
vt 0.595875 0.000000
vt 0.595875 0.970875
vt 0.625000 0.029125
vt 0.845875 0.720875
vt 0.625000 0.970875
vt 0.595875 0.029125
vt 0.154125 0.529125
vt 0.125000 0.529125
vt 0.404125 0.220875
vt 0.404125 0.279125
vt 0.154125 0.500000
vt 0.845875 0.529125
vt 0.625000 0.220875
vt 0.625000 0.279125
vt 0.595875 0.250000
vt 0.595875 0.279125
vt 0.595875 0.220875
vt 0.345875 0.720875
vt 0.375000 0.720875
vt 0.404125 0.720875
vt 0.404125 0.779125
vt 0.345875 0.750000
vt 0.654125 0.720875
vt 0.625000 0.779125
vt 0.595875 0.779125
vt 0.595875 0.750000
vt 0.595875 0.720875
vt 0.345875 0.529125
vt 0.345875 0.500000
vt 0.404125 0.470875
vt 0.375000 0.529125
vt 0.404125 0.529125
vt 0.654125 0.529125
vt 0.625000 0.470875
vt 0.595875 0.500000
vt 0.595875 0.529125
vt 0.595875 0.470875
vt 0.154125 0.720875
vt 0.404125 0.970875
vt 0.404125 0.000000
vt 0.154125 0.750000
vt 0.125000 0.720875
vt 0.404125 0.029125
vt 0.595875 0.000000
vt 0.595875 0.970875
vt 0.625000 0.029125
vt 0.845875 0.720875
vt 0.625000 0.970875
vt 0.595875 0.029125
vt 0.154125 0.529125
vt 0.125000 0.529125
vt 0.404125 0.220875
vt 0.404125 0.279125
vt 0.154125 0.500000
vt 0.845875 0.529125
vt 0.625000 0.220875
vt 0.625000 0.279125
vt 0.595875 0.250000
vt 0.595875 0.279125
vt 0.595875 0.220875
vt 0.345875 0.720875
vt 0.375000 0.720875
vt 0.404125 0.720875
vt 0.404125 0.779125
vt 0.345875 0.750000
vt 0.654125 0.720875
vt 0.625000 0.779125
vt 0.595875 0.779125
vt 0.595875 0.750000
vt 0.595875 0.720875
vt 0.345875 0.529125
vt 0.345875 0.500000
vt 0.404125 0.470875
vt 0.375000 0.529125
vt 0.404125 0.529125
vt 0.625000 0.470875
vt 0.654125 0.529125
vt 0.595875 0.500000
vt 0.595875 0.529125
vt 0.595875 0.470875
vt 0.154125 0.720875
vt 0.154125 0.750000
vt 0.404125 0.970875
vt 0.404125 0.000000
vt 0.404125 0.029125
vt 0.125000 0.720875
vt 0.595875 0.000000
vt 0.595875 0.970875
vt 0.845875 0.720875
vt 0.625000 0.029125
vt 0.625000 0.970875
vt 0.595875 0.029125
vt 0.154125 0.529125
vt 0.125000 0.529125
vt 0.404125 0.220875
vt 0.404125 0.279125
vt 0.154125 0.500000
vt 0.625000 0.279125
vt 0.845875 0.529125
vt 0.625000 0.220875
vt 0.595875 0.250000
vt 0.595875 0.279125
vt 0.595875 0.220875
vt 0.345875 0.720875
vt 0.375000 0.720875
vt 0.404125 0.720875
vt 0.404125 0.779125
vt 0.345875 0.750000
vt 0.625000 0.779125
vt 0.654125 0.720875
vt 0.595875 0.779125
vt 0.595875 0.750000
vt 0.595875 0.720875
vt 0.345875 0.529125
vt 0.345875 0.500000
vt 0.404125 0.470875
vt 0.375000 0.529125
vt 0.404125 0.529125
vt 0.654125 0.529125
vt 0.625000 0.470875
vt 0.595875 0.500000
vt 0.595875 0.529125
vt 0.595875 0.470875
vt 0.154125 0.720875
vt 0.404125 0.970875
vt 0.404125 0.000000
vt 0.154125 0.750000
vt 0.125000 0.720875
vt 0.404125 0.029125
vt 0.595875 0.000000
vt 0.595875 0.970875
vt 0.625000 0.029125
vt 0.845875 0.720875
vt 0.625000 0.970875
vt 0.595875 0.029125
vt 0.154125 0.529125
vt 0.125000 0.529125
vt 0.404125 0.220875
vt 0.404125 0.279125
vt 0.154125 0.500000
vt 0.625000 0.279125
vt 0.845875 0.529125
vt 0.625000 0.220875
vt 0.595875 0.250000
vt 0.595875 0.279125
vt 0.595875 0.220875
vt 0.345875 0.720875
vt 0.375000 0.720875
vt 0.404125 0.720875
vt 0.404125 0.779125
vt 0.345875 0.750000
vt 0.654125 0.720875
vt 0.625000 0.779125
vt 0.595875 0.779125
vt 0.595875 0.750000
vt 0.595875 0.720875
vt 0.345875 0.529125
vt 0.345875 0.500000
vt 0.404125 0.470875
vt 0.375000 0.529125
vt 0.404125 0.529125
vt 0.654125 0.529125
vt 0.625000 0.470875
vt 0.595875 0.500000
vt 0.595875 0.529125
vt 0.595875 0.470875
vt 0.154125 0.720875
vt 0.404125 0.970875
vt 0.404125 0.000000
vt 0.154125 0.750000
vt 0.125000 0.720875
vt 0.404125 0.029125
vt 0.595875 0.000000
vt 0.595875 0.970875
vt 0.625000 0.029125
vt 0.845875 0.720875
vt 0.625000 0.970875
vt 0.595875 0.029125
vt 0.154125 0.529125
vt 0.125000 0.529125
vt 0.404125 0.220875
vt 0.404125 0.279125
vt 0.154125 0.500000
vt 0.625000 0.279125
vt 0.845875 0.529125
vt 0.625000 0.220875
vt 0.595875 0.250000
vt 0.595875 0.279125
vt 0.595875 0.220875
vt 0.345875 0.720875
vt 0.375000 0.720875
vt 0.404125 0.720875
vt 0.404125 0.779125
vt 0.345875 0.750000
vt 0.625000 0.779125
vt 0.654125 0.720875
vt 0.595875 0.779125
vt 0.595875 0.750000
vt 0.595875 0.720875
vt 0.345875 0.529125
vt 0.345875 0.500000
vt 0.404125 0.470875
vt 0.375000 0.529125
vt 0.404125 0.529125
vt 0.654125 0.529125
vt 0.625000 0.470875
vt 0.595875 0.500000
vt 0.595875 0.529125
vt 0.595875 0.470875
vt 0.154125 0.720875
vt 0.404125 0.000000
vt 0.404125 0.970875
vt 0.154125 0.750000
vt 0.125000 0.720875
vt 0.404125 0.029125
vt 0.595875 0.000000
vt 0.595875 0.970875
vt 0.845875 0.720875
vt 0.625000 0.029125
vt 0.625000 0.970875
vt 0.595875 0.029125
vt 0.154125 0.529125
vt 0.125000 0.529125
vt 0.404125 0.220875
vt 0.404125 0.279125
vt 0.154125 0.500000
vt 0.625000 0.279125
vt 0.845875 0.529125
vt 0.625000 0.220875
vt 0.595875 0.250000
vt 0.595875 0.279125
vt 0.595875 0.220875
vt 0.345875 0.720875
vt 0.375000 0.720875
vt 0.404125 0.720875
vt 0.404125 0.779125
vt 0.345875 0.750000
vt 0.654125 0.720875
vt 0.625000 0.779125
vt 0.595875 0.779125
vt 0.595875 0.750000
vt 0.595875 0.720875
vt 0.345875 0.529125
vt 0.345875 0.500000
vt 0.404125 0.470875
vt 0.375000 0.529125
vt 0.404125 0.529125
vt 0.625000 0.470875
vt 0.654125 0.529125
vt 0.595875 0.500000
vt 0.595875 0.529125
vt 0.595875 0.470875
vt 0.154125 0.720875
vt 0.404125 0.970875
vt 0.404125 0.000000
vt 0.154125 0.750000
vt 0.404125 0.029125
vt 0.125000 0.720875
vt 0.595875 0.000000
vt 0.595875 0.970875
vt 0.625000 0.029125
vt 0.845875 0.720875
vt 0.625000 0.970875
vt 0.595875 0.029125
vt 0.154125 0.529125
vt 0.125000 0.529125
vt 0.404125 0.220875
vt 0.404125 0.279125
vt 0.154125 0.500000
vt 0.845875 0.529125
vt 0.625000 0.220875
vt 0.625000 0.279125
vt 0.595875 0.250000
vt 0.595875 0.279125
vt 0.595875 0.220875
vt 0.345875 0.720875
vt 0.375000 0.720875
vt 0.404125 0.720875
vt 0.404125 0.779125
vt 0.345875 0.750000
vt 0.654125 0.720875
vt 0.625000 0.779125
vt 0.595875 0.779125
vt 0.595875 0.750000
vt 0.595875 0.720875
vt 0.345875 0.529125
vt 0.345875 0.500000
vt 0.404125 0.470875
vt 0.375000 0.529125
vt 0.404125 0.529125
vt 0.654125 0.529125
vt 0.625000 0.470875
vt 0.595875 0.500000
vt 0.595875 0.529125
vt 0.595875 0.470875
vt 0.154125 0.720875
vt 0.404125 0.970875
vt 0.154125 0.750000
vt 0.404125 0.000000
vt 0.404125 0.029125
vt 0.125000 0.720875
vt 0.595875 0.000000
vt 0.595875 0.970875
vt 0.845875 0.720875
vt 0.625000 0.029125
vt 0.625000 0.970875
vt 0.595875 0.029125
vt 0.154125 0.529125
vt 0.125000 0.529125
vt 0.404125 0.220875
vt 0.404125 0.279125
vt 0.154125 0.500000
vt 0.625000 0.279125
vt 0.845875 0.529125
vt 0.625000 0.220875
vt 0.595875 0.250000
vt 0.595875 0.279125
vt 0.595875 0.220875
vt 0.345875 0.720875
vt 0.375000 0.720875
vt 0.404125 0.720875
vt 0.404125 0.779125
vt 0.345875 0.750000
vt 0.654125 0.720875
vt 0.625000 0.779125
vt 0.595875 0.779125
vt 0.595875 0.750000
vt 0.595875 0.720875
vt 0.345875 0.529125
vt 0.345875 0.500000
vt 0.404125 0.470875
vt 0.375000 0.529125
vt 0.404125 0.529125
vt 0.654125 0.529125
vt 0.625000 0.470875
vt 0.595875 0.500000
vt 0.595875 0.529125
vt 0.595875 0.470875
vt 0.154125 0.720875
vt 0.404125 0.000000
vt 0.154125 0.750000
vt 0.404125 0.970875
vt 0.125000 0.720875
vt 0.404125 0.029125
vt 0.595875 0.000000
vt 0.595875 0.970875
vt 0.625000 0.029125
vt 0.845875 0.720875
vt 0.625000 0.970875
vt 0.595875 0.029125
vt 0.154125 0.529125
vt 0.125000 0.529125
vt 0.404125 0.220875
vt 0.404125 0.279125
vt 0.154125 0.500000
vt 0.845875 0.529125
vt 0.625000 0.220875
vt 0.625000 0.279125
vt 0.595875 0.250000
vt 0.595875 0.279125
vt 0.595875 0.220875
vt 0.345875 0.720875
vt 0.375000 0.720875
vt 0.404125 0.720875
vt 0.404125 0.779125
vt 0.345875 0.750000
vt 0.625000 0.779125
vt 0.654125 0.720875
vt 0.595875 0.779125
vt 0.595875 0.750000
vt 0.595875 0.720875
vt 0.345875 0.529125
vt 0.345875 0.500000
vt 0.404125 0.470875
vt 0.375000 0.529125
vt 0.404125 0.529125
vt 0.654125 0.529125
vt 0.625000 0.470875
vt 0.595875 0.500000
vt 0.595875 0.529125
vt 0.595875 0.470875
vt 0.154125 0.720875
vt 0.404125 0.000000
vt 0.154125 0.750000
vt 0.404125 0.970875
vt 0.125000 0.720875
vt 0.404125 0.029125
vt 0.595875 0.000000
vt 0.595875 0.970875
vt 0.845875 0.720875
vt 0.625000 0.029125
vt 0.625000 0.970875
vt 0.595875 0.029125
vt 0.154125 0.529125
vt 0.125000 0.529125
vt 0.404125 0.220875
vt 0.404125 0.279125
vt 0.154125 0.500000
vt 0.625000 0.279125
vt 0.845875 0.529125
vt 0.625000 0.220875
vt 0.595875 0.250000
vt 0.595875 0.279125
vt 0.595875 0.220875
vt 0.345875 0.720875
vt 0.375000 0.720875
vt 0.404125 0.720875
vt 0.404125 0.779125
vt 0.345875 0.750000
vt 0.625000 0.779125
vt 0.654125 0.720875
vt 0.595875 0.779125
vt 0.595875 0.750000
vt 0.595875 0.720875
vt 0.345875 0.529125
vt 0.345875 0.500000
vt 0.404125 0.470875
vt 0.375000 0.529125
vt 0.404125 0.529125
vt 0.654125 0.529125
vt 0.625000 0.470875
vt 0.595875 0.500000
vt 0.595875 0.529125
vt 0.595875 0.470875
vt 0.154125 0.720875
vt 0.404125 0.970875
vt 0.404125 0.000000
vt 0.154125 0.750000
vt 0.404125 0.029125
vt 0.125000 0.720875
vt 0.595875 0.000000
vt 0.595875 0.970875
vt 0.845875 0.720875
vt 0.625000 0.029125
vt 0.625000 0.970875
vt 0.595875 0.029125
vt 0.154125 0.529125
vt 0.125000 0.529125
vt 0.404125 0.220875
vt 0.404125 0.279125
vt 0.154125 0.500000
vt 0.845875 0.529125
vt 0.625000 0.220875
vt 0.625000 0.279125
vt 0.595875 0.250000
vt 0.595875 0.279125
vt 0.595875 0.220875
vt 0.345875 0.720875
vt 0.375000 0.720875
vt 0.404125 0.720875
vt 0.404125 0.779125
vt 0.345875 0.750000
vt 0.625000 0.779125
vt 0.654125 0.720875
vt 0.595875 0.779125
vt 0.595875 0.750000
vt 0.595875 0.720875
vt 0.345875 0.529125
vt 0.345875 0.500000
vt 0.404125 0.470875
vt 0.375000 0.529125
vt 0.404125 0.529125
vt 0.654125 0.529125
vt 0.625000 0.470875
vt 0.595875 0.500000
vt 0.595875 0.529125
vt 0.595875 0.470875
vt 0.154125 0.720875
vt 0.404125 0.000000
vt 0.154125 0.750000
vt 0.404125 0.970875
vt 0.125000 0.720875
vt 0.404125 0.029125
vt 0.595875 0.000000
vt 0.595875 0.970875
vt 0.625000 0.029125
vt 0.845875 0.720875
vt 0.625000 0.970875
vt 0.595875 0.029125
vt 0.154125 0.529125
vt 0.125000 0.529125
vt 0.404125 0.220875
vt 0.404125 0.279125
vt 0.154125 0.500000
vt 0.625000 0.279125
vt 0.845875 0.529125
vt 0.625000 0.220875
vt 0.595875 0.250000
vt 0.595875 0.279125
vt 0.595875 0.220875
vt 0.345875 0.720875
vt 0.375000 0.720875
vt 0.404125 0.720875
vt 0.404125 0.779125
vt 0.345875 0.750000
vt 0.625000 0.779125
vt 0.654125 0.720875
vt 0.595875 0.779125
vt 0.595875 0.750000
vt 0.595875 0.720875
vt 0.345875 0.529125
vt 0.345875 0.500000
vt 0.404125 0.470875
vt 0.375000 0.529125
vt 0.404125 0.529125
vt 0.625000 0.470875
vt 0.654125 0.529125
vt 0.595875 0.500000
vt 0.595875 0.529125
vt 0.595875 0.470875
vt 0.154125 0.720875
vt 0.404125 0.000000
vt 0.404125 0.970875
vt 0.154125 0.750000
vt 0.125000 0.720875
vt 0.404125 0.029125
vt 0.595875 0.000000
vt 0.595875 0.970875
vt 0.845875 0.720875
vt 0.625000 0.029125
vt 0.625000 0.970875
vt 0.595875 0.029125
vt 0.154125 0.529125
vt 0.125000 0.529125
vt 0.404125 0.220875
vt 0.404125 0.279125
vt 0.154125 0.500000
vt 0.625000 0.279125
vt 0.845875 0.529125
vt 0.625000 0.220875
vt 0.595875 0.250000
vt 0.595875 0.279125
vt 0.595875 0.220875
vt 0.345875 0.720875
vt 0.375000 0.720875
vt 0.404125 0.720875
vt 0.404125 0.779125
vt 0.345875 0.750000
vt 0.625000 0.779125
vt 0.654125 0.720875
vt 0.595875 0.779125
vt 0.595875 0.750000
vt 0.595875 0.720875
vt 0.345875 0.529125
vt 0.345875 0.500000
vt 0.404125 0.470875
vt 0.375000 0.529125
vt 0.404125 0.529125
vt 0.625000 0.470875
vt 0.654125 0.529125
vt 0.595875 0.500000
vt 0.595875 0.529125
vt 0.595875 0.470875
vt 0.154125 0.720875
vt 0.404125 0.970875
vt 0.404125 0.000000
vt 0.154125 0.750000
vt 0.125000 0.720875
vt 0.404125 0.029125
vt 0.595875 0.000000
vt 0.595875 0.970875
vt 0.845875 0.720875
vt 0.625000 0.029125
vt 0.625000 0.970875
vt 0.595875 0.029125
vt 0.154125 0.529125
vt 0.125000 0.529125
vt 0.404125 0.220875
vt 0.404125 0.279125
vt 0.154125 0.500000
vt 0.625000 0.279125
vt 0.845875 0.529125
vt 0.625000 0.220875
vt 0.595875 0.250000
vt 0.595875 0.279125
vt 0.595875 0.220875
vt 0.345875 0.720875
vt 0.375000 0.720875
vt 0.404125 0.720875
vt 0.404125 0.779125
vt 0.345875 0.750000
vt 0.625000 0.779125
vt 0.654125 0.720875
vt 0.595875 0.779125
vt 0.595875 0.750000
vt 0.595875 0.720875
vt 0.345875 0.529125
vt 0.345875 0.500000
vt 0.404125 0.470875
vt 0.375000 0.529125
vt 0.404125 0.529125
vt 0.654125 0.529125
vt 0.625000 0.470875
vt 0.595875 0.500000
vt 0.595875 0.529125
vt 0.595875 0.470875
vt 0.154125 0.720875
vt 0.404125 0.970875
vt 0.404125 0.000000
vt 0.154125 0.750000
vt 0.404125 0.029125
vt 0.125000 0.720875
vt 0.595875 0.000000
vt 0.595875 0.970875
vt 0.845875 0.720875
vt 0.625000 0.029125
vt 0.625000 0.970875
vt 0.595875 0.029125
vt 0.154125 0.529125
vt 0.125000 0.529125
vt 0.404125 0.220875
vt 0.404125 0.279125
vt 0.154125 0.500000
vt 0.845875 0.529125
vt 0.625000 0.220875
vt 0.625000 0.279125
vt 0.595875 0.250000
vt 0.595875 0.279125
vt 0.595875 0.220875
vt 0.345875 0.720875
vt 0.375000 0.720875
vt 0.404125 0.720875
vt 0.404125 0.779125
vt 0.345875 0.750000
vt 0.625000 0.779125
vt 0.654125 0.720875
vt 0.595875 0.779125
vt 0.595875 0.750000
vt 0.595875 0.720875
vt 0.345875 0.529125
vt 0.345875 0.500000
vt 0.404125 0.470875
vt 0.375000 0.529125
vt 0.404125 0.529125
vt 0.625000 0.470875
vt 0.654125 0.529125
vt 0.595875 0.500000
vt 0.595875 0.529125
vt 0.595875 0.470875
vt 0.154125 0.720875
vt 0.404125 0.000000
vt 0.404125 0.970875
vt 0.154125 0.750000
vt 0.125000 0.720875
vt 0.404125 0.029125
vt 0.595875 0.000000
vt 0.595875 0.970875
vt 0.845875 0.720875
vt 0.625000 0.029125
vt 0.625000 0.970875
vt 0.595875 0.029125
vt 0.154125 0.529125
vt 0.125000 0.529125
vt 0.404125 0.220875
vt 0.404125 0.279125
vt 0.154125 0.500000
vt 0.845875 0.529125
vt 0.625000 0.220875
vt 0.625000 0.279125
vt 0.595875 0.250000
vt 0.595875 0.279125
vt 0.595875 0.220875
vt 0.345875 0.720875
vt 0.375000 0.720875
vt 0.404125 0.720875
vt 0.404125 0.779125
vt 0.345875 0.750000
vt 0.654125 0.720875
vt 0.625000 0.779125
vt 0.595875 0.779125
vt 0.595875 0.750000
vt 0.595875 0.720875
vt 0.345875 0.529125
vt 0.345875 0.500000
vt 0.404125 0.470875
vt 0.375000 0.529125
vt 0.404125 0.529125
vt 0.625000 0.470875
vt 0.654125 0.529125
vt 0.595875 0.500000
vt 0.595875 0.529125
vt 0.595875 0.470875
vt 0.154125 0.720875
vt 0.154125 0.750000
vt 0.404125 0.970875
vt 0.404125 0.000000
vt 0.404125 0.029125
vt 0.125000 0.720875
vt 0.595875 0.000000
vt 0.595875 0.970875
vt 0.845875 0.720875
vt 0.625000 0.029125
vt 0.625000 0.970875
vt 0.595875 0.029125
vt 0.154125 0.529125
vt 0.125000 0.529125
vt 0.404125 0.220875
vt 0.404125 0.279125
vt 0.154125 0.500000
vt 0.625000 0.279125
vt 0.845875 0.529125
vt 0.625000 0.220875
vt 0.595875 0.250000
vt 0.595875 0.279125
vt 0.595875 0.220875
vt 0.345875 0.720875
vt 0.375000 0.720875
vt 0.404125 0.720875
vt 0.404125 0.779125
vt 0.345875 0.750000
vt 0.625000 0.779125
vt 0.654125 0.720875
vt 0.595875 0.779125
vt 0.595875 0.750000
vt 0.595875 0.720875
vt 0.345875 0.529125
vt 0.345875 0.500000
vt 0.404125 0.470875
vt 0.375000 0.529125
vt 0.404125 0.529125
vt 0.654125 0.529125
vt 0.625000 0.470875
vt 0.595875 0.500000
vt 0.595875 0.529125
vt 0.595875 0.470875
vt 0.154125 0.720875
vt 0.404125 0.970875
vt 0.404125 0.000000
vt 0.154125 0.750000
vt 0.125000 0.720875
vt 0.404125 0.029125
vt 0.595875 0.000000
vt 0.595875 0.970875
vt 0.625000 0.029125
vt 0.845875 0.720875
vt 0.625000 0.970875
vt 0.595875 0.029125
vt 0.154125 0.529125
vt 0.125000 0.529125
vt 0.404125 0.220875
vt 0.404125 0.279125
vt 0.154125 0.500000
vt 0.845875 0.529125
vt 0.625000 0.220875
vt 0.625000 0.279125
vt 0.595875 0.250000
vt 0.595875 0.279125
vt 0.595875 0.220875
vt 0.345875 0.720875
vt 0.375000 0.720875
vt 0.404125 0.720875
vt 0.404125 0.779125
vt 0.345875 0.750000
vt 0.625000 0.779125
vt 0.654125 0.720875
vt 0.595875 0.779125
vt 0.595875 0.750000
vt 0.595875 0.720875
vt 0.345875 0.529125
vt 0.345875 0.500000
vt 0.404125 0.470875
vt 0.375000 0.529125
vt 0.404125 0.529125
vt 0.625000 0.470875
vt 0.654125 0.529125
vt 0.595875 0.500000
vt 0.595875 0.529125
vt 0.595875 0.470875
vt 0.154125 0.720875
vt 0.154125 0.750000
vt 0.404125 0.970875
vt 0.404125 0.000000
vt 0.404125 0.029125
vt 0.125000 0.720875
vt 0.595875 0.000000
vt 0.595875 0.970875
vt 0.845875 0.720875
vt 0.625000 0.029125
vt 0.625000 0.970875
vt 0.595875 0.029125
vt 0.154125 0.529125
vt 0.125000 0.529125
vt 0.404125 0.220875
vt 0.404125 0.279125
vt 0.154125 0.500000
vt 0.625000 0.279125
vt 0.845875 0.529125
vt 0.625000 0.220875
vt 0.595875 0.250000
vt 0.595875 0.279125
vt 0.595875 0.220875
vt 0.345875 0.720875
vt 0.375000 0.720875
vt 0.404125 0.720875
vt 0.404125 0.779125
vt 0.345875 0.750000
vt 0.625000 0.779125
vt 0.654125 0.720875
vt 0.595875 0.779125
vt 0.595875 0.750000
vt 0.595875 0.720875
vt 0.345875 0.529125
vt 0.345875 0.500000
vt 0.404125 0.470875
vt 0.375000 0.529125
vt 0.404125 0.529125
vt 0.625000 0.470875
vt 0.654125 0.529125
vt 0.595875 0.500000
vt 0.595875 0.529125
vt 0.595875 0.470875
vt 0.154125 0.720875
vt 0.154125 0.750000
vt 0.404125 0.970875
vt 0.404125 0.000000
vt 0.404125 0.029125
vt 0.125000 0.720875
vt 0.595875 0.000000
vt 0.595875 0.970875
vt 0.625000 0.029125
vt 0.845875 0.720875
vt 0.625000 0.970875
vt 0.595875 0.029125
vt 0.154125 0.529125
vt 0.125000 0.529125
vt 0.404125 0.220875
vt 0.404125 0.279125
vt 0.154125 0.500000
vt 0.625000 0.279125
vt 0.845875 0.529125
vt 0.625000 0.220875
vt 0.595875 0.250000
vt 0.595875 0.279125
vt 0.595875 0.220875
vt 0.345875 0.720875
vt 0.375000 0.720875
vt 0.404125 0.720875
vt 0.404125 0.779125
vt 0.345875 0.750000
vt 0.625000 0.779125
vt 0.654125 0.720875
vt 0.595875 0.779125
vt 0.595875 0.750000
vt 0.595875 0.720875
vt 0.345875 0.529125
vt 0.345875 0.500000
vt 0.404125 0.470875
vt 0.375000 0.529125
vt 0.404125 0.529125
vt 0.625000 0.470875
vt 0.654125 0.529125
vt 0.595875 0.500000
vt 0.595875 0.529125
vt 0.595875 0.470875
vt 0.154125 0.720875
vt 0.404125 0.970875
vt 0.154125 0.750000
vt 0.404125 0.000000
vt 0.404125 0.029125
vt 0.125000 0.720875
vt 0.595875 0.000000
vt 0.595875 0.970875
vt 0.625000 0.029125
vt 0.845875 0.720875
vt 0.625000 0.970875
vt 0.595875 0.029125
vt 0.154125 0.529125
vt 0.125000 0.529125
vt 0.404125 0.220875
vt 0.404125 0.279125
vt 0.154125 0.500000
vt 0.625000 0.279125
vt 0.845875 0.529125
vt 0.625000 0.220875
vt 0.595875 0.250000
vt 0.595875 0.279125
vt 0.595875 0.220875
vt 0.345875 0.720875
vt 0.375000 0.720875
vt 0.404125 0.720875
vt 0.404125 0.779125
vt 0.345875 0.750000
vt 0.654125 0.720875
vt 0.625000 0.779125
vt 0.595875 0.779125
vt 0.595875 0.750000
vt 0.595875 0.720875
vt 0.345875 0.529125
vt 0.345875 0.500000
vt 0.404125 0.470875
vt 0.375000 0.529125
vt 0.404125 0.529125
vt 0.654125 0.529125
vt 0.625000 0.470875
vt 0.595875 0.500000
vt 0.595875 0.529125
vt 0.595875 0.470875
vt 0.154125 0.720875
vt 0.404125 0.970875
vt 0.404125 0.000000
vt 0.154125 0.750000
vt 0.125000 0.720875
vt 0.404125 0.029125
vt 0.595875 0.000000
vt 0.595875 0.970875
vt 0.625000 0.029125
vt 0.845875 0.720875
vt 0.625000 0.970875
vt 0.595875 0.029125
vt 0.154125 0.529125
vt 0.125000 0.529125
vt 0.404125 0.220875
vt 0.404125 0.279125
vt 0.154125 0.500000
vt 0.625000 0.279125
vt 0.845875 0.529125
vt 0.625000 0.220875
vt 0.595875 0.250000
vt 0.595875 0.279125
vt 0.595875 0.220875
vt 0.345875 0.720875
vt 0.375000 0.720875
vt 0.404125 0.720875
vt 0.404125 0.779125
vt 0.345875 0.750000
vt 0.654125 0.720875
vt 0.625000 0.779125
vt 0.595875 0.779125
vt 0.595875 0.750000
vt 0.595875 0.720875
vt 0.345875 0.529125
vt 0.345875 0.500000
vt 0.404125 0.470875
vt 0.375000 0.529125
vt 0.404125 0.529125
vt 0.625000 0.470875
vt 0.654125 0.529125
vt 0.595875 0.500000
vt 0.595875 0.529125
vt 0.595875 0.470875
vt 0.154125 0.720875
vt 0.404125 0.000000
vt 0.404125 0.970875
vt 0.154125 0.750000
vt 0.125000 0.720875
vt 0.404125 0.029125
vt 0.595875 0.000000
vt 0.595875 0.970875
vt 0.845875 0.720875
vt 0.625000 0.029125
vt 0.625000 0.970875
vt 0.595875 0.029125
vt 0.154125 0.529125
vt 0.125000 0.529125
vt 0.404125 0.220875
vt 0.404125 0.279125
vt 0.154125 0.500000
vt 0.625000 0.279125
vt 0.845875 0.529125
vt 0.625000 0.220875
vt 0.595875 0.250000
vt 0.595875 0.279125
vt 0.595875 0.220875
vt 0.345875 0.720875
vt 0.375000 0.720875
vt 0.404125 0.720875
vt 0.404125 0.779125
vt 0.345875 0.750000
vt 0.654125 0.720875
vt 0.625000 0.779125
vt 0.595875 0.779125
vt 0.595875 0.750000
vt 0.595875 0.720875
vt 0.345875 0.529125
vt 0.345875 0.500000
vt 0.404125 0.470875
vt 0.375000 0.529125
vt 0.404125 0.529125
vt 0.654125 0.529125
vt 0.625000 0.470875
vt 0.595875 0.500000
vt 0.595875 0.529125
vt 0.595875 0.470875
vt 0.154125 0.720875
vt 0.404125 0.970875
vt 0.404125 0.000000
vt 0.154125 0.750000
vt 0.404125 0.029125
vt 0.125000 0.720875
vt 0.595875 0.000000
vt 0.595875 0.970875
vt 0.625000 0.029125
vt 0.845875 0.720875
vt 0.625000 0.970875
vt 0.595875 0.029125
vt 0.154125 0.529125
vt 0.125000 0.529125
vt 0.404125 0.220875
vt 0.404125 0.279125
vt 0.154125 0.500000
vt 0.625000 0.279125
vt 0.845875 0.529125
vt 0.625000 0.220875
vt 0.595875 0.250000
vt 0.595875 0.279125
vt 0.595875 0.220875
vt 0.345875 0.720875
vt 0.375000 0.720875
vt 0.404125 0.720875
vt 0.404125 0.779125
vt 0.345875 0.750000
vt 0.654125 0.720875
vt 0.625000 0.779125
vt 0.595875 0.779125
vt 0.595875 0.750000
vt 0.595875 0.720875
vt 0.345875 0.529125
vt 0.345875 0.500000
vt 0.404125 0.470875
vt 0.375000 0.529125
vt 0.404125 0.529125
vt 0.654125 0.529125
vt 0.625000 0.470875
vt 0.595875 0.500000
vt 0.595875 0.529125
vt 0.595875 0.470875
vt 0.154125 0.720875
vt 0.404125 0.970875
vt 0.154125 0.750000
vt 0.404125 0.000000
vt 0.404125 0.029125
vt 0.125000 0.720875
vt 0.595875 0.000000
vt 0.595875 0.970875
vt 0.625000 0.029125
vt 0.845875 0.720875
vt 0.625000 0.970875
vt 0.595875 0.029125
vt 0.154125 0.529125
vt 0.125000 0.529125
vt 0.404125 0.220875
vt 0.404125 0.279125
vt 0.154125 0.500000
vt 0.625000 0.279125
vt 0.845875 0.529125
vt 0.625000 0.220875
vt 0.595875 0.250000
vt 0.595875 0.279125
vt 0.595875 0.220875
vt 0.345875 0.720875
vt 0.375000 0.720875
vt 0.404125 0.720875
vt 0.404125 0.779125
vt 0.345875 0.750000
vt 0.625000 0.779125
vt 0.654125 0.720875
vt 0.595875 0.779125
vt 0.595875 0.750000
vt 0.595875 0.720875
vt 0.345875 0.529125
vt 0.345875 0.500000
vt 0.404125 0.470875
vt 0.375000 0.529125
vt 0.404125 0.529125
vt 0.654125 0.529125
vt 0.625000 0.470875
vt 0.595875 0.500000
vt 0.595875 0.529125
vt 0.595875 0.470875
vt 0.154125 0.720875
vt 0.404125 0.970875
vt 0.154125 0.750000
vt 0.404125 0.000000
vt 0.404125 0.029125
vt 0.125000 0.720875
vt 0.595875 0.000000
vt 0.595875 0.970875
vt 0.845875 0.720875
vt 0.625000 0.029125
vt 0.625000 0.970875
vt 0.595875 0.029125
vt 0.154125 0.529125
vt 0.125000 0.529125
vt 0.404125 0.220875
vt 0.404125 0.279125
vt 0.154125 0.500000
vt 0.625000 0.279125
vt 0.845875 0.529125
vt 0.625000 0.220875
vt 0.595875 0.250000
vt 0.595875 0.279125
vt 0.595875 0.220875
vt 0.345875 0.720875
vt 0.375000 0.720875
vt 0.404125 0.720875
vt 0.404125 0.779125
vt 0.345875 0.750000
vt 0.654125 0.720875
vt 0.625000 0.779125
vt 0.595875 0.779125
vt 0.595875 0.750000
vt 0.595875 0.720875
vt 0.345875 0.529125
vt 0.345875 0.500000
vt 0.404125 0.470875
vt 0.375000 0.529125
vt 0.404125 0.529125
vt 0.625000 0.470875
vt 0.654125 0.529125
vt 0.595875 0.500000
vt 0.595875 0.529125
vt 0.595875 0.470875
vt 0.154125 0.720875
vt 0.404125 0.970875
vt 0.154125 0.750000
vt 0.404125 0.000000
vt 0.404125 0.029125
vt 0.125000 0.720875
vt 0.595875 0.000000
vt 0.595875 0.970875
vt 0.625000 0.029125
vt 0.845875 0.720875
vt 0.625000 0.970875
vt 0.595875 0.029125
vt 0.154125 0.529125
vt 0.125000 0.529125
vt 0.404125 0.220875
vt 0.404125 0.279125
vt 0.154125 0.500000
vt 0.625000 0.279125
vt 0.845875 0.529125
vt 0.625000 0.220875
vt 0.595875 0.250000
vt 0.595875 0.279125
vt 0.595875 0.220875
vt 0.345875 0.720875
vt 0.375000 0.720875
vt 0.404125 0.720875
vt 0.404125 0.779125
vt 0.345875 0.750000
vt 0.625000 0.779125
vt 0.654125 0.720875
vt 0.595875 0.779125
vt 0.595875 0.750000
vt 0.595875 0.720875
vt 0.345875 0.529125
vt 0.345875 0.500000
vt 0.404125 0.470875
vt 0.375000 0.529125
vt 0.404125 0.529125
vt 0.654125 0.529125
vt 0.625000 0.470875
vt 0.595875 0.500000
vt 0.595875 0.529125
vt 0.595875 0.470875
vt 0.154125 0.720875
vt 0.404125 0.970875
vt 0.404125 0.000000
vt 0.154125 0.750000
vt 0.125000 0.720875
vt 0.404125 0.029125
vt 0.595875 0.000000
vt 0.595875 0.970875
vt 0.625000 0.029125
vt 0.845875 0.720875
vt 0.625000 0.970875
vt 0.595875 0.029125
vt 0.154125 0.529125
vt 0.125000 0.529125
vt 0.404125 0.220875
vt 0.404125 0.279125
vt 0.154125 0.500000
vt 0.625000 0.279125
vt 0.845875 0.529125
vt 0.625000 0.220875
vt 0.595875 0.250000
vt 0.595875 0.279125
vt 0.595875 0.220875
vt 0.345875 0.720875
vt 0.375000 0.720875
vt 0.404125 0.720875
vt 0.404125 0.779125
vt 0.345875 0.750000
vt 0.625000 0.779125
vt 0.654125 0.720875
vt 0.595875 0.779125
vt 0.595875 0.750000
vt 0.595875 0.720875
vt 0.345875 0.529125
vt 0.345875 0.500000
vt 0.404125 0.470875
vt 0.375000 0.529125
vt 0.404125 0.529125
vt 0.625000 0.470875
vt 0.654125 0.529125
vt 0.595875 0.500000
vt 0.595875 0.529125
vt 0.595875 0.470875
vt 0.154125 0.720875
vt 0.404125 0.000000
vt 0.154125 0.750000
vt 0.404125 0.970875
vt 0.125000 0.720875
vt 0.404125 0.029125
vt 0.595875 0.000000
vt 0.595875 0.970875
vt 0.625000 0.029125
vt 0.845875 0.720875
vt 0.625000 0.970875
vt 0.595875 0.029125
vt 0.154125 0.529125
vt 0.125000 0.529125
vt 0.404125 0.220875
vt 0.404125 0.279125
vt 0.154125 0.500000
vt 0.845875 0.529125
vt 0.625000 0.220875
vt 0.625000 0.279125
vt 0.595875 0.250000
vt 0.595875 0.279125
vt 0.595875 0.220875
vt 0.345875 0.720875
vt 0.375000 0.720875
vt 0.404125 0.720875
vt 0.404125 0.779125
vt 0.345875 0.750000
vt 0.625000 0.779125
vt 0.654125 0.720875
vt 0.595875 0.779125
vt 0.595875 0.750000
vt 0.595875 0.720875
vt 0.345875 0.529125
vt 0.345875 0.500000
vt 0.404125 0.470875
vt 0.375000 0.529125
vt 0.404125 0.529125
vt 0.654125 0.529125
vt 0.625000 0.470875
vt 0.595875 0.500000
vt 0.595875 0.529125
vt 0.595875 0.470875
vt 0.154125 0.720875
vt 0.404125 0.000000
vt 0.404125 0.970875
vt 0.154125 0.750000
vt 0.125000 0.720875
vt 0.404125 0.029125
vt 0.595875 0.000000
vt 0.595875 0.970875
vt 0.625000 0.029125
vt 0.845875 0.720875
vt 0.625000 0.970875
vt 0.595875 0.029125
vt 0.154125 0.529125
vt 0.125000 0.529125
vt 0.404125 0.220875
vt 0.404125 0.279125
vt 0.154125 0.500000
vt 0.845875 0.529125
vt 0.625000 0.220875
vt 0.625000 0.279125
vt 0.595875 0.250000
vt 0.595875 0.279125
vt 0.595875 0.220875
vt 0.345875 0.720875
vt 0.375000 0.720875
vt 0.404125 0.720875
vt 0.404125 0.779125
vt 0.345875 0.750000
vt 0.625000 0.779125
vt 0.654125 0.720875
vt 0.595875 0.779125
vt 0.595875 0.750000
vt 0.595875 0.720875
vt 0.345875 0.529125
vt 0.345875 0.500000
vt 0.404125 0.470875
vt 0.375000 0.529125
vt 0.404125 0.529125
vt 0.654125 0.529125
vt 0.625000 0.470875
vt 0.595875 0.500000
vt 0.595875 0.529125
vt 0.595875 0.470875
vt 0.154125 0.720875
vt 0.404125 0.000000
vt 0.154125 0.750000
vt 0.404125 0.970875
vt 0.125000 0.720875
vt 0.404125 0.029125
vt 0.595875 0.000000
vt 0.595875 0.970875
vt 0.625000 0.029125
vt 0.845875 0.720875
vt 0.625000 0.970875
vt 0.595875 0.029125
vt 0.154125 0.529125
vt 0.125000 0.529125
vt 0.404125 0.220875
vt 0.404125 0.279125
vt 0.154125 0.500000
vt 0.625000 0.279125
vt 0.845875 0.529125
vt 0.625000 0.220875
vt 0.595875 0.250000
vt 0.595875 0.279125
vt 0.595875 0.220875
vt 0.345875 0.720875
vt 0.375000 0.720875
vt 0.404125 0.720875
vt 0.404125 0.779125
vt 0.345875 0.750000
vt 0.654125 0.720875
vt 0.625000 0.779125
vt 0.595875 0.779125
vt 0.595875 0.750000
vt 0.595875 0.720875
vt 0.345875 0.529125
vt 0.345875 0.500000
vt 0.404125 0.470875
vt 0.375000 0.529125
vt 0.404125 0.529125
vt 0.654125 0.529125
vt 0.625000 0.470875
vt 0.595875 0.500000
vt 0.595875 0.529125
vt 0.595875 0.470875
vt 0.154125 0.720875
vt 0.404125 0.970875
vt 0.404125 0.000000
vt 0.154125 0.750000
vt 0.404125 0.029125
vt 0.125000 0.720875
vt 0.595875 0.000000
vt 0.595875 0.970875
vt 0.845875 0.720875
vt 0.625000 0.029125
vt 0.625000 0.970875
vt 0.595875 0.029125
vt 0.154125 0.529125
vt 0.125000 0.529125
vt 0.404125 0.220875
vt 0.404125 0.279125
vt 0.154125 0.500000
vt 0.845875 0.529125
vt 0.625000 0.220875
vt 0.625000 0.279125
vt 0.595875 0.250000
vt 0.595875 0.279125
vt 0.595875 0.220875
vt 0.345875 0.720875
vt 0.375000 0.720875
vt 0.404125 0.720875
vt 0.404125 0.779125
vt 0.345875 0.750000
vt 0.625000 0.779125
vt 0.654125 0.720875
vt 0.595875 0.779125
vt 0.595875 0.750000
vt 0.595875 0.720875
vt 0.345875 0.529125
vt 0.345875 0.500000
vt 0.404125 0.470875
vt 0.375000 0.529125
vt 0.404125 0.529125
vt 0.654125 0.529125
vt 0.625000 0.470875
vt 0.595875 0.500000
vt 0.595875 0.529125
vt 0.595875 0.470875
vt 0.154125 0.720875
vt 0.404125 0.970875
vt 0.404125 0.000000
vt 0.154125 0.750000
vt 0.404125 0.029125
vt 0.125000 0.720875
vt 0.595875 0.000000
vt 0.595875 0.970875
vt 0.845875 0.720875
vt 0.625000 0.029125
vt 0.625000 0.970875
vt 0.595875 0.029125
vt 0.154125 0.529125
vt 0.125000 0.529125
vt 0.404125 0.220875
vt 0.404125 0.279125
vt 0.154125 0.500000
vt 0.625000 0.279125
vt 0.845875 0.529125
vt 0.625000 0.220875
vt 0.595875 0.250000
vt 0.595875 0.279125
vt 0.595875 0.220875
vt 0.345875 0.720875
vt 0.375000 0.720875
vt 0.404125 0.720875
vt 0.404125 0.779125
vt 0.345875 0.750000
vt 0.625000 0.779125
vt 0.654125 0.720875
vt 0.595875 0.779125
vt 0.595875 0.750000
vt 0.595875 0.720875
vt 0.345875 0.529125
vt 0.345875 0.500000
vt 0.404125 0.470875
vt 0.375000 0.529125
vt 0.404125 0.529125
vt 0.625000 0.470875
vt 0.654125 0.529125
vt 0.595875 0.500000
vt 0.595875 0.529125
vt 0.595875 0.470875
vt 0.154125 0.720875
vt 0.404125 0.970875
vt 0.404125 0.000000
vt 0.154125 0.750000
vt 0.404125 0.029125
vt 0.125000 0.720875
vt 0.595875 0.000000
vt 0.595875 0.970875
vt 0.625000 0.029125
vt 0.845875 0.720875
vt 0.625000 0.970875
vt 0.595875 0.029125
vt 0.154125 0.529125
vt 0.125000 0.529125
vt 0.404125 0.220875
vt 0.404125 0.279125
vt 0.154125 0.500000
vt 0.625000 0.279125
vt 0.845875 0.529125
vt 0.625000 0.220875
vt 0.595875 0.250000
vt 0.595875 0.279125
vt 0.595875 0.220875
vt 0.345875 0.720875
vt 0.375000 0.720875
vt 0.404125 0.720875
vt 0.404125 0.779125
vt 0.345875 0.750000
vt 0.654125 0.720875
vt 0.625000 0.779125
vt 0.595875 0.779125
vt 0.595875 0.750000
vt 0.595875 0.720875
vt 0.345875 0.529125
vt 0.345875 0.500000
vt 0.404125 0.470875
vt 0.375000 0.529125
vt 0.404125 0.529125
vt 0.654125 0.529125
vt 0.625000 0.470875
vt 0.595875 0.500000
vt 0.595875 0.529125
vt 0.595875 0.470875
vt 0.154125 0.720875
vt 0.404125 0.970875
vt 0.154125 0.750000
vt 0.404125 0.000000
vt 0.404125 0.029125
vt 0.125000 0.720875
vt 0.595875 0.000000
vt 0.595875 0.970875
vt 0.625000 0.029125
vt 0.845875 0.720875
vt 0.625000 0.970875
vt 0.595875 0.029125
vt 0.154125 0.529125
vt 0.125000 0.529125
vt 0.404125 0.220875
vt 0.404125 0.279125
vt 0.154125 0.500000
vt 0.625000 0.279125
vt 0.845875 0.529125
vt 0.625000 0.220875
vt 0.595875 0.250000
vt 0.595875 0.279125
vt 0.595875 0.220875
vt 0.345875 0.720875
vt 0.375000 0.720875
vt 0.404125 0.720875
vt 0.404125 0.779125
vt 0.345875 0.750000
vt 0.625000 0.779125
vt 0.654125 0.720875
vt 0.595875 0.779125
vt 0.595875 0.750000
vt 0.595875 0.720875
vt 0.345875 0.529125
vt 0.345875 0.500000
vt 0.404125 0.470875
vt 0.375000 0.529125
vt 0.404125 0.529125
vt 0.625000 0.470875
vt 0.654125 0.529125
vt 0.595875 0.500000
vt 0.595875 0.529125
vt 0.595875 0.470875
vt 0.154125 0.720875
vt 0.404125 0.970875
vt 0.404125 0.000000
vt 0.154125 0.750000
vt 0.125000 0.720875
vt 0.404125 0.029125
vt 0.595875 0.000000
vt 0.595875 0.970875
vt 0.625000 0.029125
vt 0.845875 0.720875
vt 0.625000 0.970875
vt 0.595875 0.029125
vt 0.154125 0.529125
vt 0.125000 0.529125
vt 0.404125 0.220875
vt 0.404125 0.279125
vt 0.154125 0.500000
vt 0.625000 0.279125
vt 0.845875 0.529125
vt 0.625000 0.220875
vt 0.595875 0.250000
vt 0.595875 0.279125
vt 0.595875 0.220875
vt 0.345875 0.720875
vt 0.375000 0.720875
vt 0.404125 0.720875
vt 0.404125 0.779125
vt 0.345875 0.750000
vt 0.625000 0.779125
vt 0.654125 0.720875
vt 0.595875 0.779125
vt 0.595875 0.750000
vt 0.595875 0.720875
vt 0.345875 0.529125
vt 0.345875 0.500000
vt 0.404125 0.470875
vt 0.375000 0.529125
vt 0.404125 0.529125
vt 0.625000 0.470875
vt 0.654125 0.529125
vt 0.595875 0.500000
vt 0.595875 0.529125
vt 0.595875 0.470875
vt 0.154125 0.720875
vt 0.404125 0.970875
vt 0.404125 0.000000
vt 0.154125 0.750000
vt 0.404125 0.029125
vt 0.125000 0.720875
vt 0.595875 0.000000
vt 0.595875 0.970875
vt 0.625000 0.029125
vt 0.845875 0.720875
vt 0.625000 0.970875
vt 0.595875 0.029125
vt 0.154125 0.529125
vt 0.125000 0.529125
vt 0.404125 0.220875
vt 0.404125 0.279125
vt 0.154125 0.500000
vt 0.845875 0.529125
vt 0.625000 0.220875
vt 0.625000 0.279125
vt 0.595875 0.250000
vt 0.595875 0.279125
vt 0.595875 0.220875
vt 0.345875 0.720875
vt 0.375000 0.720875
vt 0.404125 0.720875
vt 0.404125 0.779125
vt 0.345875 0.750000
vt 0.625000 0.779125
vt 0.654125 0.720875
vt 0.595875 0.779125
vt 0.595875 0.750000
vt 0.595875 0.720875
vt 0.345875 0.529125
vt 0.345875 0.500000
vt 0.404125 0.470875
vt 0.375000 0.529125
vt 0.404125 0.529125
vt 0.654125 0.529125
vt 0.625000 0.470875
vt 0.595875 0.500000
vt 0.595875 0.529125
vt 0.595875 0.470875
vt 0.154125 0.720875
vt 0.154125 0.750000
vt 0.404125 0.970875
vt 0.404125 0.000000
vt 0.404125 0.029125
vt 0.125000 0.720875
vt 0.595875 0.000000
vt 0.595875 0.970875
vt 0.625000 0.029125
vt 0.845875 0.720875
vt 0.625000 0.970875
vt 0.595875 0.029125
vt 0.154125 0.529125
vt 0.125000 0.529125
vt 0.404125 0.220875
vt 0.404125 0.279125
vt 0.154125 0.500000
vt 0.845875 0.529125
vt 0.625000 0.220875
vt 0.625000 0.279125
vt 0.595875 0.250000
vt 0.595875 0.279125
vt 0.595875 0.220875
vt 0.345875 0.720875
vt 0.375000 0.720875
vt 0.404125 0.720875
vt 0.404125 0.779125
vt 0.345875 0.750000
vt 0.625000 0.779125
vt 0.654125 0.720875
vt 0.595875 0.779125
vt 0.595875 0.750000
vt 0.595875 0.720875
vt 0.345875 0.529125
vt 0.345875 0.500000
vt 0.404125 0.470875
vt 0.375000 0.529125
vt 0.404125 0.529125
vt 0.654125 0.529125
vt 0.625000 0.470875
vt 0.595875 0.500000
vt 0.595875 0.529125
vt 0.595875 0.470875
vt 0.154125 0.720875
vt 0.404125 0.970875
vt 0.404125 0.000000
vt 0.154125 0.750000
vt 0.125000 0.720875
vt 0.404125 0.029125
vt 0.595875 0.000000
vt 0.595875 0.970875
vt 0.625000 0.029125
vt 0.845875 0.720875
vt 0.625000 0.970875
vt 0.595875 0.029125
vt 0.154125 0.529125
vt 0.125000 0.529125
vt 0.404125 0.220875
vt 0.404125 0.279125
vt 0.154125 0.500000
vt 0.845875 0.529125
vt 0.625000 0.220875
vt 0.625000 0.279125
vt 0.595875 0.250000
vt 0.595875 0.279125
vt 0.595875 0.220875
vt 0.345875 0.720875
vt 0.375000 0.720875
vt 0.404125 0.720875
vt 0.404125 0.779125
vt 0.345875 0.750000
vt 0.625000 0.779125
vt 0.654125 0.720875
vt 0.595875 0.779125
vt 0.595875 0.750000
vt 0.595875 0.720875
vt 0.345875 0.529125
vt 0.345875 0.500000
vt 0.404125 0.470875
vt 0.375000 0.529125
vt 0.404125 0.529125
vt 0.654125 0.529125
vt 0.625000 0.470875
vt 0.595875 0.500000
vt 0.595875 0.529125
vt 0.595875 0.470875
vt 0.154125 0.720875
vt 0.404125 0.000000
vt 0.404125 0.970875
vt 0.154125 0.750000
vt 0.125000 0.720875
vt 0.404125 0.029125
vt 0.595875 0.000000
vt 0.595875 0.970875
vt 0.625000 0.029125
vt 0.845875 0.720875
vt 0.625000 0.970875
vt 0.595875 0.029125
vt 0.154125 0.529125
vt 0.125000 0.529125
vt 0.404125 0.220875
vt 0.404125 0.279125
vt 0.154125 0.500000
vt 0.625000 0.279125
vt 0.845875 0.529125
vt 0.625000 0.220875
vt 0.595875 0.250000
vt 0.595875 0.279125
vt 0.595875 0.220875
vt 0.345875 0.720875
vt 0.375000 0.720875
vt 0.404125 0.720875
vt 0.404125 0.779125
vt 0.345875 0.750000
vt 0.625000 0.779125
vt 0.654125 0.720875
vt 0.595875 0.779125
vt 0.595875 0.750000
vt 0.595875 0.720875
vt 0.345875 0.529125
vt 0.345875 0.500000
vt 0.404125 0.470875
vt 0.375000 0.529125
vt 0.404125 0.529125
vt 0.625000 0.470875
vt 0.654125 0.529125
vt 0.595875 0.500000
vt 0.595875 0.529125
vt 0.595875 0.470875
vt 0.154125 0.720875
vt 0.404125 0.000000
vt 0.404125 0.970875
vt 0.154125 0.750000
vt 0.125000 0.720875
vt 0.404125 0.029125
vt 0.595875 0.000000
vt 0.595875 0.970875
vt 0.845875 0.720875
vt 0.625000 0.029125
vt 0.625000 0.970875
vt 0.595875 0.029125
vt 0.154125 0.529125
vt 0.125000 0.529125
vt 0.404125 0.220875
vt 0.404125 0.279125
vt 0.154125 0.500000
vt 0.845875 0.529125
vt 0.625000 0.220875
vt 0.625000 0.279125
vt 0.595875 0.250000
vt 0.595875 0.279125
vt 0.595875 0.220875
vt 0.345875 0.720875
vt 0.375000 0.720875
vt 0.404125 0.720875
vt 0.404125 0.779125
vt 0.345875 0.750000
vt 0.654125 0.720875
vt 0.625000 0.779125
vt 0.595875 0.779125
vt 0.595875 0.750000
vt 0.595875 0.720875
vt 0.345875 0.529125
vt 0.345875 0.500000
vt 0.404125 0.470875
vt 0.375000 0.529125
vt 0.404125 0.529125
vt 0.654125 0.529125
vt 0.625000 0.470875
vt 0.595875 0.500000
vt 0.595875 0.529125
vt 0.595875 0.470875
vt 0.154125 0.720875
vt 0.154125 0.750000
vt 0.404125 0.970875
vt 0.404125 0.000000
vt 0.404125 0.029125
vt 0.125000 0.720875
vt 0.595875 0.000000
vt 0.595875 0.970875
vt 0.845875 0.720875
vt 0.625000 0.029125
vt 0.625000 0.970875
vt 0.595875 0.029125
vt 0.154125 0.529125
vt 0.125000 0.529125
vt 0.404125 0.220875
vt 0.404125 0.279125
vt 0.154125 0.500000
vt 0.625000 0.279125
vt 0.845875 0.529125
vt 0.625000 0.220875
vt 0.595875 0.250000
vt 0.595875 0.279125
vt 0.595875 0.220875
vt 0.345875 0.720875
vt 0.375000 0.720875
vt 0.404125 0.720875
vt 0.404125 0.779125
vt 0.345875 0.750000
vt 0.654125 0.720875
vt 0.625000 0.779125
vt 0.595875 0.779125
vt 0.595875 0.750000
vt 0.595875 0.720875
vt 0.345875 0.529125
vt 0.345875 0.500000
vt 0.404125 0.470875
vt 0.375000 0.529125
vt 0.404125 0.529125
vt 0.625000 0.470875
vt 0.654125 0.529125
vt 0.595875 0.500000
vt 0.595875 0.529125
vt 0.595875 0.470875
vt 0.154125 0.720875
vt 0.404125 0.970875
vt 0.404125 0.000000
vt 0.154125 0.750000
vt 0.404125 0.029125
vt 0.125000 0.720875
vt 0.595875 0.000000
vt 0.595875 0.970875
vt 0.845875 0.720875
vt 0.625000 0.029125
vt 0.625000 0.970875
vt 0.595875 0.029125
vt 0.154125 0.529125
vt 0.125000 0.529125
vt 0.404125 0.220875
vt 0.404125 0.279125
vt 0.154125 0.500000
vt 0.625000 0.279125
vt 0.845875 0.529125
vt 0.625000 0.220875
vt 0.595875 0.250000
vt 0.595875 0.279125
vt 0.595875 0.220875
vt 0.345875 0.720875
vt 0.375000 0.720875
vt 0.404125 0.720875
vt 0.404125 0.779125
vt 0.345875 0.750000
vt 0.654125 0.720875
vt 0.625000 0.779125
vt 0.595875 0.779125
vt 0.595875 0.750000
vt 0.595875 0.720875
vt 0.345875 0.529125
vt 0.345875 0.500000
vt 0.404125 0.470875
vt 0.375000 0.529125
vt 0.404125 0.529125
vt 0.654125 0.529125
vt 0.625000 0.470875
vt 0.595875 0.500000
vt 0.595875 0.529125
vt 0.595875 0.470875
vt 0.154125 0.720875
vt 0.404125 0.970875
vt 0.404125 0.000000
vt 0.154125 0.750000
vt 0.125000 0.720875
vt 0.404125 0.029125
vt 0.595875 0.000000
vt 0.595875 0.970875
vt 0.845875 0.720875
vt 0.625000 0.029125
vt 0.625000 0.970875
vt 0.595875 0.029125
vt 0.154125 0.529125
vt 0.125000 0.529125
vt 0.404125 0.220875
vt 0.404125 0.279125
vt 0.154125 0.500000
vt 0.625000 0.279125
vt 0.845875 0.529125
vt 0.625000 0.220875
vt 0.595875 0.250000
vt 0.595875 0.279125
vt 0.595875 0.220875
vt 0.345875 0.720875
vt 0.375000 0.720875
vt 0.404125 0.720875
vt 0.404125 0.779125
vt 0.345875 0.750000
vt 0.625000 0.779125
vt 0.654125 0.720875
vt 0.595875 0.779125
vt 0.595875 0.750000
vt 0.595875 0.720875
vt 0.345875 0.529125
vt 0.345875 0.500000
vt 0.404125 0.470875
vt 0.375000 0.529125
vt 0.404125 0.529125
vt 0.654125 0.529125
vt 0.625000 0.470875
vt 0.595875 0.500000
vt 0.595875 0.529125
vt 0.595875 0.470875
vt 0.154125 0.720875
vt 0.404125 0.970875
vt 0.404125 0.000000
vt 0.154125 0.750000
vt 0.125000 0.720875
vt 0.404125 0.029125
vt 0.595875 0.000000
vt 0.595875 0.970875
vt 0.625000 0.029125
vt 0.845875 0.720875
vt 0.625000 0.970875
vt 0.595875 0.029125
vt 0.154125 0.529125
vt 0.125000 0.529125
vt 0.404125 0.220875
vt 0.404125 0.279125
vt 0.154125 0.500000
vt 0.845875 0.529125
vt 0.625000 0.220875
vt 0.625000 0.279125
vt 0.595875 0.250000
vt 0.595875 0.279125
vt 0.595875 0.220875
vt 0.345875 0.720875
vt 0.375000 0.720875
vt 0.404125 0.720875
vt 0.404125 0.779125
vt 0.345875 0.750000
vt 0.625000 0.779125
vt 0.654125 0.720875
vt 0.595875 0.779125
vt 0.595875 0.750000
vt 0.595875 0.720875
vt 0.345875 0.529125
vt 0.345875 0.500000
vt 0.404125 0.470875
vt 0.375000 0.529125
vt 0.404125 0.529125
vt 0.654125 0.529125
vt 0.625000 0.470875
vt 0.595875 0.500000
vt 0.595875 0.529125
vt 0.595875 0.470875
vt 0.154125 0.720875
vt 0.404125 0.970875
vt 0.404125 0.000000
vt 0.154125 0.750000
vt 0.404125 0.029125
vt 0.125000 0.720875
vt 0.595875 0.000000
vt 0.595875 0.970875
vt 0.625000 0.029125
vt 0.845875 0.720875
vt 0.625000 0.970875
vt 0.595875 0.029125
vt 0.154125 0.529125
vt 0.125000 0.529125
vt 0.404125 0.220875
vt 0.404125 0.279125
vt 0.154125 0.500000
vt 0.845875 0.529125
vt 0.625000 0.220875
vt 0.625000 0.279125
vt 0.595875 0.250000
vt 0.595875 0.279125
vt 0.595875 0.220875
vt 0.345875 0.720875
vt 0.375000 0.720875
vt 0.404125 0.720875
vt 0.404125 0.779125
vt 0.345875 0.750000
vt 0.654125 0.720875
vt 0.625000 0.779125
vt 0.595875 0.779125
vt 0.595875 0.750000
vt 0.595875 0.720875
vt 0.345875 0.529125
vt 0.345875 0.500000
vt 0.404125 0.470875
vt 0.375000 0.529125
vt 0.404125 0.529125
vt 0.654125 0.529125
vt 0.625000 0.470875
vt 0.595875 0.500000
vt 0.595875 0.529125
vt 0.595875 0.470875
vt 0.154125 0.720875
vt 0.404125 0.970875
vt 0.404125 0.000000
vt 0.154125 0.750000
vt 0.404125 0.029125
vt 0.125000 0.720875
vt 0.595875 0.000000
vt 0.595875 0.970875
vt 0.845875 0.720875
vt 0.625000 0.029125
vt 0.625000 0.970875
vt 0.595875 0.029125
vt 0.154125 0.529125
vt 0.125000 0.529125
vt 0.404125 0.220875
vt 0.404125 0.279125
vt 0.154125 0.500000
vt 0.625000 0.279125
vt 0.845875 0.529125
vt 0.625000 0.220875
vt 0.595875 0.250000
vt 0.595875 0.279125
vt 0.595875 0.220875
vt 0.345875 0.720875
vt 0.375000 0.720875
vt 0.404125 0.720875
vt 0.404125 0.779125
vt 0.345875 0.750000
vt 0.625000 0.779125
vt 0.654125 0.720875
vt 0.595875 0.779125
vt 0.595875 0.750000
vt 0.595875 0.720875
vt 0.345875 0.529125
vt 0.345875 0.500000
vt 0.404125 0.470875
vt 0.375000 0.529125
vt 0.404125 0.529125
vt 0.654125 0.529125
vt 0.625000 0.470875
vt 0.595875 0.500000
vt 0.595875 0.529125
vt 0.595875 0.470875
vt 0.154125 0.720875
vt 0.154125 0.750000
vt 0.404125 0.970875
vt 0.404125 0.000000
vt 0.404125 0.029125
vt 0.125000 0.720875
vt 0.595875 0.000000
vt 0.595875 0.970875
vt 0.845875 0.720875
vt 0.625000 0.029125
vt 0.625000 0.970875
vt 0.595875 0.029125
vt 0.154125 0.529125
vt 0.125000 0.529125
vt 0.404125 0.220875
vt 0.404125 0.279125
vt 0.154125 0.500000
vt 0.625000 0.279125
vt 0.845875 0.529125
vt 0.625000 0.220875
vt 0.595875 0.250000
vt 0.595875 0.279125
vt 0.595875 0.220875
vt 0.345875 0.720875
vt 0.375000 0.720875
vt 0.404125 0.720875
vt 0.404125 0.779125
vt 0.345875 0.750000
vt 0.625000 0.779125
vt 0.654125 0.720875
vt 0.595875 0.779125
vt 0.595875 0.750000
vt 0.595875 0.720875
vt 0.345875 0.529125
vt 0.345875 0.500000
vt 0.404125 0.470875
vt 0.375000 0.529125
vt 0.404125 0.529125
vt 0.654125 0.529125
vt 0.625000 0.470875
vt 0.595875 0.500000
vt 0.595875 0.529125
vt 0.595875 0.470875
vt 0.154125 0.720875
vt 0.404125 0.970875
vt 0.404125 0.000000
vt 0.154125 0.750000
vt 0.125000 0.720875
vt 0.404125 0.029125
vt 0.595875 0.000000
vt 0.595875 0.970875
vt 0.845875 0.720875
vt 0.625000 0.029125
vt 0.625000 0.970875
vt 0.595875 0.029125
vt 0.154125 0.529125
vt 0.125000 0.529125
vt 0.404125 0.220875
vt 0.404125 0.279125
vt 0.154125 0.500000
vt 0.845875 0.529125
vt 0.625000 0.220875
vt 0.625000 0.279125
vt 0.595875 0.250000
vt 0.595875 0.279125
vt 0.595875 0.220875
vt 0.345875 0.720875
vt 0.375000 0.720875
vt 0.404125 0.720875
vt 0.404125 0.779125
vt 0.345875 0.750000
vt 0.625000 0.779125
vt 0.654125 0.720875
vt 0.595875 0.779125
vt 0.595875 0.750000
vt 0.595875 0.720875
vt 0.345875 0.529125
vt 0.345875 0.500000
vt 0.404125 0.470875
vt 0.375000 0.529125
vt 0.404125 0.529125
vt 0.625000 0.470875
vt 0.654125 0.529125
vt 0.595875 0.500000
vt 0.595875 0.529125
vt 0.595875 0.470875
vt 0.154125 0.720875
vt 0.404125 0.970875
vt 0.404125 0.000000
vt 0.154125 0.750000
vt 0.125000 0.720875
vt 0.404125 0.029125
vt 0.595875 0.000000
vt 0.595875 0.970875
vt 0.845875 0.720875
vt 0.625000 0.029125
vt 0.625000 0.970875
vt 0.595875 0.029125
vt 0.154125 0.529125
vt 0.125000 0.529125
vt 0.404125 0.220875
vt 0.404125 0.279125
vt 0.154125 0.500000
vt 0.845875 0.529125
vt 0.625000 0.220875
vt 0.625000 0.279125
vt 0.595875 0.250000
vt 0.595875 0.279125
vt 0.595875 0.220875
vt 0.345875 0.720875
vt 0.375000 0.720875
vt 0.404125 0.720875
vt 0.404125 0.779125
vt 0.345875 0.750000
vt 0.654125 0.720875
vt 0.625000 0.779125
vt 0.595875 0.779125
vt 0.595875 0.750000
vt 0.595875 0.720875
vt 0.345875 0.529125
vt 0.345875 0.500000
vt 0.404125 0.470875
vt 0.375000 0.529125
vt 0.404125 0.529125
vt 0.654125 0.529125
vt 0.625000 0.470875
vt 0.595875 0.500000
vt 0.595875 0.529125
vt 0.595875 0.470875
vt 0.154125 0.720875
vt 0.404125 0.970875
vt 0.404125 0.000000
vt 0.154125 0.750000
vt 0.404125 0.029125
vt 0.125000 0.720875
vt 0.595875 0.000000
vt 0.595875 0.970875
vt 0.845875 0.720875
vt 0.625000 0.029125
vt 0.625000 0.970875
vt 0.595875 0.029125
vt 0.154125 0.529125
vt 0.125000 0.529125
vt 0.404125 0.220875
vt 0.404125 0.279125
vt 0.154125 0.500000
vt 0.625000 0.279125
vt 0.845875 0.529125
vt 0.625000 0.220875
vt 0.595875 0.250000
vt 0.595875 0.279125
vt 0.595875 0.220875
vt 0.345875 0.720875
vt 0.375000 0.720875
vt 0.404125 0.720875
vt 0.404125 0.779125
vt 0.345875 0.750000
vt 0.625000 0.779125
vt 0.654125 0.720875
vt 0.595875 0.779125
vt 0.595875 0.750000
vt 0.595875 0.720875
vt 0.345875 0.529125
vt 0.345875 0.500000
vt 0.404125 0.470875
vt 0.375000 0.529125
vt 0.404125 0.529125
vt 0.625000 0.470875
vt 0.654125 0.529125
vt 0.595875 0.500000
vt 0.595875 0.529125
vt 0.595875 0.470875
vt 0.154125 0.720875
vt 0.404125 0.970875
vt 0.404125 0.000000
vt 0.154125 0.750000
vt 0.125000 0.720875
vt 0.404125 0.029125
vt 0.595875 0.000000
vt 0.595875 0.970875
vt 0.845875 0.720875
vt 0.625000 0.029125
vt 0.625000 0.970875
vt 0.595875 0.029125
vt 0.154125 0.529125
vt 0.125000 0.529125
vt 0.404125 0.220875
vt 0.404125 0.279125
vt 0.154125 0.500000
vt 0.625000 0.279125
vt 0.845875 0.529125
vt 0.625000 0.220875
vt 0.595875 0.250000
vt 0.595875 0.279125
vt 0.595875 0.220875
vt 0.345875 0.720875
vt 0.375000 0.720875
vt 0.404125 0.720875
vt 0.404125 0.779125
vt 0.345875 0.750000
vt 0.654125 0.720875
vt 0.625000 0.779125
vt 0.595875 0.779125
vt 0.595875 0.750000
vt 0.595875 0.720875
vt 0.345875 0.529125
vt 0.345875 0.500000
vt 0.404125 0.470875
vt 0.375000 0.529125
vt 0.404125 0.529125
vt 0.625000 0.470875
vt 0.654125 0.529125
vt 0.595875 0.500000
vt 0.595875 0.529125
vt 0.595875 0.470875
vt 0.154125 0.720875
vt 0.404125 0.970875
vt 0.404125 0.000000
vt 0.154125 0.750000
vt 0.125000 0.720875
vt 0.404125 0.029125
vt 0.595875 0.000000
vt 0.595875 0.970875
vt 0.845875 0.720875
vt 0.625000 0.029125
vt 0.625000 0.970875
vt 0.595875 0.029125
vt 0.154125 0.529125
vt 0.125000 0.529125
vt 0.404125 0.220875
vt 0.404125 0.279125
vt 0.154125 0.500000
vt 0.625000 0.279125
vt 0.845875 0.529125
vt 0.625000 0.220875
vt 0.595875 0.250000
vt 0.595875 0.279125
vt 0.595875 0.220875
vt 0.345875 0.720875
vt 0.375000 0.720875
vt 0.404125 0.720875
vt 0.404125 0.779125
vt 0.345875 0.750000
vt 0.654125 0.720875
vt 0.625000 0.779125
vt 0.595875 0.779125
vt 0.595875 0.750000
vt 0.595875 0.720875
vt 0.345875 0.529125
vt 0.345875 0.500000
vt 0.404125 0.470875
vt 0.375000 0.529125
vt 0.404125 0.529125
vt 0.654125 0.529125
vt 0.625000 0.470875
vt 0.595875 0.500000
vt 0.595875 0.529125
vt 0.595875 0.470875
vt 0.154125 0.720875
vt 0.404125 0.970875
vt 0.154125 0.750000
vt 0.404125 0.000000
vt 0.404125 0.029125
vt 0.125000 0.720875
vt 0.595875 0.000000
vt 0.595875 0.970875
vt 0.625000 0.029125
vt 0.845875 0.720875
vt 0.625000 0.970875
vt 0.595875 0.029125
vt 0.154125 0.529125
vt 0.125000 0.529125
vt 0.404125 0.220875
vt 0.404125 0.279125
vt 0.154125 0.500000
vt 0.625000 0.279125
vt 0.845875 0.529125
vt 0.625000 0.220875
vt 0.595875 0.250000
vt 0.595875 0.279125
vt 0.595875 0.220875
vt 0.345875 0.720875
vt 0.375000 0.720875
vt 0.404125 0.720875
vt 0.404125 0.779125
vt 0.345875 0.750000
vt 0.654125 0.720875
vt 0.625000 0.779125
vt 0.595875 0.779125
vt 0.595875 0.750000
vt 0.595875 0.720875
vt 0.345875 0.529125
vt 0.345875 0.500000
vt 0.404125 0.470875
vt 0.375000 0.529125
vt 0.404125 0.529125
vt 0.654125 0.529125
vt 0.625000 0.470875
vt 0.595875 0.500000
vt 0.595875 0.529125
vt 0.595875 0.470875
vt 0.154125 0.720875
vt 0.404125 0.970875
vt 0.404125 0.000000
vt 0.154125 0.750000
vt 0.404125 0.029125
vt 0.125000 0.720875
vt 0.595875 0.000000
vt 0.595875 0.970875
vt 0.625000 0.029125
vt 0.845875 0.720875
vt 0.625000 0.970875
vt 0.595875 0.029125
vt 0.154125 0.529125
vt 0.125000 0.529125
vt 0.404125 0.220875
vt 0.404125 0.279125
vt 0.154125 0.500000
vt 0.845875 0.529125
vt 0.625000 0.220875
vt 0.625000 0.279125
vt 0.595875 0.250000
vt 0.595875 0.279125
vt 0.595875 0.220875
vt 0.345875 0.720875
vt 0.375000 0.720875
vt 0.404125 0.720875
vt 0.404125 0.779125
vt 0.345875 0.750000
vt 0.654125 0.720875
vt 0.625000 0.779125
vt 0.595875 0.779125
vt 0.595875 0.750000
vt 0.595875 0.720875
vt 0.345875 0.529125
vt 0.345875 0.500000
vt 0.404125 0.470875
vt 0.375000 0.529125
vt 0.404125 0.529125
vt 0.654125 0.529125
vt 0.625000 0.470875
vt 0.595875 0.500000
vt 0.595875 0.529125
vt 0.595875 0.470875
vt 0.154125 0.720875
vt 0.404125 0.970875
vt 0.154125 0.750000
vt 0.404125 0.000000
vt 0.404125 0.029125
vt 0.125000 0.720875
vt 0.595875 0.000000
vt 0.595875 0.970875
vt 0.625000 0.029125
vt 0.845875 0.720875
vt 0.625000 0.970875
vt 0.595875 0.029125
vt 0.154125 0.529125
vt 0.125000 0.529125
vt 0.404125 0.220875
vt 0.404125 0.279125
vt 0.154125 0.500000
vt 0.625000 0.279125
vt 0.845875 0.529125
vt 0.625000 0.220875
vt 0.595875 0.250000
vt 0.595875 0.279125
vt 0.595875 0.220875
vt 0.345875 0.720875
vt 0.375000 0.720875
vt 0.404125 0.720875
vt 0.404125 0.779125
vt 0.345875 0.750000
vt 0.625000 0.779125
vt 0.654125 0.720875
vt 0.595875 0.779125
vt 0.595875 0.750000
vt 0.595875 0.720875
vt 0.345875 0.529125
vt 0.345875 0.500000
vt 0.404125 0.470875
vt 0.375000 0.529125
vt 0.404125 0.529125
vt 0.654125 0.529125
vt 0.625000 0.470875
vt 0.595875 0.500000
vt 0.595875 0.529125
vt 0.595875 0.470875
vt 0.154125 0.720875
vt 0.404125 0.970875
vt 0.154125 0.750000
vt 0.404125 0.000000
vt 0.404125 0.029125
vt 0.125000 0.720875
vt 0.595875 0.000000
vt 0.595875 0.970875
vt 0.845875 0.720875
vt 0.625000 0.029125
vt 0.625000 0.970875
vt 0.595875 0.029125
vt 0.154125 0.529125
vt 0.125000 0.529125
vt 0.404125 0.220875
vt 0.404125 0.279125
vt 0.154125 0.500000
vt 0.845875 0.529125
vt 0.625000 0.220875
vt 0.625000 0.279125
vt 0.595875 0.250000
vt 0.595875 0.279125
vt 0.595875 0.220875
vt 0.345875 0.720875
vt 0.375000 0.720875
vt 0.404125 0.720875
vt 0.404125 0.779125
vt 0.345875 0.750000
vt 0.654125 0.720875
vt 0.625000 0.779125
vt 0.595875 0.779125
vt 0.595875 0.750000
vt 0.595875 0.720875
vt 0.345875 0.529125
vt 0.345875 0.500000
vt 0.404125 0.470875
vt 0.375000 0.529125
vt 0.404125 0.529125
vt 0.654125 0.529125
vt 0.625000 0.470875
vt 0.595875 0.500000
vt 0.595875 0.529125
vt 0.595875 0.470875
vt 0.154125 0.720875
vt 0.404125 0.000000
vt 0.404125 0.970875
vt 0.154125 0.750000
vt 0.125000 0.720875
vt 0.404125 0.029125
vt 0.595875 0.000000
vt 0.595875 0.970875
vt 0.845875 0.720875
vt 0.625000 0.029125
vt 0.625000 0.970875
vt 0.595875 0.029125
vt 0.154125 0.529125
vt 0.125000 0.529125
vt 0.404125 0.220875
vt 0.404125 0.279125
vt 0.154125 0.500000
vt 0.625000 0.279125
vt 0.845875 0.529125
vt 0.625000 0.220875
vt 0.595875 0.250000
vt 0.595875 0.279125
vt 0.595875 0.220875
vt 0.345875 0.720875
vt 0.375000 0.720875
vt 0.404125 0.720875
vt 0.404125 0.779125
vt 0.345875 0.750000
vt 0.654125 0.720875
vt 0.625000 0.779125
vt 0.595875 0.779125
vt 0.595875 0.750000
vt 0.595875 0.720875
vt 0.345875 0.529125
vt 0.345875 0.500000
vt 0.404125 0.470875
vt 0.375000 0.529125
vt 0.404125 0.529125
vt 0.625000 0.470875
vt 0.654125 0.529125
vt 0.595875 0.500000
vt 0.595875 0.529125
vt 0.595875 0.470875
vt 0.154125 0.720875
vt 0.404125 0.970875
vt 0.154125 0.750000
vt 0.404125 0.000000
vt 0.404125 0.029125
vt 0.125000 0.720875
vt 0.595875 0.000000
vt 0.595875 0.970875
vt 0.845875 0.720875
vt 0.625000 0.029125
vt 0.625000 0.970875
vt 0.595875 0.029125
vt 0.154125 0.529125
vt 0.125000 0.529125
vt 0.404125 0.220875
vt 0.404125 0.279125
vt 0.154125 0.500000
vt 0.625000 0.279125
vt 0.845875 0.529125
vt 0.625000 0.220875
vt 0.595875 0.250000
vt 0.595875 0.279125
vt 0.595875 0.220875
vt 0.345875 0.720875
vt 0.375000 0.720875
vt 0.404125 0.720875
vt 0.404125 0.779125
vt 0.345875 0.750000
vt 0.654125 0.720875
vt 0.625000 0.779125
vt 0.595875 0.779125
vt 0.595875 0.750000
vt 0.595875 0.720875
vt 0.345875 0.529125
vt 0.345875 0.500000
vt 0.404125 0.470875
vt 0.375000 0.529125
vt 0.404125 0.529125
vt 0.625000 0.470875
vt 0.654125 0.529125
vt 0.595875 0.500000
vt 0.595875 0.529125
vt 0.595875 0.470875
vt 0.154125 0.720875
vt 0.404125 0.970875
vt 0.154125 0.750000
vt 0.404125 0.000000
vt 0.404125 0.029125
vt 0.125000 0.720875
vt 0.595875 0.000000
vt 0.595875 0.970875
vt 0.845875 0.720875
vt 0.625000 0.029125
vt 0.625000 0.970875
vt 0.595875 0.029125
vt 0.154125 0.529125
vt 0.125000 0.529125
vt 0.404125 0.220875
vt 0.404125 0.279125
vt 0.154125 0.500000
vt 0.845875 0.529125
vt 0.625000 0.220875
vt 0.625000 0.279125
vt 0.595875 0.250000
vt 0.595875 0.279125
vt 0.595875 0.220875
vt 0.345875 0.720875
vt 0.375000 0.720875
vt 0.404125 0.720875
vt 0.404125 0.779125
vt 0.345875 0.750000
vt 0.625000 0.779125
vt 0.654125 0.720875
vt 0.595875 0.779125
vt 0.595875 0.750000
vt 0.595875 0.720875
vt 0.345875 0.529125
vt 0.345875 0.500000
vt 0.404125 0.470875
vt 0.375000 0.529125
vt 0.404125 0.529125
vt 0.654125 0.529125
vt 0.625000 0.470875
vt 0.595875 0.500000
vt 0.595875 0.529125
vt 0.595875 0.470875
vt 0.154125 0.720875
vt 0.404125 0.970875
vt 0.404125 0.000000
vt 0.154125 0.750000
vt 0.125000 0.720875
vt 0.404125 0.029125
vt 0.595875 0.000000
vt 0.595875 0.970875
vt 0.845875 0.720875
vt 0.625000 0.029125
vt 0.625000 0.970875
vt 0.595875 0.029125
vt 0.154125 0.529125
vt 0.125000 0.529125
vt 0.404125 0.220875
vt 0.404125 0.279125
vt 0.154125 0.500000
vt 0.625000 0.279125
vt 0.845875 0.529125
vt 0.625000 0.220875
vt 0.595875 0.250000
vt 0.595875 0.279125
vt 0.595875 0.220875
vt 0.345875 0.720875
vt 0.375000 0.720875
vt 0.404125 0.720875
vt 0.404125 0.779125
vt 0.345875 0.750000
vt 0.625000 0.779125
vt 0.654125 0.720875
vt 0.595875 0.779125
vt 0.595875 0.750000
vt 0.595875 0.720875
vt 0.345875 0.529125
vt 0.345875 0.500000
vt 0.404125 0.470875
vt 0.375000 0.529125
vt 0.404125 0.529125
vt 0.654125 0.529125
vt 0.625000 0.470875
vt 0.595875 0.500000
vt 0.595875 0.529125
vt 0.595875 0.470875
vt 0.154125 0.720875
vt 0.404125 0.000000
vt 0.404125 0.970875
vt 0.154125 0.750000
vt 0.125000 0.720875
vt 0.404125 0.029125
vt 0.595875 0.000000
vt 0.595875 0.970875
vt 0.625000 0.029125
vt 0.845875 0.720875
vt 0.625000 0.970875
vt 0.595875 0.029125
vt 0.154125 0.529125
vt 0.125000 0.529125
vt 0.404125 0.220875
vt 0.404125 0.279125
vt 0.154125 0.500000
vt 0.845875 0.529125
vt 0.625000 0.220875
vt 0.625000 0.279125
vt 0.595875 0.250000
vt 0.595875 0.279125
vt 0.595875 0.220875
vt 0.345875 0.720875
vt 0.375000 0.720875
vt 0.404125 0.720875
vt 0.404125 0.779125
vt 0.345875 0.750000
vt 0.654125 0.720875
vt 0.625000 0.779125
vt 0.595875 0.779125
vt 0.595875 0.750000
vt 0.595875 0.720875
vt 0.345875 0.529125
vt 0.345875 0.500000
vt 0.404125 0.470875
vt 0.375000 0.529125
vt 0.404125 0.529125
vt 0.654125 0.529125
vt 0.625000 0.470875
vt 0.595875 0.500000
vt 0.595875 0.529125
vt 0.595875 0.470875
vt 0.154125 0.720875
vt 0.404125 0.970875
vt 0.404125 0.000000
vt 0.154125 0.750000
vt 0.404125 0.029125
vt 0.125000 0.720875
vt 0.595875 0.000000
vt 0.595875 0.970875
vt 0.845875 0.720875
vt 0.625000 0.029125
vt 0.625000 0.970875
vt 0.595875 0.029125
vt 0.154125 0.529125
vt 0.125000 0.529125
vt 0.404125 0.220875
vt 0.404125 0.279125
vt 0.154125 0.500000
vt 0.845875 0.529125
vt 0.625000 0.220875
vt 0.625000 0.279125
vt 0.595875 0.250000
vt 0.595875 0.279125
vt 0.595875 0.220875
vt 0.345875 0.720875
vt 0.375000 0.720875
vt 0.404125 0.720875
vt 0.404125 0.779125
vt 0.345875 0.750000
vt 0.625000 0.779125
vt 0.654125 0.720875
vt 0.595875 0.779125
vt 0.595875 0.750000
vt 0.595875 0.720875
vt 0.345875 0.529125
vt 0.345875 0.500000
vt 0.404125 0.470875
vt 0.375000 0.529125
vt 0.404125 0.529125
vt 0.625000 0.470875
vt 0.654125 0.529125
vt 0.595875 0.500000
vt 0.595875 0.529125
vt 0.595875 0.470875
vt 0.154125 0.720875
vt 0.154125 0.750000
vt 0.404125 0.970875
vt 0.404125 0.000000
vt 0.404125 0.029125
vt 0.125000 0.720875
vt 0.595875 0.000000
vt 0.595875 0.970875
vt 0.845875 0.720875
vt 0.625000 0.029125
vt 0.625000 0.970875
vt 0.595875 0.029125
vt 0.154125 0.529125
vt 0.125000 0.529125
vt 0.404125 0.220875
vt 0.404125 0.279125
vt 0.154125 0.500000
vt 0.625000 0.279125
vt 0.845875 0.529125
vt 0.625000 0.220875
vt 0.595875 0.250000
vt 0.595875 0.279125
vt 0.595875 0.220875
vt 0.345875 0.720875
vt 0.375000 0.720875
vt 0.404125 0.720875
vt 0.404125 0.779125
vt 0.345875 0.750000
vt 0.625000 0.779125
vt 0.654125 0.720875
vt 0.595875 0.779125
vt 0.595875 0.750000
vt 0.595875 0.720875
vt 0.345875 0.529125
vt 0.345875 0.500000
vt 0.404125 0.470875
vt 0.375000 0.529125
vt 0.404125 0.529125
vt 0.654125 0.529125
vt 0.625000 0.470875
vt 0.595875 0.500000
vt 0.595875 0.529125
vt 0.595875 0.470875
vt 0.154125 0.720875
vt 0.404125 0.970875
vt 0.404125 0.000000
vt 0.154125 0.750000
vt 0.404125 0.029125
vt 0.125000 0.720875
vt 0.595875 0.000000
vt 0.595875 0.970875
vt 0.625000 0.029125
vt 0.845875 0.720875
vt 0.625000 0.970875
vt 0.595875 0.029125
vt 0.154125 0.529125
vt 0.125000 0.529125
vt 0.404125 0.220875
vt 0.404125 0.279125
vt 0.154125 0.500000
vt 0.625000 0.279125
vt 0.845875 0.529125
vt 0.625000 0.220875
vt 0.595875 0.250000
vt 0.595875 0.279125
vt 0.595875 0.220875
vt 0.345875 0.720875
vt 0.375000 0.720875
vt 0.404125 0.720875
vt 0.404125 0.779125
vt 0.345875 0.750000
vt 0.625000 0.779125
vt 0.654125 0.720875
vt 0.595875 0.779125
vt 0.595875 0.750000
vt 0.595875 0.720875
vt 0.345875 0.529125
vt 0.345875 0.500000
vt 0.404125 0.470875
vt 0.375000 0.529125
vt 0.404125 0.529125
vt 0.654125 0.529125
vt 0.625000 0.470875
vt 0.595875 0.500000
vt 0.595875 0.529125
vt 0.595875 0.470875
vt 0.154125 0.720875
vt 0.404125 0.970875
vt 0.404125 0.000000
vt 0.154125 0.750000
vt 0.404125 0.029125
vt 0.125000 0.720875
vt 0.595875 0.000000
vt 0.595875 0.970875
vt 0.625000 0.029125
vt 0.845875 0.720875
vt 0.625000 0.970875
vt 0.595875 0.029125
vt 0.154125 0.529125
vt 0.125000 0.529125
vt 0.404125 0.220875
vt 0.404125 0.279125
vt 0.154125 0.500000
vt 0.625000 0.279125
vt 0.845875 0.529125
vt 0.625000 0.220875
vt 0.595875 0.250000
vt 0.595875 0.279125
vt 0.595875 0.220875
vt 0.345875 0.720875
vt 0.375000 0.720875
vt 0.404125 0.720875
vt 0.404125 0.779125
vt 0.345875 0.750000
vt 0.625000 0.779125
vt 0.654125 0.720875
vt 0.595875 0.779125
vt 0.595875 0.750000
vt 0.595875 0.720875
vt 0.345875 0.529125
vt 0.345875 0.500000
vt 0.404125 0.470875
vt 0.375000 0.529125
vt 0.404125 0.529125
vt 0.654125 0.529125
vt 0.625000 0.470875
vt 0.595875 0.500000
vt 0.595875 0.529125
vt 0.595875 0.470875
vt 0.154125 0.720875
vt 0.404125 0.970875
vt 0.404125 0.000000
vt 0.154125 0.750000
vt 0.125000 0.720875
vt 0.404125 0.029125
vt 0.595875 0.000000
vt 0.595875 0.970875
vt 0.845875 0.720875
vt 0.625000 0.029125
vt 0.625000 0.970875
vt 0.595875 0.029125
vt 0.154125 0.529125
vt 0.125000 0.529125
vt 0.404125 0.220875
vt 0.404125 0.279125
vt 0.154125 0.500000
vt 0.845875 0.529125
vt 0.625000 0.220875
vt 0.625000 0.279125
vt 0.595875 0.250000
vt 0.595875 0.279125
vt 0.595875 0.220875
vt 0.345875 0.720875
vt 0.375000 0.720875
vt 0.404125 0.720875
vt 0.404125 0.779125
vt 0.345875 0.750000
vt 0.625000 0.779125
vt 0.654125 0.720875
vt 0.595875 0.779125
vt 0.595875 0.750000
vt 0.595875 0.720875
vt 0.345875 0.529125
vt 0.345875 0.500000
vt 0.404125 0.470875
vt 0.375000 0.529125
vt 0.404125 0.529125
vt 0.625000 0.470875
vt 0.654125 0.529125
vt 0.595875 0.500000
vt 0.595875 0.529125
vt 0.595875 0.470875
vt 0.154125 0.720875
vt 0.404125 0.970875
vt 0.404125 0.000000
vt 0.154125 0.750000
vt 0.125000 0.720875
vt 0.404125 0.029125
vt 0.595875 0.000000
vt 0.595875 0.970875
vt 0.845875 0.720875
vt 0.625000 0.029125
vt 0.625000 0.970875
vt 0.595875 0.029125
vt 0.154125 0.529125
vt 0.125000 0.529125
vt 0.404125 0.220875
vt 0.404125 0.279125
vt 0.154125 0.500000
vt 0.625000 0.279125
vt 0.845875 0.529125
vt 0.625000 0.220875
vt 0.595875 0.250000
vt 0.595875 0.279125
vt 0.595875 0.220875
vt 0.345875 0.720875
vt 0.375000 0.720875
vt 0.404125 0.720875
vt 0.404125 0.779125
vt 0.345875 0.750000
vt 0.654125 0.720875
vt 0.625000 0.779125
vt 0.595875 0.779125
vt 0.595875 0.750000
vt 0.595875 0.720875
vt 0.345875 0.529125
vt 0.345875 0.500000
vt 0.404125 0.470875
vt 0.375000 0.529125
vt 0.404125 0.529125
vt 0.654125 0.529125
vt 0.625000 0.470875
vt 0.595875 0.500000
vt 0.595875 0.529125
vt 0.595875 0.470875
vt 0.154125 0.720875
vt 0.404125 0.970875
vt 0.154125 0.750000
vt 0.404125 0.000000
vt 0.404125 0.029125
vt 0.125000 0.720875
vt 0.595875 0.000000
vt 0.595875 0.970875
vt 0.625000 0.029125
vt 0.845875 0.720875
vt 0.625000 0.970875
vt 0.595875 0.029125
vt 0.154125 0.529125
vt 0.125000 0.529125
vt 0.404125 0.220875
vt 0.404125 0.279125
vt 0.154125 0.500000
vt 0.625000 0.279125
vt 0.845875 0.529125
vt 0.625000 0.220875
vt 0.595875 0.250000
vt 0.595875 0.279125
vt 0.595875 0.220875
vt 0.345875 0.720875
vt 0.375000 0.720875
vt 0.404125 0.720875
vt 0.404125 0.779125
vt 0.345875 0.750000
vt 0.654125 0.720875
vt 0.625000 0.779125
vt 0.595875 0.779125
vt 0.595875 0.750000
vt 0.595875 0.720875
vt 0.345875 0.529125
vt 0.345875 0.500000
vt 0.404125 0.470875
vt 0.375000 0.529125
vt 0.404125 0.529125
vt 0.625000 0.470875
vt 0.654125 0.529125
vt 0.595875 0.500000
vt 0.595875 0.529125
vt 0.595875 0.470875
vt 0.154125 0.720875
vt 0.404125 0.970875
vt 0.154125 0.750000
vt 0.404125 0.000000
vt 0.404125 0.029125
vt 0.125000 0.720875
vt 0.595875 0.000000
vt 0.595875 0.970875
vt 0.845875 0.720875
vt 0.625000 0.029125
vt 0.625000 0.970875
vt 0.595875 0.029125
vt 0.154125 0.529125
vt 0.125000 0.529125
vt 0.404125 0.220875
vt 0.404125 0.279125
vt 0.154125 0.500000
vt 0.625000 0.279125
vt 0.845875 0.529125
vt 0.625000 0.220875
vt 0.595875 0.250000
vt 0.595875 0.279125
vt 0.595875 0.220875
vt 0.345875 0.720875
vt 0.375000 0.720875
vt 0.404125 0.720875
vt 0.404125 0.779125
vt 0.345875 0.750000
vt 0.654125 0.720875
vt 0.625000 0.779125
vt 0.595875 0.779125
vt 0.595875 0.750000
vt 0.595875 0.720875
vt 0.345875 0.529125
vt 0.345875 0.500000
vt 0.404125 0.470875
vt 0.375000 0.529125
vt 0.404125 0.529125
vt 0.625000 0.470875
vt 0.654125 0.529125
vt 0.595875 0.500000
vt 0.595875 0.529125
vt 0.595875 0.470875
vt 0.154125 0.720875
vt 0.404125 0.970875
vt 0.154125 0.750000
vt 0.404125 0.000000
vt 0.404125 0.029125
vt 0.125000 0.720875
vt 0.595875 0.000000
vt 0.595875 0.970875
vt 0.625000 0.029125
vt 0.845875 0.720875
vt 0.625000 0.970875
vt 0.595875 0.029125
vt 0.154125 0.529125
vt 0.125000 0.529125
vt 0.404125 0.220875
vt 0.404125 0.279125
vt 0.154125 0.500000
vt 0.845875 0.529125
vt 0.625000 0.220875
vt 0.625000 0.279125
vt 0.595875 0.250000
vt 0.595875 0.279125
vt 0.595875 0.220875
vt 0.345875 0.720875
vt 0.375000 0.720875
vt 0.404125 0.720875
vt 0.404125 0.779125
vt 0.345875 0.750000
vt 0.625000 0.779125
vt 0.654125 0.720875
vt 0.595875 0.779125
vt 0.595875 0.750000
vt 0.595875 0.720875
vt 0.345875 0.529125
vt 0.345875 0.500000
vt 0.404125 0.470875
vt 0.375000 0.529125
vt 0.404125 0.529125
vt 0.625000 0.470875
vt 0.654125 0.529125
vt 0.595875 0.500000
vt 0.595875 0.529125
vt 0.595875 0.470875
vt 0.154125 0.720875
vt 0.404125 0.970875
vt 0.404125 0.000000
vt 0.154125 0.750000
vt 0.404125 0.029125
vt 0.125000 0.720875
vt 0.595875 0.000000
vt 0.595875 0.970875
vt 0.845875 0.720875
vt 0.625000 0.029125
vt 0.625000 0.970875
vt 0.595875 0.029125
vt 0.154125 0.529125
vt 0.125000 0.529125
vt 0.404125 0.220875
vt 0.404125 0.279125
vt 0.154125 0.500000
vt 0.845875 0.529125
vt 0.625000 0.220875
vt 0.625000 0.279125
vt 0.595875 0.250000
vt 0.595875 0.279125
vt 0.595875 0.220875
vt 0.345875 0.720875
vt 0.375000 0.720875
vt 0.404125 0.720875
vt 0.404125 0.779125
vt 0.345875 0.750000
vt 0.625000 0.779125
vt 0.654125 0.720875
vt 0.595875 0.779125
vt 0.595875 0.750000
vt 0.595875 0.720875
vt 0.345875 0.529125
vt 0.345875 0.500000
vt 0.404125 0.470875
vt 0.375000 0.529125
vt 0.404125 0.529125
vt 0.625000 0.470875
vt 0.654125 0.529125
vt 0.595875 0.500000
vt 0.595875 0.529125
vt 0.595875 0.470875
vt 0.154125 0.720875
vt 0.404125 0.970875
vt 0.404125 0.000000
vt 0.154125 0.750000
vt 0.404125 0.029125
vt 0.125000 0.720875
vt 0.595875 0.000000
vt 0.595875 0.970875
vt 0.625000 0.029125
vt 0.845875 0.720875
vt 0.625000 0.970875
vt 0.595875 0.029125
vt 0.154125 0.529125
vt 0.125000 0.529125
vt 0.404125 0.220875
vt 0.404125 0.279125
vt 0.154125 0.500000
vt 0.625000 0.279125
vt 0.845875 0.529125
vt 0.625000 0.220875
vt 0.595875 0.250000
vt 0.595875 0.279125
vt 0.595875 0.220875
vt 0.345875 0.720875
vt 0.375000 0.720875
vt 0.404125 0.720875
vt 0.404125 0.779125
vt 0.345875 0.750000
vt 0.654125 0.720875
vt 0.625000 0.779125
vt 0.595875 0.779125
vt 0.595875 0.750000
vt 0.595875 0.720875
vt 0.345875 0.529125
vt 0.345875 0.500000
vt 0.404125 0.470875
vt 0.375000 0.529125
vt 0.404125 0.529125
vt 0.625000 0.470875
vt 0.654125 0.529125
vt 0.595875 0.500000
vt 0.595875 0.529125
vt 0.595875 0.470875
vt 0.154125 0.720875
vt 0.404125 0.000000
vt 0.404125 0.970875
vt 0.154125 0.750000
vt 0.125000 0.720875
vt 0.404125 0.029125
vt 0.595875 0.000000
vt 0.595875 0.970875
vt 0.625000 0.029125
vt 0.845875 0.720875
vt 0.625000 0.970875
vt 0.595875 0.029125
vt 0.154125 0.529125
vt 0.125000 0.529125
vt 0.404125 0.220875
vt 0.404125 0.279125
vt 0.154125 0.500000
vt 0.845875 0.529125
vt 0.625000 0.220875
vt 0.625000 0.279125
vt 0.595875 0.250000
vt 0.595875 0.279125
vt 0.595875 0.220875
vt 0.345875 0.720875
vt 0.375000 0.720875
vt 0.404125 0.720875
vt 0.404125 0.779125
vt 0.345875 0.750000
vt 0.654125 0.720875
vt 0.625000 0.779125
vt 0.595875 0.779125
vt 0.595875 0.750000
vt 0.595875 0.720875
vt 0.345875 0.529125
vt 0.345875 0.500000
vt 0.404125 0.470875
vt 0.375000 0.529125
vt 0.404125 0.529125
vt 0.625000 0.470875
vt 0.654125 0.529125
vt 0.595875 0.500000
vt 0.595875 0.529125
vt 0.595875 0.470875
vt 0.154125 0.720875
vt 0.154125 0.750000
vt 0.404125 0.970875
vt 0.404125 0.000000
vt 0.404125 0.029125
vt 0.125000 0.720875
vt 0.595875 0.000000
vt 0.595875 0.970875
vt 0.845875 0.720875
vt 0.625000 0.029125
vt 0.625000 0.970875
vt 0.595875 0.029125
vt 0.154125 0.529125
vt 0.125000 0.529125
vt 0.404125 0.220875
vt 0.404125 0.279125
vt 0.154125 0.500000
vt 0.625000 0.279125
vt 0.845875 0.529125
vt 0.625000 0.220875
vt 0.595875 0.250000
vt 0.595875 0.279125
vt 0.595875 0.220875
vt 0.345875 0.720875
vt 0.375000 0.720875
vt 0.404125 0.720875
vt 0.404125 0.779125
vt 0.345875 0.750000
vt 0.654125 0.720875
vt 0.625000 0.779125
vt 0.595875 0.779125
vt 0.595875 0.750000
vt 0.595875 0.720875
vt 0.345875 0.529125
vt 0.345875 0.500000
vt 0.404125 0.470875
vt 0.375000 0.529125
vt 0.404125 0.529125
vt 0.654125 0.529125
vt 0.625000 0.470875
vt 0.595875 0.500000
vt 0.595875 0.529125
vt 0.595875 0.470875
vt 0.154125 0.720875
vt 0.404125 0.970875
vt 0.404125 0.000000
vt 0.154125 0.750000
vt 0.404125 0.029125
vt 0.125000 0.720875
vt 0.595875 0.000000
vt 0.595875 0.970875
vt 0.625000 0.029125
vt 0.845875 0.720875
vt 0.625000 0.970875
vt 0.595875 0.029125
vt 0.154125 0.529125
vt 0.125000 0.529125
vt 0.404125 0.220875
vt 0.404125 0.279125
vt 0.154125 0.500000
vt 0.845875 0.529125
vt 0.625000 0.220875
vt 0.625000 0.279125
vt 0.595875 0.250000
vt 0.595875 0.279125
vt 0.595875 0.220875
vt 0.345875 0.720875
vt 0.375000 0.720875
vt 0.404125 0.720875
vt 0.404125 0.779125
vt 0.345875 0.750000
vt 0.625000 0.779125
vt 0.654125 0.720875
vt 0.595875 0.779125
vt 0.595875 0.750000
vt 0.595875 0.720875
vt 0.345875 0.529125
vt 0.345875 0.500000
vt 0.404125 0.470875
vt 0.375000 0.529125
vt 0.404125 0.529125
vt 0.625000 0.470875
vt 0.654125 0.529125
vt 0.595875 0.500000
vt 0.595875 0.529125
vt 0.595875 0.470875
vt 0.154125 0.720875
vt 0.404125 0.000000
vt 0.154125 0.750000
vt 0.404125 0.970875
vt 0.125000 0.720875
vt 0.404125 0.029125
vt 0.595875 0.000000
vt 0.595875 0.970875
vt 0.625000 0.029125
vt 0.845875 0.720875
vt 0.625000 0.970875
vt 0.595875 0.029125
vt 0.154125 0.529125
vt 0.125000 0.529125
vt 0.404125 0.220875
vt 0.404125 0.279125
vt 0.154125 0.500000
vt 0.625000 0.279125
vt 0.845875 0.529125
vt 0.625000 0.220875
vt 0.595875 0.250000
vt 0.595875 0.279125
vt 0.595875 0.220875
vt 0.345875 0.720875
vt 0.375000 0.720875
vt 0.404125 0.720875
vt 0.404125 0.779125
vt 0.345875 0.750000
vt 0.625000 0.779125
vt 0.654125 0.720875
vt 0.595875 0.779125
vt 0.595875 0.750000
vt 0.595875 0.720875
vt 0.345875 0.529125
vt 0.345875 0.500000
vt 0.404125 0.470875
vt 0.375000 0.529125
vt 0.404125 0.529125
vt 0.625000 0.470875
vt 0.654125 0.529125
vt 0.595875 0.500000
vt 0.595875 0.529125
vt 0.595875 0.470875
vt 0.154125 0.720875
vt 0.404125 0.970875
vt 0.404125 0.000000
vt 0.154125 0.750000
vt 0.125000 0.720875
vt 0.404125 0.029125
vt 0.595875 0.000000
vt 0.595875 0.970875
vt 0.845875 0.720875
vt 0.625000 0.029125
vt 0.625000 0.970875
vt 0.595875 0.029125
vt 0.154125 0.529125
vt 0.125000 0.529125
vt 0.404125 0.220875
vt 0.404125 0.279125
vt 0.154125 0.500000
vt 0.845875 0.529125
vt 0.625000 0.220875
vt 0.625000 0.279125
vt 0.595875 0.250000
vt 0.595875 0.279125
vt 0.595875 0.220875
vt 0.345875 0.720875
vt 0.375000 0.720875
vt 0.404125 0.720875
vt 0.404125 0.779125
vt 0.345875 0.750000
vt 0.625000 0.779125
vt 0.654125 0.720875
vt 0.595875 0.779125
vt 0.595875 0.750000
vt 0.595875 0.720875
vt 0.345875 0.529125
vt 0.345875 0.500000
vt 0.404125 0.470875
vt 0.375000 0.529125
vt 0.404125 0.529125
vt 0.625000 0.470875
vt 0.654125 0.529125
vt 0.595875 0.500000
vt 0.595875 0.529125
vt 0.595875 0.470875
vt 0.154125 0.720875
vt 0.404125 0.000000
vt 0.404125 0.970875
vt 0.154125 0.750000
vt 0.125000 0.720875
vt 0.404125 0.029125
vt 0.595875 0.000000
vt 0.595875 0.970875
vt 0.625000 0.029125
vt 0.845875 0.720875
vt 0.625000 0.970875
vt 0.595875 0.029125
vt 0.154125 0.529125
vt 0.125000 0.529125
vt 0.404125 0.220875
vt 0.404125 0.279125
vt 0.154125 0.500000
vt 0.625000 0.279125
vt 0.845875 0.529125
vt 0.625000 0.220875
vt 0.595875 0.250000
vt 0.595875 0.279125
vt 0.595875 0.220875
vt 0.345875 0.720875
vt 0.375000 0.720875
vt 0.404125 0.720875
vt 0.404125 0.779125
vt 0.345875 0.750000
vt 0.625000 0.779125
vt 0.654125 0.720875
vt 0.595875 0.779125
vt 0.595875 0.750000
vt 0.595875 0.720875
vt 0.345875 0.529125
vt 0.345875 0.500000
vt 0.404125 0.470875
vt 0.375000 0.529125
vt 0.404125 0.529125
vt 0.654125 0.529125
vt 0.625000 0.470875
vt 0.595875 0.500000
vt 0.595875 0.529125
vt 0.595875 0.470875
vt 0.154125 0.720875
vt 0.404125 0.970875
vt 0.404125 0.000000
vt 0.154125 0.750000
vt 0.404125 0.029125
vt 0.125000 0.720875
vt 0.595875 0.000000
vt 0.595875 0.970875
vt 0.845875 0.720875
vt 0.625000 0.029125
vt 0.625000 0.970875
vt 0.595875 0.029125
vt 0.154125 0.529125
vt 0.125000 0.529125
vt 0.404125 0.220875
vt 0.404125 0.279125
vt 0.154125 0.500000
vt 0.845875 0.529125
vt 0.625000 0.220875
vt 0.625000 0.279125
vt 0.595875 0.250000
vt 0.595875 0.279125
vt 0.595875 0.220875
vt 0.345875 0.720875
vt 0.375000 0.720875
vt 0.404125 0.720875
vt 0.404125 0.779125
vt 0.345875 0.750000
vt 0.654125 0.720875
vt 0.625000 0.779125
vt 0.595875 0.779125
vt 0.595875 0.750000
vt 0.595875 0.720875
vt 0.345875 0.529125
vt 0.345875 0.500000
vt 0.404125 0.470875
vt 0.375000 0.529125
vt 0.404125 0.529125
vt 0.625000 0.470875
vt 0.654125 0.529125
vt 0.595875 0.500000
vt 0.595875 0.529125
vt 0.595875 0.470875
vt 0.154125 0.720875
vt 0.404125 0.000000
vt 0.404125 0.970875
vt 0.154125 0.750000
vt 0.125000 0.720875
vt 0.404125 0.029125
vt 0.595875 0.000000
vt 0.595875 0.970875
vt 0.845875 0.720875
vt 0.625000 0.029125
vt 0.625000 0.970875
vt 0.595875 0.029125
vt 0.154125 0.529125
vt 0.125000 0.529125
vt 0.404125 0.220875
vt 0.404125 0.279125
vt 0.154125 0.500000
vt 0.845875 0.529125
vt 0.625000 0.220875
vt 0.625000 0.279125
vt 0.595875 0.250000
vt 0.595875 0.279125
vt 0.595875 0.220875
vt 0.345875 0.720875
vt 0.375000 0.720875
vt 0.404125 0.720875
vt 0.404125 0.779125
vt 0.345875 0.750000
vt 0.654125 0.720875
vt 0.625000 0.779125
vt 0.595875 0.779125
vt 0.595875 0.750000
vt 0.595875 0.720875
vt 0.345875 0.529125
vt 0.345875 0.500000
vt 0.404125 0.470875
vt 0.375000 0.529125
vt 0.404125 0.529125
vt 0.654125 0.529125
vt 0.625000 0.470875
vt 0.595875 0.500000
vt 0.595875 0.529125
vt 0.595875 0.470875
vt 0.154125 0.720875
vt 0.404125 0.000000
vt 0.404125 0.970875
vt 0.154125 0.750000
vt 0.125000 0.720875
vt 0.404125 0.029125
vt 0.595875 0.000000
vt 0.595875 0.970875
vt 0.625000 0.029125
vt 0.845875 0.720875
vt 0.625000 0.970875
vt 0.595875 0.029125
vt 0.154125 0.529125
vt 0.125000 0.529125
vt 0.404125 0.220875
vt 0.404125 0.279125
vt 0.154125 0.500000
vt 0.845875 0.529125
vt 0.625000 0.220875
vt 0.625000 0.279125
vt 0.595875 0.250000
vt 0.595875 0.279125
vt 0.595875 0.220875
vt 0.345875 0.720875
vt 0.375000 0.720875
vt 0.404125 0.720875
vt 0.404125 0.779125
vt 0.345875 0.750000
vt 0.654125 0.720875
vt 0.625000 0.779125
vt 0.595875 0.779125
vt 0.595875 0.750000
vt 0.595875 0.720875
vt 0.345875 0.529125
vt 0.345875 0.500000
vt 0.404125 0.470875
vt 0.375000 0.529125
vt 0.404125 0.529125
vt 0.625000 0.470875
vt 0.654125 0.529125
vt 0.595875 0.500000
vt 0.595875 0.529125
vt 0.595875 0.470875
vt 0.154125 0.720875
vt 0.404125 0.000000
vt 0.404125 0.970875
vt 0.154125 0.750000
vt 0.125000 0.720875
vt 0.404125 0.029125
vt 0.595875 0.000000
vt 0.595875 0.970875
vt 0.845875 0.720875
vt 0.625000 0.029125
vt 0.625000 0.970875
vt 0.595875 0.029125
vt 0.154125 0.529125
vt 0.125000 0.529125
vt 0.404125 0.220875
vt 0.404125 0.279125
vt 0.154125 0.500000
vt 0.845875 0.529125
vt 0.625000 0.220875
vt 0.625000 0.279125
vt 0.595875 0.250000
vt 0.595875 0.279125
vt 0.595875 0.220875
vt 0.345875 0.720875
vt 0.375000 0.720875
vt 0.404125 0.720875
vt 0.404125 0.779125
vt 0.345875 0.750000
vt 0.654125 0.720875
vt 0.625000 0.779125
vt 0.595875 0.779125
vt 0.595875 0.750000
vt 0.595875 0.720875
vt 0.345875 0.529125
vt 0.345875 0.500000
vt 0.404125 0.470875
vt 0.375000 0.529125
vt 0.404125 0.529125
vt 0.625000 0.470875
vt 0.654125 0.529125
vt 0.595875 0.500000
vt 0.595875 0.529125
vt 0.595875 0.470875
vt 0.154125 0.720875
vt 0.404125 0.970875
vt 0.154125 0.750000
vt 0.404125 0.000000
vt 0.404125 0.029125
vt 0.125000 0.720875
vt 0.595875 0.000000
vt 0.595875 0.970875
vt 0.625000 0.029125
vt 0.845875 0.720875
vt 0.625000 0.970875
vt 0.595875 0.029125
vt 0.154125 0.529125
vt 0.125000 0.529125
vt 0.404125 0.220875
vt 0.404125 0.279125
vt 0.154125 0.500000
vt 0.625000 0.279125
vt 0.845875 0.529125
vt 0.625000 0.220875
vt 0.595875 0.250000
vt 0.595875 0.279125
vt 0.595875 0.220875
vt 0.345875 0.720875
vt 0.375000 0.720875
vt 0.404125 0.720875
vt 0.404125 0.779125
vt 0.345875 0.750000
vt 0.654125 0.720875
vt 0.625000 0.779125
vt 0.595875 0.779125
vt 0.595875 0.750000
vt 0.595875 0.720875
vt 0.345875 0.529125
vt 0.345875 0.500000
vt 0.404125 0.470875
vt 0.375000 0.529125
vt 0.404125 0.529125
vt 0.625000 0.470875
vt 0.654125 0.529125
vt 0.595875 0.500000
vt 0.595875 0.529125
vt 0.595875 0.470875
vt 0.154125 0.720875
vt 0.154125 0.750000
vt 0.404125 0.970875
vt 0.404125 0.000000
vt 0.404125 0.029125
vt 0.125000 0.720875
vt 0.595875 0.000000
vt 0.595875 0.970875
vt 0.625000 0.029125
vt 0.845875 0.720875
vt 0.625000 0.970875
vt 0.595875 0.029125
vt 0.154125 0.529125
vt 0.125000 0.529125
vt 0.404125 0.220875
vt 0.404125 0.279125
vt 0.154125 0.500000
vt 0.625000 0.279125
vt 0.845875 0.529125
vt 0.625000 0.220875
vt 0.595875 0.250000
vt 0.595875 0.279125
vt 0.595875 0.220875
vt 0.345875 0.720875
vt 0.375000 0.720875
vt 0.404125 0.720875
vt 0.404125 0.779125
vt 0.345875 0.750000
vt 0.654125 0.720875
vt 0.625000 0.779125
vt 0.595875 0.779125
vt 0.595875 0.750000
vt 0.595875 0.720875
vt 0.345875 0.529125
vt 0.345875 0.500000
vt 0.404125 0.470875
vt 0.375000 0.529125
vt 0.404125 0.529125
vt 0.654125 0.529125
vt 0.625000 0.470875
vt 0.595875 0.500000
vt 0.595875 0.529125
vt 0.595875 0.470875
vt 0.154125 0.720875
vt 0.404125 0.000000
vt 0.404125 0.970875
vt 0.154125 0.750000
vt 0.125000 0.720875
vt 0.404125 0.029125
vt 0.595875 0.000000
vt 0.595875 0.970875
vt 0.845875 0.720875
vt 0.625000 0.029125
vt 0.625000 0.970875
vt 0.595875 0.029125
vt 0.154125 0.529125
vt 0.125000 0.529125
vt 0.404125 0.220875
vt 0.404125 0.279125
vt 0.154125 0.500000
vt 0.625000 0.279125
vt 0.845875 0.529125
vt 0.625000 0.220875
vt 0.595875 0.250000
vt 0.595875 0.279125
vt 0.595875 0.220875
vt 0.345875 0.720875
vt 0.375000 0.720875
vt 0.404125 0.720875
vt 0.404125 0.779125
vt 0.345875 0.750000
vt 0.625000 0.779125
vt 0.654125 0.720875
vt 0.595875 0.779125
vt 0.595875 0.750000
vt 0.595875 0.720875
vt 0.345875 0.529125
vt 0.345875 0.500000
vt 0.404125 0.470875
vt 0.375000 0.529125
vt 0.404125 0.529125
vt 0.625000 0.470875
vt 0.654125 0.529125
vt 0.595875 0.500000
vt 0.595875 0.529125
vt 0.595875 0.470875
vt 0.154125 0.720875
vt 0.404125 0.970875
vt 0.404125 0.000000
vt 0.154125 0.750000
vt 0.404125 0.029125
vt 0.125000 0.720875
vt 0.595875 0.000000
vt 0.595875 0.970875
vt 0.845875 0.720875
vt 0.625000 0.029125
vt 0.625000 0.970875
vt 0.595875 0.029125
vt 0.154125 0.529125
vt 0.125000 0.529125
vt 0.404125 0.220875
vt 0.404125 0.279125
vt 0.154125 0.500000
vt 0.625000 0.279125
vt 0.845875 0.529125
vt 0.625000 0.220875
vt 0.595875 0.250000
vt 0.595875 0.279125
vt 0.595875 0.220875
vt 0.345875 0.720875
vt 0.375000 0.720875
vt 0.404125 0.720875
vt 0.404125 0.779125
vt 0.345875 0.750000
vt 0.625000 0.779125
vt 0.654125 0.720875
vt 0.595875 0.779125
vt 0.595875 0.750000
vt 0.595875 0.720875
vt 0.345875 0.529125
vt 0.345875 0.500000
vt 0.404125 0.470875
vt 0.375000 0.529125
vt 0.404125 0.529125
vt 0.654125 0.529125
vt 0.625000 0.470875
vt 0.595875 0.500000
vt 0.595875 0.529125
vt 0.595875 0.470875
vt 0.154125 0.720875
vt 0.154125 0.750000
vt 0.404125 0.970875
vt 0.404125 0.000000
vt 0.404125 0.029125
vt 0.125000 0.720875
vt 0.595875 0.000000
vt 0.595875 0.970875
vt 0.625000 0.029125
vt 0.845875 0.720875
vt 0.625000 0.970875
vt 0.595875 0.029125
vt 0.154125 0.529125
vt 0.125000 0.529125
vt 0.404125 0.220875
vt 0.404125 0.279125
vt 0.154125 0.500000
vt 0.625000 0.279125
vt 0.845875 0.529125
vt 0.625000 0.220875
vt 0.595875 0.250000
vt 0.595875 0.279125
vt 0.595875 0.220875
vt 0.345875 0.720875
vt 0.375000 0.720875
vt 0.404125 0.720875
vt 0.404125 0.779125
vt 0.345875 0.750000
vt 0.654125 0.720875
vt 0.625000 0.779125
vt 0.595875 0.779125
vt 0.595875 0.750000
vt 0.595875 0.720875
vt 0.345875 0.529125
vt 0.345875 0.500000
vt 0.404125 0.470875
vt 0.375000 0.529125
vt 0.404125 0.529125
vt 0.625000 0.470875
vt 0.654125 0.529125
vt 0.595875 0.500000
vt 0.595875 0.529125
vt 0.595875 0.470875
vt 0.154125 0.720875
vt 0.404125 0.000000
vt 0.404125 0.970875
vt 0.154125 0.750000
vt 0.125000 0.720875
vt 0.404125 0.029125
vt 0.595875 0.000000
vt 0.595875 0.970875
vt 0.625000 0.029125
vt 0.845875 0.720875
vt 0.625000 0.970875
vt 0.595875 0.029125
vt 0.154125 0.529125
vt 0.125000 0.529125
vt 0.404125 0.220875
vt 0.404125 0.279125
vt 0.154125 0.500000
vt 0.845875 0.529125
vt 0.625000 0.220875
vt 0.625000 0.279125
vt 0.595875 0.250000
vt 0.595875 0.279125
vt 0.595875 0.220875
vt 0.345875 0.720875
vt 0.375000 0.720875
vt 0.404125 0.720875
vt 0.404125 0.779125
vt 0.345875 0.750000
vt 0.625000 0.779125
vt 0.654125 0.720875
vt 0.595875 0.779125
vt 0.595875 0.750000
vt 0.595875 0.720875
vt 0.345875 0.529125
vt 0.345875 0.500000
vt 0.404125 0.470875
vt 0.375000 0.529125
vt 0.404125 0.529125
vt 0.654125 0.529125
vt 0.625000 0.470875
vt 0.595875 0.500000
vt 0.595875 0.529125
vt 0.595875 0.470875
vt 0.154125 0.720875
vt 0.404125 0.970875
vt 0.404125 0.000000
vt 0.154125 0.750000
vt 0.125000 0.720875
vt 0.404125 0.029125
vt 0.595875 0.000000
vt 0.595875 0.970875
vt 0.625000 0.029125
vt 0.845875 0.720875
vt 0.625000 0.970875
vt 0.595875 0.029125
vt 0.154125 0.529125
vt 0.125000 0.529125
vt 0.404125 0.220875
vt 0.404125 0.279125
vt 0.154125 0.500000
vt 0.845875 0.529125
vt 0.625000 0.220875
vt 0.625000 0.279125
vt 0.595875 0.250000
vt 0.595875 0.279125
vt 0.595875 0.220875
vt 0.345875 0.720875
vt 0.375000 0.720875
vt 0.404125 0.720875
vt 0.404125 0.779125
vt 0.345875 0.750000
vt 0.625000 0.779125
vt 0.654125 0.720875
vt 0.595875 0.779125
vt 0.595875 0.750000
vt 0.595875 0.720875
vt 0.345875 0.529125
vt 0.345875 0.500000
vt 0.404125 0.470875
vt 0.375000 0.529125
vt 0.404125 0.529125
vt 0.625000 0.470875
vt 0.654125 0.529125
vt 0.595875 0.500000
vt 0.595875 0.529125
vt 0.595875 0.470875
vt 0.154125 0.720875
vt 0.404125 0.970875
vt 0.404125 0.000000
vt 0.154125 0.750000
vt 0.404125 0.029125
vt 0.125000 0.720875
vt 0.595875 0.000000
vt 0.595875 0.970875
vt 0.845875 0.720875
vt 0.625000 0.029125
vt 0.625000 0.970875
vt 0.595875 0.029125
vt 0.154125 0.529125
vt 0.125000 0.529125
vt 0.404125 0.220875
vt 0.404125 0.279125
vt 0.154125 0.500000
vt 0.845875 0.529125
vt 0.625000 0.220875
vt 0.625000 0.279125
vt 0.595875 0.250000
vt 0.595875 0.279125
vt 0.595875 0.220875
vt 0.345875 0.720875
vt 0.375000 0.720875
vt 0.404125 0.720875
vt 0.404125 0.779125
vt 0.345875 0.750000
vt 0.654125 0.720875
vt 0.625000 0.779125
vt 0.595875 0.779125
vt 0.595875 0.750000
vt 0.595875 0.720875
vt 0.345875 0.529125
vt 0.345875 0.500000
vt 0.404125 0.470875
vt 0.375000 0.529125
vt 0.404125 0.529125
vt 0.654125 0.529125
vt 0.625000 0.470875
vt 0.595875 0.500000
vt 0.595875 0.529125
vt 0.595875 0.470875
vt 0.154125 0.720875
vt 0.154125 0.750000
vt 0.404125 0.970875
vt 0.404125 0.000000
vt 0.404125 0.029125
vt 0.125000 0.720875
vt 0.595875 0.000000
vt 0.595875 0.970875
vt 0.625000 0.029125
vt 0.845875 0.720875
vt 0.625000 0.970875
vt 0.595875 0.029125
vt 0.154125 0.529125
vt 0.125000 0.529125
vt 0.404125 0.220875
vt 0.404125 0.279125
vt 0.154125 0.500000
vt 0.845875 0.529125
vt 0.625000 0.220875
vt 0.625000 0.279125
vt 0.595875 0.250000
vt 0.595875 0.279125
vt 0.595875 0.220875
vt 0.345875 0.720875
vt 0.375000 0.720875
vt 0.404125 0.720875
vt 0.404125 0.779125
vt 0.345875 0.750000
vt 0.654125 0.720875
vt 0.625000 0.779125
vt 0.595875 0.779125
vt 0.595875 0.750000
vt 0.595875 0.720875
vt 0.345875 0.529125
vt 0.345875 0.500000
vt 0.404125 0.470875
vt 0.375000 0.529125
vt 0.404125 0.529125
vt 0.654125 0.529125
vt 0.625000 0.470875
vt 0.595875 0.500000
vt 0.595875 0.529125
vt 0.595875 0.470875
vt 0.154125 0.720875
vt 0.404125 0.970875
vt 0.404125 0.000000
vt 0.154125 0.750000
vt 0.125000 0.720875
vt 0.404125 0.029125
vt 0.595875 0.000000
vt 0.595875 0.970875
vt 0.625000 0.029125
vt 0.845875 0.720875
vt 0.625000 0.970875
vt 0.595875 0.029125
vt 0.154125 0.529125
vt 0.125000 0.529125
vt 0.404125 0.220875
vt 0.404125 0.279125
vt 0.154125 0.500000
vt 0.845875 0.529125
vt 0.625000 0.220875
vt 0.625000 0.279125
vt 0.595875 0.250000
vt 0.595875 0.279125
vt 0.595875 0.220875
vt 0.345875 0.720875
vt 0.375000 0.720875
vt 0.404125 0.720875
vt 0.404125 0.779125
vt 0.345875 0.750000
vt 0.625000 0.779125
vt 0.654125 0.720875
vt 0.595875 0.779125
vt 0.595875 0.750000
vt 0.595875 0.720875
vt 0.345875 0.529125
vt 0.345875 0.500000
vt 0.404125 0.470875
vt 0.375000 0.529125
vt 0.404125 0.529125
vt 0.625000 0.470875
vt 0.654125 0.529125
vt 0.595875 0.500000
vt 0.595875 0.529125
vt 0.595875 0.470875
vt 0.154125 0.720875
vt 0.404125 0.970875
vt 0.404125 0.000000
vt 0.154125 0.750000
vt 0.125000 0.720875
vt 0.404125 0.029125
vt 0.595875 0.000000
vt 0.595875 0.970875
vt 0.625000 0.029125
vt 0.845875 0.720875
vt 0.625000 0.970875
vt 0.595875 0.029125
vt 0.154125 0.529125
vt 0.125000 0.529125
vt 0.404125 0.220875
vt 0.404125 0.279125
vt 0.154125 0.500000
vt 0.625000 0.279125
vt 0.845875 0.529125
vt 0.625000 0.220875
vt 0.595875 0.250000
vt 0.595875 0.279125
vt 0.595875 0.220875
vt 0.345875 0.720875
vt 0.375000 0.720875
vt 0.404125 0.720875
vt 0.404125 0.779125
vt 0.345875 0.750000
vt 0.654125 0.720875
vt 0.625000 0.779125
vt 0.595875 0.779125
vt 0.595875 0.750000
vt 0.595875 0.720875
vt 0.345875 0.529125
vt 0.345875 0.500000
vt 0.404125 0.470875
vt 0.375000 0.529125
vt 0.404125 0.529125
vt 0.654125 0.529125
vt 0.625000 0.470875
vt 0.595875 0.500000
vt 0.595875 0.529125
vt 0.595875 0.470875
vt 0.154125 0.720875
vt 0.404125 0.970875
vt 0.404125 0.000000
vt 0.154125 0.750000
vt 0.404125 0.029125
vt 0.125000 0.720875
vt 0.595875 0.000000
vt 0.595875 0.970875
vt 0.845875 0.720875
vt 0.625000 0.029125
vt 0.625000 0.970875
vt 0.595875 0.029125
vt 0.154125 0.529125
vt 0.125000 0.529125
vt 0.404125 0.220875
vt 0.404125 0.279125
vt 0.154125 0.500000
vt 0.845875 0.529125
vt 0.625000 0.220875
vt 0.625000 0.279125
vt 0.595875 0.250000
vt 0.595875 0.279125
vt 0.595875 0.220875
vt 0.345875 0.720875
vt 0.375000 0.720875
vt 0.404125 0.720875
vt 0.404125 0.779125
vt 0.345875 0.750000
vt 0.654125 0.720875
vt 0.625000 0.779125
vt 0.595875 0.779125
vt 0.595875 0.750000
vt 0.595875 0.720875
vt 0.345875 0.529125
vt 0.345875 0.500000
vt 0.404125 0.470875
vt 0.375000 0.529125
vt 0.404125 0.529125
vt 0.654125 0.529125
vt 0.625000 0.470875
vt 0.595875 0.500000
vt 0.595875 0.529125
vt 0.595875 0.470875
vt 0.154125 0.720875
vt 0.404125 0.970875
vt 0.404125 0.000000
vt 0.154125 0.750000
vt 0.125000 0.720875
vt 0.404125 0.029125
vt 0.595875 0.000000
vt 0.595875 0.970875
vt 0.625000 0.029125
vt 0.845875 0.720875
vt 0.625000 0.970875
vt 0.595875 0.029125
vt 0.154125 0.529125
vt 0.125000 0.529125
vt 0.404125 0.220875
vt 0.404125 0.279125
vt 0.154125 0.500000
vt 0.625000 0.279125
vt 0.845875 0.529125
vt 0.625000 0.220875
vt 0.595875 0.250000
vt 0.595875 0.279125
vt 0.595875 0.220875
vt 0.345875 0.720875
vt 0.375000 0.720875
vt 0.404125 0.720875
vt 0.404125 0.779125
vt 0.345875 0.750000
vt 0.625000 0.779125
vt 0.654125 0.720875
vt 0.595875 0.779125
vt 0.595875 0.750000
vt 0.595875 0.720875
vt 0.345875 0.529125
vt 0.345875 0.500000
vt 0.404125 0.470875
vt 0.375000 0.529125
vt 0.404125 0.529125
vt 0.654125 0.529125
vt 0.625000 0.470875
vt 0.595875 0.500000
vt 0.595875 0.529125
vt 0.595875 0.470875
vt 0.154125 0.720875
vt 0.404125 0.000000
vt 0.404125 0.970875
vt 0.154125 0.750000
vt 0.125000 0.720875
vt 0.404125 0.029125
vt 0.595875 0.000000
vt 0.595875 0.970875
vt 0.625000 0.029125
vt 0.845875 0.720875
vt 0.625000 0.970875
vt 0.595875 0.029125
vt 0.154125 0.529125
vt 0.125000 0.529125
vt 0.404125 0.220875
vt 0.404125 0.279125
vt 0.154125 0.500000
vt 0.625000 0.279125
vt 0.845875 0.529125
vt 0.625000 0.220875
vt 0.595875 0.250000
vt 0.595875 0.279125
vt 0.595875 0.220875
vt 0.345875 0.720875
vt 0.375000 0.720875
vt 0.404125 0.720875
vt 0.404125 0.779125
vt 0.345875 0.750000
vt 0.654125 0.720875
vt 0.625000 0.779125
vt 0.595875 0.779125
vt 0.595875 0.750000
vt 0.595875 0.720875
vt 0.345875 0.529125
vt 0.345875 0.500000
vt 0.404125 0.470875
vt 0.375000 0.529125
vt 0.404125 0.529125
vt 0.654125 0.529125
vt 0.625000 0.470875
vt 0.595875 0.500000
vt 0.595875 0.529125
vt 0.595875 0.470875
vt 0.154125 0.720875
vt 0.404125 0.000000
vt 0.404125 0.970875
vt 0.154125 0.750000
vt 0.125000 0.720875
vt 0.404125 0.029125
vt 0.595875 0.000000
vt 0.595875 0.970875
vt 0.625000 0.029125
vt 0.845875 0.720875
vt 0.625000 0.970875
vt 0.595875 0.029125
vt 0.154125 0.529125
vt 0.125000 0.529125
vt 0.404125 0.220875
vt 0.404125 0.279125
vt 0.154125 0.500000
vt 0.625000 0.279125
vt 0.845875 0.529125
vt 0.625000 0.220875
vt 0.595875 0.250000
vt 0.595875 0.279125
vt 0.595875 0.220875
vt 0.345875 0.720875
vt 0.375000 0.720875
vt 0.404125 0.720875
vt 0.404125 0.779125
vt 0.345875 0.750000
vt 0.654125 0.720875
vt 0.625000 0.779125
vt 0.595875 0.779125
vt 0.595875 0.750000
vt 0.595875 0.720875
vt 0.345875 0.529125
vt 0.345875 0.500000
vt 0.404125 0.470875
vt 0.375000 0.529125
vt 0.404125 0.529125
vt 0.654125 0.529125
vt 0.625000 0.470875
vt 0.595875 0.500000
vt 0.595875 0.529125
vt 0.595875 0.470875
vt 0.154125 0.720875
vt 0.404125 0.970875
vt 0.404125 0.000000
vt 0.154125 0.750000
vt 0.404125 0.029125
vt 0.125000 0.720875
vt 0.595875 0.000000
vt 0.595875 0.970875
vt 0.625000 0.029125
vt 0.845875 0.720875
vt 0.625000 0.970875
vt 0.595875 0.029125
vt 0.154125 0.529125
vt 0.125000 0.529125
vt 0.404125 0.220875
vt 0.404125 0.279125
vt 0.154125 0.500000
vt 0.625000 0.279125
vt 0.845875 0.529125
vt 0.625000 0.220875
vt 0.595875 0.250000
vt 0.595875 0.279125
vt 0.595875 0.220875
vt 0.345875 0.720875
vt 0.375000 0.720875
vt 0.404125 0.720875
vt 0.404125 0.779125
vt 0.345875 0.750000
vt 0.654125 0.720875
vt 0.625000 0.779125
vt 0.595875 0.779125
vt 0.595875 0.750000
vt 0.595875 0.720875
vt 0.345875 0.529125
vt 0.345875 0.500000
vt 0.404125 0.470875
vt 0.375000 0.529125
vt 0.404125 0.529125
vt 0.625000 0.470875
vt 0.654125 0.529125
vt 0.595875 0.500000
vt 0.595875 0.529125
vt 0.595875 0.470875
vt 0.154125 0.720875
vt 0.404125 0.000000
vt 0.404125 0.970875
vt 0.154125 0.750000
vt 0.125000 0.720875
vt 0.404125 0.029125
vt 0.595875 0.000000
vt 0.595875 0.970875
vt 0.625000 0.029125
vt 0.845875 0.720875
vt 0.625000 0.970875
vt 0.595875 0.029125
vt 0.154125 0.529125
vt 0.125000 0.529125
vt 0.404125 0.220875
vt 0.404125 0.279125
vt 0.154125 0.500000
vt 0.845875 0.529125
vt 0.625000 0.220875
vt 0.625000 0.279125
vt 0.595875 0.250000
vt 0.595875 0.279125
vt 0.595875 0.220875
vt 0.345875 0.720875
vt 0.375000 0.720875
vt 0.404125 0.720875
vt 0.404125 0.779125
vt 0.345875 0.750000
vt 0.625000 0.779125
vt 0.654125 0.720875
vt 0.595875 0.779125
vt 0.595875 0.750000
vt 0.595875 0.720875
vt 0.345875 0.529125
vt 0.345875 0.500000
vt 0.404125 0.470875
vt 0.375000 0.529125
vt 0.404125 0.529125
vt 0.625000 0.470875
vt 0.654125 0.529125
vt 0.595875 0.500000
vt 0.595875 0.529125
vt 0.595875 0.470875
vt 0.154125 0.720875
vt 0.404125 0.000000
vt 0.404125 0.970875
vt 0.154125 0.750000
vt 0.125000 0.720875
vt 0.404125 0.029125
vt 0.595875 0.000000
vt 0.595875 0.970875
vt 0.845875 0.720875
vt 0.625000 0.029125
vt 0.625000 0.970875
vt 0.595875 0.029125
vt 0.154125 0.529125
vt 0.125000 0.529125
vt 0.404125 0.220875
vt 0.404125 0.279125
vt 0.154125 0.500000
vt 0.845875 0.529125
vt 0.625000 0.220875
vt 0.625000 0.279125
vt 0.595875 0.250000
vt 0.595875 0.279125
vt 0.595875 0.220875
vt 0.345875 0.720875
vt 0.375000 0.720875
vt 0.404125 0.720875
vt 0.404125 0.779125
vt 0.345875 0.750000
vt 0.625000 0.779125
vt 0.654125 0.720875
vt 0.595875 0.779125
vt 0.595875 0.750000
vt 0.595875 0.720875
vt 0.345875 0.529125
vt 0.345875 0.500000
vt 0.404125 0.470875
vt 0.375000 0.529125
vt 0.404125 0.529125
vt 0.625000 0.470875
vt 0.654125 0.529125
vt 0.595875 0.500000
vt 0.595875 0.529125
vt 0.595875 0.470875
vt 0.154125 0.720875
vt 0.404125 0.970875
vt 0.404125 0.000000
vt 0.154125 0.750000
vt 0.404125 0.029125
vt 0.125000 0.720875
vt 0.595875 0.000000
vt 0.595875 0.970875
vt 0.845875 0.720875
vt 0.625000 0.029125
vt 0.625000 0.970875
vt 0.595875 0.029125
vt 0.154125 0.529125
vt 0.125000 0.529125
vt 0.404125 0.220875
vt 0.404125 0.279125
vt 0.154125 0.500000
vt 0.845875 0.529125
vt 0.625000 0.220875
vt 0.625000 0.279125
vt 0.595875 0.250000
vt 0.595875 0.279125
vt 0.595875 0.220875
vt 0.345875 0.720875
vt 0.375000 0.720875
vt 0.404125 0.720875
vt 0.404125 0.779125
vt 0.345875 0.750000
vt 0.654125 0.720875
vt 0.625000 0.779125
vt 0.595875 0.779125
vt 0.595875 0.750000
vt 0.595875 0.720875
vt 0.345875 0.529125
vt 0.345875 0.500000
vt 0.404125 0.470875
vt 0.375000 0.529125
vt 0.404125 0.529125
vt 0.654125 0.529125
vt 0.625000 0.470875
vt 0.595875 0.500000
vt 0.595875 0.529125
vt 0.595875 0.470875
vt 0.154125 0.720875
vt 0.404125 0.970875
vt 0.404125 0.000000
vt 0.154125 0.750000
vt 0.125000 0.720875
vt 0.404125 0.029125
vt 0.595875 0.000000
vt 0.595875 0.970875
vt 0.625000 0.029125
vt 0.845875 0.720875
vt 0.625000 0.970875
vt 0.595875 0.029125
vt 0.154125 0.529125
vt 0.125000 0.529125
vt 0.404125 0.220875
vt 0.404125 0.279125
vt 0.154125 0.500000
vt 0.845875 0.529125
vt 0.625000 0.220875
vt 0.625000 0.279125
vt 0.595875 0.250000
vt 0.595875 0.279125
vt 0.595875 0.220875
vt 0.345875 0.720875
vt 0.375000 0.720875
vt 0.404125 0.720875
vt 0.404125 0.779125
vt 0.345875 0.750000
vt 0.625000 0.779125
vt 0.654125 0.720875
vt 0.595875 0.779125
vt 0.595875 0.750000
vt 0.595875 0.720875
vt 0.345875 0.529125
vt 0.345875 0.500000
vt 0.404125 0.470875
vt 0.375000 0.529125
vt 0.404125 0.529125
vt 0.654125 0.529125
vt 0.625000 0.470875
vt 0.595875 0.500000
vt 0.595875 0.529125
vt 0.595875 0.470875
vt 0.154125 0.720875
vt 0.404125 0.000000
vt 0.154125 0.750000
vt 0.404125 0.970875
vt 0.125000 0.720875
vt 0.404125 0.029125
vt 0.595875 0.000000
vt 0.595875 0.970875
vt 0.625000 0.029125
vt 0.845875 0.720875
vt 0.625000 0.970875
vt 0.595875 0.029125
vt 0.154125 0.529125
vt 0.125000 0.529125
vt 0.404125 0.220875
vt 0.404125 0.279125
vt 0.154125 0.500000
vt 0.625000 0.279125
vt 0.845875 0.529125
vt 0.625000 0.220875
vt 0.595875 0.250000
vt 0.595875 0.279125
vt 0.595875 0.220875
vt 0.345875 0.720875
vt 0.375000 0.720875
vt 0.404125 0.720875
vt 0.404125 0.779125
vt 0.345875 0.750000
vt 0.654125 0.720875
vt 0.625000 0.779125
vt 0.595875 0.779125
vt 0.595875 0.750000
vt 0.595875 0.720875
vt 0.345875 0.529125
vt 0.345875 0.500000
vt 0.404125 0.470875
vt 0.375000 0.529125
vt 0.404125 0.529125
vt 0.654125 0.529125
vt 0.625000 0.470875
vt 0.595875 0.500000
vt 0.595875 0.529125
vt 0.595875 0.470875
vt 0.154125 0.720875
vt 0.404125 0.970875
vt 0.404125 0.000000
vt 0.154125 0.750000
vt 0.404125 0.029125
vt 0.125000 0.720875
vt 0.595875 0.000000
vt 0.595875 0.970875
vt 0.845875 0.720875
vt 0.625000 0.029125
vt 0.625000 0.970875
vt 0.595875 0.029125
vt 0.154125 0.529125
vt 0.125000 0.529125
vt 0.404125 0.220875
vt 0.404125 0.279125
vt 0.154125 0.500000
vt 0.625000 0.279125
vt 0.845875 0.529125
vt 0.625000 0.220875
vt 0.595875 0.250000
vt 0.595875 0.279125
vt 0.595875 0.220875
vt 0.345875 0.720875
vt 0.375000 0.720875
vt 0.404125 0.720875
vt 0.404125 0.779125
vt 0.345875 0.750000
vt 0.654125 0.720875
vt 0.625000 0.779125
vt 0.595875 0.779125
vt 0.595875 0.750000
vt 0.595875 0.720875
vt 0.345875 0.529125
vt 0.345875 0.500000
vt 0.404125 0.470875
vt 0.375000 0.529125
vt 0.404125 0.529125
vt 0.654125 0.529125
vt 0.625000 0.470875
vt 0.595875 0.500000
vt 0.595875 0.529125
vt 0.595875 0.470875
vt 0.154125 0.720875
vt 0.154125 0.750000
vt 0.404125 0.970875
vt 0.404125 0.000000
vt 0.404125 0.029125
vt 0.125000 0.720875
vt 0.595875 0.000000
vt 0.595875 0.970875
vt 0.845875 0.720875
vt 0.625000 0.029125
vt 0.625000 0.970875
vt 0.595875 0.029125
vt 0.154125 0.529125
vt 0.125000 0.529125
vt 0.404125 0.220875
vt 0.404125 0.279125
vt 0.154125 0.500000
vt 0.625000 0.279125
vt 0.845875 0.529125
vt 0.625000 0.220875
vt 0.595875 0.250000
vt 0.595875 0.279125
vt 0.595875 0.220875
vt 0.345875 0.720875
vt 0.375000 0.720875
vt 0.404125 0.720875
vt 0.404125 0.779125
vt 0.345875 0.750000
vt 0.625000 0.779125
vt 0.654125 0.720875
vt 0.595875 0.779125
vt 0.595875 0.750000
vt 0.595875 0.720875
vt 0.345875 0.529125
vt 0.345875 0.500000
vt 0.404125 0.470875
vt 0.375000 0.529125
vt 0.404125 0.529125
vt 0.625000 0.470875
vt 0.654125 0.529125
vt 0.595875 0.500000
vt 0.595875 0.529125
vt 0.595875 0.470875
vt 0.154125 0.720875
vt 0.404125 0.970875
vt 0.404125 0.000000
vt 0.154125 0.750000
vt 0.404125 0.029125
vt 0.125000 0.720875
vt 0.595875 0.000000
vt 0.595875 0.970875
vt 0.845875 0.720875
vt 0.625000 0.029125
vt 0.625000 0.970875
vt 0.595875 0.029125
vt 0.154125 0.529125
vt 0.125000 0.529125
vt 0.404125 0.220875
vt 0.404125 0.279125
vt 0.154125 0.500000
vt 0.625000 0.279125
vt 0.845875 0.529125
vt 0.625000 0.220875
vt 0.595875 0.250000
vt 0.595875 0.279125
vt 0.595875 0.220875
vt 0.345875 0.720875
vt 0.375000 0.720875
vt 0.404125 0.720875
vt 0.404125 0.779125
vt 0.345875 0.750000
vt 0.625000 0.779125
vt 0.654125 0.720875
vt 0.595875 0.779125
vt 0.595875 0.750000
vt 0.595875 0.720875
vt 0.345875 0.529125
vt 0.345875 0.500000
vt 0.404125 0.470875
vt 0.375000 0.529125
vt 0.404125 0.529125
vt 0.625000 0.470875
vt 0.654125 0.529125
vt 0.595875 0.500000
vt 0.595875 0.529125
vt 0.595875 0.470875
vt 0.154125 0.720875
vt 0.404125 0.000000
vt 0.154125 0.750000
vt 0.404125 0.970875
vt 0.125000 0.720875
vt 0.404125 0.029125
vt 0.595875 0.000000
vt 0.595875 0.970875
vt 0.625000 0.029125
vt 0.845875 0.720875
vt 0.625000 0.970875
vt 0.595875 0.029125
vt 0.154125 0.529125
vt 0.125000 0.529125
vt 0.404125 0.220875
vt 0.404125 0.279125
vt 0.154125 0.500000
vt 0.625000 0.279125
vt 0.845875 0.529125
vt 0.625000 0.220875
vt 0.595875 0.250000
vt 0.595875 0.279125
vt 0.595875 0.220875
vt 0.345875 0.720875
vt 0.375000 0.720875
vt 0.404125 0.720875
vt 0.404125 0.779125
vt 0.345875 0.750000
vt 0.654125 0.720875
vt 0.625000 0.779125
vt 0.595875 0.779125
vt 0.595875 0.750000
vt 0.595875 0.720875
vt 0.345875 0.529125
vt 0.345875 0.500000
vt 0.404125 0.470875
vt 0.375000 0.529125
vt 0.404125 0.529125
vt 0.625000 0.470875
vt 0.654125 0.529125
vt 0.595875 0.500000
vt 0.595875 0.529125
vt 0.595875 0.470875
vt 0.154125 0.720875
vt 0.404125 0.970875
vt 0.154125 0.750000
vt 0.404125 0.000000
vt 0.404125 0.029125
vt 0.125000 0.720875
vt 0.595875 0.000000
vt 0.595875 0.970875
vt 0.625000 0.029125
vt 0.845875 0.720875
vt 0.625000 0.970875
vt 0.595875 0.029125
vt 0.154125 0.529125
vt 0.125000 0.529125
vt 0.404125 0.220875
vt 0.404125 0.279125
vt 0.154125 0.500000
vt 0.845875 0.529125
vt 0.625000 0.220875
vt 0.625000 0.279125
vt 0.595875 0.250000
vt 0.595875 0.279125
vt 0.595875 0.220875
vt 0.345875 0.720875
vt 0.375000 0.720875
vt 0.404125 0.720875
vt 0.404125 0.779125
vt 0.345875 0.750000
vt 0.625000 0.779125
vt 0.654125 0.720875
vt 0.595875 0.779125
vt 0.595875 0.750000
vt 0.595875 0.720875
vt 0.345875 0.529125
vt 0.345875 0.500000
vt 0.404125 0.470875
vt 0.375000 0.529125
vt 0.404125 0.529125
vt 0.625000 0.470875
vt 0.654125 0.529125
vt 0.595875 0.500000
vt 0.595875 0.529125
vt 0.595875 0.470875
vt 0.154125 0.720875
vt 0.404125 0.970875
vt 0.404125 0.000000
vt 0.154125 0.750000
vt 0.404125 0.029125
vt 0.125000 0.720875
vt 0.595875 0.000000
vt 0.595875 0.970875
vt 0.625000 0.029125
vt 0.845875 0.720875
vt 0.625000 0.970875
vt 0.595875 0.029125
vt 0.154125 0.529125
vt 0.125000 0.529125
vt 0.404125 0.220875
vt 0.404125 0.279125
vt 0.154125 0.500000
vt 0.845875 0.529125
vt 0.625000 0.220875
vt 0.625000 0.279125
vt 0.595875 0.250000
vt 0.595875 0.279125
vt 0.595875 0.220875
vt 0.345875 0.720875
vt 0.375000 0.720875
vt 0.404125 0.720875
vt 0.404125 0.779125
vt 0.345875 0.750000
vt 0.654125 0.720875
vt 0.625000 0.779125
vt 0.595875 0.779125
vt 0.595875 0.750000
vt 0.595875 0.720875
vt 0.345875 0.529125
vt 0.345875 0.500000
vt 0.404125 0.470875
vt 0.375000 0.529125
vt 0.404125 0.529125
vt 0.654125 0.529125
vt 0.625000 0.470875
vt 0.595875 0.500000
vt 0.595875 0.529125
vt 0.595875 0.470875
vt 0.154125 0.720875
vt 0.404125 0.970875
vt 0.404125 0.000000
vt 0.154125 0.750000
vt 0.404125 0.029125
vt 0.125000 0.720875
vt 0.595875 0.000000
vt 0.595875 0.970875
vt 0.625000 0.029125
vt 0.845875 0.720875
vt 0.625000 0.970875
vt 0.595875 0.029125
vt 0.154125 0.529125
vt 0.125000 0.529125
vt 0.404125 0.220875
vt 0.404125 0.279125
vt 0.154125 0.500000
vt 0.845875 0.529125
vt 0.625000 0.220875
vt 0.625000 0.279125
vt 0.595875 0.250000
vt 0.595875 0.279125
vt 0.595875 0.220875
vt 0.345875 0.720875
vt 0.375000 0.720875
vt 0.404125 0.720875
vt 0.404125 0.779125
vt 0.345875 0.750000
vt 0.654125 0.720875
vt 0.625000 0.779125
vt 0.595875 0.779125
vt 0.595875 0.750000
vt 0.595875 0.720875
vt 0.345875 0.529125
vt 0.345875 0.500000
vt 0.404125 0.470875
vt 0.375000 0.529125
vt 0.404125 0.529125
vt 0.654125 0.529125
vt 0.625000 0.470875
vt 0.595875 0.500000
vt 0.595875 0.529125
vt 0.595875 0.470875
vt 0.154125 0.720875
vt 0.404125 0.970875
vt 0.404125 0.000000
vt 0.154125 0.750000
vt 0.125000 0.720875
vt 0.404125 0.029125
vt 0.595875 0.000000
vt 0.595875 0.970875
vt 0.625000 0.029125
vt 0.845875 0.720875
vt 0.625000 0.970875
vt 0.595875 0.029125
vt 0.154125 0.529125
vt 0.125000 0.529125
vt 0.404125 0.220875
vt 0.404125 0.279125
vt 0.154125 0.500000
vt 0.845875 0.529125
vt 0.625000 0.220875
vt 0.625000 0.279125
vt 0.595875 0.250000
vt 0.595875 0.279125
vt 0.595875 0.220875
vt 0.345875 0.720875
vt 0.375000 0.720875
vt 0.404125 0.720875
vt 0.404125 0.779125
vt 0.345875 0.750000
vt 0.654125 0.720875
vt 0.625000 0.779125
vt 0.595875 0.779125
vt 0.595875 0.750000
vt 0.595875 0.720875
vt 0.345875 0.529125
vt 0.345875 0.500000
vt 0.404125 0.470875
vt 0.375000 0.529125
vt 0.404125 0.529125
vt 0.654125 0.529125
vt 0.625000 0.470875
vt 0.595875 0.500000
vt 0.595875 0.529125
vt 0.595875 0.470875
vt 0.154125 0.720875
vt 0.154125 0.750000
vt 0.404125 0.970875
vt 0.404125 0.000000
vt 0.404125 0.029125
vt 0.125000 0.720875
vt 0.595875 0.000000
vt 0.595875 0.970875
vt 0.845875 0.720875
vt 0.625000 0.029125
vt 0.625000 0.970875
vt 0.595875 0.029125
vt 0.154125 0.529125
vt 0.125000 0.529125
vt 0.404125 0.220875
vt 0.404125 0.279125
vt 0.154125 0.500000
vt 0.625000 0.279125
vt 0.845875 0.529125
vt 0.625000 0.220875
vt 0.595875 0.250000
vt 0.595875 0.279125
vt 0.595875 0.220875
vt 0.345875 0.720875
vt 0.375000 0.720875
vt 0.404125 0.720875
vt 0.404125 0.779125
vt 0.345875 0.750000
vt 0.654125 0.720875
vt 0.625000 0.779125
vt 0.595875 0.779125
vt 0.595875 0.750000
vt 0.595875 0.720875
vt 0.345875 0.529125
vt 0.345875 0.500000
vt 0.404125 0.470875
vt 0.375000 0.529125
vt 0.404125 0.529125
vt 0.625000 0.470875
vt 0.654125 0.529125
vt 0.595875 0.500000
vt 0.595875 0.529125
vt 0.595875 0.470875
vt 0.154125 0.720875
vt 0.404125 0.970875
vt 0.404125 0.000000
vt 0.154125 0.750000
vt 0.125000 0.720875
vt 0.404125 0.029125
vt 0.595875 0.000000
vt 0.595875 0.970875
vt 0.845875 0.720875
vt 0.625000 0.029125
vt 0.625000 0.970875
vt 0.595875 0.029125
vt 0.154125 0.529125
vt 0.125000 0.529125
vt 0.404125 0.220875
vt 0.404125 0.279125
vt 0.154125 0.500000
vt 0.845875 0.529125
vt 0.625000 0.220875
vt 0.625000 0.279125
vt 0.595875 0.250000
vt 0.595875 0.279125
vt 0.595875 0.220875
vt 0.345875 0.720875
vt 0.375000 0.720875
vt 0.404125 0.720875
vt 0.404125 0.779125
vt 0.345875 0.750000
vt 0.625000 0.779125
vt 0.654125 0.720875
vt 0.595875 0.779125
vt 0.595875 0.750000
vt 0.595875 0.720875
vt 0.345875 0.529125
vt 0.345875 0.500000
vt 0.404125 0.470875
vt 0.375000 0.529125
vt 0.404125 0.529125
vt 0.654125 0.529125
vt 0.625000 0.470875
vt 0.595875 0.500000
vt 0.595875 0.529125
vt 0.595875 0.470875
vt 0.154125 0.720875
vt 0.404125 0.970875
vt 0.404125 0.000000
vt 0.154125 0.750000
vt 0.125000 0.720875
vt 0.404125 0.029125
vt 0.595875 0.000000
vt 0.595875 0.970875
vt 0.625000 0.029125
vt 0.845875 0.720875
vt 0.625000 0.970875
vt 0.595875 0.029125
vt 0.154125 0.529125
vt 0.125000 0.529125
vt 0.404125 0.220875
vt 0.404125 0.279125
vt 0.154125 0.500000
vt 0.625000 0.279125
vt 0.845875 0.529125
vt 0.625000 0.220875
vt 0.595875 0.250000
vt 0.595875 0.279125
vt 0.595875 0.220875
vt 0.345875 0.720875
vt 0.375000 0.720875
vt 0.404125 0.720875
vt 0.404125 0.779125
vt 0.345875 0.750000
vt 0.625000 0.779125
vt 0.654125 0.720875
vt 0.595875 0.779125
vt 0.595875 0.750000
vt 0.595875 0.720875
vt 0.345875 0.529125
vt 0.345875 0.500000
vt 0.404125 0.470875
vt 0.375000 0.529125
vt 0.404125 0.529125
vt 0.654125 0.529125
vt 0.625000 0.470875
vt 0.595875 0.500000
vt 0.595875 0.529125
vt 0.595875 0.470875
vt 0.154125 0.720875
vt 0.404125 0.000000
vt 0.404125 0.970875
vt 0.154125 0.750000
vt 0.125000 0.720875
vt 0.404125 0.029125
vt 0.595875 0.000000
vt 0.595875 0.970875
vt 0.625000 0.029125
vt 0.845875 0.720875
vt 0.625000 0.970875
vt 0.595875 0.029125
vt 0.154125 0.529125
vt 0.125000 0.529125
vt 0.404125 0.220875
vt 0.404125 0.279125
vt 0.154125 0.500000
vt 0.845875 0.529125
vt 0.625000 0.220875
vt 0.625000 0.279125
vt 0.595875 0.250000
vt 0.595875 0.279125
vt 0.595875 0.220875
vt 0.345875 0.720875
vt 0.375000 0.720875
vt 0.404125 0.720875
vt 0.404125 0.779125
vt 0.345875 0.750000
vt 0.654125 0.720875
vt 0.625000 0.779125
vt 0.595875 0.779125
vt 0.595875 0.750000
vt 0.595875 0.720875
vt 0.345875 0.529125
vt 0.345875 0.500000
vt 0.404125 0.470875
vt 0.375000 0.529125
vt 0.404125 0.529125
vt 0.625000 0.470875
vt 0.654125 0.529125
vt 0.595875 0.500000
vt 0.595875 0.529125
vt 0.595875 0.470875
vt 0.154125 0.720875
vt 0.404125 0.970875
vt 0.404125 0.000000
vt 0.154125 0.750000
vt 0.125000 0.720875
vt 0.404125 0.029125
vt 0.595875 0.000000
vt 0.595875 0.970875
vt 0.845875 0.720875
vt 0.625000 0.029125
vt 0.625000 0.970875
vt 0.595875 0.029125
vt 0.154125 0.529125
vt 0.125000 0.529125
vt 0.404125 0.220875
vt 0.404125 0.279125
vt 0.154125 0.500000
vt 0.845875 0.529125
vt 0.625000 0.220875
vt 0.625000 0.279125
vt 0.595875 0.250000
vt 0.595875 0.279125
vt 0.595875 0.220875
vt 0.345875 0.720875
vt 0.375000 0.720875
vt 0.404125 0.720875
vt 0.404125 0.779125
vt 0.345875 0.750000
vt 0.654125 0.720875
vt 0.625000 0.779125
vt 0.595875 0.779125
vt 0.595875 0.750000
vt 0.595875 0.720875
vt 0.345875 0.529125
vt 0.345875 0.500000
vt 0.404125 0.470875
vt 0.375000 0.529125
vt 0.404125 0.529125
vt 0.625000 0.470875
vt 0.654125 0.529125
vt 0.595875 0.500000
vt 0.595875 0.529125
vt 0.595875 0.470875
vt 0.154125 0.720875
vt 0.404125 0.970875
vt 0.404125 0.000000
vt 0.154125 0.750000
vt 0.125000 0.720875
vt 0.404125 0.029125
vt 0.595875 0.000000
vt 0.595875 0.970875
vt 0.625000 0.029125
vt 0.845875 0.720875
vt 0.625000 0.970875
vt 0.595875 0.029125
vt 0.154125 0.529125
vt 0.125000 0.529125
vt 0.404125 0.220875
vt 0.404125 0.279125
vt 0.154125 0.500000
vt 0.845875 0.529125
vt 0.625000 0.220875
vt 0.625000 0.279125
vt 0.595875 0.250000
vt 0.595875 0.279125
vt 0.595875 0.220875
vt 0.345875 0.720875
vt 0.375000 0.720875
vt 0.404125 0.720875
vt 0.404125 0.779125
vt 0.345875 0.750000
vt 0.654125 0.720875
vt 0.625000 0.779125
vt 0.595875 0.779125
vt 0.595875 0.750000
vt 0.595875 0.720875
vt 0.345875 0.529125
vt 0.345875 0.500000
vt 0.404125 0.470875
vt 0.375000 0.529125
vt 0.404125 0.529125
vt 0.625000 0.470875
vt 0.654125 0.529125
vt 0.595875 0.500000
vt 0.595875 0.529125
vt 0.595875 0.470875
vt 0.154125 0.720875
vt 0.404125 0.000000
vt 0.404125 0.970875
vt 0.154125 0.750000
vt 0.125000 0.720875
vt 0.404125 0.029125
vt 0.595875 0.000000
vt 0.595875 0.970875
vt 0.625000 0.029125
vt 0.845875 0.720875
vt 0.625000 0.970875
vt 0.595875 0.029125
vt 0.154125 0.529125
vt 0.125000 0.529125
vt 0.404125 0.220875
vt 0.404125 0.279125
vt 0.154125 0.500000
vt 0.845875 0.529125
vt 0.625000 0.220875
vt 0.625000 0.279125
vt 0.595875 0.250000
vt 0.595875 0.279125
vt 0.595875 0.220875
vt 0.345875 0.720875
vt 0.375000 0.720875
vt 0.404125 0.720875
vt 0.404125 0.779125
vt 0.345875 0.750000
vt 0.625000 0.779125
vt 0.654125 0.720875
vt 0.595875 0.779125
vt 0.595875 0.750000
vt 0.595875 0.720875
vt 0.345875 0.529125
vt 0.345875 0.500000
vt 0.404125 0.470875
vt 0.375000 0.529125
vt 0.404125 0.529125
vt 0.625000 0.470875
vt 0.654125 0.529125
vt 0.595875 0.500000
vt 0.595875 0.529125
vt 0.595875 0.470875
vt 0.154125 0.720875
vt 0.154125 0.750000
vt 0.404125 0.970875
vt 0.404125 0.000000
vt 0.404125 0.029125
vt 0.125000 0.720875
vt 0.595875 0.000000
vt 0.595875 0.970875
vt 0.625000 0.029125
vt 0.845875 0.720875
vt 0.625000 0.970875
vt 0.595875 0.029125
vt 0.154125 0.529125
vt 0.125000 0.529125
vt 0.404125 0.220875
vt 0.404125 0.279125
vt 0.154125 0.500000
vt 0.845875 0.529125
vt 0.625000 0.220875
vt 0.625000 0.279125
vt 0.595875 0.250000
vt 0.595875 0.279125
vt 0.595875 0.220875
vt 0.345875 0.720875
vt 0.375000 0.720875
vt 0.404125 0.720875
vt 0.404125 0.779125
vt 0.345875 0.750000
vt 0.625000 0.779125
vt 0.654125 0.720875
vt 0.595875 0.779125
vt 0.595875 0.750000
vt 0.595875 0.720875
vt 0.345875 0.529125
vt 0.345875 0.500000
vt 0.404125 0.470875
vt 0.375000 0.529125
vt 0.404125 0.529125
vt 0.654125 0.529125
vt 0.625000 0.470875
vt 0.595875 0.500000
vt 0.595875 0.529125
vt 0.595875 0.470875
vt 0.154125 0.720875
vt 0.404125 0.000000
vt 0.404125 0.970875
vt 0.154125 0.750000
vt 0.125000 0.720875
vt 0.404125 0.029125
vt 0.595875 0.000000
vt 0.595875 0.970875
vt 0.625000 0.029125
vt 0.845875 0.720875
vt 0.625000 0.970875
vt 0.595875 0.029125
vt 0.154125 0.529125
vt 0.125000 0.529125
vt 0.404125 0.220875
vt 0.404125 0.279125
vt 0.154125 0.500000
vt 0.625000 0.279125
vt 0.845875 0.529125
vt 0.625000 0.220875
vt 0.595875 0.250000
vt 0.595875 0.279125
vt 0.595875 0.220875
vt 0.345875 0.720875
vt 0.375000 0.720875
vt 0.404125 0.720875
vt 0.404125 0.779125
vt 0.345875 0.750000
vt 0.625000 0.779125
vt 0.654125 0.720875
vt 0.595875 0.779125
vt 0.595875 0.750000
vt 0.595875 0.720875
vt 0.345875 0.529125
vt 0.345875 0.500000
vt 0.404125 0.470875
vt 0.375000 0.529125
vt 0.404125 0.529125
vt 0.654125 0.529125
vt 0.625000 0.470875
vt 0.595875 0.500000
vt 0.595875 0.529125
vt 0.595875 0.470875
vt 0.154125 0.720875
vt 0.404125 0.000000
vt 0.154125 0.750000
vt 0.404125 0.970875
vt 0.125000 0.720875
vt 0.404125 0.029125
vt 0.595875 0.000000
vt 0.595875 0.970875
vt 0.625000 0.029125
vt 0.845875 0.720875
vt 0.625000 0.970875
vt 0.595875 0.029125
vt 0.154125 0.529125
vt 0.125000 0.529125
vt 0.404125 0.220875
vt 0.404125 0.279125
vt 0.154125 0.500000
vt 0.625000 0.279125
vt 0.845875 0.529125
vt 0.625000 0.220875
vt 0.595875 0.250000
vt 0.595875 0.279125
vt 0.595875 0.220875
vt 0.345875 0.720875
vt 0.375000 0.720875
vt 0.404125 0.720875
vt 0.404125 0.779125
vt 0.345875 0.750000
vt 0.625000 0.779125
vt 0.654125 0.720875
vt 0.595875 0.779125
vt 0.595875 0.750000
vt 0.595875 0.720875
vt 0.345875 0.529125
vt 0.345875 0.500000
vt 0.404125 0.470875
vt 0.375000 0.529125
vt 0.404125 0.529125
vt 0.625000 0.470875
vt 0.654125 0.529125
vt 0.595875 0.500000
vt 0.595875 0.529125
vt 0.595875 0.470875
vt 0.154125 0.720875
vt 0.404125 0.970875
vt 0.404125 0.000000
vt 0.154125 0.750000
vt 0.404125 0.029125
vt 0.125000 0.720875
vt 0.595875 0.000000
vt 0.595875 0.970875
vt 0.845875 0.720875
vt 0.625000 0.029125
vt 0.625000 0.970875
vt 0.595875 0.029125
vt 0.154125 0.529125
vt 0.125000 0.529125
vt 0.404125 0.220875
vt 0.404125 0.279125
vt 0.154125 0.500000
vt 0.625000 0.279125
vt 0.845875 0.529125
vt 0.625000 0.220875
vt 0.595875 0.250000
vt 0.595875 0.279125
vt 0.595875 0.220875
vt 0.345875 0.720875
vt 0.375000 0.720875
vt 0.404125 0.720875
vt 0.404125 0.779125
vt 0.345875 0.750000
vt 0.654125 0.720875
vt 0.625000 0.779125
vt 0.595875 0.779125
vt 0.595875 0.750000
vt 0.595875 0.720875
vt 0.345875 0.529125
vt 0.345875 0.500000
vt 0.404125 0.470875
vt 0.375000 0.529125
vt 0.404125 0.529125
vt 0.625000 0.470875
vt 0.654125 0.529125
vt 0.595875 0.500000
vt 0.595875 0.529125
vt 0.595875 0.470875
vt 0.154125 0.720875
vt 0.404125 0.970875
vt 0.154125 0.750000
vt 0.404125 0.000000
vt 0.404125 0.029125
vt 0.125000 0.720875
vt 0.595875 0.000000
vt 0.595875 0.970875
vt 0.845875 0.720875
vt 0.625000 0.029125
vt 0.625000 0.970875
vt 0.595875 0.029125
vt 0.154125 0.529125
vt 0.125000 0.529125
vt 0.404125 0.220875
vt 0.404125 0.279125
vt 0.154125 0.500000
vt 0.625000 0.279125
vt 0.845875 0.529125
vt 0.625000 0.220875
vt 0.595875 0.250000
vt 0.595875 0.279125
vt 0.595875 0.220875
vt 0.345875 0.720875
vt 0.375000 0.720875
vt 0.404125 0.720875
vt 0.404125 0.779125
vt 0.345875 0.750000
vt 0.654125 0.720875
vt 0.625000 0.779125
vt 0.595875 0.779125
vt 0.595875 0.750000
vt 0.595875 0.720875
vt 0.345875 0.529125
vt 0.345875 0.500000
vt 0.404125 0.470875
vt 0.375000 0.529125
vt 0.404125 0.529125
vt 0.654125 0.529125
vt 0.625000 0.470875
vt 0.595875 0.500000
vt 0.595875 0.529125
vt 0.595875 0.470875
vt 0.154125 0.720875
vt 0.404125 0.970875
vt 0.404125 0.000000
vt 0.154125 0.750000
vt 0.404125 0.029125
vt 0.125000 0.720875
vt 0.595875 0.000000
vt 0.595875 0.970875
vt 0.845875 0.720875
vt 0.625000 0.029125
vt 0.625000 0.970875
vt 0.595875 0.029125
vt 0.154125 0.529125
vt 0.125000 0.529125
vt 0.404125 0.220875
vt 0.404125 0.279125
vt 0.154125 0.500000
vt 0.625000 0.279125
vt 0.845875 0.529125
vt 0.625000 0.220875
vt 0.595875 0.250000
vt 0.595875 0.279125
vt 0.595875 0.220875
vt 0.345875 0.720875
vt 0.375000 0.720875
vt 0.404125 0.720875
vt 0.404125 0.779125
vt 0.345875 0.750000
vt 0.625000 0.779125
vt 0.654125 0.720875
vt 0.595875 0.779125
vt 0.595875 0.750000
vt 0.595875 0.720875
vt 0.345875 0.529125
vt 0.345875 0.500000
vt 0.404125 0.470875
vt 0.375000 0.529125
vt 0.404125 0.529125
vt 0.654125 0.529125
vt 0.625000 0.470875
vt 0.595875 0.500000
vt 0.595875 0.529125
vt 0.595875 0.470875
vt 0.154125 0.720875
vt 0.404125 0.000000
vt 0.154125 0.750000
vt 0.404125 0.970875
vt 0.125000 0.720875
vt 0.404125 0.029125
vt 0.595875 0.000000
vt 0.595875 0.970875
vt 0.845875 0.720875
vt 0.625000 0.029125
vt 0.625000 0.970875
vt 0.595875 0.029125
vt 0.154125 0.529125
vt 0.125000 0.529125
vt 0.404125 0.220875
vt 0.404125 0.279125
vt 0.154125 0.500000
vt 0.625000 0.279125
vt 0.845875 0.529125
vt 0.625000 0.220875
vt 0.595875 0.250000
vt 0.595875 0.279125
vt 0.595875 0.220875
vt 0.345875 0.720875
vt 0.375000 0.720875
vt 0.404125 0.720875
vt 0.404125 0.779125
vt 0.345875 0.750000
vt 0.625000 0.779125
vt 0.654125 0.720875
vt 0.595875 0.779125
vt 0.595875 0.750000
vt 0.595875 0.720875
vt 0.345875 0.529125
vt 0.345875 0.500000
vt 0.404125 0.470875
vt 0.375000 0.529125
vt 0.404125 0.529125
vt 0.654125 0.529125
vt 0.625000 0.470875
vt 0.595875 0.500000
vt 0.595875 0.529125
vt 0.595875 0.470875
vt 0.154125 0.720875
vt 0.404125 0.970875
vt 0.404125 0.000000
vt 0.154125 0.750000
vt 0.404125 0.029125
vt 0.125000 0.720875
vt 0.595875 0.000000
vt 0.595875 0.970875
vt 0.625000 0.029125
vt 0.845875 0.720875
vt 0.625000 0.970875
vt 0.595875 0.029125
vt 0.154125 0.529125
vt 0.125000 0.529125
vt 0.404125 0.220875
vt 0.404125 0.279125
vt 0.154125 0.500000
vt 0.625000 0.279125
vt 0.845875 0.529125
vt 0.625000 0.220875
vt 0.595875 0.250000
vt 0.595875 0.279125
vt 0.595875 0.220875
vt 0.345875 0.720875
vt 0.375000 0.720875
vt 0.404125 0.720875
vt 0.404125 0.779125
vt 0.345875 0.750000
vt 0.625000 0.779125
vt 0.654125 0.720875
vt 0.595875 0.779125
vt 0.595875 0.750000
vt 0.595875 0.720875
vt 0.345875 0.529125
vt 0.345875 0.500000
vt 0.404125 0.470875
vt 0.375000 0.529125
vt 0.404125 0.529125
vt 0.654125 0.529125
vt 0.625000 0.470875
vt 0.595875 0.500000
vt 0.595875 0.529125
vt 0.595875 0.470875
vt 0.154125 0.720875
vt 0.404125 0.970875
vt 0.404125 0.000000
vt 0.154125 0.750000
vt 0.404125 0.029125
vt 0.125000 0.720875
vt 0.595875 0.000000
vt 0.595875 0.970875
vt 0.625000 0.029125
vt 0.845875 0.720875
vt 0.625000 0.970875
vt 0.595875 0.029125
vt 0.154125 0.529125
vt 0.125000 0.529125
vt 0.404125 0.220875
vt 0.404125 0.279125
vt 0.154125 0.500000
vt 0.845875 0.529125
vt 0.625000 0.220875
vt 0.625000 0.279125
vt 0.595875 0.250000
vt 0.595875 0.279125
vt 0.595875 0.220875
vt 0.345875 0.720875
vt 0.375000 0.720875
vt 0.404125 0.720875
vt 0.404125 0.779125
vt 0.345875 0.750000
vt 0.654125 0.720875
vt 0.625000 0.779125
vt 0.595875 0.779125
vt 0.595875 0.750000
vt 0.595875 0.720875
vt 0.345875 0.529125
vt 0.345875 0.500000
vt 0.404125 0.470875
vt 0.375000 0.529125
vt 0.404125 0.529125
vt 0.654125 0.529125
vt 0.625000 0.470875
vt 0.595875 0.500000
vt 0.595875 0.529125
vt 0.595875 0.470875
vt 0.154125 0.720875
vt 0.404125 0.970875
vt 0.404125 0.000000
vt 0.154125 0.750000
vt 0.404125 0.029125
vt 0.125000 0.720875
vt 0.595875 0.000000
vt 0.595875 0.970875
vt 0.625000 0.029125
vt 0.845875 0.720875
vt 0.625000 0.970875
vt 0.595875 0.029125
vt 0.154125 0.529125
vt 0.125000 0.529125
vt 0.404125 0.220875
vt 0.404125 0.279125
vt 0.154125 0.500000
vt 0.625000 0.279125
vt 0.845875 0.529125
vt 0.625000 0.220875
vt 0.595875 0.250000
vt 0.595875 0.279125
vt 0.595875 0.220875
vt 0.345875 0.720875
vt 0.375000 0.720875
vt 0.404125 0.720875
vt 0.404125 0.779125
vt 0.345875 0.750000
vt 0.654125 0.720875
vt 0.625000 0.779125
vt 0.595875 0.779125
vt 0.595875 0.750000
vt 0.595875 0.720875
vt 0.345875 0.529125
vt 0.345875 0.500000
vt 0.404125 0.470875
vt 0.375000 0.529125
vt 0.404125 0.529125
vt 0.654125 0.529125
vt 0.625000 0.470875
vt 0.595875 0.500000
vt 0.595875 0.529125
vt 0.595875 0.470875
vt 0.154125 0.720875
vt 0.404125 0.970875
vt 0.154125 0.750000
vt 0.404125 0.000000
vt 0.404125 0.029125
vt 0.125000 0.720875
vt 0.595875 0.000000
vt 0.595875 0.970875
vt 0.845875 0.720875
vt 0.625000 0.029125
vt 0.625000 0.970875
vt 0.595875 0.029125
vt 0.154125 0.529125
vt 0.125000 0.529125
vt 0.404125 0.220875
vt 0.404125 0.279125
vt 0.154125 0.500000
vt 0.625000 0.279125
vt 0.845875 0.529125
vt 0.625000 0.220875
vt 0.595875 0.250000
vt 0.595875 0.279125
vt 0.595875 0.220875
vt 0.345875 0.720875
vt 0.375000 0.720875
vt 0.404125 0.720875
vt 0.404125 0.779125
vt 0.345875 0.750000
vt 0.654125 0.720875
vt 0.625000 0.779125
vt 0.595875 0.779125
vt 0.595875 0.750000
vt 0.595875 0.720875
vt 0.345875 0.529125
vt 0.345875 0.500000
vt 0.404125 0.470875
vt 0.375000 0.529125
vt 0.404125 0.529125
vt 0.654125 0.529125
vt 0.625000 0.470875
vt 0.595875 0.500000
vt 0.595875 0.529125
vt 0.595875 0.470875
vt 0.154125 0.720875
vt 0.404125 0.970875
vt 0.404125 0.000000
vt 0.154125 0.750000
vt 0.404125 0.029125
vt 0.125000 0.720875
vt 0.595875 0.000000
vt 0.595875 0.970875
vt 0.625000 0.029125
vt 0.845875 0.720875
vt 0.625000 0.970875
vt 0.595875 0.029125
vt 0.154125 0.529125
vt 0.125000 0.529125
vt 0.404125 0.220875
vt 0.404125 0.279125
vt 0.154125 0.500000
vt 0.625000 0.279125
vt 0.845875 0.529125
vt 0.625000 0.220875
vt 0.595875 0.250000
vt 0.595875 0.279125
vt 0.595875 0.220875
vt 0.345875 0.720875
vt 0.375000 0.720875
vt 0.404125 0.720875
vt 0.404125 0.779125
vt 0.345875 0.750000
vt 0.625000 0.779125
vt 0.654125 0.720875
vt 0.595875 0.779125
vt 0.595875 0.750000
vt 0.595875 0.720875
vt 0.345875 0.529125
vt 0.345875 0.500000
vt 0.404125 0.470875
vt 0.375000 0.529125
vt 0.404125 0.529125
vt 0.625000 0.470875
vt 0.654125 0.529125
vt 0.595875 0.500000
vt 0.595875 0.529125
vt 0.595875 0.470875
vt 0.154125 0.720875
vt 0.154125 0.750000
vt 0.404125 0.970875
vt 0.404125 0.000000
vt 0.404125 0.029125
vt 0.125000 0.720875
vt 0.595875 0.000000
vt 0.595875 0.970875
vt 0.845875 0.720875
vt 0.625000 0.029125
vt 0.625000 0.970875
vt 0.595875 0.029125
vt 0.154125 0.529125
vt 0.125000 0.529125
vt 0.404125 0.220875
vt 0.404125 0.279125
vt 0.154125 0.500000
vt 0.625000 0.279125
vt 0.845875 0.529125
vt 0.625000 0.220875
vt 0.595875 0.250000
vt 0.595875 0.279125
vt 0.595875 0.220875
vt 0.345875 0.720875
vt 0.375000 0.720875
vt 0.404125 0.720875
vt 0.404125 0.779125
vt 0.345875 0.750000
vt 0.654125 0.720875
vt 0.625000 0.779125
vt 0.595875 0.779125
vt 0.595875 0.750000
vt 0.595875 0.720875
vt 0.345875 0.529125
vt 0.345875 0.500000
vt 0.404125 0.470875
vt 0.375000 0.529125
vt 0.404125 0.529125
vt 0.654125 0.529125
vt 0.625000 0.470875
vt 0.595875 0.500000
vt 0.595875 0.529125
vt 0.595875 0.470875
vt 0.154125 0.720875
vt 0.404125 0.970875
vt 0.404125 0.000000
vt 0.154125 0.750000
vt 0.404125 0.029125
vt 0.125000 0.720875
vt 0.595875 0.000000
vt 0.595875 0.970875
vt 0.625000 0.029125
vt 0.845875 0.720875
vt 0.625000 0.970875
vt 0.595875 0.029125
vt 0.154125 0.529125
vt 0.125000 0.529125
vt 0.404125 0.220875
vt 0.404125 0.279125
vt 0.154125 0.500000
vt 0.625000 0.279125
vt 0.845875 0.529125
vt 0.625000 0.220875
vt 0.595875 0.250000
vt 0.595875 0.279125
vt 0.595875 0.220875
vt 0.345875 0.720875
vt 0.375000 0.720875
vt 0.404125 0.720875
vt 0.404125 0.779125
vt 0.345875 0.750000
vt 0.654125 0.720875
vt 0.625000 0.779125
vt 0.595875 0.779125
vt 0.595875 0.750000
vt 0.595875 0.720875
vt 0.345875 0.529125
vt 0.345875 0.500000
vt 0.404125 0.470875
vt 0.375000 0.529125
vt 0.404125 0.529125
vt 0.654125 0.529125
vt 0.625000 0.470875
vt 0.595875 0.500000
vt 0.595875 0.529125
vt 0.595875 0.470875
vt 0.154125 0.720875
vt 0.154125 0.750000
vt 0.404125 0.970875
vt 0.404125 0.000000
vt 0.404125 0.029125
vt 0.125000 0.720875
vt 0.595875 0.000000
vt 0.595875 0.970875
vt 0.625000 0.029125
vt 0.845875 0.720875
vt 0.625000 0.970875
vt 0.595875 0.029125
vt 0.154125 0.529125
vt 0.125000 0.529125
vt 0.404125 0.220875
vt 0.404125 0.279125
vt 0.154125 0.500000
vt 0.625000 0.279125
vt 0.845875 0.529125
vt 0.625000 0.220875
vt 0.595875 0.250000
vt 0.595875 0.279125
vt 0.595875 0.220875
vt 0.345875 0.720875
vt 0.375000 0.720875
vt 0.404125 0.720875
vt 0.404125 0.779125
vt 0.345875 0.750000
vt 0.625000 0.779125
vt 0.654125 0.720875
vt 0.595875 0.779125
vt 0.595875 0.750000
vt 0.595875 0.720875
vt 0.345875 0.529125
vt 0.345875 0.500000
vt 0.404125 0.470875
vt 0.375000 0.529125
vt 0.404125 0.529125
vt 0.625000 0.470875
vt 0.654125 0.529125
vt 0.595875 0.500000
vt 0.595875 0.529125
vt 0.595875 0.470875
vt 0.154125 0.720875
vt 0.154125 0.750000
vt 0.404125 0.970875
vt 0.404125 0.000000
vt 0.404125 0.029125
vt 0.125000 0.720875
vt 0.595875 0.000000
vt 0.595875 0.970875
vt 0.845875 0.720875
vt 0.625000 0.029125
vt 0.625000 0.970875
vt 0.595875 0.029125
vt 0.154125 0.529125
vt 0.125000 0.529125
vt 0.404125 0.220875
vt 0.404125 0.279125
vt 0.154125 0.500000
vt 0.625000 0.279125
vt 0.845875 0.529125
vt 0.625000 0.220875
vt 0.595875 0.250000
vt 0.595875 0.279125
vt 0.595875 0.220875
vt 0.345875 0.720875
vt 0.375000 0.720875
vt 0.404125 0.720875
vt 0.404125 0.779125
vt 0.345875 0.750000
vt 0.654125 0.720875
vt 0.625000 0.779125
vt 0.595875 0.779125
vt 0.595875 0.750000
vt 0.595875 0.720875
vt 0.345875 0.529125
vt 0.345875 0.500000
vt 0.404125 0.470875
vt 0.375000 0.529125
vt 0.404125 0.529125
vt 0.625000 0.470875
vt 0.654125 0.529125
vt 0.595875 0.500000
vt 0.595875 0.529125
vt 0.595875 0.470875
vt 0.154125 0.720875
vt 0.404125 0.970875
vt 0.404125 0.000000
vt 0.154125 0.750000
vt 0.125000 0.720875
vt 0.404125 0.029125
vt 0.595875 0.000000
vt 0.595875 0.970875
vt 0.845875 0.720875
vt 0.625000 0.029125
vt 0.625000 0.970875
vt 0.595875 0.029125
vt 0.154125 0.529125
vt 0.125000 0.529125
vt 0.404125 0.220875
vt 0.404125 0.279125
vt 0.154125 0.500000
vt 0.625000 0.279125
vt 0.845875 0.529125
vt 0.625000 0.220875
vt 0.595875 0.250000
vt 0.595875 0.279125
vt 0.595875 0.220875
vt 0.345875 0.720875
vt 0.375000 0.720875
vt 0.404125 0.720875
vt 0.404125 0.779125
vt 0.345875 0.750000
vt 0.625000 0.779125
vt 0.654125 0.720875
vt 0.595875 0.779125
vt 0.595875 0.750000
vt 0.595875 0.720875
vt 0.345875 0.529125
vt 0.345875 0.500000
vt 0.404125 0.470875
vt 0.375000 0.529125
vt 0.404125 0.529125
vt 0.625000 0.470875
vt 0.654125 0.529125
vt 0.595875 0.500000
vt 0.595875 0.529125
vt 0.595875 0.470875
vt 0.154125 0.720875
vt 0.404125 0.970875
vt 0.404125 0.000000
vt 0.154125 0.750000
vt 0.404125 0.029125
vt 0.125000 0.720875
vt 0.595875 0.000000
vt 0.595875 0.970875
vt 0.845875 0.720875
vt 0.625000 0.029125
vt 0.625000 0.970875
vt 0.595875 0.029125
vt 0.154125 0.529125
vt 0.125000 0.529125
vt 0.404125 0.220875
vt 0.404125 0.279125
vt 0.154125 0.500000
vt 0.845875 0.529125
vt 0.625000 0.220875
vt 0.625000 0.279125
vt 0.595875 0.250000
vt 0.595875 0.279125
vt 0.595875 0.220875
vt 0.345875 0.720875
vt 0.375000 0.720875
vt 0.404125 0.720875
vt 0.404125 0.779125
vt 0.345875 0.750000
vt 0.625000 0.779125
vt 0.654125 0.720875
vt 0.595875 0.779125
vt 0.595875 0.750000
vt 0.595875 0.720875
vt 0.345875 0.529125
vt 0.345875 0.500000
vt 0.404125 0.470875
vt 0.375000 0.529125
vt 0.404125 0.529125
vt 0.654125 0.529125
vt 0.625000 0.470875
vt 0.595875 0.500000
vt 0.595875 0.529125
vt 0.595875 0.470875
vt 0.154125 0.720875
vt 0.404125 0.000000
vt 0.404125 0.970875
vt 0.154125 0.750000
vt 0.125000 0.720875
vt 0.404125 0.029125
vt 0.595875 0.000000
vt 0.595875 0.970875
vt 0.845875 0.720875
vt 0.625000 0.029125
vt 0.625000 0.970875
vt 0.595875 0.029125
vt 0.154125 0.529125
vt 0.125000 0.529125
vt 0.404125 0.220875
vt 0.404125 0.279125
vt 0.154125 0.500000
vt 0.845875 0.529125
vt 0.625000 0.220875
vt 0.625000 0.279125
vt 0.595875 0.250000
vt 0.595875 0.279125
vt 0.595875 0.220875
vt 0.345875 0.720875
vt 0.375000 0.720875
vt 0.404125 0.720875
vt 0.404125 0.779125
vt 0.345875 0.750000
vt 0.625000 0.779125
vt 0.654125 0.720875
vt 0.595875 0.779125
vt 0.595875 0.750000
vt 0.595875 0.720875
vt 0.345875 0.529125
vt 0.345875 0.500000
vt 0.404125 0.470875
vt 0.375000 0.529125
vt 0.404125 0.529125
vt 0.625000 0.470875
vt 0.654125 0.529125
vt 0.595875 0.500000
vt 0.595875 0.529125
vt 0.595875 0.470875
vt 0.154125 0.720875
vt 0.404125 0.970875
vt 0.404125 0.000000
vt 0.154125 0.750000
vt 0.404125 0.029125
vt 0.125000 0.720875
vt 0.595875 0.000000
vt 0.595875 0.970875
vt 0.625000 0.029125
vt 0.845875 0.720875
vt 0.625000 0.970875
vt 0.595875 0.029125
vt 0.154125 0.529125
vt 0.125000 0.529125
vt 0.404125 0.220875
vt 0.404125 0.279125
vt 0.154125 0.500000
vt 0.845875 0.529125
vt 0.625000 0.220875
vt 0.625000 0.279125
vt 0.595875 0.250000
vt 0.595875 0.279125
vt 0.595875 0.220875
vt 0.345875 0.720875
vt 0.375000 0.720875
vt 0.404125 0.720875
vt 0.404125 0.779125
vt 0.345875 0.750000
vt 0.654125 0.720875
vt 0.625000 0.779125
vt 0.595875 0.779125
vt 0.595875 0.750000
vt 0.595875 0.720875
vt 0.345875 0.529125
vt 0.345875 0.500000
vt 0.404125 0.470875
vt 0.375000 0.529125
vt 0.404125 0.529125
vt 0.654125 0.529125
vt 0.625000 0.470875
vt 0.595875 0.500000
vt 0.595875 0.529125
vt 0.595875 0.470875
vt 0.154125 0.720875
vt 0.404125 0.970875
vt 0.404125 0.000000
vt 0.154125 0.750000
vt 0.125000 0.720875
vt 0.404125 0.029125
vt 0.595875 0.000000
vt 0.595875 0.970875
vt 0.845875 0.720875
vt 0.625000 0.029125
vt 0.625000 0.970875
vt 0.595875 0.029125
vt 0.154125 0.529125
vt 0.125000 0.529125
vt 0.404125 0.220875
vt 0.404125 0.279125
vt 0.154125 0.500000
vt 0.625000 0.279125
vt 0.845875 0.529125
vt 0.625000 0.220875
vt 0.595875 0.250000
vt 0.595875 0.279125
vt 0.595875 0.220875
vt 0.345875 0.720875
vt 0.375000 0.720875
vt 0.404125 0.720875
vt 0.404125 0.779125
vt 0.345875 0.750000
vt 0.654125 0.720875
vt 0.625000 0.779125
vt 0.595875 0.779125
vt 0.595875 0.750000
vt 0.595875 0.720875
vt 0.345875 0.529125
vt 0.345875 0.500000
vt 0.404125 0.470875
vt 0.375000 0.529125
vt 0.404125 0.529125
vt 0.625000 0.470875
vt 0.654125 0.529125
vt 0.595875 0.500000
vt 0.595875 0.529125
vt 0.595875 0.470875
vt 0.154125 0.720875
vt 0.404125 0.970875
vt 0.404125 0.000000
vt 0.154125 0.750000
vt 0.404125 0.029125
vt 0.125000 0.720875
vt 0.595875 0.000000
vt 0.595875 0.970875
vt 0.845875 0.720875
vt 0.625000 0.029125
vt 0.625000 0.970875
vt 0.595875 0.029125
vt 0.154125 0.529125
vt 0.125000 0.529125
vt 0.404125 0.220875
vt 0.404125 0.279125
vt 0.154125 0.500000
vt 0.625000 0.279125
vt 0.845875 0.529125
vt 0.625000 0.220875
vt 0.595875 0.250000
vt 0.595875 0.279125
vt 0.595875 0.220875
vt 0.345875 0.720875
vt 0.375000 0.720875
vt 0.404125 0.720875
vt 0.404125 0.779125
vt 0.345875 0.750000
vt 0.625000 0.779125
vt 0.654125 0.720875
vt 0.595875 0.779125
vt 0.595875 0.750000
vt 0.595875 0.720875
vt 0.345875 0.529125
vt 0.345875 0.500000
vt 0.404125 0.470875
vt 0.375000 0.529125
vt 0.404125 0.529125
vt 0.625000 0.470875
vt 0.654125 0.529125
vt 0.595875 0.500000
vt 0.595875 0.529125
vt 0.595875 0.470875
vt 0.154125 0.720875
vt 0.404125 0.970875
vt 0.404125 0.000000
vt 0.154125 0.750000
vt 0.404125 0.029125
vt 0.125000 0.720875
vt 0.595875 0.000000
vt 0.595875 0.970875
vt 0.625000 0.029125
vt 0.845875 0.720875
vt 0.625000 0.970875
vt 0.595875 0.029125
vt 0.154125 0.529125
vt 0.125000 0.529125
vt 0.404125 0.220875
vt 0.404125 0.279125
vt 0.154125 0.500000
vt 0.625000 0.279125
vt 0.845875 0.529125
vt 0.625000 0.220875
vt 0.595875 0.250000
vt 0.595875 0.279125
vt 0.595875 0.220875
vt 0.345875 0.720875
vt 0.375000 0.720875
vt 0.404125 0.720875
vt 0.404125 0.779125
vt 0.345875 0.750000
vt 0.625000 0.779125
vt 0.654125 0.720875
vt 0.595875 0.779125
vt 0.595875 0.750000
vt 0.595875 0.720875
vt 0.345875 0.529125
vt 0.345875 0.500000
vt 0.404125 0.470875
vt 0.375000 0.529125
vt 0.404125 0.529125
vt 0.654125 0.529125
vt 0.625000 0.470875
vt 0.595875 0.500000
vt 0.595875 0.529125
vt 0.595875 0.470875
vt 0.154125 0.720875
vt 0.404125 0.970875
vt 0.404125 0.000000
vt 0.154125 0.750000
vt 0.125000 0.720875
vt 0.404125 0.029125
vt 0.595875 0.000000
vt 0.595875 0.970875
vt 0.845875 0.720875
vt 0.625000 0.029125
vt 0.625000 0.970875
vt 0.595875 0.029125
vt 0.154125 0.529125
vt 0.125000 0.529125
vt 0.404125 0.220875
vt 0.404125 0.279125
vt 0.154125 0.500000
vt 0.625000 0.279125
vt 0.845875 0.529125
vt 0.625000 0.220875
vt 0.595875 0.250000
vt 0.595875 0.279125
vt 0.595875 0.220875
vt 0.345875 0.720875
vt 0.375000 0.720875
vt 0.404125 0.720875
vt 0.404125 0.779125
vt 0.345875 0.750000
vt 0.654125 0.720875
vt 0.625000 0.779125
vt 0.595875 0.779125
vt 0.595875 0.750000
vt 0.595875 0.720875
vt 0.345875 0.529125
vt 0.345875 0.500000
vt 0.404125 0.470875
vt 0.375000 0.529125
vt 0.404125 0.529125
vt 0.625000 0.470875
vt 0.654125 0.529125
vt 0.595875 0.500000
vt 0.595875 0.529125
vt 0.595875 0.470875
vt 0.154125 0.720875
vt 0.404125 0.970875
vt 0.404125 0.000000
vt 0.154125 0.750000
vt 0.125000 0.720875
vt 0.404125 0.029125
vt 0.595875 0.000000
vt 0.595875 0.970875
vt 0.625000 0.029125
vt 0.845875 0.720875
vt 0.625000 0.970875
vt 0.595875 0.029125
vt 0.154125 0.529125
vt 0.125000 0.529125
vt 0.404125 0.220875
vt 0.404125 0.279125
vt 0.154125 0.500000
vt 0.625000 0.279125
vt 0.845875 0.529125
vt 0.625000 0.220875
vt 0.595875 0.250000
vt 0.595875 0.279125
vt 0.595875 0.220875
vt 0.345875 0.720875
vt 0.375000 0.720875
vt 0.404125 0.720875
vt 0.404125 0.779125
vt 0.345875 0.750000
vt 0.654125 0.720875
vt 0.625000 0.779125
vt 0.595875 0.779125
vt 0.595875 0.750000
vt 0.595875 0.720875
vt 0.345875 0.529125
vt 0.345875 0.500000
vt 0.404125 0.470875
vt 0.375000 0.529125
vt 0.404125 0.529125
vt 0.625000 0.470875
vt 0.654125 0.529125
vt 0.595875 0.500000
vt 0.595875 0.529125
vt 0.595875 0.470875
vt 0.154125 0.720875
vt 0.404125 0.970875
vt 0.404125 0.000000
vt 0.154125 0.750000
vt 0.125000 0.720875
vt 0.404125 0.029125
vt 0.595875 0.000000
vt 0.595875 0.970875
vt 0.845875 0.720875
vt 0.625000 0.029125
vt 0.625000 0.970875
vt 0.595875 0.029125
vt 0.154125 0.529125
vt 0.125000 0.529125
vt 0.404125 0.220875
vt 0.404125 0.279125
vt 0.154125 0.500000
vt 0.845875 0.529125
vt 0.625000 0.220875
vt 0.625000 0.279125
vt 0.595875 0.250000
vt 0.595875 0.279125
vt 0.595875 0.220875
vt 0.345875 0.720875
vt 0.375000 0.720875
vt 0.404125 0.720875
vt 0.404125 0.779125
vt 0.345875 0.750000
vt 0.654125 0.720875
vt 0.625000 0.779125
vt 0.595875 0.779125
vt 0.595875 0.750000
vt 0.595875 0.720875
vt 0.345875 0.529125
vt 0.345875 0.500000
vt 0.404125 0.470875
vt 0.375000 0.529125
vt 0.404125 0.529125
vt 0.625000 0.470875
vt 0.654125 0.529125
vt 0.595875 0.500000
vt 0.595875 0.529125
vt 0.595875 0.470875
vt 0.154125 0.720875
vt 0.404125 0.970875
vt 0.404125 0.000000
vt 0.154125 0.750000
vt 0.125000 0.720875
vt 0.404125 0.029125
vt 0.595875 0.000000
vt 0.595875 0.970875
vt 0.845875 0.720875
vt 0.625000 0.029125
vt 0.625000 0.970875
vt 0.595875 0.029125
vt 0.154125 0.529125
vt 0.125000 0.529125
vt 0.404125 0.220875
vt 0.404125 0.279125
vt 0.154125 0.500000
vt 0.845875 0.529125
vt 0.625000 0.220875
vt 0.625000 0.279125
vt 0.595875 0.250000
vt 0.595875 0.279125
vt 0.595875 0.220875
vt 0.345875 0.720875
vt 0.375000 0.720875
vt 0.404125 0.720875
vt 0.404125 0.779125
vt 0.345875 0.750000
vt 0.625000 0.779125
vt 0.654125 0.720875
vt 0.595875 0.779125
vt 0.595875 0.750000
vt 0.595875 0.720875
vt 0.345875 0.529125
vt 0.345875 0.500000
vt 0.404125 0.470875
vt 0.375000 0.529125
vt 0.404125 0.529125
vt 0.654125 0.529125
vt 0.625000 0.470875
vt 0.595875 0.500000
vt 0.595875 0.529125
vt 0.595875 0.470875
vt 0.154125 0.720875
vt 0.404125 0.000000
vt 0.404125 0.970875
vt 0.154125 0.750000
vt 0.125000 0.720875
vt 0.404125 0.029125
vt 0.595875 0.000000
vt 0.595875 0.970875
vt 0.625000 0.029125
vt 0.845875 0.720875
vt 0.625000 0.970875
vt 0.595875 0.029125
vt 0.154125 0.529125
vt 0.125000 0.529125
vt 0.404125 0.220875
vt 0.404125 0.279125
vt 0.154125 0.500000
vt 0.845875 0.529125
vt 0.625000 0.220875
vt 0.625000 0.279125
vt 0.595875 0.250000
vt 0.595875 0.279125
vt 0.595875 0.220875
vt 0.345875 0.720875
vt 0.375000 0.720875
vt 0.404125 0.720875
vt 0.404125 0.779125
vt 0.345875 0.750000
vt 0.654125 0.720875
vt 0.625000 0.779125
vt 0.595875 0.779125
vt 0.595875 0.750000
vt 0.595875 0.720875
vt 0.345875 0.529125
vt 0.345875 0.500000
vt 0.404125 0.470875
vt 0.375000 0.529125
vt 0.404125 0.529125
vt 0.625000 0.470875
vt 0.654125 0.529125
vt 0.595875 0.500000
vt 0.595875 0.529125
vt 0.595875 0.470875
vt 0.154125 0.720875
vt 0.404125 0.970875
vt 0.404125 0.000000
vt 0.154125 0.750000
vt 0.404125 0.029125
vt 0.125000 0.720875
vt 0.595875 0.000000
vt 0.595875 0.970875
vt 0.845875 0.720875
vt 0.625000 0.029125
vt 0.625000 0.970875
vt 0.595875 0.029125
vt 0.154125 0.529125
vt 0.125000 0.529125
vt 0.404125 0.220875
vt 0.404125 0.279125
vt 0.154125 0.500000
vt 0.625000 0.279125
vt 0.845875 0.529125
vt 0.625000 0.220875
vt 0.595875 0.250000
vt 0.595875 0.279125
vt 0.595875 0.220875
vt 0.345875 0.720875
vt 0.375000 0.720875
vt 0.404125 0.720875
vt 0.404125 0.779125
vt 0.345875 0.750000
vt 0.654125 0.720875
vt 0.625000 0.779125
vt 0.595875 0.779125
vt 0.595875 0.750000
vt 0.595875 0.720875
vt 0.345875 0.529125
vt 0.345875 0.500000
vt 0.404125 0.470875
vt 0.375000 0.529125
vt 0.404125 0.529125
vt 0.654125 0.529125
vt 0.625000 0.470875
vt 0.595875 0.500000
vt 0.595875 0.529125
vt 0.595875 0.470875
vt 0.154125 0.720875
vt 0.404125 0.000000
vt 0.404125 0.970875
vt 0.154125 0.750000
vt 0.125000 0.720875
vt 0.404125 0.029125
vt 0.595875 0.000000
vt 0.595875 0.970875
vt 0.845875 0.720875
vt 0.625000 0.029125
vt 0.625000 0.970875
vt 0.595875 0.029125
vt 0.154125 0.529125
vt 0.125000 0.529125
vt 0.404125 0.220875
vt 0.404125 0.279125
vt 0.154125 0.500000
vt 0.625000 0.279125
vt 0.845875 0.529125
vt 0.625000 0.220875
vt 0.595875 0.250000
vt 0.595875 0.279125
vt 0.595875 0.220875
vt 0.345875 0.720875
vt 0.375000 0.720875
vt 0.404125 0.720875
vt 0.404125 0.779125
vt 0.345875 0.750000
vt 0.625000 0.779125
vt 0.654125 0.720875
vt 0.595875 0.779125
vt 0.595875 0.750000
vt 0.595875 0.720875
vt 0.345875 0.529125
vt 0.345875 0.500000
vt 0.404125 0.470875
vt 0.375000 0.529125
vt 0.404125 0.529125
vt 0.625000 0.470875
vt 0.654125 0.529125
vt 0.595875 0.500000
vt 0.595875 0.529125
vt 0.595875 0.470875
vt 0.154125 0.720875
vt 0.154125 0.750000
vt 0.404125 0.970875
vt 0.404125 0.000000
vt 0.404125 0.029125
vt 0.125000 0.720875
vt 0.595875 0.000000
vt 0.595875 0.970875
vt 0.625000 0.029125
vt 0.845875 0.720875
vt 0.625000 0.970875
vt 0.595875 0.029125
vt 0.154125 0.529125
vt 0.125000 0.529125
vt 0.404125 0.220875
vt 0.404125 0.279125
vt 0.154125 0.500000
vt 0.625000 0.279125
vt 0.845875 0.529125
vt 0.625000 0.220875
vt 0.595875 0.250000
vt 0.595875 0.279125
vt 0.595875 0.220875
vt 0.345875 0.720875
vt 0.375000 0.720875
vt 0.404125 0.720875
vt 0.404125 0.779125
vt 0.345875 0.750000
vt 0.625000 0.779125
vt 0.654125 0.720875
vt 0.595875 0.779125
vt 0.595875 0.750000
vt 0.595875 0.720875
vt 0.345875 0.529125
vt 0.345875 0.500000
vt 0.404125 0.470875
vt 0.375000 0.529125
vt 0.404125 0.529125
vt 0.654125 0.529125
vt 0.625000 0.470875
vt 0.595875 0.500000
vt 0.595875 0.529125
vt 0.595875 0.470875
vt 0.154125 0.720875
vt 0.404125 0.970875
vt 0.154125 0.750000
vt 0.404125 0.000000
vt 0.404125 0.029125
vt 0.125000 0.720875
vt 0.595875 0.000000
vt 0.595875 0.970875
vt 0.625000 0.029125
vt 0.845875 0.720875
vt 0.625000 0.970875
vt 0.595875 0.029125
vt 0.154125 0.529125
vt 0.125000 0.529125
vt 0.404125 0.220875
vt 0.404125 0.279125
vt 0.154125 0.500000
vt 0.845875 0.529125
vt 0.625000 0.220875
vt 0.625000 0.279125
vt 0.595875 0.250000
vt 0.595875 0.279125
vt 0.595875 0.220875
vt 0.345875 0.720875
vt 0.375000 0.720875
vt 0.404125 0.720875
vt 0.404125 0.779125
vt 0.345875 0.750000
vt 0.654125 0.720875
vt 0.625000 0.779125
vt 0.595875 0.779125
vt 0.595875 0.750000
vt 0.595875 0.720875
vt 0.345875 0.529125
vt 0.345875 0.500000
vt 0.404125 0.470875
vt 0.375000 0.529125
vt 0.404125 0.529125
vt 0.654125 0.529125
vt 0.625000 0.470875
vt 0.595875 0.500000
vt 0.595875 0.529125
vt 0.595875 0.470875
vt 0.154125 0.720875
vt 0.404125 0.970875
vt 0.404125 0.000000
vt 0.154125 0.750000
vt 0.125000 0.720875
vt 0.404125 0.029125
vt 0.595875 0.000000
vt 0.595875 0.970875
vt 0.845875 0.720875
vt 0.625000 0.029125
vt 0.625000 0.970875
vt 0.595875 0.029125
vt 0.154125 0.529125
vt 0.125000 0.529125
vt 0.404125 0.220875
vt 0.404125 0.279125
vt 0.154125 0.500000
vt 0.625000 0.279125
vt 0.845875 0.529125
vt 0.625000 0.220875
vt 0.595875 0.250000
vt 0.595875 0.279125
vt 0.595875 0.220875
vt 0.345875 0.720875
vt 0.375000 0.720875
vt 0.404125 0.720875
vt 0.404125 0.779125
vt 0.345875 0.750000
vt 0.654125 0.720875
vt 0.625000 0.779125
vt 0.595875 0.779125
vt 0.595875 0.750000
vt 0.595875 0.720875
vt 0.345875 0.529125
vt 0.345875 0.500000
vt 0.404125 0.470875
vt 0.375000 0.529125
vt 0.404125 0.529125
vt 0.625000 0.470875
vt 0.654125 0.529125
vt 0.595875 0.500000
vt 0.595875 0.529125
vt 0.595875 0.470875
vt 0.154125 0.720875
vt 0.404125 0.970875
vt 0.154125 0.750000
vt 0.404125 0.000000
vt 0.404125 0.029125
vt 0.125000 0.720875
vt 0.595875 0.000000
vt 0.595875 0.970875
vt 0.845875 0.720875
vt 0.625000 0.029125
vt 0.625000 0.970875
vt 0.595875 0.029125
vt 0.154125 0.529125
vt 0.125000 0.529125
vt 0.404125 0.220875
vt 0.404125 0.279125
vt 0.154125 0.500000
vt 0.625000 0.279125
vt 0.845875 0.529125
vt 0.625000 0.220875
vt 0.595875 0.250000
vt 0.595875 0.279125
vt 0.595875 0.220875
vt 0.345875 0.720875
vt 0.375000 0.720875
vt 0.404125 0.720875
vt 0.404125 0.779125
vt 0.345875 0.750000
vt 0.654125 0.720875
vt 0.625000 0.779125
vt 0.595875 0.779125
vt 0.595875 0.750000
vt 0.595875 0.720875
vt 0.345875 0.529125
vt 0.345875 0.500000
vt 0.404125 0.470875
vt 0.375000 0.529125
vt 0.404125 0.529125
vt 0.654125 0.529125
vt 0.625000 0.470875
vt 0.595875 0.500000
vt 0.595875 0.529125
vt 0.595875 0.470875
vt 0.154125 0.720875
vt 0.154125 0.750000
vt 0.404125 0.970875
vt 0.404125 0.000000
vt 0.404125 0.029125
vt 0.125000 0.720875
vt 0.595875 0.000000
vt 0.595875 0.970875
vt 0.625000 0.029125
vt 0.845875 0.720875
vt 0.625000 0.970875
vt 0.595875 0.029125
vt 0.154125 0.529125
vt 0.125000 0.529125
vt 0.404125 0.220875
vt 0.404125 0.279125
vt 0.154125 0.500000
vt 0.625000 0.279125
vt 0.845875 0.529125
vt 0.625000 0.220875
vt 0.595875 0.250000
vt 0.595875 0.279125
vt 0.595875 0.220875
vt 0.345875 0.720875
vt 0.375000 0.720875
vt 0.404125 0.720875
vt 0.404125 0.779125
vt 0.345875 0.750000
vt 0.654125 0.720875
vt 0.625000 0.779125
vt 0.595875 0.779125
vt 0.595875 0.750000
vt 0.595875 0.720875
vt 0.345875 0.529125
vt 0.345875 0.500000
vt 0.404125 0.470875
vt 0.375000 0.529125
vt 0.404125 0.529125
vt 0.625000 0.470875
vt 0.654125 0.529125
vt 0.595875 0.500000
vt 0.595875 0.529125
vt 0.595875 0.470875
vt 0.154125 0.720875
vt 0.404125 0.000000
vt 0.404125 0.970875
vt 0.154125 0.750000
vt 0.125000 0.720875
vt 0.404125 0.029125
vt 0.595875 0.000000
vt 0.595875 0.970875
vt 0.845875 0.720875
vt 0.625000 0.029125
vt 0.625000 0.970875
vt 0.595875 0.029125
vt 0.154125 0.529125
vt 0.125000 0.529125
vt 0.404125 0.220875
vt 0.404125 0.279125
vt 0.154125 0.500000
vt 0.625000 0.279125
vt 0.845875 0.529125
vt 0.625000 0.220875
vt 0.595875 0.250000
vt 0.595875 0.279125
vt 0.595875 0.220875
vt 0.345875 0.720875
vt 0.375000 0.720875
vt 0.404125 0.720875
vt 0.404125 0.779125
vt 0.345875 0.750000
vt 0.654125 0.720875
vt 0.625000 0.779125
vt 0.595875 0.779125
vt 0.595875 0.750000
vt 0.595875 0.720875
vt 0.345875 0.529125
vt 0.345875 0.500000
vt 0.404125 0.470875
vt 0.375000 0.529125
vt 0.404125 0.529125
vt 0.654125 0.529125
vt 0.625000 0.470875
vt 0.595875 0.500000
vt 0.595875 0.529125
vt 0.595875 0.470875
vt 0.154125 0.720875
vt 0.404125 0.000000
vt 0.154125 0.750000
vt 0.404125 0.970875
vt 0.125000 0.720875
vt 0.404125 0.029125
vt 0.595875 0.000000
vt 0.595875 0.970875
vt 0.625000 0.029125
vt 0.845875 0.720875
vt 0.625000 0.970875
vt 0.595875 0.029125
vt 0.154125 0.529125
vt 0.125000 0.529125
vt 0.404125 0.220875
vt 0.404125 0.279125
vt 0.154125 0.500000
vt 0.845875 0.529125
vt 0.625000 0.220875
vt 0.625000 0.279125
vt 0.595875 0.250000
vt 0.595875 0.279125
vt 0.595875 0.220875
vt 0.345875 0.720875
vt 0.375000 0.720875
vt 0.404125 0.720875
vt 0.404125 0.779125
vt 0.345875 0.750000
vt 0.625000 0.779125
vt 0.654125 0.720875
vt 0.595875 0.779125
vt 0.595875 0.750000
vt 0.595875 0.720875
vt 0.345875 0.529125
vt 0.345875 0.500000
vt 0.404125 0.470875
vt 0.375000 0.529125
vt 0.404125 0.529125
vt 0.625000 0.470875
vt 0.654125 0.529125
vt 0.595875 0.500000
vt 0.595875 0.529125
vt 0.595875 0.470875
vt 0.154125 0.720875
vt 0.154125 0.750000
vt 0.404125 0.970875
vt 0.404125 0.000000
vt 0.404125 0.029125
vt 0.125000 0.720875
vt 0.595875 0.000000
vt 0.595875 0.970875
vt 0.625000 0.029125
vt 0.845875 0.720875
vt 0.625000 0.970875
vt 0.595875 0.029125
vt 0.154125 0.529125
vt 0.125000 0.529125
vt 0.404125 0.220875
vt 0.404125 0.279125
vt 0.154125 0.500000
vt 0.625000 0.279125
vt 0.845875 0.529125
vt 0.625000 0.220875
vt 0.595875 0.250000
vt 0.595875 0.279125
vt 0.595875 0.220875
vt 0.345875 0.720875
vt 0.375000 0.720875
vt 0.404125 0.720875
vt 0.404125 0.779125
vt 0.345875 0.750000
vt 0.654125 0.720875
vt 0.625000 0.779125
vt 0.595875 0.779125
vt 0.595875 0.750000
vt 0.595875 0.720875
vt 0.345875 0.529125
vt 0.345875 0.500000
vt 0.404125 0.470875
vt 0.375000 0.529125
vt 0.404125 0.529125
vt 0.625000 0.470875
vt 0.654125 0.529125
vt 0.595875 0.500000
vt 0.595875 0.529125
vt 0.595875 0.470875
vt 0.154125 0.720875
vt 0.404125 0.970875
vt 0.404125 0.000000
vt 0.154125 0.750000
vt 0.404125 0.029125
vt 0.125000 0.720875
vt 0.595875 0.000000
vt 0.595875 0.970875
vt 0.625000 0.029125
vt 0.845875 0.720875
vt 0.625000 0.970875
vt 0.595875 0.029125
vt 0.154125 0.529125
vt 0.125000 0.529125
vt 0.404125 0.220875
vt 0.404125 0.279125
vt 0.154125 0.500000
vt 0.845875 0.529125
vt 0.625000 0.220875
vt 0.625000 0.279125
vt 0.595875 0.250000
vt 0.595875 0.279125
vt 0.595875 0.220875
vt 0.345875 0.720875
vt 0.375000 0.720875
vt 0.404125 0.720875
vt 0.404125 0.779125
vt 0.345875 0.750000
vt 0.654125 0.720875
vt 0.625000 0.779125
vt 0.595875 0.779125
vt 0.595875 0.750000
vt 0.595875 0.720875
vt 0.345875 0.529125
vt 0.345875 0.500000
vt 0.404125 0.470875
vt 0.375000 0.529125
vt 0.404125 0.529125
vt 0.654125 0.529125
vt 0.625000 0.470875
vt 0.595875 0.500000
vt 0.595875 0.529125
vt 0.595875 0.470875
vt 0.154125 0.720875
vt 0.154125 0.750000
vt 0.404125 0.970875
vt 0.404125 0.000000
vt 0.404125 0.029125
vt 0.125000 0.720875
vt 0.595875 0.000000
vt 0.595875 0.970875
vt 0.625000 0.029125
vt 0.845875 0.720875
vt 0.625000 0.970875
vt 0.595875 0.029125
vt 0.154125 0.529125
vt 0.125000 0.529125
vt 0.404125 0.220875
vt 0.404125 0.279125
vt 0.154125 0.500000
vt 0.845875 0.529125
vt 0.625000 0.220875
vt 0.625000 0.279125
vt 0.595875 0.250000
vt 0.595875 0.279125
vt 0.595875 0.220875
vt 0.345875 0.720875
vt 0.375000 0.720875
vt 0.404125 0.720875
vt 0.404125 0.779125
vt 0.345875 0.750000
vt 0.625000 0.779125
vt 0.654125 0.720875
vt 0.595875 0.779125
vt 0.595875 0.750000
vt 0.595875 0.720875
vt 0.345875 0.529125
vt 0.345875 0.500000
vt 0.404125 0.470875
vt 0.375000 0.529125
vt 0.404125 0.529125
vt 0.625000 0.470875
vt 0.654125 0.529125
vt 0.595875 0.500000
vt 0.595875 0.529125
vt 0.595875 0.470875
vt 0.154125 0.720875
vt 0.404125 0.970875
vt 0.404125 0.000000
vt 0.154125 0.750000
vt 0.125000 0.720875
vt 0.404125 0.029125
vt 0.595875 0.000000
vt 0.595875 0.970875
vt 0.625000 0.029125
vt 0.845875 0.720875
vt 0.625000 0.970875
vt 0.595875 0.029125
vt 0.154125 0.529125
vt 0.125000 0.529125
vt 0.404125 0.220875
vt 0.404125 0.279125
vt 0.154125 0.500000
vt 0.625000 0.279125
vt 0.845875 0.529125
vt 0.625000 0.220875
vt 0.595875 0.250000
vt 0.595875 0.279125
vt 0.595875 0.220875
vt 0.345875 0.720875
vt 0.375000 0.720875
vt 0.404125 0.720875
vt 0.404125 0.779125
vt 0.345875 0.750000
vt 0.654125 0.720875
vt 0.625000 0.779125
vt 0.595875 0.779125
vt 0.595875 0.750000
vt 0.595875 0.720875
vt 0.345875 0.529125
vt 0.345875 0.500000
vt 0.404125 0.470875
vt 0.375000 0.529125
vt 0.404125 0.529125
vt 0.654125 0.529125
vt 0.625000 0.470875
vt 0.595875 0.500000
vt 0.595875 0.529125
vt 0.595875 0.470875
vt 0.154125 0.720875
vt 0.404125 0.970875
vt 0.404125 0.000000
vt 0.154125 0.750000
vt 0.125000 0.720875
vt 0.404125 0.029125
vt 0.595875 0.000000
vt 0.595875 0.970875
vt 0.625000 0.029125
vt 0.845875 0.720875
vt 0.625000 0.970875
vt 0.595875 0.029125
vt 0.154125 0.529125
vt 0.125000 0.529125
vt 0.404125 0.220875
vt 0.404125 0.279125
vt 0.154125 0.500000
vt 0.845875 0.529125
vt 0.625000 0.220875
vt 0.625000 0.279125
vt 0.595875 0.250000
vt 0.595875 0.279125
vt 0.595875 0.220875
vt 0.345875 0.720875
vt 0.375000 0.720875
vt 0.404125 0.720875
vt 0.404125 0.779125
vt 0.345875 0.750000
vt 0.654125 0.720875
vt 0.625000 0.779125
vt 0.595875 0.779125
vt 0.595875 0.750000
vt 0.595875 0.720875
vt 0.345875 0.529125
vt 0.345875 0.500000
vt 0.404125 0.470875
vt 0.375000 0.529125
vt 0.404125 0.529125
vt 0.654125 0.529125
vt 0.625000 0.470875
vt 0.595875 0.500000
vt 0.595875 0.529125
vt 0.595875 0.470875
vt 0.154125 0.720875
vt 0.404125 0.970875
vt 0.154125 0.750000
vt 0.404125 0.000000
vt 0.404125 0.029125
vt 0.125000 0.720875
vt 0.595875 0.000000
vt 0.595875 0.970875
vt 0.845875 0.720875
vt 0.625000 0.029125
vt 0.625000 0.970875
vt 0.595875 0.029125
vt 0.154125 0.529125
vt 0.125000 0.529125
vt 0.404125 0.220875
vt 0.404125 0.279125
vt 0.154125 0.500000
vt 0.625000 0.279125
vt 0.845875 0.529125
vt 0.625000 0.220875
vt 0.595875 0.250000
vt 0.595875 0.279125
vt 0.595875 0.220875
vt 0.345875 0.720875
vt 0.375000 0.720875
vt 0.404125 0.720875
vt 0.404125 0.779125
vt 0.345875 0.750000
vt 0.654125 0.720875
vt 0.625000 0.779125
vt 0.595875 0.779125
vt 0.595875 0.750000
vt 0.595875 0.720875
vt 0.345875 0.529125
vt 0.345875 0.500000
vt 0.404125 0.470875
vt 0.375000 0.529125
vt 0.404125 0.529125
vt 0.654125 0.529125
vt 0.625000 0.470875
vt 0.595875 0.500000
vt 0.595875 0.529125
vt 0.595875 0.470875
vt 0.154125 0.720875
vt 0.404125 0.970875
vt 0.404125 0.000000
vt 0.154125 0.750000
vt 0.404125 0.029125
vt 0.125000 0.720875
vt 0.595875 0.000000
vt 0.595875 0.970875
vt 0.845875 0.720875
vt 0.625000 0.029125
vt 0.625000 0.970875
vt 0.595875 0.029125
vt 0.154125 0.529125
vt 0.125000 0.529125
vt 0.404125 0.220875
vt 0.404125 0.279125
vt 0.154125 0.500000
vt 0.845875 0.529125
vt 0.625000 0.220875
vt 0.625000 0.279125
vt 0.595875 0.250000
vt 0.595875 0.279125
vt 0.595875 0.220875
vt 0.345875 0.720875
vt 0.375000 0.720875
vt 0.404125 0.720875
vt 0.404125 0.779125
vt 0.345875 0.750000
vt 0.625000 0.779125
vt 0.654125 0.720875
vt 0.595875 0.779125
vt 0.595875 0.750000
vt 0.595875 0.720875
vt 0.345875 0.529125
vt 0.345875 0.500000
vt 0.404125 0.470875
vt 0.375000 0.529125
vt 0.404125 0.529125
vt 0.625000 0.470875
vt 0.654125 0.529125
vt 0.595875 0.500000
vt 0.595875 0.529125
vt 0.595875 0.470875
vt 0.154125 0.720875
vt 0.404125 0.970875
vt 0.404125 0.000000
vt 0.154125 0.750000
vt 0.125000 0.720875
vt 0.404125 0.029125
vt 0.595875 0.000000
vt 0.595875 0.970875
vt 0.845875 0.720875
vt 0.625000 0.029125
vt 0.625000 0.970875
vt 0.595875 0.029125
vt 0.154125 0.529125
vt 0.125000 0.529125
vt 0.404125 0.220875
vt 0.404125 0.279125
vt 0.154125 0.500000
vt 0.625000 0.279125
vt 0.845875 0.529125
vt 0.625000 0.220875
vt 0.595875 0.250000
vt 0.595875 0.279125
vt 0.595875 0.220875
vt 0.345875 0.720875
vt 0.375000 0.720875
vt 0.404125 0.720875
vt 0.404125 0.779125
vt 0.345875 0.750000
vt 0.625000 0.779125
vt 0.654125 0.720875
vt 0.595875 0.779125
vt 0.595875 0.750000
vt 0.595875 0.720875
vt 0.345875 0.529125
vt 0.345875 0.500000
vt 0.404125 0.470875
vt 0.375000 0.529125
vt 0.404125 0.529125
vt 0.654125 0.529125
vt 0.625000 0.470875
vt 0.595875 0.500000
vt 0.595875 0.529125
vt 0.595875 0.470875
vt 0.154125 0.720875
vt 0.404125 0.970875
vt 0.404125 0.000000
vt 0.154125 0.750000
vt 0.404125 0.029125
vt 0.125000 0.720875
vt 0.595875 0.000000
vt 0.595875 0.970875
vt 0.845875 0.720875
vt 0.625000 0.029125
vt 0.625000 0.970875
vt 0.595875 0.029125
vt 0.154125 0.529125
vt 0.125000 0.529125
vt 0.404125 0.220875
vt 0.404125 0.279125
vt 0.154125 0.500000
vt 0.845875 0.529125
vt 0.625000 0.220875
vt 0.625000 0.279125
vt 0.595875 0.250000
vt 0.595875 0.279125
vt 0.595875 0.220875
vt 0.345875 0.720875
vt 0.375000 0.720875
vt 0.404125 0.720875
vt 0.404125 0.779125
vt 0.345875 0.750000
vt 0.625000 0.779125
vt 0.654125 0.720875
vt 0.595875 0.779125
vt 0.595875 0.750000
vt 0.595875 0.720875
vt 0.345875 0.529125
vt 0.345875 0.500000
vt 0.404125 0.470875
vt 0.375000 0.529125
vt 0.404125 0.529125
vt 0.654125 0.529125
vt 0.625000 0.470875
vt 0.595875 0.500000
vt 0.595875 0.529125
vt 0.595875 0.470875
vt 0.154125 0.720875
vt 0.404125 0.970875
vt 0.404125 0.000000
vt 0.154125 0.750000
vt 0.125000 0.720875
vt 0.404125 0.029125
vt 0.595875 0.000000
vt 0.595875 0.970875
vt 0.625000 0.029125
vt 0.845875 0.720875
vt 0.625000 0.970875
vt 0.595875 0.029125
vt 0.154125 0.529125
vt 0.125000 0.529125
vt 0.404125 0.220875
vt 0.404125 0.279125
vt 0.154125 0.500000
vt 0.625000 0.279125
vt 0.845875 0.529125
vt 0.625000 0.220875
vt 0.595875 0.250000
vt 0.595875 0.279125
vt 0.595875 0.220875
vt 0.345875 0.720875
vt 0.375000 0.720875
vt 0.404125 0.720875
vt 0.404125 0.779125
vt 0.345875 0.750000
vt 0.625000 0.779125
vt 0.654125 0.720875
vt 0.595875 0.779125
vt 0.595875 0.750000
vt 0.595875 0.720875
vt 0.345875 0.529125
vt 0.345875 0.500000
vt 0.404125 0.470875
vt 0.375000 0.529125
vt 0.404125 0.529125
vt 0.654125 0.529125
vt 0.625000 0.470875
vt 0.595875 0.500000
vt 0.595875 0.529125
vt 0.595875 0.470875
vt 0.154125 0.720875
vt 0.404125 0.000000
vt 0.404125 0.970875
vt 0.154125 0.750000
vt 0.125000 0.720875
vt 0.404125 0.029125
vt 0.595875 0.000000
vt 0.595875 0.970875
vt 0.625000 0.029125
vt 0.845875 0.720875
vt 0.625000 0.970875
vt 0.595875 0.029125
vt 0.154125 0.529125
vt 0.125000 0.529125
vt 0.404125 0.220875
vt 0.404125 0.279125
vt 0.154125 0.500000
vt 0.845875 0.529125
vt 0.625000 0.220875
vt 0.625000 0.279125
vt 0.595875 0.250000
vt 0.595875 0.279125
vt 0.595875 0.220875
vt 0.345875 0.720875
vt 0.375000 0.720875
vt 0.404125 0.720875
vt 0.404125 0.779125
vt 0.345875 0.750000
vt 0.625000 0.779125
vt 0.654125 0.720875
vt 0.595875 0.779125
vt 0.595875 0.750000
vt 0.595875 0.720875
vt 0.345875 0.529125
vt 0.345875 0.500000
vt 0.404125 0.470875
vt 0.375000 0.529125
vt 0.404125 0.529125
vt 0.654125 0.529125
vt 0.625000 0.470875
vt 0.595875 0.500000
vt 0.595875 0.529125
vt 0.595875 0.470875
vt 0.154125 0.720875
vt 0.404125 0.000000
vt 0.154125 0.750000
vt 0.404125 0.970875
vt 0.125000 0.720875
vt 0.404125 0.029125
vt 0.595875 0.000000
vt 0.595875 0.970875
vt 0.845875 0.720875
vt 0.625000 0.029125
vt 0.625000 0.970875
vt 0.595875 0.029125
vt 0.154125 0.529125
vt 0.125000 0.529125
vt 0.404125 0.220875
vt 0.404125 0.279125
vt 0.154125 0.500000
vt 0.845875 0.529125
vt 0.625000 0.220875
vt 0.625000 0.279125
vt 0.595875 0.250000
vt 0.595875 0.279125
vt 0.595875 0.220875
vt 0.345875 0.720875
vt 0.375000 0.720875
vt 0.404125 0.720875
vt 0.404125 0.779125
vt 0.345875 0.750000
vt 0.654125 0.720875
vt 0.625000 0.779125
vt 0.595875 0.779125
vt 0.595875 0.750000
vt 0.595875 0.720875
vt 0.345875 0.529125
vt 0.345875 0.500000
vt 0.404125 0.470875
vt 0.375000 0.529125
vt 0.404125 0.529125
vt 0.625000 0.470875
vt 0.654125 0.529125
vt 0.595875 0.500000
vt 0.595875 0.529125
vt 0.595875 0.470875
vt 0.154125 0.720875
vt 0.404125 0.970875
vt 0.404125 0.000000
vt 0.154125 0.750000
vt 0.125000 0.720875
vt 0.404125 0.029125
vt 0.595875 0.000000
vt 0.595875 0.970875
vt 0.625000 0.029125
vt 0.845875 0.720875
vt 0.625000 0.970875
vt 0.595875 0.029125
vt 0.154125 0.529125
vt 0.125000 0.529125
vt 0.404125 0.220875
vt 0.404125 0.279125
vt 0.154125 0.500000
vt 0.845875 0.529125
vt 0.625000 0.220875
vt 0.625000 0.279125
vt 0.595875 0.250000
vt 0.595875 0.279125
vt 0.595875 0.220875
vt 0.345875 0.720875
vt 0.375000 0.720875
vt 0.404125 0.720875
vt 0.404125 0.779125
vt 0.345875 0.750000
vt 0.625000 0.779125
vt 0.654125 0.720875
vt 0.595875 0.779125
vt 0.595875 0.750000
vt 0.595875 0.720875
vt 0.345875 0.529125
vt 0.345875 0.500000
vt 0.404125 0.470875
vt 0.375000 0.529125
vt 0.404125 0.529125
vt 0.654125 0.529125
vt 0.625000 0.470875
vt 0.595875 0.500000
vt 0.595875 0.529125
vt 0.595875 0.470875
vt 0.154125 0.720875
vt 0.404125 0.970875
vt 0.404125 0.000000
vt 0.154125 0.750000
vt 0.125000 0.720875
vt 0.404125 0.029125
vt 0.595875 0.000000
vt 0.595875 0.970875
vt 0.845875 0.720875
vt 0.625000 0.029125
vt 0.625000 0.970875
vt 0.595875 0.029125
vt 0.154125 0.529125
vt 0.125000 0.529125
vt 0.404125 0.220875
vt 0.404125 0.279125
vt 0.154125 0.500000
vt 0.845875 0.529125
vt 0.625000 0.220875
vt 0.625000 0.279125
vt 0.595875 0.250000
vt 0.595875 0.279125
vt 0.595875 0.220875
vt 0.345875 0.720875
vt 0.375000 0.720875
vt 0.404125 0.720875
vt 0.404125 0.779125
vt 0.345875 0.750000
vt 0.654125 0.720875
vt 0.625000 0.779125
vt 0.595875 0.779125
vt 0.595875 0.750000
vt 0.595875 0.720875
vt 0.345875 0.529125
vt 0.345875 0.500000
vt 0.404125 0.470875
vt 0.375000 0.529125
vt 0.404125 0.529125
vt 0.625000 0.470875
vt 0.654125 0.529125
vt 0.595875 0.500000
vt 0.595875 0.529125
vt 0.595875 0.470875
vt 0.154125 0.720875
vt 0.404125 0.970875
vt 0.404125 0.000000
vt 0.154125 0.750000
vt 0.125000 0.720875
vt 0.404125 0.029125
vt 0.595875 0.000000
vt 0.595875 0.970875
vt 0.625000 0.029125
vt 0.845875 0.720875
vt 0.625000 0.970875
vt 0.595875 0.029125
vt 0.154125 0.529125
vt 0.125000 0.529125
vt 0.404125 0.220875
vt 0.404125 0.279125
vt 0.154125 0.500000
vt 0.845875 0.529125
vt 0.625000 0.220875
vt 0.625000 0.279125
vt 0.595875 0.250000
vt 0.595875 0.279125
vt 0.595875 0.220875
vt 0.345875 0.720875
vt 0.375000 0.720875
vt 0.404125 0.720875
vt 0.404125 0.779125
vt 0.345875 0.750000
vt 0.625000 0.779125
vt 0.654125 0.720875
vt 0.595875 0.779125
vt 0.595875 0.750000
vt 0.595875 0.720875
vt 0.345875 0.529125
vt 0.345875 0.500000
vt 0.404125 0.470875
vt 0.375000 0.529125
vt 0.404125 0.529125
vt 0.625000 0.470875
vt 0.654125 0.529125
vt 0.595875 0.500000
vt 0.595875 0.529125
vt 0.595875 0.470875
vt 0.154125 0.720875
vt 0.404125 0.970875
vt 0.154125 0.750000
vt 0.404125 0.000000
vt 0.404125 0.029125
vt 0.125000 0.720875
vt 0.595875 0.000000
vt 0.595875 0.970875
vt 0.625000 0.029125
vt 0.845875 0.720875
vt 0.625000 0.970875
vt 0.595875 0.029125
vt 0.154125 0.529125
vt 0.125000 0.529125
vt 0.404125 0.220875
vt 0.404125 0.279125
vt 0.154125 0.500000
vt 0.845875 0.529125
vt 0.625000 0.220875
vt 0.625000 0.279125
vt 0.595875 0.250000
vt 0.595875 0.279125
vt 0.595875 0.220875
vt 0.345875 0.720875
vt 0.375000 0.720875
vt 0.404125 0.720875
vt 0.404125 0.779125
vt 0.345875 0.750000
vt 0.625000 0.779125
vt 0.654125 0.720875
vt 0.595875 0.779125
vt 0.595875 0.750000
vt 0.595875 0.720875
vt 0.345875 0.529125
vt 0.345875 0.500000
vt 0.404125 0.470875
vt 0.375000 0.529125
vt 0.404125 0.529125
vt 0.654125 0.529125
vt 0.625000 0.470875
vt 0.595875 0.500000
vt 0.595875 0.529125
vt 0.595875 0.470875
vt 0.154125 0.720875
vt 0.404125 0.000000
vt 0.154125 0.750000
vt 0.404125 0.970875
vt 0.125000 0.720875
vt 0.404125 0.029125
vt 0.595875 0.000000
vt 0.595875 0.970875
vt 0.625000 0.029125
vt 0.845875 0.720875
vt 0.625000 0.970875
vt 0.595875 0.029125
vt 0.154125 0.529125
vt 0.125000 0.529125
vt 0.404125 0.220875
vt 0.404125 0.279125
vt 0.154125 0.500000
vt 0.625000 0.279125
vt 0.845875 0.529125
vt 0.625000 0.220875
vt 0.595875 0.250000
vt 0.595875 0.279125
vt 0.595875 0.220875
vt 0.345875 0.720875
vt 0.375000 0.720875
vt 0.404125 0.720875
vt 0.404125 0.779125
vt 0.345875 0.750000
vt 0.654125 0.720875
vt 0.625000 0.779125
vt 0.595875 0.779125
vt 0.595875 0.750000
vt 0.595875 0.720875
vt 0.345875 0.529125
vt 0.345875 0.500000
vt 0.404125 0.470875
vt 0.375000 0.529125
vt 0.404125 0.529125
vt 0.654125 0.529125
vt 0.625000 0.470875
vt 0.595875 0.500000
vt 0.595875 0.529125
vt 0.595875 0.470875
vt 0.154125 0.720875
vt 0.404125 0.970875
vt 0.154125 0.750000
vt 0.404125 0.000000
vt 0.404125 0.029125
vt 0.125000 0.720875
vt 0.595875 0.000000
vt 0.595875 0.970875
vt 0.845875 0.720875
vt 0.625000 0.029125
vt 0.625000 0.970875
vt 0.595875 0.029125
vt 0.154125 0.529125
vt 0.125000 0.529125
vt 0.404125 0.220875
vt 0.404125 0.279125
vt 0.154125 0.500000
vt 0.845875 0.529125
vt 0.625000 0.220875
vt 0.625000 0.279125
vt 0.595875 0.250000
vt 0.595875 0.279125
vt 0.595875 0.220875
vt 0.345875 0.720875
vt 0.375000 0.720875
vt 0.404125 0.720875
vt 0.404125 0.779125
vt 0.345875 0.750000
vt 0.654125 0.720875
vt 0.625000 0.779125
vt 0.595875 0.779125
vt 0.595875 0.750000
vt 0.595875 0.720875
vt 0.345875 0.529125
vt 0.345875 0.500000
vt 0.404125 0.470875
vt 0.375000 0.529125
vt 0.404125 0.529125
vt 0.625000 0.470875
vt 0.654125 0.529125
vt 0.595875 0.500000
vt 0.595875 0.529125
vt 0.595875 0.470875
vt 0.154125 0.720875
vt 0.154125 0.750000
vt 0.404125 0.970875
vt 0.404125 0.000000
vt 0.404125 0.029125
vt 0.125000 0.720875
vt 0.595875 0.000000
vt 0.595875 0.970875
vt 0.845875 0.720875
vt 0.625000 0.029125
vt 0.625000 0.970875
vt 0.595875 0.029125
vt 0.154125 0.529125
vt 0.125000 0.529125
vt 0.404125 0.220875
vt 0.404125 0.279125
vt 0.154125 0.500000
vt 0.625000 0.279125
vt 0.845875 0.529125
vt 0.625000 0.220875
vt 0.595875 0.250000
vt 0.595875 0.279125
vt 0.595875 0.220875
vt 0.345875 0.720875
vt 0.375000 0.720875
vt 0.404125 0.720875
vt 0.404125 0.779125
vt 0.345875 0.750000
vt 0.654125 0.720875
vt 0.625000 0.779125
vt 0.595875 0.779125
vt 0.595875 0.750000
vt 0.595875 0.720875
vt 0.345875 0.529125
vt 0.345875 0.500000
vt 0.404125 0.470875
vt 0.375000 0.529125
vt 0.404125 0.529125
vt 0.654125 0.529125
vt 0.625000 0.470875
vt 0.595875 0.500000
vt 0.595875 0.529125
vt 0.595875 0.470875
s 0
f 14/19/1 10/14/1 13/17/1
f 4/7/2 11/15/2 10/14/2
f 8/12/3 16/23/3 11/15/3
f 2/4/4 19/26/4 6/10/4
f 7/11/4 1/2/4 3/5/4
f 4/8/5 15/22/5 8/12/5
f 16/23/6 1/3/6 5/9/6
f 11/15/3 5/9/3 7/11/3
f 10/14/2 7/11/2 3/6/2
f 13/17/1 3/6/1 1/1/1
f 2/4/6 13/18/6 9/13/6
f 6/10/6 14/21/6 2/4/6
f 12/16/6 15/22/6 6/10/6
f 9/13/6 16/23/6 12/16/6
f 19/26/6 17/24/6 20/27/6
f 6/10/1 20/27/1 12/16/1
f 9/13/3 18/25/3 2/4/3
f 12/16/2 26/33/2 9/13/2
f 22/29/3 32/39/3 24/31/3
f 20/27/1 25/32/1 12/16/1
f 9/13/3 28/35/3 17/24/3
f 17/24/6 27/34/6 20/27/6
f 22/29/5 25/32/5 21/28/5
f 23/30/5 28/35/5 24/31/5
f 21/28/5 27/34/5 23/30/5
f 24/31/5 26/33/5 22/29/5
f 29/36/5 32/39/5 30/37/5
f 24/31/6 31/38/6 23/30/6
f 23/30/1 29/36/1 21/28/1
f 21/28/2 30/37/2 22/29/2
f 47/66/7 36/47/7 34/41/7
f 55/81/8 46/65/8 53/77/8
f 54/79/9 37/49/9 48/69/9
f 35/44/10 44/62/10 40/54/10
f 43/61/11 52/75/11 41/55/11
f 33/40/12 34/42/12 35/45/12
f 36/46/13 37/48/13 38/51/13
f 39/52/14 40/53/14 41/56/14
f 42/58/15 43/60/15 44/62/15
f 45/63/16 46/64/16 47/67/16
f 48/68/17 49/70/17 50/71/17
f 51/73/18 52/74/18 53/76/18
f 54/78/19 55/80/19 56/82/19
f 39/52/20 35/45/20 40/53/20
f 34/43/21 38/51/21 35/44/21
f 42/58/22 38/51/22 37/48/22
f 41/55/23 44/62/23 43/61/23
f 39/52/24 52/74/24 51/73/24
f 42/59/25 56/82/25 43/61/25
f 55/81/26 52/75/26 56/82/26
f 45/63/27 53/77/27 46/65/27
f 54/79/28 50/72/28 55/81/28
f 49/70/29 46/65/29 50/72/29
f 33/40/30 47/67/30 34/42/30
f 37/50/31 49/70/31 48/68/31
f 51/73/32 33/40/32 39/52/32
f 73/113/33 58/85/33 71/109/33
f 79/124/34 70/108/34 77/120/34
f 66/101/35 72/112/35 78/121/35
f 59/88/36 68/105/36 64/97/36
f 67/104/37 76/118/37 65/98/37
f 57/83/38 58/86/38 59/87/38
f 60/89/39 61/91/39 62/94/39
f 63/95/40 64/96/40 65/99/40
f 66/102/41 67/103/41 68/105/41
f 69/106/42 70/107/42 71/110/42
f 72/111/43 73/113/43 74/114/43
f 75/116/44 76/117/44 77/119/44
f 78/122/45 79/123/45 80/125/45
f 63/95/46 59/87/46 64/96/46
f 60/89/47 59/88/47 58/84/47
f 66/102/48 62/94/48 61/91/48
f 65/98/49 68/105/49 67/104/49
f 63/95/50 76/117/50 75/116/50
f 78/122/51 67/104/51 66/100/51
f 79/124/52 76/118/52 80/125/52
f 75/116/53 70/108/53 69/106/53
f 72/112/54 79/124/54 78/121/54
f 71/109/55 74/115/55 73/113/55
f 69/106/56 58/86/56 57/83/56
f 61/93/57 73/113/57 72/111/57
f 63/95/58 69/106/58 57/83/58
f 95/152/59 84/133/59 82/127/59
f 101/163/60 98/158/60 94/151/60
f 90/143/61 96/155/61 102/165/61
f 83/131/62 92/148/62 88/140/62
f 91/147/63 100/161/63 89/141/63
f 81/126/64 82/129/64 83/130/64
f 84/132/65 85/134/65 86/137/65
f 87/138/66 88/139/66 89/142/66
f 90/144/67 91/146/67 92/148/67
f 93/149/68 94/150/68 95/153/68
f 96/154/69 97/156/69 98/157/69
f 99/159/70 100/160/70 101/162/70
f 102/164/71 103/166/71 104/168/71
f 87/138/72 83/130/72 88/139/72
f 84/132/73 83/131/73 82/128/73
f 90/144/74 86/137/74 85/134/74
f 91/147/75 88/140/75 92/148/75
f 87/138/76 100/160/76 99/159/76
f 90/145/77 104/168/77 91/147/77
f 103/167/78 100/161/78 104/168/78
f 99/159/79 94/151/79 93/149/79
f 102/165/80 98/158/80 103/167/80
f 97/156/81 94/151/81 98/158/81
f 81/126/82 95/153/82 82/129/82
f 85/136/83 97/156/83 96/154/83
f 99/159/84 81/126/84 87/138/84
f 121/199/85 106/172/85 119/195/85
f 127/210/86 118/194/86 125/206/86
f 114/186/87 120/197/87 126/207/87
f 107/174/88 116/191/88 112/183/88
f 113/184/89 128/211/89 124/204/89
f 105/169/90 106/171/90 107/173/90
f 108/175/91 109/177/91 110/180/91
f 111/181/92 112/182/92 113/185/92
f 114/187/93 115/189/93 116/191/93
f 117/192/94 118/193/94 119/196/94
f 120/198/95 121/199/95 122/200/95
f 123/202/96 124/203/96 125/205/96
f 126/208/97 127/209/97 128/211/97
f 105/169/98 112/182/98 111/181/98
f 108/175/99 107/174/99 106/170/99
f 114/187/100 110/180/100 109/177/100
f 113/184/101 116/191/101 115/190/101
f 111/181/102 124/203/102 123/202/102
f 114/188/103 128/211/103 115/190/103
f 125/206/104 128/211/104 127/210/104
f 123/202/105 118/194/105 117/192/105
f 120/197/106 127/210/106 126/207/106
f 121/199/107 118/194/107 122/201/107
f 105/169/108 119/196/108 106/171/108
f 120/198/109 108/176/109 121/199/109
f 111/181/110 117/192/110 105/169/110
f 143/238/111 132/219/111 130/213/111
f 149/249/112 146/244/112 142/237/112
f 138/229/113 144/241/113 150/250/113
f 131/217/114 140/234/114 136/226/114
f 139/233/115 148/247/115 137/227/115
f 129/212/116 130/215/116 131/216/116
f 132/218/117 133/220/117 134/223/117
f 135/224/118 136/225/118 137/228/118
f 138/230/119 139/232/119 140/234/119
f 141/235/120 142/236/120 143/239/120
f 144/240/121 145/242/121 146/243/121
f 147/245/122 148/246/122 149/248/122
f 150/251/123 151/252/123 152/254/123
f 135/224/124 131/216/124 136/225/124
f 132/218/125 131/217/125 130/214/125
f 138/230/126 134/223/126 133/220/126
f 137/227/127 140/234/127 139/233/127
f 135/224/128 148/246/128 147/245/128
f 138/231/129 152/254/129 139/233/129
f 149/249/130 152/254/130 151/253/130
f 141/235/131 149/249/131 142/237/131
f 144/241/132 151/253/132 150/250/132
f 143/238/133 146/244/133 145/242/133
f 141/235/134 130/215/134 129/212/134
f 133/222/135 145/242/135 144/240/135
f 135/224/136 141/235/136 129/212/136
f 169/285/137 154/256/137 167/281/137
f 173/292/138 170/287/138 166/280/138
f 162/273/139 168/284/139 174/293/139
f 158/266/140 160/269/140 155/259/140
f 163/276/141 172/290/141 161/270/141
f 153/255/142 154/258/142 155/260/142
f 156/261/143 157/263/143 158/266/143
f 159/267/144 160/268/144 161/271/144
f 162/274/145 163/275/145 164/277/145
f 165/278/146 166/279/146 167/282/146
f 168/283/147 169/285/147 170/286/147
f 171/288/148 172/289/148 173/291/148
f 174/294/149 175/295/149 176/297/149
f 159/267/150 155/260/150 160/268/150
f 154/257/151 158/266/151 155/259/151
f 162/274/152 158/266/152 157/263/152
f 161/270/153 164/277/153 163/276/153
f 159/267/154 172/289/154 171/288/154
f 174/294/155 163/276/155 162/272/155
f 175/296/156 172/290/156 176/297/156
f 171/288/157 166/280/157 165/278/157
f 168/284/158 175/296/158 174/293/158
f 167/281/159 170/287/159 169/285/159
f 165/278/160 154/258/160 153/255/160
f 157/265/161 169/285/161 168/283/161
f 159/267/162 165/278/162 153/255/162
f 193/328/163 178/301/163 191/324/163
f 197/335/164 194/330/164 190/323/164
f 186/316/165 192/326/165 198/336/165
f 182/309/166 184/312/166 179/303/166
f 187/319/167 196/333/167 185/313/167
f 177/298/168 178/300/168 179/302/168
f 180/304/169 181/307/169 182/309/169
f 183/310/170 184/311/170 185/314/170
f 186/317/171 187/318/171 188/320/171
f 189/321/172 190/322/172 191/325/172
f 192/327/173 193/328/173 194/329/173
f 195/331/174 196/332/174 197/334/174
f 198/337/175 199/338/175 200/340/175
f 183/310/176 179/302/176 184/311/176
f 180/304/177 179/303/177 178/299/177
f 181/307/178 188/320/178 182/309/178
f 187/319/179 184/312/179 188/320/179
f 195/331/180 185/314/180 196/332/180
f 198/337/181 187/319/181 186/315/181
f 199/339/182 196/333/182 200/340/182
f 189/321/183 197/335/183 190/323/183
f 192/326/184 199/339/184 198/336/184
f 193/328/185 190/323/185 194/330/185
f 177/298/186 191/325/186 178/300/186
f 192/327/187 180/305/187 193/328/187
f 195/331/188 177/298/188 183/310/188
f 215/367/189 204/348/189 202/342/189
f 221/378/190 218/373/190 214/366/190
f 222/380/191 205/350/191 216/370/191
f 203/345/192 212/363/192 208/355/192
f 211/362/193 220/376/193 209/356/193
f 201/341/194 202/344/194 203/346/194
f 204/347/195 205/349/195 206/352/195
f 207/353/196 208/354/196 209/357/196
f 210/360/197 211/361/197 212/363/197
f 213/364/198 214/365/198 215/368/198
f 216/369/199 217/371/199 218/372/199
f 219/374/200 220/375/200 221/377/200
f 222/379/201 223/381/201 224/383/201
f 207/353/202 203/346/202 208/354/202
f 202/343/203 206/352/203 203/345/203
f 210/360/204 206/352/204 205/349/204
f 211/362/205 208/355/205 212/363/205
f 219/374/206 209/357/206 220/375/206
f 222/379/207 211/362/207 210/358/207
f 223/382/208 220/376/208 224/383/208
f 219/374/209 214/366/209 213/364/209
f 222/380/210 218/373/210 223/382/210
f 215/367/211 218/373/211 217/371/211
f 213/364/212 202/344/212 201/341/212
f 205/351/213 217/371/213 216/369/213
f 207/353/214 213/364/214 201/341/214
f 241/414/215 226/385/215 239/410/215
f 245/421/216 242/416/216 238/409/216
f 246/423/217 229/392/217 240/413/217
f 230/395/218 232/398/218 227/388/218
f 235/405/219 244/419/219 233/399/219
f 225/384/220 226/387/220 227/389/220
f 228/390/221 229/393/221 230/395/221
f 231/396/222 232/397/222 233/400/222
f 234/402/223 235/404/223 236/406/223
f 237/407/224 238/408/224 239/411/224
f 240/412/225 241/414/225 242/415/225
f 243/417/226 244/418/226 245/420/226
f 246/422/227 247/424/227 248/426/227
f 231/396/228 227/389/228 232/397/228
f 226/386/229 230/395/229 227/388/229
f 229/393/230 236/406/230 230/395/230
f 235/405/231 232/398/231 236/406/231
f 231/396/232 244/418/232 243/417/232
f 234/403/233 248/426/233 235/405/233
f 245/421/234 248/426/234 247/425/234
f 243/417/235 238/409/235 237/407/235
f 246/423/236 242/416/236 247/425/236
f 241/414/237 238/409/237 242/416/237
f 237/407/238 226/387/238 225/384/238
f 229/394/239 241/414/239 240/412/239
f 231/396/240 237/407/240 225/384/240
f 265/457/241 250/429/241 263/453/241
f 271/468/242 262/452/242 269/464/242
f 270/465/243 253/436/243 264/456/243
f 251/431/244 260/449/244 256/441/244
f 259/448/245 268/462/245 257/442/245
f 249/427/246 250/428/246 251/432/246
f 252/433/247 253/435/247 254/438/247
f 255/439/248 256/440/248 257/443/248
f 258/446/249 259/447/249 260/449/249
f 261/450/250 262/451/250 263/454/250
f 264/455/251 265/457/251 266/458/251
f 267/460/252 268/461/252 269/463/252
f 270/466/253 271/467/253 272/469/253
f 255/439/254 251/432/254 256/440/254
f 250/430/255 254/438/255 251/431/255
f 258/446/256 254/438/256 253/435/256
f 259/448/257 256/441/257 260/449/257
f 267/460/258 257/443/258 268/461/258
f 270/466/259 259/448/259 258/444/259
f 269/464/260 272/469/260 271/468/260
f 261/450/261 269/464/261 262/452/261
f 264/456/262 271/468/262 270/465/262
f 265/457/263 262/452/263 266/459/263
f 249/427/264 263/454/264 250/428/264
f 253/437/265 265/457/265 264/455/265
f 255/439/266 261/450/266 249/427/266
f 287/496/267 276/477/267 274/471/267
f 293/507/268 290/502/268 286/495/268
f 294/509/269 277/478/269 288/498/269
f 275/475/270 284/492/270 280/484/270
f 281/485/271 296/512/271 292/505/271
f 273/470/272 274/473/272 275/474/272
f 276/476/273 277/479/273 278/481/273
f 279/482/274 280/483/274 281/486/274
f 282/489/275 283/490/275 284/492/275
f 285/493/276 286/494/276 287/497/276
f 288/499/277 289/500/277 290/501/277
f 291/503/278 292/504/278 293/506/278
f 294/508/279 295/510/279 296/512/279
f 279/482/280 275/474/280 280/483/280
f 276/476/281 275/475/281 274/472/281
f 277/479/282 284/492/282 278/481/282
f 281/485/283 284/492/283 283/491/283
f 279/482/284 292/504/284 291/503/284
f 294/508/285 283/491/285 282/487/285
f 295/511/286 292/505/286 296/512/286
f 285/493/287 293/507/287 286/495/287
f 294/509/288 290/502/288 295/511/288
f 289/500/289 286/495/289 290/502/289
f 285/493/290 274/473/290 273/470/290
f 288/499/291 276/477/291 289/500/291
f 279/482/292 285/493/292 273/470/292
f 313/543/293 298/516/293 311/539/293
f 317/550/294 314/545/294 310/538/294
f 318/552/295 301/521/295 312/542/295
f 302/524/296 304/527/296 299/518/296
f 305/528/297 320/555/297 316/548/297
f 297/513/298 298/515/298 299/517/298
f 300/519/299 301/522/299 302/524/299
f 303/525/300 304/526/300 305/529/300
f 306/531/301 307/533/301 308/535/301
f 309/536/302 310/537/302 311/540/302
f 312/541/303 313/543/303 314/544/303
f 315/546/304 316/547/304 317/549/304
f 318/551/305 319/553/305 320/555/305
f 297/513/306 304/526/306 303/525/306
f 300/519/307 299/518/307 298/514/307
f 301/522/308 308/535/308 302/524/308
f 307/534/309 304/527/309 308/535/309
f 303/525/310 316/547/310 315/546/310
f 306/532/311 320/555/311 307/534/311
f 317/550/312 320/555/312 319/554/312
f 309/536/313 317/550/313 310/538/313
f 318/552/314 314/545/314 319/554/314
f 313/543/315 310/538/315 314/545/315
f 297/513/316 311/540/316 298/515/316
f 301/523/317 313/543/317 312/541/317
f 303/525/318 309/536/318 297/513/318
f 337/586/319 322/558/319 335/582/319
f 341/593/320 338/588/320 334/581/320
f 330/573/321 336/585/321 342/595/321
f 326/567/322 328/570/322 323/561/322
f 331/577/323 340/591/323 329/571/323
f 321/556/324 322/559/324 323/560/324
f 324/562/325 325/564/325 326/567/325
f 327/568/326 328/569/326 329/572/326
f 330/574/327 331/576/327 332/578/327
f 333/579/328 334/580/328 335/583/328
f 336/584/329 337/586/329 338/587/329
f 339/589/330 340/590/330 341/592/330
f 342/594/331 343/596/331 344/598/331
f 327/568/332 323/560/332 328/569/332
f 324/562/333 323/561/333 322/557/333
f 330/574/334 326/567/334 325/564/334
f 329/571/335 332/578/335 331/577/335
f 339/589/336 329/572/336 340/590/336
f 330/575/337 344/598/337 331/577/337
f 343/597/338 340/591/338 344/598/338
f 333/579/339 341/593/339 334/581/339
f 342/595/340 338/588/340 343/597/340
f 337/586/341 334/581/341 338/588/341
f 333/579/342 322/559/342 321/556/342
f 325/566/343 337/586/343 336/584/343
f 339/589/344 321/556/344 327/568/344
f 361/629/345 346/601/345 359/625/345
f 367/640/346 358/624/346 365/636/346
f 354/617/347 360/628/347 366/637/347
f 350/610/348 352/613/348 347/603/348
f 355/620/349 364/634/349 353/614/349
f 345/599/350 346/600/350 347/604/350
f 348/605/351 349/607/351 350/610/351
f 351/611/352 352/612/352 353/615/352
f 354/618/353 355/619/353 356/621/353
f 357/622/354 358/623/354 359/626/354
f 360/627/355 361/629/355 362/630/355
f 363/632/356 364/633/356 365/635/356
f 366/638/357 367/639/357 368/641/357
f 351/611/358 347/604/358 352/612/358
f 346/602/359 350/610/359 347/603/359
f 354/618/360 350/610/360 349/607/360
f 355/620/361 352/613/361 356/621/361
f 363/632/362 353/615/362 364/633/362
f 366/638/363 355/620/363 354/616/363
f 365/636/364 368/641/364 367/640/364
f 363/632/365 358/624/365 357/622/365
f 360/628/366 367/640/366 366/637/366
f 359/625/367 362/631/367 361/629/367
f 345/599/368 359/626/368 346/600/368
f 349/609/369 361/629/369 360/627/369
f 351/611/370 357/622/370 345/599/370
f 385/672/371 370/643/371 383/668/371
f 389/679/372 386/674/372 382/667/372
f 378/659/373 384/671/373 390/681/373
f 374/653/374 376/656/374 371/646/374
f 379/663/375 388/677/375 377/657/375
f 369/642/376 370/645/376 371/647/376
f 372/648/377 373/650/377 374/653/377
f 375/654/378 376/655/378 377/658/378
f 378/660/379 379/662/379 380/664/379
f 381/665/380 382/666/380 383/669/380
f 384/670/381 385/672/381 386/673/381
f 387/675/382 388/676/382 389/678/382
f 390/680/383 391/682/383 392/684/383
f 375/654/384 371/647/384 376/655/384
f 370/644/385 374/653/385 371/646/385
f 378/660/386 374/653/386 373/650/386
f 379/663/387 376/656/387 380/664/387
f 375/654/388 388/676/388 387/675/388
f 378/661/389 392/684/389 379/663/389
f 389/679/390 392/684/390 391/683/390
f 387/675/391 382/667/391 381/665/391
f 390/681/392 386/674/392 391/683/392
f 383/668/393 386/674/393 385/672/393
f 381/665/394 370/645/394 369/642/394
f 373/652/395 385/672/395 384/670/395
f 375/654/396 381/665/396 369/642/396
f 407/711/397 396/692/397 394/686/397
f 413/722/398 410/717/398 406/710/398
f 402/702/399 408/714/399 414/723/399
f 398/696/400 400/699/400 395/689/400
f 403/706/401 412/720/401 401/700/401
f 393/685/402 394/687/402 395/690/402
f 396/691/403 397/694/403 398/696/403
f 399/697/404 400/698/404 401/701/404
f 402/703/405 403/705/405 404/707/405
f 405/708/406 406/709/406 407/712/406
f 408/713/407 409/715/407 410/716/407
f 411/718/408 412/719/408 413/721/408
f 414/724/409 415/725/409 416/727/409
f 393/685/410 400/698/410 399/697/410
f 394/688/411 398/696/411 395/689/411
f 397/694/412 404/707/412 398/696/412
f 401/700/413 404/707/413 403/706/413
f 399/697/414 412/719/414 411/718/414
f 402/704/415 416/727/415 403/706/415
f 415/726/416 412/720/416 416/727/416
f 405/708/417 413/722/417 406/710/417
f 408/714/418 415/726/418 414/723/418
f 407/711/419 410/717/419 409/715/419
f 393/685/420 407/712/420 394/687/420
f 397/695/421 409/715/421 408/713/421
f 411/718/422 393/685/422 399/697/422
f 433/758/423 418/731/423 431/754/423
f 439/769/424 430/753/424 437/765/424
f 426/745/425 432/756/425 438/766/425
f 419/733/426 428/750/426 424/742/426
f 427/749/427 436/763/427 425/743/427
f 417/728/428 418/730/428 419/732/428
f 420/734/429 421/737/429 422/739/429
f 423/740/430 424/741/430 425/744/430
f 426/746/431 427/748/431 428/750/431
f 429/751/432 430/752/432 431/755/432
f 432/757/433 433/758/433 434/759/433
f 435/761/434 436/762/434 437/764/434
f 438/767/435 439/768/435 440/770/435
f 417/728/436 424/741/436 423/740/436
f 420/734/437 419/733/437 418/729/437
f 421/737/438 428/750/438 422/739/438
f 427/749/439 424/742/439 428/750/439
f 435/761/440 425/744/440 436/762/440
f 426/747/441 440/770/441 427/749/441
f 439/769/442 436/763/442 440/770/442
f 435/761/443 430/753/443 429/751/443
f 432/756/444 439/769/444 438/766/444
f 431/754/445 434/760/445 433/758/445
f 417/728/446 431/755/446 418/730/446
f 432/757/447 420/735/447 433/758/447
f 423/740/448 429/751/448 417/728/448
f 455/797/449 444/778/449 442/772/449
f 461/808/450 458/803/450 454/796/450
f 462/810/451 445/780/451 456/799/451
f 443/775/452 452/793/452 448/785/452
f 451/792/453 460/806/453 449/786/453
f 441/771/454 442/773/454 443/776/454
f 444/777/455 445/779/455 446/782/455
f 447/783/456 448/784/456 449/787/456
f 450/790/457 451/791/457 452/793/457
f 453/794/458 454/795/458 455/798/458
f 456/800/459 457/801/459 458/802/459
f 459/804/460 460/805/460 461/807/460
f 462/809/461 463/811/461 464/813/461
f 447/783/462 443/776/462 448/784/462
f 442/774/463 446/782/463 443/775/463
f 450/790/464 446/782/464 445/779/464
f 449/786/465 452/793/465 451/792/465
f 447/783/466 460/805/466 459/804/466
f 462/809/467 451/792/467 450/788/467
f 461/808/468 464/813/468 463/812/468
f 453/794/469 461/808/469 454/796/469
f 462/810/470 458/803/470 463/812/470
f 457/801/471 454/796/471 458/803/471
f 441/771/472 455/798/472 442/773/472
f 456/800/473 444/778/473 457/801/473
f 459/804/474 441/771/474 447/783/474
f 481/844/475 466/816/475 479/840/475
f 487/855/476 478/839/476 485/851/476
f 486/852/477 469/823/477 480/842/477
f 467/818/478 476/836/478 472/828/478
f 475/835/479 484/849/479 473/829/479
f 465/814/480 466/815/480 467/819/480
f 468/820/481 469/822/481 470/825/481
f 471/826/482 472/827/482 473/830/482
f 474/832/483 475/834/483 476/836/483
f 477/837/484 478/838/484 479/841/484
f 480/843/485 481/844/485 482/845/485
f 483/847/486 484/848/486 485/850/486
f 486/853/487 487/854/487 488/856/487
f 471/826/488 467/819/488 472/827/488
f 466/817/489 470/825/489 467/818/489
f 474/832/490 470/825/490 469/822/490
f 475/835/491 472/828/491 476/836/491
f 471/826/492 484/848/492 483/847/492
f 474/833/493 488/856/493 475/835/493
f 485/851/494 488/856/494 487/855/494
f 483/847/495 478/839/495 477/837/495
f 480/842/496 487/855/496 486/852/496
f 481/844/497 478/839/497 482/846/497
f 465/814/498 479/841/498 466/815/498
f 480/843/499 468/821/499 481/844/499
f 483/847/500 465/814/500 471/826/500
f 505/887/501 490/858/501 503/883/501
f 509/894/502 506/889/502 502/882/502
f 510/896/503 493/866/503 504/886/503
f 491/861/504 500/879/504 496/871/504
f 499/878/505 508/892/505 497/872/505
f 489/857/506 490/860/506 491/862/506
f 492/863/507 493/865/507 494/868/507
f 495/869/508 496/870/508 497/873/508
f 498/875/509 499/877/509 500/879/509
f 501/880/510 502/881/510 503/884/510
f 504/885/511 505/887/511 506/888/511
f 507/890/512 508/891/512 509/893/512
f 510/895/513 511/897/513 512/899/513
f 489/857/514 496/870/514 495/869/514
f 490/859/515 494/868/515 491/861/515
f 498/875/516 494/868/516 493/865/516
f 499/878/517 496/871/517 500/879/517
f 495/869/518 508/891/518 507/890/518
f 498/876/519 512/899/519 499/878/519
f 511/898/520 508/892/520 512/899/520
f 501/880/521 509/894/521 502/882/521
f 510/896/522 506/889/522 511/898/522
f 505/887/523 502/882/523 506/889/523
f 501/880/524 490/860/524 489/857/524
f 493/867/525 505/887/525 504/885/525
f 507/890/526 489/857/526 495/869/526
f 529/930/527 514/902/527 527/926/527
f 535/941/528 526/925/528 533/937/528
f 534/938/529 517/909/529 528/929/529
f 515/905/530 524/922/530 520/914/530
f 521/915/531 536/942/531 532/935/531
f 513/900/532 514/903/532 515/904/532
f 516/906/533 517/908/533 518/911/533
f 519/912/534 520/913/534 521/916/534
f 522/919/535 523/920/535 524/922/535
f 525/923/536 526/924/536 527/927/536
f 528/928/537 529/930/537 530/931/537
f 531/933/538 532/934/538 533/936/538
f 534/939/539 535/940/539 536/942/539
f 519/912/540 515/904/540 520/913/540
f 516/906/541 515/905/541 514/901/541
f 522/919/542 518/911/542 517/908/542
f 521/915/543 524/922/543 523/921/543
f 531/933/544 521/916/544 532/934/544
f 534/939/545 523/921/545 522/917/545
f 535/941/546 532/935/546 536/942/546
f 531/933/547 526/925/547 525/923/547
f 528/929/548 535/941/548 534/938/548
f 529/930/549 526/925/549 530/932/549
f 525/923/550 514/903/550 513/900/550
f 517/910/551 529/930/551 528/928/551
f 519/912/552 525/923/552 513/900/552
f 551/969/553 540/950/553 538/944/553
f 559/984/554 550/968/554 557/980/554
f 546/961/555 552/971/555 558/981/555
f 542/954/556 544/957/556 539/948/556
f 545/958/557 560/985/557 556/978/557
f 537/943/558 538/946/558 539/947/558
f 540/949/559 541/951/559 542/954/559
f 543/955/560 544/956/560 545/959/560
f 546/962/561 547/963/561 548/965/561
f 549/966/562 550/967/562 551/970/562
f 552/972/563 553/973/563 554/974/563
f 555/976/564 556/977/564 557/979/564
f 558/982/565 559/983/565 560/985/565
f 537/943/566 544/956/566 543/955/566
f 540/949/567 539/948/567 538/945/567
f 546/962/568 542/954/568 541/951/568
f 547/964/569 544/957/569 548/965/569
f 543/955/570 556/977/570 555/976/570
f 558/982/571 547/964/571 546/960/571
f 559/984/572 556/978/572 560/985/572
f 549/966/573 557/980/573 550/968/573
f 552/971/574 559/984/574 558/981/574
f 553/973/575 550/968/575 554/975/575
f 537/943/576 551/970/576 538/946/576
f 552/972/577 540/950/577 553/973/577
f 543/955/578 549/966/578 537/943/578
f 577/1016/579 562/988/579 575/1012/579
f 583/1027/580 574/1011/580 581/1023/580
f 570/1003/581 576/1014/581 582/1024/581
f 566/997/582 568/1000/582 563/991/582
f 569/1001/583 584/1028/583 580/1021/583
f 561/986/584 562/989/584 563/990/584
f 564/992/585 565/995/585 566/997/585
f 567/998/586 568/999/586 569/1002/586
f 570/1004/587 571/1006/587 572/1008/587
f 573/1009/588 574/1010/588 575/1013/588
f 576/1015/589 577/1016/589 578/1017/589
f 579/1019/590 580/1020/590 581/1022/590
f 582/1025/591 583/1026/591 584/1028/591
f 561/986/592 568/999/592 567/998/592
f 564/992/593 563/991/593 562/987/593
f 565/995/594 572/1008/594 566/997/594
f 571/1007/595 568/1000/595 572/1008/595
f 579/1019/596 569/1002/596 580/1020/596
f 570/1005/597 584/1028/597 571/1007/597
f 583/1027/598 580/1021/598 584/1028/598
f 579/1019/599 574/1011/599 573/1009/599
f 576/1014/600 583/1027/600 582/1024/600
f 577/1016/601 574/1011/601 578/1018/601
f 573/1009/602 562/989/602 561/986/602
f 576/1015/603 564/993/603 577/1016/603
f 579/1019/604 561/986/604 567/998/604
f 599/1055/605 588/1036/605 586/1030/605
f 607/1070/606 598/1054/606 605/1066/606
f 594/1046/607 600/1057/607 606/1067/607
f 590/1040/608 592/1043/608 587/1034/608
f 595/1050/609 604/1064/609 593/1044/609
f 585/1029/610 586/1032/610 587/1033/610
f 588/1035/611 589/1037/611 590/1040/611
f 591/1041/612 592/1042/612 593/1045/612
f 594/1047/613 595/1049/613 596/1051/613
f 597/1052/614 598/1053/614 599/1056/614
f 600/1058/615 601/1059/615 602/1060/615
f 603/1062/616 604/1063/616 605/1065/616
f 606/1068/617 607/1069/617 608/1071/617
f 585/1029/618 592/1042/618 591/1041/618
f 588/1035/619 587/1034/619 586/1031/619
f 594/1047/620 590/1040/620 589/1037/620
f 593/1044/621 596/1051/621 595/1050/621
f 603/1062/622 593/1045/622 604/1063/622
f 594/1048/623 608/1071/623 595/1050/623
f 607/1070/624 604/1064/624 608/1071/624
f 603/1062/625 598/1054/625 597/1052/625
f 600/1057/626 607/1070/626 606/1067/626
f 599/1055/627 602/1061/627 601/1059/627
f 585/1029/628 599/1056/628 586/1032/628
f 600/1058/629 588/1036/629 601/1059/629
f 603/1062/630 585/1029/630 591/1041/630
f 625/1102/631 610/1074/631 623/1098/631
f 629/1109/632 626/1104/632 622/1097/632
f 618/1089/633 624/1100/633 630/1110/633
f 611/1076/634 620/1094/634 616/1086/634
f 619/1093/635 628/1107/635 617/1087/635
f 609/1072/636 610/1073/636 611/1077/636
f 612/1078/637 613/1080/637 614/1083/637
f 615/1084/638 616/1085/638 617/1088/638
f 618/1090/639 619/1092/639 620/1094/639
f 621/1095/640 622/1096/640 623/1099/640
f 624/1101/641 625/1102/641 626/1103/641
f 627/1105/642 628/1106/642 629/1108/642
f 630/1111/643 631/1112/643 632/1114/643
f 609/1072/644 616/1085/644 615/1084/644
f 610/1075/645 614/1083/645 611/1076/645
f 618/1090/646 614/1083/646 613/1080/646
f 619/1093/647 616/1086/647 620/1094/647
f 627/1105/648 617/1088/648 628/1106/648
f 618/1091/649 632/1114/649 619/1093/649
f 631/1113/650 628/1107/650 632/1114/650
f 627/1105/651 622/1097/651 621/1095/651
f 624/1100/652 631/1113/652 630/1110/652
f 625/1102/653 622/1097/653 626/1104/653
f 609/1072/654 623/1099/654 610/1073/654
f 624/1101/655 612/1079/655 625/1102/655
f 615/1084/656 621/1095/656 609/1072/656
f 647/1141/657 636/1122/657 634/1116/657
f 653/1152/658 650/1147/658 646/1140/658
f 654/1154/659 637/1123/659 648/1144/659
f 638/1126/660 640/1129/660 635/1120/660
f 641/1130/661 656/1157/661 652/1150/661
f 633/1115/662 634/1118/662 635/1119/662
f 636/1121/663 637/1124/663 638/1126/663
f 639/1127/664 640/1128/664 641/1131/664
f 642/1134/665 643/1135/665 644/1137/665
f 645/1138/666 646/1139/666 647/1142/666
f 648/1143/667 649/1145/667 650/1146/667
f 651/1148/668 652/1149/668 653/1151/668
f 654/1153/669 655/1155/669 656/1157/669
f 633/1115/670 640/1128/670 639/1127/670
f 636/1121/671 635/1120/671 634/1117/671
f 637/1124/672 644/1137/672 638/1126/672
f 641/1130/673 644/1137/673 643/1136/673
f 651/1148/674 641/1131/674 652/1149/674
f 654/1153/675 643/1136/675 642/1132/675
f 653/1152/676 656/1157/676 655/1156/676
f 645/1138/677 653/1152/677 646/1140/677
f 654/1154/678 650/1147/678 655/1156/678
f 647/1141/679 650/1147/679 649/1145/679
f 633/1115/680 647/1142/680 634/1118/680
f 637/1125/681 649/1145/681 648/1143/681
f 651/1148/682 633/1115/682 639/1127/682
f 673/1188/683 658/1159/683 671/1184/683
f 679/1199/684 670/1183/684 677/1195/684
f 666/1176/685 672/1187/685 678/1197/685
f 662/1169/686 664/1172/686 659/1162/686
f 665/1173/687 680/1200/687 676/1193/687
f 657/1158/688 658/1161/688 659/1163/688
f 660/1164/689 661/1166/689 662/1169/689
f 663/1170/690 664/1171/690 665/1174/690
f 666/1177/691 667/1178/691 668/1180/691
f 669/1181/692 670/1182/692 671/1185/692
f 672/1186/693 673/1188/693 674/1189/693
f 675/1191/694 676/1192/694 677/1194/694
f 678/1196/695 679/1198/695 680/1200/695
f 663/1170/696 659/1163/696 664/1171/696
f 658/1160/697 662/1169/697 659/1162/697
f 666/1177/698 662/1169/698 661/1166/698
f 667/1179/699 664/1172/699 668/1180/699
f 663/1170/700 676/1192/700 675/1191/700
f 678/1196/701 667/1179/701 666/1175/701
f 677/1195/702 680/1200/702 679/1199/702
f 669/1181/703 677/1195/703 670/1183/703
f 678/1197/704 674/1190/704 679/1199/704
f 671/1184/705 674/1190/705 673/1188/705
f 669/1181/706 658/1161/706 657/1158/706
f 661/1168/707 673/1188/707 672/1186/707
f 675/1191/708 657/1158/708 663/1170/708
f 697/1231/709 682/1204/709 695/1227/709
f 703/1242/710 694/1226/710 701/1238/710
f 690/1218/711 696/1230/711 702/1239/711
f 683/1206/712 692/1223/712 688/1215/712
f 691/1222/713 700/1236/713 689/1216/713
f 681/1201/714 682/1203/714 683/1205/714
f 684/1207/715 685/1210/715 686/1212/715
f 687/1213/716 688/1214/716 689/1217/716
f 690/1219/717 691/1221/717 692/1223/717
f 693/1224/718 694/1225/718 695/1228/718
f 696/1229/719 697/1231/719 698/1232/719
f 699/1234/720 700/1235/720 701/1237/720
f 702/1240/721 703/1241/721 704/1243/721
f 681/1201/722 688/1214/722 687/1213/722
f 684/1207/723 683/1206/723 682/1202/723
f 685/1210/724 692/1223/724 686/1212/724
f 689/1216/725 692/1223/725 691/1222/725
f 687/1213/726 700/1235/726 699/1234/726
f 690/1220/727 704/1243/727 691/1222/727
f 703/1242/728 700/1236/728 704/1243/728
f 693/1224/729 701/1238/729 694/1226/729
f 696/1230/730 703/1242/730 702/1239/730
f 697/1231/731 694/1226/731 698/1233/731
f 681/1201/732 695/1228/732 682/1203/732
f 685/1211/733 697/1231/733 696/1229/733
f 687/1213/734 693/1224/734 681/1201/734
f 719/1270/735 708/1251/735 706/1245/735
f 727/1285/736 718/1269/736 725/1281/736
f 726/1282/737 709/1253/737 720/1273/737
f 710/1255/738 712/1258/738 707/1248/738
f 713/1259/739 728/1286/739 724/1279/739
f 705/1244/740 706/1246/740 707/1249/740
f 708/1250/741 709/1252/741 710/1255/741
f 711/1256/742 712/1257/742 713/1260/742
f 714/1262/743 715/1264/743 716/1266/743
f 717/1267/744 718/1268/744 719/1271/744
f 720/1272/745 721/1274/745 722/1275/745
f 723/1277/746 724/1278/746 725/1280/746
f 726/1283/747 727/1284/747 728/1286/747
f 705/1244/748 712/1257/748 711/1256/748
f 706/1247/749 710/1255/749 707/1248/749
f 714/1262/750 710/1255/750 709/1252/750
f 715/1265/751 712/1258/751 716/1266/751
f 723/1277/752 713/1260/752 724/1278/752
f 714/1263/753 728/1286/753 715/1265/753
f 725/1281/754 728/1286/754 727/1285/754
f 717/1267/755 725/1281/755 718/1269/755
f 720/1273/756 727/1285/756 726/1282/756
f 721/1274/757 718/1269/757 722/1276/757
f 705/1244/758 719/1271/758 706/1246/758
f 709/1254/759 721/1274/759 720/1272/759
f 711/1256/760 717/1267/760 705/1244/760
f 743/1313/761 732/1294/761 730/1288/761
f 751/1328/762 742/1312/762 749/1324/762
f 738/1305/763 744/1316/763 750/1325/763
f 731/1292/764 740/1309/764 736/1301/764
f 739/1308/765 748/1322/765 737/1302/765
f 729/1287/766 730/1290/766 731/1291/766
f 732/1293/767 733/1295/767 734/1298/767
f 735/1299/768 736/1300/768 737/1303/768
f 738/1306/769 739/1307/769 740/1309/769
f 741/1310/770 742/1311/770 743/1314/770
f 744/1315/771 745/1317/771 746/1318/771
f 747/1320/772 748/1321/772 749/1323/772
f 750/1326/773 751/1327/773 752/1329/773
f 729/1287/774 736/1300/774 735/1299/774
f 732/1293/775 731/1292/775 730/1289/775
f 738/1306/776 734/1298/776 733/1295/776
f 739/1308/777 736/1301/777 740/1309/777
f 735/1299/778 748/1321/778 747/1320/778
f 750/1326/779 739/1308/779 738/1304/779
f 749/1324/780 752/1329/780 751/1328/780
f 741/1310/781 749/1324/781 742/1312/781
f 744/1316/782 751/1328/782 750/1325/782
f 745/1317/783 742/1312/783 746/1319/783
f 729/1287/784 743/1314/784 730/1290/784
f 733/1297/785 745/1317/785 744/1315/785
f 747/1320/786 729/1287/786 735/1299/786
f 767/1356/787 756/1337/787 754/1331/787
f 775/1371/788 766/1355/788 773/1367/788
f 762/1348/789 768/1359/789 774/1368/789
f 758/1341/790 760/1344/790 755/1334/790
f 763/1351/791 772/1365/791 761/1345/791
f 753/1330/792 754/1332/792 755/1335/792
f 756/1336/793 757/1338/793 758/1341/793
f 759/1342/794 760/1343/794 761/1346/794
f 762/1349/795 763/1350/795 764/1352/795
f 765/1353/796 766/1354/796 767/1357/796
f 768/1358/797 769/1360/797 770/1361/797
f 771/1363/798 772/1364/798 773/1366/798
f 774/1369/799 775/1370/799 776/1372/799
f 759/1342/800 755/1335/800 760/1343/800
f 754/1333/801 758/1341/801 755/1334/801
f 762/1349/802 758/1341/802 757/1338/802
f 761/1345/803 764/1352/803 763/1351/803
f 759/1342/804 772/1364/804 771/1363/804
f 774/1369/805 763/1351/805 762/1347/805
f 773/1367/806 776/1372/806 775/1371/806
f 765/1353/807 773/1367/807 766/1355/807
f 768/1359/808 775/1371/808 774/1368/808
f 769/1360/809 766/1355/809 770/1362/809
f 753/1330/810 767/1357/810 754/1332/810
f 757/1340/811 769/1360/811 768/1358/811
f 759/1342/812 765/1353/812 753/1330/812
f 791/1399/813 780/1380/813 778/1374/813
f 797/1410/814 794/1405/814 790/1398/814
f 798/1411/815 781/1382/815 792/1401/815
f 782/1384/816 784/1387/816 779/1377/816
f 785/1388/817 800/1415/817 796/1408/817
f 777/1373/818 778/1376/818 779/1378/818
f 780/1379/819 781/1381/819 782/1384/819
f 783/1385/820 784/1386/820 785/1389/820
f 786/1392/821 787/1393/821 788/1395/821
f 789/1396/822 790/1397/822 791/1400/822
f 792/1402/823 793/1403/823 794/1404/823
f 795/1406/824 796/1407/824 797/1409/824
f 798/1412/825 799/1413/825 800/1415/825
f 783/1385/826 779/1378/826 784/1386/826
f 778/1375/827 782/1384/827 779/1377/827
f 786/1392/828 782/1384/828 781/1381/828
f 787/1394/829 784/1387/829 788/1395/829
f 795/1406/830 785/1389/830 796/1407/830
f 798/1412/831 787/1394/831 786/1390/831
f 797/1410/832 800/1415/832 799/1414/832
f 795/1406/833 790/1398/833 789/1396/833
f 792/1401/834 799/1414/834 798/1411/834
f 791/1399/835 794/1405/835 793/1403/835
f 789/1396/836 778/1376/836 777/1373/836
f 792/1402/837 780/1380/837 793/1403/837
f 783/1385/838 789/1396/838 777/1373/838
f 815/1442/839 804/1423/839 802/1417/839
f 823/1457/840 814/1441/840 821/1453/840
f 810/1434/841 816/1444/841 822/1454/841
f 803/1421/842 812/1438/842 808/1430/842
f 811/1437/843 820/1451/843 809/1431/843
f 801/1416/844 802/1419/844 803/1420/844
f 804/1422/845 805/1424/845 806/1427/845
f 807/1428/846 808/1429/846 809/1432/846
f 810/1435/847 811/1436/847 812/1438/847
f 813/1439/848 814/1440/848 815/1443/848
f 816/1445/849 817/1446/849 818/1447/849
f 819/1449/850 820/1450/850 821/1452/850
f 822/1455/851 823/1456/851 824/1458/851
f 807/1428/852 803/1420/852 808/1429/852
f 804/1422/853 803/1421/853 802/1418/853
f 810/1435/854 806/1427/854 805/1424/854
f 809/1431/855 812/1438/855 811/1437/855
f 819/1449/856 809/1432/856 820/1450/856
f 822/1455/857 811/1437/857 810/1433/857
f 823/1457/858 820/1451/858 824/1458/858
f 813/1439/859 821/1453/859 814/1441/859
f 816/1444/860 823/1457/860 822/1454/860
f 815/1442/861 818/1448/861 817/1446/861
f 813/1439/862 802/1419/862 801/1416/862
f 816/1445/863 804/1423/863 817/1446/863
f 807/1428/864 813/1439/864 801/1416/864
f 841/1489/865 826/1460/865 839/1485/865
f 845/1496/866 842/1491/866 838/1484/866
f 834/1476/867 840/1488/867 846/1497/867
f 827/1463/868 836/1481/868 832/1473/868
f 835/1480/869 844/1494/869 833/1474/869
f 825/1459/870 826/1462/870 827/1464/870
f 828/1465/871 829/1468/871 830/1470/871
f 831/1471/872 832/1472/872 833/1475/872
f 834/1477/873 835/1479/873 836/1481/873
f 837/1482/874 838/1483/874 839/1486/874
f 840/1487/875 841/1489/875 842/1490/875
f 843/1492/876 844/1493/876 845/1495/876
f 846/1498/877 847/1499/877 848/1501/877
f 831/1471/878 827/1464/878 832/1472/878
f 826/1461/879 830/1470/879 827/1463/879
f 829/1468/880 836/1481/880 830/1470/880
f 833/1474/881 836/1481/881 835/1480/881
f 843/1492/882 833/1475/882 844/1493/882
f 834/1478/883 848/1501/883 835/1480/883
f 845/1496/884 848/1501/884 847/1500/884
f 843/1492/885 838/1484/885 837/1482/885
f 840/1488/886 847/1500/886 846/1497/886
f 841/1489/887 838/1484/887 842/1491/887
f 837/1482/888 826/1462/888 825/1459/888
f 829/1469/889 841/1489/889 840/1487/889
f 843/1492/890 825/1459/890 831/1471/890
f 863/1528/891 852/1509/891 850/1503/891
f 869/1539/892 866/1534/892 862/1527/892
f 870/1540/893 853/1510/893 864/1530/893
f 851/1507/894 860/1524/894 856/1516/894
f 857/1517/895 872/1544/895 868/1537/895
f 849/1502/896 850/1505/896 851/1506/896
f 852/1508/897 853/1511/897 854/1513/897
f 855/1514/898 856/1515/898 857/1518/898
f 858/1520/899 859/1522/899 860/1524/899
f 861/1525/900 862/1526/900 863/1529/900
f 864/1531/901 865/1532/901 866/1533/901
f 867/1535/902 868/1536/902 869/1538/902
f 870/1541/903 871/1542/903 872/1544/903
f 849/1502/904 856/1515/904 855/1514/904
f 852/1508/905 851/1507/905 850/1504/905
f 853/1511/906 860/1524/906 854/1513/906
f 857/1517/907 860/1524/907 859/1523/907
f 855/1514/908 868/1536/908 867/1535/908
f 858/1521/909 872/1544/909 859/1523/909
f 869/1539/910 872/1544/910 871/1543/910
f 861/1525/911 869/1539/911 862/1527/911
f 864/1530/912 871/1543/912 870/1540/912
f 863/1528/913 866/1534/913 865/1532/913
f 861/1525/914 850/1505/914 849/1502/914
f 864/1531/915 852/1509/915 865/1532/915
f 867/1535/916 849/1502/916 855/1514/916
f 887/1571/917 876/1552/917 874/1546/917
f 895/1586/918 886/1570/918 893/1582/918
f 882/1562/919 888/1573/919 894/1584/919
f 875/1549/920 884/1567/920 880/1559/920
f 883/1566/921 892/1580/921 881/1560/921
f 873/1545/922 874/1548/922 875/1550/922
f 876/1551/923 877/1553/923 878/1556/923
f 879/1557/924 880/1558/924 881/1561/924
f 882/1563/925 883/1565/925 884/1567/925
f 885/1568/926 886/1569/926 887/1572/926
f 888/1574/927 889/1575/927 890/1576/927
f 891/1578/928 892/1579/928 893/1581/928
f 894/1583/929 895/1585/929 896/1587/929
f 879/1557/930 875/1550/930 880/1558/930
f 874/1547/931 878/1556/931 875/1549/931
f 882/1563/932 878/1556/932 877/1553/932
f 881/1560/933 884/1567/933 883/1566/933
f 879/1557/934 892/1579/934 891/1578/934
f 882/1564/935 896/1587/935 883/1566/935
f 895/1586/936 892/1580/936 896/1587/936
f 891/1578/937 886/1570/937 885/1568/937
f 894/1584/938 890/1577/938 895/1586/938
f 889/1575/939 886/1570/939 890/1577/939
f 885/1568/940 874/1548/940 873/1545/940
f 888/1574/941 876/1552/941 889/1575/941
f 891/1578/942 873/1545/942 879/1557/942
f 913/1618/943 898/1589/943 911/1614/943
f 919/1629/944 910/1613/944 917/1625/944
f 918/1626/945 901/1597/945 912/1617/945
f 899/1592/946 908/1610/946 904/1602/946
f 907/1609/947 916/1623/947 905/1603/947
f 897/1588/948 898/1591/948 899/1593/948
f 900/1594/949 901/1596/949 902/1599/949
f 903/1600/950 904/1601/950 905/1604/950
f 906/1607/951 907/1608/951 908/1610/951
f 909/1611/952 910/1612/952 911/1615/952
f 912/1616/953 913/1618/953 914/1619/953
f 915/1621/954 916/1622/954 917/1624/954
f 918/1627/955 919/1628/955 920/1630/955
f 903/1600/956 899/1593/956 904/1601/956
f 898/1590/957 902/1599/957 899/1592/957
f 906/1607/958 902/1599/958 901/1596/958
f 907/1609/959 904/1602/959 908/1610/959
f 915/1621/960 905/1604/960 916/1622/960
f 918/1627/961 907/1609/961 906/1605/961
f 919/1629/962 916/1623/962 920/1630/962
f 909/1611/963 917/1625/963 910/1613/963
f 912/1617/964 919/1629/964 918/1626/964
f 911/1614/965 914/1620/965 913/1618/965
f 909/1611/966 898/1591/966 897/1588/966
f 901/1598/967 913/1618/967 912/1616/967
f 915/1621/968 897/1588/968 903/1600/968
f 935/1657/969 924/1638/969 922/1632/969
f 941/1668/970 938/1663/970 934/1656/970
f 930/1648/971 936/1659/971 942/1669/971
f 926/1642/972 928/1645/972 923/1635/972
f 929/1646/973 944/1673/973 940/1666/973
f 921/1631/974 922/1633/974 923/1636/974
f 924/1637/975 925/1639/975 926/1642/975
f 927/1643/976 928/1644/976 929/1647/976
f 930/1649/977 931/1651/977 932/1653/977
f 933/1654/978 934/1655/978 935/1658/978
f 936/1660/979 937/1661/979 938/1662/979
f 939/1664/980 940/1665/980 941/1667/980
f 942/1670/981 943/1671/981 944/1673/981
f 921/1631/982 928/1644/982 927/1643/982
f 922/1634/983 926/1642/983 923/1635/983
f 930/1649/984 926/1642/984 925/1639/984
f 931/1652/985 928/1645/985 932/1653/985
f 939/1664/986 929/1647/986 940/1665/986
f 930/1650/987 944/1673/987 931/1652/987
f 941/1668/988 944/1673/988 943/1672/988
f 933/1654/989 941/1668/989 934/1656/989
f 936/1659/990 943/1672/990 942/1669/990
f 935/1657/991 938/1663/991 937/1661/991
f 921/1631/992 935/1658/992 922/1633/992
f 936/1660/993 924/1638/993 937/1661/993
f 939/1664/994 921/1631/994 927/1643/994
f 959/1700/995 948/1681/995 946/1675/995
f 965/1711/996 962/1706/996 958/1699/996
f 966/1713/997 949/1682/997 960/1702/997
f 950/1685/998 952/1688/998 947/1679/998
f 953/1689/999 968/1716/999 964/1709/999
f 945/1674/1000 946/1677/1000 947/1678/1000
f 948/1680/1001 949/1683/1001 950/1685/1001
f 951/1686/1002 952/1687/1002 953/1690/1002
f 954/1692/1003 955/1694/1003 956/1696/1003
f 957/1697/1004 958/1698/1004 959/1701/1004
f 960/1703/1005 961/1704/1005 962/1705/1005
f 963/1707/1006 964/1708/1006 965/1710/1006
f 966/1712/1007 967/1714/1007 968/1716/1007
f 945/1674/1008 952/1687/1008 951/1686/1008
f 948/1680/1009 947/1679/1009 946/1676/1009
f 949/1683/1010 956/1696/1010 950/1685/1010
f 955/1695/1011 952/1688/1011 956/1696/1011
f 951/1686/1012 964/1708/1012 963/1707/1012
f 954/1693/1013 968/1716/1013 955/1695/1013
f 965/1711/1014 968/1716/1014 967/1715/1014
f 963/1707/1015 958/1699/1015 957/1697/1015
f 966/1713/1016 962/1706/1016 967/1715/1016
f 959/1700/1017 962/1706/1017 961/1704/1017
f 945/1674/1018 959/1701/1018 946/1677/1018
f 960/1703/1019 948/1681/1019 961/1704/1019
f 951/1686/1020 957/1697/1020 945/1674/1020
f 985/1747/1021 970/1719/1021 983/1743/1021
f 991/1758/1022 982/1742/1022 989/1754/1022
f 978/1735/1023 984/1746/1023 990/1755/1023
f 971/1721/1024 980/1739/1024 976/1731/1024
f 979/1738/1025 988/1752/1025 977/1732/1025
f 969/1717/1026 970/1718/1026 971/1722/1026
f 972/1723/1027 973/1725/1027 974/1728/1027
f 975/1729/1028 976/1730/1028 977/1733/1028
f 978/1736/1029 979/1737/1029 980/1739/1029
f 981/1740/1030 982/1741/1030 983/1744/1030
f 984/1745/1031 985/1747/1031 986/1748/1031
f 987/1750/1032 988/1751/1032 989/1753/1032
f 990/1756/1033 991/1757/1033 992/1759/1033
f 975/1729/1034 971/1722/1034 976/1730/1034
f 970/1720/1035 974/1728/1035 971/1721/1035
f 978/1736/1036 974/1728/1036 973/1725/1036
f 977/1732/1037 980/1739/1037 979/1738/1037
f 987/1750/1038 977/1733/1038 988/1751/1038
f 990/1756/1039 979/1738/1039 978/1734/1039
f 989/1754/1040 992/1759/1040 991/1758/1040
f 987/1750/1041 982/1742/1041 981/1740/1041
f 984/1746/1042 991/1758/1042 990/1755/1042
f 985/1747/1043 982/1742/1043 986/1749/1043
f 969/1717/1044 983/1744/1044 970/1718/1044
f 973/1727/1045 985/1747/1045 984/1745/1045
f 987/1750/1046 969/1717/1046 975/1729/1046
f 1009/1790/1047 994/1763/1047 1007/1786/1047
f 1015/1801/1048 1006/1785/1048 1013/1797/1048
f 1002/1778/1049 1008/1789/1049 1014/1798/1049
f 995/1765/1050 1004/1782/1050 1000/1774/1050
f 1001/1775/1051 1016/1802/1051 1012/1795/1051
f 993/1760/1052 994/1762/1052 995/1764/1052
f 996/1766/1053 997/1768/1053 998/1771/1053
f 999/1772/1054 1000/1773/1054 1001/1776/1054
f 1002/1779/1055 1003/1780/1055 1004/1782/1055
f 1005/1783/1056 1006/1784/1056 1007/1787/1056
f 1008/1788/1057 1009/1790/1057 1010/1791/1057
f 1011/1793/1058 1012/1794/1058 1013/1796/1058
f 1014/1799/1059 1015/1800/1059 1016/1802/1059
f 993/1760/1060 1000/1773/1060 999/1772/1060
f 996/1766/1061 995/1765/1061 994/1761/1061
f 1002/1779/1062 998/1771/1062 997/1768/1062
f 1001/1775/1063 1004/1782/1063 1003/1781/1063
f 1011/1793/1064 1001/1776/1064 1012/1794/1064
f 1014/1799/1065 1003/1781/1065 1002/1777/1065
f 1015/1801/1066 1012/1795/1066 1016/1802/1066
f 1011/1793/1067 1006/1785/1067 1005/1783/1067
f 1008/1789/1068 1015/1801/1068 1014/1798/1068
f 1009/1790/1069 1006/1785/1069 1010/1792/1069
f 993/1760/1070 1007/1787/1070 994/1762/1070
f 997/1770/1071 1009/1790/1071 1008/1788/1071
f 1011/1793/1072 993/1760/1072 999/1772/1072
f 1033/1833/1073 1018/1806/1073 1031/1829/1073
f 1039/1844/1074 1030/1828/1074 1037/1840/1074
f 1026/1820/1075 1032/1831/1075 1038/1841/1075
f 1022/1814/1076 1024/1817/1076 1019/1808/1076
f 1027/1824/1077 1036/1838/1077 1025/1818/1077
f 1017/1803/1078 1018/1805/1078 1019/1807/1078
f 1020/1809/1079 1021/1811/1079 1022/1814/1079
f 1023/1815/1080 1024/1816/1080 1025/1819/1080
f 1026/1821/1081 1027/1823/1081 1028/1825/1081
f 1029/1826/1082 1030/1827/1082 1031/1830/1082
f 1032/1832/1083 1033/1833/1083 1034/1834/1083
f 1035/1836/1084 1036/1837/1084 1037/1839/1084
f 1038/1842/1085 1039/1843/1085 1040/1845/1085
f 1017/1803/1086 1024/1816/1086 1023/1815/1086
f 1020/1809/1087 1019/1808/1087 1018/1804/1087
f 1026/1821/1088 1022/1814/1088 1021/1811/1088
f 1025/1818/1089 1028/1825/1089 1027/1824/1089
f 1023/1815/1090 1036/1837/1090 1035/1836/1090
f 1026/1822/1091 1040/1845/1091 1027/1824/1091
f 1039/1844/1092 1036/1838/1092 1040/1845/1092
f 1035/1836/1093 1030/1828/1093 1029/1826/1093
f 1032/1831/1094 1039/1844/1094 1038/1841/1094
f 1033/1833/1095 1030/1828/1095 1034/1835/1095
f 1017/1803/1096 1031/1830/1096 1018/1805/1096
f 1032/1832/1097 1020/1810/1097 1033/1833/1097
f 1035/1836/1098 1017/1803/1098 1023/1815/1098
f 1055/1872/1099 1044/1853/1099 1042/1847/1099
f 1063/1887/1100 1054/1871/1100 1061/1883/1100
f 1062/1885/1101 1045/1855/1101 1056/1874/1101
f 1043/1851/1102 1052/1868/1102 1048/1860/1102
f 1051/1867/1103 1060/1881/1103 1049/1861/1103
f 1041/1846/1104 1042/1849/1104 1043/1850/1104
f 1044/1852/1105 1045/1854/1105 1046/1857/1105
f 1047/1858/1106 1048/1859/1106 1049/1862/1106
f 1050/1864/1107 1051/1866/1107 1052/1868/1107
f 1053/1869/1108 1054/1870/1108 1055/1873/1108
f 1056/1875/1109 1057/1876/1109 1058/1877/1109
f 1059/1879/1110 1060/1880/1110 1061/1882/1110
f 1062/1884/1111 1063/1886/1111 1064/1888/1111
f 1041/1846/1112 1048/1859/1112 1047/1858/1112
f 1044/1852/1113 1043/1851/1113 1042/1848/1113
f 1050/1864/1114 1046/1857/1114 1045/1854/1114
f 1051/1867/1115 1048/1860/1115 1052/1868/1115
f 1047/1858/1116 1060/1880/1116 1059/1879/1116
f 1050/1865/1117 1064/1888/1117 1051/1867/1117
f 1063/1887/1118 1060/1881/1118 1064/1888/1118
f 1053/1869/1119 1061/1883/1119 1054/1871/1119
f 1062/1885/1120 1058/1878/1120 1063/1887/1120
f 1057/1876/1121 1054/1871/1121 1058/1878/1121
f 1053/1869/1122 1042/1849/1122 1041/1846/1122
f 1056/1875/1123 1044/1853/1123 1057/1876/1123
f 1047/1858/1124 1053/1869/1124 1041/1846/1124
f 1081/1919/1125 1066/1891/1125 1079/1915/1125
f 1087/1930/1126 1078/1914/1126 1085/1926/1126
f 1086/1927/1127 1069/1897/1127 1080/1918/1127
f 1070/1900/1128 1072/1903/1128 1067/1893/1128
f 1073/1904/1129 1088/1931/1129 1084/1924/1129
f 1065/1889/1130 1066/1890/1130 1067/1894/1130
f 1068/1895/1131 1069/1898/1131 1070/1900/1131
f 1071/1901/1132 1072/1902/1132 1073/1905/1132
f 1074/1908/1133 1075/1909/1133 1076/1911/1133
f 1077/1912/1134 1078/1913/1134 1079/1916/1134
f 1080/1917/1135 1081/1919/1135 1082/1920/1135
f 1083/1922/1136 1084/1923/1136 1085/1925/1136
f 1086/1928/1137 1087/1929/1137 1088/1931/1137
f 1065/1889/1138 1072/1902/1138 1071/1901/1138
f 1066/1892/1139 1070/1900/1139 1067/1893/1139
f 1069/1898/1140 1076/1911/1140 1070/1900/1140
f 1073/1904/1141 1076/1911/1141 1075/1910/1141
f 1071/1901/1142 1084/1923/1142 1083/1922/1142
f 1086/1928/1143 1075/1910/1143 1074/1906/1143
f 1087/1930/1144 1084/1924/1144 1088/1931/1144
f 1077/1912/1145 1085/1926/1145 1078/1914/1145
f 1080/1918/1146 1087/1930/1146 1086/1927/1146
f 1079/1915/1147 1082/1921/1147 1081/1919/1147
f 1065/1889/1148 1079/1916/1148 1066/1890/1148
f 1069/1899/1149 1081/1919/1149 1080/1917/1149
f 1083/1922/1150 1065/1889/1150 1071/1901/1150
f 1103/1958/1151 1092/1939/1151 1090/1933/1151
f 1109/1969/1152 1106/1964/1152 1102/1957/1152
f 1110/1970/1153 1093/1941/1153 1104/1960/1153
f 1094/1943/1154 1096/1946/1154 1091/1937/1154
f 1097/1947/1155 1112/1974/1155 1108/1967/1155
f 1089/1932/1156 1090/1935/1156 1091/1936/1156
f 1092/1938/1157 1093/1940/1157 1094/1943/1157
f 1095/1944/1158 1096/1945/1158 1097/1948/1158
f 1098/1951/1159 1099/1952/1159 1100/1954/1159
f 1101/1955/1160 1102/1956/1160 1103/1959/1160
f 1104/1961/1161 1105/1962/1161 1106/1963/1161
f 1107/1965/1162 1108/1966/1162 1109/1968/1162
f 1110/1971/1163 1111/1972/1163 1112/1974/1163
f 1089/1932/1164 1096/1945/1164 1095/1944/1164
f 1092/1938/1165 1091/1937/1165 1090/1934/1165
f 1098/1951/1166 1094/1943/1166 1093/1940/1166
f 1099/1953/1167 1096/1946/1167 1100/1954/1167
f 1107/1965/1168 1097/1948/1168 1108/1966/1168
f 1110/1971/1169 1099/1953/1169 1098/1949/1169
f 1111/1973/1170 1108/1967/1170 1112/1974/1170
f 1101/1955/1171 1109/1969/1171 1102/1957/1171
f 1104/1960/1172 1111/1973/1172 1110/1970/1172
f 1105/1962/1173 1102/1957/1173 1106/1964/1173
f 1089/1932/1174 1103/1959/1174 1090/1935/1174
f 1104/1961/1175 1092/1939/1175 1105/1962/1175
f 1095/1944/1176 1101/1955/1176 1089/1932/1176
f 1127/2001/1177 1116/1982/1177 1114/1976/1177
f 1133/2012/1178 1130/2007/1178 1126/2000/1178
f 1122/1993/1179 1128/2004/1179 1134/2013/1179
f 1118/1986/1180 1120/1989/1180 1115/1980/1180
f 1123/1996/1181 1132/2010/1181 1121/1990/1181
f 1113/1975/1182 1114/1978/1182 1115/1979/1182
f 1116/1981/1183 1117/1983/1183 1118/1986/1183
f 1119/1987/1184 1120/1988/1184 1121/1991/1184
f 1122/1994/1185 1123/1995/1185 1124/1997/1185
f 1125/1998/1186 1126/1999/1186 1127/2002/1186
f 1128/2003/1187 1129/2005/1187 1130/2006/1187
f 1131/2008/1188 1132/2009/1188 1133/2011/1188
f 1134/2014/1189 1135/2015/1189 1136/2017/1189
f 1113/1975/1190 1120/1988/1190 1119/1987/1190
f 1116/1981/1191 1115/1980/1191 1114/1977/1191
f 1122/1994/1192 1118/1986/1192 1117/1983/1192
f 1121/1990/1193 1124/1997/1193 1123/1996/1193
f 1131/2008/1194 1121/1991/1194 1132/2009/1194
f 1134/2014/1195 1123/1996/1195 1122/1992/1195
f 1133/2012/1196 1136/2017/1196 1135/2016/1196
f 1125/1998/1197 1133/2012/1197 1126/2000/1197
f 1128/2004/1198 1135/2016/1198 1134/2013/1198
f 1127/2001/1199 1130/2007/1199 1129/2005/1199
f 1113/1975/1200 1127/2002/1200 1114/1978/1200
f 1117/1985/1201 1129/2005/1201 1128/2003/1201
f 1131/2008/1202 1113/1975/1202 1119/1987/1202
f 1153/2048/1203 1138/2020/1203 1151/2044/1203
f 1159/2059/1204 1150/2043/1204 1157/2055/1204
f 1146/2036/1205 1152/2046/1205 1158/2057/1205
f 1139/2023/1206 1148/2040/1206 1144/2032/1206
f 1147/2039/1207 1156/2053/1207 1145/2033/1207
f 1137/2018/1208 1138/2021/1208 1139/2022/1208
f 1140/2024/1209 1141/2027/1209 1142/2029/1209
f 1143/2030/1210 1144/2031/1210 1145/2034/1210
f 1146/2037/1211 1147/2038/1211 1148/2040/1211
f 1149/2041/1212 1150/2042/1212 1151/2045/1212
f 1152/2047/1213 1153/2048/1213 1154/2049/1213
f 1155/2051/1214 1156/2052/1214 1157/2054/1214
f 1158/2056/1215 1159/2058/1215 1160/2060/1215
f 1137/2018/1216 1144/2031/1216 1143/2030/1216
f 1140/2024/1217 1139/2023/1217 1138/2019/1217
f 1141/2027/1218 1148/2040/1218 1142/2029/1218
f 1147/2039/1219 1144/2032/1219 1148/2040/1219
f 1155/2051/1220 1145/2034/1220 1156/2052/1220
f 1158/2056/1221 1147/2039/1221 1146/2035/1221
f 1159/2059/1222 1156/2053/1222 1160/2060/1222
f 1155/2051/1223 1150/2043/1223 1149/2041/1223
f 1158/2057/1224 1154/2050/1224 1159/2059/1224
f 1151/2044/1225 1154/2050/1225 1153/2048/1225
f 1149/2041/1226 1138/2021/1226 1137/2018/1226
f 1152/2047/1227 1140/2025/1227 1153/2048/1227
f 1155/2051/1228 1137/2018/1228 1143/2030/1228
f 1177/2091/1229 1162/2062/1229 1175/2087/1229
f 1183/2102/1230 1174/2086/1230 1181/2098/1230
f 1170/2078/1231 1176/2089/1231 1182/2099/1231
f 1166/2072/1232 1168/2075/1232 1163/2065/1232
f 1169/2076/1233 1184/2103/1233 1180/2096/1233
f 1161/2061/1234 1162/2064/1234 1163/2066/1234
f 1164/2067/1235 1165/2069/1235 1166/2072/1235
f 1167/2073/1236 1168/2074/1236 1169/2077/1236
f 1170/2079/1237 1171/2081/1237 1172/2083/1237
f 1173/2084/1238 1174/2085/1238 1175/2088/1238
f 1176/2090/1239 1177/2091/1239 1178/2092/1239
f 1179/2094/1240 1180/2095/1240 1181/2097/1240
f 1182/2100/1241 1183/2101/1241 1184/2103/1241
f 1167/2073/1242 1163/2066/1242 1168/2074/1242
f 1162/2063/1243 1166/2072/1243 1163/2065/1243
f 1170/2079/1244 1166/2072/1244 1165/2069/1244
f 1169/2076/1245 1172/2083/1245 1171/2082/1245
f 1179/2094/1246 1169/2077/1246 1180/2095/1246
f 1170/2080/1247 1184/2103/1247 1171/2082/1247
f 1183/2102/1248 1180/2096/1248 1184/2103/1248
f 1173/2084/1249 1181/2098/1249 1174/2086/1249
f 1176/2089/1250 1183/2102/1250 1182/2099/1250
f 1175/2087/1251 1178/2093/1251 1177/2091/1251
f 1173/2084/1252 1162/2064/1252 1161/2061/1252
f 1176/2090/1253 1164/2068/1253 1177/2091/1253
f 1179/2094/1254 1161/2061/1254 1167/2073/1254
f 1199/2130/1255 1188/2111/1255 1186/2105/1255
f 1207/2145/1256 1198/2129/1256 1205/2141/1256
f 1194/2122/1257 1200/2132/1257 1206/2142/1257
f 1187/2108/1258 1196/2126/1258 1192/2118/1258
f 1193/2119/1259 1208/2146/1259 1204/2139/1259
f 1185/2104/1260 1186/2106/1260 1187/2109/1260
f 1188/2110/1261 1189/2113/1261 1190/2115/1261
f 1191/2116/1262 1192/2117/1262 1193/2120/1262
f 1194/2123/1263 1195/2124/1263 1196/2126/1263
f 1197/2127/1264 1198/2128/1264 1199/2131/1264
f 1200/2133/1265 1201/2134/1265 1202/2135/1265
f 1203/2137/1266 1204/2138/1266 1205/2140/1266
f 1206/2143/1267 1207/2144/1267 1208/2146/1267
f 1191/2116/1268 1187/2109/1268 1192/2117/1268
f 1186/2107/1269 1190/2115/1269 1187/2108/1269
f 1189/2113/1270 1196/2126/1270 1190/2115/1270
f 1193/2119/1271 1196/2126/1271 1195/2125/1271
f 1203/2137/1272 1193/2120/1272 1204/2138/1272
f 1206/2143/1273 1195/2125/1273 1194/2121/1273
f 1205/2141/1274 1208/2146/1274 1207/2145/1274
f 1197/2127/1275 1205/2141/1275 1198/2129/1275
f 1200/2132/1276 1207/2145/1276 1206/2142/1276
f 1199/2130/1277 1202/2136/1277 1201/2134/1277
f 1185/2104/1278 1199/2131/1278 1186/2106/1278
f 1200/2133/1279 1188/2111/1279 1201/2134/1279
f 1191/2116/1280 1197/2127/1280 1185/2104/1280
f 1225/2177/1281 1210/2150/1281 1223/2173/1281
f 1229/2184/1282 1226/2179/1282 1222/2172/1282
f 1218/2164/1283 1224/2176/1283 1230/2185/1283
f 1211/2152/1284 1220/2169/1284 1216/2161/1284
f 1219/2168/1285 1228/2182/1285 1217/2162/1285
f 1209/2147/1286 1210/2149/1286 1211/2151/1286
f 1212/2153/1287 1213/2155/1287 1214/2158/1287
f 1215/2159/1288 1216/2160/1288 1217/2163/1288
f 1218/2165/1289 1219/2167/1289 1220/2169/1289
f 1221/2170/1290 1222/2171/1290 1223/2174/1290
f 1224/2175/1291 1225/2177/1291 1226/2178/1291
f 1227/2180/1292 1228/2181/1292 1229/2183/1292
f 1230/2186/1293 1231/2187/1293 1232/2189/1293
f 1209/2147/1294 1216/2160/1294 1215/2159/1294
f 1212/2153/1295 1211/2152/1295 1210/2148/1295
f 1218/2165/1296 1214/2158/1296 1213/2155/1296
f 1217/2162/1297 1220/2169/1297 1219/2168/1297
f 1215/2159/1298 1228/2181/1298 1227/2180/1298
f 1218/2166/1299 1232/2189/1299 1219/2168/1299
f 1229/2184/1300 1232/2189/1300 1231/2188/1300
f 1221/2170/1301 1229/2184/1301 1222/2172/1301
f 1224/2176/1302 1231/2188/1302 1230/2185/1302
f 1225/2177/1303 1222/2172/1303 1226/2179/1303
f 1209/2147/1304 1223/2174/1304 1210/2149/1304
f 1213/2157/1305 1225/2177/1305 1224/2175/1305
f 1227/2180/1306 1209/2147/1306 1215/2159/1306
f 1249/2220/1307 1234/2193/1307 1247/2216/1307
f 1253/2227/1308 1250/2222/1308 1246/2215/1308
f 1254/2228/1309 1237/2198/1309 1248/2219/1309
f 1235/2195/1310 1244/2212/1310 1240/2204/1310
f 1243/2211/1311 1252/2225/1311 1241/2205/1311
f 1233/2190/1312 1234/2192/1312 1235/2194/1312
f 1236/2196/1313 1237/2199/1313 1238/2201/1313
f 1239/2202/1314 1240/2203/1314 1241/2206/1314
f 1242/2209/1315 1243/2210/1315 1244/2212/1315
f 1245/2213/1316 1246/2214/1316 1247/2217/1316
f 1248/2218/1317 1249/2220/1317 1250/2221/1317
f 1251/2223/1318 1252/2224/1318 1253/2226/1318
f 1254/2229/1319 1255/2230/1319 1256/2232/1319
f 1239/2202/1320 1235/2194/1320 1240/2203/1320
f 1236/2196/1321 1235/2195/1321 1234/2191/1321
f 1237/2199/1322 1244/2212/1322 1238/2201/1322
f 1243/2211/1323 1240/2204/1323 1244/2212/1323
f 1251/2223/1324 1241/2206/1324 1252/2224/1324
f 1254/2229/1325 1243/2211/1325 1242/2207/1325
f 1255/2231/1326 1252/2225/1326 1256/2232/1326
f 1245/2213/1327 1253/2227/1327 1246/2215/1327
f 1248/2219/1328 1255/2231/1328 1254/2228/1328
f 1249/2220/1329 1246/2215/1329 1250/2222/1329
f 1233/2190/1330 1247/2217/1330 1234/2192/1330
f 1237/2200/1331 1249/2220/1331 1248/2218/1331
f 1251/2223/1332 1233/2190/1332 1239/2202/1332
f 1271/2259/1333 1260/2240/1333 1258/2234/1333
f 1277/2270/1334 1274/2265/1334 1270/2258/1334
f 1266/2250/1335 1272/2262/1335 1278/2271/1335
f 1259/2237/1336 1268/2255/1336 1264/2247/1336
f 1265/2248/1337 1280/2275/1337 1276/2268/1337
f 1257/2233/1338 1258/2236/1338 1259/2238/1338
f 1260/2239/1339 1261/2242/1339 1262/2244/1339
f 1263/2245/1340 1264/2246/1340 1265/2249/1340
f 1266/2251/1341 1267/2253/1341 1268/2255/1341
f 1269/2256/1342 1270/2257/1342 1271/2260/1342
f 1272/2261/1343 1273/2263/1343 1274/2264/1343
f 1275/2266/1344 1276/2267/1344 1277/2269/1344
f 1278/2272/1345 1279/2273/1345 1280/2275/1345
f 1263/2245/1346 1259/2238/1346 1264/2246/1346
f 1258/2235/1347 1262/2244/1347 1259/2237/1347
f 1261/2242/1348 1268/2255/1348 1262/2244/1348
f 1265/2248/1349 1268/2255/1349 1267/2254/1349
f 1263/2245/1350 1276/2267/1350 1275/2266/1350
f 1266/2252/1351 1280/2275/1351 1267/2254/1351
f 1279/2274/1352 1276/2268/1352 1280/2275/1352
f 1269/2256/1353 1277/2270/1353 1270/2258/1353
f 1272/2262/1354 1279/2274/1354 1278/2271/1354
f 1271/2259/1355 1274/2265/1355 1273/2263/1355
f 1269/2256/1356 1258/2236/1356 1257/2233/1356
f 1261/2243/1357 1273/2263/1357 1272/2261/1357
f 1275/2266/1358 1257/2233/1358 1263/2245/1358
f 1297/2306/1359 1282/2279/1359 1295/2302/1359
f 1301/2313/1360 1298/2308/1360 1294/2301/1360
f 1302/2315/1361 1285/2285/1361 1296/2305/1361
f 1283/2281/1362 1292/2298/1362 1288/2290/1362
f 1289/2291/1363 1304/2318/1363 1300/2311/1363
f 1281/2276/1364 1282/2278/1364 1283/2280/1364
f 1284/2282/1365 1285/2284/1365 1286/2287/1365
f 1287/2288/1366 1288/2289/1366 1289/2292/1366
f 1290/2295/1367 1291/2296/1367 1292/2298/1367
f 1293/2299/1368 1294/2300/1368 1295/2303/1368
f 1296/2304/1369 1297/2306/1369 1298/2307/1369
f 1299/2309/1370 1300/2310/1370 1301/2312/1370
f 1302/2314/1371 1303/2316/1371 1304/2318/1371
f 1287/2288/1372 1283/2280/1372 1288/2289/1372
f 1284/2282/1373 1283/2281/1373 1282/2277/1373
f 1290/2295/1374 1286/2287/1374 1285/2284/1374
f 1289/2291/1375 1292/2298/1375 1291/2297/1375
f 1299/2309/1376 1289/2292/1376 1300/2310/1376
f 1302/2314/1377 1291/2297/1377 1290/2293/1377
f 1301/2313/1378 1304/2318/1378 1303/2317/1378
f 1293/2299/1379 1301/2313/1379 1294/2301/1379
f 1302/2315/1380 1298/2308/1380 1303/2317/1380
f 1297/2306/1381 1294/2301/1381 1298/2308/1381
f 1281/2276/1382 1295/2303/1382 1282/2278/1382
f 1285/2286/1383 1297/2306/1383 1296/2304/1383
f 1299/2309/1384 1281/2276/1384 1287/2288/1384
f 1321/2349/1385 1306/2321/1385 1319/2345/1385
f 1327/2360/1386 1318/2344/1386 1325/2356/1386
f 1326/2358/1387 1309/2327/1387 1320/2348/1387
f 1307/2324/1388 1316/2341/1388 1312/2333/1388
f 1313/2334/1389 1328/2361/1389 1324/2354/1389
f 1305/2319/1390 1306/2322/1390 1307/2323/1390
f 1308/2325/1391 1309/2328/1391 1310/2330/1391
f 1311/2331/1392 1312/2332/1392 1313/2335/1392
f 1314/2338/1393 1315/2339/1393 1316/2341/1393
f 1317/2342/1394 1318/2343/1394 1319/2346/1394
f 1320/2347/1395 1321/2349/1395 1322/2350/1395
f 1323/2352/1396 1324/2353/1396 1325/2355/1396
f 1326/2357/1397 1327/2359/1397 1328/2361/1397
f 1311/2331/1398 1307/2323/1398 1312/2332/1398
f 1308/2325/1399 1307/2324/1399 1306/2320/1399
f 1309/2328/1400 1316/2341/1400 1310/2330/1400
f 1313/2334/1401 1316/2341/1401 1315/2340/1401
f 1323/2352/1402 1313/2335/1402 1324/2353/1402
f 1326/2357/1403 1315/2340/1403 1314/2336/1403
f 1325/2356/1404 1328/2361/1404 1327/2360/1404
f 1323/2352/1405 1318/2344/1405 1317/2342/1405
f 1326/2358/1406 1322/2351/1406 1327/2360/1406
f 1321/2349/1407 1318/2344/1407 1322/2351/1407
f 1317/2342/1408 1306/2322/1408 1305/2319/1408
f 1309/2329/1409 1321/2349/1409 1320/2347/1409
f 1323/2352/1410 1305/2319/1410 1311/2331/1410
f 1343/2388/1411 1332/2369/1411 1330/2363/1411
f 1349/2399/1412 1346/2394/1412 1342/2387/1412
f 1350/2400/1413 1333/2370/1413 1344/2391/1413
f 1331/2367/1414 1340/2384/1414 1336/2376/1414
f 1339/2383/1415 1348/2397/1415 1337/2377/1415
f 1329/2362/1416 1330/2365/1416 1331/2366/1416
f 1332/2368/1417 1333/2371/1417 1334/2373/1417
f 1335/2374/1418 1336/2375/1418 1337/2378/1418
f 1338/2381/1419 1339/2382/1419 1340/2384/1419
f 1341/2385/1420 1342/2386/1420 1343/2389/1420
f 1344/2390/1421 1345/2392/1421 1346/2393/1421
f 1347/2395/1422 1348/2396/1422 1349/2398/1422
f 1350/2401/1423 1351/2402/1423 1352/2404/1423
f 1329/2362/1424 1336/2375/1424 1335/2374/1424
f 1332/2368/1425 1331/2367/1425 1330/2364/1425
f 1333/2371/1426 1340/2384/1426 1334/2373/1426
f 1339/2383/1427 1336/2376/1427 1340/2384/1427
f 1347/2395/1428 1337/2378/1428 1348/2396/1428
f 1350/2401/1429 1339/2383/1429 1338/2379/1429
f 1351/2403/1430 1348/2397/1430 1352/2404/1430
f 1341/2385/1431 1349/2399/1431 1342/2387/1431
f 1344/2391/1432 1351/2403/1432 1350/2400/1432
f 1343/2388/1433 1346/2394/1433 1345/2392/1433
f 1341/2385/1434 1330/2365/1434 1329/2362/1434
f 1333/2372/1435 1345/2392/1435 1344/2390/1435
f 1335/2374/1436 1341/2385/1436 1329/2362/1436
f 1369/2435/1437 1354/2406/1437 1367/2431/1437
f 1373/2442/1438 1370/2437/1438 1366/2430/1438
f 1362/2422/1439 1368/2434/1439 1374/2444/1439
f 1358/2416/1440 1360/2419/1440 1355/2409/1440
f 1363/2426/1441 1372/2440/1441 1361/2420/1441
f 1353/2405/1442 1354/2408/1442 1355/2410/1442
f 1356/2411/1443 1357/2414/1443 1358/2416/1443
f 1359/2417/1444 1360/2418/1444 1361/2421/1444
f 1362/2423/1445 1363/2425/1445 1364/2427/1445
f 1365/2428/1446 1366/2429/1446 1367/2432/1446
f 1368/2433/1447 1369/2435/1447 1370/2436/1447
f 1371/2438/1448 1372/2439/1448 1373/2441/1448
f 1374/2443/1449 1375/2445/1449 1376/2447/1449
f 1359/2417/1450 1355/2410/1450 1360/2418/1450
f 1354/2407/1451 1358/2416/1451 1355/2409/1451
f 1357/2414/1452 1364/2427/1452 1358/2416/1452
f 1363/2426/1453 1360/2419/1453 1364/2427/1453
f 1359/2417/1454 1372/2439/1454 1371/2438/1454
f 1362/2424/1455 1376/2447/1455 1363/2426/1455
f 1373/2442/1456 1376/2447/1456 1375/2446/1456
f 1371/2438/1457 1366/2430/1457 1365/2428/1457
f 1374/2444/1458 1370/2437/1458 1375/2446/1458
f 1369/2435/1459 1366/2430/1459 1370/2437/1459
f 1365/2428/1460 1354/2408/1460 1353/2405/1460
f 1357/2415/1461 1369/2435/1461 1368/2433/1461
f 1359/2417/1462 1365/2428/1462 1353/2405/1462
f 1393/2478/1463 1378/2450/1463 1391/2474/1463
f 1397/2485/1464 1394/2480/1464 1390/2473/1464
f 1398/2487/1465 1381/2456/1465 1392/2476/1465
f 1382/2459/1466 1384/2462/1466 1379/2453/1466
f 1387/2469/1467 1396/2483/1467 1385/2463/1467
f 1377/2448/1468 1378/2451/1468 1379/2452/1468
f 1380/2454/1469 1381/2457/1469 1382/2459/1469
f 1383/2460/1470 1384/2461/1470 1385/2464/1470
f 1386/2466/1471 1387/2468/1471 1388/2470/1471
f 1389/2471/1472 1390/2472/1472 1391/2475/1472
f 1392/2477/1473 1393/2478/1473 1394/2479/1473
f 1395/2481/1474 1396/2482/1474 1397/2484/1474
f 1398/2486/1475 1399/2488/1475 1400/2490/1475
f 1383/2460/1476 1379/2452/1476 1384/2461/1476
f 1380/2454/1477 1379/2453/1477 1378/2449/1477
f 1381/2457/1478 1388/2470/1478 1382/2459/1478
f 1387/2469/1479 1384/2462/1479 1388/2470/1479
f 1383/2460/1480 1396/2482/1480 1395/2481/1480
f 1386/2467/1481 1400/2490/1481 1387/2469/1481
f 1399/2489/1482 1396/2483/1482 1400/2490/1482
f 1389/2471/1483 1397/2485/1483 1390/2473/1483
f 1398/2487/1484 1394/2480/1484 1399/2489/1484
f 1393/2478/1485 1390/2473/1485 1394/2480/1485
f 1389/2471/1486 1378/2451/1486 1377/2448/1486
f 1392/2477/1487 1380/2455/1487 1393/2478/1487
f 1383/2460/1488 1389/2471/1488 1377/2448/1488
f 1417/2521/1489 1402/2493/1489 1415/2517/1489
f 1421/2528/1490 1418/2523/1490 1414/2516/1490
f 1410/2509/1491 1416/2520/1491 1422/2529/1491
f 1406/2502/1492 1408/2505/1492 1403/2495/1492
f 1411/2512/1493 1420/2526/1493 1409/2506/1493
f 1401/2491/1494 1402/2492/1494 1403/2496/1494
f 1404/2497/1495 1405/2500/1495 1406/2502/1495
f 1407/2503/1496 1408/2504/1496 1409/2507/1496
f 1410/2510/1497 1411/2511/1497 1412/2513/1497
f 1413/2514/1498 1414/2515/1498 1415/2518/1498
f 1416/2519/1499 1417/2521/1499 1418/2522/1499
f 1419/2524/1500 1420/2525/1500 1421/2527/1500
f 1422/2530/1501 1423/2531/1501 1424/2533/1501
f 1401/2491/1502 1408/2504/1502 1407/2503/1502
f 1402/2494/1503 1406/2502/1503 1403/2495/1503
f 1405/2500/1504 1412/2513/1504 1406/2502/1504
f 1411/2512/1505 1408/2505/1505 1412/2513/1505
f 1419/2524/1506 1409/2507/1506 1420/2525/1506
f 1422/2530/1507 1411/2512/1507 1410/2508/1507
f 1423/2532/1508 1420/2526/1508 1424/2533/1508
f 1419/2524/1509 1414/2516/1509 1413/2514/1509
f 1416/2520/1510 1423/2532/1510 1422/2529/1510
f 1417/2521/1511 1414/2516/1511 1418/2523/1511
f 1401/2491/1512 1415/2518/1512 1402/2492/1512
f 1405/2501/1513 1417/2521/1513 1416/2519/1513
f 1419/2524/1514 1401/2491/1514 1407/2503/1514
f 1439/2560/1515 1428/2541/1515 1426/2535/1515
f 1445/2571/1516 1442/2566/1516 1438/2559/1516
f 1434/2551/1517 1440/2563/1517 1446/2573/1517
f 1430/2545/1518 1432/2548/1518 1427/2539/1518
f 1435/2555/1519 1444/2569/1519 1433/2549/1519
f 1425/2534/1520 1426/2537/1520 1427/2538/1520
f 1428/2540/1521 1429/2542/1521 1430/2545/1521
f 1431/2546/1522 1432/2547/1522 1433/2550/1522
f 1434/2552/1523 1435/2554/1523 1436/2556/1523
f 1437/2557/1524 1438/2558/1524 1439/2561/1524
f 1440/2562/1525 1441/2564/1525 1442/2565/1525
f 1443/2567/1526 1444/2568/1526 1445/2570/1526
f 1446/2572/1527 1447/2574/1527 1448/2576/1527
f 1431/2546/1528 1427/2538/1528 1432/2547/1528
f 1428/2540/1529 1427/2539/1529 1426/2536/1529
f 1434/2552/1530 1430/2545/1530 1429/2542/1530
f 1435/2555/1531 1432/2548/1531 1436/2556/1531
f 1431/2546/1532 1444/2568/1532 1443/2567/1532
f 1434/2553/1533 1448/2576/1533 1435/2555/1533
f 1447/2575/1534 1444/2569/1534 1448/2576/1534
f 1443/2567/1535 1438/2559/1535 1437/2557/1535
f 1446/2573/1536 1442/2566/1536 1447/2575/1536
f 1439/2560/1537 1442/2566/1537 1441/2564/1537
f 1425/2534/1538 1439/2561/1538 1426/2537/1538
f 1429/2544/1539 1441/2564/1539 1440/2562/1539
f 1443/2567/1540 1425/2534/1540 1431/2546/1540
f 1465/2607/1541 1450/2579/1541 1463/2603/1541
f 1471/2618/1542 1462/2602/1542 1469/2614/1542
f 1458/2595/1543 1464/2606/1543 1470/2616/1543
f 1454/2588/1544 1456/2591/1544 1451/2581/1544
f 1459/2598/1545 1468/2612/1545 1457/2592/1545
f 1449/2577/1546 1450/2578/1546 1451/2582/1546
f 1452/2583/1547 1453/2586/1547 1454/2588/1547
f 1455/2589/1548 1456/2590/1548 1457/2593/1548
f 1458/2596/1549 1459/2597/1549 1460/2599/1549
f 1461/2600/1550 1462/2601/1550 1463/2604/1550
f 1464/2605/1551 1465/2607/1551 1466/2608/1551
f 1467/2610/1552 1468/2611/1552 1469/2613/1552
f 1470/2615/1553 1471/2617/1553 1472/2619/1553
f 1449/2577/1554 1456/2590/1554 1455/2589/1554
f 1450/2580/1555 1454/2588/1555 1451/2581/1555
f 1453/2586/1556 1460/2599/1556 1454/2588/1556
f 1459/2598/1557 1456/2591/1557 1460/2599/1557
f 1455/2589/1558 1468/2611/1558 1467/2610/1558
f 1470/2615/1559 1459/2598/1559 1458/2594/1559
f 1469/2614/1560 1472/2619/1560 1471/2618/1560
f 1461/2600/1561 1469/2614/1561 1462/2602/1561
f 1470/2616/1562 1466/2609/1562 1471/2618/1562
f 1463/2603/1563 1466/2609/1563 1465/2607/1563
f 1449/2577/1564 1463/2604/1564 1450/2578/1564
f 1453/2587/1565 1465/2607/1565 1464/2605/1565
f 1467/2610/1566 1449/2577/1566 1455/2589/1566
f 1489/2650/1567 1474/2622/1567 1487/2646/1567
f 1495/2661/1568 1486/2645/1568 1493/2657/1568
f 1494/2659/1569 1477/2629/1569 1488/2649/1569
f 1478/2631/1570 1480/2634/1570 1475/2624/1570
f 1481/2635/1571 1496/2662/1571 1492/2655/1571
f 1473/2620/1572 1474/2621/1572 1475/2625/1572
f 1476/2626/1573 1477/2628/1573 1478/2631/1573
f 1479/2632/1574 1480/2633/1574 1481/2636/1574
f 1482/2639/1575 1483/2640/1575 1484/2642/1575
f 1485/2643/1576 1486/2644/1576 1487/2647/1576
f 1488/2648/1577 1489/2650/1577 1490/2651/1577
f 1491/2653/1578 1492/2654/1578 1493/2656/1578
f 1494/2658/1579 1495/2660/1579 1496/2662/1579
f 1473/2620/1580 1480/2633/1580 1479/2632/1580
f 1474/2623/1581 1478/2631/1581 1475/2624/1581
f 1482/2639/1582 1478/2631/1582 1477/2628/1582
f 1481/2635/1583 1484/2642/1583 1483/2641/1583
f 1491/2653/1584 1481/2636/1584 1492/2654/1584
f 1494/2658/1585 1483/2641/1585 1482/2637/1585
f 1493/2657/1586 1496/2662/1586 1495/2661/1586
f 1485/2643/1587 1493/2657/1587 1486/2645/1587
f 1494/2659/1588 1490/2652/1588 1495/2661/1588
f 1487/2646/1589 1490/2652/1589 1489/2650/1589
f 1473/2620/1590 1487/2647/1590 1474/2621/1590
f 1477/2630/1591 1489/2650/1591 1488/2648/1591
f 1479/2632/1592 1485/2643/1592 1473/2620/1592
f 1511/2689/1593 1500/2670/1593 1498/2664/1593
f 1519/2704/1594 1510/2688/1594 1517/2700/1594
f 1506/2681/1595 1512/2691/1595 1518/2701/1595
f 1502/2674/1596 1504/2677/1596 1499/2667/1596
f 1505/2678/1597 1520/2705/1597 1516/2698/1597
f 1497/2663/1598 1498/2665/1598 1499/2668/1598
f 1500/2669/1599 1501/2671/1599 1502/2674/1599
f 1503/2675/1600 1504/2676/1600 1505/2679/1600
f 1506/2682/1601 1507/2683/1601 1508/2685/1601
f 1509/2686/1602 1510/2687/1602 1511/2690/1602
f 1512/2692/1603 1513/2693/1603 1514/2694/1603
f 1515/2696/1604 1516/2697/1604 1517/2699/1604
f 1518/2702/1605 1519/2703/1605 1520/2705/1605
f 1497/2663/1606 1504/2676/1606 1503/2675/1606
f 1498/2666/1607 1502/2674/1607 1499/2667/1607
f 1506/2682/1608 1502/2674/1608 1501/2671/1608
f 1507/2684/1609 1504/2677/1609 1508/2685/1609
f 1515/2696/1610 1505/2679/1610 1516/2697/1610
f 1518/2702/1611 1507/2684/1611 1506/2680/1611
f 1517/2700/1612 1520/2705/1612 1519/2704/1612
f 1515/2696/1613 1510/2688/1613 1509/2686/1613
f 1512/2691/1614 1519/2704/1614 1518/2701/1614
f 1511/2689/1615 1514/2695/1615 1513/2693/1615
f 1497/2663/1616 1511/2690/1616 1498/2665/1616
f 1512/2692/1617 1500/2670/1617 1513/2693/1617
f 1515/2696/1618 1497/2663/1618 1503/2675/1618
f 1535/2732/1619 1524/2713/1619 1522/2707/1619
f 1543/2747/1620 1534/2731/1620 1541/2743/1620
f 1530/2724/1621 1536/2734/1621 1542/2745/1621
f 1523/2711/1622 1532/2728/1622 1528/2720/1622
f 1531/2727/1623 1540/2741/1623 1529/2721/1623
f 1521/2706/1624 1522/2709/1624 1523/2710/1624
f 1524/2712/1625 1525/2714/1625 1526/2717/1625
f 1527/2718/1626 1528/2719/1626 1529/2722/1626
f 1530/2725/1627 1531/2726/1627 1532/2728/1627
f 1533/2729/1628 1534/2730/1628 1535/2733/1628
f 1536/2735/1629 1537/2736/1629 1538/2737/1629
f 1539/2739/1630 1540/2740/1630 1541/2742/1630
f 1542/2744/1631 1543/2746/1631 1544/2748/1631
f 1521/2706/1632 1528/2719/1632 1527/2718/1632
f 1524/2712/1633 1523/2711/1633 1522/2708/1633
f 1530/2725/1634 1526/2717/1634 1525/2714/1634
f 1531/2727/1635 1528/2720/1635 1532/2728/1635
f 1539/2739/1636 1529/2722/1636 1540/2740/1636
f 1542/2744/1637 1531/2727/1637 1530/2723/1637
f 1543/2747/1638 1540/2741/1638 1544/2748/1638
f 1533/2729/1639 1541/2743/1639 1534/2731/1639
f 1542/2745/1640 1538/2738/1640 1543/2747/1640
f 1535/2732/1641 1538/2738/1641 1537/2736/1641
f 1533/2729/1642 1522/2709/1642 1521/2706/1642
f 1536/2735/1643 1524/2713/1643 1537/2736/1643
f 1527/2718/1644 1533/2729/1644 1521/2706/1644
f 1561/2779/1645 1546/2751/1645 1559/2775/1645
f 1567/2790/1646 1558/2774/1646 1565/2786/1646
f 1554/2767/1647 1560/2777/1647 1566/2787/1647
f 1547/2754/1648 1556/2771/1648 1552/2763/1648
f 1555/2770/1649 1564/2784/1649 1553/2764/1649
f 1545/2749/1650 1546/2752/1650 1547/2753/1650
f 1548/2755/1651 1549/2758/1651 1550/2760/1651
f 1551/2761/1652 1552/2762/1652 1553/2765/1652
f 1554/2768/1653 1555/2769/1653 1556/2771/1653
f 1557/2772/1654 1558/2773/1654 1559/2776/1654
f 1560/2778/1655 1561/2779/1655 1562/2780/1655
f 1563/2782/1656 1564/2783/1656 1565/2785/1656
f 1566/2788/1657 1567/2789/1657 1568/2791/1657
f 1551/2761/1658 1547/2753/1658 1552/2762/1658
f 1548/2755/1659 1547/2754/1659 1546/2750/1659
f 1549/2758/1660 1556/2771/1660 1550/2760/1660
f 1553/2764/1661 1556/2771/1661 1555/2770/1661
f 1551/2761/1662 1564/2783/1662 1563/2782/1662
f 1566/2788/1663 1555/2770/1663 1554/2766/1663
f 1565/2786/1664 1568/2791/1664 1567/2790/1664
f 1563/2782/1665 1558/2774/1665 1557/2772/1665
f 1560/2777/1666 1567/2790/1666 1566/2787/1666
f 1561/2779/1667 1558/2774/1667 1562/2781/1667
f 1557/2772/1668 1546/2752/1668 1545/2749/1668
f 1560/2778/1669 1548/2756/1669 1561/2779/1669
f 1563/2782/1670 1545/2749/1670 1551/2761/1670
f 1585/2822/1671 1570/2793/1671 1583/2818/1671
f 1591/2833/1672 1582/2817/1672 1589/2829/1672
f 1578/2810/1673 1584/2820/1673 1590/2830/1673
f 1574/2803/1674 1576/2806/1674 1571/2796/1674
f 1577/2807/1675 1592/2834/1675 1588/2827/1675
f 1569/2792/1676 1570/2795/1676 1571/2797/1676
f 1572/2798/1677 1573/2800/1677 1574/2803/1677
f 1575/2804/1678 1576/2805/1678 1577/2808/1678
f 1578/2811/1679 1579/2812/1679 1580/2814/1679
f 1581/2815/1680 1582/2816/1680 1583/2819/1680
f 1584/2821/1681 1585/2822/1681 1586/2823/1681
f 1587/2825/1682 1588/2826/1682 1589/2828/1682
f 1590/2831/1683 1591/2832/1683 1592/2834/1683
f 1569/2792/1684 1576/2805/1684 1575/2804/1684
f 1570/2794/1685 1574/2803/1685 1571/2796/1685
f 1578/2811/1686 1574/2803/1686 1573/2800/1686
f 1577/2807/1687 1580/2814/1687 1579/2813/1687
f 1587/2825/1688 1577/2808/1688 1588/2826/1688
f 1590/2831/1689 1579/2813/1689 1578/2809/1689
f 1589/2829/1690 1592/2834/1690 1591/2833/1690
f 1581/2815/1691 1589/2829/1691 1582/2817/1691
f 1584/2820/1692 1591/2833/1692 1590/2830/1692
f 1583/2818/1693 1586/2824/1693 1585/2822/1693
f 1581/2815/1694 1570/2795/1694 1569/2792/1694
f 1584/2821/1695 1572/2799/1695 1585/2822/1695
f 1575/2804/1696 1581/2815/1696 1569/2792/1696
f 1607/2861/1697 1596/2842/1697 1594/2836/1697
f 1615/2876/1698 1606/2860/1698 1613/2872/1698
f 1614/2873/1699 1597/2844/1699 1608/2864/1699
f 1598/2846/1700 1600/2849/1700 1595/2839/1700
f 1603/2856/1701 1612/2870/1701 1601/2850/1701
f 1593/2835/1702 1594/2837/1702 1595/2840/1702
f 1596/2841/1703 1597/2843/1703 1598/2846/1703
f 1599/2847/1704 1600/2848/1704 1601/2851/1704
f 1602/2854/1705 1603/2855/1705 1604/2857/1705
f 1605/2858/1706 1606/2859/1706 1607/2862/1706
f 1608/2863/1707 1609/2865/1707 1610/2866/1707
f 1611/2868/1708 1612/2869/1708 1613/2871/1708
f 1614/2874/1709 1615/2875/1709 1616/2877/1709
f 1599/2847/1710 1595/2840/1710 1600/2848/1710
f 1594/2838/1711 1598/2846/1711 1595/2839/1711
f 1602/2854/1712 1598/2846/1712 1597/2843/1712
f 1601/2850/1713 1604/2857/1713 1603/2856/1713
f 1599/2847/1714 1612/2869/1714 1611/2868/1714
f 1614/2874/1715 1603/2856/1715 1602/2852/1715
f 1615/2876/1716 1612/2870/1716 1616/2877/1716
f 1605/2858/1717 1613/2872/1717 1606/2860/1717
f 1608/2864/1718 1615/2876/1718 1614/2873/1718
f 1607/2861/1719 1610/2867/1719 1609/2865/1719
f 1593/2835/1720 1607/2862/1720 1594/2837/1720
f 1597/2845/1721 1609/2865/1721 1608/2863/1721
f 1599/2847/1722 1605/2858/1722 1593/2835/1722
f 1631/2904/1723 1620/2885/1723 1618/2879/1723
f 1639/2919/1724 1630/2903/1724 1637/2915/1724
f 1638/2917/1725 1621/2886/1725 1632/2906/1725
f 1622/2889/1726 1624/2892/1726 1619/2882/1726
f 1627/2899/1727 1636/2913/1727 1625/2893/1727
f 1617/2878/1728 1618/2880/1728 1619/2883/1728
f 1620/2884/1729 1621/2887/1729 1622/2889/1729
f 1623/2890/1730 1624/2891/1730 1625/2894/1730
f 1626/2897/1731 1627/2898/1731 1628/2900/1731
f 1629/2901/1732 1630/2902/1732 1631/2905/1732
f 1632/2907/1733 1633/2908/1733 1634/2909/1733
f 1635/2911/1734 1636/2912/1734 1637/2914/1734
f 1638/2916/1735 1639/2918/1735 1640/2920/1735
f 1617/2878/1736 1624/2891/1736 1623/2890/1736
f 1618/2881/1737 1622/2889/1737 1619/2882/1737
f 1621/2887/1738 1628/2900/1738 1622/2889/1738
f 1627/2899/1739 1624/2892/1739 1628/2900/1739
f 1623/2890/1740 1636/2912/1740 1635/2911/1740
f 1638/2916/1741 1627/2899/1741 1626/2895/1741
f 1637/2915/1742 1640/2920/1742 1639/2919/1742
f 1629/2901/1743 1637/2915/1743 1630/2903/1743
f 1638/2917/1744 1634/2910/1744 1639/2919/1744
f 1633/2908/1745 1630/2903/1745 1634/2910/1745
f 1617/2878/1746 1631/2905/1746 1618/2880/1746
f 1632/2907/1747 1620/2885/1747 1633/2908/1747
f 1623/2890/1748 1629/2901/1748 1617/2878/1748
f 1655/2947/1749 1644/2928/1749 1642/2922/1749
f 1663/2962/1750 1654/2946/1750 1661/2958/1750
f 1662/2959/1751 1645/2930/1751 1656/2950/1751
f 1643/2925/1752 1652/2943/1752 1648/2935/1752
f 1651/2942/1753 1660/2956/1753 1649/2936/1753
f 1641/2921/1754 1642/2923/1754 1643/2926/1754
f 1644/2927/1755 1645/2929/1755 1646/2932/1755
f 1647/2933/1756 1648/2934/1756 1649/2937/1756
f 1650/2940/1757 1651/2941/1757 1652/2943/1757
f 1653/2944/1758 1654/2945/1758 1655/2948/1758
f 1656/2949/1759 1657/2951/1759 1658/2952/1759
f 1659/2954/1760 1660/2955/1760 1661/2957/1760
f 1662/2960/1761 1663/2961/1761 1664/2963/1761
f 1641/2921/1762 1648/2934/1762 1647/2933/1762
f 1642/2924/1763 1646/2932/1763 1643/2925/1763
f 1650/2940/1764 1646/2932/1764 1645/2929/1764
f 1649/2936/1765 1652/2943/1765 1651/2942/1765
f 1659/2954/1766 1649/2937/1766 1660/2955/1766
f 1662/2960/1767 1651/2942/1767 1650/2938/1767
f 1663/2962/1768 1660/2956/1768 1664/2963/1768
f 1659/2954/1769 1654/2946/1769 1653/2944/1769
f 1656/2950/1770 1663/2962/1770 1662/2959/1770
f 1655/2947/1771 1658/2953/1771 1657/2951/1771
f 1641/2921/1772 1655/2948/1772 1642/2923/1772
f 1645/2931/1773 1657/2951/1773 1656/2949/1773
f 1659/2954/1774 1641/2921/1774 1647/2933/1774
f 1679/2990/1775 1668/2971/1775 1666/2965/1775
f 1687/3005/1776 1678/2989/1776 1685/3001/1776
f 1686/3003/1777 1669/2973/1777 1680/2993/1777
f 1670/2975/1778 1672/2978/1778 1667/2969/1778
f 1675/2985/1779 1684/2999/1779 1673/2979/1779
f 1665/2964/1780 1666/2967/1780 1667/2968/1780
f 1668/2970/1781 1669/2972/1781 1670/2975/1781
f 1671/2976/1782 1672/2977/1782 1673/2980/1782
f 1674/2983/1783 1675/2984/1783 1676/2986/1783
f 1677/2987/1784 1678/2988/1784 1679/2991/1784
f 1680/2992/1785 1681/2994/1785 1682/2995/1785
f 1683/2997/1786 1684/2998/1786 1685/3000/1786
f 1686/3002/1787 1687/3004/1787 1688/3006/1787
f 1665/2964/1788 1672/2977/1788 1671/2976/1788
f 1668/2970/1789 1667/2969/1789 1666/2966/1789
f 1674/2983/1790 1670/2975/1790 1669/2972/1790
f 1675/2985/1791 1672/2978/1791 1676/2986/1791
f 1683/2997/1792 1673/2980/1792 1684/2998/1792
f 1686/3002/1793 1675/2985/1793 1674/2981/1793
f 1685/3001/1794 1688/3006/1794 1687/3005/1794
f 1683/2997/1795 1678/2989/1795 1677/2987/1795
f 1686/3003/1796 1682/2996/1796 1687/3005/1796
f 1681/2994/1797 1678/2989/1797 1682/2996/1797
f 1665/2964/1798 1679/2991/1798 1666/2967/1798
f 1669/2974/1799 1681/2994/1799 1680/2992/1799
f 1683/2997/1800 1665/2964/1800 1671/2976/1800
f 1705/3037/1801 1690/3010/1801 1703/3033/1801
f 1709/3044/1802 1706/3039/1802 1702/3032/1802
f 1710/3045/1803 1693/3016/1803 1704/3036/1803
f 1691/3012/1804 1700/3029/1804 1696/3021/1804
f 1699/3028/1805 1708/3042/1805 1697/3022/1805
f 1689/3007/1806 1690/3009/1806 1691/3011/1806
f 1692/3013/1807 1693/3015/1807 1694/3018/1807
f 1695/3019/1808 1696/3020/1808 1697/3023/1808
f 1698/3025/1809 1699/3027/1809 1700/3029/1809
f 1701/3030/1810 1702/3031/1810 1703/3034/1810
f 1704/3035/1811 1705/3037/1811 1706/3038/1811
f 1707/3040/1812 1708/3041/1812 1709/3043/1812
f 1710/3046/1813 1711/3047/1813 1712/3049/1813
f 1689/3007/1814 1696/3020/1814 1695/3019/1814
f 1692/3013/1815 1691/3012/1815 1690/3008/1815
f 1698/3025/1816 1694/3018/1816 1693/3015/1816
f 1697/3022/1817 1700/3029/1817 1699/3028/1817
f 1695/3019/1818 1708/3041/1818 1707/3040/1818
f 1698/3026/1819 1712/3049/1819 1699/3028/1819
f 1709/3044/1820 1712/3049/1820 1711/3048/1820
f 1701/3030/1821 1709/3044/1821 1702/3032/1821
f 1704/3036/1822 1711/3048/1822 1710/3045/1822
f 1705/3037/1823 1702/3032/1823 1706/3039/1823
f 1689/3007/1824 1703/3034/1824 1690/3009/1824
f 1693/3017/1825 1705/3037/1825 1704/3035/1825
f 1707/3040/1826 1689/3007/1826 1695/3019/1826
f 1729/3080/1827 1714/3052/1827 1727/3076/1827
f 1735/3091/1828 1726/3075/1828 1733/3087/1828
f 1734/3088/1829 1717/3059/1829 1728/3079/1829
f 1718/3061/1830 1720/3064/1830 1715/3055/1830
f 1721/3065/1831 1736/3092/1831 1732/3085/1831
f 1713/3050/1832 1714/3053/1832 1715/3054/1832
f 1716/3056/1833 1717/3058/1833 1718/3061/1833
f 1719/3062/1834 1720/3063/1834 1721/3066/1834
f 1722/3068/1835 1723/3070/1835 1724/3072/1835
f 1725/3073/1836 1726/3074/1836 1727/3077/1836
f 1728/3078/1837 1729/3080/1837 1730/3081/1837
f 1731/3083/1838 1732/3084/1838 1733/3086/1838
f 1734/3089/1839 1735/3090/1839 1736/3092/1839
f 1713/3050/1840 1720/3063/1840 1719/3062/1840
f 1716/3056/1841 1715/3055/1841 1714/3051/1841
f 1722/3068/1842 1718/3061/1842 1717/3058/1842
f 1723/3071/1843 1720/3064/1843 1724/3072/1843
f 1731/3083/1844 1721/3066/1844 1732/3084/1844
f 1722/3069/1845 1736/3092/1845 1723/3071/1845
f 1733/3087/1846 1736/3092/1846 1735/3091/1846
f 1725/3073/1847 1733/3087/1847 1726/3075/1847
f 1728/3079/1848 1735/3091/1848 1734/3088/1848
f 1729/3080/1849 1726/3075/1849 1730/3082/1849
f 1725/3073/1850 1714/3053/1850 1713/3050/1850
f 1717/3060/1851 1729/3080/1851 1728/3078/1851
f 1719/3062/1852 1725/3073/1852 1713/3050/1852
f 1753/3123/1853 1738/3096/1853 1751/3119/1853
f 1759/3134/1854 1750/3118/1854 1757/3130/1854
f 1746/3111/1855 1752/3121/1855 1758/3131/1855
f 1742/3104/1856 1744/3107/1856 1739/3098/1856
f 1747/3114/1857 1756/3128/1857 1745/3108/1857
f 1737/3093/1858 1738/3095/1858 1739/3097/1858
f 1740/3099/1859 1741/3101/1859 1742/3104/1859
f 1743/3105/1860 1744/3106/1860 1745/3109/1860
f 1746/3112/1861 1747/3113/1861 1748/3115/1861
f 1749/3116/1862 1750/3117/1862 1751/3120/1862
f 1752/3122/1863 1753/3123/1863 1754/3124/1863
f 1755/3126/1864 1756/3127/1864 1757/3129/1864
f 1758/3132/1865 1759/3133/1865 1760/3135/1865
f 1743/3105/1866 1739/3097/1866 1744/3106/1866
f 1740/3099/1867 1739/3098/1867 1738/3094/1867
f 1746/3112/1868 1742/3104/1868 1741/3101/1868
f 1747/3114/1869 1744/3107/1869 1748/3115/1869
f 1755/3126/1870 1745/3109/1870 1756/3127/1870
f 1758/3132/1871 1747/3114/1871 1746/3110/1871
f 1759/3134/1872 1756/3128/1872 1760/3135/1872
f 1755/3126/1873 1750/3118/1873 1749/3116/1873
f 1752/3121/1874 1759/3134/1874 1758/3131/1874
f 1753/3123/1875 1750/3118/1875 1754/3125/1875
f 1737/3093/1876 1751/3120/1876 1738/3095/1876
f 1752/3122/1877 1740/3100/1877 1753/3123/1877
f 1755/3126/1878 1737/3093/1878 1743/3105/1878
f 1777/3166/7 1762/3137/7 1775/3162/7
f 1783/3177/8 1774/3161/8 1781/3173/8
f 1770/3153/9 1776/3165/9 1782/3174/9
f 1763/3140/1879 1772/3158/1879 1768/3150/1879
f 1771/3157/11 1780/3171/11 1769/3151/11
f 1761/3136/12 1762/3139/12 1763/3141/12
f 1764/3142/13 1765/3145/13 1766/3147/13
f 1767/3148/14 1768/3149/14 1769/3152/14
f 1770/3154/1880 1771/3156/1880 1772/3158/1880
f 1773/3159/1881 1774/3160/1881 1775/3163/1881
f 1776/3164/17 1777/3166/17 1778/3167/17
f 1779/3169/18 1780/3170/18 1781/3172/18
f 1782/3175/19 1783/3176/19 1784/3178/19
f 1767/3148/20 1763/3141/20 1768/3149/20
f 1762/3138/1882 1766/3147/1882 1763/3140/1882
f 1765/3145/22 1772/3158/22 1766/3147/22
f 1771/3157/1883 1768/3150/1883 1772/3158/1883
f 1767/3148/24 1780/3170/24 1779/3169/24
f 1770/3155/25 1784/3178/25 1771/3157/25
f 1783/3177/1884 1780/3171/1884 1784/3178/1884
f 1779/3169/1885 1774/3161/1885 1773/3159/1885
f 1776/3165/28 1783/3177/28 1782/3174/28
f 1775/3162/1886 1778/3168/1886 1777/3166/1886
f 1773/3159/1887 1762/3139/1887 1761/3136/1887
f 1765/3146/31 1777/3166/31 1776/3164/31
f 1767/3148/32 1773/3159/32 1761/3136/32
f 1801/3209/33 1786/3180/33 1799/3205/33
f 1807/3220/34 1798/3204/34 1805/3216/34
f 1806/3218/35 1789/3187/35 1800/3208/35
f 1790/3190/36 1792/3193/36 1787/3183/36
f 1793/3194/37 1808/3221/37 1804/3214/37
f 1785/3179/38 1786/3182/38 1787/3184/38
f 1788/3185/39 1789/3188/39 1790/3190/39
f 1791/3191/40 1792/3192/40 1793/3195/40
f 1794/3198/41 1795/3199/41 1796/3201/41
f 1797/3202/42 1798/3203/42 1799/3206/42
f 1800/3207/43 1801/3209/43 1802/3210/43
f 1803/3212/44 1804/3213/44 1805/3215/44
f 1806/3217/45 1807/3219/45 1808/3221/45
f 1785/3179/46 1792/3192/46 1791/3191/46
f 1786/3181/47 1790/3190/47 1787/3183/47
f 1789/3188/48 1796/3201/48 1790/3190/48
f 1793/3194/49 1796/3201/49 1795/3200/49
f 1803/3212/1888 1793/3195/1888 1804/3213/1888
f 1806/3217/51 1795/3200/51 1794/3196/51
f 1805/3216/1889 1808/3221/1889 1807/3220/1889
f 1803/3212/53 1798/3204/53 1797/3202/53
f 1806/3218/54 1802/3211/54 1807/3220/54
f 1801/3209/1890 1798/3204/1890 1802/3211/1890
f 1797/3202/1891 1786/3182/1891 1785/3179/1891
f 1789/3189/57 1801/3209/57 1800/3207/57
f 1791/3191/58 1797/3202/58 1785/3179/58
f 1825/3252/59 1810/3223/59 1823/3248/59
f 1831/3263/60 1822/3247/60 1829/3259/60
f 1818/3240/61 1824/3250/61 1830/3260/61
f 1814/3233/62 1816/3236/62 1811/3226/62
f 1817/3237/63 1832/3264/63 1828/3257/63
f 1809/3222/1892 1810/3225/1892 1811/3227/1892
f 1812/3228/65 1813/3230/65 1814/3233/65
f 1815/3234/1893 1816/3235/1893 1817/3238/1893
f 1818/3241/67 1819/3242/67 1820/3244/67
f 1821/3245/1894 1822/3246/1894 1823/3249/1894
f 1824/3251/1895 1825/3252/1895 1826/3253/1895
f 1827/3255/70 1828/3256/70 1829/3258/70
f 1830/3261/71 1831/3262/71 1832/3264/71
f 1815/3234/72 1811/3227/72 1816/3235/72
f 1810/3224/73 1814/3233/73 1811/3226/73
f 1818/3241/1896 1814/3233/1896 1813/3230/1896
f 1817/3237/75 1820/3244/75 1819/3243/75
f 1827/3255/1897 1817/3238/1897 1828/3256/1897
f 1830/3261/77 1819/3243/77 1818/3239/77
f 1831/3263/78 1828/3257/78 1832/3264/78
f 1821/3245/1898 1829/3259/1898 1822/3247/1898
f 1824/3250/80 1831/3263/80 1830/3260/80
f 1825/3252/81 1822/3247/81 1826/3254/81
f 1821/3245/1899 1810/3225/1899 1809/3222/1899
f 1824/3251/83 1812/3229/83 1825/3252/83
f 1827/3255/84 1809/3222/84 1815/3234/84
f 1847/3291/85 1836/3272/85 1834/3266/85
f 1853/3302/86 1850/3297/86 1846/3290/86
f 1854/3304/87 1837/3274/87 1848/3294/87
f 1835/3269/88 1844/3287/88 1840/3279/88
f 1843/3286/89 1852/3300/89 1841/3280/89
f 1833/3265/90 1834/3267/90 1835/3270/90
f 1836/3271/91 1837/3273/91 1838/3276/91
f 1839/3277/92 1840/3278/92 1841/3281/92
f 1842/3284/93 1843/3285/93 1844/3287/93
f 1845/3288/1900 1846/3289/1900 1847/3292/1900
f 1848/3293/95 1849/3295/95 1850/3296/95
f 1851/3298/96 1852/3299/96 1853/3301/96
f 1854/3303/1901 1855/3305/1901 1856/3307/1901
f 1839/3277/98 1835/3270/98 1840/3278/98
f 1834/3268/99 1838/3276/99 1835/3269/99
f 1842/3284/100 1838/3276/100 1837/3273/100
f 1843/3286/1902 1840/3279/1902 1844/3287/1902
f 1839/3277/102 1852/3299/102 1851/3298/102
f 1854/3303/103 1843/3286/103 1842/3282/103
f 1853/3302/104 1856/3307/104 1855/3306/104
f 1845/3288/105 1853/3302/105 1846/3290/105
f 1854/3304/1903 1850/3297/1903 1855/3306/1903
f 1849/3295/107 1846/3290/107 1850/3297/107
f 1833/3265/108 1847/3292/108 1834/3267/108
f 1837/3275/109 1849/3295/109 1848/3293/109
f 1851/3298/110 1833/3265/110 1839/3277/110
f 1871/3334/111 1860/3315/111 1858/3309/111
f 1877/3345/112 1874/3340/112 1870/3333/112
f 1866/3326/113 1872/3337/113 1878/3347/113
f 1862/3319/114 1864/3322/114 1859/3313/114
f 1865/3323/1904 1880/3350/1904 1876/3343/1904
f 1857/3308/116 1858/3311/116 1859/3312/116
f 1860/3314/1905 1861/3316/1905 1862/3319/1905
f 1863/3320/118 1864/3321/118 1865/3324/118
f 1866/3327/119 1867/3328/119 1868/3330/119
f 1869/3331/120 1870/3332/120 1871/3335/120
f 1872/3336/121 1873/3338/121 1874/3339/121
f 1875/3341/1906 1876/3342/1906 1877/3344/1906
f 1878/3346/123 1879/3348/123 1880/3350/123
f 1863/3320/124 1859/3312/124 1864/3321/124
f 1860/3314/125 1859/3313/125 1858/3310/125
f 1866/3327/126 1862/3319/126 1861/3316/126
f 1867/3329/127 1864/3322/127 1868/3330/127
f 1875/3341/1907 1865/3324/1907 1876/3342/1907
f 1878/3346/129 1867/3329/129 1866/3325/129
f 1877/3345/130 1880/3350/130 1879/3349/130
f 1869/3331/131 1877/3345/131 1870/3333/131
f 1878/3347/132 1874/3340/132 1879/3349/132
f 1871/3334/133 1874/3340/133 1873/3338/133
f 1857/3308/134 1871/3335/134 1858/3311/134
f 1861/3318/1908 1873/3338/1908 1872/3336/1908
f 1863/3320/136 1869/3331/136 1857/3308/136
f 1897/3381/137 1882/3352/137 1895/3377/137
f 1901/3388/138 1898/3383/138 1894/3376/138
f 1890/3368/139 1896/3380/139 1902/3389/139
f 1886/3362/140 1888/3365/140 1883/3355/140
f 1889/3366/1909 1904/3393/1909 1900/3386/1909
f 1881/3351/1910 1882/3354/1910 1883/3356/1910
f 1884/3357/143 1885/3359/143 1886/3362/143
f 1887/3363/144 1888/3364/144 1889/3367/144
f 1890/3369/1911 1891/3371/1911 1892/3373/1911
f 1893/3374/146 1894/3375/146 1895/3378/146
f 1896/3379/147 1897/3381/147 1898/3382/147
f 1899/3384/1912 1900/3385/1912 1901/3387/1912
f 1902/3390/1913 1903/3391/1913 1904/3393/1913
f 1887/3363/150 1883/3356/150 1888/3364/150
f 1882/3353/151 1886/3362/151 1883/3355/151
f 1890/3369/152 1886/3362/152 1885/3359/152
f 1889/3366/153 1892/3373/153 1891/3372/153
f 1899/3384/154 1889/3367/154 1900/3385/154
f 1890/3370/1914 1904/3393/1914 1891/3372/1914
f 1901/3388/1915 1904/3393/1915 1903/3392/1915
f 1899/3384/157 1894/3376/157 1893/3374/157
f 1896/3380/1916 1903/3392/1916 1902/3389/1916
f 1895/3377/159 1898/3383/159 1897/3381/159
f 1893/3374/1917 1882/3354/1917 1881/3351/1917
f 1885/3361/161 1897/3381/161 1896/3379/161
f 1887/3363/162 1893/3374/162 1881/3351/162
f 1921/3424/163 1906/3396/163 1919/3420/163
f 1925/3431/164 1922/3426/164 1918/3419/164
f 1914/3411/165 1920/3423/165 1926/3432/165
f 1910/3405/166 1912/3408/166 1907/3398/166
f 1913/3409/167 1928/3436/167 1924/3429/167
f 1905/3394/1918 1906/3395/1918 1907/3399/1918
f 1908/3400/169 1909/3402/169 1910/3405/169
f 1911/3406/170 1912/3407/170 1913/3410/170
f 1914/3412/1919 1915/3414/1919 1916/3416/1919
f 1917/3417/1920 1918/3418/1920 1919/3421/1920
f 1920/3422/173 1921/3424/173 1922/3425/173
f 1923/3427/174 1924/3428/174 1925/3430/174
f 1926/3433/175 1927/3434/175 1928/3436/175
f 1905/3394/176 1912/3407/176 1911/3406/176
f 1906/3397/177 1910/3405/177 1907/3398/177
f 1914/3412/178 1910/3405/178 1909/3402/178
f 1915/3415/1921 1912/3408/1921 1916/3416/1921
f 1923/3427/180 1913/3410/180 1924/3428/180
f 1914/3413/1922 1928/3436/1922 1915/3415/1922
f 1925/3431/182 1928/3436/182 1927/3435/182
f 1923/3427/183 1918/3419/183 1917/3417/183
f 1920/3423/184 1927/3435/184 1926/3432/184
f 1919/3420/185 1922/3426/185 1921/3424/185
f 1905/3394/1923 1919/3421/1923 1906/3395/1923
f 1909/3404/187 1921/3424/187 1920/3422/187
f 1923/3427/1924 1905/3394/1924 1911/3406/1924
f 1943/3463/189 1932/3444/189 1930/3438/189
f 1951/3478/190 1942/3462/190 1949/3474/190
f 1938/3454/191 1944/3466/191 1950/3475/191
f 1934/3448/192 1936/3451/192 1931/3442/192
f 1939/3458/193 1948/3472/193 1937/3452/193
f 1929/3437/194 1930/3440/194 1931/3441/194
f 1932/3443/1925 1933/3445/1925 1934/3448/1925
f 1935/3449/196 1936/3450/196 1937/3453/196
f 1938/3455/197 1939/3457/197 1940/3459/197
f 1941/3460/198 1942/3461/198 1943/3464/198
f 1944/3465/1926 1945/3467/1926 1946/3468/1926
f 1947/3470/200 1948/3471/200 1949/3473/200
f 1950/3476/201 1951/3477/201 1952/3479/201
f 1929/3437/1927 1936/3450/1927 1935/3449/1927
f 1932/3443/203 1931/3442/203 1930/3439/203
f 1938/3455/1928 1934/3448/1928 1933/3445/1928
f 1937/3452/205 1940/3459/205 1939/3458/205
f 1935/3449/206 1948/3471/206 1947/3470/206
f 1938/3456/1929 1952/3479/1929 1939/3458/1929
f 1951/3478/208 1948/3472/208 1952/3479/208
f 1941/3460/209 1949/3474/209 1942/3462/209
f 1944/3466/210 1951/3478/210 1950/3475/210
f 1945/3467/211 1942/3462/211 1946/3469/211
f 1929/3437/212 1943/3464/212 1930/3440/212
f 1933/3447/213 1945/3467/213 1944/3465/213
f 1947/3470/214 1929/3437/214 1935/3449/214
f 1969/3510/215 1954/3482/215 1967/3506/215
f 1975/3521/216 1966/3505/216 1973/3517/216
f 1974/3519/217 1957/3489/217 1968/3509/217
f 1955/3485/218 1964/3502/218 1960/3494/218
f 1961/3495/219 1976/3522/219 1972/3515/219
f 1953/3480/220 1954/3483/220 1955/3484/220
f 1956/3486/221 1957/3488/221 1958/3491/221
f 1959/3492/222 1960/3493/222 1961/3496/222
f 1962/3499/223 1963/3500/223 1964/3502/223
f 1965/3503/224 1966/3504/224 1967/3507/224
f 1968/3508/225 1969/3510/225 1970/3511/225
f 1971/3513/226 1972/3514/226 1973/3516/226
f 1974/3518/227 1975/3520/227 1976/3522/227
f 1959/3492/228 1955/3484/228 1960/3493/228
f 1956/3486/229 1955/3485/229 1954/3481/229
f 1962/3499/1930 1958/3491/1930 1957/3488/1930
f 1961/3495/231 1964/3502/231 1963/3501/231
f 1971/3513/232 1961/3496/232 1972/3514/232
f 1974/3518/233 1963/3501/233 1962/3497/233
f 1973/3517/1931 1976/3522/1931 1975/3521/1931
f 1965/3503/235 1973/3517/235 1966/3505/235
f 1974/3519/236 1970/3512/236 1975/3521/236
f 1967/3506/1932 1970/3512/1932 1969/3510/1932
f 1965/3503/238 1954/3483/238 1953/3480/238
f 1957/3490/239 1969/3510/239 1968/3508/239
f 1971/3513/240 1953/3480/240 1959/3492/240
f 1993/3553/241 1978/3525/241 1991/3549/241
f 1999/3564/242 1990/3548/242 1997/3560/242
f 1998/3561/243 1981/3531/243 1992/3551/243
f 1982/3534/244 1984/3537/244 1979/3528/244
f 1987/3544/245 1996/3558/245 1985/3538/245
f 1977/3523/246 1978/3526/246 1979/3527/246
f 1980/3529/247 1981/3532/247 1982/3534/247
f 1983/3535/1933 1984/3536/1933 1985/3539/1933
f 1986/3541/249 1987/3543/249 1988/3545/249
f 1989/3546/250 1990/3547/250 1991/3550/250
f 1992/3552/251 1993/3553/251 1994/3554/251
f 1995/3556/252 1996/3557/252 1997/3559/252
f 1998/3562/253 1999/3563/253 2000/3565/253
f 1983/3535/1934 1979/3527/1934 1984/3536/1934
f 1980/3529/255 1979/3528/255 1978/3524/255
f 1981/3532/256 1988/3545/256 1982/3534/256
f 1987/3544/257 1984/3537/257 1988/3545/257
f 1995/3556/258 1985/3539/258 1996/3557/258
f 1986/3542/259 2000/3565/259 1987/3544/259
f 1999/3564/260 1996/3558/260 2000/3565/260
f 1989/3546/261 1997/3560/261 1990/3548/261
f 1992/3551/262 1999/3564/262 1998/3561/262
f 1993/3553/1935 1990/3548/1935 1994/3555/1935
f 1989/3546/264 1978/3526/264 1977/3523/264
f 1992/3552/265 1980/3530/265 1993/3553/265
f 1995/3556/266 1977/3523/266 1983/3535/266
f 2017/3596/267 2002/3568/267 2015/3592/267
f 2021/3603/268 2018/3598/268 2014/3591/268
f 2010/3584/269 2016/3594/269 2022/3605/269
f 2006/3577/270 2008/3580/270 2003/3570/270
f 2009/3581/271 2024/3608/271 2020/3601/271
f 2001/3566/272 2002/3567/272 2003/3571/272
f 2004/3572/273 2005/3575/273 2006/3577/273
f 2007/3578/1936 2008/3579/1936 2009/3582/1936
f 2010/3585/275 2011/3586/275 2012/3588/275
f 2013/3589/1937 2014/3590/1937 2015/3593/1937
f 2016/3595/1938 2017/3596/1938 2018/3597/1938
f 2019/3599/278 2020/3600/278 2021/3602/278
f 2022/3604/279 2023/3606/279 2024/3608/279
f 2001/3566/280 2008/3579/280 2007/3578/280
f 2002/3569/1939 2006/3577/1939 2003/3570/1939
f 2005/3575/282 2012/3588/282 2006/3577/282
f 2011/3587/1940 2008/3580/1940 2012/3588/1940
f 2007/3578/284 2020/3600/284 2019/3599/284
f 2022/3604/285 2011/3587/285 2010/3583/285
f 2021/3603/1941 2024/3608/1941 2023/3607/1941
f 2019/3599/287 2014/3591/287 2013/3589/287
f 2022/3605/288 2018/3598/288 2023/3607/288
f 2017/3596/289 2014/3591/289 2018/3598/289
f 2001/3566/290 2015/3593/290 2002/3567/290
f 2016/3595/291 2004/3573/291 2017/3596/291
f 2019/3599/292 2001/3566/292 2007/3578/292
f 2041/3639/293 2026/3610/293 2039/3635/293
f 2047/3650/294 2038/3634/294 2045/3646/294
f 2034/3627/295 2040/3637/295 2046/3647/295
f 2027/3613/296 2036/3631/296 2032/3623/296
f 2033/3624/297 2048/3651/297 2044/3644/297
f 2025/3609/298 2026/3612/298 2027/3614/298
f 2028/3615/299 2029/3618/299 2030/3620/299
f 2031/3621/300 2032/3622/300 2033/3625/300
f 2034/3628/301 2035/3629/301 2036/3631/301
f 2037/3632/302 2038/3633/302 2039/3636/302
f 2040/3638/303 2041/3639/303 2042/3640/303
f 2043/3642/304 2044/3643/304 2045/3645/304
f 2046/3648/305 2047/3649/305 2048/3651/305
f 2025/3609/306 2032/3622/306 2031/3621/306
f 2026/3611/307 2030/3620/307 2027/3613/307
f 2029/3618/308 2036/3631/308 2030/3620/308
f 2035/3630/1942 2032/3623/1942 2036/3631/1942
f 2031/3621/310 2044/3643/310 2043/3642/310
f 2046/3648/1943 2035/3630/1943 2034/3626/1943
f 2045/3646/312 2048/3651/312 2047/3650/312
f 2043/3642/313 2038/3634/313 2037/3632/313
f 2040/3637/314 2047/3650/314 2046/3647/314
f 2041/3639/1944 2038/3634/1944 2042/3641/1944
f 2037/3632/1945 2026/3612/1945 2025/3609/1945
f 2040/3638/1946 2028/3616/1946 2041/3639/1946
f 2031/3621/318 2037/3632/318 2025/3609/318
f 2063/3678/319 2052/3659/319 2050/3653/319
f 2071/3693/320 2062/3677/320 2069/3689/320
f 2070/3690/321 2053/3660/321 2064/3681/321
f 2051/3657/322 2060/3674/322 2056/3666/322
f 2059/3673/323 2068/3687/323 2057/3667/323
f 2049/3652/324 2050/3655/324 2051/3656/324
f 2052/3658/1947 2053/3661/1947 2054/3663/1947
f 2055/3664/326 2056/3665/326 2057/3668/326
f 2058/3671/327 2059/3672/327 2060/3674/327
f 2061/3675/328 2062/3676/328 2063/3679/328
f 2064/3680/329 2065/3682/329 2066/3683/329
f 2067/3685/1948 2068/3686/1948 2069/3688/1948
f 2070/3691/331 2071/3692/331 2072/3694/331
f 2055/3664/332 2051/3656/332 2056/3665/332
f 2052/3658/333 2051/3657/333 2050/3654/333
f 2053/3661/334 2060/3674/334 2054/3663/334
f 2059/3673/335 2056/3666/335 2060/3674/335
f 2067/3685/336 2057/3668/336 2068/3686/336
f 2070/3691/337 2059/3673/337 2058/3669/337
f 2071/3693/338 2068/3687/338 2072/3694/338
f 2061/3675/339 2069/3689/339 2062/3677/339
f 2064/3681/340 2071/3693/340 2070/3690/340
f 2063/3678/1949 2066/3684/1949 2065/3682/1949
f 2061/3675/342 2050/3655/342 2049/3652/342
f 2053/3662/343 2065/3682/343 2064/3680/343
f 2055/3664/344 2061/3675/344 2049/3652/344
f 2087/3721/345 2076/3702/345 2074/3696/345
f 2095/3736/346 2086/3720/346 2093/3732/346
f 2082/3712/347 2088/3724/347 2094/3733/347
f 2078/3706/348 2080/3709/348 2075/3700/348
f 2081/3710/349 2096/3737/349 2092/3730/349
f 2073/3695/350 2074/3698/350 2075/3699/350
f 2076/3701/1950 2077/3703/1950 2078/3706/1950
f 2079/3707/352 2080/3708/352 2081/3711/352
f 2082/3713/1951 2083/3715/1951 2084/3717/1951
f 2085/3718/1952 2086/3719/1952 2087/3722/1952
f 2088/3723/355 2089/3725/355 2090/3726/355
f 2091/3728/1953 2092/3729/1953 2093/3731/1953
f 2094/3734/357 2095/3735/357 2096/3737/357
f 2073/3695/358 2080/3708/358 2079/3707/358
f 2076/3701/359 2075/3700/359 2074/3697/359
f 2082/3713/360 2078/3706/360 2077/3703/360
f 2081/3710/1954 2084/3717/1954 2083/3716/1954
f 2091/3728/1955 2081/3711/1955 2092/3729/1955
f 2082/3714/363 2096/3737/363 2083/3716/363
f 2093/3732/364 2096/3737/364 2095/3736/364
f 2091/3728/365 2086/3720/365 2085/3718/365
f 2088/3724/366 2095/3736/366 2094/3733/366
f 2087/3721/367 2090/3727/367 2089/3725/367
f 2085/3718/368 2074/3698/368 2073/3695/368
f 2077/3705/369 2089/3725/369 2088/3723/369
f 2079/3707/370 2085/3718/370 2073/3695/370
f 2113/3768/371 2098/3739/371 2111/3764/371
f 2117/3775/1956 2114/3770/1956 2110/3763/1956
f 2106/3755/373 2112/3766/373 2118/3776/373
f 2102/3749/1957 2104/3752/1957 2099/3742/1957
f 2105/3753/375 2120/3780/375 2116/3773/375
f 2097/3738/376 2098/3741/376 2099/3743/376
f 2100/3744/377 2101/3746/377 2102/3749/377
f 2103/3750/378 2104/3751/378 2105/3754/378
f 2106/3756/1958 2107/3758/1958 2108/3760/1958
f 2109/3761/1959 2110/3762/1959 2111/3765/1959
f 2112/3767/1960 2113/3768/1960 2114/3769/1960
f 2115/3771/382 2116/3772/382 2117/3774/382
f 2118/3777/383 2119/3778/383 2120/3780/383
f 2103/3750/384 2099/3743/384 2104/3751/384
f 2098/3740/385 2102/3749/385 2099/3742/385
f 2106/3756/1961 2102/3749/1961 2101/3746/1961
f 2107/3759/1962 2104/3752/1962 2108/3760/1962
f 2103/3750/388 2116/3772/388 2115/3771/388
f 2106/3757/1963 2120/3780/1963 2107/3759/1963
f 2117/3775/390 2120/3780/390 2119/3779/390
f 2115/3771/391 2110/3763/391 2109/3761/391
f 2112/3766/392 2119/3779/392 2118/3776/392
f 2111/3764/1964 2114/3770/1964 2113/3768/1964
f 2109/3761/394 2098/3741/394 2097/3738/394
f 2112/3767/395 2100/3745/395 2113/3768/395
f 2103/3750/396 2109/3761/396 2097/3738/396
f 2135/3807/397 2124/3788/397 2122/3782/397
f 2143/3822/398 2134/3806/398 2141/3818/398
f 2142/3819/399 2125/3789/399 2136/3810/399
f 2123/3785/400 2132/3803/400 2128/3795/400
f 2129/3796/401 2144/3823/401 2140/3816/401
f 2121/3781/402 2122/3784/402 2123/3786/402
f 2124/3787/403 2125/3790/403 2126/3792/403
f 2127/3793/1965 2128/3794/1965 2129/3797/1965
f 2130/3800/1966 2131/3801/1966 2132/3803/1966
f 2133/3804/1967 2134/3805/1967 2135/3808/1967
f 2136/3809/407 2137/3811/407 2138/3812/407
f 2139/3814/408 2140/3815/408 2141/3817/408
f 2142/3820/409 2143/3821/409 2144/3823/409
f 2127/3793/410 2123/3786/410 2128/3794/410
f 2122/3783/1968 2126/3792/1968 2123/3785/1968
f 2125/3790/412 2132/3803/412 2126/3792/412
f 2129/3796/413 2132/3803/413 2131/3802/413
f 2139/3814/414 2129/3797/414 2140/3815/414
f 2142/3820/415 2131/3802/415 2130/3798/415
f 2143/3822/416 2140/3816/416 2144/3823/416
f 2133/3804/417 2141/3818/417 2134/3806/417
f 2136/3810/418 2143/3822/418 2142/3819/418
f 2137/3811/419 2134/3806/419 2138/3813/419
f 2133/3804/420 2122/3784/420 2121/3781/420
f 2125/3791/421 2137/3811/421 2136/3809/421
f 2139/3814/422 2121/3781/422 2127/3793/422
f 2161/3854/1969 2146/3826/1969 2159/3850/1969
f 2167/3865/424 2158/3849/424 2165/3861/424
f 2166/3862/425 2149/3832/425 2160/3853/425
f 2147/3828/426 2156/3846/426 2152/3838/426
f 2153/3839/427 2168/3866/427 2164/3859/427
f 2145/3824/1970 2146/3825/1970 2147/3829/1970
f 2148/3830/429 2149/3833/429 2150/3835/429
f 2151/3836/430 2152/3837/430 2153/3840/430
f 2154/3843/431 2155/3844/431 2156/3846/431
f 2157/3847/1971 2158/3848/1971 2159/3851/1971
f 2160/3852/1972 2161/3854/1972 2162/3855/1972
f 2163/3857/434 2164/3858/434 2165/3860/434
f 2166/3863/1973 2167/3864/1973 2168/3866/1973
f 2145/3824/436 2152/3837/436 2151/3836/436
f 2146/3827/437 2150/3835/437 2147/3828/437
f 2149/3833/438 2156/3846/438 2150/3835/438
f 2153/3839/439 2156/3846/439 2155/3845/439
f 2163/3857/440 2153/3840/440 2164/3858/440
f 2166/3863/441 2155/3845/441 2154/3841/441
f 2165/3861/442 2168/3866/442 2167/3865/442
f 2163/3857/443 2158/3849/443 2157/3847/443
f 2160/3853/444 2167/3865/444 2166/3862/444
f 2161/3854/445 2158/3849/445 2162/3856/445
f 2145/3824/446 2159/3851/446 2146/3825/446
f 2149/3834/447 2161/3854/447 2160/3852/447
f 2163/3857/448 2145/3824/448 2151/3836/448
f 2183/3893/449 2172/3874/449 2170/3868/449
f 2189/3904/450 2186/3899/450 2182/3892/450
f 2178/3884/451 2184/3896/451 2190/3906/451
f 2174/3878/452 2176/3881/452 2171/3872/452
f 2179/3888/453 2188/3902/453 2177/3882/453
f 2169/3867/454 2170/3870/454 2171/3871/454
f 2172/3873/1974 2173/3876/1974 2174/3878/1974
f 2175/3879/1975 2176/3880/1975 2177/3883/1975
f 2178/3885/1976 2179/3887/1976 2180/3889/1976
f 2181/3890/1977 2182/3891/1977 2183/3894/1977
f 2184/3895/1978 2185/3897/1978 2186/3898/1978
f 2187/3900/460 2188/3901/460 2189/3903/460
f 2190/3905/461 2191/3907/461 2192/3909/461
f 2169/3867/462 2176/3880/462 2175/3879/462
f 2172/3873/463 2171/3872/463 2170/3869/463
f 2173/3876/464 2180/3889/464 2174/3878/464
f 2179/3888/465 2176/3881/465 2180/3889/465
f 2175/3879/466 2188/3901/466 2187/3900/466
f 2178/3886/467 2192/3909/467 2179/3888/467
f 2191/3908/468 2188/3902/468 2192/3909/468
f 2187/3900/469 2182/3892/469 2181/3890/469
f 2190/3906/470 2186/3899/470 2191/3908/470
f 2183/3893/1979 2186/3899/1979 2185/3897/1979
f 2169/3867/472 2183/3894/472 2170/3870/472
f 2173/3877/473 2185/3897/473 2184/3895/473
f 2175/3879/474 2181/3890/474 2169/3867/474
f 2207/3936/475 2196/3917/475 2194/3911/475
f 2215/3951/476 2206/3935/476 2213/3947/476
f 2202/3927/477 2208/3938/477 2214/3948/477
f 2195/3915/478 2204/3932/478 2200/3924/478
f 2201/3925/479 2216/3952/479 2212/3945/479
f 2193/3910/480 2194/3913/480 2195/3914/480
f 2196/3916/1980 2197/3919/1980 2198/3921/1980
f 2199/3922/482 2200/3923/482 2201/3926/482
f 2202/3928/483 2203/3930/483 2204/3932/483
f 2205/3933/1981 2206/3934/1981 2207/3937/1981
f 2208/3939/485 2209/3940/485 2210/3941/485
f 2211/3943/486 2212/3944/486 2213/3946/486
f 2214/3949/487 2215/3950/487 2216/3952/487
f 2199/3922/488 2195/3914/488 2200/3923/488
f 2196/3916/489 2195/3915/489 2194/3912/489
f 2197/3919/490 2204/3932/490 2198/3921/490
f 2203/3931/1982 2200/3924/1982 2204/3932/1982
f 2211/3943/492 2201/3926/492 2212/3944/492
f 2202/3929/493 2216/3952/493 2203/3931/493
f 2213/3947/494 2216/3952/494 2215/3951/494
f 2211/3943/495 2206/3935/495 2205/3933/495
f 2208/3938/1983 2215/3951/1983 2214/3948/1983
f 2209/3940/497 2206/3935/497 2210/3942/497
f 2193/3910/498 2207/3937/498 2194/3913/498
f 2208/3939/1984 2196/3917/1984 2209/3940/1984
f 2211/3943/500 2193/3910/500 2199/3922/500
f 2233/3983/501 2218/3954/501 2231/3979/501
f 2239/3994/502 2230/3978/502 2237/3990/502
f 2238/3992/503 2221/3961/503 2232/3982/503
f 2219/3957/504 2228/3975/504 2224/3967/504
f 2225/3968/1985 2240/3995/1985 2236/3988/1985
f 2217/3953/506 2218/3956/506 2219/3958/506
f 2220/3959/507 2221/3962/507 2222/3964/507
f 2223/3965/1986 2224/3966/1986 2225/3969/1986
f 2226/3972/1987 2227/3973/1987 2228/3975/1987
f 2229/3976/510 2230/3977/510 2231/3980/510
f 2232/3981/1988 2233/3983/1988 2234/3984/1988
f 2235/3986/512 2236/3987/512 2237/3989/512
f 2238/3991/513 2239/3993/513 2240/3995/513
f 2217/3953/514 2224/3966/514 2223/3965/514
f 2218/3955/515 2222/3964/515 2219/3957/515
f 2221/3962/516 2228/3975/516 2222/3964/516
f 2225/3968/1989 2228/3975/1989 2227/3974/1989
f 2235/3986/518 2225/3969/518 2236/3987/518
f 2238/3991/1990 2227/3974/1990 2226/3970/1990
f 2239/3994/520 2236/3988/520 2240/3995/520
f 2235/3986/521 2230/3978/521 2229/3976/521
f 2238/3992/522 2234/3985/522 2239/3994/522
f 2233/3983/523 2230/3978/523 2234/3985/523
f 2229/3976/1991 2218/3956/1991 2217/3953/1991
f 2221/3963/525 2233/3983/525 2232/3981/525
f 2235/3986/526 2217/3953/526 2223/3965/526
f 2255/4022/527 2244/4003/527 2242/3997/527
f 2263/4037/528 2254/4021/528 2261/4033/528
f 2262/4035/529 2245/4004/529 2256/4024/529
f 2246/4007/530 2248/4010/530 2243/4001/530
f 2251/4017/531 2260/4031/531 2249/4011/531
f 2241/3996/1992 2242/3999/1992 2243/4000/1992
f 2244/4002/1993 2245/4005/1993 2246/4007/1993
f 2247/4008/1994 2248/4009/1994 2249/4012/1994
f 2250/4015/535 2251/4016/535 2252/4018/535
f 2253/4019/536 2254/4020/536 2255/4023/536
f 2256/4025/1995 2257/4026/1995 2258/4027/1995
f 2259/4029/538 2260/4030/538 2261/4032/538
f 2262/4034/539 2263/4036/539 2264/4038/539
f 2241/3996/540 2248/4009/540 2247/4008/540
f 2244/4002/1996 2243/4001/1996 2242/3998/1996
f 2245/4005/542 2252/4018/542 2246/4007/542
f 2249/4011/543 2252/4018/543 2251/4017/543
f 2247/4008/544 2260/4030/544 2259/4029/544
f 2262/4034/1997 2251/4017/1997 2250/4013/1997
f 2261/4033/546 2264/4038/546 2263/4037/546
f 2259/4029/1998 2254/4021/1998 2253/4019/1998
f 2262/4035/548 2258/4028/548 2263/4037/548
f 2255/4022/549 2258/4028/549 2257/4026/549
f 2253/4019/550 2242/3999/550 2241/3996/550
f 2256/4025/1999 2244/4003/1999 2257/4026/1999
f 2247/4008/552 2253/4019/552 2241/3996/552
f 2279/4065/2000 2268/4046/2000 2266/4040/2000
f 2287/4080/554 2278/4064/554 2285/4076/554
f 2286/4077/555 2269/4047/555 2280/4067/555
f 2270/4050/556 2272/4053/556 2267/4044/556
f 2275/4060/557 2284/4074/557 2273/4054/557
f 2265/4039/558 2266/4042/558 2267/4043/558
f 2268/4045/2001 2269/4048/2001 2270/4050/2001
f 2271/4051/560 2272/4052/560 2273/4055/560
f 2274/4058/561 2275/4059/561 2276/4061/561
f 2277/4062/562 2278/4063/562 2279/4066/562
f 2280/4068/563 2281/4069/563 2282/4070/563
f 2283/4072/2002 2284/4073/2002 2285/4075/2002
f 2286/4078/565 2287/4079/565 2288/4081/565
f 2265/4039/566 2272/4052/566 2271/4051/566
f 2268/4045/567 2267/4044/567 2266/4041/567
f 2269/4048/568 2276/4061/568 2270/4050/568
f 2275/4060/569 2272/4053/569 2276/4061/569
f 2271/4051/2003 2284/4073/2003 2283/4072/2003
f 2286/4078/571 2275/4060/571 2274/4056/571
f 2287/4080/2004 2284/4074/2004 2288/4081/2004
f 2283/4072/573 2278/4064/573 2277/4062/573
f 2280/4067/2005 2287/4080/2005 2286/4077/2005
f 2279/4065/575 2282/4071/575 2281/4069/575
f 2265/4039/576 2279/4066/576 2266/4042/576
f 2280/4068/577 2268/4046/577 2281/4069/577
f 2283/4072/578 2265/4039/578 2271/4051/578
f 2303/4108/579 2292/4089/579 2290/4083/579
f 2309/4119/580 2306/4114/580 2302/4107/580
f 2310/4120/581 2293/4091/581 2304/4110/581
f 2291/4086/582 2300/4104/582 2296/4096/582
f 2299/4103/583 2308/4117/583 2297/4097/583
f 2289/4082/584 2290/4084/584 2291/4087/584
f 2292/4088/585 2293/4090/585 2294/4093/585
f 2295/4094/586 2296/4095/586 2297/4098/586
f 2298/4101/2006 2299/4102/2006 2300/4104/2006
f 2301/4105/588 2302/4106/588 2303/4109/588
f 2304/4111/589 2305/4112/589 2306/4113/589
f 2307/4115/590 2308/4116/590 2309/4118/590
f 2310/4121/591 2311/4122/591 2312/4124/591
f 2289/4082/592 2296/4095/592 2295/4094/592
f 2290/4085/593 2294/4093/593 2291/4086/593
f 2298/4101/594 2294/4093/594 2293/4090/594
f 2299/4103/595 2296/4096/595 2300/4104/595
f 2295/4094/596 2308/4116/596 2307/4115/596
f 2310/4121/597 2299/4103/597 2298/4099/597
f 2311/4123/598 2308/4117/598 2312/4124/598
f 2301/4105/599 2309/4119/599 2302/4107/599
f 2304/4110/600 2311/4123/600 2310/4120/600
f 2305/4112/601 2302/4107/601 2306/4114/601
f 2289/4082/602 2303/4109/602 2290/4084/602
f 2304/4111/603 2292/4089/603 2305/4112/603
f 2295/4094/604 2301/4105/604 2289/4082/604
f 2329/4155/605 2314/4126/605 2327/4151/605
f 2333/4162/606 2330/4157/606 2326/4150/606
f 2322/4142/607 2328/4153/607 2334/4163/607
f 2318/4136/608 2320/4139/608 2315/4129/608
f 2321/4140/609 2336/4167/609 2332/4160/609
f 2313/4125/610 2314/4128/610 2315/4130/610
f 2316/4131/611 2317/4133/611 2318/4136/611
f 2319/4137/612 2320/4138/612 2321/4141/612
f 2322/4143/2007 2323/4145/2007 2324/4147/2007
f 2325/4148/2008 2326/4149/2008 2327/4152/2008
f 2328/4154/615 2329/4155/615 2330/4156/615
f 2331/4158/616 2332/4159/616 2333/4161/616
f 2334/4164/617 2335/4165/617 2336/4167/617
f 2319/4137/618 2315/4130/618 2320/4138/618
f 2314/4127/619 2318/4136/619 2315/4129/619
f 2322/4143/620 2318/4136/620 2317/4133/620
f 2323/4146/621 2320/4139/621 2324/4147/621
f 2319/4137/622 2332/4159/622 2331/4158/622
f 2322/4144/623 2336/4167/623 2323/4146/623
f 2333/4162/624 2336/4167/624 2335/4166/624
f 2325/4148/625 2333/4162/625 2326/4150/625
f 2328/4153/2009 2335/4166/2009 2334/4163/2009
f 2329/4155/627 2326/4150/627 2330/4157/627
f 2325/4148/628 2314/4128/628 2313/4125/628
f 2328/4154/629 2316/4132/629 2329/4155/629
f 2319/4137/630 2325/4148/630 2313/4125/630
f 2351/4194/631 2340/4175/631 2338/4169/631
f 2359/4209/632 2350/4193/632 2357/4205/632
f 2358/4206/633 2341/4177/633 2352/4197/633
f 2339/4172/634 2348/4190/634 2344/4182/634
f 2347/4189/635 2356/4203/635 2345/4183/635
f 2337/4168/636 2338/4170/636 2339/4173/636
f 2340/4174/2010 2341/4176/2010 2342/4179/2010
f 2343/4180/2011 2344/4181/2011 2345/4184/2011
f 2346/4187/639 2347/4188/639 2348/4190/639
f 2349/4191/640 2350/4192/640 2351/4195/640
f 2352/4196/641 2353/4198/641 2354/4199/641
f 2355/4201/642 2356/4202/642 2357/4204/642
f 2358/4207/643 2359/4208/643 2360/4210/643
f 2337/4168/2012 2344/4181/2012 2343/4180/2012
f 2338/4171/645 2342/4179/645 2339/4172/645
f 2346/4187/646 2342/4179/646 2341/4176/646
f 2347/4189/2013 2344/4182/2013 2348/4190/2013
f 2343/4180/648 2356/4202/648 2355/4201/648
f 2358/4207/649 2347/4189/649 2346/4185/649
f 2359/4209/650 2356/4203/650 2360/4210/650
f 2349/4191/2014 2357/4205/2014 2350/4193/2014
f 2352/4197/652 2359/4209/652 2358/4206/652
f 2351/4194/2015 2354/4200/2015 2353/4198/2015
f 2337/4168/654 2351/4195/654 2338/4170/654
f 2341/4178/655 2353/4198/655 2352/4196/655
f 2355/4201/656 2337/4168/656 2343/4180/656
f 2375/4237/657 2364/4218/657 2362/4212/657
f 2381/4248/658 2378/4243/658 2374/4236/658
f 2370/4228/659 2376/4239/659 2382/4249/659
f 2363/4215/660 2372/4233/660 2368/4225/660
f 2371/4232/661 2380/4246/661 2369/4226/661
f 2361/4211/662 2362/4213/662 2363/4216/662
f 2364/4217/2016 2365/4220/2016 2366/4222/2016
f 2367/4223/664 2368/4224/664 2369/4227/664
f 2370/4229/665 2371/4231/665 2372/4233/665
f 2373/4234/2017 2374/4235/2017 2375/4238/2017
f 2376/4240/667 2377/4241/667 2378/4242/667
f 2379/4244/2018 2380/4245/2018 2381/4247/2018
f 2382/4250/669 2383/4251/669 2384/4253/669
f 2361/4211/670 2368/4224/670 2367/4223/670
f 2362/4214/671 2366/4222/671 2363/4215/671
f 2365/4220/2019 2372/4233/2019 2366/4222/2019
f 2369/4226/2020 2372/4233/2020 2371/4232/2020
f 2367/4223/674 2380/4245/674 2379/4244/674
f 2370/4230/675 2384/4253/675 2371/4232/675
f 2383/4252/2021 2380/4246/2021 2384/4253/2021
f 2379/4244/677 2374/4236/677 2373/4234/677
f 2376/4239/678 2383/4252/678 2382/4249/678
f 2377/4241/679 2374/4236/679 2378/4243/679
f 2361/4211/680 2375/4238/680 2362/4213/680
f 2376/4240/681 2364/4218/681 2377/4241/681
f 2367/4223/682 2373/4234/682 2361/4211/682
f 2401/4284/683 2386/4256/683 2399/4280/683
f 2405/4291/684 2402/4286/684 2398/4279/684
f 2394/4272/685 2400/4282/685 2406/4293/685
f 2387/4259/686 2396/4276/686 2392/4268/686
f 2395/4275/687 2404/4289/687 2393/4269/687
f 2385/4254/688 2386/4257/688 2387/4258/688
f 2388/4260/2022 2389/4263/2022 2390/4265/2022
f 2391/4266/690 2392/4267/690 2393/4270/690
f 2394/4273/2023 2395/4274/2023 2396/4276/2023
f 2397/4277/692 2398/4278/692 2399/4281/692
f 2400/4283/693 2401/4284/693 2402/4285/693
f 2403/4287/2024 2404/4288/2024 2405/4290/2024
f 2406/4292/695 2407/4294/695 2408/4296/695
f 2391/4266/696 2387/4258/696 2392/4267/696
f 2388/4260/697 2387/4259/697 2386/4255/697
f 2389/4263/698 2396/4276/698 2390/4265/698
f 2395/4275/699 2392/4268/699 2396/4276/699
f 2403/4287/700 2393/4270/700 2404/4288/700
f 2406/4292/701 2395/4275/701 2394/4271/701
f 2405/4291/2025 2408/4296/2025 2407/4295/2025
f 2403/4287/703 2398/4279/703 2397/4277/703
f 2406/4293/704 2402/4286/704 2407/4295/704
f 2401/4284/705 2398/4279/705 2402/4286/705
f 2397/4277/706 2386/4257/706 2385/4254/706
f 2400/4283/707 2388/4261/707 2401/4284/707
f 2403/4287/708 2385/4254/708 2391/4266/708
f 2423/4323/709 2412/4304/709 2410/4298/709
f 2429/4334/710 2426/4329/710 2422/4322/710
f 2430/4336/711 2413/4305/711 2424/4325/711
f 2411/4301/712 2420/4319/712 2416/4311/712
f 2417/4312/713 2432/4339/713 2428/4332/713
f 2409/4297/714 2410/4299/714 2411/4302/714
f 2412/4303/715 2413/4306/715 2414/4308/715
f 2415/4309/716 2416/4310/716 2417/4313/716
f 2418/4316/717 2419/4317/717 2420/4319/717
f 2421/4320/2026 2422/4321/2026 2423/4324/2026
f 2424/4326/719 2425/4327/719 2426/4328/719
f 2427/4330/720 2428/4331/720 2429/4333/720
f 2430/4335/721 2431/4337/721 2432/4339/721
f 2415/4309/722 2411/4302/722 2416/4310/722
f 2410/4300/723 2414/4308/723 2411/4301/723
f 2413/4306/724 2420/4319/724 2414/4308/724
f 2417/4312/725 2420/4319/725 2419/4318/725
f 2427/4330/726 2417/4313/726 2428/4331/726
f 2430/4335/727 2419/4318/727 2418/4314/727
f 2429/4334/728 2432/4339/728 2431/4338/728
f 2421/4320/729 2429/4334/729 2422/4322/729
f 2430/4336/730 2426/4329/730 2431/4338/730
f 2423/4323/731 2426/4329/731 2425/4327/731
f 2409/4297/732 2423/4324/732 2410/4299/732
f 2424/4326/733 2412/4304/733 2425/4327/733
f 2415/4309/734 2421/4320/734 2409/4297/734
f 2447/4366/735 2436/4347/735 2434/4341/735
f 2453/4377/736 2450/4372/736 2446/4365/736
f 2454/4378/737 2437/4348/737 2448/4369/737
f 2435/4344/738 2444/4362/738 2440/4354/738
f 2441/4355/739 2456/4382/739 2452/4375/739
f 2433/4340/740 2434/4342/740 2435/4345/740
f 2436/4346/741 2437/4349/741 2438/4351/741
f 2439/4352/742 2440/4353/742 2441/4356/742
f 2442/4358/743 2443/4360/743 2444/4362/743
f 2445/4363/2027 2446/4364/2027 2447/4367/2027
f 2448/4368/745 2449/4370/745 2450/4371/745
f 2451/4373/746 2452/4374/746 2453/4376/746
f 2454/4379/747 2455/4380/747 2456/4382/747
f 2439/4352/748 2435/4345/748 2440/4353/748
f 2434/4343/749 2438/4351/749 2435/4344/749
f 2437/4349/2028 2444/4362/2028 2438/4351/2028
f 2443/4361/751 2440/4354/751 2444/4362/751
f 2439/4352/752 2452/4374/752 2451/4373/752
f 2442/4359/753 2456/4382/753 2443/4361/753
f 2453/4377/754 2456/4382/754 2455/4381/754
f 2451/4373/2029 2446/4365/2029 2445/4363/2029
f 2448/4369/756 2455/4381/756 2454/4378/756
f 2449/4370/757 2446/4365/757 2450/4372/757
f 2433/4340/758 2447/4367/758 2434/4342/758
f 2437/4350/759 2449/4370/759 2448/4368/759
f 2439/4352/760 2445/4363/760 2433/4340/760
f 2471/4409/761 2460/4390/761 2458/4384/761
f 2477/4420/762 2474/4415/762 2470/4408/762
f 2478/4421/763 2461/4391/763 2472/4412/763
f 2459/4388/764 2468/4405/764 2464/4397/764
f 2467/4404/765 2476/4418/765 2465/4398/765
f 2457/4383/766 2458/4386/766 2459/4387/766
f 2460/4389/767 2461/4392/767 2462/4394/767
f 2463/4395/768 2464/4396/768 2465/4399/768
f 2466/4402/2030 2467/4403/2030 2468/4405/2030
f 2469/4406/770 2470/4407/770 2471/4410/770
f 2472/4411/771 2473/4413/771 2474/4414/771
f 2475/4416/772 2476/4417/772 2477/4419/772
f 2478/4422/773 2479/4423/773 2480/4425/773
f 2463/4395/774 2459/4387/774 2464/4396/774
f 2460/4389/775 2459/4388/775 2458/4385/775
f 2461/4392/776 2468/4405/776 2462/4394/776
f 2467/4404/2031 2464/4397/2031 2468/4405/2031
f 2463/4395/778 2476/4417/778 2475/4416/778
f 2478/4422/779 2467/4404/779 2466/4400/779
f 2479/4424/2032 2476/4418/2032 2480/4425/2032
f 2475/4416/781 2470/4408/781 2469/4406/781
f 2472/4412/782 2479/4424/782 2478/4421/782
f 2473/4413/783 2470/4408/783 2474/4415/783
f 2457/4383/784 2471/4410/784 2458/4386/784
f 2461/4393/785 2473/4413/785 2472/4411/785
f 2463/4395/786 2469/4406/786 2457/4383/786
f 2497/4456/787 2482/4428/787 2495/4452/787
f 2503/4467/788 2494/4451/788 2501/4463/788
f 2502/4464/789 2485/4435/789 2496/4454/789
f 2486/4437/790 2488/4440/790 2483/4431/790
f 2491/4447/791 2500/4461/791 2489/4441/791
f 2481/4426/2033 2482/4429/2033 2483/4430/2033
f 2484/4432/2034 2485/4434/2034 2486/4437/2034
f 2487/4438/794 2488/4439/794 2489/4442/794
f 2490/4444/795 2491/4446/795 2492/4448/795
f 2493/4449/796 2494/4450/796 2495/4453/796
f 2496/4455/797 2497/4456/797 2498/4457/797
f 2499/4459/2035 2500/4460/2035 2501/4462/2035
f 2502/4465/2036 2503/4466/2036 2504/4468/2036
f 2487/4438/800 2483/4430/800 2488/4439/800
f 2484/4432/801 2483/4431/801 2482/4427/801
f 2490/4444/802 2486/4437/802 2485/4434/802
f 2489/4441/2037 2492/4448/2037 2491/4447/2037
f 2487/4438/2038 2500/4460/2038 2499/4459/2038
f 2490/4445/805 2504/4468/805 2491/4447/805
f 2503/4467/806 2500/4461/806 2504/4468/806
f 2499/4459/2039 2494/4451/2039 2493/4449/2039
f 2496/4454/808 2503/4467/808 2502/4464/808
f 2497/4456/2040 2494/4451/2040 2498/4458/2040
f 2493/4449/810 2482/4429/810 2481/4426/810
f 2496/4455/811 2484/4433/811 2497/4456/811
f 2499/4459/812 2481/4426/812 2487/4438/812
f 2521/4499/813 2506/4470/813 2519/4495/813
f 2527/4510/814 2518/4494/814 2525/4506/814
f 2514/4486/815 2520/4498/815 2526/4508/815
f 2510/4480/816 2512/4483/816 2507/4473/816
f 2515/4490/817 2524/4504/817 2513/4484/817
f 2505/4469/818 2506/4472/818 2507/4474/818
f 2508/4475/819 2509/4478/819 2510/4480/819
f 2511/4481/820 2512/4482/820 2513/4485/820
f 2514/4487/821 2515/4489/821 2516/4491/821
f 2517/4492/2041 2518/4493/2041 2519/4496/2041
f 2520/4497/823 2521/4499/823 2522/4500/823
f 2523/4502/824 2524/4503/824 2525/4505/824
f 2526/4507/2042 2527/4509/2042 2528/4511/2042
f 2505/4469/826 2512/4482/826 2511/4481/826
f 2506/4471/2043 2510/4480/2043 2507/4473/2043
f 2509/4478/2044 2516/4491/2044 2510/4480/2044
f 2515/4490/829 2512/4483/829 2516/4491/829
f 2511/4481/830 2524/4503/830 2523/4502/830
f 2514/4488/831 2528/4511/831 2515/4490/831
f 2527/4510/2045 2524/4504/2045 2528/4511/2045
f 2523/4502/2046 2518/4494/2046 2517/4492/2046
f 2526/4508/834 2522/4501/834 2527/4510/834
f 2521/4499/2047 2518/4494/2047 2522/4501/2047
f 2517/4492/836 2506/4472/836 2505/4469/836
f 2509/4479/837 2521/4499/837 2520/4497/837
f 2523/4502/838 2505/4469/838 2511/4481/838
f 2545/4542/839 2530/4514/839 2543/4538/839
f 2551/4553/840 2542/4537/840 2549/4549/840
f 2538/4530/841 2544/4541/841 2550/4550/841
f 2531/4516/842 2540/4534/842 2536/4526/842
f 2539/4533/843 2548/4547/843 2537/4527/843
f 2529/4512/844 2530/4513/844 2531/4517/844
f 2532/4518/845 2533/4521/845 2534/4523/845
f 2535/4524/2048 2536/4525/2048 2537/4528/2048
f 2538/4531/847 2539/4532/847 2540/4534/847
f 2541/4535/848 2542/4536/848 2543/4539/848
f 2544/4540/2049 2545/4542/2049 2546/4543/2049
f 2547/4545/850 2548/4546/850 2549/4548/850
f 2550/4551/851 2551/4552/851 2552/4554/851
f 2529/4512/852 2536/4525/852 2535/4524/852
f 2530/4515/853 2534/4523/853 2531/4516/853
f 2533/4521/854 2540/4534/854 2534/4523/854
f 2537/4527/855 2540/4534/855 2539/4533/855
f 2535/4524/2050 2548/4546/2050 2547/4545/2050
f 2550/4551/857 2539/4533/857 2538/4529/857
f 2551/4553/858 2548/4547/858 2552/4554/858
f 2541/4535/859 2549/4549/859 2542/4537/859
f 2544/4541/860 2551/4553/860 2550/4550/860
f 2545/4542/861 2542/4537/861 2546/4544/861
f 2529/4512/862 2543/4539/862 2530/4513/862
f 2533/4522/863 2545/4542/863 2544/4540/863
f 2547/4545/864 2529/4512/864 2535/4524/864
f 2567/4581/865 2556/4562/865 2554/4556/865
f 2575/4596/866 2566/4580/866 2573/4592/866
f 2562/4573/867 2568/4584/867 2574/4593/867
f 2555/4559/868 2564/4577/868 2560/4569/868
f 2561/4570/869 2576/4597/869 2572/4590/869
f 2553/4555/2051 2554/4558/2051 2555/4560/2051
f 2556/4561/871 2557/4563/871 2558/4566/871
f 2559/4567/872 2560/4568/872 2561/4571/872
f 2562/4574/873 2563/4575/873 2564/4577/873
f 2565/4578/874 2566/4579/874 2567/4582/874
f 2568/4583/875 2569/4585/875 2570/4586/875
f 2571/4588/876 2572/4589/876 2573/4591/876
f 2574/4594/877 2575/4595/877 2576/4597/877
f 2559/4567/878 2555/4560/878 2560/4568/878
f 2554/4557/879 2558/4566/879 2555/4559/879
f 2562/4574/880 2558/4566/880 2557/4563/880
f 2563/4576/881 2560/4569/881 2564/4577/881
f 2559/4567/882 2572/4589/882 2571/4588/882
f 2574/4594/883 2563/4576/883 2562/4572/883
f 2573/4592/884 2576/4597/884 2575/4596/884
f 2571/4588/885 2566/4580/885 2565/4578/885
f 2568/4584/886 2575/4596/886 2574/4593/886
f 2567/4581/887 2570/4587/887 2569/4585/887
f 2565/4578/888 2554/4558/888 2553/4555/888
f 2557/4565/889 2569/4585/889 2568/4583/889
f 2559/4567/890 2565/4578/890 2553/4555/890
f 2593/4628/891 2578/4599/891 2591/4624/891
f 2599/4639/892 2590/4623/892 2597/4635/892
f 2586/4616/893 2592/4627/893 2598/4636/893
f 2579/4602/894 2588/4620/894 2584/4612/894
f 2585/4613/895 2600/4640/895 2596/4633/895
f 2577/4598/896 2578/4601/896 2579/4603/896
f 2580/4604/2052 2581/4606/2052 2582/4609/2052
f 2583/4610/898 2584/4611/898 2585/4614/898
f 2586/4617/899 2587/4618/899 2588/4620/899
f 2589/4621/900 2590/4622/900 2591/4625/900
f 2592/4626/2053 2593/4628/2053 2594/4629/2053
f 2595/4631/2054 2596/4632/2054 2597/4634/2054
f 2598/4637/2055 2599/4638/2055 2600/4640/2055
f 2577/4598/904 2584/4611/904 2583/4610/904
f 2578/4600/905 2582/4609/905 2579/4602/905
f 2586/4617/906 2582/4609/906 2581/4606/906
f 2587/4619/907 2584/4612/907 2588/4620/907
f 2595/4631/908 2585/4614/908 2596/4632/908
f 2598/4637/909 2587/4619/909 2586/4615/909
f 2599/4639/910 2596/4633/910 2600/4640/910
f 2589/4621/911 2597/4635/911 2590/4623/911
f 2592/4627/912 2599/4639/912 2598/4636/912
f 2591/4624/913 2594/4630/913 2593/4628/913
f 2589/4621/914 2578/4601/914 2577/4598/914
f 2581/4608/915 2593/4628/915 2592/4626/915
f 2583/4610/916 2589/4621/916 2577/4598/916
f 2615/4667/917 2604/4648/917 2602/4642/917
f 2621/4678/918 2618/4673/918 2614/4666/918
f 2622/4680/919 2605/4649/919 2616/4670/919
f 2606/4652/920 2608/4655/920 2603/4646/920
f 2611/4662/921 2620/4676/921 2609/4656/921
f 2601/4641/922 2602/4644/922 2603/4645/922
f 2604/4647/923 2605/4650/923 2606/4652/923
f 2607/4653/924 2608/4654/924 2609/4657/924
f 2610/4659/925 2611/4661/925 2612/4663/925
f 2613/4664/926 2614/4665/926 2615/4668/926
f 2616/4669/927 2617/4671/927 2618/4672/927
f 2619/4674/2056 2620/4675/2056 2621/4677/2056
f 2622/4679/2057 2623/4681/2057 2624/4683/2057
f 2607/4653/930 2603/4645/930 2608/4654/930
f 2604/4647/2058 2603/4646/2058 2602/4643/2058
f 2605/4650/932 2612/4663/932 2606/4652/932
f 2611/4662/933 2608/4655/933 2612/4663/933
f 2607/4653/934 2620/4675/934 2619/4674/934
f 2610/4660/935 2624/4683/935 2611/4662/935
f 2621/4678/2059 2624/4683/2059 2623/4682/2059
f 2619/4674/937 2614/4666/937 2613/4664/937
f 2622/4680/938 2618/4673/938 2623/4682/938
f 2615/4667/939 2618/4673/939 2617/4671/939
f 2601/4641/940 2615/4668/940 2602/4644/940
f 2605/4651/2060 2617/4671/2060 2616/4669/2060
f 2619/4674/942 2601/4641/942 2607/4653/942
f 2639/4710/943 2628/4691/943 2626/4685/943
f 2645/4721/944 2642/4716/944 2638/4709/944
f 2634/4702/2061 2640/4712/2061 2646/4722/2061
f 2627/4689/946 2636/4706/946 2632/4698/946
f 2633/4699/947 2648/4726/947 2644/4719/947
f 2625/4684/2062 2626/4687/2062 2627/4688/2062
f 2628/4690/949 2629/4693/949 2630/4695/949
f 2631/4696/950 2632/4697/950 2633/4700/950
f 2634/4703/951 2635/4704/951 2636/4706/951
f 2637/4707/952 2638/4708/952 2639/4711/952
f 2640/4713/953 2641/4714/953 2642/4715/953
f 2643/4717/954 2644/4718/954 2645/4720/954
f 2646/4723/2063 2647/4724/2063 2648/4726/2063
f 2625/4684/956 2632/4697/956 2631/4696/956
f 2628/4690/957 2627/4689/957 2626/4686/957
f 2629/4693/958 2636/4706/958 2630/4695/958
f 2633/4699/959 2636/4706/959 2635/4705/959
f 2631/4696/960 2644/4718/960 2643/4717/960
f 2646/4723/961 2635/4705/961 2634/4701/961
f 2647/4725/962 2644/4719/962 2648/4726/962
f 2637/4707/963 2645/4721/963 2638/4709/963
f 2640/4712/2064 2647/4725/2064 2646/4722/2064
f 2641/4714/965 2638/4709/965 2642/4716/965
f 2637/4707/966 2626/4687/966 2625/4684/966
f 2640/4713/967 2628/4691/967 2641/4714/967
f 2631/4696/2065 2637/4707/2065 2625/4684/2065
f 2663/4753/969 2652/4734/969 2650/4728/969
f 2669/4764/970 2666/4759/970 2662/4752/970
f 2670/4766/971 2653/4736/971 2664/4755/971
f 2654/4738/972 2656/4741/972 2651/4731/972
f 2659/4748/973 2668/4762/973 2657/4742/973
f 2649/4727/974 2650/4729/974 2651/4732/974
f 2652/4733/975 2653/4735/975 2654/4738/975
f 2655/4739/976 2656/4740/976 2657/4743/976
f 2658/4746/2066 2659/4747/2066 2660/4749/2066
f 2661/4750/978 2662/4751/978 2663/4754/978
f 2664/4756/979 2665/4757/979 2666/4758/979
f 2667/4760/980 2668/4761/980 2669/4763/980
f 2670/4765/981 2671/4767/981 2672/4769/981
f 2655/4739/982 2651/4732/982 2656/4740/982
f 2650/4730/983 2654/4738/983 2651/4731/983
f 2658/4746/984 2654/4738/984 2653/4735/984
f 2659/4748/985 2656/4741/985 2660/4749/985
f 2655/4739/2067 2668/4761/2067 2667/4760/2067
f 2670/4765/987 2659/4748/987 2658/4744/987
f 2669/4764/988 2672/4769/988 2671/4768/988
f 2667/4760/989 2662/4752/989 2661/4750/989
f 2670/4766/990 2666/4759/990 2671/4768/990
f 2665/4757/991 2662/4752/991 2666/4759/991
f 2649/4727/992 2663/4754/992 2650/4729/992
f 2664/4756/2068 2652/4734/2068 2665/4757/2068
f 2667/4760/994 2649/4727/994 2655/4739/994
f 2687/4796/995 2676/4777/995 2674/4771/995
f 2695/4811/996 2686/4795/996 2693/4807/996
f 2682/4788/997 2688/4798/997 2694/4809/997
f 2675/4774/998 2684/4792/998 2680/4784/998
f 2681/4785/999 2696/4812/999 2692/4805/999
f 2673/4770/2069 2674/4772/2069 2675/4775/2069
f 2676/4776/1001 2677/4779/1001 2678/4781/1001
f 2679/4782/2070 2680/4783/2070 2681/4786/2070
f 2682/4789/2071 2683/4790/2071 2684/4792/2071
f 2685/4793/2072 2686/4794/2072 2687/4797/2072
f 2688/4799/2073 2689/4800/2073 2690/4801/2073
f 2691/4803/1006 2692/4804/1006 2693/4806/1006
f 2694/4808/2074 2695/4810/2074 2696/4812/2074
f 2679/4782/2075 2675/4775/2075 2680/4783/2075
f 2674/4773/1009 2678/4781/1009 2675/4774/1009
f 2677/4779/1010 2684/4792/1010 2678/4781/1010
f 2681/4785/1011 2684/4792/1011 2683/4791/1011
f 2691/4803/1012 2681/4786/1012 2692/4804/1012
f 2694/4808/2076 2683/4791/2076 2682/4787/2076
f 2693/4807/1014 2696/4812/1014 2695/4811/1014
f 2691/4803/1015 2686/4795/1015 2685/4793/1015
f 2694/4809/1016 2690/4802/1016 2695/4811/1016
f 2687/4796/2077 2690/4802/2077 2689/4800/2077
f 2673/4770/1018 2687/4797/1018 2674/4772/1018
f 2688/4799/1019 2676/4777/1019 2689/4800/1019
f 2691/4803/1020 2673/4770/1020 2679/4782/1020
f 2711/4839/1021 2700/4820/1021 2698/4814/1021
f 2717/4850/1022 2714/4845/1022 2710/4838/1022
f 2706/4830/1023 2712/4842/1023 2718/4852/1023
f 2702/4824/1024 2704/4827/1024 2699/4817/1024
f 2705/4828/1025 2720/4855/1025 2716/4848/1025
f 2697/4813/1026 2698/4815/1026 2699/4818/1026
f 2700/4819/1027 2701/4821/1027 2702/4824/1027
f 2703/4825/1028 2704/4826/1028 2705/4829/1028
f 2706/4831/2078 2707/4833/2078 2708/4835/2078
f 2709/4836/2079 2710/4837/2079 2711/4840/2079
f 2712/4841/1031 2713/4843/1031 2714/4844/1031
f 2715/4846/2080 2716/4847/2080 2717/4849/2080
f 2718/4851/1033 2719/4853/1033 2720/4855/1033
f 2697/4813/1034 2704/4826/1034 2703/4825/1034
f 2698/4816/1035 2702/4824/1035 2699/4817/1035
f 2706/4831/1036 2702/4824/1036 2701/4821/1036
f 2705/4828/1037 2708/4835/1037 2707/4834/1037
f 2715/4846/1038 2705/4829/1038 2716/4847/1038
f 2706/4832/1039 2720/4855/1039 2707/4834/1039
f 2719/4854/1040 2716/4848/1040 2720/4855/1040
f 2709/4836/1041 2717/4850/1041 2710/4838/1041
f 2718/4852/1042 2714/4845/1042 2719/4854/1042
f 2711/4839/1043 2714/4845/1043 2713/4843/1043
f 2697/4813/1044 2711/4840/1044 2698/4815/1044
f 2701/4823/1045 2713/4843/1045 2712/4841/1045
f 2715/4846/1046 2697/4813/1046 2703/4825/1046
f 2737/4886/1047 2722/4857/1047 2735/4882/1047
f 2743/4897/1048 2734/4881/1048 2741/4893/1048
f 2742/4895/1049 2725/4864/1049 2736/4885/1049
f 2723/4860/1050 2732/4878/1050 2728/4870/1050
f 2731/4877/1051 2740/4891/1051 2729/4871/1051
f 2721/4856/1052 2722/4859/1052 2723/4861/1052
f 2724/4862/2081 2725/4865/2081 2726/4867/2081
f 2727/4868/1054 2728/4869/1054 2729/4872/1054
f 2730/4874/1055 2731/4876/1055 2732/4878/1055
f 2733/4879/1056 2734/4880/1056 2735/4883/1056
f 2736/4884/1057 2737/4886/1057 2738/4887/1057
f 2739/4889/2082 2740/4890/2082 2741/4892/2082
f 2742/4894/1059 2743/4896/1059 2744/4898/1059
f 2721/4856/1060 2728/4869/1060 2727/4868/1060
f 2722/4858/1061 2726/4867/1061 2723/4860/1061
f 2725/4865/1062 2732/4878/1062 2726/4867/1062
f 2731/4877/1063 2728/4870/1063 2732/4878/1063
f 2739/4889/1064 2729/4872/1064 2740/4890/1064
f 2730/4875/1065 2744/4898/1065 2731/4877/1065
f 2741/4893/1066 2744/4898/1066 2743/4897/1066
f 2739/4889/1067 2734/4881/1067 2733/4879/1067
f 2742/4895/1068 2738/4888/1068 2743/4897/1068
f 2735/4882/1069 2738/4888/1069 2737/4886/1069
f 2733/4879/1070 2722/4859/1070 2721/4856/1070
f 2725/4866/1071 2737/4886/1071 2736/4884/1071
f 2727/4868/1072 2733/4879/1072 2721/4856/1072
f 2759/4925/1073 2748/4906/1073 2746/4900/1073
f 2765/4936/1074 2762/4931/1074 2758/4924/1074
f 2766/4938/1075 2749/4908/1075 2760/4927/1075
f 2750/4910/1076 2752/4913/1076 2747/4903/1076
f 2755/4920/1077 2764/4934/1077 2753/4914/1077
f 2745/4899/1078 2746/4902/1078 2747/4904/1078
f 2748/4905/1079 2749/4907/1079 2750/4910/1079
f 2751/4911/1080 2752/4912/1080 2753/4915/1080
f 2754/4918/1081 2755/4919/1081 2756/4921/1081
f 2757/4922/1082 2758/4923/1082 2759/4926/1082
f 2760/4928/1083 2761/4929/1083 2762/4930/1083
f 2763/4932/1084 2764/4933/1084 2765/4935/1084
f 2766/4937/1085 2767/4939/1085 2768/4941/1085
f 2751/4911/1086 2747/4904/1086 2752/4912/1086
f 2746/4901/1087 2750/4910/1087 2747/4903/1087
f 2754/4918/1088 2750/4910/1088 2749/4907/1088
f 2755/4920/1089 2752/4913/1089 2756/4921/1089
f 2751/4911/2083 2764/4933/2083 2763/4932/2083
f 2766/4937/1091 2755/4920/1091 2754/4916/1091
f 2767/4940/1092 2764/4934/1092 2768/4941/1092
f 2763/4932/1093 2758/4924/1093 2757/4922/1093
f 2766/4938/1094 2762/4931/1094 2767/4940/1094
f 2759/4925/1095 2762/4931/1095 2761/4929/1095
f 2757/4922/1096 2746/4902/1096 2745/4899/1096
f 2760/4928/1097 2748/4906/1097 2761/4929/1097
f 2751/4911/1098 2757/4922/1098 2745/4899/1098
f 2785/4972/1099 2770/4944/1099 2783/4968/1099
f 2789/4979/1100 2786/4974/1100 2782/4967/1100
f 2778/4959/1101 2784/4970/1101 2790/4981/1101
f 2774/4953/1102 2776/4956/1102 2771/4947/1102
f 2777/4957/1103 2792/4984/1103 2788/4977/1103
f 2769/4942/1104 2770/4945/1104 2771/4946/1104
f 2772/4948/1105 2773/4950/1105 2774/4953/1105
f 2775/4954/1106 2776/4955/1106 2777/4958/1106
f 2778/4960/2084 2779/4962/2084 2780/4964/2084
f 2781/4965/1108 2782/4966/1108 2783/4969/1108
f 2784/4971/1109 2785/4972/1109 2786/4973/1109
f 2787/4975/1110 2788/4976/1110 2789/4978/1110
f 2790/4980/1111 2791/4982/1111 2792/4984/1111
f 2775/4954/1112 2771/4946/1112 2776/4955/1112
f 2772/4948/2085 2771/4947/2085 2770/4943/2085
f 2778/4960/2086 2774/4953/2086 2773/4950/2086
f 2779/4963/1115 2776/4956/1115 2780/4964/1115
f 2775/4954/1116 2788/4976/1116 2787/4975/1116
f 2778/4961/1117 2792/4984/1117 2779/4963/1117
f 2789/4979/1118 2792/4984/1118 2791/4983/1118
f 2787/4975/2087 2782/4967/2087 2781/4965/2087
f 2790/4981/1120 2786/4974/1120 2791/4983/1120
f 2783/4968/1121 2786/4974/1121 2785/4972/1121
f 2781/4965/1122 2770/4945/1122 2769/4942/1122
f 2784/4971/1123 2772/4949/1123 2785/4972/1123
f 2787/4975/2088 2769/4942/2088 2775/4954/2088
f 2809/5015/1125 2794/4987/1125 2807/5011/1125
f 2815/5026/1126 2806/5010/1126 2813/5022/1126
f 2802/5003/1127 2808/5013/1127 2814/5023/1127
f 2795/4989/1128 2804/5007/1128 2800/4999/1128
f 2801/5000/1129 2816/5027/1129 2812/5020/1129
f 2793/4985/1130 2794/4986/1130 2795/4990/1130
f 2796/4991/1131 2797/4994/1131 2798/4996/1131
f 2799/4997/1132 2800/4998/1132 2801/5001/1132
f 2802/5004/1133 2803/5005/1133 2804/5007/1133
f 2805/5008/1134 2806/5009/1134 2807/5012/1134
f 2808/5014/2089 2809/5015/2089 2810/5016/2089
f 2811/5018/1136 2812/5019/1136 2813/5021/1136
f 2814/5024/1137 2815/5025/1137 2816/5027/1137
f 2793/4985/1138 2800/4998/1138 2799/4997/1138
f 2794/4988/2090 2798/4996/2090 2795/4989/2090
f 2797/4994/1140 2804/5007/1140 2798/4996/1140
f 2803/5006/2091 2800/4999/2091 2804/5007/2091
f 2799/4997/2092 2812/5019/2092 2811/5018/2092
f 2814/5024/1143 2803/5006/1143 2802/5002/1143
f 2813/5022/1144 2816/5027/1144 2815/5026/1144
f 2811/5018/1145 2806/5010/1145 2805/5008/1145
f 2808/5013/1146 2815/5026/1146 2814/5023/1146
f 2807/5011/2093 2810/5017/2093 2809/5015/2093
f 2793/4985/2094 2807/5012/2094 2794/4986/2094
f 2808/5014/2095 2796/4992/2095 2809/5015/2095
f 2799/4997/1150 2805/5008/1150 2793/4985/1150
f 2833/5058/1151 2818/5029/1151 2831/5054/1151
f 2839/5069/2096 2830/5053/2096 2837/5065/2096
f 2838/5067/1153 2821/5037/1153 2832/5057/1153
f 2822/5039/1154 2824/5042/1154 2819/5032/1154
f 2827/5049/1155 2836/5063/1155 2825/5043/1155
f 2817/5028/2097 2818/5031/2097 2819/5033/2097
f 2820/5034/1157 2821/5036/1157 2822/5039/1157
f 2823/5040/1158 2824/5041/1158 2825/5044/1158
f 2826/5046/1159 2827/5048/1159 2828/5050/1159
f 2829/5051/1160 2830/5052/1160 2831/5055/1160
f 2832/5056/1161 2833/5058/1161 2834/5059/1161
f 2835/5061/1162 2836/5062/1162 2837/5064/1162
f 2838/5066/1163 2839/5068/1163 2840/5070/1163
f 2823/5040/2098 2819/5033/2098 2824/5041/2098
f 2818/5030/1165 2822/5039/1165 2819/5032/1165
f 2826/5046/1166 2822/5039/1166 2821/5036/1166
f 2825/5043/1167 2828/5050/1167 2827/5049/1167
f 2823/5040/1168 2836/5062/1168 2835/5061/1168
f 2826/5047/1169 2840/5070/1169 2827/5049/1169
f 2839/5069/1170 2836/5063/1170 2840/5070/1170
f 2835/5061/1171 2830/5053/1171 2829/5051/1171
f 2838/5067/2099 2834/5060/2099 2839/5069/2099
f 2831/5054/2100 2834/5060/2100 2833/5058/2100
f 2829/5051/2101 2818/5031/2101 2817/5028/2101
f 2821/5038/1175 2833/5058/1175 2832/5056/1175
f 2835/5061/1176 2817/5028/1176 2823/5040/1176
f 2857/5101/1177 2842/5074/1177 2855/5097/1177
f 2863/5112/1178 2854/5096/1178 2861/5108/1178
f 2862/5110/1179 2845/5080/1179 2856/5100/1179
f 2843/5076/1180 2852/5093/1180 2848/5085/1180
f 2851/5092/1181 2860/5106/1181 2849/5086/1181
f 2841/5071/1182 2842/5073/1182 2843/5075/1182
f 2844/5077/2102 2845/5079/2102 2846/5082/2102
f 2847/5083/1184 2848/5084/1184 2849/5087/1184
f 2850/5090/2103 2851/5091/2103 2852/5093/2103
f 2853/5094/1186 2854/5095/1186 2855/5098/1186
f 2856/5099/1187 2857/5101/1187 2858/5102/1187
f 2859/5104/1188 2860/5105/1188 2861/5107/1188
f 2862/5109/1189 2863/5111/1189 2864/5113/1189
f 2841/5071/1190 2848/5084/1190 2847/5083/1190
f 2844/5077/2104 2843/5076/2104 2842/5072/2104
f 2850/5090/1192 2846/5082/1192 2845/5079/1192
f 2849/5086/1193 2852/5093/1193 2851/5092/1193
f 2847/5083/1194 2860/5105/1194 2859/5104/1194
f 2862/5109/1195 2851/5092/1195 2850/5088/1195
f 2863/5112/2105 2860/5106/2105 2864/5113/2105
f 2859/5104/2106 2854/5096/2106 2853/5094/2106
f 2862/5110/1198 2858/5103/1198 2863/5112/1198
f 2857/5101/1199 2854/5096/1199 2858/5103/1199
f 2841/5071/1200 2855/5098/1200 2842/5073/1200
f 2845/5081/1201 2857/5101/1201 2856/5099/1201
f 2847/5083/1202 2853/5094/1202 2841/5071/1202
f 2879/5140/1203 2868/5121/1203 2866/5115/1203
f 2887/5155/1204 2878/5139/1204 2885/5151/1204
f 2874/5131/1205 2880/5143/1205 2886/5153/1205
f 2867/5119/1206 2876/5136/1206 2872/5128/1206
f 2875/5135/1207 2884/5149/1207 2873/5129/1207
f 2865/5114/1208 2866/5117/1208 2867/5118/1208
f 2868/5120/1209 2869/5123/1209 2870/5125/1209
f 2871/5126/1210 2872/5127/1210 2873/5130/1210
f 2874/5132/1211 2875/5134/1211 2876/5136/1211
f 2877/5137/1212 2878/5138/1212 2879/5141/1212
f 2880/5142/1213 2881/5144/1213 2882/5145/1213
f 2883/5147/1214 2884/5148/1214 2885/5150/1214
f 2886/5152/1215 2887/5154/1215 2888/5156/1215
f 2871/5126/2107 2867/5118/2107 2872/5127/2107
f 2868/5120/2108 2867/5119/2108 2866/5116/2108
f 2869/5123/1218 2876/5136/1218 2870/5125/1218
f 2875/5135/1219 2872/5128/1219 2876/5136/1219
f 2871/5126/1220 2884/5148/1220 2883/5147/1220
f 2874/5133/1221 2888/5156/1221 2875/5135/1221
f 2887/5155/1222 2884/5149/1222 2888/5156/1222
f 2883/5147/1223 2878/5139/1223 2877/5137/1223
f 2886/5153/1224 2882/5146/1224 2887/5155/1224
f 2881/5144/1225 2878/5139/1225 2882/5146/1225
f 2865/5114/1226 2879/5141/1226 2866/5117/1226
f 2869/5124/1227 2881/5144/1227 2880/5142/1227
f 2883/5147/1228 2865/5114/1228 2871/5126/1228
f 2905/5187/1229 2890/5159/1229 2903/5183/1229
f 2911/5198/1230 2902/5182/1230 2909/5194/1230
f 2898/5175/1231 2904/5186/1231 2910/5195/1231
f 2894/5168/1232 2896/5171/1232 2891/5162/1232
f 2897/5172/1233 2912/5199/1233 2908/5192/1233
f 2889/5157/1234 2890/5160/1234 2891/5161/1234
f 2892/5163/1235 2893/5165/1235 2894/5168/1235
f 2895/5169/1236 2896/5170/1236 2897/5173/1236
f 2898/5176/1237 2899/5177/1237 2900/5179/1237
f 2901/5180/2109 2902/5181/2109 2903/5184/2109
f 2904/5185/1239 2905/5187/1239 2906/5188/1239
f 2907/5190/1240 2908/5191/1240 2909/5193/1240
f 2910/5196/1241 2911/5197/1241 2912/5199/1241
f 2895/5169/1242 2891/5161/1242 2896/5170/1242
f 2892/5163/1243 2891/5162/1243 2890/5158/1243
f 2898/5176/1244 2894/5168/1244 2893/5165/1244
f 2897/5172/1245 2900/5179/1245 2899/5178/1245
f 2907/5190/1246 2897/5173/1246 2908/5191/1246
f 2910/5196/1247 2899/5178/1247 2898/5174/1247
f 2909/5194/1248 2912/5199/1248 2911/5198/1248
f 2907/5190/1249 2902/5182/1249 2901/5180/1249
f 2904/5186/1250 2911/5198/1250 2910/5195/1250
f 2903/5183/1251 2906/5189/1251 2905/5187/1251
f 2901/5180/1252 2890/5160/1252 2889/5157/1252
f 2893/5167/1253 2905/5187/1253 2904/5185/1253
f 2895/5169/1254 2901/5180/1254 2889/5157/1254
f 2929/5230/1255 2914/5201/1255 2927/5226/1255
f 2933/5237/1256 2930/5232/1256 2926/5225/1256
f 2922/5217/1257 2928/5228/1257 2934/5239/1257
f 2915/5204/2110 2924/5222/2110 2920/5214/2110
f 2923/5221/1259 2932/5235/1259 2921/5215/1259
f 2913/5200/1260 2914/5203/1260 2915/5205/1260
f 2916/5206/1261 2917/5209/1261 2918/5211/1261
f 2919/5212/1262 2920/5213/1262 2921/5216/1262
f 2922/5218/1263 2923/5220/1263 2924/5222/1263
f 2925/5223/1264 2926/5224/1264 2927/5227/1264
f 2928/5229/1265 2929/5230/1265 2930/5231/1265
f 2931/5233/2111 2932/5234/2111 2933/5236/2111
f 2934/5238/2112 2935/5240/2112 2936/5242/2112
f 2913/5200/1268 2920/5213/1268 2919/5212/1268
f 2914/5202/1269 2918/5211/1269 2915/5204/1269
f 2917/5209/2113 2924/5222/2113 2918/5211/2113
f 2923/5221/2114 2920/5214/2114 2924/5222/2114
f 2919/5212/1272 2932/5234/1272 2931/5233/1272
f 2922/5219/1273 2936/5242/1273 2923/5221/1273
f 2933/5237/1274 2936/5242/1274 2935/5241/1274
f 2925/5223/2115 2933/5237/2115 2926/5225/2115
f 2934/5239/1276 2930/5232/1276 2935/5241/1276
f 2929/5230/1277 2926/5225/1277 2930/5232/1277
f 2925/5223/1278 2914/5203/1278 2913/5200/1278
f 2928/5229/1279 2916/5207/1279 2929/5230/1279
f 2931/5233/1280 2913/5200/1280 2919/5212/1280
f 2953/5273/1281 2938/5245/1281 2951/5269/1281
f 2957/5280/1282 2954/5275/1282 2950/5268/1282
f 2946/5260/1283 2952/5271/1283 2958/5281/1283
f 2939/5248/1284 2948/5265/1284 2944/5257/1284
f 2947/5264/1285 2956/5278/1285 2945/5258/1285
f 2937/5243/1286 2938/5246/1286 2939/5247/1286
f 2940/5249/1287 2941/5252/1287 2942/5254/1287
f 2943/5255/1288 2944/5256/1288 2945/5259/1288
f 2946/5261/1289 2947/5263/1289 2948/5265/1289
f 2949/5266/2116 2950/5267/2116 2951/5270/2116
f 2952/5272/2117 2953/5273/2117 2954/5274/2117
f 2955/5276/1292 2956/5277/1292 2957/5279/1292
f 2958/5282/1293 2959/5283/1293 2960/5285/1293
f 2943/5255/1294 2939/5247/1294 2944/5256/1294
f 2940/5249/1295 2939/5248/1295 2938/5244/1295
f 2941/5252/2118 2948/5265/2118 2942/5254/2118
f 2947/5264/1297 2944/5257/1297 2948/5265/1297
f 2955/5276/1298 2945/5259/1298 2956/5277/1298
f 2946/5262/1299 2960/5285/1299 2947/5264/1299
f 2959/5284/1300 2956/5278/1300 2960/5285/1300
f 2949/5266/2119 2957/5280/2119 2950/5268/2119
f 2952/5271/1302 2959/5284/1302 2958/5281/1302
f 2953/5273/1303 2950/5268/1303 2954/5275/1303
f 2949/5266/1304 2938/5246/1304 2937/5243/1304
f 2952/5272/1305 2940/5250/1305 2953/5273/1305
f 2943/5255/1306 2949/5266/1306 2937/5243/1306
f 2977/5316/1307 2962/5288/1307 2975/5312/1307
f 2981/5323/1308 2978/5318/1308 2974/5311/1308
f 2982/5325/1309 2965/5295/1309 2976/5314/1309
f 2963/5291/1310 2972/5308/1310 2968/5300/1310
f 2971/5307/1311 2980/5321/1311 2969/5301/1311
f 2961/5286/1312 2962/5289/1312 2963/5290/1312
f 2964/5292/1313 2965/5294/1313 2966/5297/1313
f 2967/5298/1314 2968/5299/1314 2969/5302/1314
f 2970/5304/1315 2971/5306/1315 2972/5308/1315
f 2973/5309/1316 2974/5310/1316 2975/5313/1316
f 2976/5315/1317 2977/5316/1317 2978/5317/1317
f 2979/5319/1318 2980/5320/1318 2981/5322/1318
f 2982/5324/1319 2983/5326/1319 2984/5328/1319
f 2967/5298/1320 2963/5290/1320 2968/5299/1320
f 2964/5292/1321 2963/5291/1321 2962/5287/1321
f 2970/5304/1322 2966/5297/1322 2965/5294/1322
f 2971/5307/1323 2968/5300/1323 2972/5308/1323
f 2979/5319/1324 2969/5302/1324 2980/5320/1324
f 2970/5305/1325 2984/5328/1325 2971/5307/1325
f 2981/5323/1326 2984/5328/1326 2983/5327/1326
f 2979/5319/1327 2974/5311/1327 2973/5309/1327
f 2982/5325/2120 2978/5318/2120 2983/5327/2120
f 2975/5312/1329 2978/5318/1329 2977/5316/1329
f 2973/5309/1330 2962/5289/1330 2961/5286/1330
f 2976/5315/2121 2964/5293/2121 2977/5316/2121
f 2979/5319/1332 2961/5286/1332 2967/5298/1332
f 3001/5359/1333 2986/5331/1333 2999/5355/1333
f 3005/5366/1334 3002/5361/1334 2998/5354/1334
f 2994/5346/1335 3000/5357/1335 3006/5368/1335
f 2990/5340/1336 2992/5343/1336 2987/5334/1336
f 2993/5344/1337 3008/5371/1337 3004/5364/1337
f 2985/5329/2122 2986/5332/2122 2987/5333/2122
f 2988/5335/1339 2989/5338/1339 2990/5340/1339
f 2991/5341/2123 2992/5342/2123 2993/5345/2123
f 2994/5347/2124 2995/5349/2124 2996/5351/2124
f 2997/5352/2125 2998/5353/2125 2999/5356/2125
f 3000/5358/1343 3001/5359/1343 3002/5360/1343
f 3003/5362/2126 3004/5363/2126 3005/5365/2126
f 3006/5367/1345 3007/5369/1345 3008/5371/1345
f 2985/5329/2127 2992/5342/2127 2991/5341/2127
f 2988/5335/1347 2987/5334/1347 2986/5330/1347
f 2989/5338/1348 2996/5351/1348 2990/5340/1348
f 2993/5344/1349 2996/5351/1349 2995/5350/1349
f 3003/5362/1350 2993/5345/1350 3004/5363/1350
f 2994/5348/2128 3008/5371/2128 2995/5350/2128
f 3007/5370/1352 3004/5364/1352 3008/5371/1352
f 2997/5352/1353 3005/5366/1353 2998/5354/1353
f 3006/5368/1354 3002/5361/1354 3007/5370/1354
f 2999/5355/1355 3002/5361/1355 3001/5359/1355
f 2997/5352/1356 2986/5332/1356 2985/5329/1356
f 3000/5358/1357 2988/5336/1357 3001/5359/1357
f 3003/5362/1358 2985/5329/1358 2991/5341/1358
f 3023/5398/1359 3012/5379/1359 3010/5373/1359
f 3029/5409/1360 3026/5404/1360 3022/5397/1360
f 3018/5390/1361 3024/5400/1361 3030/5411/1361
f 3014/5383/1362 3016/5386/1362 3011/5376/1362
f 3019/5393/2129 3028/5407/2129 3017/5387/2129
f 3009/5372/1364 3010/5374/1364 3011/5377/1364
f 3012/5378/1365 3013/5380/1365 3014/5383/1365
f 3015/5384/2130 3016/5385/2130 3017/5388/2130
f 3018/5391/1367 3019/5392/1367 3020/5394/1367
f 3021/5395/1368 3022/5396/1368 3023/5399/1368
f 3024/5401/1369 3025/5402/1369 3026/5403/1369
f 3027/5405/1370 3028/5406/1370 3029/5408/1370
f 3030/5410/1371 3031/5412/1371 3032/5414/1371
f 3009/5372/1372 3016/5385/1372 3015/5384/1372
f 3010/5375/1373 3014/5383/1373 3011/5376/1373
f 3018/5391/1374 3014/5383/1374 3013/5380/1374
f 3017/5387/1375 3020/5394/1375 3019/5393/1375
f 3015/5384/2131 3028/5406/2131 3027/5405/2131
f 3030/5410/1377 3019/5393/1377 3018/5389/1377
f 3031/5413/2132 3028/5407/2132 3032/5414/2132
f 3027/5405/1379 3022/5397/1379 3021/5395/1379
f 3030/5411/1380 3026/5404/1380 3031/5413/1380
f 3025/5402/1381 3022/5397/1381 3026/5404/1381
f 3009/5372/1382 3023/5399/1382 3010/5374/1382
f 3024/5401/1383 3012/5379/1383 3025/5402/1383
f 3015/5384/1384 3021/5395/1384 3009/5372/1384
f 3049/5445/1385 3034/5417/1385 3047/5441/1385
f 3055/5456/1386 3046/5440/1386 3053/5452/1386
f 3042/5433/1387 3048/5443/1387 3054/5453/1387
f 3038/5426/1388 3040/5429/1388 3035/5419/1388
f 3043/5436/1389 3052/5450/1389 3041/5430/1389
f 3033/5415/1390 3034/5416/1390 3035/5420/1390
f 3036/5421/2133 3037/5423/2133 3038/5426/2133
f 3039/5427/1392 3040/5428/1392 3041/5431/1392
f 3042/5434/1393 3043/5435/1393 3044/5437/1393
f 3045/5438/1394 3046/5439/1394 3047/5442/1394
f 3048/5444/1395 3049/5445/1395 3050/5446/1395
f 3051/5448/1396 3052/5449/1396 3053/5451/1396
f 3054/5454/1397 3055/5455/1397 3056/5457/1397
f 3033/5415/1398 3040/5428/1398 3039/5427/1398
f 3034/5418/2134 3038/5426/2134 3035/5419/2134
f 3042/5434/2135 3038/5426/2135 3037/5423/2135
f 3043/5436/1401 3040/5429/1401 3044/5437/1401
f 3039/5427/1402 3052/5449/1402 3051/5448/1402
f 3054/5454/2136 3043/5436/2136 3042/5432/2136
f 3055/5456/2137 3052/5450/2137 3056/5457/2137
f 3045/5438/1405 3053/5452/1405 3046/5440/1405
f 3048/5443/1406 3055/5456/1406 3054/5453/1406
f 3049/5445/1407 3046/5440/1407 3050/5447/1407
f 3033/5415/2138 3047/5442/2138 3034/5416/2138
f 3048/5444/2139 3036/5422/2139 3049/5445/2139
f 3039/5427/1410 3045/5438/1410 3033/5415/1410
f 3073/5488/1411 3058/5460/1411 3071/5484/1411
f 3079/5499/1412 3070/5483/1412 3077/5495/1412
f 3066/5476/1413 3072/5487/1413 3078/5497/1413
f 3059/5463/1414 3068/5480/1414 3064/5472/1414
f 3067/5479/1415 3076/5493/1415 3065/5473/1415
f 3057/5458/2140 3058/5461/2140 3059/5462/2140
f 3060/5464/1417 3061/5467/1417 3062/5469/1417
f 3063/5470/1418 3064/5471/1418 3065/5474/1418
f 3066/5477/1419 3067/5478/1419 3068/5480/1419
f 3069/5481/2141 3070/5482/2141 3071/5485/2141
f 3072/5486/1421 3073/5488/1421 3074/5489/1421
f 3075/5491/1422 3076/5492/1422 3077/5494/1422
f 3078/5496/2142 3079/5498/2142 3080/5500/2142
f 3057/5458/1424 3064/5471/1424 3063/5470/1424
f 3060/5464/1425 3059/5463/1425 3058/5459/1425
f 3061/5467/1426 3068/5480/1426 3062/5469/1426
f 3067/5479/1427 3064/5472/1427 3068/5480/1427
f 3075/5491/1428 3065/5474/1428 3076/5492/1428
f 3078/5496/1429 3067/5479/1429 3066/5475/1429
f 3077/5495/1430 3080/5500/1430 3079/5499/1430
f 3069/5481/1431 3077/5495/1431 3070/5483/1431
f 3078/5497/1432 3074/5490/1432 3079/5499/1432
f 3073/5488/1433 3070/5483/1433 3074/5490/1433
f 3069/5481/1434 3058/5461/1434 3057/5458/1434
f 3061/5468/1435 3073/5488/1435 3072/5486/1435
f 3075/5491/1436 3057/5458/1436 3063/5470/1436
f 3097/5531/1437 3082/5502/1437 3095/5527/1437
f 3101/5538/2143 3098/5533/2143 3094/5526/2143
f 3102/5539/1439 3085/5509/1439 3096/5530/1439
f 3083/5505/2144 3092/5523/2144 3088/5515/2144
f 3091/5522/1441 3100/5536/1441 3089/5516/1441
f 3081/5501/1442 3082/5504/1442 3083/5506/1442
f 3084/5507/2145 3085/5510/2145 3086/5512/2145
f 3087/5513/1444 3088/5514/1444 3089/5517/1444
f 3090/5520/1445 3091/5521/1445 3092/5523/1445
f 3093/5524/1446 3094/5525/1446 3095/5528/1446
f 3096/5529/1447 3097/5531/1447 3098/5532/1447
f 3099/5534/2146 3100/5535/2146 3101/5537/2146
f 3102/5540/1449 3103/5541/1449 3104/5543/1449
f 3081/5501/2147 3088/5514/2147 3087/5513/2147
f 3082/5503/1451 3086/5512/1451 3083/5505/1451
f 3085/5510/2148 3092/5523/2148 3086/5512/2148
f 3089/5516/1453 3092/5523/1453 3091/5522/1453
f 3087/5513/2149 3100/5535/2149 3099/5534/2149
f 3102/5540/1455 3091/5522/1455 3090/5518/1455
f 3101/5538/2150 3104/5543/2150 3103/5542/2150
f 3093/5524/1457 3101/5538/1457 3094/5526/1457
f 3096/5530/2151 3103/5542/2151 3102/5539/2151
f 3097/5531/2152 3094/5526/2152 3098/5533/2152
f 3093/5524/1460 3082/5504/1460 3081/5501/1460
f 3085/5511/1461 3097/5531/1461 3096/5529/1461
f 3087/5513/1462 3093/5524/1462 3081/5501/1462
f 3121/5574/1463 3106/5546/1463 3119/5570/1463
f 3125/5581/1464 3122/5576/1464 3118/5569/1464
f 3114/5562/1465 3120/5572/1465 3126/5583/1465
f 3110/5555/1466 3112/5558/1466 3107/5548/1466
f 3113/5559/1467 3128/5586/1467 3124/5579/1467
f 3105/5544/2153 3106/5545/2153 3107/5549/2153
f 3108/5550/1469 3109/5552/1469 3110/5555/1469
f 3111/5556/1470 3112/5557/1470 3113/5560/1470
f 3114/5563/1471 3115/5564/1471 3116/5566/1471
f 3117/5567/2154 3118/5568/2154 3119/5571/2154
f 3120/5573/1473 3121/5574/1473 3122/5575/1473
f 3123/5577/1474 3124/5578/1474 3125/5580/1474
f 3126/5582/1475 3127/5584/1475 3128/5586/1475
f 3111/5556/1476 3107/5549/1476 3112/5557/1476
f 3106/5547/2155 3110/5555/2155 3107/5548/2155
f 3114/5563/1478 3110/5555/1478 3109/5552/1478
f 3115/5565/1479 3112/5558/1479 3116/5566/1479
f 3123/5577/2156 3113/5560/2156 3124/5578/2156
f 3126/5582/1481 3115/5565/1481 3114/5561/1481
f 3125/5581/1482 3128/5586/1482 3127/5585/1482
f 3123/5577/2157 3118/5569/2157 3117/5567/2157
f 3126/5583/1484 3122/5576/1484 3127/5585/1484
f 3119/5570/1485 3122/5576/1485 3121/5574/1485
f 3105/5544/1486 3119/5571/1486 3106/5545/1486
f 3120/5573/1487 3108/5551/1487 3121/5574/1487
f 3111/5556/1488 3117/5567/1488 3105/5544/1488
f 3145/5617/1489 3130/5589/1489 3143/5613/1489
f 3149/5624/1490 3146/5619/1490 3142/5612/1490
f 3138/5604/1491 3144/5616/1491 3150/5625/1491
f 3134/5598/1492 3136/5601/1492 3131/5592/1492
f 3139/5608/1493 3148/5622/1493 3137/5602/1493
f 3129/5587/1494 3130/5590/1494 3131/5591/1494
f 3132/5593/1495 3133/5595/1495 3134/5598/1495
f 3135/5599/2158 3136/5600/2158 3137/5603/2158
f 3138/5605/1497 3139/5607/1497 3140/5609/1497
f 3141/5610/2159 3142/5611/2159 3143/5614/2159
f 3144/5615/1499 3145/5617/1499 3146/5618/1499
f 3147/5620/1500 3148/5621/1500 3149/5623/1500
f 3150/5626/1501 3151/5627/1501 3152/5629/1501
f 3135/5599/1502 3131/5591/1502 3136/5600/1502
f 3132/5593/1503 3131/5592/1503 3130/5588/1503
f 3138/5605/1504 3134/5598/1504 3133/5595/1504
f 3139/5608/1505 3136/5601/1505 3140/5609/1505
f 3147/5620/2160 3137/5603/2160 3148/5621/2160
f 3138/5606/1507 3152/5629/1507 3139/5608/1507
f 3149/5624/2161 3152/5629/2161 3151/5628/2161
f 3147/5620/2162 3142/5612/2162 3141/5610/2162
f 3144/5616/1510 3151/5628/1510 3150/5625/1510
f 3143/5613/1511 3146/5619/1511 3145/5617/1511
f 3141/5610/1512 3130/5590/1512 3129/5587/1512
f 3133/5597/1513 3145/5617/1513 3144/5615/1513
f 3147/5620/1514 3129/5587/1514 3135/5599/1514
f 3167/5656/1515 3156/5637/1515 3154/5631/1515
f 3175/5671/1516 3166/5655/1516 3173/5667/1516
f 3174/5669/1517 3157/5639/1517 3168/5659/1517
f 3155/5635/1518 3164/5652/1518 3160/5644/1518
f 3163/5651/1519 3172/5665/1519 3161/5645/1519
f 3153/5630/1520 3154/5633/1520 3155/5634/1520
f 3156/5636/1521 3157/5638/1521 3158/5641/1521
f 3159/5642/1522 3160/5643/1522 3161/5646/1522
f 3162/5648/1523 3163/5650/1523 3164/5652/1523
f 3165/5653/1524 3166/5654/1524 3167/5657/1524
f 3168/5658/2163 3169/5660/2163 3170/5661/2163
f 3171/5663/2164 3172/5664/2164 3173/5666/2164
f 3174/5668/1527 3175/5670/1527 3176/5672/1527
f 3153/5630/1528 3160/5643/1528 3159/5642/1528
f 3156/5636/1529 3155/5635/1529 3154/5632/1529
f 3162/5648/1530 3158/5641/1530 3157/5638/1530
f 3161/5645/2165 3164/5652/2165 3163/5651/2165
f 3159/5642/1532 3172/5664/1532 3171/5663/1532
f 3162/5649/1533 3176/5672/1533 3163/5651/1533
f 3175/5671/1534 3172/5665/1534 3176/5672/1534
f 3165/5653/2166 3173/5667/2166 3166/5655/2166
f 3174/5669/1536 3170/5662/1536 3175/5671/1536
f 3167/5656/1537 3170/5662/1537 3169/5660/1537
f 3153/5630/1538 3167/5657/1538 3154/5633/1538
f 3157/5640/1539 3169/5660/1539 3168/5658/1539
f 3171/5663/1540 3153/5630/1540 3159/5642/1540
f 3191/5699/1541 3180/5680/1541 3178/5674/1541
f 3199/5714/1542 3190/5698/1542 3197/5710/1542
f 3186/5690/1543 3192/5701/1543 3198/5711/1543
f 3182/5684/1544 3184/5687/1544 3179/5677/1544
f 3187/5694/1545 3196/5708/1545 3185/5688/1545
f 3177/5673/1546 3178/5676/1546 3179/5678/1546
f 3180/5679/1547 3181/5682/1547 3182/5684/1547
f 3183/5685/2167 3184/5686/2167 3185/5689/2167
f 3186/5691/1549 3187/5693/1549 3188/5695/1549
f 3189/5696/1550 3190/5697/1550 3191/5700/1550
f 3192/5702/1551 3193/5703/1551 3194/5704/1551
f 3195/5706/1552 3196/5707/1552 3197/5709/1552
f 3198/5712/1553 3199/5713/1553 3200/5715/1553
f 3177/5673/1554 3184/5686/1554 3183/5685/1554
f 3178/5675/1555 3182/5684/1555 3179/5677/1555
f 3181/5682/1556 3188/5695/1556 3182/5684/1556
f 3185/5688/1557 3188/5695/1557 3187/5694/1557
f 3183/5685/1558 3196/5707/1558 3195/5706/1558
f 3186/5692/1559 3200/5715/1559 3187/5694/1559
f 3197/5710/2168 3200/5715/2168 3199/5714/2168
f 3189/5696/1561 3197/5710/1561 3190/5698/1561
f 3192/5701/1562 3199/5714/1562 3198/5711/1562
f 3193/5703/1563 3190/5698/1563 3194/5705/1563
f 3189/5696/1564 3178/5676/1564 3177/5673/1564
f 3192/5702/1565 3180/5680/1565 3193/5703/1565
f 3183/5685/1566 3189/5696/1566 3177/5673/1566
f 3217/5746/1567 3202/5718/1567 3215/5742/1567
f 3221/5753/1568 3218/5748/1568 3214/5741/1568
f 3210/5733/1569 3216/5744/1569 3222/5754/1569
f 3206/5727/1570 3208/5730/1570 3203/5720/1570
f 3209/5731/1571 3224/5758/1571 3220/5751/1571
f 3201/5716/1572 3202/5717/1572 3203/5721/1572
f 3204/5722/1573 3205/5724/1573 3206/5727/1573
f 3207/5728/1574 3208/5729/1574 3209/5732/1574
f 3210/5734/2169 3211/5736/2169 3212/5738/2169
f 3213/5739/1576 3214/5740/1576 3215/5743/1576
f 3216/5745/1577 3217/5746/1577 3218/5747/1577
f 3219/5749/1578 3220/5750/1578 3221/5752/1578
f 3222/5755/1579 3223/5756/1579 3224/5758/1579
f 3201/5716/1580 3208/5729/1580 3207/5728/1580
f 3202/5719/1581 3206/5727/1581 3203/5720/1581
f 3210/5734/1582 3206/5727/1582 3205/5724/1582
f 3211/5737/1583 3208/5730/1583 3212/5738/1583
f 3207/5728/1584 3220/5750/1584 3219/5749/1584
f 3210/5735/2170 3224/5758/2170 3211/5737/2170
f 3221/5753/1586 3224/5758/1586 3223/5757/1586
f 3213/5739/2171 3221/5753/2171 3214/5741/2171
f 3216/5744/1588 3223/5757/1588 3222/5754/1588
f 3217/5746/1589 3214/5741/1589 3218/5748/1589
f 3201/5716/1590 3215/5743/1590 3202/5717/1590
f 3216/5745/2172 3204/5723/2172 3217/5746/2172
f 3219/5749/1592 3201/5716/1592 3207/5728/1592
f 3239/5785/1593 3228/5766/1593 3226/5760/1593
f 3247/5800/1594 3238/5784/1594 3245/5796/1594
f 3234/5776/1595 3240/5788/1595 3246/5798/1595
f 3227/5764/1596 3236/5781/1596 3232/5773/1596
f 3233/5774/1597 3248/5801/1597 3244/5794/1597
f 3225/5759/1598 3226/5762/1598 3227/5763/1598
f 3228/5765/2173 3229/5767/2173 3230/5770/2173
f 3231/5771/1600 3232/5772/1600 3233/5775/1600
f 3234/5777/2174 3235/5779/2174 3236/5781/2174
f 3237/5782/2175 3238/5783/2175 3239/5786/2175
f 3240/5787/1603 3241/5789/1603 3242/5790/1603
f 3243/5792/2176 3244/5793/2176 3245/5795/2176
f 3246/5797/1605 3247/5799/1605 3248/5801/1605
f 3231/5771/1606 3227/5763/1606 3232/5772/1606
f 3228/5765/1607 3227/5764/1607 3226/5761/1607
f 3234/5777/1608 3230/5770/1608 3229/5767/1608
f 3233/5774/2177 3236/5781/2177 3235/5780/2177
f 3243/5792/1610 3233/5775/1610 3244/5793/1610
f 3234/5778/1611 3248/5801/1611 3235/5780/1611
f 3247/5800/1612 3244/5794/1612 3248/5801/1612
f 3237/5782/1613 3245/5796/1613 3238/5784/1613
f 3246/5798/1614 3242/5791/1614 3247/5800/1614
f 3239/5785/2178 3242/5791/2178 3241/5789/2178
f 3225/5759/2179 3239/5786/2179 3226/5762/2179
f 3229/5769/1617 3241/5789/1617 3240/5787/1617
f 3231/5771/1618 3237/5782/1618 3225/5759/1618
f 3263/5828/1619 3252/5809/1619 3250/5803/1619
f 3271/5843/1620 3262/5827/1620 3269/5839/1620
f 3258/5820/1621 3264/5830/1621 3270/5840/1621
f 3254/5813/1622 3256/5816/1622 3251/5807/1622
f 3259/5823/1623 3268/5837/1623 3257/5817/1623
f 3249/5802/1624 3250/5805/1624 3251/5806/1624
f 3252/5808/1625 3253/5810/1625 3254/5813/1625
f 3255/5814/2180 3256/5815/2180 3257/5818/2180
f 3258/5821/2181 3259/5822/2181 3260/5824/2181
f 3261/5825/2182 3262/5826/2182 3263/5829/2182
f 3264/5831/2183 3265/5832/2183 3266/5833/2183
f 3267/5835/2184 3268/5836/2184 3269/5838/2184
f 3270/5841/1631 3271/5842/1631 3272/5844/1631
f 3249/5802/1632 3256/5815/1632 3255/5814/1632
f 3252/5808/1633 3251/5807/1633 3250/5804/1633
f 3258/5821/1634 3254/5813/1634 3253/5810/1634
f 3257/5817/1635 3260/5824/1635 3259/5823/1635
f 3255/5814/2185 3268/5836/2185 3267/5835/2185
f 3270/5841/1637 3259/5823/1637 3258/5819/1637
f 3271/5843/2186 3268/5837/2186 3272/5844/2186
f 3267/5835/1639 3262/5827/1639 3261/5825/1639
f 3264/5830/1640 3271/5843/1640 3270/5840/1640
f 3263/5828/1641 3266/5834/1641 3265/5832/1641
f 3261/5825/1642 3250/5805/1642 3249/5802/1642
f 3264/5831/1643 3252/5809/1643 3265/5832/1643
f 3267/5835/1644 3249/5802/1644 3255/5814/1644
f 3287/5871/1645 3276/5852/1645 3274/5846/1645
f 3295/5886/1646 3286/5870/1646 3293/5882/1646
f 3282/5862/1647 3288/5873/1647 3294/5883/1647
f 3278/5856/1648 3280/5859/1648 3275/5849/1648
f 3281/5860/1649 3296/5887/1649 3292/5880/1649
f 3273/5845/1650 3274/5848/1650 3275/5850/1650
f 3276/5851/1651 3277/5854/1651 3278/5856/1651
f 3279/5857/1652 3280/5858/1652 3281/5861/1652
f 3282/5863/2187 3283/5865/2187 3284/5867/2187
f 3285/5868/1654 3286/5869/1654 3287/5872/1654
f 3288/5874/1655 3289/5875/1655 3290/5876/1655
f 3291/5878/1656 3292/5879/1656 3293/5881/1656
f 3294/5884/1657 3295/5885/1657 3296/5887/1657
f 3273/5845/1658 3280/5858/1658 3279/5857/1658
f 3274/5847/1659 3278/5856/1659 3275/5849/1659
f 3277/5854/1660 3284/5867/1660 3278/5856/1660
f 3281/5860/1661 3284/5867/1661 3283/5866/1661
f 3279/5857/1662 3292/5879/1662 3291/5878/1662
f 3282/5864/1663 3296/5887/1663 3283/5866/1663
f 3293/5882/1664 3296/5887/1664 3295/5886/1664
f 3291/5878/1665 3286/5870/1665 3285/5868/1665
f 3288/5873/1666 3295/5886/1666 3294/5883/1666
f 3289/5875/1667 3286/5870/1667 3290/5877/1667
f 3285/5868/1668 3274/5848/1668 3273/5845/1668
f 3288/5874/1669 3276/5852/1669 3289/5875/1669
f 3291/5878/1670 3273/5845/1670 3279/5857/1670
f 3311/5914/1671 3300/5895/1671 3298/5889/1671
f 3319/5929/1672 3310/5913/1672 3317/5925/1672
f 3318/5926/1673 3301/5897/1673 3312/5917/1673
f 3299/5893/1674 3308/5910/1674 3304/5902/1674
f 3307/5909/1675 3316/5923/1675 3305/5903/1675
f 3297/5888/1676 3298/5891/1676 3299/5892/1676
f 3300/5894/1677 3301/5896/1677 3302/5899/1677
f 3303/5900/1678 3304/5901/1678 3305/5904/1678
f 3306/5907/1679 3307/5908/1679 3308/5910/1679
f 3309/5911/1680 3310/5912/1680 3311/5915/1680
f 3312/5916/1681 3313/5918/1681 3314/5919/1681
f 3315/5921/1682 3316/5922/1682 3317/5924/1682
f 3318/5927/1683 3319/5928/1683 3320/5930/1683
f 3297/5888/1684 3304/5901/1684 3303/5900/1684
f 3300/5894/1685 3299/5893/1685 3298/5890/1685
f 3306/5907/1686 3302/5899/1686 3301/5896/1686
f 3305/5903/1687 3308/5910/1687 3307/5909/1687
f 3303/5900/1688 3316/5922/1688 3315/5921/1688
f 3318/5927/1689 3307/5909/1689 3306/5905/1689
f 3319/5929/1690 3316/5923/1690 3320/5930/1690
f 3309/5911/1691 3317/5925/1691 3310/5913/1691
f 3312/5917/1692 3319/5929/1692 3318/5926/1692
f 3313/5918/2188 3310/5913/2188 3314/5920/2188
f 3297/5888/1694 3311/5915/1694 3298/5891/1694
f 3301/5898/1695 3313/5918/1695 3312/5916/1695
f 3303/5900/1696 3309/5911/1696 3297/5888/1696
f 3337/5961/1697 3322/5933/1697 3335/5957/1697
f 3343/5972/1698 3334/5956/1698 3341/5968/1698
f 3330/5949/1699 3336/5959/1699 3342/5969/1699
f 3326/5942/1700 3328/5945/1700 3323/5936/1700
f 3331/5952/1701 3340/5966/1701 3329/5946/1701
f 3321/5931/2189 3322/5934/2189 3323/5935/2189
f 3324/5937/1703 3325/5939/1703 3326/5942/1703
f 3327/5943/2190 3328/5944/2190 3329/5947/2190
f 3330/5950/1705 3331/5951/1705 3332/5953/1705
f 3333/5954/1706 3334/5955/1706 3335/5958/1706
f 3336/5960/1707 3337/5961/1707 3338/5962/1707
f 3339/5964/2191 3340/5965/2191 3341/5967/2191
f 3342/5970/2192 3343/5971/2192 3344/5973/2192
f 3327/5943/1710 3323/5935/1710 3328/5944/1710
f 3324/5937/1711 3323/5936/1711 3322/5932/1711
f 3330/5950/1712 3326/5942/1712 3325/5939/1712
f 3329/5946/1713 3332/5953/1713 3331/5952/1713
f 3339/5964/1714 3329/5947/1714 3340/5965/1714
f 3342/5970/1715 3331/5952/1715 3330/5948/1715
f 3343/5972/1716 3340/5966/1716 3344/5973/1716
f 3339/5964/1717 3334/5956/1717 3333/5954/1717
f 3336/5959/2193 3343/5972/2193 3342/5969/2193
f 3337/5961/1719 3334/5956/1719 3338/5963/1719
f 3333/5954/1720 3322/5934/1720 3321/5931/1720
f 3336/5960/2194 3324/5938/2194 3337/5961/2194
f 3327/5943/1722 3333/5954/1722 3321/5931/1722
f 3361/6004/1723 3346/5976/1723 3359/6000/1723
f 3365/6011/1724 3362/6006/1724 3358/5999/1724
f 3354/5992/1725 3360/6002/1725 3366/6012/1725
f 3347/5979/1726 3356/5996/1726 3352/5988/1726
f 3355/5995/1727 3364/6009/1727 3353/5989/1727
f 3345/5974/1728 3346/5977/1728 3347/5978/1728
f 3348/5980/2195 3349/5982/2195 3350/5985/2195
f 3351/5986/2196 3352/5987/2196 3353/5990/2196
f 3354/5993/1731 3355/5994/1731 3356/5996/1731
f 3357/5997/1732 3358/5998/1732 3359/6001/1732
f 3360/6003/2197 3361/6004/2197 3362/6005/2197
f 3363/6007/2198 3364/6008/2198 3365/6010/2198
f 3366/6013/1735 3367/6014/1735 3368/6016/1735
f 3351/5986/1736 3347/5978/1736 3352/5987/1736
f 3348/5980/1737 3347/5979/1737 3346/5975/1737
f 3354/5993/1738 3350/5985/1738 3349/5982/1738
f 3355/5995/1739 3352/5988/1739 3356/5996/1739
f 3351/5986/1740 3364/6008/1740 3363/6007/1740
f 3366/6013/1741 3355/5995/1741 3354/5991/1741
f 3365/6011/1742 3368/6016/1742 3367/6015/1742
f 3357/5997/1743 3365/6011/1743 3358/5999/1743
f 3360/6002/1744 3367/6015/1744 3366/6012/1744
f 3361/6004/1745 3358/5999/1745 3362/6006/1745
f 3357/5997/1746 3346/5977/1746 3345/5974/1746
f 3360/6003/1747 3348/5981/1747 3361/6004/1747
f 3351/5986/1748 3357/5997/1748 3345/5974/1748
f 3383/6043/1749 3372/6024/1749 3370/6018/1749
f 3389/6054/1750 3386/6049/1750 3382/6042/1750
f 3390/6056/1751 3373/6026/1751 3384/6045/1751
f 3374/6028/1752 3376/6031/1752 3371/6021/1752
f 3377/6032/1753 3392/6059/1753 3388/6052/1753
f 3369/6017/1754 3370/6020/1754 3371/6022/1754
f 3372/6023/1755 3373/6025/1755 3374/6028/1755
f 3375/6029/1756 3376/6030/1756 3377/6033/1756
f 3378/6036/1757 3379/6037/1757 3380/6039/1757
f 3381/6040/1758 3382/6041/1758 3383/6044/1758
f 3384/6046/1759 3385/6047/1759 3386/6048/1759
f 3387/6050/1760 3388/6051/1760 3389/6053/1760
f 3390/6055/1761 3391/6057/1761 3392/6059/1761
f 3369/6017/1762 3376/6030/1762 3375/6029/1762
f 3370/6019/1763 3374/6028/1763 3371/6021/1763
f 3378/6036/1764 3374/6028/1764 3373/6025/1764
f 3377/6032/1765 3380/6039/1765 3379/6038/1765
f 3375/6029/1766 3388/6051/1766 3387/6050/1766
f 3390/6055/1767 3379/6038/1767 3378/6034/1767
f 3389/6054/2199 3392/6059/2199 3391/6058/2199
f 3381/6040/1769 3389/6054/1769 3382/6042/1769
f 3390/6056/1770 3386/6049/1770 3391/6058/1770
f 3385/6047/1771 3382/6042/1771 3386/6049/1771
f 3381/6040/2200 3370/6020/2200 3369/6017/2200
f 3384/6046/1773 3372/6024/1773 3385/6047/1773
f 3375/6029/1774 3381/6040/1774 3369/6017/1774
f 3409/6090/1775 3394/6062/1775 3407/6086/1775
f 3415/6101/1776 3406/6085/1776 3413/6097/1776
f 3414/6099/1777 3397/6069/1777 3408/6089/1777
f 3398/6071/1778 3400/6074/1778 3395/6065/1778
f 3401/6075/1779 3416/6102/1779 3412/6095/1779
f 3393/6060/1780 3394/6063/1780 3395/6064/1780
f 3396/6066/1781 3397/6068/1781 3398/6071/1781
f 3399/6072/1782 3400/6073/1782 3401/6076/1782
f 3402/6078/2201 3403/6080/2201 3404/6082/2201
f 3405/6083/2202 3406/6084/2202 3407/6087/2202
f 3408/6088/1785 3409/6090/1785 3410/6091/1785
f 3411/6093/1786 3412/6094/1786 3413/6096/1786
f 3414/6098/1787 3415/6100/1787 3416/6102/1787
f 3393/6060/1788 3400/6073/1788 3399/6072/1788
f 3396/6066/1789 3395/6065/1789 3394/6061/1789
f 3402/6078/1790 3398/6071/1790 3397/6068/1790
f 3403/6081/1791 3400/6074/1791 3404/6082/1791
f 3399/6072/1792 3412/6094/1792 3411/6093/1792
f 3402/6079/1793 3416/6102/1793 3403/6081/1793
f 3415/6101/1794 3412/6095/1794 3416/6102/1794
f 3411/6093/1795 3406/6085/1795 3405/6083/1795
f 3414/6099/1796 3410/6092/1796 3415/6101/1796
f 3407/6086/2203 3410/6092/2203 3409/6090/2203
f 3405/6083/1798 3394/6063/1798 3393/6060/1798
f 3397/6070/1799 3409/6090/1799 3408/6088/1799
f 3399/6072/1800 3405/6083/1800 3393/6060/1800
f 3433/6133/1801 3418/6105/1801 3431/6129/1801
f 3437/6140/1802 3434/6135/1802 3430/6128/1802
f 3426/6120/1803 3432/6132/1803 3438/6142/1803
f 3419/6108/1804 3428/6125/1804 3424/6117/1804
f 3425/6118/1805 3440/6145/1805 3436/6138/1805
f 3417/6103/1806 3418/6106/1806 3419/6107/1806
f 3420/6109/1807 3421/6112/1807 3422/6114/1807
f 3423/6115/2204 3424/6116/2204 3425/6119/2204
f 3426/6121/1809 3427/6123/1809 3428/6125/1809
f 3429/6126/2205 3430/6127/2205 3431/6130/2205
f 3432/6131/2206 3433/6133/2206 3434/6134/2206
f 3435/6136/1812 3436/6137/1812 3437/6139/1812
f 3438/6141/1813 3439/6143/1813 3440/6145/1813
f 3423/6115/2207 3419/6107/2207 3424/6116/2207
f 3420/6109/1815 3419/6108/1815 3418/6104/1815
f 3421/6112/1816 3428/6125/1816 3422/6114/1816
f 3427/6124/2208 3424/6117/2208 3428/6125/2208
f 3435/6136/1818 3425/6119/1818 3436/6137/1818
f 3426/6122/2209 3440/6145/2209 3427/6124/2209
f 3437/6140/2210 3440/6145/2210 3439/6144/2210
f 3429/6126/1821 3437/6140/1821 3430/6128/1821
f 3438/6142/1822 3434/6135/1822 3439/6144/1822
f 3433/6133/2211 3430/6128/2211 3434/6135/2211
f 3429/6126/2212 3418/6106/2212 3417/6103/2212
f 3421/6113/1825 3433/6133/1825 3432/6131/1825
f 3435/6136/1826 3417/6103/1826 3423/6115/1826
f 3457/6176/1827 3442/6147/1827 3455/6172/1827
f 3461/6183/1828 3458/6178/1828 3454/6171/1828
f 3450/6163/1829 3456/6174/1829 3462/6184/1829
f 3443/6150/1830 3452/6168/1830 3448/6160/1830
f 3449/6161/1831 3464/6188/1831 3460/6181/1831
f 3441/6146/1832 3442/6149/1832 3443/6151/1832
f 3444/6152/1833 3445/6155/1833 3446/6157/1833
f 3447/6158/1834 3448/6159/1834 3449/6162/1834
f 3450/6164/1835 3451/6166/1835 3452/6168/1835
f 3453/6169/2213 3454/6170/2213 3455/6173/2213
f 3456/6175/1837 3457/6176/1837 3458/6177/1837
f 3459/6179/1838 3460/6180/1838 3461/6182/1838
f 3462/6185/1839 3463/6186/1839 3464/6188/1839
f 3441/6146/1840 3448/6159/1840 3447/6158/1840
f 3442/6148/2214 3446/6157/2214 3443/6150/2214
f 3445/6155/1842 3452/6168/1842 3446/6157/1842
f 3451/6167/1843 3448/6160/1843 3452/6168/1843
f 3447/6158/1844 3460/6180/1844 3459/6179/1844
f 3450/6165/1845 3464/6188/1845 3451/6167/1845
f 3461/6183/2215 3464/6188/2215 3463/6187/2215
f 3459/6179/1847 3454/6171/1847 3453/6169/1847
f 3456/6174/2216 3463/6187/2216 3462/6184/2216
f 3455/6172/1849 3458/6178/1849 3457/6176/1849
f 3453/6169/1850 3442/6149/1850 3441/6146/1850
f 3456/6175/1851 3444/6153/1851 3457/6176/1851
f 3459/6179/2217 3441/6146/2217 3447/6158/2217
f 3479/6215/2218 3468/6196/2218 3466/6190/2218
f 3485/6226/1854 3482/6221/1854 3478/6214/1854
f 3474/6206/1855 3480/6218/1855 3486/6227/1855
f 3470/6200/1856 3472/6203/1856 3467/6194/1856
f 3473/6204/1857 3488/6231/1857 3484/6224/1857
f 3465/6189/1858 3466/6192/1858 3467/6193/1858
f 3468/6195/1859 3469/6197/1859 3470/6200/1859
f 3471/6201/1860 3472/6202/1860 3473/6205/1860
f 3474/6207/1861 3475/6209/1861 3476/6211/1861
f 3477/6212/2219 3478/6213/2219 3479/6216/2219
f 3480/6217/2220 3481/6219/2220 3482/6220/2220
f 3483/6222/2221 3484/6223/2221 3485/6225/2221
f 3486/6228/1865 3487/6229/1865 3488/6231/1865
f 3465/6189/1866 3472/6202/1866 3471/6201/1866
f 3468/6195/1867 3467/6194/1867 3466/6191/1867
f 3474/6207/1868 3470/6200/1868 3469/6197/1868
f 3473/6204/1869 3476/6211/1869 3475/6210/1869
f 3483/6222/2222 3473/6205/2222 3484/6223/2222
f 3474/6208/1871 3488/6231/1871 3475/6210/1871
f 3485/6226/1872 3488/6231/1872 3487/6230/1872
f 3483/6222/1873 3478/6214/1873 3477/6212/1873
f 3480/6218/1874 3487/6230/1874 3486/6227/1874
f 3479/6215/2223 3482/6221/2223 3481/6219/2223
f 3477/6212/1876 3466/6192/1876 3465/6189/1876
f 3469/6199/2224 3481/6219/2224 3480/6217/2224
f 3483/6222/1878 3465/6189/1878 3471/6201/1878
f 3505/6262/7 3490/6235/7 3503/6258/7
f 3511/6273/2225 3502/6257/2225 3509/6269/2225
f 3498/6250/9 3504/6260/9 3510/6270/9
f 3494/6243/10 3496/6246/10 3491/6237/10
f 3497/6247/11 3512/6274/11 3508/6267/11
f 3489/6232/2226 3490/6234/2226 3491/6236/2226
f 3492/6238/13 3493/6240/13 3494/6243/13
f 3495/6244/14 3496/6245/14 3497/6248/14
f 3498/6251/15 3499/6252/15 3500/6254/15
f 3501/6255/1881 3502/6256/1881 3503/6259/1881
f 3504/6261/2227 3505/6262/2227 3506/6263/2227
f 3507/6265/18 3508/6266/18 3509/6268/18
f 3510/6271/19 3511/6272/19 3512/6274/19
f 3489/6232/20 3496/6245/20 3495/6244/20
f 3492/6238/21 3491/6237/21 3490/6233/21
f 3498/6251/22 3494/6243/22 3493/6240/22
f 3497/6247/1883 3500/6254/1883 3499/6253/1883
f 3495/6244/24 3508/6266/24 3507/6265/24
f 3510/6271/25 3499/6253/25 3498/6249/25
f 3511/6273/26 3508/6267/26 3512/6274/26
f 3501/6255/27 3509/6269/27 3502/6257/27
f 3504/6260/28 3511/6273/28 3510/6270/28
f 3505/6262/1886 3502/6257/1886 3506/6264/1886
f 3489/6232/1887 3503/6259/1887 3490/6234/1887
f 3504/6261/31 3492/6239/31 3505/6262/31
f 3507/6265/32 3489/6232/32 3495/6244/32
f 3529/6305/33 3514/6276/33 3527/6301/33
f 3535/6316/2228 3526/6300/2228 3533/6312/2228
f 3522/6293/35 3528/6303/35 3534/6313/35
f 3515/6279/2229 3524/6297/2229 3520/6289/2229
f 3521/6290/37 3536/6317/37 3532/6310/37
f 3513/6275/38 3514/6278/38 3515/6280/38
f 3516/6281/39 3517/6284/39 3518/6286/39
f 3519/6287/40 3520/6288/40 3521/6291/40
f 3522/6294/41 3523/6295/41 3524/6297/41
f 3525/6298/2230 3526/6299/2230 3527/6302/2230
f 3528/6304/43 3529/6305/43 3530/6306/43
f 3531/6308/44 3532/6309/44 3533/6311/44
f 3534/6314/45 3535/6315/45 3536/6317/45
f 3519/6287/2231 3515/6280/2231 3520/6288/2231
f 3514/6277/2232 3518/6286/2232 3515/6279/2232
f 3517/6284/48 3524/6297/48 3518/6286/48
f 3521/6290/49 3524/6297/49 3523/6296/49
f 3531/6308/1888 3521/6291/1888 3532/6309/1888
f 3534/6314/2233 3523/6296/2233 3522/6292/2233
f 3535/6316/52 3532/6310/52 3536/6317/52
f 3525/6298/53 3533/6312/53 3526/6300/53
f 3528/6303/54 3535/6316/54 3534/6313/54
f 3529/6305/1890 3526/6300/1890 3530/6307/1890
f 3525/6298/56 3514/6278/56 3513/6275/56
f 3528/6304/57 3516/6282/57 3529/6305/57
f 3519/6287/58 3525/6298/58 3513/6275/58
f 3553/6348/2234 3538/6320/2234 3551/6344/2234
f 3557/6355/60 3554/6350/60 3550/6343/60
f 3558/6357/61 3541/6326/61 3552/6347/61
f 3539/6322/62 3548/6340/62 3544/6332/62
f 3545/6333/63 3560/6360/63 3556/6353/63
f 3537/6318/64 3538/6319/64 3539/6323/64
f 3540/6324/65 3541/6327/65 3542/6329/65
f 3543/6330/1893 3544/6331/1893 3545/6334/1893
f 3546/6337/2235 3547/6338/2235 3548/6340/2235
f 3549/6341/68 3550/6342/68 3551/6345/68
f 3552/6346/69 3553/6348/69 3554/6349/69
f 3555/6351/70 3556/6352/70 3557/6354/70
f 3558/6356/71 3559/6358/71 3560/6360/71
f 3537/6318/72 3544/6331/72 3543/6330/72
f 3538/6321/73 3542/6329/73 3539/6322/73
f 3541/6327/74 3548/6340/74 3542/6329/74
f 3545/6333/75 3548/6340/75 3547/6339/75
f 3555/6351/76 3545/6334/76 3556/6352/76
f 3558/6356/77 3547/6339/77 3546/6335/77
f 3559/6359/78 3556/6353/78 3560/6360/78
f 3549/6341/79 3557/6355/79 3550/6343/79
f 3558/6357/80 3554/6350/80 3559/6359/80
f 3553/6348/81 3550/6343/81 3554/6350/81
f 3537/6318/1899 3551/6345/1899 3538/6319/1899
f 3541/6328/83 3553/6348/83 3552/6346/83
f 3543/6330/84 3549/6341/84 3537/6318/84
f 3577/6391/85 3562/6362/85 3575/6387/85
f 3583/6402/86 3574/6386/86 3581/6398/86
f 3582/6400/87 3565/6369/87 3576/6390/87
f 3566/6372/88 3568/6375/88 3563/6365/88
f 3569/6376/89 3584/6403/89 3580/6396/89
f 3561/6361/2236 3562/6364/2236 3563/6366/2236
f 3564/6367/91 3565/6370/91 3566/6372/91
f 3567/6373/92 3568/6374/92 3569/6377/92
f 3570/6380/2237 3571/6381/2237 3572/6383/2237
f 3573/6384/1900 3574/6385/1900 3575/6388/1900
f 3576/6389/95 3577/6391/95 3578/6392/95
f 3579/6394/96 3580/6395/96 3581/6397/96
f 3582/6399/1901 3583/6401/1901 3584/6403/1901
f 3567/6373/98 3563/6366/98 3568/6374/98
f 3562/6363/99 3566/6372/99 3563/6365/99
f 3565/6370/100 3572/6383/100 3566/6372/100
f 3569/6376/101 3572/6383/101 3571/6382/101
f 3567/6373/102 3580/6395/102 3579/6394/102
f 3582/6399/103 3571/6382/103 3570/6378/103
f 3583/6402/104 3580/6396/104 3584/6403/104
f 3573/6384/105 3581/6398/105 3574/6386/105
f 3582/6400/1903 3578/6393/1903 3583/6402/1903
f 3577/6391/2238 3574/6386/2238 3578/6393/2238
f 3573/6384/108 3562/6364/108 3561/6361/108
f 3565/6371/109 3577/6391/109 3576/6389/109
f 3567/6373/110 3573/6384/110 3561/6361/110
f 3601/6434/111 3586/6407/111 3599/6430/111
f 3607/6445/112 3598/6429/112 3605/6441/112
f 3594/6422/113 3600/6432/113 3606/6443/113
f 3587/6409/114 3596/6426/114 3592/6418/114
f 3593/6419/115 3608/6446/115 3604/6439/115
f 3585/6404/116 3586/6406/116 3587/6408/116
f 3588/6410/117 3589/6412/117 3590/6415/117
f 3591/6416/118 3592/6417/118 3593/6420/118
f 3594/6423/2239 3595/6424/2239 3596/6426/2239
f 3597/6427/2240 3598/6428/2240 3599/6431/2240
f 3600/6433/121 3601/6434/121 3602/6435/121
f 3603/6437/1906 3604/6438/1906 3605/6440/1906
f 3606/6442/123 3607/6444/123 3608/6446/123
f 3585/6404/124 3592/6417/124 3591/6416/124
f 3588/6410/2241 3587/6409/2241 3586/6405/2241
f 3594/6423/126 3590/6415/126 3589/6412/126
f 3593/6419/127 3596/6426/127 3595/6425/127
f 3591/6416/128 3604/6438/128 3603/6437/128
f 3606/6442/129 3595/6425/129 3594/6421/129
f 3607/6445/2242 3604/6439/2242 3608/6446/2242
f 3597/6427/131 3605/6441/131 3598/6429/131
f 3606/6443/132 3602/6436/132 3607/6445/132
f 3601/6434/133 3598/6429/133 3602/6436/133
f 3585/6404/134 3599/6431/134 3586/6406/134
f 3600/6433/2243 3588/6411/2243 3601/6434/2243
f 3591/6416/136 3597/6427/136 3585/6404/136
f 3623/6473/137 3612/6454/137 3610/6448/137
f 3629/6484/138 3626/6479/138 3622/6472/138
f 3630/6486/139 3613/6456/139 3624/6476/139
f 3614/6458/140 3616/6461/140 3611/6451/140
f 3617/6462/1909 3632/6489/1909 3628/6482/1909
f 3609/6447/142 3610/6449/142 3611/6452/142
f 3612/6453/2244 3613/6455/2244 3614/6458/2244
f 3615/6459/144 3616/6460/144 3617/6463/144
f 3618/6465/1911 3619/6467/1911 3620/6469/1911
f 3621/6470/146 3622/6471/146 3623/6474/146
f 3624/6475/147 3625/6477/147 3626/6478/147
f 3627/6480/1912 3628/6481/1912 3629/6483/1912
f 3630/6485/149 3631/6487/149 3632/6489/149
f 3615/6459/150 3611/6452/150 3616/6460/150
f 3610/6450/2245 3614/6458/2245 3611/6451/2245
f 3618/6465/152 3614/6458/152 3613/6455/152
f 3617/6462/153 3620/6469/153 3619/6468/153
f 3627/6480/154 3617/6463/154 3628/6481/154
f 3618/6466/155 3632/6489/155 3619/6468/155
f 3631/6488/1915 3628/6482/1915 3632/6489/1915
f 3627/6480/157 3622/6472/157 3621/6470/157
f 3630/6486/158 3626/6479/158 3631/6488/158
f 3623/6473/159 3626/6479/159 3625/6477/159
f 3609/6447/1917 3623/6474/1917 3610/6449/1917
f 3613/6457/161 3625/6477/161 3624/6475/161
f 3615/6459/162 3621/6470/162 3609/6447/162
f 3647/6516/163 3636/6497/163 3634/6491/163
f 3655/6531/2246 3646/6515/2246 3653/6527/2246
f 3642/6507/2247 3648/6518/2247 3654/6528/2247
f 3635/6494/166 3644/6512/166 3640/6504/166
f 3643/6511/167 3652/6525/167 3641/6505/167
f 3633/6490/1918 3634/6493/1918 3635/6495/1918
f 3636/6496/169 3637/6498/169 3638/6501/169
f 3639/6502/170 3640/6503/170 3641/6506/170
f 3642/6508/171 3643/6510/171 3644/6512/171
f 3645/6513/2248 3646/6514/2248 3647/6517/2248
f 3648/6519/173 3649/6520/173 3650/6521/173
f 3651/6523/174 3652/6524/174 3653/6526/174
f 3654/6529/175 3655/6530/175 3656/6532/175
f 3633/6490/176 3640/6503/176 3639/6502/176
f 3634/6492/177 3638/6501/177 3635/6494/177
f 3642/6508/178 3638/6501/178 3637/6498/178
f 3641/6505/179 3644/6512/179 3643/6511/179
f 3639/6502/180 3652/6524/180 3651/6523/180
f 3642/6509/1922 3656/6532/1922 3643/6511/1922
f 3655/6531/182 3652/6525/182 3656/6532/182
f 3651/6523/183 3646/6515/183 3645/6513/183
f 3648/6518/184 3655/6531/184 3654/6528/184
f 3649/6520/185 3646/6515/185 3650/6522/185
f 3645/6513/186 3634/6493/186 3633/6490/186
f 3648/6519/187 3636/6497/187 3649/6520/187
f 3639/6502/188 3645/6513/188 3633/6490/188
f 3673/6563/189 3658/6534/189 3671/6559/189
f 3679/6574/190 3670/6558/190 3677/6570/190
f 3666/6550/191 3672/6561/191 3678/6571/191
f 3662/6544/192 3664/6547/192 3659/6537/192
f 3667/6554/2249 3676/6568/2249 3665/6548/2249
f 3657/6533/194 3658/6536/194 3659/6538/194
f 3660/6539/1925 3661/6541/1925 3662/6544/1925
f 3663/6545/196 3664/6546/196 3665/6549/196
f 3666/6551/197 3667/6553/197 3668/6555/197
f 3669/6556/198 3670/6557/198 3671/6560/198
f 3672/6562/2250 3673/6563/2250 3674/6564/2250
f 3675/6566/200 3676/6567/200 3677/6569/200
f 3678/6572/201 3679/6573/201 3680/6575/201
f 3657/6533/1927 3664/6546/1927 3663/6545/1927
f 3658/6535/203 3662/6544/203 3659/6537/203
f 3666/6551/2251 3662/6544/2251 3661/6541/2251
f 3665/6548/205 3668/6555/205 3667/6554/205
f 3663/6545/206 3676/6567/206 3675/6566/206
f 3666/6552/1929 3680/6575/1929 3667/6554/1929
f 3677/6570/208 3680/6575/208 3679/6574/208
f 3675/6566/209 3670/6558/209 3669/6556/209
f 3672/6561/2252 3679/6574/2252 3678/6571/2252
f 3673/6563/211 3670/6558/211 3674/6565/211
f 3669/6556/212 3658/6536/212 3657/6533/212
f 3672/6562/2253 3660/6540/2253 3673/6563/2253
f 3675/6566/214 3657/6533/214 3663/6545/214
f 3695/6602/2254 3684/6583/2254 3682/6577/2254
f 3703/6617/216 3694/6601/216 3701/6613/216
f 3690/6593/217 3696/6604/217 3702/6614/217
f 3686/6587/218 3688/6590/218 3683/6581/218
f 3691/6597/219 3700/6611/219 3689/6591/219
f 3681/6576/2255 3682/6579/2255 3683/6580/2255
f 3684/6582/221 3685/6584/221 3686/6587/221
f 3687/6588/222 3688/6589/222 3689/6592/222
f 3690/6594/223 3691/6596/223 3692/6598/223
f 3693/6599/2256 3694/6600/2256 3695/6603/2256
f 3696/6605/225 3697/6606/225 3698/6607/225
f 3699/6609/226 3700/6610/226 3701/6612/226
f 3702/6615/227 3703/6616/227 3704/6618/227
f 3687/6588/228 3683/6580/228 3688/6589/228
f 3684/6582/2257 3683/6581/2257 3682/6578/2257
f 3690/6594/1930 3686/6587/1930 3685/6584/1930
f 3689/6591/2258 3692/6598/2258 3691/6597/2258
f 3699/6609/2259 3689/6592/2259 3700/6610/2259
f 3690/6595/233 3704/6618/233 3691/6597/233
f 3703/6617/1931 3700/6611/1931 3704/6618/1931
f 3699/6609/2260 3694/6601/2260 3693/6599/2260
f 3696/6604/2261 3703/6617/2261 3702/6614/2261
f 3695/6602/1932 3698/6608/1932 3697/6606/1932
f 3681/6576/238 3695/6603/238 3682/6579/238
f 3696/6605/239 3684/6583/239 3697/6606/239
f 3699/6609/240 3681/6576/240 3687/6588/240
f 3721/6649/241 3706/6621/241 3719/6645/241
f 3727/6660/242 3718/6644/242 3725/6656/242
f 3726/6658/243 3709/6627/243 3720/6647/243
f 3710/6630/244 3712/6633/244 3707/6623/244
f 3715/6640/245 3724/6654/245 3713/6634/245
f 3705/6619/246 3706/6620/246 3707/6624/246
f 3708/6625/247 3709/6628/247 3710/6630/247
f 3711/6631/2262 3712/6632/2262 3713/6635/2262
f 3714/6638/249 3715/6639/249 3716/6641/249
f 3717/6642/250 3718/6643/250 3719/6646/250
f 3720/6648/2263 3721/6649/2263 3722/6650/2263
f 3723/6652/2264 3724/6653/2264 3725/6655/2264
f 3726/6657/253 3727/6659/253 3728/6661/253
f 3705/6619/1934 3712/6632/1934 3711/6631/1934
f 3706/6622/255 3710/6630/255 3707/6623/255
f 3709/6628/256 3716/6641/256 3710/6630/256
f 3715/6640/2265 3712/6633/2265 3716/6641/2265
f 3711/6631/258 3724/6653/258 3723/6652/258
f 3726/6657/259 3715/6640/259 3714/6636/259
f 3725/6656/2266 3728/6661/2266 3727/6660/2266
f 3723/6652/261 3718/6644/261 3717/6642/261
f 3726/6658/2267 3722/6651/2267 3727/6660/2267
f 3721/6649/263 3718/6644/263 3722/6651/263
f 3705/6619/264 3719/6646/264 3706/6620/264
f 3720/6648/265 3708/6626/265 3721/6649/265
f 3723/6652/266 3705/6619/266 3711/6631/266
f 3743/6688/267 3732/6669/267 3730/6663/267
f 3751/6703/268 3742/6687/268 3749/6699/268
f 3738/6679/269 3744/6691/269 3750/6700/269
f 3731/6667/270 3740/6684/270 3736/6676/270
f 3739/6683/271 3748/6697/271 3737/6677/271
f 3729/6662/272 3730/6665/272 3731/6666/272
f 3732/6668/273 3733/6671/273 3734/6673/273
f 3735/6674/1936 3736/6675/1936 3737/6678/1936
f 3738/6680/275 3739/6682/275 3740/6684/275
f 3741/6685/276 3742/6686/276 3743/6689/276
f 3744/6690/1938 3745/6692/1938 3746/6693/1938
f 3747/6695/2268 3748/6696/2268 3749/6698/2268
f 3750/6701/279 3751/6702/279 3752/6704/279
f 3735/6674/280 3731/6666/280 3736/6675/280
f 3732/6668/281 3731/6667/281 3730/6664/281
f 3733/6671/282 3740/6684/282 3734/6673/282
f 3739/6683/283 3736/6676/283 3740/6684/283
f 3747/6695/284 3737/6678/284 3748/6696/284
f 3738/6681/285 3752/6704/285 3739/6683/285
f 3751/6703/286 3748/6697/286 3752/6704/286
f 3741/6685/287 3749/6699/287 3742/6687/287
f 3744/6691/288 3751/6703/288 3750/6700/288
f 3743/6688/289 3746/6694/289 3745/6692/289
f 3741/6685/290 3730/6665/290 3729/6662/290
f 3733/6672/291 3745/6692/291 3744/6690/291
f 3735/6674/292 3741/6685/292 3729/6662/292
f 3767/6731/293 3756/6712/293 3754/6706/293
f 3775/6746/294 3766/6730/294 3773/6742/294
f 3774/6743/295 3757/6714/295 3768/6734/295
f 3755/6710/296 3764/6727/296 3760/6719/296
f 3761/6720/297 3776/6747/297 3772/6740/297
f 3753/6705/298 3754/6708/298 3755/6709/298
f 3756/6711/299 3757/6713/299 3758/6716/299
f 3759/6717/300 3760/6718/300 3761/6721/300
f 3762/6724/301 3763/6725/301 3764/6727/301
f 3765/6728/302 3766/6729/302 3767/6732/302
f 3768/6733/303 3769/6735/303 3770/6736/303
f 3771/6738/304 3772/6739/304 3773/6741/304
f 3774/6744/305 3775/6745/305 3776/6747/305
f 3759/6717/306 3755/6709/306 3760/6718/306
f 3756/6711/307 3755/6710/307 3754/6707/307
f 3762/6724/308 3758/6716/308 3757/6713/308
f 3763/6726/309 3760/6719/309 3764/6727/309
f 3771/6738/310 3761/6721/310 3772/6739/310
f 3774/6744/311 3763/6726/311 3762/6722/311
f 3773/6742/312 3776/6747/312 3775/6746/312
f 3771/6738/313 3766/6730/313 3765/6728/313
f 3768/6734/314 3775/6746/314 3774/6743/314
f 3769/6735/1944 3766/6730/1944 3770/6737/1944
f 3753/6705/316 3767/6732/316 3754/6708/316
f 3757/6715/317 3769/6735/317 3768/6733/317
f 3771/6738/318 3753/6705/318 3759/6717/318
f 3793/6778/319 3778/6750/319 3791/6774/319
f 3799/6789/320 3790/6773/320 3797/6785/320
f 3786/6765/321 3792/6776/321 3798/6787/321
f 3779/6753/322 3788/6770/322 3784/6762/322
f 3785/6763/323 3800/6790/323 3796/6783/323
f 3777/6748/2269 3778/6751/2269 3779/6752/2269
f 3780/6754/325 3781/6756/325 3782/6759/325
f 3783/6760/326 3784/6761/326 3785/6764/326
f 3786/6766/327 3787/6768/327 3788/6770/327
f 3789/6771/328 3790/6772/328 3791/6775/328
f 3792/6777/329 3793/6778/329 3794/6779/329
f 3795/6781/2270 3796/6782/2270 3797/6784/2270
f 3798/6786/2271 3799/6788/2271 3800/6790/2271
f 3777/6748/332 3784/6761/332 3783/6760/332
f 3780/6754/333 3779/6753/333 3778/6749/333
f 3786/6766/334 3782/6759/334 3781/6756/334
f 3785/6763/335 3788/6770/335 3787/6769/335
f 3795/6781/336 3785/6764/336 3796/6782/336
f 3786/6767/337 3800/6790/337 3787/6769/337
f 3797/6785/338 3800/6790/338 3799/6789/338
f 3789/6771/339 3797/6785/339 3790/6773/339
f 3798/6787/340 3794/6780/340 3799/6789/340
f 3793/6778/341 3790/6773/341 3794/6780/341
f 3789/6771/2272 3778/6751/2272 3777/6748/2272
f 3792/6777/343 3780/6755/343 3793/6778/343
f 3783/6760/344 3789/6771/344 3777/6748/344
f 3815/6817/345 3804/6798/345 3802/6792/345
f 3821/6828/346 3818/6823/346 3814/6816/346
f 3822/6830/347 3805/6799/347 3816/6819/347
f 3806/6802/348 3808/6805/348 3803/6796/348
f 3811/6812/349 3820/6826/349 3809/6806/349
f 3801/6791/350 3802/6794/350 3803/6795/350
f 3804/6797/2273 3805/6800/2273 3806/6802/2273
f 3807/6803/352 3808/6804/352 3809/6807/352
f 3810/6809/1951 3811/6811/1951 3812/6813/1951
f 3813/6814/354 3814/6815/354 3815/6818/354
f 3816/6820/355 3817/6821/355 3818/6822/355
f 3819/6824/2274 3820/6825/2274 3821/6827/2274
f 3822/6829/357 3823/6831/357 3824/6833/357
f 3801/6791/358 3808/6804/358 3807/6803/358
f 3804/6797/359 3803/6796/359 3802/6793/359
f 3805/6800/360 3812/6813/360 3806/6802/360
f 3811/6812/1954 3808/6805/1954 3812/6813/1954
f 3819/6824/362 3809/6807/362 3820/6825/362
f 3810/6810/363 3824/6833/363 3811/6812/363
f 3823/6832/364 3820/6826/364 3824/6833/364
f 3813/6814/365 3821/6828/365 3814/6816/365
f 3822/6830/366 3818/6823/366 3823/6832/366
f 3815/6817/367 3818/6823/367 3817/6821/367
f 3813/6814/368 3802/6794/368 3801/6791/368
f 3816/6820/2275 3804/6798/2275 3817/6821/2275
f 3807/6803/370 3813/6814/370 3801/6791/370
f 3839/6860/371 3828/6841/371 3826/6835/371
f 3845/6871/372 3842/6866/372 3838/6859/372
f 3834/6851/373 3840/6862/373 3846/6873/373
f 3830/6845/374 3832/6848/374 3827/6839/374
f 3833/6849/375 3848/6876/375 3844/6869/375
f 3825/6834/376 3826/6837/376 3827/6838/376
f 3828/6840/377 3829/6842/377 3830/6845/377
f 3831/6846/2276 3832/6847/2276 3833/6850/2276
f 3834/6852/379 3835/6854/379 3836/6856/379
f 3837/6857/1959 3838/6858/1959 3839/6861/1959
f 3840/6863/381 3841/6864/381 3842/6865/381
f 3843/6867/382 3844/6868/382 3845/6870/382
f 3846/6872/2277 3847/6874/2277 3848/6876/2277
f 3831/6846/2278 3827/6838/2278 3832/6847/2278
f 3828/6840/385 3827/6839/385 3826/6836/385
f 3834/6852/386 3830/6845/386 3829/6842/386
f 3835/6855/1962 3832/6848/1962 3836/6856/1962
f 3831/6846/388 3844/6868/388 3843/6867/388
f 3834/6853/389 3848/6876/389 3835/6855/389
f 3845/6871/390 3848/6876/390 3847/6875/390
f 3843/6867/391 3838/6859/391 3837/6857/391
f 3846/6873/392 3842/6866/392 3847/6875/392
f 3841/6864/2279 3838/6859/2279 3842/6866/2279
f 3825/6834/2280 3839/6861/2280 3826/6837/2280
f 3840/6863/395 3828/6841/395 3841/6864/395
f 3843/6867/396 3825/6834/396 3831/6846/396
f 3865/6907/397 3850/6879/397 3863/6903/397
f 3871/6918/398 3862/6902/398 3869/6914/398
f 3870/6916/399 3853/6886/399 3864/6906/399
f 3854/6888/400 3856/6891/400 3851/6882/400
f 3859/6898/401 3868/6912/401 3857/6892/401
f 3849/6877/2281 3850/6880/2281 3851/6881/2281
f 3852/6883/2282 3853/6885/2282 3854/6888/2282
f 3855/6889/404 3856/6890/404 3857/6893/404
f 3858/6895/405 3859/6897/405 3860/6899/405
f 3861/6900/406 3862/6901/406 3863/6904/406
f 3864/6905/407 3865/6907/407 3866/6908/407
f 3867/6910/408 3868/6911/408 3869/6913/408
f 3870/6915/409 3871/6917/409 3872/6919/409
f 3849/6877/410 3856/6890/410 3855/6889/410
f 3852/6883/411 3851/6882/411 3850/6878/411
f 3858/6895/412 3854/6888/412 3853/6885/412
f 3859/6898/2283 3856/6891/2283 3860/6899/2283
f 3855/6889/414 3868/6911/414 3867/6910/414
f 3858/6896/415 3872/6919/415 3859/6898/415
f 3871/6918/2284 3868/6912/2284 3872/6919/2284
f 3861/6900/2285 3869/6914/2285 3862/6902/2285
f 3870/6916/418 3866/6909/418 3871/6918/418
f 3865/6907/2286 3862/6902/2286 3866/6909/2286
f 3861/6900/420 3850/6880/420 3849/6877/420
f 3853/6887/421 3865/6907/421 3864/6905/421
f 3855/6889/422 3861/6900/422 3849/6877/422
f 3889/6950/2287 3874/6922/2287 3887/6946/2287
f 3895/6961/424 3886/6945/424 3893/6957/424
f 3882/6937/425 3888/6949/425 3894/6958/425
f 3878/6931/426 3880/6934/426 3875/6924/426
f 3881/6935/2288 3896/6962/2288 3892/6955/2288
f 3873/6920/1970 3874/6921/1970 3875/6925/1970
f 3876/6926/2289 3877/6928/2289 3878/6931/2289
f 3879/6932/430 3880/6933/430 3881/6936/430
f 3882/6938/431 3883/6940/431 3884/6942/431
f 3885/6943/432 3886/6944/432 3887/6947/432
f 3888/6948/433 3889/6950/433 3890/6951/433
f 3891/6953/2290 3892/6954/2290 3893/6956/2290
f 3894/6959/435 3895/6960/435 3896/6962/435
f 3873/6920/436 3880/6933/436 3879/6932/436
f 3874/6923/437 3878/6931/437 3875/6924/437
f 3882/6938/438 3878/6931/438 3877/6928/438
f 3881/6935/439 3884/6942/439 3883/6941/439
f 3879/6932/440 3892/6954/440 3891/6953/440
f 3882/6939/441 3896/6962/441 3883/6941/441
f 3895/6961/442 3892/6955/442 3896/6962/442
f 3891/6953/443 3886/6945/443 3885/6943/443
f 3888/6949/444 3895/6961/444 3894/6958/444
f 3889/6950/445 3886/6945/445 3890/6952/445
f 3873/6920/446 3887/6947/446 3874/6921/446
f 3877/6930/2291 3889/6950/2291 3888/6948/2291
f 3891/6953/448 3873/6920/448 3879/6932/448
f 3913/6993/449 3898/6965/449 3911/6989/449
f 3919/7004/450 3910/6988/450 3917/7000/450
f 3906/6981/451 3912/6992/451 3918/7001/451
f 3899/6968/452 3908/6985/452 3904/6977/452
f 3907/6984/453 3916/6998/453 3905/6978/453
f 3897/6963/454 3898/6966/454 3899/6967/454
f 3900/6969/1974 3901/6971/1974 3902/6974/1974
f 3903/6975/1975 3904/6976/1975 3905/6979/1975
f 3906/6982/1976 3907/6983/1976 3908/6985/1976
f 3909/6986/1977 3910/6987/1977 3911/6990/1977
f 3912/6991/2292 3913/6993/2292 3914/6994/2292
f 3915/6996/460 3916/6997/460 3917/6999/460
f 3918/7002/461 3919/7003/461 3920/7005/461
f 3897/6963/462 3904/6976/462 3903/6975/462
f 3900/6969/463 3899/6968/463 3898/6964/463
f 3906/6982/464 3902/6974/464 3901/6971/464
f 3905/6978/465 3908/6985/465 3907/6984/465
f 3915/6996/466 3905/6979/466 3916/6997/466
f 3918/7002/467 3907/6984/467 3906/6980/467
f 3919/7004/2293 3916/6998/2293 3920/7005/2293
f 3915/6996/469 3910/6988/469 3909/6986/469
f 3912/6992/470 3919/7004/470 3918/7001/470
f 3911/6989/1979 3914/6995/1979 3913/6993/1979
f 3909/6986/2294 3898/6966/2294 3897/6963/2294
f 3901/6973/473 3913/6993/473 3912/6991/473
f 3903/6975/474 3909/6986/474 3897/6963/474
f 3937/7036/475 3922/7009/475 3935/7032/475
f 3941/7043/476 3938/7038/476 3934/7031/476
f 3930/7024/477 3936/7035/477 3942/7045/477
f 3923/7011/478 3932/7028/478 3928/7020/478
f 3929/7021/479 3944/7048/479 3940/7041/479
f 3921/7006/480 3922/7008/480 3923/7010/480
f 3924/7012/2295 3925/7014/2295 3926/7017/2295
f 3927/7018/2296 3928/7019/2296 3929/7022/2296
f 3930/7025/483 3931/7026/483 3932/7028/483
f 3933/7029/484 3934/7030/484 3935/7033/484
f 3936/7034/485 3937/7036/485 3938/7037/485
f 3939/7039/486 3940/7040/486 3941/7042/486
f 3942/7044/487 3943/7046/487 3944/7048/487
f 3927/7018/488 3923/7010/488 3928/7019/488
f 3924/7012/489 3923/7011/489 3922/7007/489
f 3930/7025/490 3926/7017/490 3925/7014/490
f 3929/7021/491 3932/7028/491 3931/7027/491
f 3927/7018/492 3940/7040/492 3939/7039/492
f 3942/7044/493 3931/7027/493 3930/7023/493
f 3943/7047/494 3940/7041/494 3944/7048/494
f 3933/7029/495 3941/7043/495 3934/7031/495
f 3942/7045/2297 3938/7038/2297 3943/7047/2297
f 3935/7032/497 3938/7038/497 3937/7036/497
f 3921/7006/2298 3935/7033/2298 3922/7008/2298
f 3925/7016/499 3937/7036/499 3936/7034/499
f 3927/7018/500 3933/7029/500 3921/7006/500
f 3961/7079/501 3946/7050/501 3959/7075/501
f 3965/7086/502 3962/7081/502 3958/7074/502
f 3966/7088/503 3949/7057/503 3960/7077/503
f 3950/7060/504 3952/7063/504 3947/7053/504
f 3955/7070/1985 3964/7084/1985 3953/7064/1985
f 3945/7049/506 3946/7052/506 3947/7054/506
f 3948/7055/507 3949/7058/507 3950/7060/507
f 3951/7061/1986 3952/7062/1986 3953/7065/1986
f 3954/7068/509 3955/7069/509 3956/7071/509
f 3957/7072/2299 3958/7073/2299 3959/7076/2299
f 3960/7078/511 3961/7079/511 3962/7080/511
f 3963/7082/512 3964/7083/512 3965/7085/512
f 3966/7087/513 3967/7089/513 3968/7091/513
f 3945/7049/514 3952/7062/514 3951/7061/514
f 3946/7051/515 3950/7060/515 3947/7053/515
f 3949/7058/516 3956/7071/516 3950/7060/516
f 3955/7070/517 3952/7063/517 3956/7071/517
f 3963/7082/2300 3953/7065/2300 3964/7083/2300
f 3966/7087/519 3955/7070/519 3954/7066/519
f 3967/7090/520 3964/7084/520 3968/7091/520
f 3963/7082/521 3958/7074/521 3957/7072/521
f 3966/7088/522 3962/7081/522 3967/7090/522
f 3961/7079/523 3958/7074/523 3962/7081/523
f 3957/7072/524 3946/7052/524 3945/7049/524
f 3960/7078/525 3948/7056/525 3961/7079/525
f 3963/7082/526 3945/7049/526 3951/7061/526
f 3983/7118/527 3972/7099/527 3970/7093/527
f 3989/7129/528 3986/7124/528 3982/7117/528
f 3978/7110/529 3984/7120/529 3990/7130/529
f 3971/7096/2301 3980/7114/2301 3976/7106/2301
f 3977/7107/531 3992/7134/531 3988/7127/531
f 3969/7092/532 3970/7094/532 3971/7097/532
f 3972/7098/2302 3973/7101/2302 3974/7103/2302
f 3975/7104/1994 3976/7105/1994 3977/7108/1994
f 3978/7111/535 3979/7112/535 3980/7114/535
f 3981/7115/536 3982/7116/536 3983/7119/536
f 3984/7121/537 3985/7122/537 3986/7123/537
f 3987/7125/2303 3988/7126/2303 3989/7128/2303
f 3990/7131/2304 3991/7132/2304 3992/7134/2304
f 3969/7092/540 3976/7105/540 3975/7104/540
f 3970/7095/541 3974/7103/541 3971/7096/541
f 3973/7101/2305 3980/7114/2305 3974/7103/2305
f 3979/7113/543 3976/7106/543 3980/7114/543
f 3987/7125/544 3977/7108/544 3988/7126/544
f 3990/7131/545 3979/7113/545 3978/7109/545
f 3989/7129/2306 3992/7134/2306 3991/7133/2306
f 3987/7125/547 3982/7117/547 3981/7115/547
f 3984/7120/548 3991/7133/548 3990/7130/548
f 3983/7118/549 3986/7124/549 3985/7122/549
f 3969/7092/550 3983/7119/550 3970/7094/550
f 3984/7121/551 3972/7099/551 3985/7122/551
f 3975/7104/552 3981/7115/552 3969/7092/552
f 4009/7165/2307 3994/7136/2307 4007/7161/2307
f 4013/7172/554 4010/7167/554 4006/7160/554
f 4002/7153/555 4008/7164/555 4014/7173/555
f 3998/7146/556 4000/7149/556 3995/7139/556
f 4003/7156/557 4012/7170/557 4001/7150/557
f 3993/7135/558 3994/7138/558 3995/7140/558
f 3996/7141/559 3997/7144/559 3998/7146/559
f 3999/7147/560 4000/7148/560 4001/7151/560
f 4002/7154/561 4003/7155/561 4004/7157/561
f 4005/7158/562 4006/7159/562 4007/7162/562
f 4008/7163/563 4009/7165/563 4010/7166/563
f 4011/7168/564 4012/7169/564 4013/7171/564
f 4014/7174/565 4015/7175/565 4016/7177/565
f 3993/7135/566 4000/7148/566 3999/7147/566
f 3994/7137/2308 3998/7146/2308 3995/7139/2308
f 3997/7144/568 4004/7157/568 3998/7146/568
f 4001/7150/569 4004/7157/569 4003/7156/569
f 3999/7147/2003 4012/7169/2003 4011/7168/2003
f 4014/7174/571 4003/7156/571 4002/7152/571
f 4013/7172/572 4016/7177/572 4015/7176/572
f 4005/7158/573 4013/7172/573 4006/7160/573
f 4008/7164/574 4015/7176/574 4014/7173/574
f 4007/7161/575 4010/7167/575 4009/7165/575
f 4005/7158/576 3994/7138/576 3993/7135/576
f 3997/7145/577 4009/7165/577 4008/7163/577
f 4011/7168/578 3993/7135/578 3999/7147/578
f 4033/7208/579 4018/7181/579 4031/7204/579
f 4039/7219/580 4030/7203/580 4037/7215/580
f 4038/7216/581 4021/7186/581 4032/7207/581
f 4019/7183/582 4028/7200/582 4024/7192/582
f 4025/7193/583 4040/7220/583 4036/7213/583
f 4017/7178/584 4018/7180/584 4019/7182/584
f 4020/7184/2309 4021/7187/2309 4022/7189/2309
f 4023/7190/586 4024/7191/586 4025/7194/586
f 4026/7197/2006 4027/7198/2006 4028/7200/2006
f 4029/7201/588 4030/7202/588 4031/7205/588
f 4032/7206/589 4033/7208/589 4034/7209/589
f 4035/7211/590 4036/7212/590 4037/7214/590
f 4038/7217/591 4039/7218/591 4040/7220/591
f 4017/7178/592 4024/7191/592 4023/7190/592
f 4020/7184/593 4019/7183/593 4018/7179/593
f 4021/7187/594 4028/7200/594 4022/7189/594
f 4025/7193/595 4028/7200/595 4027/7199/595
f 4023/7190/596 4036/7212/596 4035/7211/596
f 4038/7217/597 4027/7199/597 4026/7195/597
f 4037/7215/598 4040/7220/598 4039/7219/598
f 4035/7211/599 4030/7203/599 4029/7201/599
f 4032/7207/600 4039/7219/600 4038/7216/600
f 4031/7204/601 4034/7210/601 4033/7208/601
f 4017/7178/602 4031/7205/602 4018/7180/602
f 4021/7188/603 4033/7208/603 4032/7206/603
f 4023/7190/604 4029/7201/604 4017/7178/604
f 4055/7247/605 4044/7228/605 4042/7222/605
f 4063/7262/2310 4054/7246/2310 4061/7258/2310
f 4062/7259/607 4045/7230/607 4056/7250/607
f 4043/7225/608 4052/7243/608 4048/7235/608
f 4051/7242/609 4060/7256/609 4049/7236/609
f 4041/7221/610 4042/7224/610 4043/7226/610
f 4044/7227/611 4045/7229/611 4046/7232/611
f 4047/7233/612 4048/7234/612 4049/7237/612
f 4050/7240/613 4051/7241/613 4052/7243/613
f 4053/7244/2311 4054/7245/2311 4055/7248/2311
f 4056/7249/615 4057/7251/615 4058/7252/615
f 4059/7254/616 4060/7255/616 4061/7257/616
f 4062/7260/617 4063/7261/617 4064/7263/617
f 4041/7221/618 4048/7234/618 4047/7233/618
f 4042/7223/619 4046/7232/619 4043/7225/619
f 4050/7240/620 4046/7232/620 4045/7229/620
f 4049/7236/621 4052/7243/621 4051/7242/621
f 4059/7254/2312 4049/7237/2312 4060/7255/2312
f 4062/7260/623 4051/7242/623 4050/7238/623
f 4063/7262/624 4060/7256/624 4064/7263/624
f 4053/7244/625 4061/7258/625 4054/7246/625
f 4056/7250/2009 4063/7262/2009 4062/7259/2009
f 4057/7251/627 4054/7246/627 4058/7253/627
f 4053/7244/628 4042/7224/628 4041/7221/628
f 4045/7231/629 4057/7251/629 4056/7249/629
f 4059/7254/630 4041/7221/630 4047/7233/630
f 4081/7294/631 4066/7265/631 4079/7290/631
f 4085/7301/632 4082/7296/632 4078/7289/632
f 4074/7281/633 4080/7292/633 4086/7302/633
f 4070/7275/634 4072/7278/634 4067/7268/634
f 4073/7279/635 4088/7306/635 4084/7299/635
f 4065/7264/636 4066/7267/636 4067/7269/636
f 4068/7270/2010 4069/7272/2010 4070/7275/2010
f 4071/7276/2011 4072/7277/2011 4073/7280/2011
f 4074/7282/639 4075/7284/639 4076/7286/639
f 4077/7287/2313 4078/7288/2313 4079/7291/2313
f 4080/7293/2314 4081/7294/2314 4082/7295/2314
f 4083/7297/642 4084/7298/642 4085/7300/642
f 4086/7303/643 4087/7304/643 4088/7306/643
f 4065/7264/2315 4072/7277/2315 4071/7276/2315
f 4066/7266/645 4070/7275/645 4067/7268/645
f 4074/7282/646 4070/7275/646 4069/7272/646
f 4075/7285/2316 4072/7278/2316 4076/7286/2316
f 4083/7297/648 4073/7280/648 4084/7298/648
f 4074/7283/649 4088/7306/649 4075/7285/649
f 4085/7301/2317 4088/7306/2317 4087/7305/2317
f 4083/7297/2014 4078/7289/2014 4077/7287/2014
f 4080/7292/2318 4087/7305/2318 4086/7302/2318
f 4081/7294/2015 4078/7289/2015 4082/7296/2015
f 4077/7287/654 4066/7267/654 4065/7264/654
f 4080/7293/655 4068/7271/655 4081/7294/655
f 4083/7297/656 4065/7264/656 4071/7276/656
f 4103/7333/657 4092/7314/657 4090/7308/657
f 4111/7348/658 4102/7332/658 4109/7344/658
f 4098/7325/659 4104/7335/659 4110/7345/659
f 4094/7318/660 4096/7321/660 4091/7311/660
f 4099/7328/661 4108/7342/661 4097/7322/661
f 4089/7307/662 4090/7310/662 4091/7312/662
f 4092/7313/2016 4093/7315/2016 4094/7318/2016
f 4095/7319/664 4096/7320/664 4097/7323/664
f 4098/7326/2319 4099/7327/2319 4100/7329/2319
f 4101/7330/666 4102/7331/666 4103/7334/666
f 4104/7336/667 4105/7337/667 4106/7338/667
f 4107/7340/2018 4108/7341/2018 4109/7343/2018
f 4110/7346/669 4111/7347/669 4112/7349/669
f 4095/7319/670 4091/7312/670 4096/7320/670
f 4090/7309/671 4094/7318/671 4091/7311/671
f 4098/7326/2019 4094/7318/2019 4093/7315/2019
f 4097/7322/673 4100/7329/673 4099/7328/673
f 4107/7340/674 4097/7323/674 4108/7341/674
f 4110/7346/675 4099/7328/675 4098/7324/675
f 4111/7348/2320 4108/7342/2320 4112/7349/2320
f 4107/7340/677 4102/7332/677 4101/7330/677
f 4104/7335/678 4111/7348/678 4110/7345/678
f 4105/7337/2321 4102/7332/2321 4106/7339/2321
f 4101/7330/680 4090/7310/680 4089/7307/680
f 4104/7336/681 4092/7314/681 4105/7337/681
f 4095/7319/682 4101/7330/682 4089/7307/682
f 4127/7376/683 4116/7357/683 4114/7351/683
f 4135/7391/684 4126/7375/684 4133/7387/684
f 4134/7388/685 4117/7358/685 4128/7378/685
f 4115/7354/686 4124/7372/686 4120/7364/686
f 4123/7371/687 4132/7385/687 4121/7365/687
f 4113/7350/688 4114/7352/688 4115/7355/688
f 4116/7356/2022 4117/7359/2022 4118/7361/2022
f 4119/7362/690 4120/7363/690 4121/7366/690
f 4122/7369/691 4123/7370/691 4124/7372/691
f 4125/7373/692 4126/7374/692 4127/7377/692
f 4128/7379/693 4129/7380/693 4130/7381/693
f 4131/7383/2024 4132/7384/2024 4133/7386/2024
f 4134/7389/695 4135/7390/695 4136/7392/695
f 4119/7362/696 4115/7355/696 4120/7363/696
f 4114/7353/2322 4118/7361/2322 4115/7354/2322
f 4117/7359/698 4124/7372/698 4118/7361/698
f 4123/7371/699 4120/7364/699 4124/7372/699
f 4131/7383/700 4121/7366/700 4132/7384/700
f 4134/7389/701 4123/7371/701 4122/7367/701
f 4133/7387/702 4136/7392/702 4135/7391/702
f 4125/7373/703 4133/7387/703 4126/7375/703
f 4128/7378/704 4135/7391/704 4134/7388/704
f 4129/7380/705 4126/7375/705 4130/7382/705
f 4113/7350/706 4127/7377/706 4114/7352/706
f 4128/7379/707 4116/7357/707 4129/7380/707
f 4131/7383/708 4113/7350/708 4119/7362/708
f 4151/7419/709 4140/7400/709 4138/7394/709
f 4157/7430/710 4154/7425/710 4150/7418/710
f 4158/7432/711 4141/7402/711 4152/7422/711
f 4139/7397/2323 4148/7415/2323 4144/7407/2323
f 4145/7408/713 4160/7435/713 4156/7428/713
f 4137/7393/714 4138/7396/714 4139/7398/714
f 4140/7399/715 4141/7401/715 4142/7404/715
f 4143/7405/2324 4144/7406/2324 4145/7409/2324
f 4146/7412/2325 4147/7413/2325 4148/7415/2325
f 4149/7416/718 4150/7417/718 4151/7420/718
f 4152/7421/2326 4153/7423/2326 4154/7424/2326
f 4155/7426/720 4156/7427/720 4157/7429/720
f 4158/7431/721 4159/7433/721 4160/7435/721
f 4137/7393/722 4144/7406/722 4143/7405/722
f 4138/7395/723 4142/7404/723 4139/7397/723
f 4146/7412/724 4142/7404/724 4141/7401/724
f 4145/7408/725 4148/7415/725 4147/7414/725
f 4143/7405/726 4156/7427/726 4155/7426/726
f 4158/7431/727 4147/7414/727 4146/7410/727
f 4157/7430/728 4160/7435/728 4159/7434/728
f 4155/7426/729 4150/7418/729 4149/7416/729
f 4158/7432/730 4154/7425/730 4159/7434/730
f 4151/7419/731 4154/7425/731 4153/7423/731
f 4149/7416/732 4138/7396/732 4137/7393/732
f 4141/7403/733 4153/7423/733 4152/7421/733
f 4143/7405/734 4149/7416/734 4137/7393/734
f 4177/7466/735 4162/7438/735 4175/7462/735
f 4183/7477/736 4174/7461/736 4181/7473/736
f 4170/7454/737 4176/7464/737 4182/7474/737
f 4163/7440/738 4172/7458/738 4168/7450/738
f 4171/7457/739 4180/7471/739 4169/7451/739
f 4161/7436/740 4162/7437/740 4163/7441/740
f 4164/7442/741 4165/7445/741 4166/7447/741
f 4167/7448/742 4168/7449/742 4169/7452/742
f 4170/7455/743 4171/7456/743 4172/7458/743
f 4173/7459/744 4174/7460/744 4175/7463/744
f 4176/7465/745 4177/7466/745 4178/7467/745
f 4179/7469/746 4180/7470/746 4181/7472/746
f 4182/7475/747 4183/7476/747 4184/7478/747
f 4167/7448/748 4163/7441/748 4168/7449/748
f 4162/7439/749 4166/7447/749 4163/7440/749
f 4165/7445/2028 4172/7458/2028 4166/7447/2028
f 4171/7457/751 4168/7450/751 4172/7458/751
f 4179/7469/752 4169/7452/752 4180/7470/752
f 4182/7475/753 4171/7457/753 4170/7453/753
f 4183/7477/754 4180/7471/754 4184/7478/754
f 4179/7469/2029 4174/7461/2029 4173/7459/2029
f 4176/7464/756 4183/7477/756 4182/7474/756
f 4177/7466/757 4174/7461/757 4178/7468/757
f 4161/7436/2327 4175/7463/2327 4162/7437/2327
f 4176/7465/759 4164/7443/759 4177/7466/759
f 4179/7469/760 4161/7436/760 4167/7448/760
f 4199/7505/761 4188/7486/761 4186/7480/761
f 4207/7520/762 4198/7504/762 4205/7516/762
f 4194/7497/763 4200/7507/763 4206/7517/763
f 4187/7483/764 4196/7501/764 4192/7493/764
f 4195/7500/765 4204/7514/765 4193/7494/765
f 4185/7479/766 4186/7482/766 4187/7484/766
f 4188/7485/767 4189/7487/767 4190/7490/767
f 4191/7491/768 4192/7492/768 4193/7495/768
f 4194/7498/769 4195/7499/769 4196/7501/769
f 4197/7502/770 4198/7503/770 4199/7506/770
f 4200/7508/771 4201/7509/771 4202/7510/771
f 4203/7512/772 4204/7513/772 4205/7515/772
f 4206/7518/2328 4207/7519/2328 4208/7521/2328
f 4185/7479/2329 4192/7492/2329 4191/7491/2329
f 4186/7481/775 4190/7490/775 4187/7483/775
f 4194/7498/2330 4190/7490/2330 4189/7487/2330
f 4193/7494/777 4196/7501/777 4195/7500/777
f 4203/7512/778 4193/7495/778 4204/7513/778
f 4206/7518/779 4195/7500/779 4194/7496/779
f 4205/7516/780 4208/7521/780 4207/7520/780
f 4197/7502/781 4205/7516/781 4198/7504/781
f 4200/7507/2331 4207/7520/2331 4206/7517/2331
f 4199/7505/2332 4202/7511/2332 4201/7509/2332
f 4197/7502/784 4186/7482/784 4185/7479/784
f 4200/7508/785 4188/7486/785 4201/7509/785
f 4203/7512/786 4185/7479/786 4191/7491/786
f 4225/7552/787 4210/7524/787 4223/7548/787
f 4229/7559/788 4226/7554/788 4222/7547/788
f 4218/7540/789 4224/7551/789 4230/7561/789
f 4214/7533/790 4216/7536/790 4211/7526/790
f 4217/7537/791 4232/7564/791 4228/7557/791
f 4209/7522/2333 4210/7523/2333 4211/7527/2333
f 4212/7528/2334 4213/7530/2334 4214/7533/2334
f 4215/7534/794 4216/7535/794 4217/7538/794
f 4218/7541/795 4219/7542/795 4220/7544/795
f 4221/7545/796 4222/7546/796 4223/7549/796
f 4224/7550/797 4225/7552/797 4226/7553/797
f 4227/7555/798 4228/7556/798 4229/7558/798
f 4230/7560/799 4231/7562/799 4232/7564/799
f 4209/7522/2335 4216/7535/2335 4215/7534/2335
f 4210/7525/801 4214/7533/801 4211/7526/801
f 4218/7541/2336 4214/7533/2336 4213/7530/2336
f 4219/7543/803 4216/7536/803 4220/7544/803
f 4215/7534/804 4228/7556/804 4227/7555/804
f 4230/7560/805 4219/7543/805 4218/7539/805
f 4229/7559/806 4232/7564/806 4231/7563/806
f 4221/7545/807 4229/7559/807 4222/7547/807
f 4230/7561/808 4226/7554/808 4231/7563/808
f 4223/7548/809 4226/7554/809 4225/7552/809
f 4209/7522/810 4223/7549/810 4210/7523/810
f 4213/7532/2337 4225/7552/2337 4224/7550/2337
f 4215/7534/812 4221/7545/812 4209/7522/812
f 4249/7595/813 4234/7567/813 4247/7591/813
f 4253/7602/814 4250/7597/814 4246/7590/814
f 4254/7604/815 4237/7573/815 4248/7593/815
f 4238/7576/816 4240/7579/816 4235/7569/816
f 4243/7586/817 4252/7600/817 4241/7580/817
f 4233/7565/818 4234/7566/818 4235/7570/818
f 4236/7571/2338 4237/7574/2338 4238/7576/2338
f 4239/7577/820 4240/7578/820 4241/7581/820
f 4242/7584/821 4243/7585/821 4244/7587/821
f 4245/7588/2041 4246/7589/2041 4247/7592/2041
f 4248/7594/823 4249/7595/823 4250/7596/823
f 4251/7598/824 4252/7599/824 4253/7601/824
f 4254/7603/825 4255/7605/825 4256/7607/825
f 4239/7577/826 4235/7570/826 4240/7578/826
f 4234/7568/827 4238/7576/827 4235/7569/827
f 4237/7574/828 4244/7587/828 4238/7576/828
f 4243/7586/2339 4240/7579/2339 4244/7587/2339
f 4239/7577/830 4252/7599/830 4251/7598/830
f 4254/7603/831 4243/7586/831 4242/7582/831
f 4255/7606/2045 4252/7600/2045 4256/7607/2045
f 4245/7588/2046 4253/7602/2046 4246/7590/2046
f 4254/7604/834 4250/7597/834 4255/7606/834
f 4247/7591/2047 4250/7597/2047 4249/7595/2047
f 4233/7565/836 4247/7592/836 4234/7566/836
f 4248/7594/837 4236/7572/837 4249/7595/837
f 4251/7598/838 4233/7565/838 4239/7577/838
f 4271/7634/839 4260/7615/839 4258/7609/839
f 4279/7649/840 4270/7633/840 4277/7645/840
f 4278/7647/841 4261/7616/841 4272/7637/841
f 4259/7613/842 4268/7630/842 4264/7622/842
f 4267/7629/843 4276/7643/843 4265/7623/843
f 4257/7608/844 4258/7611/844 4259/7612/844
f 4260/7614/845 4261/7617/845 4262/7619/845
f 4263/7620/846 4264/7621/846 4265/7624/846
f 4266/7627/847 4267/7628/847 4268/7630/847
f 4269/7631/848 4270/7632/848 4271/7635/848
f 4272/7636/2049 4273/7638/2049 4274/7639/2049
f 4275/7641/850 4276/7642/850 4277/7644/850
f 4278/7646/851 4279/7648/851 4280/7650/851
f 4257/7608/852 4264/7621/852 4263/7620/852
f 4260/7614/853 4259/7613/853 4258/7610/853
f 4261/7617/854 4268/7630/854 4262/7619/854
f 4265/7623/855 4268/7630/855 4267/7629/855
f 4275/7641/2050 4265/7624/2050 4276/7642/2050
f 4278/7646/857 4267/7629/857 4266/7625/857
f 4279/7649/2340 4276/7643/2340 4280/7650/2340
f 4269/7631/859 4277/7645/859 4270/7633/859
f 4278/7647/860 4274/7640/860 4279/7649/860
f 4271/7634/861 4274/7640/861 4273/7638/861
f 4269/7631/862 4258/7611/862 4257/7608/862
f 4261/7618/863 4273/7638/863 4272/7636/863
f 4275/7641/864 4257/7608/864 4263/7620/864
f 4295/7677/865 4284/7658/865 4282/7652/865
f 4303/7692/866 4294/7676/866 4301/7688/866
f 4290/7668/867 4296/7680/867 4302/7689/867
f 4283/7655/868 4292/7673/868 4288/7665/868
f 4289/7666/869 4304/7693/869 4300/7686/869
f 4281/7651/2051 4282/7654/2051 4283/7656/2051
f 4284/7657/871 4285/7660/871 4286/7662/871
f 4287/7663/872 4288/7664/872 4289/7667/872
f 4290/7669/873 4291/7671/873 4292/7673/873
f 4293/7674/2341 4294/7675/2341 4295/7678/2341
f 4296/7679/875 4297/7681/875 4298/7682/875
f 4299/7684/876 4300/7685/876 4301/7687/876
f 4302/7690/2342 4303/7691/2342 4304/7693/2342
f 4287/7663/878 4283/7656/878 4288/7664/878
f 4282/7653/879 4286/7662/879 4283/7655/879
f 4285/7660/880 4292/7673/880 4286/7662/880
f 4289/7666/881 4292/7673/881 4291/7672/881
f 4299/7684/882 4289/7667/882 4300/7685/882
f 4290/7670/883 4304/7693/883 4291/7672/883
f 4303/7692/884 4300/7686/884 4304/7693/884
f 4299/7684/885 4294/7676/885 4293/7674/885
f 4296/7680/886 4303/7692/886 4302/7689/886
f 4297/7681/887 4294/7676/887 4298/7683/887
f 4293/7674/888 4282/7654/888 4281/7651/888
f 4285/7661/889 4297/7681/889 4296/7679/889
f 4299/7684/890 4281/7651/890 4287/7663/890
f 4321/7724/891 4306/7696/891 4319/7720/891
f 4327/7735/892 4318/7719/892 4325/7731/892
f 4326/7733/893 4309/7702/893 4320/7723/893
f 4307/7699/894 4316/7716/894 4312/7708/894
f 4313/7709/895 4328/7736/895 4324/7729/895
f 4305/7694/2343 4306/7697/2343 4307/7698/2343
f 4308/7700/2052 4309/7703/2052 4310/7705/2052
f 4311/7706/2344 4312/7707/2344 4313/7710/2344
f 4314/7712/899 4315/7714/899 4316/7716/899
f 4317/7717/900 4318/7718/900 4319/7721/900
f 4320/7722/2053 4321/7724/2053 4322/7725/2053
f 4323/7727/902 4324/7728/902 4325/7730/902
f 4326/7732/903 4327/7734/903 4328/7736/903
f 4311/7706/904 4307/7698/904 4312/7707/904
f 4308/7700/905 4307/7699/905 4306/7695/905
f 4309/7703/906 4316/7716/906 4310/7705/906
f 4315/7715/907 4312/7708/907 4316/7716/907
f 4323/7727/908 4313/7710/908 4324/7728/908
f 4314/7713/909 4328/7736/909 4315/7715/909
f 4325/7731/910 4328/7736/910 4327/7735/910
f 4323/7727/911 4318/7719/911 4317/7717/911
f 4326/7733/912 4322/7726/912 4327/7735/912
f 4321/7724/913 4318/7719/913 4322/7726/913
f 4317/7717/914 4306/7697/914 4305/7694/914
f 4309/7704/915 4321/7724/915 4320/7722/915
f 4323/7727/916 4305/7694/916 4311/7706/916
f 4343/7763/917 4332/7744/917 4330/7738/917
f 4351/7778/918 4342/7762/918 4349/7774/918
f 4338/7754/919 4344/7765/919 4350/7775/919
f 4334/7748/920 4336/7751/920 4331/7741/920
f 4339/7758/921 4348/7772/921 4337/7752/921
f 4329/7737/922 4330/7740/922 4331/7742/922
f 4332/7743/2345 4333/7745/2345 4334/7748/2345
f 4335/7749/2346 4336/7750/2346 4337/7753/2346
f 4338/7755/925 4339/7757/925 4340/7759/925
f 4341/7760/926 4342/7761/926 4343/7764/926
f 4344/7766/927 4345/7767/927 4346/7768/927
f 4347/7770/2056 4348/7771/2056 4349/7773/2056
f 4350/7776/2057 4351/7777/2057 4352/7779/2057
f 4329/7737/930 4336/7750/930 4335/7749/930
f 4330/7739/931 4334/7748/931 4331/7741/931
f 4338/7755/932 4334/7748/932 4333/7745/932
f 4337/7752/933 4340/7759/933 4339/7758/933
f 4347/7770/2347 4337/7753/2347 4348/7771/2347
f 4338/7756/935 4352/7779/935 4339/7758/935
f 4351/7778/2059 4348/7772/2059 4352/7779/2059
f 4347/7770/937 4342/7762/937 4341/7760/937
f 4344/7765/938 4351/7778/938 4350/7775/938
f 4345/7767/939 4342/7762/939 4346/7769/939
f 4341/7760/940 4330/7740/940 4329/7737/940
f 4344/7766/2060 4332/7744/2060 4345/7767/2060
f 4347/7770/942 4329/7737/942 4335/7749/942
f 4367/7806/943 4356/7787/943 4354/7781/943
f 4373/7817/944 4370/7812/944 4366/7805/944
f 4374/7819/2061 4357/7788/2061 4368/7808/2061
f 4358/7791/946 4360/7794/946 4355/7785/946
f 4363/7801/947 4372/7815/947 4361/7795/947
f 4353/7780/2062 4354/7783/2062 4355/7784/2062
f 4356/7786/2348 4357/7789/2348 4358/7791/2348
f 4359/7792/950 4360/7793/950 4361/7796/950
f 4362/7799/951 4363/7800/951 4364/7802/951
f 4365/7803/952 4366/7804/952 4367/7807/952
f 4368/7809/953 4369/7810/953 4370/7811/953
f 4371/7813/954 4372/7814/954 4373/7816/954
f 4374/7818/955 4375/7820/955 4376/7822/955
f 4353/7780/956 4360/7793/956 4359/7792/956
f 4356/7786/957 4355/7785/957 4354/7782/957
f 4357/7789/958 4364/7802/958 4358/7791/958
f 4363/7801/959 4360/7794/959 4364/7802/959
f 4371/7813/960 4361/7796/960 4372/7814/960
f 4374/7818/961 4363/7801/961 4362/7797/961
f 4375/7821/962 4372/7815/962 4376/7822/962
f 4371/7813/963 4366/7805/963 4365/7803/963
f 4374/7819/964 4370/7812/964 4375/7821/964
f 4367/7806/965 4370/7812/965 4369/7810/965
f 4365/7803/966 4354/7783/966 4353/7780/966
f 4368/7809/967 4356/7787/967 4369/7810/967
f 4359/7792/2065 4365/7803/2065 4353/7780/2065
f 4391/7849/969 4380/7830/969 4378/7824/969
f 4397/7860/970 4394/7855/970 4390/7848/970
f 4398/7862/971 4381/7831/971 4392/7852/971
f 4382/7834/972 4384/7837/972 4379/7827/972
f 4387/7844/973 4396/7858/973 4385/7838/973
f 4377/7823/974 4378/7826/974 4379/7828/974
f 4380/7829/975 4381/7832/975 4382/7834/975
f 4383/7835/976 4384/7836/976 4385/7839/976
f 4386/7842/2349 4387/7843/2349 4388/7845/2349
f 4389/7846/978 4390/7847/978 4391/7850/978
f 4392/7851/979 4393/7853/979 4394/7854/979
f 4395/7856/980 4396/7857/980 4397/7859/980
f 4398/7861/981 4399/7863/981 4400/7865/981
f 4383/7835/2350 4379/7828/2350 4384/7836/2350
f 4378/7825/983 4382/7834/983 4379/7827/983
f 4381/7832/984 4388/7845/984 4382/7834/984
f 4387/7844/985 4384/7837/985 4388/7845/985
f 4395/7856/2067 4385/7839/2067 4396/7857/2067
f 4398/7861/987 4387/7844/987 4386/7840/987
f 4399/7864/988 4396/7858/988 4400/7865/988
f 4389/7846/989 4397/7860/989 4390/7848/989
f 4398/7862/990 4394/7855/990 4399/7864/990
f 4391/7849/991 4394/7855/991 4393/7853/991
f 4389/7846/992 4378/7826/992 4377/7823/992
f 4381/7833/993 4393/7853/993 4392/7851/993
f 4395/7856/994 4377/7823/994 4383/7835/994
f 4417/7896/995 4402/7867/995 4415/7892/995
f 4421/7903/996 4418/7898/996 4414/7891/996
f 4410/7884/997 4416/7895/997 4422/7904/997
f 4406/7877/998 4408/7880/998 4403/7870/998
f 4409/7881/999 4424/7908/999 4420/7901/999
f 4401/7866/2351 4402/7869/2351 4403/7871/2351
f 4404/7872/1001 4405/7874/1001 4406/7877/1001
f 4407/7878/2070 4408/7879/2070 4409/7882/2070
f 4410/7885/1003 4411/7886/1003 4412/7888/1003
f 4413/7889/1004 4414/7890/1004 4415/7893/1004
f 4416/7894/1005 4417/7896/1005 4418/7897/1005
f 4419/7899/1006 4420/7900/1006 4421/7902/1006
f 4422/7905/2352 4423/7906/2352 4424/7908/2352
f 4407/7878/1008 4403/7871/1008 4408/7879/1008
f 4402/7868/1009 4406/7877/1009 4403/7870/1009
f 4410/7885/1010 4406/7877/1010 4405/7874/1010
f 4409/7881/1011 4412/7888/1011 4411/7887/1011
f 4407/7878/1012 4420/7900/1012 4419/7899/1012
f 4422/7905/2353 4411/7887/2353 4410/7883/2353
f 4421/7903/2354 4424/7908/2354 4423/7907/2354
f 4419/7899/1015 4414/7891/1015 4413/7889/1015
f 4416/7895/1016 4423/7907/1016 4422/7904/1016
f 4417/7896/2355 4414/7891/2355 4418/7898/2355
f 4413/7889/1018 4402/7869/1018 4401/7866/1018
f 4405/7876/1019 4417/7896/1019 4416/7894/1019
f 4407/7878/2356 4413/7889/2356 4401/7866/2356
f 4439/7935/1021 4428/7916/1021 4426/7910/1021
f 4445/7946/1022 4442/7941/1022 4438/7934/1022
f 4446/7948/1023 4429/7917/1023 4440/7937/1023
f 4427/7914/1024 4436/7931/1024 4432/7923/1024
f 4435/7930/1025 4444/7944/1025 4433/7924/1025
f 4425/7909/1026 4426/7912/1026 4427/7913/1026
f 4428/7915/2357 4429/7918/2357 4430/7920/2357
f 4431/7921/1028 4432/7922/1028 4433/7925/1028
f 4434/7928/1029 4435/7929/1029 4436/7931/1029
f 4437/7932/2079 4438/7933/2079 4439/7936/2079
f 4440/7938/1031 4441/7939/1031 4442/7940/1031
f 4443/7942/2358 4444/7943/2358 4445/7945/2358
f 4446/7947/1033 4447/7949/1033 4448/7951/1033
f 4425/7909/1034 4432/7922/1034 4431/7921/1034
f 4428/7915/1035 4427/7914/1035 4426/7911/1035
f 4429/7918/2359 4436/7931/2359 4430/7920/2359
f 4433/7924/1037 4436/7931/1037 4435/7930/1037
f 4431/7921/1038 4444/7943/1038 4443/7942/1038
f 4446/7947/1039 4435/7930/1039 4434/7926/1039
f 4447/7950/1040 4444/7944/1040 4448/7951/1040
f 4443/7942/1041 4438/7934/1041 4437/7932/1041
f 4446/7948/1042 4442/7941/1042 4447/7950/1042
f 4439/7935/1043 4442/7941/1043 4441/7939/1043
f 4437/7932/1044 4426/7912/1044 4425/7909/1044
f 4440/7938/1045 4428/7916/1045 4441/7939/1045
f 4431/7921/1046 4437/7932/1046 4425/7909/1046
f 4463/7978/1047 4452/7959/1047 4450/7953/1047
f 4469/7989/1048 4466/7984/1048 4462/7977/1048
f 4458/7970/1049 4464/7980/1049 4470/7991/1049
f 4454/7963/1050 4456/7966/1050 4451/7957/1050
f 4459/7973/1051 4468/7987/1051 4457/7967/1051
f 4449/7952/1052 4450/7955/1052 4451/7956/1052
f 4452/7958/2360 4453/7960/2360 4454/7963/2360
f 4455/7964/1054 4456/7965/1054 4457/7968/1054
f 4458/7971/1055 4459/7972/1055 4460/7974/1055
f 4461/7975/1056 4462/7976/1056 4463/7979/1056
f 4464/7981/1057 4465/7982/1057 4466/7983/1057
f 4467/7985/1058 4468/7986/1058 4469/7988/1058
f 4470/7990/1059 4471/7992/1059 4472/7994/1059
f 4455/7964/1060 4451/7956/1060 4456/7965/1060
f 4452/7958/1061 4451/7957/1061 4450/7954/1061
f 4458/7971/1062 4454/7963/1062 4453/7960/1062
f 4459/7973/1063 4456/7966/1063 4460/7974/1063
f 4467/7985/1064 4457/7968/1064 4468/7986/1064
f 4470/7990/1065 4459/7973/1065 4458/7969/1065
f 4471/7993/1066 4468/7987/1066 4472/7994/1066
f 4461/7975/1067 4469/7989/1067 4462/7977/1067
f 4470/7991/1068 4466/7984/1068 4471/7993/1068
f 4463/7978/1069 4466/7984/1069 4465/7982/1069
f 4449/7952/1070 4463/7979/1070 4450/7955/1070
f 4464/7981/1071 4452/7959/1071 4465/7982/1071
f 4455/7964/1072 4461/7975/1072 4449/7952/1072
f 4487/8021/1073 4476/8002/1073 4474/7996/1073
f 4493/8032/1074 4490/8027/1074 4486/8020/1074
f 4482/8012/1075 4488/8023/1075 4494/8034/1075
f 4478/8006/1076 4480/8009/1076 4475/8000/1076
f 4481/8010/1077 4496/8037/1077 4492/8030/1077
f 4473/7995/1078 4474/7998/1078 4475/7999/1078
f 4476/8001/1079 4477/8004/1079 4478/8006/1079
f 4479/8007/1080 4480/8008/1080 4481/8011/1080
f 4482/8013/1081 4483/8015/1081 4484/8017/1081
f 4485/8018/1082 4486/8019/1082 4487/8022/1082
f 4488/8024/1083 4489/8025/1083 4490/8026/1083
f 4491/8028/1084 4492/8029/1084 4493/8031/1084
f 4494/8033/1085 4495/8035/1085 4496/8037/1085
f 4479/8007/1086 4475/7999/1086 4480/8008/1086
f 4476/8001/1087 4475/8000/1087 4474/7997/1087
f 4477/8004/1088 4484/8017/1088 4478/8006/1088
f 4481/8010/1089 4484/8017/1089 4483/8016/1089
f 4491/8028/1090 4481/8011/1090 4492/8029/1090
f 4482/8014/1091 4496/8037/1091 4483/8016/1091
f 4493/8032/1092 4496/8037/1092 4495/8036/1092
f 4491/8028/1093 4486/8020/1093 4485/8018/1093
f 4494/8034/1094 4490/8027/1094 4495/8036/1094
f 4487/8021/1095 4490/8027/1095 4489/8025/1095
f 4473/7995/1096 4487/8022/1096 4474/7998/1096
f 4488/8024/1097 4476/8002/1097 4489/8025/1097
f 4479/8007/1098 4485/8018/1098 4473/7995/1098
f 4511/8064/1099 4500/8045/1099 4498/8039/1099
f 4517/8075/1100 4514/8070/1100 4510/8063/1100
f 4518/8076/2361 4501/8046/2361 4512/8067/2361
f 4499/8043/1102 4508/8060/1102 4504/8052/1102
f 4505/8053/1103 4520/8080/1103 4516/8073/1103
f 4497/8038/1104 4498/8041/1104 4499/8042/1104
f 4500/8044/1105 4501/8047/1105 4502/8049/1105
f 4503/8050/1106 4504/8051/1106 4505/8054/1106
f 4506/8056/1107 4507/8058/1107 4508/8060/1107
f 4509/8061/1108 4510/8062/1108 4511/8065/1108
f 4512/8066/1109 4513/8068/1109 4514/8069/1109
f 4515/8071/1110 4516/8072/1110 4517/8074/1110
f 4518/8077/1111 4519/8078/1111 4520/8080/1111
f 4497/8038/1112 4504/8051/1112 4503/8050/1112
f 4500/8044/2085 4499/8043/2085 4498/8040/2085
f 4501/8047/2086 4508/8060/2086 4502/8049/2086
f 4507/8059/1115 4504/8052/1115 4508/8060/1115
f 4503/8050/1116 4516/8072/1116 4515/8071/1116
f 4506/8057/2362 4520/8080/2362 4507/8059/2362
f 4517/8075/1118 4520/8080/1118 4519/8079/1118
f 4509/8061/1119 4517/8075/1119 4510/8063/1119
f 4512/8067/1120 4519/8079/1120 4518/8076/1120
f 4511/8064/1121 4514/8070/1121 4513/8068/1121
f 4509/8061/2363 4498/8041/2363 4497/8038/2363
f 4501/8048/1123 4513/8068/1123 4512/8066/1123
f 4515/8071/1124 4497/8038/1124 4503/8050/1124
f 4537/8111/1125 4522/8083/1125 4535/8107/1125
f 4541/8118/1126 4538/8113/1126 4534/8106/1126
f 4542/8120/1127 4525/8090/1127 4536/8109/1127
f 4526/8092/2364 4528/8095/2364 4523/8086/2364
f 4529/8096/1129 4544/8123/1129 4540/8116/1129
f 4521/8081/1130 4522/8084/1130 4523/8085/1130
f 4524/8087/1131 4525/8089/1131 4526/8092/1131
f 4527/8093/2365 4528/8094/2365 4529/8097/2365
f 4530/8099/1133 4531/8101/1133 4532/8103/1133
f 4533/8104/1134 4534/8105/1134 4535/8108/1134
f 4536/8110/1135 4537/8111/1135 4538/8112/1135
f 4539/8114/1136 4540/8115/1136 4541/8117/1136
f 4542/8119/1137 4543/8121/1137 4544/8123/1137
f 4527/8093/1138 4523/8085/1138 4528/8094/1138
f 4524/8087/1139 4523/8086/1139 4522/8082/1139
f 4530/8099/1140 4526/8092/1140 4525/8089/1140
f 4531/8102/2091 4528/8095/2091 4532/8103/2091
f 4527/8093/2092 4540/8115/2092 4539/8114/2092
f 4530/8100/2366 4544/8123/2366 4531/8102/2366
f 4543/8122/1144 4540/8116/1144 4544/8123/1144
f 4539/8114/1145 4534/8106/1145 4533/8104/1145
f 4542/8120/1146 4538/8113/1146 4543/8122/1146
f 4537/8111/2367 4534/8106/2367 4538/8113/2367
f 4533/8104/1148 4522/8084/1148 4521/8081/1148
f 4536/8110/2095 4524/8088/2095 4537/8111/2095
f 4527/8093/1150 4533/8104/1150 4521/8081/1150
f 4559/8150/1151 4548/8131/1151 4546/8125/1151
f 4565/8161/1152 4562/8156/1152 4558/8149/1152
f 4566/8162/1153 4549/8132/1153 4560/8152/1153
f 4550/8135/1154 4552/8138/1154 4547/8128/1154
f 4553/8139/1155 4568/8166/1155 4564/8159/1155
f 4545/8124/1156 4546/8127/1156 4547/8129/1156
f 4548/8130/1157 4549/8133/1157 4550/8135/1157
f 4551/8136/1158 4552/8137/1158 4553/8140/1158
f 4554/8143/1159 4555/8144/1159 4556/8146/1159
f 4557/8147/1160 4558/8148/1160 4559/8151/1160
f 4560/8153/1161 4561/8154/1161 4562/8155/1161
f 4563/8157/1162 4564/8158/1162 4565/8160/1162
f 4566/8163/1163 4567/8164/1163 4568/8166/1163
f 4545/8124/1164 4552/8137/1164 4551/8136/1164
f 4546/8126/2368 4550/8135/2368 4547/8128/2368
f 4549/8133/1166 4556/8146/1166 4550/8135/1166
f 4553/8139/1167 4556/8146/1167 4555/8145/1167
f 4551/8136/1168 4564/8158/1168 4563/8157/1168
f 4566/8163/1169 4555/8145/1169 4554/8141/1169
f 4565/8161/1170 4568/8166/1170 4567/8165/1170
f 4557/8147/1171 4565/8161/1171 4558/8149/1171
f 4560/8152/1172 4567/8165/1172 4566/8162/1172
f 4559/8150/1173 4562/8156/1173 4561/8154/1173
f 4557/8147/1174 4546/8127/1174 4545/8124/1174
f 4560/8153/1175 4548/8131/1175 4561/8154/1175
f 4551/8136/1176 4557/8147/1176 4545/8124/1176
f 4585/8197/1177 4570/8169/1177 4583/8193/1177
f 4589/8204/1178 4586/8199/1178 4582/8192/1178
f 4590/8206/1179 4573/8175/1179 4584/8196/1179
f 4574/8178/1180 4576/8181/1180 4571/8172/1180
f 4577/8182/1181 4592/8209/1181 4588/8202/1181
f 4569/8167/1182 4570/8170/1182 4571/8171/1182
f 4572/8173/1183 4573/8176/1183 4574/8178/1183
f 4575/8179/1184 4576/8180/1184 4577/8183/1184
f 4578/8186/1185 4579/8187/1185 4580/8189/1185
f 4581/8190/1186 4582/8191/1186 4583/8194/1186
f 4584/8195/1187 4585/8197/1187 4586/8198/1187
f 4587/8200/2369 4588/8201/2369 4589/8203/2369
f 4590/8205/1189 4591/8207/1189 4592/8209/1189
f 4569/8167/1190 4576/8180/1190 4575/8179/1190
f 4572/8173/2104 4571/8172/2104 4570/8168/2104
f 4573/8176/2370 4580/8189/2370 4574/8178/2370
f 4579/8188/1193 4576/8181/1193 4580/8189/1193
f 4575/8179/1194 4588/8201/1194 4587/8200/1194
f 4590/8205/1195 4579/8188/1195 4578/8184/1195
f 4589/8204/1196 4592/8209/1196 4591/8208/1196
f 4581/8190/2106 4589/8204/2106 4582/8192/2106
f 4590/8206/1198 4586/8199/1198 4591/8208/1198
f 4585/8197/1199 4582/8192/1199 4586/8199/1199
f 4581/8190/1200 4570/8170/1200 4569/8167/1200
f 4573/8177/1201 4585/8197/1201 4584/8195/1201
f 4587/8200/1202 4569/8167/1202 4575/8179/1202
f 4609/8240/1203 4594/8212/1203 4607/8236/1203
f 4615/8251/1204 4606/8235/1204 4613/8247/1204
f 4614/8248/1205 4597/8219/1205 4608/8239/1205
f 4598/8221/1206 4600/8224/1206 4595/8214/1206
f 4601/8225/1207 4616/8252/1207 4612/8245/1207
f 4593/8210/2371 4594/8211/2371 4595/8215/2371
f 4596/8216/2372 4597/8218/2372 4598/8221/2372
f 4599/8222/1210 4600/8223/1210 4601/8226/1210
f 4602/8229/1211 4603/8230/1211 4604/8232/1211
f 4605/8233/1212 4606/8234/1212 4607/8237/1212
f 4608/8238/1213 4609/8240/1213 4610/8241/1213
f 4611/8243/2373 4612/8244/2373 4613/8246/2373
f 4614/8249/1215 4615/8250/1215 4616/8252/1215
f 4599/8222/1216 4595/8215/1216 4600/8223/1216
f 4594/8213/1217 4598/8221/1217 4595/8214/1217
f 4602/8229/1218 4598/8221/1218 4597/8218/1218
f 4603/8231/1219 4600/8224/1219 4604/8232/1219
f 4611/8243/1220 4601/8226/1220 4612/8244/1220
f 4614/8249/1221 4603/8231/1221 4602/8227/1221
f 4615/8251/1222 4612/8245/1222 4616/8252/1222
f 4611/8243/1223 4606/8235/1223 4605/8233/1223
f 4608/8239/1224 4615/8251/1224 4614/8248/1224
f 4609/8240/1225 4606/8235/1225 4610/8242/1225
f 4593/8210/1226 4607/8237/1226 4594/8211/1226
f 4597/8220/1227 4609/8240/1227 4608/8238/1227
f 4611/8243/1228 4593/8210/1228 4599/8222/1228
f 4631/8279/1229 4620/8260/1229 4618/8254/1229
f 4639/8294/1230 4630/8278/1230 4637/8290/1230
f 4626/8270/1231 4632/8281/1231 4638/8291/1231
f 4622/8264/1232 4624/8267/1232 4619/8257/1232
f 4625/8268/1233 4640/8295/1233 4636/8288/1233
f 4617/8253/2374 4618/8255/2374 4619/8258/2374
f 4620/8259/1235 4621/8261/1235 4622/8264/1235
f 4623/8265/1236 4624/8266/1236 4625/8269/1236
f 4626/8271/1237 4627/8273/1237 4628/8275/1237
f 4629/8276/1238 4630/8277/1238 4631/8280/1238
f 4632/8282/1239 4633/8283/1239 4634/8284/1239
f 4635/8286/1240 4636/8287/1240 4637/8289/1240
f 4638/8292/2375 4639/8293/2375 4640/8295/2375
f 4617/8253/1242 4624/8266/1242 4623/8265/1242
f 4618/8256/2376 4622/8264/2376 4619/8257/2376
f 4626/8271/1244 4622/8264/1244 4621/8261/1244
f 4627/8274/1245 4624/8267/1245 4628/8275/1245
f 4623/8265/1246 4636/8287/1246 4635/8286/1246
f 4626/8272/1247 4640/8295/1247 4627/8274/1247
f 4637/8290/2377 4640/8295/2377 4639/8294/2377
f 4629/8276/1249 4637/8290/1249 4630/8278/1249
f 4632/8281/1250 4639/8294/1250 4638/8291/1250
f 4633/8283/1251 4630/8278/1251 4634/8285/1251
f 4617/8253/1252 4631/8280/1252 4618/8255/1252
f 4632/8282/1253 4620/8260/1253 4633/8283/1253
f 4623/8265/1254 4629/8276/1254 4617/8253/1254
f 4655/8322/1255 4644/8303/1255 4642/8297/1255
f 4663/8337/2378 4654/8321/2378 4661/8333/2378
f 4662/8335/1257 4645/8304/1257 4656/8324/1257
f 4643/8301/1258 4652/8318/1258 4648/8310/1258
f 4651/8317/1259 4660/8331/1259 4649/8311/1259
f 4641/8296/1260 4642/8299/1260 4643/8300/1260
f 4644/8302/1261 4645/8305/1261 4646/8307/1261
f 4647/8308/2379 4648/8309/2379 4649/8312/2379
f 4650/8315/1263 4651/8316/1263 4652/8318/1263
f 4653/8319/1264 4654/8320/1264 4655/8323/1264
f 4656/8325/2380 4657/8326/2380 4658/8327/2380
f 4659/8329/1266 4660/8330/1266 4661/8332/1266
f 4662/8334/1267 4663/8336/1267 4664/8338/1267
f 4647/8308/1268 4643/8300/1268 4648/8309/1268
f 4644/8302/1269 4643/8301/1269 4642/8298/1269
f 4645/8305/1270 4652/8318/1270 4646/8307/1270
f 4649/8311/1271 4652/8318/1271 4651/8317/1271
f 4659/8329/1272 4649/8312/1272 4660/8330/1272
f 4662/8334/1273 4651/8317/1273 4650/8313/1273
f 4661/8333/1274 4664/8338/1274 4663/8337/1274
f 4659/8329/2115 4654/8321/2115 4653/8319/2115
f 4662/8335/1276 4658/8328/1276 4663/8337/1276
f 4657/8326/1277 4654/8321/1277 4658/8328/1277
f 4641/8296/1278 4655/8323/1278 4642/8299/1278
f 4656/8325/1279 4644/8303/1279 4657/8326/1279
f 4659/8329/1280 4641/8296/1280 4647/8308/1280
f 4679/8365/1281 4668/8346/1281 4666/8340/1281
f 4685/8376/1282 4682/8371/1282 4678/8364/1282
f 4674/8357/1283 4680/8367/1283 4686/8377/1283
f 4670/8350/1284 4672/8353/1284 4667/8343/1284
f 4675/8360/1285 4684/8374/1285 4673/8354/1285
f 4665/8339/1286 4666/8341/1286 4667/8344/1286
f 4668/8345/1287 4669/8348/1287 4670/8350/1287
f 4671/8351/1288 4672/8352/1288 4673/8355/1288
f 4674/8358/2381 4675/8359/2381 4676/8361/2381
f 4677/8362/2116 4678/8363/2116 4679/8366/2116
f 4680/8368/2117 4681/8369/2117 4682/8370/2117
f 4683/8372/1292 4684/8373/1292 4685/8375/1292
f 4686/8378/1293 4687/8379/1293 4688/8381/1293
f 4671/8351/1294 4667/8344/1294 4672/8352/1294
f 4666/8342/1295 4670/8350/1295 4667/8343/1295
f 4669/8348/1296 4676/8361/1296 4670/8350/1296
f 4673/8354/2382 4676/8361/2382 4675/8360/2382
f 4671/8351/1298 4684/8373/1298 4683/8372/1298
f 4686/8378/1299 4675/8360/1299 4674/8356/1299
f 4687/8380/1300 4684/8374/1300 4688/8381/1300
f 4683/8372/2119 4678/8364/2119 4677/8362/2119
f 4680/8367/1302 4687/8380/1302 4686/8377/1302
f 4681/8369/1303 4678/8364/1303 4682/8371/1303
f 4665/8339/1304 4679/8366/1304 4666/8341/1304
f 4680/8368/2383 4668/8346/2383 4681/8369/2383
f 4671/8351/1306 4677/8362/1306 4665/8339/1306
f 4705/8412/1307 4690/8384/1307 4703/8408/1307
f 4709/8419/1308 4706/8414/1308 4702/8407/1308
f 4710/8421/1309 4693/8391/1309 4704/8410/1309
f 4691/8386/1310 4700/8404/1310 4696/8396/1310
f 4697/8397/1311 4712/8424/1311 4708/8417/1311
f 4689/8382/1312 4690/8383/1312 4691/8387/1312
f 4692/8388/1313 4693/8390/1313 4694/8393/1313
f 4695/8394/1314 4696/8395/1314 4697/8398/1314
f 4698/8401/2384 4699/8402/2384 4700/8404/2384
f 4701/8405/1316 4702/8406/1316 4703/8409/1316
f 4704/8411/1317 4705/8412/1317 4706/8413/1317
f 4707/8415/1318 4708/8416/1318 4709/8418/1318
f 4710/8420/1319 4711/8422/1319 4712/8424/1319
f 4689/8382/1320 4696/8395/1320 4695/8394/1320
f 4690/8385/1321 4694/8393/1321 4691/8386/1321
f 4698/8401/1322 4694/8393/1322 4693/8390/1322
f 4697/8397/1323 4700/8404/1323 4699/8403/1323
f 4695/8394/2385 4708/8416/2385 4707/8415/2385
f 4710/8420/1325 4699/8403/1325 4698/8399/1325
f 4709/8419/1326 4712/8424/1326 4711/8423/1326
f 4701/8405/1327 4709/8419/1327 4702/8407/1327
f 4710/8421/2120 4706/8414/2120 4711/8423/2120
f 4705/8412/1329 4702/8407/1329 4706/8414/1329
f 4689/8382/1330 4703/8409/1330 4690/8383/1330
f 4704/8411/2121 4692/8389/2121 4705/8412/2121
f 4707/8415/1332 4689/8382/1332 4695/8394/1332
f 4729/8455/1333 4714/8427/1333 4727/8451/1333
f 4735/8466/1334 4726/8450/1334 4733/8462/1334
f 4734/8463/1335 4717/8433/1335 4728/8453/1335
f 4718/8436/1336 4720/8439/1336 4715/8430/1336
f 4723/8446/1337 4732/8460/1337 4721/8440/1337
f 4713/8425/1338 4714/8428/1338 4715/8429/1338
f 4716/8431/1339 4717/8434/1339 4718/8436/1339
f 4719/8437/1340 4720/8438/1340 4721/8441/1340
f 4722/8444/1341 4723/8445/1341 4724/8447/1341
f 4725/8448/1342 4726/8449/1342 4727/8452/1342
f 4728/8454/2386 4729/8455/2386 4730/8456/2386
f 4731/8458/1344 4732/8459/1344 4733/8461/1344
f 4734/8464/1345 4735/8465/1345 4736/8467/1345
f 4713/8425/1346 4720/8438/1346 4719/8437/1346
f 4716/8431/1347 4715/8430/1347 4714/8426/1347
f 4717/8434/1348 4724/8447/1348 4718/8436/1348
f 4723/8446/1349 4720/8439/1349 4724/8447/1349
f 4719/8437/1350 4732/8459/1350 4731/8458/1350
f 4734/8464/1351 4723/8446/1351 4722/8442/1351
f 4733/8462/1352 4736/8467/1352 4735/8466/1352
f 4731/8458/1353 4726/8450/1353 4725/8448/1353
f 4728/8453/1354 4735/8466/1354 4734/8463/1354
f 4727/8451/1355 4730/8457/1355 4729/8455/1355
f 4725/8448/1356 4714/8428/1356 4713/8425/1356
f 4728/8454/1357 4716/8432/1357 4729/8455/1357
f 4731/8458/1358 4713/8425/1358 4719/8437/1358
f 4753/8498/2387 4738/8471/2387 4751/8494/2387
f 4757/8505/1360 4754/8500/1360 4750/8493/1360
f 4746/8485/1361 4752/8497/1361 4758/8507/1361
f 4742/8479/1362 4744/8482/1362 4739/8473/1362
f 4747/8489/1363 4756/8503/1363 4745/8483/1363
f 4737/8468/1364 4738/8470/1364 4739/8472/1364
f 4740/8474/1365 4741/8476/1365 4742/8479/1365
f 4743/8480/2130 4744/8481/2130 4745/8484/2130
f 4746/8486/2388 4747/8488/2388 4748/8490/2388
f 4749/8491/2389 4750/8492/2389 4751/8495/2389
f 4752/8496/2390 4753/8498/2390 4754/8499/2390
f 4755/8501/2391 4756/8502/2391 4757/8504/2391
f 4758/8506/2392 4759/8508/2392 4760/8510/2392
f 4743/8480/1372 4739/8472/1372 4744/8481/1372
f 4740/8474/2393 4739/8473/2393 4738/8469/2393
f 4746/8486/1374 4742/8479/1374 4741/8476/1374
f 4745/8483/1375 4748/8490/1375 4747/8489/1375
f 4755/8501/1376 4745/8484/1376 4756/8502/1376
f 4746/8487/1377 4760/8510/1377 4747/8489/1377
f 4757/8505/2394 4760/8510/2394 4759/8509/2394
f 4755/8501/1379 4750/8493/1379 4749/8491/1379
f 4758/8507/1380 4754/8500/1380 4759/8509/1380
f 4753/8498/1381 4750/8493/1381 4754/8500/1381
f 4737/8468/1382 4751/8495/1382 4738/8470/1382
f 4741/8478/1383 4753/8498/1383 4752/8496/1383
f 4755/8501/1384 4737/8468/1384 4743/8480/1384
f 4777/8541/1385 4762/8513/1385 4775/8537/1385
f 4781/8548/1386 4778/8543/1386 4774/8536/1386
f 4770/8529/1387 4776/8539/1387 4782/8550/1387
f 4766/8522/1388 4768/8525/1388 4763/8515/1388
f 4769/8526/1389 4784/8553/1389 4780/8546/1389
f 4761/8511/1390 4762/8512/1390 4763/8516/1390
f 4764/8517/2395 4765/8519/2395 4766/8522/2395
f 4767/8523/1392 4768/8524/1392 4769/8527/1392
f 4770/8530/1393 4771/8531/1393 4772/8533/1393
f 4773/8534/2396 4774/8535/2396 4775/8538/2396
f 4776/8540/1395 4777/8541/1395 4778/8542/1395
f 4779/8544/1396 4780/8545/1396 4781/8547/1396
f 4782/8549/1397 4783/8551/1397 4784/8553/1397
f 4767/8523/1398 4763/8516/1398 4768/8524/1398
f 4762/8514/2397 4766/8522/2397 4763/8515/2397
f 4770/8530/2135 4766/8522/2135 4765/8519/2135
f 4771/8532/1401 4768/8525/1401 4772/8533/1401
f 4779/8544/1402 4769/8527/1402 4780/8545/1402
f 4782/8549/1403 4771/8532/1403 4770/8528/1403
f 4781/8548/1404 4784/8553/1404 4783/8552/1404
f 4773/8534/1405 4781/8548/1405 4774/8536/1405
f 4782/8550/1406 4778/8543/1406 4783/8552/1406
f 4775/8537/1407 4778/8543/1407 4777/8541/1407
f 4761/8511/2138 4775/8538/2138 4762/8512/2138
f 4776/8540/1409 4764/8518/1409 4777/8541/1409
f 4767/8523/1410 4773/8534/1410 4761/8511/1410
f 4799/8580/1411 4788/8561/1411 4786/8555/1411
f 4805/8591/1412 4802/8586/1412 4798/8579/1412
f 4794/8571/1413 4800/8582/1413 4806/8592/1413
f 4790/8565/1414 4792/8568/1414 4787/8558/1414
f 4795/8575/1415 4804/8589/1415 4793/8569/1415
f 4785/8554/2398 4786/8557/2398 4787/8559/2398
f 4788/8560/1417 4789/8562/1417 4790/8565/1417
f 4791/8566/1418 4792/8567/1418 4793/8570/1418
f 4794/8572/1419 4795/8574/1419 4796/8576/1419
f 4797/8577/2141 4798/8578/2141 4799/8581/2141
f 4800/8583/1421 4801/8584/1421 4802/8585/1421
f 4803/8587/1422 4804/8588/1422 4805/8590/1422
f 4806/8593/2142 4807/8594/2142 4808/8596/2142
f 4785/8554/1424 4792/8567/1424 4791/8566/1424
f 4786/8556/1425 4790/8565/1425 4787/8558/1425
f 4794/8572/1426 4790/8565/1426 4789/8562/1426
f 4795/8575/1427 4792/8568/1427 4796/8576/1427
f 4803/8587/1428 4793/8570/1428 4804/8588/1428
f 4794/8573/1429 4808/8596/1429 4795/8575/1429
f 4805/8591/1430 4808/8596/1430 4807/8595/1430
f 4797/8577/1431 4805/8591/1431 4798/8579/1431
f 4800/8582/1432 4807/8595/1432 4806/8592/1432
f 4801/8584/1433 4798/8579/1433 4802/8586/1433
f 4797/8577/1434 4786/8557/1434 4785/8554/1434
f 4800/8583/1435 4788/8561/1435 4801/8584/1435
f 4803/8587/1436 4785/8554/1436 4791/8566/1436
f 4825/8627/1437 4810/8599/1437 4823/8623/1437
f 4831/8638/2143 4822/8622/2143 4829/8634/2143
f 4818/8614/1439 4824/8626/1439 4830/8636/1439
f 4811/8601/2399 4820/8619/2399 4816/8611/2399
f 4819/8618/1441 4828/8632/1441 4817/8612/1441
f 4809/8597/1442 4810/8598/1442 4811/8602/1442
f 4812/8603/2400 4813/8605/2400 4814/8608/2400
f 4815/8609/1444 4816/8610/1444 4817/8613/1444
f 4818/8615/1445 4819/8617/1445 4820/8619/1445
f 4821/8620/1446 4822/8621/1446 4823/8624/1446
f 4824/8625/1447 4825/8627/1447 4826/8628/1447
f 4827/8630/2146 4828/8631/2146 4829/8633/2146
f 4830/8635/1449 4831/8637/1449 4832/8639/1449
f 4809/8597/1450 4816/8610/1450 4815/8609/1450
f 4810/8600/2401 4814/8608/2401 4811/8601/2401
f 4818/8615/2148 4814/8608/2148 4813/8605/2148
f 4817/8612/1453 4820/8619/1453 4819/8618/1453
f 4815/8609/1454 4828/8631/1454 4827/8630/1454
f 4818/8616/1455 4832/8639/1455 4819/8618/1455
f 4829/8634/2150 4832/8639/2150 4831/8638/2150
f 4827/8630/1457 4822/8622/1457 4821/8620/1457
f 4830/8636/1458 4826/8629/1458 4831/8638/1458
f 4825/8627/1459 4822/8622/1459 4826/8629/1459
f 4809/8597/1460 4823/8624/1460 4810/8598/1460
f 4813/8607/1461 4825/8627/1461 4824/8625/1461
f 4827/8630/1462 4809/8597/1462 4815/8609/1462
f 4847/8666/1463 4836/8647/1463 4834/8641/1463
f 4855/8681/1464 4846/8665/1464 4853/8677/1464
f 4842/8658/1465 4848/8668/1465 4854/8678/1465
f 4838/8651/1466 4840/8654/1466 4835/8645/1466
f 4841/8655/1467 4856/8682/1467 4852/8675/1467
f 4833/8640/2153 4834/8643/2153 4835/8644/2153
f 4836/8646/1469 4837/8648/1469 4838/8651/1469
f 4839/8652/1470 4840/8653/1470 4841/8656/1470
f 4842/8659/1471 4843/8660/1471 4844/8662/1471
f 4845/8663/1472 4846/8664/1472 4847/8667/1472
f 4848/8669/1473 4849/8670/1473 4850/8671/1473
f 4851/8673/1474 4852/8674/1474 4853/8676/1474
f 4854/8679/1475 4855/8680/1475 4856/8682/1475
f 4833/8640/1476 4840/8653/1476 4839/8652/1476
f 4836/8646/1477 4835/8645/1477 4834/8642/1477
f 4842/8659/1478 4838/8651/1478 4837/8648/1478
f 4841/8655/1479 4844/8662/1479 4843/8661/1479
f 4839/8652/1480 4852/8674/1480 4851/8673/1480
f 4854/8679/1481 4843/8661/1481 4842/8657/1481
f 4855/8681/2402 4852/8675/2402 4856/8682/2402
f 4851/8673/1483 4846/8665/1483 4845/8663/1483
f 4848/8668/1484 4855/8681/1484 4854/8678/1484
f 4847/8666/1485 4850/8672/1485 4849/8670/1485
f 4833/8640/1486 4847/8667/1486 4834/8643/1486
f 4848/8669/2403 4836/8647/2403 4849/8670/2403
f 4851/8673/1488 4833/8640/1488 4839/8652/1488
f 4871/8709/1489 4860/8690/1489 4858/8684/1489
f 4877/8720/1490 4874/8715/1490 4870/8708/1490
f 4866/8700/1491 4872/8711/1491 4878/8721/1491
f 4859/8688/1492 4868/8705/1492 4864/8697/1492
f 4867/8704/1493 4876/8718/1493 4865/8698/1493
f 4857/8683/1494 4858/8686/1494 4859/8687/1494
f 4860/8689/2404 4861/8691/2404 4862/8694/2404
f 4863/8695/2158 4864/8696/2158 4865/8699/2158
f 4866/8701/2405 4867/8703/2405 4868/8705/2405
f 4869/8706/2159 4870/8707/2159 4871/8710/2159
f 4872/8712/1499 4873/8713/1499 4874/8714/1499
f 4875/8716/2406 4876/8717/2406 4877/8719/2406
f 4878/8722/1501 4879/8723/1501 4880/8725/1501
f 4857/8683/1502 4864/8696/1502 4863/8695/1502
f 4860/8689/2407 4859/8688/2407 4858/8685/2407
f 4866/8701/1504 4862/8694/1504 4861/8691/1504
f 4865/8698/1505 4868/8705/1505 4867/8704/1505
f 4863/8695/2160 4876/8717/2160 4875/8716/2160
f 4866/8702/1507 4880/8725/1507 4867/8704/1507
f 4879/8724/1508 4876/8718/1508 4880/8725/1508
f 4869/8706/2162 4877/8720/2162 4870/8708/2162
f 4872/8711/1510 4879/8724/1510 4878/8721/1510
f 4871/8709/1511 4874/8715/1511 4873/8713/1511
f 4857/8683/1512 4871/8710/1512 4858/8686/1512
f 4872/8712/1513 4860/8690/1513 4873/8713/1513
f 4875/8716/1514 4857/8683/1514 4863/8695/1514
f 4895/8752/2408 4884/8733/2408 4882/8727/2408
f 4901/8763/1516 4898/8758/1516 4894/8751/1516
f 4890/8744/1517 4896/8754/1517 4902/8764/1517
f 4886/8737/1518 4888/8740/1518 4883/8730/1518
f 4889/8741/1519 4904/8768/1519 4900/8761/1519
f 4881/8726/1520 4882/8728/1520 4883/8731/1520
f 4884/8732/1521 4885/8735/1521 4886/8737/1521
f 4887/8738/2409 4888/8739/2409 4889/8742/2409
f 4890/8745/1523 4891/8746/1523 4892/8748/1523
f 4893/8749/1524 4894/8750/1524 4895/8753/1524
f 4896/8755/2410 4897/8756/2410 4898/8757/2410
f 4899/8759/1526 4900/8760/1526 4901/8762/1526
f 4902/8765/1527 4903/8766/1527 4904/8768/1527
f 4887/8738/2411 4883/8731/2411 4888/8739/2411
f 4882/8729/1529 4886/8737/1529 4883/8730/1529
f 4885/8735/1530 4892/8748/1530 4886/8737/1530
f 4891/8747/1531 4888/8740/1531 4892/8748/1531
f 4899/8759/1532 4889/8742/1532 4900/8760/1532
f 4902/8765/1533 4891/8747/1533 4890/8743/1533
f 4903/8767/1534 4900/8761/1534 4904/8768/1534
f 4893/8749/1535 4901/8763/1535 4894/8751/1535
f 4896/8754/1536 4903/8767/1536 4902/8764/1536
f 4895/8752/2412 4898/8758/2412 4897/8756/2412
f 4881/8726/1538 4895/8753/1538 4882/8728/1538
f 4896/8755/1539 4884/8733/1539 4897/8756/1539
f 4887/8738/1540 4893/8749/1540 4881/8726/1540
f 4919/8795/1541 4908/8776/1541 4906/8770/1541
f 4927/8810/1542 4918/8794/1542 4925/8806/1542
f 4926/8808/2413 4909/8777/2413 4920/8798/2413
f 4910/8780/1544 4912/8783/1544 4907/8773/1544
f 4915/8790/1545 4924/8804/1545 4913/8784/1545
f 4905/8769/1546 4906/8772/1546 4907/8774/1546
f 4908/8775/1547 4909/8778/1547 4910/8780/1547
f 4911/8781/2167 4912/8782/2167 4913/8785/2167
f 4914/8787/1549 4915/8789/1549 4916/8791/1549
f 4917/8792/1550 4918/8793/1550 4919/8796/1550
f 4920/8797/2414 4921/8799/2414 4922/8800/2414
f 4923/8802/1552 4924/8803/1552 4925/8805/1552
f 4926/8807/1553 4927/8809/1553 4928/8811/1553
f 4905/8769/1554 4912/8782/1554 4911/8781/1554
f 4906/8771/2415 4910/8780/2415 4907/8773/2415
f 4909/8778/1556 4916/8791/1556 4910/8780/1556
f 4915/8790/1557 4912/8783/1557 4916/8791/1557
f 4923/8802/1558 4913/8785/1558 4924/8803/1558
f 4914/8788/1559 4928/8811/1559 4915/8790/1559
f 4925/8806/1560 4928/8811/1560 4927/8810/1560
f 4923/8802/1561 4918/8794/1561 4917/8792/1561
f 4926/8808/1562 4922/8801/1562 4927/8810/1562
f 4919/8795/1563 4922/8801/1563 4921/8799/1563
f 4917/8792/1564 4906/8772/1564 4905/8769/1564
f 4909/8779/1565 4921/8799/1565 4920/8797/1565
f 4911/8781/1566 4917/8792/1566 4905/8769/1566
f 4943/8838/1567 4932/8819/1567 4930/8813/1567
f 4951/8853/1568 4942/8837/1568 4949/8849/1568
f 4938/8830/1569 4944/8841/1569 4950/8850/1569
f 4934/8823/1570 4936/8826/1570 4931/8817/1570
f 4939/8833/2416 4948/8847/2416 4937/8827/2416
f 4929/8812/1572 4930/8815/1572 4931/8816/1572
f 4932/8818/1573 4933/8821/1573 4934/8823/1573
f 4935/8824/1574 4936/8825/1574 4937/8828/1574
f 4938/8831/1575 4939/8832/1575 4940/8834/1575
f 4941/8835/2417 4942/8836/2417 4943/8839/2417
f 4944/8840/1577 4945/8842/1577 4946/8843/1577
f 4947/8845/2418 4948/8846/2418 4949/8848/2418
f 4950/8851/1579 4951/8852/1579 4952/8854/1579
f 4935/8824/1580 4931/8816/1580 4936/8825/1580
f 4932/8818/1581 4931/8817/1581 4930/8814/1581
f 4933/8821/2419 4940/8834/2419 4934/8823/2419
f 4939/8833/2420 4936/8826/2420 4940/8834/2420
f 4935/8824/2421 4948/8846/2421 4947/8845/2421
f 4950/8851/1585 4939/8833/1585 4938/8829/1585
f 4949/8849/1586 4952/8854/1586 4951/8853/1586
f 4947/8845/2171 4942/8837/2171 4941/8835/2171
f 4944/8841/1588 4951/8853/1588 4950/8850/1588
f 4945/8842/2422 4942/8837/2422 4946/8844/2422
f 4941/8835/1590 4930/8815/1590 4929/8812/1590
f 4933/8822/2172 4945/8842/2172 4944/8840/2172
f 4935/8824/1592 4941/8835/1592 4929/8812/1592
f 4969/8885/1593 4954/8856/1593 4967/8881/1593
f 4975/8896/1594 4966/8880/1594 4973/8892/1594
f 4962/8872/1595 4968/8884/1595 4974/8893/1595
f 4955/8859/1596 4964/8877/1596 4960/8869/1596
f 4963/8876/1597 4972/8890/1597 4961/8870/1597
f 4953/8855/1598 4954/8858/1598 4955/8860/1598
f 4956/8861/2423 4957/8864/2423 4958/8866/2423
f 4959/8867/1600 4960/8868/1600 4961/8871/1600
f 4962/8873/2424 4963/8875/2424 4964/8877/2424
f 4965/8878/2175 4966/8879/2175 4967/8882/2175
f 4968/8883/1603 4969/8885/1603 4970/8886/1603
f 4971/8888/1604 4972/8889/1604 4973/8891/1604
f 4974/8894/1605 4975/8895/1605 4976/8897/1605
f 4953/8855/1606 4960/8868/1606 4959/8867/1606
f 4954/8857/1607 4958/8866/1607 4955/8859/1607
f 4957/8864/1608 4964/8877/1608 4958/8866/1608
f 4961/8870/1609 4964/8877/1609 4963/8876/1609
f 4959/8867/1610 4972/8889/1610 4971/8888/1610
f 4962/8874/1611 4976/8897/1611 4963/8876/1611
f 4975/8896/1612 4972/8890/1612 4976/8897/1612
f 4971/8888/1613 4966/8880/1613 4965/8878/1613
f 4968/8884/1614 4975/8896/1614 4974/8893/1614
f 4967/8881/1615 4970/8887/1615 4969/8885/1615
f 4965/8878/2179 4954/8858/2179 4953/8855/2179
f 4957/8865/1617 4969/8885/1617 4968/8883/1617
f 4971/8888/1618 4953/8855/1618 4959/8867/1618
f 4991/8924/1619 4980/8905/1619 4978/8899/1619
f 4997/8935/1620 4994/8930/1620 4990/8923/1620
f 4986/8916/1621 4992/8927/1621 4998/8936/1621
f 4982/8909/1622 4984/8912/1622 4979/8903/1622
f 4987/8919/1623 4996/8933/1623 4985/8913/1623
f 4977/8898/1624 4978/8901/1624 4979/8902/1624
f 4980/8904/2425 4981/8906/2425 4982/8909/2425
f 4983/8910/2180 4984/8911/2180 4985/8914/2180
f 4986/8917/2181 4987/8918/2181 4988/8920/2181
f 4989/8921/1628 4990/8922/1628 4991/8925/1628
f 4992/8926/2183 4993/8928/2183 4994/8929/2183
f 4995/8931/2426 4996/8932/2426 4997/8934/2426
f 4998/8937/1631 4999/8938/1631 5000/8940/1631
f 4977/8898/1632 4984/8911/1632 4983/8910/1632
f 4980/8904/2427 4979/8903/2427 4978/8900/2427
f 4986/8917/2428 4982/8909/2428 4981/8906/2428
f 4987/8919/1635 4984/8912/1635 4988/8920/1635
f 4995/8931/2429 4985/8914/2429 4996/8932/2429
f 4998/8937/1637 4987/8919/1637 4986/8915/1637
f 4997/8935/2186 5000/8940/2186 4999/8939/2186
f 4989/8921/2430 4997/8935/2430 4990/8923/2430
f 4992/8927/1640 4999/8939/1640 4998/8936/1640
f 4991/8924/1641 4994/8930/1641 4993/8928/1641
f 4977/8898/1642 4991/8925/1642 4978/8901/1642
f 4981/8908/2431 4993/8928/2431 4992/8926/2431
f 4983/8910/1644 4989/8921/1644 4977/8898/1644
f 5017/8971/1645 5002/8943/1645 5015/8967/1645
f 5021/8978/1646 5018/8973/1646 5014/8966/1646
f 5022/8979/1647 5005/8950/1647 5016/8970/1647
f 5006/8952/1648 5008/8955/1648 5003/8946/1648
f 5009/8956/1649 5024/8983/1649 5020/8976/1649
f 5001/8941/1650 5002/8944/1650 5003/8945/1650
f 5004/8947/1651 5005/8949/1651 5006/8952/1651
f 5007/8953/1652 5008/8954/1652 5009/8957/1652
f 5010/8959/1653 5011/8961/1653 5012/8963/1653
f 5013/8964/1654 5014/8965/1654 5015/8968/1654
f 5016/8969/1655 5017/8971/1655 5018/8972/1655
f 5019/8974/1656 5020/8975/1656 5021/8977/1656
f 5022/8980/1657 5023/8981/1657 5024/8983/1657
f 5007/8953/1658 5003/8945/1658 5008/8954/1658
f 5004/8947/1659 5003/8946/1659 5002/8942/1659
f 5010/8959/1660 5006/8952/1660 5005/8949/1660
f 5009/8956/1661 5012/8963/1661 5011/8962/1661
f 5007/8953/1662 5020/8975/1662 5019/8974/1662
f 5010/8960/1663 5024/8983/1663 5011/8962/1663
f 5021/8978/1664 5024/8983/1664 5023/8982/1664
f 5013/8964/1665 5021/8978/1665 5014/8966/1665
f 5016/8970/1666 5023/8982/1666 5022/8979/1666
f 5017/8971/1667 5014/8966/1667 5018/8973/1667
f 5013/8964/1668 5002/8944/1668 5001/8941/1668
f 5005/8951/1669 5017/8971/1669 5016/8969/1669
f 5019/8974/1670 5001/8941/1670 5007/8953/1670
f 5041/9014/1671 5026/8987/1671 5039/9010/1671
f 5045/9021/2432 5042/9016/2432 5038/9009/2432
f 5034/9001/1673 5040/9012/1673 5046/9023/1673
f 5027/8989/1674 5036/9006/1674 5032/8998/1674
f 5035/9005/1675 5044/9019/1675 5033/8999/1675
f 5025/8984/2433 5026/8986/2433 5027/8988/2433
f 5028/8990/1677 5029/8993/1677 5030/8995/1677
f 5031/8996/1678 5032/8997/1678 5033/9000/1678
f 5034/9002/1679 5035/9004/1679 5036/9006/1679
f 5037/9007/1680 5038/9008/1680 5039/9011/1680
f 5040/9013/1681 5041/9014/1681 5042/9015/1681
f 5043/9017/1682 5044/9018/1682 5045/9020/1682
f 5046/9022/2434 5047/9024/2434 5048/9026/2434
f 5031/8996/1684 5027/8988/1684 5032/8997/1684
f 5028/8990/2435 5027/8989/2435 5026/8985/2435
f 5029/8993/2436 5036/9006/2436 5030/8995/2436
f 5035/9005/2437 5032/8998/2437 5036/9006/2437
f 5031/8996/1688 5044/9018/1688 5043/9017/1688
f 5034/9003/1689 5048/9026/1689 5035/9005/1689
f 5045/9021/1690 5048/9026/1690 5047/9025/1690
f 5043/9017/1691 5038/9009/1691 5037/9007/1691
f 5046/9023/1692 5042/9016/1692 5047/9025/1692
f 5039/9010/2188 5042/9016/2188 5041/9014/2188
f 5025/8984/1694 5039/9011/1694 5026/8986/1694
f 5040/9013/1695 5028/8991/1695 5041/9014/1695
f 5043/9017/1696 5025/8984/1696 5031/8996/1696
f 5063/9053/1697 5052/9034/1697 5050/9028/1697
f 5071/9068/1698 5062/9052/1698 5069/9064/1698
f 5058/9044/1699 5064/9056/1699 5070/9065/1699
f 5054/9038/1700 5056/9041/1700 5051/9032/1700
f 5057/9042/1701 5072/9069/1701 5068/9062/1701
f 5049/9027/2438 5050/9030/2438 5051/9031/2438
f 5052/9033/2439 5053/9035/2439 5054/9038/2439
f 5055/9039/2190 5056/9040/2190 5057/9043/2190
f 5058/9045/1705 5059/9047/1705 5060/9049/1705
f 5061/9050/1706 5062/9051/1706 5063/9054/1706
f 5064/9055/1707 5065/9057/1707 5066/9058/1707
f 5067/9060/2440 5068/9061/2440 5069/9063/2440
f 5070/9066/2192 5071/9067/2192 5072/9069/2192
f 5049/9027/1710 5056/9040/1710 5055/9039/1710
f 5052/9033/2441 5051/9032/2441 5050/9029/2441
f 5058/9045/1712 5054/9038/1712 5053/9035/1712
f 5057/9042/1713 5060/9049/1713 5059/9048/1713
f 5067/9060/2442 5057/9043/2442 5068/9061/2442
f 5058/9046/1715 5072/9069/1715 5059/9048/1715
f 5071/9068/2443 5068/9062/2443 5072/9069/2443
f 5067/9060/1717 5062/9052/1717 5061/9050/1717
f 5064/9056/2193 5071/9068/2193 5070/9065/2193
f 5063/9053/1719 5066/9059/1719 5065/9057/1719
f 5049/9027/1720 5063/9054/1720 5050/9030/1720
f 5053/9037/1721 5065/9057/1721 5064/9055/1721
f 5067/9060/1722 5049/9027/1722 5055/9039/1722
f 5087/9096/1723 5076/9077/1723 5074/9071/1723
f 5093/9107/1724 5090/9102/1724 5086/9095/1724
f 5082/9087/1725 5088/9098/1725 5094/9109/1725
f 5075/9075/1726 5084/9092/1726 5080/9084/1726
f 5081/9085/1727 5096/9112/1727 5092/9105/1727
f 5073/9070/1728 5074/9073/1728 5075/9074/1728
f 5076/9076/2195 5077/9079/2195 5078/9081/2195
f 5079/9082/2196 5080/9083/2196 5081/9086/2196
f 5082/9088/1731 5083/9090/1731 5084/9092/1731
f 5085/9093/2444 5086/9094/2444 5087/9097/2444
f 5088/9099/1733 5089/9100/1733 5090/9101/1733
f 5091/9103/1734 5092/9104/1734 5093/9106/1734
f 5094/9108/1735 5095/9110/1735 5096/9112/1735
f 5079/9082/1736 5075/9074/1736 5080/9083/1736
f 5076/9076/1737 5075/9075/1737 5074/9072/1737
f 5077/9079/1738 5084/9092/1738 5078/9081/1738
f 5083/9091/1739 5080/9084/1739 5084/9092/1739
f 5091/9103/1740 5081/9086/1740 5092/9104/1740
f 5082/9089/1741 5096/9112/1741 5083/9091/1741
f 5093/9107/1742 5096/9112/1742 5095/9111/1742
f 5091/9103/1743 5086/9095/1743 5085/9093/1743
f 5094/9109/1744 5090/9102/1744 5095/9111/1744
f 5089/9100/1745 5086/9095/1745 5090/9102/1745
f 5073/9070/1746 5087/9097/1746 5074/9073/1746
f 5088/9099/1747 5076/9077/1747 5089/9100/1747
f 5091/9103/1748 5073/9070/1748 5079/9082/1748
f 5111/9139/1749 5100/9120/1749 5098/9114/1749
f 5119/9154/1750 5110/9138/1750 5117/9150/1750
f 5106/9130/1751 5112/9142/1751 5118/9152/1751
f 5099/9118/1752 5108/9135/1752 5104/9127/1752
f 5105/9128/2445 5120/9155/2445 5116/9148/2445
f 5097/9113/1754 5098/9116/1754 5099/9117/1754
f 5100/9119/1755 5101/9121/1755 5102/9124/1755
f 5103/9125/1756 5104/9126/1756 5105/9129/1756
f 5106/9131/1757 5107/9133/1757 5108/9135/1757
f 5109/9136/2446 5110/9137/2446 5111/9140/2446
f 5112/9141/1759 5113/9143/1759 5114/9144/1759
f 5115/9146/1760 5116/9147/1760 5117/9149/1760
f 5118/9151/1761 5119/9153/1761 5120/9155/1761
f 5103/9125/1762 5099/9117/1762 5104/9126/1762
f 5100/9119/1763 5099/9118/1763 5098/9115/1763
f 5106/9131/1764 5102/9124/1764 5101/9121/1764
f 5105/9128/1765 5108/9135/1765 5107/9134/1765
f 5115/9146/1766 5105/9129/1766 5116/9147/1766
f 5106/9132/2447 5120/9155/2447 5107/9134/2447
f 5119/9154/1768 5116/9148/1768 5120/9155/1768
f 5109/9136/1769 5117/9150/1769 5110/9138/1769
f 5118/9152/1770 5114/9145/1770 5119/9154/1770
f 5111/9139/1771 5114/9145/1771 5113/9143/1771
f 5109/9136/2200 5098/9116/2200 5097/9113/2200
f 5101/9123/1773 5113/9143/1773 5112/9141/1773
f 5103/9125/1774 5109/9136/1774 5097/9113/1774
f 5135/9182/1775 5124/9163/1775 5122/9157/1775
f 5143/9197/1776 5134/9181/1776 5141/9193/1776
f 5142/9194/1777 5125/9165/1777 5136/9185/1777
f 5126/9167/1778 5128/9170/1778 5123/9160/1778
f 5131/9177/1779 5140/9191/1779 5129/9171/1779
f 5121/9156/2448 5122/9158/2448 5123/9161/2448
f 5124/9162/1781 5125/9164/1781 5126/9167/1781
f 5127/9168/1782 5128/9169/1782 5129/9172/1782
f 5130/9174/1783 5131/9176/1783 5132/9178/1783
f 5133/9179/2202 5134/9180/2202 5135/9183/2202
f 5136/9184/1785 5137/9186/1785 5138/9187/1785
f 5139/9189/1786 5140/9190/1786 5141/9192/1786
f 5142/9195/1787 5143/9196/1787 5144/9198/1787
f 5127/9168/2449 5123/9161/2449 5128/9169/2449
f 5122/9159/2450 5126/9167/2450 5123/9160/2450
f 5130/9174/1790 5126/9167/1790 5125/9164/1790
f 5129/9171/2451 5132/9178/2451 5131/9177/2451
f 5139/9189/1792 5129/9172/1792 5140/9190/1792
f 5130/9175/1793 5144/9198/1793 5131/9177/1793
f 5143/9197/1794 5140/9191/1794 5144/9198/1794
f 5133/9179/1795 5141/9193/1795 5134/9181/1795
f 5136/9185/1796 5143/9197/1796 5142/9194/1796
f 5135/9182/1797 5138/9188/1797 5137/9186/1797
f 5121/9156/1798 5135/9183/1798 5122/9158/1798
f 5125/9166/1799 5137/9186/1799 5136/9184/1799
f 5139/9189/1800 5121/9156/1800 5127/9168/1800
f 5161/9229/1801 5146/9202/1801 5159/9225/1801
f 5165/9236/1802 5162/9231/1802 5158/9224/1802
f 5166/9237/1803 5149/9208/1803 5160/9227/1803
f 5150/9210/1804 5152/9213/1804 5147/9204/1804
f 5155/9220/1805 5164/9234/1805 5153/9214/1805
f 5145/9199/1806 5146/9201/1806 5147/9203/1806
f 5148/9205/2452 5149/9207/2452 5150/9210/2452
f 5151/9211/1808 5152/9212/1808 5153/9215/1808
f 5154/9218/2453 5155/9219/2453 5156/9221/2453
f 5157/9222/1810 5158/9223/1810 5159/9226/1810
f 5160/9228/2206 5161/9229/2206 5162/9230/2206
f 5163/9232/1812 5164/9233/1812 5165/9235/1812
f 5166/9238/1813 5167/9239/1813 5168/9241/1813
f 5151/9211/1814 5147/9203/1814 5152/9212/1814
f 5148/9205/1815 5147/9204/1815 5146/9200/1815
f 5154/9218/1816 5150/9210/1816 5149/9207/1816
f 5155/9220/1817 5152/9213/1817 5156/9221/1817
f 5163/9232/1818 5153/9215/1818 5164/9233/1818
f 5166/9238/2454 5155/9220/2454 5154/9216/2454
f 5165/9236/2210 5168/9241/2210 5167/9240/2210
f 5157/9222/1821 5165/9236/1821 5158/9224/1821
f 5160/9227/1822 5167/9240/1822 5166/9237/1822
f 5159/9225/2211 5162/9231/2211 5161/9229/2211
f 5145/9199/1824 5159/9226/1824 5146/9201/1824
f 5160/9228/1825 5148/9206/1825 5161/9229/1825
f 5163/9232/1826 5145/9199/1826 5151/9211/1826
f 5183/9268/1827 5172/9249/1827 5170/9243/1827
f 5189/9279/1828 5186/9274/1828 5182/9267/1828
f 5190/9281/1829 5173/9250/1829 5184/9270/1829
f 5174/9253/1830 5176/9256/1830 5171/9246/1830
f 5179/9263/1831 5188/9277/1831 5177/9257/1831
f 5169/9242/1832 5170/9244/1832 5171/9247/1832
f 5172/9248/1833 5173/9251/1833 5174/9253/1833
f 5175/9254/1834 5176/9255/1834 5177/9258/1834
f 5178/9260/1835 5179/9262/1835 5180/9264/1835
f 5181/9265/2213 5182/9266/2213 5183/9269/2213
f 5184/9271/1837 5185/9272/1837 5186/9273/1837
f 5187/9275/1838 5188/9276/1838 5189/9278/1838
f 5190/9280/1839 5191/9282/1839 5192/9284/1839
f 5169/9242/2455 5176/9255/2455 5175/9254/2455
f 5170/9245/1841 5174/9253/1841 5171/9246/1841
f 5173/9251/1842 5180/9264/1842 5174/9253/1842
f 5179/9263/1843 5176/9256/1843 5180/9264/1843
f 5175/9254/1844 5188/9276/1844 5187/9275/1844
f 5178/9261/1845 5192/9284/1845 5179/9263/1845
f 5191/9283/2215 5188/9277/2215 5192/9284/2215
f 5187/9275/1847 5182/9267/1847 5181/9265/1847
f 5190/9281/1848 5186/9274/1848 5191/9283/1848
f 5183/9268/1849 5186/9274/1849 5185/9272/1849
f 5169/9242/1850 5183/9269/1850 5170/9244/1850
f 5184/9271/1851 5172/9249/1851 5185/9272/1851
f 5187/9275/1852 5169/9242/1852 5175/9254/1852
f 5209/9315/1853 5194/9287/1853 5207/9311/1853
f 5215/9326/1854 5206/9310/1854 5213/9322/1854
f 5214/9323/1855 5197/9293/1855 5208/9313/1855
f 5195/9289/1856 5204/9307/1856 5200/9299/1856
f 5203/9306/1857 5212/9320/1857 5201/9300/1857
f 5193/9285/1858 5194/9286/1858 5195/9290/1858
f 5196/9291/1859 5197/9294/1859 5198/9296/1859
f 5199/9297/2456 5200/9298/2456 5201/9301/2456
f 5202/9304/2457 5203/9305/2457 5204/9307/2457
f 5205/9308/1862 5206/9309/1862 5207/9312/1862
f 5208/9314/1863 5209/9315/1863 5210/9316/1863
f 5211/9318/1864 5212/9319/1864 5213/9321/1864
f 5214/9324/1865 5215/9325/1865 5216/9327/1865
f 5193/9285/1866 5200/9298/1866 5199/9297/1866
f 5194/9288/1867 5198/9296/1867 5195/9289/1867
f 5197/9294/1868 5204/9307/1868 5198/9296/1868
f 5203/9306/1869 5200/9299/1869 5204/9307/1869
f 5199/9297/1870 5212/9319/1870 5211/9318/1870
f 5214/9324/1871 5203/9306/1871 5202/9302/1871
f 5213/9322/1872 5216/9327/1872 5215/9326/1872
f 5205/9308/1873 5213/9322/1873 5206/9310/1873
f 5208/9313/1874 5215/9326/1874 5214/9323/1874
f 5209/9315/1875 5206/9310/1875 5210/9317/1875
f 5193/9285/1876 5207/9312/1876 5194/9286/1876
f 5208/9314/1877 5196/9292/1877 5209/9315/1877
f 5199/9297/1878 5205/9308/1878 5193/9285/1878
f 14/19/1 4/7/1 10/14/1
f 4/7/2 8/12/2 11/15/2
f 8/12/3 15/22/3 16/23/3
f 2/4/4 18/25/4 19/26/4
f 7/11/4 5/9/4 1/2/4
f 4/8/5 14/20/5 15/22/5
f 16/23/6 13/18/6 1/3/6
f 11/15/3 16/23/3 5/9/3
f 10/14/2 11/15/2 7/11/2
f 13/17/1 10/14/1 3/6/1
f 2/4/6 14/21/6 13/18/6
f 6/10/6 15/22/6 14/21/6
f 12/16/6 16/23/6 15/22/6
f 9/13/6 13/18/6 16/23/6
f 19/26/6 18/25/6 17/24/6
f 6/10/1 19/26/1 20/27/1
f 9/13/3 17/24/3 18/25/3
f 12/16/2 25/32/2 26/33/2
f 22/29/3 30/37/3 32/39/3
f 20/27/1 27/34/1 25/32/1
f 9/13/3 26/33/3 28/35/3
f 17/24/6 28/35/6 27/34/6
f 22/29/5 26/33/5 25/32/5
f 23/30/5 27/34/5 28/35/5
f 21/28/5 25/32/5 27/34/5
f 24/31/5 28/35/5 26/33/5
f 29/36/5 31/38/5 32/39/5
f 24/31/6 32/39/6 31/38/6
f 23/30/1 31/38/1 29/36/1
f 21/28/2 29/36/2 30/37/2
f 47/66/7 49/70/7 36/47/7
f 55/81/8 50/72/8 46/65/8
f 54/79/9 42/57/9 37/49/9
f 35/44/10 38/51/10 44/62/10
f 43/61/11 56/82/11 52/75/11
f 39/52/20 33/40/20 35/45/20
f 34/43/2458 36/46/2458 38/51/2458
f 42/58/22 44/62/22 38/51/22
f 41/55/1883 40/54/1883 44/62/1883
f 39/52/24 41/56/24 52/74/24
f 42/59/25 54/78/25 56/82/25
f 55/81/1884 53/77/1884 52/75/1884
f 45/63/27 51/73/27 53/77/27
f 54/79/28 48/69/28 50/72/28
f 49/70/1886 47/66/1886 46/65/1886
f 33/40/30 45/63/30 47/67/30
f 37/50/31 36/47/31 49/70/31
f 51/73/32 45/63/32 33/40/32
f 73/113/33 60/90/33 58/85/33
f 79/124/34 74/115/34 70/108/34
f 66/101/35 61/92/35 72/112/35
f 59/88/2229 62/94/2229 68/105/2229
f 67/104/37 80/125/37 76/118/37
f 63/95/46 57/83/46 59/87/46
f 60/89/47 62/94/47 59/88/47
f 66/102/48 68/105/48 62/94/48
f 65/98/2459 64/97/2459 68/105/2459
f 63/95/50 65/99/50 76/117/50
f 78/122/51 80/125/51 67/104/51
f 79/124/1889 77/120/1889 76/118/1889
f 75/116/53 77/120/53 70/108/53
f 72/112/54 74/115/54 79/124/54
f 71/109/1890 70/108/1890 74/115/1890
f 69/106/1891 71/110/1891 58/86/1891
f 61/93/57 60/90/57 73/113/57
f 63/95/58 75/116/58 69/106/58
f 95/152/2234 97/156/2234 84/133/2234
f 101/163/60 103/167/60 98/158/60
f 90/143/61 85/135/61 96/155/61
f 83/131/62 86/137/62 92/148/62
f 91/147/63 104/168/63 100/161/63
f 87/138/72 81/126/72 83/130/72
f 84/132/73 86/137/73 83/131/73
f 90/144/74 92/148/74 86/137/74
f 91/147/75 89/141/75 88/140/75
f 87/138/76 89/142/76 100/160/76
f 90/145/2460 102/164/2460 104/168/2460
f 103/167/78 101/163/78 100/161/78
f 99/159/79 101/163/79 94/151/79
f 102/165/80 96/155/80 98/158/80
f 97/156/81 95/152/81 94/151/81
f 81/126/82 93/149/82 95/153/82
f 85/136/2461 84/133/2461 97/156/2461
f 99/159/84 93/149/84 81/126/84
f 121/199/85 108/176/85 106/172/85
f 127/210/86 122/201/86 118/194/86
f 114/186/87 109/178/87 120/197/87
f 107/174/88 110/180/88 116/191/88
f 113/184/89 115/190/89 128/211/89
f 105/169/98 107/173/98 112/182/98
f 108/175/99 110/180/99 107/174/99
f 114/187/100 116/191/100 110/180/100
f 113/184/1902 112/183/1902 116/191/1902
f 111/181/102 113/185/102 124/203/102
f 114/188/103 126/208/103 128/211/103
f 125/206/104 124/204/104 128/211/104
f 123/202/105 125/206/105 118/194/105
f 120/197/1903 122/201/1903 127/210/1903
f 121/199/2238 119/195/2238 118/194/2238
f 105/169/108 117/192/108 119/196/108
f 120/198/109 109/179/109 108/176/109
f 111/181/110 123/202/110 117/192/110
f 143/238/111 145/242/111 132/219/111
f 149/249/112 151/253/112 146/244/112
f 138/229/113 133/221/113 144/241/113
f 131/217/114 134/223/114 140/234/114
f 139/233/1904 152/254/1904 148/247/1904
f 135/224/124 129/212/124 131/216/124
f 132/218/2241 134/223/2241 131/217/2241
f 138/230/126 140/234/126 134/223/126
f 137/227/127 136/226/127 140/234/127
f 135/224/2462 137/228/2462 148/246/2462
f 138/231/129 150/251/129 152/254/129
f 149/249/2242 148/247/2242 152/254/2242
f 141/235/131 147/245/131 149/249/131
f 144/241/132 146/244/132 151/253/132
f 143/238/133 142/237/133 146/244/133
f 141/235/2463 143/239/2463 130/215/2463
f 133/222/2243 132/219/2243 145/242/2243
f 135/224/136 147/245/136 141/235/136
f 169/285/137 156/262/137 154/256/137
f 173/292/138 175/296/138 170/287/138
f 162/273/139 157/264/139 168/284/139
f 158/266/140 164/277/140 160/269/140
f 163/276/1909 176/297/1909 172/290/1909
f 159/267/150 153/255/150 155/260/150
f 154/257/2245 156/261/2245 158/266/2245
f 162/274/152 164/277/152 158/266/152
f 161/270/153 160/269/153 164/277/153
f 159/267/154 161/271/154 172/289/154
f 174/294/155 176/297/155 163/276/155
f 175/296/1915 173/292/1915 172/290/1915
f 171/288/157 173/292/157 166/280/157
f 168/284/158 170/287/158 175/296/158
f 167/281/159 166/280/159 170/287/159
f 165/278/1917 167/282/1917 154/258/1917
f 157/265/161 156/262/161 169/285/161
f 159/267/162 171/288/162 165/278/162
f 193/328/163 180/305/163 178/301/163
f 197/335/164 199/339/164 194/330/164
f 186/316/165 181/306/165 192/326/165
f 182/309/166 188/320/166 184/312/166
f 187/319/167 200/340/167 196/333/167
f 183/310/176 177/298/176 179/302/176
f 180/304/177 182/309/177 179/303/177
f 181/307/178 186/317/178 188/320/178
f 187/319/1921 185/313/1921 184/312/1921
f 195/331/180 183/310/180 185/314/180
f 198/337/1922 200/340/1922 187/319/1922
f 199/339/182 197/335/182 196/333/182
f 189/321/183 195/331/183 197/335/183
f 192/326/184 194/330/184 199/339/184
f 193/328/185 191/324/185 190/323/185
f 177/298/1923 189/321/1923 191/325/1923
f 192/327/187 181/308/187 180/305/187
f 195/331/188 189/321/188 177/298/188
f 215/367/189 217/371/189 204/348/189
f 221/378/190 223/382/190 218/373/190
f 222/380/191 210/359/191 205/350/191
f 203/345/192 206/352/192 212/363/192
f 211/362/193 224/383/193 220/376/193
f 207/353/1927 201/341/1927 203/346/1927
f 202/343/203 204/347/203 206/352/203
f 210/360/204 212/363/204 206/352/204
f 211/362/205 209/356/205 208/355/205
f 219/374/206 207/353/206 209/357/206
f 222/379/1929 224/383/1929 211/362/1929
f 223/382/208 221/378/208 220/376/208
f 219/374/2464 221/378/2464 214/366/2464
f 222/380/210 216/370/210 218/373/210
f 215/367/211 214/366/211 218/373/211
f 213/364/212 215/368/212 202/344/212
f 205/351/2253 204/348/2253 217/371/2253
f 207/353/214 219/374/214 213/364/214
f 241/414/215 228/391/215 226/385/215
f 245/421/216 247/425/216 242/416/216
f 246/423/217 234/401/217 229/392/217
f 230/395/218 236/406/218 232/398/218
f 235/405/219 248/426/219 244/419/219
f 231/396/228 225/384/228 227/389/228
f 226/386/2257 228/390/2257 230/395/2257
f 229/393/1930 234/402/1930 236/406/1930
f 235/405/231 233/399/231 232/398/231
f 231/396/232 233/400/232 244/418/232
f 234/403/233 246/422/233 248/426/233
f 245/421/1931 244/419/1931 248/426/1931
f 243/417/2465 245/421/2465 238/409/2465
f 246/423/236 240/413/236 242/416/236
f 241/414/1932 239/410/1932 238/409/1932
f 237/407/238 239/411/238 226/387/238
f 229/394/239 228/391/239 241/414/239
f 231/396/240 243/417/240 237/407/240
f 265/457/241 252/434/241 250/429/241
f 271/468/242 266/459/242 262/452/242
f 270/465/243 258/445/243 253/436/243
f 251/431/244 254/438/244 260/449/244
f 259/448/245 272/469/245 268/462/245
f 255/439/254 249/427/254 251/432/254
f 250/430/255 252/433/255 254/438/255
f 258/446/256 260/449/256 254/438/256
f 259/448/2265 257/442/2265 256/441/2265
f 267/460/258 255/439/258 257/443/258
f 270/466/259 272/469/259 259/448/259
f 269/464/260 268/462/260 272/469/260
f 261/450/261 267/460/261 269/464/261
f 264/456/2267 266/459/2267 271/468/2267
f 265/457/1935 263/453/1935 262/452/1935
f 249/427/264 261/450/264 263/454/264
f 253/437/265 252/434/265 265/457/265
f 255/439/266 267/460/266 261/450/266
f 287/496/267 289/500/267 276/477/267
f 293/507/268 295/511/268 290/502/268
f 294/509/269 282/488/269 277/478/269
f 275/475/270 278/481/270 284/492/270
f 281/485/271 283/491/271 296/512/271
f 279/482/280 273/470/280 275/474/280
f 276/476/1939 278/481/1939 275/475/1939
f 277/479/282 282/489/282 284/492/282
f 281/485/283 280/484/283 284/492/283
f 279/482/284 281/486/284 292/504/284
f 294/508/2466 296/512/2466 283/491/2466
f 295/511/1941 293/507/1941 292/505/1941
f 285/493/287 291/503/287 293/507/287
f 294/509/288 288/498/288 290/502/288
f 289/500/289 287/496/289 286/495/289
f 285/493/2467 287/497/2467 274/473/2467
f 288/499/291 277/480/291 276/477/291
f 279/482/292 291/503/292 285/493/292
f 313/543/293 300/520/293 298/516/293
f 317/550/294 319/554/294 314/545/294
f 318/552/295 306/530/295 301/521/295
f 302/524/296 308/535/296 304/527/296
f 305/528/297 307/534/297 320/555/297
f 297/513/306 299/517/306 304/526/306
f 300/519/307 302/524/307 299/518/307
f 301/522/308 306/531/308 308/535/308
f 307/534/309 305/528/309 304/527/309
f 303/525/2468 305/529/2468 316/547/2468
f 306/532/311 318/551/311 320/555/311
f 317/550/312 316/548/312 320/555/312
f 309/536/313 315/546/313 317/550/313
f 318/552/314 312/542/314 314/545/314
f 313/543/1944 311/539/1944 310/538/1944
f 297/513/316 309/536/316 311/540/316
f 301/523/2469 300/520/2469 313/543/2469
f 303/525/318 315/546/318 309/536/318
f 337/586/319 324/563/319 322/558/319
f 341/593/320 343/597/320 338/588/320
f 330/573/321 325/565/321 336/585/321
f 326/567/322 332/578/322 328/570/322
f 331/577/323 344/598/323 340/591/323
f 327/568/332 321/556/332 323/560/332
f 324/562/333 326/567/333 323/561/333
f 330/574/334 332/578/334 326/567/334
f 329/571/2470 328/570/2470 332/578/2470
f 339/589/336 327/568/336 329/572/336
f 330/575/2471 342/594/2471 344/598/2471
f 343/597/338 341/593/338 340/591/338
f 333/579/339 339/589/339 341/593/339
f 342/595/340 336/585/340 338/588/340
f 337/586/341 335/582/341 334/581/341
f 333/579/2272 335/583/2272 322/559/2272
f 325/566/343 324/563/343 337/586/343
f 339/589/344 333/579/344 321/556/344
f 361/629/345 348/606/345 346/601/345
f 367/640/346 362/631/346 358/624/346
f 354/617/347 349/608/347 360/628/347
f 350/610/348 356/621/348 352/613/348
f 355/620/349 368/641/349 364/634/349
f 351/611/358 345/599/358 347/604/358
f 346/602/359 348/605/359 350/610/359
f 354/618/360 356/621/360 350/610/360
f 355/620/361 353/614/361 352/613/361
f 363/632/1955 351/611/1955 353/615/1955
f 366/638/363 368/641/363 355/620/363
f 365/636/364 364/634/364 368/641/364
f 363/632/365 365/636/365 358/624/365
f 360/628/366 362/631/366 367/640/366
f 359/625/367 358/624/367 362/631/367
f 345/599/368 357/622/368 359/626/368
f 349/609/2275 348/606/2275 361/629/2275
f 351/611/370 363/632/370 357/622/370
f 385/672/371 372/649/371 370/643/371
f 389/679/372 391/683/372 386/674/372
f 378/659/373 373/651/373 384/671/373
f 374/653/374 380/664/374 376/656/374
f 379/663/375 392/684/375 388/677/375
f 375/654/384 369/642/384 371/647/384
f 370/644/385 372/648/385 374/653/385
f 378/660/386 380/664/386 374/653/386
f 379/663/1962 377/657/1962 376/656/1962
f 375/654/388 377/658/388 388/676/388
f 378/661/389 390/680/389 392/684/389
f 389/679/390 388/677/390 392/684/390
f 387/675/391 389/679/391 382/667/391
f 390/681/392 384/671/392 386/674/392
f 383/668/2472 382/667/2472 386/674/2472
f 381/665/2280 383/669/2280 370/645/2280
f 373/652/395 372/649/395 385/672/395
f 375/654/396 387/675/396 381/665/396
f 407/711/397 409/715/397 396/692/397
f 413/722/398 415/726/398 410/717/398
f 402/702/399 397/693/399 408/714/399
f 398/696/400 404/707/400 400/699/400
f 403/706/401 416/727/401 412/720/401
f 393/685/410 395/690/410 400/698/410
f 394/688/1968 396/691/1968 398/696/1968
f 397/694/412 402/703/412 404/707/412
f 401/700/413 400/699/413 404/707/413
f 399/697/414 401/701/414 412/719/414
f 402/704/415 414/724/415 416/727/415
f 415/726/416 413/722/416 412/720/416
f 405/708/417 411/718/417 413/722/417
f 408/714/418 410/717/418 415/726/418
f 407/711/419 406/710/419 410/717/419
f 393/685/420 405/708/420 407/712/420
f 397/695/421 396/692/421 409/715/421
f 411/718/422 405/708/422 393/685/422
f 433/758/1969 420/735/1969 418/731/1969
f 439/769/424 434/760/424 430/753/424
f 426/745/425 421/736/425 432/756/425
f 419/733/426 422/739/426 428/750/426
f 427/749/427 440/770/427 436/763/427
f 417/728/436 419/732/436 424/741/436
f 420/734/437 422/739/437 419/733/437
f 421/737/438 426/746/438 428/750/438
f 427/749/439 425/743/439 424/742/439
f 435/761/440 423/740/440 425/744/440
f 426/747/441 438/767/441 440/770/441
f 439/769/442 437/765/442 436/763/442
f 435/761/443 437/765/443 430/753/443
f 432/756/2473 434/760/2473 439/769/2473
f 431/754/445 430/753/445 434/760/445
f 417/728/446 429/751/446 431/755/446
f 432/757/2291 421/738/2291 420/735/2291
f 423/740/448 435/761/448 429/751/448
f 455/797/449 457/801/449 444/778/449
f 461/808/450 463/812/450 458/803/450
f 462/810/451 450/789/451 445/780/451
f 443/775/452 446/782/452 452/793/452
f 451/792/453 464/813/453 460/806/453
f 447/783/462 441/771/462 443/776/462
f 442/774/463 444/777/463 446/782/463
f 450/790/464 452/793/464 446/782/464
f 449/786/465 448/785/465 452/793/465
f 447/783/466 449/787/466 460/805/466
f 462/809/2474 464/813/2474 451/792/2474
f 461/808/468 460/806/468 464/813/468
f 453/794/469 459/804/469 461/808/469
f 462/810/470 456/799/470 458/803/470
f 457/801/1979 455/797/1979 454/796/1979
f 441/771/2294 453/794/2294 455/798/2294
f 456/800/473 445/781/473 444/778/473
f 459/804/474 453/794/474 441/771/474
f 481/844/475 468/821/475 466/816/475
f 487/855/476 482/846/476 478/839/476
f 486/852/477 474/831/477 469/823/477
f 467/818/478 470/825/478 476/836/478
f 475/835/479 488/856/479 484/849/479
f 471/826/2475 465/814/2475 467/819/2475
f 466/817/489 468/820/489 470/825/489
f 474/832/490 476/836/490 470/825/490
f 475/835/1982 473/829/1982 472/828/1982
f 471/826/492 473/830/492 484/848/492
f 474/833/493 486/853/493 488/856/493
f 485/851/494 484/849/494 488/856/494
f 483/847/495 485/851/495 478/839/495
f 480/842/2297 482/846/2297 487/855/2297
f 481/844/497 479/840/497 478/839/497
f 465/814/498 477/837/498 479/841/498
f 480/843/499 469/824/499 468/821/499
f 483/847/500 477/837/500 465/814/500
f 505/887/501 492/864/501 490/858/501
f 509/894/502 511/898/502 506/889/502
f 510/896/503 498/874/503 493/866/503
f 491/861/504 494/868/504 500/879/504
f 499/878/1985 512/899/1985 508/892/1985
f 489/857/514 491/862/514 496/870/514
f 490/859/515 492/863/515 494/868/515
f 498/875/516 500/879/516 494/868/516
f 499/878/1989 497/872/1989 496/871/1989
f 495/869/518 497/873/518 508/891/518
f 498/876/1990 510/895/1990 512/899/1990
f 511/898/520 509/894/520 508/892/520
f 501/880/521 507/890/521 509/894/521
f 510/896/522 504/886/522 506/889/522
f 505/887/523 503/883/523 502/882/523
f 501/880/524 503/884/524 490/860/524
f 493/867/2476 492/864/2476 505/887/2476
f 507/890/526 501/880/526 489/857/526
f 529/930/527 516/907/527 514/902/527
f 535/941/528 530/932/528 526/925/528
f 534/938/529 522/918/529 517/909/529
f 515/905/530 518/911/530 524/922/530
f 521/915/531 523/921/531 536/942/531
f 519/912/540 513/900/540 515/904/540
f 516/906/2477 518/911/2477 515/905/2477
f 522/919/2478 524/922/2478 518/911/2478
f 521/915/543 520/914/543 524/922/543
f 531/933/544 519/912/544 521/916/544
f 534/939/545 536/942/545 523/921/545
f 535/941/546 533/937/546 532/935/546
f 531/933/547 533/937/547 526/925/547
f 528/929/548 530/932/548 535/941/548
f 529/930/549 527/926/549 526/925/549
f 525/923/550 527/927/550 514/903/550
f 517/910/1999 516/907/1999 529/930/1999
f 519/912/552 531/933/552 525/923/552
f 551/969/2479 553/973/2479 540/950/2479
f 559/984/554 554/975/554 550/968/554
f 546/961/555 541/952/555 552/971/555
f 542/954/556 548/965/556 544/957/556
f 545/958/557 547/964/557 560/985/557
f 537/943/566 539/947/566 544/956/566
f 540/949/567 542/954/567 539/948/567
f 546/962/568 548/965/568 542/954/568
f 547/964/569 545/958/569 544/957/569
f 543/955/2003 545/959/2003 556/977/2003
f 558/982/571 560/985/571 547/964/571
f 559/984/2004 557/980/2004 556/978/2004
f 549/966/573 555/976/573 557/980/573
f 552/971/574 554/975/574 559/984/574
f 553/973/575 551/969/575 550/968/575
f 537/943/576 549/966/576 551/970/576
f 552/972/577 541/953/577 540/950/577
f 543/955/578 555/976/578 549/966/578
f 577/1016/579 564/993/579 562/988/579
f 583/1027/580 578/1018/580 574/1011/580
f 570/1003/581 565/994/581 576/1014/581
f 566/997/582 572/1008/582 568/1000/582
f 569/1001/583 571/1007/583 584/1028/583
f 561/986/592 563/990/592 568/999/592
f 564/992/593 566/997/593 563/991/593
f 565/995/594 570/1004/594 572/1008/594
f 571/1007/595 569/1001/595 568/1000/595
f 579/1019/596 567/998/596 569/1002/596
f 570/1005/597 582/1025/597 584/1028/597
f 583/1027/598 581/1023/598 580/1021/598
f 579/1019/599 581/1023/599 574/1011/599
f 576/1014/600 578/1018/600 583/1027/600
f 577/1016/601 575/1012/601 574/1011/601
f 573/1009/602 575/1013/602 562/989/602
f 576/1015/603 565/996/603 564/993/603
f 579/1019/604 573/1009/604 561/986/604
f 599/1055/605 601/1059/605 588/1036/605
f 607/1070/2310 602/1061/2310 598/1054/2310
f 594/1046/607 589/1038/607 600/1057/607
f 590/1040/608 596/1051/608 592/1043/608
f 595/1050/609 608/1071/609 604/1064/609
f 585/1029/618 587/1033/618 592/1042/618
f 588/1035/619 590/1040/619 587/1034/619
f 594/1047/620 596/1051/620 590/1040/620
f 593/1044/2480 592/1043/2480 596/1051/2480
f 603/1062/622 591/1041/622 593/1045/622
f 594/1048/623 606/1068/623 608/1071/623
f 607/1070/624 605/1066/624 604/1064/624
f 603/1062/625 605/1066/625 598/1054/625
f 600/1057/2009 602/1061/2009 607/1070/2009
f 599/1055/627 598/1054/627 602/1061/627
f 585/1029/628 597/1052/628 599/1056/628
f 600/1058/629 589/1039/629 588/1036/629
f 603/1062/630 597/1052/630 585/1029/630
f 625/1102/631 612/1079/631 610/1074/631
f 629/1109/632 631/1113/632 626/1104/632
f 618/1089/633 613/1081/633 624/1100/633
f 611/1076/634 614/1083/634 620/1094/634
f 619/1093/635 632/1114/635 628/1107/635
f 609/1072/2315 611/1077/2315 616/1085/2315
f 610/1075/645 612/1078/645 614/1083/645
f 618/1090/646 620/1094/646 614/1083/646
f 619/1093/2013 617/1087/2013 616/1086/2013
f 627/1105/648 615/1084/648 617/1088/648
f 618/1091/649 630/1111/649 632/1114/649
f 631/1113/650 629/1109/650 628/1107/650
f 627/1105/2014 629/1109/2014 622/1097/2014
f 624/1100/652 626/1104/652 631/1113/652
f 625/1102/2481 623/1098/2481 622/1097/2481
f 609/1072/654 621/1095/654 623/1099/654
f 624/1101/655 613/1082/655 612/1079/655
f 615/1084/656 627/1105/656 621/1095/656
f 647/1141/657 649/1145/657 636/1122/657
f 653/1152/658 655/1156/658 650/1147/658
f 654/1154/659 642/1133/659 637/1123/659
f 638/1126/660 644/1137/660 640/1129/660
f 641/1130/661 643/1136/661 656/1157/661
f 633/1115/670 635/1119/670 640/1128/670
f 636/1121/671 638/1126/671 635/1120/671
f 637/1124/2019 642/1134/2019 644/1137/2019
f 641/1130/2020 640/1129/2020 644/1137/2020
f 651/1148/674 639/1127/674 641/1131/674
f 654/1153/675 656/1157/675 643/1136/675
f 653/1152/2482 652/1150/2482 656/1157/2482
f 645/1138/677 651/1148/677 653/1152/677
f 654/1154/678 648/1144/678 650/1147/678
f 647/1141/679 646/1140/679 650/1147/679
f 633/1115/680 645/1138/680 647/1142/680
f 637/1125/681 636/1122/681 649/1145/681
f 651/1148/682 645/1138/682 633/1115/682
f 673/1188/683 660/1165/683 658/1159/683
f 679/1199/684 674/1190/684 670/1183/684
f 666/1176/685 661/1167/685 672/1187/685
f 662/1169/686 668/1180/686 664/1172/686
f 665/1173/687 667/1179/687 680/1200/687
f 663/1170/696 657/1158/696 659/1163/696
f 658/1160/2322 660/1164/2322 662/1169/2322
f 666/1177/698 668/1180/698 662/1169/698
f 667/1179/699 665/1173/699 664/1172/699
f 663/1170/2483 665/1174/2483 676/1192/2483
f 678/1196/701 680/1200/701 667/1179/701
f 677/1195/702 676/1193/702 680/1200/702
f 669/1181/703 675/1191/703 677/1195/703
f 678/1197/704 672/1187/704 674/1190/704
f 671/1184/705 670/1183/705 674/1190/705
f 669/1181/706 671/1185/706 658/1161/706
f 661/1168/707 660/1165/707 673/1188/707
f 675/1191/708 669/1181/708 657/1158/708
f 697/1231/709 684/1208/709 682/1204/709
f 703/1242/710 698/1233/710 694/1226/710
f 690/1218/711 685/1209/711 696/1230/711
f 683/1206/712 686/1212/712 692/1223/712
f 691/1222/713 704/1243/713 700/1236/713
f 681/1201/722 683/1205/722 688/1214/722
f 684/1207/723 686/1212/723 683/1206/723
f 685/1210/724 690/1219/724 692/1223/724
f 689/1216/725 688/1215/725 692/1223/725
f 687/1213/726 689/1217/726 700/1235/726
f 690/1220/727 702/1240/727 704/1243/727
f 703/1242/728 701/1238/728 700/1236/728
f 693/1224/729 699/1234/729 701/1238/729
f 696/1230/730 698/1233/730 703/1242/730
f 697/1231/2484 695/1227/2484 694/1226/2484
f 681/1201/732 693/1224/732 695/1228/732
f 685/1211/733 684/1208/733 697/1231/733
f 687/1213/734 699/1234/734 693/1224/734
f 719/1270/735 721/1274/735 708/1251/735
f 727/1285/736 722/1276/736 718/1269/736
f 726/1282/737 714/1261/737 709/1253/737
f 710/1255/738 716/1266/738 712/1258/738
f 713/1259/739 715/1265/739 728/1286/739
f 705/1244/748 707/1249/748 712/1257/748
f 706/1247/749 708/1250/749 710/1255/749
f 714/1262/2028 716/1266/2028 710/1255/2028
f 715/1265/751 713/1259/751 712/1258/751
f 723/1277/752 711/1256/752 713/1260/752
f 714/1263/753 726/1283/753 728/1286/753
f 725/1281/754 724/1279/754 728/1286/754
f 717/1267/2029 723/1277/2029 725/1281/2029
f 720/1273/756 722/1276/756 727/1285/756
f 721/1274/757 719/1270/757 718/1269/757
f 705/1244/2327 717/1267/2327 719/1271/2327
f 709/1254/759 708/1251/759 721/1274/759
f 711/1256/760 723/1277/760 717/1267/760
f 743/1313/761 745/1317/761 732/1294/761
f 751/1328/762 746/1319/762 742/1312/762
f 738/1305/763 733/1296/763 744/1316/763
f 731/1292/764 734/1298/764 740/1309/764
f 739/1308/765 752/1329/765 748/1322/765
f 729/1287/2329 731/1291/2329 736/1300/2329
f 732/1293/2485 734/1298/2485 731/1292/2485
f 738/1306/776 740/1309/776 734/1298/776
f 739/1308/2031 737/1302/2031 736/1301/2031
f 735/1299/778 737/1303/778 748/1321/778
f 750/1326/779 752/1329/779 739/1308/779
f 749/1324/780 748/1322/780 752/1329/780
f 741/1310/2486 747/1320/2486 749/1324/2486
f 744/1316/782 746/1319/782 751/1328/782
f 745/1317/783 743/1313/783 742/1312/783
f 729/1287/784 741/1310/784 743/1314/784
f 733/1297/785 732/1294/785 745/1317/785
f 747/1320/786 741/1310/786 729/1287/786
f 767/1356/787 769/1360/787 756/1337/787
f 775/1371/788 770/1362/788 766/1355/788
f 762/1348/789 757/1339/789 768/1359/789
f 758/1341/2487 764/1352/2487 760/1344/2487
f 763/1351/791 776/1372/791 772/1365/791
f 759/1342/2335 753/1330/2335 755/1335/2335
f 754/1333/2488 756/1336/2488 758/1341/2488
f 762/1349/802 764/1352/802 758/1341/802
f 761/1345/2037 760/1344/2037 764/1352/2037
f 759/1342/2038 761/1346/2038 772/1364/2038
f 774/1369/805 776/1372/805 763/1351/805
f 773/1367/806 772/1365/806 776/1372/806
f 765/1353/807 771/1363/807 773/1367/807
f 768/1359/808 770/1362/808 775/1371/808
f 769/1360/809 767/1356/809 766/1355/809
f 753/1330/810 765/1353/810 767/1357/810
f 757/1340/2337 756/1337/2337 769/1360/2337
f 759/1342/812 771/1363/812 765/1353/812
f 791/1399/813 793/1403/813 780/1380/813
f 797/1410/814 799/1414/814 794/1405/814
f 798/1411/815 786/1391/815 781/1382/815
f 782/1384/816 788/1395/816 784/1387/816
f 785/1388/817 787/1394/817 800/1415/817
f 783/1385/826 777/1373/826 779/1378/826
f 778/1375/827 780/1379/827 782/1384/827
f 786/1392/828 788/1395/828 782/1384/828
f 787/1394/2339 785/1388/2339 784/1387/2339
f 795/1406/830 783/1385/830 785/1389/830
f 798/1412/831 800/1415/831 787/1394/831
f 797/1410/2045 796/1408/2045 800/1415/2045
f 795/1406/833 797/1410/833 790/1398/833
f 792/1401/834 794/1405/834 799/1414/834
f 791/1399/2047 790/1398/2047 794/1405/2047
f 789/1396/836 791/1400/836 778/1376/836
f 792/1402/2489 781/1383/2489 780/1380/2489
f 783/1385/838 795/1406/838 789/1396/838
f 815/1442/839 817/1446/839 804/1423/839
f 823/1457/840 818/1448/840 814/1441/840
f 810/1434/841 805/1425/841 816/1444/841
f 803/1421/842 806/1427/842 812/1438/842
f 811/1437/843 824/1458/843 820/1451/843
f 807/1428/852 801/1416/852 803/1420/852
f 804/1422/853 806/1427/853 803/1421/853
f 810/1435/854 812/1438/854 806/1427/854
f 809/1431/855 808/1430/855 812/1438/855
f 819/1449/2050 807/1428/2050 809/1432/2050
f 822/1455/857 824/1458/857 811/1437/857
f 823/1457/2340 821/1453/2340 820/1451/2340
f 813/1439/859 819/1449/859 821/1453/859
f 816/1444/860 818/1448/860 823/1457/860
f 815/1442/861 814/1441/861 818/1448/861
f 813/1439/2490 815/1443/2490 802/1419/2490
f 816/1445/2491 805/1426/2491 804/1423/2491
f 807/1428/864 819/1449/864 813/1439/864
f 841/1489/865 828/1466/865 826/1460/865
f 845/1496/866 847/1500/866 842/1491/866
f 834/1476/867 829/1467/867 840/1488/867
f 827/1463/868 830/1470/868 836/1481/868
f 835/1480/869 848/1501/869 844/1494/869
f 831/1471/878 825/1459/878 827/1464/878
f 826/1461/879 828/1465/879 830/1470/879
f 829/1468/880 834/1477/880 836/1481/880
f 833/1474/881 832/1473/881 836/1481/881
f 843/1492/882 831/1471/882 833/1475/882
f 834/1478/883 846/1498/883 848/1501/883
f 845/1496/884 844/1494/884 848/1501/884
f 843/1492/885 845/1496/885 838/1484/885
f 840/1488/886 842/1491/886 847/1500/886
f 841/1489/887 839/1485/887 838/1484/887
f 837/1482/888 839/1486/888 826/1462/888
f 829/1469/889 828/1466/889 841/1489/889
f 843/1492/2492 837/1482/2492 825/1459/2492
f 863/1528/891 865/1532/891 852/1509/891
f 869/1539/892 871/1543/892 866/1534/892
f 870/1540/893 858/1519/893 853/1510/893
f 851/1507/2493 854/1513/2493 860/1524/2493
f 857/1517/895 859/1523/895 872/1544/895
f 849/1502/904 851/1506/904 856/1515/904
f 852/1508/905 854/1513/905 851/1507/905
f 853/1511/906 858/1520/906 860/1524/906
f 857/1517/907 856/1516/907 860/1524/907
f 855/1514/908 857/1518/908 868/1536/908
f 858/1521/909 870/1541/909 872/1544/909
f 869/1539/910 868/1537/910 872/1544/910
f 861/1525/911 867/1535/911 869/1539/911
f 864/1530/912 866/1534/912 871/1543/912
f 863/1528/913 862/1527/913 866/1534/913
f 861/1525/914 863/1529/914 850/1505/914
f 864/1531/915 853/1512/915 852/1509/915
f 867/1535/916 861/1525/916 849/1502/916
f 887/1571/917 889/1575/917 876/1552/917
f 895/1586/918 890/1577/918 886/1570/918
f 882/1562/919 877/1554/919 888/1573/919
f 875/1549/920 878/1556/920 884/1567/920
f 883/1566/921 896/1587/921 892/1580/921
f 879/1557/930 873/1545/930 875/1550/930
f 874/1547/2494 876/1551/2494 878/1556/2494
f 882/1563/932 884/1567/932 878/1556/932
f 881/1560/933 880/1559/933 884/1567/933
f 879/1557/934 881/1561/934 892/1579/934
f 882/1564/935 894/1583/935 896/1587/935
f 895/1586/2059 893/1582/2059 892/1580/2059
f 891/1578/937 893/1582/937 886/1570/937
f 894/1584/938 888/1573/938 890/1577/938
f 889/1575/939 887/1571/939 886/1570/939
f 885/1568/940 887/1572/940 874/1548/940
f 888/1574/2060 877/1555/2060 876/1552/2060
f 891/1578/942 885/1568/942 873/1545/942
f 913/1618/943 900/1595/943 898/1589/943
f 919/1629/944 914/1620/944 910/1613/944
f 918/1626/2061 906/1606/2061 901/1597/2061
f 899/1592/946 902/1599/946 908/1610/946
f 907/1609/947 920/1630/947 916/1623/947
f 903/1600/2495 897/1588/2495 899/1593/2495
f 898/1590/957 900/1594/957 902/1599/957
f 906/1607/958 908/1610/958 902/1599/958
f 907/1609/959 905/1603/959 904/1602/959
f 915/1621/960 903/1600/960 905/1604/960
f 918/1627/961 920/1630/961 907/1609/961
f 919/1629/962 917/1625/962 916/1623/962
f 909/1611/963 915/1621/963 917/1625/963
f 912/1617/2064 914/1620/2064 919/1629/2064
f 911/1614/965 910/1613/965 914/1620/965
f 909/1611/966 911/1615/966 898/1591/966
f 901/1598/967 900/1595/967 913/1618/967
f 915/1621/2065 909/1611/2065 897/1588/2065
f 935/1657/969 937/1661/969 924/1638/969
f 941/1668/970 943/1672/970 938/1663/970
f 930/1648/971 925/1640/971 936/1659/971
f 926/1642/972 932/1653/972 928/1645/972
f 929/1646/973 931/1652/973 944/1673/973
f 921/1631/2350 923/1636/2350 928/1644/2350
f 922/1634/983 924/1637/983 926/1642/983
f 930/1649/984 932/1653/984 926/1642/984
f 931/1652/985 929/1646/985 928/1645/985
f 939/1664/2496 927/1643/2496 929/1647/2496
f 930/1650/987 942/1670/987 944/1673/987
f 941/1668/988 940/1666/988 944/1673/988
f 933/1654/989 939/1664/989 941/1668/989
f 936/1659/2497 938/1663/2497 943/1672/2497
f 935/1657/991 934/1656/991 938/1663/991
f 921/1631/992 933/1654/992 935/1658/992
f 936/1660/993 925/1641/993 924/1638/993
f 939/1664/994 933/1654/994 921/1631/994
f 959/1700/995 961/1704/995 948/1681/995
f 965/1711/996 967/1715/996 962/1706/996
f 966/1713/997 954/1691/997 949/1682/997
f 950/1685/998 956/1696/998 952/1688/998
f 953/1689/999 955/1695/999 968/1716/999
f 945/1674/1008 947/1678/1008 952/1687/1008
f 948/1680/2498 950/1685/2498 947/1679/2498
f 949/1683/1010 954/1692/1010 956/1696/1010
f 955/1695/1011 953/1689/1011 952/1688/1011
f 951/1686/1012 953/1690/1012 964/1708/1012
f 954/1693/1013 966/1712/1013 968/1716/1013
f 965/1711/1014 964/1709/1014 968/1716/1014
f 963/1707/1015 965/1711/1015 958/1699/1015
f 966/1713/1016 960/1702/1016 962/1706/1016
f 959/1700/2077 958/1699/2077 962/1706/2077
f 945/1674/1018 957/1697/1018 959/1701/1018
f 960/1703/1019 949/1684/1019 948/1681/1019
f 951/1686/2356 963/1707/2356 957/1697/2356
f 985/1747/1021 972/1724/1021 970/1719/1021
f 991/1758/1022 986/1749/1022 982/1742/1022
f 978/1735/1023 973/1726/1023 984/1746/1023
f 971/1721/1024 974/1728/1024 980/1739/1024
f 979/1738/1025 992/1759/1025 988/1752/1025
f 975/1729/1034 969/1717/1034 971/1722/1034
f 970/1720/1035 972/1723/1035 974/1728/1035
f 978/1736/1036 980/1739/1036 974/1728/1036
f 977/1732/1037 976/1731/1037 980/1739/1037
f 987/1750/1038 975/1729/1038 977/1733/1038
f 990/1756/2499 992/1759/2499 979/1738/2499
f 989/1754/1040 988/1752/1040 992/1759/1040
f 987/1750/1041 989/1754/1041 982/1742/1041
f 984/1746/1042 986/1749/1042 991/1758/1042
f 985/1747/1043 983/1743/1043 982/1742/1043
f 969/1717/1044 981/1740/1044 983/1744/1044
f 973/1727/1045 972/1724/1045 985/1747/1045
f 987/1750/1046 981/1740/1046 969/1717/1046
f 1009/1790/1047 996/1767/1047 994/1763/1047
f 1015/1801/1048 1010/1792/1048 1006/1785/1048
f 1002/1778/1049 997/1769/1049 1008/1789/1049
f 995/1765/1050 998/1771/1050 1004/1782/1050
f 1001/1775/1051 1003/1781/1051 1016/1802/1051
f 993/1760/1060 995/1764/1060 1000/1773/1060
f 996/1766/1061 998/1771/1061 995/1765/1061
f 1002/1779/1062 1004/1782/1062 998/1771/1062
f 1001/1775/1063 1000/1774/1063 1004/1782/1063
f 1011/1793/1064 999/1772/1064 1001/1776/1064
f 1014/1799/1065 1016/1802/1065 1003/1781/1065
f 1015/1801/1066 1013/1797/1066 1012/1795/1066
f 1011/1793/1067 1013/1797/1067 1006/1785/1067
f 1008/1789/1068 1010/1792/1068 1015/1801/1068
f 1009/1790/1069 1007/1786/1069 1006/1785/1069
f 993/1760/1070 1005/1783/1070 1007/1787/1070
f 997/1770/1071 996/1767/1071 1009/1790/1071
f 1011/1793/1072 1005/1783/1072 993/1760/1072
f 1033/1833/1073 1020/1810/1073 1018/1806/1073
f 1039/1844/1074 1034/1835/1074 1030/1828/1074
f 1026/1820/1075 1021/1812/1075 1032/1831/1075
f 1022/1814/1076 1028/1825/1076 1024/1817/1076
f 1027/1824/1077 1040/1845/1077 1036/1838/1077
f 1017/1803/1086 1019/1807/1086 1024/1816/1086
f 1020/1809/1087 1022/1814/1087 1019/1808/1087
f 1026/1821/1088 1028/1825/1088 1022/1814/1088
f 1025/1818/2500 1024/1817/2500 1028/1825/2500
f 1023/1815/2083 1025/1819/2083 1036/1837/2083
f 1026/1822/1091 1038/1842/1091 1040/1845/1091
f 1039/1844/1092 1037/1840/1092 1036/1838/1092
f 1035/1836/1093 1037/1840/1093 1030/1828/1093
f 1032/1831/1094 1034/1835/1094 1039/1844/1094
f 1033/1833/1095 1031/1829/1095 1030/1828/1095
f 1017/1803/1096 1029/1826/1096 1031/1830/1096
f 1032/1832/1097 1021/1813/1097 1020/1810/1097
f 1035/1836/1098 1029/1826/1098 1017/1803/1098
f 1055/1872/1099 1057/1876/1099 1044/1853/1099
f 1063/1887/1100 1058/1878/1100 1054/1871/1100
f 1062/1885/2361 1050/1863/2361 1045/1855/2361
f 1043/1851/1102 1046/1857/1102 1052/1868/1102
f 1051/1867/1103 1064/1888/1103 1060/1881/1103
f 1041/1846/1112 1043/1850/1112 1048/1859/1112
f 1044/1852/2085 1046/1857/2085 1043/1851/2085
f 1050/1864/2086 1052/1868/2086 1046/1857/2086
f 1051/1867/1115 1049/1861/1115 1048/1860/1115
f 1047/1858/1116 1049/1862/1116 1060/1880/1116
f 1050/1865/1117 1062/1884/1117 1064/1888/1117
f 1063/1887/2501 1061/1883/2501 1060/1881/2501
f 1053/1869/1119 1059/1879/1119 1061/1883/1119
f 1062/1885/1120 1056/1874/1120 1058/1878/1120
f 1057/1876/1121 1055/1872/1121 1054/1871/1121
f 1053/1869/1122 1055/1873/1122 1042/1849/1122
f 1056/1875/1123 1045/1856/1123 1044/1853/1123
f 1047/1858/2502 1059/1879/2502 1053/1869/2502
f 1081/1919/1125 1068/1896/1125 1066/1891/1125
f 1087/1930/2503 1082/1921/2503 1078/1914/2503
f 1086/1927/1127 1074/1907/1127 1069/1897/1127
f 1070/1900/1128 1076/1911/1128 1072/1903/1128
f 1073/1904/2504 1075/1910/2504 1088/1931/2504
f 1065/1889/1138 1067/1894/1138 1072/1902/1138
f 1066/1892/2090 1068/1895/2090 1070/1900/2090
f 1069/1898/1140 1074/1908/1140 1076/1911/1140
f 1073/1904/1141 1072/1903/1141 1076/1911/1141
f 1071/1901/2092 1073/1905/2092 1084/1923/2092
f 1086/1928/2366 1088/1931/2366 1075/1910/2366
f 1087/1930/2505 1085/1926/2505 1084/1924/2505
f 1077/1912/1145 1083/1922/1145 1085/1926/1145
f 1080/1918/1146 1082/1921/1146 1087/1930/1146
f 1079/1915/2367 1078/1914/2367 1082/1921/2367
f 1065/1889/2094 1077/1912/2094 1079/1916/2094
f 1069/1899/1149 1068/1896/1149 1081/1919/1149
f 1083/1922/1150 1077/1912/1150 1065/1889/1150
f 1103/1958/1151 1105/1962/1151 1092/1939/1151
f 1109/1969/1152 1111/1973/1152 1106/1964/1152
f 1110/1970/1153 1098/1950/1153 1093/1941/1153
f 1094/1943/1154 1100/1954/1154 1096/1946/1154
f 1097/1947/1155 1099/1953/1155 1112/1974/1155
f 1089/1932/1164 1091/1936/1164 1096/1945/1164
f 1092/1938/1165 1094/1943/1165 1091/1937/1165
f 1098/1951/1166 1100/1954/1166 1094/1943/1166
f 1099/1953/2506 1097/1947/2506 1096/1946/2506
f 1107/1965/1168 1095/1944/1168 1097/1948/1168
f 1110/1971/2507 1112/1974/2507 1099/1953/2507
f 1111/1973/1170 1109/1969/1170 1108/1967/1170
f 1101/1955/1171 1107/1965/1171 1109/1969/1171
f 1104/1960/1172 1106/1964/1172 1111/1973/1172
f 1105/1962/1173 1103/1958/1173 1102/1957/1173
f 1089/1932/1174 1101/1955/1174 1103/1959/1174
f 1104/1961/1175 1093/1942/1175 1092/1939/1175
f 1095/1944/1176 1107/1965/1176 1101/1955/1176
f 1127/2001/1177 1129/2005/1177 1116/1982/1177
f 1133/2012/1178 1135/2016/1178 1130/2007/1178
f 1122/1993/1179 1117/1984/1179 1128/2004/1179
f 1118/1986/1180 1124/1997/1180 1120/1989/1180
f 1123/1996/1181 1136/2017/1181 1132/2010/1181
f 1113/1975/1190 1115/1979/1190 1120/1988/1190
f 1116/1981/2104 1118/1986/2104 1115/1980/2104
f 1122/1994/2370 1124/1997/2370 1118/1986/2370
f 1121/1990/1193 1120/1989/1193 1124/1997/1193
f 1131/2008/1194 1119/1987/1194 1121/1991/1194
f 1134/2014/1195 1136/2017/1195 1123/1996/1195
f 1133/2012/1196 1132/2010/1196 1136/2017/1196
f 1125/1998/2106 1131/2008/2106 1133/2012/2106
f 1128/2004/1198 1130/2007/1198 1135/2016/1198
f 1127/2001/1199 1126/2000/1199 1130/2007/1199
f 1113/1975/1200 1125/1998/1200 1127/2002/1200
f 1117/1985/1201 1116/1982/1201 1129/2005/1201
f 1131/2008/1202 1125/1998/1202 1113/1975/1202
f 1153/2048/1203 1140/2025/1203 1138/2020/1203
f 1159/2059/1204 1154/2050/1204 1150/2043/1204
f 1146/2036/1205 1141/2026/1205 1152/2046/1205
f 1139/2023/1206 1142/2029/1206 1148/2040/1206
f 1147/2039/1207 1160/2060/1207 1156/2053/1207
f 1137/2018/1216 1139/2022/1216 1144/2031/1216
f 1140/2024/1217 1142/2029/1217 1139/2023/1217
f 1141/2027/1218 1146/2037/1218 1148/2040/1218
f 1147/2039/1219 1145/2033/1219 1144/2032/1219
f 1155/2051/1220 1143/2030/1220 1145/2034/1220
f 1158/2056/1221 1160/2060/1221 1147/2039/1221
f 1159/2059/1222 1157/2055/1222 1156/2053/1222
f 1155/2051/1223 1157/2055/1223 1150/2043/1223
f 1158/2057/1224 1152/2046/1224 1154/2050/1224
f 1151/2044/1225 1150/2043/1225 1154/2050/1225
f 1149/2041/1226 1151/2045/1226 1138/2021/1226
f 1152/2047/1227 1141/2028/1227 1140/2025/1227
f 1155/2051/1228 1149/2041/1228 1137/2018/1228
f 1177/2091/1229 1164/2068/1229 1162/2062/1229
f 1183/2102/1230 1178/2093/1230 1174/2086/1230
f 1170/2078/1231 1165/2070/1231 1176/2089/1231
f 1166/2072/1232 1172/2083/1232 1168/2075/1232
f 1169/2076/1233 1171/2082/1233 1184/2103/1233
f 1167/2073/1242 1161/2061/1242 1163/2066/1242
f 1162/2063/1243 1164/2067/1243 1166/2072/1243
f 1170/2079/1244 1172/2083/1244 1166/2072/1244
f 1169/2076/1245 1168/2075/1245 1172/2083/1245
f 1179/2094/1246 1167/2073/1246 1169/2077/1246
f 1170/2080/1247 1182/2100/1247 1184/2103/1247
f 1183/2102/1248 1181/2098/1248 1180/2096/1248
f 1173/2084/1249 1179/2094/1249 1181/2098/1249
f 1176/2089/1250 1178/2093/1250 1183/2102/1250
f 1175/2087/1251 1174/2086/1251 1178/2093/1251
f 1173/2084/1252 1175/2088/1252 1162/2064/1252
f 1176/2090/1253 1165/2071/1253 1164/2068/1253
f 1179/2094/1254 1173/2084/1254 1161/2061/1254
f 1199/2130/1255 1201/2134/1255 1188/2111/1255
f 1207/2145/1256 1202/2136/1256 1198/2129/1256
f 1194/2122/1257 1189/2112/1257 1200/2132/1257
f 1187/2108/2110 1190/2115/2110 1196/2126/2110
f 1193/2119/1259 1195/2125/1259 1208/2146/1259
f 1191/2116/1268 1185/2104/1268 1187/2109/1268
f 1186/2107/1269 1188/2110/1269 1190/2115/1269
f 1189/2113/1270 1194/2123/1270 1196/2126/1270
f 1193/2119/1271 1192/2118/1271 1196/2126/1271
f 1203/2137/1272 1191/2116/1272 1193/2120/1272
f 1206/2143/1273 1208/2146/1273 1195/2125/1273
f 1205/2141/1274 1204/2139/1274 1208/2146/1274
f 1197/2127/1275 1203/2137/1275 1205/2141/1275
f 1200/2132/1276 1202/2136/1276 1207/2145/1276
f 1199/2130/1277 1198/2129/1277 1202/2136/1277
f 1185/2104/1278 1197/2127/1278 1199/2131/1278
f 1200/2133/1279 1189/2114/1279 1188/2111/1279
f 1191/2116/1280 1203/2137/1280 1197/2127/1280
f 1225/2177/1281 1212/2154/1281 1210/2150/1281
f 1229/2184/1282 1231/2188/1282 1226/2179/1282
f 1218/2164/1283 1213/2156/1283 1224/2176/1283
f 1211/2152/1284 1214/2158/1284 1220/2169/1284
f 1219/2168/1285 1232/2189/1285 1228/2182/1285
f 1209/2147/1294 1211/2151/1294 1216/2160/1294
f 1212/2153/1295 1214/2158/1295 1211/2152/1295
f 1218/2165/2118 1220/2169/2118 1214/2158/2118
f 1217/2162/2508 1216/2161/2508 1220/2169/2508
f 1215/2159/1298 1217/2163/1298 1228/2181/1298
f 1218/2166/1299 1230/2186/1299 1232/2189/1299
f 1229/2184/1300 1228/2182/1300 1232/2189/1300
f 1221/2170/1301 1227/2180/1301 1229/2184/1301
f 1224/2176/1302 1226/2179/1302 1231/2188/1302
f 1225/2177/1303 1223/2173/1303 1222/2172/1303
f 1209/2147/1304 1221/2170/1304 1223/2174/1304
f 1213/2157/1305 1212/2154/1305 1225/2177/1305
f 1227/2180/1306 1221/2170/1306 1209/2147/1306
f 1249/2220/1307 1236/2197/1307 1234/2193/1307
f 1253/2227/1308 1255/2231/1308 1250/2222/1308
f 1254/2228/1309 1242/2208/1309 1237/2198/1309
f 1235/2195/1310 1238/2201/1310 1244/2212/1310
f 1243/2211/1311 1256/2232/1311 1252/2225/1311
f 1239/2202/1320 1233/2190/1320 1235/2194/1320
f 1236/2196/1321 1238/2201/1321 1235/2195/1321
f 1237/2199/1322 1242/2209/1322 1244/2212/1322
f 1243/2211/1323 1241/2205/1323 1240/2204/1323
f 1251/2223/1324 1239/2202/1324 1241/2206/1324
f 1254/2229/1325 1256/2232/1325 1243/2211/1325
f 1255/2231/1326 1253/2227/1326 1252/2225/1326
f 1245/2213/1327 1251/2223/1327 1253/2227/1327
f 1248/2219/2120 1250/2222/2120 1255/2231/2120
f 1249/2220/1329 1247/2216/1329 1246/2215/1329
f 1233/2190/1330 1245/2213/1330 1247/2217/1330
f 1237/2200/2121 1236/2197/2121 1249/2220/2121
f 1251/2223/1332 1245/2213/1332 1233/2190/1332
f 1271/2259/1333 1273/2263/1333 1260/2240/1333
f 1277/2270/1334 1279/2274/1334 1274/2265/1334
f 1266/2250/1335 1261/2241/1335 1272/2262/1335
f 1259/2237/1336 1262/2244/1336 1268/2255/1336
f 1265/2248/1337 1267/2254/1337 1280/2275/1337
f 1263/2245/2127 1257/2233/2127 1259/2238/2127
f 1258/2235/1347 1260/2239/1347 1262/2244/1347
f 1261/2242/1348 1266/2251/1348 1268/2255/1348
f 1265/2248/1349 1264/2247/1349 1268/2255/1349
f 1263/2245/1350 1265/2249/1350 1276/2267/1350
f 1266/2252/1351 1278/2272/1351 1280/2275/1351
f 1279/2274/1352 1277/2270/1352 1276/2268/1352
f 1269/2256/1353 1275/2266/1353 1277/2270/1353
f 1272/2262/1354 1274/2265/1354 1279/2274/1354
f 1271/2259/1355 1270/2258/1355 1274/2265/1355
f 1269/2256/1356 1271/2260/1356 1258/2236/1356
f 1261/2243/1357 1260/2240/1357 1273/2263/1357
f 1275/2266/1358 1269/2256/1358 1257/2233/1358
f 1297/2306/1359 1284/2283/1359 1282/2279/1359
f 1301/2313/1360 1303/2317/1360 1298/2308/1360
f 1302/2315/1361 1290/2294/1361 1285/2285/1361
f 1283/2281/1362 1286/2287/1362 1292/2298/1362
f 1289/2291/1363 1291/2297/1363 1304/2318/1363
f 1287/2288/1372 1281/2276/1372 1283/2280/1372
f 1284/2282/2393 1286/2287/2393 1283/2281/2393
f 1290/2295/1374 1292/2298/1374 1286/2287/1374
f 1289/2291/1375 1288/2290/1375 1292/2298/1375
f 1299/2309/2131 1287/2288/2131 1289/2292/2131
f 1302/2314/1377 1304/2318/1377 1291/2297/1377
f 1301/2313/1378 1300/2311/1378 1304/2318/1378
f 1293/2299/1379 1299/2309/1379 1301/2313/1379
f 1302/2315/1380 1296/2305/1380 1298/2308/1380
f 1297/2306/1381 1295/2302/1381 1294/2301/1381
f 1281/2276/1382 1293/2299/1382 1295/2303/1382
f 1285/2286/1383 1284/2283/1383 1297/2306/1383
f 1299/2309/1384 1293/2299/1384 1281/2276/1384
f 1321/2349/1385 1308/2326/1385 1306/2321/1385
f 1327/2360/1386 1322/2351/1386 1318/2344/1386
f 1326/2358/1387 1314/2337/1387 1309/2327/1387
f 1307/2324/1388 1310/2330/1388 1316/2341/1388
f 1313/2334/1389 1315/2340/1389 1328/2361/1389
f 1311/2331/1398 1305/2319/1398 1307/2323/1398
f 1308/2325/2134 1310/2330/2134 1307/2324/2134
f 1309/2328/2135 1314/2338/2135 1316/2341/2135
f 1313/2334/1401 1312/2333/1401 1316/2341/1401
f 1323/2352/1402 1311/2331/1402 1313/2335/1402
f 1326/2357/2136 1328/2361/2136 1315/2340/2136
f 1325/2356/1404 1324/2354/1404 1328/2361/1404
f 1323/2352/2509 1325/2356/2509 1318/2344/2509
f 1326/2358/1406 1320/2348/1406 1322/2351/1406
f 1321/2349/1407 1319/2345/1407 1318/2344/1407
f 1317/2342/2138 1319/2346/2138 1306/2322/2138
f 1309/2329/1409 1308/2326/1409 1321/2349/1409
f 1323/2352/1410 1317/2342/1410 1305/2319/1410
f 1343/2388/1411 1345/2392/1411 1332/2369/1411
f 1349/2399/1412 1351/2403/1412 1346/2394/1412
f 1350/2400/1413 1338/2380/1413 1333/2370/1413
f 1331/2367/1414 1334/2373/1414 1340/2384/1414
f 1339/2383/1415 1352/2404/1415 1348/2397/1415
f 1329/2362/1424 1331/2366/1424 1336/2375/1424
f 1332/2368/1425 1334/2373/1425 1331/2367/1425
f 1333/2371/1426 1338/2381/1426 1340/2384/1426
f 1339/2383/1427 1337/2377/1427 1336/2376/1427
f 1347/2395/1428 1335/2374/1428 1337/2378/1428
f 1350/2401/1429 1352/2404/1429 1339/2383/1429
f 1351/2403/1430 1349/2399/1430 1348/2397/1430
f 1341/2385/1431 1347/2395/1431 1349/2399/1431
f 1344/2391/1432 1346/2394/1432 1351/2403/1432
f 1343/2388/1433 1342/2387/1433 1346/2394/1433
f 1341/2385/1434 1343/2389/1434 1330/2365/1434
f 1333/2372/1435 1332/2369/1435 1345/2392/1435
f 1335/2374/1436 1347/2395/1436 1341/2385/1436
f 1369/2435/1437 1356/2412/1437 1354/2406/1437
f 1373/2442/2143 1375/2446/2143 1370/2437/2143
f 1362/2422/1439 1357/2413/1439 1368/2434/1439
f 1358/2416/2144 1364/2427/2144 1360/2419/2144
f 1363/2426/1441 1376/2447/1441 1372/2440/1441
f 1359/2417/1450 1353/2405/1450 1355/2410/1450
f 1354/2407/1451 1356/2411/1451 1358/2416/1451
f 1357/2414/2148 1362/2423/2148 1364/2427/2148
f 1363/2426/1453 1361/2420/1453 1360/2419/1453
f 1359/2417/2149 1361/2421/2149 1372/2439/2149
f 1362/2424/1455 1374/2443/1455 1376/2447/1455
f 1373/2442/2510 1372/2440/2510 1376/2447/2510
f 1371/2438/2511 1373/2442/2511 1366/2430/2511
f 1374/2444/1458 1368/2434/1458 1370/2437/1458
f 1369/2435/2152 1367/2431/2152 1366/2430/2152
f 1365/2428/1460 1367/2432/1460 1354/2408/1460
f 1357/2415/2512 1356/2412/2512 1369/2435/2512
f 1359/2417/1462 1371/2438/1462 1365/2428/1462
f 1393/2478/1463 1380/2455/1463 1378/2450/1463
f 1397/2485/1464 1399/2489/1464 1394/2480/1464
f 1398/2487/1465 1386/2465/1465 1381/2456/1465
f 1382/2459/1466 1388/2470/1466 1384/2462/1466
f 1387/2469/1467 1400/2490/1467 1396/2483/1467
f 1383/2460/1476 1377/2448/1476 1379/2452/1476
f 1380/2454/2513 1382/2459/2513 1379/2453/2513
f 1381/2457/1478 1386/2466/1478 1388/2470/1478
f 1387/2469/1479 1385/2463/1479 1384/2462/1479
f 1383/2460/2156 1385/2464/2156 1396/2482/2156
f 1386/2467/1481 1398/2486/1481 1400/2490/1481
f 1399/2489/2514 1397/2485/2514 1396/2483/2514
f 1389/2471/1483 1395/2481/1483 1397/2485/1483
f 1398/2487/1484 1392/2476/1484 1394/2480/1484
f 1393/2478/1485 1391/2474/1485 1390/2473/1485
f 1389/2471/1486 1391/2475/1486 1378/2451/1486
f 1392/2477/2403 1381/2458/2403 1380/2455/2403
f 1383/2460/1488 1395/2481/1488 1389/2471/1488
f 1417/2521/1489 1404/2498/1489 1402/2493/1489
f 1421/2528/1490 1423/2532/1490 1418/2523/1490
f 1410/2509/1491 1405/2499/1491 1416/2520/1491
f 1406/2502/1492 1412/2513/1492 1408/2505/1492
f 1411/2512/1493 1424/2533/1493 1420/2526/1493
f 1401/2491/1502 1403/2496/1502 1408/2504/1502
f 1402/2494/2407 1404/2497/2407 1406/2502/2407
f 1405/2500/2515 1410/2510/2515 1412/2513/2515
f 1411/2512/1505 1409/2506/1505 1408/2505/1505
f 1419/2524/2160 1407/2503/2160 1409/2507/2160
f 1422/2530/1507 1424/2533/1507 1411/2512/1507
f 1423/2532/2161 1421/2528/2161 1420/2526/2161
f 1419/2524/2162 1421/2528/2162 1414/2516/2162
f 1416/2520/1510 1418/2523/1510 1423/2532/1510
f 1417/2521/1511 1415/2517/1511 1414/2516/1511
f 1401/2491/1512 1413/2514/1512 1415/2518/1512
f 1405/2501/1513 1404/2498/1513 1417/2521/1513
f 1419/2524/1514 1413/2514/1514 1401/2491/1514
f 1439/2560/1515 1441/2564/1515 1428/2541/1515
f 1445/2571/1516 1447/2575/1516 1442/2566/1516
f 1434/2551/1517 1429/2543/1517 1440/2563/1517
f 1430/2545/1518 1436/2556/1518 1432/2548/1518
f 1435/2555/1519 1448/2576/1519 1444/2569/1519
f 1431/2546/2411 1425/2534/2411 1427/2538/2411
f 1428/2540/1529 1430/2545/1529 1427/2539/1529
f 1434/2552/1530 1436/2556/1530 1430/2545/1530
f 1435/2555/2165 1433/2549/2165 1432/2548/2165
f 1431/2546/1532 1433/2550/1532 1444/2568/1532
f 1434/2553/1533 1446/2572/1533 1448/2576/1533
f 1447/2575/1534 1445/2571/1534 1444/2569/1534
f 1443/2567/1535 1445/2571/1535 1438/2559/1535
f 1446/2573/1536 1440/2563/1536 1442/2566/1536
f 1439/2560/2412 1438/2559/2412 1442/2566/2412
f 1425/2534/1538 1437/2557/1538 1439/2561/1538
f 1429/2544/1539 1428/2541/1539 1441/2564/1539
f 1443/2567/1540 1437/2557/1540 1425/2534/1540
f 1465/2607/1541 1452/2584/1541 1450/2579/1541
f 1471/2618/1542 1466/2609/1542 1462/2602/1542
f 1458/2595/1543 1453/2585/1543 1464/2606/1543
f 1454/2588/1544 1460/2599/1544 1456/2591/1544
f 1459/2598/1545 1472/2619/1545 1468/2612/1545
f 1449/2577/1554 1451/2582/1554 1456/2590/1554
f 1450/2580/1555 1452/2583/1555 1454/2588/1555
f 1453/2586/1556 1458/2596/1556 1460/2599/1556
f 1459/2598/1557 1457/2592/1557 1456/2591/1557
f 1455/2589/1558 1457/2593/1558 1468/2611/1558
f 1470/2615/1559 1472/2619/1559 1459/2598/1559
f 1469/2614/2516 1468/2612/2516 1472/2619/2516
f 1461/2600/1561 1467/2610/1561 1469/2614/1561
f 1470/2616/1562 1464/2606/1562 1466/2609/1562
f 1463/2603/1563 1462/2602/1563 1466/2609/1563
f 1449/2577/1564 1461/2600/1564 1463/2604/1564
f 1453/2587/1565 1452/2584/1565 1465/2607/1565
f 1467/2610/1566 1461/2600/1566 1449/2577/1566
f 1489/2650/1567 1476/2627/1567 1474/2622/1567
f 1495/2661/1568 1490/2652/1568 1486/2645/1568
f 1494/2659/1569 1482/2638/1569 1477/2629/1569
f 1478/2631/1570 1484/2642/1570 1480/2634/1570
f 1481/2635/1571 1483/2641/1571 1496/2662/1571
f 1473/2620/1580 1475/2625/1580 1480/2633/1580
f 1474/2623/1581 1476/2626/1581 1478/2631/1581
f 1482/2639/2419 1484/2642/2419 1478/2631/2419
f 1481/2635/2420 1480/2634/2420 1484/2642/2420
f 1491/2653/1584 1479/2632/1584 1481/2636/1584
f 1494/2658/1585 1496/2662/1585 1483/2641/1585
f 1493/2657/1586 1492/2655/1586 1496/2662/1586
f 1485/2643/2171 1491/2653/2171 1493/2657/2171
f 1494/2659/2517 1488/2649/2517 1490/2652/2517
f 1487/2646/1589 1486/2645/1589 1490/2652/1589
f 1473/2620/1590 1485/2643/1590 1487/2647/1590
f 1477/2630/1591 1476/2627/1591 1489/2650/1591
f 1479/2632/1592 1491/2653/1592 1485/2643/1592
f 1511/2689/1593 1513/2693/1593 1500/2670/1593
f 1519/2704/1594 1514/2695/1594 1510/2688/1594
f 1506/2681/1595 1501/2672/1595 1512/2691/1595
f 1502/2674/1596 1508/2685/1596 1504/2677/1596
f 1505/2678/1597 1507/2684/1597 1520/2705/1597
f 1497/2663/1606 1499/2668/1606 1504/2676/1606
f 1498/2666/1607 1500/2669/1607 1502/2674/1607
f 1506/2682/1608 1508/2685/1608 1502/2674/1608
f 1507/2684/1609 1505/2678/1609 1504/2677/1609
f 1515/2696/1610 1503/2675/1610 1505/2679/1610
f 1518/2702/2518 1520/2705/2518 1507/2684/2518
f 1517/2700/1612 1516/2698/1612 1520/2705/1612
f 1515/2696/1613 1517/2700/1613 1510/2688/1613
f 1512/2691/1614 1514/2695/1614 1519/2704/1614
f 1511/2689/2178 1510/2688/2178 1514/2695/2178
f 1497/2663/2179 1509/2686/2179 1511/2690/2179
f 1512/2692/1617 1501/2673/1617 1500/2670/1617
f 1515/2696/1618 1509/2686/1618 1497/2663/1618
f 1535/2732/1619 1537/2736/1619 1524/2713/1619
f 1543/2747/1620 1538/2738/1620 1534/2731/1620
f 1530/2724/1621 1525/2715/1621 1536/2734/1621
f 1523/2711/1622 1526/2717/1622 1532/2728/1622
f 1531/2727/1623 1544/2748/1623 1540/2741/1623
f 1521/2706/1632 1523/2710/1632 1528/2719/1632
f 1524/2712/1633 1526/2717/1633 1523/2711/1633
f 1530/2725/1634 1532/2728/1634 1526/2717/1634
f 1531/2727/1635 1529/2721/1635 1528/2720/1635
f 1539/2739/2429 1527/2718/2429 1529/2722/2429
f 1542/2744/1637 1544/2748/1637 1531/2727/1637
f 1543/2747/1638 1541/2743/1638 1540/2741/1638
f 1533/2729/1639 1539/2739/1639 1541/2743/1639
f 1542/2745/1640 1536/2734/1640 1538/2738/1640
f 1535/2732/1641 1534/2731/1641 1538/2738/1641
f 1533/2729/1642 1535/2733/1642 1522/2709/1642
f 1536/2735/1643 1525/2716/1643 1524/2713/1643
f 1527/2718/1644 1539/2739/1644 1533/2729/1644
f 1561/2779/1645 1548/2756/1645 1546/2751/1645
f 1567/2790/1646 1562/2781/1646 1558/2774/1646
f 1554/2767/1647 1549/2757/1647 1560/2777/1647
f 1547/2754/1648 1550/2760/1648 1556/2771/1648
f 1555/2770/1649 1568/2791/1649 1564/2784/1649
f 1551/2761/1658 1545/2749/1658 1547/2753/1658
f 1548/2755/1659 1550/2760/1659 1547/2754/1659
f 1549/2758/1660 1554/2768/1660 1556/2771/1660
f 1553/2764/1661 1552/2763/1661 1556/2771/1661
f 1551/2761/1662 1553/2765/1662 1564/2783/1662
f 1566/2788/1663 1568/2791/1663 1555/2770/1663
f 1565/2786/1664 1564/2784/1664 1568/2791/1664
f 1563/2782/1665 1565/2786/1665 1558/2774/1665
f 1560/2777/1666 1562/2781/1666 1567/2790/1666
f 1561/2779/1667 1559/2775/1667 1558/2774/1667
f 1557/2772/1668 1559/2776/1668 1546/2752/1668
f 1560/2778/1669 1549/2759/1669 1548/2756/1669
f 1563/2782/1670 1557/2772/1670 1545/2749/1670
f 1585/2822/1671 1572/2799/1671 1570/2793/1671
f 1591/2833/1672 1586/2824/1672 1582/2817/1672
f 1578/2810/1673 1573/2801/1673 1584/2820/1673
f 1574/2803/1674 1580/2814/1674 1576/2806/1674
f 1577/2807/1675 1579/2813/1675 1592/2834/1675
f 1569/2792/1684 1571/2797/1684 1576/2805/1684
f 1570/2794/1685 1572/2798/1685 1574/2803/1685
f 1578/2811/1686 1580/2814/1686 1574/2803/1686
f 1577/2807/1687 1576/2806/1687 1580/2814/1687
f 1587/2825/1688 1575/2804/1688 1577/2808/1688
f 1590/2831/1689 1592/2834/1689 1579/2813/1689
f 1589/2829/1690 1588/2827/1690 1592/2834/1690
f 1581/2815/1691 1587/2825/1691 1589/2829/1691
f 1584/2820/1692 1586/2824/1692 1591/2833/1692
f 1583/2818/2188 1582/2817/2188 1586/2824/2188
f 1581/2815/1694 1583/2819/1694 1570/2795/1694
f 1584/2821/1695 1573/2802/1695 1572/2799/1695
f 1575/2804/1696 1587/2825/1696 1581/2815/1696
f 1607/2861/1697 1609/2865/1697 1596/2842/1697
f 1615/2876/1698 1610/2867/1698 1606/2860/1698
f 1614/2873/1699 1602/2853/1699 1597/2844/1699
f 1598/2846/1700 1604/2857/1700 1600/2849/1700
f 1603/2856/1701 1616/2877/1701 1612/2870/1701
f 1599/2847/1710 1593/2835/1710 1595/2840/1710
f 1594/2838/2441 1596/2841/2441 1598/2846/2441
f 1602/2854/1712 1604/2857/1712 1598/2846/1712
f 1601/2850/1713 1600/2849/1713 1604/2857/1713
f 1599/2847/2442 1601/2851/2442 1612/2869/2442
f 1614/2874/1715 1616/2877/1715 1603/2856/1715
f 1615/2876/2519 1613/2872/2519 1612/2870/2519
f 1605/2858/1717 1611/2868/1717 1613/2872/1717
f 1608/2864/2193 1610/2867/2193 1615/2876/2193
f 1607/2861/1719 1606/2860/1719 1610/2867/1719
f 1593/2835/1720 1605/2858/1720 1607/2862/1720
f 1597/2845/2194 1596/2842/2194 1609/2865/2194
f 1599/2847/1722 1611/2868/1722 1605/2858/1722
f 1631/2904/1723 1633/2908/1723 1620/2885/1723
f 1639/2919/1724 1634/2910/1724 1630/2903/1724
f 1638/2917/1725 1626/2896/1725 1621/2886/1725
f 1622/2889/1726 1628/2900/1726 1624/2892/1726
f 1627/2899/1727 1640/2920/1727 1636/2913/1727
f 1617/2878/1736 1619/2883/1736 1624/2891/1736
f 1618/2881/1737 1620/2884/1737 1622/2889/1737
f 1621/2887/1738 1626/2897/1738 1628/2900/1738
f 1627/2899/1739 1625/2893/1739 1624/2892/1739
f 1623/2890/1740 1625/2894/1740 1636/2912/1740
f 1638/2916/1741 1640/2920/1741 1627/2899/1741
f 1637/2915/1742 1636/2913/1742 1640/2920/1742
f 1629/2901/1743 1635/2911/1743 1637/2915/1743
f 1638/2917/1744 1632/2906/1744 1634/2910/1744
f 1633/2908/1745 1631/2904/1745 1630/2903/1745
f 1617/2878/1746 1629/2901/1746 1631/2905/1746
f 1632/2907/1747 1621/2888/1747 1620/2885/1747
f 1623/2890/1748 1635/2911/1748 1629/2901/1748
f 1655/2947/2520 1657/2951/2520 1644/2928/2520
f 1663/2962/1750 1658/2953/1750 1654/2946/1750
f 1662/2959/1751 1650/2939/1751 1645/2930/1751
f 1643/2925/1752 1646/2932/1752 1652/2943/1752
f 1651/2942/1753 1664/2963/1753 1660/2956/1753
f 1641/2921/1762 1643/2926/1762 1648/2934/1762
f 1642/2924/1763 1644/2927/1763 1646/2932/1763
f 1650/2940/1764 1652/2943/1764 1646/2932/1764
f 1649/2936/1765 1648/2935/1765 1652/2943/1765
f 1659/2954/1766 1647/2933/1766 1649/2937/1766
f 1662/2960/1767 1664/2963/1767 1651/2942/1767
f 1663/2962/1768 1661/2958/1768 1660/2956/1768
f 1659/2954/1769 1661/2958/1769 1654/2946/1769
f 1656/2950/1770 1658/2953/1770 1663/2962/1770
f 1655/2947/1771 1654/2946/1771 1658/2953/1771
f 1641/2921/1772 1653/2944/1772 1655/2948/1772
f 1645/2931/1773 1644/2928/1773 1657/2951/1773
f 1659/2954/1774 1653/2944/1774 1641/2921/1774
f 1679/2990/1775 1681/2994/1775 1668/2971/1775
f 1687/3005/1776 1682/2996/1776 1678/2989/1776
f 1686/3003/1777 1674/2982/1777 1669/2973/1777
f 1670/2975/1778 1676/2986/1778 1672/2978/1778
f 1675/2985/1779 1688/3006/1779 1684/2999/1779
f 1665/2964/1788 1667/2968/1788 1672/2977/1788
f 1668/2970/2450 1670/2975/2450 1667/2969/2450
f 1674/2983/2521 1676/2986/2521 1670/2975/2521
f 1675/2985/1791 1673/2979/1791 1672/2978/1791
f 1683/2997/1792 1671/2976/1792 1673/2980/1792
f 1686/3002/1793 1688/3006/1793 1675/2985/1793
f 1685/3001/2522 1684/2999/2522 1688/3006/2522
f 1683/2997/1795 1685/3001/1795 1678/2989/1795
f 1686/3003/2523 1680/2993/2523 1682/2996/2523
f 1681/2994/1797 1679/2990/1797 1678/2989/1797
f 1665/2964/1798 1677/2987/1798 1679/2991/1798
f 1669/2974/1799 1668/2971/1799 1681/2994/1799
f 1683/2997/1800 1677/2987/1800 1665/2964/1800
f 1705/3037/1801 1692/3014/1801 1690/3010/1801
f 1709/3044/2524 1711/3048/2524 1706/3039/2524
f 1710/3045/1803 1698/3024/1803 1693/3016/1803
f 1691/3012/1804 1694/3018/1804 1700/3029/1804
f 1699/3028/1805 1712/3049/1805 1708/3042/1805
f 1689/3007/1814 1691/3011/1814 1696/3020/1814
f 1692/3013/2525 1694/3018/2525 1691/3012/2525
f 1698/3025/1816 1700/3029/1816 1694/3018/1816
f 1697/3022/2208 1696/3021/2208 1700/3029/2208
f 1695/3019/1818 1697/3023/1818 1708/3041/1818
f 1698/3026/2209 1710/3046/2209 1712/3049/2209
f 1709/3044/1820 1708/3042/1820 1712/3049/1820
f 1701/3030/1821 1707/3040/1821 1709/3044/1821
f 1704/3036/1822 1706/3039/1822 1711/3048/1822
f 1705/3037/2211 1703/3033/2211 1702/3032/2211
f 1689/3007/1824 1701/3030/1824 1703/3034/1824
f 1693/3017/1825 1692/3014/1825 1705/3037/1825
f 1707/3040/1826 1701/3030/1826 1689/3007/1826
f 1729/3080/1827 1716/3057/1827 1714/3052/1827
f 1735/3091/1828 1730/3082/1828 1726/3075/1828
f 1734/3088/1829 1722/3067/1829 1717/3059/1829
f 1718/3061/1830 1724/3072/1830 1720/3064/1830
f 1721/3065/1831 1723/3071/1831 1736/3092/1831
f 1713/3050/2455 1715/3054/2455 1720/3063/2455
f 1716/3056/2526 1718/3061/2526 1715/3055/2526
f 1722/3068/1842 1724/3072/1842 1718/3061/1842
f 1723/3071/1843 1721/3065/1843 1720/3064/1843
f 1731/3083/1844 1719/3062/1844 1721/3066/1844
f 1722/3069/1845 1734/3089/1845 1736/3092/1845
f 1733/3087/1846 1732/3085/1846 1736/3092/1846
f 1725/3073/1847 1731/3083/1847 1733/3087/1847
f 1728/3079/1848 1730/3082/1848 1735/3091/1848
f 1729/3080/1849 1727/3076/1849 1726/3075/1849
f 1725/3073/1850 1727/3077/1850 1714/3053/1850
f 1717/3060/1851 1716/3057/1851 1729/3080/1851
f 1719/3062/1852 1731/3083/1852 1725/3073/1852
f 1753/3123/2218 1740/3100/2218 1738/3096/2218
f 1759/3134/1854 1754/3125/1854 1750/3118/1854
f 1746/3111/1855 1741/3102/1855 1752/3121/1855
f 1742/3104/1856 1748/3115/1856 1744/3107/1856
f 1747/3114/1857 1760/3135/1857 1756/3128/1857
f 1743/3105/2527 1737/3093/2527 1739/3097/2527
f 1740/3099/1867 1742/3104/1867 1739/3098/1867
f 1746/3112/1868 1748/3115/1868 1742/3104/1868
f 1747/3114/1869 1745/3108/1869 1744/3107/1869
f 1755/3126/2222 1743/3105/2222 1745/3109/2222
f 1758/3132/1871 1760/3135/1871 1747/3114/1871
f 1759/3134/1872 1757/3130/1872 1756/3128/1872
f 1755/3126/1873 1757/3130/1873 1750/3118/1873
f 1752/3121/2528 1754/3125/2528 1759/3134/2528
f 1753/3123/1875 1751/3119/1875 1750/3118/1875
f 1737/3093/1876 1749/3116/1876 1751/3120/1876
f 1752/3122/1877 1741/3103/1877 1740/3100/1877
f 1755/3126/1878 1749/3116/1878 1737/3093/1878
f 1777/3166/7 1764/3143/7 1762/3137/7
f 1783/3177/8 1778/3168/8 1774/3161/8
f 1770/3153/9 1765/3144/9 1776/3165/9
f 1763/3140/1879 1766/3147/1879 1772/3158/1879
f 1771/3157/11 1784/3178/11 1780/3171/11
f 1767/3148/20 1761/3136/20 1763/3141/20
f 1762/3138/21 1764/3142/21 1766/3147/21
f 1765/3145/2529 1770/3154/2529 1772/3158/2529
f 1771/3157/1883 1769/3151/1883 1768/3150/1883
f 1767/3148/24 1769/3152/24 1780/3170/24
f 1770/3155/25 1782/3175/25 1784/3178/25
f 1783/3177/26 1781/3173/26 1780/3171/26
f 1779/3169/2530 1781/3173/2530 1774/3161/2530
f 1776/3165/28 1778/3168/28 1783/3177/28
f 1775/3162/1886 1774/3161/1886 1778/3168/1886
f 1773/3159/30 1775/3163/30 1762/3139/30
f 1765/3146/31 1764/3143/31 1777/3166/31
f 1767/3148/32 1779/3169/32 1773/3159/32
f 1801/3209/33 1788/3186/33 1786/3180/33
f 1807/3220/34 1802/3211/34 1798/3204/34
f 1806/3218/35 1794/3197/35 1789/3187/35
f 1790/3190/2229 1796/3201/2229 1792/3193/2229
f 1793/3194/37 1795/3200/37 1808/3221/37
f 1785/3179/46 1787/3184/46 1792/3192/46
f 1786/3181/47 1788/3185/47 1790/3190/47
f 1789/3188/48 1794/3198/48 1796/3201/48
f 1793/3194/2459 1792/3193/2459 1796/3201/2459
f 1803/3212/50 1791/3191/50 1793/3195/50
f 1806/3217/2233 1808/3221/2233 1795/3200/2233
f 1805/3216/52 1804/3214/52 1808/3221/52
f 1803/3212/53 1805/3216/53 1798/3204/53
f 1806/3218/54 1800/3208/54 1802/3211/54
f 1801/3209/1890 1799/3205/1890 1798/3204/1890
f 1797/3202/56 1799/3206/56 1786/3182/56
f 1789/3189/57 1788/3186/57 1801/3209/57
f 1791/3191/58 1803/3212/58 1797/3202/58
f 1825/3252/59 1812/3229/59 1810/3223/59
f 1831/3263/60 1826/3254/60 1822/3247/60
f 1818/3240/61 1813/3231/61 1824/3250/61
f 1814/3233/62 1820/3244/62 1816/3236/62
f 1817/3237/63 1819/3243/63 1832/3264/63
f 1815/3234/72 1809/3222/72 1811/3227/72
f 1810/3224/73 1812/3228/73 1814/3233/73
f 1818/3241/74 1820/3244/74 1814/3233/74
f 1817/3237/75 1816/3236/75 1820/3244/75
f 1827/3255/76 1815/3234/76 1817/3238/76
f 1830/3261/77 1832/3264/77 1819/3243/77
f 1831/3263/2531 1829/3259/2531 1828/3257/2531
f 1821/3245/79 1827/3255/79 1829/3259/79
f 1824/3250/80 1826/3254/80 1831/3263/80
f 1825/3252/81 1823/3248/81 1822/3247/81
f 1821/3245/82 1823/3249/82 1810/3225/82
f 1824/3251/83 1813/3232/83 1812/3229/83
f 1827/3255/84 1821/3245/84 1809/3222/84
f 1847/3291/85 1849/3295/85 1836/3272/85
f 1853/3302/86 1855/3306/86 1850/3297/86
f 1854/3304/87 1842/3283/87 1837/3274/87
f 1835/3269/88 1838/3276/88 1844/3287/88
f 1843/3286/89 1856/3307/89 1852/3300/89
f 1839/3277/98 1833/3265/98 1835/3270/98
f 1834/3268/99 1836/3271/99 1838/3276/99
f 1842/3284/100 1844/3287/100 1838/3276/100
f 1843/3286/2532 1841/3280/2532 1840/3279/2532
f 1839/3277/102 1841/3281/102 1852/3299/102
f 1854/3303/103 1856/3307/103 1843/3286/103
f 1853/3302/104 1852/3300/104 1856/3307/104
f 1845/3288/105 1851/3298/105 1853/3302/105
f 1854/3304/106 1848/3294/106 1850/3297/106
f 1849/3295/2238 1847/3291/2238 1846/3290/2238
f 1833/3265/108 1845/3288/108 1847/3292/108
f 1837/3275/109 1836/3272/109 1849/3295/109
f 1851/3298/110 1845/3288/110 1833/3265/110
f 1871/3334/111 1873/3338/111 1860/3315/111
f 1877/3345/112 1879/3349/112 1874/3340/112
f 1866/3326/113 1861/3317/113 1872/3337/113
f 1862/3319/114 1868/3330/114 1864/3322/114
f 1865/3323/115 1867/3329/115 1880/3350/115
f 1863/3320/124 1857/3308/124 1859/3312/124
f 1860/3314/125 1862/3319/125 1859/3313/125
f 1866/3327/126 1868/3330/126 1862/3319/126
f 1867/3329/127 1865/3323/127 1864/3322/127
f 1875/3341/128 1863/3320/128 1865/3324/128
f 1878/3346/129 1880/3350/129 1867/3329/129
f 1877/3345/130 1876/3343/130 1880/3350/130
f 1869/3331/131 1875/3341/131 1877/3345/131
f 1878/3347/132 1872/3337/132 1874/3340/132
f 1871/3334/133 1870/3333/133 1874/3340/133
f 1857/3308/134 1869/3331/134 1871/3335/134
f 1861/3318/2243 1860/3315/2243 1873/3338/2243
f 1863/3320/136 1875/3341/136 1869/3331/136
f 1897/3381/2533 1884/3358/2533 1882/3352/2533
f 1901/3388/138 1903/3392/138 1898/3383/138
f 1890/3368/139 1885/3360/139 1896/3380/139
f 1886/3362/140 1892/3373/140 1888/3365/140
f 1889/3366/1909 1891/3372/1909 1904/3393/1909
f 1887/3363/150 1881/3351/150 1883/3356/150
f 1882/3353/2245 1884/3357/2245 1886/3362/2245
f 1890/3369/152 1892/3373/152 1886/3362/152
f 1889/3366/153 1888/3365/153 1892/3373/153
f 1899/3384/154 1887/3363/154 1889/3367/154
f 1890/3370/1914 1902/3390/1914 1904/3393/1914
f 1901/3388/156 1900/3386/156 1904/3393/156
f 1899/3384/157 1901/3388/157 1894/3376/157
f 1896/3380/158 1898/3383/158 1903/3392/158
f 1895/3377/159 1894/3376/159 1898/3383/159
f 1893/3374/160 1895/3378/160 1882/3354/160
f 1885/3361/161 1884/3358/161 1897/3381/161
f 1887/3363/162 1899/3384/162 1893/3374/162
f 1921/3424/163 1908/3401/163 1906/3396/163
f 1925/3431/164 1927/3435/164 1922/3426/164
f 1914/3411/165 1909/3403/165 1920/3423/165
f 1910/3405/166 1916/3416/166 1912/3408/166
f 1913/3409/167 1915/3415/167 1928/3436/167
f 1905/3394/176 1907/3399/176 1912/3407/176
f 1906/3397/177 1908/3400/177 1910/3405/177
f 1914/3412/178 1916/3416/178 1910/3405/178
f 1915/3415/179 1913/3409/179 1912/3408/179
f 1923/3427/2534 1911/3406/2534 1913/3410/2534
f 1914/3413/1922 1926/3433/1922 1928/3436/1922
f 1925/3431/182 1924/3429/182 1928/3436/182
f 1923/3427/183 1925/3431/183 1918/3419/183
f 1920/3423/184 1922/3426/184 1927/3435/184
f 1919/3420/185 1918/3419/185 1922/3426/185
f 1905/3394/1923 1917/3417/1923 1919/3421/1923
f 1909/3404/187 1908/3401/187 1921/3424/187
f 1923/3427/188 1917/3417/188 1905/3394/188
f 1943/3463/189 1945/3467/189 1932/3444/189
f 1951/3478/190 1946/3469/190 1942/3462/190
f 1938/3454/191 1933/3446/191 1944/3466/191
f 1934/3448/192 1940/3459/192 1936/3451/192
f 1939/3458/193 1952/3479/193 1948/3472/193
f 1929/3437/1927 1931/3441/1927 1936/3450/1927
f 1932/3443/203 1934/3448/203 1931/3442/203
f 1938/3455/204 1940/3459/204 1934/3448/204
f 1937/3452/205 1936/3451/205 1940/3459/205
f 1935/3449/206 1937/3453/206 1948/3471/206
f 1938/3456/207 1950/3476/207 1952/3479/207
f 1951/3478/208 1949/3474/208 1948/3472/208
f 1941/3460/209 1947/3470/209 1949/3474/209
f 1944/3466/210 1946/3469/210 1951/3478/210
f 1945/3467/211 1943/3463/211 1942/3462/211
f 1929/3437/2535 1941/3460/2535 1943/3464/2535
f 1933/3447/213 1932/3444/213 1945/3467/213
f 1947/3470/214 1941/3460/214 1929/3437/214
f 1969/3510/215 1956/3487/215 1954/3482/215
f 1975/3521/216 1970/3512/216 1966/3505/216
f 1974/3519/217 1962/3498/217 1957/3489/217
f 1955/3485/218 1958/3491/218 1964/3502/218
f 1961/3495/219 1963/3501/219 1976/3522/219
f 1959/3492/228 1953/3480/228 1955/3484/228
f 1956/3486/2257 1958/3491/2257 1955/3485/2257
f 1962/3499/230 1964/3502/230 1958/3491/230
f 1961/3495/2258 1960/3494/2258 1964/3502/2258
f 1971/3513/232 1959/3492/232 1961/3496/232
f 1974/3518/233 1976/3522/233 1963/3501/233
f 1973/3517/234 1972/3515/234 1976/3522/234
f 1965/3503/2260 1971/3513/2260 1973/3517/2260
f 1974/3519/236 1968/3509/236 1970/3512/236
f 1967/3506/1932 1966/3505/1932 1970/3512/1932
f 1965/3503/238 1967/3507/238 1954/3483/238
f 1957/3490/239 1956/3487/239 1969/3510/239
f 1971/3513/240 1965/3503/240 1953/3480/240
f 1993/3553/241 1980/3530/241 1978/3525/241
f 1999/3564/242 1994/3555/242 1990/3548/242
f 1998/3561/243 1986/3540/243 1981/3531/243
f 1982/3534/244 1988/3545/244 1984/3537/244
f 1987/3544/245 2000/3565/245 1996/3558/245
f 1983/3535/1934 1977/3523/1934 1979/3527/1934
f 1980/3529/255 1982/3534/255 1979/3528/255
f 1981/3532/256 1986/3541/256 1988/3545/256
f 1987/3544/2265 1985/3538/2265 1984/3537/2265
f 1995/3556/258 1983/3535/258 1985/3539/258
f 1986/3542/259 1998/3562/259 2000/3565/259
f 1999/3564/260 1997/3560/260 1996/3558/260
f 1989/3546/2536 1995/3556/2536 1997/3560/2536
f 1992/3551/2267 1994/3555/2267 1999/3564/2267
f 1993/3553/1935 1991/3549/1935 1990/3548/1935
f 1989/3546/264 1991/3550/264 1978/3526/264
f 1992/3552/265 1981/3533/265 1980/3530/265
f 1995/3556/266 1989/3546/266 1977/3523/266
f 2017/3596/267 2004/3573/267 2002/3568/267
f 2021/3603/268 2023/3607/268 2018/3598/268
f 2010/3584/269 2005/3574/269 2016/3594/269
f 2006/3577/270 2012/3588/270 2008/3580/270
f 2009/3581/271 2011/3587/271 2024/3608/271
f 2001/3566/280 2003/3571/280 2008/3579/280
f 2002/3569/281 2004/3572/281 2006/3577/281
f 2005/3575/282 2010/3585/282 2012/3588/282
f 2011/3587/283 2009/3581/283 2008/3580/283
f 2007/3578/284 2009/3582/284 2020/3600/284
f 2022/3604/2466 2024/3608/2466 2011/3587/2466
f 2021/3603/286 2020/3601/286 2024/3608/286
f 2019/3599/287 2021/3603/287 2014/3591/287
f 2022/3605/288 2016/3594/288 2018/3598/288
f 2017/3596/289 2015/3592/289 2014/3591/289
f 2001/3566/2467 2013/3589/2467 2015/3593/2467
f 2016/3595/291 2005/3576/291 2004/3573/291
f 2019/3599/292 2013/3589/292 2001/3566/292
f 2041/3639/293 2028/3616/293 2026/3610/293
f 2047/3650/294 2042/3641/294 2038/3634/294
f 2034/3627/295 2029/3617/295 2040/3637/295
f 2027/3613/296 2030/3620/296 2036/3631/296
f 2033/3624/297 2035/3630/297 2048/3651/297
f 2025/3609/306 2027/3614/306 2032/3622/306
f 2026/3611/307 2028/3615/307 2030/3620/307
f 2029/3618/308 2034/3628/308 2036/3631/308
f 2035/3630/309 2033/3624/309 2032/3623/309
f 2031/3621/310 2033/3625/310 2044/3643/310
f 2046/3648/311 2048/3651/311 2035/3630/311
f 2045/3646/2537 2044/3644/2537 2048/3651/2537
f 2043/3642/313 2045/3646/313 2038/3634/313
f 2040/3637/314 2042/3641/314 2047/3650/314
f 2041/3639/1944 2039/3635/1944 2038/3634/1944
f 2037/3632/316 2039/3636/316 2026/3612/316
f 2040/3638/2469 2029/3619/2469 2028/3616/2469
f 2031/3621/318 2043/3642/318 2037/3632/318
f 2063/3678/319 2065/3682/319 2052/3659/319
f 2071/3693/320 2066/3684/320 2062/3677/320
f 2070/3690/321 2058/3670/321 2053/3660/321
f 2051/3657/322 2054/3663/322 2060/3674/322
f 2059/3673/323 2072/3694/323 2068/3687/323
f 2055/3664/332 2049/3652/332 2051/3656/332
f 2052/3658/333 2054/3663/333 2051/3657/333
f 2053/3661/334 2058/3671/334 2060/3674/334
f 2059/3673/335 2057/3667/335 2056/3666/335
f 2067/3685/336 2055/3664/336 2057/3668/336
f 2070/3691/337 2072/3694/337 2059/3673/337
f 2071/3693/338 2069/3689/338 2068/3687/338
f 2061/3675/339 2067/3685/339 2069/3689/339
f 2064/3681/340 2066/3684/340 2071/3693/340
f 2063/3678/341 2062/3677/341 2066/3684/341
f 2061/3675/342 2063/3679/342 2050/3655/342
f 2053/3662/343 2052/3659/343 2065/3682/343
f 2055/3664/344 2067/3685/344 2061/3675/344
f 2087/3721/345 2089/3725/345 2076/3702/345
f 2095/3736/346 2090/3727/346 2086/3720/346
f 2082/3712/347 2077/3704/347 2088/3724/347
f 2078/3706/348 2084/3717/348 2080/3709/348
f 2081/3710/349 2083/3716/349 2096/3737/349
f 2073/3695/358 2075/3699/358 2080/3708/358
f 2076/3701/359 2078/3706/359 2075/3700/359
f 2082/3713/360 2084/3717/360 2078/3706/360
f 2081/3710/361 2080/3709/361 2084/3717/361
f 2091/3728/362 2079/3707/362 2081/3711/362
f 2082/3714/363 2094/3734/363 2096/3737/363
f 2093/3732/364 2092/3730/364 2096/3737/364
f 2091/3728/365 2093/3732/365 2086/3720/365
f 2088/3724/366 2090/3727/366 2095/3736/366
f 2087/3721/367 2086/3720/367 2090/3727/367
f 2085/3718/368 2087/3722/368 2074/3698/368
f 2077/3705/369 2076/3702/369 2089/3725/369
f 2079/3707/370 2091/3728/370 2085/3718/370
f 2113/3768/2538 2100/3745/2538 2098/3739/2538
f 2117/3775/1956 2119/3779/1956 2114/3770/1956
f 2106/3755/373 2101/3747/373 2112/3766/373
f 2102/3749/374 2108/3760/374 2104/3752/374
f 2105/3753/375 2107/3759/375 2120/3780/375
f 2103/3750/2278 2097/3738/2278 2099/3743/2278
f 2098/3740/385 2100/3744/385 2102/3749/385
f 2106/3756/386 2108/3760/386 2102/3749/386
f 2107/3759/1962 2105/3753/1962 2104/3752/1962
f 2103/3750/388 2105/3754/388 2116/3772/388
f 2106/3757/389 2118/3777/389 2120/3780/389
f 2117/3775/390 2116/3773/390 2120/3780/390
f 2115/3771/391 2117/3775/391 2110/3763/391
f 2112/3766/2539 2114/3770/2539 2119/3779/2539
f 2111/3764/393 2110/3763/393 2114/3770/393
f 2109/3761/394 2111/3765/394 2098/3741/394
f 2112/3767/2540 2101/3748/2540 2100/3745/2540
f 2103/3750/396 2115/3771/396 2109/3761/396
f 2135/3807/397 2137/3811/397 2124/3788/397
f 2143/3822/398 2138/3813/398 2134/3806/398
f 2142/3819/399 2130/3799/399 2125/3789/399
f 2123/3785/400 2126/3792/400 2132/3803/400
f 2129/3796/2541 2131/3802/2541 2144/3823/2541
f 2127/3793/410 2121/3781/410 2123/3786/410
f 2122/3783/1968 2124/3787/1968 2126/3792/1968
f 2125/3790/412 2130/3800/412 2132/3803/412
f 2129/3796/2283 2128/3795/2283 2132/3803/2283
f 2139/3814/2542 2127/3793/2542 2129/3797/2542
f 2142/3820/415 2144/3823/415 2131/3802/415
f 2143/3822/2543 2141/3818/2543 2140/3816/2543
f 2133/3804/2285 2139/3814/2285 2141/3818/2285
f 2136/3810/418 2138/3813/418 2143/3822/418
f 2137/3811/419 2135/3807/419 2134/3806/419
f 2133/3804/420 2135/3808/420 2122/3784/420
f 2125/3791/421 2124/3788/421 2137/3811/421
f 2139/3814/422 2133/3804/422 2121/3781/422
f 2161/3854/1969 2148/3831/1969 2146/3826/1969
f 2167/3865/424 2162/3856/424 2158/3849/424
f 2166/3862/425 2154/3842/425 2149/3832/425
f 2147/3828/426 2150/3835/426 2156/3846/426
f 2153/3839/427 2155/3845/427 2168/3866/427
f 2145/3824/436 2147/3829/436 2152/3837/436
f 2146/3827/437 2148/3830/437 2150/3835/437
f 2149/3833/438 2154/3843/438 2156/3846/438
f 2153/3839/439 2152/3838/439 2156/3846/439
f 2163/3857/440 2151/3836/440 2153/3840/440
f 2166/3863/441 2168/3866/441 2155/3845/441
f 2165/3861/442 2164/3859/442 2168/3866/442
f 2163/3857/2544 2165/3861/2544 2158/3849/2544
f 2160/3853/444 2162/3856/444 2167/3865/444
f 2161/3854/445 2159/3850/445 2158/3849/445
f 2145/3824/2545 2157/3847/2545 2159/3851/2545
f 2149/3834/447 2148/3831/447 2161/3854/447
f 2163/3857/448 2157/3847/448 2145/3824/448
f 2183/3893/449 2185/3897/449 2172/3874/449
f 2189/3904/450 2191/3908/450 2186/3899/450
f 2178/3884/451 2173/3875/451 2184/3896/451
f 2174/3878/452 2180/3889/452 2176/3881/452
f 2179/3888/453 2192/3909/453 2188/3902/453
f 2169/3867/462 2171/3871/462 2176/3880/462
f 2172/3873/463 2174/3878/463 2171/3872/463
f 2173/3876/464 2178/3885/464 2180/3889/464
f 2179/3888/2546 2177/3882/2546 2176/3881/2546
f 2175/3879/466 2177/3883/466 2188/3901/466
f 2178/3886/2474 2190/3905/2474 2192/3909/2474
f 2191/3908/468 2189/3904/468 2188/3902/468
f 2187/3900/469 2189/3904/469 2182/3892/469
f 2190/3906/470 2184/3896/470 2186/3899/470
f 2183/3893/2547 2182/3892/2547 2186/3899/2547
f 2169/3867/2294 2181/3890/2294 2183/3894/2294
f 2173/3877/473 2172/3874/473 2185/3897/473
f 2175/3879/2548 2187/3900/2548 2181/3890/2548
f 2207/3936/475 2209/3940/475 2196/3917/475
f 2215/3951/476 2210/3942/476 2206/3935/476
f 2202/3927/477 2197/3918/477 2208/3938/477
f 2195/3915/478 2198/3921/478 2204/3932/478
f 2201/3925/479 2203/3931/479 2216/3952/479
f 2199/3922/488 2193/3910/488 2195/3914/488
f 2196/3916/489 2198/3921/489 2195/3915/489
f 2197/3919/490 2202/3928/490 2204/3932/490
f 2203/3931/1982 2201/3925/1982 2200/3924/1982
f 2211/3943/2549 2199/3922/2549 2201/3926/2549
f 2202/3929/2550 2214/3949/2550 2216/3952/2550
f 2213/3947/494 2212/3945/494 2216/3952/494
f 2211/3943/495 2213/3947/495 2206/3935/495
f 2208/3938/2551 2210/3942/2551 2215/3951/2551
f 2209/3940/2552 2207/3936/2552 2206/3935/2552
f 2193/3910/498 2205/3933/498 2207/3937/498
f 2208/3939/1984 2197/3920/1984 2196/3917/1984
f 2211/3943/500 2205/3933/500 2193/3910/500
f 2233/3983/501 2220/3960/501 2218/3954/501
f 2239/3994/502 2234/3985/502 2230/3978/502
f 2238/3992/503 2226/3971/503 2221/3961/503
f 2219/3957/504 2222/3964/504 2228/3975/504
f 2225/3968/505 2227/3974/505 2240/3995/505
f 2217/3953/514 2219/3958/514 2224/3966/514
f 2218/3955/515 2220/3959/515 2222/3964/515
f 2221/3962/516 2226/3972/516 2228/3975/516
f 2225/3968/517 2224/3967/517 2228/3975/517
f 2235/3986/518 2223/3965/518 2225/3969/518
f 2238/3991/519 2240/3995/519 2227/3974/519
f 2239/3994/520 2237/3990/520 2236/3988/520
f 2235/3986/521 2237/3990/521 2230/3978/521
f 2238/3992/522 2232/3982/522 2234/3985/522
f 2233/3983/2553 2231/3979/2553 2230/3978/2553
f 2229/3976/2554 2231/3980/2554 2218/3956/2554
f 2221/3963/2476 2220/3960/2476 2233/3983/2476
f 2235/3986/526 2229/3976/526 2217/3953/526
f 2255/4022/527 2257/4026/527 2244/4003/527
f 2263/4037/2555 2258/4028/2555 2254/4021/2555
f 2262/4035/529 2250/4014/529 2245/4004/529
f 2246/4007/530 2252/4018/530 2248/4010/530
f 2251/4017/531 2264/4038/531 2260/4031/531
f 2241/3996/540 2243/4000/540 2248/4009/540
f 2244/4002/541 2246/4007/541 2243/4001/541
f 2245/4005/2305 2250/4015/2305 2252/4018/2305
f 2249/4011/543 2248/4010/543 2252/4018/543
f 2247/4008/544 2249/4012/544 2260/4030/544
f 2262/4034/545 2264/4038/545 2251/4017/545
f 2261/4033/2306 2260/4031/2306 2264/4038/2306
f 2259/4029/547 2261/4033/547 2254/4021/547
f 2262/4035/548 2256/4024/548 2258/4028/548
f 2255/4022/549 2254/4021/549 2258/4028/549
f 2253/4019/550 2255/4023/550 2242/3999/550
f 2256/4025/1999 2245/4006/1999 2244/4003/1999
f 2247/4008/552 2259/4029/552 2253/4019/552
f 2279/4065/2307 2281/4069/2307 2268/4046/2307
f 2287/4080/554 2282/4071/554 2278/4064/554
f 2286/4077/555 2274/4057/555 2269/4047/555
f 2270/4050/556 2276/4061/556 2272/4053/556
f 2275/4060/2556 2288/4081/2556 2284/4074/2556
f 2265/4039/2557 2267/4043/2557 2272/4052/2557
f 2268/4045/2308 2270/4050/2308 2267/4044/2308
f 2269/4048/2558 2274/4058/2558 2276/4061/2558
f 2275/4060/569 2273/4054/569 2272/4053/569
f 2271/4051/2003 2273/4055/2003 2284/4073/2003
f 2286/4078/571 2288/4081/571 2275/4060/571
f 2287/4080/572 2285/4076/572 2284/4074/572
f 2283/4072/573 2285/4076/573 2278/4064/573
f 2280/4067/2005 2282/4071/2005 2287/4080/2005
f 2279/4065/575 2278/4064/575 2282/4071/575
f 2265/4039/576 2277/4062/576 2279/4066/576
f 2280/4068/577 2269/4049/577 2268/4046/577
f 2283/4072/578 2277/4062/578 2265/4039/578
f 2303/4108/579 2305/4112/579 2292/4089/579
f 2309/4119/580 2311/4123/580 2306/4114/580
f 2310/4120/581 2298/4100/581 2293/4091/581
f 2291/4086/582 2294/4093/582 2300/4104/582
f 2299/4103/583 2312/4124/583 2308/4117/583
f 2289/4082/592 2291/4087/592 2296/4095/592
f 2290/4085/593 2292/4088/593 2294/4093/593
f 2298/4101/594 2300/4104/594 2294/4093/594
f 2299/4103/595 2297/4097/595 2296/4096/595
f 2295/4094/596 2297/4098/596 2308/4116/596
f 2310/4121/597 2312/4124/597 2299/4103/597
f 2311/4123/598 2309/4119/598 2308/4117/598
f 2301/4105/599 2307/4115/599 2309/4119/599
f 2304/4110/600 2306/4114/600 2311/4123/600
f 2305/4112/601 2303/4108/601 2302/4107/601
f 2289/4082/602 2301/4105/602 2303/4109/602
f 2304/4111/603 2293/4092/603 2292/4089/603
f 2295/4094/604 2307/4115/604 2301/4105/604
f 2329/4155/605 2316/4132/605 2314/4126/605
f 2333/4162/606 2335/4166/606 2330/4157/606
f 2322/4142/607 2317/4134/607 2328/4153/607
f 2318/4136/608 2324/4147/608 2320/4139/608
f 2321/4140/609 2323/4146/609 2336/4167/609
f 2319/4137/618 2313/4125/618 2315/4130/618
f 2314/4127/619 2316/4131/619 2318/4136/619
f 2322/4143/620 2324/4147/620 2318/4136/620
f 2323/4146/2559 2321/4140/2559 2320/4139/2559
f 2319/4137/622 2321/4141/622 2332/4159/622
f 2322/4144/623 2334/4164/623 2336/4167/623
f 2333/4162/624 2332/4160/624 2336/4167/624
f 2325/4148/625 2331/4158/625 2333/4162/625
f 2328/4153/2009 2330/4157/2009 2335/4166/2009
f 2329/4155/627 2327/4151/627 2326/4150/627
f 2325/4148/628 2327/4152/628 2314/4128/628
f 2328/4154/2560 2317/4135/2560 2316/4132/2560
f 2319/4137/630 2331/4158/630 2325/4148/630
f 2351/4194/631 2353/4198/631 2340/4175/631
f 2359/4209/632 2354/4200/632 2350/4193/632
f 2358/4206/633 2346/4186/633 2341/4177/633
f 2339/4172/634 2342/4179/634 2348/4190/634
f 2347/4189/635 2360/4210/635 2356/4203/635
f 2337/4168/2315 2339/4173/2315 2344/4181/2315
f 2338/4171/645 2340/4174/645 2342/4179/645
f 2346/4187/646 2348/4190/646 2342/4179/646
f 2347/4189/2013 2345/4183/2013 2344/4182/2013
f 2343/4180/648 2345/4184/648 2356/4202/648
f 2358/4207/649 2360/4210/649 2347/4189/649
f 2359/4209/650 2357/4205/650 2356/4203/650
f 2349/4191/2014 2355/4201/2014 2357/4205/2014
f 2352/4197/2318 2354/4200/2318 2359/4209/2318
f 2351/4194/2561 2350/4193/2561 2354/4200/2561
f 2337/4168/654 2349/4191/654 2351/4195/654
f 2341/4178/655 2340/4175/655 2353/4198/655
f 2355/4201/656 2349/4191/656 2337/4168/656
f 2375/4237/657 2377/4241/657 2364/4218/657
f 2381/4248/658 2383/4252/658 2378/4243/658
f 2370/4228/659 2365/4219/659 2376/4239/659
f 2363/4215/660 2366/4222/660 2372/4233/660
f 2371/4232/661 2384/4253/661 2380/4246/661
f 2361/4211/670 2363/4216/670 2368/4224/670
f 2362/4214/2562 2364/4217/2562 2366/4222/2562
f 2365/4220/2019 2370/4229/2019 2372/4233/2019
f 2369/4226/2020 2368/4225/2020 2372/4233/2020
f 2367/4223/674 2369/4227/674 2380/4245/674
f 2370/4230/675 2382/4250/675 2384/4253/675
f 2383/4252/2482 2381/4248/2482 2380/4246/2482
f 2379/4244/677 2381/4248/677 2374/4236/677
f 2376/4239/678 2378/4243/678 2383/4252/678
f 2377/4241/679 2375/4237/679 2374/4236/679
f 2361/4211/680 2373/4234/680 2375/4238/680
f 2376/4240/681 2365/4221/681 2364/4218/681
f 2367/4223/682 2379/4244/682 2373/4234/682
f 2401/4284/683 2388/4261/683 2386/4256/683
f 2405/4291/684 2407/4295/684 2402/4286/684
f 2394/4272/685 2389/4262/685 2400/4282/685
f 2387/4259/686 2390/4265/686 2396/4276/686
f 2395/4275/687 2408/4296/687 2404/4289/687
f 2391/4266/696 2385/4254/696 2387/4258/696
f 2388/4260/2563 2390/4265/2563 2387/4259/2563
f 2389/4263/698 2394/4273/698 2396/4276/698
f 2395/4275/699 2393/4269/699 2392/4268/699
f 2403/4287/700 2391/4266/700 2393/4270/700
f 2406/4292/701 2408/4296/701 2395/4275/701
f 2405/4291/2025 2404/4289/2025 2408/4296/2025
f 2403/4287/2564 2405/4291/2564 2398/4279/2564
f 2406/4293/704 2400/4282/704 2402/4286/704
f 2401/4284/705 2399/4280/705 2398/4279/705
f 2397/4277/706 2399/4281/706 2386/4257/706
f 2400/4283/2565 2389/4264/2565 2388/4261/2565
f 2403/4287/708 2397/4277/708 2385/4254/708
f 2423/4323/709 2425/4327/709 2412/4304/709
f 2429/4334/710 2431/4338/710 2426/4329/710
f 2430/4336/711 2418/4315/711 2413/4305/711
f 2411/4301/712 2414/4308/712 2420/4319/712
f 2417/4312/713 2419/4318/713 2432/4339/713
f 2415/4309/722 2409/4297/722 2411/4302/722
f 2410/4300/723 2412/4303/723 2414/4308/723
f 2413/4306/724 2418/4316/724 2420/4319/724
f 2417/4312/725 2416/4311/725 2420/4319/725
f 2427/4330/726 2415/4309/726 2417/4313/726
f 2430/4335/727 2432/4339/727 2419/4318/727
f 2429/4334/728 2428/4332/728 2432/4339/728
f 2421/4320/729 2427/4330/729 2429/4334/729
f 2430/4336/730 2424/4325/730 2426/4329/730
f 2423/4323/731 2422/4322/731 2426/4329/731
f 2409/4297/732 2421/4320/732 2423/4324/732
f 2424/4326/733 2413/4307/733 2412/4304/733
f 2415/4309/734 2427/4330/734 2421/4320/734
f 2447/4366/735 2449/4370/735 2436/4347/735
f 2453/4377/736 2455/4381/736 2450/4372/736
f 2454/4378/737 2442/4357/737 2437/4348/737
f 2435/4344/738 2438/4351/738 2444/4362/738
f 2441/4355/739 2443/4361/739 2456/4382/739
f 2439/4352/748 2433/4340/748 2435/4345/748
f 2434/4343/749 2436/4346/749 2438/4351/749
f 2437/4349/750 2442/4358/750 2444/4362/750
f 2443/4361/751 2441/4355/751 2440/4354/751
f 2439/4352/752 2441/4356/752 2452/4374/752
f 2442/4359/753 2454/4379/753 2456/4382/753
f 2453/4377/754 2452/4375/754 2456/4382/754
f 2451/4373/755 2453/4377/755 2446/4365/755
f 2448/4369/756 2450/4372/756 2455/4381/756
f 2449/4370/757 2447/4366/757 2446/4365/757
f 2433/4340/2327 2445/4363/2327 2447/4367/2327
f 2437/4350/759 2436/4347/759 2449/4370/759
f 2439/4352/760 2451/4373/760 2445/4363/760
f 2471/4409/761 2473/4413/761 2460/4390/761
f 2477/4420/762 2479/4424/762 2474/4415/762
f 2478/4421/763 2466/4401/763 2461/4391/763
f 2459/4388/764 2462/4394/764 2468/4405/764
f 2467/4404/765 2480/4425/765 2476/4418/765
f 2463/4395/774 2457/4383/774 2459/4387/774
f 2460/4389/775 2462/4394/775 2459/4388/775
f 2461/4392/776 2466/4402/776 2468/4405/776
f 2467/4404/777 2465/4398/777 2464/4397/777
f 2463/4395/778 2465/4399/778 2476/4417/778
f 2478/4422/779 2480/4425/779 2467/4404/779
f 2479/4424/780 2477/4420/780 2476/4418/780
f 2475/4416/781 2477/4420/781 2470/4408/781
f 2472/4412/2566 2474/4415/2566 2479/4424/2566
f 2473/4413/783 2471/4409/783 2470/4408/783
f 2457/4383/784 2469/4406/784 2471/4410/784
f 2461/4393/785 2460/4390/785 2473/4413/785
f 2463/4395/786 2475/4416/786 2469/4406/786
f 2497/4456/787 2484/4433/787 2482/4428/787
f 2503/4467/788 2498/4458/788 2494/4451/788
f 2502/4464/789 2490/4443/789 2485/4435/789
f 2486/4437/790 2492/4448/790 2488/4440/790
f 2491/4447/791 2504/4468/791 2500/4461/791
f 2487/4438/2335 2481/4426/2335 2483/4430/2335
f 2484/4432/801 2486/4437/801 2483/4431/801
f 2490/4444/2336 2492/4448/2336 2486/4437/2336
f 2489/4441/2037 2488/4440/2037 2492/4448/2037
f 2487/4438/804 2489/4442/804 2500/4460/804
f 2490/4445/805 2502/4465/805 2504/4468/805
f 2503/4467/806 2501/4463/806 2500/4461/806
f 2499/4459/807 2501/4463/807 2494/4451/807
f 2496/4454/808 2498/4458/808 2503/4467/808
f 2497/4456/2040 2495/4452/2040 2494/4451/2040
f 2493/4449/810 2495/4453/810 2482/4429/810
f 2496/4455/2337 2485/4436/2337 2484/4433/2337
f 2499/4459/812 2493/4449/812 2481/4426/812
f 2521/4499/813 2508/4476/813 2506/4470/813
f 2527/4510/814 2522/4501/814 2518/4494/814
f 2514/4486/815 2509/4477/815 2520/4498/815
f 2510/4480/816 2516/4491/816 2512/4483/816
f 2515/4490/817 2528/4511/817 2524/4504/817
f 2505/4469/826 2507/4474/826 2512/4482/826
f 2506/4471/2043 2508/4475/2043 2510/4480/2043
f 2509/4478/2044 2514/4487/2044 2516/4491/2044
f 2515/4490/829 2513/4484/829 2512/4483/829
f 2511/4481/2567 2513/4485/2567 2524/4503/2567
f 2514/4488/831 2526/4507/831 2528/4511/831
f 2527/4510/2045 2525/4506/2045 2524/4504/2045
f 2523/4502/833 2525/4506/833 2518/4494/833
f 2526/4508/834 2520/4498/834 2522/4501/834
f 2521/4499/2047 2519/4495/2047 2518/4494/2047
f 2517/4492/836 2519/4496/836 2506/4472/836
f 2509/4479/2489 2508/4476/2489 2521/4499/2489
f 2523/4502/838 2517/4492/838 2505/4469/838
f 2545/4542/839 2532/4519/839 2530/4514/839
f 2551/4553/840 2546/4544/840 2542/4537/840
f 2538/4530/841 2533/4520/841 2544/4541/841
f 2531/4516/842 2534/4523/842 2540/4534/842
f 2539/4533/843 2552/4554/843 2548/4547/843
f 2529/4512/852 2531/4517/852 2536/4525/852
f 2530/4515/853 2532/4518/853 2534/4523/853
f 2533/4521/854 2538/4531/854 2540/4534/854
f 2537/4527/855 2536/4526/855 2540/4534/855
f 2535/4524/2050 2537/4528/2050 2548/4546/2050
f 2550/4551/857 2552/4554/857 2539/4533/857
f 2551/4553/858 2549/4549/858 2548/4547/858
f 2541/4535/859 2547/4545/859 2549/4549/859
f 2544/4541/860 2546/4544/860 2551/4553/860
f 2545/4542/861 2543/4538/861 2542/4537/861
f 2529/4512/862 2541/4535/862 2543/4539/862
f 2533/4522/863 2532/4519/863 2545/4542/863
f 2547/4545/864 2541/4535/864 2529/4512/864
f 2567/4581/865 2569/4585/865 2556/4562/865
f 2575/4596/866 2570/4587/866 2566/4580/866
f 2562/4573/867 2557/4564/867 2568/4584/867
f 2555/4559/868 2558/4566/868 2564/4577/868
f 2561/4570/869 2563/4576/869 2576/4597/869
f 2559/4567/878 2553/4555/878 2555/4560/878
f 2554/4557/879 2556/4561/879 2558/4566/879
f 2562/4574/880 2564/4577/880 2558/4566/880
f 2563/4576/881 2561/4570/881 2560/4569/881
f 2559/4567/882 2561/4571/882 2572/4589/882
f 2574/4594/883 2576/4597/883 2563/4576/883
f 2573/4592/884 2572/4590/884 2576/4597/884
f 2571/4588/885 2573/4592/885 2566/4580/885
f 2568/4584/886 2570/4587/886 2575/4596/886
f 2567/4581/887 2566/4580/887 2570/4587/887
f 2565/4578/888 2567/4582/888 2554/4558/888
f 2557/4565/889 2556/4562/889 2569/4585/889
f 2559/4567/890 2571/4588/890 2565/4578/890
f 2593/4628/891 2580/4605/891 2578/4599/891
f 2599/4639/2568 2594/4630/2568 2590/4623/2568
f 2586/4616/893 2581/4607/893 2592/4627/893
f 2579/4602/2493 2582/4609/2493 2588/4620/2493
f 2585/4613/895 2587/4619/895 2600/4640/895
f 2577/4598/904 2579/4603/904 2584/4611/904
f 2578/4600/905 2580/4604/905 2582/4609/905
f 2586/4617/906 2588/4620/906 2582/4609/906
f 2587/4619/907 2585/4613/907 2584/4612/907
f 2595/4631/908 2583/4610/908 2585/4614/908
f 2598/4637/909 2600/4640/909 2587/4619/909
f 2599/4639/910 2597/4635/910 2596/4633/910
f 2589/4621/911 2595/4631/911 2597/4635/911
f 2592/4627/912 2594/4630/912 2599/4639/912
f 2591/4624/913 2590/4623/913 2594/4630/913
f 2589/4621/914 2591/4625/914 2578/4601/914
f 2581/4608/915 2580/4605/915 2593/4628/915
f 2583/4610/916 2595/4631/916 2589/4621/916
f 2615/4667/917 2617/4671/917 2604/4648/917
f 2621/4678/918 2623/4682/918 2618/4673/918
f 2622/4680/919 2610/4658/919 2605/4649/919
f 2606/4652/920 2612/4663/920 2608/4655/920
f 2611/4662/921 2624/4683/921 2620/4676/921
f 2607/4653/930 2601/4641/930 2603/4645/930
f 2604/4647/931 2606/4652/931 2603/4646/931
f 2605/4650/932 2610/4659/932 2612/4663/932
f 2611/4662/933 2609/4656/933 2608/4655/933
f 2607/4653/934 2609/4657/934 2620/4675/934
f 2610/4660/935 2622/4679/935 2624/4683/935
f 2621/4678/2059 2620/4676/2059 2624/4683/2059
f 2619/4674/937 2621/4678/937 2614/4666/937
f 2622/4680/938 2616/4670/938 2618/4673/938
f 2615/4667/939 2614/4666/939 2618/4673/939
f 2601/4641/940 2613/4664/940 2615/4668/940
f 2605/4651/2569 2604/4648/2569 2617/4671/2569
f 2619/4674/942 2613/4664/942 2601/4641/942
f 2639/4710/943 2641/4714/943 2628/4691/943
f 2645/4721/944 2647/4725/944 2642/4716/944
f 2634/4702/2061 2629/4692/2061 2640/4712/2061
f 2627/4689/946 2630/4695/946 2636/4706/946
f 2633/4699/947 2635/4705/947 2648/4726/947
f 2625/4684/956 2627/4688/956 2632/4697/956
f 2628/4690/957 2630/4695/957 2627/4689/957
f 2629/4693/958 2634/4703/958 2636/4706/958
f 2633/4699/959 2632/4698/959 2636/4706/959
f 2631/4696/960 2633/4700/960 2644/4718/960
f 2646/4723/961 2648/4726/961 2635/4705/961
f 2647/4725/2570 2645/4721/2570 2644/4719/2570
f 2637/4707/963 2643/4717/963 2645/4721/963
f 2640/4712/2064 2642/4716/2064 2647/4725/2064
f 2641/4714/965 2639/4710/965 2638/4709/965
f 2637/4707/966 2639/4711/966 2626/4687/966
f 2640/4713/967 2629/4694/967 2628/4691/967
f 2631/4696/2065 2643/4717/2065 2637/4707/2065
f 2663/4753/969 2665/4757/969 2652/4734/969
f 2669/4764/970 2671/4768/970 2666/4759/970
f 2670/4766/971 2658/4745/971 2653/4736/971
f 2654/4738/972 2660/4749/972 2656/4741/972
f 2659/4748/973 2672/4769/973 2668/4762/973
f 2655/4739/982 2649/4727/982 2651/4732/982
f 2650/4730/983 2652/4733/983 2654/4738/983
f 2658/4746/984 2660/4749/984 2654/4738/984
f 2659/4748/985 2657/4742/985 2656/4741/985
f 2655/4739/2496 2657/4743/2496 2668/4761/2496
f 2670/4765/987 2672/4769/987 2659/4748/987
f 2669/4764/988 2668/4762/988 2672/4769/988
f 2667/4760/989 2669/4764/989 2662/4752/989
f 2670/4766/990 2664/4755/990 2666/4759/990
f 2665/4757/991 2663/4753/991 2662/4752/991
f 2649/4727/992 2661/4750/992 2663/4754/992
f 2664/4756/2571 2653/4737/2571 2652/4734/2571
f 2667/4760/994 2661/4750/994 2649/4727/994
f 2687/4796/995 2689/4800/995 2676/4777/995
f 2695/4811/996 2690/4802/996 2686/4795/996
f 2682/4788/997 2677/4778/997 2688/4798/997
f 2675/4774/998 2678/4781/998 2684/4792/998
f 2681/4785/999 2683/4791/999 2696/4812/999
f 2679/4782/2075 2673/4770/2075 2675/4775/2075
f 2674/4773/2498 2676/4776/2498 2678/4781/2498
f 2677/4779/1010 2682/4789/1010 2684/4792/1010
f 2681/4785/1011 2680/4784/1011 2684/4792/1011
f 2691/4803/1012 2679/4782/1012 2681/4786/1012
f 2694/4808/1013 2696/4812/1013 2683/4791/1013
f 2693/4807/2572 2692/4805/2572 2696/4812/2572
f 2691/4803/1015 2693/4807/1015 2686/4795/1015
f 2694/4809/1016 2688/4798/1016 2690/4802/1016
f 2687/4796/2077 2686/4795/2077 2690/4802/2077
f 2673/4770/1018 2685/4793/1018 2687/4797/1018
f 2688/4799/1019 2677/4780/1019 2676/4777/1019
f 2691/4803/2356 2685/4793/2356 2673/4770/2356
f 2711/4839/1021 2713/4843/1021 2700/4820/1021
f 2717/4850/1022 2719/4854/1022 2714/4845/1022
f 2706/4830/1023 2701/4822/1023 2712/4842/1023
f 2702/4824/1024 2708/4835/1024 2704/4827/1024
f 2705/4828/1025 2707/4834/1025 2720/4855/1025
f 2697/4813/1034 2699/4818/1034 2704/4826/1034
f 2698/4816/1035 2700/4819/1035 2702/4824/1035
f 2706/4831/2359 2708/4835/2359 2702/4824/2359
f 2705/4828/1037 2704/4827/1037 2708/4835/1037
f 2715/4846/1038 2703/4825/1038 2705/4829/1038
f 2706/4832/1039 2718/4851/1039 2720/4855/1039
f 2719/4854/1040 2717/4850/1040 2716/4848/1040
f 2709/4836/2573 2715/4846/2573 2717/4850/2573
f 2718/4852/1042 2712/4842/1042 2714/4845/1042
f 2711/4839/1043 2710/4838/1043 2714/4845/1043
f 2697/4813/1044 2709/4836/1044 2711/4840/1044
f 2701/4823/1045 2700/4820/1045 2713/4843/1045
f 2715/4846/1046 2709/4836/1046 2697/4813/1046
f 2737/4886/1047 2724/4863/1047 2722/4857/1047
f 2743/4897/1048 2738/4888/1048 2734/4881/1048
f 2742/4895/1049 2730/4873/1049 2725/4864/1049
f 2723/4860/1050 2726/4867/1050 2732/4878/1050
f 2731/4877/1051 2744/4898/1051 2740/4891/1051
f 2721/4856/1060 2723/4861/1060 2728/4869/1060
f 2722/4858/1061 2724/4862/1061 2726/4867/1061
f 2725/4865/1062 2730/4874/1062 2732/4878/1062
f 2731/4877/1063 2729/4871/1063 2728/4870/1063
f 2739/4889/1064 2727/4868/1064 2729/4872/1064
f 2730/4875/1065 2742/4894/1065 2744/4898/1065
f 2741/4893/2574 2740/4891/2574 2744/4898/2574
f 2739/4889/1067 2741/4893/1067 2734/4881/1067
f 2742/4895/1068 2736/4885/1068 2738/4888/1068
f 2735/4882/1069 2734/4881/1069 2738/4888/1069
f 2733/4879/1070 2735/4883/1070 2722/4859/1070
f 2725/4866/1071 2724/4863/1071 2737/4886/1071
f 2727/4868/1072 2739/4889/1072 2733/4879/1072
f 2759/4925/1073 2761/4929/1073 2748/4906/1073
f 2765/4936/1074 2767/4940/1074 2762/4931/1074
f 2766/4938/1075 2754/4917/1075 2749/4908/1075
f 2750/4910/1076 2756/4921/1076 2752/4913/1076
f 2755/4920/1077 2768/4941/1077 2764/4934/1077
f 2751/4911/1086 2745/4899/1086 2747/4904/1086
f 2746/4901/1087 2748/4905/1087 2750/4910/1087
f 2754/4918/1088 2756/4921/1088 2750/4910/1088
f 2755/4920/1089 2753/4914/1089 2752/4913/1089
f 2751/4911/1090 2753/4915/1090 2764/4933/1090
f 2766/4937/1091 2768/4941/1091 2755/4920/1091
f 2767/4940/1092 2765/4936/1092 2764/4934/1092
f 2763/4932/1093 2765/4936/1093 2758/4924/1093
f 2766/4938/1094 2760/4927/1094 2762/4931/1094
f 2759/4925/2575 2758/4924/2575 2762/4931/2575
f 2757/4922/1096 2759/4926/1096 2746/4902/1096
f 2760/4928/1097 2749/4909/1097 2748/4906/1097
f 2751/4911/1098 2763/4932/1098 2757/4922/1098
f 2785/4972/1099 2772/4949/1099 2770/4944/1099
f 2789/4979/1100 2791/4983/1100 2786/4974/1100
f 2778/4959/2576 2773/4951/2576 2784/4970/2576
f 2774/4953/1102 2780/4964/1102 2776/4956/1102
f 2777/4957/1103 2779/4963/1103 2792/4984/1103
f 2775/4954/1112 2769/4942/1112 2771/4946/1112
f 2772/4948/2085 2774/4953/2085 2771/4947/2085
f 2778/4960/2086 2780/4964/2086 2774/4953/2086
f 2779/4963/1115 2777/4957/1115 2776/4956/1115
f 2775/4954/1116 2777/4958/1116 2788/4976/1116
f 2778/4961/1117 2790/4980/1117 2792/4984/1117
f 2789/4979/1118 2788/4977/1118 2792/4984/1118
f 2787/4975/1119 2789/4979/1119 2782/4967/1119
f 2790/4981/1120 2784/4970/1120 2786/4974/1120
f 2783/4968/1121 2782/4967/1121 2786/4974/1121
f 2781/4965/1122 2783/4969/1122 2770/4945/1122
f 2784/4971/1123 2773/4952/1123 2772/4949/1123
f 2787/4975/2502 2781/4965/2502 2769/4942/2502
f 2809/5015/1125 2796/4992/1125 2794/4987/1125
f 2815/5026/2503 2810/5017/2503 2806/5010/2503
f 2802/5003/1127 2797/4993/1127 2808/5013/1127
f 2795/4989/1128 2798/4996/1128 2804/5007/1128
f 2801/5000/1129 2803/5006/1129 2816/5027/1129
f 2793/4985/1138 2795/4990/1138 2800/4998/1138
f 2794/4988/1139 2796/4991/1139 2798/4996/1139
f 2797/4994/1140 2802/5004/1140 2804/5007/1140
f 2803/5006/1141 2801/5000/1141 2800/4999/1141
f 2799/4997/1142 2801/5001/1142 2812/5019/1142
f 2814/5024/1143 2816/5027/1143 2803/5006/1143
f 2813/5022/2505 2812/5020/2505 2816/5027/2505
f 2811/5018/1145 2813/5022/1145 2806/5010/1145
f 2808/5013/1146 2810/5017/1146 2815/5026/1146
f 2807/5011/1147 2806/5010/1147 2810/5017/1147
f 2793/4985/2094 2805/5008/2094 2807/5012/2094
f 2808/5014/2095 2797/4995/2095 2796/4992/2095
f 2799/4997/1150 2811/5018/1150 2805/5008/1150
f 2833/5058/1151 2820/5035/1151 2818/5029/1151
f 2839/5069/1152 2834/5060/1152 2830/5053/1152
f 2838/5067/1153 2826/5045/1153 2821/5037/1153
f 2822/5039/1154 2828/5050/1154 2824/5042/1154
f 2827/5049/1155 2840/5070/1155 2836/5063/1155
f 2823/5040/1164 2817/5028/1164 2819/5033/1164
f 2818/5030/2368 2820/5034/2368 2822/5039/2368
f 2826/5046/1166 2828/5050/1166 2822/5039/1166
f 2825/5043/2506 2824/5042/2506 2828/5050/2506
f 2823/5040/1168 2825/5044/1168 2836/5062/1168
f 2826/5047/2507 2838/5066/2507 2840/5070/2507
f 2839/5069/1170 2837/5065/1170 2836/5063/1170
f 2835/5061/1171 2837/5065/1171 2830/5053/1171
f 2838/5067/1172 2832/5057/1172 2834/5060/1172
f 2831/5054/2577 2830/5053/2577 2834/5060/2577
f 2829/5051/1174 2831/5055/1174 2818/5031/1174
f 2821/5038/1175 2820/5035/1175 2833/5058/1175
f 2835/5061/1176 2829/5051/1176 2817/5028/1176
f 2857/5101/1177 2844/5078/1177 2842/5074/1177
f 2863/5112/1178 2858/5103/1178 2854/5096/1178
f 2862/5110/1179 2850/5089/1179 2845/5080/1179
f 2843/5076/1180 2846/5082/1180 2852/5093/1180
f 2851/5092/1181 2864/5113/1181 2860/5106/1181
f 2841/5071/1190 2843/5075/1190 2848/5084/1190
f 2844/5077/1191 2846/5082/1191 2843/5076/1191
f 2850/5090/1192 2852/5093/1192 2846/5082/1192
f 2849/5086/1193 2848/5085/1193 2852/5093/1193
f 2847/5083/1194 2849/5087/1194 2860/5105/1194
f 2862/5109/1195 2864/5113/1195 2851/5092/1195
f 2863/5112/2105 2861/5108/2105 2860/5106/2105
f 2859/5104/2106 2861/5108/2106 2854/5096/2106
f 2862/5110/1198 2856/5100/1198 2858/5103/1198
f 2857/5101/1199 2855/5097/1199 2854/5096/1199
f 2841/5071/1200 2853/5094/1200 2855/5098/1200
f 2845/5081/1201 2844/5078/1201 2857/5101/1201
f 2847/5083/1202 2859/5104/1202 2853/5094/1202
f 2879/5140/1203 2881/5144/1203 2868/5121/1203
f 2887/5155/1204 2882/5146/1204 2878/5139/1204
f 2874/5131/1205 2869/5122/1205 2880/5143/1205
f 2867/5119/1206 2870/5125/1206 2876/5136/1206
f 2875/5135/1207 2888/5156/1207 2884/5149/1207
f 2871/5126/1216 2865/5114/1216 2867/5118/1216
f 2868/5120/1217 2870/5125/1217 2867/5119/1217
f 2869/5123/1218 2874/5132/1218 2876/5136/1218
f 2875/5135/1219 2873/5129/1219 2872/5128/1219
f 2871/5126/1220 2873/5130/1220 2884/5148/1220
f 2874/5133/2578 2886/5152/2578 2888/5156/2578
f 2887/5155/1222 2885/5151/1222 2884/5149/1222
f 2883/5147/1223 2885/5151/1223 2878/5139/1223
f 2886/5153/1224 2880/5143/1224 2882/5146/1224
f 2881/5144/1225 2879/5140/1225 2878/5139/1225
f 2865/5114/1226 2877/5137/1226 2879/5141/1226
f 2869/5124/1227 2868/5121/1227 2881/5144/1227
f 2883/5147/1228 2877/5137/1228 2865/5114/1228
f 2905/5187/1229 2892/5164/1229 2890/5159/1229
f 2911/5198/1230 2906/5189/1230 2902/5182/1230
f 2898/5175/1231 2893/5166/1231 2904/5186/1231
f 2894/5168/1232 2900/5179/1232 2896/5171/1232
f 2897/5172/1233 2899/5178/1233 2912/5199/1233
f 2895/5169/1242 2889/5157/1242 2891/5161/1242
f 2892/5163/2376 2894/5168/2376 2891/5162/2376
f 2898/5176/1244 2900/5179/1244 2894/5168/1244
f 2897/5172/1245 2896/5171/1245 2900/5179/1245
f 2907/5190/1246 2895/5169/1246 2897/5173/1246
f 2910/5196/1247 2912/5199/1247 2899/5178/1247
f 2909/5194/1248 2908/5192/1248 2912/5199/1248
f 2907/5190/1249 2909/5194/1249 2902/5182/1249
f 2904/5186/1250 2906/5189/1250 2911/5198/1250
f 2903/5183/1251 2902/5182/1251 2906/5189/1251
f 2901/5180/1252 2903/5184/1252 2890/5160/1252
f 2893/5167/1253 2892/5164/1253 2905/5187/1253
f 2895/5169/1254 2907/5190/1254 2901/5180/1254
f 2929/5230/1255 2916/5207/1255 2914/5201/1255
f 2933/5237/1256 2935/5241/1256 2930/5232/1256
f 2922/5217/1257 2917/5208/1257 2928/5228/1257
f 2915/5204/1258 2918/5211/1258 2924/5222/1258
f 2923/5221/1259 2936/5242/1259 2932/5235/1259
f 2913/5200/1268 2915/5205/1268 2920/5213/1268
f 2914/5202/1269 2916/5206/1269 2918/5211/1269
f 2917/5209/1270 2922/5218/1270 2924/5222/1270
f 2923/5221/1271 2921/5215/1271 2920/5214/1271
f 2919/5212/1272 2921/5216/1272 2932/5234/1272
f 2922/5219/1273 2934/5238/1273 2936/5242/1273
f 2933/5237/1274 2932/5235/1274 2936/5242/1274
f 2925/5223/1275 2931/5233/1275 2933/5237/1275
f 2934/5239/1276 2928/5228/1276 2930/5232/1276
f 2929/5230/1277 2927/5226/1277 2926/5225/1277
f 2925/5223/1278 2927/5227/1278 2914/5203/1278
f 2928/5229/1279 2917/5210/1279 2916/5207/1279
f 2931/5233/1280 2925/5223/1280 2913/5200/1280
f 2953/5273/1281 2940/5250/1281 2938/5245/1281
f 2957/5280/1282 2959/5284/1282 2954/5275/1282
f 2946/5260/1283 2941/5251/1283 2952/5271/1283
f 2939/5248/1284 2942/5254/1284 2948/5265/1284
f 2947/5264/1285 2960/5285/1285 2956/5278/1285
f 2943/5255/1294 2937/5243/1294 2939/5247/1294
f 2940/5249/1295 2942/5254/1295 2939/5248/1295
f 2941/5252/2118 2946/5261/2118 2948/5265/2118
f 2947/5264/1297 2945/5258/1297 2944/5257/1297
f 2955/5276/1298 2943/5255/1298 2945/5259/1298
f 2946/5262/1299 2958/5282/1299 2960/5285/1299
f 2959/5284/1300 2957/5280/1300 2956/5278/1300
f 2949/5266/2119 2955/5276/2119 2957/5280/2119
f 2952/5271/1302 2954/5275/1302 2959/5284/1302
f 2953/5273/2579 2951/5269/2579 2950/5268/2579
f 2949/5266/1304 2951/5270/1304 2938/5246/1304
f 2952/5272/1305 2941/5253/1305 2940/5250/1305
f 2943/5255/1306 2955/5276/1306 2949/5266/1306
f 2977/5316/1307 2964/5293/1307 2962/5288/1307
f 2981/5323/1308 2983/5327/1308 2978/5318/1308
f 2982/5325/1309 2970/5303/1309 2965/5295/1309
f 2963/5291/1310 2966/5297/1310 2972/5308/1310
f 2971/5307/1311 2984/5328/1311 2980/5321/1311
f 2967/5298/1320 2961/5286/1320 2963/5290/1320
f 2964/5292/1321 2966/5297/1321 2963/5291/1321
f 2970/5304/1322 2972/5308/1322 2966/5297/1322
f 2971/5307/1323 2969/5301/1323 2968/5300/1323
f 2979/5319/1324 2967/5298/1324 2969/5302/1324
f 2970/5305/1325 2982/5324/1325 2984/5328/1325
f 2981/5323/1326 2980/5321/1326 2984/5328/1326
f 2979/5319/1327 2981/5323/1327 2974/5311/1327
f 2982/5325/2120 2976/5314/2120 2978/5318/2120
f 2975/5312/1329 2974/5311/1329 2978/5318/1329
f 2973/5309/1330 2975/5313/1330 2962/5289/1330
f 2976/5315/1331 2965/5296/1331 2964/5293/1331
f 2979/5319/1332 2973/5309/1332 2961/5286/1332
f 3001/5359/1333 2988/5336/1333 2986/5331/1333
f 3005/5366/1334 3007/5370/1334 3002/5361/1334
f 2994/5346/1335 2989/5337/1335 3000/5357/1335
f 2990/5340/1336 2996/5351/1336 2992/5343/1336
f 2993/5344/1337 2995/5350/1337 3008/5371/1337
f 2985/5329/1346 2987/5333/1346 2992/5342/1346
f 2988/5335/1347 2990/5340/1347 2987/5334/1347
f 2989/5338/1348 2994/5347/1348 2996/5351/1348
f 2993/5344/1349 2992/5343/1349 2996/5351/1349
f 3003/5362/1350 2991/5341/1350 2993/5345/1350
f 2994/5348/1351 3006/5367/1351 3008/5371/1351
f 3007/5370/1352 3005/5366/1352 3004/5364/1352
f 2997/5352/1353 3003/5362/1353 3005/5366/1353
f 3006/5368/1354 3000/5357/1354 3002/5361/1354
f 2999/5355/1355 2998/5354/1355 3002/5361/1355
f 2997/5352/2580 2999/5356/2580 2986/5332/2580
f 3000/5358/1357 2989/5339/1357 2988/5336/1357
f 3003/5362/1358 2997/5352/1358 2985/5329/1358
f 3023/5398/1359 3025/5402/1359 3012/5379/1359
f 3029/5409/1360 3031/5413/1360 3026/5404/1360
f 3018/5390/1361 3013/5381/1361 3024/5400/1361
f 3014/5383/1362 3020/5394/1362 3016/5386/1362
f 3019/5393/2129 3032/5414/2129 3028/5407/2129
f 3009/5372/1372 3011/5377/1372 3016/5385/1372
f 3010/5375/2581 3012/5378/2581 3014/5383/2581
f 3018/5391/1374 3020/5394/1374 3014/5383/1374
f 3017/5387/2582 3016/5386/2582 3020/5394/2582
f 3015/5384/2131 3017/5388/2131 3028/5406/2131
f 3030/5410/1377 3032/5414/1377 3019/5393/1377
f 3031/5413/2132 3029/5409/2132 3028/5407/2132
f 3027/5405/1379 3029/5409/1379 3022/5397/1379
f 3030/5411/1380 3024/5400/1380 3026/5404/1380
f 3025/5402/1381 3023/5398/1381 3022/5397/1381
f 3009/5372/1382 3021/5395/1382 3023/5399/1382
f 3024/5401/1383 3013/5382/1383 3012/5379/1383
f 3015/5384/1384 3027/5405/1384 3021/5395/1384
f 3049/5445/1385 3036/5422/1385 3034/5417/1385
f 3055/5456/1386 3050/5447/1386 3046/5440/1386
f 3042/5433/1387 3037/5424/1387 3048/5443/1387
f 3038/5426/1388 3044/5437/1388 3040/5429/1388
f 3043/5436/1389 3056/5457/1389 3052/5450/1389
f 3033/5415/2583 3035/5420/2583 3040/5428/2583
f 3034/5418/2397 3036/5421/2397 3038/5426/2397
f 3042/5434/1400 3044/5437/1400 3038/5426/1400
f 3043/5436/1401 3041/5430/1401 3040/5429/1401
f 3039/5427/1402 3041/5431/1402 3052/5449/1402
f 3054/5454/1403 3056/5457/1403 3043/5436/1403
f 3055/5456/2584 3053/5452/2584 3052/5450/2584
f 3045/5438/2509 3051/5448/2509 3053/5452/2509
f 3048/5443/1406 3050/5447/1406 3055/5456/1406
f 3049/5445/1407 3047/5441/1407 3046/5440/1407
f 3033/5415/2138 3045/5438/2138 3047/5442/2138
f 3048/5444/1409 3037/5425/1409 3036/5422/1409
f 3039/5427/1410 3051/5448/1410 3045/5438/1410
f 3073/5488/1411 3060/5465/1411 3058/5460/1411
f 3079/5499/1412 3074/5490/1412 3070/5483/1412
f 3066/5476/1413 3061/5466/1413 3072/5487/1413
f 3059/5463/1414 3062/5469/1414 3068/5480/1414
f 3067/5479/1415 3080/5500/1415 3076/5493/1415
f 3057/5458/1424 3059/5462/1424 3064/5471/1424
f 3060/5464/1425 3062/5469/1425 3059/5463/1425
f 3061/5467/1426 3066/5477/1426 3068/5480/1426
f 3067/5479/1427 3065/5473/1427 3064/5472/1427
f 3075/5491/1428 3063/5470/1428 3065/5474/1428
f 3078/5496/1429 3080/5500/1429 3067/5479/1429
f 3077/5495/1430 3076/5493/1430 3080/5500/1430
f 3069/5481/1431 3075/5491/1431 3077/5495/1431
f 3078/5497/1432 3072/5487/1432 3074/5490/1432
f 3073/5488/1433 3071/5484/1433 3070/5483/1433
f 3069/5481/1434 3071/5485/1434 3058/5461/1434
f 3061/5468/1435 3060/5465/1435 3073/5488/1435
f 3075/5491/1436 3069/5481/1436 3057/5458/1436
f 3097/5531/1437 3084/5508/1437 3082/5502/1437
f 3101/5538/2143 3103/5542/2143 3098/5533/2143
f 3102/5539/1439 3090/5519/1439 3085/5509/1439
f 3083/5505/2399 3086/5512/2399 3092/5523/2399
f 3091/5522/1441 3104/5543/1441 3100/5536/1441
f 3081/5501/1450 3083/5506/1450 3088/5514/1450
f 3082/5503/2401 3084/5507/2401 3086/5512/2401
f 3085/5510/1452 3090/5520/1452 3092/5523/1452
f 3089/5516/1453 3088/5515/1453 3092/5523/1453
f 3087/5513/1454 3089/5517/1454 3100/5535/1454
f 3102/5540/1455 3104/5543/1455 3091/5522/1455
f 3101/5538/2150 3100/5536/2150 3104/5543/2150
f 3093/5524/1457 3099/5534/1457 3101/5538/1457
f 3096/5530/2151 3098/5533/2151 3103/5542/2151
f 3097/5531/2152 3095/5527/2152 3094/5526/2152
f 3093/5524/1460 3095/5528/1460 3082/5504/1460
f 3085/5511/1461 3084/5508/1461 3097/5531/1461
f 3087/5513/1462 3099/5534/1462 3093/5524/1462
f 3121/5574/1463 3108/5551/1463 3106/5546/1463
f 3125/5581/1464 3127/5585/1464 3122/5576/1464
f 3114/5562/1465 3109/5553/1465 3120/5572/1465
f 3110/5555/1466 3116/5566/1466 3112/5558/1466
f 3113/5559/1467 3115/5565/1467 3128/5586/1467
f 3111/5556/1476 3105/5544/1476 3107/5549/1476
f 3106/5547/1477 3108/5550/1477 3110/5555/1477
f 3114/5563/1478 3116/5566/1478 3110/5555/1478
f 3115/5565/1479 3113/5559/1479 3112/5558/1479
f 3123/5577/1480 3111/5556/1480 3113/5560/1480
f 3126/5582/1481 3128/5586/1481 3115/5565/1481
f 3125/5581/2402 3124/5579/2402 3128/5586/2402
f 3123/5577/2585 3125/5581/2585 3118/5569/2585
f 3126/5583/1484 3120/5572/1484 3122/5576/1484
f 3119/5570/1485 3118/5569/1485 3122/5576/1485
f 3105/5544/1486 3117/5567/1486 3119/5571/1486
f 3120/5573/2403 3109/5554/2403 3108/5551/2403
f 3111/5556/1488 3123/5577/1488 3117/5567/1488
f 3145/5617/1489 3132/5594/1489 3130/5589/1489
f 3149/5624/1490 3151/5628/1490 3146/5619/1490
f 3138/5604/1491 3133/5596/1491 3144/5616/1491
f 3134/5598/1492 3140/5609/1492 3136/5601/1492
f 3139/5608/1493 3152/5629/1493 3148/5622/1493
f 3135/5599/1502 3129/5587/1502 3131/5591/1502
f 3132/5593/2407 3134/5598/2407 3131/5592/2407
f 3138/5605/1504 3140/5609/1504 3134/5598/1504
f 3139/5608/1505 3137/5602/1505 3136/5601/1505
f 3147/5620/1506 3135/5599/1506 3137/5603/1506
f 3138/5606/1507 3150/5626/1507 3152/5629/1507
f 3149/5624/1508 3148/5622/1508 3152/5629/1508
f 3147/5620/2162 3149/5624/2162 3142/5612/2162
f 3144/5616/1510 3146/5619/1510 3151/5628/1510
f 3143/5613/1511 3142/5612/1511 3146/5619/1511
f 3141/5610/1512 3143/5614/1512 3130/5590/1512
f 3133/5597/2586 3132/5594/2586 3145/5617/2586
f 3147/5620/1514 3141/5610/1514 3129/5587/1514
f 3167/5656/2408 3169/5660/2408 3156/5637/2408
f 3175/5671/1516 3170/5662/1516 3166/5655/1516
f 3174/5669/1517 3162/5647/1517 3157/5639/1517
f 3155/5635/1518 3158/5641/1518 3164/5652/1518
f 3163/5651/1519 3176/5672/1519 3172/5665/1519
f 3153/5630/2411 3155/5634/2411 3160/5643/2411
f 3156/5636/1529 3158/5641/1529 3155/5635/1529
f 3162/5648/1530 3164/5652/1530 3158/5641/1530
f 3161/5645/2165 3160/5644/2165 3164/5652/2165
f 3159/5642/1532 3161/5646/1532 3172/5664/1532
f 3162/5649/1533 3174/5668/1533 3176/5672/1533
f 3175/5671/1534 3173/5667/1534 3172/5665/1534
f 3165/5653/1535 3171/5663/1535 3173/5667/1535
f 3174/5669/1536 3168/5659/1536 3170/5662/1536
f 3167/5656/1537 3166/5655/1537 3170/5662/1537
f 3153/5630/1538 3165/5653/1538 3167/5657/1538
f 3157/5640/1539 3156/5637/1539 3169/5660/1539
f 3171/5663/1540 3165/5653/1540 3153/5630/1540
f 3191/5699/1541 3193/5703/1541 3180/5680/1541
f 3199/5714/1542 3194/5705/1542 3190/5698/1542
f 3186/5690/1543 3181/5681/1543 3192/5701/1543
f 3182/5684/1544 3188/5695/1544 3184/5687/1544
f 3187/5694/1545 3200/5715/1545 3196/5708/1545
f 3177/5673/1554 3179/5678/1554 3184/5686/1554
f 3178/5675/1555 3180/5679/1555 3182/5684/1555
f 3181/5682/1556 3186/5691/1556 3188/5695/1556
f 3185/5688/1557 3184/5687/1557 3188/5695/1557
f 3183/5685/1558 3185/5689/1558 3196/5707/1558
f 3186/5692/1559 3198/5712/1559 3200/5715/1559
f 3197/5710/2516 3196/5708/2516 3200/5715/2516
f 3189/5696/1561 3195/5706/1561 3197/5710/1561
f 3192/5701/1562 3194/5705/1562 3199/5714/1562
f 3193/5703/1563 3191/5699/1563 3190/5698/1563
f 3189/5696/1564 3191/5700/1564 3178/5676/1564
f 3192/5702/1565 3181/5683/1565 3180/5680/1565
f 3183/5685/1566 3195/5706/1566 3189/5696/1566
f 3217/5746/1567 3204/5723/1567 3202/5718/1567
f 3221/5753/1568 3223/5757/1568 3218/5748/1568
f 3210/5733/1569 3205/5725/1569 3216/5744/1569
f 3206/5727/1570 3212/5738/1570 3208/5730/1570
f 3209/5731/2416 3211/5737/2416 3224/5758/2416
f 3201/5716/2587 3203/5721/2587 3208/5729/2587
f 3202/5719/1581 3204/5722/1581 3206/5727/1581
f 3210/5734/2419 3212/5738/2419 3206/5727/2419
f 3211/5737/1583 3209/5731/1583 3208/5730/1583
f 3207/5728/2421 3209/5732/2421 3220/5750/2421
f 3210/5735/2170 3222/5755/2170 3224/5758/2170
f 3221/5753/1586 3220/5751/1586 3224/5758/1586
f 3213/5739/2171 3219/5749/2171 3221/5753/2171
f 3216/5744/2517 3218/5748/2517 3223/5757/2517
f 3217/5746/2422 3215/5742/2422 3214/5741/2422
f 3201/5716/1590 3213/5739/1590 3215/5743/1590
f 3216/5745/1591 3205/5726/1591 3204/5723/1591
f 3219/5749/1592 3213/5739/1592 3201/5716/1592
f 3239/5785/1593 3241/5789/1593 3228/5766/1593
f 3247/5800/1594 3242/5791/1594 3238/5784/1594
f 3234/5776/1595 3229/5768/1595 3240/5788/1595
f 3227/5764/1596 3230/5770/1596 3236/5781/1596
f 3233/5774/1597 3235/5780/1597 3248/5801/1597
f 3231/5771/1606 3225/5759/1606 3227/5763/1606
f 3228/5765/1607 3230/5770/1607 3227/5764/1607
f 3234/5777/1608 3236/5781/1608 3230/5770/1608
f 3233/5774/1609 3232/5773/1609 3236/5781/1609
f 3243/5792/1610 3231/5771/1610 3233/5775/1610
f 3234/5778/2518 3246/5797/2518 3248/5801/2518
f 3247/5800/1612 3245/5796/1612 3244/5794/1612
f 3237/5782/1613 3243/5792/1613 3245/5796/1613
f 3246/5798/1614 3240/5788/1614 3242/5791/1614
f 3239/5785/2178 3238/5784/2178 3242/5791/2178
f 3225/5759/2179 3237/5782/2179 3239/5786/2179
f 3229/5769/1617 3228/5766/1617 3241/5789/1617
f 3231/5771/1618 3243/5792/1618 3237/5782/1618
f 3263/5828/1619 3265/5832/1619 3252/5809/1619
f 3271/5843/1620 3266/5834/1620 3262/5827/1620
f 3258/5820/1621 3253/5811/1621 3264/5830/1621
f 3254/5813/1622 3260/5824/1622 3256/5816/1622
f 3259/5823/1623 3272/5844/1623 3268/5837/1623
f 3249/5802/1632 3251/5806/1632 3256/5815/1632
f 3252/5808/1633 3254/5813/1633 3251/5807/1633
f 3258/5821/1634 3260/5824/1634 3254/5813/1634
f 3257/5817/1635 3256/5816/1635 3260/5824/1635
f 3255/5814/2429 3257/5818/2429 3268/5836/2429
f 3270/5841/1637 3272/5844/1637 3259/5823/1637
f 3271/5843/1638 3269/5839/1638 3268/5837/1638
f 3267/5835/1639 3269/5839/1639 3262/5827/1639
f 3264/5830/1640 3266/5834/1640 3271/5843/1640
f 3263/5828/1641 3262/5827/1641 3266/5834/1641
f 3261/5825/1642 3263/5829/1642 3250/5805/1642
f 3264/5831/1643 3253/5812/1643 3252/5809/1643
f 3267/5835/1644 3261/5825/1644 3249/5802/1644
f 3287/5871/1645 3289/5875/1645 3276/5852/1645
f 3295/5886/1646 3290/5877/1646 3286/5870/1646
f 3282/5862/1647 3277/5853/1647 3288/5873/1647
f 3278/5856/1648 3284/5867/1648 3280/5859/1648
f 3281/5860/1649 3283/5866/1649 3296/5887/1649
f 3273/5845/1658 3275/5850/1658 3280/5858/1658
f 3274/5847/1659 3276/5851/1659 3278/5856/1659
f 3277/5854/1660 3282/5863/1660 3284/5867/1660
f 3281/5860/1661 3280/5859/1661 3284/5867/1661
f 3279/5857/1662 3281/5861/1662 3292/5879/1662
f 3282/5864/1663 3294/5884/1663 3296/5887/1663
f 3293/5882/1664 3292/5880/1664 3296/5887/1664
f 3291/5878/1665 3293/5882/1665 3286/5870/1665
f 3288/5873/1666 3290/5877/1666 3295/5886/1666
f 3289/5875/1667 3287/5871/1667 3286/5870/1667
f 3285/5868/1668 3287/5872/1668 3274/5848/1668
f 3288/5874/1669 3277/5855/1669 3276/5852/1669
f 3291/5878/1670 3285/5868/1670 3273/5845/1670
f 3311/5914/1671 3313/5918/1671 3300/5895/1671
f 3319/5929/1672 3314/5920/1672 3310/5913/1672
f 3318/5926/1673 3306/5906/1673 3301/5897/1673
f 3299/5893/1674 3302/5899/1674 3308/5910/1674
f 3307/5909/1675 3320/5930/1675 3316/5923/1675
f 3297/5888/1684 3299/5892/1684 3304/5901/1684
f 3300/5894/1685 3302/5899/1685 3299/5893/1685
f 3306/5907/1686 3308/5910/1686 3302/5899/1686
f 3305/5903/1687 3304/5902/1687 3308/5910/1687
f 3303/5900/1688 3305/5904/1688 3316/5922/1688
f 3318/5927/1689 3320/5930/1689 3307/5909/1689
f 3319/5929/1690 3317/5925/1690 3316/5923/1690
f 3309/5911/1691 3315/5921/1691 3317/5925/1691
f 3312/5917/1692 3314/5920/1692 3319/5929/1692
f 3313/5918/2188 3311/5914/2188 3310/5913/2188
f 3297/5888/1694 3309/5911/1694 3311/5915/1694
f 3301/5898/1695 3300/5895/1695 3313/5918/1695
f 3303/5900/1696 3315/5921/1696 3309/5911/1696
f 3337/5961/1697 3324/5938/1697 3322/5933/1697
f 3343/5972/1698 3338/5963/1698 3334/5956/1698
f 3330/5949/1699 3325/5940/1699 3336/5959/1699
f 3326/5942/1700 3332/5953/1700 3328/5945/1700
f 3331/5952/1701 3344/5973/1701 3340/5966/1701
f 3327/5943/1710 3321/5931/1710 3323/5935/1710
f 3324/5937/1711 3326/5942/1711 3323/5936/1711
f 3330/5950/1712 3332/5953/1712 3326/5942/1712
f 3329/5946/1713 3328/5945/1713 3332/5953/1713
f 3339/5964/2442 3327/5943/2442 3329/5947/2442
f 3342/5970/1715 3344/5973/1715 3331/5952/1715
f 3343/5972/1716 3341/5968/1716 3340/5966/1716
f 3339/5964/1717 3341/5968/1717 3334/5956/1717
f 3336/5959/2193 3338/5963/2193 3343/5972/2193
f 3337/5961/2588 3335/5957/2588 3334/5956/2588
f 3333/5954/1720 3335/5958/1720 3322/5934/1720
f 3336/5960/2194 3325/5941/2194 3324/5938/2194
f 3327/5943/1722 3339/5964/1722 3333/5954/1722
f 3361/6004/1723 3348/5981/1723 3346/5976/1723
f 3365/6011/1724 3367/6015/1724 3362/6006/1724
f 3354/5992/2589 3349/5983/2589 3360/6002/2589
f 3347/5979/1726 3350/5985/1726 3356/5996/1726
f 3355/5995/1727 3368/6016/1727 3364/6009/1727
f 3351/5986/1736 3345/5974/1736 3347/5978/1736
f 3348/5980/1737 3350/5985/1737 3347/5979/1737
f 3354/5993/1738 3356/5996/1738 3350/5985/1738
f 3355/5995/2590 3353/5989/2590 3352/5988/2590
f 3351/5986/1740 3353/5990/1740 3364/6008/1740
f 3366/6013/1741 3368/6016/1741 3355/5995/1741
f 3365/6011/1742 3364/6009/1742 3368/6016/1742
f 3357/5997/1743 3363/6007/1743 3365/6011/1743
f 3360/6002/1744 3362/6006/1744 3367/6015/1744
f 3361/6004/1745 3359/6000/1745 3358/5999/1745
f 3357/5997/1746 3359/6001/1746 3346/5977/1746
f 3360/6003/1747 3349/5984/1747 3348/5981/1747
f 3351/5986/1748 3363/6007/1748 3357/5997/1748
f 3383/6043/1749 3385/6047/1749 3372/6024/1749
f 3389/6054/1750 3391/6058/1750 3386/6049/1750
f 3390/6056/1751 3378/6035/1751 3373/6026/1751
f 3374/6028/1752 3380/6039/1752 3376/6031/1752
f 3377/6032/1753 3379/6038/1753 3392/6059/1753
f 3369/6017/1762 3371/6022/1762 3376/6030/1762
f 3370/6019/1763 3372/6023/1763 3374/6028/1763
f 3378/6036/1764 3380/6039/1764 3374/6028/1764
f 3377/6032/1765 3376/6031/1765 3380/6039/1765
f 3375/6029/1766 3377/6033/1766 3388/6051/1766
f 3390/6055/1767 3392/6059/1767 3379/6038/1767
f 3389/6054/1768 3388/6052/1768 3392/6059/1768
f 3381/6040/1769 3387/6050/1769 3389/6054/1769
f 3390/6056/1770 3384/6045/1770 3386/6049/1770
f 3385/6047/1771 3383/6043/1771 3382/6042/1771
f 3381/6040/2200 3383/6044/2200 3370/6020/2200
f 3384/6046/1773 3373/6027/1773 3372/6024/1773
f 3375/6029/1774 3387/6050/1774 3381/6040/1774
f 3409/6090/1775 3396/6067/1775 3394/6062/1775
f 3415/6101/1776 3410/6092/1776 3406/6085/1776
f 3414/6099/1777 3402/6077/1777 3397/6069/1777
f 3398/6071/1778 3404/6082/1778 3400/6074/1778
f 3401/6075/1779 3403/6081/1779 3416/6102/1779
f 3393/6060/2591 3395/6064/2591 3400/6073/2591
f 3396/6066/1789 3398/6071/1789 3395/6065/1789
f 3402/6078/2521 3404/6082/2521 3398/6071/2521
f 3403/6081/1791 3401/6075/1791 3400/6074/1791
f 3399/6072/1792 3401/6076/1792 3412/6094/1792
f 3402/6079/1793 3414/6098/1793 3416/6102/1793
f 3415/6101/1794 3413/6097/1794 3412/6095/1794
f 3411/6093/1795 3413/6097/1795 3406/6085/1795
f 3414/6099/2592 3408/6089/2592 3410/6092/2592
f 3407/6086/1797 3406/6085/1797 3410/6092/1797
f 3405/6083/1798 3407/6087/1798 3394/6063/1798
f 3397/6070/1799 3396/6067/1799 3409/6090/1799
f 3399/6072/1800 3411/6093/1800 3405/6083/1800
f 3433/6133/1801 3420/6110/1801 3418/6105/1801
f 3437/6140/2524 3439/6144/2524 3434/6135/2524
f 3426/6120/1803 3421/6111/1803 3432/6132/1803
f 3419/6108/1804 3422/6114/1804 3428/6125/1804
f 3425/6118/1805 3427/6124/1805 3440/6145/1805
f 3423/6115/2207 3417/6103/2207 3419/6107/2207
f 3420/6109/2525 3422/6114/2525 3419/6108/2525
f 3421/6112/1816 3426/6121/1816 3428/6125/1816
f 3427/6124/2208 3425/6118/2208 3424/6117/2208
f 3435/6136/1818 3423/6115/1818 3425/6119/1818
f 3426/6122/2454 3438/6141/2454 3440/6145/2454
f 3437/6140/1820 3436/6138/1820 3440/6145/1820
f 3429/6126/1821 3435/6136/1821 3437/6140/1821
f 3438/6142/1822 3432/6132/1822 3434/6135/1822
f 3433/6133/2211 3431/6129/2211 3430/6128/2211
f 3429/6126/1824 3431/6130/1824 3418/6106/1824
f 3421/6113/1825 3420/6110/1825 3433/6133/1825
f 3435/6136/1826 3429/6126/1826 3417/6103/1826
f 3457/6176/1827 3444/6153/1827 3442/6147/1827
f 3461/6183/1828 3463/6187/1828 3458/6178/1828
f 3450/6163/1829 3445/6154/1829 3456/6174/1829
f 3443/6150/1830 3446/6157/1830 3452/6168/1830
f 3449/6161/1831 3451/6167/1831 3464/6188/1831
f 3441/6146/1840 3443/6151/1840 3448/6159/1840
f 3442/6148/1841 3444/6152/1841 3446/6157/1841
f 3445/6155/1842 3450/6164/1842 3452/6168/1842
f 3451/6167/1843 3449/6161/1843 3448/6160/1843
f 3447/6158/1844 3449/6162/1844 3460/6180/1844
f 3450/6165/1845 3462/6185/1845 3464/6188/1845
f 3461/6183/2215 3460/6181/2215 3464/6188/2215
f 3459/6179/1847 3461/6183/1847 3454/6171/1847
f 3456/6174/2216 3458/6178/2216 3463/6187/2216
f 3455/6172/1849 3454/6171/1849 3458/6178/1849
f 3453/6169/1850 3455/6173/1850 3442/6149/1850
f 3456/6175/1851 3445/6156/1851 3444/6153/1851
f 3459/6179/1852 3453/6169/1852 3441/6146/1852
f 3479/6215/2218 3481/6219/2218 3468/6196/2218
f 3485/6226/1854 3487/6230/1854 3482/6221/1854
f 3474/6206/1855 3469/6198/1855 3480/6218/1855
f 3470/6200/1856 3476/6211/1856 3472/6203/1856
f 3473/6204/1857 3475/6210/1857 3488/6231/1857
f 3465/6189/2527 3467/6193/2527 3472/6202/2527
f 3468/6195/1867 3470/6200/1867 3467/6194/1867
f 3474/6207/1868 3476/6211/1868 3470/6200/1868
f 3473/6204/1869 3472/6203/1869 3476/6211/1869
f 3483/6222/1870 3471/6201/1870 3473/6205/1870
f 3474/6208/1871 3486/6228/1871 3488/6231/1871
f 3485/6226/1872 3484/6224/1872 3488/6231/1872
f 3483/6222/1873 3485/6226/1873 3478/6214/1873
f 3480/6218/1874 3482/6221/1874 3487/6230/1874
f 3479/6215/2223 3478/6214/2223 3482/6221/2223
f 3477/6212/1876 3479/6216/1876 3466/6192/1876
f 3469/6199/1877 3468/6196/1877 3481/6219/1877
f 3483/6222/1878 3477/6212/1878 3465/6189/1878
f 3505/6262/7 3492/6239/7 3490/6235/7
f 3511/6273/8 3506/6264/8 3502/6257/8
f 3498/6250/9 3493/6241/9 3504/6260/9
f 3494/6243/1879 3500/6254/1879 3496/6246/1879
f 3497/6247/11 3499/6253/11 3512/6274/11
f 3489/6232/20 3491/6236/20 3496/6245/20
f 3492/6238/21 3494/6243/21 3491/6237/21
f 3498/6251/22 3500/6254/22 3494/6243/22
f 3497/6247/1883 3496/6246/1883 3500/6254/1883
f 3495/6244/24 3497/6248/24 3508/6266/24
f 3510/6271/25 3512/6274/25 3499/6253/25
f 3511/6273/2593 3509/6269/2593 3508/6267/2593
f 3501/6255/27 3507/6265/27 3509/6269/27
f 3504/6260/28 3506/6264/28 3511/6273/28
f 3505/6262/1886 3503/6258/1886 3502/6257/1886
f 3489/6232/30 3501/6255/30 3503/6259/30
f 3504/6261/31 3493/6242/31 3492/6239/31
f 3507/6265/32 3501/6255/32 3489/6232/32
f 3529/6305/33 3516/6282/33 3514/6276/33
f 3535/6316/34 3530/6307/34 3526/6300/34
f 3522/6293/35 3517/6283/35 3528/6303/35
f 3515/6279/2229 3518/6286/2229 3524/6297/2229
f 3521/6290/37 3523/6296/37 3536/6317/37
f 3519/6287/46 3513/6275/46 3515/6280/46
f 3514/6277/47 3516/6281/47 3518/6286/47
f 3517/6284/48 3522/6294/48 3524/6297/48
f 3521/6290/2459 3520/6289/2459 3524/6297/2459
f 3531/6308/50 3519/6287/50 3521/6291/50
f 3534/6314/51 3536/6317/51 3523/6296/51
f 3535/6316/52 3533/6312/52 3532/6310/52
f 3525/6298/53 3531/6308/53 3533/6312/53
f 3528/6303/54 3530/6307/54 3535/6316/54
f 3529/6305/1890 3527/6301/1890 3526/6300/1890
f 3525/6298/1891 3527/6302/1891 3514/6278/1891
f 3528/6304/57 3517/6285/57 3516/6282/57
f 3519/6287/58 3531/6308/58 3525/6298/58
f 3553/6348/59 3540/6325/59 3538/6320/59
f 3557/6355/60 3559/6359/60 3554/6350/60
f 3558/6357/61 3546/6336/61 3541/6326/61
f 3539/6322/62 3542/6329/62 3548/6340/62
f 3545/6333/63 3547/6339/63 3560/6360/63
f 3537/6318/72 3539/6323/72 3544/6331/72
f 3538/6321/73 3540/6324/73 3542/6329/73
f 3541/6327/74 3546/6337/74 3548/6340/74
f 3545/6333/75 3544/6332/75 3548/6340/75
f 3555/6351/76 3543/6330/76 3545/6334/76
f 3558/6356/77 3560/6360/77 3547/6339/77
f 3559/6359/78 3557/6355/78 3556/6353/78
f 3549/6341/79 3555/6351/79 3557/6355/79
f 3558/6357/80 3552/6347/80 3554/6350/80
f 3553/6348/81 3551/6344/81 3550/6343/81
f 3537/6318/82 3549/6341/82 3551/6345/82
f 3541/6328/83 3540/6325/83 3553/6348/83
f 3543/6330/84 3555/6351/84 3549/6341/84
f 3577/6391/85 3564/6368/85 3562/6362/85
f 3583/6402/86 3578/6393/86 3574/6386/86
f 3582/6400/87 3570/6379/87 3565/6369/87
f 3566/6372/88 3572/6383/88 3568/6375/88
f 3569/6376/89 3571/6382/89 3584/6403/89
f 3567/6373/98 3561/6361/98 3563/6366/98
f 3562/6363/99 3564/6367/99 3566/6372/99
f 3565/6370/100 3570/6380/100 3572/6383/100
f 3569/6376/1902 3568/6375/1902 3572/6383/1902
f 3567/6373/102 3569/6377/102 3580/6395/102
f 3582/6399/103 3584/6403/103 3571/6382/103
f 3583/6402/104 3581/6398/104 3580/6396/104
f 3573/6384/105 3579/6394/105 3581/6398/105
f 3582/6400/1903 3576/6390/1903 3578/6393/1903
f 3577/6391/107 3575/6387/107 3574/6386/107
f 3573/6384/108 3575/6388/108 3562/6364/108
f 3565/6371/109 3564/6368/109 3577/6391/109
f 3567/6373/110 3579/6394/110 3573/6384/110
f 3601/6434/2594 3588/6411/2594 3586/6407/2594
f 3607/6445/112 3602/6436/112 3598/6429/112
f 3594/6422/113 3589/6413/113 3600/6432/113
f 3587/6409/114 3590/6415/114 3596/6426/114
f 3593/6419/1904 3595/6425/1904 3608/6446/1904
f 3585/6404/124 3587/6408/124 3592/6417/124
f 3588/6410/125 3590/6415/125 3587/6409/125
f 3594/6423/126 3596/6426/126 3590/6415/126
f 3593/6419/127 3592/6418/127 3596/6426/127
f 3591/6416/1907 3593/6420/1907 3604/6438/1907
f 3606/6442/129 3608/6446/129 3595/6425/129
f 3607/6445/2242 3605/6441/2242 3604/6439/2242
f 3597/6427/131 3603/6437/131 3605/6441/131
f 3606/6443/132 3600/6432/132 3602/6436/132
f 3601/6434/133 3599/6430/133 3598/6429/133
f 3585/6404/2463 3597/6427/2463 3599/6431/2463
f 3600/6433/2243 3589/6414/2243 3588/6411/2243
f 3591/6416/136 3603/6437/136 3597/6427/136
f 3623/6473/137 3625/6477/137 3612/6454/137
f 3629/6484/138 3631/6488/138 3626/6479/138
f 3630/6486/139 3618/6464/139 3613/6456/139
f 3614/6458/140 3620/6469/140 3616/6461/140
f 3617/6462/141 3619/6468/141 3632/6489/141
f 3615/6459/150 3609/6447/150 3611/6452/150
f 3610/6450/151 3612/6453/151 3614/6458/151
f 3618/6465/152 3620/6469/152 3614/6458/152
f 3617/6462/2595 3616/6461/2595 3620/6469/2595
f 3627/6480/154 3615/6459/154 3617/6463/154
f 3618/6466/1914 3630/6485/1914 3632/6489/1914
f 3631/6488/1915 3629/6484/1915 3628/6482/1915
f 3627/6480/157 3629/6484/157 3622/6472/157
f 3630/6486/158 3624/6476/158 3626/6479/158
f 3623/6473/2596 3622/6472/2596 3626/6479/2596
f 3609/6447/160 3621/6470/160 3623/6474/160
f 3613/6457/161 3612/6454/161 3625/6477/161
f 3615/6459/162 3627/6480/162 3621/6470/162
f 3647/6516/163 3649/6520/163 3636/6497/163
f 3655/6531/2246 3650/6522/2246 3646/6515/2246
f 3642/6507/165 3637/6499/165 3648/6518/165
f 3635/6494/166 3638/6501/166 3644/6512/166
f 3643/6511/2597 3656/6532/2597 3652/6525/2597
f 3633/6490/176 3635/6495/176 3640/6503/176
f 3634/6492/177 3636/6496/177 3638/6501/177
f 3642/6508/178 3644/6512/178 3638/6501/178
f 3641/6505/179 3640/6504/179 3644/6512/179
f 3639/6502/180 3641/6506/180 3652/6524/180
f 3642/6509/1922 3654/6529/1922 3656/6532/1922
f 3655/6531/182 3653/6527/182 3652/6525/182
f 3651/6523/183 3653/6527/183 3646/6515/183
f 3648/6518/184 3650/6522/184 3655/6531/184
f 3649/6520/2598 3647/6516/2598 3646/6515/2598
f 3645/6513/1923 3647/6517/1923 3634/6493/1923
f 3648/6519/187 3637/6500/187 3636/6497/187
f 3639/6502/1924 3651/6523/1924 3645/6513/1924
f 3673/6563/2599 3660/6540/2599 3658/6534/2599
f 3679/6574/190 3674/6565/190 3670/6558/190
f 3666/6550/191 3661/6542/191 3672/6561/191
f 3662/6544/2600 3668/6555/2600 3664/6547/2600
f 3667/6554/193 3680/6575/193 3676/6568/193
f 3657/6533/1927 3659/6538/1927 3664/6546/1927
f 3658/6535/203 3660/6539/203 3662/6544/203
f 3666/6551/204 3668/6555/204 3662/6544/204
f 3665/6548/205 3664/6547/205 3668/6555/205
f 3663/6545/206 3665/6549/206 3676/6567/206
f 3666/6552/1929 3678/6572/1929 3680/6575/1929
f 3677/6570/208 3676/6568/208 3680/6575/208
f 3675/6566/209 3677/6570/209 3670/6558/209
f 3672/6561/210 3674/6565/210 3679/6574/210
f 3673/6563/211 3671/6559/211 3670/6558/211
f 3669/6556/212 3671/6560/212 3658/6536/212
f 3672/6562/213 3661/6543/213 3660/6540/213
f 3675/6566/214 3669/6556/214 3657/6533/214
f 3695/6602/215 3697/6606/215 3684/6583/215
f 3703/6617/216 3698/6608/216 3694/6601/216
f 3690/6593/217 3685/6585/217 3696/6604/217
f 3686/6587/218 3692/6598/218 3688/6590/218
f 3691/6597/219 3704/6618/219 3700/6611/219
f 3687/6588/228 3681/6576/228 3683/6580/228
f 3684/6582/229 3686/6587/229 3683/6581/229
f 3690/6594/230 3692/6598/230 3686/6587/230
f 3689/6591/231 3688/6590/231 3692/6598/231
f 3699/6609/232 3687/6588/232 3689/6592/232
f 3690/6595/233 3702/6615/233 3704/6618/233
f 3703/6617/1931 3701/6613/1931 3700/6611/1931
f 3699/6609/2260 3701/6613/2260 3694/6601/2260
f 3696/6604/236 3698/6608/236 3703/6617/236
f 3695/6602/237 3694/6601/237 3698/6608/237
f 3681/6576/238 3693/6599/238 3695/6603/238
f 3696/6605/239 3685/6586/239 3684/6583/239
f 3699/6609/240 3693/6599/240 3681/6576/240
f 3721/6649/241 3708/6626/241 3706/6621/241
f 3727/6660/242 3722/6651/242 3718/6644/242
f 3726/6658/243 3714/6637/243 3709/6627/243
f 3710/6630/244 3716/6641/244 3712/6633/244
f 3715/6640/245 3728/6661/245 3724/6654/245
f 3705/6619/1934 3707/6624/1934 3712/6632/1934
f 3706/6622/255 3708/6625/255 3710/6630/255
f 3709/6628/256 3714/6638/256 3716/6641/256
f 3715/6640/257 3713/6634/257 3712/6633/257
f 3711/6631/258 3713/6635/258 3724/6653/258
f 3726/6657/259 3728/6661/259 3715/6640/259
f 3725/6656/260 3724/6654/260 3728/6661/260
f 3723/6652/261 3725/6656/261 3718/6644/261
f 3726/6658/2267 3720/6647/2267 3722/6651/2267
f 3721/6649/1935 3719/6645/1935 3718/6644/1935
f 3705/6619/264 3717/6642/264 3719/6646/264
f 3720/6648/2601 3709/6629/2601 3708/6626/2601
f 3723/6652/266 3717/6642/266 3705/6619/266
f 3743/6688/267 3745/6692/267 3732/6669/267
f 3751/6703/268 3746/6694/268 3742/6687/268
f 3738/6679/269 3733/6670/269 3744/6691/269
f 3731/6667/270 3734/6673/270 3740/6684/270
f 3739/6683/271 3752/6704/271 3748/6697/271
f 3735/6674/280 3729/6662/280 3731/6666/280
f 3732/6668/281 3734/6673/281 3731/6667/281
f 3733/6671/282 3738/6680/282 3740/6684/282
f 3739/6683/283 3737/6677/283 3736/6676/283
f 3747/6695/284 3735/6674/284 3737/6678/284
f 3738/6681/285 3750/6701/285 3752/6704/285
f 3751/6703/1941 3749/6699/1941 3748/6697/1941
f 3741/6685/287 3747/6695/287 3749/6699/287
f 3744/6691/288 3746/6694/288 3751/6703/288
f 3743/6688/289 3742/6687/289 3746/6694/289
f 3741/6685/290 3743/6689/290 3730/6665/290
f 3733/6672/291 3732/6669/291 3745/6692/291
f 3735/6674/292 3747/6695/292 3741/6685/292
f 3767/6731/293 3769/6735/293 3756/6712/293
f 3775/6746/294 3770/6737/294 3766/6730/294
f 3774/6743/295 3762/6723/295 3757/6714/295
f 3755/6710/296 3758/6716/296 3764/6727/296
f 3761/6720/297 3763/6726/297 3776/6747/297
f 3759/6717/306 3753/6705/306 3755/6709/306
f 3756/6711/307 3758/6716/307 3755/6710/307
f 3762/6724/308 3764/6727/308 3758/6716/308
f 3763/6726/1942 3761/6720/1942 3760/6719/1942
f 3771/6738/310 3759/6717/310 3761/6721/310
f 3774/6744/311 3776/6747/311 3763/6726/311
f 3773/6742/312 3772/6740/312 3776/6747/312
f 3771/6738/313 3773/6742/313 3766/6730/313
f 3768/6734/2602 3770/6737/2602 3775/6746/2602
f 3769/6735/315 3767/6731/315 3766/6730/315
f 3753/6705/316 3765/6728/316 3767/6732/316
f 3757/6715/2469 3756/6712/2469 3769/6735/2469
f 3771/6738/318 3765/6728/318 3753/6705/318
f 3793/6778/319 3780/6755/319 3778/6750/319
f 3799/6789/320 3794/6780/320 3790/6773/320
f 3786/6765/321 3781/6757/321 3792/6776/321
f 3779/6753/322 3782/6759/322 3788/6770/322
f 3785/6763/323 3787/6769/323 3800/6790/323
f 3777/6748/332 3779/6752/332 3784/6761/332
f 3780/6754/333 3782/6759/333 3779/6753/333
f 3786/6766/334 3788/6770/334 3782/6759/334
f 3785/6763/335 3784/6762/335 3788/6770/335
f 3795/6781/336 3783/6760/336 3785/6764/336
f 3786/6767/337 3798/6786/337 3800/6790/337
f 3797/6785/338 3796/6783/338 3800/6790/338
f 3789/6771/2603 3795/6781/2603 3797/6785/2603
f 3798/6787/340 3792/6776/340 3794/6780/340
f 3793/6778/341 3791/6774/341 3790/6773/341
f 3789/6771/342 3791/6775/342 3778/6751/342
f 3792/6777/343 3781/6758/343 3780/6755/343
f 3783/6760/344 3795/6781/344 3789/6771/344
f 3815/6817/345 3817/6821/345 3804/6798/345
f 3821/6828/346 3823/6832/346 3818/6823/346
f 3822/6830/347 3810/6808/347 3805/6799/347
f 3806/6802/348 3812/6813/348 3808/6805/348
f 3811/6812/349 3824/6833/349 3820/6826/349
f 3801/6791/358 3803/6795/358 3808/6804/358
f 3804/6797/359 3806/6802/359 3803/6796/359
f 3805/6800/360 3810/6809/360 3812/6813/360
f 3811/6812/361 3809/6806/361 3808/6805/361
f 3819/6824/362 3807/6803/362 3809/6807/362
f 3810/6810/363 3822/6829/363 3824/6833/363
f 3823/6832/364 3821/6828/364 3820/6826/364
f 3813/6814/365 3819/6824/365 3821/6828/365
f 3822/6830/366 3816/6819/366 3818/6823/366
f 3815/6817/367 3814/6816/367 3818/6823/367
f 3813/6814/368 3815/6818/368 3802/6794/368
f 3816/6820/2275 3805/6801/2275 3804/6798/2275
f 3807/6803/370 3819/6824/370 3813/6814/370
f 3839/6860/371 3841/6864/371 3828/6841/371
f 3845/6871/372 3847/6875/372 3842/6866/372
f 3834/6851/373 3829/6843/373 3840/6862/373
f 3830/6845/1957 3836/6856/1957 3832/6848/1957
f 3833/6849/375 3835/6855/375 3848/6876/375
f 3831/6846/384 3825/6834/384 3827/6838/384
f 3828/6840/385 3830/6845/385 3827/6839/385
f 3834/6852/386 3836/6856/386 3830/6845/386
f 3835/6855/1962 3833/6849/1962 3832/6848/1962
f 3831/6846/388 3833/6850/388 3844/6868/388
f 3834/6853/389 3846/6872/389 3848/6876/389
f 3845/6871/390 3844/6869/390 3848/6876/390
f 3843/6867/391 3845/6871/391 3838/6859/391
f 3846/6873/392 3840/6862/392 3842/6866/392
f 3841/6864/393 3839/6860/393 3838/6859/393
f 3825/6834/394 3837/6857/394 3839/6861/394
f 3840/6863/395 3829/6844/395 3828/6841/395
f 3843/6867/396 3837/6857/396 3825/6834/396
f 3865/6907/397 3852/6884/397 3850/6879/397
f 3871/6918/398 3866/6909/398 3862/6902/398
f 3870/6916/399 3858/6894/399 3853/6886/399
f 3854/6888/400 3860/6899/400 3856/6891/400
f 3859/6898/2541 3872/6919/2541 3868/6912/2541
f 3849/6877/410 3851/6881/410 3856/6890/410
f 3852/6883/411 3854/6888/411 3851/6882/411
f 3858/6895/412 3860/6899/412 3854/6888/412
f 3859/6898/2283 3857/6892/2283 3856/6891/2283
f 3855/6889/414 3857/6893/414 3868/6911/414
f 3858/6896/415 3870/6915/415 3872/6919/415
f 3871/6918/416 3869/6914/416 3868/6912/416
f 3861/6900/417 3867/6910/417 3869/6914/417
f 3870/6916/418 3864/6906/418 3866/6909/418
f 3865/6907/419 3863/6903/419 3862/6902/419
f 3861/6900/420 3863/6904/420 3850/6880/420
f 3853/6887/421 3852/6884/421 3865/6907/421
f 3855/6889/422 3867/6910/422 3861/6900/422
f 3889/6950/423 3876/6927/423 3874/6922/423
f 3895/6961/424 3890/6952/424 3886/6945/424
f 3882/6937/425 3877/6929/425 3888/6949/425
f 3878/6931/426 3884/6942/426 3880/6934/426
f 3881/6935/427 3883/6941/427 3896/6962/427
f 3873/6920/436 3875/6925/436 3880/6933/436
f 3874/6923/437 3876/6926/437 3878/6931/437
f 3882/6938/438 3884/6942/438 3878/6931/438
f 3881/6935/439 3880/6934/439 3884/6942/439
f 3879/6932/440 3881/6936/440 3892/6954/440
f 3882/6939/441 3894/6959/441 3896/6962/441
f 3895/6961/442 3893/6957/442 3892/6955/442
f 3891/6953/443 3893/6957/443 3886/6945/443
f 3888/6949/444 3890/6952/444 3895/6961/444
f 3889/6950/445 3887/6946/445 3886/6945/445
f 3873/6920/446 3885/6943/446 3887/6947/446
f 3877/6930/2291 3876/6927/2291 3889/6950/2291
f 3891/6953/448 3885/6943/448 3873/6920/448
f 3913/6993/449 3900/6970/449 3898/6965/449
f 3919/7004/450 3914/6995/450 3910/6988/450
f 3906/6981/451 3901/6972/451 3912/6992/451
f 3899/6968/452 3902/6974/452 3908/6985/452
f 3907/6984/453 3920/7005/453 3916/6998/453
f 3897/6963/462 3899/6967/462 3904/6976/462
f 3900/6969/463 3902/6974/463 3899/6968/463
f 3906/6982/464 3908/6985/464 3902/6974/464
f 3905/6978/2546 3904/6977/2546 3908/6985/2546
f 3915/6996/466 3903/6975/466 3905/6979/466
f 3918/7002/2474 3920/7005/2474 3907/6984/2474
f 3919/7004/468 3917/7000/468 3916/6998/468
f 3915/6996/469 3917/7000/469 3910/6988/469
f 3912/6992/470 3914/6995/470 3919/7004/470
f 3911/6989/471 3910/6988/471 3914/6995/471
f 3909/6986/472 3911/6990/472 3898/6966/472
f 3901/6973/473 3900/6970/473 3913/6993/473
f 3903/6975/474 3915/6996/474 3909/6986/474
f 3937/7036/475 3924/7013/475 3922/7009/475
f 3941/7043/476 3943/7047/476 3938/7038/476
f 3930/7024/477 3925/7015/477 3936/7035/477
f 3923/7011/478 3926/7017/478 3932/7028/478
f 3929/7021/479 3931/7027/479 3944/7048/479
f 3927/7018/2604 3921/7006/2604 3923/7010/2604
f 3924/7012/489 3926/7017/489 3923/7011/489
f 3930/7025/490 3932/7028/490 3926/7017/490
f 3929/7021/491 3928/7020/491 3932/7028/491
f 3927/7018/2549 3929/7022/2549 3940/7040/2549
f 3942/7044/493 3944/7048/493 3931/7027/493
f 3943/7047/494 3941/7043/494 3940/7041/494
f 3933/7029/495 3939/7039/495 3941/7043/495
f 3942/7045/2297 3936/7035/2297 3938/7038/2297
f 3935/7032/2552 3934/7031/2552 3938/7038/2552
f 3921/7006/498 3933/7029/498 3935/7033/498
f 3925/7016/1984 3924/7013/1984 3937/7036/1984
f 3927/7018/500 3939/7039/500 3933/7029/500
f 3961/7079/501 3948/7056/501 3946/7050/501
f 3965/7086/502 3967/7090/502 3962/7081/502
f 3966/7088/503 3954/7067/503 3949/7057/503
f 3950/7060/504 3956/7071/504 3952/7063/504
f 3955/7070/1985 3968/7091/1985 3964/7084/1985
f 3945/7049/514 3947/7054/514 3952/7062/514
f 3946/7051/515 3948/7055/515 3950/7060/515
f 3949/7058/516 3954/7068/516 3956/7071/516
f 3955/7070/1989 3953/7064/1989 3952/7063/1989
f 3963/7082/518 3951/7061/518 3953/7065/518
f 3966/7087/1990 3968/7091/1990 3955/7070/1990
f 3967/7090/520 3965/7086/520 3964/7084/520
f 3963/7082/521 3965/7086/521 3958/7074/521
f 3966/7088/522 3960/7077/522 3962/7081/522
f 3961/7079/523 3959/7075/523 3958/7074/523
f 3957/7072/524 3959/7076/524 3946/7052/524
f 3960/7078/525 3949/7059/525 3948/7056/525
f 3963/7082/526 3957/7072/526 3945/7049/526
f 3983/7118/527 3985/7122/527 3972/7099/527
f 3989/7129/528 3991/7133/528 3986/7124/528
f 3978/7110/529 3973/7100/529 3984/7120/529
f 3971/7096/530 3974/7103/530 3980/7114/530
f 3977/7107/531 3979/7113/531 3992/7134/531
f 3969/7092/540 3971/7097/540 3976/7105/540
f 3970/7095/541 3972/7098/541 3974/7103/541
f 3973/7101/2478 3978/7111/2478 3980/7114/2478
f 3979/7113/543 3977/7107/543 3976/7106/543
f 3987/7125/544 3975/7104/544 3977/7108/544
f 3990/7131/545 3992/7134/545 3979/7113/545
f 3989/7129/546 3988/7127/546 3992/7134/546
f 3987/7125/1998 3989/7129/1998 3982/7117/1998
f 3984/7120/548 3986/7124/548 3991/7133/548
f 3983/7118/549 3982/7117/549 3986/7124/549
f 3969/7092/550 3981/7115/550 3983/7119/550
f 3984/7121/1999 3973/7102/1999 3972/7099/1999
f 3975/7104/552 3987/7125/552 3981/7115/552
f 4009/7165/2479 3996/7142/2479 3994/7136/2479
f 4013/7172/554 4015/7176/554 4010/7167/554
f 4002/7153/555 3997/7143/555 4008/7164/555
f 3998/7146/556 4004/7157/556 4000/7149/556
f 4003/7156/557 4016/7177/557 4012/7170/557
f 3993/7135/566 3995/7140/566 4000/7148/566
f 3994/7137/567 3996/7141/567 3998/7146/567
f 3997/7144/568 4002/7154/568 4004/7157/568
f 4001/7150/569 4000/7149/569 4004/7157/569
f 3999/7147/2003 4001/7151/2003 4012/7169/2003
f 4014/7174/571 4016/7177/571 4003/7156/571
f 4013/7172/2004 4012/7170/2004 4016/7177/2004
f 4005/7158/573 4011/7168/573 4013/7172/573
f 4008/7164/574 4010/7167/574 4015/7176/574
f 4007/7161/575 4006/7160/575 4010/7167/575
f 4005/7158/576 4007/7162/576 3994/7138/576
f 3997/7145/2605 3996/7142/2605 4009/7165/2605
f 4011/7168/578 4005/7158/578 3993/7135/578
f 4033/7208/579 4020/7185/579 4018/7181/579
f 4039/7219/580 4034/7210/580 4030/7203/580
f 4038/7216/581 4026/7196/581 4021/7186/581
f 4019/7183/582 4022/7189/582 4028/7200/582
f 4025/7193/583 4027/7199/583 4040/7220/583
f 4017/7178/592 4019/7182/592 4024/7191/592
f 4020/7184/593 4022/7189/593 4019/7183/593
f 4021/7187/594 4026/7197/594 4028/7200/594
f 4025/7193/595 4024/7192/595 4028/7200/595
f 4023/7190/596 4025/7194/596 4036/7212/596
f 4038/7217/597 4040/7220/597 4027/7199/597
f 4037/7215/598 4036/7213/598 4040/7220/598
f 4035/7211/599 4037/7215/599 4030/7203/599
f 4032/7207/600 4034/7210/600 4039/7219/600
f 4031/7204/601 4030/7203/601 4034/7210/601
f 4017/7178/602 4029/7201/602 4031/7205/602
f 4021/7188/603 4020/7185/603 4033/7208/603
f 4023/7190/604 4035/7211/604 4029/7201/604
f 4055/7247/605 4057/7251/605 4044/7228/605
f 4063/7262/606 4058/7253/606 4054/7246/606
f 4062/7259/607 4050/7239/607 4045/7230/607
f 4043/7225/608 4046/7232/608 4052/7243/608
f 4051/7242/609 4064/7263/609 4060/7256/609
f 4041/7221/618 4043/7226/618 4048/7234/618
f 4042/7223/619 4044/7227/619 4046/7232/619
f 4050/7240/620 4052/7243/620 4046/7232/620
f 4049/7236/621 4048/7235/621 4052/7243/621
f 4059/7254/622 4047/7233/622 4049/7237/622
f 4062/7260/623 4064/7263/623 4051/7242/623
f 4063/7262/624 4061/7258/624 4060/7256/624
f 4053/7244/625 4059/7254/625 4061/7258/625
f 4056/7250/2009 4058/7253/2009 4063/7262/2009
f 4057/7251/627 4055/7247/627 4054/7246/627
f 4053/7244/628 4055/7248/628 4042/7224/628
f 4045/7231/629 4044/7228/629 4057/7251/629
f 4059/7254/630 4053/7244/630 4041/7221/630
f 4081/7294/631 4068/7271/631 4066/7265/631
f 4085/7301/632 4087/7305/632 4082/7296/632
f 4074/7281/633 4069/7273/633 4080/7292/633
f 4070/7275/634 4076/7286/634 4072/7278/634
f 4073/7279/635 4075/7285/635 4088/7306/635
f 4065/7264/644 4067/7269/644 4072/7277/644
f 4066/7266/645 4068/7270/645 4070/7275/645
f 4074/7282/646 4076/7286/646 4070/7275/646
f 4075/7285/2316 4073/7279/2316 4072/7278/2316
f 4083/7297/648 4071/7276/648 4073/7280/648
f 4074/7283/649 4086/7303/649 4088/7306/649
f 4085/7301/650 4084/7299/650 4088/7306/650
f 4083/7297/2014 4085/7301/2014 4078/7289/2014
f 4080/7292/652 4082/7296/652 4087/7305/652
f 4081/7294/2481 4079/7290/2481 4078/7289/2481
f 4077/7287/654 4079/7291/654 4066/7267/654
f 4080/7293/655 4069/7274/655 4068/7271/655
f 4083/7297/656 4077/7287/656 4065/7264/656
f 4103/7333/657 4105/7337/657 4092/7314/657
f 4111/7348/658 4106/7339/658 4102/7332/658
f 4098/7325/659 4093/7316/659 4104/7335/659
f 4094/7318/660 4100/7329/660 4096/7321/660
f 4099/7328/661 4112/7349/661 4108/7342/661
f 4095/7319/670 4089/7307/670 4091/7312/670
f 4090/7309/2606 4092/7313/2606 4094/7318/2606
f 4098/7326/2019 4100/7329/2019 4094/7318/2019
f 4097/7322/2020 4096/7321/2020 4100/7329/2020
f 4107/7340/674 4095/7319/674 4097/7323/674
f 4110/7346/675 4112/7349/675 4099/7328/675
f 4111/7348/676 4109/7344/676 4108/7342/676
f 4107/7340/2607 4109/7344/2607 4102/7332/2607
f 4104/7335/678 4106/7339/678 4111/7348/678
f 4105/7337/2321 4103/7333/2321 4102/7332/2321
f 4101/7330/680 4103/7334/680 4090/7310/680
f 4104/7336/681 4093/7317/681 4092/7314/681
f 4095/7319/682 4107/7340/682 4101/7330/682
f 4127/7376/683 4129/7380/683 4116/7357/683
f 4135/7391/684 4130/7382/684 4126/7375/684
f 4134/7388/685 4122/7368/685 4117/7358/685
f 4115/7354/686 4118/7361/686 4124/7372/686
f 4123/7371/687 4136/7392/687 4132/7385/687
f 4119/7362/696 4113/7350/696 4115/7355/696
f 4114/7353/2322 4116/7356/2322 4118/7361/2322
f 4117/7359/698 4122/7369/698 4124/7372/698
f 4123/7371/699 4121/7365/699 4120/7364/699
f 4131/7383/700 4119/7362/700 4121/7366/700
f 4134/7389/701 4136/7392/701 4123/7371/701
f 4133/7387/2608 4132/7385/2608 4136/7392/2608
f 4125/7373/703 4131/7383/703 4133/7387/703
f 4128/7378/704 4130/7382/704 4135/7391/704
f 4129/7380/705 4127/7376/705 4126/7375/705
f 4113/7350/706 4125/7373/706 4127/7377/706
f 4128/7379/707 4117/7360/707 4116/7357/707
f 4131/7383/708 4125/7373/708 4113/7350/708
f 4151/7419/709 4153/7423/709 4140/7400/709
f 4157/7430/710 4159/7434/710 4154/7425/710
f 4158/7432/711 4146/7411/711 4141/7402/711
f 4139/7397/712 4142/7404/712 4148/7415/712
f 4145/7408/713 4147/7414/713 4160/7435/713
f 4137/7393/722 4139/7398/722 4144/7406/722
f 4138/7395/723 4140/7399/723 4142/7404/723
f 4146/7412/724 4148/7415/724 4142/7404/724
f 4145/7408/725 4144/7407/725 4148/7415/725
f 4143/7405/726 4145/7409/726 4156/7427/726
f 4158/7431/727 4160/7435/727 4147/7414/727
f 4157/7430/728 4156/7428/728 4160/7435/728
f 4155/7426/729 4157/7430/729 4150/7418/729
f 4158/7432/730 4152/7422/730 4154/7425/730
f 4151/7419/731 4150/7418/731 4154/7425/731
f 4149/7416/732 4151/7420/732 4138/7396/732
f 4141/7403/733 4140/7400/733 4153/7423/733
f 4143/7405/734 4155/7426/734 4149/7416/734
f 4177/7466/735 4164/7443/735 4162/7438/735
f 4183/7477/736 4178/7468/736 4174/7461/736
f 4170/7454/737 4165/7444/737 4176/7464/737
f 4163/7440/738 4166/7447/738 4172/7458/738
f 4171/7457/739 4184/7478/739 4180/7471/739
f 4167/7448/748 4161/7436/748 4163/7441/748
f 4162/7439/749 4164/7442/749 4166/7447/749
f 4165/7445/2028 4170/7455/2028 4172/7458/2028
f 4171/7457/751 4169/7451/751 4168/7450/751
f 4179/7469/752 4167/7448/752 4169/7452/752
f 4182/7475/753 4184/7478/753 4171/7457/753
f 4183/7477/754 4181/7473/754 4180/7471/754
f 4179/7469/2029 4181/7473/2029 4174/7461/2029
f 4176/7464/756 4178/7468/756 4183/7477/756
f 4177/7466/757 4175/7462/757 4174/7461/757
f 4161/7436/2327 4173/7459/2327 4175/7463/2327
f 4176/7465/759 4165/7446/759 4164/7443/759
f 4179/7469/760 4173/7459/760 4161/7436/760
f 4199/7505/761 4201/7509/761 4188/7486/761
f 4207/7520/762 4202/7511/762 4198/7504/762
f 4194/7497/763 4189/7488/763 4200/7507/763
f 4187/7483/764 4190/7490/764 4196/7501/764
f 4195/7500/765 4208/7521/765 4204/7514/765
f 4185/7479/2329 4187/7484/2329 4192/7492/2329
f 4186/7481/2485 4188/7485/2485 4190/7490/2485
f 4194/7498/776 4196/7501/776 4190/7490/776
f 4193/7494/777 4192/7493/777 4196/7501/777
f 4203/7512/778 4191/7491/778 4193/7495/778
f 4206/7518/779 4208/7521/779 4195/7500/779
f 4205/7516/780 4204/7514/780 4208/7521/780
f 4197/7502/781 4203/7512/781 4205/7516/781
f 4200/7507/782 4202/7511/782 4207/7520/782
f 4199/7505/2332 4198/7504/2332 4202/7511/2332
f 4197/7502/784 4199/7506/784 4186/7482/784
f 4200/7508/785 4189/7489/785 4188/7486/785
f 4203/7512/786 4197/7502/786 4185/7479/786
f 4225/7552/787 4212/7529/787 4210/7524/787
f 4229/7559/788 4231/7563/788 4226/7554/788
f 4218/7540/789 4213/7531/789 4224/7551/789
f 4214/7533/2487 4220/7544/2487 4216/7536/2487
f 4217/7537/791 4219/7543/791 4232/7564/791
f 4209/7522/800 4211/7527/800 4216/7535/800
f 4210/7525/2488 4212/7528/2488 4214/7533/2488
f 4218/7541/2336 4220/7544/2336 4214/7533/2336
f 4219/7543/2037 4217/7537/2037 4216/7536/2037
f 4215/7534/804 4217/7538/804 4228/7556/804
f 4230/7560/805 4232/7564/805 4219/7543/805
f 4229/7559/806 4228/7557/806 4232/7564/806
f 4221/7545/807 4227/7555/807 4229/7559/807
f 4230/7561/808 4224/7551/808 4226/7554/808
f 4223/7548/809 4222/7547/809 4226/7554/809
f 4209/7522/810 4221/7545/810 4223/7549/810
f 4213/7532/2337 4212/7529/2337 4225/7552/2337
f 4215/7534/812 4227/7555/812 4221/7545/812
f 4249/7595/813 4236/7572/813 4234/7567/813
f 4253/7602/814 4255/7606/814 4250/7597/814
f 4254/7604/815 4242/7583/815 4237/7573/815
f 4238/7576/816 4244/7587/816 4240/7579/816
f 4243/7586/817 4256/7607/817 4252/7600/817
f 4239/7577/826 4233/7565/826 4235/7570/826
f 4234/7568/2043 4236/7571/2043 4238/7576/2043
f 4237/7574/2044 4242/7584/2044 4244/7587/2044
f 4243/7586/829 4241/7580/829 4240/7579/829
f 4239/7577/830 4241/7581/830 4252/7599/830
f 4254/7603/831 4256/7607/831 4243/7586/831
f 4255/7606/2045 4253/7602/2045 4252/7600/2045
f 4245/7588/833 4251/7598/833 4253/7602/833
f 4254/7604/834 4248/7593/834 4250/7597/834
f 4247/7591/835 4246/7590/835 4250/7597/835
f 4233/7565/836 4245/7588/836 4247/7592/836
f 4248/7594/837 4237/7575/837 4236/7572/837
f 4251/7598/838 4245/7588/838 4233/7565/838
f 4271/7634/839 4273/7638/839 4260/7615/839
f 4279/7649/840 4274/7640/840 4270/7633/840
f 4278/7647/841 4266/7626/841 4261/7616/841
f 4259/7613/842 4262/7619/842 4268/7630/842
f 4267/7629/843 4280/7650/843 4276/7643/843
f 4257/7608/852 4259/7612/852 4264/7621/852
f 4260/7614/2609 4262/7619/2609 4259/7613/2609
f 4261/7617/854 4266/7627/854 4268/7630/854
f 4265/7623/855 4264/7622/855 4268/7630/855
f 4275/7641/856 4263/7620/856 4265/7624/856
f 4278/7646/857 4280/7650/857 4267/7629/857
f 4279/7649/858 4277/7645/858 4276/7643/858
f 4269/7631/859 4275/7641/859 4277/7645/859
f 4278/7647/860 4272/7637/860 4274/7640/860
f 4271/7634/861 4270/7633/861 4274/7640/861
f 4269/7631/862 4271/7635/862 4258/7611/862
f 4261/7618/2491 4260/7615/2491 4273/7638/2491
f 4275/7641/864 4269/7631/864 4257/7608/864
f 4295/7677/865 4297/7681/865 4284/7658/865
f 4303/7692/866 4298/7683/866 4294/7676/866
f 4290/7668/867 4285/7659/867 4296/7680/867
f 4283/7655/868 4286/7662/868 4292/7673/868
f 4289/7666/869 4291/7672/869 4304/7693/869
f 4287/7663/878 4281/7651/878 4283/7656/878
f 4282/7653/879 4284/7657/879 4286/7662/879
f 4285/7660/880 4290/7669/880 4292/7673/880
f 4289/7666/881 4288/7665/881 4292/7673/881
f 4299/7684/882 4287/7663/882 4289/7667/882
f 4290/7670/883 4302/7690/883 4304/7693/883
f 4303/7692/884 4301/7688/884 4300/7686/884
f 4299/7684/885 4301/7688/885 4294/7676/885
f 4296/7680/886 4298/7683/886 4303/7692/886
f 4297/7681/887 4295/7677/887 4294/7676/887
f 4293/7674/888 4295/7678/888 4282/7654/888
f 4285/7661/2610 4284/7658/2610 4297/7681/2610
f 4299/7684/890 4293/7674/890 4281/7651/890
f 4321/7724/891 4308/7701/891 4306/7696/891
f 4327/7735/2568 4322/7726/2568 4318/7719/2568
f 4326/7733/893 4314/7711/893 4309/7702/893
f 4307/7699/894 4310/7705/894 4316/7716/894
f 4313/7709/895 4315/7715/895 4328/7736/895
f 4311/7706/904 4305/7694/904 4307/7698/904
f 4308/7700/905 4310/7705/905 4307/7699/905
f 4309/7703/906 4314/7712/906 4316/7716/906
f 4315/7715/907 4313/7709/907 4312/7708/907
f 4323/7727/908 4311/7706/908 4313/7710/908
f 4314/7713/909 4326/7732/909 4328/7736/909
f 4325/7731/910 4324/7729/910 4328/7736/910
f 4323/7727/911 4325/7731/911 4318/7719/911
f 4326/7733/912 4320/7723/912 4322/7726/912
f 4321/7724/913 4319/7720/913 4318/7719/913
f 4317/7717/914 4319/7721/914 4306/7697/914
f 4309/7704/915 4308/7701/915 4321/7724/915
f 4323/7727/916 4317/7717/916 4305/7694/916
f 4343/7763/917 4345/7767/917 4332/7744/917
f 4351/7778/918 4346/7769/918 4342/7762/918
f 4338/7754/919 4333/7746/919 4344/7765/919
f 4334/7748/920 4340/7759/920 4336/7751/920
f 4339/7758/921 4352/7779/921 4348/7772/921
f 4329/7737/930 4331/7742/930 4336/7750/930
f 4330/7739/931 4332/7743/931 4334/7748/931
f 4338/7755/932 4340/7759/932 4334/7748/932
f 4337/7752/933 4336/7751/933 4340/7759/933
f 4347/7770/934 4335/7749/934 4337/7753/934
f 4338/7756/935 4350/7776/935 4352/7779/935
f 4351/7778/2059 4349/7774/2059 4348/7772/2059
f 4347/7770/937 4349/7774/937 4342/7762/937
f 4344/7765/938 4346/7769/938 4351/7778/938
f 4345/7767/939 4343/7763/939 4342/7762/939
f 4341/7760/940 4343/7764/940 4330/7740/940
f 4344/7766/2060 4333/7747/2060 4332/7744/2060
f 4347/7770/942 4341/7760/942 4329/7737/942
f 4367/7806/943 4369/7810/943 4356/7787/943
f 4373/7817/944 4375/7821/944 4370/7812/944
f 4374/7819/945 4362/7798/945 4357/7788/945
f 4358/7791/946 4364/7802/946 4360/7794/946
f 4363/7801/947 4376/7822/947 4372/7815/947
f 4353/7780/956 4355/7784/956 4360/7793/956
f 4356/7786/957 4358/7791/957 4355/7785/957
f 4357/7789/958 4362/7799/958 4364/7802/958
f 4363/7801/959 4361/7795/959 4360/7794/959
f 4371/7813/960 4359/7792/960 4361/7796/960
f 4374/7818/961 4376/7822/961 4363/7801/961
f 4375/7821/962 4373/7817/962 4372/7815/962
f 4371/7813/963 4373/7817/963 4366/7805/963
f 4374/7819/2064 4368/7808/2064 4370/7812/2064
f 4367/7806/965 4366/7805/965 4370/7812/965
f 4365/7803/966 4367/7807/966 4354/7783/966
f 4368/7809/967 4357/7790/967 4356/7787/967
f 4359/7792/968 4371/7813/968 4365/7803/968
f 4391/7849/969 4393/7853/969 4380/7830/969
f 4397/7860/970 4399/7864/970 4394/7855/970
f 4398/7862/971 4386/7841/971 4381/7831/971
f 4382/7834/972 4388/7845/972 4384/7837/972
f 4387/7844/973 4400/7865/973 4396/7858/973
f 4383/7835/982 4377/7823/982 4379/7828/982
f 4378/7825/983 4380/7829/983 4382/7834/983
f 4381/7832/984 4386/7842/984 4388/7845/984
f 4387/7844/985 4385/7838/985 4384/7837/985
f 4395/7856/986 4383/7835/986 4385/7839/986
f 4398/7861/987 4400/7865/987 4387/7844/987
f 4399/7864/988 4397/7860/988 4396/7858/988
f 4389/7846/989 4395/7856/989 4397/7860/989
f 4398/7862/990 4392/7852/990 4394/7855/990
f 4391/7849/991 4390/7848/991 4394/7855/991
f 4389/7846/992 4391/7850/992 4378/7826/992
f 4381/7833/2068 4380/7830/2068 4393/7853/2068
f 4395/7856/994 4389/7846/994 4377/7823/994
f 4417/7896/995 4404/7873/995 4402/7867/995
f 4421/7903/996 4423/7907/996 4418/7898/996
f 4410/7884/997 4405/7875/997 4416/7895/997
f 4406/7877/998 4412/7888/998 4408/7880/998
f 4409/7881/999 4411/7887/999 4424/7908/999
f 4407/7878/1008 4401/7866/1008 4403/7871/1008
f 4402/7868/2498 4404/7872/2498 4406/7877/2498
f 4410/7885/1010 4412/7888/1010 4406/7877/1010
f 4409/7881/1011 4408/7880/1011 4412/7888/1011
f 4407/7878/1012 4409/7882/1012 4420/7900/1012
f 4422/7905/1013 4424/7908/1013 4411/7887/1013
f 4421/7903/2572 4420/7901/2572 4424/7908/2572
f 4419/7899/1015 4421/7903/1015 4414/7891/1015
f 4416/7895/1016 4418/7898/1016 4423/7907/1016
f 4417/7896/2077 4415/7892/2077 4414/7891/2077
f 4413/7889/1018 4415/7893/1018 4402/7869/1018
f 4405/7876/1019 4404/7873/1019 4417/7896/1019
f 4407/7878/2356 4419/7899/2356 4413/7889/2356
f 4439/7935/1021 4441/7939/1021 4428/7916/1021
f 4445/7946/1022 4447/7950/1022 4442/7941/1022
f 4446/7948/1023 4434/7927/1023 4429/7917/1023
f 4427/7914/1024 4430/7920/1024 4436/7931/1024
f 4435/7930/1025 4448/7951/1025 4444/7944/1025
f 4425/7909/1034 4427/7913/1034 4432/7922/1034
f 4428/7915/1035 4430/7920/1035 4427/7914/1035
f 4429/7918/1036 4434/7928/1036 4436/7931/1036
f 4433/7924/1037 4432/7923/1037 4436/7931/1037
f 4431/7921/1038 4433/7925/1038 4444/7943/1038
f 4446/7947/1039 4448/7951/1039 4435/7930/1039
f 4447/7950/1040 4445/7946/1040 4444/7944/1040
f 4443/7942/1041 4445/7946/1041 4438/7934/1041
f 4446/7948/1042 4440/7937/1042 4442/7941/1042
f 4439/7935/1043 4438/7934/1043 4442/7941/1043
f 4437/7932/1044 4439/7936/1044 4426/7912/1044
f 4440/7938/1045 4429/7919/1045 4428/7916/1045
f 4431/7921/1046 4443/7942/1046 4437/7932/1046
f 4463/7978/1047 4465/7982/1047 4452/7959/1047
f 4469/7989/1048 4471/7993/1048 4466/7984/1048
f 4458/7970/1049 4453/7961/1049 4464/7980/1049
f 4454/7963/1050 4460/7974/1050 4456/7966/1050
f 4459/7973/1051 4472/7994/1051 4468/7987/1051
f 4455/7964/1060 4449/7952/1060 4451/7956/1060
f 4452/7958/1061 4454/7963/1061 4451/7957/1061
f 4458/7971/1062 4460/7974/1062 4454/7963/1062
f 4459/7973/1063 4457/7967/1063 4456/7966/1063
f 4467/7985/1064 4455/7964/1064 4457/7968/1064
f 4470/7990/1065 4472/7994/1065 4459/7973/1065
f 4471/7993/1066 4469/7989/1066 4468/7987/1066
f 4461/7975/1067 4467/7985/1067 4469/7989/1067
f 4470/7991/1068 4464/7980/1068 4466/7984/1068
f 4463/7978/1069 4462/7977/1069 4466/7984/1069
f 4449/7952/1070 4461/7975/1070 4463/7979/1070
f 4464/7981/1071 4453/7962/1071 4452/7959/1071
f 4455/7964/1072 4467/7985/1072 4461/7975/1072
f 4487/8021/1073 4489/8025/1073 4476/8002/1073
f 4493/8032/1074 4495/8036/1074 4490/8027/1074
f 4482/8012/1075 4477/8003/1075 4488/8023/1075
f 4478/8006/1076 4484/8017/1076 4480/8009/1076
f 4481/8010/1077 4483/8016/1077 4496/8037/1077
f 4479/8007/1086 4473/7995/1086 4475/7999/1086
f 4476/8001/1087 4478/8006/1087 4475/8000/1087
f 4477/8004/1088 4482/8013/1088 4484/8017/1088
f 4481/8010/1089 4480/8009/1089 4484/8017/1089
f 4491/8028/1090 4479/8007/1090 4481/8011/1090
f 4482/8014/1091 4494/8033/1091 4496/8037/1091
f 4493/8032/1092 4492/8030/1092 4496/8037/1092
f 4491/8028/1093 4493/8032/1093 4486/8020/1093
f 4494/8034/1094 4488/8023/1094 4490/8027/1094
f 4487/8021/2575 4486/8020/2575 4490/8027/2575
f 4473/7995/1096 4485/8018/1096 4487/8022/1096
f 4488/8024/1097 4477/8005/1097 4476/8002/1097
f 4479/8007/1098 4491/8028/1098 4485/8018/1098
f 4511/8064/1099 4513/8068/1099 4500/8045/1099
f 4517/8075/1100 4519/8079/1100 4514/8070/1100
f 4518/8076/1101 4506/8055/1101 4501/8046/1101
f 4499/8043/1102 4502/8049/1102 4508/8060/1102
f 4505/8053/1103 4507/8059/1103 4520/8080/1103
f 4497/8038/1112 4499/8042/1112 4504/8051/1112
f 4500/8044/2085 4502/8049/2085 4499/8043/2085
f 4501/8047/1114 4506/8056/1114 4508/8060/1114
f 4507/8059/1115 4505/8053/1115 4504/8052/1115
f 4503/8050/1116 4505/8054/1116 4516/8072/1116
f 4506/8057/1117 4518/8077/1117 4520/8080/1117
f 4517/8075/1118 4516/8073/1118 4520/8080/1118
f 4509/8061/1119 4515/8071/1119 4517/8075/1119
f 4512/8067/1120 4514/8070/1120 4519/8079/1120
f 4511/8064/1121 4510/8063/1121 4514/8070/1121
f 4509/8061/1122 4511/8065/1122 4498/8041/1122
f 4501/8048/1123 4500/8045/1123 4513/8068/1123
f 4515/8071/1124 4509/8061/1124 4497/8038/1124
f 4537/8111/1125 4524/8088/1125 4522/8083/1125
f 4541/8118/1126 4543/8122/1126 4538/8113/1126
f 4542/8120/1127 4530/8098/1127 4525/8090/1127
f 4526/8092/1128 4532/8103/1128 4528/8095/1128
f 4529/8096/1129 4531/8102/1129 4544/8123/1129
f 4527/8093/1138 4521/8081/1138 4523/8085/1138
f 4524/8087/1139 4526/8092/1139 4523/8086/1139
f 4530/8099/1140 4532/8103/1140 4526/8092/1140
f 4531/8102/1141 4529/8096/1141 4528/8095/1141
f 4527/8093/2092 4529/8097/2092 4540/8115/2092
f 4530/8100/1143 4542/8119/1143 4544/8123/1143
f 4543/8122/2505 4541/8118/2505 4540/8116/2505
f 4539/8114/1145 4541/8118/1145 4534/8106/1145
f 4542/8120/1146 4536/8109/1146 4538/8113/1146
f 4537/8111/2367 4535/8107/2367 4534/8106/2367
f 4533/8104/2094 4535/8108/2094 4522/8084/2094
f 4536/8110/1149 4525/8091/1149 4524/8088/1149
f 4527/8093/1150 4539/8114/1150 4533/8104/1150
f 4559/8150/1151 4561/8154/1151 4548/8131/1151
f 4565/8161/1152 4567/8165/1152 4562/8156/1152
f 4566/8162/1153 4554/8142/1153 4549/8132/1153
f 4550/8135/1154 4556/8146/1154 4552/8138/1154
f 4553/8139/1155 4555/8145/1155 4568/8166/1155
f 4545/8124/1164 4547/8129/1164 4552/8137/1164
f 4546/8126/1165 4548/8130/1165 4550/8135/1165
f 4549/8133/1166 4554/8143/1166 4556/8146/1166
f 4553/8139/1167 4552/8138/1167 4556/8146/1167
f 4551/8136/1168 4553/8140/1168 4564/8158/1168
f 4566/8163/1169 4568/8166/1169 4555/8145/1169
f 4565/8161/2611 4564/8159/2611 4568/8166/2611
f 4557/8147/1171 4563/8157/1171 4565/8161/1171
f 4560/8152/1172 4562/8156/1172 4567/8165/1172
f 4559/8150/2100 4558/8149/2100 4562/8156/2100
f 4557/8147/1174 4559/8151/1174 4546/8127/1174
f 4560/8153/1175 4549/8134/1175 4548/8131/1175
f 4551/8136/1176 4563/8157/1176 4557/8147/1176
f 4585/8197/1177 4572/8174/1177 4570/8169/1177
f 4589/8204/1178 4591/8208/1178 4586/8199/1178
f 4590/8206/1179 4578/8185/1179 4573/8175/1179
f 4574/8178/1180 4580/8189/1180 4576/8181/1180
f 4577/8182/1181 4579/8188/1181 4592/8209/1181
f 4569/8167/1190 4571/8171/1190 4576/8180/1190
f 4572/8173/1191 4574/8178/1191 4571/8172/1191
f 4573/8176/2370 4578/8186/2370 4580/8189/2370
f 4579/8188/1193 4577/8182/1193 4576/8181/1193
f 4575/8179/1194 4577/8183/1194 4588/8201/1194
f 4590/8205/1195 4592/8209/1195 4579/8188/1195
f 4589/8204/2105 4588/8202/2105 4592/8209/2105
f 4581/8190/1197 4587/8200/1197 4589/8204/1197
f 4590/8206/1198 4584/8196/1198 4586/8199/1198
f 4585/8197/1199 4583/8193/1199 4582/8192/1199
f 4581/8190/1200 4583/8194/1200 4570/8170/1200
f 4573/8177/1201 4572/8174/1201 4585/8197/1201
f 4587/8200/1202 4581/8190/1202 4569/8167/1202
f 4609/8240/1203 4596/8217/1203 4594/8212/1203
f 4615/8251/1204 4610/8242/1204 4606/8235/1204
f 4614/8248/1205 4602/8228/1205 4597/8219/1205
f 4598/8221/1206 4604/8232/1206 4600/8224/1206
f 4601/8225/1207 4603/8231/1207 4616/8252/1207
f 4599/8222/2107 4593/8210/2107 4595/8215/2107
f 4594/8213/1217 4596/8216/1217 4598/8221/1217
f 4602/8229/1218 4604/8232/1218 4598/8221/1218
f 4603/8231/1219 4601/8225/1219 4600/8224/1219
f 4611/8243/1220 4599/8222/1220 4601/8226/1220
f 4614/8249/1221 4616/8252/1221 4603/8231/1221
f 4615/8251/1222 4613/8247/1222 4612/8245/1222
f 4611/8243/1223 4613/8247/1223 4606/8235/1223
f 4608/8239/2612 4610/8242/2612 4615/8251/2612
f 4609/8240/1225 4607/8236/1225 4606/8235/1225
f 4593/8210/1226 4605/8233/1226 4607/8237/1226
f 4597/8220/1227 4596/8217/1227 4609/8240/1227
f 4611/8243/1228 4605/8233/1228 4593/8210/1228
f 4631/8279/1229 4633/8283/1229 4620/8260/1229
f 4639/8294/1230 4634/8285/1230 4630/8278/1230
f 4626/8270/1231 4621/8262/1231 4632/8281/1231
f 4622/8264/1232 4628/8275/1232 4624/8267/1232
f 4625/8268/1233 4627/8274/1233 4640/8295/1233
f 4617/8253/1242 4619/8258/1242 4624/8266/1242
f 4618/8256/2376 4620/8259/2376 4622/8264/2376
f 4626/8271/1244 4628/8275/1244 4622/8264/1244
f 4627/8274/1245 4625/8268/1245 4624/8267/1245
f 4623/8265/1246 4625/8269/1246 4636/8287/1246
f 4626/8272/1247 4638/8292/1247 4640/8295/1247
f 4637/8290/1248 4636/8288/1248 4640/8295/1248
f 4629/8276/1249 4635/8286/1249 4637/8290/1249
f 4632/8281/1250 4634/8285/1250 4639/8294/1250
f 4633/8283/1251 4631/8279/1251 4630/8278/1251
f 4617/8253/1252 4629/8276/1252 4631/8280/1252
f 4632/8282/2613 4621/8263/2613 4620/8260/2613
f 4623/8265/1254 4635/8286/1254 4629/8276/1254
f 4655/8322/1255 4657/8326/1255 4644/8303/1255
f 4663/8337/1256 4658/8328/1256 4654/8321/1256
f 4662/8335/1257 4650/8314/1257 4645/8304/1257
f 4643/8301/1258 4646/8307/1258 4652/8318/1258
f 4651/8317/1259 4664/8338/1259 4660/8331/1259
f 4647/8308/1268 4641/8296/1268 4643/8300/1268
f 4644/8302/1269 4646/8307/1269 4643/8301/1269
f 4645/8305/1270 4650/8315/1270 4652/8318/1270
f 4649/8311/1271 4648/8310/1271 4652/8318/1271
f 4659/8329/1272 4647/8308/1272 4649/8312/1272
f 4662/8334/1273 4664/8338/1273 4651/8317/1273
f 4661/8333/1274 4660/8331/1274 4664/8338/1274
f 4659/8329/1275 4661/8333/1275 4654/8321/1275
f 4662/8335/1276 4656/8324/1276 4658/8328/1276
f 4657/8326/1277 4655/8322/1277 4654/8321/1277
f 4641/8296/1278 4653/8319/1278 4655/8323/1278
f 4656/8325/1279 4645/8306/1279 4644/8303/1279
f 4659/8329/1280 4653/8319/1280 4641/8296/1280
f 4679/8365/1281 4681/8369/1281 4668/8346/1281
f 4685/8376/1282 4687/8380/1282 4682/8371/1282
f 4674/8357/1283 4669/8347/1283 4680/8367/1283
f 4670/8350/1284 4676/8361/1284 4672/8353/1284
f 4675/8360/1285 4688/8381/1285 4684/8374/1285
f 4671/8351/1294 4665/8339/1294 4667/8344/1294
f 4666/8342/1295 4668/8345/1295 4670/8350/1295
f 4669/8348/2118 4674/8358/2118 4676/8361/2118
f 4673/8354/1297 4672/8353/1297 4676/8361/1297
f 4671/8351/1298 4673/8355/1298 4684/8373/1298
f 4686/8378/1299 4688/8381/1299 4675/8360/1299
f 4687/8380/1300 4685/8376/1300 4684/8374/1300
f 4683/8372/2119 4685/8376/2119 4678/8364/2119
f 4680/8367/1302 4682/8371/1302 4687/8380/1302
f 4681/8369/1303 4679/8365/1303 4678/8364/1303
f 4665/8339/1304 4677/8362/1304 4679/8366/1304
f 4680/8368/1305 4669/8349/1305 4668/8346/1305
f 4671/8351/1306 4683/8372/1306 4677/8362/1306
f 4705/8412/1307 4692/8389/1307 4690/8384/1307
f 4709/8419/1308 4711/8423/1308 4706/8414/1308
f 4710/8421/1309 4698/8400/1309 4693/8391/1309
f 4691/8386/1310 4694/8393/1310 4700/8404/1310
f 4697/8397/1311 4699/8403/1311 4712/8424/1311
f 4689/8382/1320 4691/8387/1320 4696/8395/1320
f 4690/8385/1321 4692/8388/1321 4694/8393/1321
f 4698/8401/1322 4700/8404/1322 4694/8393/1322
f 4697/8397/1323 4696/8396/1323 4700/8404/1323
f 4695/8394/1324 4697/8398/1324 4708/8416/1324
f 4710/8420/1325 4712/8424/1325 4699/8403/1325
f 4709/8419/1326 4708/8417/1326 4712/8424/1326
f 4701/8405/1327 4707/8415/1327 4709/8419/1327
f 4710/8421/1328 4704/8410/1328 4706/8414/1328
f 4705/8412/1329 4703/8408/1329 4702/8407/1329
f 4689/8382/1330 4701/8405/1330 4703/8409/1330
f 4704/8411/1331 4693/8392/1331 4692/8389/1331
f 4707/8415/1332 4701/8405/1332 4689/8382/1332
f 4729/8455/1333 4716/8432/1333 4714/8427/1333
f 4735/8466/1334 4730/8457/1334 4726/8450/1334
f 4734/8463/1335 4722/8443/1335 4717/8433/1335
f 4718/8436/1336 4724/8447/1336 4720/8439/1336
f 4723/8446/1337 4736/8467/1337 4732/8460/1337
f 4713/8425/1346 4715/8429/1346 4720/8438/1346
f 4716/8431/1347 4718/8436/1347 4715/8430/1347
f 4717/8434/1348 4722/8444/1348 4724/8447/1348
f 4723/8446/1349 4721/8440/1349 4720/8439/1349
f 4719/8437/1350 4721/8441/1350 4732/8459/1350
f 4734/8464/1351 4736/8467/1351 4723/8446/1351
f 4733/8462/1352 4732/8460/1352 4736/8467/1352
f 4731/8458/1353 4733/8462/1353 4726/8450/1353
f 4728/8453/2614 4730/8457/2614 4735/8466/2614
f 4727/8451/1355 4726/8450/1355 4730/8457/1355
f 4725/8448/1356 4727/8452/1356 4714/8428/1356
f 4728/8454/1357 4717/8435/1357 4716/8432/1357
f 4731/8458/1358 4725/8448/1358 4713/8425/1358
f 4753/8498/1359 4740/8475/1359 4738/8471/1359
f 4757/8505/1360 4759/8509/1360 4754/8500/1360
f 4746/8485/1361 4741/8477/1361 4752/8497/1361
f 4742/8479/1362 4748/8490/1362 4744/8482/1362
f 4747/8489/1363 4760/8510/1363 4756/8503/1363
f 4743/8480/1372 4737/8468/1372 4739/8472/1372
f 4740/8474/1373 4742/8479/1373 4739/8473/1373
f 4746/8486/1374 4748/8490/1374 4742/8479/1374
f 4745/8483/1375 4744/8482/1375 4748/8490/1375
f 4755/8501/2131 4743/8480/2131 4745/8484/2131
f 4746/8487/1377 4758/8506/1377 4760/8510/1377
f 4757/8505/2394 4756/8503/2394 4760/8510/2394
f 4755/8501/1379 4757/8505/1379 4750/8493/1379
f 4758/8507/1380 4752/8497/1380 4754/8500/1380
f 4753/8498/1381 4751/8494/1381 4750/8493/1381
f 4737/8468/1382 4749/8491/1382 4751/8495/1382
f 4741/8478/1383 4740/8475/1383 4753/8498/1383
f 4755/8501/1384 4749/8491/1384 4737/8468/1384
f 4777/8541/1385 4764/8518/1385 4762/8513/1385
f 4781/8548/1386 4783/8552/1386 4778/8543/1386
f 4770/8529/1387 4765/8520/1387 4776/8539/1387
f 4766/8522/1388 4772/8533/1388 4768/8525/1388
f 4769/8526/1389 4771/8532/1389 4784/8553/1389
f 4767/8523/1398 4761/8511/1398 4763/8516/1398
f 4762/8514/2397 4764/8517/2397 4766/8522/2397
f 4770/8530/2135 4772/8533/2135 4766/8522/2135
f 4771/8532/1401 4769/8526/1401 4768/8525/1401
f 4779/8544/1402 4767/8523/1402 4769/8527/1402
f 4782/8549/2136 4784/8553/2136 4771/8532/2136
f 4781/8548/2137 4780/8546/2137 4784/8553/2137
f 4773/8534/2509 4779/8544/2509 4781/8548/2509
f 4782/8550/1406 4776/8539/1406 4778/8543/1406
f 4775/8537/1407 4774/8536/1407 4778/8543/1407
f 4761/8511/1408 4773/8534/1408 4775/8538/1408
f 4776/8540/1409 4765/8521/1409 4764/8518/1409
f 4767/8523/1410 4779/8544/1410 4773/8534/1410
f 4799/8580/1411 4801/8584/1411 4788/8561/1411
f 4805/8591/1412 4807/8595/1412 4802/8586/1412
f 4794/8571/1413 4789/8563/1413 4800/8582/1413
f 4790/8565/1414 4796/8576/1414 4792/8568/1414
f 4795/8575/1415 4808/8596/1415 4804/8589/1415
f 4785/8554/1424 4787/8559/1424 4792/8567/1424
f 4786/8556/1425 4788/8560/1425 4790/8565/1425
f 4794/8572/1426 4796/8576/1426 4790/8565/1426
f 4795/8575/1427 4793/8569/1427 4792/8568/1427
f 4803/8587/1428 4791/8566/1428 4793/8570/1428
f 4794/8573/1429 4806/8593/1429 4808/8596/1429
f 4805/8591/1430 4804/8589/1430 4808/8596/1430
f 4797/8577/1431 4803/8587/1431 4805/8591/1431
f 4800/8582/1432 4802/8586/1432 4807/8595/1432
f 4801/8584/1433 4799/8580/1433 4798/8579/1433
f 4797/8577/1434 4799/8581/1434 4786/8557/1434
f 4800/8583/1435 4789/8564/1435 4788/8561/1435
f 4803/8587/1436 4797/8577/1436 4785/8554/1436
f 4825/8627/1437 4812/8604/1437 4810/8599/1437
f 4831/8638/2143 4826/8629/2143 4822/8622/2143
f 4818/8614/1439 4813/8606/1439 4824/8626/1439
f 4811/8601/2144 4814/8608/2144 4820/8619/2144
f 4819/8618/1441 4832/8639/1441 4828/8632/1441
f 4809/8597/1450 4811/8602/1450 4816/8610/1450
f 4810/8600/1451 4812/8603/1451 4814/8608/1451
f 4818/8615/2148 4820/8619/2148 4814/8608/2148
f 4817/8612/2615 4816/8611/2615 4820/8619/2615
f 4815/8609/1454 4817/8613/1454 4828/8631/1454
f 4818/8616/1455 4830/8635/1455 4832/8639/1455
f 4829/8634/2510 4828/8632/2510 4832/8639/2510
f 4827/8630/1457 4829/8634/1457 4822/8622/1457
f 4830/8636/1458 4824/8626/1458 4826/8629/1458
f 4825/8627/2152 4823/8623/2152 4822/8622/2152
f 4809/8597/1460 4821/8620/1460 4823/8624/1460
f 4813/8607/2512 4812/8604/2512 4825/8627/2512
f 4827/8630/1462 4821/8620/1462 4809/8597/1462
f 4847/8666/1463 4849/8670/1463 4836/8647/1463
f 4855/8681/1464 4850/8672/1464 4846/8665/1464
f 4842/8658/1465 4837/8649/1465 4848/8668/1465
f 4838/8651/1466 4844/8662/1466 4840/8654/1466
f 4841/8655/1467 4843/8661/1467 4856/8682/1467
f 4833/8640/1476 4835/8644/1476 4840/8653/1476
f 4836/8646/1477 4838/8651/1477 4835/8645/1477
f 4842/8659/1478 4844/8662/1478 4838/8651/1478
f 4841/8655/1479 4840/8654/1479 4844/8662/1479
f 4839/8652/2156 4841/8656/2156 4852/8674/2156
f 4854/8679/1481 4856/8682/1481 4843/8661/1481
f 4855/8681/2514 4853/8677/2514 4852/8675/2514
f 4851/8673/1483 4853/8677/1483 4846/8665/1483
f 4848/8668/1484 4850/8672/1484 4855/8681/1484
f 4847/8666/1485 4846/8665/1485 4850/8672/1485
f 4833/8640/1486 4845/8663/1486 4847/8667/1486
f 4848/8669/2403 4837/8650/2403 4836/8647/2403
f 4851/8673/1488 4845/8663/1488 4833/8640/1488
f 4871/8709/1489 4873/8713/1489 4860/8690/1489
f 4877/8720/1490 4879/8724/1490 4874/8715/1490
f 4866/8700/1491 4861/8692/1491 4872/8711/1491
f 4859/8688/1492 4862/8694/1492 4868/8705/1492
f 4867/8704/1493 4880/8725/1493 4876/8718/1493
f 4857/8683/1502 4859/8687/1502 4864/8696/1502
f 4860/8689/2407 4862/8694/2407 4859/8688/2407
f 4866/8701/1504 4868/8705/1504 4862/8694/1504
f 4865/8698/1505 4864/8697/1505 4868/8705/1505
f 4863/8695/2160 4865/8699/2160 4876/8717/2160
f 4866/8702/1507 4878/8722/1507 4880/8725/1507
f 4879/8724/2161 4877/8720/2161 4876/8718/2161
f 4869/8706/1509 4875/8716/1509 4877/8720/1509
f 4872/8711/1510 4874/8715/1510 4879/8724/1510
f 4871/8709/1511 4870/8708/1511 4874/8715/1511
f 4857/8683/1512 4869/8706/1512 4871/8710/1512
f 4872/8712/1513 4861/8693/1513 4860/8690/1513
f 4875/8716/1514 4869/8706/1514 4857/8683/1514
f 4895/8752/1515 4897/8756/1515 4884/8733/1515
f 4901/8763/1516 4903/8767/1516 4898/8758/1516
f 4890/8744/1517 4885/8734/1517 4896/8754/1517
f 4886/8737/1518 4892/8748/1518 4888/8740/1518
f 4889/8741/1519 4891/8747/1519 4904/8768/1519
f 4887/8738/1528 4881/8726/1528 4883/8731/1528
f 4882/8729/1529 4884/8732/1529 4886/8737/1529
f 4885/8735/1530 4890/8745/1530 4892/8748/1530
f 4891/8747/2165 4889/8741/2165 4888/8740/2165
f 4899/8759/1532 4887/8738/1532 4889/8742/1532
f 4902/8765/1533 4904/8768/1533 4891/8747/1533
f 4903/8767/1534 4901/8763/1534 4900/8761/1534
f 4893/8749/1535 4899/8759/1535 4901/8763/1535
f 4896/8754/2616 4898/8758/2616 4903/8767/2616
f 4895/8752/2412 4894/8751/2412 4898/8758/2412
f 4881/8726/1538 4893/8749/1538 4895/8753/1538
f 4896/8755/1539 4885/8736/1539 4884/8733/1539
f 4887/8738/1540 4899/8759/1540 4893/8749/1540
f 4919/8795/1541 4921/8799/1541 4908/8776/1541
f 4927/8810/1542 4922/8801/1542 4918/8794/1542
f 4926/8808/1543 4914/8786/1543 4909/8777/1543
f 4910/8780/1544 4916/8791/1544 4912/8783/1544
f 4915/8790/1545 4928/8811/1545 4924/8804/1545
f 4905/8769/1554 4907/8774/1554 4912/8782/1554
f 4906/8771/1555 4908/8775/1555 4910/8780/1555
f 4909/8778/1556 4914/8787/1556 4916/8791/1556
f 4915/8790/1557 4913/8784/1557 4912/8783/1557
f 4923/8802/1558 4911/8781/1558 4913/8785/1558
f 4914/8788/1559 4926/8807/1559 4928/8811/1559
f 4925/8806/2516 4924/8804/2516 4928/8811/2516
f 4923/8802/1561 4925/8806/1561 4918/8794/1561
f 4926/8808/1562 4920/8798/1562 4922/8801/1562
f 4919/8795/1563 4918/8794/1563 4922/8801/1563
f 4917/8792/1564 4919/8796/1564 4906/8772/1564
f 4909/8779/1565 4908/8776/1565 4921/8799/1565
f 4911/8781/1566 4923/8802/1566 4917/8792/1566
f 4943/8838/2617 4945/8842/2617 4932/8819/2617
f 4951/8853/1568 4946/8844/1568 4942/8837/1568
f 4938/8830/1569 4933/8820/1569 4944/8841/1569
f 4934/8823/1570 4940/8834/1570 4936/8826/1570
f 4939/8833/1571 4952/8854/1571 4948/8847/1571
f 4935/8824/2587 4929/8812/2587 4931/8816/2587
f 4932/8818/1581 4934/8823/1581 4931/8817/1581
f 4933/8821/2419 4938/8831/2419 4940/8834/2419
f 4939/8833/2420 4937/8827/2420 4936/8826/2420
f 4935/8824/1584 4937/8828/1584 4948/8846/1584
f 4950/8851/2170 4952/8854/2170 4939/8833/2170
f 4949/8849/1586 4948/8847/1586 4952/8854/1586
f 4947/8845/1587 4949/8849/1587 4942/8837/1587
f 4944/8841/2517 4946/8844/2517 4951/8853/2517
f 4945/8842/1589 4943/8838/1589 4942/8837/1589
f 4941/8835/1590 4943/8839/1590 4930/8815/1590
f 4933/8822/1591 4932/8819/1591 4945/8842/1591
f 4935/8824/1592 4947/8845/1592 4941/8835/1592
f 4969/8885/1593 4956/8862/1593 4954/8856/1593
f 4975/8896/1594 4970/8887/1594 4966/8880/1594
f 4962/8872/1595 4957/8863/1595 4968/8884/1595
f 4955/8859/1596 4958/8866/1596 4964/8877/1596
f 4963/8876/1597 4976/8897/1597 4972/8890/1597
f 4953/8855/1606 4955/8860/1606 4960/8868/1606
f 4954/8857/1607 4956/8861/1607 4958/8866/1607
f 4957/8864/1608 4962/8873/1608 4964/8877/1608
f 4961/8870/1609 4960/8869/1609 4964/8877/1609
f 4959/8867/1610 4961/8871/1610 4972/8889/1610
f 4962/8874/2518 4974/8894/2518 4976/8897/2518
f 4975/8896/1612 4973/8892/1612 4972/8890/1612
f 4971/8888/1613 4973/8892/1613 4966/8880/1613
f 4968/8884/1614 4970/8887/1614 4975/8896/1614
f 4967/8881/1615 4966/8880/1615 4970/8887/1615
f 4965/8878/1616 4967/8882/1616 4954/8858/1616
f 4957/8865/1617 4956/8862/1617 4969/8885/1617
f 4971/8888/1618 4965/8878/1618 4953/8855/1618
f 4991/8924/1619 4993/8928/1619 4980/8905/1619
f 4997/8935/1620 4999/8939/1620 4994/8930/1620
f 4986/8916/1621 4981/8907/1621 4992/8927/1621
f 4982/8909/1622 4988/8920/1622 4984/8912/1622
f 4987/8919/1623 5000/8940/1623 4996/8933/1623
f 4977/8898/1632 4979/8902/1632 4984/8911/1632
f 4980/8904/1633 4982/8909/1633 4979/8903/1633
f 4986/8917/2428 4988/8920/2428 4982/8909/2428
f 4987/8919/1635 4985/8913/1635 4984/8912/1635
f 4995/8931/2185 4983/8910/2185 4985/8914/2185
f 4998/8937/1637 5000/8940/1637 4987/8919/1637
f 4997/8935/2186 4996/8933/2186 5000/8940/2186
f 4989/8921/2430 4995/8931/2430 4997/8935/2430
f 4992/8927/1640 4994/8930/1640 4999/8939/1640
f 4991/8924/1641 4990/8923/1641 4994/8930/1641
f 4977/8898/1642 4989/8921/1642 4991/8925/1642
f 4981/8908/1643 4980/8905/1643 4993/8928/1643
f 4983/8910/1644 4995/8931/1644 4989/8921/1644
f 5017/8971/1645 5004/8948/1645 5002/8943/1645
f 5021/8978/1646 5023/8982/1646 5018/8973/1646
f 5022/8979/1647 5010/8958/1647 5005/8950/1647
f 5006/8952/1648 5012/8963/1648 5008/8955/1648
f 5009/8956/1649 5011/8962/1649 5024/8983/1649
f 5007/8953/1658 5001/8941/1658 5003/8945/1658
f 5004/8947/1659 5006/8952/1659 5003/8946/1659
f 5010/8959/1660 5012/8963/1660 5006/8952/1660
f 5009/8956/1661 5008/8955/1661 5012/8963/1661
f 5007/8953/1662 5009/8957/1662 5020/8975/1662
f 5010/8960/1663 5022/8980/1663 5024/8983/1663
f 5021/8978/1664 5020/8976/1664 5024/8983/1664
f 5013/8964/1665 5019/8974/1665 5021/8978/1665
f 5016/8970/1666 5018/8973/1666 5023/8982/1666
f 5017/8971/1667 5015/8967/1667 5014/8966/1667
f 5013/8964/1668 5015/8968/1668 5002/8944/1668
f 5005/8951/1669 5004/8948/1669 5017/8971/1669
f 5019/8974/1670 5013/8964/1670 5001/8941/1670
f 5041/9014/1671 5028/8991/1671 5026/8987/1671
f 5045/9021/2432 5047/9025/2432 5042/9016/2432
f 5034/9001/1673 5029/8992/1673 5040/9012/1673
f 5027/8989/1674 5030/8995/1674 5036/9006/1674
f 5035/9005/1675 5048/9026/1675 5044/9019/1675
f 5031/8996/1684 5025/8984/1684 5027/8988/1684
f 5028/8990/1685 5030/8995/1685 5027/8989/1685
f 5029/8993/1686 5034/9002/1686 5036/9006/1686
f 5035/9005/2437 5033/8999/2437 5032/8998/2437
f 5031/8996/1688 5033/9000/1688 5044/9018/1688
f 5034/9003/1689 5046/9022/1689 5048/9026/1689
f 5045/9021/1690 5044/9019/1690 5048/9026/1690
f 5043/9017/1691 5045/9021/1691 5038/9009/1691
f 5046/9023/1692 5040/9012/1692 5042/9016/1692
f 5039/9010/1693 5038/9009/1693 5042/9016/1693
f 5025/8984/1694 5037/9007/1694 5039/9011/1694
f 5040/9013/1695 5029/8994/1695 5028/8991/1695
f 5043/9017/1696 5037/9007/1696 5025/8984/1696
f 5063/9053/1697 5065/9057/1697 5052/9034/1697
f 5071/9068/1698 5066/9059/1698 5062/9052/1698
f 5058/9044/1699 5053/9036/1699 5064/9056/1699
f 5054/9038/1700 5060/9049/1700 5056/9041/1700
f 5057/9042/1701 5059/9048/1701 5072/9069/1701
f 5049/9027/2618 5051/9031/2618 5056/9040/2618
f 5052/9033/2441 5054/9038/2441 5051/9032/2441
f 5058/9045/1712 5060/9049/1712 5054/9038/1712
f 5057/9042/1713 5056/9041/1713 5060/9049/1713
f 5067/9060/2619 5055/9039/2619 5057/9043/2619
f 5058/9046/1715 5070/9066/1715 5072/9069/1715
f 5071/9068/1716 5069/9064/1716 5068/9062/1716
f 5067/9060/1717 5069/9064/1717 5062/9052/1717
f 5064/9056/1718 5066/9059/1718 5071/9068/1718
f 5063/9053/1719 5062/9052/1719 5066/9059/1719
f 5049/9027/1720 5061/9050/1720 5063/9054/1720
f 5053/9037/2194 5052/9034/2194 5065/9057/2194
f 5067/9060/1722 5061/9050/1722 5049/9027/1722
f 5087/9096/1723 5089/9100/1723 5076/9077/1723
f 5093/9107/1724 5095/9111/1724 5090/9102/1724
f 5082/9087/1725 5077/9078/1725 5088/9098/1725
f 5075/9075/1726 5078/9081/1726 5084/9092/1726
f 5081/9085/1727 5083/9091/1727 5096/9112/1727
f 5079/9082/1736 5073/9070/1736 5075/9074/1736
f 5076/9076/1737 5078/9081/1737 5075/9075/1737
f 5077/9079/1738 5082/9088/1738 5084/9092/1738
f 5083/9091/1739 5081/9085/1739 5080/9084/1739
f 5091/9103/1740 5079/9082/1740 5081/9086/1740
f 5082/9089/1741 5094/9108/1741 5096/9112/1741
f 5093/9107/1742 5092/9105/1742 5096/9112/1742
f 5091/9103/1743 5093/9107/1743 5086/9095/1743
f 5094/9109/1744 5088/9098/1744 5090/9102/1744
f 5089/9100/1745 5087/9096/1745 5086/9095/1745
f 5073/9070/1746 5085/9093/1746 5087/9097/1746
f 5088/9099/1747 5077/9080/1747 5076/9077/1747
f 5091/9103/2620 5085/9093/2620 5073/9070/2620
f 5111/9139/1749 5113/9143/1749 5100/9120/1749
f 5119/9154/1750 5114/9145/1750 5110/9138/1750
f 5106/9130/1751 5101/9122/1751 5112/9142/1751
f 5099/9118/1752 5102/9124/1752 5108/9135/1752
f 5105/9128/1753 5107/9134/1753 5120/9155/1753
f 5103/9125/1762 5097/9113/1762 5099/9117/1762
f 5100/9119/1763 5102/9124/1763 5099/9118/1763
f 5106/9131/1764 5108/9135/1764 5102/9124/1764
f 5105/9128/1765 5104/9127/1765 5108/9135/1765
f 5115/9146/1766 5103/9125/1766 5105/9129/1766
f 5106/9132/1767 5118/9151/1767 5120/9155/1767
f 5119/9154/1768 5117/9150/1768 5116/9148/1768
f 5109/9136/1769 5115/9146/1769 5117/9150/1769
f 5118/9152/1770 5112/9142/1770 5114/9145/1770
f 5111/9139/1771 5110/9138/1771 5114/9145/1771
f 5109/9136/1772 5111/9140/1772 5098/9116/1772
f 5101/9123/1773 5100/9120/1773 5113/9143/1773
f 5103/9125/1774 5115/9146/1774 5109/9136/1774
f 5135/9182/1775 5137/9186/1775 5124/9163/1775
f 5143/9197/1776 5138/9188/1776 5134/9181/1776
f 5142/9194/1777 5130/9173/1777 5125/9165/1777
f 5126/9167/1778 5132/9178/1778 5128/9170/1778
f 5131/9177/1779 5144/9198/1779 5140/9191/1779
f 5127/9168/1788 5121/9156/1788 5123/9161/1788
f 5122/9159/2450 5124/9162/2450 5126/9167/2450
f 5130/9174/1790 5132/9178/1790 5126/9167/1790
f 5129/9171/2621 5128/9170/2621 5132/9178/2621
f 5139/9189/1792 5127/9168/1792 5129/9172/1792
f 5130/9175/1793 5142/9195/1793 5144/9198/1793
f 5143/9197/1794 5141/9193/1794 5140/9191/1794
f 5133/9179/1795 5139/9189/1795 5141/9193/1795
f 5136/9185/2622 5138/9188/2622 5143/9197/2622
f 5135/9182/2623 5134/9181/2623 5138/9188/2623
f 5121/9156/1798 5133/9179/1798 5135/9183/1798
f 5125/9166/1799 5124/9163/1799 5137/9186/1799
f 5139/9189/1800 5133/9179/1800 5121/9156/1800
f 5161/9229/1801 5148/9206/1801 5146/9202/1801
f 5165/9236/1802 5167/9240/1802 5162/9231/1802
f 5166/9237/1803 5154/9217/1803 5149/9208/1803
f 5150/9210/1804 5156/9221/1804 5152/9213/1804
f 5155/9220/1805 5168/9241/1805 5164/9234/1805
f 5151/9211/2207 5145/9199/2207 5147/9203/2207
f 5148/9205/2525 5150/9210/2525 5147/9204/2525
f 5154/9218/1816 5156/9221/1816 5150/9210/1816
f 5155/9220/1817 5153/9214/1817 5152/9213/1817
f 5163/9232/1818 5151/9211/1818 5153/9215/1818
f 5166/9238/1819 5168/9241/1819 5155/9220/1819
f 5165/9236/1820 5164/9234/1820 5168/9241/1820
f 5157/9222/1821 5163/9232/1821 5165/9236/1821
f 5160/9227/1822 5162/9231/1822 5167/9240/1822
f 5159/9225/2211 5158/9224/2211 5162/9231/2211
f 5145/9199/2212 5157/9222/2212 5159/9226/2212
f 5160/9228/1825 5149/9209/1825 5148/9206/1825
f 5163/9232/1826 5157/9222/1826 5145/9199/1826
f 5183/9268/1827 5185/9272/1827 5172/9249/1827
f 5189/9279/1828 5191/9283/1828 5186/9274/1828
f 5190/9281/2624 5178/9259/2624 5173/9250/2624
f 5174/9253/1830 5180/9264/1830 5176/9256/1830
f 5179/9263/1831 5192/9284/1831 5188/9277/1831
f 5169/9242/1840 5171/9247/1840 5176/9255/1840
f 5170/9245/2214 5172/9248/2214 5174/9253/2214
f 5173/9251/1842 5178/9260/1842 5180/9264/1842
f 5179/9263/1843 5177/9257/1843 5176/9256/1843
f 5175/9254/1844 5177/9258/1844 5188/9276/1844
f 5178/9261/1845 5190/9280/1845 5192/9284/1845
f 5191/9283/2625 5189/9279/2625 5188/9277/2625
f 5187/9275/1847 5189/9279/1847 5182/9267/1847
f 5190/9281/1848 5184/9270/1848 5186/9274/1848
f 5183/9268/1849 5182/9267/1849 5186/9274/1849
f 5169/9242/1850 5181/9265/1850 5183/9269/1850
f 5184/9271/1851 5173/9252/1851 5172/9249/1851
f 5187/9275/1852 5181/9265/1852 5169/9242/1852
f 5209/9315/2218 5196/9292/2218 5194/9287/2218
f 5215/9326/1854 5210/9317/1854 5206/9310/1854
f 5214/9323/1855 5202/9303/1855 5197/9293/1855
f 5195/9289/1856 5198/9296/1856 5204/9307/1856
f 5203/9306/1857 5216/9327/1857 5212/9320/1857
f 5193/9285/1866 5195/9290/1866 5200/9298/1866
f 5194/9288/1867 5196/9291/1867 5198/9296/1867
f 5197/9294/1868 5202/9304/1868 5204/9307/1868
f 5203/9306/1869 5201/9300/1869 5200/9299/1869
f 5199/9297/1870 5201/9301/1870 5212/9319/1870
f 5214/9324/1871 5216/9327/1871 5203/9306/1871
f 5213/9322/1872 5212/9320/1872 5216/9327/1872
f 5205/9308/1873 5211/9318/1873 5213/9322/1873
f 5208/9313/1874 5210/9317/1874 5215/9326/1874
f 5209/9315/1875 5207/9311/1875 5206/9310/1875
f 5193/9285/1876 5205/9308/1876 5207/9312/1876
f 5208/9314/1877 5197/9295/1877 5196/9292/1877
f 5199/9297/1878 5211/9318/1878 5205/9308/1878
