# Blender 3.3.1
# www.blender.org
o chai
v 0.000000 0.048682 -0.181431
v 0.000000 1.537772 -0.349083
v 0.035395 0.048682 -0.177945
v 0.068103 1.537772 -0.342376
v 0.069431 0.048682 -0.167621
v 0.133588 1.537772 -0.322511
v 0.100798 0.048682 -0.150855
v 0.193940 1.537772 -0.290252
v 0.128291 0.048682 -0.128291
v 0.246839 1.537772 -0.246839
v 0.150855 0.048682 -0.100798
v 0.290252 1.537772 -0.193940
v 0.167621 0.048682 -0.069431
v 0.322511 1.537772 -0.133588
v 0.177945 0.048682 -0.035395
v 0.342376 1.537772 -0.068103
v 0.181431 0.048682 0.000000
v 0.349083 1.537772 0.000000
v 0.177945 0.048682 0.035395
v 0.342376 1.537772 0.068103
v 0.167621 0.048682 0.069431
v 0.322511 1.537772 0.133588
v 0.150855 0.048682 0.100798
v 0.290252 1.537772 0.193940
v 0.128291 0.048682 0.128291
v 0.246839 1.537772 0.246839
v 0.100798 0.048682 0.150855
v 0.193940 1.537772 0.290252
v 0.069431 0.048682 0.167621
v 0.133588 1.537772 0.322511
v 0.035395 0.048682 0.177945
v 0.068103 1.537772 0.342376
v 0.000000 0.048682 0.181431
v 0.000000 1.537772 0.349083
v -0.035395 0.048682 0.177945
v -0.068103 1.537772 0.342376
v -0.069431 0.048682 0.167621
v -0.133588 1.537772 0.322511
v -0.100798 0.048682 0.150855
v -0.193940 1.537772 0.290252
v -0.128291 0.048682 0.128291
v -0.246839 1.537772 0.246839
v -0.150855 0.048682 0.100798
v -0.290252 1.537772 0.193940
v -0.167621 0.048682 0.069431
v -0.322511 1.537772 0.133588
v -0.177945 0.048682 0.035395
v -0.342376 1.537772 0.068103
v -0.181431 0.048682 0.000000
v -0.349083 1.537772 0.000000
v -0.177945 0.048682 -0.035395
v -0.342376 1.537772 -0.068103
v -0.167621 0.048682 -0.069431
v -0.322511 1.537772 -0.133588
v -0.150855 0.048682 -0.100798
v -0.290252 1.537772 -0.193940
v -0.128291 0.048682 -0.128291
v -0.246839 1.537772 -0.246839
v -0.100798 0.048682 -0.150855
v -0.193940 1.537772 -0.290252
v -0.069431 0.048682 -0.167621
v -0.133588 1.537772 -0.322511
v -0.035395 0.048682 -0.177945
v -0.068103 1.537772 -0.342376
v 0.000000 0.008379 -0.349083
v 0.068103 0.008379 -0.342376
v 0.133588 0.008379 -0.322511
v 0.193940 0.008379 -0.290252
v 0.246839 0.008379 -0.246839
v 0.290252 0.008379 -0.193940
v 0.322511 0.008379 -0.133588
v 0.342376 0.008379 -0.068103
v 0.349083 0.008379 0.000000
v 0.342376 0.008379 0.068103
v 0.322511 0.008379 0.133588
v 0.290252 0.008379 0.193940
v 0.246839 0.008379 0.246839
v 0.193940 0.008379 0.290252
v 0.133588 0.008379 0.322511
v 0.068103 0.008379 0.342376
v 0.000000 0.008379 0.349083
v -0.068103 0.008379 0.342376
v -0.133588 0.008379 0.322511
v -0.193940 0.008379 0.290252
v -0.246839 0.008379 0.246839
v -0.290252 0.008379 0.193940
v -0.322511 0.008379 0.133588
v -0.342376 0.008379 0.068103
v -0.349083 0.008379 0.000000
v -0.342376 0.008379 -0.068103
v -0.322511 0.008379 -0.133588
v -0.290252 0.008379 -0.193940
v -0.246839 0.008379 -0.246839
v -0.193940 0.008379 -0.290252
v -0.133588 0.008379 -0.322511
v -0.068103 0.008379 -0.342376
v 0.000000 0.008379 -0.252509
v 0.049262 0.008379 -0.247657
v 0.096631 0.008379 -0.233288
v 0.140286 0.008379 -0.209953
v 0.178551 0.008379 -0.178551
v 0.209953 0.008379 -0.140286
v 0.233288 0.008379 -0.096631
v 0.247657 0.008379 -0.049262
v 0.252509 0.008379 0.000000
v 0.247657 0.008379 0.049262
v 0.233288 0.008379 0.096631
v 0.209953 0.008379 0.140286
v 0.178551 0.008379 0.178551
v 0.140286 0.008379 0.209953
v 0.096631 0.008379 0.233288
v 0.049262 0.008379 0.247657
v 0.000000 0.008379 0.252509
v -0.049262 0.008379 0.247657
v -0.096631 0.008379 0.233288
v -0.140286 0.008379 0.209953
v -0.178551 0.008379 0.178551
v -0.209953 0.008379 0.140286
v -0.233288 0.008379 0.096631
v -0.247657 0.008379 0.049262
v -0.252509 0.008379 0.000000
v -0.247657 0.008379 -0.049262
v -0.233288 0.008379 -0.096631
v -0.209953 0.008379 -0.140286
v -0.178551 0.008379 -0.178551
v -0.140286 0.008379 -0.209953
v -0.096631 0.008379 -0.233288
v -0.049262 0.008379 -0.247657
v -0.000151 1.941808 -0.193763
v -0.000151 1.809453 -0.289770
v -0.000151 1.636523 -0.341730
v -0.000151 1.542934 -0.348416
v -0.000151 1.449345 -0.341730
v -0.000151 1.276416 -0.289770
v 0.025828 1.982906 -0.131042
v 0.037565 1.941808 -0.190048
v 0.047853 1.882148 -0.241766
v 0.056295 1.809453 -0.284211
v 0.062569 1.726516 -0.315750
v 0.066432 1.636523 -0.335172
v 0.067737 1.542934 -0.341730
v 0.066432 1.449345 -0.335172
v 0.062569 1.359353 -0.315750
v 0.056295 1.276416 -0.284211
v 0.047853 1.203720 -0.241766
v 0.037565 1.144061 -0.190048
v 0.025828 1.099730 -0.131042
v 0.013093 1.072431 -0.067018
v 0.050809 1.982906 -0.123464
v 0.073832 1.941808 -0.179046
v 0.094012 1.882148 -0.227764
v 0.110573 1.809453 -0.267746
v 0.122879 1.726516 -0.297455
v 0.130457 1.636523 -0.315750
v 0.133016 1.542934 -0.321927
v 0.130457 1.449345 -0.315750
v 0.122879 1.359353 -0.297455
v 0.110573 1.276416 -0.267746
v 0.094012 1.203720 -0.227764
v 0.073832 1.144061 -0.179046
v 0.050809 1.099730 -0.123464
v 0.025828 1.072431 -0.063154
v 0.073832 1.982906 -0.111158
v 0.107256 1.941808 -0.161181
v 0.136552 1.882148 -0.205026
v 0.160595 1.809453 -0.241009
v 0.178461 1.726516 -0.267746
v 0.189462 1.636523 -0.284211
v 0.193177 1.542934 -0.289770
v 0.189462 1.449345 -0.284211
v 0.178461 1.359353 -0.267746
v 0.160595 1.276416 -0.241009
v 0.136552 1.203720 -0.205026
v 0.107256 1.144061 -0.161181
v 0.073832 1.099730 -0.111158
v 0.037565 1.072431 -0.056881
v 0.094012 1.982906 -0.094597
v 0.136552 1.941808 -0.137138
v 0.173840 1.882148 -0.174425
v 0.204440 1.809453 -0.205026
v 0.227179 1.726516 -0.227764
v 0.241181 1.636523 -0.241766
v 0.245909 1.542934 -0.246494
v 0.241181 1.449345 -0.241766
v 0.227179 1.359353 -0.227764
v 0.204440 1.276416 -0.205026
v 0.173840 1.203720 -0.174425
v 0.136552 1.144061 -0.137138
v 0.094012 1.099730 -0.094597
v 0.047853 1.072431 -0.048438
v 0.110573 1.982906 -0.074418
v 0.160595 1.941808 -0.107842
v 0.204440 1.882148 -0.137138
v 0.240423 1.809453 -0.161181
v 0.267160 1.726516 -0.179046
v 0.283625 1.636523 -0.190048
v 0.289185 1.542934 -0.193762
v 0.283625 1.449345 -0.190048
v 0.267160 1.359353 -0.179046
v 0.240423 1.276416 -0.161181
v 0.204440 1.203720 -0.137138
v 0.160595 1.144061 -0.107842
v 0.110573 1.099730 -0.074418
v 0.056295 1.072431 -0.038151
v 0.122879 1.982906 -0.051395
v 0.178461 1.941808 -0.074418
v 0.227179 1.882148 -0.094597
v 0.267160 1.809453 -0.111158
v 0.296870 1.726516 -0.123464
v 0.315164 1.636523 -0.131042
v 0.321342 1.542934 -0.133601
v 0.315164 1.449345 -0.131042
v 0.296870 1.359353 -0.123464
v 0.267160 1.276416 -0.111158
v 0.227179 1.203720 -0.094597
v 0.178461 1.144061 -0.074418
v 0.122879 1.099730 -0.051395
v 0.062569 1.072431 -0.026414
v 0.130457 1.982906 -0.026414
v 0.189462 1.941808 -0.038151
v 0.241181 1.882148 -0.048438
v 0.283625 1.809453 -0.056881
v 0.315164 1.726516 -0.063154
v 0.334586 1.636523 -0.067018
v 0.341144 1.542934 -0.068322
v 0.334586 1.449345 -0.067018
v 0.315164 1.359353 -0.063154
v 0.283625 1.276416 -0.056881
v 0.241181 1.203720 -0.048438
v 0.189462 1.144061 -0.038151
v 0.130457 1.099730 -0.026414
v 0.066432 1.072431 -0.013679
v 0.133015 1.982906 -0.000434
v 0.193177 1.941808 -0.000434
v 0.245909 1.882148 -0.000434
v 0.289185 1.809453 -0.000434
v 0.321342 1.726516 -0.000434
v 0.341144 1.636523 -0.000434
v 0.347830 1.542934 -0.000434
v 0.341144 1.449345 -0.000434
v 0.321342 1.359353 -0.000434
v 0.289185 1.276416 -0.000434
v 0.245909 1.203720 -0.000434
v 0.193177 1.144061 -0.000434
v 0.133015 1.099730 -0.000434
v 0.067737 1.072431 -0.000434
v 0.130457 1.982906 0.025545
v 0.189462 1.941808 0.037282
v 0.241181 1.882148 0.047570
v 0.283625 1.809453 0.056012
v 0.315164 1.726516 0.062286
v 0.334586 1.636523 0.066149
v 0.341144 1.542934 0.067454
v 0.334586 1.449345 0.066149
v 0.315164 1.359353 0.062286
v 0.283625 1.276416 0.056012
v 0.241181 1.203720 0.047570
v 0.189462 1.144061 0.037282
v 0.130457 1.099730 0.025545
v 0.066432 1.072431 0.012810
v 0.122879 1.982906 0.050526
v 0.178461 1.941808 0.073549
v 0.227179 1.882148 0.093729
v 0.267160 1.809453 0.110290
v 0.296870 1.726516 0.122596
v 0.315164 1.636523 0.130174
v 0.321342 1.542934 0.132733
v 0.315164 1.449345 0.130174
v 0.296870 1.359353 0.122596
v 0.267160 1.276416 0.110290
v 0.227179 1.203720 0.093729
v 0.178461 1.144061 0.073549
v 0.122879 1.099730 0.050526
v 0.062569 1.072431 0.025545
v 0.110573 1.982906 0.073549
v 0.160595 1.941808 0.106973
v 0.204440 1.882148 0.136269
v 0.240423 1.809453 0.160312
v 0.267160 1.726516 0.178178
v 0.283625 1.636523 0.189179
v 0.289185 1.542934 0.192894
v 0.283625 1.449345 0.189179
v 0.267160 1.359353 0.178178
v 0.240423 1.276416 0.160312
v 0.204440 1.203720 0.136269
v 0.160595 1.144061 0.106973
v 0.110573 1.099730 0.073549
v 0.056295 1.072431 0.037282
v 0.094012 1.982906 0.093729
v 0.136552 1.941808 0.136269
v 0.173839 1.882148 0.173557
v 0.204440 1.809453 0.204157
v 0.227179 1.726516 0.226896
v 0.241181 1.636523 0.240898
v 0.245909 1.542934 0.245626
v 0.241181 1.449345 0.240898
v 0.227179 1.359353 0.226896
v 0.204440 1.276416 0.204157
v 0.173839 1.203720 0.173557
v 0.136552 1.144061 0.136269
v 0.094012 1.099730 0.093729
v 0.047853 1.072431 0.047570
v 0.073832 1.982906 0.110290
v 0.107256 1.941808 0.160312
v 0.136552 1.882148 0.204157
v 0.160595 1.809453 0.240140
v 0.178461 1.726516 0.266877
v 0.189462 1.636523 0.283342
v 0.193177 1.542934 0.288902
v 0.189462 1.449345 0.283342
v 0.178461 1.359353 0.266877
v 0.160595 1.276416 0.240140
v 0.136552 1.203720 0.204157
v 0.107256 1.144061 0.160312
v 0.073832 1.099730 0.110290
v 0.037565 1.072431 0.056012
v 0.050809 1.982906 0.122596
v 0.073832 1.941808 0.178178
v 0.094012 1.882148 0.226896
v 0.110573 1.809453 0.266877
v 0.122879 1.726516 0.296587
v 0.130457 1.636523 0.314881
v 0.133015 1.542934 0.321059
v 0.130457 1.449345 0.314881
v 0.122879 1.359353 0.296587
v 0.110573 1.276416 0.266877
v 0.094012 1.203720 0.226896
v 0.073832 1.144061 0.178178
v 0.050809 1.099730 0.122596
v 0.025828 1.072431 0.062286
v 0.025828 1.982906 0.130174
v 0.037565 1.941808 0.189179
v 0.047853 1.882148 0.240898
v 0.056295 1.809453 0.283342
v 0.062569 1.726516 0.314881
v 0.066432 1.636523 0.334303
v 0.067736 1.542934 0.340861
v 0.066432 1.449345 0.334303
v 0.062569 1.359353 0.314881
v 0.056295 1.276416 0.283342
v 0.047853 1.203720 0.240898
v 0.037565 1.144061 0.189179
v 0.025828 1.099730 0.130174
v 0.013093 1.072431 0.066149
v -0.000151 1.982906 0.132733
v -0.000151 1.941808 0.192894
v -0.000151 1.882148 0.245626
v -0.000151 1.809453 0.288902
v -0.000151 1.726516 0.321059
v -0.000151 1.636523 0.340861
v -0.000151 1.542934 0.347547
v -0.000151 1.449345 0.340861
v -0.000151 1.359353 0.321059
v -0.000151 1.276416 0.288902
v -0.000151 1.203720 0.245626
v -0.000151 1.144061 0.192894
v -0.000151 1.099730 0.132733
v -0.000151 1.072431 0.067454
v -0.026131 1.982906 0.130174
v -0.037868 1.941808 0.189179
v -0.048155 1.882148 0.240898
v -0.056598 1.809453 0.283342
v -0.062872 1.726516 0.314881
v -0.066735 1.636523 0.334303
v -0.068039 1.542934 0.340861
v -0.066735 1.449345 0.334303
v -0.062872 1.359353 0.314881
v -0.056598 1.276416 0.283342
v -0.048155 1.203720 0.240898
v -0.037868 1.144061 0.189179
v -0.026131 1.099730 0.130174
v -0.013396 1.072431 0.066149
v -0.051112 1.982906 0.122596
v -0.074135 1.941808 0.178178
v -0.094314 1.882148 0.226896
v -0.110875 1.809453 0.266877
v -0.123181 1.726516 0.296587
v -0.130759 1.636523 0.314881
v -0.133318 1.542934 0.321059
v -0.130759 1.449345 0.314881
v -0.123181 1.359353 0.296587
v -0.110875 1.276416 0.266877
v -0.094314 1.203720 0.226896
v -0.074135 1.144061 0.178178
v -0.051112 1.099730 0.122596
v -0.026131 1.072431 0.062286
v -0.074135 1.982906 0.110290
v -0.107559 1.941808 0.160312
v -0.136855 1.882148 0.204157
v -0.160898 1.809453 0.240140
v -0.178763 1.726516 0.266877
v -0.189765 1.636523 0.283342
v -0.193480 1.542934 0.288902
v -0.189765 1.449345 0.283342
v -0.178763 1.359353 0.266877
v -0.160898 1.276416 0.240140
v -0.136855 1.203720 0.204157
v -0.107559 1.144061 0.160312
v -0.074135 1.099730 0.110290
v -0.037868 1.072431 0.056012
v -0.094314 1.982906 0.093729
v -0.136855 1.941808 0.136269
v -0.174142 1.882148 0.173557
v -0.204743 1.809453 0.204157
v -0.227481 1.726516 0.226896
v -0.241484 1.636523 0.240898
v -0.246211 1.542934 0.245626
v -0.241484 1.449345 0.240898
v -0.227481 1.359353 0.226896
v -0.204743 1.276416 0.204157
v -0.174142 1.203720 0.173557
v -0.136855 1.144061 0.136269
v -0.094314 1.099730 0.093729
v -0.048155 1.072431 0.047570
v -0.000151 1.063214 -0.000434
v -0.110875 1.982906 0.073549
v -0.160898 1.941808 0.106973
v -0.204743 1.882148 0.136269
v -0.240726 1.809453 0.160312
v -0.267463 1.726516 0.178178
v -0.283928 1.636523 0.189179
v -0.289487 1.542934 0.192894
v -0.283928 1.449345 0.189179
v -0.267463 1.359353 0.178178
v -0.240726 1.276416 0.160312
v -0.204743 1.203720 0.136269
v -0.160898 1.144061 0.106973
v -0.110875 1.099730 0.073549
v -0.056598 1.072431 0.037282
v -0.123181 1.982906 0.050526
v -0.178763 1.941808 0.073549
v -0.227481 1.882148 0.093729
v -0.267463 1.809453 0.110290
v -0.297172 1.726516 0.122596
v -0.315467 1.636523 0.130174
v -0.321644 1.542934 0.132732
v -0.315467 1.449345 0.130174
v -0.297172 1.359353 0.122596
v -0.267463 1.276416 0.110290
v -0.227481 1.203720 0.093729
v -0.178763 1.144061 0.073549
v -0.123181 1.099730 0.050526
v -0.062871 1.072431 0.025545
v -0.130759 1.982906 0.025545
v -0.189765 1.941808 0.037282
v -0.241484 1.882148 0.047570
v -0.283928 1.809453 0.056012
v -0.315467 1.726516 0.062286
v -0.334889 1.636523 0.066149
v -0.341446 1.542934 0.067453
v -0.334889 1.449345 0.066149
v -0.315467 1.359353 0.062286
v -0.283928 1.276416 0.056012
v -0.241484 1.203720 0.047570
v -0.189765 1.144061 0.037282
v -0.130759 1.099730 0.025545
v -0.066735 1.072431 0.012810
v -0.133318 1.982906 -0.000434
v -0.193479 1.941808 -0.000434
v -0.246211 1.882148 -0.000434
v -0.289487 1.809453 -0.000434
v -0.321644 1.726516 -0.000434
v -0.341447 1.636523 -0.000434
v -0.348133 1.542934 -0.000434
v -0.341447 1.449345 -0.000434
v -0.321644 1.359353 -0.000434
v -0.289487 1.276416 -0.000434
v -0.246211 1.203720 -0.000434
v -0.193479 1.144061 -0.000434
v -0.133318 1.099730 -0.000434
v -0.068039 1.072431 -0.000434
v -0.130759 1.982906 -0.026414
v -0.189765 1.941808 -0.038151
v -0.241484 1.882148 -0.048438
v -0.283928 1.809453 -0.056881
v -0.315467 1.726516 -0.063154
v -0.334889 1.636523 -0.067018
v -0.341446 1.542934 -0.068322
v -0.334889 1.449345 -0.067018
v -0.315467 1.359353 -0.063154
v -0.283928 1.276416 -0.056881
v -0.241484 1.203720 -0.048438
v -0.189765 1.144061 -0.038151
v -0.130759 1.099730 -0.026414
v -0.066735 1.072431 -0.013679
v -0.123181 1.982906 -0.051395
v -0.178763 1.941808 -0.074418
v -0.227481 1.882148 -0.094597
v -0.267463 1.809453 -0.111158
v -0.297172 1.726516 -0.123464
v -0.315467 1.636523 -0.131042
v -0.321644 1.542934 -0.133601
v -0.315467 1.449345 -0.131042
v -0.297172 1.359353 -0.123464
v -0.267463 1.276416 -0.111158
v -0.227481 1.203720 -0.094597
v -0.178763 1.144061 -0.074418
v -0.123181 1.099730 -0.051395
v -0.062871 1.072431 -0.026414
v -0.110875 1.982906 -0.074418
v -0.160898 1.941808 -0.107842
v -0.204743 1.882148 -0.137138
v -0.240725 1.809453 -0.161181
v -0.267463 1.726516 -0.179046
v -0.283928 1.636523 -0.190048
v -0.289487 1.542934 -0.193762
v -0.283928 1.449345 -0.190048
v -0.267463 1.359353 -0.179046
v -0.240725 1.276416 -0.161181
v -0.204743 1.203720 -0.137138
v -0.160898 1.144061 -0.107842
v -0.110875 1.099730 -0.074418
v -0.056598 1.072431 -0.038151
v -0.094314 1.982906 -0.094597
v -0.136855 1.941808 -0.137138
v -0.174142 1.882148 -0.174425
v -0.204743 1.809453 -0.205026
v -0.227481 1.726516 -0.227764
v -0.241483 1.636523 -0.241766
v -0.246211 1.542934 -0.246494
v -0.241483 1.449345 -0.241766
v -0.227481 1.359353 -0.227764
v -0.204743 1.276416 -0.205026
v -0.174142 1.203720 -0.174425
v -0.136855 1.144061 -0.137138
v -0.094314 1.099730 -0.094597
v -0.048155 1.072431 -0.048438
v -0.074135 1.982906 -0.111158
v -0.107559 1.941808 -0.161181
v -0.136855 1.882148 -0.205026
v -0.160898 1.809453 -0.241008
v -0.178763 1.726516 -0.267746
v -0.189765 1.636523 -0.284211
v -0.193479 1.542934 -0.289770
v -0.189765 1.449345 -0.284211
v -0.178763 1.359353 -0.267746
v -0.160898 1.276416 -0.241008
v -0.136855 1.203720 -0.205026
v -0.107559 1.144061 -0.161181
v -0.074135 1.099730 -0.111158
v -0.037868 1.072431 -0.056881
v -0.051112 1.982906 -0.123464
v -0.074135 1.941808 -0.179046
v -0.094314 1.882148 -0.227764
v -0.110875 1.809453 -0.267746
v -0.123181 1.726516 -0.297455
v -0.130759 1.636523 -0.315750
v -0.133318 1.542934 -0.321927
v -0.130759 1.449345 -0.315750
v -0.123181 1.359353 -0.297455
v -0.110875 1.276416 -0.267746
v -0.094314 1.203720 -0.227764
v -0.074135 1.144061 -0.179046
v -0.051112 1.099730 -0.123464
v -0.026131 1.072431 -0.063154
v -0.026131 1.982906 -0.131042
v -0.037868 1.941808 -0.190048
v -0.048155 1.882148 -0.241766
v -0.056598 1.809453 -0.284211
v -0.062871 1.726516 -0.315750
v -0.066735 1.636523 -0.335171
v -0.068039 1.542934 -0.341729
v -0.066735 1.449345 -0.335171
v -0.062871 1.359353 -0.315750
v -0.056598 1.276416 -0.284211
v -0.048155 1.203720 -0.241766
v -0.037868 1.144061 -0.190048
v -0.026131 1.099730 -0.131042
v -0.013396 1.072431 -0.067018
v -0.000151 1.982906 -0.133601
v -0.000151 1.882148 -0.246494
v -0.000151 1.726516 -0.321927
v -0.000151 1.359353 -0.321927
v -0.000151 1.203720 -0.246494
v -0.000151 1.144061 -0.193762
v -0.000151 1.099730 -0.133601
v -0.000151 1.072431 -0.068322
v 0.018374 1.982906 -0.093565
v 0.036187 1.982906 -0.088162
v 0.052603 1.982906 -0.079387
v 0.066992 1.982906 -0.067578
v 0.078801 1.982906 -0.053189
v 0.087576 1.982906 -0.036772
v 0.092980 1.982906 -0.018959
v 0.094804 1.982906 -0.000434
v 0.092980 1.982906 0.018091
v 0.087576 1.982906 0.035904
v 0.078801 1.982906 0.052320
v 0.066992 1.982906 0.066709
v 0.052603 1.982906 0.078518
v 0.036187 1.982906 0.087293
v 0.018374 1.982906 0.092697
v -0.000151 1.982906 0.094521
v -0.018676 1.982906 0.092697
v -0.036489 1.982906 0.087293
v -0.052906 1.982906 0.078518
v -0.067295 1.982906 0.066709
v -0.079104 1.982906 0.052320
v -0.087879 1.982906 0.035904
v -0.093282 1.982906 0.018091
v -0.095107 1.982906 -0.000434
v -0.093282 1.982906 -0.018959
v -0.087879 1.982906 -0.036772
v -0.079104 1.982906 -0.053189
v -0.067295 1.982906 -0.067578
v -0.052906 1.982906 -0.079387
v -0.036489 1.982906 -0.088162
v -0.018676 1.982906 -0.093565
v -0.000151 1.982906 -0.095390
v 0.013093 2.028891 -0.067018
v 0.018374 2.028891 -0.093565
v 0.025828 2.028891 -0.063154
v 0.036187 2.028891 -0.088162
v 0.037565 2.028891 -0.056881
v 0.052603 2.028891 -0.079387
v 0.047853 2.028891 -0.048438
v 0.066992 2.028891 -0.067578
v 0.056295 2.028891 -0.038151
v 0.078801 2.028891 -0.053189
v -0.000151 2.028891 -0.000434
v 0.062569 2.028891 -0.026414
v 0.087576 2.028891 -0.036772
v 0.066432 2.028891 -0.013679
v 0.092980 2.028891 -0.018959
v 0.067737 2.028891 -0.000434
v 0.094804 2.028891 -0.000434
v 0.066432 2.028891 0.012810
v 0.092980 2.028891 0.018091
v 0.062569 2.028891 0.025545
v 0.087576 2.028891 0.035904
v 0.056295 2.028891 0.037282
v 0.078801 2.028891 0.052320
v 0.047853 2.028891 0.047570
v 0.066992 2.028891 0.066709
v 0.037565 2.028891 0.056012
v 0.052603 2.028891 0.078518
v 0.025828 2.028891 0.062286
v 0.036187 2.028891 0.087293
v 0.013093 2.028891 0.066149
v 0.018374 2.028891 0.092697
v -0.000151 2.028891 0.067454
v -0.000151 2.028891 0.094521
v -0.013396 2.028891 0.066149
v -0.018676 2.028891 0.092697
v -0.026131 2.028891 0.062286
v -0.036489 2.028891 0.087293
v -0.037868 2.028891 0.056012
v -0.052906 2.028891 0.078518
v -0.048155 2.028891 0.047570
v -0.067295 2.028891 0.066709
v -0.056598 2.028891 0.037282
v -0.079104 2.028891 0.052320
v -0.062871 2.028891 0.025545
v -0.087879 2.028891 0.035904
v -0.066735 2.028891 0.012810
v -0.093282 2.028891 0.018091
v -0.068039 2.028891 -0.000434
v -0.095107 2.028891 -0.000434
v -0.066735 2.028891 -0.013679
v -0.093282 2.028891 -0.018959
v -0.062871 2.028891 -0.026414
v -0.087879 2.028891 -0.036772
v -0.056598 2.028891 -0.038151
v -0.079104 2.028891 -0.053189
v -0.048155 2.028891 -0.048438
v -0.067295 2.028891 -0.067578
v -0.037868 2.028891 -0.056881
v -0.052906 2.028891 -0.079387
v -0.026131 2.028891 -0.063154
v -0.036489 2.028891 -0.088162
v -0.013396 2.028891 -0.067018
v -0.018676 2.028891 -0.093565
v -0.000151 2.028891 -0.068322
v -0.000151 2.028891 -0.095390
vn 0.0980 -0.0000 -0.9952
vn 0.2903 -0.0000 -0.9569
vn 0.4714 -0.0000 -0.8819
vn 0.6344 -0.0000 -0.7730
vn 0.7730 -0.0000 -0.6344
vn 0.8819 -0.0000 -0.4714
vn 0.9569 -0.0000 -0.2903
vn 0.9952 -0.0000 -0.0980
vn 0.9952 -0.0000 0.0980
vn 0.9569 -0.0000 0.2903
vn 0.8819 -0.0000 0.4714
vn 0.7730 -0.0000 0.6344
vn 0.6344 -0.0000 0.7730
vn 0.4714 -0.0000 0.8819
vn 0.2903 -0.0000 0.9569
vn 0.0980 -0.0000 0.9952
vn -0.0980 -0.0000 0.9952
vn -0.2903 -0.0000 0.9569
vn -0.4714 -0.0000 0.8819
vn -0.6344 -0.0000 0.7730
vn -0.7730 -0.0000 0.6344
vn -0.8819 -0.0000 0.4714
vn -0.9569 -0.0000 0.2903
vn -0.9952 -0.0000 0.0980
vn -0.9952 -0.0000 -0.0980
vn -0.9569 -0.0000 -0.2903
vn -0.8819 -0.0000 -0.4714
vn -0.7730 -0.0000 -0.6344
vn -0.6344 -0.0000 -0.7730
vn -0.4714 -0.0000 -0.8819
vn -0.0000 1.0000 -0.0000
vn -0.2903 -0.0000 -0.9569
vn -0.0980 -0.0000 -0.9952
vn -0.0000 -1.0000 -0.0000
vn -0.0485 -0.8689 0.4927
vn -0.1437 -0.8689 0.4737
vn -0.2334 -0.8689 0.4366
vn -0.3141 -0.8689 0.3827
vn -0.3827 -0.8689 0.3141
vn -0.4366 -0.8689 0.2334
vn -0.4737 -0.8689 0.1437
vn -0.4927 -0.8689 0.0485
vn -0.4927 -0.8689 -0.0485
vn -0.4737 -0.8689 -0.1437
vn -0.4366 -0.8689 -0.2334
vn -0.3827 -0.8689 -0.3141
vn -0.3141 -0.8689 -0.3827
vn -0.2334 -0.8689 -0.4366
vn -0.1437 -0.8689 -0.4737
vn -0.0485 -0.8689 -0.4927
vn 0.0485 -0.8689 -0.4927
vn 0.1437 -0.8689 -0.4737
vn 0.2334 -0.8689 -0.4366
vn 0.3141 -0.8689 -0.3827
vn 0.3827 -0.8689 -0.3141
vn 0.4366 -0.8689 -0.2334
vn 0.4737 -0.8689 -0.1437
vn 0.4927 -0.8689 -0.0485
vn 0.4927 -0.8689 0.0485
vn 0.4737 -0.8689 0.1437
vn 0.4366 -0.8689 0.2334
vn 0.3827 -0.8689 0.3141
vn 0.3141 -0.8689 0.3827
vn 0.2334 -0.8689 0.4366
vn 0.1437 -0.8689 0.4737
vn 0.0485 -0.8689 0.4927
vn 0.0914 -0.3600 -0.9285
vn 0.0736 0.6605 -0.7472
vn 0.0843 -0.5097 -0.8562
vn 0.0843 0.5097 -0.8562
vn 0.0736 -0.6605 -0.7472
vn 0.0914 0.3600 -0.9285
vn 0.0583 -0.8037 -0.5922
vn 0.0957 0.2139 -0.9721
vn 0.0380 -0.9219 -0.3855
vn 0.0978 0.0709 -0.9927
vn 0.0132 -0.9908 -0.1345
vn 0.0978 -0.0709 -0.9927
vn 0.0957 -0.2139 -0.9721
vn 0.0555 0.8245 -0.5632
vn 0.2836 -0.2139 -0.9348
vn 0.1643 0.8245 -0.5416
vn 0.2708 -0.3600 -0.8928
vn 0.2180 0.6605 -0.7185
vn 0.2497 -0.5097 -0.8233
vn 0.2497 0.5097 -0.8233
vn 0.2180 -0.6605 -0.7185
vn 0.2708 0.3600 -0.8928
vn 0.1727 -0.8037 -0.5694
vn 0.2836 0.2139 -0.9348
vn 0.1125 -0.9219 -0.3707
vn 0.2896 0.0709 -0.9545
vn 0.0392 -0.9908 -0.1294
vn 0.2896 -0.0709 -0.9545
vn 0.2805 -0.8037 -0.5248
vn 0.4605 0.2139 -0.8615
vn 0.1826 -0.9219 -0.3417
vn 0.4702 0.0709 -0.8797
vn 0.0637 -0.9908 -0.1192
vn 0.4702 -0.0709 -0.8797
vn 0.4605 -0.2139 -0.8615
vn 0.2668 0.8245 -0.4991
vn 0.4398 -0.3600 -0.8228
vn 0.3539 0.6605 -0.6622
vn 0.4056 -0.5097 -0.7588
vn 0.4056 0.5097 -0.7588
vn 0.3539 -0.6605 -0.6622
vn 0.4398 0.3600 -0.8228
vn 0.3590 0.8245 -0.4375
vn 0.5919 -0.3600 -0.7212
vn 0.4763 0.6605 -0.5804
vn 0.5458 -0.5097 -0.6651
vn 0.5458 0.5097 -0.6651
vn 0.4763 -0.6605 -0.5804
vn 0.5919 0.3600 -0.7212
vn 0.3775 -0.8037 -0.4600
vn 0.6197 0.2139 -0.7551
vn 0.2458 -0.9219 -0.2995
vn 0.6328 0.0709 -0.7711
vn 0.0858 -0.9908 -0.1045
vn 0.6328 -0.0709 -0.7711
vn 0.6197 -0.2139 -0.7551
vn 0.7551 0.2139 -0.6197
vn 0.2995 -0.9219 -0.2458
vn 0.7711 0.0709 -0.6328
vn 0.1045 -0.9908 -0.0858
vn 0.7711 -0.0709 -0.6328
vn 0.7551 -0.2139 -0.6197
vn 0.4375 0.8245 -0.3590
vn 0.7212 -0.3600 -0.5919
vn 0.5804 0.6605 -0.4763
vn 0.6651 -0.5097 -0.5458
vn 0.6651 0.5097 -0.5458
vn 0.5804 -0.6605 -0.4763
vn 0.7212 0.3600 -0.5919
vn 0.4600 -0.8037 -0.3775
vn 0.8228 -0.3600 -0.4398
vn 0.6622 0.6605 -0.3539
vn 0.7588 -0.5097 -0.4056
vn 0.7588 0.5097 -0.4056
vn 0.6622 -0.6605 -0.3539
vn 0.8228 0.3600 -0.4398
vn 0.5248 -0.8037 -0.2805
vn 0.8615 0.2139 -0.4605
vn 0.3417 -0.9219 -0.1826
vn 0.8797 0.0709 -0.4702
vn 0.1192 -0.9908 -0.0637
vn 0.8797 -0.0709 -0.4702
vn 0.8615 -0.2139 -0.4605
vn 0.4991 0.8245 -0.2668
vn 0.3707 -0.9219 -0.1125
vn 0.9545 0.0709 -0.2896
vn 0.1294 -0.9908 -0.0392
vn 0.9545 -0.0709 -0.2896
vn 0.9348 -0.2139 -0.2836
vn 0.5416 0.8245 -0.1643
vn 0.8928 -0.3600 -0.2708
vn 0.7185 0.6605 -0.2180
vn 0.8233 -0.5097 -0.2497
vn 0.8233 0.5097 -0.2497
vn 0.7185 -0.6605 -0.2180
vn 0.8928 0.3600 -0.2708
vn 0.5694 -0.8037 -0.1727
vn 0.9348 0.2139 -0.2836
vn 0.8562 -0.5097 -0.0843
vn 0.8562 0.5097 -0.0843
vn 0.7472 -0.6605 -0.0736
vn 0.9285 0.3600 -0.0914
vn 0.5922 -0.8037 -0.0583
vn 0.9721 0.2139 -0.0957
vn 0.3855 -0.9219 -0.0380
vn 0.9927 0.0709 -0.0978
vn 0.1345 -0.9908 -0.0132
vn 0.9927 -0.0709 -0.0978
vn 0.9721 -0.2139 -0.0957
vn 0.5632 0.8245 -0.0555
vn 0.9285 -0.3600 -0.0914
vn 0.7472 0.6605 -0.0736
vn 0.1345 -0.9908 0.0132
vn 0.9927 -0.0709 0.0978
vn 0.9721 -0.2139 0.0957
vn 0.5632 0.8245 0.0555
vn 0.9285 -0.3600 0.0914
vn 0.7472 0.6605 0.0736
vn 0.8562 -0.5097 0.0843
vn 0.8562 0.5097 0.0843
vn 0.7472 -0.6605 0.0736
vn 0.9285 0.3600 0.0914
vn 0.5922 -0.8037 0.0583
vn 0.9721 0.2139 0.0958
vn 0.3855 -0.9219 0.0380
vn 0.9927 0.0709 0.0978
vn 0.8233 0.5097 0.2497
vn 0.7185 -0.6605 0.2180
vn 0.8928 0.3600 0.2708
vn 0.5694 -0.8037 0.1727
vn 0.9348 0.2139 0.2836
vn 0.3707 -0.9219 0.1125
vn 0.9545 0.0709 0.2896
vn 0.1294 -0.9908 0.0392
vn 0.9545 -0.0709 0.2896
vn 0.9348 -0.2139 0.2836
vn 0.5416 0.8245 0.1643
vn 0.8928 -0.3600 0.2708
vn 0.7185 0.6605 0.2180
vn 0.8233 -0.5097 0.2497
vn 0.8797 -0.0709 0.4702
vn 0.8615 -0.2139 0.4605
vn 0.4991 0.8245 0.2668
vn 0.8228 -0.3600 0.4398
vn 0.6622 0.6605 0.3539
vn 0.7588 -0.5097 0.4056
vn 0.7588 0.5097 0.4056
vn 0.6622 -0.6605 0.3539
vn 0.8228 0.3600 0.4398
vn 0.5248 -0.8037 0.2805
vn 0.8615 0.2139 0.4605
vn 0.3417 -0.9219 0.1826
vn 0.8797 0.0709 0.4702
vn 0.1192 -0.9908 0.0637
vn 0.5804 -0.6605 0.4763
vn 0.7212 0.3600 0.5919
vn 0.4600 -0.8037 0.3775
vn 0.7551 0.2139 0.6197
vn 0.2995 -0.9219 0.2458
vn 0.7711 0.0709 0.6328
vn 0.1045 -0.9908 0.0858
vn 0.7711 -0.0709 0.6328
vn 0.7551 -0.2139 0.6197
vn 0.4375 0.8245 0.3590
vn 0.7212 -0.3600 0.5919
vn 0.5804 0.6605 0.4763
vn 0.6651 -0.5097 0.5458
vn 0.6651 0.5097 0.5458
vn 0.6197 -0.2139 0.7551
vn 0.3590 0.8245 0.4375
vn 0.5919 -0.3600 0.7212
vn 0.4763 0.6605 0.5804
vn 0.5458 -0.5097 0.6651
vn 0.5458 0.5097 0.6651
vn 0.4763 -0.6605 0.5804
vn 0.5919 0.3600 0.7212
vn 0.3775 -0.8037 0.4600
vn 0.6197 0.2139 0.7551
vn 0.2458 -0.9219 0.2995
vn 0.6328 0.0709 0.7711
vn 0.0858 -0.9908 0.1045
vn 0.6328 -0.0709 0.7711
vn 0.4398 0.3600 0.8228
vn 0.2805 -0.8037 0.5248
vn 0.4605 0.2139 0.8615
vn 0.1826 -0.9219 0.3417
vn 0.4702 0.0709 0.8797
vn 0.0637 -0.9908 0.1192
vn 0.4702 -0.0709 0.8797
vn 0.4605 -0.2139 0.8615
vn 0.2668 0.8245 0.4991
vn 0.4398 -0.3600 0.8228
vn 0.3539 0.6605 0.6622
vn 0.4056 -0.5097 0.7588
vn 0.4056 0.5097 0.7588
vn 0.3539 -0.6605 0.6622
vn 0.2836 -0.2139 0.9348
vn 0.1643 0.8245 0.5416
vn 0.2708 -0.3600 0.8928
vn 0.2180 0.6605 0.7185
vn 0.2497 -0.5097 0.8233
vn 0.2497 0.5097 0.8233
vn 0.2180 -0.6605 0.7185
vn 0.2708 0.3600 0.8928
vn 0.1727 -0.8037 0.5694
vn 0.2836 0.2139 0.9348
vn 0.1125 -0.9219 0.3707
vn 0.2896 0.0709 0.9545
vn 0.0392 -0.9908 0.1294
vn 0.2896 -0.0709 0.9545
vn 0.0583 -0.8037 0.5922
vn 0.0957 0.2139 0.9721
vn 0.0380 -0.9219 0.3855
vn 0.0978 0.0709 0.9927
vn 0.0133 -0.9908 0.1345
vn 0.0978 -0.0709 0.9927
vn 0.0957 -0.2139 0.9721
vn 0.0555 0.8245 0.5632
vn 0.0914 -0.3600 0.9285
vn 0.0736 0.6605 0.7472
vn 0.0843 -0.5097 0.8562
vn 0.0843 0.5097 0.8562
vn 0.0736 -0.6605 0.7472
vn 0.0914 0.3600 0.9285
vn -0.0914 -0.3600 0.9285
vn -0.0736 0.6605 0.7472
vn -0.0843 -0.5097 0.8562
vn -0.0843 0.5097 0.8562
vn -0.0736 -0.6605 0.7472
vn -0.0914 0.3600 0.9285
vn -0.0583 -0.8037 0.5922
vn -0.0957 0.2139 0.9721
vn -0.0380 -0.9219 0.3855
vn -0.0978 0.0709 0.9927
vn -0.0133 -0.9908 0.1345
vn -0.0978 -0.0709 0.9927
vn -0.0957 -0.2139 0.9721
vn -0.0555 0.8245 0.5632
vn -0.1125 -0.9219 0.3707
vn -0.2896 0.0709 0.9545
vn -0.0392 -0.9908 0.1294
vn -0.2896 -0.0709 0.9545
vn -0.2836 -0.2139 0.9348
vn -0.1643 0.8245 0.5416
vn -0.2708 -0.3600 0.8928
vn -0.2180 0.6605 0.7185
vn -0.2497 -0.5097 0.8233
vn -0.2497 0.5097 0.8233
vn -0.2180 -0.6605 0.7185
vn -0.2708 0.3600 0.8928
vn -0.1727 -0.8037 0.5694
vn -0.2836 0.2139 0.9348
vn -0.3540 0.6605 0.6622
vn -0.4056 -0.5097 0.7588
vn -0.4056 0.5097 0.7588
vn -0.3539 -0.6605 0.6622
vn -0.4398 0.3600 0.8228
vn -0.2805 -0.8037 0.5248
vn -0.4605 0.2139 0.8615
vn -0.1826 -0.9219 0.3417
vn -0.4702 0.0709 0.8797
vn -0.0637 -0.9908 0.1192
vn -0.4702 -0.0709 0.8797
vn -0.4605 -0.2139 0.8615
vn -0.2668 0.8245 0.4991
vn -0.4398 -0.3600 0.8228
vn -0.6328 0.0709 0.7711
vn -0.0858 -0.9908 0.1045
vn -0.6328 -0.0709 0.7711
vn -0.6197 -0.2139 0.7551
vn -0.3590 0.8245 0.4375
vn -0.5919 -0.3600 0.7212
vn -0.4763 0.6605 0.5804
vn -0.5458 -0.5097 0.6651
vn -0.5458 0.5097 0.6651
vn -0.4763 -0.6605 0.5804
vn -0.5919 0.3600 0.7212
vn -0.3775 -0.8037 0.4600
vn -0.6197 0.2139 0.7551
vn -0.2458 -0.9219 0.2995
vn -0.6651 -0.5097 0.5458
vn -0.6651 0.5097 0.5458
vn -0.5804 -0.6605 0.4763
vn -0.7212 0.3600 0.5919
vn -0.4600 -0.8037 0.3775
vn -0.7551 0.2139 0.6197
vn -0.2995 -0.9219 0.2458
vn -0.7711 0.0709 0.6328
vn -0.1045 -0.9908 0.0858
vn -0.7711 -0.0709 0.6328
vn -0.7551 -0.2139 0.6197
vn -0.4375 0.8245 0.3590
vn -0.7212 -0.3600 0.5919
vn -0.5804 0.6605 0.4763
vn -0.1192 -0.9908 0.0637
vn -0.8797 -0.0709 0.4702
vn -0.8615 -0.2139 0.4605
vn -0.4991 0.8245 0.2668
vn -0.8228 -0.3600 0.4398
vn -0.6622 0.6605 0.3539
vn -0.7588 -0.5097 0.4056
vn -0.7588 0.5097 0.4056
vn -0.6622 -0.6605 0.3539
vn -0.8228 0.3600 0.4398
vn -0.5248 -0.8037 0.2805
vn -0.8615 0.2139 0.4605
vn -0.3417 -0.9219 0.1826
vn -0.8797 0.0709 0.4702
vn -0.8233 0.5097 0.2497
vn -0.7185 -0.6605 0.2180
vn -0.8928 0.3600 0.2708
vn -0.5694 -0.8037 0.1727
vn -0.9348 0.2139 0.2836
vn -0.3707 -0.9219 0.1125
vn -0.9545 0.0709 0.2896
vn -0.1294 -0.9908 0.0392
vn -0.9545 -0.0709 0.2896
vn -0.9348 -0.2139 0.2836
vn -0.5416 0.8245 0.1643
vn -0.8928 -0.3600 0.2708
vn -0.7185 0.6605 0.2180
vn -0.8233 -0.5097 0.2497
vn -0.9927 -0.0709 0.0978
vn -0.9721 -0.2139 0.0957
vn -0.5632 0.8245 0.0555
vn -0.9285 -0.3600 0.0914
vn -0.7472 0.6605 0.0736
vn -0.8562 -0.5097 0.0843
vn -0.8562 0.5097 0.0843
vn -0.7472 -0.6605 0.0736
vn -0.9285 0.3600 0.0914
vn -0.5922 -0.8037 0.0583
vn -0.9721 0.2139 0.0957
vn -0.3855 -0.9219 0.0380
vn -0.9927 0.0709 0.0978
vn -0.1345 -0.9908 0.0132
vn -0.7472 -0.6605 -0.0736
vn -0.9285 0.3600 -0.0914
vn -0.5922 -0.8037 -0.0583
vn -0.9721 0.2139 -0.0957
vn -0.3855 -0.9219 -0.0380
vn -0.9927 0.0709 -0.0978
vn -0.1345 -0.9908 -0.0132
vn -0.9927 -0.0709 -0.0978
vn -0.9721 -0.2139 -0.0957
vn -0.5632 0.8245 -0.0555
vn -0.9285 -0.3600 -0.0914
vn -0.7472 0.6605 -0.0736
vn -0.8562 -0.5097 -0.0843
vn -0.8562 0.5097 -0.0843
vn -0.9348 -0.2139 -0.2836
vn -0.5416 0.8245 -0.1643
vn -0.8928 -0.3600 -0.2708
vn -0.7185 0.6605 -0.2180
vn -0.8233 -0.5097 -0.2497
vn -0.8233 0.5097 -0.2497
vn -0.7185 -0.6605 -0.2180
vn -0.8928 0.3600 -0.2708
vn -0.5694 -0.8037 -0.1727
vn -0.9348 0.2139 -0.2836
vn -0.3707 -0.9219 -0.1125
vn -0.9545 0.0709 -0.2896
vn -0.1294 -0.9908 -0.0392
vn -0.9545 -0.0709 -0.2896
vn -0.5248 -0.8037 -0.2805
vn -0.8615 0.2139 -0.4605
vn -0.3417 -0.9219 -0.1826
vn -0.8797 0.0709 -0.4702
vn -0.1192 -0.9908 -0.0637
vn -0.8797 -0.0709 -0.4702
vn -0.8615 -0.2139 -0.4605
vn -0.4991 0.8245 -0.2668
vn -0.8228 -0.3600 -0.4398
vn -0.6622 0.6605 -0.3539
vn -0.7588 -0.5097 -0.4056
vn -0.7588 0.5097 -0.4056
vn -0.6622 -0.6605 -0.3539
vn -0.8228 0.3600 -0.4398
vn -0.4375 0.8245 -0.3590
vn -0.7212 -0.3600 -0.5919
vn -0.5804 0.6605 -0.4763
vn -0.6651 -0.5097 -0.5458
vn -0.6651 0.5097 -0.5458
vn -0.5804 -0.6605 -0.4763
vn -0.7212 0.3600 -0.5919
vn -0.4600 -0.8037 -0.3775
vn -0.7551 0.2139 -0.6197
vn -0.2995 -0.9219 -0.2458
vn -0.7711 0.0709 -0.6328
vn -0.1045 -0.9908 -0.0858
vn -0.7711 -0.0709 -0.6328
vn -0.7551 -0.2139 -0.6197
vn -0.6197 0.2139 -0.7551
vn -0.2458 -0.9219 -0.2995
vn -0.6328 0.0709 -0.7711
vn -0.0858 -0.9908 -0.1045
vn -0.6328 -0.0709 -0.7711
vn -0.6197 -0.2139 -0.7551
vn -0.3590 0.8245 -0.4375
vn -0.5919 -0.3600 -0.7212
vn -0.4763 0.6605 -0.5804
vn -0.5458 -0.5097 -0.6651
vn -0.5458 0.5097 -0.6651
vn -0.4763 -0.6605 -0.5804
vn -0.5919 0.3600 -0.7212
vn -0.3775 -0.8037 -0.4600
vn -0.4398 -0.3600 -0.8228
vn -0.3539 0.6605 -0.6622
vn -0.4056 -0.5097 -0.7588
vn -0.4056 0.5097 -0.7588
vn -0.3539 -0.6605 -0.6622
vn -0.4398 0.3600 -0.8228
vn -0.2805 -0.8037 -0.5248
vn -0.4605 0.2139 -0.8615
vn -0.1826 -0.9219 -0.3417
vn -0.4702 0.0709 -0.8797
vn -0.0637 -0.9908 -0.1192
vn -0.4702 -0.0709 -0.8797
vn -0.4605 -0.2139 -0.8615
vn -0.2668 0.8244 -0.4991
vn -0.1125 -0.9219 -0.3707
vn -0.2896 0.0709 -0.9545
vn -0.0392 -0.9908 -0.1294
vn -0.2896 -0.0709 -0.9545
vn -0.2836 -0.2139 -0.9348
vn -0.1643 0.8245 -0.5416
vn -0.2708 -0.3600 -0.8928
vn -0.2180 0.6605 -0.7185
vn -0.2497 -0.5097 -0.8233
vn -0.2497 0.5097 -0.8233
vn -0.2180 -0.6605 -0.7185
vn -0.2708 0.3600 -0.8928
vn -0.1727 -0.8037 -0.5694
vn -0.2836 0.2139 -0.9348
vn -0.0736 0.6605 -0.7472
vn -0.0843 -0.5097 -0.8562
vn -0.0843 0.5097 -0.8562
vn -0.0736 -0.6605 -0.7472
vn -0.0914 0.3600 -0.9285
vn -0.0583 -0.8037 -0.5922
vn -0.0958 0.2139 -0.9721
vn -0.0380 -0.9219 -0.3855
vn -0.0978 0.0709 -0.9927
vn -0.0132 -0.9908 -0.1345
vn -0.0978 -0.0709 -0.9927
vn -0.0957 -0.2139 -0.9721
vn -0.0555 0.8245 -0.5632
vn -0.0915 -0.3600 -0.9285
vn 0.4375 0.8244 -0.3590
vn 0.9721 0.2139 0.0957
vn -0.3539 0.6605 0.6622
vn -0.2668 0.8244 0.4991
vn -0.5416 0.8244 0.1643
vn -0.5632 0.8244 0.0555
vn -0.5416 0.8244 -0.1643
vn -0.2668 0.8245 -0.4991
vn -0.0915 0.3600 -0.9285
vn -0.0957 0.2139 -0.9721
vn -0.0958 -0.2139 -0.9721
vn -0.0914 -0.3600 -0.9285
vt 0.292363 0.611294
vt 0.005610 0.606039
vt 0.417610 0.494670
vt 0.294582 0.600139
vt 0.396147 0.494670
vt 0.005610 0.627922
vt 0.298935 0.589632
vt 0.375930 0.494670
vt 0.009879 0.649384
vt 0.305253 0.580175
vt 0.357735 0.494670
vt 0.178189 0.494670
vt 0.018254 0.669602
vt 0.313295 0.572133
vt 0.162715 0.494670
vt 0.030411 0.687797
vt 0.322752 0.565814
vt 0.144521 0.494670
vt 0.045885 0.703270
vt 0.333260 0.561462
vt 0.124303 0.494670
vt 0.064079 0.715428
vt 0.344414 0.559243
vt 0.102841 0.494670
vt 0.084297 0.723802
vt 0.355788 0.559243
vt 0.080958 0.494670
vt 0.105759 0.728071
vt 0.366943 0.561462
vt 0.059496 0.494670
vt 0.127642 0.728071
vt 0.377450 0.565814
vt 0.039279 0.494670
vt 0.149104 0.723802
vt 0.386907 0.572133
vt 0.021084 0.494670
vt 0.169321 0.715428
vt 0.394949 0.580175
vt 0.005610 0.494670
vt 0.346515 0.494670
vt 0.187516 0.703270
vt 0.401267 0.589632
vt 0.331041 0.494670
vt 0.202990 0.687797
vt 0.405620 0.600139
vt 0.312846 0.494670
vt 0.215147 0.669602
vt 0.407839 0.611294
vt 0.292629 0.494670
vt 0.223521 0.649385
vt 0.407839 0.622667
vt 0.271167 0.494670
vt 0.227790 0.627922
vt 0.405620 0.633822
vt 0.249284 0.494670
vt 0.227790 0.606039
vt 0.401267 0.644330
vt 0.227822 0.494670
vt 0.223521 0.584577
vt 0.394949 0.653786
vt 0.207604 0.494670
vt 0.215147 0.564360
vt 0.386907 0.661829
vt 0.189409 0.494670
vt 0.667693 0.493834
vt 0.202990 0.546165
vt 0.377450 0.668147
vt 0.649498 0.494544
vt 0.187516 0.530692
vt 0.366943 0.672500
vt 0.629281 0.495034
vt 0.169321 0.518534
vt 0.355788 0.674718
vt 0.607818 0.495284
vt 0.149104 0.510160
vt 0.344414 0.674718
vt 0.585935 0.495284
vt 0.127642 0.505891
vt 0.333260 0.672500
vt 0.564473 0.495034
vt 0.105759 0.505891
vt 0.322752 0.668147
vt 0.544256 0.494544
vt 0.084297 0.510160
vt 0.313295 0.661829
vt 0.526061 0.493834
vt 0.514840 0.494670
vt 0.064080 0.518534
vt 0.305253 0.653786
vt 0.499367 0.494670
vt 0.045885 0.530691
vt 0.298935 0.644330
vt 0.481172 0.494670
vt 0.030411 0.546165
vt 0.294582 0.633822
vt 0.018254 0.564360
vt 0.460955 0.494670
vt 0.292363 0.622667
vt 0.009879 0.584577
vt 0.439492 0.494670
vt 0.417610 0.005610
vt 0.239011 0.606039
vt 0.396147 0.005610
vt 0.243280 0.584577
vt 0.375930 0.005610
vt 0.251654 0.564360
vt 0.178189 0.005610
vt 0.357735 0.005610
vt 0.263812 0.546165
vt 0.162715 0.005610
vt 0.279285 0.530691
vt 0.144521 0.005610
vt 0.297480 0.518534
vt 0.124303 0.005610
vt 0.317697 0.510160
vt 0.102841 0.005610
vt 0.339160 0.505891
vt 0.080958 0.005610
vt 0.361042 0.505891
vt 0.059496 0.005610
vt 0.382505 0.510160
vt 0.039279 0.005610
vt 0.402722 0.518534
vt 0.021084 0.005610
vt 0.420917 0.530692
vt 0.346515 0.005610
vt 0.005610 0.005610
vt 0.436390 0.546165
vt 0.331041 0.005610
vt 0.448548 0.564360
vt 0.312846 0.005610
vt 0.456922 0.584577
vt 0.292629 0.005610
vt 0.461191 0.606039
vt 0.271167 0.005610
vt 0.461191 0.627922
vt 0.249284 0.005610
vt 0.456922 0.649385
vt 0.227822 0.005610
vt 0.448548 0.669602
vt 0.207604 0.005610
vt 0.436390 0.687797
vt 0.667693 0.005610
vt 0.189409 0.005610
vt 0.420917 0.703270
vt 0.649498 0.006321
vt 0.402722 0.715428
vt 0.629281 0.006811
vt 0.382505 0.723802
vt 0.607818 0.007060
vt 0.361042 0.728071
vt 0.585935 0.007060
vt 0.339160 0.728071
vt 0.564473 0.006811
vt 0.317697 0.723802
vt 0.544256 0.006321
vt 0.297480 0.715428
vt 0.514840 0.005610
vt 0.526061 0.005610
vt 0.279285 0.703270
vt 0.499367 0.005610
vt 0.263812 0.687797
vt 0.481172 0.005610
vt 0.251654 0.669602
vt 0.460955 0.005610
vt 0.243280 0.649384
vt 0.439492 0.005610
vt 0.239011 0.627922
vt 0.269744 0.609066
vt 0.272832 0.593542
vt 0.278890 0.578918
vt 0.287684 0.565756
vt 0.298877 0.554563
vt 0.312038 0.545769
vt 0.326662 0.539712
vt 0.342187 0.536624
vt 0.358016 0.536624
vt 0.373540 0.539712
vt 0.388164 0.545769
vt 0.401326 0.554563
vt 0.412518 0.565756
vt 0.421312 0.578918
vt 0.427370 0.593542
vt 0.430458 0.609066
vt 0.430458 0.624895
vt 0.427370 0.640420
vt 0.421312 0.655044
vt 0.412518 0.668205
vt 0.401326 0.679398
vt 0.388164 0.688192
vt 0.373540 0.694250
vt 0.358016 0.697338
vt 0.342187 0.697338
vt 0.326662 0.694250
vt 0.312038 0.688192
vt 0.298877 0.679398
vt 0.287684 0.668205
vt 0.278890 0.655044
vt 0.272832 0.640420
vt 0.269744 0.624895
vt 0.760268 0.409115
vt 0.070143 0.994390
vt 0.067134 0.952066
vt 0.065505 0.896768
vt 0.065296 0.866840
vt 0.065505 0.836913
vt 0.067134 0.781615
vt 0.766570 0.388341
vt 0.772154 0.406751
vt 0.058257 0.994390
vt 0.053362 0.975312
vt 0.049345 0.952066
vt 0.046360 0.925545
vt 0.044522 0.896768
vt 0.043901 0.866840
vt 0.044522 0.836913
vt 0.046360 0.808136
vt 0.049345 0.781615
vt 0.053362 0.758369
vt 0.058257 0.739291
vt 0.252909 0.749525
vt 0.247325 0.767935
vt 0.241265 0.787910
vt 0.774282 0.385146
vt 0.047060 0.994390
vt 0.783351 0.402113
vt 0.791300 0.416984
vt 0.039111 0.975312
vt 0.032588 0.952066
vt 0.027741 0.925545
vt 0.024756 0.896768
vt 0.023748 0.866840
vt 0.024756 0.836913
vt 0.027741 0.808136
vt 0.032588 0.781615
vt 0.039111 0.758369
vt 0.272055 0.739291
vt 0.047060 0.739291
vt 0.264106 0.754163
vt 0.255037 0.771129
vt 0.245197 0.789539
vt 0.781223 0.380509
vt 0.793428 0.395380
vt 0.026286 0.975312
vt 0.804125 0.408415
vt 0.672901 0.742525
vt 0.017507 0.952066
vt 0.683598 0.719279
vt 0.010984 0.925545
vt 0.691547 0.692758
vt 0.006967 0.896768
vt 0.696442 0.663980
vt 0.005610 0.866840
vt 0.698095 0.634053
vt 0.006967 0.836913
vt 0.696442 0.604126
vt 0.010984 0.808136
vt 0.691547 0.575349
vt 0.017507 0.781615
vt 0.683598 0.548828
vt 0.026286 0.758369
vt 0.672901 0.525582
vt 0.284880 0.747861
vt 0.274183 0.760896
vt 0.261978 0.775767
vt 0.248736 0.791903
vt 0.787126 0.374606
vt 0.801997 0.386810
vt 0.815032 0.397508
vt 0.661994 0.742525
vt 0.670773 0.719279
vt 0.677297 0.692758
vt 0.681314 0.663980
vt 0.682670 0.634053
vt 0.681314 0.604126
vt 0.677297 0.575349
vt 0.670773 0.548828
vt 0.661994 0.525582
vt 0.295787 0.758768
vt 0.282752 0.769465
vt 0.267881 0.781670
vt 0.251745 0.794912
vt 0.791764 0.367665
vt 0.808730 0.376734
vt 0.641220 0.761602
vt 0.823601 0.384683
vt 0.649169 0.742525
vt 0.655693 0.719279
vt 0.660540 0.692758
vt 0.663525 0.663980
vt 0.664533 0.634053
vt 0.663525 0.604126
vt 0.660540 0.575349
vt 0.655693 0.548828
vt 0.304356 0.771593
vt 0.649169 0.525582
vt 0.641220 0.506504
vt 0.289485 0.779542
vt 0.272519 0.788611
vt 0.254109 0.798451
vt 0.794958 0.359953
vt 0.813368 0.365537
vt 0.630024 0.761602
vt 0.634919 0.742525
vt 0.638936 0.719279
vt 0.641921 0.692758
vt 0.643759 0.663980
vt 0.644379 0.634053
vt 0.643759 0.604126
vt 0.641921 0.575349
vt 0.638936 0.548828
vt 0.634919 0.525582
vt 0.630024 0.506504
vt 0.294123 0.790738
vt 0.275713 0.796323
vt 0.255738 0.802382
vt 0.796587 0.351765
vt 0.815732 0.353651
vt 0.618137 0.761602
vt 0.619790 0.742525
vt 0.621147 0.719279
vt 0.622155 0.692758
vt 0.622775 0.663980
vt 0.622985 0.634053
vt 0.622775 0.604126
vt 0.622155 0.575349
vt 0.621147 0.548828
vt 0.619790 0.525582
vt 0.618137 0.506504
vt 0.296487 0.802625
vt 0.277342 0.804510
vt 0.256568 0.806556
vt 0.796587 0.343417
vt 0.815732 0.341532
vt 0.606018 0.761602
vt 0.604366 0.742525
vt 0.603009 0.719279
vt 0.602001 0.692758
vt 0.601381 0.663980
vt 0.601171 0.634053
vt 0.601381 0.604126
vt 0.602001 0.575349
vt 0.603009 0.548828
vt 0.604366 0.525582
vt 0.606018 0.506504
vt 0.296487 0.814744
vt 0.277342 0.812858
vt 0.256568 0.810812
vt 0.794958 0.335230
vt 0.813368 0.329646
vt 0.594132 0.761602
vt 0.589237 0.742525
vt 0.585220 0.719279
vt 0.582235 0.692758
vt 0.580397 0.663980
vt 0.579776 0.634053
vt 0.580397 0.604126
vt 0.582235 0.575349
vt 0.585220 0.548828
vt 0.589237 0.525582
vt 0.594132 0.506504
vt 0.294123 0.826630
vt 0.275713 0.821045
vt 0.255738 0.814986
vt 0.791764 0.327518
vt 0.582936 0.761602
vt 0.808730 0.318449
vt 0.823601 0.310500
vt 0.574987 0.742525
vt 0.568463 0.719279
vt 0.563616 0.692758
vt 0.560631 0.663980
vt 0.559623 0.634053
vt 0.560631 0.604126
vt 0.563616 0.575349
vt 0.568463 0.548828
vt 0.574987 0.525582
vt 0.304356 0.845775
vt 0.582936 0.506504
vt 0.289485 0.837826
vt 0.272519 0.828758
vt 0.254109 0.818918
vt 0.787126 0.320577
vt 0.801997 0.308372
vt 0.815032 0.297675
vt 0.562162 0.742525
vt 0.553383 0.719279
vt 0.546859 0.692758
vt 0.542842 0.663980
vt 0.541486 0.634053
vt 0.542842 0.604126
vt 0.546859 0.575349
vt 0.553383 0.548828
vt 0.295787 0.858600
vt 0.562162 0.525582
vt 0.282752 0.847903
vt 0.267881 0.835699
vt 0.251745 0.822456
vt 0.781223 0.314674
vt 0.793428 0.299803
vt 0.804125 0.286768
vt 0.551255 0.742525
vt 0.840731 0.742525
vt 0.540557 0.719279
vt 0.851428 0.719279
vt 0.532609 0.692758
vt 0.859377 0.692758
vt 0.527714 0.663980
vt 0.864272 0.663980
vt 0.526061 0.634053
vt 0.865925 0.634053
vt 0.527714 0.604126
vt 0.864272 0.604126
vt 0.532609 0.575349
vt 0.859377 0.575349
vt 0.540557 0.548828
vt 0.851428 0.548828
vt 0.551255 0.525582
vt 0.840731 0.525582
vt 0.284880 0.869507
vt 0.274183 0.856473
vt 0.261978 0.841601
vt 0.248736 0.825465
vt 0.774282 0.310036
vt 0.783351 0.293070
vt 0.791300 0.278199
vt 0.829824 0.742525
vt 0.838603 0.719279
vt 0.845127 0.692758
vt 0.849144 0.663980
vt 0.850500 0.634053
vt 0.849144 0.604126
vt 0.845127 0.575349
vt 0.838603 0.548828
vt 0.829824 0.525582
vt 0.272055 0.878077
vt 0.264106 0.863206
vt 0.255037 0.846239
vt 0.245197 0.827830
vt 0.766570 0.306842
vt 0.772155 0.288432
vt 0.809050 0.761602
vt 0.777049 0.272296
vt 0.816999 0.742525
vt 0.823522 0.719279
vt 0.828370 0.692758
vt 0.831355 0.663980
vt 0.832363 0.634053
vt 0.831355 0.604126
vt 0.828370 0.575349
vt 0.823522 0.548828
vt 0.257804 0.883980
vt 0.816999 0.525582
vt 0.809050 0.506504
vt 0.252909 0.867843
vt 0.247325 0.849434
vt 0.241265 0.829458
vt 0.758383 0.305213
vt 0.760268 0.286068
vt 0.797854 0.761602
vt 0.802748 0.742525
vt 0.806766 0.719279
vt 0.809751 0.692758
vt 0.811589 0.663980
vt 0.812209 0.634053
vt 0.811589 0.604126
vt 0.809751 0.575349
vt 0.806766 0.548828
vt 0.802748 0.525582
vt 0.797854 0.506504
vt 0.241023 0.870208
vt 0.239138 0.851062
vt 0.237092 0.830288
vt 0.750035 0.305213
vt 0.748149 0.286068
vt 0.785967 0.761602
vt 0.787620 0.742525
vt 0.788977 0.719279
vt 0.789984 0.692758
vt 0.790605 0.663980
vt 0.790815 0.634053
vt 0.790605 0.604126
vt 0.789984 0.575349
vt 0.788977 0.548828
vt 0.787620 0.525582
vt 0.785967 0.506504
vt 0.228904 0.870208
vt 0.230790 0.851062
vt 0.232836 0.830288
vt 0.741847 0.306842
vt 0.736263 0.288432
vt 0.773848 0.761602
vt 0.772195 0.742525
vt 0.770839 0.719279
vt 0.769831 0.692758
vt 0.769210 0.663980
vt 0.769001 0.634053
vt 0.769210 0.604126
vt 0.769831 0.575349
vt 0.770839 0.548828
vt 0.772195 0.525582
vt 0.773848 0.506504
vt 0.217018 0.867843
vt 0.222602 0.849434
vt 0.228662 0.829458
vt 0.734135 0.310036
vt 0.761962 0.761602
vt 0.725066 0.293070
vt 0.757067 0.742525
vt 0.753050 0.719279
vt 0.750065 0.692758
vt 0.748227 0.663980
vt 0.747606 0.634053
vt 0.748227 0.604126
vt 0.750065 0.575349
vt 0.753050 0.548828
vt 0.757067 0.525582
vt 0.761962 0.506504
vt 0.205821 0.863206
vt 0.214890 0.846239
vt 0.224730 0.827830
vt 0.727194 0.314674
vt 0.750765 0.761602
vt 0.714990 0.299803
vt 0.704292 0.286768
vt 0.742817 0.742525
vt 0.736293 0.719279
vt 0.731446 0.692758
vt 0.728461 0.663980
vt 0.727453 0.634053
vt 0.728461 0.604126
vt 0.731446 0.575349
vt 0.736293 0.548828
vt 0.742817 0.525582
vt 0.185047 0.869507
vt 0.750765 0.506504
vt 0.195745 0.856473
vt 0.207949 0.841601
vt 0.221192 0.825465
vt 0.721291 0.320577
vt 0.706420 0.308372
vt 0.693385 0.297675
vt 0.729991 0.742525
vt 0.814846 0.241990
vt 0.721212 0.719279
vt 0.823626 0.219409
vt 0.714689 0.692758
vt 0.830149 0.193397
vt 0.710672 0.663980
vt 0.834166 0.164956
vt 0.709315 0.634053
vt 0.835522 0.135176
vt 0.710672 0.604126
vt 0.834166 0.105203
vt 0.714689 0.575349
vt 0.830149 0.076189
vt 0.721212 0.548828
vt 0.823626 0.049249
vt 0.729991 0.525582
vt 0.174141 0.858600
vt 0.814846 0.025417
vt 0.804149 0.005610
vt 0.187175 0.847903
vt 0.202046 0.835699
vt 0.218183 0.822456
vt 0.234964 0.808684
vt 0.716654 0.327518
vt 0.699687 0.318449
vt 0.684816 0.310500
vt 0.802021 0.242491
vt 0.808545 0.219998
vt 0.813392 0.194052
vt 0.816377 0.165650
vt 0.817385 0.135885
vt 0.816377 0.105898
vt 0.813392 0.076844
vt 0.808545 0.049838
vt 0.802021 0.025918
vt 0.794072 0.006004
vt 0.180442 0.837826
vt 0.197409 0.828758
vt 0.215818 0.818918
vt 0.713459 0.335230
vt 0.695049 0.329646
vt 0.782876 0.260937
vt 0.678913 0.324751
vt 0.787771 0.242836
vt 0.791788 0.220403
vt 0.794773 0.194503
vt 0.796611 0.166129
vt 0.797232 0.136373
vt 0.796611 0.106377
vt 0.794773 0.077295
vt 0.791788 0.050244
vt 0.787771 0.026263
vt 0.782876 0.006275
vt 0.175804 0.826630
vt 0.194214 0.821045
vt 0.214190 0.814986
vt 0.711830 0.343417
vt 0.692685 0.341532
vt 0.770990 0.261075
vt 0.772642 0.243011
vt 0.773999 0.220610
vt 0.775007 0.194733
vt 0.775627 0.166373
vt 0.775837 0.136621
vt 0.775627 0.106621
vt 0.775007 0.077525
vt 0.773999 0.050450
vt 0.772642 0.026439
vt 0.770990 0.006413
vt 0.173440 0.814744
vt 0.192586 0.812858
vt 0.213360 0.810812
vt 0.711830 0.351765
vt 0.692685 0.353651
vt 0.758871 0.261075
vt 0.757218 0.243011
vt 0.755861 0.220610
vt 0.754853 0.194733
vt 0.754233 0.166373
vt 0.754023 0.136621
vt 0.754233 0.106621
vt 0.754853 0.077525
vt 0.755861 0.050450
vt 0.757218 0.026439
vt 0.758871 0.006413
vt 0.173440 0.802625
vt 0.192586 0.804510
vt 0.213360 0.806556
vt 0.713459 0.359953
vt 0.746984 0.260937
vt 0.695049 0.365537
vt 0.678913 0.370432
vt 0.742090 0.242836
vt 0.738072 0.220403
vt 0.735087 0.194503
vt 0.733249 0.166129
vt 0.732629 0.136373
vt 0.733249 0.106377
vt 0.735087 0.077295
vt 0.738072 0.050244
vt 0.742090 0.026263
vt 0.746984 0.006275
vt 0.175804 0.790738
vt 0.194214 0.796323
vt 0.214190 0.802382
vt 0.716654 0.367665
vt 0.699687 0.376734
vt 0.684816 0.384682
vt 0.727839 0.242491
vt 0.721316 0.219998
vt 0.716468 0.194052
vt 0.713483 0.165650
vt 0.712475 0.135885
vt 0.713483 0.105898
vt 0.716468 0.076844
vt 0.721316 0.049838
vt 0.727839 0.025918
vt 0.180442 0.779542
vt 0.735788 0.006004
vt 0.197409 0.788611
vt 0.215818 0.798451
vt 0.721291 0.374606
vt 0.706420 0.386810
vt 0.693385 0.397508
vt 0.715014 0.241990
vt 0.137026 0.975312
vt 0.706235 0.219409
vt 0.147723 0.952066
vt 0.699711 0.193397
vt 0.155672 0.925545
vt 0.695694 0.164956
vt 0.160567 0.896768
vt 0.162220 0.866840
vt 0.694338 0.135176
vt 0.695694 0.105203
vt 0.699711 0.076189
vt 0.706235 0.049249
vt 0.715014 0.025417
vt 0.174140 0.758768
vt 0.725711 0.005610
vt 0.187175 0.769465
vt 0.202046 0.781670
vt 0.218183 0.794912
vt 0.727194 0.380509
vt 0.714990 0.395380
vt 0.704292 0.408414
vt 0.126119 0.975312
vt 0.134898 0.952066
vt 0.141421 0.925545
vt 0.145439 0.896768
vt 0.678913 0.134274
vt 0.146795 0.866840
vt 0.680566 0.104319
vt 0.145439 0.836913
vt 0.685461 0.075356
vt 0.141421 0.808136
vt 0.693410 0.048499
vt 0.134898 0.781615
vt 0.126119 0.758369
vt 0.704107 0.024780
vt 0.185047 0.747861
vt 0.195745 0.760896
vt 0.207949 0.775767
vt 0.221192 0.791903
vt 0.734135 0.385146
vt 0.105345 0.994390
vt 0.725066 0.402113
vt 0.717118 0.416984
vt 0.113294 0.975312
vt 0.119817 0.952066
vt 0.124665 0.925545
vt 0.127650 0.896768
vt 0.128657 0.866840
vt 0.127650 0.836913
vt 0.124665 0.808136
vt 0.119817 0.781615
vt 0.197873 0.739291
vt 0.113294 0.758369
vt 0.105345 0.739291
vt 0.205821 0.754163
vt 0.214890 0.771129
vt 0.224730 0.789539
vt 0.741847 0.388341
vt 0.736263 0.406751
vt 0.094148 0.994390
vt 0.099043 0.975312
vt 0.103060 0.952066
vt 0.106045 0.925545
vt 0.107883 0.896768
vt 0.108504 0.866840
vt 0.107883 0.836913
vt 0.106045 0.808136
vt 0.103060 0.781615
vt 0.099043 0.758369
vt 0.094148 0.739291
vt 0.217018 0.749525
vt 0.222602 0.767935
vt 0.228662 0.787910
vt 0.750035 0.389969
vt 0.082262 0.994390
vt 0.748149 0.409115
vt 0.083915 0.975312
vt 0.085271 0.952066
vt 0.086279 0.925545
vt 0.086900 0.896768
vt 0.087109 0.866840
vt 0.086900 0.836913
vt 0.086279 0.808136
vt 0.085271 0.781615
vt 0.083915 0.758369
vt 0.082262 0.739291
vt 0.228904 0.747161
vt 0.230790 0.766306
vt 0.232836 0.787080
vt 0.758383 0.389969
vt 0.068490 0.975312
vt 0.066126 0.925545
vt 0.066126 0.808136
vt 0.068490 0.758369
vt 0.070143 0.739291
vt 0.241023 0.747161
vt 0.239138 0.766306
vt 0.237092 0.787080
vt 0.513042 0.516339
vt 0.763023 0.376648
vt 0.513042 0.510840
vt 0.768522 0.374370
vt 0.513042 0.505891
vt 0.487117 0.552834
vt 0.773472 0.371063
vt 0.487117 0.548625
vt 0.777681 0.366854
vt 0.487117 0.543676
vt 0.780988 0.361905
vt 0.487117 0.538177
vt 0.783266 0.356406
vt 0.487117 0.532339
vt 0.784427 0.350568
vt 0.487117 0.526386
vt 0.784427 0.344615
vt 0.487117 0.520548
vt 0.783266 0.338777
vt 0.487117 0.515049
vt 0.780988 0.333278
vt 0.487117 0.510100
vt 0.777681 0.328328
vt 0.487117 0.505891
vt 0.513042 0.602581
vt 0.773472 0.324119
vt 0.513042 0.598372
vt 0.768522 0.320812
vt 0.513042 0.593422
vt 0.763023 0.318534
vt 0.513042 0.587923
vt 0.757185 0.317373
vt 0.513042 0.582085
vt 0.751233 0.317373
vt 0.513042 0.576133
vt 0.745394 0.318534
vt 0.513042 0.570295
vt 0.739895 0.320812
vt 0.513042 0.564795
vt 0.734946 0.324119
vt 0.513042 0.559846
vt 0.498337 0.613801
vt 0.730737 0.328328
vt 0.498530 0.618751
vt 0.727430 0.333278
vt 0.498663 0.624250
vt 0.725152 0.338777
vt 0.498732 0.630088
vt 0.723991 0.344615
vt 0.498732 0.636040
vt 0.723991 0.350568
vt 0.498663 0.641878
vt 0.725152 0.356406
vt 0.498530 0.647378
vt 0.727430 0.361905
vt 0.498337 0.652327
vt 0.513042 0.548625
vt 0.730737 0.366854
vt 0.513042 0.544416
vt 0.734946 0.371063
vt 0.513042 0.539467
vt 0.739895 0.374370
vt 0.513042 0.533968
vt 0.745394 0.376648
vt 0.513042 0.528130
vt 0.751233 0.377809
vt 0.513042 0.522177
vt 0.757185 0.377809
vt 0.692350 0.472195
vt 0.685659 0.477686
vt 0.498337 0.516339
vt 0.695359 0.475204
vt 0.498337 0.510840
vt 0.689868 0.481895
vt 0.698898 0.477568
vt 0.694818 0.485202
vt 0.472412 0.552834
vt 0.498337 0.505891
vt 0.702830 0.479197
vt 0.472412 0.548625
vt 0.700317 0.487479
vt 0.707003 0.480027
vt 0.472412 0.543676
vt 0.706155 0.488641
vt 0.709131 0.458423
vt 0.711259 0.480027
vt 0.472412 0.538177
vt 0.712107 0.488641
vt 0.715433 0.479197
vt 0.472412 0.532339
vt 0.717946 0.487479
vt 0.719365 0.477568
vt 0.472412 0.526386
vt 0.723445 0.485202
vt 0.722903 0.475204
vt 0.472412 0.520548
vt 0.728394 0.481895
vt 0.725912 0.472195
vt 0.472412 0.515049
vt 0.732603 0.477686
vt 0.728277 0.468656
vt 0.472412 0.510100
vt 0.735910 0.472736
vt 0.729905 0.464724
vt 0.498337 0.602581
vt 0.472412 0.505891
vt 0.738188 0.467237
vt 0.730735 0.460550
vt 0.498337 0.598372
vt 0.739349 0.461399
vt 0.730735 0.456295
vt 0.498337 0.593422
vt 0.739349 0.455446
vt 0.729905 0.452121
vt 0.498337 0.587923
vt 0.738188 0.449608
vt 0.728277 0.448189
vt 0.498337 0.582085
vt 0.735910 0.444109
vt 0.725912 0.444651
vt 0.498337 0.576133
vt 0.732603 0.439160
vt 0.722903 0.441642
vt 0.498337 0.570295
vt 0.728394 0.434951
vt 0.719365 0.439277
vt 0.498337 0.564795
vt 0.723445 0.431644
vt 0.715433 0.437649
vt 0.513017 0.613801
vt 0.498337 0.559846
vt 0.717946 0.429366
vt 0.711259 0.436818
vt 0.513210 0.618751
vt 0.712108 0.428205
vt 0.707003 0.436818
vt 0.513343 0.624250
vt 0.706155 0.428205
vt 0.702830 0.437649
vt 0.513411 0.630088
vt 0.700317 0.429366
vt 0.698898 0.439277
vt 0.513411 0.636040
vt 0.694818 0.431644
vt 0.695359 0.441642
vt 0.513343 0.641878
vt 0.689868 0.434951
vt 0.692350 0.444651
vt 0.513210 0.647378
vt 0.685659 0.439160
vt 0.689986 0.448189
vt 0.498337 0.548625
vt 0.513017 0.652327
vt 0.682352 0.444109
vt 0.688357 0.452121
vt 0.498337 0.544416
vt 0.680074 0.449608
vt 0.687527 0.456295
vt 0.498337 0.539467
vt 0.678913 0.455446
vt 0.687527 0.460550
vt 0.498337 0.533968
vt 0.678913 0.461399
vt 0.688357 0.464724
vt 0.680074 0.467237
vt 0.498337 0.528130
vt 0.689986 0.468656
vt 0.498337 0.522177
vt 0.682352 0.472736
s 0
f 2/3/1 66/103/1 65/101/1
f 4/5/2 67/105/2 66/103/2
f 6/8/3 68/108/3 67/105/3
f 8/12/4 69/110/4 68/107/4
f 10/15/5 70/112/5 69/110/5
f 12/18/6 71/114/6 70/112/6
f 14/21/7 72/116/7 71/114/7
f 16/24/8 73/118/8 72/116/8
f 18/27/9 74/120/9 73/118/9
f 20/30/10 75/122/10 74/120/10
f 22/33/11 76/124/11 75/122/11
f 24/36/12 77/127/12 76/124/12
f 26/40/13 78/129/13 77/126/13
f 28/43/14 79/131/14 78/129/14
f 30/46/15 80/133/15 79/131/15
f 32/49/16 81/135/16 80/133/16
f 34/52/17 82/137/17 81/135/17
f 36/55/18 83/139/18 82/137/18
f 38/58/19 84/141/19 83/139/19
f 40/61/20 85/144/20 84/141/20
f 42/65/21 86/146/21 85/143/21
f 44/68/22 87/148/22 86/146/22
f 46/71/23 88/150/23 87/148/23
f 48/74/24 89/152/24 88/150/24
f 50/77/25 90/154/25 89/152/25
f 52/80/26 91/156/26 90/154/26
f 54/83/27 92/159/27 91/156/27
f 56/87/28 93/161/28 92/158/28
f 58/90/29 94/163/29 93/161/29
f 60/93/30 95/165/30 94/163/30
f 38/59/31 22/34/31 6/9/31
f 62/97/32 96/167/32 95/165/32
f 64/100/33 65/101/33 96/167/33
f 31/48/34 47/73/34 63/98/34
f 97/169/34 66/104/34 98/170/34
f 99/171/34 66/104/34 67/106/34
f 99/171/34 68/109/34 100/172/34
f 100/172/34 69/111/34 101/173/34
f 101/173/34 70/113/34 102/174/34
f 102/174/34 71/115/34 103/175/34
f 103/175/34 72/117/34 104/176/34
f 105/177/34 72/117/34 73/119/34
f 105/177/34 74/121/34 106/178/34
f 107/179/34 74/121/34 75/123/34
f 107/179/34 76/125/34 108/180/34
f 108/180/34 77/128/34 109/181/34
f 109/181/34 78/130/34 110/182/34
f 110/182/34 79/132/34 111/183/34
f 111/183/34 80/134/34 112/184/34
f 113/185/34 80/134/34 81/136/34
f 113/185/34 82/138/34 114/186/34
f 115/187/34 82/138/34 83/140/34
f 115/187/34 84/142/34 116/188/34
f 116/188/34 85/145/34 117/189/34
f 117/189/34 86/147/34 118/190/34
f 118/190/34 87/149/34 119/191/34
f 119/191/34 88/151/34 120/192/34
f 121/193/34 88/151/34 89/153/34
f 121/193/34 90/155/34 122/194/34
f 123/195/34 90/155/34 91/157/34
f 123/195/34 92/160/34 124/196/34
f 124/196/34 93/162/34 125/197/34
f 125/197/34 94/164/34 126/198/34
f 126/198/34 95/166/34 127/199/34
f 127/199/34 96/168/34 128/200/34
f 97/169/34 96/168/34 65/102/34
f 1/1/35 98/170/35 3/4/35
f 3/4/36 99/171/36 5/7/36
f 5/7/37 100/172/37 7/10/37
f 7/10/38 101/173/38 9/14/38
f 9/14/39 102/174/39 11/17/39
f 11/17/40 103/175/40 13/20/40
f 13/20/41 104/176/41 15/23/41
f 15/23/42 105/177/42 17/26/42
f 17/26/43 106/178/43 19/29/43
f 19/29/44 107/179/44 21/32/44
f 21/32/45 108/180/45 23/35/45
f 23/35/46 109/181/46 25/38/46
f 25/38/47 110/182/47 27/42/47
f 27/42/48 111/183/48 29/45/48
f 29/45/49 112/184/49 31/48/49
f 31/48/50 113/185/50 33/51/50
f 33/51/51 114/186/51 35/54/51
f 35/54/52 115/187/52 37/57/52
f 37/57/53 116/188/53 39/60/53
f 39/60/54 117/189/54 41/63/54
f 41/63/55 118/190/55 43/67/55
f 43/67/56 119/191/56 45/70/56
f 45/70/57 120/192/57 47/73/57
f 47/73/58 121/193/58 49/76/58
f 49/76/59 122/194/59 51/79/59
f 51/79/60 123/195/60 53/82/60
f 53/82/61 124/196/61 55/85/61
f 55/85/62 125/197/62 57/89/62
f 57/89/63 126/198/63 59/92/63
f 59/92/64 127/199/64 61/95/64
f 61/95/65 128/200/65 63/98/65
f 63/98/66 97/169/66 1/1/66
f 573/761/67 144/218/67 134/207/67
f 571/759/68 136/210/68 137/211/68
f 574/762/69 144/218/69 145/219/69
f 130/203/70 137/211/70 138/212/70
f 574/762/71 146/220/71 575/763/71
f 572/760/72 138/212/72 139/213/72
f 575/764/73 147/222/73 576/765/73
f 572/760/74 140/214/74 131/204/74
f 576/765/75 148/223/75 577/766/75
f 132/205/76 140/214/76 141/215/76
f 415/566/77 577/766/77 148/223/77
f 133/206/78 141/215/78 142/216/78
f 573/761/79 142/216/79 143/217/79
f 570/758/80 136/209/80 129/201/80
f 142/216/81 157/234/81 143/217/81
f 136/209/82 149/224/82 150/226/82
f 144/218/83 157/234/83 158/235/83
f 136/210/84 151/228/84 137/211/84
f 145/219/85 158/235/85 159/236/85
f 137/211/86 152/229/86 138/212/86
f 145/219/87 160/238/87 146/220/87
f 138/212/88 153/230/88 139/213/88
f 147/222/89 160/239/89 161/240/89
f 140/214/90 153/230/90 154/231/90
f 148/223/91 161/240/91 162/241/91
f 140/214/92 155/232/92 141/215/92
f 415/566/93 148/223/93 162/241/93
f 141/215/94 156/233/94 142/216/94
f 160/239/95 175/265/95 161/240/95
f 154/231/96 167/249/96 168/251/96
f 161/240/97 176/266/97 162/241/97
f 154/231/98 169/253/98 155/232/98
f 415/566/99 162/241/99 176/266/99
f 155/232/100 170/255/100 156/233/100
f 156/233/101 171/257/101 157/234/101
f 150/226/102 163/242/102 164/243/102
f 157/234/103 172/259/103 158/235/103
f 150/226/104 165/245/104 151/227/104
f 158/235/105 173/261/105 159/236/105
f 151/228/106 166/247/106 152/229/106
f 159/237/107 174/264/107 160/239/107
f 152/229/108 167/249/108 153/230/108
f 163/242/109 178/268/109 164/243/109
f 172/260/110 185/276/110 186/277/110
f 165/245/111 178/268/111 179/269/111
f 173/262/112 186/277/112 187/278/112
f 165/246/113 180/271/113 166/248/113
f 173/263/114 188/280/114 174/264/114
f 166/248/115 181/272/115 167/250/115
f 175/265/116 188/280/116 189/281/116
f 168/252/117 181/272/117 182/273/117
f 175/265/118 190/282/118 176/266/118
f 168/252/119 183/274/119 169/254/119
f 415/566/120 176/266/120 190/282/120
f 169/254/121 184/275/121 170/256/121
f 170/256/122 185/276/122 171/258/122
f 182/273/123 195/289/123 196/290/123
f 189/281/124 204/300/124 190/282/124
f 182/273/125 197/291/125 183/274/125
f 415/566/126 190/282/126 204/300/126
f 183/274/127 198/292/127 184/275/127
f 184/275/128 199/293/128 185/276/128
f 178/268/129 191/283/129 192/284/129
f 186/277/130 199/293/130 200/294/130
f 178/268/131 193/286/131 179/269/131
f 187/278/132 200/294/132 201/296/132
f 179/270/133 194/288/133 180/271/133
f 188/280/134 201/295/134 202/298/134
f 180/271/135 195/289/135 181/272/135
f 188/280/136 203/299/136 189/281/136
f 200/294/137 213/310/137 214/311/137
f 192/285/138 207/304/138 193/287/138
f 200/294/139 215/312/139 201/296/139
f 193/287/140 208/305/140 194/288/140
f 202/297/141 215/312/141 216/313/141
f 195/289/142 208/305/142 209/306/142
f 203/299/143 216/314/143 217/315/143
f 196/290/144 209/306/144 210/307/144
f 203/299/145 218/316/145 204/300/145
f 197/291/146 210/307/146 211/308/146
f 415/566/147 204/300/147 218/316/147
f 197/291/148 212/309/148 198/292/148
f 198/292/149 213/310/149 199/293/149
f 191/283/150 206/302/150 192/284/150
f 217/315/151 232/332/151 218/316/151
f 210/307/152 225/324/152 211/308/152
f 415/566/153 218/316/153 232/332/153
f 211/308/154 226/325/154 212/309/154
f 212/309/155 227/326/155 213/310/155
f 206/302/156 219/317/156 220/318/156
f 214/311/157 227/326/157 228/327/157
f 206/303/158 221/320/158 207/304/158
f 214/311/159 229/328/159 215/312/159
f 208/305/160 221/320/160 222/321/160
f 216/313/161 229/328/161 230/329/161
f 208/305/162 223/322/162 209/306/162
f 216/314/163 231/331/163 217/315/163
f 210/307/164 223/322/164 224/323/164
f 229/328/165 242/343/165 243/344/165
f 222/321/166 235/336/166 236/337/166
f 230/329/167 243/344/167 244/345/167
f 222/321/168 237/338/168 223/322/168
f 230/330/169 245/347/169 231/331/169
f 224/323/170 237/338/170 238/339/170
f 231/331/171 246/348/171 232/332/171
f 224/323/172 239/340/172 225/324/172
f 415/566/173 232/332/173 246/348/173
f 225/324/174 240/341/174 226/325/174
f 226/325/175 241/342/175 227/326/175
f 220/318/176 233/333/176 234/334/176
f 228/327/177 241/342/177 242/343/177
f 220/319/178 235/336/178 221/320/178
f 415/566/179 246/348/179 260/364/179
f 239/340/180 254/357/180 240/341/180
f 240/341/181 255/358/181 241/342/181
f 234/334/182 247/349/182 248/350/182
f 242/343/183 255/358/183 256/359/183
f 234/335/184 249/352/184 235/336/184
f 242/343/185 257/360/185 243/344/185
f 236/337/186 249/352/186 250/353/186
f 244/345/187 257/360/187 258/361/187
f 236/337/188 251/354/188 237/338/188
f 244/346/189 259/363/189 245/347/189
f 237/338/190 252/355/190 238/339/190
f 245/347/191 260/364/191 246/348/191
f 239/340/192 252/355/192 253/356/192
f 249/352/193 264/370/193 250/353/193
f 257/360/194 272/379/194 258/361/194
f 250/353/195 265/371/195 251/354/195
f 258/362/196 273/381/196 259/363/196
f 252/355/197 265/371/197 266/372/197
f 260/364/198 273/381/198 274/382/198
f 253/356/199 266/372/199 267/373/199
f 415/566/200 260/364/200 274/382/200
f 253/356/201 268/374/201 254/357/201
f 254/357/202 269/375/202 255/358/202
f 248/350/203 261/365/203 262/367/203
f 256/359/204 269/375/204 270/376/204
f 248/351/205 263/369/205 249/352/205
f 256/359/206 271/377/206 257/360/206
f 267/373/207 282/391/207 268/374/207
f 268/374/208 283/392/208 269/375/208
f 262/367/209 275/383/209 276/384/209
f 269/375/210 284/393/210 270/376/210
f 262/367/211 277/385/211 263/368/211
f 271/377/212 284/393/212 285/395/212
f 264/370/213 277/386/213 278/387/213
f 272/380/214 285/394/214 286/396/214
f 264/370/215 279/388/215 265/371/215
f 272/380/216 287/397/216 273/381/216
f 266/372/217 279/388/217 280/389/217
f 274/382/218 287/397/218 288/398/218
f 267/373/219 280/389/219 281/390/219
f 415/566/220 274/382/220 288/398/220
f 286/396/221 299/420/221 300/421/221
f 278/387/222 293/406/222 279/388/222
f 286/396/223 301/422/223 287/397/223
f 280/389/224 293/406/224 294/408/224
f 287/397/225 302/423/225 288/398/225
f 281/390/226 294/408/226 295/410/226
f 415/566/227 288/398/227 302/423/227
f 281/390/228 296/412/228 282/391/228
f 282/391/229 297/414/229 283/392/229
f 276/384/230 289/399/230 290/400/230
f 284/393/231 297/414/231 298/416/231
f 276/384/232 291/401/232 277/385/232
f 285/395/233 298/416/233 299/418/233
f 278/387/234 291/402/234 292/404/234
f 296/413/235 311/433/235 297/415/235
f 290/400/236 303/424/236 304/425/236
f 298/417/237 311/433/237 312/434/237
f 290/400/238 305/426/238 291/401/238
f 298/417/239 313/435/239 299/419/239
f 292/405/240 305/427/240 306/428/240
f 299/420/241 314/437/241 300/421/241
f 292/405/242 307/429/242 293/407/242
f 300/421/243 315/438/243 301/422/243
f 294/409/244 307/429/244 308/430/244
f 301/422/245 316/439/245 302/423/245
f 295/411/246 308/430/246 309/431/246
f 415/566/247 302/423/247 316/439/247
f 295/411/248 310/432/248 296/413/248
f 306/428/249 321/446/249 307/429/249
f 315/438/250 328/455/250 329/456/250
f 308/430/251 321/446/251 322/447/251
f 315/438/252 330/457/252 316/439/252
f 309/431/253 322/447/253 323/448/253
f 415/566/254 316/439/254 330/457/254
f 309/431/255 324/449/255 310/432/255
f 310/432/256 325/450/256 311/433/256
f 304/425/257 317/440/257 318/441/257
f 312/434/258 325/450/258 326/451/258
f 305/426/259 318/441/259 319/443/259
f 313/435/260 326/451/260 327/453/260
f 305/427/261 320/445/261 306/428/261
f 314/437/262 327/452/262 328/455/262
f 324/449/263 339/467/263 325/450/263
f 318/441/264 331/458/264 332/459/264
f 326/451/265 339/467/265 340/468/265
f 318/442/266 333/461/266 319/444/266
f 326/451/267 341/469/267 327/453/267
f 320/445/268 333/461/268 334/462/268
f 328/454/269 341/469/269 342/470/269
f 321/446/270 334/462/270 335/463/270
f 328/455/271 343/472/271 329/456/271
f 322/447/272 335/463/272 336/464/272
f 329/456/273 344/473/273 330/457/273
f 323/448/274 336/464/274 337/465/274
f 415/566/275 330/457/275 344/473/275
f 323/448/276 338/466/276 324/449/276
f 342/471/277 357/488/277 343/472/277
f 336/464/278 349/479/278 350/480/278
f 343/472/279 358/489/279 344/473/279
f 337/465/280 350/480/280 351/481/280
f 415/566/281 344/473/281 358/489/281
f 337/465/282 352/482/282 338/466/282
f 338/466/283 353/483/283 339/467/283
f 332/459/284 345/474/284 346/475/284
f 340/468/285 353/483/285 354/484/285
f 332/460/286 347/477/286 333/461/286
f 341/469/287 354/484/287 355/485/287
f 334/462/288 347/477/288 348/478/288
f 341/469/289 356/486/289 342/470/289
f 334/462/290 349/479/290 335/463/290
f 354/484/291 367/499/291 368/500/291
f 346/476/292 361/493/292 347/477/292
f 355/485/293 368/500/293 369/501/293
f 347/477/294 362/494/294 348/478/294
f 356/486/295 369/501/295 370/502/295
f 348/478/296 363/495/296 349/479/296
f 357/488/297 370/503/297 371/504/297
f 350/480/298 363/495/298 364/496/298
f 357/488/299 372/505/299 358/489/299
f 351/481/300 364/496/300 365/497/300
f 580/772/4 617/846/4 581/774/4
f 415/566/301 358/489/301 372/505/301
f 351/481/302 366/498/302 352/482/302
f 593/799/17 644/887/17 594/801/17
f 352/482/303 367/499/303 353/483/303
f 345/474/304 360/491/304 346/475/304
f 371/504/305 386/521/305 372/505/305
f 365/497/306 378/512/306 379/513/306
f 606/827/30 670/928/30 607/829/30
f 415/566/307 372/505/307 386/521/307
f 365/497/308 380/514/308 366/498/308
f 579/769/3 615/844/3 580/771/3
f 366/498/309 381/515/309 367/499/309
f 360/491/310 373/506/310 374/508/310
f 368/500/311 381/515/311 382/516/311
f 360/492/312 375/509/312 361/493/312
f 368/500/313 383/517/313 369/501/313
f 362/494/314 375/509/314 376/510/314
f 370/502/315 383/517/315 384/518/315
f 362/494/316 377/511/316 363/495/316
f 371/504/317 384/519/317 385/520/317
f 364/496/318 377/511/318 378/512/318
f 374/507/319 389/526/319 375/509/319
f 382/516/320 397/534/320 383/517/320
f 375/509/321 390/527/321 376/510/321
f 384/518/322 397/534/322 398/536/322
f 376/510/323 391/528/323 377/511/323
f 385/520/324 398/537/324 399/538/324
f 378/512/325 391/528/325 392/529/325
f 385/520/326 400/539/326 386/521/326
f 379/513/327 392/529/327 393/530/327
f 592/797/16 642/884/16 593/799/16
f 415/566/328 386/521/328 400/539/328
f 379/513/329 394/531/329 380/514/329
f 605/825/29 668/925/29 606/827/29
f 380/514/330 395/532/330 381/515/330
f 374/508/331 387/522/331 388/524/331
f 382/516/332 395/532/332 396/533/332
f 393/530/333 406/549/333 407/551/333
f 578/767/2 613/839/2 579/769/2
f 415/566/334 400/539/334 414/565/334
f 393/530/335 408/553/335 394/531/335
f 591/795/15 640/881/15 592/797/15
f 394/531/336 409/555/336 395/532/336
f 387/522/337 402/541/337 388/524/337
f 395/532/338 410/557/338 396/533/338
f 388/524/339 403/542/339 389/525/339
f 396/533/340 411/559/340 397/534/340
f 390/527/341 403/543/341 404/545/341
f 398/537/342 411/560/342 412/563/342
f 390/527/343 405/547/343 391/528/343
f 398/537/344 413/564/344 399/538/344
f 392/529/345 405/547/345 406/549/345
f 399/538/346 414/565/346 400/539/346
f 410/558/347 426/578/347 411/561/347
f 404/546/348 418/570/348 419/571/348
f 412/562/349 426/578/349 427/579/349
f 404/546/350 420/572/350 405/548/350
f 412/563/351 428/581/351 413/564/351
f 405/548/352 421/573/352 406/550/352
f 413/564/353 429/582/353 414/565/353
f 407/552/354 421/573/354 422/574/354
f 604/823/28 666/922/28 605/825/28
f 415/566/355 414/565/355 429/582/355
f 407/552/356 423/575/356 408/554/356
f 590/793/14 638/878/14 591/795/14
f 408/554/357 424/576/357 409/556/357
f 402/541/358 416/567/358 417/568/358
f 410/558/359 424/576/359 425/577/359
f 402/541/360 418/569/360 403/542/360
f 603/820/27 664/919/27 604/822/27
f 415/566/361 429/582/361 443/599/361
f 422/574/362 437/592/362 423/575/362
f 589/791/13 636/875/13 590/793/13
f 423/575/363 438/593/363 424/576/363
f 417/568/364 430/583/364 431/584/364
f 425/577/365 438/593/365 439/594/365
f 417/568/366 432/586/366 418/569/366
f 425/577/367 440/595/367 426/578/367
f 419/571/368 432/587/368 433/588/368
f 426/578/369 441/596/369 427/579/369
f 419/571/370 434/589/370 420/572/370
f 428/581/371 441/597/371 442/598/371
f 421/573/372 434/589/372 435/590/372
f 429/582/373 442/598/373 443/599/373
f 422/574/374 435/590/374 436/591/374
f 432/587/375 447/604/375 433/588/375
f 441/596/376 454/611/376 455/612/376
f 433/588/377 448/605/377 434/589/377
f 441/597/378 456/614/378 442/598/378
f 435/590/379 448/605/379 449/606/379
f 442/598/380 457/615/380 443/599/380
f 436/591/381 449/606/381 450/607/381
f 602/818/26 662/915/26 603/820/26
f 415/566/382 443/599/382 457/615/382
f 436/591/383 451/608/383 437/592/383
f 588/788/12 634/872/12 589/790/12
f 437/592/384 452/609/384 438/593/384
f 431/584/385 444/600/385 445/601/385
f 439/594/386 452/609/386 453/610/386
f 431/585/387 446/603/387 432/587/387
f 439/594/388 454/611/388 440/595/388
f 450/607/389 465/624/389 451/608/389
f 601/816/25 660/912/25 602/818/25
f 451/608/390 466/625/390 452/609/390
f 445/601/391 458/616/391 459/617/391
f 452/609/392 467/626/392 453/610/392
f 445/602/393 460/619/393 446/603/393
f 453/610/394 468/627/394 454/611/394
f 447/604/395 460/619/395 461/620/395
f 455/612/396 468/627/396 469/628/396
f 447/604/397 462/621/397 448/605/397
f 455/613/398 470/630/398 456/614/398
f 449/606/399 462/621/399 463/622/399
f 456/614/400 471/631/400 457/615/400
f 450/607/401 463/622/401 464/623/401
f 587/786/11 632/868/11 588/788/11
f 415/566/402 457/615/402 471/631/402
f 468/627/403 483/645/403 469/628/403
f 461/620/404 476/638/404 462/621/404
f 469/629/405 484/647/405 470/630/405
f 463/622/406 476/638/406 477/639/406
f 471/631/407 484/647/407 485/648/407
f 464/623/408 477/639/408 478/640/408
f 600/814/24 658/909/24 601/816/24
f 415/566/409 471/631/409 485/648/409
f 464/623/410 479/641/410 465/624/410
f 586/784/10 630/865/10 587/786/10
f 465/624/411 480/642/411 466/625/411
f 459/617/412 472/632/412 473/634/412
f 467/626/413 480/642/413 481/643/413
f 459/618/414 474/636/414 460/619/414
f 467/626/415 482/644/415 468/627/415
f 461/620/416 474/636/416 475/637/416
f 479/641/417 494/658/417 480/642/417
f 472/632/418 487/650/418 473/634/418
f 481/643/419 494/658/419 495/659/419
f 473/634/420 488/651/420 474/635/420
f 481/643/421 496/660/421 482/644/421
f 475/637/422 488/652/422 489/653/422
f 483/645/423 496/660/423 497/662/423
f 476/638/424 489/653/424 490/654/424
f 484/647/425 497/661/425 498/663/425
f 477/639/426 490/654/426 491/655/426
f 485/648/427 498/663/427 499/664/427
f 478/640/428 491/655/428 492/656/428
f 599/812/23 656/906/23 600/814/23
f 415/566/429 485/648/429 499/664/429
f 478/640/430 493/657/430 479/641/430
f 585/782/9 628/862/9 586/784/9
f 497/661/431 512/685/431 498/663/431
f 491/655/432 504/672/432 505/674/432
f 499/664/433 512/685/433 513/686/433
f 492/656/434 505/674/434 506/677/434
f 598/810/22 654/903/22 599/812/22
f 415/566/435 499/664/435 513/686/435
f 492/656/436 507/678/436 493/657/436
f 584/780/8 626/859/8 585/782/8
f 493/657/437 508/679/437 494/658/437
f 487/650/438 500/665/438 501/666/438
f 495/659/439 508/679/439 509/680/439
f 487/650/440 502/667/440 488/651/440
f 495/659/441 510/681/441 496/660/441
f 489/653/442 502/668/442 503/670/442
f 497/662/443 510/681/443 511/683/443
f 489/653/444 504/672/444 490/654/444
f 501/666/445 514/687/445 515/688/445
f 509/680/446 522/698/446 523/700/446
f 501/666/447 516/689/447 502/667/447
f 509/680/448 524/703/448 510/681/448
f 503/671/449 516/690/449 517/691/449
f 511/684/450 524/704/450 525/705/450
f 503/671/451 518/692/451 504/673/451
f 511/684/452 526/706/452 512/685/452
f 505/675/453 518/692/453 519/693/453
f 512/685/454 527/707/454 513/686/454
f 506/676/455 519/693/455 520/695/455
f 597/808/21 652/900/21 598/810/21
f 415/566/456 513/686/456 527/707/456
f 506/677/457 521/696/457 507/678/457
f 583/778/7 624/856/7 584/780/7
f 507/678/458 522/698/458 508/679/458
f 519/693/459 532/714/459 533/715/459
f 527/707/460 540/724/460 541/725/460
f 520/695/461 533/715/461 534/716/461
f 596/805/20 650/897/20 597/807/20
f 415/566/462 527/707/462 541/725/462
f 520/695/463 535/717/463 521/697/463
f 609/833/1 611/837/1 578/767/1
f 521/697/464 536/718/464 522/699/464
f 515/688/465 528/708/465 529/710/465
f 523/701/466 536/718/466 537/719/466
f 515/688/467 530/711/467 516/689/467
f 523/701/468 538/721/468 524/702/468
f 517/691/469 530/712/469 531/713/469
f 525/705/470 538/720/470 539/723/470
f 517/691/471 532/714/471 518/692/471
f 526/706/472 539/723/472 540/724/472
f 537/719/473 550/735/473 551/736/473
f 530/712/474 543/728/474 544/729/474
f 537/719/475 552/737/475 538/721/475
f 530/712/476 545/730/476 531/713/476
f 539/722/477 552/737/477 553/738/477
f 531/713/478 546/731/478 532/714/478
f 539/723/479 554/740/479 540/724/479
f 533/715/480 546/731/480 547/732/480
f 540/724/481 555/741/481 541/725/481
f 534/716/482 547/732/482 548/733/482
f 582/776/6 622/853/6 583/778/6
f 415/566/483 541/725/483 555/741/483
f 534/716/484 549/734/484 535/717/484
f 595/803/19 648/893/19 596/805/19
f 535/717/485 550/735/485 536/718/485
f 529/710/486 542/726/486 543/727/486
f 554/740/487 569/757/487 555/741/487
f 548/733/488 561/748/488 562/749/488
f 608/831/33 674/934/33 609/833/33
f 415/566/489 555/741/489 569/757/489
f 548/733/490 563/750/490 549/734/490
f 581/774/5 619/849/5 582/776/5
f 549/734/491 564/751/491 550/735/491
f 543/727/492 556/742/492 557/744/492
f 551/736/493 564/751/493 565/752/493
f 543/728/494 558/745/494 544/729/494
f 551/736/495 566/753/495 552/737/495
f 545/730/496 558/745/496 559/746/496
f 553/738/497 566/753/497 567/754/497
f 546/731/498 559/746/498 560/747/498
f 553/739/499 568/756/499 554/740/499
f 547/732/500 560/747/500 561/748/500
f 558/745/501 129/202/501 571/759/501
f 565/752/502 574/762/502 566/753/502
f 558/745/503 130/203/503 559/746/503
f 567/754/504 574/762/504 575/763/504
f 559/746/505 572/760/505 560/747/505
f 567/755/506 576/765/506 568/756/506
f 561/748/507 572/760/507 131/204/507
f 569/757/508 576/765/508 577/766/508
f 562/749/509 131/204/509 132/205/509
f 594/801/18 646/890/18 595/803/18
f 415/566/510 569/757/510 577/766/510
f 562/749/511 133/206/511 563/750/511
f 607/829/32 672/932/32 608/831/32
f 563/750/512 573/761/512 564/751/512
f 557/744/513 570/758/513 129/201/513
f 565/752/514 573/761/514 134/207/514
f 578/768/31 149/224/31 135/208/31
f 580/773/31 149/224/31 579/770/31
f 580/773/31 177/267/31 163/242/31
f 582/777/31 177/267/31 581/775/31
f 582/777/31 205/301/31 191/283/31
f 584/781/31 205/301/31 583/779/31
f 584/781/31 233/333/31 219/317/31
f 586/785/31 233/333/31 585/783/31
f 586/785/31 261/365/31 247/349/31
f 588/789/31 261/365/31 587/787/31
f 589/792/31 275/383/31 588/789/31
f 589/792/31 303/424/31 289/399/31
f 591/796/31 303/424/31 590/794/31
f 592/798/31 317/440/31 591/796/31
f 592/798/31 345/474/31 331/458/31
f 594/802/31 345/474/31 593/800/31
f 595/804/31 359/490/31 594/802/31
f 596/806/31 373/506/31 595/804/31
f 596/806/31 401/540/31 387/522/31
f 598/811/31 401/540/31 597/809/31
f 599/813/31 416/567/31 598/811/31
f 600/815/31 430/583/31 599/813/31
f 600/815/31 458/616/31 444/600/31
f 602/819/31 458/616/31 601/817/31
f 603/821/31 472/632/31 602/819/31
f 604/824/31 486/649/31 603/821/31
f 605/826/31 500/665/31 604/824/31
f 606/828/31 514/687/31 605/826/31
f 606/828/31 542/726/31 528/708/31
f 608/832/31 542/726/31 607/830/31
f 608/832/31 570/758/31 556/742/31
f 578/768/31 570/758/31 609/834/31
f 673/933/31 620/851/31 610/835/31
f 674/935/31 610/835/31 611/836/31
f 610/835/31 620/851/31 612/838/31
f 610/835/31 613/840/31 611/836/31
f 612/838/31 620/851/31 614/841/31
f 613/840/31 614/841/31 615/842/31
f 614/841/31 620/851/31 616/845/31
f 614/841/31 617/847/31 615/842/31
f 616/845/31 620/851/31 618/848/31
f 616/845/31 619/850/31 617/847/31
f 618/848/31 620/851/31 621/852/31
f 618/848/31 622/854/31 619/850/31
f 621/852/31 620/851/31 623/855/31
f 621/852/31 624/857/31 622/854/31
f 623/855/31 620/851/31 625/858/31
f 623/855/31 626/860/31 624/857/31
f 625/858/31 620/851/31 627/861/31
f 625/858/31 628/863/31 626/860/31
f 627/861/31 620/851/31 629/864/31
f 627/861/31 630/866/31 628/863/31
f 629/864/31 632/869/31 630/866/31
f 629/864/31 620/851/31 631/867/31
f 631/867/31 620/851/31 633/870/31
f 631/867/31 634/873/31 632/869/31
f 633/870/31 636/876/31 634/873/31
f 633/870/31 620/851/31 635/874/31
f 635/874/31 620/851/31 637/877/31
f 635/874/31 638/879/31 636/876/31
f 637/877/31 620/851/31 639/880/31
f 637/877/31 640/882/31 638/879/31
f 639/880/31 620/851/31 641/883/31
f 639/880/31 642/885/31 640/882/31
f 641/883/31 620/851/31 643/886/31
f 641/883/31 644/888/31 642/885/31
f 643/886/31 620/851/31 645/889/31
f 643/886/31 646/891/31 644/888/31
f 645/889/31 620/851/31 647/892/31
f 645/889/31 648/894/31 646/891/31
f 647/892/31 620/851/31 649/895/31
f 647/892/31 650/898/31 648/894/31
f 649/895/31 620/851/31 651/899/31
f 649/895/31 652/901/31 650/898/31
f 651/899/31 620/851/31 653/902/31
f 651/899/31 654/904/31 652/901/31
f 653/902/31 620/851/31 655/905/31
f 653/902/31 656/907/31 654/904/31
f 655/905/31 658/910/31 656/907/31
f 655/905/31 620/851/31 657/908/31
f 657/908/31 620/851/31 659/911/31
f 657/908/31 660/913/31 658/910/31
f 659/911/31 620/851/31 661/914/31
f 659/911/31 662/916/31 660/913/31
f 661/914/31 620/851/31 663/917/31
f 661/914/31 664/920/31 662/916/31
f 663/917/31 620/851/31 665/921/31
f 663/917/31 666/923/31 664/920/31
f 665/921/31 620/851/31 667/924/31
f 665/921/31 668/926/31 666/923/31
f 667/924/31 620/851/31 669/927/31
f 667/924/31 670/929/31 668/926/31
f 669/927/31 620/851/31 671/930/31
f 670/929/31 671/930/31 672/931/31
f 671/930/31 620/851/31 673/933/31
f 671/930/31 674/935/31 672/931/31
f 2/3/1 4/5/1 66/103/1
f 4/5/2 6/8/2 67/105/2
f 6/8/3 8/11/3 68/108/3
f 8/12/4 10/15/4 69/110/4
f 10/15/5 12/18/5 70/112/5
f 12/18/6 14/21/6 71/114/6
f 14/21/7 16/24/7 72/116/7
f 16/24/8 18/27/8 73/118/8
f 18/27/9 20/30/9 74/120/9
f 20/30/10 22/33/10 75/122/10
f 22/33/11 24/36/11 76/124/11
f 24/36/12 26/39/12 77/127/12
f 26/40/13 28/43/13 78/129/13
f 28/43/14 30/46/14 79/131/14
f 30/46/15 32/49/15 80/133/15
f 32/49/16 34/52/16 81/135/16
f 34/52/17 36/55/17 82/137/17
f 36/55/18 38/58/18 83/139/18
f 38/58/19 40/61/19 84/141/19
f 40/61/20 42/64/20 85/144/20
f 42/65/21 44/68/21 86/146/21
f 44/68/22 46/71/22 87/148/22
f 46/71/23 48/74/23 88/150/23
f 48/74/24 50/77/24 89/152/24
f 50/77/25 52/80/25 90/154/25
f 52/80/26 54/83/26 91/156/26
f 54/83/27 56/86/27 92/159/27
f 56/87/28 58/90/28 93/161/28
f 58/90/29 60/93/29 94/163/29
f 60/93/30 62/97/30 95/165/30
f 6/9/31 4/6/31 2/2/31
f 2/2/31 64/99/31 62/96/31
f 62/96/31 60/94/31 58/91/31
f 58/91/31 56/88/31 54/84/31
f 54/84/31 52/81/31 50/78/31
f 50/78/31 48/75/31 46/72/31
f 46/72/31 44/69/31 42/66/31
f 42/66/31 40/62/31 38/59/31
f 38/59/31 36/56/31 34/53/31
f 34/53/31 32/50/31 30/47/31
f 30/47/31 28/44/31 26/41/31
f 26/41/31 24/37/31 22/34/31
f 22/34/31 20/31/31 18/28/31
f 18/28/31 16/25/31 14/22/31
f 14/22/31 12/19/31 10/16/31
f 10/16/31 8/13/31 6/9/31
f 6/9/31 2/2/31 62/96/31
f 62/96/31 58/91/31 54/84/31
f 54/84/31 50/78/31 46/72/31
f 46/72/31 42/66/31 38/59/31
f 38/59/31 34/53/31 30/47/31
f 30/47/31 26/41/31 22/34/31
f 22/34/31 18/28/31 14/22/31
f 14/22/31 10/16/31 6/9/31
f 6/9/31 62/96/31 54/84/31
f 54/84/31 46/72/31 38/59/31
f 38/59/31 30/47/31 22/34/31
f 22/34/31 14/22/31 6/9/31
f 6/9/31 54/84/31 38/59/31
f 62/97/32 64/100/32 96/167/32
f 64/100/33 2/3/33 65/101/33
f 63/98/34 1/1/34 3/4/34
f 3/4/34 5/7/34 7/10/34
f 7/10/34 9/14/34 11/17/34
f 11/17/34 13/20/34 15/23/34
f 15/23/34 17/26/34 19/29/34
f 19/29/34 21/32/34 23/35/34
f 23/35/34 25/38/34 27/42/34
f 27/42/34 29/45/34 31/48/34
f 31/48/34 33/51/34 35/54/34
f 35/54/34 37/57/34 39/60/34
f 39/60/34 41/63/34 43/67/34
f 43/67/34 45/70/34 47/73/34
f 47/73/34 49/76/34 51/79/34
f 51/79/34 53/82/34 55/85/34
f 55/85/34 57/89/34 59/92/34
f 59/92/34 61/95/34 63/98/34
f 63/98/34 3/4/34 7/10/34
f 7/10/34 11/17/34 15/23/34
f 15/23/34 19/29/34 23/35/34
f 23/35/34 27/42/34 31/48/34
f 31/48/34 35/54/34 39/60/34
f 39/60/34 43/67/34 47/73/34
f 47/73/34 51/79/34 55/85/34
f 55/85/34 59/92/34 63/98/34
f 63/98/34 7/10/34 15/23/34
f 15/23/34 23/35/34 31/48/34
f 31/48/34 39/60/34 47/73/34
f 47/73/34 55/85/34 63/98/34
f 63/98/34 15/23/34 31/48/34
f 97/169/34 65/102/34 66/104/34
f 99/171/34 98/170/34 66/104/34
f 99/171/34 67/106/34 68/109/34
f 100/172/34 68/109/34 69/111/34
f 101/173/34 69/111/34 70/113/34
f 102/174/34 70/113/34 71/115/34
f 103/175/34 71/115/34 72/117/34
f 105/177/34 104/176/34 72/117/34
f 105/177/34 73/119/34 74/121/34
f 107/179/34 106/178/34 74/121/34
f 107/179/34 75/123/34 76/125/34
f 108/180/34 76/125/34 77/128/34
f 109/181/34 77/128/34 78/130/34
f 110/182/34 78/130/34 79/132/34
f 111/183/34 79/132/34 80/134/34
f 113/185/34 112/184/34 80/134/34
f 113/185/34 81/136/34 82/138/34
f 115/187/34 114/186/34 82/138/34
f 115/187/34 83/140/34 84/142/34
f 116/188/34 84/142/34 85/145/34
f 117/189/34 85/145/34 86/147/34
f 118/190/34 86/147/34 87/149/34
f 119/191/34 87/149/34 88/151/34
f 121/193/34 120/192/34 88/151/34
f 121/193/34 89/153/34 90/155/34
f 123/195/34 122/194/34 90/155/34
f 123/195/34 91/157/34 92/160/34
f 124/196/34 92/160/34 93/162/34
f 125/197/34 93/162/34 94/164/34
f 126/198/34 94/164/34 95/166/34
f 127/199/34 95/166/34 96/168/34
f 97/169/34 128/200/34 96/168/34
f 1/1/35 97/169/35 98/170/35
f 3/4/36 98/170/36 99/171/36
f 5/7/37 99/171/37 100/172/37
f 7/10/38 100/172/38 101/173/38
f 9/14/39 101/173/39 102/174/39
f 11/17/40 102/174/40 103/175/40
f 13/20/41 103/175/41 104/176/41
f 15/23/42 104/176/42 105/177/42
f 17/26/43 105/177/43 106/178/43
f 19/29/44 106/178/44 107/179/44
f 21/32/45 107/179/45 108/180/45
f 23/35/46 108/180/46 109/181/46
f 25/38/47 109/181/47 110/182/47
f 27/42/48 110/182/48 111/183/48
f 29/45/49 111/183/49 112/184/49
f 31/48/50 112/184/50 113/185/50
f 33/51/51 113/185/51 114/186/51
f 35/54/52 114/186/52 115/187/52
f 37/57/53 115/187/53 116/188/53
f 39/60/54 116/188/54 117/189/54
f 41/63/55 117/189/55 118/190/55
f 43/67/56 118/190/56 119/191/56
f 45/70/57 119/191/57 120/192/57
f 47/73/58 120/192/58 121/193/58
f 49/76/59 121/193/59 122/194/59
f 51/79/60 122/194/60 123/195/60
f 53/82/61 123/195/61 124/196/61
f 55/85/62 124/196/62 125/197/62
f 57/89/63 125/197/63 126/198/63
f 59/92/64 126/198/64 127/199/64
f 61/95/65 127/199/65 128/200/65
f 63/98/66 128/200/66 97/169/66
f 573/761/67 143/217/67 144/218/67
f 571/759/68 129/202/68 136/210/68
f 574/762/69 134/207/69 144/218/69
f 130/203/70 571/759/70 137/211/70
f 574/762/71 145/219/71 146/220/71
f 572/760/72 130/203/72 138/212/72
f 575/764/73 146/221/73 147/222/73
f 572/760/74 139/213/74 140/214/74
f 576/765/75 147/222/75 148/223/75
f 132/205/76 131/204/76 140/214/76
f 133/206/78 132/205/78 141/215/78
f 573/761/79 133/206/79 142/216/79
f 570/758/80 135/208/80 136/209/80
f 142/216/81 156/233/81 157/234/81
f 136/209/82 135/208/82 149/224/82
f 144/218/83 143/217/83 157/234/83
f 136/210/84 150/225/84 151/228/84
f 145/219/85 144/218/85 158/235/85
f 137/211/86 151/228/86 152/229/86
f 145/219/87 159/236/87 160/238/87
f 138/212/88 152/229/88 153/230/88
f 147/222/89 146/221/89 160/239/89
f 140/214/90 139/213/90 153/230/90
f 148/223/91 147/222/91 161/240/91
f 140/214/92 154/231/92 155/232/92
f 141/215/94 155/232/94 156/233/94
f 160/239/95 174/264/95 175/265/95
f 154/231/96 153/230/96 167/249/96
f 161/240/97 175/265/97 176/266/97
f 154/231/98 168/251/98 169/253/98
f 155/232/100 169/253/100 170/255/100
f 156/233/101 170/255/101 171/257/101
f 150/226/102 149/224/102 163/242/102
f 157/234/103 171/257/103 172/259/103
f 150/226/104 164/243/104 165/245/104
f 158/235/105 172/259/105 173/261/105
f 151/228/106 165/244/106 166/247/106
f 159/237/107 173/263/107 174/264/107
f 152/229/108 166/247/108 167/249/108
f 163/242/109 177/267/109 178/268/109
f 172/260/110 171/258/110 185/276/110
f 165/245/111 164/243/111 178/268/111
f 173/262/112 172/260/112 186/277/112
f 165/246/113 179/270/113 180/271/113
f 173/263/114 187/279/114 188/280/114
f 166/248/115 180/271/115 181/272/115
f 175/265/116 174/264/116 188/280/116
f 168/252/117 167/250/117 181/272/117
f 175/265/118 189/281/118 190/282/118
f 168/252/119 182/273/119 183/274/119
f 169/254/121 183/274/121 184/275/121
f 170/256/122 184/275/122 185/276/122
f 182/273/123 181/272/123 195/289/123
f 189/281/124 203/299/124 204/300/124
f 182/273/125 196/290/125 197/291/125
f 183/274/127 197/291/127 198/292/127
f 184/275/128 198/292/128 199/293/128
f 178/268/515 177/267/515 191/283/515
f 186/277/130 185/276/130 199/293/130
f 178/268/131 192/284/131 193/286/131
f 187/278/132 186/277/132 200/294/132
f 179/270/133 193/287/133 194/288/133
f 188/280/134 187/279/134 201/295/134
f 180/271/135 194/288/135 195/289/135
f 188/280/136 202/298/136 203/299/136
f 200/294/137 199/293/137 213/310/137
f 192/285/138 206/303/138 207/304/138
f 200/294/139 214/311/139 215/312/139
f 193/287/140 207/304/140 208/305/140
f 202/297/141 201/296/141 215/312/141
f 195/289/142 194/288/142 208/305/142
f 203/299/143 202/298/143 216/314/143
f 196/290/144 195/289/144 209/306/144
f 203/299/145 217/315/145 218/316/145
f 197/291/146 196/290/146 210/307/146
f 197/291/148 211/308/148 212/309/148
f 198/292/149 212/309/149 213/310/149
f 191/283/150 205/301/150 206/302/150
f 217/315/151 231/331/151 232/332/151
f 210/307/152 224/323/152 225/324/152
f 211/308/154 225/324/154 226/325/154
f 212/309/155 226/325/155 227/326/155
f 206/302/156 205/301/156 219/317/156
f 214/311/157 213/310/157 227/326/157
f 206/303/158 220/319/158 221/320/158
f 214/311/159 228/327/159 229/328/159
f 208/305/160 207/304/160 221/320/160
f 216/313/161 215/312/161 229/328/161
f 208/305/162 222/321/162 223/322/162
f 216/314/163 230/330/163 231/331/163
f 210/307/164 209/306/164 223/322/164
f 229/328/165 228/327/165 242/343/165
f 222/321/166 221/320/166 235/336/166
f 230/329/167 229/328/167 243/344/167
f 222/321/168 236/337/168 237/338/168
f 230/330/169 244/346/169 245/347/169
f 224/323/170 223/322/170 237/338/170
f 231/331/171 245/347/171 246/348/171
f 224/323/172 238/339/172 239/340/172
f 225/324/174 239/340/174 240/341/174
f 226/325/175 240/341/175 241/342/175
f 220/318/176 219/317/176 233/333/176
f 228/327/177 227/326/177 241/342/177
f 220/319/178 234/335/178 235/336/178
f 239/340/180 253/356/180 254/357/180
f 240/341/181 254/357/181 255/358/181
f 234/334/182 233/333/182 247/349/182
f 242/343/183 241/342/183 255/358/183
f 234/335/184 248/351/184 249/352/184
f 242/343/185 256/359/185 257/360/185
f 236/337/186 235/336/186 249/352/186
f 244/345/187 243/344/187 257/360/187
f 236/337/188 250/353/188 251/354/188
f 244/346/189 258/362/189 259/363/189
f 237/338/516 251/354/516 252/355/516
f 245/347/191 259/363/191 260/364/191
f 239/340/192 238/339/192 252/355/192
f 249/352/193 263/369/193 264/370/193
f 257/360/194 271/377/194 272/379/194
f 250/353/195 264/370/195 265/371/195
f 258/362/196 272/380/196 273/381/196
f 252/355/197 251/354/197 265/371/197
f 260/364/198 259/363/198 273/381/198
f 253/356/199 252/355/199 266/372/199
f 253/356/201 267/373/201 268/374/201
f 254/357/202 268/374/202 269/375/202
f 248/350/203 247/349/203 261/365/203
f 256/359/204 255/358/204 269/375/204
f 248/351/205 262/366/205 263/369/205
f 256/359/206 270/376/206 271/377/206
f 267/373/207 281/390/207 282/391/207
f 268/374/208 282/391/208 283/392/208
f 262/367/209 261/365/209 275/383/209
f 269/375/210 283/392/210 284/393/210
f 262/367/211 276/384/211 277/385/211
f 271/377/212 270/376/212 284/393/212
f 264/370/213 263/369/213 277/386/213
f 272/380/214 271/378/214 285/394/214
f 264/370/215 278/387/215 279/388/215
f 272/380/216 286/396/216 287/397/216
f 266/372/217 265/371/217 279/388/217
f 274/382/218 273/381/218 287/397/218
f 267/373/219 266/372/219 280/389/219
f 286/396/221 285/394/221 299/420/221
f 278/387/222 292/404/222 293/406/222
f 286/396/223 300/421/223 301/422/223
f 280/389/224 279/388/224 293/406/224
f 287/397/225 301/422/225 302/423/225
f 281/390/226 280/389/226 294/408/226
f 281/390/228 295/410/228 296/412/228
f 282/391/229 296/412/229 297/414/229
f 276/384/230 275/383/230 289/399/230
f 284/393/231 283/392/231 297/414/231
f 276/384/232 290/400/232 291/401/232
f 285/395/233 284/393/233 298/416/233
f 278/387/234 277/386/234 291/402/234
f 296/413/235 310/432/235 311/433/235
f 290/400/236 289/399/236 303/424/236
f 298/417/237 297/415/237 311/433/237
f 290/400/238 304/425/238 305/426/238
f 298/417/239 312/434/239 313/435/239
f 292/405/240 291/403/240 305/427/240
f 299/420/241 313/436/241 314/437/241
f 292/405/242 306/428/242 307/429/242
f 300/421/243 314/437/243 315/438/243
f 294/409/244 293/407/244 307/429/244
f 301/422/245 315/438/245 316/439/245
f 295/411/246 294/409/246 308/430/246
f 295/411/248 309/431/248 310/432/248
f 306/428/249 320/445/249 321/446/249
f 315/438/250 314/437/250 328/455/250
f 308/430/251 307/429/251 321/446/251
f 315/438/252 329/456/252 330/457/252
f 309/431/253 308/430/253 322/447/253
f 309/431/255 323/448/255 324/449/255
f 310/432/256 324/449/256 325/450/256
f 304/425/257 303/424/257 317/440/257
f 312/434/258 311/433/258 325/450/258
f 305/426/259 304/425/259 318/441/259
f 313/435/260 312/434/260 326/451/260
f 305/427/261 319/444/261 320/445/261
f 314/437/262 313/436/262 327/452/262
f 324/449/263 338/466/263 339/467/263
f 318/441/264 317/440/264 331/458/264
f 326/451/265 325/450/265 339/467/265
f 318/442/266 332/460/266 333/461/266
f 326/451/267 340/468/267 341/469/267
f 320/445/268 319/444/268 333/461/268
f 328/454/269 327/453/269 341/469/269
f 321/446/270 320/445/270 334/462/270
f 328/455/271 342/471/271 343/472/271
f 322/447/272 321/446/272 335/463/272
f 329/456/273 343/472/273 344/473/273
f 323/448/274 322/447/274 336/464/274
f 323/448/276 337/465/276 338/466/276
f 342/471/277 356/487/277 357/488/277
f 336/464/278 335/463/278 349/479/278
f 343/472/279 357/488/279 358/489/279
f 337/465/280 336/464/280 350/480/280
f 337/465/282 351/481/282 352/482/282
f 338/466/283 352/482/283 353/483/283
f 332/459/284 331/458/284 345/474/284
f 340/468/285 339/467/285 353/483/285
f 332/460/286 346/476/286 347/477/286
f 341/469/287 340/468/287 354/484/287
f 334/462/288 333/461/288 347/477/288
f 341/469/289 355/485/289 356/486/289
f 334/462/290 348/478/290 349/479/290
f 354/484/291 353/483/291 367/499/291
f 346/476/292 360/492/292 361/493/292
f 355/485/293 354/484/293 368/500/293
f 347/477/294 361/493/294 362/494/294
f 356/486/295 355/485/295 369/501/295
f 348/478/296 362/494/296 363/495/296
f 357/488/297 356/487/297 370/503/297
f 350/480/298 349/479/298 363/495/298
f 357/488/299 371/504/299 372/505/299
f 351/481/300 350/480/300 364/496/300
f 580/772/4 615/843/4 617/846/4
f 351/481/302 365/497/302 366/498/302
f 593/799/17 642/884/17 644/887/17
f 352/482/303 366/498/303 367/499/303
f 345/474/304 359/490/304 360/491/304
f 371/504/305 385/520/305 386/521/305
f 365/497/306 364/496/306 378/512/306
f 606/827/30 668/925/30 670/928/30
f 365/497/308 379/513/308 380/514/308
f 579/769/3 613/839/3 615/844/3
f 366/498/309 380/514/309 381/515/309
f 360/491/310 359/490/310 373/506/310
f 368/500/311 367/499/311 381/515/311
f 360/492/312 374/507/312 375/509/312
f 368/500/313 382/516/313 383/517/313
f 362/494/314 361/493/314 375/509/314
f 370/502/315 369/501/315 383/517/315
f 362/494/316 376/510/316 377/511/316
f 371/504/317 370/503/317 384/519/317
f 364/496/318 363/495/318 377/511/318
f 374/507/517 388/523/517 389/526/517
f 382/516/320 396/533/320 397/534/320
f 375/509/321 389/526/321 390/527/321
f 384/518/322 383/517/322 397/534/322
f 376/510/323 390/527/323 391/528/323
f 385/520/324 384/519/324 398/537/324
f 378/512/325 377/511/325 391/528/325
f 385/520/326 399/538/326 400/539/326
f 379/513/327 378/512/327 392/529/327
f 592/797/16 640/881/16 642/884/16
f 379/513/329 393/530/329 394/531/329
f 605/825/29 666/922/29 668/925/29
f 380/514/330 394/531/330 395/532/330
f 374/508/518 373/506/518 387/522/518
f 382/516/332 381/515/332 395/532/332
f 393/530/333 392/529/333 406/549/333
f 578/767/2 611/837/2 613/839/2
f 393/530/335 407/551/335 408/553/335
f 591/795/15 638/878/15 640/881/15
f 394/531/336 408/553/336 409/555/336
f 387/522/337 401/540/337 402/541/337
f 395/532/338 409/555/338 410/557/338
f 388/524/339 402/541/339 403/542/339
f 396/533/340 410/557/340 411/559/340
f 390/527/341 389/526/341 403/543/341
f 398/537/342 397/535/342 411/560/342
f 390/527/343 404/545/343 405/547/343
f 398/537/344 412/563/344 413/564/344
f 392/529/345 391/528/345 405/547/345
f 399/538/346 413/564/346 414/565/346
f 410/558/347 425/577/347 426/578/347
f 404/546/348 403/544/348 418/570/348
f 412/562/349 411/561/349 426/578/349
f 404/546/350 419/571/350 420/572/350
f 412/563/351 427/580/351 428/581/351
f 405/548/352 420/572/352 421/573/352
f 413/564/353 428/581/353 429/582/353
f 407/552/354 406/550/354 421/573/354
f 604/823/28 664/918/28 666/922/28
f 407/552/356 422/574/356 423/575/356
f 590/793/14 636/875/14 638/878/14
f 408/554/357 423/575/357 424/576/357
f 402/541/358 401/540/358 416/567/358
f 410/558/359 409/556/359 424/576/359
f 402/541/360 417/568/360 418/569/360
f 603/820/27 662/915/27 664/919/27
f 422/574/362 436/591/362 437/592/362
f 589/791/13 634/871/13 636/875/13
f 423/575/363 437/592/363 438/593/363
f 417/568/364 416/567/364 430/583/364
f 425/577/365 424/576/365 438/593/365
f 417/568/366 431/584/366 432/586/366
f 425/577/367 439/594/367 440/595/367
f 419/571/368 418/570/368 432/587/368
f 426/578/369 440/595/369 441/596/369
f 419/571/370 433/588/370 434/589/370
f 428/581/371 427/580/371 441/597/371
f 421/573/372 420/572/372 434/589/372
f 429/582/373 428/581/373 442/598/373
f 422/574/374 421/573/374 435/590/374
f 432/587/375 446/603/375 447/604/375
f 441/596/376 440/595/376 454/611/376
f 433/588/377 447/604/377 448/605/377
f 441/597/378 455/613/378 456/614/378
f 435/590/379 434/589/379 448/605/379
f 442/598/380 456/614/380 457/615/380
f 436/591/381 435/590/381 449/606/381
f 602/818/26 660/912/26 662/915/26
f 436/591/383 450/607/383 451/608/383
f 588/788/12 632/868/12 634/872/12
f 437/592/384 451/608/384 452/609/384
f 431/584/519 430/583/519 444/600/519
f 439/594/386 438/593/386 452/609/386
f 431/585/387 445/602/387 446/603/387
f 439/594/388 453/610/388 454/611/388
f 450/607/389 464/623/389 465/624/389
f 601/816/25 658/909/25 660/912/25
f 451/608/390 465/624/390 466/625/390
f 445/601/520 444/600/520 458/616/520
f 452/609/392 466/625/392 467/626/392
f 445/602/393 459/618/393 460/619/393
f 453/610/394 467/626/394 468/627/394
f 447/604/395 446/603/395 460/619/395
f 455/612/396 454/611/396 468/627/396
f 447/604/397 461/620/397 462/621/397
f 455/613/398 469/629/398 470/630/398
f 449/606/399 448/605/399 462/621/399
f 456/614/400 470/630/400 471/631/400
f 450/607/401 449/606/401 463/622/401
f 587/786/11 630/865/11 632/868/11
f 468/627/403 482/644/403 483/645/403
f 461/620/404 475/637/404 476/638/404
f 469/629/405 483/646/405 484/647/405
f 463/622/406 462/621/406 476/638/406
f 471/631/407 470/630/407 484/647/407
f 464/623/408 463/622/408 477/639/408
f 600/814/24 656/906/24 658/909/24
f 464/623/410 478/640/410 479/641/410
f 586/784/10 628/862/10 630/865/10
f 465/624/411 479/641/411 480/642/411
f 459/617/412 458/616/412 472/632/412
f 467/626/413 466/625/413 480/642/413
f 459/618/414 473/633/414 474/636/414
f 467/626/415 481/643/415 482/644/415
f 461/620/416 460/619/416 474/636/416
f 479/641/417 493/657/417 494/658/417
f 472/632/521 486/649/521 487/650/521
f 481/643/419 480/642/419 494/658/419
f 473/634/420 487/650/420 488/651/420
f 481/643/421 495/659/421 496/660/421
f 475/637/422 474/636/422 488/652/422
f 483/645/423 482/644/423 496/660/423
f 476/638/424 475/637/424 489/653/424
f 484/647/425 483/646/425 497/661/425
f 477/639/426 476/638/426 490/654/426
f 485/648/427 484/647/427 498/663/427
f 478/640/428 477/639/428 491/655/428
f 599/812/23 654/903/23 656/906/23
f 478/640/430 492/656/430 493/657/430
f 585/782/9 626/859/9 628/862/9
f 497/661/431 511/684/431 512/685/431
f 491/655/432 490/654/432 504/672/432
f 499/664/433 498/663/433 512/685/433
f 492/656/434 491/655/434 505/674/434
f 598/810/22 652/900/22 654/903/22
f 492/656/436 506/677/436 507/678/436
f 584/780/8 624/856/8 626/859/8
f 493/657/437 507/678/437 508/679/437
f 487/650/438 486/649/438 500/665/438
f 495/659/439 494/658/439 508/679/439
f 487/650/440 501/666/440 502/667/440
f 495/659/441 509/680/441 510/681/441
f 489/653/442 488/652/442 502/668/442
f 497/662/443 496/660/443 510/681/443
f 489/653/444 503/670/444 504/672/444
f 501/666/445 500/665/445 514/687/445
f 509/680/446 508/679/446 522/698/446
f 501/666/447 515/688/447 516/689/447
f 509/680/448 523/700/448 524/703/448
f 503/671/449 502/669/449 516/690/449
f 511/684/450 510/682/450 524/704/450
f 503/671/451 517/691/451 518/692/451
f 511/684/452 525/705/452 526/706/452
f 505/675/453 504/673/453 518/692/453
f 512/685/454 526/706/454 527/707/454
f 506/676/455 505/675/455 519/693/455
f 597/808/21 650/896/21 652/900/21
f 506/677/457 520/694/457 521/696/457
f 583/778/7 622/853/7 624/856/7
f 507/678/458 521/696/458 522/698/458
f 519/693/459 518/692/459 532/714/459
f 527/707/460 526/706/460 540/724/460
f 520/695/461 519/693/461 533/715/461
f 596/805/20 648/893/20 650/897/20
f 520/695/463 534/716/463 535/717/463
f 609/833/1 674/934/1 611/837/1
f 521/697/464 535/717/464 536/718/464
f 515/688/465 514/687/465 528/708/465
f 523/701/466 522/699/466 536/718/466
f 515/688/467 529/710/467 530/711/467
f 523/701/468 537/719/468 538/721/468
f 517/691/469 516/690/469 530/712/469
f 525/705/470 524/704/470 538/720/470
f 517/691/471 531/713/471 532/714/471
f 526/706/472 525/705/472 539/723/472
f 537/719/473 536/718/473 550/735/473
f 530/712/474 529/709/474 543/728/474
f 537/719/475 551/736/475 552/737/475
f 530/712/476 544/729/476 545/730/476
f 539/722/477 538/721/477 552/737/477
f 531/713/478 545/730/478 546/731/478
f 539/723/479 553/739/479 554/740/479
f 533/715/480 532/714/480 546/731/480
f 540/724/481 554/740/481 555/741/481
f 534/716/482 533/715/482 547/732/482
f 582/776/6 619/849/6 622/853/6
f 534/716/484 548/733/484 549/734/484
f 595/803/19 646/890/19 648/893/19
f 535/717/485 549/734/485 550/735/485
f 529/710/522 528/708/522 542/726/522
f 554/740/487 568/756/487 569/757/487
f 548/733/488 547/732/488 561/748/488
f 608/831/33 672/932/33 674/934/33
f 548/733/490 562/749/490 563/750/490
f 581/774/5 617/846/5 619/849/5
f 549/734/491 563/750/491 564/751/491
f 543/727/492 542/726/492 556/742/492
f 551/736/493 550/735/493 564/751/493
f 543/728/494 557/743/494 558/745/494
f 551/736/495 565/752/495 566/753/495
f 545/730/496 544/729/496 558/745/496
f 553/738/497 552/737/497 566/753/497
f 546/731/498 545/730/498 559/746/498
f 553/739/499 567/755/499 568/756/499
f 547/732/500 546/731/500 560/747/500
f 558/745/501 557/743/501 129/202/501
f 565/752/502 134/207/502 574/762/502
f 558/745/503 571/759/503 130/203/503
f 567/754/504 566/753/504 574/762/504
f 559/746/523 130/203/523 572/760/523
f 567/755/506 575/764/506 576/765/506
f 561/748/524 560/747/524 572/760/524
f 569/757/508 568/756/508 576/765/508
f 562/749/509 561/748/509 131/204/509
f 594/801/18 644/887/18 646/890/18
f 562/749/511 132/205/511 133/206/511
f 607/829/32 670/928/32 672/932/32
f 563/750/525 133/206/525 573/761/525
f 557/744/513 556/742/513 570/758/513
f 565/752/526 564/751/526 573/761/526
f 578/768/31 579/770/31 149/224/31
f 580/773/31 163/242/31 149/224/31
f 580/773/31 581/775/31 177/267/31
f 582/777/31 191/283/31 177/267/31
f 582/777/31 583/779/31 205/301/31
f 584/781/31 219/317/31 205/301/31
f 584/781/31 585/783/31 233/333/31
f 586/785/31 247/349/31 233/333/31
f 586/785/31 587/787/31 261/365/31
f 588/789/31 275/383/31 261/365/31
f 589/792/31 289/399/31 275/383/31
f 589/792/31 590/794/31 303/424/31
f 591/796/31 317/440/31 303/424/31
f 592/798/31 331/458/31 317/440/31
f 592/798/31 593/800/31 345/474/31
f 594/802/31 359/490/31 345/474/31
f 595/804/31 373/506/31 359/490/31
f 596/806/31 387/522/31 373/506/31
f 596/806/31 597/809/31 401/540/31
f 598/811/31 416/567/31 401/540/31
f 599/813/31 430/583/31 416/567/31
f 600/815/31 444/600/31 430/583/31
f 600/815/31 601/817/31 458/616/31
f 602/819/31 472/632/31 458/616/31
f 603/821/31 486/649/31 472/632/31
f 604/824/31 500/665/31 486/649/31
f 605/826/31 514/687/31 500/665/31
f 606/828/31 528/708/31 514/687/31
f 606/828/31 607/830/31 542/726/31
f 608/832/31 556/742/31 542/726/31
f 608/832/31 609/834/31 570/758/31
f 578/768/31 135/208/31 570/758/31
f 674/935/31 673/933/31 610/835/31
f 610/835/31 612/838/31 613/840/31
f 613/840/31 612/838/31 614/841/31
f 614/841/31 616/845/31 617/847/31
f 616/845/31 618/848/31 619/850/31
f 618/848/31 621/852/31 622/854/31
f 621/852/31 623/855/31 624/857/31
f 623/855/31 625/858/31 626/860/31
f 625/858/31 627/861/31 628/863/31
f 627/861/31 629/864/31 630/866/31
f 629/864/31 631/867/31 632/869/31
f 631/867/31 633/870/31 634/873/31
f 633/870/31 635/874/31 636/876/31
f 635/874/31 637/877/31 638/879/31
f 637/877/31 639/880/31 640/882/31
f 639/880/31 641/883/31 642/885/31
f 641/883/31 643/886/31 644/888/31
f 643/886/31 645/889/31 646/891/31
f 645/889/31 647/892/31 648/894/31
f 647/892/31 649/895/31 650/898/31
f 649/895/31 651/899/31 652/901/31
f 651/899/31 653/902/31 654/904/31
f 653/902/31 655/905/31 656/907/31
f 655/905/31 657/908/31 658/910/31
f 657/908/31 659/911/31 660/913/31
f 659/911/31 661/914/31 662/916/31
f 661/914/31 663/917/31 664/920/31
f 663/917/31 665/921/31 666/923/31
f 665/921/31 667/924/31 668/926/31
f 667/924/31 669/927/31 670/929/31
f 670/929/31 669/927/31 671/930/31
f 671/930/31 673/933/31 674/935/31
