# Blender 3.3.1
# www.blender.org
o vessel
v -0.705944 0.902974 -0.369549
v -0.699910 0.956906 -0.365584
v -0.646282 0.895216 -0.354813
v -0.640248 0.949147 -0.350848
v -0.590725 0.887077 -0.328657
v -0.584691 0.941009 -0.324692
v -0.541409 0.878871 -0.292084
v -0.535376 0.932802 -0.288119
v -0.500230 0.870912 -0.246500
v -0.494196 0.924844 -0.242535
v -0.468769 0.863507 -0.193658
v -0.462735 0.917439 -0.189693
v -0.448236 0.856941 -0.135587
v -0.442202 0.910872 -0.131622
v -0.439420 0.851465 -0.074520
v -0.433386 0.905396 -0.070555
v -0.442659 0.847290 -0.012802
v -0.436625 0.901221 -0.008837
v -0.457830 0.844576 0.047193
v -0.451796 0.898508 0.051158
v -0.484348 0.843428 0.103161
v -0.478314 0.897360 0.107126
v -0.521196 0.843890 0.152950
v -0.515162 0.897822 0.156915
v -0.566956 0.845944 0.194648
v -0.560922 0.899876 0.198613
v -0.619871 0.849512 0.226652
v -0.613837 0.903443 0.230617
v -0.677907 0.854455 0.247731
v -0.671873 0.908386 0.251697
v -0.738833 0.860584 0.257077
v -0.732799 0.914516 0.261042
v -0.800309 0.867664 0.254329
v -0.794275 0.921596 0.258294
v 0.813254 0.993827 -0.244923
v 0.641207 0.993827 -0.416970
v 0.790204 0.993827 -0.330946
v 0.727230 0.993827 -0.393920
v 0.641207 0.993827 0.430786
v 0.813254 0.993827 0.258739
v 0.727230 0.993827 0.407736
v 0.790204 0.993827 0.344762
v -0.642911 0.993827 -0.416970
v -0.814958 0.993827 -0.244923
v -0.728935 0.993827 -0.393920
v -0.791908 0.993827 -0.330946
v -0.814958 0.993827 0.258739
v -0.642911 0.993827 0.430786
v -0.791908 0.993827 0.344762
v -0.728935 0.993827 0.407736
v 0.630652 0.000742 -0.336802
v 0.641207 0.080911 -0.416970
v 0.733086 0.000742 -0.234368
v 0.813254 0.080911 -0.244923
v 0.685732 0.000742 -0.322043
v 0.727230 0.080911 -0.393920
v 0.718327 0.000742 -0.289448
v 0.790204 0.080911 -0.330946
v 0.733086 0.000742 0.248184
v 0.813254 0.080911 0.258739
v 0.630652 0.000742 0.350618
v 0.641207 0.080911 0.430786
v 0.718327 0.000742 0.303264
v 0.790204 0.080911 0.344762
v 0.685732 0.000742 0.335859
v 0.727230 0.080911 0.407736
v -0.734790 0.000742 -0.234368
v -0.814958 0.080911 -0.244923
v -0.632357 0.000742 -0.336801
v -0.642911 0.080911 -0.416970
v -0.720031 0.000742 -0.289448
v -0.791908 0.080911 -0.330946
v -0.687437 0.000742 -0.322043
v -0.728935 0.080911 -0.393920
v -0.632357 0.000742 0.350618
v -0.642911 0.080911 0.430786
v -0.734790 0.000742 0.248184
v -0.814958 0.080911 0.258739
v -0.687436 0.000742 0.335859
v -0.728935 0.080911 0.407736
v -0.720031 0.000742 0.303264
v -0.791908 0.080911 0.344762
v 0.821263 0.993827 -0.344211
v 0.845218 0.993827 -0.254810
v 0.755816 0.993827 -0.409657
v 0.666415 0.993827 -0.433612
v -0.668120 0.993827 0.447428
v -0.757521 0.993827 0.423474
v -0.822967 0.993827 0.358027
v -0.846922 0.993827 0.268626
v 0.755817 0.993827 0.423473
v 0.666415 0.993827 0.447428
v 0.821263 0.993827 0.358027
v 0.845218 0.993827 0.268626
v -0.757521 0.993827 -0.409657
v -0.668120 0.993827 -0.433612
v -0.822967 0.993827 -0.344211
v -0.846922 0.993827 -0.254810
v 0.756898 1.026329 -0.307050
v 0.773428 1.026329 -0.245359
v 0.718655 1.026329 -0.345292
v 0.656964 1.026329 -0.361823
v -0.658668 1.026329 0.375639
v -0.720360 1.026329 0.359109
v -0.758602 1.026329 0.320866
v -0.775132 1.026329 0.259175
v 0.718655 1.026329 0.359109
v 0.656964 1.026329 0.375639
v 0.756898 1.026329 0.320866
v 0.773428 1.026329 0.259175
v -0.720360 1.026329 -0.345292
v -0.658668 1.026329 -0.361823
v -0.758602 1.026329 -0.307050
v -0.775132 1.026329 -0.245359
v 0.821263 1.026329 -0.344211
v 0.845218 1.026329 -0.254810
v 0.755817 1.026329 -0.409657
v 0.666415 1.026329 -0.433612
v -0.668120 1.026329 0.447429
v -0.757521 1.026329 0.423474
v -0.822967 1.026329 0.358027
v -0.846922 1.026329 0.268626
v 0.755817 1.026329 0.423473
v 0.666415 1.026329 0.447428
v 0.821263 1.026329 0.358027
v 0.845218 1.026329 0.268626
v -0.757521 1.026329 -0.409657
v -0.668119 1.026329 -0.433612
v -0.822967 1.026329 -0.344211
v -0.846922 1.026329 -0.254810
v 0.756898 0.784138 -0.307050
v 0.773428 0.784138 -0.245359
v 0.718655 0.784138 -0.345293
v 0.656964 0.784138 -0.361823
v -0.658668 0.784138 0.375639
v -0.720360 0.784138 0.359109
v -0.758602 0.784138 0.320866
v -0.775132 0.784138 0.259175
v 0.718655 0.784138 0.359109
v 0.656964 0.784138 0.375639
v 0.756898 0.784138 0.320866
v 0.773428 0.784138 0.259175
v -0.720360 0.784138 -0.345292
v -0.658668 0.784138 -0.361823
v -0.758602 0.784138 -0.307050
v -0.775132 0.784138 -0.245359
v 0.533538 0.851439 -0.075498
v 0.533538 0.890601 -0.075498
v 0.577906 0.851439 -0.071129
v 0.577906 0.890601 -0.071129
v 0.620568 0.851439 -0.058187
v 0.620568 0.890601 -0.058187
v 0.659886 0.851439 -0.037171
v 0.659886 0.890601 -0.037171
v 0.694348 0.851439 -0.008889
v 0.694348 0.890601 -0.008889
v 0.722631 0.851439 0.025574
v 0.722631 0.890601 0.025574
v 0.743647 0.851439 0.064892
v 0.743647 0.890601 0.064892
v 0.756588 0.851439 0.107554
v 0.756588 0.890601 0.107554
v 0.760958 0.851439 0.151921
v 0.760958 0.890601 0.151921
v 0.756588 0.851439 0.196289
v 0.756588 0.890601 0.196289
v 0.743647 0.851439 0.238951
v 0.743647 0.890601 0.238951
v 0.722631 0.851439 0.278269
v 0.722631 0.890601 0.278269
v 0.694348 0.851439 0.312731
v 0.694348 0.890601 0.312731
v 0.659886 0.851439 0.341014
v 0.659886 0.890601 0.341014
v 0.620568 0.851439 0.362030
v 0.620568 0.890601 0.362030
v 0.577906 0.851439 0.374971
v 0.577906 0.890601 0.374971
v 0.533538 0.851439 0.379341
v 0.533538 0.890601 0.379341
v -0.325605 0.772385 -0.174440
v -0.325289 0.821021 -0.183244
v -0.270501 0.774065 -0.163180
v -0.270185 0.822701 -0.171983
v -0.218676 0.777642 -0.141559
v -0.218360 0.826278 -0.150363
v -0.172121 0.782978 -0.110410
v -0.171805 0.831614 -0.119213
v -0.132626 0.789868 -0.070929
v -0.132310 0.838504 -0.079732
v -0.101708 0.798047 -0.024633
v -0.101392 0.846683 -0.033437
v -0.080556 0.807201 0.026698
v -0.080240 0.855837 0.017894
v -0.069982 0.816977 0.081092
v -0.069666 0.865614 0.072288
v -0.070392 0.827001 0.136458
v -0.070077 0.875638 0.127655
v -0.081772 0.836888 0.190669
v -0.081457 0.885524 0.181866
v -0.103684 0.846256 0.241642
v -0.103368 0.894892 0.232839
v -0.135285 0.854746 0.287417
v -0.134969 0.903383 0.278614
v -0.175361 0.862033 0.326236
v -0.175045 0.910669 0.317433
v -0.222372 0.867835 0.356607
v -0.222056 0.916471 0.347804
v -0.274512 0.871930 0.377362
v -0.274196 0.920566 0.368559
v -0.329776 0.874160 0.387704
v -0.329460 0.922797 0.378901
v -0.386041 0.874441 0.387236
v -0.385726 0.923077 0.378433
v -0.061671 0.881293 -0.283607
v -0.072260 0.915321 -0.288049
v -0.022607 0.893300 -0.284751
v -0.033197 0.927328 -0.289193
v 0.015627 0.906085 -0.277961
v 0.005038 0.940113 -0.282403
v 0.051564 0.919157 -0.263499
v 0.040974 0.953184 -0.267941
v 0.083821 0.932012 -0.241920
v 0.073232 0.966040 -0.246362
v 0.111159 0.944158 -0.214053
v 0.100570 0.978185 -0.218495
v 0.132528 0.955126 -0.180970
v 0.121939 0.989154 -0.185412
v 0.147107 0.964497 -0.143941
v 0.136517 0.998524 -0.148383
v 0.154334 0.971909 -0.104391
v 0.143744 1.005937 -0.108832
v 0.153933 0.977078 -0.063837
v 0.143343 1.011105 -0.068279
v 0.145918 0.979805 -0.023840
v 0.135329 1.013832 -0.028282
v 0.130598 0.979985 0.014064
v 0.120009 1.014013 0.009622
v 0.108562 0.977612 0.048418
v 0.097973 1.011640 0.043977
v 0.080656 0.972776 0.077903
v 0.070067 1.006804 0.073461
v 0.047953 0.965664 0.101384
v 0.037364 0.999692 0.096942
v 0.011710 0.956549 0.117960
v 0.001120 0.990576 0.113518
v -0.026681 0.945780 0.126994
v -0.037271 0.979808 0.122552
v 0.435359 0.884633 -0.356120
v 0.419621 0.921623 -0.345689
v 0.478257 0.904062 -0.360290
v 0.462519 0.941051 -0.349859
v 0.522008 0.921323 -0.355490
v 0.506270 0.958312 -0.345059
v 0.564930 0.935754 -0.341904
v 0.549192 0.972743 -0.331473
v 0.605374 0.946799 -0.320054
v 0.589636 0.983789 -0.309623
v 0.641785 0.954036 -0.290779
v 0.626047 0.991026 -0.280348
v 0.672764 0.957185 -0.255205
v 0.657026 0.994174 -0.244774
v 0.697121 0.956125 -0.214698
v 0.681383 0.993115 -0.204268
v 0.713919 0.950898 -0.170816
v 0.698181 0.987888 -0.160386
v 0.722513 0.941704 -0.125245
v 0.706775 0.978694 -0.114814
v 0.722574 0.928896 -0.079736
v 0.706836 0.965886 -0.069305
v 0.714097 0.912967 -0.036037
v 0.698359 0.949957 -0.025607
v 0.697410 0.894529 0.004171
v 0.681672 0.931518 0.014602
v 0.673153 0.874289 0.039343
v 0.657415 0.911279 0.049774
v 0.642259 0.853028 0.068129
v 0.626521 0.890017 0.078560
v 0.605914 0.831560 0.089422
v 0.590177 0.868550 0.099853
v 0.565517 0.810711 0.102403
v 0.549779 0.847701 0.112834
v -0.251865 0.841239 -0.359649
v -0.270649 0.887154 -0.365616
v -0.203141 0.863637 -0.340684
v -0.221924 0.909552 -0.346651
v -0.159274 0.885349 -0.311707
v -0.178057 0.931263 -0.317674
v -0.121951 0.905540 -0.273830
v -0.140734 0.951454 -0.279796
v -0.092606 0.923435 -0.228508
v -0.111389 0.969349 -0.234475
v -0.072366 0.938346 -0.177485
v -0.091150 0.984260 -0.183451
v -0.062010 0.949700 -0.122719
v -0.080793 0.995614 -0.128686
v -0.061935 0.957060 -0.066317
v -0.080719 1.002974 -0.072284
v -0.072145 0.960144 -0.010446
v -0.090928 1.006058 -0.016412
v -0.092246 0.958833 0.042748
v -0.111030 1.004748 0.036782
v -0.121467 0.953178 0.091221
v -0.140251 0.999093 0.085254
v -0.158684 0.943396 0.133108
v -0.177468 0.989311 0.127141
v -0.202468 0.929863 0.166801
v -0.221252 0.975777 0.160834
v -0.251135 0.913099 0.191005
v -0.269919 0.959013 0.185038
v -0.302816 0.893747 0.204790
v -0.321600 0.939662 0.198823
v -0.355524 0.872553 0.207626
v -0.374308 0.918467 0.201659
v -0.407234 0.850330 0.199403
v -0.426018 0.896244 0.193436
v 0.191614 0.813986 -0.310037
v 0.218444 0.857507 -0.303437
v 0.240888 0.782690 -0.303980
v 0.267718 0.826211 -0.297380
v 0.287435 0.751380 -0.286747
v 0.314266 0.794901 -0.280146
v 0.329468 0.721259 -0.258999
v 0.356299 0.764780 -0.252398
v 0.365371 0.693484 -0.221802
v 0.392201 0.737005 -0.215202
v 0.393764 0.669123 -0.176587
v 0.420594 0.712644 -0.169987
v 0.413555 0.649111 -0.125091
v 0.440385 0.692632 -0.118491
v 0.423985 0.634218 -0.069293
v 0.450815 0.677740 -0.062692
v 0.424653 0.625017 -0.011337
v 0.451483 0.668538 -0.004736
v 0.415532 0.621860 0.046549
v 0.442362 0.665382 0.053150
v 0.396974 0.624870 0.102142
v 0.423804 0.668391 0.108743
v 0.369691 0.633930 0.153304
v 0.396522 0.677451 0.159905
v 0.334733 0.648692 0.198070
v 0.361563 0.692213 0.204671
v 0.293441 0.668589 0.234719
v 0.320272 0.712110 0.241320
v 0.247404 0.692856 0.261843
v 0.274235 0.736378 0.268444
v 0.198391 0.720562 0.278400
v 0.225222 0.764083 0.285000
v 0.148285 0.750640 0.283752
v 0.175115 0.794161 0.290353
v 0.315087 0.749311 -0.108733
v 0.293704 0.784185 -0.109641
v 0.354176 0.773048 -0.117582
v 0.332794 0.807922 -0.118490
v 0.393883 0.797399 -0.117340
v 0.372501 0.832273 -0.118248
v 0.432681 0.821430 -0.108019
v 0.411299 0.856304 -0.108927
v 0.469080 0.844217 -0.089976
v 0.447698 0.879091 -0.090884
v 0.501681 0.864884 -0.063904
v 0.480299 0.899758 -0.064812
v 0.529230 0.882637 -0.030805
v 0.507848 0.917511 -0.031713
v 0.550670 0.896794 0.008049
v 0.529288 0.931668 0.007141
v 0.565176 0.906810 0.051164
v 0.543794 0.941684 0.050256
v 0.572191 0.912302 0.096884
v 0.550809 0.947176 0.095976
v 0.571445 0.913057 0.143452
v 0.550063 0.947931 0.142544
v 0.562967 0.909047 0.189078
v 0.541585 0.943921 0.188170
v 0.547083 0.900425 0.232009
v 0.525701 0.935299 0.231101
v 0.524403 0.887524 0.270594
v 0.503021 0.922398 0.269686
v 0.495799 0.870839 0.303352
v 0.474417 0.905713 0.302444
v 0.462369 0.851011 0.329024
v 0.440987 0.885885 0.328116
v 0.425400 0.828802 0.346622
v 0.404017 0.863676 0.345714
v -0.207446 0.674798 -0.237270
v -0.218723 0.723656 -0.234768
v -0.151789 0.687506 -0.234581
v -0.163065 0.736364 -0.232080
v -0.097588 0.699311 -0.220820
v -0.108865 0.748169 -0.218319
v -0.046927 0.709760 -0.196516
v -0.058203 0.758618 -0.194015
v -0.001751 0.718450 -0.162603
v -0.013028 0.767308 -0.160102
v 0.036202 0.725048 -0.120384
v 0.024925 0.773906 -0.117883
v 0.065474 0.729300 -0.071481
v 0.054198 0.778158 -0.068980
v 0.084941 0.731044 -0.017774
v 0.073664 0.779902 -0.015273
v 0.093854 0.730211 0.038673
v 0.082577 0.779069 0.041175
v 0.091871 0.726834 0.095692
v 0.080594 0.775692 0.098193
v 0.079067 0.721042 0.151090
v 0.067791 0.769900 0.153591
v 0.055936 0.713059 0.202739
v 0.044660 0.761917 0.205241
v 0.023366 0.703191 0.248655
v 0.012089 0.752049 0.251156
v -0.017392 0.691817 0.287072
v -0.028669 0.740675 0.289573
v -0.064771 0.679375 0.316514
v -0.076048 0.728233 0.319015
v -0.116951 0.666341 0.335850
v -0.128227 0.715199 0.338352
v -0.171925 0.653219 0.344337
v -0.183202 0.702077 0.346838
v -0.045206 0.674501 -0.153557
v -0.040315 0.711030 -0.151324
v -0.003556 0.668885 -0.152919
v 0.001336 0.705414 -0.150686
v 0.037105 0.662902 -0.144110
v 0.041996 0.699431 -0.141876
v 0.075213 0.656781 -0.127467
v 0.080105 0.693310 -0.125233
v 0.109305 0.650759 -0.103630
v 0.114197 0.687287 -0.101396
v 0.138070 0.645066 -0.073515
v 0.142961 0.681594 -0.071282
v 0.160403 0.639921 -0.038281
v 0.165294 0.676450 -0.036047
v 0.175445 0.635522 0.000721
v 0.180336 0.672051 0.002954
v 0.182618 0.632038 0.041989
v 0.187509 0.668567 0.044223
v 0.181647 0.629603 0.083940
v 0.186539 0.666132 0.086173
v 0.172570 0.628311 0.124960
v 0.177461 0.664840 0.127193
v 0.155734 0.628211 0.163473
v 0.160625 0.664739 0.165706
v 0.131787 0.629306 0.197999
v 0.136678 0.665835 0.200232
v 0.101649 0.631556 0.227211
v 0.106541 0.668085 0.229444
v 0.066479 0.634873 0.249987
v 0.071370 0.671402 0.252220
v 0.027627 0.639130 0.265451
v 0.032519 0.675658 0.267685
v -0.013412 0.644163 0.273010
v -0.008521 0.680692 0.275243
v -0.148812 0.619190 -0.244006
v -0.168247 0.667676 -0.252761
v -0.094325 0.637797 -0.261904
v -0.113759 0.686284 -0.270659
v -0.038288 0.659086 -0.268395
v -0.057722 0.707572 -0.277151
v 0.017145 0.682237 -0.263230
v -0.002290 0.730723 -0.271985
v 0.069843 0.706362 -0.246607
v 0.050409 0.754848 -0.255362
v 0.117782 0.730532 -0.219164
v 0.098348 0.779018 -0.227920
v 0.159120 0.753819 -0.181957
v 0.139686 0.802306 -0.190712
v 0.192267 0.775329 -0.136415
v 0.172833 0.823815 -0.145171
v 0.215950 0.794234 -0.084289
v 0.196516 0.842721 -0.093044
v 0.229259 0.809809 -0.027581
v 0.209825 0.858295 -0.036337
v 0.231683 0.821454 0.031529
v 0.212248 0.869940 0.022773
v 0.223127 0.828721 0.090769
v 0.203693 0.877208 0.082014
v 0.203922 0.831333 0.147864
v 0.184487 0.879819 0.139109
v 0.174804 0.829188 0.200618
v 0.155370 0.877675 0.191863
v 0.136894 0.822369 0.247005
v 0.117459 0.870855 0.238250
v 0.091647 0.811138 0.285242
v 0.072213 0.859624 0.276487
v 0.040803 0.795926 0.313860
v 0.021369 0.844412 0.305105
v 0.364660 0.826812 -0.293238
v 0.378980 0.875759 -0.290139
v 0.419174 0.811720 -0.306779
v 0.433495 0.860667 -0.303680
v 0.474993 0.795533 -0.309046
v 0.489314 0.844479 -0.305947
v 0.529972 0.778872 -0.299952
v 0.544292 0.827818 -0.296853
v 0.581998 0.762378 -0.279847
v 0.596318 0.811325 -0.276748
v 0.629071 0.746685 -0.249502
v 0.643391 0.795631 -0.246404
v 0.669383 0.732396 -0.210085
v 0.683703 0.781342 -0.206986
v 0.701384 0.720059 -0.163110
v 0.715704 0.769005 -0.160011
v 0.723844 0.710150 -0.110382
v 0.738164 0.759096 -0.107283
v 0.735901 0.703048 -0.053927
v 0.750222 0.751994 -0.050828
v 0.737092 0.699027 0.004085
v 0.751412 0.747973 0.007183
v 0.727369 0.698241 0.061424
v 0.741690 0.747188 0.064523
v 0.707108 0.700721 0.115887
v 0.721428 0.749667 0.118986
v 0.677086 0.706371 0.165382
v 0.691406 0.755317 0.168481
v 0.638458 0.714974 0.208005
v 0.652778 0.763920 0.211104
v 0.592707 0.726200 0.242120
v 0.607027 0.775146 0.245219
v 0.541593 0.739616 0.266415
v 0.555913 0.788562 0.269514
v -0.007022 0.937615 -0.154024
v -0.027517 0.979652 -0.137294
v 0.038702 0.966484 -0.170547
v 0.018207 1.008520 -0.153817
v 0.088173 0.993123 -0.176879
v 0.067678 1.035159 -0.160149
v 0.139489 1.016509 -0.172777
v 0.118994 1.058546 -0.156047
v 0.190678 1.035743 -0.158398
v 0.170184 1.077780 -0.141668
v 0.239774 1.050087 -0.134295
v 0.219280 1.092124 -0.117565
v 0.284890 1.058989 -0.101394
v 0.264395 1.101026 -0.084664
v 0.324291 1.062106 -0.060960
v 0.303796 1.104143 -0.044230
v 0.356463 1.059320 -0.014546
v 0.335969 1.101357 0.002184
v 0.380171 1.050736 0.036064
v 0.359676 1.092773 0.052794
v 0.394503 1.036686 0.088925
v 0.374008 1.078723 0.105655
v 0.398908 1.017709 0.142005
v 0.378414 1.059745 0.158735
v 0.393218 0.994533 0.193266
v 0.372723 1.036570 0.209996
v 0.377650 0.968051 0.240736
v 0.357155 1.010088 0.257466
v 0.352803 0.939279 0.282592
v 0.332308 0.981316 0.299322
v 0.319632 0.909324 0.317225
v 0.299137 0.951360 0.333955
v 0.279411 0.879336 0.343304
v 0.258917 0.921372 0.360034
v -0.346132 0.730701 0.001981
v -0.351395 0.764085 -0.007684
v -0.312754 0.741531 0.021214
v -0.318016 0.774915 0.011549
v -0.284161 0.753381 0.046578
v -0.289423 0.786766 0.036912
v -0.261452 0.765797 0.077098
v -0.266715 0.799182 0.067433
v -0.245501 0.778301 0.111602
v -0.250764 0.811686 0.101937
v -0.236920 0.790413 0.148764
v -0.242183 0.823797 0.139099
v -0.236039 0.801666 0.187156
v -0.241302 0.835051 0.177490
v -0.242892 0.811629 0.225301
v -0.248155 0.845014 0.215636
v -0.257215 0.819920 0.261735
v -0.262478 0.853304 0.252070
v -0.278459 0.826218 0.295058
v -0.283722 0.859603 0.285392
v -0.305806 0.830282 0.323988
v -0.311069 0.863667 0.314322
v -0.338206 0.831957 0.347413
v -0.343469 0.865341 0.337748
v -0.374413 0.831177 0.364435
v -0.379676 0.864561 0.354770
v -0.413037 0.827972 0.374398
v -0.418300 0.861357 0.364732
v -0.452593 0.822467 0.376919
v -0.457856 0.855851 0.367254
v -0.491560 0.814871 0.371902
v -0.496823 0.848256 0.362237
v -0.528442 0.805478 0.359540
v -0.533705 0.838863 0.349875
v 0.229920 0.961287 -0.394493
v 0.255619 1.006867 -0.388882
v 0.282004 0.931726 -0.392920
v 0.307704 0.977306 -0.387310
v 0.332208 0.901800 -0.379761
v 0.357907 0.947380 -0.374150
v 0.378600 0.872659 -0.355520
v 0.404300 0.918239 -0.349910
v 0.419399 0.845421 -0.321130
v 0.445099 0.891002 -0.315519
v 0.453037 0.821135 -0.277912
v 0.478737 0.866716 -0.272301
v 0.478221 0.800734 -0.227527
v 0.503920 0.846314 -0.221916
v 0.493982 0.785001 -0.171911
v 0.519682 0.830581 -0.166300
v 0.499717 0.774540 -0.113201
v 0.525416 0.820121 -0.107590
v 0.495203 0.769755 -0.053654
v 0.520903 0.815336 -0.048043
v 0.480615 0.770829 0.004442
v 0.506314 0.816409 0.010053
v 0.456513 0.777721 0.058854
v 0.482212 0.823301 0.064465
v 0.423823 0.790165 0.107492
v 0.449522 0.835745 0.113103
v 0.383802 0.807684 0.148486
v 0.409501 0.853264 0.154097
v 0.337987 0.829604 0.180261
v 0.363687 0.875185 0.185872
v 0.288140 0.855084 0.201596
v 0.313839 0.900664 0.207207
v 0.236175 0.883143 0.211670
v 0.261875 0.928723 0.217281
v -0.496761 0.848333 -0.294658
v -0.508280 0.876162 -0.295872
v -0.466859 0.860190 -0.306603
v -0.478377 0.888018 -0.307818
v -0.435472 0.872943 -0.312050
v -0.446991 0.900772 -0.313265
v -0.403808 0.886105 -0.310788
v -0.415327 0.913933 -0.312003
v -0.373083 0.899169 -0.302866
v -0.384602 0.926997 -0.304081
v -0.344478 0.911632 -0.288589
v -0.355997 0.939460 -0.289803
v -0.319092 0.923016 -0.268504
v -0.330611 0.950845 -0.269718
v -0.297901 0.932884 -0.243384
v -0.309419 0.960712 -0.244599
v -0.281719 0.940856 -0.214195
v -0.293237 0.968684 -0.215409
v -0.271167 0.946626 -0.182057
v -0.282686 0.974454 -0.183272
v -0.266653 0.949972 -0.148207
v -0.278172 0.977800 -0.149421
v -0.268348 0.950765 -0.113944
v -0.279867 0.978594 -0.115158
v -0.276188 0.948976 -0.080586
v -0.287707 0.976804 -0.081800
v -0.289872 0.944672 -0.049414
v -0.301391 0.972501 -0.050628
v -0.308873 0.938020 -0.021626
v -0.320392 0.965848 -0.022841
v -0.332462 0.929274 0.001709
v -0.343981 0.957102 0.000494
v -0.359731 0.918772 0.019695
v -0.371250 0.946600 0.018480
v -0.435674 0.796689 -0.198627
v -0.425143 0.825175 -0.202055
v -0.403058 0.785024 -0.195369
v -0.392527 0.813509 -0.198796
v -0.371405 0.774515 -0.185458
v -0.360875 0.803001 -0.188886
v -0.341933 0.765567 -0.169276
v -0.331403 0.794053 -0.172704
v -0.315774 0.758523 -0.147444
v -0.305244 0.787009 -0.150872
v -0.293933 0.753655 -0.120802
v -0.283403 0.782141 -0.124230
v -0.277250 0.751149 -0.090373
v -0.266719 0.779635 -0.093801
v -0.266365 0.751101 -0.057327
v -0.255835 0.779587 -0.060755
v -0.261698 0.753514 -0.022934
v -0.251167 0.782000 -0.026361
v -0.263426 0.758295 0.011486
v -0.252896 0.786781 0.008058
v -0.271485 0.765260 0.044608
v -0.260954 0.793745 0.041180
v -0.285564 0.774140 0.075160
v -0.275033 0.802626 0.071732
v -0.305122 0.784596 0.101968
v -0.294591 0.813082 0.098541
v -0.329407 0.796226 0.124002
v -0.318877 0.824712 0.120575
v -0.357487 0.808581 0.140415
v -0.346957 0.837067 0.136988
v -0.388282 0.821188 0.150577
v -0.377752 0.849674 0.147149
v -0.420609 0.833562 0.154096
v -0.410078 0.862048 0.150668
v -0.461303 0.800602 -0.243078
v -0.484312 0.840978 -0.239482
v -0.418449 0.823083 -0.221316
v -0.441458 0.863460 -0.217720
v -0.379758 0.842393 -0.190564
v -0.402767 0.882769 -0.186968
v -0.346717 0.857787 -0.152006
v -0.369725 0.898163 -0.148409
v -0.320594 0.868675 -0.107122
v -0.343603 0.909051 -0.103525
v -0.302395 0.874638 -0.057637
v -0.325404 0.915014 -0.054041
v -0.292819 0.875447 -0.005453
v -0.315828 0.915823 -0.001857
v -0.292234 0.871071 0.047424
v -0.315242 0.911447 0.051021
v -0.300661 0.861677 0.098963
v -0.323669 0.902054 0.102559
v -0.317778 0.847628 0.147183
v -0.340786 0.888005 0.150779
v -0.342926 0.829463 0.190230
v -0.365935 0.869840 0.193827
v -0.375140 0.807880 0.226451
v -0.398148 0.848257 0.230048
v -0.413180 0.783709 0.254454
v -0.436189 0.824085 0.258051
v -0.455586 0.757878 0.273162
v -0.478594 0.798254 0.276759
v -0.500728 0.731379 0.281857
v -0.523736 0.771756 0.285453
v -0.546870 0.705233 0.280204
v -0.569878 0.745609 0.283801
v -0.592240 0.680442 0.268267
v -0.615248 0.720818 0.271864
v 0.364336 0.606842 -0.119238
v 0.361161 0.640066 -0.125701
v 0.402239 0.611661 -0.113085
v 0.399063 0.644885 -0.119548
v 0.438061 0.617682 -0.099736
v 0.434886 0.650905 -0.106199
v 0.470426 0.624672 -0.079704
v 0.467251 0.657895 -0.086167
v 0.498092 0.632363 -0.053758
v 0.494916 0.665587 -0.060222
v 0.519993 0.640460 -0.022897
v 0.516818 0.673684 -0.029360
v 0.535289 0.648651 0.011696
v 0.532114 0.681875 0.005232
v 0.543391 0.656622 0.048689
v 0.540216 0.689846 0.042226
v 0.543990 0.664066 0.086661
v 0.540815 0.697290 0.080198
v 0.537060 0.670698 0.124154
v 0.533885 0.703921 0.117691
v 0.522870 0.676261 0.159726
v 0.519695 0.709485 0.153262
v 0.501963 0.680544 0.192010
v 0.498788 0.713767 0.185546
v 0.475144 0.683380 0.219765
v 0.471969 0.716604 0.213302
v 0.443443 0.684662 0.241926
v 0.440268 0.717885 0.235463
v 0.408079 0.684339 0.257640
v 0.404903 0.717562 0.251177
v 0.370409 0.682424 0.266303
v 0.367234 0.715648 0.259840
v 0.331883 0.678991 0.267583
v 0.328708 0.712215 0.261120
vn 0.2449 0.0438 -0.9686
vn 0.4281 0.0185 -0.9035
vn 0.5949 -0.0075 -0.8038
vn 0.7387 -0.0332 -0.6732
vn 0.8542 -0.0576 -0.5167
vn 0.9369 -0.0798 -0.3403
vn 0.9836 -0.0990 -0.1509
vn 0.9925 -0.1143 0.0444
vn 0.9632 -0.1253 0.2379
vn 0.8969 -0.1314 0.4223
vn 0.7961 -0.1325 0.5904
vn 0.6648 -0.1285 0.7359
vn 0.5079 -0.1195 0.8531
vn 0.3315 -0.1060 0.9375
vn 0.1423 -0.0884 0.9859
vn -0.0523 -0.0674 0.9964
vn 0.1109 0.9912 0.0729
vn -0.1109 -0.9912 -0.0729
vn -0.9826 0.1204 -0.1418
vn 0.9659 -0.0000 -0.2588
vn -0.2588 -0.0000 -0.9659
vn 0.7071 -0.0000 0.7071
vn -0.0000 -1.0000 -0.0000
vn 0.7071 -0.0000 -0.7071
vn 1.0000 -0.0000 -0.0000
vn 0.9659 -0.0000 0.2588
vn -0.0000 -0.0000 -1.0000
vn -0.9659 -0.0000 0.2588
vn -0.7071 -0.0000 0.7071
vn -0.0000 -0.0000 1.0000
vn -0.9659 -0.0000 -0.2588
vn 0.2588 -0.0000 0.9659
vn -0.7071 -0.0000 -0.7071
vn -0.2588 -0.0000 0.9659
vn -1.0000 -0.0000 -0.0000
vn 0.6830 -0.7071 -0.1830
vn 0.5000 -0.7071 -0.5000
vn 0.1830 -0.7071 -0.6830
vn -0.1830 -0.7071 0.6830
vn -0.5000 -0.7071 0.5000
vn -0.6830 -0.7071 0.1830
vn 0.1830 -0.7071 0.6830
vn 0.5000 -0.7071 0.5000
vn 0.6830 -0.7071 0.1830
vn -0.1830 -0.7071 -0.6830
vn -0.5000 -0.7071 -0.5000
vn -0.6830 -0.7071 -0.1830
vn -0.0000 -0.7071 -0.7071
vn 0.7071 -0.7071 -0.0000
vn -0.7071 -0.7071 -0.0000
vn -0.0000 -0.7071 0.7071
vn 0.2588 -0.0000 -0.9659
vn -0.0000 1.0000 -0.0000
vn 0.0980 -0.0000 -0.9952
vn 0.2903 -0.0000 -0.9569
vn 0.4714 -0.0000 -0.8819
vn 0.6344 -0.0000 -0.7730
vn 0.7730 -0.0000 -0.6344
vn 0.8819 -0.0000 -0.4714
vn 0.9569 -0.0000 -0.2903
vn 0.9952 -0.0000 -0.0980
vn 0.9952 -0.0000 0.0980
vn 0.9569 -0.0000 0.2903
vn 0.8819 -0.0000 0.4714
vn 0.7730 -0.0000 0.6344
vn 0.6344 -0.0000 0.7730
vn 0.4714 -0.0000 0.8819
vn 0.2903 -0.0000 0.9569
vn 0.0980 -0.0000 0.9952
vn 0.2022 -0.1757 -0.9634
vn 0.3894 -0.1665 -0.9059
vn 0.5616 -0.1509 -0.8135
vn 0.7122 -0.1295 -0.6899
vn 0.8355 -0.1031 -0.5398
vn 0.9266 -0.0728 -0.3689
vn 0.9822 -0.0396 -0.1838
vn 1.0000 -0.0050 0.0083
vn 0.9793 0.0299 0.2001
vn 0.9210 0.0636 0.3842
vn 0.8274 0.0948 0.5536
vn 0.7019 0.1224 0.7017
vn 0.5495 0.1454 0.8228
vn 0.3759 0.1627 0.9123
vn 0.1879 0.1738 0.9667
vn -0.0073 0.1781 0.9840
vn 0.0064 0.9840 -0.1781
vn -0.0064 -0.9840 0.1781
vn -0.9944 -0.0125 -0.1047
vn 0.0098 -0.1264 -0.9919
vn 0.1960 -0.0667 -0.9783
vn 0.3747 -0.0044 -0.9271
vn 0.5390 0.0580 -0.8403
vn 0.6826 0.1183 -0.7212
vn 0.7999 0.1740 -0.5744
vn 0.8865 0.2230 -0.4054
vn 0.9390 0.2634 -0.2210
vn 0.9555 0.2937 -0.0280
vn 0.9352 0.3127 0.1661
vn 0.8790 0.3197 0.3537
vn 0.7890 0.3144 0.5278
vn 0.6687 0.2971 0.6816
vn 0.5227 0.2683 0.8092
vn 0.3566 0.2292 0.9057
vn 0.1768 0.1813 0.9674
vn -0.2949 0.9475 -0.1237
vn 0.2949 -0.9475 0.1237
vn -0.9518 -0.2799 0.1251
vn -0.1818 0.1945 -0.9639
vn -0.0013 0.2709 -0.9626
vn 0.1793 0.3369 -0.9243
vn 0.3530 0.3900 -0.8505
vn 0.5131 0.4281 -0.7440
vn 0.6535 0.4497 -0.6089
vn 0.7687 0.4541 -0.4504
vn 0.8545 0.4410 -0.2746
vn 0.9074 0.4109 -0.0882
vn 0.9254 0.3651 0.1015
vn 0.9079 0.3052 0.2874
vn 0.8555 0.2336 0.4622
vn 0.7702 0.1531 0.6192
vn 0.6553 0.0666 0.7525
vn 0.5152 -0.0224 0.8568
vn 0.3553 -0.1106 0.9282
vn -0.3790 0.8907 0.2512
vn 0.3790 -0.8907 -0.2512
vn -0.8852 -0.4280 0.1823
vn 0.3534 0.0230 -0.9352
vn 0.5137 0.0994 -0.8522
vn 0.6543 0.1720 -0.7364
vn 0.7697 0.2379 -0.5923
vn 0.8556 0.2947 -0.4255
vn 0.9086 0.3402 -0.2423
vn 0.9266 0.3726 -0.0499
vn 0.9091 0.3907 0.1446
vn 0.8566 0.3938 0.3334
vn 0.7712 0.3817 0.5094
vn 0.6562 0.3550 0.6659
vn 0.5159 0.3146 0.7968
vn 0.3558 0.2621 0.8970
vn 0.1821 0.1996 0.9628
vn 0.0013 0.1294 0.9916
vn -0.1795 0.0542 0.9823
vn -0.3759 0.9189 -0.1194
vn 0.3759 -0.9189 0.1194
vn -0.8871 -0.3941 -0.2401
vn 0.1554 0.0538 -0.9864
vn 0.3162 -0.0513 -0.9473
vn 0.4649 -0.1544 -0.8718
vn 0.5957 -0.2515 -0.7628
vn 0.7036 -0.3390 -0.6245
vn 0.7845 -0.4135 -0.4622
vn 0.8352 -0.4721 -0.2821
vn 0.8538 -0.5125 -0.0912
vn 0.8396 -0.5333 0.1032
vn 0.7932 -0.5335 0.2937
vn 0.7162 -0.5133 0.4728
vn 0.6118 -0.4733 0.6338
vn 0.4838 -0.4151 0.7705
vn 0.3372 -0.3410 0.8775
vn 0.1777 -0.2538 0.9508
vn 0.0114 -0.1568 0.9876
vn 0.5205 0.8442 0.1280
vn -0.5205 -0.8442 -0.1280
vn -0.8508 0.5254 -0.0060
vn -0.1506 -0.1179 -0.9815
vn 0.0160 -0.0162 -0.9997
vn 0.1820 0.0861 -0.9795
vn 0.3410 0.1851 -0.9217
vn 0.4869 0.2770 -0.8284
vn 0.6141 0.3582 -0.7033
vn 0.7177 0.4257 -0.5511
vn 0.7937 0.4768 -0.3778
vn 0.8392 0.5096 -0.1900
vn 0.8524 0.5228 0.0052
vn 0.8329 0.5159 0.2001
vn 0.7814 0.4892 0.3874
vn 0.6999 0.4437 0.5597
vn 0.5914 0.3811 0.7106
vn 0.4603 0.3039 0.8341
vn 0.3114 0.2150 0.9256
vn -0.5226 0.8523 -0.0222
vn 0.5226 -0.8523 0.0222
vn -0.8204 -0.4956 0.2853
vn 0.0347 0.0591 -0.9976
vn 0.2240 0.1013 -0.9693
vn 0.4047 0.1397 -0.9037
vn 0.5699 0.1727 -0.8034
vn 0.7131 0.1990 -0.6722
vn 0.8290 0.2177 -0.5152
vn 0.9130 0.2280 -0.3383
vn 0.9619 0.2296 -0.1485
vn 0.9738 0.2224 0.0470
vn 0.9483 0.2066 0.2408
vn 0.8864 0.1828 0.4252
vn 0.7904 0.1521 0.5934
vn 0.6641 0.1154 0.7387
vn 0.5122 0.0744 0.8556
vn 0.3406 0.0305 0.9397
vn 0.1560 -0.0146 0.9877
vn -0.2246 0.9732 0.0498
vn 0.2246 -0.9732 -0.0498
vn -0.9725 -0.2271 0.0510
vn 0.0231 0.0579 -0.9981
vn 0.2160 0.0307 -0.9759
vn 0.4005 0.0024 -0.9163
vn 0.5697 -0.0261 -0.8214
vn 0.7170 -0.0535 -0.6950
vn 0.8367 -0.0789 -0.5419
vn 0.9243 -0.1013 -0.3679
vn 0.9764 -0.1197 -0.1798
vn 0.9909 -0.1336 0.0152
vn 0.9674 -0.1424 0.2096
vn 0.9066 -0.1456 0.3960
vn 0.8111 -0.1433 0.5671
vn 0.6844 -0.1354 0.7165
vn 0.5313 -0.1224 0.8383
vn 0.3579 -0.1047 0.9279
vn 0.1707 -0.0829 0.9818
vn 0.1325 0.9893 0.0605
vn -0.1325 -0.9893 -0.0605
vn -0.9884 0.1273 0.0827
vn -0.2207 -0.2583 -0.9405
vn -0.0402 -0.1931 -0.9803
vn 0.1419 -0.1205 -0.9825
vn 0.3185 -0.0433 -0.9469
vn 0.4829 0.0356 -0.8749
vn 0.6288 0.1131 -0.7693
vn 0.7504 0.1863 -0.6342
vn 0.8433 0.2523 -0.4746
vn 0.9037 0.3086 -0.2968
vn 0.9294 0.3531 -0.1077
vn 0.9194 0.3840 0.0857
vn 0.8740 0.4001 0.2757
vn 0.7951 0.4009 0.4551
vn 0.6856 0.3862 0.6171
vn 0.5498 0.3567 0.7553
vn 0.3928 0.3135 0.8645
vn -0.3669 0.9154 -0.1653
vn 0.3669 -0.9154 0.1653
vn -0.8777 -0.2818 0.3876
vn -0.2073 0.1221 -0.9706
vn -0.0205 0.0691 -0.9974
vn 0.1672 0.0135 -0.9858
vn 0.3484 -0.0426 -0.9364
vn 0.5162 -0.0971 -0.8510
vn 0.6641 -0.1479 -0.7328
vn 0.7866 -0.1930 -0.5865
vn 0.8788 -0.2307 -0.4177
vn 0.9373 -0.2595 -0.2328
vn 0.9597 -0.2783 -0.0390
vn 0.9453 -0.2865 0.1564
vn 0.8945 -0.2836 0.3457
vn 0.8093 -0.2698 0.5217
vn 0.6931 -0.2457 0.6777
vn 0.5502 -0.2121 0.8076
vn 0.3862 -0.1704 0.9066
vn 0.2803 0.9580 0.0607
vn -0.2803 -0.9580 -0.0607
vn -0.9124 0.2463 0.3268
vn -0.4193 0.1518 -0.8951
vn -0.2535 0.2485 -0.9349
vn -0.0779 0.3356 -0.9388
vn 0.1006 0.4099 -0.9066
vn 0.2753 0.4684 -0.8395
vn 0.4394 0.5088 -0.7402
vn 0.5867 0.5298 -0.6125
vn 0.7113 0.5304 -0.4612
vn 0.8087 0.5106 -0.2922
vn 0.8749 0.4711 -0.1120
vn 0.9076 0.4136 0.0726
vn 0.9053 0.3402 0.2543
vn 0.8683 0.2537 0.4263
vn 0.7979 0.1574 0.5819
vn 0.6968 0.0551 0.7151
vn 0.5690 -0.0493 0.8209
vn -0.4126 0.8463 0.3368
vn 0.4126 -0.8463 -0.3368
vn -0.7637 -0.5230 0.3785
vn 0.5309 -0.1574 -0.8327
vn 0.6834 -0.1016 -0.7229
vn 0.8097 -0.0418 -0.5854
vn 0.9048 0.0195 -0.4254
vn 0.9652 0.0801 -0.2490
vn 0.9885 0.1376 -0.0630
vn 0.9738 0.1898 0.1254
vn 0.9217 0.2347 0.3089
vn 0.8341 0.2706 0.4806
vn 0.7145 0.2961 0.6338
vn 0.5675 0.3103 0.7627
vn 0.3986 0.3125 0.8622
vn 0.2144 0.3027 0.9287
vn 0.0220 0.2812 0.9594
vn -0.1713 0.2490 0.9532
vn -0.3579 0.2072 0.9105
vn -0.1497 0.9497 -0.2750
vn 0.1497 -0.9497 0.2750
vn -0.8821 -0.2539 -0.3967
vn 0.0753 0.0799 -0.9940
vn 0.2435 -0.0179 -0.9697
vn 0.4023 -0.1150 -0.9082
vn 0.5457 -0.2077 -0.8119
vn 0.6680 -0.2924 -0.6843
vn 0.7647 -0.3659 -0.5304
vn 0.8320 -0.4253 -0.3561
vn 0.8674 -0.4684 -0.1682
vn 0.8694 -0.4934 0.0263
vn 0.8380 -0.4995 0.2197
vn 0.7744 -0.4864 0.4046
vn 0.6810 -0.4546 0.5740
vn 0.5615 -0.4054 0.7214
vn 0.4204 -0.3405 0.8410
vn 0.2631 -0.2626 0.9283
vn 0.0957 -0.1746 0.9800
vn 0.4883 0.8661 0.1066
vn -0.4883 -0.8661 -0.1066
vn -0.8726 0.4832 0.0713
vn -0.3075 -0.1681 -0.9366
vn -0.1316 -0.0975 -0.9865
vn 0.0494 -0.0231 -0.9985
vn 0.2285 0.0521 -0.9722
vn 0.3988 0.1254 -0.9084
vn 0.5538 0.1939 -0.8098
vn 0.6874 0.2549 -0.6801
vn 0.7947 0.3061 -0.5242
vn 0.8714 0.3455 -0.3481
vn 0.9147 0.3717 -0.1587
vn 0.9228 0.3836 0.0368
vn 0.8954 0.3807 0.2309
vn 0.8336 0.3632 0.4161
vn 0.7398 0.3318 0.5853
vn 0.6176 0.2876 0.7321
vn 0.4716 0.2323 0.8507
vn -0.3821 0.9232 -0.0403
vn 0.3821 -0.9232 0.0403
vn -0.8371 -0.3274 0.4383
vn 0.0497 -0.1374 -0.9893
vn 0.2316 -0.2002 -0.9520
vn 0.4047 -0.2553 -0.8781
vn 0.5621 -0.3005 -0.7705
vn 0.6980 -0.3342 -0.6333
vn 0.8071 -0.3551 -0.4717
vn 0.8851 -0.3623 -0.2921
vn 0.9291 -0.3557 -0.1011
vn 0.9374 -0.3353 0.0937
vn 0.9097 -0.3020 0.2848
vn 0.8471 -0.2572 0.4651
vn 0.7519 -0.2024 0.6275
vn 0.6277 -0.1399 0.7657
vn 0.4795 -0.0720 0.8746
vn 0.3128 -0.0014 0.9498
vn 0.1342 0.0694 0.9885
vn 0.3446 0.9320 -0.1122
vn -0.3446 -0.9320 0.1122
vn -0.9378 0.3471 0.0038
vn 0.3226 0.2648 -0.9088
vn 0.4739 0.3423 -0.8113
vn 0.6071 0.4068 -0.6826
vn 0.7169 0.4555 -0.5277
vn 0.7992 0.4868 -0.3526
vn 0.8507 0.4994 -0.1639
vn 0.8696 0.4928 0.0312
vn 0.8550 0.4672 0.2250
vn 0.8076 0.4237 0.4101
vn 0.7292 0.3639 0.5795
vn 0.6227 0.2901 0.7267
vn 0.4923 0.2052 0.8459
vn 0.3430 0.1124 0.9326
vn 0.1805 0.0152 0.9835
vn 0.0110 -0.0825 0.9965
vn -0.1588 -0.1770 0.9713
vn -0.4936 0.8662 0.0772
vn 0.4936 -0.8662 -0.0772
vn -0.8354 -0.4476 -0.3191
vn 0.1791 -0.1714 -0.9688
vn 0.3667 -0.1438 -0.9192
vn 0.5402 -0.1107 -0.8342
vn 0.6930 -0.0733 -0.7172
vn 0.8191 -0.0331 -0.5726
vn 0.9138 0.0083 -0.4060
vn 0.9734 0.0495 -0.2239
vn 0.9955 0.0887 -0.0331
vn 0.9794 0.1245 0.1590
vn 0.9256 0.1556 0.3449
vn 0.8363 0.1806 0.5176
vn 0.7149 0.1987 0.6704
vn 0.5659 0.2092 0.7975
vn 0.3952 0.2117 0.8939
vn 0.2094 0.2060 0.9559
vn 0.0155 0.1924 0.9812
vn -0.0934 0.9773 -0.1901
vn 0.0934 -0.9773 0.1901
vn -0.9922 -0.1071 -0.0633
vn 0.8355 -0.1031 -0.5397
vn 0.7999 0.1740 -0.5743
vn -0.2948 0.9475 -0.1237
vn 0.2948 -0.9475 0.1237
vn -0.3789 0.8907 0.2512
vn 0.3789 -0.8907 -0.2512
vn 0.7697 0.2379 -0.5924
vn -0.5205 -0.8442 -0.1281
vn -0.5204 -0.8442 -0.1280
vn -0.1324 -0.9893 -0.0605
vn 0.3669 -0.9155 0.1653
vn 0.9453 -0.2864 0.1564
vn 0.2803 0.9580 0.0606
vn -0.2803 -0.9580 -0.0606
vn 0.9076 0.4136 0.0725
vn 0.1497 -0.9497 0.2749
vn 0.4884 0.8661 0.1066
vn -0.4884 -0.8661 -0.1066
vn 0.5537 0.1939 -0.8098
vn 0.6874 0.2549 -0.6800
vn -0.3822 0.9232 -0.0403
vn 0.3822 -0.9232 0.0403
vn 0.4046 -0.2553 -0.8781
vn 0.3445 0.9320 -0.1122
vn 0.3446 0.9320 -0.1121
vn 0.3445 0.9320 -0.1121
vn -0.3446 -0.9320 0.1121
vn -0.3445 -0.9320 0.1121
vn 0.4740 0.3423 -0.8113
vn -0.4937 0.8662 0.0771
vn -0.4936 0.8663 0.0772
vt 0.757482 0.495002
vt 0.875927 0.409909
vt 0.256202 0.708508
vt 0.748056 0.495113
vt 0.065563 0.580709
vt 0.885160 0.409600
vt 0.757382 0.484301
vt 0.246541 0.707577
vt 0.747956 0.484412
vt 0.055039 0.581667
vt 0.757348 0.473972
vt 0.237250 0.704579
vt 0.747923 0.474082
vt 0.044919 0.584690
vt 0.757382 0.464410
vt 0.228688 0.699627
vt 0.747956 0.464521
vt 0.035593 0.589663
vt 0.210358 0.858179
vt 0.757482 0.455984
vt 0.221183 0.692913
vt 0.748056 0.456095
vt 0.219347 0.858219
vt 0.027418 0.596392
vt 0.208554 0.867183
vt 0.215024 0.684695
vt 0.217542 0.867223
vt 0.020709 0.604621
vt 0.207311 0.877155
vt 0.210447 0.675288
vt 0.216299 0.877194
vt 0.015724 0.614033
vt 0.206677 0.887710
vt 0.207629 0.665054
vt 0.215666 0.887750
vt 0.012654 0.624266
vt 0.206677 0.898445
vt 0.206677 0.654386
vt 0.215666 0.898484
vt 0.011618 0.634927
vt 0.207311 0.908945
vt 0.207629 0.643694
vt 0.216299 0.908985
vt 0.012654 0.645606
vt 0.208554 0.918808
vt 0.210447 0.633389
vt 0.217542 0.918847
vt 0.015724 0.655893
vt 0.953168 0.648908
vt 0.210358 0.927654
vt 0.215024 0.623868
vt 0.219347 0.927694
vt 0.962537 0.648644
vt 0.020709 0.665393
vt 0.952699 0.657525
vt 0.221183 0.615495
vt 0.962067 0.657261
vt 0.027418 0.673740
vt 0.952459 0.667224
vt 0.228688 0.608593
vt 0.961828 0.666960
vt 0.035593 0.680613
vt 0.952459 0.677632
vt 0.237250 0.603427
vt 0.961828 0.677368
vt 0.044919 0.685750
vt 0.952699 0.688350
vt 0.246541 0.600195
vt 0.962067 0.688086
vt 0.055039 0.688951
vt 0.953168 0.698966
vt 0.256202 0.599022
vt 0.875927 0.301823
vt 0.962537 0.698701
vt 0.065563 0.690094
vt 0.885160 0.301514
vt 0.567698 0.525358
vt 0.326639 0.570517
vt 0.378400 0.245194
vt 0.356449 0.542423
vt 0.378734 0.273115
vt 0.553014 0.524446
vt 0.341544 0.566829
vt 0.378482 0.260556
vt 0.352455 0.556546
vt 0.012389 0.247426
vt 0.209561 0.541407
vt 0.654871 0.526219
vt 0.239371 0.569913
vt 0.012322 0.262664
vt 0.213555 0.555585
vt 0.669965 0.525601
vt 0.012056 0.274636
vt 0.224466 0.566019
vt 0.378623 0.025668
vt 0.356449 0.331201
vt 0.666240 0.327790
vt 0.326639 0.302695
vt 0.691944 0.329172
vt 0.378734 0.011618
vt 0.352455 0.317023
vt 0.681116 0.328166
vt 0.341544 0.306589
vt 0.578953 0.327727
vt 0.239371 0.302091
vt 0.011768 0.026041
vt 0.209561 0.330184
vt 0.564014 0.328082
vt 0.224466 0.305779
vt 0.553014 0.329072
vt 0.011618 0.011618
vt 0.213555 0.316062
vt 0.206677 0.246184
vt 0.025203 0.332172
vt 0.011618 0.325965
vt 0.220230 0.245666
vt 0.042952 0.315446
vt 0.567698 0.680636
vt 0.041428 0.297872
vt 0.027760 0.323130
vt 0.015612 0.311843
vt 0.220312 0.261028
vt 0.033408 0.317807
vt 0.553014 0.679723
vt 0.220564 0.273586
vt 0.026523 0.301560
vt 0.126562 0.316024
vt 0.654871 0.681497
vt 0.128696 0.298475
vt 0.144310 0.332996
vt 0.170546 0.247426
vt 0.158506 0.326981
vt 0.136106 0.318518
vt 0.170213 0.274636
vt 0.669965 0.680879
vt 0.143601 0.302370
vt 0.141753 0.323919
vt 0.170479 0.262664
vt 0.154512 0.312804
vt 0.042952 0.556895
vt 0.664301 0.500448
vt 0.666240 0.485343
vt 0.025203 0.539923
vt 0.206896 0.030267
vt 0.220453 0.026139
vt 0.033408 0.554401
vt 0.673826 0.500689
vt 0.681116 0.485719
vt 0.027760 0.549001
vt 0.206968 0.021271
vt 0.679431 0.501210
vt 0.691944 0.486725
vt 0.220564 0.012089
vt 0.183442 0.029279
vt 0.144310 0.540747
vt 0.169925 0.026041
vt 0.158506 0.538204
vt 0.580673 0.500388
vt 0.126562 0.557473
vt 0.578953 0.485280
vt 0.141753 0.549789
vt 0.183346 0.020045
vt 0.565414 0.501128
vt 0.169775 0.011618
vt 0.553014 0.486625
vt 0.136106 0.555111
vt 0.571107 0.500615
vt 0.564014 0.485635
vt 0.343843 0.571953
vt 0.876453 0.014425
vt 0.783591 0.304491
vt 0.328352 0.575786
vt 0.875655 0.029693
vt 0.355182 0.561267
vt 0.783329 0.291440
vt 0.359333 0.546590
vt 0.783244 0.275475
vt 0.783506 0.586083
vt 0.206677 0.326018
vt 0.783637 0.601072
vt 0.210828 0.311341
vt 0.165339 0.580713
vt 0.222168 0.300655
vt 0.166377 0.592144
vt 0.237658 0.296821
vt 0.166757 0.607669
vt 0.210828 0.560268
vt 0.783340 0.340168
vt 0.206678 0.545534
vt 0.783244 0.356005
vt 0.876453 0.135974
vt 0.222168 0.571111
vt 0.783637 0.327727
vt 0.237658 0.575159
vt 0.875655 0.120294
vt 0.165339 0.725098
vt 0.355182 0.312340
vt 0.783591 0.032727
vt 0.359333 0.327074
vt 0.783475 0.047329
vt 0.343843 0.301496
vt 0.166377 0.713844
vt 0.328352 0.297449
vt 0.166757 0.698383
vt 0.532728 0.026902
vt 0.280044 0.605732
vt 0.522036 0.024043
vt 0.280306 0.616445
vt 0.539355 0.033520
vt 0.279438 0.599052
vt 0.578145 0.266978
vt 0.542220 0.044197
vt 0.578059 0.256635
vt 0.414412 0.271912
vt 0.643339 0.246749
vt 0.417277 0.282589
vt 0.643401 0.257766
vt 0.423905 0.289207
vt 0.643558 0.265392
vt 0.767070 0.649051
vt 0.434596 0.292066
vt 0.766520 0.659587
vt 0.279438 0.721128
vt 0.417277 0.033535
vt 0.643558 0.011759
vt 0.414412 0.044213
vt 0.643482 0.021835
vt 0.423905 0.026916
vt 0.280044 0.714552
vt 0.434596 0.024054
vt 0.280306 0.703883
vt 0.539355 0.282574
vt 0.577969 0.018888
vt 0.542220 0.271896
vt 0.577898 0.029816
vt 0.578145 0.011618
vt 0.532728 0.289193
vt 0.767070 0.757736
vt 0.522036 0.292055
vt 0.766520 0.746916
vt 0.789222 0.304474
vt 0.881981 0.014370
vt 0.539168 0.015762
vt 0.881183 0.029639
vt 0.523674 0.011618
vt 0.788960 0.291423
vt 0.550510 0.027087
vt 0.788875 0.275458
vt 0.554662 0.042560
vt 0.789137 0.586092
vt 0.401970 0.273549
vt 0.789268 0.601082
vt 0.170949 0.580709
vt 0.406122 0.289022
vt 0.171986 0.592139
vt 0.417464 0.300347
vt 0.172366 0.607665
vt 0.432958 0.304491
vt 0.788971 0.340178
vt 0.406122 0.027105
vt 0.788875 0.356014
vt 0.401970 0.042579
vt 0.789268 0.327736
vt 0.881981 0.135919
vt 0.417464 0.015777
vt 0.881183 0.120239
vt 0.432958 0.011629
vt 0.789222 0.032711
vt 0.170949 0.725093
vt 0.550510 0.289004
vt 0.789107 0.047312
vt 0.554662 0.273530
vt 0.171986 0.713840
vt 0.539168 0.300332
vt 0.172366 0.698379
vt 0.523674 0.304480
vt 0.520286 0.330587
vt 0.321842 0.605701
vt 0.509594 0.327727
vt 0.322104 0.616415
vt 0.620104 0.267066
vt 0.526914 0.337204
vt 0.321236 0.599022
vt 0.529778 0.347881
vt 0.620018 0.256723
vt 0.401970 0.575596
vt 0.685301 0.246608
vt 0.404835 0.586273
vt 0.685363 0.257625
vt 0.685519 0.265251
vt 0.411463 0.592891
vt 0.808262 0.648644
vt 0.422154 0.595750
vt 0.807712 0.659180
vt 0.404835 0.337220
vt 0.685519 0.011618
vt 0.321236 0.721097
vt 0.401970 0.347897
vt 0.685443 0.021694
vt 0.411463 0.330600
vt 0.321842 0.714522
vt 0.422154 0.327738
vt 0.322104 0.703853
vt 0.526914 0.586258
vt 0.619927 0.018975
vt 0.529778 0.575580
vt 0.619856 0.029903
vt 0.808262 0.757329
vt 0.620104 0.011706
vt 0.520286 0.592877
vt 0.509594 0.595740
vt 0.807712 0.746509
vt 0.952572 0.722201
vt 0.863768 0.859782
vt 0.279438 0.945571
vt 0.286197 0.945566
vt 0.959357 0.722256
vt 0.851864 0.538766
vt 0.952497 0.729910
vt 0.856471 0.859076
vt 0.959282 0.729965
vt 0.844185 0.539522
vt 0.952459 0.737572
vt 0.849453 0.856882
vt 0.959244 0.737627
vt 0.836801 0.541764
vt 0.952459 0.744892
vt 0.842986 0.853285
vt 0.959244 0.744947
vt 0.829997 0.545405
vt 0.952497 0.751589
vt 0.837318 0.848424
vt 0.959282 0.751644
vt 0.824032 0.550306
vt 0.952572 0.757406
vt 0.554696 0.923667
vt 0.832666 0.842484
vt 0.959357 0.757461
vt 0.561357 0.923726
vt 0.819137 0.556278
vt 0.553871 0.930277
vt 0.829209 0.835696
vt 0.560532 0.930337
vt 0.815500 0.563092
vt 0.553304 0.937541
vt 0.827080 0.828318
vt 0.559964 0.937601
vt 0.813260 0.570485
vt 0.553014 0.945179
vt 0.826361 0.820636
vt 0.559675 0.945239
vt 0.812504 0.578174
vt 0.553014 0.952897
vt 0.827080 0.812943
vt 0.559675 0.952957
vt 0.813260 0.585864
vt 0.553304 0.960400
vt 0.829209 0.805536
vt 0.559964 0.960459
vt 0.815500 0.593258
vt 0.553871 0.967397
vt 0.832666 0.798700
vt 0.560532 0.967457
vt 0.819137 0.600072
vt 0.554696 0.973622
vt 0.844570 0.274203
vt 0.837318 0.792696
vt 0.561357 0.973682
vt 0.851354 0.274148
vt 0.824032 0.606046
vt 0.844506 0.280646
vt 0.842986 0.787756
vt 0.851290 0.280590
vt 0.829997 0.610948
vt 0.844484 0.287796
vt 0.849453 0.784070
vt 0.851269 0.287741
vt 0.836801 0.614591
vt 0.844506 0.295381
vt 0.856471 0.781779
vt 0.851290 0.295326
vt 0.844185 0.616835
vt 0.844570 0.303107
vt 0.863768 0.780972
vt 0.279438 0.866746
vt 0.851354 0.303051
vt 0.851864 0.617593
vt 0.286197 0.866741
vt 0.970431 0.301514
vt 0.136115 0.807078
vt 0.908396 0.400623
vt 0.916920 0.400542
vt 0.978803 0.302090
vt 0.758460 0.136292
vt 0.969833 0.311241
vt 0.126884 0.805594
vt 0.978205 0.311817
vt 0.748763 0.137303
vt 0.969631 0.320738
vt 0.118008 0.802288
vt 0.978004 0.321314
vt 0.739439 0.140155
vt 0.969833 0.329640
vt 0.109828 0.797285
vt 0.978205 0.330216
vt 0.730845 0.144739
vt 0.970431 0.337605
vt 0.695263 0.876430
vt 0.102657 0.790779
vt 0.978804 0.338181
vt 0.703679 0.876307
vt 0.723313 0.150879
vt 0.694252 0.884106
vt 0.096773 0.783020
vt 0.702668 0.883983
vt 0.717132 0.158338
vt 0.693556 0.892808
vt 0.092400 0.774305
vt 0.701972 0.892685
vt 0.712539 0.166831
vt 0.693201 0.902201
vt 0.089708 0.764969
vt 0.701617 0.902078
vt 0.709710 0.176029
vt 0.693201 0.911924
vt 0.088799 0.755372
vt 0.701617 0.911801
vt 0.708755 0.185581
vt 0.693556 0.921603
vt 0.089708 0.745882
vt 0.701972 0.921481
vt 0.709710 0.195120
vt 0.694252 0.930867
vt 0.092400 0.736864
vt 0.702668 0.930745
vt 0.712539 0.204277
vt 0.664711 0.969160
vt 0.695263 0.939360
vt 0.096773 0.728664
vt 0.703679 0.939237
vt 0.656249 0.968795
vt 0.717132 0.212702
vt 0.664130 0.961507
vt 0.102657 0.721597
vt 0.655668 0.961142
vt 0.723313 0.220071
vt 0.663834 0.952824
vt 0.109828 0.715935
vt 0.655372 0.952459
vt 0.730845 0.226101
vt 0.663834 0.943446
vt 0.118008 0.711896
vt 0.655372 0.943081
vt 0.739439 0.230559
vt 0.664130 0.933733
vt 0.126884 0.709635
vt 0.655668 0.933368
vt 0.748763 0.233275
vt 0.664711 0.924058
vt 0.136115 0.709239
vt 0.908396 0.301595
vt 0.656249 0.923693
vt 0.758460 0.234145
vt 0.916920 0.301514
vt 0.242984 0.952551
vt 0.589140 0.900431
vt 0.940156 0.471132
vt 0.946246 0.471016
vt 0.249178 0.952671
vt 0.123951 0.830313
vt 0.242718 0.959500
vt 0.582092 0.899718
vt 0.248912 0.959620
vt 0.117093 0.830758
vt 0.242582 0.966584
vt 0.575315 0.897650
vt 0.248776 0.966704
vt 0.110499 0.832559
vt 0.242582 0.973531
vt 0.569069 0.894307
vt 0.248776 0.973651
vt 0.104422 0.835648
vt 0.242718 0.980074
vt 0.563595 0.889817
vt 0.248912 0.980194
vt 0.099095 0.839905
vt 0.973719 0.133432
vt 0.242984 0.985961
vt 0.559102 0.884353
vt 0.249178 0.986081
vt 0.967535 0.133386
vt 0.094723 0.845168
vt 0.973271 0.127806
vt 0.555764 0.878124
vt 0.967088 0.127760
vt 0.091475 0.851234
vt 0.972963 0.121448
vt 0.553708 0.871371
vt 0.966779 0.121402
vt 0.089474 0.857869
vt 0.972806 0.114602
vt 0.553014 0.864353
vt 0.966622 0.114557
vt 0.088799 0.864819
vt 0.972806 0.107532
vt 0.553708 0.857339
vt 0.966622 0.107486
vt 0.089474 0.871817
vt 0.972963 0.100508
vt 0.555764 0.850599
vt 0.966779 0.100462
vt 0.091475 0.878594
vt 0.973271 0.093801
vt 0.559102 0.844392
vt 0.967088 0.093756
vt 0.094723 0.884889
vt 0.973719 0.087669
vt 0.733460 0.984842
vt 0.563595 0.838956
vt 0.967535 0.087624
vt 0.727296 0.984499
vt 0.099095 0.890460
vt 0.733175 0.979430
vt 0.569069 0.834501
vt 0.727011 0.979087
vt 0.104422 0.895094
vt 0.733078 0.973234
vt 0.575315 0.831198
vt 0.726915 0.972891
vt 0.110499 0.898612
vt 0.733175 0.966490
vt 0.582092 0.829173
vt 0.727011 0.966147
vt 0.117093 0.900879
vt 0.733460 0.959459
vt 0.589140 0.828504
vt 0.940156 0.399137
vt 0.727296 0.959116
vt 0.123951 0.901808
vt 0.946246 0.399021
vt 0.052874 0.970634
vt 0.445188 0.860848
vt 0.734612 0.853072
vt 0.045998 0.971101
vt 0.851040 0.433145
vt 0.438339 0.861395
vt 0.051731 0.962775
vt 0.726533 0.852018
vt 0.044856 0.963242
vt 0.843522 0.434471
vt 0.051028 0.954626
vt 0.718765 0.849449
vt 0.044152 0.955093
vt 0.836293 0.437330
vt 0.050790 0.946502
vt 0.711605 0.845465
vt 0.043915 0.946970
vt 0.829630 0.441611
vt 0.051028 0.938715
vt 0.705330 0.840217
vt 0.044152 0.939182
vt 0.823791 0.447149
vt 0.051731 0.931564
vt 0.700180 0.833909
vt 0.044856 0.932031
vt 0.818998 0.453732
vt 0.052874 0.925323
vt 0.972052 0.561649
vt 0.696353 0.826782
vt 0.045998 0.925790
vt 0.964983 0.561652
vt 0.815437 0.461107
vt 0.971197 0.554827
vt 0.693997 0.819110
vt 0.964127 0.554830
vt 0.813244 0.468990
vt 0.970608 0.547251
vt 0.693201 0.811188
vt 0.963538 0.547253
vt 0.812504 0.477079
vt 0.970307 0.539211
vt 0.693997 0.803321
vt 0.963238 0.539214
vt 0.813244 0.485063
vt 0.970307 0.531018
vt 0.696353 0.795810
vt 0.963238 0.531020
vt 0.815437 0.492634
vt 0.970608 0.522985
vt 0.700180 0.788945
vt 0.963538 0.522988
vt 0.818998 0.499502
vt 0.971197 0.515422
vt 0.705330 0.782989
vt 0.964127 0.515424
vt 0.823791 0.505404
vt 0.972052 0.508618
vt 0.969884 0.461991
vt 0.711606 0.778171
vt 0.964983 0.508621
vt 0.976849 0.461344
vt 0.829630 0.510111
vt 0.969481 0.468946
vt 0.718765 0.774676
vt 0.976447 0.468298
vt 0.836293 0.513444
vt 0.969481 0.476600
vt 0.726533 0.772639
vt 0.976447 0.475952
vt 0.843522 0.515273
vt 0.969884 0.484658
vt 0.734612 0.772138
vt 0.445188 0.941846
vt 0.976849 0.484011
vt 0.851040 0.515530
vt 0.438339 0.942393
vt 0.812619 0.274147
vt 0.743284 0.748902
vt 0.931744 0.605379
vt 0.940002 0.606089
vt 0.821249 0.274414
vt 0.600180 0.704733
vt 0.812458 0.283845
vt 0.733513 0.748009
vt 0.821087 0.284112
vt 0.590978 0.705605
vt 0.812458 0.293017
vt 0.724118 0.745223
vt 0.821087 0.293283
vt 0.582130 0.708377
vt 0.812619 0.301310
vt 0.253990 0.929281
vt 0.715460 0.740653
vt 0.821249 0.301576
vt 0.245502 0.929315
vt 0.573976 0.712939
vt 0.252750 0.921540
vt 0.707870 0.734473
vt 0.244262 0.921574
vt 0.566829 0.719118
vt 0.251829 0.912757
vt 0.701642 0.726921
vt 0.243341 0.912791
vt 0.560963 0.726677
vt 0.251261 0.903269
vt 0.697013 0.718287
vt 0.242774 0.903303
vt 0.556604 0.735323
vt 0.251070 0.893442
vt 0.694163 0.708904
vt 0.242582 0.893476
vt 0.553920 0.744726
vt 0.251261 0.883652
vt 0.693201 0.699131
vt 0.242774 0.883686
vt 0.553014 0.754524
vt 0.251829 0.874277
vt 0.694163 0.689344
vt 0.243341 0.874311
vt 0.553920 0.764339
vt 0.252750 0.865675
vt 0.697013 0.679920
vt 0.244262 0.865710
vt 0.556604 0.773797
vt 0.253990 0.858179
vt 0.751345 0.304491
vt 0.701642 0.671220
vt 0.245502 0.858213
vt 0.742763 0.304330
vt 0.560963 0.782531
vt 0.750842 0.295991
vt 0.707870 0.663580
vt 0.742260 0.295830
vt 0.566829 0.790208
vt 0.750585 0.286681
vt 0.715459 0.657291
vt 0.742003 0.286521
vt 0.573976 0.796532
vt 0.750585 0.276919
vt 0.724118 0.652597
vt 0.742003 0.276758
vt 0.582130 0.801259
vt 0.750842 0.267079
vt 0.733513 0.649677
vt 0.742260 0.266919
vt 0.590978 0.804209
vt 0.751345 0.257541
vt 0.743284 0.648644
vt 0.931744 0.508618
vt 0.742763 0.257380
vt 0.600180 0.805268
vt 0.940002 0.509329
vt 0.020679 0.970941
vt 0.922055 0.752470
vt 0.852420 0.135974
vt 0.011747 0.971012
vt 0.249223 0.731744
vt 0.929224 0.751993
vt 0.020594 0.960773
vt 0.845966 0.135748
vt 0.011662 0.960844
vt 0.240923 0.732131
vt 0.020550 0.950754
vt 0.839761 0.133547
vt 0.011618 0.950825
vt 0.232942 0.734487
vt 0.020550 0.941269
vt 0.834042 0.129454
vt 0.011618 0.941340
vt 0.225586 0.738720
vt 0.020594 0.932682
vt 0.829030 0.123629
vt 0.011662 0.932753
vt 0.219139 0.744668
vt 0.020679 0.925323
vt 0.968005 0.968650
vt 0.824916 0.116293
vt 0.011747 0.925394
vt 0.974390 0.967134
vt 0.213848 0.752103
vt 0.967308 0.978296
vt 0.821859 0.107730
vt 0.973693 0.976780
vt 0.209916 0.760738
vt 0.968005 0.988288
vt 0.819977 0.098267
vt 0.974390 0.986772
vt 0.813094 0.097708
vt 0.207495 0.770241
vt 0.819341 0.088270
vt 0.812458 0.087710
vt 0.206677 0.780249
vt 0.819977 0.078122
vt 0.813094 0.077562
vt 0.207495 0.790375
vt 0.821859 0.068213
vt 0.814976 0.067653
vt 0.209916 0.800231
vt 0.710054 0.258152
vt 0.824916 0.058923
vt 0.818033 0.058363
vt 0.718768 0.257380
vt 0.213848 0.809438
vt 0.709194 0.265318
vt 0.829030 0.050611
vt 0.717907 0.264546
vt 0.219139 0.817642
vt 0.708755 0.273744
vt 0.834042 0.043595
vt 0.717468 0.272972
vt 0.225586 0.824528
vt 0.708755 0.283106
vt 0.839761 0.038144
vt 0.717468 0.282334
vt 0.232942 0.829831
vt 0.709194 0.293044
vt 0.845966 0.034469
vt 0.717907 0.292272
vt 0.240923 0.833348
vt 0.710054 0.303177
vt 0.852420 0.032711
vt 0.922055 0.649122
vt 0.718768 0.302405
vt 0.249223 0.834943
vt 0.929224 0.648644
vt 0.154577 0.972675
vt 0.937073 0.095116
vt 0.852691 0.409909
vt 0.147492 0.972720
vt 0.803126 0.780972
vt 0.943386 0.094344
vt 0.154409 0.965077
vt 0.844851 0.409235
vt 0.147325 0.965123
vt 0.795984 0.781192
vt 0.154306 0.957094
vt 0.837312 0.407007
vt 0.147222 0.957139
vt 0.789117 0.782968
vt 0.154271 0.949030
vt 0.830364 0.403312
vt 0.147187 0.949076
vt 0.782789 0.786231
vt 0.154306 0.941198
vt 0.824274 0.398291
vt 0.147222 0.941243
vt 0.777241 0.790856
vt 0.154409 0.933896
vt 0.819277 0.392138
vt 0.147325 0.933942
vt 0.772689 0.796665
vt 0.944072 0.947816
vt 0.154577 0.927407
vt 0.815563 0.385088
vt 0.147492 0.927452
vt 0.937429 0.947722
vt 0.769306 0.803435
vt 0.942502 0.941268
vt 0.813276 0.377413
vt 0.935859 0.941174
vt 0.767223 0.810906
vt 0.941421 0.933925
vt 0.812504 0.369408
vt 0.934778 0.933831
vt 0.766520 0.818790
vt 0.940869 0.926069
vt 0.813276 0.361380
vt 0.934227 0.925975
vt 0.767223 0.826785
vt 0.940869 0.918002
vt 0.815563 0.353638
vt 0.934227 0.917908
vt 0.769306 0.834584
vt 0.941421 0.910034
vt 0.819277 0.346480
vt 0.934778 0.909940
vt 0.772689 0.841886
vt 0.942502 0.902472
vt 0.824274 0.340179
vt 0.935859 0.902377
vt 0.777241 0.848411
vt 0.944072 0.895605
vt 0.803006 0.986474
vt 0.830364 0.334980
vt 0.937429 0.895511
vt 0.795927 0.986281
vt 0.782789 0.853909
vt 0.802913 0.980185
vt 0.837312 0.331081
vt 0.795834 0.979991
vt 0.789117 0.858167
vt 0.802913 0.973030
vt 0.844851 0.328632
vt 0.795834 0.972837
vt 0.795984 0.861023
vt 0.803006 0.965285
vt 0.852691 0.327727
vt 0.937073 0.015142
vt 0.795927 0.965091
vt 0.803126 0.862367
vt 0.943386 0.014370
vt 0.097854 0.970920
vt 0.905216 0.115359
vt 0.527202 0.719755
vt 0.089171 0.971073
vt 0.742938 0.524445
vt 0.913838 0.115301
vt 0.097607 0.961088
vt 0.517384 0.718854
vt 0.088924 0.961241
vt 0.733234 0.525489
vt 0.097481 0.951213
vt 0.507944 0.716051
vt 0.088799 0.951366
vt 0.723904 0.528433
vt 0.097481 0.941674
vt 0.499244 0.711454
vt 0.088799 0.941827
vt 0.715305 0.533163
vt 0.097607 0.932838
vt 0.491619 0.705240
vt 0.088924 0.932991
vt 0.707768 0.539499
vt 0.097854 0.925044
vt 0.835405 0.947127
vt 0.485360 0.697647
vt 0.089171 0.925197
vt 0.826708 0.947125
vt 0.701583 0.547196
vt 0.835235 0.938919
vt 0.480710 0.688968
vt 0.826538 0.938917
vt 0.696987 0.555958
vt 0.835118 0.929787
vt 0.477847 0.679535
vt 0.826421 0.929785
vt 0.694157 0.565450
vt 0.835058 0.920082
vt 0.476879 0.669712
vt 0.826361 0.920080
vt 0.693201 0.575306
vt 0.835058 0.910177
vt 0.477847 0.659876
vt 0.826361 0.910176
vt 0.694157 0.585147
vt 0.835118 0.900452
vt 0.480710 0.650405
vt 0.826421 0.900451
vt 0.696987 0.594595
vt 0.835235 0.891282
vt 0.485360 0.641662
vt 0.826538 0.891281
vt 0.701583 0.603288
vt 0.835405 0.883019
vt 0.971209 0.159371
vt 0.491619 0.633985
vt 0.826708 0.883018
vt 0.979896 0.159209
vt 0.707768 0.610891
vt 0.971046 0.167366
vt 0.499244 0.627667
vt 0.979734 0.167204
vt 0.715305 0.617111
vt 0.970992 0.176347
vt 0.507944 0.622952
vt 0.979679 0.176185
vt 0.723904 0.621711
vt 0.971046 0.185970
vt 0.517384 0.620021
vt 0.979734 0.185808
vt 0.733234 0.624512
vt 0.971209 0.195865
vt 0.527202 0.618986
vt 0.905216 0.014428
vt 0.979896 0.195702
vt 0.742938 0.625409
vt 0.913838 0.014370
vt 0.213137 0.984895
vt 0.180681 0.904171
vt 0.946395 0.301598
vt 0.940156 0.301514
vt 0.206739 0.984918
vt 0.868057 0.648644
vt 0.213096 0.977687
vt 0.174147 0.903811
vt 0.206698 0.977710
vt 0.860924 0.649256
vt 0.213076 0.970412
vt 0.167863 0.902045
vt 0.206677 0.970435
vt 0.854066 0.651269
vt 0.213076 0.963350
vt 0.162073 0.898942
vt 0.206677 0.963373
vt 0.847746 0.654604
vt 0.213096 0.956771
vt 0.156997 0.894620
vt 0.206698 0.956794
vt 0.842206 0.659134
vt 0.626080 0.923727
vt 0.213137 0.950929
vt 0.152832 0.889247
vt 0.206739 0.950952
vt 0.632137 0.923693
vt 0.837659 0.664685
vt 0.624774 0.929720
vt 0.149736 0.883028
vt 0.630831 0.929685
vt 0.834281 0.671043
vt 0.623874 0.936405
vt 0.147830 0.876202
vt 0.629931 0.936371
vt 0.832201 0.677964
vt 0.623416 0.943526
vt 0.147187 0.869032
vt 0.629472 0.943492
vt 0.831498 0.685182
vt 0.623416 0.950810
vt 0.147830 0.861793
vt 0.629472 0.950775
vt 0.832201 0.692420
vt 0.623874 0.957976
vt 0.149736 0.854763
vt 0.629931 0.957941
vt 0.834281 0.699399
vt 0.624774 0.964749
vt 0.152832 0.848213
vt 0.630831 0.964714
vt 0.837659 0.705852
vt 0.626080 0.970868
vt 0.887310 0.956689
vt 0.156997 0.842395
vt 0.632137 0.970834
vt 0.893671 0.956435
vt 0.842206 0.711530
vt 0.887081 0.962403
vt 0.162073 0.837531
vt 0.893443 0.962149
vt 0.847746 0.716215
vt 0.887004 0.968887
vt 0.167863 0.833809
vt 0.893365 0.968634
vt 0.854066 0.719727
vt 0.887081 0.975892
vt 0.174147 0.831372
vt 0.893443 0.975638
vt 0.860924 0.721932
vt 0.887310 0.983148
vt 0.180681 0.830313
vt 0.946395 0.375786
vt 0.893671 0.982895
vt 0.868057 0.722743
vt 0.940156 0.375701
vt 0.513795 0.866115
vt 0.142104 0.686003
vt 0.878440 0.260879
vt 0.887207 0.259991
vt 0.522902 0.866252
vt 0.453644 0.618986
vt 0.513066 0.875426
vt 0.131704 0.684990
vt 0.522173 0.875562
vt 0.443563 0.619287
vt 0.512564 0.885483
vt 0.121705 0.681993
vt 0.521670 0.885619
vt 0.433869 0.621549
vt 0.512308 0.895899
vt 0.112489 0.677126
vt 0.521414 0.896036
vt 0.424936 0.625686
vt 0.512308 0.906275
vt 0.104411 0.670578
vt 0.521414 0.906412
vt 0.417105 0.631539
vt 0.512564 0.916211
vt 0.097782 0.662598
vt 0.521670 0.916348
vt 0.410679 0.638882
vt 0.513066 0.925326
vt 0.092856 0.653496
vt 0.522173 0.925463
vt 0.405904 0.647434
vt 0.898294 0.933082
vt 0.513795 0.933269
vt 0.089823 0.643619
vt 0.522902 0.933406
vt 0.889287 0.933199
vt 0.402963 0.656866
vt 0.897175 0.924034
vt 0.088799 0.633348
vt 0.888168 0.924152
vt 0.401970 0.666816
vt 0.896404 0.914141
vt 0.089823 0.623077
vt 0.887397 0.914258
vt 0.402963 0.676901
vt 0.896011 0.903782
vt 0.092856 0.613201
vt 0.887004 0.903899
vt 0.405904 0.686733
vt 0.896011 0.893355
vt 0.097782 0.604100
vt 0.887004 0.893473
vt 0.410679 0.695934
vt 0.896404 0.883262
vt 0.104411 0.596123
vt 0.887397 0.883379
vt 0.417105 0.704152
vt 0.897175 0.873889
vt 0.112489 0.589577
vt 0.888168 0.874007
vt 0.424936 0.711071
vt 0.898294 0.865598
vt 0.447538 0.984884
vt 0.121705 0.584713
vt 0.889287 0.865715
vt 0.438544 0.984028
vt 0.433869 0.716423
vt 0.447333 0.976151
vt 0.131704 0.581719
vt 0.438339 0.975296
vt 0.443563 0.720005
vt 0.447538 0.966484
vt 0.142104 0.580709
vt 0.878440 0.160097
vt 0.438544 0.965628
vt 0.453644 0.721677
vt 0.887207 0.159209
vt 0.918629 0.160141
vt 0.165420 0.748333
vt 0.520435 0.842486
vt 0.174274 0.748342
vt 0.757857 0.011618
vt 0.910442 0.159209
vt 0.165375 0.757668
vt 0.511938 0.842879
vt 0.174230 0.757677
vt 0.748278 0.012102
vt 0.165349 0.767566
vt 0.503767 0.841345
vt 0.174203 0.767574
vt 0.739067 0.014517
vt 0.165339 0.777646
vt 0.496237 0.837944
vt 0.174194 0.777654
vt 0.730578 0.018770
vt 0.165349 0.787521
vt 0.489637 0.832805
vt 0.174203 0.787529
vt 0.723137 0.024697
vt 0.165375 0.796811
vt 0.484220 0.826126
vt 0.174230 0.796820
vt 0.717030 0.032070
vt 0.407252 0.861081
vt 0.165420 0.805160
vt 0.480195 0.818164
vt 0.174274 0.805168
vt 0.415103 0.860847
vt 0.712493 0.040607
vt 0.404663 0.869165
vt 0.477716 0.809226
vt 0.412514 0.868931
vt 0.709699 0.049978
vt 0.402879 0.878268
vt 0.476880 0.799653
vt 0.410731 0.878034
vt 0.708755 0.059825
vt 0.401970 0.888038
vt 0.477716 0.789815
vt 0.409822 0.887804
vt 0.709699 0.069768
vt 0.401970 0.898102
vt 0.480195 0.780089
vt 0.409822 0.897868
vt 0.712493 0.079426
vt 0.402879 0.908072
vt 0.484220 0.770850
vt 0.410731 0.907838
vt 0.717030 0.088426
vt 0.404663 0.917565
vt 0.489637 0.762451
vt 0.412514 0.917331
vt 0.723137 0.096425
vt 0.407252 0.926216
vt 0.485655 0.978513
vt 0.496237 0.755217
vt 0.415103 0.925982
vt 0.476880 0.979114
vt 0.730578 0.103113
vt 0.485918 0.970989
vt 0.503767 0.749424
vt 0.477142 0.971590
vt 0.739067 0.108234
vt 0.485918 0.962308
vt 0.511938 0.745296
vt 0.477142 0.962909
vt 0.748278 0.111592
vt 0.485655 0.952803
vt 0.520435 0.742991
vt 0.918629 0.258985
vt 0.476880 0.953404
vt 0.757857 0.113056
vt 0.910442 0.258053
vt 0.489072 0.929259
vt 0.347405 0.939611
vt 0.059696 0.809587
vt 0.481115 0.929567
vt 0.323089 0.744363
vt 0.355357 0.938034
vt 0.486996 0.920674
vt 0.050316 0.807941
vt 0.479038 0.920982
vt 0.314573 0.745928
vt 0.485566 0.911335
vt 0.041297 0.804508
vt 0.477608 0.911644
vt 0.306384 0.749338
vt 0.484837 0.901601
vt 0.032985 0.799421
vt 0.476880 0.901909
vt 0.298838 0.754462
vt 0.484837 0.891845
vt 0.025700 0.792875
vt 0.476880 0.892153
vt 0.292223 0.761102
vt 0.485566 0.882442
vt 0.019720 0.785122
vt 0.477608 0.882750
vt 0.286794 0.769005
vt 0.486996 0.873754
vt 0.015278 0.776460
vt 0.479038 0.874062
vt 0.282761 0.777865
vt 0.489072 0.866115
vt 0.320323 0.930169
vt 0.012542 0.767221
vt 0.481115 0.866423
vt 0.311936 0.930053
vt 0.280277 0.787343
vt 0.319095 0.922350
vt 0.011618 0.757760
vt 0.310709 0.922235
vt 0.279438 0.797074
vt 0.318250 0.913529
vt 0.012542 0.748442
vt 0.309863 0.913414
vt 0.280277 0.806684
vt 0.317819 0.904046
vt 0.015278 0.739624
vt 0.309432 0.903931
vt 0.282761 0.815805
vt 0.317819 0.894264
vt 0.019720 0.731645
vt 0.309432 0.894148
vt 0.286794 0.824085
vt 0.318250 0.884559
vt 0.025700 0.724811
vt 0.309863 0.884444
vt 0.292223 0.831206
vt 0.319095 0.875305
vt 0.032985 0.719386
vt 0.310709 0.875189
vt 0.298838 0.836895
vt 0.320323 0.866856
vt 0.278149 0.970198
vt 0.041297 0.715578
vt 0.311936 0.866741
vt 0.286197 0.968807
vt 0.306384 0.840933
vt 0.277808 0.978472
vt 0.050316 0.713533
vt 0.285856 0.977081
vt 0.314573 0.843165
vt 0.278149 0.987563
vt 0.059696 0.713330
vt 0.347405 0.851820
vt 0.286197 0.986172
vt 0.323089 0.843505
vt 0.355357 0.850243
vt 0.766520 0.949320
vt 0.578099 0.290302
vt 0.658754 0.900457
vt 0.583917 0.291056
vt 0.046199 0.832823
vt 0.772598 0.949497
vt 0.577898 0.296844
vt 0.651860 0.899711
vt 0.583716 0.297598
vt 0.039453 0.833191
vt 0.578099 0.302845
vt 0.966846 0.014373
vt 0.645231 0.897696
vt 0.583917 0.303599
vt 0.972936 0.014370
vt 0.032966 0.834876
vt 0.966751 0.019618
vt 0.639121 0.894487
vt 0.972842 0.019614
vt 0.026987 0.837813
vt 0.966680 0.025647
vt 0.633766 0.890210
vt 0.972771 0.025643
vt 0.021747 0.841889
vt 0.966637 0.032228
vt 0.629371 0.885028
vt 0.972727 0.032225
vt 0.017446 0.846947
vt 0.966622 0.039110
vt 0.626106 0.879140
vt 0.972713 0.039107
vt 0.014250 0.852794
vt 0.966637 0.046027
vt 0.624095 0.872773
vt 0.972727 0.046024
vt 0.012282 0.859204
vt 0.966680 0.052714
vt 0.623416 0.866171
vt 0.972771 0.052711
vt 0.011618 0.865931
vt 0.966751 0.058914
vt 0.624095 0.859589
vt 0.972842 0.058910
vt 0.012282 0.872717
vt 0.966846 0.064388
vt 0.978438 0.258440
vt 0.626106 0.853278
vt 0.972936 0.064384
vt 0.972561 0.258355
vt 0.014250 0.879301
vt 0.977578 0.252498
vt 0.629371 0.847482
vt 0.971700 0.252413
vt 0.017446 0.885429
vt 0.977048 0.245973
vt 0.633766 0.842423
vt 0.971171 0.245888
vt 0.021746 0.890867
vt 0.976869 0.239115
vt 0.639121 0.838296
vt 0.970992 0.239031
vt 0.026987 0.895404
vt 0.977048 0.232188
vt 0.645231 0.835259
vt 0.971171 0.232104
vt 0.032966 0.898868
vt 0.977578 0.225459
vt 0.651860 0.833429
vt 0.971700 0.225374
vt 0.039453 0.901125
vt 0.978438 0.219185
vt 0.658754 0.832877
vt 0.766520 0.885602
vt 0.972561 0.219100
vt 0.046199 0.902088
vt 0.772598 0.885779
vt 0.593739 0.971553
vt 0.898819 0.648644
vt 0.665119 0.809538
vt 0.584618 0.971564
vt 0.760008 0.327727
vt 0.891292 0.648692
vt 0.593722 0.961227
vt 0.658166 0.809641
vt 0.584601 0.961239
vt 0.751263 0.328017
vt 0.593713 0.950888
vt 0.651479 0.807726
vt 0.584592 0.950899
vt 0.742853 0.330315
vt 0.593713 0.940931
vt 0.645318 0.803867
vt 0.584592 0.940942
vt 0.735103 0.334530
vt 0.593722 0.931739
vt 0.639916 0.798213
vt 0.584601 0.931751
vt 0.728310 0.340503
vt 0.593739 0.923667
vt 0.717846 0.457088
vt 0.635484 0.790979
vt 0.584618 0.923678
vt 0.724687 0.455984
vt 0.722735 0.348002
vt 0.715853 0.466442
vt 0.632190 0.782445
vt 0.722694 0.465339
vt 0.718592 0.356740
vt 0.715180 0.476461
vt 0.630162 0.772938
vt 0.722021 0.475357
vt 0.716041 0.366381
vt 0.715853 0.486759
vt 0.629477 0.762824
vt 0.722694 0.485655
vt 0.715179 0.376555
vt 0.717846 0.496941
vt 0.630162 0.752492
vt 0.724687 0.495837
vt 0.623416 0.751601
vt 0.716041 0.386870
vt 0.632190 0.742338
vt 0.625444 0.741446
vt 0.718592 0.396930
vt 0.635484 0.732752
vt 0.628737 0.731861
vt 0.722735 0.406349
vt 0.964018 0.585544
vt 0.639916 0.724104
vt 0.633170 0.723212
vt 0.972966 0.584888
vt 0.728310 0.414764
vt 0.963435 0.593667
vt 0.645318 0.716725
vt 0.972383 0.593011
vt 0.735103 0.421853
vt 0.963238 0.602888
vt 0.651479 0.710899
vt 0.972186 0.602232
vt 0.742853 0.427342
vt 0.963435 0.612851
vt 0.658166 0.706849
vt 0.972383 0.612195
vt 0.751263 0.431021
vt 0.964018 0.623174
vt 0.665119 0.704733
vt 0.898819 0.754568
vt 0.972966 0.622518
vt 0.760008 0.432748
vt 0.891292 0.754616
vt 0.183042 0.965798
vt 0.375628 0.659621
vt 0.795834 0.941856
vt 0.800778 0.941179
vt 0.177818 0.965798
vt 0.376448 0.767308
vt 0.183039 0.960630
vt 0.369719 0.659056
vt 0.177815 0.960630
vt 0.370782 0.767577
vt 0.183037 0.954987
vt 0.364037 0.657347
vt 0.177813 0.954988
vt 0.365333 0.768982
vt 0.183036 0.949087
vt 0.358801 0.654561
vt 0.177812 0.949087
vt 0.360312 0.771471
vt 0.183036 0.943155
vt 0.354211 0.650806
vt 0.177812 0.943155
vt 0.355911 0.774946
vt 0.183037 0.937420
vt 0.350444 0.646225
vt 0.177813 0.937420
vt 0.352299 0.779275
vt 0.183039 0.932103
vt 0.347645 0.640994
vt 0.177815 0.932103
vt 0.349616 0.784291
vt 0.183042 0.927407
vt 0.408433 0.987948
vt 0.345922 0.635315
vt 0.177818 0.927407
vt 0.403315 0.987941
vt 0.347963 0.789802
vt 0.407774 0.983024
vt 0.345340 0.629405
vt 0.402655 0.983017
vt 0.347405 0.795595
vt 0.407320 0.977544
vt 0.345922 0.623492
vt 0.402201 0.977538
vt 0.347963 0.801449
vt 0.407089 0.971719
vt 0.347645 0.617804
vt 0.401970 0.971712
vt 0.349616 0.807137
vt 0.407089 0.965772
vt 0.350444 0.612558
vt 0.401970 0.965766
vt 0.352299 0.812442
vt 0.407320 0.959932
vt 0.354211 0.607956
vt 0.402201 0.959926
vt 0.355911 0.817160
vt 0.407774 0.954424
vt 0.358801 0.604175
vt 0.402655 0.954417
vt 0.360312 0.821109
vt 0.612403 0.300597
vt 0.408433 0.949459
vt 0.364037 0.601360
vt 0.403315 0.949452
vt 0.607190 0.300427
vt 0.365333 0.824137
vt 0.612367 0.295836
vt 0.369719 0.599621
vt 0.607153 0.295666
vt 0.370782 0.826129
vt 0.612403 0.290472
vt 0.375628 0.599022
vt 0.795834 0.886279
vt 0.607190 0.290302
vt 0.376448 0.827008
vt 0.800778 0.885602
vt 0.513006 0.956642
vt 0.863424 0.883118
vt 0.910991 0.842362
vt 0.518196 0.956987
vt 0.375628 0.682857
vt 0.858641 0.883018
vt 0.512544 0.962645
vt 0.906311 0.841530
vt 0.517733 0.962991
vt 0.370122 0.683682
vt 0.512308 0.968612
vt 0.901811 0.839551
vt 0.517497 0.968958
vt 0.364827 0.685651
vt 0.512308 0.974313
vt 0.897664 0.836499
vt 0.517497 0.974659
vt 0.359948 0.688689
vt 0.512544 0.979529
vt 0.894029 0.832494
vt 0.517733 0.979875
vt 0.355671 0.692679
vt 0.972974 0.399096
vt 0.513006 0.984060
vt 0.891046 0.827688
vt 0.518196 0.984406
vt 0.977527 0.399021
vt 0.352161 0.697468
vt 0.971262 0.404028
vt 0.888830 0.822266
vt 0.975815 0.403954
vt 0.349553 0.702872
vt 0.970082 0.409542
vt 0.887465 0.816437
vt 0.974635 0.409468
vt 0.347947 0.708683
vt 0.969481 0.415426
vt 0.887004 0.810425
vt 0.974034 0.415352
vt 0.347405 0.714678
vt 0.969481 0.421454
vt 0.887465 0.804461
vt 0.974034 0.421379
vt 0.347947 0.720626
vt 0.970082 0.427393
vt 0.888830 0.798773
vt 0.974635 0.427319
vt 0.349553 0.726298
vt 0.971262 0.433017
vt 0.891046 0.793581
vt 0.975815 0.432942
vt 0.352161 0.731478
vt 0.972974 0.438108
vt 0.947279 0.273201
vt 0.894029 0.789084
vt 0.977527 0.438034
vt 0.941989 0.273114
vt 0.355671 0.735965
vt 0.947185 0.268237
vt 0.897664 0.785455
vt 0.941896 0.268151
vt 0.359948 0.739588
vt 0.947154 0.262701
vt 0.901811 0.782833
vt 0.941864 0.262615
vt 0.364827 0.742207
vt 0.947185 0.256806
vt 0.906311 0.781319
vt 0.941896 0.256720
vt 0.370122 0.743721
vt 0.947279 0.250777
vt 0.910991 0.780972
vt 0.863424 0.944577
vt 0.941989 0.250691
vt 0.375628 0.744073
vt 0.858641 0.944477
vt 0.309432 0.953949
vt 0.934227 0.871345
vt 0.448300 0.837612
vt 0.317416 0.953404
vt 0.855205 0.159209
vt 0.941525 0.872275
vt 0.309705 0.962820
vt 0.439261 0.836500
vt 0.317689 0.962276
vt 0.846865 0.160887
vt 0.309705 0.971065
vt 0.430570 0.833650
vt 0.317689 0.970520
vt 0.838846 0.164262
vt 0.309432 0.978365
vt 0.737857 0.935880
vt 0.422560 0.829171
vt 0.317416 0.977821
vt 0.730188 0.935765
vt 0.831456 0.169204
vt 0.736253 0.928461
vt 0.415540 0.823235
vt 0.728583 0.928347
vt 0.824978 0.175525
vt 0.735147 0.920126
vt 0.409778 0.816070
vt 0.727478 0.920011
vt 0.819662 0.182981
vt 0.734584 0.911193
vt 0.405497 0.807952
vt 0.726915 0.911078
vt 0.815712 0.191285
vt 0.734584 0.902006
vt 0.402860 0.799192
vt 0.726915 0.901891
vt 0.813280 0.200119
vt 0.735147 0.892919
vt 0.401970 0.790128
vt 0.727478 0.892804
vt 0.812458 0.209143
vt 0.736253 0.884280
vt 0.402860 0.781108
vt 0.728583 0.884165
vt 0.813280 0.218009
vt 0.737857 0.876422
vt 0.965161 0.781037
vt 0.405497 0.772477
vt 0.730188 0.876307
vt 0.973228 0.780972
vt 0.815712 0.226378
vt 0.964941 0.788351
vt 0.409778 0.764569
vt 0.973009 0.788285
vt 0.819662 0.233928
vt 0.964806 0.796612
vt 0.415540 0.757686
vt 0.972874 0.796546
vt 0.824978 0.240369
vt 0.964761 0.805502
vt 0.422560 0.752094
vt 0.972828 0.805436
vt 0.831456 0.245452
vt 0.964806 0.814680
vt 0.430570 0.748007
vt 0.972874 0.814614
vt 0.838846 0.248984
vt 0.964941 0.823793
vt 0.439261 0.745582
vt 0.973009 0.823727
vt 0.846865 0.250827
vt 0.965161 0.832491
vt 0.448300 0.744913
vt 0.934227 0.780972
vt 0.973228 0.832425
vt 0.855205 0.250912
vt 0.941525 0.781902
vt 0.347935 0.962846
vt 0.947756 0.159210
vt 0.908508 0.606089
vt 0.353703 0.963180
vt 0.908435 0.433145
vt 0.941864 0.159209
vt 0.347539 0.969541
vt 0.901990 0.605185
vt 0.353307 0.969875
vt 0.901771 0.433722
vt 0.347405 0.976132
vt 0.895723 0.603022
vt 0.353173 0.976466
vt 0.895363 0.435570
vt 0.347539 0.982365
vt 0.889947 0.599683
vt 0.353307 0.982699
vt 0.889457 0.438616
vt 0.347935 0.988001
vt 0.968173 0.895513
vt 0.884885 0.595297
vt 0.353703 0.988334
vt 0.974042 0.895511
vt 0.884281 0.442744
vt 0.967805 0.900681
vt 0.880730 0.590032
vt 0.973675 0.900679
vt 0.880032 0.447796
vt 0.967532 0.906583
vt 0.877642 0.584090
vt 0.973402 0.906581
vt 0.876876 0.453577
vt 0.967364 0.912994
vt 0.875741 0.577700
vt 0.973234 0.912992
vt 0.874932 0.459865
vt 0.967308 0.919666
vt 0.875099 0.571108
vt 0.973177 0.919664
vt 0.874275 0.466419
vt 0.967364 0.926343
vt 0.875741 0.564566
vt 0.973234 0.926341
vt 0.874932 0.472986
vt 0.967532 0.932769
vt 0.877642 0.558326
vt 0.973402 0.932767
vt 0.876876 0.479314
vt 0.967805 0.938697
vt 0.880730 0.552629
vt 0.973675 0.938695
vt 0.880032 0.485160
vt 0.699459 0.988382
vt 0.968173 0.943898
vt 0.884885 0.547692
vt 0.974042 0.943896
vt 0.693660 0.988157
vt 0.884281 0.490300
vt 0.699116 0.982533
vt 0.889947 0.543705
vt 0.693317 0.982308
vt 0.889457 0.494535
vt 0.699001 0.976158
vt 0.895723 0.540823
vt 0.693201 0.975933
vt 0.895363 0.497703
vt 0.699116 0.969502
vt 0.901990 0.539155
vt 0.693317 0.969277
vt 0.901771 0.499683
vt 0.699459 0.962821
vt 0.908508 0.538766
vt 0.947756 0.227456
vt 0.693660 0.962596
vt 0.908435 0.500398
vt 0.941864 0.227455
s 0
f 2/4/1 3/7/1 1/1/1
f 4/9/2 5/11/2 3/7/2
f 6/13/3 7/15/3 5/11/3
f 8/17/4 9/20/4 7/15/4
f 10/23/5 11/25/5 9/19/5
f 12/27/6 13/29/6 11/25/6
f 14/31/7 15/33/7 13/29/7
f 16/35/8 17/37/8 15/33/8
f 18/39/9 19/41/9 17/37/9
f 20/43/10 21/45/10 19/41/10
f 22/47/11 23/50/11 21/45/11
f 24/53/12 25/55/12 23/49/12
f 26/57/13 27/59/13 25/55/13
f 28/61/14 29/63/14 27/59/14
f 30/65/15 31/67/15 29/63/15
f 32/69/16 33/71/16 31/67/16
f 2/5/17 20/44/17 12/28/17
f 1/3/18 17/38/18 25/56/18
f 33/73/19 2/6/19 1/2/19
f 54/118/20 37/82/20 35/77/20
f 70/145/21 45/100/21 43/95/21
f 66/138/22 42/93/22 41/90/22
f 45/101/23 96/199/23 43/96/23
f 58/125/24 38/84/24 37/81/24
f 35/77/25 60/128/25 54/118/25
f 64/135/26 40/88/26 42/92/26
f 43/95/27 52/116/27 70/145/27
f 49/108/28 78/160/28 82/168/28
f 50/110/29 82/168/29 80/165/29
f 62/131/30 48/106/30 76/156/30
f 72/148/31 44/97/31 46/102/31
f 62/131/32 41/90/32 39/86/32
f 74/152/33 46/102/33 45/99/33
f 48/106/34 80/164/34 76/156/34
f 47/104/35 68/142/35 78/160/35
f 53/117/23 61/130/23 77/159/23
f 57/123/36 54/119/36 53/117/36
f 55/120/37 58/126/37 57/123/37
f 55/120/38 52/115/38 56/121/38
f 79/162/39 76/156/39 80/164/39
f 79/163/40 82/168/40 81/167/40
f 81/167/41 78/160/41 77/158/41
f 65/137/42 62/132/42 61/130/42
f 65/137/43 64/136/43 66/139/43
f 63/133/44 60/129/44 64/136/44
f 73/150/45 70/145/45 69/144/45
f 73/151/46 72/148/46 74/152/46
f 71/147/47 68/142/47 72/148/47
f 69/144/48 52/116/48 51/113/48
f 59/127/49 54/119/49 60/129/49
f 78/160/50 67/141/50 77/158/50
f 76/157/51 61/130/51 62/132/51
f 56/122/52 36/79/52 38/84/52
f 87/178/34 120/252/34 88/180/34
f 38/85/23 86/176/23 85/174/23
f 46/103/23 95/197/23 45/101/23
f 50/112/23 87/179/23 88/181/23
f 46/103/23 98/203/23 97/201/23
f 49/109/23 88/181/23 89/183/23
f 36/80/23 96/199/23 86/176/23
f 49/109/23 90/185/23 47/105/23
f 40/89/23 84/172/23 94/194/23
f 41/91/23 92/189/23 39/87/23
f 44/98/23 90/185/23 98/203/23
f 42/94/23 91/187/23 41/91/23
f 37/83/23 84/172/23 35/78/23
f 39/87/23 87/179/23 48/107/23
f 42/94/23 94/194/23 93/192/23
f 37/83/23 85/174/23 83/169/23
f 111/233/22 145/309/22 143/305/22
f 97/202/31 130/275/31 129/273/31
f 88/182/29 121/255/29 89/184/29
f 86/177/27 128/271/27 118/248/27
f 89/184/28 122/257/28 90/186/28
f 84/173/25 126/266/25 94/195/25
f 92/190/32 123/259/32 124/261/32
f 90/186/35 130/275/35 98/204/35
f 93/193/22 123/259/22 91/188/22
f 84/173/20 115/242/20 116/244/20
f 92/190/30 119/250/30 87/178/30
f 94/195/26 125/264/26 93/191/26
f 83/171/24 117/246/24 115/241/24
f 96/200/21 127/268/21 128/271/21
f 85/175/52 118/248/52 117/246/52
f 97/202/33 127/269/33 95/196/33
f 99/205/53 116/245/53 115/243/53
f 99/205/53 117/247/53 101/209/53
f 101/209/53 118/249/53 102/212/53
f 104/216/53 119/251/53 103/214/53
f 105/218/53 120/254/53 104/216/53
f 105/218/53 122/258/53 121/256/53
f 107/224/53 124/262/53 123/260/53
f 109/228/53 123/260/53 125/265/53
f 109/228/53 126/267/53 110/230/53
f 111/232/53 128/272/53 127/270/53
f 113/237/53 127/270/53 129/274/53
f 113/237/53 130/276/53 114/239/53
f 102/212/53 128/272/53 112/234/53
f 100/207/53 126/267/53 116/245/53
f 106/221/53 130/276/53 122/258/53
f 108/226/53 119/251/53 124/262/53
f 146/311/53 135/286/53 142/302/53
f 103/215/52 136/289/52 104/217/52
f 113/238/26 146/312/26 145/308/26
f 105/219/24 136/289/24 137/290/24
f 112/235/30 134/285/30 102/213/30
f 106/222/20 137/292/20 138/294/20
f 110/231/35 132/280/35 142/303/35
f 108/227/21 139/296/21 140/299/21
f 106/222/25 146/312/25 114/240/25
f 109/229/33 139/297/33 107/223/33
f 100/208/28 131/278/28 132/280/28
f 103/215/27 140/299/27 135/287/27
f 110/231/31 141/301/31 109/229/31
f 101/210/29 131/278/29 99/206/29
f 111/233/32 144/307/32 112/235/32
f 101/211/34 134/285/34 133/281/34
f 147/313/54 150/321/54 149/319/54
f 150/321/55 151/323/55 149/319/55
f 151/323/56 154/329/56 153/327/56
f 153/327/57 156/333/57 155/331/57
f 155/331/58 158/338/58 157/335/58
f 157/336/59 160/343/59 159/341/59
f 160/343/60 161/345/60 159/341/60
f 161/345/61 164/351/61 163/349/61
f 163/349/62 166/355/62 165/353/62
f 166/355/63 167/357/63 165/353/63
f 167/357/64 170/363/64 169/361/64
f 169/361/65 172/368/65 171/365/65
f 171/366/66 174/373/66 173/371/66
f 173/371/67 176/377/67 175/375/67
f 176/377/68 177/379/68 175/375/68
f 178/381/69 179/383/69 177/379/69
f 148/318/53 166/356/53 158/340/53
f 147/314/23 163/350/23 171/367/23
f 147/315/35 180/388/35 148/316/35
f 182/393/70 183/395/70 181/389/70
f 184/397/71 185/399/71 183/395/71
f 185/399/72 188/405/72 187/403/72
f 187/403/73 190/410/73 189/407/73
f 190/411/74 191/413/74 189/408/74
f 191/413/75 194/419/75 193/417/75
f 193/417/76 196/423/76 195/421/76
f 196/423/77 197/425/77 195/421/77
f 198/427/78 199/429/78 197/425/78
f 199/429/79 202/435/79 201/433/79
f 202/435/80 203/438/80 201/433/80
f 204/441/81 205/443/81 203/437/81
f 205/443/82 208/449/82 207/447/82
f 208/449/83 209/451/83 207/447/83
f 209/451/84 212/457/84 211/455/84
f 212/457/85 213/459/85 211/455/85
f 182/394/86 200/432/86 192/416/86
f 181/390/87 197/426/87 205/444/87
f 181/391/88 214/464/88 182/392/88
f 216/469/89 217/471/89 215/465/89
f 217/471/90 220/477/90 219/475/90
f 219/475/91 222/481/91 221/479/91
f 222/481/92 223/483/92 221/479/92
f 224/485/93 225/488/93 223/483/93
f 226/491/94 227/493/94 225/487/94
f 228/495/95 229/497/95 227/493/95
f 229/497/96 232/503/96 231/501/96
f 232/503/97 233/505/97 231/501/97
f 233/505/98 236/511/98 235/509/98
f 236/511/99 237/513/99 235/509/99
f 238/515/100 239/517/100 237/513/100
f 239/518/101 242/525/101 241/523/101
f 242/525/102 243/527/102 241/523/102
f 244/529/103 245/531/103 243/527/103
f 245/531/104 248/538/104 247/535/104
f 216/470/105 234/508/105 226/492/105
f 215/466/106 231/502/106 239/519/106
f 215/467/107 248/540/107 216/468/107
f 250/544/108 251/547/108 249/541/108
f 252/549/109 253/551/109 251/547/109
f 253/551/110 256/557/110 255/555/110
f 256/557/111 257/559/111 255/555/111
f 258/561/112 259/563/112 257/559/112
f 259/563/113 262/570/113 261/567/113
f 261/568/114 264/575/114 263/573/114
f 264/575/115 265/577/115 263/573/115
f 266/579/116 267/581/116 265/577/116
f 267/581/117 270/587/117 269/585/117
f 270/587/118 271/589/118 269/585/118
f 271/589/119 274/595/119 273/593/119
f 274/595/120 275/597/120 273/593/120
f 275/598/121 278/605/121 277/603/121
f 278/605/122 279/607/122 277/603/122
f 279/607/123 282/614/123 281/611/123
f 250/545/124 268/584/124 260/566/124
f 249/543/125 265/578/125 273/594/125
f 281/613/126 250/546/126 249/542/126
f 284/621/127 285/623/127 283/617/127
f 286/625/128 287/627/128 285/623/128
f 287/627/129 290/634/129 289/631/129
f 290/635/130 291/637/130 289/632/130
f 291/637/131 294/643/131 293/641/131
f 294/643/132 295/645/132 293/641/132
f 296/647/133 297/649/133 295/645/133
f 298/651/134 299/653/134 297/649/134
f 299/653/135 302/659/135 301/657/135
f 302/659/136 303/661/136 301/657/136
f 303/661/137 306/668/137 305/665/137
f 305/666/138 308/673/138 307/671/138
f 307/671/139 310/677/139 309/675/139
f 309/675/140 312/681/140 311/679/140
f 312/681/141 313/683/141 311/679/141
f 314/685/142 315/687/142 313/683/142
f 284/622/143 302/660/143 294/644/143
f 283/618/144 299/654/144 307/672/144
f 283/619/145 316/692/145 284/620/145
f 318/696/146 319/699/146 317/693/146
f 320/701/147 321/703/147 319/699/147
f 322/705/148 323/707/148 321/703/148
f 323/707/149 326/713/149 325/711/149
f 325/711/150 328/718/150 327/715/150
f 327/716/151 330/723/151 329/721/151
f 330/723/152 331/725/152 329/721/152
f 332/728/153 333/730/153 331/726/153
f 333/730/154 336/734/154 335/733/154
f 336/734/155 337/736/155 335/733/155
f 338/737/156 339/740/156 337/736/156
f 339/739/157 342/746/157 341/744/157
f 342/746/158 343/748/158 341/744/158
f 343/748/159 346/754/159 345/752/159
f 346/754/160 347/756/160 345/752/160
f 348/758/161 349/760/161 347/756/161
f 318/697/162 336/735/162 328/720/162
f 317/695/163 333/730/163 341/745/163
f 349/762/164 318/698/164 317/694/164
f 352/769/165 353/772/165 351/766/165
f 354/774/166 355/776/166 353/772/166
f 356/778/167 357/780/167 355/776/167
f 358/782/168 359/784/168 357/780/168
f 359/784/169 362/790/169 361/788/169
f 362/790/170 363/793/170 361/788/170
f 364/796/171 365/798/171 363/792/171
f 365/798/172 368/804/172 367/802/172
f 368/804/173 369/806/173 367/802/173
f 370/808/174 371/810/174 369/806/174
f 372/812/175 373/814/175 371/810/175
f 374/816/176 375/818/176 373/814/176
f 375/818/177 378/825/177 377/822/177
f 377/823/178 380/830/178 379/828/178
f 380/830/179 381/832/179 379/828/179
f 382/834/180 383/836/180 381/832/180
f 352/770/181 370/809/181 362/791/181
f 351/768/182 367/803/182 375/819/182
f 383/838/183 352/771/183 351/767/183
f 386/845/184 387/848/184 385/842/184
f 388/850/185 389/852/185 387/848/185
f 389/852/186 392/858/186 391/856/186
f 392/858/187 393/860/187 391/856/187
f 394/862/188 395/864/188 393/860/188
f 395/865/189 398/872/189 397/870/189
f 398/872/190 399/874/190 397/870/190
f 400/876/191 401/878/191 399/874/191
f 402/880/192 403/882/192 401/878/192
f 404/884/193 405/886/193 403/882/193
f 405/886/194 408/892/194 407/890/194
f 407/890/195 410/897/195 409/894/195
f 409/895/196 412/902/196 411/900/196
f 411/900/197 414/906/197 413/904/197
f 414/906/198 415/908/198 413/904/198
f 416/910/199 417/912/199 415/908/199
f 386/846/200 404/885/200 396/869/200
f 385/844/201 401/879/201 409/896/201
f 417/914/202 386/847/202 385/843/202
f 420/922/203 421/924/203 419/918/203
f 421/924/204 424/930/204 423/928/204
f 424/930/205 425/932/205 423/928/205
f 425/932/206 428/938/206 427/936/206
f 428/938/207 429/941/207 427/936/207
f 430/944/208 431/946/208 429/940/208
f 432/948/209 433/950/209 431/946/209
f 433/950/210 436/956/210 435/954/210
f 436/956/211 437/958/211 435/954/211
f 437/958/212 440/964/212 439/962/212
f 439/962/213 442/968/213 441/966/213
f 441/966/214 444/973/214 443/970/214
f 444/974/215 445/976/215 443/971/215
f 446/978/216 447/980/216 445/976/216
f 448/982/217 449/984/217 447/980/217
f 449/984/218 452/991/218 451/988/218
f 420/923/219 438/961/219 430/945/219
f 419/919/220 435/955/220 443/972/220
f 419/920/221 452/993/221 420/921/221
f 454/998/222 455/1000/222 453/994/222
f 456/1002/223 457/1004/223 455/1000/223
f 458/1006/224 459/1008/224 457/1004/224
f 460/1010/225 461/1012/225 459/1008/225
f 462/1014/226 463/1016/226 461/1012/226
f 463/1016/227 466/1022/227 465/1020/227
f 466/1022/228 467/1025/228 465/1020/228
f 468/1028/229 469/1030/229 467/1024/229
f 470/1032/230 471/1034/230 469/1030/230
f 472/1036/231 473/1038/231 471/1034/231
f 473/1038/232 476/1044/232 475/1042/232
f 476/1044/233 477/1046/233 475/1042/233
f 478/1048/234 479/1050/234 477/1046/234
f 479/1050/235 482/1057/235 481/1054/235
f 481/1055/236 484/1062/236 483/1060/236
f 483/1060/237 486/1067/237 485/1064/237
f 454/999/238 472/1037/238 464/1019/238
f 453/995/239 469/1031/239 477/1047/239
f 453/996/240 486/1069/240 454/997/240
f 487/1071/241 490/1078/241 489/1076/241
f 490/1078/242 491/1080/242 489/1076/242
f 492/1082/243 493/1084/243 491/1080/243
f 494/1086/244 495/1088/244 493/1084/244
f 495/1088/245 498/1094/245 497/1092/245
f 498/1094/246 499/1097/246 497/1092/246
f 500/1100/247 501/1102/247 499/1096/247
f 502/1104/248 503/1106/248 501/1102/248
f 504/1108/249 505/1110/249 503/1106/249
f 505/1110/250 508/1116/250 507/1114/250
f 507/1114/251 510/1120/251 509/1118/251
f 509/1118/252 512/1124/252 511/1122/252
f 511/1122/253 514/1129/253 513/1126/253
f 513/1127/254 516/1134/254 515/1132/254
f 516/1134/255 517/1136/255 515/1132/255
f 518/1138/256 519/1140/256 517/1136/256
f 488/1074/257 506/1113/257 498/1095/257
f 487/1072/258 503/1107/258 511/1123/258
f 519/1142/259 488/1075/259 487/1070/259
f 522/1149/260 523/1152/260 521/1146/260
f 524/1154/261 525/1156/261 523/1152/261
f 526/1158/262 527/1160/262 525/1156/262
f 528/1162/263 529/1164/263 527/1160/263
f 530/1166/264 531/1168/264 529/1164/264
f 532/1170/265 533/1172/265 531/1168/265
f 533/1172/266 536/1179/266 535/1176/266
f 535/1177/267 538/1184/267 537/1182/267
f 538/1184/268 539/1186/268 537/1182/268
f 540/1188/269 541/1190/269 539/1186/269
f 541/1190/270 544/1196/270 543/1194/270
f 543/1194/271 546/1200/271 545/1198/271
f 546/1200/272 547/1202/272 545/1198/272
f 548/1204/273 549/1206/273 547/1202/273
f 549/1207/274 552/1214/274 551/1212/274
f 551/1212/275 554/1219/275 553/1216/275
f 522/1150/276 540/1189/276 532/1171/276
f 521/1148/277 537/1183/277 545/1199/277
f 553/1218/278 522/1151/278 521/1147/278
f 555/1223/279 558/1230/279 557/1228/279
f 557/1228/280 560/1235/280 559/1232/280
f 559/1233/281 562/1240/281 561/1238/281
f 562/1240/282 563/1242/282 561/1238/282
f 563/1242/283 566/1248/283 565/1246/283
f 565/1246/284 568/1252/284 567/1250/284
f 568/1252/285 569/1254/285 567/1250/285
f 569/1254/286 572/1260/286 571/1258/286
f 572/1260/287 573/1262/287 571/1258/287
f 574/1264/288 575/1266/288 573/1262/288
f 575/1267/289 578/1274/289 577/1272/289
f 578/1274/290 579/1276/290 577/1272/290
f 579/1276/291 582/1282/291 581/1280/291
f 581/1280/292 584/1286/292 583/1284/292
f 584/1286/293 585/1288/293 583/1284/293
f 585/1288/294 588/1295/294 587/1292/294
f 556/1226/295 574/1265/295 566/1249/295
f 555/1224/296 571/1259/296 579/1277/296
f 587/1294/297 556/1227/297 555/1222/297
f 590/1301/298 591/1304/298 589/1298/298
f 592/1306/299 593/1308/299 591/1304/299
f 593/1308/300 596/1314/300 595/1312/300
f 596/1314/301 597/1316/301 595/1312/301
f 597/1316/302 600/1323/302 599/1320/302
f 599/1321/303 602/1328/303 601/1326/303
f 602/1328/304 603/1330/304 601/1326/304
f 604/1332/305 605/1334/305 603/1330/305
f 606/1336/306 607/1338/306 605/1334/306
f 608/1341/307 609/1343/307 607/1339/307
f 609/1343/308 612/1347/308 611/1346/308
f 611/1346/309 614/1351/309 613/1350/309
f 613/1349/310 616/1356/310 615/1354/310
f 615/1354/311 618/1360/311 617/1358/311
f 618/1360/312 619/1362/312 617/1358/312
f 619/1362/313 622/1369/313 621/1366/313
f 590/1302/314 608/1342/314 600/1325/314
f 589/1300/315 605/1335/315 613/1350/315
f 621/1368/316 590/1303/316 589/1299/316
f 623/1372/317 626/1380/317 625/1378/317
f 626/1380/318 627/1382/318 625/1378/318
f 628/1384/319 629/1386/319 627/1382/319
f 629/1386/320 632/1392/320 631/1390/320
f 631/1390/321 634/1396/321 633/1394/321
f 634/1396/322 635/1398/322 633/1394/322
f 635/1398/323 638/1405/323 637/1402/323
f 638/1406/324 639/1408/324 637/1403/324
f 639/1408/325 642/1414/325 641/1412/325
f 641/1412/326 644/1418/326 643/1416/326
f 643/1416/327 646/1422/327 645/1420/327
f 646/1422/328 647/1424/328 645/1420/328
f 648/1426/329 649/1428/329 647/1424/329
f 650/1430/330 651/1433/330 649/1428/330
f 652/1436/331 653/1438/331 651/1432/331
f 654/1440/332 655/1442/332 653/1438/332
f 624/1377/333 642/1415/333 634/1397/333
f 623/1373/334 639/1409/334 647/1425/334
f 623/1374/335 656/1447/335 624/1375/335
f 658/1451/336 659/1454/336 657/1448/336
f 660/1456/337 661/1458/337 659/1454/337
f 662/1460/338 663/1462/338 661/1458/338
f 663/1462/339 666/1468/339 665/1466/339
f 666/1468/340 667/1471/340 665/1466/340
f 668/1474/341 669/1476/341 667/1470/341
f 669/1476/342 672/1482/342 671/1480/342
f 672/1482/343 673/1484/343 671/1480/343
f 673/1484/344 676/1490/344 675/1488/344
f 676/1490/345 677/1492/345 675/1488/345
f 677/1492/346 680/1498/346 679/1496/346
f 680/1498/347 681/1500/347 679/1496/347
f 681/1501/348 684/1508/348 683/1506/348
f 683/1506/349 686/1512/349 685/1510/349
f 685/1510/350 688/1516/350 687/1514/350
f 687/1514/351 690/1521/351 689/1518/351
f 658/1452/352 676/1491/352 668/1475/352
f 657/1450/353 673/1485/353 681/1502/353
f 689/1520/354 658/1453/354 657/1449/354
f 692/1527/355 693/1530/355 691/1524/355
f 693/1530/356 696/1536/356 695/1534/356
f 696/1536/357 697/1538/357 695/1534/357
f 697/1539/358 700/1546/358 699/1544/358
f 700/1546/359 701/1548/359 699/1544/359
f 702/1550/360 703/1552/360 701/1548/360
f 703/1552/361 706/1558/361 705/1556/361
f 705/1556/362 708/1562/362 707/1560/362
f 707/1560/363 710/1566/363 709/1564/363
f 710/1566/364 711/1568/364 709/1564/364
f 711/1569/365 714/1576/365 713/1574/365
f 714/1576/366 715/1578/366 713/1574/366
f 715/1578/367 718/1584/367 717/1582/367
f 718/1584/368 719/1586/368 717/1582/368
f 719/1586/369 722/1592/369 721/1590/369
f 722/1592/370 723/1594/370 721/1590/370
f 692/1528/371 710/1567/371 702/1551/371
f 691/1526/372 707/1561/372 715/1579/372
f 723/1596/373 692/1529/373 691/1525/373
f 726/1603/374 727/1606/374 725/1600/374
f 727/1606/375 730/1612/375 729/1610/375
f 730/1612/376 731/1614/376 729/1610/376
f 731/1614/377 734/1621/377 733/1618/377
f 734/1622/378 735/1624/378 733/1619/378
f 735/1624/379 738/1630/379 737/1628/379
f 738/1630/380 739/1632/380 737/1628/380
f 739/1632/381 742/1638/381 741/1636/381
f 742/1638/382 743/1640/382 741/1636/382
f 743/1640/383 746/1646/383 745/1644/383
f 745/1644/384 748/1650/384 747/1648/384
f 748/1650/385 749/1653/385 747/1648/385
f 750/1656/386 751/1658/386 749/1652/386
f 751/1658/387 754/1664/387 753/1662/387
f 754/1664/388 755/1666/388 753/1662/388
f 755/1666/389 758/1673/389 757/1670/389
f 726/1604/390 744/1643/390 736/1627/390
f 725/1602/391 741/1637/391 749/1654/391
f 757/1672/392 726/1605/392 725/1601/392
f 2/4/1 4/9/1 3/7/1
f 4/9/2 6/13/2 5/11/2
f 6/13/3 8/17/3 7/15/3
f 8/17/4 10/22/4 9/20/4
f 10/23/5 12/27/5 11/25/5
f 12/27/6 14/31/6 13/29/6
f 14/31/7 16/35/7 15/33/7
f 16/35/8 18/39/8 17/37/8
f 18/39/9 20/43/9 19/41/9
f 20/43/10 22/47/10 21/45/10
f 22/47/11 24/52/11 23/50/11
f 24/53/12 26/57/12 25/55/12
f 26/57/13 28/61/13 27/59/13
f 28/61/14 30/65/14 29/63/14
f 30/65/15 32/69/15 31/67/15
f 32/69/16 34/74/16 33/71/16
f 6/14/17 4/10/17 2/5/17
f 2/5/17 34/75/17 32/70/17
f 32/70/17 30/66/17 28/62/17
f 28/62/17 26/58/17 24/54/17
f 24/54/17 22/48/17 20/44/17
f 20/44/17 18/40/17 16/36/17
f 16/36/17 14/32/17 12/28/17
f 12/28/17 10/24/17 8/18/17
f 8/18/17 6/14/17 2/5/17
f 2/5/17 32/70/17 28/62/17
f 28/62/17 24/54/17 20/44/17
f 20/44/17 16/36/17 12/28/17
f 12/28/17 8/18/17 2/5/17
f 2/5/17 28/62/17 20/44/17
f 31/68/18 33/72/18 1/3/18
f 1/3/18 3/8/18 5/12/18
f 5/12/18 7/16/18 9/21/18
f 9/21/18 11/26/18 13/30/18
f 13/30/18 15/34/18 17/38/18
f 17/38/18 19/42/18 21/46/18
f 21/46/18 23/51/18 25/56/18
f 25/56/18 27/60/18 29/64/18
f 29/64/18 31/68/18 1/3/18
f 1/3/18 5/12/18 9/21/18
f 9/21/18 13/30/18 17/38/18
f 17/38/18 21/46/18 25/56/18
f 25/56/18 29/64/18 1/3/18
f 1/3/18 9/21/18 17/38/18
f 33/73/19 34/76/19 2/6/19
f 54/118/20 58/124/20 37/82/20
f 70/145/21 74/153/21 45/100/21
f 66/138/22 64/134/22 42/93/22
f 45/101/23 95/197/23 96/199/23
f 58/125/24 56/122/24 38/84/24
f 35/77/25 40/88/25 60/128/25
f 64/135/26 60/128/26 40/88/26
f 43/95/27 36/79/27 52/116/27
f 49/108/28 47/104/28 78/160/28
f 50/110/29 49/108/29 82/168/29
f 62/131/30 39/86/30 48/106/30
f 72/148/31 68/142/31 44/97/31
f 62/131/32 66/138/32 41/90/32
f 74/152/33 72/148/33 46/102/33
f 48/106/34 50/111/34 80/164/34
f 47/104/35 44/97/35 68/142/35
f 77/159/23 67/140/23 71/146/23
f 71/146/23 73/149/23 69/143/23
f 69/143/23 51/114/23 55/120/23
f 55/120/23 57/123/23 53/117/23
f 53/117/23 59/127/23 63/133/23
f 63/133/23 65/137/23 61/130/23
f 61/130/23 75/155/23 79/161/23
f 79/161/23 81/166/23 77/159/23
f 77/159/23 71/146/23 69/143/23
f 69/143/23 55/120/23 53/117/23
f 53/117/23 63/133/23 61/130/23
f 61/130/23 79/161/23 77/159/23
f 77/159/23 69/143/23 53/117/23
f 57/123/36 58/126/36 54/119/36
f 55/120/37 56/121/37 58/126/37
f 55/120/38 51/114/38 52/115/38
f 79/162/39 75/154/39 76/156/39
f 79/163/40 80/165/40 82/168/40
f 81/167/41 82/168/41 78/160/41
f 65/137/42 66/139/42 62/132/42
f 65/137/43 63/133/43 64/136/43
f 63/133/44 59/127/44 60/129/44
f 73/150/45 74/153/45 70/145/45
f 73/151/46 71/147/46 72/148/46
f 71/147/47 67/141/47 68/142/47
f 69/144/48 70/145/48 52/116/48
f 59/127/49 53/117/49 54/119/49
f 78/160/50 68/142/50 67/141/50
f 76/157/51 75/155/51 61/130/51
f 56/122/52 52/116/52 36/79/52
f 87/178/34 119/250/34 120/252/34
f 38/85/23 36/80/23 86/176/23
f 46/103/23 97/201/23 95/197/23
f 50/112/23 48/107/23 87/179/23
f 46/103/23 44/98/23 98/203/23
f 49/109/23 50/112/23 88/181/23
f 36/80/23 43/96/23 96/199/23
f 49/109/23 89/183/23 90/185/23
f 40/89/23 35/78/23 84/172/23
f 41/91/23 91/187/23 92/189/23
f 44/98/23 47/105/23 90/185/23
f 42/94/23 93/192/23 91/187/23
f 37/83/23 83/169/23 84/172/23
f 39/87/23 92/189/23 87/179/23
f 42/94/23 40/89/23 94/194/23
f 37/83/23 38/85/23 85/174/23
f 111/233/22 113/236/22 145/309/22
f 97/202/31 98/204/31 130/275/31
f 88/182/29 120/253/29 121/255/29
f 86/177/27 96/200/27 128/271/27
f 89/184/28 121/255/28 122/257/28
f 84/173/25 116/244/25 126/266/25
f 92/190/32 91/188/32 123/259/32
f 90/186/35 122/257/35 130/275/35
f 93/193/22 125/263/22 123/259/22
f 84/173/20 83/170/20 115/242/20
f 92/190/30 124/261/30 119/250/30
f 94/195/26 126/266/26 125/264/26
f 83/171/24 85/175/24 117/246/24
f 96/200/21 95/198/21 127/268/21
f 85/175/52 86/177/52 118/248/52
f 97/202/33 129/273/33 127/269/33
f 99/205/53 100/207/53 116/245/53
f 99/205/53 115/243/53 117/247/53
f 101/209/53 117/247/53 118/249/53
f 104/216/53 120/254/53 119/251/53
f 105/218/53 121/256/53 120/254/53
f 105/218/53 106/221/53 122/258/53
f 107/224/53 108/226/53 124/262/53
f 109/228/53 107/224/53 123/260/53
f 109/228/53 125/265/53 126/267/53
f 111/232/53 112/234/53 128/272/53
f 113/237/53 111/232/53 127/270/53
f 113/237/53 129/274/53 130/276/53
f 102/212/53 118/249/53 128/272/53
f 100/207/53 110/230/53 126/267/53
f 106/221/53 114/239/53 130/276/53
f 108/226/53 103/214/53 119/251/53
f 142/302/53 132/279/53 131/277/53
f 131/277/53 133/282/53 134/284/53
f 134/284/53 144/306/53 143/304/53
f 143/304/53 145/310/53 146/311/53
f 146/311/53 138/293/53 137/291/53
f 137/291/53 136/288/53 135/286/53
f 135/286/53 140/298/53 139/295/53
f 139/295/53 141/300/53 142/302/53
f 142/302/53 131/277/53 134/284/53
f 134/284/53 143/304/53 146/311/53
f 146/311/53 137/291/53 135/286/53
f 135/286/53 139/295/53 142/302/53
f 142/302/53 134/284/53 146/311/53
f 103/215/52 135/287/52 136/289/52
f 113/238/26 114/240/26 146/312/26
f 105/219/24 104/217/24 136/289/24
f 112/235/30 144/307/30 134/285/30
f 106/222/20 105/220/20 137/292/20
f 110/231/35 100/208/35 132/280/35
f 108/227/21 107/225/21 139/296/21
f 106/222/25 138/294/25 146/312/25
f 109/229/33 141/301/33 139/297/33
f 100/208/28 99/206/28 131/278/28
f 103/215/27 108/227/27 140/299/27
f 110/231/31 142/303/31 141/301/31
f 101/210/29 133/283/29 131/278/29
f 111/233/32 143/305/32 144/307/32
f 101/211/34 102/213/34 134/285/34
f 147/313/54 148/317/54 150/321/54
f 150/321/55 152/325/55 151/323/55
f 151/323/56 152/325/56 154/329/56
f 153/327/57 154/329/57 156/333/57
f 155/331/58 156/333/58 158/338/58
f 157/336/59 158/339/59 160/343/59
f 160/343/60 162/347/60 161/345/60
f 161/345/61 162/347/61 164/351/61
f 163/349/62 164/351/62 166/355/62
f 166/355/63 168/359/63 167/357/63
f 167/357/64 168/359/64 170/363/64
f 169/361/65 170/363/65 172/368/65
f 171/366/66 172/369/66 174/373/66
f 173/371/67 174/373/67 176/377/67
f 176/377/68 178/381/68 177/379/68
f 178/381/69 180/386/69 179/383/69
f 152/326/53 150/322/53 148/318/53
f 148/318/53 180/387/53 178/382/53
f 178/382/53 176/378/53 174/374/53
f 174/374/53 172/370/53 170/364/53
f 170/364/53 168/360/53 166/356/53
f 166/356/53 164/352/53 162/348/53
f 162/348/53 160/344/53 158/340/53
f 158/340/53 156/334/53 154/330/53
f 154/330/53 152/326/53 148/318/53
f 148/318/53 178/382/53 174/374/53
f 174/374/53 170/364/53 166/356/53
f 166/356/53 162/348/53 158/340/53
f 158/340/53 154/330/53 148/318/53
f 148/318/53 174/374/53 166/356/53
f 177/380/23 179/384/23 147/314/23
f 147/314/23 149/320/23 151/324/23
f 151/324/23 153/328/23 155/332/23
f 155/332/23 157/337/23 159/342/23
f 159/342/23 161/346/23 163/350/23
f 163/350/23 165/354/23 167/358/23
f 167/358/23 169/362/23 171/367/23
f 171/367/23 173/372/23 175/376/23
f 175/376/23 177/380/23 147/314/23
f 147/314/23 151/324/23 155/332/23
f 155/332/23 159/342/23 163/350/23
f 163/350/23 167/358/23 171/367/23
f 171/367/23 175/376/23 147/314/23
f 147/314/23 155/332/23 163/350/23
f 147/315/35 179/385/35 180/388/35
f 182/393/70 184/397/70 183/395/70
f 184/397/71 186/401/71 185/399/71
f 185/399/72 186/401/72 188/405/72
f 187/403/73 188/405/73 190/410/73
f 190/411/393 192/415/393 191/413/393
f 191/413/75 192/415/75 194/419/75
f 193/417/76 194/419/76 196/423/76
f 196/423/77 198/427/77 197/425/77
f 198/427/78 200/431/78 199/429/78
f 199/429/79 200/431/79 202/435/79
f 202/435/80 204/440/80 203/438/80
f 204/441/81 206/445/81 205/443/81
f 205/443/82 206/445/82 208/449/82
f 208/449/83 210/453/83 209/451/83
f 209/451/84 210/453/84 212/457/84
f 212/457/85 214/462/85 213/459/85
f 186/402/86 184/398/86 182/394/86
f 182/394/86 214/463/86 212/458/86
f 212/458/86 210/454/86 208/450/86
f 208/450/86 206/446/86 204/442/86
f 204/442/86 202/436/86 200/432/86
f 200/432/86 198/428/86 196/424/86
f 196/424/86 194/420/86 192/416/86
f 192/416/86 190/412/86 188/406/86
f 188/406/86 186/402/86 182/394/86
f 182/394/86 212/458/86 208/450/86
f 208/450/86 204/442/86 200/432/86
f 200/432/86 196/424/86 192/416/86
f 192/416/86 188/406/86 182/394/86
f 182/394/86 208/450/86 200/432/86
f 211/456/87 213/460/87 181/390/87
f 181/390/87 183/396/87 185/400/87
f 185/400/87 187/404/87 189/409/87
f 189/409/87 191/414/87 193/418/87
f 193/418/87 195/422/87 197/426/87
f 197/426/87 199/430/87 201/434/87
f 201/434/87 203/439/87 205/444/87
f 205/444/87 207/448/87 209/452/87
f 209/452/87 211/456/87 181/390/87
f 181/390/87 185/400/87 189/409/87
f 189/409/87 193/418/87 197/426/87
f 197/426/87 201/434/87 205/444/87
f 205/444/87 209/452/87 181/390/87
f 181/390/87 189/409/87 197/426/87
f 181/391/88 213/461/88 214/464/88
f 216/469/89 218/473/89 217/471/89
f 217/471/90 218/473/90 220/477/90
f 219/475/91 220/477/91 222/481/91
f 222/481/92 224/485/92 223/483/92
f 224/485/93 226/490/93 225/488/93
f 226/491/394 228/495/394 227/493/394
f 228/495/95 230/499/95 229/497/95
f 229/497/96 230/499/96 232/503/96
f 232/503/97 234/507/97 233/505/97
f 233/505/98 234/507/98 236/511/98
f 236/511/99 238/515/99 237/513/99
f 238/515/100 240/520/100 239/517/100
f 239/518/101 240/521/101 242/525/101
f 242/525/102 244/529/102 243/527/102
f 244/529/103 246/533/103 245/531/103
f 245/531/104 246/533/104 248/538/104
f 220/478/105 218/474/105 216/470/105
f 216/470/105 248/539/105 246/534/105
f 246/534/105 244/530/105 242/526/105
f 242/526/395 240/522/395 238/516/395
f 238/516/105 236/512/105 234/508/105
f 234/508/105 232/504/105 230/500/105
f 230/500/105 228/496/105 226/492/105
f 226/492/105 224/486/105 222/482/105
f 222/482/105 220/478/105 216/470/105
f 216/470/105 246/534/105 242/526/105
f 242/526/105 238/516/105 234/508/105
f 234/508/105 230/500/105 226/492/105
f 226/492/105 222/482/105 216/470/105
f 216/470/105 242/526/105 234/508/105
f 245/532/106 247/536/106 215/466/106
f 215/466/106 217/472/106 219/476/106
f 219/476/106 221/480/106 223/484/106
f 223/484/106 225/489/106 227/494/106
f 227/494/106 229/498/106 231/502/106
f 231/502/396 233/506/396 235/510/396
f 235/510/106 237/514/106 239/519/106
f 239/519/106 241/524/106 243/528/106
f 243/528/106 245/532/106 215/466/106
f 215/466/106 219/476/106 223/484/106
f 223/484/106 227/494/106 231/502/106
f 231/502/106 235/510/106 239/519/106
f 239/519/106 243/528/106 215/466/106
f 215/466/106 223/484/106 231/502/106
f 215/467/107 247/537/107 248/540/107
f 250/544/108 252/549/108 251/547/108
f 252/549/109 254/553/109 253/551/109
f 253/551/110 254/553/110 256/557/110
f 256/557/111 258/561/111 257/559/111
f 258/561/112 260/565/112 259/563/112
f 259/563/113 260/565/113 262/570/113
f 261/568/114 262/571/114 264/575/114
f 264/575/115 266/579/115 265/577/115
f 266/579/116 268/583/116 267/581/116
f 267/581/117 268/583/117 270/587/117
f 270/587/118 272/591/118 271/589/118
f 271/589/119 272/591/119 274/595/119
f 274/595/120 276/600/120 275/597/120
f 275/598/121 276/601/121 278/605/121
f 278/605/122 280/609/122 279/607/122
f 279/607/123 280/609/123 282/614/123
f 254/554/124 252/550/124 250/545/124
f 250/545/124 282/615/124 280/610/124
f 280/610/397 278/606/397 276/602/397
f 276/602/124 274/596/124 272/592/124
f 272/592/397 270/588/397 268/584/397
f 268/584/397 266/580/397 264/576/397
f 264/576/124 262/572/124 260/566/124
f 260/566/124 258/562/124 256/558/124
f 256/558/124 254/554/124 250/545/124
f 250/545/124 280/610/124 276/602/124
f 276/602/124 272/592/124 268/584/124
f 268/584/124 264/576/124 260/566/124
f 260/566/124 256/558/124 250/545/124
f 250/545/124 276/602/124 268/584/124
f 279/608/125 281/612/125 249/543/125
f 249/543/125 251/548/125 253/552/125
f 253/552/125 255/556/125 257/560/125
f 257/560/125 259/564/125 261/569/125
f 261/569/125 263/574/125 265/578/125
f 265/578/125 267/582/125 269/586/125
f 269/586/125 271/590/125 273/594/125
f 273/594/398 275/599/398 277/604/398
f 277/604/125 279/608/125 249/543/125
f 249/543/125 253/552/125 257/560/125
f 257/560/125 261/569/125 265/578/125
f 265/578/125 269/586/125 273/594/125
f 273/594/125 277/604/125 249/543/125
f 249/543/125 257/560/125 265/578/125
f 281/613/126 282/616/126 250/546/126
f 284/621/127 286/625/127 285/623/127
f 286/625/128 288/629/128 287/627/128
f 287/627/129 288/629/129 290/634/129
f 290/635/399 292/639/399 291/637/399
f 291/637/131 292/639/131 294/643/131
f 294/643/132 296/647/132 295/645/132
f 296/647/133 298/651/133 297/649/133
f 298/651/134 300/655/134 299/653/134
f 299/653/135 300/655/135 302/659/135
f 302/659/136 304/663/136 303/661/136
f 303/661/137 304/663/137 306/668/137
f 305/666/138 306/669/138 308/673/138
f 307/671/139 308/673/139 310/677/139
f 309/675/140 310/677/140 312/681/140
f 312/681/141 314/685/141 313/683/141
f 314/685/142 316/690/142 315/687/142
f 288/630/143 286/626/143 284/622/143
f 284/622/143 316/691/143 314/686/143
f 314/686/143 312/682/143 310/678/143
f 310/678/143 308/674/143 306/670/143
f 306/670/143 304/664/143 302/660/143
f 302/660/143 300/656/143 298/652/143
f 298/652/143 296/648/143 294/644/143
f 294/644/143 292/640/143 290/636/143
f 290/636/143 288/630/143 284/622/143
f 284/622/143 314/686/143 310/678/143
f 310/678/143 306/670/143 302/660/143
f 302/660/143 298/652/143 294/644/143
f 294/644/143 290/636/143 284/622/143
f 284/622/143 310/678/143 302/660/143
f 313/684/144 315/688/144 283/618/144
f 283/618/144 285/624/144 287/628/144
f 287/628/144 289/633/144 291/638/144
f 291/638/144 293/642/144 295/646/144
f 295/646/144 297/650/144 299/654/144
f 299/654/144 301/658/144 303/662/144
f 303/662/144 305/667/144 307/672/144
f 307/672/144 309/676/144 311/680/144
f 311/680/144 313/684/144 283/618/144
f 283/618/144 287/628/144 291/638/144
f 291/638/144 295/646/144 299/654/144
f 299/654/144 303/662/144 307/672/144
f 307/672/144 311/680/144 283/618/144
f 283/618/144 291/638/144 299/654/144
f 283/619/145 315/689/145 316/692/145
f 318/696/146 320/701/146 319/699/146
f 320/701/147 322/705/147 321/703/147
f 322/705/148 324/709/148 323/707/148
f 323/707/149 324/709/149 326/713/149
f 325/711/150 326/713/150 328/718/150
f 327/716/151 328/719/151 330/723/151
f 330/723/152 332/727/152 331/725/152
f 332/728/153 334/731/153 333/730/153
f 333/730/154 334/731/154 336/734/154
f 336/734/155 338/737/155 337/736/155
f 338/737/156 340/741/156 339/740/156
f 339/739/157 340/742/157 342/746/157
f 342/746/158 344/750/158 343/748/158
f 343/748/159 344/750/159 346/754/159
f 346/754/160 348/758/160 347/756/160
f 348/758/161 350/763/161 349/760/161
f 322/706/162 320/702/162 318/697/162
f 318/697/162 350/764/162 348/759/162
f 348/759/162 346/755/162 344/751/162
f 344/751/162 342/747/162 340/743/162
f 340/743/162 338/738/162 336/735/162
f 336/735/162 334/732/162 332/729/162
f 332/729/162 330/724/162 328/720/162
f 328/720/162 326/714/162 324/710/162
f 324/710/162 322/706/162 318/697/162
f 318/697/162 348/759/162 344/751/162
f 344/751/162 340/743/162 336/735/162
f 336/735/162 332/729/162 328/720/162
f 328/720/162 324/710/162 318/697/162
f 318/697/162 344/751/162 336/735/162
f 347/757/163 349/761/163 317/695/163
f 317/695/400 319/700/400 321/704/400
f 321/704/163 323/708/163 325/712/163
f 325/712/163 327/717/163 329/722/163
f 329/722/401 331/726/401 333/730/401
f 333/730/163 335/733/163 337/736/163
f 337/736/163 339/740/163 341/745/163
f 341/745/163 343/749/163 345/753/163
f 345/753/163 347/757/163 317/695/163
f 317/695/163 321/704/163 325/712/163
f 325/712/163 329/722/163 333/730/163
f 333/730/163 337/736/163 341/745/163
f 341/745/163 345/753/163 317/695/163
f 317/695/163 325/712/163 333/730/163
f 349/762/164 350/765/164 318/698/164
f 352/769/165 354/774/165 353/772/165
f 354/774/166 356/778/166 355/776/166
f 356/778/167 358/782/167 357/780/167
f 358/782/168 360/786/168 359/784/168
f 359/784/169 360/786/169 362/790/169
f 362/790/170 364/795/170 363/793/170
f 364/796/171 366/800/171 365/798/171
f 365/798/172 366/800/172 368/804/172
f 368/804/173 370/808/173 369/806/173
f 370/808/174 372/812/174 371/810/174
f 372/812/175 374/816/175 373/814/175
f 374/816/176 376/820/176 375/818/176
f 375/818/177 376/820/177 378/825/177
f 377/823/178 378/826/178 380/830/178
f 380/830/179 382/834/179 381/832/179
f 382/834/180 384/839/180 383/836/180
f 356/779/181 354/775/181 352/770/181
f 352/770/181 384/840/181 382/835/181
f 382/835/181 380/831/181 378/827/181
f 378/827/181 376/821/181 374/817/181
f 374/817/181 372/813/181 370/809/181
f 370/809/181 368/805/181 366/801/181
f 366/801/181 364/797/181 362/791/181
f 362/791/181 360/787/181 358/783/181
f 358/783/181 356/779/181 352/770/181
f 352/770/181 382/835/181 378/827/181
f 378/827/181 374/817/181 370/809/181
f 370/809/181 366/801/181 362/791/181
f 362/791/181 358/783/181 352/770/181
f 352/770/181 378/827/181 370/809/181
f 381/833/182 383/837/182 351/768/182
f 351/768/182 353/773/182 355/777/182
f 355/777/182 357/781/182 359/785/182
f 359/785/182 361/789/182 363/794/182
f 363/794/182 365/799/182 367/803/182
f 367/803/182 369/807/182 371/811/182
f 371/811/182 373/815/182 375/819/182
f 375/819/182 377/824/182 379/829/182
f 379/829/182 381/833/182 351/768/182
f 351/768/182 355/777/182 359/785/182
f 359/785/182 363/794/182 367/803/182
f 367/803/182 371/811/182 375/819/182
f 375/819/182 379/829/182 351/768/182
f 351/768/182 359/785/182 367/803/182
f 383/838/183 384/841/183 352/771/183
f 386/845/184 388/850/184 387/848/184
f 388/850/185 390/854/185 389/852/185
f 389/852/186 390/854/186 392/858/186
f 392/858/187 394/862/187 393/860/187
f 394/862/188 396/867/188 395/864/188
f 395/865/189 396/868/189 398/872/189
f 398/872/190 400/876/190 399/874/190
f 400/876/191 402/880/191 401/878/191
f 402/880/192 404/884/192 403/882/192
f 404/884/193 406/888/193 405/886/193
f 405/886/194 406/888/194 408/892/194
f 407/890/195 408/892/195 410/897/195
f 409/895/196 410/898/196 412/902/196
f 411/900/197 412/902/197 414/906/197
f 414/906/198 416/910/198 415/908/198
f 416/910/199 418/915/199 417/912/199
f 390/855/200 388/851/200 386/846/200
f 386/846/200 418/916/200 416/911/200
f 416/911/200 414/907/200 412/903/200
f 412/903/200 410/899/200 408/893/200
f 408/893/200 406/889/200 404/885/200
f 404/885/200 402/881/200 400/877/200
f 400/877/200 398/873/200 396/869/200
f 396/869/200 394/863/200 392/859/200
f 392/859/200 390/855/200 386/846/200
f 386/846/200 416/911/200 412/903/200
f 412/903/200 408/893/200 404/885/200
f 404/885/200 400/877/200 396/869/200
f 396/869/200 392/859/200 386/846/200
f 386/846/200 412/903/200 404/885/200
f 415/909/201 417/913/201 385/844/201
f 385/844/201 387/849/201 389/853/201
f 389/853/201 391/857/201 393/861/201
f 393/861/201 395/866/201 397/871/201
f 397/871/201 399/875/201 401/879/201
f 401/879/201 403/883/201 405/887/201
f 405/887/201 407/891/201 409/896/201
f 409/896/201 411/901/201 413/905/201
f 413/905/201 415/909/201 385/844/201
f 385/844/201 389/853/201 393/861/201
f 393/861/201 397/871/201 401/879/201
f 401/879/201 405/887/201 409/896/201
f 409/896/201 413/905/201 385/844/201
f 385/844/201 393/861/201 401/879/201
f 417/914/202 418/917/202 386/847/202
f 420/922/203 422/926/203 421/924/203
f 421/924/204 422/926/204 424/930/204
f 424/930/205 426/934/205 425/932/205
f 425/932/206 426/934/206 428/938/206
f 428/938/207 430/943/207 429/941/207
f 430/944/208 432/948/208 431/946/208
f 432/948/209 434/952/209 433/950/209
f 433/950/210 434/952/210 436/956/210
f 436/956/211 438/960/211 437/958/211
f 437/958/212 438/960/212 440/964/212
f 439/962/213 440/964/213 442/968/213
f 441/966/214 442/968/214 444/973/214
f 444/974/215 446/978/215 445/976/215
f 446/978/216 448/982/216 447/980/216
f 448/982/217 450/986/217 449/984/217
f 449/984/218 450/986/218 452/991/218
f 424/931/219 422/927/219 420/923/219
f 420/923/219 452/992/219 450/987/219
f 450/987/219 448/983/219 446/979/219
f 446/979/219 444/975/219 442/969/219
f 442/969/219 440/965/219 438/961/219
f 438/961/219 436/957/219 434/953/219
f 434/953/219 432/949/219 430/945/219
f 430/945/219 428/939/219 426/935/219
f 426/935/219 424/931/219 420/923/219
f 420/923/219 450/987/219 446/979/219
f 446/979/219 442/969/219 438/961/219
f 438/961/219 434/953/219 430/945/219
f 430/945/219 426/935/219 420/923/219
f 420/923/219 446/979/219 438/961/219
f 449/985/220 451/989/220 419/919/220
f 419/919/220 421/925/220 423/929/220
f 423/929/220 425/933/220 427/937/220
f 427/937/220 429/942/220 431/947/220
f 431/947/220 433/951/220 435/955/220
f 435/955/402 437/959/402 439/963/402
f 439/963/220 441/967/220 443/972/220
f 443/972/220 445/977/220 447/981/220
f 447/981/220 449/985/220 419/919/220
f 419/919/220 423/929/220 427/937/220
f 427/937/220 431/947/220 435/955/220
f 435/955/220 439/963/220 443/972/220
f 443/972/220 447/981/220 419/919/220
f 419/919/220 427/937/220 435/955/220
f 419/920/221 451/990/221 452/993/221
f 454/998/222 456/1002/222 455/1000/222
f 456/1002/223 458/1006/223 457/1004/223
f 458/1006/224 460/1010/224 459/1008/224
f 460/1010/225 462/1014/225 461/1012/225
f 462/1014/226 464/1018/226 463/1016/226
f 463/1016/227 464/1018/227 466/1022/227
f 466/1022/228 468/1027/228 467/1025/228
f 468/1028/229 470/1032/229 469/1030/229
f 470/1032/230 472/1036/230 471/1034/230
f 472/1036/231 474/1040/231 473/1038/231
f 473/1038/232 474/1040/232 476/1044/232
f 476/1044/233 478/1048/233 477/1046/233
f 478/1048/234 480/1052/234 479/1050/234
f 479/1050/235 480/1052/235 482/1057/235
f 481/1055/236 482/1058/236 484/1062/236
f 483/1060/237 484/1062/237 486/1067/237
f 458/1007/238 456/1003/238 454/999/238
f 454/999/238 486/1068/238 484/1063/238
f 484/1063/238 482/1059/238 480/1053/238
f 480/1053/238 478/1049/238 476/1045/238
f 476/1045/238 474/1041/238 472/1037/238
f 472/1037/238 470/1033/238 468/1029/238
f 468/1029/238 466/1023/238 464/1019/238
f 464/1019/238 462/1015/238 460/1011/238
f 460/1011/238 458/1007/238 454/999/238
f 454/999/238 484/1063/238 480/1053/238
f 480/1053/238 476/1045/238 472/1037/238
f 472/1037/238 468/1029/238 464/1019/238
f 464/1019/238 460/1011/238 454/999/238
f 454/999/238 480/1053/238 472/1037/238
f 483/1061/239 485/1065/239 453/995/239
f 453/995/239 455/1001/239 457/1005/239
f 457/1005/239 459/1009/239 461/1013/239
f 461/1013/239 463/1017/239 465/1021/239
f 465/1021/239 467/1026/239 469/1031/239
f 469/1031/239 471/1035/239 473/1039/239
f 473/1039/239 475/1043/239 477/1047/239
f 477/1047/403 479/1051/403 481/1056/403
f 481/1056/239 483/1061/239 453/995/239
f 453/995/239 457/1005/239 461/1013/239
f 461/1013/239 465/1021/239 469/1031/239
f 469/1031/239 473/1039/239 477/1047/239
f 477/1047/239 481/1056/239 453/995/239
f 453/995/239 461/1013/239 469/1031/239
f 453/996/240 485/1066/240 486/1069/240
f 487/1071/241 488/1073/241 490/1078/241
f 490/1078/242 492/1082/242 491/1080/242
f 492/1082/243 494/1086/243 493/1084/243
f 494/1086/244 496/1090/244 495/1088/244
f 495/1088/245 496/1090/245 498/1094/245
f 498/1094/246 500/1099/246 499/1097/246
f 500/1100/247 502/1104/247 501/1102/247
f 502/1104/248 504/1108/248 503/1106/248
f 504/1108/249 506/1112/249 505/1110/249
f 505/1110/250 506/1112/250 508/1116/250
f 507/1114/404 508/1116/404 510/1120/404
f 509/1118/252 510/1120/252 512/1124/252
f 511/1122/253 512/1124/253 514/1129/253
f 513/1127/254 514/1130/254 516/1134/254
f 516/1134/255 518/1138/255 517/1136/255
f 518/1138/256 520/1143/256 519/1140/256
f 492/1083/405 490/1079/405 488/1074/405
f 488/1074/257 520/1144/257 518/1139/257
f 518/1139/257 516/1135/257 514/1131/257
f 514/1131/405 512/1125/405 510/1121/405
f 510/1121/257 508/1117/257 506/1113/257
f 506/1113/405 504/1109/405 502/1105/405
f 502/1105/405 500/1101/405 498/1095/405
f 498/1095/257 496/1091/257 494/1087/257
f 494/1087/257 492/1083/257 488/1074/257
f 488/1074/257 518/1139/257 514/1131/257
f 514/1131/257 510/1121/257 506/1113/257
f 506/1113/257 502/1105/257 498/1095/257
f 498/1095/405 494/1087/405 488/1074/405
f 488/1074/257 514/1131/257 506/1113/257
f 517/1137/258 519/1141/258 487/1072/258
f 487/1072/406 489/1077/406 491/1081/406
f 491/1081/258 493/1085/258 495/1089/258
f 495/1089/406 497/1093/406 499/1098/406
f 499/1098/406 501/1103/406 503/1107/406
f 503/1107/258 505/1111/258 507/1115/258
f 507/1115/406 509/1119/406 511/1123/406
f 511/1123/406 513/1128/406 515/1133/406
f 515/1133/258 517/1137/258 487/1072/258
f 487/1072/406 491/1081/406 495/1089/406
f 495/1089/258 499/1098/258 503/1107/258
f 503/1107/258 507/1115/258 511/1123/258
f 511/1123/258 515/1133/258 487/1072/258
f 487/1072/258 495/1089/258 503/1107/258
f 519/1142/259 520/1145/259 488/1075/259
f 522/1149/260 524/1154/260 523/1152/260
f 524/1154/261 526/1158/261 525/1156/261
f 526/1158/262 528/1162/262 527/1160/262
f 528/1162/263 530/1166/263 529/1164/263
f 530/1166/264 532/1170/264 531/1168/264
f 532/1170/265 534/1174/265 533/1172/265
f 533/1172/266 534/1174/266 536/1179/266
f 535/1177/267 536/1180/267 538/1184/267
f 538/1184/268 540/1188/268 539/1186/268
f 540/1188/269 542/1192/269 541/1190/269
f 541/1190/407 542/1192/407 544/1196/407
f 543/1194/271 544/1196/271 546/1200/271
f 546/1200/272 548/1204/272 547/1202/272
f 548/1204/273 550/1209/273 549/1206/273
f 549/1207/274 550/1210/274 552/1214/274
f 551/1212/275 552/1214/275 554/1219/275
f 526/1159/276 524/1155/276 522/1150/276
f 522/1150/276 554/1220/276 552/1215/276
f 552/1215/276 550/1211/276 548/1205/276
f 548/1205/276 546/1201/276 544/1197/276
f 544/1197/276 542/1193/276 540/1189/276
f 540/1189/276 538/1185/276 536/1181/276
f 536/1181/276 534/1175/276 532/1171/276
f 532/1171/276 530/1167/276 528/1163/276
f 528/1163/276 526/1159/276 522/1150/276
f 522/1150/276 552/1215/276 548/1205/276
f 548/1205/276 544/1197/276 540/1189/276
f 540/1189/276 536/1181/276 532/1171/276
f 532/1171/276 528/1163/276 522/1150/276
f 522/1150/276 548/1205/276 540/1189/276
f 551/1213/277 553/1217/277 521/1148/277
f 521/1148/277 523/1153/277 525/1157/277
f 525/1157/277 527/1161/277 529/1165/277
f 529/1165/277 531/1169/277 533/1173/277
f 533/1173/277 535/1178/277 537/1183/277
f 537/1183/277 539/1187/277 541/1191/277
f 541/1191/277 543/1195/277 545/1199/277
f 545/1199/277 547/1203/277 549/1208/277
f 549/1208/277 551/1213/277 521/1148/277
f 521/1148/277 525/1157/277 529/1165/277
f 529/1165/277 533/1173/277 537/1183/277
f 537/1183/277 541/1191/277 545/1199/277
f 545/1199/277 549/1208/277 521/1148/277
f 521/1148/277 529/1165/277 537/1183/277
f 553/1218/278 554/1221/278 522/1151/278
f 555/1223/279 556/1225/279 558/1230/279
f 557/1228/280 558/1230/280 560/1235/280
f 559/1233/281 560/1236/281 562/1240/281
f 562/1240/282 564/1244/282 563/1242/282
f 563/1242/283 564/1244/283 566/1248/283
f 565/1246/284 566/1248/284 568/1252/284
f 568/1252/285 570/1256/285 569/1254/285
f 569/1254/286 570/1256/286 572/1260/286
f 572/1260/287 574/1264/287 573/1262/287
f 574/1264/288 576/1269/288 575/1266/288
f 575/1267/289 576/1270/289 578/1274/289
f 578/1274/290 580/1278/290 579/1276/290
f 579/1276/291 580/1278/291 582/1282/291
f 581/1280/292 582/1282/292 584/1286/292
f 584/1286/293 586/1290/293 585/1288/293
f 585/1288/294 586/1290/294 588/1295/294
f 560/1237/295 558/1231/295 556/1226/295
f 556/1226/295 588/1296/295 586/1291/295
f 586/1291/295 584/1287/295 582/1283/295
f 582/1283/295 580/1279/295 578/1275/295
f 578/1275/295 576/1271/295 574/1265/295
f 574/1265/295 572/1261/295 570/1257/295
f 570/1257/295 568/1253/295 566/1249/295
f 566/1249/295 564/1245/295 562/1241/295
f 562/1241/295 560/1237/295 556/1226/295
f 556/1226/295 586/1291/295 582/1283/295
f 582/1283/295 578/1275/295 574/1265/295
f 574/1265/295 570/1257/295 566/1249/295
f 566/1249/295 562/1241/295 556/1226/295
f 556/1226/295 582/1283/295 574/1265/295
f 585/1289/296 587/1293/296 555/1224/296
f 555/1224/296 557/1229/296 559/1234/296
f 559/1234/296 561/1239/296 563/1243/296
f 563/1243/296 565/1247/296 567/1251/296
f 567/1251/296 569/1255/296 571/1259/296
f 571/1259/296 573/1263/296 575/1268/296
f 575/1268/408 577/1273/408 579/1277/408
f 579/1277/296 581/1281/296 583/1285/296
f 583/1285/296 585/1289/296 555/1224/296
f 555/1224/296 559/1234/296 563/1243/296
f 563/1243/296 567/1251/296 571/1259/296
f 571/1259/296 575/1268/296 579/1277/296
f 579/1277/296 583/1285/296 555/1224/296
f 555/1224/296 563/1243/296 571/1259/296
f 587/1294/297 588/1297/297 556/1227/297
f 590/1301/298 592/1306/298 591/1304/298
f 592/1306/299 594/1310/299 593/1308/299
f 593/1308/300 594/1310/300 596/1314/300
f 596/1314/301 598/1318/301 597/1316/301
f 597/1316/302 598/1318/302 600/1323/302
f 599/1321/303 600/1324/303 602/1328/303
f 602/1328/304 604/1332/304 603/1330/304
f 604/1332/305 606/1336/305 605/1334/305
f 606/1336/306 608/1340/306 607/1338/306
f 608/1341/307 610/1344/307 609/1343/307
f 609/1343/308 610/1344/308 612/1347/308
f 611/1346/309 612/1347/309 614/1351/309
f 613/1349/310 614/1352/310 616/1356/310
f 615/1354/311 616/1356/311 618/1360/311
f 618/1360/312 620/1364/312 619/1362/312
f 619/1362/313 620/1364/313 622/1369/313
f 594/1311/314 592/1307/314 590/1302/314
f 590/1302/314 622/1370/314 620/1365/314
f 620/1365/314 618/1361/314 616/1357/314
f 616/1357/314 614/1353/314 612/1348/314
f 612/1348/409 610/1345/409 608/1342/409
f 608/1342/314 606/1337/314 604/1333/314
f 604/1333/409 602/1329/409 600/1325/409
f 600/1325/314 598/1319/314 596/1315/314
f 596/1315/314 594/1311/314 590/1302/314
f 590/1302/314 620/1365/314 616/1357/314
f 616/1357/314 612/1348/314 608/1342/314
f 608/1342/314 604/1333/314 600/1325/314
f 600/1325/314 596/1315/314 590/1302/314
f 590/1302/314 616/1357/314 608/1342/314
f 619/1363/315 621/1367/315 589/1300/315
f 589/1300/315 591/1305/315 593/1309/315
f 593/1309/315 595/1313/315 597/1317/315
f 597/1317/315 599/1322/315 601/1327/315
f 601/1327/410 603/1331/410 605/1335/410
f 605/1335/315 607/1339/315 609/1343/315
f 609/1343/410 611/1346/410 613/1350/410
f 613/1350/410 615/1355/410 617/1359/410
f 617/1359/315 619/1363/315 589/1300/315
f 589/1300/315 593/1309/315 597/1317/315
f 597/1317/315 601/1327/315 605/1335/315
f 605/1335/315 609/1343/315 613/1350/315
f 613/1350/315 617/1359/315 589/1300/315
f 589/1300/315 597/1317/315 605/1335/315
f 621/1368/316 622/1371/316 590/1303/316
f 623/1372/317 624/1376/317 626/1380/317
f 626/1380/318 628/1384/318 627/1382/318
f 628/1384/319 630/1388/319 629/1386/319
f 629/1386/320 630/1388/320 632/1392/320
f 631/1390/321 632/1392/321 634/1396/321
f 634/1396/411 636/1400/411 635/1398/411
f 635/1398/412 636/1400/412 638/1405/412
f 638/1406/324 640/1410/324 639/1408/324
f 639/1408/325 640/1410/325 642/1414/325
f 641/1412/326 642/1414/326 644/1418/326
f 643/1416/327 644/1418/327 646/1422/327
f 646/1422/328 648/1426/328 647/1424/328
f 648/1426/329 650/1430/329 649/1428/329
f 650/1430/330 652/1435/330 651/1433/330
f 652/1436/331 654/1440/331 653/1438/331
f 654/1440/332 656/1445/332 655/1442/332
f 628/1385/333 626/1381/333 624/1377/333
f 624/1377/333 656/1446/333 654/1441/333
f 654/1441/413 652/1437/413 650/1431/413
f 650/1431/333 648/1427/333 646/1423/333
f 646/1423/333 644/1419/333 642/1415/333
f 642/1415/413 640/1411/413 638/1407/413
f 638/1407/333 636/1401/333 634/1397/333
f 634/1397/333 632/1393/333 630/1389/333
f 630/1389/333 628/1385/333 624/1377/333
f 624/1377/333 654/1441/333 650/1431/333
f 650/1431/333 646/1423/333 642/1415/333
f 642/1415/333 638/1407/333 634/1397/333
f 634/1397/333 630/1389/333 624/1377/333
f 624/1377/333 650/1431/333 642/1415/333
f 653/1439/334 655/1443/334 623/1373/334
f 623/1373/334 625/1379/334 627/1383/334
f 627/1383/334 629/1387/334 631/1391/334
f 631/1391/334 633/1395/334 635/1399/334
f 635/1399/414 637/1404/414 639/1409/414
f 639/1409/334 641/1413/334 643/1417/334
f 643/1417/334 645/1421/334 647/1425/334
f 647/1425/334 649/1429/334 651/1434/334
f 651/1434/334 653/1439/334 623/1373/334
f 623/1373/334 627/1383/334 631/1391/334
f 631/1391/334 635/1399/334 639/1409/334
f 639/1409/334 643/1417/334 647/1425/334
f 647/1425/334 651/1434/334 623/1373/334
f 623/1373/334 631/1391/334 639/1409/334
f 623/1374/335 655/1444/335 656/1447/335
f 658/1451/336 660/1456/336 659/1454/336
f 660/1456/337 662/1460/337 661/1458/337
f 662/1460/415 664/1464/415 663/1462/415
f 663/1462/339 664/1464/339 666/1468/339
f 666/1468/340 668/1473/340 667/1471/340
f 668/1474/341 670/1478/341 669/1476/341
f 669/1476/342 670/1478/342 672/1482/342
f 672/1482/343 674/1486/343 673/1484/343
f 673/1484/344 674/1486/344 676/1490/344
f 676/1490/345 678/1494/345 677/1492/345
f 677/1492/346 678/1494/346 680/1498/346
f 680/1498/347 682/1503/347 681/1500/347
f 681/1501/348 682/1504/348 684/1508/348
f 683/1506/349 684/1508/349 686/1512/349
f 685/1510/350 686/1512/350 688/1516/350
f 687/1514/351 688/1516/351 690/1521/351
f 662/1461/352 660/1457/352 658/1452/352
f 658/1452/352 690/1522/352 688/1517/352
f 688/1517/352 686/1513/352 684/1509/352
f 684/1509/416 682/1505/416 680/1499/416
f 680/1499/352 678/1495/352 676/1491/352
f 676/1491/417 674/1487/417 672/1483/417
f 672/1483/418 670/1479/418 668/1475/418
f 668/1475/417 666/1469/417 664/1465/417
f 664/1465/417 662/1461/417 658/1452/417
f 658/1452/352 688/1517/352 684/1509/352
f 684/1509/352 680/1499/352 676/1491/352
f 676/1491/352 672/1483/352 668/1475/352
f 668/1475/352 664/1465/352 658/1452/352
f 658/1452/352 684/1509/352 676/1491/352
f 687/1515/353 689/1519/353 657/1450/353
f 657/1450/353 659/1455/353 661/1459/353
f 661/1459/419 663/1463/419 665/1467/419
f 665/1467/420 667/1472/420 669/1477/420
f 669/1477/353 671/1481/353 673/1485/353
f 673/1485/419 675/1489/419 677/1493/419
f 677/1493/419 679/1497/419 681/1502/419
f 681/1502/353 683/1507/353 685/1511/353
f 685/1511/419 687/1515/419 657/1450/419
f 657/1450/353 661/1459/353 665/1467/353
f 665/1467/353 669/1477/353 673/1485/353
f 673/1485/353 677/1493/353 681/1502/353
f 681/1502/353 685/1511/353 657/1450/353
f 657/1450/353 665/1467/353 673/1485/353
f 689/1520/354 690/1523/354 658/1453/354
f 692/1527/355 694/1532/355 693/1530/355
f 693/1530/421 694/1532/421 696/1536/421
f 696/1536/357 698/1541/357 697/1538/357
f 697/1539/358 698/1542/358 700/1546/358
f 700/1546/359 702/1550/359 701/1548/359
f 702/1550/360 704/1554/360 703/1552/360
f 703/1552/361 704/1554/361 706/1558/361
f 705/1556/362 706/1558/362 708/1562/362
f 707/1560/363 708/1562/363 710/1566/363
f 710/1566/364 712/1571/364 711/1568/364
f 711/1569/365 712/1572/365 714/1576/365
f 714/1576/366 716/1580/366 715/1578/366
f 715/1578/367 716/1580/367 718/1584/367
f 718/1584/368 720/1588/368 719/1586/368
f 719/1586/369 720/1588/369 722/1592/369
f 722/1592/370 724/1597/370 723/1594/370
f 696/1537/371 694/1533/371 692/1528/371
f 692/1528/371 724/1598/371 722/1593/371
f 722/1593/371 720/1589/371 718/1585/371
f 718/1585/371 716/1581/371 714/1577/371
f 714/1577/422 712/1573/422 710/1567/422
f 710/1567/371 708/1563/371 706/1559/371
f 706/1559/423 704/1555/423 702/1551/423
f 702/1551/371 700/1547/371 698/1543/371
f 698/1543/371 696/1537/371 692/1528/371
f 692/1528/371 722/1593/371 718/1585/371
f 718/1585/371 714/1577/371 710/1567/371
f 710/1567/371 706/1559/371 702/1551/371
f 702/1551/371 698/1543/371 692/1528/371
f 692/1528/371 718/1585/371 710/1567/371
f 721/1591/372 723/1595/372 691/1526/372
f 691/1526/372 693/1531/372 695/1535/372
f 695/1535/372 697/1540/372 699/1545/372
f 699/1545/372 701/1549/372 703/1553/372
f 703/1553/372 705/1557/372 707/1561/372
f 707/1561/372 709/1565/372 711/1570/372
f 711/1570/372 713/1575/372 715/1579/372
f 715/1579/372 717/1583/372 719/1587/372
f 719/1587/372 721/1591/372 691/1526/372
f 691/1526/372 695/1535/372 699/1545/372
f 699/1545/372 703/1553/372 707/1561/372
f 707/1561/372 711/1570/372 715/1579/372
f 715/1579/372 719/1587/372 691/1526/372
f 691/1526/372 699/1545/372 707/1561/372
f 723/1596/373 724/1599/373 692/1529/373
f 726/1603/374 728/1608/374 727/1606/374
f 727/1606/375 728/1608/375 730/1612/375
f 730/1612/376 732/1616/376 731/1614/376
f 731/1614/377 732/1616/377 734/1621/377
f 734/1622/378 736/1626/378 735/1624/378
f 735/1624/379 736/1626/379 738/1630/379
f 738/1630/380 740/1634/380 739/1632/380
f 739/1632/381 740/1634/381 742/1638/381
f 742/1638/382 744/1642/382 743/1640/382
f 743/1640/383 744/1642/383 746/1646/383
f 745/1644/384 746/1646/384 748/1650/384
f 748/1650/385 750/1655/385 749/1653/385
f 750/1656/386 752/1660/386 751/1658/386
f 751/1658/387 752/1660/387 754/1664/387
f 754/1664/388 756/1668/388 755/1666/388
f 755/1666/389 756/1668/389 758/1673/389
f 730/1613/390 728/1609/390 726/1604/390
f 726/1604/390 758/1674/390 756/1669/390
f 756/1669/390 754/1665/390 752/1661/390
f 752/1661/390 750/1657/390 748/1651/390
f 748/1651/390 746/1647/390 744/1643/390
f 744/1643/390 742/1639/390 740/1635/390
f 740/1635/390 738/1631/390 736/1627/390
f 736/1627/390 734/1623/390 732/1617/390
f 732/1617/390 730/1613/390 726/1604/390
f 726/1604/390 756/1669/390 752/1661/390
f 752/1661/390 748/1651/390 744/1643/390
f 744/1643/390 740/1635/390 736/1627/390
f 736/1627/390 732/1617/390 726/1604/390
f 726/1604/390 752/1661/390 744/1643/390
f 755/1667/391 757/1671/391 725/1602/391
f 725/1602/391 727/1607/391 729/1611/391
f 729/1611/391 731/1615/391 733/1620/391
f 733/1620/391 735/1625/391 737/1629/391
f 737/1629/391 739/1633/391 741/1637/391
f 741/1637/391 743/1641/391 745/1645/391
f 745/1645/391 747/1649/391 749/1654/391
f 749/1654/391 751/1659/391 753/1663/391
f 753/1663/391 755/1667/391 725/1602/391
f 725/1602/391 729/1611/391 733/1620/391
f 733/1620/391 737/1629/391 741/1637/391
f 741/1637/391 745/1645/391 749/1654/391
f 749/1654/391 753/1663/391 725/1602/391
f 725/1602/391 733/1620/391 741/1637/391
f 757/1672/392 758/1675/392 726/1605/392
