# Blender 3.3.1
# www.blender.org
o bier_ablage
v 0.006713 9.292368 1.000000
v 0.006713 9.516361 1.000000
v 0.006713 9.292368 -1.000000
v 0.006713 9.516361 -1.000000
v 6.347130 9.292368 1.000000
v 6.347130 9.516361 1.000000
v 6.347130 9.292368 -1.000000
v 6.347130 9.516361 -1.000000
v 0.267616 9.572845 -0.964105
v 0.484769 9.531500 -0.970184
v 0.608732 9.531485 -0.877926
v 0.506831 9.572955 -0.942772
v 0.684206 9.531520 -0.729804
v 0.657470 9.572845 -0.755724
v 0.663548 9.531500 -0.538571
v 0.571291 9.531485 -0.414607
v 0.636136 9.572955 -0.516509
v 0.423169 9.531515 -0.339131
v 0.449089 9.572845 -0.365870
v 0.231936 9.531500 -0.359792
v 0.107972 9.531485 -0.452049
v 0.209873 9.572955 -0.387204
v 0.032498 9.531520 -0.600171
v 0.059234 9.572845 -0.574251
v 0.053156 9.531500 -0.791404
v 0.145414 9.531485 -0.915368
v 0.080568 9.572955 -0.813466
v 0.293535 9.531515 -0.990844
v 0.299033 9.610308 -0.860537
v 0.456278 9.608677 -0.848194
v 0.553902 9.610308 -0.724307
v 0.417672 9.610308 -0.469438
v 0.260426 9.608677 -0.481781
v 0.162803 9.610308 -0.605668
v 0.175146 9.608677 -0.762913
v 0.524168 9.621762 -0.576357
v 0.354809 9.631579 -0.845206
v 0.444285 9.631770 -0.825757
v 0.514582 9.630517 -0.757170
v 0.537865 9.630703 -0.690255
v 0.548636 9.729542 -0.607266
v 0.443839 9.630981 -0.505053
v 0.361929 9.631580 -0.484771
v 0.272663 9.632390 -0.504675
v 0.198417 9.630981 -0.579501
v 0.178136 9.631580 -0.661410
v 0.198039 9.632390 -0.750677
v 0.272865 9.630981 -0.824922
v 0.337580 10.000206 -0.919243
v 0.478181 9.997424 -0.885103
v 0.585436 9.989502 -0.778260
v 0.600584 9.991485 -0.591507
v 0.517907 10.001652 -0.470569
v 0.376101 9.989502 -0.411842
v 0.212951 9.997886 -0.458679
v 0.122837 9.997886 -0.574229
v 0.115502 10.000206 -0.743096
v 0.200848 9.997424 -0.859930
v 0.298290 10.489786 -0.968060
v 0.447528 10.493095 -0.958538
v 0.553077 10.493095 -0.902067
v 0.643883 10.489786 -0.783022
v 0.661339 10.489786 -0.604497
v 0.576670 10.489786 -0.446361
v 0.418414 10.489786 -0.361915
v 0.269176 10.493095 -0.371437
v 0.163628 10.493095 -0.427908
v 0.063008 10.469287 -0.570476
v 0.063524 10.499377 -0.752142
v 0.140034 10.489786 -0.883614
v 0.305884 11.241638 -0.967968
v 0.483054 11.241636 -0.946056
v 0.597568 11.241643 -0.854385
v 0.661333 11.241638 -0.717456
v 0.639421 11.241635 -0.540286
v 0.522772 11.241638 -0.405149
v 0.382929 11.241644 -0.360863
v 0.233651 11.241635 -0.383919
v 0.098514 11.241636 -0.500568
v 0.054228 11.241644 -0.640411
v 0.077284 11.241636 -0.789689
v 0.099865 11.241982 -0.861075
v 0.384961 11.241646 -0.994254
v 0.536365 11.241643 -0.946308
v 0.677513 11.241638 -0.771711
v 0.668996 11.241644 -0.545277
v 0.525291 11.241638 -0.372781
v 0.301547 11.241643 -0.336958
v 0.153297 11.241646 -0.405995
v 0.054046 11.241644 -0.529977
v 0.030323 11.241644 -0.721794
v 0.231296 11.241645 -0.971729
v 0.325712 9.696568 -0.806804
v 0.473381 9.696554 -0.759389
v 0.492159 9.696592 -0.609563
v 0.377384 9.696561 -0.518301
v 0.249996 9.696599 -0.570830
v 0.215550 9.696554 -0.703539
v 0.994245 9.572892 -0.977945
v 1.221199 9.531594 -0.929664
v 1.189072 9.573075 -0.921677
v 1.331286 9.531485 -0.760572
v 1.288657 9.572179 -0.810626
v 1.335370 9.531550 -0.568164
v 1.326420 9.573112 -0.658397
v 1.285390 9.572600 -0.514967
v 1.174655 9.531616 -0.368516
v 1.188238 9.572678 -0.407496
v 0.951742 9.531516 -0.341001
v 1.046449 9.572601 -0.357736
v 0.861149 9.572438 -0.391970
v 0.763484 9.531609 -0.445398
v 0.683942 9.531507 -0.664988
v 0.730429 9.573421 -0.546623
v 0.741522 9.531509 -0.848513
v 0.710185 9.572376 -0.718673
v 0.856187 9.531485 -0.952099
v 0.795963 9.572711 -0.885211
v 1.007948 9.531494 -0.996123
v 1.021170 9.610642 -0.872302
v 1.175284 9.609877 -0.793992
v 1.221822 9.609503 -0.629536
v 1.114603 9.609144 -0.482629
v 0.913389 9.611127 -0.481945
v 0.859486 9.609626 -0.798509
v 0.828991 9.621609 -0.646850
v 1.038762 9.632417 -0.846343
v 1.143696 9.631822 -0.793917
v 1.193733 9.631548 -0.702249
v 1.189230 9.630936 -0.610834
v 1.141252 9.631451 -0.533668
v 1.050551 9.630742 -0.486536
v 0.966115 9.630386 -0.490197
v 0.886687 9.631622 -0.538038
v 0.816800 9.739350 -0.647669
v 0.864859 9.631822 -0.764894
v 0.939747 9.631900 -0.828696
v 0.963916 9.990883 -0.910415
v 1.129460 9.989502 -0.892071
v 1.260133 9.998500 -0.742089
v 1.249257 9.997286 -0.568057
v 1.134167 9.968410 -0.444263
v 0.966460 10.012768 -0.414989
v 0.856711 10.001486 -0.470991
v 0.785272 9.982733 -0.569339
v 0.764905 10.010278 -0.689736
v 0.820396 9.988400 -0.826338
v 1.080923 10.500914 -0.967389
v 1.212415 10.487023 -0.900488
v 1.316487 10.499093 -0.750806
v 1.309738 10.493095 -0.575811
v 1.234505 10.489786 -0.446361
v 1.102980 10.487023 -0.370993
v 0.920705 10.499093 -0.367619
v 0.778952 10.493095 -0.470452
v 0.722193 10.487023 -0.578195
v 0.718819 10.499093 -0.760470
v 0.821652 10.493095 -0.902223
v 0.929394 10.487023 -0.958982
v 1.083658 11.241638 -0.964984
v 1.213857 11.241644 -0.897414
v 1.299505 11.241638 -0.782342
v 1.318691 11.241634 -0.604816
v 1.228140 11.241636 -0.442219
v 1.068655 11.241638 -0.362007
v 0.922510 11.241644 -0.374608
v 0.799345 11.241638 -0.448145
v 0.713683 11.241635 -0.604816
v 0.746295 11.241621 -0.819177
v 0.905618 11.241635 -0.951910
v 0.943138 11.241643 -0.989786
v 1.166403 11.241638 -0.966133
v 1.320493 11.241644 -0.799998
v 1.344217 11.241644 -0.608182
v 1.272005 11.241646 -0.455043
v 1.113508 11.241640 -0.344165
v 0.896477 11.241644 -0.354344
v 0.764545 11.241646 -0.450976
v 0.691389 11.241643 -0.591938
v 0.705544 11.241644 -0.784698
v 0.802176 11.241646 -0.916630
v 1.124544 9.696597 -0.759145
v 1.158151 9.696603 -0.668520
v 1.113507 9.696561 -0.553595
v 0.978404 9.696602 -0.526498
v 0.883463 9.696582 -0.605306
v 0.887731 9.696599 -0.729063
v 0.997156 9.696561 -0.811674
v 1.730539 9.531541 -0.991344
v 1.652080 9.572892 -0.977945
v 1.878051 9.531479 -0.922683
v 1.976792 9.531508 -0.799316
v 1.873085 9.573394 -0.905610
v 1.995705 9.531631 -0.567406
v 1.987818 9.572468 -0.695063
v 1.823471 9.531542 -0.365378
v 1.928360 9.572376 -0.486572
v 1.815607 9.572715 -0.391295
v 1.636074 9.531485 -0.338502
v 1.483213 9.531528 -0.394250
v 1.644635 9.573394 -0.354083
v 1.381475 9.531482 -0.515154
v 1.436644 9.573476 -0.460327
v 1.343682 9.531505 -0.664988
v 1.366560 9.572179 -0.634705
v 1.381472 9.531476 -0.814823
v 1.389540 9.572857 -0.789261
v 1.482122 9.572840 -0.905997
v 1.507943 9.531573 -0.955691
v 1.775724 9.609087 -0.844657
v 1.803792 9.611127 -0.499967
v 1.596075 9.610455 -0.473610
v 1.528353 9.611011 -0.810657
v 1.653514 9.621151 -0.849032
v 1.837111 9.623276 -0.746220
v 1.521752 9.621886 -0.558974
v 1.488341 9.621964 -0.643246
v 1.511607 9.627505 -0.756112
v 1.615502 9.630754 -0.838696
v 1.755054 9.631691 -0.829137
v 1.817164 9.739701 -0.801179
v 1.855504 9.625904 -0.664085
v 1.833786 9.631914 -0.582157
v 1.788304 9.631400 -0.525735
v 1.713486 9.632456 -0.488406
v 1.612432 9.629411 -0.492394
v 1.560200 9.739702 -0.503487
v 1.489640 9.745841 -0.591820
v 1.487005 9.714242 -0.721718
v 1.564002 9.739154 -0.829107
v 1.670636 9.990883 -0.915897
v 1.829420 9.989501 -0.865610
v 1.914700 10.001652 -0.737997
v 1.916872 10.000206 -0.586879
v 1.831526 9.997424 -0.470045
v 1.719730 10.005167 -0.415861
v 1.600925 10.001485 -0.424729
v 1.498997 9.990883 -0.485174
v 1.425439 10.004899 -0.612924
v 1.440916 9.990883 -0.757878
v 1.530793 10.004898 -0.874724
v 1.621322 10.490246 -0.969308
v 1.799275 10.490247 -0.947299
v 1.914466 10.493270 -0.855357
v 1.978178 10.500915 -0.720904
v 1.967573 10.493095 -0.575812
v 1.892340 10.489786 -0.446361
v 1.760815 10.487022 -0.370993
v 1.609287 10.500914 -0.362586
v 1.479297 10.493095 -0.427908
v 1.388491 10.489786 -0.546953
v 1.368714 10.493095 -0.695180
v 1.415836 10.479806 -0.832378
v 1.504326 10.494450 -0.918956
v 1.681670 11.241635 -0.972382
v 1.822549 11.241644 -0.931512
v 1.933861 11.241638 -0.829407
v 1.978146 11.241644 -0.689564
v 1.943915 11.241621 -0.510798
v 1.784591 11.241635 -0.378065
v 1.606551 11.241636 -0.364992
v 1.428286 11.241621 -0.474646
v 1.369898 11.241644 -0.640411
v 1.404130 11.241621 -0.819177
v 1.534933 11.241644 -0.936556
v 1.762601 11.241638 -0.989652
v 1.946142 11.241643 -0.856771
v 2.002154 11.241646 -0.703126
v 1.984666 11.241644 -0.545277
v 1.840961 11.241639 -0.372780
v 1.617216 11.241644 -0.336958
v 1.419998 11.241638 -0.444250
v 1.338315 11.241638 -0.688525
v 1.418204 11.241646 -0.874932
v 1.546965 11.241645 -0.971729
v 1.711807 9.696597 -0.803476
v 1.798666 9.696597 -0.736196
v 1.810075 9.696588 -0.613338
v 1.693054 9.696564 -0.518300
v 1.565666 9.696599 -0.570830
v 1.530509 9.696579 -0.689102
v 1.602813 9.696600 -0.789631
v 2.490311 9.531672 -0.961434
v 2.367438 9.572600 -0.971109
v 2.504742 9.573075 -0.921677
v 2.604437 9.572419 -0.810163
v 2.637053 9.531500 -0.791404
v 2.654846 9.531583 -0.576866
v 2.642270 9.572691 -0.657264
v 2.516427 9.531562 -0.388759
v 2.573483 9.572845 -0.466691
v 2.331857 9.531488 -0.334640
v 2.362730 9.572955 -0.351528
v 2.182023 9.531482 -0.372440
v 2.055622 9.531547 -0.480413
v 2.158972 9.573075 -0.408298
v 1.999932 9.531578 -0.697679
v 2.029958 9.572468 -0.574271
v 2.077319 9.531478 -0.873881
v 2.047599 9.572376 -0.790356
v 2.235031 9.531533 -0.984178
v 2.190869 9.573476 -0.944910
v 2.297014 9.609200 -0.866188
v 2.491680 9.609564 -0.533825
v 2.368005 9.621222 -0.481989
v 2.140324 9.609859 -0.585652
v 2.382542 9.621629 -0.845203
v 2.519802 9.621188 -0.683499
v 2.188401 9.628084 -0.547256
v 2.156651 9.620585 -0.727538
v 2.203613 9.621920 -0.799386
v 2.331857 9.752207 -0.864708
v 2.455787 9.624384 -0.800158
v 2.496566 9.733824 -0.771865
v 2.529442 9.739154 -0.665286
v 2.486195 9.631576 -0.571163
v 2.437557 9.631407 -0.518175
v 2.334819 9.745841 -0.466641
v 2.265915 9.624538 -0.496087
v 2.156989 9.724273 -0.574783
v 2.150743 9.630517 -0.654838
v 2.165292 9.745841 -0.772720
v 2.262318 9.632372 -0.831460
v 2.331857 9.982733 -0.914928
v 2.450884 10.010278 -0.887670
v 2.555851 9.988400 -0.784129
v 2.581760 10.001486 -0.640168
v 2.541539 9.997286 -0.524450
v 2.431005 9.990883 -0.434474
v 2.260436 9.998499 -0.419319
v 2.121182 9.989720 -0.527686
v 2.079944 9.991485 -0.689799
v 2.167271 9.998500 -0.860858
v 2.301744 10.493216 -0.970740
v 2.424024 10.499310 -0.957740
v 2.546400 10.479805 -0.885556
v 2.635405 10.501021 -0.728672
v 2.617221 10.489785 -0.546549
v 2.503328 10.489786 -0.407970
v 2.361806 10.493095 -0.359656
v 2.213418 10.489786 -0.379624
v 2.093456 10.487023 -0.472295
v 2.027701 10.500914 -0.609072
v 2.039190 10.487024 -0.756158
v 2.134778 10.485174 -0.905129
v 2.430431 11.241621 -0.959775
v 2.610005 11.241621 -0.803732
v 2.634932 11.241644 -0.629762
v 2.583198 11.241636 -0.487849
v 2.442426 11.241636 -0.378065
v 2.264386 11.241638 -0.364991
v 2.086122 11.241619 -0.474645
v 2.050789 11.241635 -0.789689
v 2.193113 11.241621 -0.943136
v 2.258808 11.241643 -0.989786
v 2.482073 11.241639 -0.966133
v 2.636163 11.241644 -0.799999
v 2.661124 11.241646 -0.638380
v 2.613178 11.241644 -0.486974
v 2.466868 11.241644 -0.360682
v 2.305249 11.241646 -0.335721
v 2.153844 11.241644 -0.383667
v 2.031995 11.241729 -0.530606
v 1.999049 11.241643 -0.656707
v 2.065803 11.241639 -0.871067
v 2.355972 9.696579 -0.808501
v 2.456501 9.696597 -0.736196
v 2.467910 9.696588 -0.613338
v 2.350889 9.696564 -0.518300
v 2.203621 9.696547 -0.591271
v 2.214677 9.696564 -0.755254
v 3.054136 9.531526 -0.988969
v 2.958819 9.572955 -0.978447
v 3.224619 9.531520 -0.899916
v 3.188755 9.573394 -0.905610
v 3.313682 9.531509 -0.729433
v 3.285357 9.572419 -0.754196
v 3.296640 9.531520 -0.537846
v 3.292946 9.572376 -0.597484
v 3.139140 9.531547 -0.365380
v 3.188755 9.573394 -0.424365
v 2.892875 9.531591 -0.345825
v 3.020421 9.572419 -0.357690
v 2.864882 9.573112 -0.380892
v 2.739310 9.531482 -0.452048
v 2.666539 9.531520 -0.592308
v 2.732200 9.572678 -0.492937
v 2.693220 9.531616 -0.823455
v 2.677124 9.573476 -0.688122
v 2.870584 9.531496 -0.974069
v 2.765086 9.572376 -0.879631
v 3.198576 9.610201 -0.664988
v 3.118696 9.609877 -0.505890
v 3.010200 9.621151 -0.480943
v 2.785344 9.609412 -0.644861
v 2.887991 9.609087 -0.844657
v 3.026053 9.622134 -0.847588
v 2.854886 9.621362 -0.537235
v 2.816666 9.621126 -0.731210
v 3.049558 9.724274 -0.852423
v 3.106981 9.623392 -0.805014
v 3.163558 9.631798 -0.717809
v 3.168289 9.631166 -0.636248
v 3.131210 9.632084 -0.550488
v 3.058657 9.631878 -0.499031
v 2.933912 9.623490 -0.490085
v 2.879659 9.738917 -0.500312
v 2.805310 9.745840 -0.591821
v 2.807979 9.629970 -0.638900
v 2.849838 9.631203 -0.781987
v 2.928230 9.631991 -0.834551
v 3.035320 9.990883 -0.911736
v 3.168613 9.997041 -0.843908
v 3.238819 10.005167 -0.710696
v 3.213199 9.988400 -0.544934
v 3.085957 9.997285 -0.431642
v 2.965218 9.993071 -0.416501
v 2.848079 10.012768 -0.453049
v 2.768116 10.001485 -0.546787
v 2.737269 9.997286 -0.665348
v 2.796226 9.968410 -0.823761
v 2.916396 10.010278 -0.906613
v 3.019885 10.493095 -0.970295
v 3.161526 10.489787 -0.921762
v 3.260320 10.493094 -0.809503
v 3.295024 10.493094 -0.694937
v 3.275573 10.479805 -0.551183
v 3.186413 10.499377 -0.428724
v 3.078634 10.493096 -0.371366
v 2.933847 10.479806 -0.362398
v 2.772682 10.501021 -0.443394
v 2.696070 10.493095 -0.576046
v 2.684384 10.493096 -0.695180
v 2.732917 10.489785 -0.836822
v 2.871657 10.489786 -0.950519
v 2.907878 11.241623 -0.964859
v 3.114393 11.241635 -0.946056
v 3.299762 11.241619 -0.686728
v 3.241032 11.241638 -0.487849
v 3.100261 11.241635 -0.378065
v 2.922221 11.241638 -0.364991
v 2.743957 11.241619 -0.474645
v 2.685568 11.241644 -0.640410
v 2.719800 11.241619 -0.819177
v 3.046498 11.241644 -0.993017
v 3.183044 11.241858 -0.924757
v 3.293998 11.241644 -0.799999
v 3.317721 11.241644 -0.608183
v 3.230879 11.241644 -0.435512
v 3.091114 11.241646 -0.350602
v 2.924546 11.241642 -0.337474
v 2.754923 11.241645 -0.430218
v 2.655843 11.241638 -0.622579
v 2.708371 11.241644 -0.843000
v 2.854681 11.241644 -0.969293
v 2.986160 9.696603 -0.806951
v 3.077598 9.696600 -0.778476
v 3.135154 9.696588 -0.669335
v 3.074120 9.696579 -0.546457
v 2.933717 9.696579 -0.529850
v 2.843324 9.696573 -0.650572
v 2.895535 9.696599 -0.773344
v 3.720204 9.531541 -0.988130
v 3.593842 9.572376 -0.970990
v 3.772336 9.573112 -0.949083
v 3.887495 9.531508 -0.893305
v 3.963684 9.531482 -0.754870
v 3.909917 9.572691 -0.831021
v 3.971509 9.531526 -0.600543
v 3.954767 9.572421 -0.690272
v 3.887496 9.531505 -0.436669
v 3.922711 9.573888 -0.517898
v 3.680479 9.531576 -0.330420
v 3.771800 9.572857 -0.380505
v 3.464003 9.531516 -0.390325
v 3.593842 9.572376 -0.358985
v 3.451963 9.572419 -0.425967
v 3.340579 9.531520 -0.537845
v 3.320920 9.531483 -0.697155
v 3.345484 9.573084 -0.580503
v 3.382846 9.531583 -0.870003
v 3.361769 9.573421 -0.783353
v 3.451963 9.572419 -0.904008
v 3.551941 9.531475 -0.980091
v 3.684105 9.609324 -0.865764
v 3.842777 9.609974 -0.600961
v 3.744322 9.609412 -0.483897
v 3.593299 9.609478 -0.466230
v 3.821310 9.621755 -0.730707
v 3.560705 9.631915 -0.507356
v 3.460757 9.620865 -0.664988
v 3.503004 9.621487 -0.785893
v 3.694497 9.630911 -0.841219
v 3.768372 9.624050 -0.800807
v 3.840033 9.732788 -0.705587
v 3.822537 9.632620 -0.614555
v 3.769155 9.631419 -0.531542
v 3.699691 9.632216 -0.493025
v 3.629870 9.631400 -0.485712
v 3.495240 9.624430 -0.565041
v 3.452853 9.745553 -0.624223
v 3.474988 9.721622 -0.760264
v 3.588222 9.624471 -0.835262
v 3.718948 9.998499 -0.910656
v 3.854269 9.990883 -0.807201
v 3.900559 9.997041 -0.664987
v 3.866837 10.001718 -0.542772
v 3.764016 10.000206 -0.438035
v 3.601898 9.990883 -0.418239
v 3.471763 9.989721 -0.485147
v 3.394104 10.000206 -0.635757
v 3.434243 9.997886 -0.799948
v 3.545168 9.997886 -0.895698
v 3.620646 10.499310 -0.970726
v 3.765965 10.489787 -0.950352
v 3.884762 10.493097 -0.859523
v 3.950599 10.489785 -0.725049
v 3.941078 10.493096 -0.575813
v 3.884606 10.493095 -0.470263
v 3.765561 10.489786 -0.379456
v 3.617334 10.493095 -0.359680
v 3.480137 10.479806 -0.406801
v 3.362236 10.501021 -0.543307
v 3.343198 10.480595 -0.694960
v 3.377424 10.499379 -0.811836
v 3.482380 10.490247 -0.925976
v 3.565713 11.241621 -0.964859
v 3.764881 11.241638 -0.948305
v 3.903978 11.241635 -0.836341
v 3.955880 11.241619 -0.625818
v 3.879954 11.241644 -0.467318
v 3.758096 11.241635 -0.378065
v 3.548953 11.241621 -0.370200
v 3.387688 11.241638 -0.500568
v 3.343403 11.241643 -0.640412
v 3.377634 11.241623 -0.819177
v 3.712673 11.241643 -0.992501
v 3.882297 11.241644 -0.899757
v 3.961912 11.241646 -0.766410
v 3.975556 11.241644 -0.608182
v 3.906520 11.241646 -0.459933
v 3.782538 11.241644 -0.360682
v 3.558949 11.241638 -0.340323
v 3.375407 11.241643 -0.473204
v 3.319396 11.241646 -0.626849
v 3.336883 11.241643 -0.784698
v 3.480589 11.241639 -0.957195
v 3.629438 9.696597 -0.807394
v 3.758920 9.696566 -0.762307
v 3.787452 9.696608 -0.640756
v 3.741685 9.696597 -0.556631
v 3.623413 9.696588 -0.521474
v 3.531451 9.696607 -0.583180
v 3.504328 9.696597 -0.675028
v 3.544647 9.696603 -0.762873
v 4.335623 9.572601 -0.972239
v 4.482470 9.531528 -0.944879
v 4.612309 9.531520 -0.792130
v 4.503658 9.572845 -0.906613
v 4.622875 9.531583 -0.558815
v 4.610855 9.572372 -0.726465
v 4.591119 9.573421 -0.546623
v 4.454808 9.531552 -0.365382
v 4.459198 9.573084 -0.391671
v 4.199193 9.531609 -0.347487
v 4.251677 9.572376 -0.358985
v 4.030699 9.531516 -0.481465
v 4.114060 9.572600 -0.423368
v 3.978873 9.531479 -0.627040
v 4.021265 9.573112 -0.540178
v 3.996286 9.531508 -0.784093
v 4.003942 9.572468 -0.757286
v 4.092423 9.531485 -0.915368
v 4.263170 9.531552 -0.997129
v 4.158013 9.572845 -0.940656
v 4.402980 9.609877 -0.845056
v 4.175097 9.609412 -0.823715
v 4.476296 9.622344 -0.737747
v 4.491881 9.620181 -0.658010
v 4.460000 9.622924 -0.562423
v 4.382736 9.621274 -0.494491
v 4.124560 9.621391 -0.614920
v 4.217188 9.628128 -0.829948
v 4.311215 9.624948 -0.845478
v 4.414665 9.631594 -0.810933
v 4.497868 9.732787 -0.705587
v 4.488342 9.745553 -0.587028
v 4.411010 9.739702 -0.498027
v 4.302720 9.733824 -0.468659
v 4.264279 9.622503 -0.485042
v 4.183423 9.624541 -0.531102
v 4.108515 9.731947 -0.639982
v 4.136214 9.625047 -0.731359
v 4.199713 9.739704 -0.831949
v 4.323110 9.989502 -0.918133
v 4.463876 10.005833 -0.860880
v 4.538775 9.989721 -0.758550
v 4.555435 10.005795 -0.637655
v 4.515866 9.990884 -0.528406
v 4.402192 9.997039 -0.431216
v 4.224885 9.989502 -0.424319
v 4.078278 9.989502 -0.551715
v 4.062511 10.000207 -0.743096
v 4.163148 9.990883 -0.871729
v 4.332289 10.487124 -0.969831
v 4.474971 10.501022 -0.924660
v 4.576775 10.487021 -0.807468
v 4.615644 10.499093 -0.629354
v 4.540861 10.487023 -0.468759
v 4.419541 10.500915 -0.377584
v 4.244871 10.489786 -0.362000
v 4.110637 10.493094 -0.427908
v 4.034733 10.493093 -0.520472
v 3.996395 10.489786 -0.665206
v 4.062694 10.469289 -0.858049
v 4.214029 10.499377 -0.958548
v 4.313010 11.241635 -0.972382
v 4.509242 11.241623 -0.899613
v 4.615432 11.241619 -0.686728
v 4.556702 11.241638 -0.487849
v 4.415930 11.241635 -0.378065
v 4.237890 11.241638 -0.364991
v 4.059625 11.241621 -0.474646
v 3.997196 11.241625 -0.695339
v 4.107355 11.241616 -0.906260
v 4.240589 11.241644 -0.990622
v 4.401428 11.241646 -0.981674
v 4.564520 11.241640 -0.877674
v 4.641069 11.241639 -0.641451
v 4.519740 11.241635 -0.403767
v 4.297081 11.241644 -0.332179
v 4.120905 11.241644 -0.388927
v 4.016804 11.241646 -0.504180
v 3.972553 11.241644 -0.656707
v 4.044140 11.241636 -0.879366
v 4.263519 9.696593 -0.802926
v 4.398667 9.696573 -0.778679
v 4.447325 9.696603 -0.668520
v 4.418850 9.696600 -0.577082
v 4.323452 9.696597 -0.522581
v 4.193969 9.696568 -0.567668
v 4.169311 9.696582 -0.716637
v 5.001144 9.531485 -0.991473
v 5.146720 9.531516 -0.939650
v 5.055494 9.572468 -0.966407
v 5.270144 9.531520 -0.792130
v 5.225586 9.572691 -0.831022
v 5.287178 9.531526 -0.600544
v 5.274762 9.572438 -0.626230
v 5.182794 9.531583 -0.412274
v 5.177904 9.573112 -0.440960
v 4.971436 9.531494 -0.333852
v 4.985139 9.572892 -0.352031
v 4.807976 9.531485 -0.374591
v 4.669043 9.531567 -0.507759
v 4.764899 9.572845 -0.423362
v 4.635506 9.531488 -0.697262
v 4.651972 9.572892 -0.625453
v 4.688527 9.531500 -0.848515
v 4.690914 9.572601 -0.810525
v 4.836051 9.531504 -0.971943
v 4.817068 9.573394 -0.940980
v 5.022552 9.609144 -0.863525
v 5.166263 9.610178 -0.620387
v 4.937234 9.609478 -0.460607
v 4.818638 9.609516 -0.522020
v 4.767326 9.609626 -0.728378
v 4.865577 9.609877 -0.845056
v 4.948731 9.627505 -0.850657
v 5.128380 9.621516 -0.754711
v 5.057879 9.620532 -0.505029
v 4.790291 9.622165 -0.596502
v 5.001450 9.739155 -0.858834
v 5.075647 9.633697 -0.808034
v 5.155702 9.732787 -0.705587
v 5.140697 9.631622 -0.627842
v 5.103732 9.631915 -0.552580
v 5.035887 9.733825 -0.482593
v 4.960506 9.631555 -0.483581
v 4.853260 9.631516 -0.519476
v 4.769466 9.739154 -0.626147
v 4.784599 9.631166 -0.693727
v 4.824755 9.632279 -0.783921
v 4.890505 9.733824 -0.847382
v 4.963196 9.982733 -0.914928
v 5.103135 9.997285 -0.875069
v 5.183775 10.005795 -0.785938
v 5.217160 10.004901 -0.667554
v 5.156662 9.968410 -0.506214
v 4.988578 9.988400 -0.412552
v 4.819968 10.004898 -0.455251
v 4.730091 9.990883 -0.572097
v 4.711914 10.010280 -0.689736
v 4.753515 9.997285 -0.805525
v 4.844995 10.001485 -0.886563
v 4.966627 10.478568 -0.973468
v 5.141119 10.490246 -0.917439
v 5.236159 10.493268 -0.804791
v 5.272358 10.485175 -0.634538
v 5.203640 10.493270 -0.474618
v 5.112486 10.493270 -0.397095
v 4.995502 10.499377 -0.359249
v 4.845613 10.467937 -0.381119
v 4.725384 10.505876 -0.469821
v 4.660124 10.489784 -0.604926
v 4.687527 10.469289 -0.806998
v 4.816349 10.499377 -0.935090
v 4.881382 11.241621 -0.964859
v 5.117386 11.241619 -0.934880
v 5.250118 11.241636 -0.775557
v 5.263192 11.241636 -0.597516
v 5.255694 11.241876 -0.526026
v 5.073765 11.241635 -0.378065
v 4.864623 11.241621 -0.370200
v 4.703358 11.241638 -0.500568
v 4.659072 11.241643 -0.640412
v 4.693304 11.241623 -0.819177
v 4.989804 11.241646 -0.994254
v 5.141210 11.241644 -0.946308
v 5.251755 11.241646 -0.825794
v 5.296005 11.241644 -0.673268
v 5.130135 11.241639 -0.372781
v 4.898050 11.241642 -0.337474
v 4.728426 11.241644 -0.430218
v 4.629348 11.241639 -0.622580
v 4.685544 11.241642 -0.850509
v 4.836140 11.241645 -0.971729
v 4.987428 9.696609 -0.804913
v 5.081727 9.696572 -0.749415
v 5.103122 9.696608 -0.640756
v 5.057354 9.696597 -0.556631
v 4.966729 9.696603 -0.523024
v 4.863414 9.696592 -0.559057
v 4.819998 9.696597 -0.675028
v 4.878769 9.696579 -0.783518
v 5.560921 9.572372 -0.970753
v 5.776253 9.531480 -0.955386
v 5.715649 9.572600 -0.958286
v 5.915184 9.531567 -0.822216
v 5.845988 9.572691 -0.879021
v 5.946872 9.531547 -0.600173
v 5.924786 9.573075 -0.724246
v 5.917435 9.572421 -0.580249
v 5.826045 9.531594 -0.400312
v 5.845988 9.572691 -0.450954
v 5.711120 9.572419 -0.369590
v 5.621031 9.531492 -0.334642
v 5.436457 9.531547 -0.388753
v 5.554645 9.572857 -0.361727
v 5.328487 9.531490 -0.515156
v 5.397351 9.572857 -0.449718
v 5.290685 9.531492 -0.664988
v 5.315450 9.572857 -0.610268
v 5.328483 9.531479 -0.814821
v 5.326770 9.573024 -0.754251
v 5.430226 9.531541 -0.935720
v 5.397351 9.572857 -0.880258
v 5.612792 9.531496 -0.996122
v 5.646235 9.609087 -0.869900
v 5.731420 9.610012 -0.488591
v 5.555695 9.609478 -0.469599
v 5.436651 9.609087 -0.757875
v 5.758567 9.620547 -0.790859
v 5.804238 9.621256 -0.699902
v 5.792782 9.621748 -0.593286
v 5.708513 9.628084 -0.501319
v 5.436817 9.620813 -0.646844
v 5.612392 9.631283 -0.845606
v 5.705545 9.631831 -0.825736
v 5.804008 9.738914 -0.740779
v 5.813796 9.739702 -0.621635
v 5.742540 9.731946 -0.508115
v 5.602272 9.630835 -0.484517
v 5.518010 9.631555 -0.515648
v 5.464522 9.625181 -0.575497
v 5.424185 9.731946 -0.689992
v 5.461366 9.631022 -0.755781
v 5.540905 9.624248 -0.826780
v 5.647462 10.005832 -0.915591
v 5.766431 9.997885 -0.871296
v 5.866348 10.000204 -0.734963
v 5.852238 9.989721 -0.566098
v 5.734303 9.989502 -0.437903
v 5.567924 10.005167 -0.417332
v 5.460562 9.997424 -0.472479
v 5.385516 9.997887 -0.574229
v 5.378181 10.000205 -0.743097
v 5.503052 9.968410 -0.885712
v 5.585955 10.469286 -0.973095
v 5.765859 10.493215 -0.935942
v 5.898818 10.499095 -0.807743
v 5.922915 10.478570 -0.601442
v 5.815237 10.499094 -0.420388
v 5.617600 10.478568 -0.356507
v 5.449888 10.490688 -0.408853
v 5.350929 10.499375 -0.518140
v 5.315700 10.493093 -0.635039
v 5.327480 10.493096 -0.754165
v 5.402713 10.489786 -0.883614
v 5.660200 11.241619 -0.973341
v 5.818701 11.241644 -0.897414
v 5.907954 11.241638 -0.775556
v 5.915818 11.241621 -0.566414
v 5.785452 11.241636 -0.405149
v 5.645607 11.241644 -0.360863
v 5.466842 11.241619 -0.395096
v 5.321160 11.241621 -0.583174
v 5.351139 11.241623 -0.819177
v 5.572118 11.241803 -0.986464
v 5.740741 11.241644 -0.975632
v 5.876847 11.241646 -0.874933
v 5.946666 11.241644 -0.729760
v 5.931675 11.241643 -0.545277
v 5.787970 11.241638 -0.372781
v 5.564225 11.241644 -0.336958
v 5.411088 11.241646 -0.409169
v 5.300209 11.241640 -0.567667
v 5.310388 11.241643 -0.784698
v 5.429248 11.241644 -0.937108
v 5.645262 9.696608 -0.804913
v 5.729388 9.696600 -0.759146
v 5.764546 9.696584 -0.640874
v 5.702840 9.696607 -0.548912
v 5.596917 9.696582 -0.521474
v 5.504955 9.696606 -0.583180
v 5.477832 9.696601 -0.675028
v 5.536604 9.696579 -0.783518
v 6.218756 9.572372 -0.970753
v 6.483879 9.531594 -0.929663
v 6.397377 9.572678 -0.951097
v 6.517523 9.572601 -0.860848
v 6.604717 9.531527 -0.729801
v 6.592007 9.572438 -0.687757
v 6.584063 9.531497 -0.538570
v 6.437341 9.531585 -0.368502
v 6.533154 9.573112 -0.487151
v 6.214423 9.531526 -0.341006
v 6.361441 9.572892 -0.362325
v 6.069973 9.531482 -0.410451
v 6.160356 9.572678 -0.378878
v 5.969791 9.531508 -0.545882
v 6.040430 9.572419 -0.468712
v 5.959687 9.531558 -0.761809
v 5.973308 9.573112 -0.610930
v 5.985569 9.572600 -0.759607
v 6.069977 9.531495 -0.919518
v 6.060837 9.573075 -0.884629
v 6.246172 9.531538 -0.996933
v 6.193526 9.610012 -0.854773
v 6.450155 9.611011 -0.779439
v 6.389900 9.610642 -0.489843
v 6.234060 9.609200 -0.465769
v 6.106373 9.610454 -0.551202
v 6.261252 9.632216 -0.843823
v 6.460558 9.621215 -0.623963
v 6.295113 9.628734 -0.480047
v 6.097264 9.621561 -0.709866
v 6.346574 9.625558 -0.833213
v 6.427146 9.631451 -0.769385
v 6.457117 9.630907 -0.694685
v 6.472255 9.732788 -0.628828
v 6.408006 9.631897 -0.537478
v 6.331094 9.731948 -0.473556
v 6.203427 9.740216 -0.482861
v 6.161771 9.630355 -0.523283
v 6.107325 9.631914 -0.610587
v 6.086140 9.749115 -0.723450
v 6.169066 9.632198 -0.810460
v 6.310845 9.989502 -0.916732
v 6.479489 9.989505 -0.820385
v 6.532288 10.000206 -0.635758
v 6.457101 9.997287 -0.486243
v 6.349780 9.997425 -0.424610
v 6.198389 9.989502 -0.424319
v 6.082709 10.005797 -0.507487
v 6.033438 9.990885 -0.612717
v 6.045095 9.997040 -0.761819
v 6.143905 9.997887 -0.878272
v 6.246560 10.499377 -0.970726
v 6.420876 10.469286 -0.940657
v 6.546760 10.493266 -0.814276
v 6.589006 10.501019 -0.668229
v 6.550200 10.487123 -0.523453
v 6.453864 10.501019 -0.408916
v 6.308815 10.493095 -0.359656
v 6.189690 10.493095 -0.371437
v 6.042171 10.469284 -0.464647
v 5.973114 10.493214 -0.634873
v 5.986995 10.493269 -0.759143
v 6.081787 10.485172 -0.905129
v 6.226398 11.241636 -0.967968
v 6.433056 11.241623 -0.934880
v 6.550436 11.241644 -0.804075
v 6.586261 11.241635 -0.657339
v 6.513492 11.241623 -0.461107
v 6.331334 11.241636 -0.362007
v 6.154165 11.241636 -0.383919
v 6.000717 11.241621 -0.526245
v 5.978870 11.241635 -0.732458
v 6.066913 11.241636 -0.887756
v 6.205816 11.241644 -0.989786
v 6.369202 11.241646 -0.982736
v 6.508341 11.241644 -0.906174
v 6.603663 11.241644 -0.738038
v 6.587377 11.241643 -0.537197
v 6.436905 11.241640 -0.369315
v 6.190287 11.241638 -0.340323
v 6.023048 11.241646 -0.455044
v 5.945221 11.241640 -0.632127
v 6.012813 11.241639 -0.871067
v 6.260777 9.696597 -0.807394
v 6.354801 9.696607 -0.784988
v 6.425554 9.696568 -0.684019
v 6.373024 9.696593 -0.556631
v 6.268827 9.696601 -0.521788
v 6.170510 9.696597 -0.570830
v 6.135666 9.696601 -0.675027
v 6.175985 9.696603 -0.762873
v 0.795150 9.531594 -0.346675
v 0.635293 9.572376 -0.335170
v 0.968865 9.531541 -0.206273
v 0.842815 9.573084 -0.302484
v 1.016597 9.531479 -0.055643
v 0.974736 9.573421 -0.147532
v 0.991745 9.531513 0.105160
v 0.991660 9.572438 0.054256
v 0.838428 9.531542 0.270442
v 0.844604 9.572892 0.243237
v 0.616302 9.531541 0.293975
v 0.635995 9.572691 0.276788
v 0.431155 9.531578 0.182422
v 0.468755 9.572711 0.191056
v 0.357848 9.531505 -0.020929
v 0.394381 9.572836 0.059312
v 0.424303 9.531594 -0.234180
v 0.386297 9.572438 -0.112591
v 0.493117 9.572601 -0.267825
v 0.593393 9.531476 -0.344271
v 0.769185 9.610454 -0.219609
v 0.884848 9.609626 -0.092558
v 0.588593 9.609626 0.150572
v 0.493429 9.610308 0.030152
v 0.512563 9.609503 -0.140614
v 0.862389 9.621855 0.037175
v 0.813314 9.621130 0.108929
v 0.595948 9.623450 -0.190697
v 0.682864 9.630822 -0.209855
v 0.773493 9.631831 -0.189915
v 0.848794 9.632365 -0.115901
v 0.870138 9.632032 -0.013486
v 0.828196 9.745553 0.112882
v 0.730752 9.624434 0.147318
v 0.651706 9.631048 0.148817
v 0.573515 9.630641 0.110768
v 0.524514 9.631166 0.046160
v 0.507746 9.631335 -0.045545
v 0.535141 9.631407 -0.124355
v 0.613090 9.739154 -0.211597
v 0.713630 10.001652 -0.279464
v 0.854076 10.000206 -0.223641
v 0.936621 9.997286 -0.078059
v 0.912486 9.988400 0.090886
v 0.807179 10.001485 0.192408
v 0.686096 9.989722 0.222283
v 0.528393 9.991485 0.166506
v 0.450039 10.001719 0.047915
v 0.443310 9.998499 -0.100589
v 0.567044 9.980273 -0.249442
v 0.749560 10.512345 -0.333730
v 0.885207 10.487023 -0.264668
v 0.977170 10.490246 -0.140226
v 0.986347 10.499092 0.066315
v 0.883514 10.493095 0.208068
v 0.749040 10.489786 0.273905
v 0.599802 10.493095 0.264383
v 0.494254 10.493095 0.207912
v 0.405110 10.467936 0.088415
v 0.384416 10.512345 -0.089749
v 0.451899 10.493095 -0.223892
v 0.571396 10.467936 -0.313036
v 0.607165 11.241623 -0.329039
v 0.843168 11.241619 -0.299060
v 0.972296 11.241639 -0.146522
v 0.987659 11.241616 0.061436
v 0.853398 11.241636 0.230671
v 0.681330 11.241635 0.278227
v 0.485098 11.241621 0.205458
v 0.385998 11.241638 0.023301
v 0.419086 11.241619 -0.183357
v 0.650840 11.241646 -0.357299
v 0.808689 11.241644 -0.339811
v 0.981185 11.241639 -0.196106
v 1.017008 11.241643 0.027638
v 0.909716 11.241638 0.224857
v 0.697259 11.241644 0.303641
v 0.482899 11.241638 0.236886
v 0.372292 11.241646 0.066899
v 0.363344 11.241644 -0.093940
v 0.468241 11.241638 -0.283192
v 0.797335 9.696596 -0.123325
v 0.831783 9.696561 0.009384
v 0.734503 9.696593 0.106973
v 0.637915 9.696608 0.103341
v 0.564335 9.696599 0.042042
v 0.552927 9.696586 -0.080817
v 0.669947 9.696561 -0.175854
v 1.419490 9.531541 -0.352310
v 1.430237 9.572438 -0.331849
v 1.604641 9.531567 -0.240761
v 1.585471 9.572601 -0.225029
v 1.674509 9.531477 -0.061443
v 1.640962 9.531578 0.128058
v 1.657718 9.573394 -0.058555
v 1.619283 9.572179 0.116470
v 1.506814 9.531482 0.257945
v 1.346813 9.531507 0.303077
v 1.493902 9.573888 0.246017
v 1.163290 9.531516 0.245495
v 1.293128 9.572376 0.276835
v 1.044042 9.531505 0.105162
v 1.103659 9.572468 0.171453
v 1.019123 9.531488 -0.061442
v 1.037511 9.573421 -0.029168
v 1.088982 9.531558 -0.240764
v 1.074667 9.572419 -0.175154
v 1.251228 9.531477 -0.344270
v 1.200685 9.573394 -0.305160
v 1.320851 9.609478 -0.233548
v 1.489494 9.610012 -0.180639
v 1.551910 9.608936 -0.029878
v 1.489883 9.610642 0.120950
v 1.320851 9.609478 0.175213
v 1.187716 9.609877 -0.158172
v 1.365003 9.628084 -0.213855
v 1.204098 9.620671 0.091326
v 1.161431 9.622550 -0.006222
v 1.407115 9.739350 -0.220005
v 1.474702 9.631493 -0.158417
v 1.519199 9.631400 -0.081460
v 1.523632 9.631685 0.018245
v 1.499857 9.733779 0.096432
v 1.440434 9.629947 0.128640
v 1.331309 9.632033 0.152290
v 1.251626 9.631407 0.124670
v 1.162296 9.752207 0.047263
v 1.190017 9.632603 -0.122193
v 1.270490 9.631381 -0.192839
v 1.347174 9.997286 -0.281590
v 1.465378 10.001486 -0.250549
v 1.553555 9.990883 -0.171381
v 1.600777 10.004898 -0.031734
v 1.539640 9.977338 0.133517
v 1.392521 10.005167 0.219959
v 1.247924 9.989721 0.202040
v 1.133529 9.997886 0.105793
v 1.117290 9.898982 -0.007904
v 1.123050 9.980274 -0.144576
v 1.226492 10.005832 -0.250580
v 1.286751 10.489786 -0.332240
v 1.435989 10.493095 -0.322718
v 1.541538 10.493095 -0.266247
v 1.618227 10.487022 -0.171648
v 1.657095 10.499092 0.006467
v 1.565131 10.489786 0.189459
v 1.435755 10.493096 0.264454
v 1.286323 10.489786 0.273820
v 1.152089 10.493095 0.207912
v 1.076185 10.493095 0.115348
v 1.038333 10.478568 -0.032598
v 1.108620 10.499093 -0.231180
v 1.322237 11.241644 -0.333292
v 1.501003 11.241621 -0.299060
v 1.654208 11.241635 -0.021519
v 1.613338 11.241644 0.119360
v 1.511233 11.241636 0.230671
v 1.339165 11.241638 0.278227
v 1.142933 11.241619 0.205458
v 1.038647 11.241629 0.001184
v 1.077240 11.241643 -0.173258
v 1.182394 11.241635 -0.289006
v 1.411586 11.241644 -0.354802
v 1.600838 11.241638 -0.249905
v 1.668290 11.241816 -0.078082
v 1.657457 11.241644 0.090542
v 1.513752 11.241638 0.263040
v 1.320205 11.241646 0.300099
v 1.140734 11.241639 0.236886
v 1.022015 11.241643 0.043882
v 1.036170 11.241644 -0.148878
v 1.187516 11.241637 -0.327192
v 1.315654 9.696606 -0.167714
v 1.437080 9.696566 -0.146348
v 1.489618 9.696558 0.009384
v 1.379455 9.696568 0.112648
v 1.258909 9.696602 0.084321
v 1.203362 9.696593 -0.015039
v 1.236267 9.696602 -0.119891
v 2.077325 9.531541 -0.352310
v 2.035376 9.572419 -0.336465
v 2.244615 9.531513 -0.257483
v 2.202945 9.572845 -0.270793
v 2.318706 9.531476 -0.124435
v 2.300046 9.572419 -0.119256
v 2.327631 9.531594 0.058952
v 2.308007 9.573421 0.031175
v 2.213538 9.531488 0.225366
v 2.229254 9.572376 0.185476
v 2.037342 9.531526 0.302784
v 2.094270 9.572601 0.266276
v 1.849428 9.531485 0.261229
v 1.913912 9.572845 0.269950
v 1.729986 9.531516 0.154356
v 1.769417 9.572839 0.169772
v 1.676955 9.531482 0.003108
v 1.701394 9.572376 0.038337
v 1.710487 9.531550 -0.186399
v 1.716912 9.572712 -0.148351
v 1.877505 9.531515 -0.336118
v 1.858520 9.573394 -0.305160
v 1.949410 9.609974 -0.227084
v 2.074634 9.621256 -0.202043
v 2.185856 9.609877 -0.124655
v 1.940621 9.609974 0.166082
v 1.801296 9.610318 0.026681
v 2.155295 9.631493 -0.130984
v 2.066110 9.620950 0.146249
v 1.839916 9.621465 -0.117504
v 1.978601 9.631021 -0.209399
v 2.114681 9.738917 -0.193843
v 2.186372 9.625214 -0.027746
v 2.162858 9.623358 0.063780
v 2.130106 9.631855 0.101014
v 2.038362 9.739702 0.165514
v 1.953692 9.632061 0.145547
v 1.865266 9.632194 0.087726
v 1.825537 9.630661 0.000804
v 1.810400 9.738917 -0.067805
v 1.882785 9.632213 -0.162177
v 1.934673 10.000206 -0.274485
v 2.101579 9.997285 -0.262238
v 2.198906 10.001485 -0.188325
v 2.252291 9.997285 -0.078059
v 2.228411 9.980273 0.086241
v 2.123208 10.001652 0.192643
v 1.972670 9.989503 0.222577
v 1.804026 9.989503 0.126230
v 1.752735 9.991485 -0.053979
v 1.810230 10.001652 -0.188722
v 2.072417 10.490246 -0.330490
v 2.201830 10.499309 -0.264365
v 2.276062 10.487022 -0.171648
v 2.313403 10.490247 -0.021485
v 2.273795 10.499310 0.118341
v 2.197341 10.487022 0.209234
v 2.060564 10.500914 0.274989
v 1.862638 10.469287 0.246502
v 1.734546 10.499377 0.117680
v 1.699317 10.493094 0.000782
v 1.711981 10.487023 -0.120337
v 1.769451 10.499309 -0.226350
v 1.889768 10.478568 -0.315479
v 1.922835 11.241623 -0.329039
v 2.129349 11.241635 -0.310236
v 2.264487 11.241636 -0.193587
v 2.308773 11.241644 -0.053744
v 2.274540 11.241621 0.125022
v 2.086462 11.241619 0.270703
v 1.858677 11.241629 0.243926
v 1.705968 11.241613 0.061436
v 1.734756 11.241619 -0.183357
v 1.897924 11.241638 -0.348328
v 2.154864 11.241639 -0.330313
v 2.308954 11.241644 -0.164178
v 2.333915 11.241646 -0.002559
v 2.285969 11.241643 0.148846
v 2.139659 11.241644 0.275138
v 1.978040 11.241646 0.300099
v 1.819127 11.241643 0.248485
v 1.697907 11.241645 0.097889
v 1.675382 11.241646 -0.055776
v 1.723328 11.241644 -0.207181
v 2.014689 9.696601 -0.172367
v 2.102534 9.696603 -0.132048
v 2.147055 9.696596 -0.047257
v 2.110579 9.696584 0.070615
v 1.994608 9.696603 0.114032
v 1.876413 9.696541 0.044549
v 1.887468 9.696561 -0.119434
v 2.867491 9.531609 -0.293838
v 2.753220 9.572845 -0.328285
v 2.901140 9.572601 -0.225029
v 2.977585 9.531478 -0.124753
v 2.981658 9.531567 0.067653
v 2.968438 9.572691 -0.082151
v 2.828566 9.531558 0.261542
v 2.934888 9.572892 0.126458
v 2.774138 9.572691 0.260572
v 2.605967 9.531541 0.297189
v 2.626902 9.572600 0.276954
v 2.453591 9.531482 0.225369
v 2.490433 9.572678 0.228324
v 2.343304 9.531558 0.067655
v 2.374747 9.572712 0.090017
v 2.346330 9.531490 -0.119048
v 2.356213 9.572421 -0.064308
v 2.422513 9.531505 -0.257486
v 2.404527 9.573075 -0.200157
v 2.620292 9.531558 -0.361305
v 2.543299 9.572711 -0.316904
v 2.603127 9.609144 -0.227704
v 2.742340 9.620682 -0.196983
v 2.856662 9.609066 0.051264
v 2.478102 9.609087 0.063720
v 2.462859 9.609516 -0.067729
v 2.822556 9.621497 -0.126011
v 2.585410 9.621704 0.142746
v 2.649915 9.632846 -0.211522
v 2.776304 9.739701 -0.190668
v 2.846847 9.739702 -0.100214
v 2.843599 9.631661 -0.025339
v 2.822221 9.631889 0.053704
v 2.763723 9.631568 0.121421
v 2.698023 9.625180 0.149066
v 2.607850 9.721622 0.160207
v 2.503709 9.630489 0.059244
v 2.481400 9.630630 -0.018710
v 2.497261 9.632360 -0.103154
v 2.549386 9.625652 -0.170266
v 2.659097 9.990883 -0.280077
v 2.779734 10.005832 -0.252221
v 2.886477 9.988400 -0.148309
v 2.912385 10.001484 -0.004348
v 2.872164 9.997285 0.111370
v 2.782601 9.997503 0.190325
v 2.665366 9.989722 0.222283
v 2.520870 10.012768 0.182770
v 2.440907 10.001485 0.089033
v 2.412542 9.982734 -0.029168
v 2.450545 10.012768 -0.170780
v 2.544282 10.001486 -0.250743
v 2.632534 10.493095 -0.334499
v 2.780922 10.489786 -0.314531
v 2.899718 10.493095 -0.223703
v 2.970591 10.469287 -0.064244
v 2.934643 10.499377 0.113830
v 2.831012 10.478569 0.229231
v 2.658223 10.479805 0.278503
v 2.520648 10.499310 0.243011
v 2.410031 10.490246 0.148755
v 2.352737 10.489576 -0.029167
v 2.407873 10.500914 -0.204699
v 2.517968 10.493095 -0.299796
v 2.580669 11.241623 -0.329039
v 2.816673 11.241619 -0.299060
v 2.962355 11.241623 -0.110982
v 2.943552 11.241636 0.095534
v 2.801227 11.241621 0.248981
v 2.595012 11.241636 0.270828
v 2.439714 11.241635 0.182785
v 2.359503 11.241638 0.023301
v 2.392591 11.241619 -0.183357
v 2.555759 11.241638 -0.348328
v 2.812699 11.241639 -0.330313
v 2.981644 11.241638 -0.135892
v 2.973127 11.241644 0.090542
v 2.829422 11.241638 0.263040
v 2.605677 11.241644 0.298862
v 2.433008 11.241644 0.212019
v 2.337685 11.241643 0.043882
v 2.361337 11.241639 -0.179383
v 2.686715 9.696609 -0.169093
v 2.781014 9.696576 -0.113595
v 2.802189 9.696607 -0.001379
v 2.742947 9.696586 0.091254
v 2.638252 9.696608 0.110757
v 2.554127 9.696599 0.064990
v 2.519285 9.696597 -0.039207
v 2.578056 9.696579 -0.147698
v 3.290506 9.572419 -0.336555
v 3.415902 9.531485 -0.344267
v 3.578135 9.531591 -0.240753
v 3.475356 9.572438 -0.302185
v 3.594134 9.572840 -0.170361
v 3.648014 9.531475 -0.061442
v 3.614471 9.531567 0.128060
v 3.630731 9.572691 -0.021444
v 3.589521 9.572600 0.120852
v 3.480317 9.531490 0.257941
v 3.487019 9.572376 0.232998
v 3.287366 9.531585 0.305396
v 3.290931 9.573394 0.281737
v 3.080351 9.531513 0.199147
v 3.006258 9.531473 0.066102
v 3.076838 9.572955 0.170651
v 2.993962 9.531541 -0.085684
v 3.009905 9.572691 -0.036891
v 3.062624 9.531485 -0.233195
v 3.050809 9.572422 -0.178837
v 3.148479 9.573421 -0.286343
v 3.214145 9.531583 -0.346681
v 3.259370 9.609144 -0.227222
v 3.416647 9.610308 -0.209387
v 3.516187 9.609626 -0.092558
v 3.496733 9.609503 0.082279
v 3.360269 9.609228 0.171679
v 3.199980 9.609503 0.141307
v 3.116599 9.609877 -0.007889
v 3.147766 9.609200 -0.138354
v 3.496611 9.630801 -0.082154
v 3.483986 9.628084 0.058315
v 3.202586 9.628084 0.114289
v 3.359614 9.631313 -0.205756
v 3.436223 9.631915 -0.166832
v 3.518664 9.745841 -0.032130
v 3.474028 9.729543 0.096979
v 3.398940 9.630536 0.134286
v 3.316920 9.631582 0.152053
v 3.192552 9.749116 0.126515
v 3.147464 9.631914 0.020903
v 3.142088 9.631618 -0.057280
v 3.180285 9.633081 -0.145004
v 3.265230 9.631701 -0.202725
v 3.295786 9.968411 -0.278239
v 3.463547 10.004899 -0.238904
v 3.552957 9.998442 -0.125530
v 3.570615 10.001654 -0.004516
v 3.515991 9.991486 0.131418
v 3.348346 9.998499 0.225132
v 3.161544 9.968410 0.164299
v 3.070320 10.012768 0.020559
v 3.081055 9.997424 -0.103753
v 3.143905 10.005167 -0.210915
v 3.380899 10.512345 -0.333730
v 3.538945 10.489786 -0.247485
v 3.614312 10.487023 -0.115960
v 3.622720 10.500914 0.035567
v 3.557397 10.493096 0.165557
v 3.414829 10.469287 0.266177
v 3.204627 10.501022 0.258605
v 3.081917 10.487022 0.163526
v 3.025326 10.493271 0.054698
v 3.023037 10.485174 -0.119347
v 3.123597 10.499377 -0.265431
v 3.231548 10.480593 -0.321800
v 3.267850 11.241638 -0.332148
v 3.474508 11.241619 -0.299060
v 3.620189 11.241623 -0.110982
v 3.590210 11.241621 0.125022
v 3.459407 11.241643 0.242401
v 3.281148 11.241623 0.279186
v 3.074583 11.241619 0.161175
v 3.016194 11.241644 -0.004592
v 3.039250 11.241635 -0.153869
v 3.130921 11.241644 -0.268383
v 3.320318 11.241642 -0.363098
v 3.512102 11.241644 -0.301287
v 3.627059 11.241644 -0.156225
v 3.649585 11.241646 -0.002560
v 3.601639 11.241643 0.148846
v 3.455329 11.241644 0.275138
v 3.293710 11.241646 0.300099
v 3.142306 11.241644 0.252153
v 3.001158 11.241638 0.077556
v 3.011807 11.241643 -0.156957
v 3.135861 11.241644 -0.305227
v 3.250988 9.696563 -0.158876
v 3.397518 9.696584 -0.152529
v 3.462724 9.696593 -0.047257
v 3.426249 9.696589 0.070615
v 3.281767 9.696558 0.113636
v 3.172231 9.696548 -0.014582
v 3.986391 9.531494 -0.360303
v 3.971562 9.573112 -0.339401
v 4.161675 9.531516 -0.303830
v 4.124140 9.572419 -0.301314
v 4.268550 9.531485 -0.184387
v 4.236109 9.573075 -0.200156
v 4.309280 9.531508 -0.020929
v 4.235980 9.531567 0.182426
v 4.290874 9.573084 -0.005231
v 4.198006 9.572372 0.191672
v 4.011105 9.531576 0.305400
v 4.031837 9.572376 0.276835
v 3.794629 9.531516 0.245495
v 3.853879 9.572857 0.255314
v 3.660635 9.531573 0.077008
v 3.698231 9.573476 0.111821
v 3.671208 9.531527 -0.156309
v 3.674899 9.572376 -0.096672
v 3.801047 9.531541 -0.309054
v 3.779090 9.573394 -0.269790
v 4.079041 9.609974 -0.208175
v 4.181483 9.609859 -0.069612
v 4.042180 9.609974 0.166083
v 4.146589 9.621213 0.051692
v 3.891316 9.621284 0.137636
v 3.810121 9.621152 0.053222
v 3.791638 9.620342 -0.035519
v 3.821017 9.621855 -0.128066
v 3.975995 9.626040 -0.210488
v 4.063087 9.631630 -0.188069
v 4.118866 9.631756 -0.141326
v 4.154612 9.632326 -0.068614
v 4.171999 9.739153 0.009086
v 4.129890 9.746712 0.097120
v 4.066028 9.632101 0.130079
v 3.987899 9.630234 0.151894
v 3.854116 9.740988 0.127235
v 3.783478 9.745555 0.011597
v 3.797266 9.732790 -0.106542
v 3.883823 9.624541 -0.183267
v 4.051998 9.986897 -0.272604
v 4.201395 9.991486 -0.148493
v 4.228402 10.001718 -0.008945
v 4.190742 10.004899 0.109793
v 4.074418 9.997286 0.204178
v 3.953333 10.001486 0.220735
v 3.819379 9.968410 0.164299
v 3.737894 10.001486 0.043930
v 3.728154 10.012768 -0.078895
v 3.784156 10.001486 -0.188644
v 3.879005 9.990883 -0.259681
v 3.945847 10.499377 -0.334906
v 4.091957 10.479805 -0.315048
v 4.234223 10.501020 -0.204168
v 4.283431 10.487022 -0.056937
v 4.262115 10.500914 0.093320
v 4.172688 10.493095 0.208067
v 4.038215 10.489785 0.273905
v 3.856932 10.478569 0.254518
v 3.702483 10.469286 0.112843
v 3.677853 10.499094 -0.114986
v 3.800231 10.490246 -0.281620
v 3.985801 11.241638 -0.336562
v 4.155291 11.241635 -0.280508
v 4.249722 11.241644 -0.168256
v 4.286507 11.241619 0.010002
v 4.168495 11.241621 0.216569
v 4.002728 11.241644 0.274957
v 3.853451 11.241636 0.251901
v 3.718314 11.241638 0.135252
v 3.674029 11.241643 -0.004591
v 3.697084 11.241638 -0.153869
v 3.813734 11.241635 -0.289006
v 3.913380 11.241644 -0.354802
v 4.137450 11.241637 -0.327192
v 4.284893 11.241644 -0.156225
v 4.307420 11.241646 -0.002560
v 4.244206 11.241638 0.176912
v 4.020561 11.241638 0.304681
v 3.800140 11.241644 0.252153
v 3.689595 11.241646 0.131640
v 3.645344 11.241644 -0.020887
v 3.716931 11.241635 -0.243546
v 3.974621 9.696603 -0.171131
v 4.066058 9.696601 -0.142656
v 4.120559 9.696593 -0.047257
v 4.084084 9.696591 0.070616
v 3.968113 9.696601 0.114032
v 3.880268 9.696603 0.073713
v 3.835747 9.696597 -0.011077
v 3.872223 9.696589 -0.128951
v 4.605726 9.572601 -0.336419
v 4.678179 9.531547 -0.361311
v 4.755474 9.573075 -0.314653
v 4.893811 9.531578 -0.240757
v 4.874809 9.572179 -0.225163
v 4.969956 9.531594 -0.005751
v 4.946651 9.573394 -0.061000
v 4.855581 9.531594 0.223541
v 4.897599 9.573112 0.137708
v 4.644227 9.531494 0.301968
v 4.760261 9.572857 0.255315
v 4.422731 9.531631 0.230687
v 4.544395 9.571916 0.272771
v 4.311995 9.531505 0.035279
v 4.374608 9.572857 0.138328
v 4.320894 9.531495 -0.124751
v 4.325083 9.573394 -0.058555
v 4.430975 9.531594 -0.293844
v 4.430209 9.572892 -0.265977
v 4.694288 9.609877 -0.225522
v 4.843853 9.610178 -0.033295
v 4.770786 9.609087 0.127209
v 4.615722 9.609564 0.176590
v 4.431514 9.609625 -0.005208
v 4.618330 9.631400 -0.208443
v 4.813578 9.628084 0.024704
v 4.518348 9.623073 0.110752
v 4.688152 9.632216 -0.201130
v 4.756359 9.624628 -0.163959
v 4.808594 9.630888 -0.088125
v 4.811394 9.739350 0.067206
v 4.721053 9.631868 0.133072
v 4.600811 9.631064 0.149248
v 4.471350 9.628744 0.053447
v 4.441313 9.745555 0.011597
v 4.458594 9.632172 -0.060311
v 4.482381 9.624240 -0.127671
v 4.557325 9.625318 -0.191884
v 4.566041 9.977338 -0.271564
v 4.738346 9.997887 -0.259878
v 4.859229 9.991484 -0.148493
v 4.878384 9.977338 0.040779
v 4.794501 10.005832 0.166726
v 4.681695 10.005167 0.219959
v 4.514047 9.977338 0.191692
v 4.400472 9.997886 0.061591
v 4.386601 10.001719 -0.058153
v 4.427507 10.005169 -0.173006
v 4.660690 10.493269 -0.334853
v 4.801135 10.490246 -0.290155
v 4.919673 10.478568 -0.150387
v 4.941726 10.499307 -0.002287
v 4.906942 10.493217 0.115660
v 4.804043 10.500914 0.230438
v 4.669049 10.487123 0.275072
v 4.524929 10.490246 0.259024
v 4.399724 10.499377 0.167553
v 4.327880 10.469286 0.005909
v 4.374999 10.490247 -0.194314
v 4.510735 10.490246 -0.311479
v 4.611411 11.241644 -0.333292
v 4.790177 11.241619 -0.299060
v 4.907557 11.241644 -0.168257
v 4.944153 11.241625 0.001184
v 4.833994 11.241613 0.212104
v 4.596817 11.241621 0.279186
v 4.438318 11.241644 0.203259
v 4.349065 11.241636 0.081402
v 4.341200 11.241623 -0.127742
v 4.471568 11.241635 -0.289006
v 4.635988 11.241642 -0.363098
v 4.827771 11.241644 -0.301287
v 4.946631 11.241644 -0.148878
v 4.956810 11.241640 0.068153
v 4.845932 11.241646 0.226650
v 4.692793 11.241644 0.298862
v 4.500977 11.241644 0.275138
v 4.359928 11.241644 0.155290
v 4.307857 11.241646 0.008971
v 4.325344 11.241643 -0.148878
v 4.444204 11.241644 -0.301287
v 4.617898 9.696601 -0.171574
v 4.747380 9.696561 -0.126487
v 4.772039 9.696582 0.022482
v 4.655020 9.696570 0.117520
v 4.517457 9.696576 0.055260
v 4.503451 9.696541 -0.094838
v 5.391406 9.531616 -0.350858
v 5.300412 9.573112 -0.339401
v 5.573709 9.531541 -0.206273
v 5.472238 9.572376 -0.283505
v 5.595865 9.573084 -0.113652
v 5.625948 9.531583 0.013020
v 5.544203 9.531482 0.183772
v 5.569814 9.573394 0.116962
v 5.412930 9.531494 0.279914
v 5.419748 9.572691 0.254661
v 5.221145 9.531541 0.293975
v 5.240839 9.572691 0.276788
v 5.060236 9.531500 0.204420
v 4.959283 9.531631 0.003782
v 5.050668 9.572468 0.171453
v 4.984343 9.573075 -0.028027
v 5.035995 9.531567 -0.240761
v 5.034866 9.572712 -0.202196
v 5.192907 9.531474 -0.341982
v 5.152886 9.572421 -0.303344
v 5.498295 9.609626 -0.005207
v 5.420595 9.609974 0.132544
v 5.148153 9.611011 0.116502
v 5.087930 9.609087 -0.044425
v 5.159949 9.609974 -0.185053
v 5.207047 9.631889 0.128483
v 5.299937 9.624983 -0.210160
v 5.384792 9.624004 -0.185709
v 5.447836 9.625191 -0.126563
v 5.470663 9.632372 -0.064893
v 5.487669 9.739156 0.009087
v 5.456510 9.629725 0.057563
v 5.370262 9.631900 0.134540
v 5.293360 9.624719 0.152984
v 5.144691 9.632025 0.073876
v 5.115629 9.631638 0.002324
v 5.126188 9.631927 -0.098124
v 5.177694 9.631756 -0.166623
v 5.239135 9.631756 -0.200600
v 5.290436 9.990883 -0.280077
v 5.428783 9.997885 -0.242451
v 5.524533 9.997886 -0.131526
v 5.538641 9.989502 0.037627
v 5.454292 9.997424 0.163341
v 5.315944 9.998500 0.225714
v 5.131257 9.980274 0.163086
v 5.052197 10.010279 0.044131
v 5.046320 9.997285 -0.078766
v 5.133271 9.988400 -0.225615
v 5.326143 10.487022 -0.333997
v 5.471744 10.490245 -0.281619
v 5.582014 10.490247 -0.140225
v 5.598453 10.493271 0.006241
v 5.530517 10.469286 0.171173
v 5.329456 10.499092 0.281115
v 5.148994 10.493216 0.241787
v 5.019847 10.485172 0.117276
v 4.989501 10.490250 -0.081867
v 5.070067 10.490247 -0.242057
v 5.202489 10.499377 -0.322728
v 5.212008 11.241621 -0.329039
v 5.418523 11.241635 -0.310236
v 5.553661 11.241636 -0.193587
v 5.563715 11.241621 0.125022
v 5.432912 11.241643 0.242401
v 5.254653 11.241621 0.279186
v 5.071053 11.241638 0.182785
v 4.990842 11.241635 0.023300
v 5.023930 11.241623 -0.183357
v 5.196501 11.241640 -0.349990
v 5.389889 11.241646 -0.345854
v 5.535009 11.241643 -0.258643
v 5.599465 11.241846 -0.130745
v 5.621851 11.241644 0.027639
v 5.552815 11.241646 0.175887
v 5.428833 11.241644 0.275138
v 5.261385 11.241646 0.300176
v 5.109365 11.241645 0.246893
v 5.005264 11.241646 0.131640
v 4.961014 11.241644 -0.020887
v 5.016169 11.241642 -0.214689
v 5.275733 9.696601 -0.171574
v 5.393606 9.696588 -0.135098
v 5.435786 9.696603 -0.032700
v 5.399753 9.696591 0.070615
v 5.283782 9.696601 0.114032
v 5.195937 9.696603 0.073713
v 5.151417 9.696597 -0.011078
v 5.180335 9.696596 -0.117072
v 6.016100 9.531526 -0.353149
v 5.916076 9.572600 -0.335289
v 6.091692 9.572892 -0.309905
v 6.204366 9.531594 -0.248762
v 6.223938 9.572601 -0.174706
v 6.279350 9.531482 -0.061443
v 6.262252 9.572376 -0.022123
v 6.245814 9.531558 0.128063
v 6.221179 9.572840 0.120059
v 6.106876 9.531488 0.261227
v 6.123707 9.572678 0.228324
v 5.981918 9.572601 0.278084
v 5.918963 9.531538 0.302778
v 5.796618 9.572438 0.243850
v 5.698944 9.531583 0.190431
v 5.665899 9.573421 0.089197
v 5.617109 9.531616 -0.062117
v 5.645654 9.572376 -0.082852
v 5.723340 9.531508 -0.269136
v 5.861774 9.531475 -0.345328
v 5.745879 9.572892 -0.265978
v 5.957872 9.610012 0.178829
v 5.872492 9.620688 -0.197737
v 5.931767 9.631914 -0.208025
v 6.009785 9.621465 -0.207316
v 6.085587 9.620525 -0.158382
v 6.133854 9.621330 -0.073147
v 6.126408 9.620341 0.036335
v 5.770076 9.621114 0.019403
v 5.785652 9.621608 -0.117563
v 6.042797 9.740987 -0.206763
v 6.134634 9.738914 -0.104959
v 6.144421 9.739701 0.014185
v 6.084369 9.625054 0.093277
v 6.005880 9.631335 0.144536
v 5.913865 9.631945 0.148205
v 5.831393 9.624216 0.106166
v 5.771055 9.739702 0.050960
v 5.761372 9.729545 -0.086889
v 5.846008 9.739703 -0.196129
v 5.896275 9.997887 -0.275414
v 6.042417 9.997886 -0.264682
v 6.175873 9.998503 -0.152379
v 6.198405 9.990882 0.016461
v 6.133052 10.004900 0.148596
v 6.000548 9.997285 0.218475
v 5.858767 9.990884 0.203938
v 5.741268 9.997042 0.111410
v 5.699849 9.998446 -0.029168
v 5.751034 9.989504 -0.184565
v 5.894331 10.501021 -0.333981
v 6.073334 10.479805 -0.311788
v 6.189468 10.505874 -0.224334
v 6.245277 10.493095 -0.118112
v 6.249734 10.469285 0.056333
v 6.126656 10.501019 0.226904
v 5.981606 10.493094 0.276164
v 5.830438 10.478568 0.254518
v 5.673870 10.499090 0.113588
v 5.646827 10.487023 -0.061486
v 5.714962 10.469290 -0.229508
v 5.990826 11.241619 -0.337521
v 6.149326 11.241644 -0.261595
v 6.247981 11.241627 -0.119055
v 6.244162 11.241644 0.059563
v 6.141999 11.241621 0.216569
v 5.944009 11.241635 0.278227
v 5.774518 11.241636 0.222172
v 5.651785 11.241621 0.052646
v 5.661277 11.241644 -0.122844
v 5.761315 11.241623 -0.274904
v 5.886884 11.241645 -0.354802
v 6.079446 11.241643 -0.337679
v 6.227717 11.241644 -0.213624
v 6.279788 11.241646 -0.067305
v 6.260168 11.241642 0.098622
v 6.109696 11.241640 0.266505
v 5.863079 11.241639 0.295497
v 5.700016 11.241646 0.184845
v 5.626859 11.241644 0.043880
v 5.633909 11.241646 -0.119502
v 5.715532 11.241642 -0.265291
v 5.933568 9.696597 -0.171574
v 6.027592 9.696608 -0.149168
v 6.098345 9.696568 -0.048199
v 6.045815 9.696593 0.079189
v 5.927543 9.696582 0.114346
v 5.811503 9.696550 0.018115
v 5.838170 9.696601 -0.117072
v 0.513573 9.531485 0.316254
v 0.381123 9.572438 0.293511
v 0.652522 9.531529 0.449414
v 0.553916 9.572419 0.367631
v 0.647492 9.573112 0.494019
v 0.684186 9.531562 0.671463
v 0.608732 9.531485 0.819589
v 0.656370 9.572438 0.705448
v 0.484769 9.531497 0.911849
v 0.531238 9.573075 0.863340
v 0.270232 9.531594 0.929635
v 0.393077 9.572840 0.912764
v 0.239022 9.571970 0.894739
v 0.061866 9.531585 0.765126
v 0.101663 9.573075 0.779537
v 0.039183 9.531578 0.509832
v 0.045395 9.572892 0.584709
v 0.149462 9.531488 0.352118
v 0.325659 9.531544 0.274709
v 0.153692 9.573476 0.369273
v 0.394229 9.609555 0.406011
v 0.515054 9.609626 0.473130
v 0.311669 9.621591 0.425774
v 0.486799 9.621960 0.740557
v 0.318135 9.621449 0.788337
v 0.225419 9.621256 0.737466
v 0.172387 9.621569 0.630125
v 0.216767 9.620804 0.483956
v 0.412506 9.630936 0.433608
v 0.489195 9.631120 0.481119
v 0.536609 9.625709 0.571706
v 0.533255 9.623426 0.661865
v 0.508988 9.721622 0.733758
v 0.401251 9.624873 0.782762
v 0.303996 9.724273 0.795758
v 0.196036 9.732788 0.717829
v 0.159466 9.745552 0.604649
v 0.196892 9.631548 0.523453
v 0.282560 9.738918 0.423673
v 0.382825 9.993072 0.358165
v 0.495918 10.005167 0.393980
v 0.592002 10.004899 0.507092
v 0.607569 9.997424 0.633124
v 0.552826 10.000206 0.771749
v 0.410623 9.990883 0.852079
v 0.285343 10.001652 0.847329
v 0.158487 10.000206 0.765179
v 0.107443 9.990883 0.610038
v 0.147964 9.997039 0.466074
v 0.264919 10.005167 0.371229
v 0.388465 10.493217 0.300898
v 0.505860 10.499310 0.337505
v 0.611804 10.479806 0.432176
v 0.664090 10.499377 0.574346
v 0.651903 10.493094 0.695827
v 0.595432 10.493095 0.801376
v 0.502867 10.493095 0.877280
v 0.358134 10.489786 0.915618
v 0.213621 10.493095 0.877164
v 0.104900 10.479805 0.781126
v 0.049872 10.478568 0.610082
v 0.087034 10.505876 0.461629
v 0.208038 10.469287 0.335420
v 0.276539 11.241619 0.306780
v 0.512542 11.241623 0.336759
v 0.645275 11.241635 0.496082
v 0.658348 11.241636 0.674122
v 0.575195 11.241639 0.823493
v 0.418524 11.241634 0.909155
v 0.264676 11.241644 0.897031
v 0.112616 11.241619 0.796993
v 0.050958 11.241638 0.599003
v 0.107012 11.241636 0.429513
v 0.350072 11.241644 0.273843
v 0.508940 11.241646 0.312631
v 0.636005 11.241642 0.421130
v 0.690367 11.241645 0.606651
v 0.624406 11.241638 0.812730
v 0.431402 11.241644 0.931449
v 0.238643 11.241644 0.917295
v 0.080700 11.241643 0.792173
v 0.025544 11.241643 0.598370
v 0.082292 11.241644 0.422194
v 0.197546 11.241646 0.318093
v 0.325712 9.696576 0.464834
v 0.434287 9.696609 0.486650
v 0.505039 9.696558 0.587620
v 0.459074 9.696601 0.707372
v 0.358353 9.696594 0.751482
v 0.249996 9.696599 0.700809
v 0.215550 9.696550 0.568100
v 0.963204 9.572691 0.300696
v 1.176188 9.531482 0.319538
v 1.290850 9.531516 0.423128
v 1.164482 9.573394 0.331817
v 1.288767 9.572419 0.461476
v 1.343881 9.531482 0.574376
v 1.310344 9.531558 0.763881
v 1.326600 9.572691 0.614375
v 1.285390 9.572600 0.756671
v 1.143329 9.531520 0.913599
v 1.188238 9.572678 0.864143
v 0.943511 9.531541 0.929793
v 1.046448 9.572601 0.913902
v 0.861149 9.572438 0.879669
v 0.776216 9.531501 0.834971
v 0.702129 9.531476 0.701920
v 0.727047 9.573112 0.719284
v 0.693210 9.531609 0.518533
v 0.712933 9.572376 0.539147
v 0.825381 9.531541 0.335919
v 0.801479 9.573112 0.382623
v 1.016187 9.531497 0.274402
v 1.214945 9.609478 0.660878
v 0.860675 9.609478 0.741785
v 0.810429 9.609564 0.586386
v 0.985202 9.621291 0.423512
v 1.060801 9.620527 0.425592
v 1.147911 9.621222 0.474577
v 1.198733 9.622068 0.570170
v 1.113842 9.621134 0.766644
v 1.004417 9.621863 0.792597
v 1.056952 9.745553 0.411977
v 1.159329 9.739702 0.470460
v 1.215142 9.740988 0.590411
v 1.176717 9.631963 0.691013
v 1.096315 9.739702 0.787254
v 0.977549 9.738918 0.800899
v 0.920747 9.631507 0.760238
v 0.869374 9.631407 0.712351
v 0.837982 9.631622 0.640259
v 0.843264 9.631756 0.556879
v 0.880894 9.625190 0.486927
v 0.939747 9.631900 0.442943
v 1.042659 9.997425 0.357434
v 1.181285 10.000206 0.412178
v 1.263830 9.997286 0.557759
v 1.256445 10.001485 0.679748
v 1.194422 9.997285 0.785396
v 1.040540 9.988400 0.859189
v 0.879605 9.990883 0.817156
v 0.785477 9.997886 0.709010
v 0.765242 10.005832 0.583685
v 0.805682 9.990883 0.470070
v 0.916628 10.004899 0.373002
v 1.076678 10.489786 0.303664
v 1.234814 10.489786 0.388334
v 1.310181 10.487022 0.519858
v 1.313555 10.499092 0.702134
v 1.212703 10.487123 0.841249
v 1.105372 10.493217 0.900654
v 0.920705 10.499094 0.904019
v 0.759169 10.489785 0.778122
v 0.708516 10.479806 0.610912
v 0.758642 10.489577 0.434566
v 0.902007 10.500915 0.319248
v 0.934373 11.241621 0.306780
v 1.170377 11.241621 0.336759
v 1.287756 11.241644 0.467562
v 1.323582 11.241635 0.614300
v 1.250813 11.241621 0.810532
v 1.068655 11.241636 0.909631
v 0.922510 11.241644 0.897031
v 0.770451 11.241619 0.796993
v 0.712063 11.241644 0.631228
v 0.746295 11.241621 0.452462
v 0.973779 11.241638 0.272803
v 1.166775 11.241646 0.312631
v 1.308394 11.241639 0.439713
v 1.345531 11.241646 0.639088
v 1.270211 11.241638 0.827389
v 1.049048 11.241640 0.940296
v 0.865599 11.241646 0.900672
v 0.723980 11.241638 0.773589
v 0.686844 11.241646 0.574214
v 0.757028 11.241640 0.393965
v 1.053972 9.696601 0.468162
v 1.148912 9.696582 0.546970
v 1.133368 9.696564 0.696917
v 1.006148 9.696601 0.749851
v 0.907831 9.696596 0.700809
v 0.872675 9.696579 0.582537
v 0.944979 9.696597 0.482008
v 1.704750 9.572419 0.299354
v 1.887272 9.531649 0.346804
v 1.873085 9.573394 0.366029
v 1.998016 9.531500 0.542205
v 1.969687 9.572419 0.517444
v 1.973613 9.531583 0.756091
v 1.976964 9.572691 0.674785
v 1.908785 9.572600 0.806307
v 1.808351 9.531508 0.909420
v 1.785676 9.572691 0.896391
v 1.576436 9.531604 0.928348
v 1.638441 9.572600 0.912773
v 1.379869 9.531567 0.763879
v 1.501971 9.572678 0.864143
v 1.404819 9.572600 0.756671
v 1.346332 9.531488 0.574376
v 1.363789 9.573112 0.613241
v 1.399354 9.531505 0.423124
v 1.401552 9.572179 0.461013
v 1.514022 9.531485 0.319540
v 1.665783 9.531494 0.275516
v 1.526933 9.573888 0.331467
v 1.709899 9.609555 0.406011
v 1.830723 9.609626 0.473130
v 1.879914 9.609087 0.621909
v 1.571823 9.609478 0.785539
v 1.475264 9.609478 0.660878
v 1.501647 9.609859 0.491474
v 1.715662 9.620987 0.788263
v 1.727952 9.629614 0.430216
v 1.781436 9.732789 0.441821
v 1.826426 9.631416 0.507697
v 1.852230 9.631888 0.578970
v 1.846440 9.631630 0.658954
v 1.802117 9.624140 0.736156
v 1.754149 9.739702 0.787254
v 1.637661 9.631822 0.784301
v 1.551190 9.631814 0.738912
v 1.505798 9.631622 0.674380
v 1.495606 9.631064 0.571476
v 1.536615 9.631704 0.487011
v 1.616662 9.624710 0.435459
v 1.700453 10.005833 0.356048
v 1.817860 10.005167 0.398171
v 1.916956 9.988400 0.533498
v 1.913285 9.997424 0.681236
v 1.848000 9.997887 0.789507
v 1.698833 9.991485 0.858564
v 1.555462 10.001652 0.828461
v 1.447070 10.000206 0.723141
v 1.425535 9.993072 0.582178
v 1.461351 10.005167 0.469085
v 1.575133 9.989721 0.375444
v 1.704176 10.505877 0.300489
v 1.820536 10.487022 0.337394
v 1.913300 10.499310 0.414441
v 1.977094 10.489786 0.546589
v 1.967573 10.493096 0.695827
v 1.909522 10.487022 0.802879
v 1.759840 10.499094 0.906951
v 1.555583 10.489787 0.892015
v 1.435620 10.487022 0.799344
v 1.364992 10.469287 0.632358
v 1.417951 10.501021 0.431652
v 1.560217 10.479807 0.320770
v 1.592208 11.241619 0.306780
v 1.798723 11.241636 0.325583
v 1.933861 11.241636 0.442232
v 1.978146 11.241644 0.582075
v 1.955090 11.241635 0.731353
v 1.838443 11.241636 0.866489
v 1.634853 11.241623 0.915005
v 1.428286 11.241619 0.796993
v 1.369898 11.241644 0.631228
v 1.404130 11.241621 0.452461
v 1.738795 11.241645 0.281017
v 1.903498 11.241644 0.365465
v 2.007871 11.241638 0.564243
v 1.955343 11.241643 0.784664
v 1.780746 11.241639 0.925812
v 1.583688 11.241646 0.924400
v 1.444546 11.241644 0.847838
v 1.349224 11.241643 0.679701
v 1.372877 11.241638 0.456436
v 1.546232 11.241643 0.298140
v 1.725672 9.696586 0.470599
v 1.810163 9.696593 0.561127
v 1.791204 9.696566 0.696917
v 1.663983 9.696601 0.749851
v 1.545786 9.696541 0.680368
v 1.545566 9.696600 0.542575
v 1.616432 9.696607 0.476846
v 2.306195 9.572839 0.299646
v 2.421738 9.531485 0.290496
v 2.591694 9.531672 0.393408
v 2.479205 9.572845 0.330983
v 2.601060 9.572600 0.456631
v 2.662200 9.531497 0.606651
v 2.643300 9.572711 0.606651
v 2.624406 9.531478 0.756486
v 2.516426 9.531562 0.882879
v 2.589349 9.572678 0.778702
v 2.481877 9.572600 0.875854
v 2.364025 9.531475 0.933261
v 2.204715 9.531520 0.913599
v 2.331857 9.572712 0.918095
v 2.032265 9.531583 0.756091
v 2.152979 9.572691 0.860459
v 2.007875 9.531526 0.542207
v 2.032659 9.573394 0.696128
v 2.096929 9.531520 0.371724
v 2.042208 9.572376 0.494300
v 2.267409 9.531488 0.282651
v 2.158152 9.572372 0.347938
v 2.435821 9.625130 0.457937
v 2.295352 9.610179 0.811328
v 2.148650 9.608677 0.704577
v 2.341128 9.621797 0.420316
v 2.482069 9.631822 0.505075
v 2.508849 9.621189 0.660829
v 2.450133 9.621206 0.753456
v 2.327273 9.628024 0.790892
v 2.365571 9.739702 0.411969
v 2.510660 9.624703 0.577950
v 2.506993 9.730937 0.699774
v 2.406118 9.745553 0.791164
v 2.274385 9.733779 0.796110
v 2.211857 9.631138 0.744895
v 2.156382 9.631900 0.649684
v 2.153285 9.624495 0.571270
v 2.192994 9.624633 0.491336
v 2.255756 9.624378 0.442848
v 2.359996 9.977339 0.355939
v 2.513604 10.005166 0.430238
v 2.582026 9.980272 0.578294
v 2.544446 10.004898 0.745612
v 2.431004 9.990883 0.837165
v 2.282493 9.997039 0.854822
v 2.131235 9.989502 0.762049
v 2.080948 9.990884 0.603265
v 2.109174 10.010278 0.487625
v 2.191918 9.997286 0.396569
v 2.306273 10.499093 0.295379
v 2.506092 10.478568 0.352065
v 2.620048 10.490248 0.495593
v 2.636488 10.493268 0.642058
v 2.570050 10.499092 0.808663
v 2.418650 10.487024 0.900646
v 2.236374 10.499094 0.904020
v 2.094623 10.493094 0.801187
v 2.037862 10.487024 0.693444
v 2.034488 10.499092 0.511169
v 2.139164 10.487023 0.368250
v 2.367083 11.241644 0.303576
v 2.508995 11.241635 0.355311
v 2.603426 11.241644 0.467562
v 2.639251 11.241635 0.614300
v 2.566483 11.241621 0.810532
v 2.384325 11.241638 0.909632
v 2.238180 11.241644 0.897031
v 2.109088 11.241635 0.818604
v 2.028877 11.241638 0.659119
v 2.061965 11.241619 0.452462
v 2.221288 11.241636 0.319729
v 2.358465 11.241646 0.277384
v 2.537936 11.241639 0.340598
v 2.656655 11.241643 0.533602
v 2.642501 11.241644 0.726362
v 2.545869 11.241646 0.858293
v 2.404907 11.241643 0.931449
v 2.181642 11.241639 0.907797
v 2.012697 11.241638 0.713375
v 2.030711 11.241639 0.456436
v 2.196846 11.241644 0.302345
v 2.397528 9.696558 0.474113
v 2.474263 9.696593 0.588562
v 2.437788 9.696591 0.706434
v 2.321817 9.696600 0.749851
v 2.223501 9.696597 0.700809
v 2.188658 9.696600 0.596611
v 2.247430 9.696579 0.488121
v 3.062368 9.531541 0.283509
v 2.959616 9.572468 0.292855
v 3.202631 9.531482 0.356269
v 3.187988 9.572845 0.365026
v 3.308871 9.531558 0.509829
v 3.285135 9.572601 0.517028
v 3.305844 9.531490 0.696533
v 3.229661 9.531505 0.834970
v 3.288809 9.572845 0.697388
v 3.085277 9.531480 0.921753
v 3.168570 9.572691 0.860459
v 2.917015 9.531541 0.929793
v 3.020420 9.572419 0.913948
v 2.749722 9.531505 0.834970
v 2.835855 9.573084 0.879967
v 2.675634 9.531476 0.701919
v 2.700552 9.573112 0.719284
v 2.663335 9.531541 0.550135
v 2.683570 9.572600 0.571070
v 2.754764 9.531520 0.371724
v 2.749069 9.573394 0.407588
v 2.899809 9.531473 0.290490
v 3.087311 9.609877 0.426583
v 3.192480 9.610012 0.653325
v 2.914960 9.610642 0.800092
v 2.793633 9.609087 0.671347
v 2.815000 9.609658 0.491001
v 3.161553 9.622096 0.535466
v 3.167282 9.628084 0.660523
v 3.086609 9.619766 0.769228
v 2.902151 9.629385 0.770428
v 2.931866 9.621827 0.428823
v 2.946338 9.739702 0.413887
v 3.029599 9.631764 0.430290
v 3.111105 9.631707 0.472944
v 3.185558 9.721623 0.584654
v 3.153947 9.745552 0.718811
v 3.036037 9.630610 0.783052
v 2.935335 9.724273 0.795758
v 2.836914 9.632041 0.703746
v 2.808934 9.631764 0.611385
v 2.809319 9.733825 0.529079
v 2.841171 9.629228 0.498061
v 3.035320 9.990883 0.359903
v 3.147196 9.997425 0.411709
v 3.225306 10.004898 0.511835
v 3.229522 9.980273 0.683270
v 3.107668 9.998500 0.833665
v 2.934310 9.997886 0.852898
v 2.807945 10.005167 0.783064
v 2.749314 10.001485 0.679354
v 2.744554 9.982731 0.557891
v 2.794509 10.010278 0.446468
v 2.893426 9.997286 0.373305
v 2.954615 10.469287 0.298544
v 3.134520 10.493216 0.335697
v 3.267479 10.499092 0.463896
v 3.295000 10.493095 0.636844
v 3.258949 10.487024 0.753165
v 3.181901 10.499308 0.845929
v 3.053894 10.479806 0.907579
v 2.874811 10.478569 0.892963
v 2.751880 10.505876 0.801818
v 2.696070 10.493097 0.695593
v 2.687808 10.478568 0.543105
v 2.774219 10.500914 0.384820
v 2.965115 11.241644 0.302527
v 3.143882 11.241621 0.336759
v 3.289563 11.241623 0.524837
v 3.259584 11.241621 0.760841
v 3.128781 11.241643 0.878220
v 2.982043 11.241638 0.914046
v 2.841164 11.241643 0.873175
v 2.729854 11.241636 0.771072
v 2.685568 11.241644 0.631228
v 2.708624 11.241635 0.481950
v 2.825272 11.241636 0.346812
v 2.956569 11.241635 0.270352
v 3.202378 11.241640 0.347493
v 3.323541 11.241639 0.564244
v 3.271012 11.241643 0.784665
v 3.124702 11.241644 0.910958
v 2.891597 11.241637 0.930027
v 2.713632 11.241644 0.791108
v 2.653985 11.241638 0.583113
v 2.748506 11.241644 0.377175
v 3.013923 9.696608 0.466726
v 3.108222 9.696576 0.522224
v 3.125743 9.696582 0.658301
v 3.035216 9.696597 0.742792
v 2.899426 9.696568 0.723832
v 2.846179 9.696582 0.582537
v 2.918483 9.696599 0.482007
v 3.655765 9.531490 0.275514
v 3.678520 9.572836 0.300619
v 3.867121 9.531594 0.353942
v 3.814227 9.572376 0.344486
v 3.971516 9.531509 0.542206
v 3.917049 9.572839 0.457425
v 3.956601 9.531508 0.725757
v 3.958123 9.572376 0.599607
v 3.860465 9.531485 0.857031
v 3.907014 9.572372 0.779196
v 3.720207 9.531508 0.929809
v 3.760159 9.573112 0.895791
v 3.557646 9.531490 0.922804
v 3.612386 9.572421 0.912921
v 3.419208 9.531505 0.846621
v 3.470141 9.572857 0.861423
v 3.321672 9.531520 0.671468
v 3.373710 9.572839 0.747845
v 3.344759 9.531513 0.472323
v 3.337114 9.572691 0.598927
v 3.470421 9.531541 0.326765
v 3.393718 9.572691 0.427774
v 3.535872 9.572691 0.316911
v 3.587509 9.609564 0.408800
v 3.762704 9.609859 0.434276
v 3.713228 9.618583 0.788877
v 3.533741 9.610454 0.779145
v 3.441387 9.609144 0.627790
v 3.801088 9.631663 0.510991
v 3.816143 9.621114 0.689714
v 3.505424 9.620643 0.484557
v 3.631022 9.631868 0.424209
v 3.740522 9.631707 0.451827
v 3.826630 9.625047 0.582291
v 3.828413 9.732788 0.684026
v 3.732192 9.630835 0.767129
v 3.607091 9.630324 0.783533
v 3.541878 9.739702 0.773612
v 3.503519 9.631732 0.719979
v 3.467027 9.631900 0.614624
v 3.480683 9.631621 0.535590
v 3.541878 9.739702 0.439690
v 3.722200 10.010018 0.360484
v 3.858202 9.989720 0.469350
v 3.897776 10.001719 0.586428
v 3.880062 10.005166 0.707053
v 3.766668 9.988400 0.830645
v 3.601898 9.990883 0.853400
v 3.468606 9.997039 0.785572
v 3.398830 9.997886 0.649719
v 3.424581 10.000207 0.482666
v 3.551878 9.982733 0.375736
v 3.644285 10.501021 0.296511
v 3.821762 10.478567 0.352065
v 3.919705 10.499310 0.464816
v 3.956493 10.489789 0.606869
v 3.918040 10.493096 0.751382
v 3.822001 10.479805 0.860103
v 3.650768 10.501022 0.916791
v 3.480137 10.479806 0.864838
v 3.362235 10.501022 0.728332
v 3.342683 10.487125 0.579726
v 3.386538 10.490246 0.441505
v 3.498237 10.493269 0.338758
v 3.746100 11.241619 0.311864
v 3.950507 11.241636 0.554184
v 3.917419 11.241621 0.760841
v 3.786616 11.241643 0.878220
v 3.608357 11.241623 0.915005
v 3.401790 11.241619 0.796993
v 3.343402 11.241644 0.631228
v 3.366458 11.241638 0.481950
v 3.508783 11.241621 0.328503
v 3.680388 11.241640 0.273006
v 3.877003 11.241643 0.365465
v 3.953284 11.241792 0.495963
v 3.975556 11.241644 0.663456
v 3.906519 11.241646 0.811706
v 3.754250 11.241639 0.925812
v 3.519737 11.241643 0.915162
v 3.371467 11.241644 0.791108
v 3.319396 11.241646 0.644790
v 3.339016 11.241642 0.478861
v 3.469513 11.241644 0.325330
v 3.685311 9.696601 0.468162
v 3.787680 9.696535 0.559369
v 3.753458 9.696589 0.706434
v 3.637487 9.696602 0.749851
v 3.549641 9.696603 0.709532
v 3.505121 9.696597 0.624741
v 3.550208 9.696558 0.495259
v 4.337529 9.531483 0.280045
v 4.335623 9.572601 0.299400
v 4.510373 9.531594 0.341975
v 4.478247 9.573075 0.349962
v 4.628513 9.531520 0.533971
v 4.577831 9.572179 0.461014
v 4.604953 9.531583 0.756091
v 4.616743 9.573084 0.644185
v 4.439690 9.531508 0.909420
v 4.525002 9.573075 0.824680
v 4.394983 9.572601 0.902095
v 4.217239 9.531583 0.929640
v 4.206565 9.572438 0.904669
v 4.008889 9.531616 0.765118
v 4.043750 9.573112 0.773527
v 3.982219 9.531541 0.533974
v 3.994948 9.572691 0.598928
v 4.054977 9.531478 0.393711
v 4.035852 9.572421 0.456982
v 4.186253 9.531492 0.297569
v 4.157066 9.573394 0.331817
v 4.402156 9.609412 0.425560
v 4.399038 9.609626 0.789976
v 4.282096 9.624247 0.427611
v 4.468609 9.620812 0.519393
v 4.490757 9.621048 0.595896
v 4.256776 9.621412 0.787618
v 4.163759 9.622472 0.728434
v 4.120079 9.621214 0.579330
v 4.178557 9.619762 0.466170
v 4.388932 9.631551 0.442870
v 4.441553 9.739703 0.463509
v 4.498126 9.739704 0.563297
v 4.473292 9.625834 0.675017
v 4.429753 9.631969 0.737229
v 4.367873 9.631841 0.775947
v 4.250618 9.740988 0.798615
v 4.143861 9.739700 0.720473
v 4.129200 9.631875 0.644974
v 4.122380 9.745554 0.528691
v 4.212198 9.631283 0.451673
v 4.354253 9.997286 0.359009
v 4.499835 10.000206 0.441554
v 4.555658 10.001651 0.582000
v 4.537897 10.005169 0.707053
v 4.424503 9.988400 0.830645
v 4.278889 9.997424 0.855868
v 4.159960 9.997885 0.812959
v 4.081900 10.001719 0.721101
v 4.052104 10.005169 0.602880
v 4.083979 10.001489 0.488087
v 4.187382 9.968410 0.385927
v 4.338643 10.499310 0.301543
v 4.498424 10.469287 0.363984
v 4.598922 10.499378 0.515319
v 4.603438 10.469286 0.692152
v 4.483283 10.490246 0.859103
v 4.337667 10.499378 0.912390
v 4.187778 10.467936 0.890520
v 4.067549 10.505876 0.801818
v 4.011739 10.493096 0.695593
v 4.002771 10.479802 0.550807
v 4.081607 10.490247 0.393762
v 4.216176 10.493217 0.312649
v 4.344531 11.241621 0.298297
v 4.503031 11.241644 0.374225
v 4.592283 11.241636 0.496081
v 4.605357 11.241636 0.674123
v 4.495704 11.241621 0.852387
v 4.266191 11.241623 0.915005
v 4.059625 11.241619 0.796993
v 4.001237 11.241644 0.631227
v 4.035469 11.241623 0.452461
v 4.166272 11.241643 0.335082
v 4.198637 11.241639 0.287491
v 4.455576 11.241638 0.305506
v 4.609667 11.241644 0.471640
v 4.634705 11.241646 0.639088
v 4.564520 11.241640 0.819337
v 4.378411 11.241644 0.931449
v 4.209295 11.241646 0.923338
v 4.070591 11.241644 0.841420
v 3.971513 11.241639 0.649060
v 4.024041 11.241643 0.428638
v 4.272720 9.696579 0.464834
v 4.416755 9.696566 0.509332
v 4.445287 9.696607 0.630883
v 4.399520 9.696599 0.715008
v 4.295322 9.696602 0.749851
v 4.207476 9.696603 0.709532
v 4.162955 9.696597 0.624741
v 4.185361 9.696607 0.530717
v 5.035873 9.531541 0.283509
v 4.932913 9.572179 0.299189
v 5.176135 9.531482 0.356269
v 5.110285 9.573888 0.331467
v 5.232976 9.572715 0.457746
v 5.282375 9.531558 0.509830
v 5.278290 9.531495 0.702234
v 5.276336 9.572438 0.629422
v 5.196784 9.531497 0.840240
v 5.202216 9.572419 0.802215
v 5.064110 9.531478 0.919464
v 5.075828 9.573112 0.895791
v 4.906679 9.531541 0.933008
v 4.927615 9.572600 0.912773
v 4.759167 9.531476 0.864349
v 4.784781 9.572376 0.860989
v 4.656248 9.531520 0.733794
v 4.639215 9.531526 0.542207
v 4.664604 9.573888 0.697229
v 4.723228 9.531508 0.378334
v 4.674162 9.572857 0.493366
v 4.867610 9.531474 0.291547
v 4.785811 9.572857 0.351880
v 5.021497 9.609877 0.410297
v 5.162319 9.610943 0.539475
v 5.126072 9.609478 0.732812
v 4.984335 9.609144 0.812790
v 4.834191 9.609877 0.765749
v 4.763977 9.609200 0.651456
v 4.780054 9.609144 0.509703
v 4.916417 9.621585 0.425644
v 4.784978 9.628734 0.554636
v 5.006297 9.631991 0.431518
v 5.077655 9.631529 0.467520
v 5.130507 9.631266 0.536791
v 5.143458 9.630747 0.629248
v 5.112041 9.631306 0.709892
v 5.040172 9.631729 0.769959
v 4.973277 9.630313 0.787685
v 4.871787 9.633137 0.764678
v 4.795885 9.631266 0.676512
v 4.766350 9.731946 0.581646
v 4.841278 9.630980 0.473202
v 4.892149 9.739703 0.422287
v 5.034617 9.998500 0.360983
v 5.169938 9.990883 0.464439
v 5.214646 9.989720 0.603768
v 5.159067 9.998501 0.771238
v 5.008904 10.005167 0.855778
v 4.841255 9.977338 0.827511
v 4.727774 10.005166 0.700085
v 4.721218 9.980271 0.537115
v 4.837313 9.989503 0.386308
v 5.027931 10.500914 0.304249
v 5.183751 10.478568 0.390949
v 5.257815 10.499306 0.520639
v 5.268026 10.487024 0.638972
v 5.215648 10.490247 0.784574
v 5.105031 10.499310 0.878830
v 4.967457 10.479805 0.914322
v 4.798049 10.490246 0.867639
v 4.695303 10.493270 0.755941
v 4.657458 10.499376 0.638956
v 4.669645 10.493097 0.517475
v 4.726116 10.493094 0.411927
v 4.848315 10.478568 0.320340
v 4.970844 11.241638 0.299257
v 5.140334 11.241635 0.355311
v 5.234766 11.241644 0.467563
v 5.271550 11.241619 0.645820
v 5.153538 11.241621 0.852387
v 4.924026 11.241623 0.915005
v 4.717460 11.241619 0.796993
v 4.659072 11.241644 0.631228
v 4.682127 11.241638 0.481950
v 4.798777 11.241635 0.346812
v 4.890146 11.241644 0.281853
v 5.053530 11.241646 0.288902
v 5.192672 11.241643 0.365465
v 5.297045 11.241639 0.564244
v 5.244516 11.241643 0.784665
v 5.098207 11.241644 0.910957
v 4.930759 11.241646 0.935995
v 4.750510 11.241640 0.865810
v 4.638398 11.241644 0.679700
v 4.652553 11.241643 0.486941
v 4.749185 11.241646 0.355009
v 4.959664 9.696603 0.464688
v 5.051102 9.696602 0.493163
v 5.105602 9.696593 0.588562
v 5.069127 9.696589 0.706434
v 4.953156 9.696602 0.749851
v 4.865311 9.696603 0.709532
v 4.820790 9.696597 0.624742
v 4.857266 9.696586 0.506868
v 5.590955 9.572468 0.292855
v 5.776253 9.531480 0.316252
v 5.900917 9.531541 0.429545
v 5.826354 9.572438 0.369127
v 5.917086 9.572715 0.521182
v 5.952975 9.531538 0.639344
v 5.924016 9.573112 0.673638
v 5.856163 9.572421 0.806022
v 5.834282 9.531649 0.866497
v 5.621031 9.531500 0.936993
v 5.739395 9.573421 0.892409
v 5.416018 9.531594 0.871327
v 5.537607 9.572438 0.909333
v 5.382373 9.572601 0.802512
v 5.305928 9.531477 0.702238
v 5.297889 9.531541 0.533974
v 5.317276 9.573075 0.665909
v 5.324627 9.572421 0.521911
v 5.392714 9.531508 0.366682
v 5.397003 9.573112 0.391943
v 5.588337 9.531544 0.274709
v 5.681333 9.612053 0.407862
v 5.640364 9.621276 0.790618
v 5.417312 9.609877 0.585373
v 5.489244 9.608677 0.446069
v 5.791761 9.621383 0.532354
v 5.806794 9.621902 0.626549
v 5.541585 9.621561 0.776007
v 5.463667 9.621376 0.705631
v 5.655669 9.629957 0.427300
v 5.577581 9.631931 0.431390
v 5.727909 9.733825 0.441942
v 5.758783 9.630979 0.486627
v 5.817759 9.732789 0.604388
v 5.768200 9.625235 0.711986
v 5.713807 9.624611 0.761521
v 5.598881 9.724274 0.802164
v 5.468865 9.740986 0.735850
v 5.440707 9.631932 0.614189
v 5.455844 9.631765 0.533105
v 5.504902 9.631756 0.469196
v 5.599718 9.977338 0.355267
v 5.781615 9.991485 0.410978
v 5.861708 10.001650 0.533642
v 5.863880 10.000205 0.684761
v 5.760968 9.997287 0.816734
v 5.600038 9.980274 0.857546
v 5.424384 9.986898 0.768035
v 5.368711 9.997886 0.600374
v 5.426557 10.000208 0.441553
v 5.685232 10.479805 0.305724
v 5.816198 10.505875 0.368840
v 5.890723 10.480593 0.462498
v 5.927193 10.505871 0.576500
v 5.906910 10.479804 0.720458
v 5.815936 10.493217 0.844145
v 5.707042 10.499311 0.901271
v 5.557484 10.478569 0.908535
v 5.400462 10.479805 0.821195
v 5.326634 10.505877 0.695956
v 5.318441 10.479806 0.550807
v 5.399436 10.501021 0.389641
v 5.534237 10.487023 0.312657
v 5.660200 11.241621 0.298297
v 5.818699 11.241644 0.374224
v 5.904350 11.241640 0.489300
v 5.925225 11.241643 0.636614
v 5.872370 11.241638 0.783790
v 5.702844 11.241619 0.906522
v 5.466841 11.241621 0.876543
v 5.334109 11.241636 0.717221
v 5.326243 11.241623 0.508077
v 5.456612 11.241635 0.346812
v 5.647639 11.241646 0.277384
v 5.799045 11.241644 0.325331
v 5.912892 11.241646 0.450651
v 5.954675 11.241640 0.639513
v 5.862216 11.241644 0.836127
v 5.722453 11.241646 0.921037
v 5.532452 11.241639 0.931316
v 5.365213 11.241646 0.816595
v 5.285324 11.241639 0.630189
v 5.348911 11.241643 0.414868
v 5.493974 11.241645 0.299910
v 5.602941 9.696597 0.464245
v 5.720813 9.696589 0.500721
v 5.762995 9.696603 0.603120
v 5.732457 9.696599 0.698097
v 5.648660 9.696608 0.745555
v 5.556955 9.696600 0.735108
v 5.477572 9.696562 0.635187
v 5.510484 9.696603 0.515928
v 6.244140 9.572839 0.300539
v 6.483879 9.531594 0.341976
v 6.391217 9.572376 0.317002
v 6.517302 9.572419 0.410376
v 6.593969 9.531475 0.511067
v 6.602848 9.531526 0.671094
v 6.584424 9.573112 0.552594
v 6.572164 9.572600 0.701269
v 6.518832 9.531513 0.834966
v 6.493508 9.572376 0.831257
v 6.379779 9.531476 0.919465
v 6.222348 9.531541 0.933008
v 6.339207 9.573421 0.910010
v 6.188776 9.572419 0.902049
v 6.019011 9.531631 0.819908
v 6.059886 9.572678 0.825630
v 5.948520 9.531494 0.606651
v 5.973372 9.572372 0.668127
v 6.014195 9.531609 0.401643
v 5.985409 9.572840 0.512873
v 6.236675 9.531565 0.274517
v 6.080568 9.572845 0.365026
v 6.252903 9.609478 0.402271
v 6.410028 9.609564 0.446828
v 6.422398 9.609818 0.750185
v 6.309159 9.621309 0.791405
v 6.075799 9.610179 0.562051
v 6.205914 9.621707 0.777846
v 6.279048 9.632174 0.426030
v 6.342936 9.631111 0.437672
v 6.409431 9.632211 0.481411
v 6.454976 9.624873 0.563752
v 6.456601 9.625422 0.637934
v 6.418941 9.632357 0.723438
v 6.352059 9.732788 0.789270
v 6.218999 9.724274 0.794086
v 6.129176 9.625140 0.709496
v 6.095575 9.630032 0.615144
v 6.083752 9.745841 0.570861
v 6.131482 9.632050 0.501855
v 6.196611 9.625712 0.445666
v 6.334248 9.997886 0.360405
v 6.460612 10.005165 0.430239
v 6.527936 9.968410 0.582121
v 6.488602 10.004896 0.749879
v 6.372299 10.005166 0.842073
v 6.254046 10.001486 0.856554
v 6.140007 9.982732 0.814470
v 6.032698 10.010017 0.681326
v 6.039602 9.997420 0.532067
v 6.102452 10.005168 0.424905
v 6.207951 9.997425 0.366274
v 6.305792 10.487125 0.301808
v 6.421863 10.499377 0.334491
v 6.550097 10.469289 0.456337
v 6.583186 10.490249 0.659351
v 6.532834 10.494450 0.776348
v 6.453340 10.479807 0.860103
v 6.314272 10.493271 0.911283
v 6.163175 10.501022 0.894424
v 6.041629 10.493094 0.801185
v 5.975793 10.489785 0.666714
v 5.992985 10.479805 0.492846
v 6.080181 10.493268 0.373032
v 6.187533 10.499377 0.313091
v 6.318034 11.241621 0.298297
v 6.476535 11.241644 0.374225
v 6.565788 11.241636 0.496083
v 6.573652 11.241619 0.705225
v 6.443286 11.241638 0.866489
v 6.248514 11.241627 0.914817
v 6.084952 11.241643 0.842935
v 5.991942 11.241638 0.717219
v 5.975791 11.241644 0.571420
v 6.027526 11.241635 0.429512
v 6.367443 11.241638 0.281986
v 6.550985 11.241644 0.414869
v 6.606997 11.241646 0.568516
v 6.589509 11.241644 0.726362
v 6.488809 11.241646 0.862469
v 6.335672 11.241644 0.934680
v 6.151809 11.241644 0.913393
v 5.980841 11.241636 0.765949
v 5.954067 11.241644 0.533602
v 6.045492 11.241764 0.377680
v 6.151808 11.241644 0.299910
v 6.303096 9.696608 0.466726
v 6.387222 9.696597 0.512493
v 6.422066 9.696602 0.616690
v 6.363294 9.696572 0.725181
v 6.227216 9.696586 0.742703
v 6.149061 9.696606 0.664241
v 6.140377 9.696601 0.568867
v 6.207656 9.696596 0.482008
vn -1.0000 -0.0000 -0.0000
vn -0.0000 -0.0000 -1.0000
vn 1.0000 -0.0000 -0.0000
vn -0.0000 -0.0000 1.0000
vn -0.0000 -1.0000 -0.0000
vn -0.0000 1.0000 -0.0000
vn 0.5840 0.2081 -0.7847
vn 0.8553 0.2800 -0.4359
vn 0.7847 0.2080 0.5840
vn 0.4359 0.2800 0.8553
vn -0.5840 0.2081 0.7847
vn -0.8553 0.2800 0.4359
vn -0.7846 0.2081 -0.5840
vn -0.4359 0.2800 -0.8553
vn -0.1484 0.8040 -0.5758
vn 0.5763 0.7917 -0.2027
vn -0.5758 0.8040 0.1485
vn 0.6430 0.3550 0.6786
vn 0.1484 0.8040 0.5758
vn 0.9760 -0.1922 0.1023
vn 0.6665 0.0617 0.7429
vn 0.3894 -0.1622 0.9067
vn -0.3898 -0.1632 -0.9063
vn -0.6936 -0.2004 0.6920
vn -0.7772 -0.1688 0.6061
vn -0.8024 -0.1272 -0.5831
vn 0.2316 -0.1285 -0.9643
vn 0.6950 -0.1292 -0.7073
vn -0.2798 -0.1357 0.9504
vn -0.9912 -0.1261 0.0413
vn -0.6440 -0.0115 -0.7649
vn 0.4713 -0.0415 -0.8810
vn -0.4703 -0.0462 -0.8813
vn -0.0646 -0.0431 0.9970
vn 0.9943 -0.0430 -0.0972
vn 0.8806 -0.0461 0.4715
vn 0.4701 -0.0541 0.8810
vn 0.0645 -0.0422 -0.9970
vn 0.0002 1.0000 -0.0001
vn 0.0003 1.0000 -0.0006
vn 0.0002 1.0000 -0.0002
vn 0.0001 1.0000 -0.0000
vn 0.0002 1.0000 -0.0028
vn 0.9620 0.1106 -0.2497
vn -0.9021 0.0983 0.4201
vn 0.6503 0.0980 -0.7533
vn -0.9855 0.1165 0.1235
vn -0.9875 0.0996 -0.1221
vn 0.9837 0.0965 0.1519
vn -0.7531 0.1009 -0.6501
vn -0.1221 0.1014 0.9873
vn 0.9484 0.1016 0.3005
vn -0.3005 0.0978 -0.9488
vn 0.4585 0.0980 0.8833
vn 0.1519 0.0997 -0.9834
vn -0.6220 0.0978 0.7769
vn 0.8207 0.2027 -0.5342
vn 0.9858 0.1667 -0.0210
vn 0.1215 0.1211 0.9852
vn -0.4849 0.0156 0.8744
vn -0.9372 0.0809 0.3394
vn -0.9320 0.2143 -0.2924
vn -0.6540 0.2193 -0.7240
vn -0.2646 0.3129 -0.9122
vn 0.2747 0.9314 -0.2388
vn 0.3523 0.9301 0.1041
vn -0.4040 0.9138 0.0420
vn 0.1025 0.9282 -0.3578
vn 0.1372 0.9556 -0.2606
vn -0.0675 0.9302 0.3608
vn 0.6528 0.6423 0.4016
vn -0.8310 0.5160 -0.2079
vn 0.2505 0.8323 0.4945
vn 0.0052 0.1930 0.9812
vn -0.4023 0.2599 -0.8779
vn -0.8767 -0.0875 0.4729
vn -0.9251 -0.1384 -0.3536
vn -0.9776 -0.1675 0.1271
vn -0.6343 -0.2074 -0.7448
vn 0.4348 -0.2222 -0.8727
vn -0.1706 -0.2078 -0.9632
vn 0.8586 -0.2063 -0.4693
vn -0.5084 -0.1933 0.8391
vn 0.9838 -0.1729 0.0473
vn -0.9073 -0.2307 0.3517
vn -0.0459 -0.1005 -0.9939
vn -0.4403 -0.1280 0.8887
vn -0.7911 -0.1258 0.5986
vn 0.7412 -0.1400 0.6565
vn 0.0729 0.0944 0.9929
vn 0.0161 -0.0358 0.9992
vn 0.4487 -0.0503 -0.8923
vn -0.0517 -0.0398 -0.9979
vn 0.9983 -0.0444 0.0370
vn -0.9991 -0.0405 0.0158
vn 0.5731 -0.0191 0.8192
vn 0.4974 -0.0378 0.8667
vn -0.0000 1.0000 0.0002
vn -0.0000 1.0000 -0.0001
vn 0.0015 1.0000 0.0011
vn -0.0001 1.0000 -0.0002
vn 0.5099 0.1024 -0.8541
vn -0.8693 0.0994 -0.4841
vn -0.4472 0.0973 -0.8891
vn 0.0855 0.1005 -0.9913
vn -0.7982 0.0993 0.5941
vn 0.3893 0.3867 -0.8360
vn 0.7375 0.3279 -0.5904
vn 0.9948 -0.0614 -0.0811
vn 0.7607 -0.0292 0.6485
vn 0.1343 0.3211 0.9375
vn -0.3159 0.3867 0.8664
vn -0.7550 0.1625 0.6353
vn -0.9180 0.3220 -0.2316
vn -0.1581 0.0199 -0.9872
vn -0.0490 0.7240 0.6880
vn 0.1044 0.9310 -0.3497
vn 0.3732 0.9061 -0.1994
vn 0.1152 0.9264 -0.3585
vn -0.1325 0.9407 -0.3124
vn 0.3504 0.9303 -0.1082
vn -0.1799 0.9219 -0.3431
vn -0.5708 -0.1900 0.7988
vn 0.9220 -0.2822 0.2651
vn 0.4494 0.8133 0.3697
vn -0.9404 -0.2698 -0.2071
vn 0.0889 0.6178 -0.7813
vn 0.1259 -0.0047 0.9920
vn -0.7820 -0.0378 0.6221
vn -0.9203 -0.1418 0.3647
vn -0.9998 0.0023 0.0197
vn -0.9597 -0.1901 -0.2072
vn -0.6030 -0.2186 -0.7672
vn 0.9414 -0.2090 0.2649
vn 0.0681 -0.2191 -0.9733
vn -0.0330 -0.1904 0.9811
vn 0.6847 -0.2133 -0.6969
vn -0.5303 -0.1675 0.8311
vn -0.7680 -0.2307 0.5974
vn 0.1222 -0.0936 -0.9881
vn 0.0463 -0.0965 0.9943
vn -0.3963 -0.1038 -0.9122
vn -0.0701 -0.1220 0.9900
vn 0.6228 -0.0893 -0.7773
vn -0.2920 -0.1302 -0.9475
vn 0.9920 -0.1256 -0.0155
vn -0.9871 -0.1303 -0.0928
vn 0.8024 -0.1272 0.5831
vn -0.3962 -0.0422 -0.9172
vn 0.9038 -0.0391 -0.4261
vn -0.7934 -0.0496 0.6066
vn -0.9905 -0.0414 0.1312
vn 0.8643 -0.0402 0.5013
vn -0.9462 -0.0356 -0.3215
vn 0.4974 -0.0508 0.8661
vn 0.1226 -0.0499 -0.9912
vn -0.0018 1.0000 -0.0015
vn -0.9485 0.1011 0.3003
vn -0.9775 0.0971 -0.1872
vn 0.9776 0.0957 0.1872
vn -0.2773 0.0991 0.9557
vn 0.6646 0.0996 0.7406
vn -0.0729 0.0944 -0.9929
vn 0.2359 0.1023 0.9664
vn 0.0887 0.0309 -0.9956
vn 0.9865 0.1417 -0.0819
vn 0.8054 0.0057 0.5927
vn 0.2768 0.1785 0.9442
vn -0.6228 0.2835 0.7292
vn -0.9680 -0.0380 0.2481
vn -0.9046 0.1542 -0.3974
vn -0.5656 0.1616 -0.8087
vn -0.0001 -1.0000 0.0001
vn 0.3023 0.9157 -0.2649
vn -0.0478 0.9327 -0.3575
vn -0.0485 0.9325 -0.3578
vn 0.3174 0.9366 -0.1485
vn 0.1312 0.9184 -0.3734
vn -0.2683 0.9373 0.2226
vn 0.3843 0.9181 -0.0967
vn -0.2920 0.9299 0.2236
vn -0.0908 0.9472 -0.3074
vn -0.0173 0.9380 0.3463
vn 0.1656 0.9307 -0.3262
vn -0.1106 0.9103 0.3989
vn -0.5480 0.0598 0.8343
vn 0.0124 0.8374 -0.5464
vn -0.5401 -0.2609 0.8001
vn 0.8207 0.5368 0.1959
vn -0.4922 0.4120 -0.7668
vn -0.9552 -0.1716 0.2411
vn -0.8277 -0.1390 -0.5436
vn 0.5203 0.0749 -0.8507
vn -0.1401 -0.1577 0.9775
vn -0.9513 -0.1611 0.2629
vn -0.9229 -0.2121 -0.3214
vn 0.2344 -0.2164 0.9478
vn 0.9330 -0.2306 -0.2763
vn 0.6304 -0.1320 0.7650
vn 0.1102 -0.1016 -0.9887
vn 0.6813 -0.1354 -0.7193
vn 0.9774 -0.1340 -0.1637
vn -0.9008 -0.0974 0.4232
vn -0.9604 -0.1370 0.2428
vn 0.9380 -0.1297 0.3213
vn 0.0696 0.0939 0.9931
vn 0.5016 -0.0490 -0.8637
vn -0.1323 -0.0417 0.9903
vn -0.6101 -0.0441 0.7911
vn -0.9021 -0.0403 0.4296
vn 0.9943 -0.0463 0.0964
vn -0.9963 -0.0433 -0.0737
vn 0.7717 -0.0461 0.6343
vn -0.8408 -0.0524 -0.5388
vn 0.3219 -0.0439 0.9458
vn -0.0001 1.0000 0.0016
vn -0.0003 1.0000 0.0004
vn 0.0001 1.0000 -0.0004
vn 0.0099 0.9999 -0.0077
vn 0.0004 1.0000 0.0001
vn 0.0002 1.0000 0.0001
vn -0.0000 1.0000 0.0005
vn 0.7148 0.1065 -0.6912
vn -0.9350 0.0975 -0.3409
vn 0.7300 0.0925 0.6771
vn 0.4463 0.2661 -0.8544
vn 0.9729 0.2143 0.0865
vn 0.7363 0.0748 0.6725
vn 0.0791 0.0424 0.9960
vn -0.8492 0.2908 0.4407
vn -0.9933 -0.0113 -0.1147
vn -0.6446 0.0902 -0.7592
vn -0.3658 0.9144 -0.1732
vn -0.0807 0.0668 -0.9945
vn -0.0001 -1.0000 -0.0003
vn -0.2158 0.9474 -0.2362
vn 0.3832 0.9235 -0.0183
vn -0.3319 0.9368 0.1104
vn -0.6766 0.6388 0.3663
vn 0.7205 0.6229 0.3048
vn 0.8297 0.3706 0.4174
vn -0.6470 0.7509 -0.1328
vn -0.7769 -0.0337 0.6287
vn 0.4623 -0.1478 -0.8743
vn -0.1337 -0.0161 -0.9909
vn -0.5025 -0.1609 0.8495
vn 0.8961 -0.2123 0.3897
vn -0.5457 -0.1879 -0.8166
vn -0.5165 -0.1758 -0.8380
vn 0.4399 -0.1645 -0.8828
vn 0.3230 -0.0402 -0.9455
vn 0.6536 -0.1351 0.7447
vn 0.8803 -0.1311 -0.4559
vn -0.7468 -0.1282 0.6525
vn -0.9590 -0.1254 0.2540
vn 0.9563 -0.0393 -0.2897
vn 0.9905 -0.0451 0.1299
vn -0.9941 -0.0474 0.0975
vn -0.0004 1.0000 -0.0002
vn -0.0001 1.0000 0.0002
vn 0.0014 1.0000 0.0004
vn 0.5216 0.0944 -0.8480
vn 0.7948 0.1189 -0.5951
vn 0.9387 0.0980 -0.3306
vn -0.9544 0.0985 -0.2818
vn 0.9774 0.0986 0.1871
vn -0.6121 0.0959 -0.7849
vn -0.0903 0.0967 0.9912
vn 0.6097 0.0927 0.7872
vn -0.2948 0.1100 0.9492
vn 0.4837 0.1949 -0.8533
vn 0.8495 0.2445 -0.4675
vn 0.9572 0.2852 -0.0486
vn 0.8819 0.1338 0.4521
vn 0.4555 0.0691 0.8875
vn -0.2652 0.1077 0.9582
vn -0.9645 0.2359 0.1190
vn -0.9187 0.2186 -0.3290
vn -0.0462 0.2618 -0.9640
vn 0.0001 -1.0000 -0.0001
vn 0.0339 0.9335 -0.3569
vn -0.3164 0.9167 -0.2441
vn 0.3756 0.9193 -0.1179
vn 0.0832 0.9432 -0.3218
vn 0.2273 0.9540 0.1957
vn -0.3220 0.9406 -0.1077
vn 0.2661 0.9138 -0.3068
vn 0.2369 0.9340 0.2673
vn -0.0822 0.7654 -0.6383
vn 0.7639 0.6418 -0.0681
vn 0.9859 -0.1674 0.0052
vn -0.9873 -0.0107 -0.1588
vn -0.9289 -0.1766 -0.3255
vn -0.5018 0.0801 -0.8613
vn 0.9489 -0.1661 0.2682
vn 0.8251 -0.2017 0.5277
vn 0.7050 -0.1651 0.6897
vn 0.9752 -0.2157 -0.0499
vn -0.7364 -0.0993 -0.6692
vn -0.3007 -0.0967 -0.9488
vn 0.9550 -0.1262 0.2683
vn 0.7087 -0.1280 0.6938
vn 0.4797 -0.0152 -0.8773
vn 0.6076 -0.0406 -0.7932
vn -0.3053 -0.0403 -0.9514
vn -0.3201 -0.0494 0.9461
vn 0.9970 -0.0431 0.0646
vn -0.9906 -0.0426 0.1301
vn 0.1358 -0.0459 -0.9897
vn -0.0007 1.0000 0.0003
vn 0.0017 1.0000 0.0013
vn -0.9659 0.1021 0.2381
vn 0.9775 0.0976 0.1872
vn -0.5880 0.0990 -0.8028
vn -0.0824 0.0977 0.9918
vn 0.6096 0.0946 0.7870
vn -0.0374 0.0956 -0.9947
vn 0.7458 0.2047 -0.6339
vn 0.9932 0.1077 -0.0450
vn -0.6150 0.1543 0.7733
vn -0.9119 0.2513 0.3246
vn -0.9624 0.2497 -0.1067
vn -0.4281 0.1323 -0.8940
vn -0.3060 0.9091 -0.2827
vn 0.1986 0.9487 -0.2459
vn 0.1533 0.9234 -0.3518
vn 0.3426 0.9354 0.0874
vn -0.2947 0.9235 -0.2457
vn -0.4056 0.9136 0.0296
vn 0.1325 0.9300 -0.3428
vn -0.3681 0.9298 -0.0077
vn 0.9720 -0.1335 -0.1936
vn 0.9362 -0.1528 0.3166
vn 0.7556 -0.0435 0.6536
vn -0.7641 -0.1310 -0.6317
vn 0.2633 -0.0341 0.9641
vn 0.0766 -0.1710 0.9823
vn -0.1642 -0.0434 -0.9855
vn -0.9873 -0.1411 0.0734
vn 0.7415 -0.2335 0.6290
vn 0.2663 -0.2337 0.9351
vn 0.0451 -0.1574 0.9865
vn 0.0399 -0.1589 0.9865
vn 0.9777 -0.1785 -0.1110
vn 0.9679 -0.2296 0.1025
vn -0.7842 -0.1474 -0.6028
vn -0.6493 -0.1420 0.7472
vn 0.9739 -0.0947 -0.2061
vn 0.9857 -0.1183 -0.1201
vn 0.9386 -0.1200 0.3236
vn -0.9867 -0.1449 0.0732
vn 0.0917 -0.0458 0.9947
vn 0.5376 -0.0115 -0.8431
vn -0.3066 -0.0165 0.9517
vn 0.7511 -0.0491 -0.6583
vn -0.0989 -0.0394 -0.9943
vn -0.4412 -0.0406 0.8965
vn 0.5961 -0.0523 0.8012
vn 0.3061 -0.0078 0.9520
vn -0.0000 1.0000 0.0007
vn -0.0001 1.0000 0.0004
vn -0.0020 1.0000 0.0006
vn -0.0001 1.0000 -0.0005
vn -0.0000 1.0000 -0.0002
vn 0.0004 1.0000 0.0002
vn 0.5215 0.0964 -0.8478
vn -0.8905 0.0985 0.4442
vn 0.9575 0.0996 -0.2708
vn -0.6119 0.0999 -0.7846
vn -0.1754 0.1129 0.9780
vn -0.3460 0.0978 0.9331
vn -0.0729 0.0972 -0.9926
vn 0.3047 0.0942 0.9478
vn 0.3325 0.1304 -0.9340
vn 0.7484 0.2185 -0.6262
vn 0.9671 0.2395 -0.0860
vn 0.3334 0.2843 0.8989
vn -0.6861 0.1296 0.7159
vn -0.9808 0.0891 0.1735
vn -0.6185 0.2661 -0.7393
vn 0.0001 -1.0000 -0.0000
vn 0.1672 0.9160 0.3647
vn -0.1425 0.9506 0.2757
vn 0.0265 0.9508 0.3087
vn -0.1179 0.9241 0.3634
vn -0.3906 0.5274 0.7546
vn -0.5231 0.7848 0.3324
vn -0.8473 0.5219 0.0979
vn 0.7253 -0.0545 0.6863
vn -0.5425 0.8075 -0.2316
vn -0.7196 0.3403 -0.6052
vn 0.2378 0.5687 0.7874
vn -0.2137 0.8625 -0.4588
vn 0.9756 -0.2050 -0.0784
vn -0.9854 -0.1647 0.0424
vn 0.7196 0.0022 0.6944
vn 0.1959 -0.1538 0.9685
vn 0.3202 -0.2187 -0.9217
vn -0.4681 -0.2301 -0.8532
vn -0.9375 -0.1321 -0.3220
vn -0.9764 -0.1788 0.1214
vn 0.8795 -0.1980 0.4328
vn -0.9786 -0.1885 0.0821
vn 0.5439 -0.1979 0.8155
vn -0.8945 -0.1983 -0.4007
vn 0.4671 -0.1528 0.8709
vn 0.2864 -0.1721 -0.9425
vn 0.2704 -0.2084 0.9399
vn 0.3497 -0.1954 -0.9163
vn 0.7383 -0.1759 -0.6512
vn -0.0885 -0.2367 -0.9675
vn -0.7703 -0.1742 0.6134
vn -0.8647 -0.2310 0.4461
vn 0.9745 -0.2085 -0.0832
vn -0.6098 -0.0922 0.7871
vn -0.7785 -0.1291 0.6143
vn 0.9377 -0.1299 0.3222
vn -0.1346 -0.0467 0.9898
vn -0.2526 -0.0410 -0.9667
vn -0.4797 -0.0170 0.8773
vn -0.9906 -0.0436 -0.1299
vn -0.0006 1.0000 0.0002
vn -0.0002 1.0000 -0.0000
vn 0.0008 1.0000 -0.0015
vn 0.0004 1.0000 -0.0002
vn -0.0002 1.0000 -0.0002
vn 0.6259 0.0941 -0.7742
vn -0.6281 0.0959 -0.7722
vn -0.1255 0.0936 0.9877
vn 0.6098 0.0914 0.7873
vn -0.0374 0.0959 -0.9947
vn -0.7649 0.0941 0.6372
vn 0.2324 0.2768 -0.9324
vn 0.6825 0.1647 -0.7121
vn 0.9846 0.1039 -0.1405
vn 0.3020 0.1405 0.9429
vn -0.2770 0.1742 0.9449
vn -0.7397 0.2320 0.6317
vn -0.9391 0.2488 0.2370
vn -0.9244 0.3019 -0.2332
vn -0.7414 0.2475 -0.6238
vn -0.3122 0.9336 -0.1761
vn -0.3085 0.1873 -0.9326
vn 0.3347 0.9259 -0.1753
vn 0.0279 0.9315 -0.3627
vn -0.1801 0.9386 0.2943
vn -0.1944 0.9139 -0.3563
vn -0.0036 0.9406 -0.3394
vn -0.2664 0.4974 -0.8256
vn -0.7472 0.0961 0.6576
vn -0.6580 0.7489 -0.0781
vn 0.4493 0.8197 0.3552
vn 0.1180 0.8094 -0.5752
vn 0.5632 0.1191 -0.8177
vn -0.9672 -0.2055 0.1491
vn 0.9963 -0.0264 -0.0817
vn 0.9830 -0.1496 0.1063
vn -0.9324 0.0338 0.3600
vn 0.8475 -0.0235 0.5303
vn -0.9519 -0.1987 -0.2331
vn 0.7171 -0.1911 0.6702
vn 0.1565 0.0133 0.9876
vn 0.8838 -0.1520 -0.4426
vn -0.9861 -0.1611 0.0406
vn 0.8296 -0.2396 0.5044
vn 0.7267 -0.1589 0.6683
vn -0.9531 -0.2072 -0.2208
vn 0.3261 -0.2389 0.9147
vn -0.6622 -0.1966 -0.7231
vn 0.1056 -0.1663 0.9804
vn 0.9701 -0.2297 -0.0782
vn -0.7602 -0.1438 -0.6336
vn 0.1087 -0.1379 0.9845
vn 0.6932 -0.0925 -0.7147
vn -0.3027 -0.0902 0.9488
vn 0.8000 -0.1373 -0.5840
vn -0.4463 -0.1240 0.8863
vn 0.9877 -0.1375 0.0740
vn -0.9901 -0.1345 0.0412
vn 0.8520 -0.0858 0.5164
vn 0.7289 -0.1388 0.6704
vn -0.4426 -0.0481 -0.8954
vn -0.3006 -0.0454 0.9527
vn 0.9011 -0.0126 -0.4334
vn 0.9913 -0.0512 -0.1209
vn -0.9558 -0.0459 0.2905
vn 0.8561 -0.0477 0.5146
vn -0.8643 -0.0402 -0.5013
vn 0.3118 -0.0494 0.9489
vn -0.0003 1.0000 0.0003
vn -0.0001 1.0000 0.0001
vn 0.0010 1.0000 -0.0021
vn 0.0016 1.0000 0.0011
vn 0.7871 0.0936 -0.6097
vn -0.9947 0.0956 0.0374
vn 0.9878 0.0927 0.1255
vn 0.6011 0.0905 0.7941
vn 0.1872 0.0957 -0.9776
vn -0.1458 0.1321 0.9805
vn -0.8028 0.0990 0.5880
vn 0.2716 0.0711 -0.9598
vn 0.9752 0.1947 0.1054
vn 0.7519 0.1184 0.6486
vn 0.1220 0.0763 0.9896
vn -0.4194 0.2517 0.8722
vn -0.7769 0.2573 0.5747
vn -0.9867 0.1557 0.0462
vn -0.7847 0.2881 -0.5489
vn -0.3218 0.9275 -0.1902
vn -0.1647 0.9514 0.2602
vn 0.3479 0.9256 -0.1488
vn -0.3039 0.9490 0.0839
vn 0.0361 0.9560 0.2911
vn -0.3880 0.9210 -0.0352
vn -0.1807 0.9233 -0.3390
vn 0.3111 0.9468 -0.0830
vn -0.0310 0.9306 0.3648
vn 0.2341 0.9168 0.3236
vn -0.1535 0.8492 0.5053
vn -0.5187 0.3492 0.7804
vn 0.8244 0.3293 0.4603
vn 0.2121 0.8599 0.4643
vn 0.1458 0.2449 0.9585
vn -0.9913 -0.0749 0.1083
vn -0.8001 -0.1321 -0.5851
vn 0.4479 -0.2108 0.8689
vn -0.0750 -0.0365 0.9965
vn -0.9791 -0.2017 -0.0256
vn 0.4751 -0.1845 0.8604
vn 0.1042 -0.2127 -0.9715
vn 0.0114 -0.1821 0.9832
vn 0.4905 -0.1489 -0.8586
vn -0.0855 -0.2294 0.9696
vn 0.6175 -0.1987 -0.7611
vn 0.9526 -0.1518 -0.2636
vn -0.8373 -0.0951 -0.5384
vn 0.4937 -0.1288 0.8600
vn -0.7554 -0.1317 -0.6419
vn 0.0087 -0.1292 0.9916
vn 0.4900 -0.1552 -0.8578
vn -0.5907 -0.1253 0.7971
vn -0.8928 -0.1183 0.4348
vn 0.8863 -0.1348 0.4431
vn -0.0983 -0.0413 0.9943
vn -0.5298 -0.0348 0.8474
vn -0.9151 -0.0277 0.4022
vn 0.9660 -0.0430 0.2548
vn -0.9932 -0.0366 -0.1110
vn -0.8389 -0.0521 -0.5418
vn 0.3234 -0.0431 0.9453
vn -0.0004 1.0000 -0.0001
vn -0.0001 1.0000 -0.0006
vn 0.0026 1.0000 -0.0011
vn 0.0008 1.0000 0.0002
vn 0.6769 0.0955 -0.7298
vn -0.9669 0.0965 0.2361
vn -0.9326 0.1030 -0.3458
vn 0.9898 0.0966 -0.1049
vn -0.4756 0.0973 -0.8743
vn -0.1573 0.0986 0.9826
vn 0.1222 0.0972 -0.9877
vn 0.6251 0.1056 -0.7734
vn 0.9156 0.2784 -0.2900
vn 0.9705 0.1886 0.1500
vn -0.9269 0.1707 0.3341
vn -0.9547 -0.0027 -0.2975
vn -0.0117 0.2286 -0.9734
vn 0.2408 0.9469 -0.2130
vn 0.0207 0.0209 0.9996
vn 0.0158 0.9440 -0.3294
vn -0.3501 0.9366 0.0143
vn 0.3211 0.9190 0.2289
vn -0.2890 0.9566 -0.0369
vn 0.3600 0.9326 -0.0256
vn -0.3037 0.9370 0.1724
vn 0.3599 0.9326 -0.0256
vn -0.1791 -0.3124 -0.9329
vn -0.2602 0.8097 0.5261
vn 0.5836 0.8032 -0.1190
vn -0.5922 0.7983 0.1097
vn 0.1213 0.7971 -0.5915
vn -0.2012 -0.1452 -0.9687
vn 0.8332 -0.2443 0.4960
vn -0.9234 -0.2102 -0.3212
vn 0.5451 -0.2076 0.8122
vn -0.5651 -0.2322 -0.7917
vn 0.9571 -0.2096 -0.2001
vn 0.6800 -0.1286 0.7219
vn -0.7697 -0.1418 -0.6225
vn 0.2494 -0.1305 0.9596
vn 0.3654 -0.1237 -0.9226
vn -0.3317 -0.1350 0.9337
vn 0.8014 -0.1009 -0.5896
vn 0.8611 -0.1327 -0.4909
vn 0.9954 -0.0870 -0.0405
vn 0.9818 -0.1356 0.1331
vn -0.6039 -0.0498 -0.7955
vn 0.4468 -0.0437 -0.8936
vn -0.0646 -0.0439 0.9969
vn 0.8039 -0.0484 -0.5928
vn -0.4713 -0.0413 0.8810
vn -0.7974 -0.0354 0.6023
vn 0.8096 -0.0415 0.5855
vn 0.4401 -0.0355 0.8972
vn -0.0017 1.0000 0.0020
vn -0.0001 1.0000 -0.0000
vn -0.0024 1.0000 -0.0013
vn 0.0037 1.0000 0.0020
vn 0.0002 1.0000 0.0003
vn 0.0007 1.0000 0.0020
vn 0.8744 0.0952 -0.4757
vn 0.9829 0.0956 0.1574
vn -0.7795 0.0995 -0.6184
vn -0.1255 0.0928 0.9877
vn -0.2651 0.0972 -0.9593
vn 0.3461 0.0959 -0.9333
vn -0.7597 0.0957 0.6431
vn 0.4952 0.2811 -0.8220
vn 0.8657 0.3700 -0.3371
vn 0.9198 0.3572 0.1626
vn 0.6426 0.3824 0.6640
vn 0.2560 0.3332 0.9074
vn -0.2924 0.2143 0.9320
vn -0.7606 0.0610 0.6463
vn -0.9420 0.3046 0.1409
vn -0.5327 0.1369 -0.8351
vn -0.0418 0.9187 -0.3927
vn -0.2695 0.9288 -0.2543
vn 0.3043 0.9427 -0.1366
vn 0.0828 0.9568 0.2785
vn 0.0473 0.9341 0.3539
vn -0.0961 0.8221 -0.5612
vn -0.5803 0.0428 0.8133
vn 0.5789 0.7440 -0.3338
vn 0.8731 0.3338 0.3553
vn -0.9015 0.3896 -0.1884
vn -0.4013 0.7858 -0.4707
vn -0.9401 -0.1792 0.2901
vn -0.9061 -0.1562 0.3933
vn -0.9195 -0.1446 0.3654
vn -0.9561 -0.1542 -0.2490
vn -0.9367 -0.0828 -0.3401
vn 0.2034 -0.2069 0.9570
vn -0.0083 -0.2341 -0.9722
vn -0.3192 -0.2032 0.9256
vn 0.8475 -0.2036 -0.4903
vn -0.6416 -0.1682 0.7483
vn -0.7948 -0.2271 0.5628
vn 0.2562 -0.1254 -0.9585
vn -0.1079 -0.1331 0.9852
vn 0.6544 -0.1252 -0.7457
vn -0.2554 -0.1299 -0.9581
vn -0.6437 -0.1313 0.7539
vn 0.9366 -0.1318 0.3245
vn -0.9825 -0.1391 -0.1242
vn -0.4949 -0.0595 -0.8669
vn 0.7744 -0.0476 -0.6309
vn -0.1223 -0.0095 -0.9924
vn -0.4412 -0.0414 0.8965
vn -0.7728 -0.0362 0.6337
vn -0.9667 -0.0459 0.2518
vn 0.8934 -0.0510 0.4464
vn -0.9395 -0.0542 -0.3381
vn 0.4999 -0.0505 0.8646
vn 0.0645 -0.0406 -0.9971
vn -0.0116 0.9999 0.0003
vn 0.0013 1.0000 0.0001
vn -0.9559 0.0963 -0.2773
vn -0.7327 0.1065 -0.6721
vn 0.7365 0.0989 0.6691
vn -0.2652 0.0959 -0.9594
vn 0.3004 0.1004 0.9485
vn -0.7939 0.0922 0.6010
vn 0.4819 0.2121 -0.8501
vn 0.8029 0.2286 0.5506
vn -0.2141 0.1297 0.9682
vn -0.9090 0.2687 0.3186
vn -0.6479 0.2406 -0.7228
vn -0.0174 0.9414 -0.3369
vn -0.0596 0.9288 -0.3658
vn 0.3449 0.9324 0.1075
vn -0.2973 0.9174 -0.2645
vn 0.1446 0.9157 -0.3749
vn 0.3571 0.9149 0.1884
vn 0.2439 0.9465 -0.2113
vn -0.3327 0.9278 0.1689
vn 0.5180 0.5375 -0.6654
vn -0.3670 0.7406 0.5629
vn -0.7040 0.0946 0.7038
vn 0.5903 0.7968 -0.1292
vn -0.7201 0.6796 -0.1403
vn 0.5270 -0.6010 0.6008
vn -0.7093 -0.0813 -0.7002
vn 0.0606 0.6602 0.7486
vn -0.2546 0.8043 -0.5369
vn -0.9512 -0.1511 0.2691
vn -0.9741 -0.2013 -0.1027
vn -0.7299 0.1025 -0.6758
vn 0.5769 0.0023 0.8168
vn -0.0225 -0.1652 0.9860
vn 0.3789 -0.2159 0.8999
vn 0.2052 -0.1664 0.9645
vn -0.5607 -0.1684 -0.8107
vn -0.4346 -0.2063 -0.8767
vn 0.0399 -0.2125 0.9763
vn 0.6432 -0.1907 -0.7416
vn -0.4898 -0.1587 0.8573
vn -0.5384 -0.1810 0.8230
vn 0.9337 -0.2051 -0.2935
vn -0.8904 -0.1968 0.4104
vn 0.4234 -0.0955 0.9009
vn 0.0702 -0.1327 -0.9887
vn 0.2037 -0.1344 0.9698
vn 0.4582 -0.0952 -0.8837
vn 0.6035 -0.1239 -0.7877
vn -0.0757 -0.0922 -0.9929
vn -0.4900 -0.1552 0.8578
vn 0.8909 -0.1266 -0.4362
vn 0.9667 -0.0925 -0.2384
vn 0.9822 -0.1365 0.1286
vn 0.9555 -0.1007 0.2772
vn 0.4572 -0.0500 -0.8880
vn -0.1347 -0.0486 0.9897
vn -0.0792 -0.0420 -0.9960
vn 0.9699 -0.0399 -0.2403
vn -0.9561 -0.0395 0.2903
vn -0.9940 -0.0395 -0.1020
vn 0.7673 -0.0389 0.6401
vn -0.8763 -0.0421 -0.4799
vn 0.4290 -0.0460 0.9021
vn -0.0003 1.0000 -0.0020
vn 0.0001 1.0000 -0.0005
vn 0.0002 1.0000 -0.0009
vn 0.0012 1.0000 0.0004
vn -0.9485 0.1005 0.3004
vn -0.9771 0.1015 -0.1871
vn -0.6097 0.0924 -0.7872
vn -0.0903 0.0952 0.9914
vn 0.6097 0.0928 0.7872
vn 0.1162 0.0934 -0.9888
vn -0.6503 0.0982 0.7533
vn 0.2625 -0.0760 -0.9619
vn 0.9713 0.2369 -0.0207
vn 0.7848 0.0064 0.6197
vn -0.4066 0.3017 0.8624
vn -0.9669 0.2546 -0.0158
vn -0.8424 0.2748 -0.4635
vn -0.4631 0.0854 -0.8822
vn -0.0023 0.9395 -0.3425
vn -0.0204 0.9303 -0.3663
vn 0.3581 0.9182 -0.1692
vn -0.2771 0.9336 0.2273
vn 0.3157 0.9488 0.0058
vn 0.3718 0.9264 0.0589
vn -0.1337 0.9166 0.3767
vn 0.0755 0.5217 -0.8498
vn 0.5536 0.8196 0.1474
vn -0.8515 0.5146 0.1004
vn 0.5155 0.7300 0.4488
vn 0.3455 -0.6584 0.6687
vn 0.1849 0.2785 -0.9425
vn 0.9696 -0.1585 -0.1867
vn 0.1564 0.0078 -0.9877
vn -0.0504 -0.1609 0.9857
vn 0.6562 -0.1480 -0.7400
vn 0.7882 -0.0278 -0.6147
vn -0.9463 -0.1770 0.2705
vn 0.7416 -0.2023 0.6397
vn 0.3964 -0.1896 0.8983
vn -0.2838 -0.1581 0.9458
vn 0.7660 -0.2376 -0.5974
vn -0.5659 -0.2304 0.7916
vn 0.6558 -0.1262 0.7443
vn -0.7470 -0.1269 0.6525
vn 0.9763 -0.1423 -0.1628
vn 0.6076 -0.0423 -0.7931
vn -0.2896 -0.0474 -0.9560
vn 0.9097 -0.0512 -0.4120
vn -0.9520 -0.0495 -0.3022
vn 0.2737 -0.0420 0.9609
vn 0.8889 0.0999 -0.4471
vn -0.9912 0.0964 -0.0903
vn -0.8373 0.1102 -0.5355
vn 0.9829 0.0953 0.1574
vn -0.7298 0.0966 -0.6768
vn -0.7873 0.0914 0.6098
vn 0.5359 0.0851 -0.8400
vn 0.9567 0.2370 0.1692
vn 0.6616 0.3085 0.6835
vn -0.8455 0.2520 0.4708
vn -0.9572 0.2788 0.0777
vn -0.8686 0.2863 -0.4044
vn -0.5864 0.2085 -0.7828
vn -0.1656 0.4496 0.8778
vn -0.3543 0.9283 0.1131
vn 0.3328 0.9380 0.0970
vn 0.3537 0.9314 -0.0860
vn 0.2678 0.9313 0.2467
vn -0.0514 0.9587 0.2798
vn -0.1157 0.9312 -0.3457
vn 0.2883 0.9570 0.0327
vn -0.2038 0.8157 0.5414
vn -0.6042 0.7959 0.0385
vn 0.1390 0.7917 0.5949
vn -0.3796 0.7240 -0.5759
vn 0.9714 -0.2223 0.0830
vn -0.3080 -0.1209 0.9437
vn 0.2576 -0.1563 -0.9535
vn -0.5532 -0.1974 -0.8093
vn 0.2045 -0.2080 0.9565
vn 0.9849 -0.1590 -0.0685
vn 0.3067 -0.0128 -0.9517
vn -0.8529 -0.1177 -0.5087
vn -0.2852 -0.1447 0.9475
vn 0.7747 -0.1314 -0.6185
vn -0.0598 -0.0920 -0.9940
vn 0.9238 -0.1255 0.3618
vn -0.9954 -0.0944 0.0175
vn -0.9902 -0.1201 -0.0707
vn 0.4734 -0.0460 -0.8796
vn -0.4679 -0.0396 -0.8829
vn 0.7836 -0.0165 -0.6210
vn 0.8665 -0.0412 -0.4974
vn -0.6087 -0.0443 0.7921
vn -0.8874 -0.0427 0.4590
vn -0.9994 -0.0327 0.0147
vn 0.8937 -0.0429 0.4465
vn -0.0006 1.0000 0.0017
vn -0.0001 1.0000 -0.0010
vn 0.0004 1.0000 -0.0013
vn 0.0035 1.0000 -0.0031
vn 0.0001 1.0000 0.0001
vn -0.0430 0.1118 0.9928
vn 0.4939 0.0928 -0.8645
vn -0.9875 0.0955 -0.1254
vn 0.9388 0.0969 -0.3306
vn 0.9835 0.0983 0.1519
vn -0.6647 0.0966 -0.7408
vn 0.8716 0.1179 0.4758
vn 0.7764 0.1044 0.6215
vn 0.4202 0.0966 0.9023
vn -0.7868 0.0970 0.6095
vn 0.7080 0.3121 -0.6335
vn 0.9039 0.2772 0.3258
vn -0.2637 0.1516 0.9526
vn -0.7696 0.1819 0.6121
vn -0.9870 0.1545 -0.0448
vn -0.7460 0.2035 -0.6341
vn -0.2665 0.9182 0.2931
vn 0.2336 0.9570 -0.1719
vn 0.1696 0.9283 0.3310
vn -0.3613 0.9300 0.0668
vn -0.2549 0.9355 -0.2445
vn -0.3975 0.9168 0.0396
vn 0.0880 0.9379 -0.3356
vn 0.3744 0.9097 0.1799
vn 0.3716 0.9225 -0.1044
vn -0.3370 0.9370 -0.0917
vn 0.2333 0.9358 -0.2643
vn 0.4133 0.7642 -0.4952
vn 0.7583 0.3333 -0.5603
vn 0.6046 0.7366 -0.3030
vn 0.6398 0.7602 0.1129
vn 0.1445 0.7974 0.5858
vn -0.7111 -0.1615 0.6843
vn -0.9692 -0.1396 0.2031
vn -0.9933 -0.0220 -0.1135
vn 0.6753 -0.1699 0.7177
vn -0.9426 -0.1433 -0.3016
vn -0.6603 0.0043 -0.7510
vn -0.9813 -0.1825 0.0611
vn 0.8709 -0.2267 0.4360
vn -0.7848 -0.2158 -0.5809
vn 0.2564 -0.2162 -0.9421
vn -0.2745 -0.1998 -0.9406
vn 0.6298 -0.1308 0.7657
vn -0.8889 -0.1247 -0.4408
vn -0.6036 -0.1298 -0.7866
vn 0.1299 -0.1296 0.9830
vn -0.3556 -0.1373 0.9245
vn -0.6711 -0.0809 0.7369
vn 0.9841 -0.0969 0.1486
vn -0.4928 -0.0105 -0.8701
vn -0.1036 -0.0431 0.9937
vn 0.7572 -0.0095 -0.6531
vn -0.6736 -0.0479 0.7375
vn 0.9462 -0.0440 -0.3204
vn 0.9887 -0.0418 0.1441
vn 0.7894 -0.0500 0.6118
vn -0.0000 1.0000 0.0004
vn -0.0003 1.0000 -0.0002
vn -0.0027 1.0000 -0.0048
vn 0.0001 1.0000 -0.0001
vn 0.0003 1.0000 0.0005
vn 0.0001 1.0000 0.0002
vn -0.3487 0.1048 -0.9314
vn 0.6503 0.0982 -0.7533
vn -0.9747 0.0972 0.2012
vn 0.9485 0.1005 -0.3004
vn -0.8645 0.0939 -0.4939
vn 0.9831 0.1023 0.1518
vn 0.7535 0.0959 0.6504
vn 0.1519 0.0990 -0.9834
vn -0.7613 0.1011 0.6404
vn 0.4867 0.0722 -0.8706
vn 0.9442 0.1220 -0.3059
vn 0.8947 0.0172 0.4463
vn 0.3467 0.0814 0.9344
vn -0.3056 -0.0689 0.9496
vn -0.8666 0.0885 0.4910
vn -0.9813 0.1844 -0.0546
vn 0.0483 0.9345 -0.3527
vn -0.0794 0.9468 0.3117
vn 0.2611 0.9571 0.1254
vn -0.2354 0.9368 -0.2590
vn 0.0268 0.9240 0.3816
vn -0.3144 0.9491 -0.0173
vn 0.2401 0.9288 0.2824
vn -0.3068 0.9442 0.1202
vn -0.2493 -0.1169 -0.9613
vn 0.5076 0.8616 -0.0010
vn 0.3896 0.7259 -0.5668
vn -0.9716 -0.2131 0.1025
vn -0.9779 -0.1796 0.1075
vn 0.8038 -0.1627 0.5722
vn -0.9252 -0.1783 -0.3349
vn 0.7221 -0.2014 0.6618
vn -0.9351 -0.1716 -0.3100
vn 0.4218 -0.1631 0.8919
vn 0.1317 -0.2115 0.9685
vn 0.4513 -0.2016 -0.8693
vn 0.6649 -0.1556 -0.7305
vn -0.2367 -0.2089 -0.9488
vn -0.7560 -0.1592 0.6349
vn 0.9549 -0.2512 0.1582
vn 0.4241 -0.1236 0.8971
vn 0.0832 -0.1364 -0.9872
vn 0.6681 -0.1302 -0.7326
vn -0.7569 -0.1362 0.6392
vn -0.9843 -0.1386 0.1096
vn -0.9101 -0.0420 0.4123
vn 0.4264 -0.0195 0.9043
vn 0.3173 -0.0399 0.9475
vn -0.0014 1.0000 -0.0010
vn -0.0008 1.0000 -0.0016
vn 0.0005 1.0000 -0.0002
vn 0.0004 1.0000 -0.0001
vn -0.9719 0.1064 0.2099
vn 0.8029 0.0975 -0.5881
vn -0.1871 0.1015 0.9771
vn 0.7742 0.0946 0.6259
vn -0.2711 0.0901 -0.9583
vn 0.3004 0.1005 0.9485
vn -0.7409 0.0948 0.6649
vn 0.6202 0.0622 -0.7820
vn 0.9728 -0.0022 -0.2317
vn 0.8936 0.1360 0.4279
vn -0.8830 0.1514 0.4444
vn -0.5241 0.2546 -0.8127
vn -0.0441 0.1749 -0.9836
vn 0.1559 0.9444 0.2894
vn -0.2385 0.9296 -0.2809
vn -0.2554 0.1748 0.9509
vn 0.9173 0.1712 -0.3595
vn 0.5261 0.8467 0.0791
vn 0.8393 0.2685 0.4728
vn 0.9669 -0.2129 0.1408
vn 0.6486 -0.2068 0.7325
vn 0.4044 -0.1639 0.8998
vn -0.7841 -0.1951 -0.5891
vn 0.2461 -0.1994 0.9485
vn -0.4741 -0.2009 -0.8573
vn -0.1730 -0.1892 -0.9666
vn 0.3390 -0.0434 -0.9398
vn -0.3226 -0.1344 -0.9370
vn -0.6887 -0.0866 0.7199
vn 0.9255 -0.0869 0.3686
vn -0.6001 -0.0139 -0.7998
vn 0.5150 -0.0172 -0.8570
vn 0.7877 -0.0475 -0.6143
vn -0.0944 -0.0373 -0.9948
vn 0.8929 -0.0151 -0.4500
vn -0.6921 -0.0416 0.7206
vn 0.9259 -0.0397 0.3756
vn -0.0078 1.0000 0.0023
vn -0.0001 1.0000 -0.0011
vn 0.0005 1.0000 -0.0013
vn 0.0006 1.0000 -0.0002
vn 0.0003 1.0000 -0.0000
vn -0.9858 0.0957 -0.1377
vn 0.9826 0.0986 0.1573
vn -0.6648 0.0966 -0.7408
vn -0.0903 0.0973 0.9912
vn 0.6096 0.0955 0.7870
vn -0.6504 0.0959 0.7535
vn 0.4847 0.0281 -0.8742
vn 0.9566 0.2373 0.1692
vn 0.6638 0.2821 0.6927
vn -0.4534 -0.0770 0.8880
vn -0.9513 -0.0055 0.3083
vn -0.4579 0.3129 -0.8321
vn -0.0484 0.2968 -0.9537
vn 0.2852 0.9176 -0.2770
vn -0.3932 0.9185 0.0407
vn -0.2210 0.9426 -0.2502
vn 0.3877 0.9168 -0.0960
vn -0.3393 0.9400 -0.0352
vn -0.0685 0.9279 0.3664
vn -0.9450 -0.1744 0.2767
vn -0.8054 -0.1462 0.5744
vn 0.9962 -0.0287 -0.0817
vn 0.9884 -0.1369 0.0660
vn -0.9758 -0.1878 -0.1116
vn 0.0094 0.0020 -1.0000
vn -0.7903 -0.0037 -0.6127
vn 0.5354 -0.1440 -0.8322
vn 0.8625 -0.1375 -0.4871
vn -0.7520 -0.2578 -0.6066
vn -0.3803 -0.2030 -0.9023
vn -0.4296 -0.2026 0.8800
vn 0.4683 -0.1319 0.8737
vn -0.9516 -0.1290 0.2791
vn -0.1371 -0.0473 0.9894
vn 0.8826 -0.0391 -0.4684
vn 0.9985 -0.0439 -0.0315
vn -0.9866 -0.0478 0.1557
vn -0.9274 -0.0444 -0.3714
vn -0.0003 1.0000 0.0002
vn -0.0013 1.0000 0.0005
vn -0.0017 1.0000 -0.0014
vn 0.0003 1.0000 -0.0003
vn 0.0012 1.0000 -0.0006
vn 0.0007 1.0000 0.0014
vn 0.8062 0.0964 -0.5837
vn 0.9934 0.1015 0.0537
vn 0.8315 0.0972 0.5470
vn -0.4299 0.0992 0.8974
vn 0.2621 0.0935 0.9605
vn 0.3125 0.0969 -0.9450
vn 0.2133 0.1542 -0.9647
vn 0.6751 0.2189 -0.7045
vn 0.8686 0.2231 0.4425
vn 0.5766 0.2594 0.7747
vn 0.0816 0.1593 0.9839
vn -0.9960 -0.0106 0.0885
vn -0.7812 0.3020 -0.5464
vn -0.3716 0.3830 -0.8457
vn 0.1827 0.9344 0.3059
vn 0.2910 0.9321 -0.2157
vn 0.4201 0.9074 -0.0147
vn -0.1308 0.9049 -0.4050
vn 0.3711 0.9279 0.0373
vn -0.7786 -0.5825 -0.2334
vn -0.8857 -0.1564 0.4371
vn 0.8519 -0.1556 0.5000
vn -0.9607 -0.1483 -0.2346
vn 0.0693 -0.0623 0.9956
vn 0.0773 0.0013 -0.9970
vn -0.4768 -0.1283 0.8696
vn 0.3139 -0.1689 -0.9343
vn 0.5160 -0.2031 -0.8321
vn -0.5322 -0.1892 0.8252
vn 0.4941 -0.1339 0.8591
vn -0.6184 -0.1355 -0.7741
vn -0.5380 -0.1291 0.8330
vn 0.9836 -0.1259 -0.1290
vn 0.9215 -0.1288 0.3665
vn -0.2578 -0.0431 0.9652
vn 0.9944 -0.0395 0.0977
vn 0.8810 -0.0413 0.4713
vn 0.6337 -0.0362 0.7728
vn -0.7272 -0.0414 -0.6852
vn 0.2568 -0.0453 0.9654
vn -0.0001 1.0000 0.0006
vn -0.0008 1.0000 0.0002
vn 0.0006 1.0000 0.0022
vn -0.9929 0.0944 0.0729
vn 0.9452 0.0944 0.3126
vn -0.1254 0.0970 0.9873
vn 0.0782 0.0982 -0.9921
vn 0.2557 0.3369 -0.9062
vn 0.6214 0.3751 -0.6879
vn 0.9567 0.2369 0.1692
vn 0.6584 0.1642 0.7345
vn 0.0795 0.1802 0.9804
vn -0.4918 0.0730 0.8676
vn -0.8321 0.3048 0.4633
vn -0.7954 0.1895 -0.5757
vn -0.3001 0.2082 -0.9309
vn 0.2921 0.9165 -0.2732
vn 0.0581 0.9163 -0.3963
vn 0.3493 0.9315 0.1017
vn -0.3668 0.9300 0.0249
vn 0.3877 0.9166 -0.0976
vn 0.0888 0.9332 0.3482
vn -0.0742 0.9147 0.3972
vn 0.5215 0.8529 0.0252
vn -0.4273 -0.6124 -0.6651
vn -0.8982 -0.2021 0.3905
vn 0.9677 -0.1658 0.1899
vn 0.0263 -0.1074 -0.9939
vn 0.2278 -0.1340 0.9644
vn -0.3716 -0.1503 0.9161
vn -0.9779 -0.1995 -0.0623
vn -0.8706 -0.1998 -0.4496
vn 0.3646 -0.1773 -0.9142
vn 0.4728 -0.2302 -0.8506
vn -0.3183 -0.1837 0.9300
vn 0.3666 -0.1260 -0.9218
vn 0.0155 -0.0838 0.9964
vn -0.2522 -0.1432 0.9570
vn 0.9954 -0.0951 -0.0121
vn 0.9911 -0.1166 0.0640
vn 0.8581 -0.1209 0.4990
vn -0.6241 -0.0435 -0.7801
vn 0.0166 -0.0516 0.9985
vn 0.4715 -0.0460 -0.8807
vn -0.0921 -0.0534 -0.9943
vn 0.8661 -0.0508 -0.4973
vn -0.9555 -0.0430 0.2920
vn 0.9284 -0.0084 0.3714
vn 0.8107 -0.0511 0.5833
vn -0.0003 1.0000 0.0011
vn -0.0010 1.0000 0.0012
vn 0.0004 1.0000 -0.0000
vn 0.0018 1.0000 0.0006
vn 0.0008 1.0000 0.0015
vn -0.9667 0.0990 0.2360
vn -0.9332 0.0964 -0.3461
vn -0.4755 0.1004 -0.8740
vn -0.1255 0.0935 0.9877
vn 0.6097 0.0935 0.7871
vn 0.0855 0.0991 -0.9914
vn -0.7405 0.1007 0.6645
vn 0.9835 0.1417 0.1122
vn -0.6413 0.0354 0.7665
vn -0.9552 0.2429 0.1690
vn -0.6196 0.3816 -0.6859
vn -0.2626 0.3345 -0.9051
vn -0.0303 0.1440 0.9891
vn 0.1566 0.9356 0.3165
vn 0.3105 0.9310 -0.1921
vn 0.1259 0.9350 -0.3316
vn 0.2844 0.9544 -0.0906
vn 0.0422 0.9221 0.3845
vn -0.2930 0.9551 -0.0435
vn 0.1464 0.9532 -0.2646
vn 0.3598 0.9329 -0.0183
vn -0.0816 0.9450 0.3166
vn -0.3277 0.9408 -0.0871
vn 0.2340 0.9184 0.3189
vn -0.1181 0.9355 0.3330
vn -0.0635 0.7912 -0.6083
vn -0.2678 0.8174 0.5101
vn -0.9474 0.2844 -0.1469
vn 0.6047 -0.2276 -0.7632
vn 0.4203 -0.1606 0.8930
vn 0.9199 -0.2093 -0.3317
vn -0.6864 -0.1636 0.7086
vn -0.8008 -0.2022 0.5638
vn 0.2963 -0.0392 -0.9543
vn 0.5633 -0.0933 0.8210
vn 0.4210 -0.1361 0.8968
vn 0.6435 -0.0993 -0.7590
vn 0.7917 -0.1333 -0.5962
vn -0.9146 -0.0834 0.3957
vn -0.9776 -0.1408 0.1565
vn 0.6417 -0.0421 -0.7658
vn -0.6101 -0.0436 0.7911
vn 0.9970 -0.0423 0.0645
vn 0.8793 -0.0419 0.4744
vn -0.0001 1.0000 0.0003
vn -0.0002 1.0000 -0.0001
vn -0.0002 1.0000 -0.0003
vn -0.0001 1.0000 -0.0001
vn 0.0002 1.0000 0.0019
vn -0.9487 0.0991 0.3004
vn 0.9388 0.0964 -0.3307
vn -0.7536 0.0944 -0.6505
vn -0.0902 0.0973 0.9912
vn -0.6501 0.1014 0.7531
vn 0.5143 0.1171 -0.8496
vn 0.7290 0.2846 0.6226
vn -0.1182 0.2602 0.9583
vn -0.6707 0.1050 0.7343
vn -0.9792 0.1693 0.1116
vn -0.8688 0.1979 -0.4538
vn -0.4559 0.1752 -0.8726
vn 0.0711 0.9170 -0.3926
vn 0.3789 0.9178 0.1190
vn -0.1743 0.9584 0.2261
vn -0.4109 0.9113 -0.0240
vn -0.2985 0.9281 0.2225
vn -0.1175 0.9238 0.3644
vn -0.1698 0.8583 0.4842
vn 0.2821 0.4597 0.8421
vn -0.9415 -0.1595 0.2968
vn 0.9997 0.0090 0.0222
vn 0.8318 -0.1731 0.5273
vn 0.2767 -0.1878 0.9424
vn 0.3698 -0.1417 -0.9182
vn 0.0401 -0.0292 0.9988
vn -0.3658 -0.2275 0.9025
vn -0.9785 -0.1982 0.0574
vn -0.9514 -0.1651 -0.2599
vn -0.8782 -0.1951 -0.4366
vn 0.7138 -0.1951 -0.6726
vn -0.5087 -0.1724 0.8435
vn 0.9092 -0.1821 -0.3745
vn -0.8448 -0.2135 0.4905
vn 0.9611 -0.1931 0.1973
vn 0.6324 -0.1302 0.7636
vn 0.4514 -0.1384 -0.8815
vn -0.3921 -0.0951 -0.9150
vn -0.2481 -0.1369 -0.9590
vn 0.7836 -0.0891 -0.6149
vn -0.5137 -0.1303 0.8481
vn 0.8903 -0.1368 -0.4344
vn 0.9898 -0.0915 -0.1092
vn -0.9448 -0.1362 0.2980
vn -0.9960 -0.0888 0.0126
vn 0.0158 -0.0405 0.9991
vn -0.3962 -0.0498 -0.9168
vn 0.7841 -0.0420 -0.6192
vn -0.5852 -0.0473 0.8095
vn 0.9929 -0.0428 -0.1106
vn -0.8830 -0.0418 0.4675
vn 0.9271 -0.0493 0.3714
vn -0.9993 -0.0338 0.0163
vn -0.8078 -0.0474 -0.5876
vn -0.0006 1.0000 -0.0001
vn -0.9667 0.0993 0.2360
vn -0.4756 0.0985 -0.8742
vn -0.3409 0.0965 0.9351
vn 0.6372 0.0941 0.7649
vn -0.7611 0.1041 0.6402
vn 0.4346 0.3312 -0.8375
vn 0.7604 0.3806 -0.5263
vn 0.9246 0.3806 0.0151
vn 0.8267 0.3311 0.4549
vn 0.5016 0.2275 0.8346
vn 0.0462 0.2572 0.9652
vn -0.4915 0.0798 0.8672
vn -0.8593 0.2603 -0.4404
vn -0.0426 0.1194 -0.9919
vn 0.2004 0.9491 -0.2432
vn 0.0677 0.9422 -0.3282
vn -0.3440 0.9383 0.0362
vn 0.1147 0.9229 -0.3677
vn 0.3715 0.9284 -0.0023
vn 0.3634 0.9316 -0.0087
vn -0.3432 0.9298 -0.1330
vn 0.5692 0.8196 -0.0653
vn -0.5562 0.8143 0.1660
vn -0.0017 0.1626 -0.9867
vn 0.9753 -0.2183 -0.0342
vn 0.2998 0.2123 0.9301
vn -0.0893 -0.2276 0.9696
vn 0.0280 -0.1290 -0.9912
vn 0.9288 -0.2589 0.2650
vn -0.9393 -0.2133 -0.2689
vn 0.7595 -0.1486 0.6333
vn 0.6259 -0.2246 0.7469
vn -0.8806 -0.1783 -0.4389
vn -0.9091 -0.1632 -0.3832
vn 0.7824 -0.1772 -0.5971
vn -0.4837 -0.1807 0.8564
vn 0.9876 -0.1504 -0.0459
vn -0.6005 -0.1241 -0.7899
vn 0.1097 -0.1389 0.9842
vn 0.6933 -0.0919 -0.7148
vn -0.0995 -0.1431 -0.9847
vn -0.4853 -0.1321 0.8643
vn -0.6066 -0.0975 0.7890
vn 0.6944 -0.0516 -0.7178
vn 0.9859 -0.0530 -0.1587
vn -0.8826 -0.0391 0.4684
vn -0.9972 -0.0473 0.0585
vn 0.7661 -0.0390 0.6415
vn 0.4390 -0.0448 0.8974
vn 0.0002 1.0000 -0.0003
vn -0.0008 1.0000 0.0024
vn -0.0004 1.0000 0.0003
vn -0.0015 1.0000 0.0008
vn 0.6728 0.0963 -0.7335
vn -0.9876 0.0939 -0.1255
vn 0.9836 0.0975 0.1519
vn -0.1872 0.0980 0.9774
vn -0.2360 0.0990 -0.9667
vn 0.3003 0.1011 0.9485
vn 0.2772 0.1028 -0.9553
vn 0.8639 0.1560 -0.4790
vn 0.9749 0.2082 0.0792
vn 0.7901 0.2020 0.5787
vn 0.4432 0.2727 0.8539
vn -0.0413 0.2863 0.9572
vn -0.4642 0.2698 0.8436
vn -0.8565 0.1970 0.4770
vn -0.9794 0.1673 -0.1135
vn -0.7433 0.1895 -0.6416
vn -0.2616 0.1895 -0.9464
vn -0.0530 -0.0248 0.9983
vn -0.3497 0.9330 0.0850
vn 0.0406 0.9560 -0.2904
vn -0.0412 0.9351 -0.3521
vn 0.1095 0.9380 -0.3288
vn 0.3818 0.9180 -0.1073
vn 0.0393 0.9256 0.3764
vn 0.2361 0.9338 0.2689
vn 0.4296 0.7890 -0.4392
vn -0.9033 -0.1154 -0.4131
vn 0.1328 0.3748 -0.9175
vn -0.9253 -0.2031 0.3202
vn 0.9902 -0.1041 0.0929
vn 0.6752 -0.0367 0.7368
vn -0.8865 0.1012 -0.4516
vn -0.5113 -0.2297 0.8281
vn -0.9741 -0.1669 -0.1525
vn -0.9709 -0.1718 -0.1671
vn -0.7040 -0.2048 -0.6800
vn 0.2384 -0.2170 -0.9466
vn -0.4144 -0.2156 -0.8842
vn -0.0642 -0.1508 -0.9865
vn -0.8778 -0.1647 0.4498
vn 0.2933 -0.0446 -0.9550
vn 0.1336 -0.1348 0.9818
vn 0.6055 -0.1427 -0.7830
vn 0.7601 -0.0975 -0.6424
vn -0.8818 -0.1348 0.4520
vn 0.9812 -0.1242 0.1476
vn -0.9791 -0.1342 -0.1528
vn -0.2854 -0.0484 0.9572
vn 0.7582 -0.0435 -0.6506
vn -0.6416 -0.0173 0.7668
vn 0.9670 -0.0331 -0.2526
vn 0.9652 -0.0439 0.2578
vn -0.9901 -0.0421 0.1342
vn 0.7513 -0.0415 0.6586
vn -0.7619 -0.0160 -0.6476
vn 0.0003 1.0000 -0.0014
vn 0.4149 0.1044 -0.9039
vn -0.9934 0.1045 -0.0471
vn -0.9822 0.1030 -0.1573
vn 0.9385 0.0996 -0.3306
vn 0.7300 0.0927 0.6771
vn 0.8455 0.1205 -0.5202
vn 0.9944 0.0019 0.1055
vn 0.6768 0.0982 0.7296
vn -0.9856 0.1254 0.1137
vn -0.8509 0.2848 -0.4415
vn -0.5735 0.2406 -0.7831
vn -0.3007 0.9389 -0.1674
vn 0.1101 0.9370 -0.3315
vn 0.1152 0.9356 -0.3337
vn -0.3743 0.9208 -0.1096
vn -0.6915 -0.6917 0.2084
vn 0.8138 0.1832 0.5515
vn 0.3258 0.7875 0.5233
vn 0.0658 0.6387 -0.7666
vn 0.9519 -0.1347 -0.2752
vn -0.9211 -0.1314 0.3666
vn -0.4502 0.2281 -0.8633
vn 0.1120 -0.0853 0.9900
vn -0.5347 -0.1047 0.8385
vn -0.9567 -0.1281 -0.2615
vn 0.7966 -0.1843 0.5757
vn -0.9639 -0.2166 -0.1552
vn 0.5190 -0.2095 0.8287
vn -0.3370 -0.2041 -0.9191
vn -0.3350 -0.1700 0.9268
vn -0.1312 -0.1547 -0.9792
vn -0.7533 -0.1797 0.6327
vn 0.3552 -0.0510 -0.9334
vn -0.7179 -0.1353 -0.6829
vn 0.1615 -0.1291 0.9784
vn -0.3368 -0.1339 0.9320
vn -0.6101 -0.0937 0.7868
vn -0.7587 -0.1240 0.6395
vn 0.9806 -0.1339 0.1430
vn -0.9629 -0.1251 0.2390
vn -0.0885 -0.0355 -0.9954
vn -0.5084 -0.0224 0.8608
vn 0.9318 -0.0128 0.3628
vn -0.9966 -0.0494 0.0663
vn 0.0021 1.0000 -0.0010
vn 0.9771 0.1015 0.1871
vn -0.4298 0.1024 0.8971
vn 0.2012 0.0957 0.9749
vn -0.8030 0.0963 0.5882
vn 0.4519 0.1923 -0.8711
vn 0.9961 0.0852 0.0212
vn 0.4848 0.3252 0.8119
vn -0.3998 0.3209 0.8586
vn -0.9609 0.2633 0.0854
vn -0.8703 0.2086 -0.4462
vn -0.5019 0.2254 -0.8351
vn -0.0462 0.2555 -0.9657
vn 0.2448 0.9421 -0.2291
vn -0.2847 0.9319 -0.2247
vn 0.3856 0.9177 -0.0959
vn 0.0383 0.9313 0.3621
vn -0.1303 0.9176 -0.3755
vn -0.2628 0.4638 0.8461
vn 0.5184 0.7596 -0.3927
vn -0.4757 0.7870 0.3928
vn 0.1425 0.7867 0.6006
vn -0.5279 0.0646 -0.8468
vn 0.2969 0.7595 -0.5788
vn -0.9768 -0.1848 0.1080
vn -0.9755 -0.2000 0.0914
vn -0.8226 0.0004 -0.5687
vn -0.5419 -0.1349 -0.8295
vn 0.0669 -0.0146 -0.9977
vn 0.9339 -0.1626 0.3185
vn 0.9166 -0.1772 0.3583
vn 0.6268 -0.2058 0.7515
vn -0.8879 -0.2326 -0.3970
vn 0.4791 -0.1583 0.8634
vn -0.4163 -0.2185 -0.8826
vn 0.2550 -0.1962 0.9468
vn 0.4401 -0.2024 -0.8749
vn 0.6412 -0.0944 0.7616
vn 0.4816 -0.1341 0.8661
vn -0.1432 -0.1335 0.9807
vn 0.5969 -0.1361 -0.7907
vn 0.8709 -0.0973 -0.4818
vn -0.9892 -0.1333 0.0602
vn -0.6024 -0.0420 -0.7971
vn -0.0835 -0.0456 -0.9955
vn 0.9948 -0.0472 -0.0907
vn -0.8811 -0.0393 -0.4714
vn 0.2549 -0.0395 0.9662
vn -0.0002 1.0000 0.0001
vn -0.0004 1.0000 -0.0003
vn -0.0018 1.0000 -0.0021
vn 0.0005 1.0000 -0.0012
vn 0.0024 1.0000 -0.0016
vn 0.0003 1.0000 0.0006
vn -0.9747 0.0972 0.2011
vn -0.7613 0.1011 0.6405
vn 0.6667 0.1316 -0.7336
vn 0.9591 0.1530 -0.2380
vn 0.3114 0.1229 0.9423
vn -0.3049 0.0219 0.9521
vn -0.9529 0.2998 0.0456
vn 0.1945 0.9502 -0.2437
vn -0.3213 0.9464 0.0334
vn 0.0949 0.9333 0.3464
vn 0.1347 0.8996 -0.4155
vn 0.3525 0.9173 0.1855
vn 0.0292 0.9152 0.4018
vn -0.3612 0.9322 -0.0227
vn -0.1652 0.9296 -0.3294
vn -0.0482 0.9377 0.3441
vn -0.3501 0.9212 0.1700
vn -0.6618 -0.1565 0.7332
vn -0.1956 0.1295 -0.9721
vn -0.8136 0.5180 0.2641
vn -0.6034 0.7892 -0.1143
vn 0.3663 0.0433 0.9295
vn 0.4881 -0.2204 -0.8445
vn -0.1447 -0.1676 0.9752
vn -0.9308 -0.1322 -0.3409
vn 0.9508 -0.2273 0.2107
vn -0.0564 -0.2114 -0.9758
vn -0.7756 -0.2096 -0.5954
vn 0.9861 -0.1653 -0.0158
vn 0.4579 -0.0996 0.8834
vn 0.2569 -0.1336 0.9572
vn 0.3000 -0.1440 -0.9430
vn 0.4484 -0.1029 -0.8879
vn -0.0500 -0.0896 -0.9947
vn 0.9539 -0.0998 -0.2830
vn 0.9917 -0.1275 -0.0155
vn -0.8661 -0.0950 0.4908
vn -0.9429 -0.1353 0.3042
vn -0.6210 -0.0157 -0.7836
vn -0.4987 -0.0412 -0.8658
vn -0.4859 -0.0420 0.8730
vn 0.9902 -0.0482 0.1308
vn -0.9966 -0.0501 0.0653
vn -0.9590 -0.0122 -0.2832
vn -0.0000 1.0000 0.0001
vn -0.0006 1.0000 -0.0010
vn -0.0001 1.0000 -0.0017
vn 0.0003 1.0000 -0.0002
vn 0.0004 1.0000 -0.0003
vn 0.0004 1.0000 0.0005
vn 0.0001 1.0000 0.0003
vn 0.9948 0.0944 -0.0374
vn 0.9575 0.1155 0.2643
vn -0.5836 0.0976 -0.8061
vn -0.4899 0.1073 -0.8651
vn 0.7741 0.0955 0.6258
vn -0.4298 0.1007 0.8973
vn 0.2308 0.0955 0.9683
vn -0.7982 0.0992 0.5941
vn 0.2633 0.0074 -0.9647
vn 0.9604 0.2734 -0.0534
vn 0.0820 0.2940 0.9523
vn -0.9443 0.1048 0.3121
vn -0.9407 0.1560 -0.3013
vn -0.4959 0.0275 -0.8679
vn -0.2875 0.9397 -0.1850
vn 0.0412 0.9389 -0.3417
vn -0.1984 0.9201 0.3377
vn -0.2176 0.9316 0.2911
vn -0.0263 0.9246 0.3800
vn -0.9408 0.0362 0.3369
vn 0.8078 0.4981 0.3153
vn -0.4892 0.8609 -0.1397
vn 0.1497 0.6275 -0.7641
vn -0.6376 -0.3135 -0.7037
vn -0.9311 -0.2093 -0.2988
vn 0.0358 0.0054 0.9993
vn -0.1295 -0.1389 0.9818
vn 0.9535 -0.1564 0.2576
vn -0.9833 -0.1432 -0.1120
vn 0.8915 -0.1957 0.4085
vn 0.1725 -0.1991 -0.9647
vn -0.6510 -0.2016 -0.7318
vn 0.4842 -0.1694 -0.8584
vn -0.5247 -0.2251 0.8210
vn -0.7845 -0.1527 0.6010
vn -0.9247 -0.2085 0.3185
vn 0.6154 -0.1346 0.7767
vn -0.8520 -0.1237 -0.5087
vn 0.1244 -0.1248 0.9844
vn 0.4853 -0.1295 -0.8647
vn -0.3244 -0.1300 0.9369
vn 0.8905 -0.1475 -0.4304
vn -0.5903 -0.0223 -0.8069
vn -0.8964 -0.0521 0.4401
vn -0.9934 -0.0084 0.1145
vn -0.9944 -0.0457 -0.0957
vn -0.8625 -0.0170 -0.5057
vn 0.4264 -0.0227 0.9043
vn -0.0002 1.0000 -0.0004
vn 0.0002 1.0000 -0.0018
vn -0.0002 1.0000 0.0002
vn 0.0001 1.0000 -0.0014
vn -0.9947 0.0955 0.0374
vn -0.7740 0.0973 -0.6257
vn 0.9349 0.0990 0.3408
vn -0.2396 0.1007 -0.9656
vn 0.9379 0.1204 0.3254
vn 0.2785 0.0938 0.9559
vn 0.8498 0.5217 0.0755
vn 0.5693 0.6826 -0.4581
vn -0.0755 0.5217 0.8498
vn 0.4581 0.6826 0.5693
vn -0.8498 0.5217 -0.0755
vn -0.5693 0.6826 0.4581
vn -0.4581 0.6826 -0.5693
vn -0.0746 0.4470 0.8914
vn -0.0001 -1.0000 -0.0000
vn 0.2703 0.9361 -0.2253
vn 0.0372 0.9361 -0.3499
vn -0.2253 0.9361 -0.2703
vn -0.3499 0.9361 -0.0372
vn -0.2703 0.9361 0.2253
vn -0.0372 0.9361 0.3499
vn 0.2269 0.9183 0.3244
vn 0.3482 0.9369 0.0306
vn 0.4873 0.7254 -0.4862
vn -0.4983 0.7214 0.4809
vn -0.8914 0.4470 -0.0746
vn 0.8791 0.4552 0.1415
vn 0.0746 0.4469 -0.8915
vn -0.4809 0.7214 -0.4983
vn -0.9515 -0.1994 0.2342
vn 0.8024 -0.1931 0.5647
vn -0.7980 -0.1671 -0.5790
vn -0.9539 -0.2096 -0.2146
vn 0.2286 -0.1814 -0.9565
vn 0.6879 -0.1780 -0.7037
vn 0.2339 -0.2030 0.9508
vn -0.2154 -0.1868 0.9585
vn 0.9918 -0.1262 0.0216
vn -0.2339 -0.2019 -0.9510
vn 0.9253 -0.2015 -0.3214
vn 0.4684 -0.0999 0.8778
vn 0.3018 -0.0202 -0.9531
vn -0.8632 -0.0989 -0.4951
vn -0.4684 -0.1001 -0.8778
vn 0.0655 -0.0938 -0.9934
vn 0.4693 -0.1009 -0.8772
vn -0.8022 -0.1163 0.5856
vn -0.0655 -0.0936 0.9935
vn 0.7899 -0.0980 -0.6053
vn -0.4693 -0.1013 0.8772
vn 0.9885 -0.1164 -0.0967
vn 0.7775 -0.0198 -0.6286
vn 0.8776 -0.0948 0.4699
vn -0.9944 -0.1039 -0.0200
vn 0.8140 -0.1261 0.5671
vn 0.1581 -0.0082 0.9874
vn -0.4220 -0.0235 0.9063
vn -0.1450 -0.0177 -0.9893
vn -0.7803 -0.0291 0.6247
vn -0.8944 -0.0217 -0.4466
vn 0.9992 -0.0131 0.0376
vn -0.9923 -0.0179 0.1227
vn -0.9990 -0.0443 -0.0102
vn 0.7683 -0.0101 0.6400
vn -0.0003 1.0000 -0.0000
vn 0.0002 1.0000 -0.0000
vn 0.0131 0.9999 0.0090
vn 0.0001 1.0000 0.0005
vn 0.3787 0.1151 -0.9183
vn 0.2747 0.3826 -0.8821
vn -0.6183 0.1151 -0.7775
vn -0.3036 0.1162 0.9457
vn 0.6786 0.1246 0.7239
vn 0.6910 0.3642 0.6244
vn 0.6103 0.5772 -0.5426
vn 0.7889 0.5813 -0.1993
vn 0.7466 0.6293 0.2158
vn 0.2600 0.6182 0.7418
vn -0.1410 0.6345 0.7600
vn -0.5460 0.6963 0.4659
vn -0.7815 0.6177 0.0882
vn -0.7053 0.6095 -0.3621
vn -0.3234 0.6474 -0.6902
vn -0.3200 0.9333 -0.1629
vn 0.0003 -1.0000 -0.0000
vn 0.3033 0.9492 -0.0837
vn -0.0399 0.4839 0.8742
vn 0.1180 0.9339 0.3376
vn 0.2377 0.9553 0.1758
vn 0.0104 0.9582 0.2860
vn -0.1431 0.9430 -0.3005
vn -0.2765 0.9307 0.2396
vn 0.3686 0.5740 -0.7312
vn -0.3078 0.9416 -0.1363
vn -0.2636 0.9447 0.1950
vn -0.1100 0.7970 -0.5939
vn -0.2483 0.8658 0.4345
vn 0.5447 0.7850 -0.2950
vn 0.9138 0.3138 -0.2579
vn -0.8826 0.1046 0.4584
vn 0.5624 0.8262 0.0332
vn 0.7532 0.3600 0.5506
vn -0.3942 0.7946 -0.4617
vn 0.7413 -0.1575 0.6524
vn -0.9495 -0.1004 -0.2972
vn -0.9144 -0.2272 -0.3351
vn -0.0426 -0.1137 0.9926
vn 0.4512 -0.2200 0.8649
vn 0.1076 -0.1531 -0.9823
vn 0.1369 -0.1305 0.9820
vn -0.4968 -0.1607 -0.8528
vn 0.7501 -0.1471 -0.6447
vn -0.4334 -0.1735 0.8843
vn -0.7811 -0.1721 0.6002
vn 0.9839 -0.1683 0.0603
vn 0.4965 -0.0921 0.8631
vn 0.1080 -0.1348 -0.9850
vn -0.8082 -0.0856 -0.5827
vn -0.4680 -0.1183 -0.8758
vn 0.4442 -0.0891 -0.8915
vn 0.7510 -0.1361 -0.6461
vn 0.9932 -0.1112 0.0345
vn -0.5821 -0.0930 0.8078
vn -0.8778 -0.1016 0.4682
vn -0.9830 -0.1205 0.1387
vn -0.4604 -0.0291 -0.8872
vn 0.8616 -0.0973 0.4982
vn 0.7331 -0.0144 -0.6800
vn -0.0468 -0.0194 0.9987
vn -0.5906 -0.0337 0.8063
vn -0.8872 -0.0291 0.4604
vn 0.9923 -0.0135 -0.1227
vn 0.9042 -0.0232 0.4264
vn -0.8063 -0.0337 -0.5906
vn -0.9971 -0.0202 -0.0732
vn 0.1053 -0.0105 -0.9944
vn -0.0003 1.0000 -0.0004
vn 0.0006 1.0000 -0.0000
vn 0.9934 0.1092 0.0343
vn 0.0002 1.0000 0.0004
vn 0.0002 1.0000 0.0005
vn 0.6346 0.1123 -0.7646
vn -0.9318 0.1107 0.3455
vn -0.9894 0.0984 0.1069
vn 0.8733 0.0961 -0.4775
vn -0.9264 0.1111 -0.3598
vn 0.5991 0.1075 0.7935
vn -0.3788 0.1124 0.9186
vn -0.1953 0.1151 -0.9740
vn -0.7471 0.5953 0.2958
vn 0.2304 0.6669 -0.7087
vn 0.6307 0.6972 -0.3406
vn 0.6650 0.7223 0.1900
vn 0.5534 0.5168 0.6531
vn 0.1799 0.5484 0.8166
vn -0.3382 0.6683 0.6626
vn -0.7049 0.3208 -0.6326
vn -0.8244 0.5531 -0.1201
vn -0.2951 0.6541 -0.6965
vn -0.3656 0.9193 0.1458
vn 0.0002 -1.0000 -0.0001
vn 0.1885 0.9486 -0.2543
vn 0.2757 0.9457 0.1720
vn 0.7973 -0.1725 0.5784
vn -0.1826 0.9157 0.3581
vn -0.2908 0.9285 -0.2308
vn 0.0745 0.9427 0.3251
vn 0.0329 0.9583 0.2838
vn -0.3810 0.9231 -0.0526
vn -0.1928 0.9364 0.2932
vn -0.2813 0.9508 -0.1294
vn 0.2543 0.9202 0.2976
vn -0.2843 -0.0991 -0.9536
vn 0.5049 0.7523 -0.4233
vn -0.3999 0.7958 0.4548
vn 0.2592 0.8287 0.4961
vn -0.3152 0.8772 -0.3621
vn 0.0362 0.7949 -0.6056
vn -0.8127 0.0005 -0.5826
vn 0.6837 -0.2124 -0.6982
vn -0.9442 -0.0964 -0.3150
vn -0.9692 -0.2340 0.0766
vn -0.9807 -0.1749 -0.0878
vn 0.4366 -0.1855 0.8803
vn -0.7647 -0.2007 -0.6123
vn -0.2950 -0.1973 -0.9349
vn 0.2969 -0.1577 -0.9418
vn -0.0676 -0.1805 0.9812
vn 0.8259 -0.1785 -0.5349
vn -0.4876 -0.1811 0.8541
vn 0.9589 -0.1921 -0.2086
vn 0.4962 -0.1028 0.8621
vn -0.8615 -0.1746 0.4769
vn -0.4416 -0.1035 0.8912
vn -0.7777 -0.1335 -0.6142
vn 0.2980 -0.1362 -0.9448
vn -0.6870 -0.1021 -0.7194
vn 0.8301 -0.1291 -0.5424
vn -0.6956 -0.0379 -0.7174
vn -0.7898 -0.1000 0.6052
vn -0.8652 -0.1317 0.4837
vn 0.9924 -0.1036 0.0670
vn -0.9872 -0.0929 0.1296
vn 0.8614 -0.0998 0.4981
vn 0.1252 0.1102 0.9860
vn 0.1581 -0.0144 0.9873
vn 0.5863 -0.0170 -0.8099
vn -0.4778 -0.0187 0.8783
vn -0.0828 -0.0114 -0.9965
vn 0.9936 -0.0272 0.1101
vn 0.9393 -0.0222 -0.3424
vn -0.9484 -0.0036 0.3171
vn -0.9190 -0.0191 -0.3939
vn -0.0005 1.0000 -0.0000
vn -0.0000 1.0000 -0.0004
vn -0.0003 1.0000 0.0001
vn 0.0023 1.0000 0.0010
vn 0.3788 0.1124 -0.9186
vn 0.9529 0.1080 -0.2833
vn -0.9894 0.1122 0.0919
vn -0.6268 0.1072 -0.7718
vn -0.6087 0.1088 0.7859
vn 0.8065 0.1148 0.5800
vn 0.7169 0.2783 -0.6393
vn 0.2643 0.6185 -0.7400
vn -0.2214 0.5635 0.7959
vn 0.8089 0.5525 -0.2011
vn 0.6819 0.6889 0.2456
vn 0.3406 0.7046 0.6226
vn -0.5861 0.6717 0.4531
vn -0.7123 0.6995 -0.0584
vn -0.5620 0.6462 -0.5164
vn -0.1130 0.6131 -0.7819
vn 0.2017 0.9417 0.2693
vn 0.3394 0.9307 0.1361
vn -0.3071 0.9338 -0.1834
vn -0.3174 0.9476 0.0351
vn 0.9250 -0.2145 0.3137
vn -0.4744 0.8605 0.1855
vn -0.9825 0.1565 -0.1012
vn 0.4406 0.8001 0.4070
vn 0.3895 0.3568 0.8491
vn 0.9555 -0.0328 -0.2931
vn -0.9242 -0.2106 0.3187
vn 0.9476 -0.1230 0.2949
vn -0.9956 0.0376 -0.0860
vn 0.4600 0.0131 0.8878
vn -0.4844 0.0383 -0.8740
vn -0.1286 -0.1952 -0.9723
vn 0.8573 -0.1964 -0.4758
vn 0.6283 -0.1655 0.7601
vn 0.2634 -0.2053 -0.9426
vn -0.8778 -0.1516 -0.4544
vn 0.6690 -0.1904 -0.7185
vn -0.6889 -0.2339 -0.6861
vn 0.0802 -0.1606 0.9837
vn -0.3231 -0.2014 -0.9247
vn -0.5909 -0.2175 0.7769
vn -0.0628 -0.2016 0.9775
vn -0.8805 -0.1333 -0.4550
vn 0.9711 -0.1785 -0.1585
vn -0.3591 -0.1083 -0.9270
vn 0.3196 -0.0964 0.9427
vn 0.2487 -0.1240 -0.9606
vn 0.0817 -0.1358 0.9874
vn 0.4942 -0.0966 -0.8640
vn -0.1308 -0.0923 0.9871
vn -0.6051 -0.1215 0.7869
vn 0.8716 -0.0830 -0.4832
vn 0.1053 -0.0195 -0.9942
vn 0.9916 -0.0899 0.0935
vn -0.9935 -0.0909 -0.0690
vn 0.7694 -0.0899 0.6324
vn 0.1526 -0.0201 0.9881
vn -0.5239 -0.0094 -0.8517
vn -0.3635 -0.0445 -0.9305
vn -0.3018 -0.0188 0.9532
vn 0.7331 -0.0100 -0.6800
vn 0.8715 -0.0479 -0.4880
vn -0.7697 -0.0134 0.6383
vn 0.9882 -0.0157 -0.1526
vn -0.9673 -0.0212 0.2527
vn 0.9532 -0.0188 0.3018
vn -0.9547 -0.0116 -0.2973
vn 0.6533 -0.0159 0.7569
vn -0.0010 1.0000 0.0009
vn -0.0001 1.0000 -0.0004
vn 0.4411 0.1130 -0.8903
vn -0.0010 1.0000 -0.0004
vn 0.0018 1.0000 0.0033
vn -0.9899 0.1080 0.0919
vn 0.9920 0.1067 0.0669
vn -0.6267 0.1094 -0.7716
vn -0.5806 0.1070 0.8072
vn 0.7081 0.5455 -0.4483
vn 0.3502 0.1179 0.9292
vn 0.2196 0.6823 -0.6973
vn -0.5430 0.5425 0.6410
vn 0.8327 0.5522 -0.0402
vn 0.6625 0.6365 0.3950
vn 0.2729 0.6613 0.6987
vn -0.1161 0.5940 0.7960
vn -0.7253 0.6565 0.2073
vn -0.6358 0.7128 -0.2961
vn -0.3431 0.6596 -0.6688
vn 0.3015 0.9473 -0.1080
vn -0.3502 0.9310 0.1026
vn -0.0960 0.9470 -0.3066
vn 0.1203 0.9406 0.3175
vn 0.1601 0.9296 -0.3319
vn 0.2791 0.9497 0.1420
vn -0.2044 0.9316 0.3006
vn -0.0157 0.9294 0.3688
vn -0.1778 0.9223 -0.3432
vn -0.9401 -0.1195 -0.3193
vn -0.3196 0.9475 0.0126
vn -0.0653 0.4966 -0.8655
vn 0.8376 0.0235 -0.5457
vn 0.5525 0.8331 -0.0256
vn 0.3483 0.7964 0.4943
vn -0.8414 0.0679 -0.5362
vn 0.2446 0.3910 0.8873
vn -0.3357 0.8053 -0.4886
vn -0.9499 -0.1829 0.2536
vn -0.8985 -0.1828 0.3991
vn -0.4619 0.8777 -0.1275
vn -0.0272 0.8901 0.4550
vn -0.9295 -0.2012 -0.3092
vn -0.9311 -0.1555 0.3299
vn 0.6500 -0.1611 0.7427
vn 0.1287 -0.1891 0.9735
vn -0.4561 -0.1365 0.8794
vn 0.4531 -0.1705 -0.8750
vn -0.0778 -0.2205 -0.9723
vn 0.8317 -0.1914 -0.5211
vn -0.7341 -0.1968 0.6499
vn 0.9782 -0.1575 0.1353
vn 0.0723 -0.1193 0.9902
vn 0.4720 -0.0995 0.8760
vn 0.3204 -0.1000 -0.9420
vn -0.6309 -0.0959 -0.7699
vn -0.1293 -0.1024 -0.9863
vn 0.4544 -0.1326 -0.8809
vn -0.5329 -0.1263 -0.8367
vn -0.3146 -0.1249 0.9410
vn 0.7488 -0.0929 -0.6562
vn 0.9855 -0.1175 0.1225
vn -0.4565 -0.0880 0.8853
vn 0.9522 -0.1004 -0.2884
vn -0.8595 -0.0961 0.5021
vn -0.6532 -0.0275 -0.7567
vn -0.9903 -0.0998 0.0971
vn 0.7977 -0.0937 0.5957
vn 0.0785 -0.0290 0.9965
vn 0.7470 -0.0252 -0.6644
vn 0.4471 -0.0164 -0.8943
vn -0.1227 -0.0258 -0.9921
vn -0.4524 -0.0347 0.8911
vn -0.8888 -0.0193 0.4578
vn 0.9923 -0.0159 -0.1227
vn -0.9727 -0.0146 -0.2318
vn 0.8933 -0.0158 0.4493
vn 0.8044 -0.0428 0.5925
vn 0.5191 -0.0233 0.8544
vn -0.0059 0.9999 0.0088
vn 0.0018 1.0000 0.0001
vn -0.0030 1.0000 0.0004
vn -0.0003 1.0000 -0.0005
vn 0.0003 1.0000 -0.0007
vn 0.0006 1.0000 0.0007
vn 0.0021 1.0000 -0.0011
vn -0.8802 0.0990 0.4642
vn -0.1168 0.1096 -0.9871
vn -0.8899 0.1129 -0.4420
vn 0.9141 0.1155 0.3887
vn -0.2955 0.1100 0.9490
vn -0.6794 0.5631 0.4705
vn 0.3455 0.1127 0.9316
vn 0.0934 0.6169 -0.7815
vn 0.5119 0.6202 -0.5944
vn 0.7864 0.5650 -0.2495
vn 0.7724 0.6198 0.1384
vn 0.5064 0.6547 0.5612
vn 0.0854 0.6868 0.7218
vn -0.3558 0.5523 0.7539
vn -0.3597 0.5381 -0.7623
vn -0.7749 0.6291 -0.0612
vn -0.6084 0.6466 -0.4602
vn 0.0386 0.9444 0.3265
vn -0.3307 0.9403 0.0806
vn 0.0406 0.9314 -0.3618
vn -0.1526 0.9337 0.3238
vn 0.2977 0.9347 -0.1942
vn -0.1605 0.9398 0.3015
vn -0.2055 0.9321 -0.2984
vn -0.4019 0.9152 -0.0307
vn -0.3369 0.9115 0.2360
vn 0.5675 0.7327 0.3756
vn 0.3387 0.9404 0.0293
vn 0.3593 0.9314 0.0589
vn -0.1737 0.8001 0.5742
vn -0.6455 0.3272 0.6901
vn 0.0987 0.5303 0.8420
vn 0.2999 0.7969 0.5244
vn -0.9635 -0.1309 -0.2337
vn 0.4322 0.5785 -0.6918
vn -0.9304 -0.1659 0.3269
vn 0.7980 0.0018 -0.6026
vn -0.6401 -0.2009 -0.7416
vn -0.9665 -0.2283 -0.1171
vn -0.9571 -0.1744 -0.2315
vn 0.4722 -0.2105 0.8560
vn 0.1290 -0.1686 0.9772
vn 0.5948 -0.1530 -0.7892
vn -0.0837 -0.1796 -0.9802
vn -0.2941 -0.1984 0.9350
vn -0.9181 -0.1401 0.3708
vn -0.4497 -0.1663 0.8776
vn 0.8821 -0.2139 -0.4196
vn -0.6340 -0.2039 0.7460
vn 0.9393 -0.1693 -0.2984
vn 0.1287 -0.1182 0.9846
vn 0.6054 -0.0964 0.7901
vn 0.1323 -0.0924 -0.9869
vn -0.6480 -0.1288 -0.7507
vn 0.6050 -0.1215 -0.7869
vn 0.0907 -0.0187 0.9957
vn -0.3145 -0.1004 0.9439
vn -0.0845 -0.1350 -0.9872
vn -0.4522 -0.1333 0.8819
vn 0.8927 -0.1000 -0.4395
vn 0.9442 -0.1326 -0.3016
vn -0.7606 -0.0898 0.6430
vn -0.8841 -0.1386 0.4462
vn 0.9935 -0.0929 0.0654
vn -0.9868 -0.0878 0.1357
vn 0.8772 -0.1010 0.4693
vn 0.8583 -0.0247 -0.5125
vn -0.1504 -0.0104 -0.9886
vn 0.9063 -0.0235 0.4220
vn -0.5864 -0.0100 0.8100
vn -0.7596 -0.0479 0.6486
vn 0.9961 -0.0197 -0.0859
vn -0.9394 -0.0157 0.3425
vn 0.6247 -0.0291 0.7803
vn -0.9937 -0.0212 -0.1101
vn -0.9570 -0.0418 -0.2870
vn -0.7682 -0.0186 -0.6400
vn -0.0002 1.0000 0.0003
vn -0.0004 1.0000 0.0002
vn -0.0014 1.0000 0.0001
vn 0.0006 1.0000 -0.0008
vn 0.0005 1.0000 0.0037
vn 0.5540 0.1075 -0.8256
vn 0.9537 0.1056 -0.2816
vn -0.9683 0.1034 0.2273
vn -0.8735 0.1056 -0.4752
vn 0.3006 0.5606 -0.7717
vn 0.9031 0.1127 0.4145
vn -0.2831 0.1131 -0.9524
vn -0.3267 0.1142 0.9382
vn 0.4621 0.1088 0.8801
vn -0.6242 0.0958 0.7754
vn 0.7227 0.3135 0.6160
vn 0.6555 0.6476 -0.3884
vn 0.8054 0.5866 0.0850
vn 0.1311 0.5203 0.8439
vn -0.5919 0.6353 -0.4960
vn -0.3301 0.6246 0.7078
vn -0.6392 0.5753 0.5103
vn -0.7580 0.6496 0.0585
vn 0.0001 -1.0000 0.0002
vn -0.1290 0.6706 -0.7305
vn -0.1625 0.9223 0.3505
vn -0.0685 0.9174 -0.3920
vn 0.0394 0.9271 0.3726
vn 0.3558 0.9108 -0.2093
vn 0.3510 0.9354 -0.0432
vn 0.2211 0.9359 0.2742
vn -0.7777 -0.2072 -0.5935
vn -0.3055 0.9197 0.2467
vn -0.3065 0.9347 0.1801
vn -0.1523 0.9494 -0.2746
vn 0.3911 0.9196 0.0376
vn -0.1617 0.0352 -0.9862
vn 0.7061 0.4625 -0.5362
vn -0.4240 0.8465 -0.3218
vn 0.1363 0.8140 -0.5647
vn -0.8185 0.0114 0.5744
vn 0.9965 -0.0183 0.0820
vn -0.9807 -0.1658 -0.1034
vn 0.6559 -0.1344 0.7428
vn 0.7667 0.0369 -0.6410
vn -0.9453 -0.0773 -0.3168
vn 0.9325 -0.1795 0.3133
vn -0.9785 -0.1944 -0.0692
vn 0.6345 -0.1738 0.7531
vn -0.2751 -0.1893 -0.9426
vn 0.3219 -0.1951 -0.9264
vn 0.3882 -0.1719 -0.9054
vn -0.4893 -0.1932 0.8504
vn 0.7795 -0.1825 -0.5993
vn 0.8591 -0.2309 -0.4567
vn 0.6410 -0.1234 0.7576
vn -0.8935 -0.2358 0.3821
vn 0.3053 -0.0429 -0.9513
vn 0.0952 -0.1086 0.9895
vn 0.3094 -0.1039 -0.9452
vn 0.7450 -0.1016 -0.6593
vn 0.3863 -0.1263 -0.9137
vn -0.5386 -0.0891 -0.8378
vn -0.2771 -0.1347 -0.9513
vn -0.5478 -0.0362 -0.8358
vn -0.1048 -0.1009 -0.9894
vn -0.4407 -0.0936 0.8928
vn -0.7689 -0.1056 0.6305
vn -0.9613 -0.0991 0.2569
vn 0.9051 -0.0954 0.4143
vn 0.9512 -0.0132 -0.3082
vn -0.7419 -0.0247 0.6701
vn -0.9600 -0.0291 0.2785
vn 0.8904 -0.0231 0.4545
vn -0.9517 -0.0267 -0.3060
vn 0.0555 -0.0208 -0.9982
vn -0.0009 1.0000 0.0014
vn -0.0005 1.0000 0.0002
vn 0.0015 1.0000 -0.0013
vn -0.9498 0.1018 -0.2958
vn 0.0014 1.0000 0.0025
vn -0.9098 0.1037 0.4018
vn 0.8012 0.4011 0.4441
vn 0.9804 0.1115 -0.1623
vn 0.8826 0.0920 0.4610
vn -0.4930 0.1102 -0.8630
vn 0.6708 0.1168 0.7324
vn 0.3267 0.1138 -0.9383
vn 0.4684 0.6581 -0.5895
vn 0.7473 0.6400 -0.1787
vn -0.2406 0.6250 0.7426
vn 0.3464 0.5604 0.7523
vn -0.7834 0.5991 -0.1658
vn -0.6082 0.7172 0.3401
vn -0.0827 0.5975 -0.7976
vn -0.5955 0.5637 -0.5724
vn -0.0356 0.9399 -0.3395
vn -0.2424 0.9489 -0.2021
vn 0.3279 0.9446 -0.0127
vn -0.3294 0.9436 -0.0324
vn 0.3319 0.9278 0.1701
vn 0.2164 0.9239 -0.3155
vn 0.2785 0.9440 0.1769
vn -0.3653 0.9276 -0.0783
vn -0.3141 0.9330 0.1757
vn -0.6417 -0.2168 -0.7357
vn 0.7145 0.0342 -0.6988
vn -0.1918 0.7975 0.5721
vn -0.1128 0.2247 -0.9679
vn 0.6586 0.7423 -0.1231
vn 0.5690 0.7744 0.2765
vn 0.1260 0.8569 -0.4998
vn -0.7753 0.0219 0.6312
vn -0.1015 -0.0249 -0.9945
vn 0.7196 0.1249 -0.6831
vn 0.9358 -0.1582 0.3151
vn -0.9326 -0.1755 -0.3154
vn -0.3132 -0.1616 0.9358
vn -0.2567 -0.1826 -0.9491
vn 0.3017 -0.0366 -0.9527
vn 0.8610 -0.2231 -0.4571
vn 0.9470 -0.1764 -0.2684
vn 0.2831 -0.1144 -0.9522
vn 0.6444 -0.1033 0.7577
vn 0.4689 -0.1418 0.8718
vn 0.3013 -0.1030 0.9480
vn -0.6879 -0.1095 -0.7175
vn -0.2601 -0.1085 -0.9595
vn -0.1228 -0.1013 0.9872
vn 0.7421 -0.1140 -0.6605
vn -0.2559 -0.1390 0.9567
vn 0.9560 -0.1132 -0.2705
vn -0.6995 -0.0420 -0.7134
vn -0.8918 -0.0960 0.4422
vn -0.9830 -0.1293 0.1306
vn 0.9117 -0.1055 0.3971
vn -0.9885 -0.0846 -0.1255
vn 0.1919 0.1141 0.9748
vn 0.7367 -0.0261 -0.6757
vn 0.1504 -0.0093 0.9886
vn 0.9600 -0.0278 -0.2785
vn -0.1450 -0.0225 -0.9892
vn -0.6014 -0.0405 0.7979
vn -0.8888 -0.0210 0.4578
vn -0.0007 1.0000 0.0007
vn 0.9644 -0.0166 0.2640
vn 0.9175 -0.0366 0.3961
vn 0.7735 -0.0103 0.6337
vn -0.9708 -0.0160 -0.2394
vn 0.6473 -0.0400 0.7612
vn 0.3058 -0.0381 0.9513
vn -0.0004 1.0000 0.0013
vn -0.0000 1.0000 -0.0003
vn -0.0107 0.9999 -0.0044
vn -0.0002 1.0000 0.0014
vn 0.0005 1.0000 0.0006
vn 0.0012 1.0000 0.0003
vn 0.0003 1.0000 0.0018
vn -0.9753 0.1095 0.1920
vn 0.9309 0.1096 -0.3485
vn -0.8719 0.1213 -0.4743
vn 0.8143 0.3675 0.4492
vn 0.8734 0.1158 0.4731
vn -0.3455 0.1114 -0.9318
vn -0.5038 0.1144 0.8562
vn 0.3271 0.1144 -0.9380
vn 0.0644 0.5839 -0.8093
vn 0.4244 0.5762 -0.6985
vn 0.6720 0.6559 -0.3438
vn 0.8208 0.5695 0.0445
vn 0.4013 0.6275 0.6673
vn 0.0420 0.5937 0.8036
vn -0.3764 0.6368 0.6729
vn -0.7078 0.6071 0.3611
vn -0.8170 0.5732 -0.0636
vn -0.7220 0.5609 -0.4052
vn -0.3781 0.6209 -0.6867
vn 0.0002 -1.0000 0.0001
vn 0.1945 0.9253 0.3255
vn -0.3462 0.9350 0.0772
vn -0.1762 0.9326 0.3149
vn 0.3443 0.9198 0.1883
vn 0.0302 0.9516 0.3058
vn -0.2657 0.9443 -0.1942
vn -0.3747 0.9267 -0.0284
vn 0.1149 0.9468 -0.3006
vn 0.3646 0.9305 0.0349
vn -0.3637 0.9129 0.1855
vn 0.1320 0.6772 0.7239
vn -0.1962 0.8119 0.5498
vn -0.4948 0.6160 -0.6130
vn 0.2056 -0.1983 -0.9583
vn 0.5639 0.1286 -0.8157
vn -0.7602 -0.1496 -0.6323
vn 0.7569 -0.2032 -0.6211
vn -0.2327 -0.1889 -0.9540
vn -0.4401 -0.1731 0.8811
vn -0.7215 -0.1918 0.6653
vn 0.2132 -0.0924 -0.9726
vn 0.9833 -0.1671 0.0718
vn 0.2078 -0.0448 -0.9772
vn -0.8614 -0.0998 -0.4981
vn 0.3142 -0.0824 0.9458
vn -0.7414 -0.1016 0.6633
vn -0.4447 -0.0820 -0.8919
vn -0.1649 -0.1430 -0.9759
vn 0.5946 -0.0227 -0.8037
vn 0.9889 -0.0824 -0.1237
vn -0.9514 -0.0983 0.2920
vn -0.9897 -0.1040 -0.0979
vn 0.1921 0.1045 0.9758
vn 0.1581 -0.0142 0.9873
vn -0.7422 -0.0381 0.6691
vn -0.3264 -0.0222 -0.9450
vn -0.4264 -0.0217 0.9043
vn -0.9988 -0.0165 -0.0468
vn 0.9966 -0.0174 0.0810
vn 0.7682 -0.0128 0.6400
vn 0.0641 -0.0161 -0.9978
vn -0.7884 -0.0159 -0.6149
vn 0.0001 0.9999 0.0135
vn -0.0013 1.0000 -0.0001
vn 0.0006 1.0000 -0.0004
vn -0.0001 1.0000 -0.0003
vn 0.0010 1.0000 0.0001
vn -0.0013 1.0000 -0.0007
vn -0.8256 0.1075 -0.5540
vn 0.5536 0.1141 -0.8250
vn -0.9524 0.1131 0.2831
vn 0.9529 0.1134 -0.2814
vn -0.2493 0.1079 -0.9624
vn -0.4752 0.1056 0.8735
vn 0.7558 0.5686 -0.3247
vn 0.0882 0.5789 -0.8106
vn 0.4583 0.6469 -0.6095
vn -0.4027 0.5348 -0.7428
vn 0.7389 0.6387 0.2146
vn 0.4240 0.6917 0.5845
vn -0.0645 0.6286 0.7751
vn -0.4909 0.5760 0.6537
vn -0.7229 0.5992 0.3441
vn -0.8420 0.5348 -0.0713
vn -0.7456 0.4942 -0.4470
vn -0.0513 0.9466 -0.3184
vn 0.8793 -0.1860 0.4385
vn 0.3931 0.9126 0.1123
vn -0.2156 0.9516 -0.2191
vn 0.2445 0.9480 0.2036
vn -0.2045 0.9408 0.2703
vn 0.2792 0.9153 -0.2903
vn 0.2058 0.9397 -0.2731
vn -0.3333 0.9288 0.1618
vn 0.3954 0.7235 -0.5659
vn -0.1887 0.8325 -0.5210
vn 0.5881 0.7753 -0.2303
vn 0.9941 -0.0895 -0.0606
vn -0.4518 0.8413 0.2968
vn -0.9671 0.2438 0.0726
vn 0.1299 0.0908 -0.9874
vn -0.8055 0.2149 -0.5522
vn 0.9923 -0.1068 -0.0629
vn 0.8491 -0.0662 0.5241
vn -0.3030 -0.2258 0.9259
vn -0.7429 -0.2208 -0.6320
vn -0.9809 -0.1754 -0.0839
vn 0.4886 -0.1913 0.8513
vn -0.3338 -0.1940 -0.9225
vn -0.5905 -0.1958 0.7829
vn 0.9115 -0.1855 -0.3671
vn -0.8811 -0.1788 0.4379
vn 0.9704 -0.2150 0.1095
vn -0.3609 -0.0971 -0.9275
vn 0.1552 -0.0847 -0.9843
vn 0.3248 -0.0965 0.9409
vn -0.0979 -0.1056 0.9896
vn 0.9548 -0.1256 -0.2695
vn 0.7140 -0.0869 -0.6947
vn -0.5202 -0.0981 0.8484
vn -0.9891 -0.1224 -0.0824
vn -0.9270 -0.0953 0.3627
vn 0.9639 -0.0930 0.2494
vn 0.7635 -0.0259 0.6453
vn 0.7562 -0.0945 0.6475
vn 0.1168 -0.0072 0.9931
vn 0.4820 -0.0155 -0.8760
vn -0.3662 -0.0440 -0.9295
vn 0.7123 -0.0494 -0.7001
vn 0.8698 -0.0159 -0.4931
vn -0.5655 -0.0243 0.8244
vn 0.9603 -0.0450 -0.2754
vn 0.9967 -0.0121 0.0808
vn -0.9278 -0.0359 0.3713
vn 0.0431 -0.0233 -0.9988
vn -0.9622 -0.0075 -0.2722
vn 0.0003 1.0000 -0.0004
vn -0.0010 1.0000 0.0017
vn -0.0009 1.0000 -0.0001
vn -0.0035 1.0000 -0.0029
vn 0.9036 0.1071 0.4147
vn 0.4435 0.1123 -0.8892
vn 0.9423 0.1127 -0.3151
vn -0.9192 0.1070 -0.3791
vn 0.4624 0.1038 0.8806
vn -0.3152 0.1102 -0.9426
vn -0.2305 0.1055 0.9673
vn -0.8139 0.1101 0.5704
vn 0.6278 0.6071 0.4871
vn 0.1148 0.6595 -0.7429
vn 0.5927 0.6266 -0.5060
vn 0.7706 0.6343 -0.0615
vn 0.1341 0.5306 0.8369
vn -0.3928 0.5081 0.7665
vn -0.3601 0.5384 -0.7619
vn -0.7157 0.5693 0.4046
vn -0.7818 0.6225 0.0353
vn -0.6070 0.6765 -0.4170
vn -0.0002 -1.0000 0.0001
vn -0.2909 0.9299 -0.2253
vn 0.1754 0.9388 0.2963
vn 0.0550 0.9276 -0.3694
vn -0.1719 0.9262 0.3356
vn -0.3192 0.9221 -0.2187
vn 0.0652 0.9092 0.4111
vn 0.3259 0.9114 0.2514
vn -0.2307 0.9548 0.1877
vn -0.6454 0.5824 0.4942
vn -0.0914 0.9460 0.3111
vn 0.5307 0.6495 -0.5446
vn 0.6666 0.4369 -0.6040
vn -0.9850 -0.1656 0.0482
vn 0.9842 0.0672 0.1640
vn -0.9590 0.2617 -0.1087
vn -0.5999 0.7726 -0.2078
vn -0.4141 0.7778 -0.4728
vn 0.9708 0.1580 0.1802
vn 0.8204 -0.1159 0.5599
vn 0.4177 -0.0787 0.9052
vn -0.7379 -0.0126 -0.6748
vn 0.2127 -0.1973 -0.9570
vn 0.6732 -0.1684 0.7200
vn -0.7691 -0.1522 -0.6207
vn 0.2513 -0.1650 0.9537
vn -0.3308 -0.1588 0.9302
vn 0.0018 -0.2008 0.9796
vn -0.1713 -0.1846 -0.9678
vn 0.6856 -0.2137 -0.6959
vn -0.8290 -0.1691 0.5331
vn 0.8579 -0.1557 -0.4896
vn -0.1814 -0.1256 -0.9754
vn 0.9791 -0.1549 0.1317
vn -0.8947 -0.0933 -0.4367
vn 0.4396 -0.0967 0.8930
vn -0.6082 -0.0973 -0.7878
vn 0.4359 -0.1032 -0.8940
vn -0.0655 -0.0943 0.9934
vn -0.9939 -0.0999 0.0472
vn -0.4692 -0.1043 0.8769
vn -0.7866 -0.1038 0.6087
vn -0.8326 -0.1271 0.5391
vn 0.9873 -0.0170 -0.1581
vn 0.8080 -0.0888 0.5824
vn 0.6400 -0.0116 -0.7683
vn -0.3760 -0.0144 -0.9265
vn -0.2973 -0.0114 0.9547
vn -0.1039 -0.0462 -0.9935
vn -0.9936 -0.0392 0.1056
vn -0.8380 -0.0204 0.5453
vn -0.8743 -0.0280 -0.4846
vn 0.8784 -0.0114 0.4779
vn -0.0001 1.0000 0.0007
vn 0.1101 -0.0172 -0.9938
vn 0.3477 -0.0131 0.9375
vn 0.0008 1.0000 -0.0005
vn 0.6269 0.1055 0.7719
vn 0.6359 0.1134 -0.7634
vn -0.9618 0.1127 0.2497
vn -0.9925 0.0977 0.0733
vn 0.9893 0.1131 -0.0919
vn -0.7039 0.1103 -0.7017
vn -0.8237 0.5254 -0.2133
vn -0.3787 0.1157 0.9183
vn 0.0374 0.1114 -0.9931
vn 0.4899 0.5021 -0.7127
vn 0.7921 0.5028 -0.3462
vn 0.8429 0.5039 0.1886
vn 0.6241 0.5037 0.5974
vn 0.1123 0.6371 0.7626
vn -0.3659 0.6577 0.6585
vn -0.7164 0.6554 0.2393
vn -0.0880 0.6208 -0.7790
vn -0.5470 0.6518 -0.5253
vn 0.0001 -1.0000 0.0001
vn -0.3215 0.9335 0.1586
vn 0.2867 0.9520 0.1071
vn -0.1311 0.9422 0.3082
vn -0.2942 0.9469 -0.1299
vn 0.0818 0.9593 -0.2704
vn 0.2888 0.9507 -0.1128
vn 0.2833 0.9225 0.2620
vn -0.1387 0.9582 -0.2501
vn 0.1708 0.6623 0.7296
vn 0.2152 0.9247 -0.3141
vn -0.2241 0.7438 0.6297
vn 0.8355 0.4294 -0.3428
vn 0.5963 0.8022 -0.0288
vn 0.3871 0.8700 0.3055
vn 0.9294 -0.1991 0.3106
vn 0.2857 0.2890 -0.9137
vn 0.2654 0.7755 -0.5729
vn -0.4417 0.4388 -0.7825
vn -0.5850 0.0843 0.8067
vn 0.7725 -0.2628 0.5781
vn 0.4457 -0.2167 -0.8686
vn -0.2161 0.0278 -0.9760
vn 0.4662 -0.2071 0.8601
vn -0.9677 -0.1966 -0.1577
vn -0.6796 -0.1891 -0.7088
vn 0.2560 -0.1678 -0.9520
vn 0.6353 -0.2272 -0.7381
vn -0.1044 -0.1609 0.9814
vn 0.4954 -0.1223 0.8600
vn -0.2567 -0.1767 -0.9502
vn 0.9392 -0.1651 -0.3010
vn 0.9772 -0.2077 -0.0429
vn 0.9438 -0.1232 -0.3068
vn 0.0655 -0.0941 -0.9934
vn -0.6921 -0.1375 -0.7086
vn 0.0644 -0.0963 0.9933
vn 0.4693 -0.1007 -0.8772
vn -0.4950 -0.0843 -0.8648
vn 0.7697 -0.1007 -0.6304
vn -0.4406 -0.0943 0.8927
vn -0.9595 -0.1161 0.2569
vn -0.7693 -0.1013 0.6308
vn 0.1880 -0.0177 0.9820
vn 0.8915 -0.0927 0.4433
vn 0.4847 -0.0193 -0.8745
vn 0.9307 -0.0164 -0.3654
vn -0.3322 -0.0180 0.9431
vn -0.8517 -0.0116 0.5239
vn 0.9979 -0.0077 0.0641
vn -0.9972 -0.0140 -0.0732
vn -0.7624 -0.0027 -0.6471
vn -0.0018 1.0000 0.0033
vn 0.0004 1.0000 -0.0012
vn 0.0002 1.0000 -0.0006
vn 0.0009 1.0000 -0.0006
vn -0.9399 0.1266 0.3171
vn 0.8682 0.1032 -0.4854
vn 0.9714 0.1013 0.2149
vn -0.1723 0.1057 0.9794
vn -0.6795 0.1133 -0.7249
vn 0.2274 0.1096 -0.9676
vn 0.5128 0.1111 0.8513
vn 0.6981 0.5603 -0.4458
vn 0.2929 0.5917 -0.7511
vn 0.9155 0.3998 -0.0448
vn 0.4335 0.5384 0.7226
vn 0.7207 0.5851 0.3718
vn -0.4635 0.5817 0.6685
vn 0.0163 0.6515 0.7585
vn -0.8295 0.5543 -0.0680
vn -0.7360 0.5610 0.3790
vn -0.1432 0.5455 -0.8258
vn -0.5996 0.5917 -0.5389
vn -0.1974 0.9381 0.2846
vn 0.1968 0.9246 0.3262
vn 0.3139 0.9284 -0.1986
vn -0.0212 0.9256 0.3778
vn -0.1601 0.9523 -0.2598
vn 0.3146 0.9373 -0.1500
vn -0.3578 0.9334 -0.0281
vn -0.8991 -0.1835 -0.3975
vn -0.3629 0.9315 -0.0252
vn 0.2125 0.9372 0.2767
vn -0.4886 0.8472 0.2084
vn 0.1186 0.5372 -0.8351
vn 0.0806 0.0420 -0.9959
vn 0.6632 -0.1750 -0.7276
vn -0.9688 -0.2144 -0.1245
vn 0.7193 -0.1744 0.6725
vn 0.6850 -0.1632 0.7101
vn 0.9796 -0.1565 0.1262
vn 0.0693 -0.1652 -0.9838
vn 0.2895 -0.2312 -0.9288
vn 0.6001 -0.1761 -0.7803
vn 0.8841 -0.1716 -0.4346
vn -0.9087 -0.1279 -0.3974
vn 0.6919 -0.1300 0.7102
vn -0.6038 -0.1092 -0.7896
vn -0.9482 -0.1243 0.2924
vn -0.1296 -0.0790 0.9884
vn 0.7701 -0.1007 -0.6299
vn -0.7165 -0.0860 0.6923
vn -0.6286 -0.0190 -0.7775
vn -0.9906 -0.0947 -0.0988
vn 0.7680 -0.1062 0.6316
vn 0.7331 -0.0140 -0.6800
vn 0.1526 -0.0165 0.9881
vn -0.3088 -0.0198 0.9509
vn -0.7134 -0.0420 0.6995
vn 0.9530 -0.0280 0.3018
vn 0.9880 -0.0231 -0.1526
vn -0.9892 -0.0207 0.1450
vn -0.9531 -0.0204 -0.3018
vn 0.6533 -0.0162 0.7569
vn 0.0699 -0.0074 -0.9975
vn -0.0004 1.0000 -0.0005
vn -0.0011 1.0000 -0.0004
vn 0.0007 1.0000 -0.0007
vn 0.0007 1.0000 0.0007
vn 0.0025 1.0000 -0.0003
vn 0.0007 1.0000 0.0001
vn 0.9918 0.1087 0.0669
vn 0.5033 0.1163 -0.8563
vn -0.8799 0.1106 0.4620
vn 0.7637 0.0912 -0.6391
vn -0.9494 0.1111 -0.2938
vn 0.7613 0.5400 -0.3589
vn -0.3483 0.1150 -0.9303
vn -0.4145 0.1114 0.9032
vn 0.3815 0.1157 0.9171
vn 0.4252 0.6708 -0.6076
vn 0.1012 0.3978 0.9119
vn 0.7366 0.6660 0.1178
vn 0.4841 0.6542 0.5811
vn -0.6460 0.5390 0.5405
vn -0.2831 0.5362 0.7952
vn -0.8156 0.5705 0.0969
vn -0.7828 0.5578 -0.2757
vn -0.5070 0.6144 -0.6046
vn -0.3169 0.9409 -0.1193
vn -0.0392 0.6981 -0.7150
vn -0.3271 0.9441 0.0410
vn -0.0000 -1.0000 0.0002
vn -0.2649 0.9104 -0.3177
vn -0.0488 0.9330 0.3565
vn 0.2230 0.9217 -0.3173
vn -0.2713 0.9353 0.2272
vn -0.3297 0.9373 -0.1127
vn 0.2565 0.9301 0.2628
vn -0.9535 -0.1125 -0.2797
vn -0.7123 0.0375 0.7009
vn -0.4807 0.6887 0.5428
vn 0.9763 -0.0949 -0.1945
vn -0.6128 0.7702 0.1768
vn -0.6201 0.7780 -0.1005
vn -0.7641 0.1995 -0.6134
vn -0.2577 0.8376 -0.4818
vn -0.9494 -0.1813 0.2566
vn 0.9316 -0.1774 0.3173
vn -0.9634 -0.1939 -0.1849
vn 0.2454 -0.2215 -0.9438
vn 0.6511 -0.1728 0.7391
vn -0.7833 -0.2008 -0.5883
vn 0.2696 -0.1664 0.9485
vn -0.2589 -0.1752 -0.9499
vn -0.6514 -0.1673 -0.7400
vn -0.0983 -0.2044 0.9739
vn 0.6719 -0.1751 -0.7196
vn 0.9700 -0.1851 -0.1577
vn -0.7381 -0.1772 0.6510
vn 0.2720 -0.1047 0.9566
vn 0.1305 -0.1000 -0.9864
vn -0.6542 -0.1092 -0.7484
vn 0.2379 -0.1246 -0.9633
vn 0.6060 -0.1030 -0.7888
vn -0.2881 -0.1103 -0.9512
vn -0.2789 -0.1135 0.9536
vn -0.9473 -0.0972 0.3054
vn 0.9056 -0.0858 -0.4153
vn -0.6412 -0.0946 0.7616
vn 0.9727 -0.0939 0.2122
vn -0.6558 -0.0154 -0.7547
vn 0.7491 -0.0964 0.6553
vn 0.7682 -0.0197 0.6399
vn 0.1581 -0.0155 0.9873
vn -0.2553 -0.0434 0.9659
vn 0.7548 -0.0057 -0.6559
vn -0.4493 -0.0157 0.8933
vn -0.6458 -0.0444 0.7622
vn -0.8698 -0.0149 0.4931
vn 0.9992 -0.0108 0.0376
vn -0.9507 -0.0488 0.3063
vn 0.9778 -0.0443 0.2049
vn -0.9944 -0.0097 -0.1053
vn 0.0699 -0.0113 -0.9975
vn -0.0008 1.0000 0.0007
vn -0.0003 1.0000 -0.0001
vn -0.0005 1.0000 -0.0003
vn 0.0001 1.0000 -0.0003
vn 0.0007 1.0000 0.0009
vn 0.4753 0.1038 -0.8737
vn -0.1821 0.1067 -0.9775
vn -0.9762 0.1143 0.1842
vn 0.9426 0.1102 -0.3152
vn 0.1465 0.5974 -0.7884
vn 0.8187 0.5381 -0.2007
vn 0.5631 0.6508 -0.5093
vn 0.2113 0.4677 0.8583
vn 0.8115 0.5348 0.2354
vn 0.6416 0.4933 0.5874
vn -0.4007 0.4958 0.7704
vn -0.7258 0.6471 0.2333
vn -0.7862 0.5745 -0.2276
vn -0.6164 0.5588 -0.5548
vn -0.2502 0.6466 -0.7207
vn 0.2487 0.9416 -0.2269
vn -0.0000 -1.0000 -0.0002
vn 0.0282 0.9500 -0.3111
vn 0.1591 0.9562 0.2458
vn -0.3089 0.9478 -0.0787
vn -0.1868 0.9155 0.3564
vn -0.2606 0.9381 -0.2281
vn 0.0947 0.9275 0.3616
vn -0.1841 0.9552 -0.2318
vn 0.6593 0.5032 -0.5587
vn -0.2503 0.9576 0.1423
vn -0.6288 0.6677 0.3985
vn 0.7513 0.6551 0.0802
vn -0.8316 0.5176 -0.2014
vn -0.0186 0.7377 -0.6749
vn 0.3987 0.8152 0.4200
vn 0.4943 0.4293 0.7559
vn 0.9103 -0.2225 0.3491
vn -0.5269 0.5331 -0.6620
vn 0.2631 0.8060 -0.5303
vn -0.8570 -0.1216 0.5008
vn 0.9459 -0.0303 0.3232
vn 0.6471 -0.2152 0.7314
vn -0.8972 -0.1997 -0.3940
vn -0.9778 -0.1980 0.0680
vn -0.9830 -0.1721 -0.0636
vn 0.4731 -0.1889 0.8605
vn -0.2740 -0.2008 0.9405
vn 0.4450 -0.2012 -0.8726
vn -0.4321 -0.1598 -0.8875
vn 0.7682 -0.1753 -0.6158
vn -0.8539 -0.2033 0.4792
vn -0.0322 -0.2159 -0.9759
vn 0.9735 -0.1829 -0.1372
vn -0.4755 -0.1157 -0.8721
vn 0.5850 -0.1030 0.8045
vn 0.4784 -0.1431 0.8664
vn -0.8155 -0.0965 -0.5707
vn 0.2544 -0.1375 -0.9573
vn 0.4674 -0.0882 -0.8796
vn 0.9827 -0.1207 -0.1402
vn -0.0479 -0.0800 0.9956
vn 0.8625 -0.0986 -0.4963
vn -0.6034 -0.0915 0.7922
vn -0.8548 -0.1305 0.5022
vn 0.9891 -0.0244 -0.1450
vn 0.8912 -0.1036 0.4416
vn 0.1526 -0.0195 0.9881
vn -0.0436 -0.0507 0.9978
vn -0.2993 -0.0169 -0.9540
vn -0.3019 -0.0171 0.9532
vn -0.0698 -0.0459 -0.9965
vn -0.7776 -0.0116 0.6286
vn 0.6533 -0.0217 0.7568
vn 0.9532 -0.0190 0.3018
vn -0.9988 -0.0171 -0.0454
vn -0.8212 -0.0405 -0.5692
vn -0.0006 1.0000 0.0005
vn -0.0015 1.0000 0.0002
vn -0.0005 1.0000 -0.0001
vn 0.0002 1.0000 -0.0005
vn -0.8452 0.1077 0.5235
vn 0.7547 0.1210 -0.6448
vn -0.2836 0.1120 -0.9524
vn 0.2122 0.4979 -0.8409
vn 0.8078 0.5440 -0.2270
vn 0.5580 0.5503 -0.6212
vn 0.4248 0.3644 0.8287
vn 0.7250 0.5967 0.3441
vn -0.2773 0.5760 -0.7690
vn -0.0942 0.6027 0.7924
vn -0.5295 0.6218 0.5770
vn -0.7752 0.6262 0.0834
vn -0.6625 0.6365 -0.3950
vn -0.3534 0.9122 -0.2074
vn -0.1632 0.2340 0.9584
vn 0.1508 0.9127 -0.3799
vn 0.3173 0.9483 0.0025
vn 0.0102 0.9466 0.3223
vn -0.1353 0.9160 -0.3777
vn 0.1854 0.9470 0.2623
vn 0.6265 -0.1848 0.7572
vn 0.6808 0.3301 0.6538
vn 0.1281 0.7238 -0.6780
vn -0.8535 -0.0085 0.5210
vn 0.9799 -0.1940 0.0474
vn 0.9002 -0.0372 0.4338
vn -0.1495 0.0394 0.9880
vn 0.9362 -0.1804 0.3018
vn -0.9691 -0.2305 -0.0882
vn 0.1278 -0.1693 0.9772
vn -0.8841 -0.1755 -0.4331
vn -0.6028 -0.1705 -0.7794
vn 0.6342 -0.1602 -0.7564
vn -0.3376 -0.2014 0.9195
vn 0.9610 -0.2181 -0.1700
vn -0.0771 -0.1533 -0.9852
vn 0.8781 -0.2100 -0.4300
vn -0.8380 -0.2101 0.5036
vn 0.6214 -0.1246 -0.7735
vn 0.4396 -0.0941 0.8932
vn 0.1216 -0.0949 -0.9880
vn -0.8052 -0.0851 -0.5868
vn -0.1004 -0.0904 0.9908
vn -0.9938 -0.0857 0.0709
vn -0.3369 -0.0943 -0.9368
vn -0.0769 -0.1360 -0.9877
vn 0.9413 -0.0960 -0.3237
vn 0.9754 -0.1283 -0.1794
vn -0.8374 -0.1412 0.5281
vn 0.9446 -0.1259 0.3030
vn 0.4960 -0.0113 0.8682
vn 0.7884 -0.0933 0.6081
vn 0.6186 -0.0494 -0.7842
vn -0.3412 -0.0401 -0.9392
vn -0.2318 -0.0142 0.9727
vn -0.7366 -0.0287 0.6757
vn 0.9892 -0.0210 -0.1450
vn -0.9602 -0.0228 0.2786
vn 0.9431 -0.0147 0.3322
vn -0.9934 -0.0562 0.1000
vn -0.9520 -0.0029 -0.3061
vn 0.1223 -0.0212 -0.9923
vn -0.8061 -0.0595 -0.5888
vn -0.0012 1.0000 0.0002
vn -0.0016 1.0000 -0.0005
vn 0.4145 0.1114 -0.9032
vn -0.8629 0.1108 0.4930
vn 0.8799 0.1106 -0.4620
vn -0.9492 0.1128 -0.2937
vn 0.9493 0.1123 0.2937
vn -0.2957 0.1038 0.9496
vn 0.3786 0.1095 0.9191
vn -0.6939 0.6274 -0.3532
vn 0.1076 0.6474 -0.7545
vn 0.5195 0.5072 -0.6876
vn 0.7899 0.5039 -0.3494
vn 0.7361 0.6518 0.1826
vn 0.4792 0.6750 0.5611
vn 0.0567 0.6728 0.7376
vn -0.4273 0.7215 0.5448
vn -0.7370 0.6495 0.1871
vn -0.3159 0.5267 -0.7892
vn -0.3778 0.9054 -0.1937
vn -0.0000 -1.0000 0.0001
vn 0.3453 0.9297 -0.1284
vn -0.3626 0.9272 0.0937
vn 0.0238 0.9417 -0.3355
vn 0.3568 0.9299 0.0894
vn 0.0963 0.9416 -0.3227
vn 0.0915 0.9562 0.2780
vn -0.2548 0.9096 0.3282
vn -0.9674 -0.0890 -0.2370
vn -0.1523 0.9110 -0.3833
vn -0.3820 0.6137 0.6909
vn 0.8239 -0.0819 -0.5608
vn -0.7603 -0.2523 0.5986
vn -0.5299 0.8438 0.0848
vn 0.8932 0.1890 0.4079
vn 0.4248 0.8417 0.3333
vn -0.9067 0.2380 -0.3482
vn 0.0610 0.7437 -0.6658
vn 0.2809 0.3871 0.8782
vn 0.0741 0.8032 0.5911
vn 0.9984 0.0361 -0.0432
vn 0.7364 -0.2288 0.6367
vn 0.1047 -0.1632 -0.9810
vn -0.9793 -0.1912 0.0661
vn -0.5940 -0.1789 -0.7844
vn 0.3067 -0.0258 -0.9515
vn -0.1392 -0.1548 0.9781
vn -0.3970 -0.2090 0.8937
vn 0.8138 -0.2053 -0.5436
vn -0.7717 -0.1506 0.6180
vn 0.9814 -0.1564 -0.1110
vn -0.9678 -0.1895 0.1658
vn -0.6499 -0.1034 -0.7529
vn 0.3215 -0.0992 0.9417
vn 0.3000 -0.0966 -0.9490
vn -0.1124 -0.1158 0.9869
vn 0.9864 -0.1228 -0.1090
vn 0.7551 -0.0962 -0.6485
vn -0.1515 -0.0929 -0.9841
vn -0.5918 -0.0926 0.8008
vn 0.8119 -0.1276 0.5696
vn -0.9038 -0.0898 0.4184
vn 0.9563 -0.0932 0.2772
vn -0.1112 -0.0278 0.9934
vn -0.6527 -0.0475 -0.7561
vn 0.7880 -0.0370 -0.6146
vn -0.3067 -0.0142 -0.9517
vn -0.5912 -0.0361 0.8057
vn -0.1530 -0.0423 -0.9873
vn 0.9892 -0.0347 -0.1424
vn 0.8193 -0.0182 0.5731
vn -0.9418 -0.0257 0.3352
vn 0.9588 -0.0461 0.2804
vn -0.9936 -0.0253 -0.1101
vn -0.9710 -0.0500 -0.2337
vn -0.7885 -0.0149 -0.6149
vn 0.0002 1.0000 0.0002
vn -0.0016 1.0000 0.0001
vn 0.0004 1.0000 -0.0029
vn 0.0011 1.0000 0.0001
vn 0.4099 0.1078 -0.9057
vn 0.9897 0.1094 -0.0924
vn -0.9804 0.1115 0.1623
vn 0.5353 0.6078 0.5865
vn -0.8826 0.0920 -0.4610
vn -0.6259 0.1197 -0.7707
vn -0.3267 0.1138 0.9383
vn 0.5532 0.1151 0.8251
vn 0.2271 0.6882 -0.6890
vn 0.6035 0.6636 -0.4420
vn 0.6824 0.7270 0.0761
vn 0.1058 0.5069 0.8555
vn -0.4177 0.5084 0.7530
vn -0.9016 0.3439 -0.2623
vn -0.7342 0.6328 0.2460
vn -0.5336 0.5705 -0.6243
vn -0.2666 0.9549 -0.1305
vn -0.1987 0.5628 -0.8023
vn -0.0002 -1.0000 -0.0002
vn 0.2411 0.9305 -0.2757
vn -0.3133 0.9437 0.1060
vn 0.1171 0.9218 -0.3695
vn -0.1822 0.9273 0.3271
vn -0.1534 0.9445 -0.2907
vn 0.2494 0.9585 0.1383
vn 0.3334 0.9426 -0.0177
vn 0.0501 0.9130 0.4049
vn -0.3409 0.9347 -0.1008
vn 0.2562 0.9240 0.2839
vn -0.7937 0.5175 0.3196
vn 0.3920 0.9190 0.0430
vn -0.1685 0.9322 0.3203
vn -0.1653 -0.0993 -0.9812
vn -0.3782 0.8178 0.4339
vn 0.2666 -0.1752 -0.9477
vn -0.5701 0.8196 -0.0576
vn 0.3791 0.8338 0.4012
vn -0.8198 0.3920 -0.4174
vn -0.5210 0.7574 -0.3936
vn 0.1879 0.3476 0.9186
vn -0.3200 0.7502 -0.5786
vn 0.9677 -0.2282 0.1069
vn -0.9830 -0.1719 0.0652
vn -0.9729 -0.2072 -0.1029
vn 0.8158 -0.1554 0.5571
vn -0.8536 -0.1603 -0.4957
vn -0.2820 -0.1668 0.9448
vn 0.6739 -0.1877 -0.7146
vn -0.3209 -0.1607 -0.9334
vn 0.9778 -0.1887 -0.0909
vn 0.7470 -0.1623 -0.6448
vn 0.9270 -0.1950 -0.3204
vn -0.6440 -0.2131 0.7348
vn -0.8401 -0.1648 0.5168
vn -0.8884 -0.1052 -0.4468
vn 0.4091 -0.0812 0.9089
vn 0.2662 -0.1231 -0.9560
vn -0.2086 -0.1020 0.9727
vn -0.5134 -0.0926 -0.8532
vn 0.7518 -0.1172 -0.6489
vn 0.9872 -0.1172 -0.1084
vn -0.1002 -0.1004 -0.9899
vn -0.9849 -0.0899 0.1478
vn -0.8406 -0.1379 0.5239
vn -0.2113 -0.0444 0.9764
vn 0.8179 -0.1414 0.5577
vn 0.1479 -0.0118 0.9889
vn -0.5181 -0.0356 -0.8546
vn 0.9898 -0.0269 -0.1399
vn -0.7418 -0.0270 0.6700
vn -0.9601 -0.0238 0.2785
vn -0.9876 -0.0496 0.1492
vn 0.9062 -0.0287 0.4220
vn -0.9617 -0.0142 -0.2737
vn 0.6248 -0.0228 0.7805
vn -0.8924 -0.0477 -0.4488
vn 0.4726 -0.0562 0.8795
vn 0.0214 -0.0175 -0.9996
vn -0.0003 1.0000 0.0005
vn 0.0014 1.0000 0.0011
vn -0.0019 1.0000 -0.0009
vn -0.9191 0.1095 0.3786
vn 0.8806 0.1038 -0.4624
vn -0.3484 0.1110 -0.9307
vn -0.9384 0.1111 -0.3273
vn 0.9591 0.1083 0.2617
vn 0.8175 0.5384 -0.2045
vn -0.2937 0.1123 0.9493
vn 0.4931 0.1083 0.8632
vn 0.1120 0.6129 -0.7822
vn 0.5270 0.6768 -0.5140
vn 0.2814 0.5261 0.8025
vn 0.8144 0.5313 0.2335
vn 0.6444 0.4972 0.5809
vn -0.7805 0.4576 -0.4259
vn -0.1375 0.6568 0.7414
vn -0.5461 0.6962 0.4660
vn -0.7938 0.6015 0.0897
vn -0.3687 0.9080 -0.1992
vn -0.3048 0.5858 -0.7510
vn -0.0002 -1.0000 -0.0000
vn 0.3240 0.9321 0.1621
vn 0.1122 0.9370 0.3307
vn 0.0550 0.9187 -0.3911
vn -0.0289 0.9407 -0.3380
vn 0.3706 0.9229 0.1041
vn -0.0851 0.9395 0.3318
vn 0.1139 0.9384 0.3261
vn 0.1968 0.9376 -0.2868
vn -0.9240 -0.1242 -0.3616
vn -0.3077 0.9136 0.2659
vn -0.3056 0.9345 0.1825
vn -0.1482 0.9180 -0.3679
vn 0.3450 0.9381 0.0319
vn -0.0579 -0.4910 -0.8692
vn -0.4574 0.2667 0.8483
vn 0.5497 0.0969 0.8297
vn 0.0276 0.8311 0.5555
vn -0.9974 -0.0106 0.0708
vn 0.8040 -0.0110 0.5945
vn -0.6725 -0.1398 -0.7268
vn -0.1666 -0.0237 -0.9857
vn 0.7425 -0.0053 -0.6699
vn 0.8716 -0.1914 0.4514
vn -0.9671 -0.2396 0.0856
vn 0.4674 -0.1685 0.8679
vn -0.9415 -0.1507 -0.3014
vn 0.0715 -0.2193 -0.9730
vn -0.0931 -0.1667 0.9816
vn -0.5171 -0.1577 -0.8413
vn 0.9739 -0.1799 -0.1381
vn 0.6351 -0.1690 -0.7537
vn 0.7196 -0.2338 -0.6539
vn -0.6159 -0.1597 0.7715
vn -0.8489 -0.2120 0.4843
vn 0.1089 -0.1145 -0.9874
vn -0.5217 -0.1184 -0.8449
vn 0.3248 -0.0971 0.9408
vn -0.1295 -0.1195 0.9844
vn 0.6399 -0.1153 -0.7598
vn -0.6182 -0.1165 0.7773
vn 0.8771 -0.0904 -0.4717
vn 0.9898 -0.1359 -0.0438
vn -0.4976 -0.0398 -0.8665
vn -0.9827 -0.0962 0.1584
vn 0.8828 -0.1323 0.4507
vn 0.8007 -0.0833 0.5933
vn 0.6058 -0.0319 -0.7950
vn -0.5614 -0.0204 0.8273
vn 0.8063 -0.0432 0.5899
vn 0.9419 -0.0207 -0.3352
vn -0.8875 -0.0129 0.4606
vn 0.9929 -0.0198 0.1174
vn -0.9989 -0.0204 -0.0431
vn 0.0885 -0.0271 -0.9957
vn -0.8723 -0.0220 -0.4884
vn -0.0003 1.0000 0.0031
vn 0.0003 1.0000 -0.0005
vn -0.9185 0.1131 -0.3788
vn 0.6340 0.1162 -0.7646
vn -0.9952 0.0954 -0.0213
vn -0.2834 0.1041 -0.9533
vn 0.9749 0.1123 0.1923
vn -0.8143 0.1057 0.5707
vn -0.2303 0.1124 0.9666
vn 0.4929 0.1127 0.8628
vn 0.8136 0.5805 -0.0323
vn 0.3132 0.6075 -0.7300
vn 0.6451 0.5938 -0.4809
vn -0.6053 0.3288 0.7249
vn 0.6096 0.6304 0.4806
vn 0.2720 0.5863 0.7631
vn -0.0957 0.6075 0.7885
vn -0.7410 0.6367 0.2134
vn -0.6502 0.6868 -0.3250
vn -0.3611 0.9152 -0.1791
vn -0.2369 0.6523 -0.7200
vn -0.0003 -1.0000 0.0001
vn 0.1395 0.9354 -0.3249
vn 0.2914 0.9307 -0.2209
vn -0.3903 0.9139 0.1119
vn 0.0615 0.9457 -0.3192
vn -0.1710 0.9359 0.3081
vn 0.1327 0.9173 0.3755
vn -0.2519 0.9170 0.3092
vn -0.1837 0.9402 -0.2869
vn 0.3129 0.9281 0.2020
vn -0.0134 0.9286 0.3708
vn 0.3950 0.5809 -0.7117
vn -0.3236 0.9405 -0.1032
vn -0.3116 0.9372 0.1567
vn -0.5859 -0.0117 0.8103
vn 0.5712 0.7810 -0.2523
vn -0.0274 0.7989 -0.6008
vn -0.9298 -0.1867 0.3171
vn -0.9552 -0.1127 -0.2737
vn -0.9521 -0.0369 0.3035
vn 0.4411 -0.0370 0.8967
vn -0.8452 0.2228 -0.4859
vn -0.5164 -0.1432 -0.8443
vn 0.8677 -0.1357 0.4782
vn -0.9422 -0.1938 -0.2735
vn 0.4921 -0.1932 0.8488
vn -0.6250 -0.2020 -0.7540
vn -0.1281 -0.1998 -0.9714
vn -0.0573 -0.1844 0.9812
vn -0.0532 -0.1860 0.9811
vn 0.7518 -0.1624 -0.6390
vn 0.9776 -0.1651 -0.1305
vn 0.8621 -0.2049 -0.4635
vn -0.5823 -0.2203 0.7826
vn 0.2371 -0.0229 -0.9712
vn 0.3109 -0.1116 -0.9439
vn 0.6309 -0.1008 0.7693
vn -0.7321 -0.0936 -0.6748
vn 0.2569 -0.0954 0.9617
vn -0.1746 -0.0970 -0.9798
vn -0.0488 -0.1312 0.9901
vn 0.6529 -0.0990 -0.7510
vn -0.2580 -0.0960 0.9614
vn 0.7552 -0.1327 -0.6419
vn -0.9453 -0.1158 0.3050
vn -0.6521 -0.0979 0.7518
vn 0.9386 -0.0916 -0.3326
vn 0.9905 -0.1005 0.0942
vn 0.6491 -0.0282 -0.7602
vn 0.8769 -0.1040 0.4692
vn -0.6701 -0.0257 -0.7419
vn -0.0732 -0.0139 0.9972
vn -0.6208 -0.0213 0.7837
vn -0.2785 -0.0253 -0.9601
vn -0.1820 -0.0448 -0.9823
vn 0.9395 -0.0348 -0.3407
vn -0.9513 -0.0347 0.3063
vn -0.9680 -0.0347 -0.2487
vn 0.9523 -0.0126 0.3048
vn 0.5239 -0.0116 0.8517
vn -0.0003 1.0000 0.0010
vn -0.0009 1.0000 0.0011
vn -0.0007 1.0000 -0.0002
vn 0.0003 1.0000 -0.0001
vn 0.0009 1.0000 -0.0012
vn 0.0003 1.0000 0.0001
vn 0.0004 1.0000 0.0004
vn 0.4210 0.1103 -0.9003
vn 0.9623 0.1075 -0.2498
vn -0.9277 0.1120 -0.3561
vn -0.4773 0.1015 -0.8729
vn 0.6795 0.1128 0.7249
vn -0.1959 0.1045 0.9750
vn -0.8142 0.1077 0.5706
vn 0.8170 0.5397 -0.2031
vn 0.1157 0.6359 -0.7630
vn 0.5982 0.5641 -0.5692
vn -0.9079 0.4168 0.0445
vn 0.6450 0.4945 0.5827
vn 0.2617 0.6116 0.7466
vn -0.1398 0.6422 0.7537
vn -0.5731 0.6628 0.4820
vn -0.3214 0.9436 -0.0795
vn -0.7244 0.5563 -0.4072
vn -0.3613 0.5970 -0.7163
vn 0.2773 0.9472 0.1607
vn -0.2756 0.9571 0.0896
vn 0.0196 0.9285 -0.3709
vn -0.1725 0.9511 0.2561
vn 0.3082 0.9356 -0.1721
vn 0.1266 0.9234 0.3623
vn 0.1594 0.9415 -0.2969
vn -0.1687 0.9272 -0.3345
vn -0.2931 0.9231 0.2490
vn 0.4910 -0.0794 -0.8675
vn 0.3383 0.9385 0.0698
vn -0.3411 0.1531 0.9275
vn -0.4265 0.7812 0.4559
vn -0.6800 0.6699 0.2981
vn -0.8720 0.4001 0.2822
vn -0.5814 0.8129 -0.0355
vn 0.6976 0.3430 0.6291
vn -0.7405 0.5031 -0.4455
vn 0.7688 0.0025 0.6395
vn 0.1143 -0.0442 0.9925
vn 0.8788 -0.1009 -0.4663
vn -0.3651 0.1252 -0.9225
vn -0.9558 -0.0985 -0.2771
vn -0.6347 -0.1802 -0.7515
vn 0.9676 -0.2043 0.1482
vn -0.9749 -0.1673 0.1468
vn 0.8529 -0.1690 0.4940
vn -0.9349 -0.1728 -0.3100
vn 0.6080 -0.2261 0.7611
vn 0.4343 -0.1590 0.8866
vn -0.1323 -0.2170 -0.9672
vn 0.1121 -0.2528 0.9610
vn -0.2518 -0.1595 0.9546
vn 0.8539 -0.1811 -0.4878
vn -0.7492 -0.1657 0.6413
vn 0.4758 -0.1172 0.8717
vn 0.9818 -0.1782 0.0656
vn 0.2021 -0.0125 -0.9793
vn -0.6459 -0.1147 -0.7548
vn -0.0953 -0.1100 -0.9894
vn 0.4699 -0.0941 -0.8777
vn 0.8605 -0.1182 -0.4956
vn -0.6676 -0.0268 0.7440
vn -0.6094 -0.0854 0.7882
vn -0.7520 -0.1310 0.6460
vn -0.9514 -0.0922 0.2937
vn -0.9806 -0.1260 0.1503
vn 0.8098 -0.0962 0.5788
vn 0.1252 0.1127 0.9857
vn -0.4879 -0.0075 -0.8729
vn 0.6678 -0.0145 -0.7442
vn -0.2111 -0.0113 0.9774
vn 0.9829 -0.0171 -0.1831
vn -0.9605 -0.0406 -0.2753
vn -0.9829 -0.0191 0.1831
vn 0.4832 -0.0208 0.8752
vn -0.0006 1.0000 -0.0002
vn -0.0006 1.0000 0.0001
vn 0.0011 1.0000 -0.0012
vn 0.0003 1.0000 0.0004
vn 0.4437 0.1088 -0.8895
vn -0.9879 0.1161 -0.1024
vn 0.3199 0.4838 -0.8146
vn -0.3818 0.1103 -0.9176
vn -0.6346 0.1128 0.7645
vn 0.7451 0.4708 -0.4724
vn 0.5109 0.5021 0.6978
vn 0.8326 0.5525 -0.0395
vn 0.6800 0.6427 0.3530
vn 0.0789 0.2475 0.9657
vn -0.8186 0.5360 -0.2064
vn -0.2535 0.6542 0.7126
vn -0.6450 0.4945 0.5827
vn -0.8119 0.5348 0.2342
vn -0.5972 0.5638 -0.5706
vn -0.1383 0.5935 -0.7929
vn 0.0488 0.9425 -0.3305
vn 0.0004 -1.0000 0.0002
vn -0.3479 0.9319 0.1029
vn 0.3633 0.9231 0.1258
vn -0.2729 0.9285 -0.2519
vn -0.2467 0.9432 0.2224
vn 0.7575 0.5906 -0.2782
vn -0.2424 0.9377 -0.2491
vn 0.3528 0.8107 -0.4672
vn -0.6460 0.6148 0.4525
vn -0.9469 -0.0878 -0.3093
vn 0.5922 0.8045 0.0455
vn -0.6021 0.7965 0.0553
vn 0.7901 0.3690 0.4894
vn -0.5355 0.8054 -0.2539
vn 0.4128 0.5259 -0.7437
vn -0.4254 0.5313 -0.7326
vn 0.5139 -0.1594 0.8429
vn -0.0474 0.0239 0.9986
vn -0.9718 -0.1757 0.1573
vn 0.8413 -0.1847 0.5081
vn -0.9338 -0.1715 -0.3141
vn 0.4592 -0.1394 -0.8773
vn 0.4783 -0.1814 0.8592
vn -0.6400 -0.1650 -0.7504
vn 0.7787 -0.1995 -0.5949
vn 0.1880 -0.2292 0.9550
vn -0.2138 -0.1625 0.9633
vn -0.0391 -0.1664 -0.9853
vn 0.9841 -0.1742 0.0351
vn -0.4549 -0.2046 0.8667
vn 0.2846 -0.1080 -0.9525
vn -0.6212 -0.1129 -0.7755
vn -0.1376 -0.1140 -0.9839
vn -0.0687 -0.0865 0.9939
vn -0.2124 -0.1261 0.9690
vn -0.6066 -0.1025 0.7883
vn 0.8937 -0.0957 -0.4383
vn 0.9917 -0.1105 0.0657
vn 0.8764 -0.1098 0.4690
vn -0.6742 -0.0163 -0.7384
vn 0.0568 0.1101 0.9923
vn -0.0072 -0.0252 0.9997
vn 0.4562 -0.0171 -0.8897
vn -0.1338 -0.0319 -0.9905
vn 0.8852 -0.0190 -0.4648
vn -0.4820 -0.0197 0.8760
vn -0.8697 -0.0214 0.4931
vn 0.6286 -0.0194 0.7775
vn 0.9727 -0.0116 0.2318
vn -0.9943 -0.0138 -0.1053
vn -0.9637 -0.0499 -0.2622
vn -0.0003 1.0000 0.0006
vn 0.0001 1.0000 -0.0022
vn 0.0005 1.0000 -0.0000
vn 0.5040 0.1031 -0.8575
vn -0.9845 0.1089 -0.1374
vn 0.9936 0.1131 -0.0015
vn -0.3817 0.1124 -0.9174
vn 0.6763 0.1044 0.7292
vn 0.1449 0.5820 -0.8002
vn -0.7266 0.1104 0.6781
vn 0.8805 0.4038 -0.2482
vn 0.5317 0.6728 -0.5143
vn 0.7998 0.5453 0.2509
vn 0.2362 0.4924 0.8377
vn 0.5514 0.5687 0.6104
vn -0.2345 0.6445 0.7277
vn -0.6109 0.6513 0.4501
vn -0.7877 0.6147 -0.0404
vn -0.6081 0.6309 -0.4818
vn -0.3260 0.9317 -0.1604
vn -0.2577 0.5641 -0.7845
vn 0.0657 0.9331 0.3535
vn 0.2890 0.9159 -0.2785
vn -0.0665 0.9311 -0.3585
vn -0.3211 0.9122 -0.2544
vn 0.2966 0.9376 -0.1816
vn 0.6299 -0.2044 0.7493
vn -0.2963 0.9496 0.1024
vn 0.2932 0.9378 0.1857
vn -0.2179 0.9328 -0.2870
vn 0.3831 0.9173 -0.1085
vn 0.1053 0.9317 -0.3477
vn 0.2663 0.9175 0.2953
vn -0.1251 0.9187 -0.3747
vn 0.3556 0.9334 0.0474
vn 0.3668 -0.9010 -0.2319
vn -0.5772 0.2057 0.7903
vn -0.4770 0.8315 0.2846
vn -0.9443 0.3291 0.0062
vn 0.6724 0.0136 0.7400
vn -0.2556 -0.0155 -0.9667
vn -0.9573 -0.1339 -0.2561
vn 0.9557 -0.1708 0.2398
vn 0.1079 -0.1938 0.9751
vn -0.7414 -0.1674 -0.6498
vn -0.5997 -0.1989 -0.7751
vn 0.4554 -0.1942 -0.8688
vn 0.3319 -0.0462 -0.9422
vn -0.2499 -0.1613 -0.9547
vn -0.0319 -0.2301 -0.9726
vn 0.8851 -0.1622 -0.4363
vn -0.4705 -0.1475 0.8700
vn -0.8069 -0.0952 -0.5829
vn 0.5224 -0.0954 0.8473
vn 0.1121 -0.1234 0.9860
vn 0.2639 -0.0844 -0.9609
vn 0.9629 -0.1315 0.2356
vn -0.5810 -0.1050 0.8071
vn -0.8779 -0.1002 0.4682
vn 0.0924 0.1110 0.9895
vn 0.4605 -0.0278 0.8872
vn -0.6800 -0.0121 -0.7331
vn -0.1053 -0.0128 0.9944
vn -0.1526 -0.0132 -0.9882
vn 0.8517 -0.0150 -0.5239
vn -0.7548 -0.0057 0.6559
vn 0.9972 -0.0163 0.0732
vn -0.9975 -0.0102 -0.0699
vn 0.8067 -0.0132 0.5908
vn -0.0018 1.0000 -0.0012
vn -0.0000 1.0000 -0.0006
vn 0.0007 1.0000 0.0008
vn 0.0001 1.0000 0.0004
vn -0.9499 0.1063 -0.2939
vn -0.8253 0.1123 0.5533
vn -0.9089 0.4103 0.0738
vn -0.3485 0.1104 -0.9308
vn 0.2152 0.6965 -0.6845
vn 0.7287 0.5029 -0.4649
vn 0.8641 0.5029 -0.0183
vn 0.6203 0.6367 0.4580
vn 0.2752 0.5819 0.7653
vn -0.1370 0.6396 0.7564
vn -0.5721 0.6637 0.4819
vn -0.3817 0.5975 -0.7052
vn -0.7805 0.5428 -0.3101
vn 0.2713 0.9413 0.2009
vn -0.0596 0.8321 0.5515
vn 0.3357 0.9176 -0.2131
vn 0.1286 0.9236 0.3610
vn 0.0059 0.9496 0.3134
vn -0.2888 0.9569 -0.0312
vn -0.2367 0.9483 0.2115
vn -0.2234 0.9460 -0.2347
vn -0.5890 0.5437 0.5979
vn -0.0650 0.9263 0.3712
vn -0.7122 0.0624 0.6992
vn 0.7536 0.3543 -0.5536
vn -0.0015 -0.1360 0.9907
vn -0.9339 0.3404 -0.1096
vn 0.5960 0.6354 0.4909
vn -0.5583 0.8105 -0.1770
vn -0.3827 0.7205 -0.5783
vn 0.1841 -0.3244 0.9278
vn 0.2732 0.8087 -0.5210
vn -0.9369 -0.2034 0.2844
vn 0.9732 -0.0036 0.2300
vn 0.7947 -0.1950 0.5748
vn -0.9419 -0.2087 -0.2633
vn -0.6079 -0.0259 -0.7936
vn 0.7817 0.1145 -0.6131
vn -0.9832 -0.1705 0.0649
vn -0.0548 -0.1912 -0.9800
vn -0.6001 -0.1790 -0.7796
vn 0.4220 -0.1808 -0.8884
vn 0.2067 -0.0362 -0.9777
vn -0.4506 -0.2285 -0.8630
vn -0.1004 -0.1749 -0.9794
vn 0.8849 -0.2285 -0.4059
vn -0.5524 -0.2141 0.8056
vn -0.8552 -0.1705 0.4895
vn -0.8955 -0.1153 -0.4300
vn 0.9822 -0.0993 -0.1597
vn 0.4430 -0.0875 0.8922
vn 0.2128 -0.0889 -0.9730
vn 0.4229 -0.1268 -0.8973
vn -0.4419 -0.0842 -0.8931
vn -0.0804 -0.0927 0.9924
vn 0.7867 -0.1258 -0.6044
vn -0.8735 -0.1155 0.4729
vn -0.9919 -0.1095 0.0642
vn 0.9522 -0.0953 0.2901
vn 0.7623 -0.1317 0.6336
vn -0.4566 -0.0250 -0.8893
vn 0.1571 0.1093 0.9815
vn 0.0815 -0.0120 0.9966
vn -0.5991 -0.0257 0.8003
vn -0.0809 -0.0466 0.9956
vn 0.8729 -0.0000 -0.4879
vn 0.9727 -0.0146 0.2318
vn -0.9612 -0.0126 0.2756
vn -0.9083 -0.0358 -0.4169
vn 0.6533 -0.0160 0.7569
vn -0.0011 1.0000 -0.0003
vn 0.9298 0.1128 -0.3504
vn 0.0006 1.0000 0.0003
vn -0.9852 0.1154 0.1268
vn -0.6785 0.1048 -0.7270
vn 0.8069 0.1096 0.5804
vn 0.2860 0.3774 -0.8808
vn 0.1374 0.1138 -0.9840
vn 0.5760 0.6249 -0.5270
vn 0.7868 0.5745 -0.2254
vn 0.7477 0.6290 0.2128
vn 0.4930 0.6134 0.6170
vn 0.0914 0.5762 0.8121
vn -0.2800 0.5623 0.7781
vn -0.6224 0.5775 0.5283
vn -0.7646 0.6167 0.1873
vn -0.7453 0.6195 -0.2465
vn -0.4827 0.6196 -0.6190
vn -0.0950 0.5543 -0.8268
vn -0.1463 0.9438 -0.2965
vn 0.2604 0.9350 -0.2409
vn 0.3841 0.9168 0.1093
vn 0.2575 0.9436 -0.2080
vn -0.3564 0.9305 -0.0846
vn -0.2643 0.9380 0.2243
vn -0.0596 0.9504 0.3052
vn 0.7358 -0.1944 0.6487
vn 0.2357 0.9273 0.2909
vn -0.2534 0.9562 0.1463
vn 0.3630 0.9292 0.0695
vn -0.1186 0.9346 0.3354
vn -0.2592 0.8591 0.4413
vn 0.8782 -0.3310 -0.3453
vn -0.8327 0.2247 0.5061
vn -0.5887 0.7819 0.2051
vn -0.6932 0.7103 -0.1223
vn 0.6760 0.2084 0.7068
vn 0.1715 0.7169 -0.6757
vn -0.2847 0.8550 -0.4335
vn 0.0665 0.8434 0.5331
vn -0.4081 -0.2099 -0.8885
vn -0.9478 -0.0990 -0.3030
vn 0.1317 -0.1857 0.9737
vn -0.6474 -0.1689 -0.7432
vn 0.9192 -0.1869 -0.3466
vn 0.6023 -0.1597 -0.7822
vn -0.4323 -0.1775 0.8841
vn 0.6858 -0.1911 -0.7022
vn -0.4532 -0.1697 0.8751
vn 0.9665 -0.1845 0.1785
vn -0.5640 -0.1979 0.8017
vn -0.6709 -0.1136 -0.7328
vn 0.3028 -0.0910 0.9487
vn 0.2887 -0.0785 -0.9542
vn 0.9610 -0.1049 -0.2559
vn -0.2717 -0.0979 -0.9574
vn -0.2796 -0.0920 0.9557
vn -0.0662 -0.1392 -0.9880
vn -0.4543 -0.1338 0.8807
vn 0.7514 -0.1175 0.6494
vn -0.7606 -0.0875 0.6433
vn 0.9611 -0.0982 0.2580
vn -0.9860 -0.0933 0.1385
vn 0.1954 0.1104 0.9745
vn -0.2764 -0.0278 -0.9606
vn -0.6759 -0.0391 -0.7360
vn 0.4255 -0.0149 -0.9048
vn -0.0454 -0.0058 0.9990
vn 0.8632 -0.0179 -0.5045
vn -0.7595 -0.0455 0.6489
vn 0.9912 -0.0152 -0.1318
vn -0.9420 -0.0167 0.3352
vn 0.9063 -0.0201 0.4221
vn -0.9929 -0.0205 -0.1174
vn -0.9519 -0.0451 -0.3030
vn 0.5996 -0.0157 0.8001
vn 0.3077 -0.0546 0.9499
vn -0.0014 1.0000 0.0028
vn -0.0099 0.9999 0.0022
vn -0.0004 1.0000 -0.0000
vn 0.0002 1.0000 -0.0044
vn 0.0002 1.0000 -0.0004
vn 0.0011 1.0000 -0.0013
vn 0.0006 1.0000 0.0004
vn 0.0004 1.0000 0.0017
vn 0.8800 0.1104 -0.4620
vn -0.9680 0.1107 -0.2253
vn 0.9382 0.1144 0.3267
vn -0.6618 0.1012 0.7428
vn 0.3082 0.4045 -0.8610
vn 0.0112 0.5236 0.8519
vn 0.6103 0.5771 -0.5426
vn 0.7490 0.6424 -0.1623
vn 0.6403 0.6957 0.3255
vn 0.4160 0.5778 0.7022
vn -0.5828 0.3400 0.7381
vn -0.1451 0.5636 -0.8132
vn -0.7689 0.6027 0.2135
vn -0.7735 0.5929 -0.2240
vn -0.5815 0.5915 -0.5585
vn 0.1982 0.9463 -0.2553
vn -0.3482 0.9327 0.0941
vn 0.1837 0.9314 0.3142
vn -0.1866 0.9322 0.3100
vn -0.0680 0.9153 -0.3971
vn 0.3489 0.9369 0.0203
vn -0.2873 0.9187 -0.2711
vn 0.3746 0.9074 0.1904
vn 0.3566 0.9282 -0.1061
vn 0.0732 0.9462 0.3151
vn -0.9465 -0.2244 0.2320
vn 0.2013 0.9435 0.2631
vn -0.1527 0.9415 -0.3005
vn -0.5897 -0.0453 0.8064
vn -0.3364 -0.1808 -0.9242
vn 0.5454 0.6937 -0.4705
vn 0.0333 0.5666 0.8233
vn -0.7203 -0.2128 -0.6602
vn 0.9765 -0.0014 0.2156
vn -0.9896 0.0697 0.1262
vn -0.8767 -0.1674 -0.4509
vn 0.6672 -0.1870 -0.7210
vn 0.8694 -0.0338 -0.4929
vn 0.7380 -0.1609 0.6553
vn -0.9487 -0.1832 -0.2576
vn 0.1522 -0.2072 -0.9664
vn 0.1521 -0.2313 0.9609
vn 0.5808 -0.1292 -0.8037
vn 0.9645 -0.2221 0.1432
vn 0.8466 -0.2299 -0.4800
vn -0.5707 -0.2452 0.7837
vn 0.9155 -0.1752 -0.3621
vn -0.1360 -0.1297 -0.9822
vn -0.8875 -0.0915 -0.4516
vn 0.3370 -0.0926 0.9369
vn 0.3466 -0.0960 -0.9331
vn 0.4905 -0.1407 -0.8600
vn -0.5126 -0.0911 -0.8538
vn -0.1238 -0.0967 0.9876
vn 0.8024 -0.0944 0.5893
vn 0.8378 -0.0866 -0.5391
vn 0.9220 -0.1291 -0.3651
vn 0.9949 -0.0920 -0.0411
vn -0.8757 -0.1005 0.4722
vn -0.9929 -0.0955 0.0703
vn -0.0479 -0.0230 0.9986
vn -0.6286 -0.0121 -0.7776
vn -0.5151 -0.0409 -0.8561
vn 0.9887 -0.0230 -0.1478
vn 0.7331 -0.0108 -0.6800
vn 0.8363 -0.0443 -0.5465
vn 0.8070 -0.0561 0.5879
vn -0.9727 -0.0100 -0.2318
vn -0.8914 -0.0474 -0.4506
vn 0.5160 -0.0105 0.8565
vn 0.0699 -0.0057 -0.9975
vn 0.3410 -0.0428 0.9391
vn -0.0018 0.9995 0.0304
vn 0.0004 1.0000 -0.0006
vn -0.0005 1.0000 -0.0002
vn -0.0014 1.0000 -0.0024
vn 0.0001 1.0000 -0.0020
vn 0.0011 1.0000 0.0003
vn 0.4148 0.1044 -0.9039
vn -0.9674 0.1119 0.2270
vn -0.8737 0.1038 -0.4753
vn -0.3154 0.1035 -0.9433
vn 0.9673 0.1055 0.2305
vn 0.5986 0.1079 0.7937
vn -0.2932 0.1159 0.9490
vn 0.5866 0.5807 -0.5645
vn 0.1329 0.6315 -0.7639
vn 0.7369 0.5975 0.3162
vn 0.7369 0.6502 -0.1851
vn 0.0784 0.4082 0.9095
vn 0.4972 0.5542 0.6675
vn -0.6665 0.5580 0.4943
vn -0.2882 0.5375 0.7925
vn -0.7858 0.6172 -0.0400
vn -0.6154 0.6208 -0.4857
vn -0.2721 0.5807 -0.7673
vn -0.3189 0.9471 -0.0365
vn -0.0000 -1.0000 -0.0001
vn -0.1322 0.7283 0.6724
vn 0.1429 0.9557 0.2573
vn 0.0567 0.9308 -0.3611
vn 0.0517 0.9325 -0.3576
vn 0.2771 0.9590 0.0592
vn 0.3269 0.9346 0.1403
vn -0.2258 0.9476 -0.2261
vn -0.0885 0.9507 0.2973
vn -0.2863 0.9328 0.2187
vn 0.1935 0.9564 -0.2188
vn 0.2077 0.9391 0.2736
vn -0.2655 0.9512 0.1575
vn 0.9781 0.0969 0.1841
vn 0.6623 0.1946 -0.7235
vn 0.5412 0.8379 -0.0711
vn -0.7180 0.5411 0.4379
vn -0.1180 -0.1669 -0.9789
vn -0.5872 0.8086 0.0358
vn -0.8856 0.4535 -0.1006
vn 0.4098 0.7726 0.4849
vn 0.4492 0.4023 0.7977
vn -0.0310 0.6809 -0.7317
vn -0.4767 0.8237 -0.3069
vn -0.9838 -0.1671 0.0651
vn -0.7780 -0.1561 -0.6085
vn -0.1374 -0.1644 0.9768
vn 0.5939 -0.1593 -0.7886
vn -0.2220 -0.1941 0.9555
vn 0.7778 -0.2048 -0.5942
vn 0.9389 -0.1638 -0.3026
vn -0.7431 -0.1834 0.6436
vn -0.1204 -0.1300 -0.9842
vn -0.8768 -0.1061 -0.4691
vn -0.7802 -0.1413 -0.6093
vn 0.2614 -0.0956 0.9605
vn -0.6042 -0.0932 -0.7914
vn 0.4740 -0.0926 -0.8757
vn -0.2700 -0.0977 0.9579
vn -0.7319 -0.1253 0.6698
vn 0.9438 -0.1295 -0.3039
vn 0.9399 -0.1234 0.3184
vn 0.9904 -0.0995 -0.0958
vn -0.9484 -0.0976 0.3017
vn 0.4818 -0.0348 -0.8756
vn -0.9902 -0.1032 -0.0940
vn 0.1478 -0.0210 0.9888
vn -0.2678 -0.0403 0.9626
vn -0.4606 -0.0195 -0.8874
vn 0.8852 -0.0195 -0.4648
vn 0.9727 -0.0144 0.2318
vn -0.7358 -0.0449 0.6757
vn -0.8565 -0.0126 0.5160
vn -0.9513 -0.0412 0.3056
vn -0.9971 -0.0216 -0.0732
vn 0.6532 -0.0267 0.7567
vn 0.0431 -0.0222 -0.9988
vn -0.8066 -0.0201 -0.5908
vn -0.0002 1.0000 0.0005
vn -0.0036 1.0000 -0.0009
vn -0.3486 0.1070 -0.9311
vn 0.2348 0.6480 -0.7245
vn 0.8672 0.2066 0.4531
vn 0.6681 0.6275 -0.3998
vn 0.8049 0.5921 -0.0381
vn -0.7654 0.5289 0.3666
vn 0.4534 0.6544 0.6052
vn 0.0610 0.6412 0.7649
vn -0.4170 0.6765 0.6070
vn -0.8162 0.3590 -0.4526
vn -0.8421 0.5374 -0.0454
vn -0.3908 0.5068 -0.7684
vn -0.2789 0.9482 -0.1522
vn -0.9324 -0.2074 0.2960
vn 0.3409 0.9327 0.1176
vn 0.3386 0.9186 -0.2037
vn -0.2266 0.9161 0.3308
vn 0.3565 0.9322 -0.0620
vn 0.2498 0.9251 0.2859
vn -0.2426 0.9329 0.2661
vn 0.3911 0.9201 -0.0202
vn 0.2392 0.9192 0.3127
vn -0.0714 0.9591 -0.2740
vn 0.6984 -0.4067 -0.5890
vn -0.0179 0.7236 -0.6900
vn -0.8063 0.4166 -0.4199
vn -0.5209 0.7542 -0.3999
vn 0.2526 0.8546 -0.4537
vn -0.2965 0.7689 -0.5665
vn -0.9639 -0.1964 -0.1796
vn 0.8160 0.1674 -0.5533
vn 0.9795 -0.1280 -0.1556
vn -0.9702 -0.0188 0.2414
vn 0.9112 -0.0078 0.4119
vn -0.4517 0.0248 0.8918
vn 0.7807 -0.1553 0.6053
vn 0.2609 -0.2052 0.9433
vn 0.6621 -0.1911 0.7246
vn 0.3735 -0.1303 -0.9184
vn -0.4572 -0.1628 -0.8743
vn -0.4511 -0.1956 0.8708
vn 0.5143 -0.2072 -0.8322
vn -0.5016 -0.1160 -0.8573
vn 0.8322 -0.1639 -0.5298
vn 0.9351 -0.2249 -0.2739
vn 0.3018 -0.0206 -0.9531
vn -0.8844 -0.0953 -0.4570
vn 0.0616 -0.0964 0.9934
vn -0.4541 -0.1290 0.8816
vn 0.7645 -0.1035 -0.6363
vn 0.7934 -0.1209 0.5966
vn 0.8351 -0.1300 -0.5345
vn 0.9878 -0.0977 0.1215
vn -0.9927 -0.0960 0.0733
vn 0.0540 -0.0277 0.9982
vn 0.7400 -0.0225 -0.6722
vn 0.4406 -0.0428 -0.8967
vn -0.1450 -0.0244 -0.9891
vn 0.9540 -0.0324 -0.2980
vn -0.5655 -0.0212 0.8244
vn -0.8642 -0.0370 0.5018
vn 0.5191 -0.0229 0.8544
vn 0.9049 -0.0115 0.4255
vn 0.8026 -0.0433 0.5950
vn -0.8902 -0.0453 -0.4533
vn -0.0005 1.0000 0.0015
vn 0.0015 1.0000 -0.0021
vn 0.0041 1.0000 0.0011
vn 0.0003 1.0000 0.0003
vn 0.0002 1.0000 0.0011
vn 0.7786 0.1051 -0.6186
vn -0.9188 0.1119 0.3785
vn -0.9466 0.1060 -0.3044
vn -0.9851 0.1004 0.1396
vn 0.1126 0.0971 -0.9889
vn -0.2937 0.1128 0.9492
vn 0.4849 0.1119 0.8674
vn 0.7623 0.5362 -0.3624
vn 0.0967 0.5182 -0.8497
vn 0.4512 0.6519 -0.6095
vn 0.7407 0.4998 0.4490
vn 0.8231 0.5636 0.0698
vn 0.3852 0.5411 0.7475
vn -0.4750 0.3612 0.8024
vn -0.0470 0.5783 0.8145
vn -0.6827 0.6278 0.3738
vn -0.8095 0.5839 -0.0610
vn -0.6335 0.6576 -0.4077
vn -0.3071 0.5467 -0.7790
vn 0.1578 0.9419 0.2966
vn 0.2515 0.9425 -0.2201
vn -0.3260 0.9451 0.0221
vn -0.2983 0.9364 -0.1847
vn 0.3026 0.9271 0.2211
vn 0.0804 0.9551 -0.2852
vn 0.3701 0.9289 -0.0150
vn -0.3696 0.9288 -0.0259
vn -0.0914 0.8880 -0.4507
vn 0.2204 0.9288 -0.2980
vn -0.3609 0.9117 0.1965
vn -0.1286 0.9365 -0.3262
vn 0.5578 -0.1621 0.8140
vn -0.0441 0.9307 0.3632
vn -0.6656 -0.0331 0.7456
vn -0.1958 0.8077 -0.5561
vn 0.7407 0.5678 -0.3591
vn 0.2922 0.7496 0.5939
vn 0.2495 0.4027 -0.8807
vn 0.3251 0.7937 -0.5142
vn 0.5306 -0.1884 0.8264
vn -0.9837 -0.1773 -0.0305
vn -0.8335 -0.2241 -0.5050
vn 0.1252 -0.1978 0.9722
vn -0.2124 -0.1979 -0.9569
vn -0.4883 -0.1680 -0.8564
vn 0.5420 -0.1868 -0.8193
vn -0.3164 -0.1703 0.9332
vn 0.8822 -0.1807 -0.4348
vn -0.4796 -0.1117 -0.8703
vn 0.9782 -0.2067 -0.0199
vn 0.2754 -0.0477 -0.9601
vn -0.7992 -0.0995 -0.5928
vn 0.3359 -0.0930 0.9373
vn 0.2793 -0.0982 -0.9552
vn -0.1056 -0.1090 -0.9884
vn -0.1152 -0.0959 0.9887
vn 0.6750 -0.0890 -0.7324
vn -0.9886 -0.1200 -0.0909
vn -0.6020 -0.0954 0.7928
vn -0.7848 -0.1355 0.6047
vn 0.9850 -0.0818 -0.1521
vn -0.8934 -0.0926 0.4397
vn 0.9570 -0.1390 0.2546
vn 0.9122 -0.1038 0.3963
vn -0.1123 -0.0278 0.9933
vn 0.7304 -0.1025 0.6753
vn 0.1572 0.1055 0.9819
vn -0.4855 -0.0389 -0.8734
vn 0.5864 -0.0143 -0.8099
vn -0.0828 -0.0217 -0.9963
vn -0.6530 -0.0174 0.7572
vn 0.8037 -0.0212 0.5946
vn 0.9393 -0.0195 -0.3424
vn 0.9865 -0.0501 -0.1556
vn 0.9938 -0.0182 0.1101
vn 0.9171 -0.0431 0.3963
vn -0.0008 1.0000 -0.0006
vn 0.3418 -0.0391 0.9390
vn -0.0004 1.0000 0.0001
vn 0.0071 1.0000 0.0050
vn 0.0002 1.0000 0.0015
vn 0.7042 0.1103 -0.7014
vn 0.4005 0.0960 -0.9113
vn -0.9424 0.1123 0.3151
vn 0.9903 0.1056 -0.0902
vn -0.8737 0.1128 -0.4732
vn 0.7856 0.1123 0.6085
vn -0.1269 0.1115 -0.9856
vn 0.9479 0.1066 -0.3002
vn 0.0005 1.0000 0.0002
vn 0.0007 -1.0000 -0.0016
vn 0.0006 -1.0000 0.0003
vn 0.0002 -1.0000 -0.0006
vn -0.0005 -1.0000 -0.0000
vn 0.0011 -1.0000 0.0010
vn 0.0002 -1.0000 -0.0004
vn 0.0002 -1.0000 0.0011
vn -0.0001 -1.0000 0.0012
vn 0.0005 -1.0000 0.0017
vn -0.0001 -1.0000 -0.0001
vn 0.0007 -1.0000 0.0002
vn 0.0001 -1.0000 0.0008
vn -0.0004 -1.0000 0.0003
vn -0.0004 -1.0000 -0.0007
vn -0.0003 -1.0000 -0.0000
vn 0.0003 -1.0000 -0.0002
vn -0.0004 -1.0000 0.0001
vn -0.0012 -1.0000 0.0006
vn -0.0001 -1.0000 0.0003
vn 0.0003 -1.0000 0.0002
vn 0.3337 0.9268 -0.1722
vn 0.2493 0.9444 -0.2143
vn 0.0876 0.5793 -0.8104
vn -0.1573 0.1010 0.9824
vn -0.2642 0.9308 0.2527
vn -0.3303 0.1066 -0.9378
vn 0.3029 0.9358 -0.1804
vn 0.4938 0.0962 -0.8643
vn 0.8104 0.5793 0.0876
vn -0.0876 0.5793 0.8104
vn -0.8104 0.5793 -0.0876
vn -0.1437 0.7247 0.6739
vn -0.0000 -1.0000 0.0005
vn 0.0005 -1.0000 -0.0005
vn -0.0000 -1.0000 -0.0005
vn -0.0005 -1.0000 0.0005
vn 0.2655 0.9402 -0.2132
vn 0.0298 0.9402 -0.3392
vn -0.2132 0.9402 -0.2655
vn -0.3392 0.9402 -0.0298
vn -0.2655 0.9402 0.2132
vn -0.0298 0.9402 0.3392
vn 0.2189 0.9369 0.2725
vn 0.3958 0.9183 0.0084
vn 0.6971 0.4534 -0.5554
vn -0.6828 0.4871 0.5445
vn -0.6739 0.7247 -0.1437
vn 0.1443 0.7271 -0.6712
vn -0.5445 0.4871 -0.6828
vn -0.9865 -0.1586 0.0407
vn 0.7768 -0.2104 0.5935
vn -0.6917 -0.2022 -0.6933
vn 0.2095 -0.1755 -0.9619
vn 0.6857 -0.1768 -0.7061
vn -0.2800 -0.1648 0.9458
vn 0.9788 -0.1895 -0.0774
vn 0.3887 -0.1240 0.9130
vn -0.3929 -0.1224 -0.9114
vn -0.7842 -0.1044 0.6116
vn 0.9893 -0.1227 -0.0789
vn 0.7945 -0.0264 -0.6067
vn -0.4715 -0.0323 0.8813
vn -0.8132 -0.0399 0.5806
vn -0.8649 -0.0312 -0.5010
vn 0.0005 1.0000 -0.0005
vn 0.2464 0.4569 -0.8547
vn 0.7719 0.1346 0.6213
vn -0.0016 -1.0000 0.0004
vn 0.0006 -1.0000 0.0008
vn -0.0010 -1.0000 0.0008
vn -0.0003 -1.0000 -0.0001
vn 0.0003 -1.0000 0.0007
vn 0.3072 0.9481 -0.0820
vn 0.2437 0.9447 0.2196
vn -0.1406 0.9439 -0.2988
vn 0.3804 0.5502 -0.7434
vn 0.8320 -0.1969 0.5186
vn -0.9562 -0.1613 -0.2441
vn 0.1193 -0.1917 0.9742
vn 0.0121 -0.0958 0.9953
vn -0.4997 -0.1276 -0.8568
vn 0.8206 -0.1022 -0.5623
vn 0.9909 -0.1199 0.0611
vn -0.9957 -0.0921 0.0123
vn -0.4671 -0.0276 -0.8838
vn 0.8219 -0.0421 -0.5681
vn -0.5860 -0.0323 0.8097
vn -0.8838 -0.0276 0.4671
vn 0.8644 -0.0373 0.5014
vn -0.8097 -0.0323 -0.5860
vn 0.9838 0.0988 0.1497
vn 0.6367 0.1029 0.7642
vn -0.4581 0.1055 0.8826
vn -0.9114 0.3414 0.2299
vn -0.6903 0.4728 -0.5476
vn -0.3630 0.9214 0.1390
vn 0.0014 -1.0000 0.0005
vn -0.0002 -1.0000 -0.0004
vn -0.0004 -1.0000 0.0006
vn -0.0006 -1.0000 0.0009
vn 0.0001 -1.0000 -0.0002
vn -0.0003 -1.0000 0.0005
vn 0.0002 -1.0000 -0.0003
vn 0.3947 0.9118 0.1130
vn 0.7660 -0.1842 0.6158
vn 0.4189 -0.1802 0.8900
vn -0.7717 -0.2072 -0.6013
vn -0.4308 -0.1256 -0.8937
vn 0.7865 -0.1483 -0.5995
vn 0.9872 -0.1586 -0.0157
vn 0.4263 -0.1198 0.8966
vn -0.4975 -0.1175 0.8595
vn 0.9013 -0.1002 -0.4214
vn -0.6008 -0.0222 -0.7991
vn 0.0522 -0.0351 0.9980
vn 0.6240 -0.0279 -0.7809
vn -0.4476 -0.0261 0.8938
vn 0.9969 -0.0340 0.0710
vn 0.0011 1.0000 -0.0003
vn 0.5213 0.0991 -0.8476
vn -0.0000 1.0000 0.0003
vn 0.9381 0.1040 -0.3304
vn -0.6365 0.1058 -0.7640
vn -0.6724 0.1031 0.7330
vn 0.7117 0.3414 -0.6139
vn -0.2119 0.4998 0.8398
vn 0.1903 0.9182 0.3474
vn 0.3254 0.9383 0.1167
vn -0.3054 0.9112 -0.2766
vn -0.3886 0.9208 -0.0321
vn 0.9552 -0.1751 0.2388
vn 0.7230 -0.1941 0.6630
vn 0.2730 -0.2095 -0.9389
vn 0.7765 -0.1300 -0.6165
vn -0.2264 -0.1362 -0.9645
vn -0.6696 -0.1588 0.7256
vn -0.8376 -0.1047 -0.5361
vn -0.3203 -0.1216 -0.9395
vn -0.6048 -0.1214 0.7871
vn 0.1066 -0.0192 -0.9941
vn -0.0009 1.0000 -0.0000
vn 0.5211 0.1036 -0.8472
vn -0.9845 0.1040 0.1411
vn 0.9916 0.1073 0.0719
vn -0.6114 0.1074 -0.7840
vn -0.6528 0.0977 0.7512
vn 0.8408 0.3163 -0.4393
vn -0.5434 0.2969 0.7852
vn 0.3213 0.9258 -0.1990
vn 0.1759 0.9203 0.3493
vn 0.1267 0.9054 -0.4053
vn 0.2920 0.9411 0.1702
vn -0.2563 0.9189 0.3000
vn -0.0541 0.9193 0.3899
vn -0.9373 -0.1220 -0.3266
vn -0.9429 -0.1843 -0.2774
vn 0.5683 -0.1901 0.8005
vn 0.0835 -0.2014 0.9759
vn -0.3220 -0.1970 0.9260
vn -0.0023 -0.1872 -0.9823
vn 0.8763 -0.1680 -0.4516
vn -0.7655 -0.2180 0.6054
vn 0.9788 -0.1962 -0.0583
vn 0.1273 -0.1015 0.9867
vn -0.0619 -0.1175 -0.9911
vn 0.9826 -0.1229 0.1394
vn -0.6335 -0.0336 -0.7730
vn 0.0647 -0.0318 0.9974
vn 0.7508 -0.0241 -0.6601
vn -0.1316 -0.0277 -0.9909
vn -0.4796 -0.0271 0.8771
vn -0.8648 -0.0297 0.5012
vn -0.9457 -0.0335 -0.3233
vn 0.4710 -0.0323 0.8815
vn -0.8931 0.1024 0.4380
vn -0.0728 0.1053 -0.9918
vn -0.7276 0.3163 0.6088
vn -0.5321 0.2199 -0.8176
vn 0.0367 0.9452 0.3244
vn -0.1693 0.9178 -0.3593
vn 0.6738 0.4715 0.5690
vn 0.0776 0.5869 0.8059
vn -0.9483 -0.1145 -0.2961
vn -0.6519 -0.1938 -0.7331
vn 0.1046 -0.1756 0.9789
vn 0.4568 -0.1944 -0.8681
vn -0.0453 -0.1647 -0.9853
vn -0.8789 -0.1828 0.4405
vn 0.1271 -0.1187 0.9848
vn 0.5988 -0.1189 -0.7920
vn 0.1316 -0.0277 0.9909
vn 0.8971 -0.0377 -0.4402
vn 0.8813 -0.0323 0.4715
vn 0.6067 -0.0335 0.7942
vn -0.7370 -0.0298 -0.6753
vn -0.0008 1.0000 -0.0005
vn 0.6256 0.0996 -0.7738
vn 0.9481 0.1043 -0.3003
vn -0.8972 0.1020 -0.4298
vn 0.2281 0.1778 -0.9573
vn 0.7052 0.3567 0.6128
vn 0.0686 0.1880 0.9798
vn -0.7106 0.4735 -0.5205
vn 0.0005 -1.0000 0.0001
vn -0.0006 -1.0000 -0.0003
vn 0.0001 -1.0000 -0.0007
vn 0.0004 -1.0000 0.0001
vn -0.1690 0.9260 0.3376
vn 0.0580 0.9198 0.3880
vn 0.3119 0.9117 0.2676
vn -0.7379 -0.1654 -0.6544
vn -0.2964 -0.1774 -0.9384
vn -0.6490 -0.1448 0.7469
vn 0.5897 -0.1055 0.8007
vn 0.0439 -0.1252 0.9912
vn 0.7921 -0.1194 -0.5986
vn -0.4927 -0.0200 -0.8700
vn 0.9769 -0.0369 -0.2107
vn -0.7729 -0.0323 0.6338
vn -0.9659 -0.0335 0.2566
vn 0.9068 -0.0109 0.4214
vn -0.9462 -0.0316 -0.3219
vn 0.0007 1.0000 -0.0002
vn -0.9542 0.1005 -0.2818
vn 0.7743 0.4880 0.4030
vn -0.2158 0.4516 0.8657
vn -0.8878 0.3392 -0.3112
vn -0.0970 0.5628 -0.8209
vn -0.0331 0.9380 -0.3450
vn -0.2468 0.9407 -0.2330
vn 0.3883 0.9169 -0.0921
vn 0.2116 0.9401 -0.2674
vn -0.3746 0.8800 0.2920
vn -0.5506 -0.1560 -0.8201
vn -0.2583 -0.1861 0.9480
vn 0.3077 -0.0352 -0.9508
vn 0.3104 -0.1051 -0.9448
vn -0.6577 -0.0943 -0.7473
vn -0.2486 -0.1119 -0.9621
vn 0.7614 -0.1066 -0.6395
vn 0.9725 -0.0972 -0.2114
vn -0.6269 -0.0217 -0.7788
vn 0.7643 -0.0340 -0.6439
vn 0.9769 -0.0413 -0.2097
vn -0.8989 -0.0265 0.4374
vn -0.9922 0.1008 0.0729
vn 0.0006 1.0000 -0.0005
vn 0.9480 0.1055 -0.3002
vn -0.9890 0.1054 -0.1041
vn 0.8354 0.2169 0.5050
vn -0.0006 -1.0000 -0.0010
vn -0.0004 -1.0000 0.0010
vn -0.0004 -1.0000 -0.0000
vn 0.0003 -1.0000 -0.0005
vn 0.2286 0.9435 0.2398
vn 0.0188 0.9467 0.3216
vn -0.3133 0.9445 -0.0993
vn 0.1910 0.9296 -0.3152
vn 0.3751 0.9267 0.0234
vn 0.0962 0.4204 0.9022
vn 0.3337 -0.1709 -0.9270
vn 0.7953 -0.1768 -0.5799
vn -0.1581 -0.1670 -0.9732
vn -0.3413 -0.1963 0.9192
vn -0.7934 -0.1702 0.5844
vn 0.3392 -0.1214 -0.9328
vn -0.7991 -0.1210 0.5889
vn 0.6944 -0.0444 -0.7182
vn -0.8193 -0.0177 0.5731
vn -0.9948 -0.0267 -0.0984
vn -0.0006 1.0000 -0.0006
vn 0.0006 1.0000 0.0001
vn -0.7738 0.0996 -0.6256
vn -0.0001 1.0000 0.0005
vn -0.3003 0.1043 -0.9481
vn -0.4298 0.1020 0.8972
vn 0.8442 0.1638 -0.5104
vn -0.3835 0.3020 -0.8728
vn 0.0004 -1.0000 -0.0006
vn -0.0009 -1.0000 -0.0003
vn 0.0003 -1.0000 0.0001
vn 0.0418 0.9182 -0.3939
vn 0.8868 -0.1789 0.4261
vn -0.8129 -0.1598 -0.5600
vn -0.2293 -0.1640 -0.9595
vn -0.4790 -0.1374 0.8670
vn -0.8334 -0.1972 0.5162
vn -0.2288 -0.1310 -0.9646
vn 0.9559 -0.1244 -0.2661
vn -0.9872 -0.1150 -0.1103
vn 0.7445 -0.0186 0.6673
vn 0.1626 -0.0428 -0.9858
vn 0.8655 0.1008 0.4907
vn 0.4470 0.1023 0.8887
vn -0.7404 0.1020 0.6644
vn 0.6946 0.3201 0.6443
vn 0.0990 0.3428 0.9342
vn -0.4954 0.2802 0.8222
vn -0.5319 0.2221 -0.8172
vn -0.0000 -1.0000 -0.0003
vn 0.0011 -1.0000 -0.0001
vn 0.0006 -1.0000 0.0020
vn -0.0000 -1.0000 -0.0004
vn -0.1738 0.9126 -0.3700
vn -0.6664 0.5249 0.5296
vn -0.9649 -0.1948 0.1761
vn 0.3629 -0.1634 -0.9174
vn -0.4288 -0.1900 0.8832
vn -0.2267 -0.1615 -0.9605
vn -0.7831 -0.1894 0.5924
vn -0.0904 -0.0989 -0.9910
vn -0.9896 -0.1152 0.0862
vn 0.9982 -0.0434 -0.0425
vn -0.9981 -0.0285 0.0555
vn -0.8941 -0.0159 -0.4475
vn -0.0007 1.0000 0.0002
vn 0.6091 0.1027 0.7864
vn -0.0005 1.0000 0.0004
vn -0.9027 0.2482 -0.3515
vn -0.0426 0.4560 -0.8890
vn -0.0001 -1.0000 0.0002
vn -0.0010 -1.0000 -0.0008
vn 0.0004 -1.0000 -0.0004
vn -0.0018 -1.0000 0.0002
vn -0.0001 -1.0000 -0.0008
vn -0.3863 0.9129 0.1317
vn 0.3369 0.9381 0.0805
vn -0.1824 0.9266 0.3288
vn -0.3515 0.9313 -0.0958
vn 0.2818 0.3690 0.8857
vn 0.8914 -0.1259 0.4355
vn 0.6165 -0.1110 0.7795
vn -0.6513 -0.1730 -0.7389
vn 0.5287 -0.1462 -0.8361
vn 0.4862 -0.1187 0.8657
vn 0.9739 -0.0951 -0.2061
vn -0.9626 -0.1208 0.2426
vn 0.0633 -0.0377 0.9973
vn 0.4716 -0.0224 -0.8815
vn 0.9768 -0.0387 -0.2105
vn -0.9658 0.0981 -0.2401
vn 0.8863 0.0992 -0.4524
vn 0.9485 0.1079 0.2977
vn -0.1870 0.1043 0.9768
vn 0.3460 0.0991 -0.9330
vn 0.7938 0.4177 -0.4420
vn 0.9063 0.4195 -0.0508
vn 0.3897 0.2481 0.8869
vn -0.6277 0.3372 0.7016
vn -0.9393 0.3001 -0.1661
vn -0.0773 0.2904 -0.9538
vn -0.0006 -1.0000 -0.0005
vn 0.0001 -1.0000 -0.0005
vn -0.0018 -1.0000 0.0007
vn -0.0007 -1.0000 -0.0011
vn 0.0004 -1.0000 -0.0007
vn -0.2032 0.9573 0.2055
vn 0.0082 0.9409 0.3385
vn 0.4028 0.9149 -0.0274
vn -0.8743 -0.2034 -0.4407
vn 0.9518 -0.1900 0.2407
vn -0.8687 -0.1077 -0.4834
vn -0.5641 -0.1229 -0.8165
vn -0.9539 -0.1311 0.2700
vn -0.5981 -0.0281 -0.8009
vn 0.7785 -0.0277 -0.6270
vn -0.7788 -0.0217 0.6269
vn 0.9610 -0.0331 0.2744
vn -0.0001 1.0000 0.0009
vn -0.0006 1.0000 -0.0007
vn 0.9879 0.1025 0.1162
vn -0.0001 1.0000 -0.0007
vn 0.8172 0.2220 -0.5319
vn 0.1540 0.2265 0.9618
vn -0.7817 0.3001 0.5467
vn -0.3233 0.9456 0.0371
vn -0.0019 -1.0000 0.0005
vn 0.0009 -1.0000 -0.0011
vn 0.0009 -1.0000 0.0004
vn 0.0002 -1.0000 -0.0002
vn -0.0708 0.9392 -0.3361
vn 0.0440 0.9151 0.4007
vn 0.2338 0.9326 -0.2750
vn 0.2031 0.9481 0.2448
vn -0.9469 -0.1039 -0.3042
vn 0.9474 -0.1908 0.2568
vn -0.9428 -0.1671 -0.2884
vn 0.3113 -0.1864 -0.9318
vn -0.3597 -0.2000 -0.9114
vn 0.9651 -0.1681 -0.2007
vn 0.2681 -0.1059 0.9576
vn -0.6527 -0.1097 -0.7496
vn 0.6814 -0.1256 -0.7210
vn -0.2560 -0.1175 -0.9595
vn -0.2638 -0.1186 0.9573
vn -0.9619 -0.1135 0.2488
vn 0.9392 -0.1185 0.3222
vn -0.6542 -0.0160 -0.7561
vn 0.7462 -0.0279 0.6651
vn 0.1327 -0.0264 -0.9908
vn 0.4906 0.1023 -0.8654
vn -0.0001 1.0000 0.0008
vn -0.1048 0.0996 -0.9895
vn 0.0118 0.2198 -0.9755
vn 0.9023 0.2498 -0.3514
vn 0.2136 0.4830 0.8492
vn -0.4015 0.4767 0.7820
vn 0.2448 0.9481 -0.2030
vn 0.0012 -1.0000 0.0007
vn -0.0002 -1.0000 0.0011
vn 0.0015 -1.0000 -0.0006
vn 0.0014 -1.0000 0.0010
vn -0.0005 -1.0000 0.0018
vn -0.0008 -1.0000 -0.0004
vn 0.0636 0.9374 -0.3423
vn -0.3187 0.9432 -0.0936
vn 0.5689 0.7206 -0.3962
vn -0.7536 0.5036 0.4224
vn 0.7666 0.6364 0.0857
vn -0.6058 0.7549 -0.2512
vn 0.0989 0.4242 -0.9001
vn 0.9352 -0.1892 0.2994
vn -0.8442 -0.1724 -0.5076
vn 0.5670 -0.1231 0.8145
vn -0.3379 -0.1559 0.9282
vn 0.7982 -0.1898 -0.5717
vn -0.8263 -0.1669 0.5380
vn -0.4279 -0.1297 -0.8945
vn 0.9939 -0.1000 -0.0460
vn -0.8840 -0.1150 0.4531
vn 0.9979 -0.0389 -0.0518
vn 0.5806 -0.0399 0.8132
vn -0.7668 -0.0217 -0.6415
vn -0.0006 1.0000 0.0004
vn -0.0004 1.0000 -0.0007
vn -0.2010 0.1043 -0.9740
vn 0.2903 0.3218 -0.9012
vn 0.8606 0.4620 -0.2145
vn 0.4657 0.2404 0.8516
vn -0.2483 0.3627 -0.8982
vn 0.0005 -1.0000 -0.0007
vn -0.0001 -1.0000 0.0006
vn -0.0006 -1.0000 0.0003
vn 0.0002 -1.0000 0.0003
vn -0.0421 0.9286 0.3687
vn -0.1251 0.9193 -0.3731
vn 0.6673 -0.1628 0.7268
vn 0.2680 -0.1975 0.9430
vn 0.6336 -0.1604 -0.7568
vn -0.3367 -0.2019 0.9197
vn 0.9901 -0.1365 -0.0339
vn -0.8353 -0.2128 0.5070
vn 0.6367 -0.1172 -0.7621
vn -0.9909 -0.0955 0.0946
vn 0.4401 -0.0264 0.8976
vn 0.1315 -0.0237 -0.9910
vn -0.3123 0.1023 0.9444
vn 0.2650 0.1008 0.9590
vn -0.7905 0.3324 -0.5144
vn -0.2614 0.1195 -0.9578
vn -0.0001 -1.0000 -0.0016
vn 0.0009 -1.0000 0.0001
vn -0.0004 -1.0000 -0.0009
vn 0.0003 -1.0000 0.0003
vn 0.3004 0.9437 -0.1384
vn 0.2433 0.9173 -0.3152
vn -0.9346 -0.1159 -0.3363
vn 0.0868 -0.1696 -0.9817
vn -0.6416 -0.1542 -0.7514
vn 0.3027 -0.0248 -0.9528
vn -0.5918 -0.1258 -0.7962
vn -0.1446 -0.1258 0.9815
vn 0.9832 -0.1299 -0.1282
vn 0.7375 -0.1002 0.6679
vn -0.1227 -0.0252 0.9921
vn 0.7613 -0.0256 -0.6478
vn -0.6474 -0.0221 0.7619
vn 0.9988 -0.0159 -0.0468
vn 0.7427 -0.0386 0.6685
vn 0.0006 1.0000 0.0005
vn -0.0000 1.0000 0.0008
vn 0.4294 0.1100 -0.8964
vn 0.9939 0.1036 -0.0374
vn 0.5492 0.3688 0.7499
vn 0.0684 0.3564 0.9318
vn -0.4175 0.5131 0.7500
vn -0.9247 0.2466 -0.2901
vn -0.0003 -1.0000 -0.0002
vn -0.0005 -1.0000 0.0001
vn 0.0007 -1.0000 -0.0013
vn -0.0002 -1.0000 -0.0001
vn 0.3408 0.9058 -0.2518
vn -0.3114 0.9443 0.1064
vn 0.1253 0.9192 -0.3732
vn -0.0950 0.9237 -0.3711
vn -0.8603 0.3991 0.3172
vn 0.2708 -0.1739 -0.9468
vn -0.3029 -0.1592 0.9396
vn 0.9889 -0.1482 -0.0134
vn -0.9087 -0.1931 0.3701
vn -0.8571 -0.1243 -0.5000
vn 0.4643 -0.1098 0.8789
vn 0.3387 -0.1039 -0.9351
vn -0.3064 -0.1340 0.9424
vn 0.7844 -0.1024 -0.6117
vn 0.9885 -0.1229 -0.0885
vn -0.9917 -0.1139 0.0595
vn -0.3307 -0.0239 0.9434
vn 0.9936 -0.0217 -0.1111
vn -0.0003 1.0000 -0.0006
vn 0.4626 0.0996 -0.8810
vn -0.8023 0.1221 0.5843
vn 0.8887 0.1023 -0.4470
vn -0.2011 0.1004 -0.9744
vn 0.9052 0.2221 -0.3622
vn 0.2092 0.2481 0.9459
vn -0.8286 0.3639 -0.4254
vn -0.0008 -1.0000 0.0001
vn 0.0004 -1.0000 0.0011
vn 0.0009 -1.0000 -0.0010
vn 0.0011 -1.0000 0.0006
vn 0.2971 0.9162 0.2688
vn -0.9467 -0.0999 -0.3061
vn 0.8898 -0.1754 0.4213
vn 0.5264 -0.1882 0.8291
vn 0.1706 -0.1624 -0.9719
vn 0.0377 -0.1974 0.9796
vn 0.9748 -0.2088 -0.0787
vn 0.0729 -0.1017 -0.9921
vn -0.4870 -0.1028 -0.8673
vn -0.0966 -0.1082 0.9894
vn 0.6147 -0.1269 -0.7785
vn -0.6728 -0.0935 0.7339
vn 0.9862 -0.0945 -0.1359
vn -0.4628 -0.0296 -0.8860
vn 0.6415 -0.0222 -0.7668
vn -0.6717 -0.0473 0.7393
vn 0.1189 -0.0347 -0.9923
vn 0.0009 1.0000 0.0002
vn -0.8340 0.1002 -0.5426
vn -0.2958 0.1029 -0.9497
vn -0.8177 0.1051 0.5660
vn 0.9555 0.2618 -0.1363
vn -0.6077 0.1955 0.7697
vn 0.0008 -1.0000 0.0011
vn -0.0005 -1.0000 0.0009
vn 0.0010 -1.0000 -0.0000
vn -0.0005 -1.0000 -0.0005
vn 0.1538 0.9483 -0.2778
vn 0.3186 0.9146 0.2488
vn -0.0508 0.9195 0.3898
vn 0.3810 0.6880 -0.6177
vn -0.9379 -0.2050 0.2799
vn -0.9581 -0.1170 -0.2614
vn 0.9113 -0.1930 0.3637
vn -0.9629 -0.1627 -0.2154
vn 0.5309 -0.1708 0.8300
vn -0.6101 -0.1918 -0.7688
vn -0.1009 -0.2108 -0.9723
vn 0.9808 -0.1925 0.0316
vn 0.2991 -0.0332 -0.9536
vn 0.3011 -0.1143 -0.9467
vn -0.1207 -0.1116 -0.9864
vn -0.9420 -0.1112 0.3166
vn 0.6627 -0.0319 -0.7482
vn -0.6595 -0.0318 0.7510
vn 0.9594 -0.0217 -0.2811
vn -0.9615 -0.0265 0.2736
vn -0.9516 -0.0226 -0.3065
vn 0.0007 1.0000 -0.0001
vn 0.5468 0.1004 -0.8312
vn -0.0004 1.0000 0.0008
vn 0.9497 0.1029 -0.2958
vn -0.8692 0.1017 -0.4839
vn -0.3988 0.1085 -0.9106
vn 0.5834 0.1010 0.8059
vn -0.7644 0.1005 0.6368
vn 0.8884 0.3372 -0.3114
vn -0.8681 0.4920 0.0660
vn -0.3484 0.9173 -0.1928
vn 0.2770 0.9278 0.2498
vn 0.0007 -1.0000 -0.0005
vn 0.0007 -1.0000 0.0005
vn -0.0001 -1.0000 0.0005
vn 0.0018 -1.0000 -0.0008
vn -0.0005 -1.0000 -0.0002
vn -0.1681 0.9265 -0.3365
vn 0.4891 -0.0773 -0.8688
vn 0.9056 -0.0533 -0.4208
vn -0.9408 -0.1115 -0.3202
vn -0.5798 -0.1561 -0.7996
vn -0.0761 -0.1883 -0.9792
vn 0.8853 -0.2203 -0.4096
vn -0.6692 -0.1904 0.7183
vn 0.4348 -0.1290 0.8912
vn -0.6185 -0.1027 -0.7790
vn -0.1278 -0.0989 -0.9869
vn 0.8626 -0.1197 -0.4915
vn -0.6127 -0.0419 0.7892
vn 0.9989 -0.0443 -0.0156
vn -0.9316 -0.0216 -0.3628
vn 0.4547 -0.0130 0.8906
vn -0.0003 1.0000 -0.0007
vn 0.2961 0.2543 -0.9207
vn 0.8325 0.2910 -0.4716
vn 0.6697 0.1746 0.7218
vn 0.1033 0.3513 0.9305
vn -0.8882 0.3380 -0.3113
vn -0.0635 0.9172 -0.3935
vn -0.0017 -1.0000 0.0002
vn -0.0005 -1.0000 -0.0010
vn -0.0002 -1.0000 0.0004
vn -0.0004 -1.0000 -0.0002
vn 0.0004 -1.0000 0.0010
vn 0.0002 -1.0000 0.0002
vn 0.2775 0.9498 0.1445
vn -0.2426 0.9517 0.1880
vn 0.8269 0.4924 -0.2716
vn -0.6933 0.4806 0.5370
vn -0.9575 -0.1041 -0.2691
vn -0.9765 -0.1919 0.0978
vn 0.8612 -0.1739 0.4776
vn -0.8811 -0.1982 -0.4293
vn 0.3304 -0.1923 -0.9240
vn -0.5430 -0.1960 -0.8165
vn 0.7131 -0.1311 -0.6887
vn -0.1246 -0.2007 -0.9717
vn 0.9805 -0.1835 0.0704
vn 0.3347 -0.1198 -0.9347
vn -0.6404 -0.1044 -0.7609
vn -0.1193 -0.1088 -0.9869
vn -0.6903 -0.1277 0.7122
vn 0.9923 -0.1199 0.0320
vn 0.8499 -0.1209 0.5130
vn -0.6176 -0.0347 -0.7857
vn -0.0710 -0.0403 0.9967
vn -0.0886 -0.0222 -0.9958
vn 0.8995 -0.0266 -0.4361
vn -0.9185 -0.0428 0.3930
vn 0.5685 -0.0369 0.8219
vn 0.4935 0.1016 -0.8638
vn -0.0000 1.0000 -0.0008
vn -0.9825 0.1076 -0.1517
vn 0.9772 0.1004 0.1871
vn -0.2307 0.0991 -0.9680
vn 0.6095 0.0962 0.7869
vn 0.0477 0.3411 -0.9388
vn 0.9173 0.2583 -0.3031
vn 0.8860 0.4063 0.2235
vn 0.2885 0.3924 0.8734
vn 0.0862 0.9489 0.3035
vn 0.0020 -1.0000 -0.0015
vn -0.0013 -1.0000 -0.0005
vn -0.0000 -1.0000 -0.0019
vn -0.0007 -1.0000 0.0003
vn 0.6393 -0.2111 0.7394
vn 0.0561 -0.2190 0.9741
vn 0.3688 -0.1424 -0.9185
vn 0.2704 -0.0257 -0.9624
vn -0.7432 -0.1181 -0.6585
vn 0.0120 -0.0964 0.9953
vn 0.9235 -0.0953 0.3716
vn 0.1095 0.1095 0.9879
vn 0.5211 -0.0400 0.8525
vn 0.5164 0.1031 -0.8501
vn -0.9328 0.1010 -0.3459
vn -0.8714 0.4806 0.0982
vn -0.4037 0.5628 -0.7213
vn 0.3079 0.9295 0.2030
vn -0.0011 -1.0000 0.0012
vn -0.0004 -1.0000 -0.0010
vn -0.0009 -1.0000 -0.0004
vn 0.0005 -1.0000 0.0014
vn -0.0000 -1.0000 0.0003
vn -0.2542 0.9431 0.2142
vn -0.1976 0.9078 -0.3699
vn -0.6750 0.3814 0.6316
vn 0.1087 -0.2028 0.9732
vn 0.4551 -0.1906 -0.8698
vn 0.2994 -0.0121 -0.9540
vn -0.8677 -0.0971 -0.4874
vn 0.9905 -0.1304 -0.0431
vn -0.8636 -0.1098 0.4921
vn -0.9921 -0.1119 0.0562
vn 0.7546 -0.1276 0.6437
vn -0.4358 -0.0317 -0.8995
vn -0.6152 -0.0205 0.7881
vn 0.9552 -0.0276 0.2946
vn -0.8768 -0.0137 -0.4806
vn -0.0005 1.0000 -0.0007
vn 0.0001 1.0000 -0.0002
vn 0.9478 0.1080 -0.3001
vn -0.0000 1.0000 0.0006
vn -0.6641 0.1066 -0.7400
vn 0.7530 0.1023 0.6500
vn 0.3387 0.2276 -0.9130
vn -0.2394 0.9211 -0.3069
vn -0.0007 -1.0000 -0.0001
vn -0.0004 -1.0000 -0.0005
vn 0.0001 -1.0000 -0.0004
vn -0.0004 -1.0000 -0.0006
vn 0.0006 -1.0000 -0.0004
vn -0.3035 0.9475 -0.1004
vn 0.7474 -0.1854 0.6380
vn 0.1285 -0.1869 0.9739
vn 0.9382 -0.1739 -0.2993
vn 0.9693 -0.1963 0.1480
vn -0.6482 -0.1225 -0.7516
vn 0.9444 -0.1167 -0.3073
vn 0.7395 -0.1229 0.6618
vn 0.0696 0.0977 0.9928
vn -0.2408 -0.0191 -0.9704
vn 0.0008 1.0000 -0.0001
vn 0.0008 1.0000 -0.0002
vn -0.0004 1.0000 -0.0004
vn -0.6609 0.1013 0.7436
vn 0.3024 0.4174 -0.8569
vn 0.0873 0.2662 0.9600
vn -0.5980 0.2984 0.7439
vn -0.1044 0.4196 -0.9017
vn 0.2819 0.9276 -0.2453
vn 0.0010 -1.0000 -0.0010
vn 0.0008 -1.0000 0.0004
vn -0.0003 -1.0000 0.0002
vn -0.0002 -1.0000 0.0003
vn -0.3470 0.9331 0.0947
vn -0.2546 0.9123 0.3208
vn 0.3831 0.9197 -0.0859
vn 0.0045 0.9218 0.3876
vn -0.9118 -0.1450 0.3842
vn -0.7610 -0.1777 -0.6239
vn 0.0434 -0.1582 0.9864
vn 0.4878 -0.1811 -0.8539
vn 0.9842 -0.1714 0.0441
vn -0.0840 -0.1159 -0.9897
vn 0.7395 -0.1241 0.6616
vn -0.1364 -0.0382 0.9899
vn 0.9986 -0.0427 -0.0328
vn -0.8842 -0.0185 0.4668
vn -0.8476 0.0991 -0.5213
vn -0.2620 0.0977 -0.9601
vn 0.6644 0.1020 0.7404
vn 0.7945 0.2579 -0.5498
vn 0.8106 0.3372 0.4787
vn 0.0988 0.4707 0.8767
vn -0.6902 0.4769 0.5442
vn -0.3433 0.9390 -0.0208
vn -0.0005 -1.0000 -0.0011
vn -0.1146 0.9432 0.3119
vn 0.6687 0.6982 0.2556
vn -0.0919 -0.1813 -0.9791
vn 0.9698 -0.2020 -0.1370
vn -0.7539 -0.1772 0.6327
vn -0.0747 -0.1129 -0.9908
vn -0.7542 -0.1141 0.6467
vn 0.9337 -0.1166 0.3385
vn 0.4821 -0.0349 -0.8754
vn -0.3628 -0.0207 0.9317
vn 0.8699 -0.0266 -0.4925
vn 0.9401 -0.0362 0.3390
vn 0.6472 -0.0250 0.7619
vn -0.2619 0.0977 -0.9601
vn 0.1992 0.3866 -0.9005
vn 0.8644 0.2356 0.4442
vn -0.8172 0.2221 0.5319
vn -0.8011 0.3899 -0.4541
vn -0.3911 0.3939 -0.8318
vn -0.2780 0.9488 -0.1497
vn -0.0002 -1.0000 -0.0008
vn 0.0006 -1.0000 -0.0002
vn 0.0010 -1.0000 0.0010
vn -0.0009 -1.0000 0.0013
vn -0.0010 -1.0000 -0.0003
vn -0.9172 -0.1668 0.3618
vn -0.9270 -0.1582 -0.3400
vn 0.1960 -0.1679 0.9661
vn 0.3008 -0.1753 -0.9374
vn -0.4549 -0.1638 -0.8753
vn -0.4653 -0.1852 0.8656
vn -0.4560 -0.1322 -0.8801
vn -0.4835 -0.1170 0.8675
vn 0.7845 -0.1157 0.6092
vn 0.0524 -0.0281 0.9982
vn 0.7778 -0.0324 -0.6277
vn -0.0477 -0.0395 -0.9981
vn 0.9762 -0.0180 -0.2160
vn -0.9190 -0.0164 0.3939
vn 0.4628 -0.0332 0.8858
vn 0.7642 0.1029 -0.6367
vn -0.9361 0.1034 -0.3362
vn 0.1254 0.0985 -0.9872
vn 0.8172 0.2221 -0.5319
vn 0.8451 0.3130 0.4333
vn 0.4822 0.3709 0.7937
vn -0.4700 0.2541 0.8453
vn 0.0007 -1.0000 0.0003
vn -0.0005 -1.0000 -0.0013
vn -0.0010 -1.0000 0.0010
vn -0.0006 -1.0000 -0.0008
vn 0.0004 -1.0000 -0.0010
vn 0.0002 -1.0000 -0.0000
vn 0.2102 0.9239 0.3198
vn 0.3530 0.9198 -0.1711
vn 0.2917 0.9398 0.1781
vn 0.3990 0.9162 0.0361
vn 0.6091 -0.1943 0.7689
vn -0.9114 -0.1499 -0.3832
vn 0.0496 -0.2255 0.9730
vn -0.0451 -0.1698 -0.9844
vn 0.8584 -0.1562 -0.4887
vn -0.4890 -0.1142 -0.8648
vn -0.0456 -0.1214 -0.9916
vn -0.9944 -0.0992 -0.0376
vn -0.1150 -0.0272 0.9930
vn 0.6833 -0.0399 -0.7290
vn -0.0968 -0.0182 -0.9951
vn -0.6072 -0.0297 0.7940
vn 0.7280 -0.0360 0.6846
vn 0.7997 0.1016 -0.5917
vn 0.9885 0.1043 -0.1095
vt 0.712845 0.607744
vt 0.185825 0.135307
vt 0.085046 0.009358
vt 0.719194 0.607484
vt 0.192204 0.135177
vt 0.066340 0.009353
vt 0.160739 0.009353
vt 0.142032 0.009353
vt 0.712845 0.659796
vt 0.719194 0.659535
vt 0.167119 0.009356
vt 0.009353 0.009353
vt 0.185825 0.009484
vt 0.707687 0.127783
vt 0.085046 0.190006
vt 0.713971 0.128185
vt 0.192204 0.009353
vt 0.066340 0.190012
vt 0.707687 0.074641
vt 0.160739 0.189975
vt 0.142032 0.190002
vt 0.009353 0.190012
vt 0.167119 0.189978
vt 0.713971 0.075043
vt 0.914415 0.553506
vt 0.944135 0.811025
vt 0.897349 0.167302
vt 0.893126 0.607484
vt 0.945333 0.804848
vt 0.856239 0.547328
vt 0.892698 0.611217
vt 0.858473 0.543533
vt 0.944174 0.804198
vt 0.894231 0.608455
vt 0.904192 0.167302
vt 0.892564 0.615931
vt 0.862438 0.540942
vt 0.893809 0.614981
vt 0.908941 0.162375
vt 0.187006 0.947464
vt 0.892913 0.620791
vt 0.867918 0.540941
vt 0.186985 0.943098
vt 0.871712 0.543175
vt 0.894231 0.621107
vt 0.185825 0.946471
vt 0.908941 0.155531
vt 0.187006 0.938616
vt 0.914179 0.620424
vt 0.874303 0.547140
vt 0.185830 0.939679
vt 0.913031 0.620333
vt 0.904014 0.150783
vt 0.914109 0.616379
vt 0.874303 0.552620
vt 0.914116 0.612071
vt 0.872069 0.556414
vt 0.912937 0.615369
vt 0.897171 0.150783
vt 0.914179 0.607484
vt 0.913149 0.541296
vt 0.868104 0.559006
vt 0.912996 0.608533
vt 0.914415 0.540941
vt 0.892422 0.155710
vt 0.912960 0.546508
vt 0.862624 0.559006
vt 0.945333 0.814483
vt 0.913019 0.550807
vt 0.858830 0.556772
vt 0.914172 0.547409
vt 0.892422 0.162553
vt 0.945295 0.810308
vt 0.856239 0.552808
vt 0.654483 0.986272
vt 0.898506 0.164441
vt 0.475935 0.074661
vt 0.086982 0.273952
vt 0.903000 0.164488
vt 0.095706 0.467315
vt 0.471448 0.074641
vt 0.317776 0.989587
vt 0.906084 0.161220
vt 0.091405 0.467111
vt 0.162148 0.513731
vt 0.674651 0.986497
vt 0.537257 0.524513
vt 0.902863 0.153641
vt 0.898369 0.153594
vt 0.540483 0.524508
vt 0.986962 0.182011
vt 0.895285 0.156863
vt 0.095196 0.273869
vt 0.544971 0.524513
vt 0.895237 0.161357
vt 0.090963 0.273700
vt 0.157836 0.513731
vt 0.087786 0.467779
vt 0.905615 0.156945
vt 0.655290 0.987711
vt 0.474341 0.075269
vt 0.471781 0.075280
vt 0.095230 0.468049
vt 0.318526 0.988335
vt 0.092680 0.467804
vt 0.318526 0.990354
vt 0.090663 0.467804
vt 0.156489 0.510756
vt 0.088324 0.470656
vt 0.675455 0.985528
vt 0.160860 0.513242
vt 0.675455 0.987932
vt 0.162895 0.513095
vt 0.538641 0.523897
vt 0.540748 0.523854
vt 0.987769 0.181042
vt 0.095464 0.274568
vt 0.543746 0.523920
vt 0.987769 0.183447
vt 0.093570 0.274455
vt 0.091017 0.274440
vt 0.655290 0.985306
vt 0.476664 0.075219
vt 0.088215 0.274509
vt 0.474952 0.085816
vt 0.096360 0.478092
vt 0.470926 0.085745
vt 0.092413 0.477552
vt 0.155214 0.503343
vt 0.087300 0.477814
vt 0.159293 0.502728
vt 0.536916 0.513657
vt 0.163325 0.502802
vt 0.540994 0.513389
vt 0.096519 0.284800
vt 0.545162 0.513437
vt 0.092213 0.284683
vt 0.088180 0.284698
vt 0.478812 0.085666
vt 0.476202 0.099787
vt 0.471945 0.099908
vt 0.468905 0.099892
vt 0.095906 0.491672
vt 0.091805 0.491351
vt 0.152668 0.489280
vt 0.086888 0.491535
vt 0.157565 0.488879
vt 0.535194 0.499388
vt 0.162421 0.488541
vt 0.538211 0.499244
vt 0.541406 0.499244
vt 0.097361 0.298033
vt 0.546342 0.499985
vt 0.092634 0.298711
vt 0.480660 0.099693
vt 0.088323 0.298496
vt 0.009353 0.578601
vt 0.776926 0.391469
vt 0.131967 0.844128
vt 0.135500 0.840469
vt 0.013160 0.578535
vt 0.017277 0.578543
vt 0.136396 0.836386
vt 0.021405 0.578601
vt 0.230317 0.669780
vt 0.135356 0.832210
vt 0.225454 0.669662
vt 0.131696 0.828677
vt 0.767857 0.584865
vt 0.220582 0.669815
vt 0.126691 0.827772
vt 0.771815 0.584841
vt 0.122799 0.829296
vt 0.185825 0.524168
vt 0.119904 0.832480
vt 0.776081 0.584865
vt 0.118999 0.837486
vt 0.190279 0.524933
vt 0.120523 0.841378
vt 0.194438 0.525240
vt 0.198172 0.525202
vt 0.768745 0.391469
vt 0.123708 0.844272
vt 0.125487 0.845450
vt 0.770653 0.391454
vt 0.089454 0.319763
vt 0.473904 0.121241
vt 0.134190 0.843294
vt 0.469562 0.121241
vt 0.097064 0.512724
vt 0.136686 0.839519
vt 0.090965 0.512356
vt 0.136686 0.833122
vt 0.085046 0.512724
vt 0.152095 0.467816
vt 0.132441 0.828257
vt 0.158455 0.467322
vt 0.126167 0.827009
vt 0.163618 0.467007
vt 0.537076 0.477911
vt 0.120568 0.830224
vt 0.118519 0.834409
vt 0.541345 0.477904
vt 0.098598 0.319964
vt 0.118541 0.838934
vt 0.545865 0.477955
vt 0.093886 0.319720
vt 0.121451 0.843609
vt 0.085046 0.319964
vt 0.478268 0.121190
vt 0.130382 0.845547
vt 0.013451 0.534687
vt 0.773902 0.347533
vt 0.803033 0.452502
vt 0.229391 0.714116
vt 0.017247 0.534651
vt 0.799170 0.450357
vt 0.225713 0.713924
vt 0.795690 0.452886
vt 0.772167 0.540941
vt 0.222004 0.714116
vt 0.796029 0.457050
vt 0.775827 0.540985
vt 0.194301 0.480906
vt 0.799603 0.458675
vt 0.198172 0.481156
vt 0.769605 0.347540
vt 0.803033 0.456805
vt 0.924113 0.884294
vt 0.871443 0.805827
vt 0.925315 0.877800
vt 0.474674 0.907248
vt 0.818704 0.613671
vt 0.868239 0.810635
vt 0.475995 0.907154
vt 0.924140 0.878711
vt 0.474359 0.912874
vt 0.822363 0.609236
vt 0.475640 0.911130
vt 0.868114 0.814883
vt 0.474555 0.918024
vt 0.391790 0.920408
vt 0.827559 0.607484
vt 0.475664 0.915562
vt 0.870092 0.818891
vt 0.475995 0.918946
vt 0.390609 0.918335
vt 0.873623 0.821257
vt 0.391735 0.913137
vt 0.834357 0.610150
vt 0.390581 0.914210
vt 0.877714 0.821809
vt 0.391790 0.908151
vt 0.762506 0.926369
vt 0.884085 0.818903
vt 0.837005 0.615975
vt 0.390600 0.910379
vt 0.881715 0.820284
vt 0.761312 0.923574
vt 0.885118 0.816131
vt 0.762443 0.920591
vt 0.835773 0.621984
vt 0.762506 0.914399
vt 0.370508 0.910720
vt 0.830481 0.626019
vt 0.761282 0.917806
vt 0.371874 0.908151
vt 0.885118 0.810361
vt 0.370578 0.916163
vt 0.825001 0.626019
vt 0.371713 0.912394
vt 0.882394 0.806244
vt 0.370834 0.920188
vt 0.925315 0.888211
vt 0.821207 0.623785
vt 0.371874 0.917722
vt 0.924190 0.889888
vt 0.877464 0.804198
vt 0.925279 0.883914
vt 0.818716 0.620035
vt 0.954064 0.573882
vt 0.872800 0.808624
vt 0.977281 0.647226
vt 0.355563 0.474807
vt 0.870886 0.813163
vt 0.972771 0.574309
vt 0.953500 0.482751
vt 0.351129 0.474662
vt 0.953500 0.477904
vt 0.984565 0.942980
vt 0.394443 0.349059
vt 0.872898 0.817598
vt 0.029282 0.971217
vt 0.966586 0.250755
vt 0.389316 0.348845
vt 0.877934 0.818822
vt 0.966586 0.246749
vt 0.544048 0.988115
vt 0.882325 0.815136
vt 0.983122 0.878967
vt 0.191609 0.331175
vt 0.661457 0.196856
vt 0.954064 0.578445
vt 0.982509 0.112591
vt 0.877675 0.807256
vt 0.881128 0.809996
vt 0.196728 0.331014
vt 0.657155 0.196457
vt 0.978098 0.647591
vt 0.355037 0.475401
vt 0.973561 0.573881
vt 0.223837 0.588169
vt 0.352019 0.475301
vt 0.226787 0.588307
vt 0.973561 0.576857
vt 0.952851 0.480116
vt 0.985465 0.940951
vt 0.985465 0.943559
vt 0.229167 0.588207
vt 0.393389 0.349620
vt 0.030221 0.969872
vt 0.390860 0.349537
vt 0.030221 0.972785
vt 0.965991 0.249568
vt 0.544048 0.990647
vt 0.388101 0.349380
vt 0.543698 0.989014
vt 0.984098 0.877800
vt 0.190802 0.330645
vt 0.386504 0.349266
vt 0.984098 0.880441
vt 0.193322 0.330638
vt 0.197042 0.327659
vt 0.657012 0.193147
vt 0.983339 0.112087
vt 0.660641 0.196183
vt 0.953449 0.576165
vt 0.663172 0.196054
vt 0.978098 0.644725
vt 0.983339 0.114890
vt 0.357848 0.475417
vt 0.357043 0.485689
vt 0.352318 0.485563
vt 0.221325 0.578156
vt 0.226662 0.578340
vt 0.393257 0.360101
vt 0.231169 0.578139
vt 0.388481 0.359076
vt 0.189408 0.319685
vt 0.384507 0.360114
vt 0.192666 0.320038
vt 0.196102 0.320649
vt 0.654559 0.186250
vt 0.199074 0.319973
vt 0.657449 0.185625
vt 0.661651 0.186231
vt 0.361084 0.485621
vt 0.353510 0.500204
vt 0.349733 0.499702
vt 0.222292 0.564560
vt 0.227349 0.564537
vt 0.231921 0.564489
vt 0.394010 0.374292
vt 0.389877 0.374042
vt 0.385734 0.373762
vt 0.382040 0.373876
vt 0.189536 0.305783
vt 0.194401 0.306023
vt 0.653956 0.172106
vt 0.197769 0.306285
vt 0.658656 0.171933
vt 0.360862 0.500050
vt 0.663540 0.171975
vt 0.357828 0.499869
vt 0.721961 0.587159
vt 0.851434 0.222660
vt 0.769012 0.457036
vt 0.849786 0.218819
vt 0.772910 0.457011
vt 0.776983 0.457036
vt 0.535194 0.715254
vt 0.846695 0.216145
vt 0.539585 0.715524
vt 0.841690 0.215230
vt 0.544868 0.715524
vt 0.152096 0.576390
vt 0.836881 0.217464
vt 0.156592 0.576332
vt 0.834268 0.221828
vt 0.160763 0.576340
vt 0.834322 0.226008
vt 0.164314 0.576390
vt 0.664961 0.347612
vt 0.836154 0.229661
vt 0.840428 0.232422
vt 0.659913 0.347533
vt 0.846587 0.231943
vt 0.654572 0.348063
vt 0.712286 0.587159
vt 0.850691 0.227692
vt 0.718161 0.587124
vt 0.851846 0.226705
vt 0.357111 0.521378
vt 0.220582 0.543212
vt 0.350738 0.521262
vt 0.851640 0.220311
vt 0.226583 0.543738
vt 0.847240 0.215586
vt 0.231921 0.543643
vt 0.394443 0.395656
vt 0.841839 0.214511
vt 0.389881 0.395492
vt 0.837337 0.216244
vt 0.384475 0.395240
vt 0.185825 0.284652
vt 0.833855 0.220516
vt 0.190133 0.284620
vt 0.833691 0.226705
vt 0.194684 0.284684
vt 0.836162 0.230656
vt 0.653806 0.150784
vt 0.199074 0.284801
vt 0.840015 0.233029
vt 0.658984 0.150919
vt 0.845522 0.233029
vt 0.361084 0.521388
vt 0.849473 0.230558
vt 0.663540 0.150798
vt 0.293555 0.822426
vt 0.774355 0.413129
vt 0.776925 0.413165
vt 0.540152 0.671239
vt 0.291533 0.820556
vt 0.543660 0.671282
vt 0.155433 0.532456
vt 0.288021 0.820484
vt 0.664961 0.391955
vt 0.159266 0.532437
vt 0.285839 0.823748
vt 0.661880 0.391694
vt 0.286884 0.827105
vt 0.290190 0.828337
vt 0.658644 0.391937
vt 0.712885 0.543232
vt 0.716746 0.543211
vt 0.770832 0.413159
vt 0.293555 0.826352
vt 0.934325 0.513759
vt 0.854757 0.015522
vt 0.752518 0.895692
vt 0.933163 0.515988
vt 0.934365 0.509516
vt 0.937967 0.644725
vt 0.857290 0.011639
vt 0.937856 0.649030
vt 0.861169 0.009353
vt 0.933184 0.509650
vt 0.939205 0.645097
vt 0.757514 0.891339
vt 0.938324 0.655368
vt 0.927361 0.226328
vt 0.756973 0.881106
vt 0.867786 0.009758
vt 0.939205 0.651878
vt 0.758186 0.884540
vt 0.927316 0.218779
vt 0.872787 0.015432
vt 0.926181 0.223345
vt 0.754310 0.879730
vt 0.926159 0.219159
vt 0.750293 0.878483
vt 0.927361 0.214511
vt 0.287086 0.919054
vt 0.872787 0.020826
vt 0.287027 0.914982
vt 0.870597 0.024911
vt 0.926173 0.215006
vt 0.285906 0.918882
vt 0.745393 0.879405
vt 0.287032 0.910481
vt 0.866775 0.027292
vt 0.285840 0.912692
vt 0.741116 0.884503
vt 0.248837 0.935738
vt 0.287086 0.906566
vt 0.862396 0.027752
vt 0.250079 0.935218
vt 0.285926 0.907644
vt 0.741214 0.889857
vt 0.248765 0.940075
vt 0.858323 0.026080
vt 0.743534 0.893657
vt 0.249986 0.939505
vt 0.933226 0.520788
vt 0.747260 0.895692
vt 0.250079 0.943619
vt 0.248916 0.945211
vt 0.934365 0.520079
vt 0.854862 0.021944
vt 0.868908 0.967037
vt 0.754284 0.890819
vt 0.124933 0.468253
vt 0.953687 0.514178
vt 0.751192 0.881463
vt 0.794521 0.947144
vt 0.953687 0.509516
vt 0.745449 0.883079
vt 0.019281 0.515944
vt 0.747416 0.892675
vt 0.972636 0.776580
vt 0.118519 0.963032
vt 0.751126 0.892291
vt 0.868908 0.970538
vt 0.972636 0.773022
vt 0.967549 0.151843
vt 0.754802 0.887553
vt 0.124731 0.273422
vt 0.047931 0.339255
vt 0.744447 0.886143
vt 0.045501 0.339261
vt 0.014447 0.515833
vt 0.744507 0.888726
vt 0.119440 0.961692
vt 0.017642 0.515553
vt 0.020979 0.515105
vt 0.972276 0.774071
vt 0.119440 0.965474
vt 0.967917 0.150783
vt 0.742516 0.586961
vt 0.868336 0.967676
vt 0.753570 0.890640
vt 0.967917 0.154768
vt 0.127792 0.273828
vt 0.746492 0.587158
vt 0.126443 0.276663
vt 0.129320 0.468572
vt 0.754372 0.885194
vt 0.122363 0.273590
vt 0.795841 0.945029
vt 0.127217 0.468794
vt 0.795370 0.947040
vt 0.125160 0.468811
vt 0.748695 0.882161
vt 0.953072 0.512161
vt 0.053054 0.339425
vt 0.795841 0.949375
vt 0.122913 0.468855
vt 0.746087 0.883389
vt 0.051065 0.339416
vt 0.049880 0.342595
vt 0.012918 0.512343
vt 0.046664 0.342802
vt 0.016320 0.513187
vt 0.019958 0.512197
vt 0.741227 0.583805
vt 0.744608 0.576748
vt 0.749150 0.577071
vt 0.128123 0.283500
vt 0.123853 0.283751
vt 0.129102 0.479294
vt 0.119827 0.284017
vt 0.125019 0.479280
vt 0.054842 0.350054
vt 0.121696 0.479522
vt 0.052414 0.350039
vt 0.049199 0.349802
vt 0.045087 0.350224
vt 0.012299 0.505193
vt 0.016272 0.505476
vt 0.740675 0.576161
vt 0.020322 0.504751
vt 0.743962 0.562429
vt 0.749035 0.562722
vt 0.130807 0.297531
vt 0.127165 0.297328
vt 0.122938 0.297557
vt 0.130070 0.493348
vt 0.119203 0.297684
vt 0.125929 0.493330
vt 0.121777 0.493283
vt 0.118604 0.493663
vt 0.054060 0.364274
vt 0.050213 0.364136
vt 0.009353 0.491602
vt 0.045957 0.364081
vt 0.012978 0.491501
vt 0.017111 0.491671
vt 0.740668 0.562164
vt 0.020356 0.490946
vt 0.598303 0.260932
vt 0.443730 0.731483
vt 0.429711 0.811820
vt 0.431122 0.807886
vt 0.601831 0.260880
vt 0.430625 0.803610
vt 0.606111 0.260879
vt 0.609934 0.260932
vt 0.668885 0.217116
vt 0.428138 0.800252
vt 0.423440 0.798055
vt 0.663838 0.216993
vt 0.285839 0.712159
vt 0.417714 0.799514
vt 0.658530 0.217216
vt 0.414438 0.803405
vt 0.290904 0.712116
vt 0.413990 0.809351
vt 0.296046 0.712159
vt 0.716202 0.326418
vt 0.416840 0.813468
vt 0.721206 0.326418
vt 0.725592 0.325992
vt 0.452370 0.731565
vt 0.421538 0.815665
vt 0.447374 0.731540
vt 0.426432 0.814608
vt 0.132620 0.318718
vt 0.749150 0.541264
vt 0.431462 0.810241
vt 0.127175 0.318230
vt 0.431462 0.803784
vt 0.122517 0.318316
vt 0.428852 0.799924
vt 0.118519 0.318718
vt 0.130070 0.514693
vt 0.424916 0.797690
vt 0.123692 0.514789
vt 0.418534 0.798125
vt 0.118519 0.514781
vt 0.054994 0.385371
vt 0.413969 0.802690
vt 0.048986 0.385497
vt 0.413150 0.809034
vt 0.042225 0.385497
vt 0.011213 0.470395
vt 0.417422 0.815001
vt 0.016981 0.470065
vt 0.423060 0.816272
vt 0.743026 0.540941
vt 0.427445 0.814918
vt 0.020979 0.469627
vt 0.446434 0.775428
vt 0.602582 0.217002
vt 0.821002 0.195786
vt 0.667878 0.261430
vt 0.824132 0.195786
vt 0.605657 0.216993
vt 0.826533 0.193217
vt 0.664817 0.261262
vt 0.288262 0.668230
vt 0.660982 0.261430
vt 0.825555 0.189035
vt 0.291922 0.668243
vt 0.821769 0.187995
vt 0.717573 0.282234
vt 0.721076 0.282205
vt 0.452370 0.775477
vt 0.818914 0.190046
vt 0.448879 0.775475
vt 0.818788 0.193572
vt 0.544865 0.938957
vt 0.797368 0.820377
vt 0.413388 0.908195
vt 0.873057 0.361924
vt 0.543698 0.942465
vt 0.874683 0.358097
vt 0.543713 0.938524
vt 0.414579 0.909378
vt 0.874284 0.353854
vt 0.414393 0.913378
vt 0.794521 0.814645
vt 0.413150 0.914239
vt 0.413548 0.920107
vt 0.821450 0.722310
vt 0.870385 0.348284
vt 0.795547 0.808598
vt 0.414579 0.917824
vt 0.871822 0.350101
vt 0.821450 0.715717
vt 0.948104 0.044434
vt 0.863773 0.347533
vt 0.800699 0.804386
vt 0.820275 0.718440
vt 0.866508 0.347847
vt 0.948104 0.039665
vt 0.806175 0.804198
vt 0.894253 0.554955
vt 0.946928 0.040637
vt 0.893097 0.555175
vt 0.860019 0.350020
vt 0.810043 0.806302
vt 0.894189 0.551324
vt 0.894173 0.546635
vt 0.812768 0.810176
vt 0.857258 0.355378
vt 0.893010 0.550122
vt 0.894253 0.540941
vt 0.095697 0.897887
vt 0.812768 0.816567
vt 0.893041 0.544144
vt 0.097065 0.895030
vt 0.858227 0.361289
vt 0.095683 0.903371
vt 0.809386 0.820882
vt 0.096865 0.900854
vt 0.863084 0.365106
vt 0.095936 0.908076
vt 0.544865 0.946243
vt 0.804253 0.822811
vt 0.097065 0.906542
vt 0.543699 0.947479
vt 0.869089 0.365106
vt 0.869501 0.361360
vt 0.986611 0.314196
vt 0.614188 0.965524
vt 0.494702 0.988733
vt 0.260701 0.283740
vt 0.866326 0.350854
vt 0.088114 0.385180
vt 0.257187 0.284048
vt 0.862848 0.352433
vt 0.094623 0.385278
vt 0.860603 0.359200
vt 0.474359 0.967263
vt 0.718341 0.009354
vt 0.870719 0.359165
vt 0.125143 0.402803
vt 0.614188 0.969200
vt 0.869999 0.353165
vt 0.264320 0.284017
vt 0.048103 0.531596
vt 0.475291 0.965777
vt 0.092885 0.384807
vt 0.714457 0.009436
vt 0.863885 0.361606
vt 0.986611 0.317028
vt 0.712041 0.009441
vt 0.701540 0.948362
vt 0.866296 0.362017
vt 0.126289 0.406642
vt 0.871197 0.356762
vt 0.123033 0.402679
vt 0.051851 0.531956
vt 0.050526 0.534841
vt 0.047352 0.534867
vt 0.264145 0.287389
vt 0.613596 0.966563
vt 0.495535 0.988055
vt 0.261357 0.284348
vt 0.495535 0.990104
vt 0.259308 0.284348
vt 0.256221 0.287593
vt 0.088329 0.381598
vt 0.861165 0.354840
vt 0.090335 0.384985
vt 0.094002 0.382036
vt 0.475291 0.969025
vt 0.095893 0.384701
vt 0.716406 0.009836
vt 0.703005 0.944995
vt 0.713083 0.012925
vt 0.868103 0.361410
vt 0.986098 0.315544
vt 0.703005 0.949193
vt 0.710512 0.009801
vt 0.128525 0.403376
vt 0.125781 0.413224
vt 0.122323 0.413712
vt 0.053672 0.542784
vt 0.049883 0.541697
vt 0.264682 0.294892
vt 0.045775 0.541987
vt 0.261518 0.294807
vt 0.257484 0.294622
vt 0.253790 0.294783
vt 0.088553 0.374330
vt 0.093496 0.374441
vt 0.097738 0.374352
vt 0.716039 0.019865
vt 0.710570 0.019937
vt 0.130388 0.414011
vt 0.125480 0.427828
vt 0.121987 0.427709
vt 0.118519 0.426819
vt 0.051969 0.555505
vt 0.046863 0.555723
vt 0.042225 0.555558
vt 0.263496 0.308856
vt 0.258402 0.308873
vt 0.085046 0.360346
vt 0.254606 0.308936
vt 0.088269 0.360292
vt 0.092510 0.360252
vt 0.718341 0.034351
vt 0.096663 0.359793
vt 0.714398 0.033717
vt 0.130204 0.427936
vt 0.709413 0.033593
vt 0.393051 0.650782
vt 0.566389 0.838396
vt 0.741116 0.785281
vt 0.565420 0.845105
vt 0.098067 0.404284
vt 0.747835 0.785281
vt 0.568122 0.849322
vt 0.093834 0.404025
vt 0.571880 0.851419
vt 0.089542 0.403985
vt 0.594626 0.712770
vt 0.576960 0.851166
vt 0.085046 0.404190
vt 0.581044 0.848134
vt 0.599691 0.712728
vt 0.765269 0.053380
vt 0.582847 0.842450
vt 0.604833 0.712770
vt 0.382040 0.650782
vt 0.577744 0.834996
vt 0.773998 0.053517
vt 0.571817 0.834337
vt 0.388002 0.650731
vt 0.569531 0.834553
vt 0.124971 0.449189
vt 0.118619 0.448656
vt 0.053672 0.577178
vt 0.565156 0.839220
vt 0.047688 0.576488
vt 0.564926 0.845673
vt 0.043139 0.576424
vt 0.266283 0.330252
vt 0.567396 0.849623
vt 0.262235 0.330299
vt 0.571249 0.851996
vt 0.256750 0.330299
vt 0.576757 0.851996
vt 0.253032 0.330250
vt 0.085111 0.338974
vt 0.580707 0.849526
vt 0.088986 0.338823
vt 0.583080 0.845673
vt 0.094421 0.338700
vt 0.582973 0.840235
vt 0.767305 0.053643
vt 0.097738 0.338672
vt 0.716849 0.055216
vt 0.581336 0.836901
vt 0.130388 0.449546
vt 0.710501 0.054967
vt 0.575905 0.833521
vt 0.743103 0.741398
vt 0.388134 0.606833
vt 0.289396 0.793517
vt 0.286399 0.795380
vt 0.094395 0.448404
vt 0.746543 0.741390
vt 0.091333 0.448237
vt 0.285839 0.798851
vt 0.597049 0.668841
vt 0.288984 0.801777
vt 0.087498 0.448404
vt 0.601287 0.668864
vt 0.293310 0.799985
vt 0.769753 0.009427
vt 0.773998 0.009354
vt 0.384241 0.606828
vt 0.293310 0.795302
vt 0.945395 0.846583
vt 0.613596 0.841327
vt 0.944236 0.849298
vt 0.199007 0.872254
vt 0.945432 0.841674
vt 0.616510 0.836685
vt 0.933417 0.574400
vt 0.934742 0.573881
vt 0.944241 0.842705
vt 0.192187 0.871405
vt 0.621553 0.834540
vt 0.933296 0.579849
vt 0.934531 0.578903
vt 0.187886 0.874177
vt 0.933671 0.584753
vt 0.913807 0.753161
vt 0.626956 0.835455
vt 0.934742 0.583139
vt 0.912677 0.754316
vt 0.185825 0.878145
vt 0.913754 0.746510
vt 0.631499 0.840317
vt 0.912581 0.748709
vt 0.186464 0.883866
vt 0.913807 0.741223
vt 0.631499 0.847356
vt 0.907452 0.225893
vt 0.912617 0.744005
vt 0.906366 0.228042
vt 0.190030 0.887594
vt 0.906271 0.224616
vt 0.194333 0.888844
vt 0.628136 0.851478
vt 0.907422 0.220730
vt 0.494855 0.907154
vt 0.907452 0.216360
vt 0.623988 0.853229
vt 0.906266 0.219721
vt 0.199101 0.887520
vt 0.494702 0.913476
vt 0.617483 0.851950
vt 0.906311 0.214511
vt 0.495980 0.909764
vt 0.202848 0.883121
vt 0.494987 0.919457
vt 0.945432 0.851804
vt 0.201243 0.873416
vt 0.613605 0.846574
vt 0.495980 0.915768
vt 0.202848 0.877117
vt 0.043226 0.320548
vt 0.189069 0.877519
vt 0.594253 0.074641
vt 0.984776 0.986631
vt 0.048064 0.320548
vt 0.986099 0.040692
vt 0.049483 0.990420
vt 0.189245 0.882589
vt 0.049483 0.987741
vt 0.191756 0.884525
vt 0.537733 0.347533
vt 0.199529 0.882955
vt 0.199247 0.876561
vt 0.537900 0.589872
vt 0.318218 0.965837
vt 0.983942 0.912118
vt 0.541827 0.589457
vt 0.195706 0.874843
vt 0.541346 0.347863
vt 0.196447 0.884915
vt 0.318218 0.969629
vt 0.199744 0.880347
vt 0.542464 0.586537
vt 0.544158 0.589426
vt 0.598924 0.075146
vt 0.193104 0.874983
vt 0.985683 0.985072
vt 0.596023 0.075300
vt 0.044417 0.319957
vt 0.985683 0.987400
vt 0.593811 0.075412
vt 0.986927 0.039665
vt 0.046906 0.319922
vt 0.986927 0.042200
vt 0.049025 0.989031
vt 0.190716 0.883481
vt 0.049398 0.319949
vt 0.543843 0.347886
vt 0.193840 0.885196
vt 0.052055 0.320247
vt 0.542625 0.351208
vt 0.539269 0.351423
vt 0.198870 0.882840
vt 0.538291 0.348104
vt 0.507974 0.523511
vt 0.317777 0.967951
vt 0.984821 0.910221
vt 0.199488 0.878638
vt 0.512182 0.523472
vt 0.514460 0.523288
vt 0.984821 0.912910
vt 0.539046 0.589215
vt 0.541946 0.578906
vt 0.545781 0.578737
vt 0.599365 0.085316
vt 0.595101 0.085489
vt 0.045438 0.309731
vt 0.590973 0.085431
vt 0.050280 0.309505
vt 0.546077 0.358417
vt 0.052984 0.309680
vt 0.543093 0.359046
vt 0.539580 0.358747
vt 0.536464 0.358606
vt 0.507698 0.513289
vt 0.535194 0.579680
vt 0.512515 0.514071
vt 0.538556 0.578394
vt 0.541325 0.564566
vt 0.545389 0.564651
vt 0.601573 0.099055
vt 0.597566 0.098933
vt 0.594166 0.098995
vt 0.044133 0.295703
vt 0.590557 0.098968
vt 0.048409 0.295152
vt 0.051719 0.295366
vt 0.546736 0.372321
vt 0.054774 0.295814
vt 0.541973 0.373009
vt 0.504704 0.499264
vt 0.537692 0.372789
vt 0.507668 0.499378
vt 0.511918 0.499450
vt 0.516487 0.499178
vt 0.537115 0.564719
vt 0.414019 0.328787
vt 0.474359 0.733914
vt 0.822794 0.351051
vt 0.820629 0.356549
vt 0.418312 0.328706
vt 0.678633 0.118941
vt 0.824857 0.364588
vt 0.427347 0.328787
vt 0.830672 0.365639
vt 0.684489 0.118941
vt 0.688980 0.118668
vt 0.835268 0.363461
vt 0.349733 0.711562
vt 0.837881 0.359096
vt 0.354797 0.711519
vt 0.359940 0.711562
vt 0.722219 0.347563
vt 0.837372 0.353155
vt 0.717215 0.347533
vt 0.833899 0.349546
vt 0.712826 0.347934
vt 0.481067 0.734085
vt 0.828911 0.348129
vt 0.541851 0.543221
vt 0.820303 0.354219
vt 0.545781 0.543221
vt 0.820292 0.358569
vt 0.601536 0.120101
vt 0.420061 0.328694
vt 0.597069 0.119850
vt 0.822048 0.362991
vt 0.591737 0.120101
vt 0.042225 0.273996
vt 0.826627 0.366050
vt 0.047480 0.273987
vt 0.832134 0.366050
vt 0.051989 0.274030
vt 0.836085 0.363580
vt 0.055562 0.274107
vt 0.547240 0.394036
vt 0.838551 0.359508
vt 0.542062 0.394121
vt 0.838362 0.354003
vt 0.536083 0.394121
vt 0.505158 0.478163
vt 0.834734 0.349018
vt 0.828451 0.347533
vt 0.511502 0.478186
vt 0.516487 0.477904
vt 0.536401 0.543296
vt 0.823363 0.349640
vt 0.419144 0.284845
vt 0.475037 0.777861
vt 0.828629 0.252117
vt 0.421476 0.284822
vt 0.825914 0.251844
vt 0.424893 0.284865
vt 0.680452 0.074704
vt 0.823188 0.254064
vt 0.350309 0.667665
vt 0.684357 0.074641
vt 0.823418 0.257967
vt 0.722219 0.391914
vt 0.826915 0.259968
vt 0.354299 0.667627
vt 0.718078 0.391681
vt 0.481067 0.777995
vt 0.830631 0.257810
vt 0.477521 0.777941
vt 0.830631 0.254009
vt 0.050179 0.878527
vt 0.025417 0.840328
vt 0.049025 0.882114
vt 0.869645 0.855118
vt 0.049025 0.877017
vt 0.899237 0.644725
vt 0.873531 0.858459
vt 0.050252 0.873705
vt 0.897643 0.647393
vt 0.020752 0.843201
vt 0.897512 0.651857
vt 0.016250 0.843201
vt 0.898794 0.649287
vt 0.878657 0.859093
vt 0.934319 0.689801
vt 0.897708 0.656033
vt 0.012290 0.841276
vt 0.898798 0.653487
vt 0.882483 0.857338
vt 0.934285 0.684783
vt 0.009353 0.836928
vt 0.899237 0.657727
vt 0.933098 0.687143
vt 0.885500 0.853356
vt 0.934319 0.678502
vt 0.928059 0.325862
vt 0.884801 0.844656
vt 0.009545 0.830302
vt 0.933128 0.681340
vt 0.885500 0.847541
vt 0.014015 0.825721
vt 0.928010 0.320503
vt 0.926879 0.323610
vt 0.882540 0.843379
vt 0.878407 0.841674
vt 0.926865 0.319505
vt 0.933870 0.347533
vt 0.019393 0.824667
vt 0.928059 0.315024
vt 0.933698 0.351449
vt 0.023640 0.826365
vt 0.926906 0.314196
vt 0.935029 0.348686
vt 0.873109 0.842395
vt 0.933722 0.356665
vt 0.027104 0.830285
vt 0.050252 0.888068
vt 0.934923 0.354152
vt 0.869147 0.846629
vt 0.935029 0.358339
vt 0.049067 0.886117
vt 0.868335 0.850844
vt 0.027528 0.836018
vt 0.050182 0.883315
vt 0.873597 0.855003
vt 0.965775 0.988627
vt 0.549939 0.263236
vt 0.882220 0.853266
vt 0.223741 0.265923
vt 0.337703 0.988847
vt 0.882798 0.848946
vt 0.228088 0.265897
vt 0.880273 0.845426
vt 0.285839 0.988734
vt 0.260127 0.537248
vt 0.231446 0.265923
vt 0.879075 0.855303
vt 0.546269 0.263286
vt 0.286680 0.989968
vt 0.258655 0.537931
vt 0.225493 0.524506
vt 0.873544 0.846446
vt 0.253394 0.537764
vt 0.229128 0.524428
vt 0.868336 0.946583
vt 0.871807 0.849655
vt 0.874315 0.854751
vt 0.965219 0.987832
vt 0.480981 0.525092
vt 0.876583 0.855532
vt 0.965775 0.986021
vt 0.543852 0.263279
vt 0.483111 0.525301
vt 0.546916 0.260151
vt 0.549320 0.262576
vt 0.223859 0.265290
vt 0.338545 0.987569
vt 0.226616 0.265291
vt 0.338545 0.989833
vt 0.228782 0.265264
vt 0.286680 0.987903
vt 0.260418 0.537832
vt 0.230317 0.265300
vt 0.876311 0.845255
vt 0.256183 0.537807
vt 0.224255 0.520971
vt 0.254231 0.541315
vt 0.869984 0.944149
vt 0.228068 0.521651
vt 0.869984 0.948330
vt 0.872401 0.852398
vt 0.231398 0.524138
vt 0.477958 0.525301
vt 0.481569 0.514568
vt 0.539704 0.252987
vt 0.485486 0.514831
vt 0.543891 0.253322
vt 0.221196 0.254918
vt 0.548120 0.252813
vt 0.224363 0.254725
vt 0.228545 0.254734
vt 0.261663 0.548086
vt 0.232169 0.255029
vt 0.257784 0.548219
vt 0.223700 0.513910
vt 0.253112 0.548635
vt 0.228439 0.513941
vt 0.232216 0.513687
vt 0.476627 0.514631
vt 0.478640 0.500281
vt 0.482793 0.500538
vt 0.538208 0.239517
vt 0.541865 0.239531
vt 0.546117 0.239386
vt 0.549939 0.238732
vt 0.222101 0.240727
vt 0.225379 0.240682
vt 0.229599 0.240754
vt 0.263665 0.562355
vt 0.232944 0.240685
vt 0.260064 0.562146
vt 0.220582 0.499748
vt 0.254947 0.562914
vt 0.224322 0.500445
vt 0.227747 0.499873
vt 0.474729 0.500598
vt 0.231939 0.499903
vt 0.309485 0.118629
vt 0.249169 0.838714
vt 0.413149 0.734991
vt 0.250153 0.844323
vt 0.313592 0.118539
vt 0.253690 0.847980
vt 0.318606 0.118534
vt 0.324083 0.118629
vt 0.259798 0.848909
vt 0.760762 0.118905
vt 0.264099 0.846345
vt 0.765768 0.118905
vt 0.769509 0.118718
vt 0.795633 0.391438
vt 0.266317 0.842657
vt 0.801586 0.391438
vt 0.266000 0.836702
vt 0.388201 0.074739
vt 0.261884 0.832463
vt 0.383041 0.074641
vt 0.257801 0.831567
vt 0.378886 0.074992
vt 0.374547 0.075765
vt 0.419860 0.735076
vt 0.252817 0.833000
vt 0.481111 0.479103
vt 0.248764 0.842955
vt 0.485998 0.479134
vt 0.539326 0.218669
vt 0.251834 0.847529
vt 0.255824 0.849443
vt 0.543689 0.218485
vt 0.220582 0.219413
vt 0.548002 0.217977
vt 0.260349 0.849422
vt 0.224983 0.219347
vt 0.264377 0.847080
vt 0.229473 0.219322
vt 0.266873 0.843305
vt 0.234326 0.219365
vt 0.263665 0.583730
vt 0.266873 0.836908
vt 0.257371 0.583969
vt 0.262628 0.832043
vt 0.253032 0.584064
vt 0.221752 0.478891
vt 0.258124 0.830851
vt 0.226063 0.478915
vt 0.253690 0.831755
vt 0.474520 0.479174
vt 0.249167 0.836278
vt 0.232216 0.478608
vt 0.314208 0.074680
vt 0.414671 0.778934
vt 0.848414 0.187995
vt 0.317612 0.074641
vt 0.845240 0.190272
vt 0.320747 0.074697
vt 0.845441 0.193824
vt 0.762433 0.074655
vt 0.765154 0.074641
vt 0.796271 0.347554
vt 0.847371 0.195754
vt 0.388201 0.118871
vt 0.799620 0.347533
vt 0.850886 0.195760
vt 0.852901 0.193332
vt 0.385591 0.118770
vt 0.382883 0.119007
vt 0.419860 0.778984
vt 0.852901 0.190603
vt 0.417263 0.778976
vt 0.851090 0.188528
vt 0.701539 0.889189
vt 0.926198 0.251574
vt 0.904615 0.910221
vt 0.927395 0.247378
vt 0.802359 0.841517
vt 0.904185 0.915617
vt 0.808006 0.842376
vt 0.926247 0.246749
vt 0.905721 0.911484
vt 0.704131 0.893627
vt 0.904387 0.921920
vt 0.914990 0.360261
vt 0.812593 0.847197
vt 0.905410 0.917373
vt 0.709677 0.895846
vt 0.905721 0.921944
vt 0.913800 0.359390
vt 0.714652 0.894493
vt 0.914933 0.352971
vt 0.812593 0.854498
vt 0.913763 0.353604
vt 0.718428 0.890093
vt 0.076814 0.936977
vt 0.914990 0.347533
vt 0.807430 0.859659
vt 0.075690 0.937722
vt 0.913821 0.348818
vt 0.718428 0.884107
vt 0.076777 0.930939
vt 0.801302 0.859926
vt 0.075630 0.933753
vt 0.716006 0.880519
vt 0.076814 0.926851
vt 0.523632 0.909238
vt 0.797467 0.857763
vt 0.075614 0.929508
vt 0.524991 0.907460
vt 0.712307 0.878425
vt 0.523546 0.913525
vt 0.794906 0.854060
vt 0.706119 0.878900
vt 0.524750 0.912906
vt 0.927395 0.258472
vt 0.523676 0.918058
vt 0.794521 0.849440
vt 0.927345 0.253655
vt 0.796665 0.844491
vt 0.524991 0.919467
vt 0.926203 0.256615
vt 0.701641 0.884050
vt 0.414444 0.716284
vt 0.705420 0.890523
vt 0.222654 0.009354
vt 0.705010 0.884014
vt 0.708766 0.892112
vt 0.418054 0.716077
vt 0.319636 0.265623
vt 0.711079 0.892197
vt 0.420331 0.716076
vt 0.322225 0.265572
vt 0.713628 0.890876
vt 0.325145 0.265681
vt 0.715198 0.888400
vt 0.710663 0.881667
vt 0.352232 0.120907
vt 0.481381 0.669653
vt 0.474713 0.669903
vt 0.221451 0.009873
vt 0.705022 0.885228
vt 0.705002 0.887943
vt 0.218783 0.009756
vt 0.706433 0.890702
vt 0.215813 0.009879
vt 0.415472 0.715669
vt 0.419140 0.713014
vt 0.422186 0.712420
vt 0.321229 0.262056
vt 0.324579 0.262286
vt 0.327324 0.262541
vt 0.327688 0.265741
vt 0.346823 0.120907
vt 0.714939 0.885024
vt 0.713284 0.882952
vt 0.349331 0.120817
vt 0.480947 0.672729
vt 0.353060 0.117758
vt 0.707438 0.882511
vt 0.478218 0.669692
vt 0.474896 0.673023
vt 0.221903 0.013061
vt 0.218334 0.020186
vt 0.214284 0.020554
vt 0.414688 0.705442
vt 0.418181 0.706055
vt 0.421562 0.705479
vt 0.319010 0.254590
vt 0.322021 0.255048
vt 0.326266 0.254964
vt 0.346234 0.110402
vt 0.329919 0.255321
vt 0.483669 0.680032
vt 0.351719 0.110365
vt 0.478877 0.680141
vt 0.474359 0.680026
vt 0.222863 0.020257
vt 0.217894 0.034392
vt 0.413150 0.691673
vt 0.213798 0.034698
vt 0.417317 0.692319
vt 0.422447 0.691858
vt 0.318265 0.240492
vt 0.323026 0.240897
vt 0.327304 0.240600
vt 0.344480 0.096138
vt 0.331080 0.241056
vt 0.348417 0.095988
vt 0.351826 0.095981
vt 0.355642 0.096113
vt 0.481813 0.693930
vt 0.225517 0.033914
vt 0.476020 0.693358
vt 0.221251 0.034781
vt 0.185825 0.587892
vt 0.361665 0.584056
vt 0.707552 0.842492
vt 0.191078 0.587829
vt 0.702864 0.846177
vt 0.701840 0.852878
vt 0.197629 0.587892
vt 0.682246 0.195032
vt 0.705168 0.857760
vt 0.688103 0.195032
vt 0.692594 0.194758
vt 0.709944 0.859510
vt 0.052432 0.658587
vt 0.714887 0.858312
vt 0.047368 0.658603
vt 0.042225 0.658533
vt 0.792705 0.053510
vt 0.718767 0.853783
vt 0.799208 0.053585
vt 0.349733 0.584056
vt 0.718535 0.847252
vt 0.713707 0.842492
vt 0.356232 0.584006
vt 0.709358 0.841365
vt 0.220203 0.055934
vt 0.215617 0.055862
vt 0.705073 0.843011
vt 0.210911 0.055723
vt 0.415384 0.671165
vt 0.701556 0.847254
vt 0.317933 0.219322
vt 0.701540 0.854329
vt 0.422447 0.671114
vt 0.706903 0.859719
vt 0.325201 0.219422
vt 0.342790 0.074743
vt 0.331080 0.219601
vt 0.713568 0.859719
vt 0.347322 0.074656
vt 0.717852 0.856643
vt 0.351747 0.074641
vt 0.719670 0.852609
vt 0.482528 0.715208
vt 0.719541 0.848085
vt 0.355841 0.074679
vt 0.715657 0.842670
vt 0.225735 0.055934
vt 0.475904 0.715208
vt 0.188624 0.544003
vt 0.357146 0.540095
vt 0.820778 0.386589
vt 0.191688 0.543946
vt 0.820292 0.390471
vt 0.194960 0.543983
vt 0.684127 0.150787
vt 0.822877 0.392728
vt 0.686837 0.150784
vt 0.052432 0.702457
vt 0.825606 0.392728
vt 0.049747 0.702499
vt 0.827897 0.390594
vt 0.794999 0.009382
vt 0.046031 0.702473
vt 0.827767 0.386690
vt 0.799208 0.009354
vt 0.353512 0.540096
vt 0.823924 0.384757
vt 0.827219 0.697011
vt 0.566079 0.942122
vt 0.566105 0.937945
vt 0.248877 0.906060
vt 0.823273 0.695057
vt 0.250321 0.904351
vt 0.564926 0.940562
vt 0.874518 0.690555
vt 0.248765 0.911265
vt 0.820274 0.690470
vt 0.249999 0.909728
vt 0.874518 0.684361
vt 0.249188 0.916512
vt 0.820434 0.684992
vt 0.925427 0.815917
vt 0.250321 0.915663
vt 0.924277 0.816198
vt 0.870825 0.679630
vt 0.925382 0.809995
vt 0.824017 0.680014
vt 0.864976 0.678502
vt 0.924213 0.810488
vt 0.925427 0.804198
vt 0.830259 0.678502
vt 0.287037 0.947176
vt 0.859573 0.681221
vt 0.924251 0.804844
vt 0.285875 0.947034
vt 0.834748 0.680202
vt 0.287001 0.943224
vt 0.287037 0.937760
vt 0.948721 0.185725
vt 0.857435 0.691035
vt 0.838233 0.684435
vt 0.285840 0.941360
vt 0.857255 0.687397
vt 0.948721 0.181042
vt 0.838549 0.689910
vt 0.932953 0.609150
vt 0.947546 0.182907
vt 0.934255 0.607483
vt 0.859756 0.693501
vt 0.836542 0.694012
vt 0.932886 0.613700
vt 0.934105 0.612749
vt 0.864573 0.695917
vt 0.933071 0.618630
vt 0.831955 0.697011
vt 0.566105 0.946814
vt 0.934255 0.617612
vt 0.564935 0.947339
vt 0.869720 0.695419
vt 0.634240 0.670470
vt 0.964416 0.877800
vt 0.964218 0.912097
vt 0.871640 0.689461
vt 0.214865 0.121237
vt 0.868770 0.681942
vt 0.626299 0.670124
vt 0.986964 0.284832
vt 0.861144 0.684213
vt 0.524161 0.969532
vt 0.222677 0.121237
vt 0.543698 0.966609
vt 0.524161 0.965985
vt 0.860409 0.687947
vt 0.324687 0.477535
vt 0.075613 0.980285
vt 0.139117 0.965842
vt 0.864099 0.692752
vt 0.139117 0.961661
vt 0.009353 0.961359
vt 0.964416 0.882261
vt 0.868443 0.692633
vt 0.010337 0.963521
vt 0.963905 0.879896
vt 0.965235 0.910221
vt 0.013157 0.706040
vt 0.630250 0.670461
vt 0.871092 0.685170
vt 0.219372 0.120912
vt 0.864275 0.682311
vt 0.327851 0.478071
vt 0.518182 0.328525
vt 0.861566 0.689899
vt 0.014657 0.702854
vt 0.016798 0.705894
vt 0.965235 0.914036
vt 0.632203 0.670982
vt 0.628597 0.673521
vt 0.626749 0.670833
vt 0.986286 0.284495
vt 0.215216 0.120637
vt 0.217488 0.120599
vt 0.986964 0.282204
vt 0.220247 0.117678
vt 0.221741 0.120613
vt 0.544529 0.966186
vt 0.512557 0.328548
vt 0.523546 0.966685
vt 0.860966 0.687128
vt 0.544529 0.969409
vt 0.515340 0.328382
vt 0.327338 0.481312
vt 0.519058 0.325153
vt 0.076466 0.979583
vt 0.325390 0.478221
vt 0.076466 0.982396
vt 0.138456 0.963709
vt 0.010337 0.959510
vt 0.009665 0.705951
vt 0.322577 0.478265
vt 0.011503 0.703013
vt 0.320175 0.481247
vt 0.013538 0.695877
vt 0.633482 0.681000
vt 0.017549 0.695491
vt 0.630278 0.680975
vt 0.212818 0.110003
vt 0.626791 0.680933
vt 0.217324 0.110974
vt 0.222571 0.110402
vt 0.510057 0.318466
vt 0.514118 0.317740
vt 0.518323 0.317959
vt 0.329236 0.488409
vt 0.326390 0.488804
vt 0.322893 0.488427
vt 0.319721 0.488693
vt 0.010188 0.695362
vt 0.013611 0.681712
vt 0.018615 0.681419
vt 0.633921 0.694636
vt 0.629947 0.694417
vt 0.212310 0.096288
vt 0.625058 0.694219
vt 0.216943 0.095993
vt 0.220336 0.095978
vt 0.508138 0.303961
vt 0.223431 0.095817
vt 0.511463 0.304634
vt 0.515571 0.303345
vt 0.329263 0.502362
vt 0.519706 0.303650
vt 0.323686 0.501657
vt 0.009353 0.681146
vt 0.318860 0.502704
vt 0.564926 0.651928
vt 0.772103 0.282205
vt 0.818129 0.091757
vt 0.570014 0.651861
vt 0.824841 0.092709
vt 0.575920 0.651928
vt 0.829687 0.089329
vt 0.507125 0.263286
vt 0.831386 0.084534
vt 0.511608 0.263286
vt 0.214722 0.074679
vt 0.831718 0.082513
vt 0.513556 0.263255
vt 0.519501 0.262678
vt 0.795615 0.722423
vt 0.827831 0.077078
vt 0.349733 0.391709
vt 0.801568 0.722394
vt 0.822143 0.075288
vt 0.816730 0.077658
vt 0.354781 0.392781
vt 0.814461 0.081168
vt 0.358928 0.393223
vt 0.363334 0.393286
vt 0.778813 0.282290
vt 0.814057 0.086338
vt 0.820888 0.093381
vt 0.014274 0.659962
vt 0.018615 0.659996
vt 0.634240 0.715722
vt 0.825409 0.093202
vt 0.629898 0.715357
vt 0.829354 0.090722
vt 0.210911 0.074752
vt 0.831718 0.086863
vt 0.625392 0.715330
vt 0.220347 0.074641
vt 0.829420 0.077357
vt 0.508561 0.282712
vt 0.225674 0.074687
vt 0.823308 0.074641
vt 0.817948 0.075913
vt 0.513731 0.282431
vt 0.329263 0.523603
vt 0.813778 0.080454
vt 0.519706 0.282205
vt 0.322681 0.523525
vt 0.813607 0.087141
vt 0.009910 0.659976
vt 0.317776 0.523778
vt 0.816834 0.091605
vt 0.772836 0.326121
vt 0.570800 0.608000
vt 0.054151 0.847156
vt 0.507580 0.218997
vt 0.573763 0.608004
vt 0.051035 0.847267
vt 0.049025 0.849699
vt 0.510162 0.219038
vt 0.512878 0.218884
vt 0.796042 0.678535
vt 0.049030 0.852427
vt 0.798604 0.678503
vt 0.050844 0.854499
vt 0.359829 0.348845
vt 0.801568 0.678516
vt 0.053921 0.854999
vt 0.778813 0.326198
vt 0.056583 0.852683
vt 0.363334 0.349247
vt 0.775429 0.326183
vt 0.056583 0.849167
vt 0.893393 0.112087
vt 0.946069 0.220653
vt 0.339148 0.918130
vt 0.947251 0.214511
vt 0.912857 0.773758
vt 0.188351 0.836724
vt 0.946076 0.216238
vt 0.914256 0.773022
vt 0.889627 0.114407
vt 0.912582 0.778744
vt 0.193172 0.834111
vt 0.913897 0.776491
vt 0.887345 0.118106
vt 0.912941 0.784957
vt 0.926513 0.425024
vt 0.199473 0.835181
vt 0.913926 0.781417
vt 0.887350 0.123055
vt 0.925350 0.424035
vt 0.914256 0.785153
vt 0.889400 0.126615
vt 0.926466 0.418540
vt 0.203846 0.840197
vt 0.925311 0.419974
vt 0.892888 0.128971
vt 0.925330 0.415634
vt 0.897365 0.129290
vt 0.926513 0.413129
vt 0.908081 0.295489
vt 0.900105 0.129008
vt 0.203846 0.846330
vt 0.908010 0.290855
vt 0.200773 0.850868
vt 0.906882 0.293657
vt 0.901438 0.127464
vt 0.908021 0.286119
vt 0.196405 0.852699
vt 0.906845 0.288813
vt 0.904291 0.123194
vt 0.908081 0.282204
vt 0.337839 0.907010
vt 0.192011 0.852423
vt 0.906887 0.283838
vt 0.339148 0.905895
vt 0.904291 0.118058
vt 0.337703 0.911345
vt 0.188274 0.850095
vt 0.338966 0.909769
vt 0.902140 0.114550
vt 0.947251 0.224358
vt 0.337751 0.915675
vt 0.185877 0.846283
vt 0.338932 0.913868
vt 0.898716 0.112266
vt 0.947217 0.219192
vt 0.185825 0.840805
vt 0.631402 0.524500
vt 0.983371 0.804995
vt 0.361055 0.219330
vt 0.892532 0.115754
vt 0.895307 0.126535
vt 0.503699 0.074641
vt 0.486133 0.282205
vt 0.985292 0.247849
vt 0.900013 0.124742
vt 0.499824 0.074736
vt 0.122733 0.533495
vt 0.899302 0.115884
vt 0.357787 0.219324
vt 0.890704 0.119215
vt 0.354899 0.219322
vt 0.890722 0.122115
vt 0.352193 0.219585
vt 0.507068 0.074808
vt 0.892394 0.124673
vt 0.895723 0.125917
vt 0.503527 0.075150
vt 0.480102 0.282436
vt 0.125622 0.533924
vt 0.900735 0.118705
vt 0.984250 0.804198
vt 0.630454 0.523882
vt 0.984250 0.806912
vt 0.359268 0.219801
vt 0.633120 0.523889
vt 0.356008 0.222553
vt 0.508214 0.078118
vt 0.352748 0.222758
vt 0.504473 0.078080
vt 0.986151 0.246749
vt 0.501080 0.075301
vt 0.486685 0.282785
vt 0.986151 0.249309
vt 0.484432 0.282812
vt 0.900955 0.120875
vt 0.482147 0.282604
vt 0.478905 0.285574
vt 0.124671 0.537008
vt 0.898701 0.116258
vt 0.122505 0.534180
vt 0.895763 0.115486
vt 0.119732 0.534123
vt 0.628428 0.524089
vt 0.631453 0.513167
vt 0.359911 0.229748
vt 0.634867 0.513435
vt 0.355253 0.229646
vt 0.508162 0.085287
vt 0.350923 0.229729
vt 0.503205 0.085505
vt 0.499504 0.086059
vt 0.487351 0.293509
vt 0.484152 0.293284
vt 0.128191 0.544558
vt 0.480563 0.293248
vt 0.123884 0.544459
vt 0.118716 0.543743
vt 0.627353 0.514240
vt 0.629718 0.499920
vt 0.634867 0.499281
vt 0.361728 0.243553
vt 0.356941 0.243396
vt 0.510909 0.099119
vt 0.351217 0.243105
vt 0.505103 0.099992
vt 0.489431 0.307020
vt 0.499852 0.099587
vt 0.485148 0.307385
vt 0.480945 0.307586
vt 0.477785 0.307332
vt 0.127531 0.558383
vt 0.124295 0.558309
vt 0.624552 0.499381
vt 0.120053 0.558290
vt 0.049025 0.784616
vt 0.161166 0.783607
vt 0.327379 0.850740
vt 0.009353 0.768709
vt 0.332024 0.848870
vt 0.013962 0.768639
vt 0.594626 0.649763
vt 0.334785 0.845568
vt 0.018249 0.768632
vt 0.335390 0.839636
vt 0.599966 0.650134
vt 0.331978 0.834812
vt 0.605680 0.650134
vt 0.152095 0.764899
vt 0.328083 0.833298
vt 0.156054 0.764872
vt 0.382040 0.522274
vt 0.161166 0.764899
vt 0.322937 0.833944
vt 0.388466 0.523341
vt 0.318451 0.839026
vt 0.394433 0.523509
vt 0.776908 0.678609
vt 0.318872 0.845792
vt 0.769104 0.678503
vt 0.050954 0.784406
vt 0.629400 0.477904
vt 0.324850 0.850952
vt 0.363190 0.264625
vt 0.634210 0.477932
vt 0.329665 0.850952
vt 0.333719 0.848337
vt 0.359097 0.264237
vt 0.354520 0.264214
vt 0.335969 0.844337
vt 0.349787 0.264625
vt 0.510909 0.120905
vt 0.335880 0.839064
vt 0.504537 0.121200
vt 0.332108 0.833897
vt 0.499366 0.121355
vt 0.488593 0.328787
vt 0.325812 0.832469
vt 0.484164 0.328787
vt 0.321326 0.834243
vt 0.129629 0.579640
vt 0.317883 0.838547
vt 0.478688 0.328707
vt 0.123866 0.579478
vt 0.317776 0.844737
vt 0.625359 0.477930
vt 0.118519 0.579640
vt 0.320878 0.849288
vt 0.158604 0.827644
vt 0.859191 0.714915
vt 0.012495 0.724782
vt 0.015058 0.724747
vt 0.857262 0.716845
vt 0.600863 0.605865
vt 0.018249 0.724772
vt 0.857255 0.720361
vt 0.603973 0.605892
vt 0.859684 0.722376
vt 0.154592 0.720992
vt 0.157593 0.720975
vt 0.862799 0.722271
vt 0.160249 0.721021
vt 0.391728 0.479192
vt 0.864814 0.719842
vt 0.394433 0.479470
vt 0.776908 0.722517
vt 0.864814 0.717114
vt 0.050954 0.828449
vt 0.161166 0.828050
vt 0.773524 0.722503
vt 0.862333 0.714623
vt 0.924427 0.917796
vt 0.540712 0.877443
vt 0.925623 0.910221
vt 0.450928 0.828735
vt 0.799842 0.230906
vt 0.924436 0.912696
vt 0.452442 0.827288
vt 0.537784 0.873243
vt 0.533887 0.871469
vt 0.452018 0.830928
vt 0.450642 0.835291
vt 0.796669 0.225056
vt 0.451902 0.836293
vt 0.528541 0.871967
vt 0.934144 0.489279
vt 0.450978 0.840152
vt 0.797512 0.219641
vt 0.934093 0.482890
vt 0.801914 0.214997
vt 0.452442 0.841008
vt 0.932946 0.487224
vt 0.524326 0.876176
vt 0.934144 0.477904
vt 0.945198 0.888117
vt 0.525021 0.886145
vt 0.808295 0.214511
vt 0.932936 0.481265
vt 0.523546 0.882175
vt 0.945169 0.883911
vt 0.812314 0.216681
vt 0.944022 0.886284
vt 0.526704 0.886979
vt 0.933872 0.379444
vt 0.945198 0.879128
vt 0.814985 0.220669
vt 0.944023 0.882104
vt 0.530587 0.888753
vt 0.933677 0.384944
vt 0.814985 0.226828
vt 0.944054 0.877800
vt 0.935010 0.381165
vt 0.535060 0.888492
vt 0.538612 0.886157
vt 0.934907 0.385175
vt 0.933825 0.390328
vt 0.925623 0.922006
vt 0.811636 0.231169
vt 0.924463 0.922245
vt 0.935010 0.389302
vt 0.540712 0.882568
vt 0.925572 0.917032
vt 0.806518 0.233138
vt 0.538153 0.879655
vt 0.973085 0.380528
vt 0.051901 0.208719
vt 0.711301 0.150784
vt 0.532767 0.874263
vt 0.602147 0.393676
vt 0.262858 0.200615
vt 0.965504 0.446404
vt 0.186360 0.969756
vt 0.526345 0.879722
vt 0.527869 0.883948
vt 0.962869 0.076171
vt 0.965774 0.417361
vt 0.186360 0.966170
vt 0.965774 0.413129
vt 0.531748 0.885977
vt 0.972206 0.479416
vt 0.720210 0.150867
vt 0.974037 0.382238
vt 0.049955 0.209313
vt 0.528735 0.876124
vt 0.606324 0.392833
vt 0.258705 0.200556
vt 0.963792 0.074640
vt 0.966479 0.448937
vt 0.185825 0.967688
vt 0.264911 0.200026
vt 0.416520 0.395112
vt 0.535841 0.884039
vt 0.716191 0.151011
vt 0.599588 0.393113
vt 0.047522 0.209080
vt 0.535525 0.876120
vt 0.532828 0.874975
vt 0.602118 0.392984
vt 0.530551 0.875245
vt 0.604405 0.392819
vt 0.606071 0.389766
vt 0.258206 0.197396
vt 0.966479 0.445328
vt 0.261496 0.200092
vt 0.415640 0.392208
vt 0.264175 0.197103
vt 0.418237 0.391848
vt 0.963792 0.078634
vt 0.965199 0.414761
vt 0.973125 0.477904
vt 0.419953 0.394937
vt 0.973125 0.480836
vt 0.718658 0.151423
vt 0.422844 0.394841
vt 0.715985 0.154591
vt 0.974037 0.379445
vt 0.052562 0.209330
vt 0.712741 0.151395
vt 0.048423 0.219520
vt 0.043564 0.219378
vt 0.600534 0.383327
vt 0.256474 0.189837
vt 0.605932 0.382506
vt 0.261020 0.189653
vt 0.264406 0.189490
vt 0.267426 0.189619
vt 0.416924 0.384742
vt 0.420870 0.384167
vt 0.719513 0.161426
vt 0.424057 0.384547
vt 0.715500 0.161489
vt 0.711322 0.161645
vt 0.053152 0.219805
vt 0.050055 0.234108
vt 0.595663 0.370137
vt 0.045086 0.233153
vt 0.600284 0.369420
vt 0.253937 0.175674
vt 0.604561 0.368793
vt 0.257681 0.175832
vt 0.261908 0.175207
vt 0.413149 0.370507
vt 0.265801 0.175268
vt 0.415644 0.370391
vt 0.420428 0.370928
vt 0.425353 0.370184
vt 0.719709 0.175510
vt 0.716316 0.175429
vt 0.711414 0.175294
vt 0.054717 0.233729
vt 0.404810 0.053319
vt 0.261013 0.811314
vt 0.721030 0.521853
vt 0.265670 0.807590
vt 0.409411 0.053234
vt 0.266741 0.802698
vt 0.414418 0.053252
vt 0.418230 0.053319
vt 0.794521 0.785492
vt 0.265567 0.798558
vt 0.443730 0.712775
vt 0.261006 0.794717
vt 0.800472 0.785492
vt 0.255098 0.794820
vt 0.448862 0.712733
vt 0.443730 0.649478
vt 0.453921 0.712775
vt 0.251015 0.797853
vt 0.249211 0.803537
vt 0.449080 0.650139
vt 0.454782 0.650139
vt 0.251567 0.808955
vt 0.711302 0.521853
vt 0.255932 0.811567
vt 0.716225 0.521825
vt 0.050890 0.255280
vt 0.260809 0.812144
vt 0.046233 0.255203
vt 0.264760 0.809674
vt 0.042225 0.255088
vt 0.595773 0.348665
vt 0.267133 0.805821
vt 0.601218 0.348355
vt 0.267133 0.800314
vt 0.606324 0.347533
vt 0.263906 0.795564
vt 0.255534 0.154411
vt 0.257818 0.793517
vt 0.261943 0.154069
vt 0.267426 0.153870
vt 0.414501 0.349074
vt 0.251297 0.796264
vt 0.420102 0.348914
vt 0.248764 0.801458
vt 0.425353 0.348845
vt 0.720210 0.196680
vt 0.249323 0.806941
vt 0.056320 0.255280
vt 0.713209 0.196620
vt 0.254357 0.811914
vt 0.409050 0.009387
vt 0.853776 0.451087
vt 0.718393 0.477919
vt 0.851074 0.450550
vt 0.411301 0.009354
vt 0.795433 0.741235
vt 0.414792 0.009376
vt 0.848042 0.452324
vt 0.799358 0.741223
vt 0.448041 0.668855
vt 0.847888 0.456247
vt 0.450989 0.668846
vt 0.850172 0.458388
vt 0.453819 0.668895
vt 0.450474 0.605914
vt 0.853301 0.458286
vt 0.713204 0.477924
vt 0.453598 0.606027
vt 0.855442 0.456002
vt 0.715800 0.477904
vt 0.855442 0.453248
vt 0.159090 0.873487
vt 0.926908 0.446721
vt 0.388751 0.803676
vt 0.925721 0.451259
vt 0.662538 0.889718
vt 0.158605 0.879024
vt 0.388751 0.810040
vt 0.925768 0.445328
vt 0.160133 0.875150
vt 0.668353 0.888296
vt 0.158674 0.883515
vt 0.386268 0.813796
vt 0.159864 0.880636
vt 0.671730 0.883582
vt 0.159076 0.887518
vt 0.544910 0.918771
vt 0.382259 0.816125
vt 0.543772 0.919818
vt 0.160133 0.886162
vt 0.671730 0.877812
vt 0.544863 0.912349
vt 0.375851 0.815688
vt 0.667104 0.872797
vt 0.543698 0.913036
vt 0.544910 0.907460
vt 0.928259 0.020954
vt 0.371352 0.811188
vt 0.927107 0.020959
vt 0.661101 0.872341
vt 0.543742 0.908210
vt 0.928203 0.015081
vt 0.370508 0.805087
vt 0.656557 0.875173
vt 0.927050 0.015975
vt 0.928259 0.009353
vt 0.158605 0.939198
vt 0.373701 0.799820
vt 0.654759 0.879091
vt 0.927065 0.011758
vt 0.159929 0.937521
vt 0.158616 0.945518
vt 0.926908 0.457220
vt 0.379616 0.797473
vt 0.159769 0.941899
vt 0.654938 0.883991
vt 0.159929 0.947178
vt 0.925732 0.455270
vt 0.658341 0.888144
vt 0.926870 0.452467
vt 0.385084 0.799248
vt 0.625514 0.074641
vt 0.985185 0.447669
vt 0.666067 0.886116
vt 0.499311 0.054905
vt 0.972254 0.679362
vt 0.503873 0.055367
vt 0.820845 0.778618
vt 0.669049 0.882234
vt 0.450199 0.121248
vt 0.138456 0.986145
vt 0.660058 0.876036
vt 0.418275 0.479114
vt 0.984937 0.215120
vt 0.657643 0.879681
vt 0.953653 0.545607
vt 0.413909 0.479196
vt 0.953653 0.540941
vt 0.658593 0.884484
vt 0.668103 0.878603
vt 0.819178 0.781435
vt 0.442441 0.120996
vt 0.666539 0.876682
vt 0.444881 0.120956
vt 0.630389 0.075374
vt 0.446762 0.348845
vt 0.661080 0.885707
vt 0.985986 0.445328
vt 0.627914 0.075404
vt 0.985986 0.447972
vt 0.500164 0.054300
vt 0.625328 0.075216
vt 0.973123 0.678502
vt 0.502904 0.054579
vt 0.973123 0.681483
vt 0.441245 0.120747
vt 0.820150 0.780613
vt 0.505843 0.054606
vt 0.820845 0.785182
vt 0.444593 0.117410
vt 0.664103 0.875789
vt 0.447302 0.120831
vt 0.139288 0.984548
vt 0.448898 0.120640
vt 0.419435 0.479669
vt 0.139288 0.987026
vt 0.417150 0.479718
vt 0.985728 0.214511
vt 0.453755 0.349089
vt 0.414846 0.479765
vt 0.985728 0.217168
vt 0.953032 0.543492
vt 0.658231 0.881796
vt 0.451565 0.348973
vt 0.659196 0.883968
vt 0.449197 0.348976
vt 0.446046 0.352152
vt 0.629654 0.078637
vt 0.626247 0.085917
vt 0.500450 0.044353
vt 0.622232 0.085523
vt 0.505162 0.044705
vt 0.509392 0.044709
vt 0.442326 0.110512
vt 0.446483 0.110055
vt 0.449503 0.110364
vt 0.421816 0.489865
vt 0.417654 0.490044
vt 0.413648 0.490383
vt 0.454752 0.359420
vt 0.450967 0.359184
vt 0.630442 0.085614
vt 0.445652 0.358846
vt 0.624112 0.100380
vt 0.620280 0.099308
vt 0.500147 0.030853
vt 0.504400 0.031094
vt 0.440054 0.095987
vt 0.509988 0.030725
vt 0.444995 0.096041
vt 0.424330 0.504061
vt 0.449011 0.096080
vt 0.421318 0.504283
vt 0.418123 0.504365
vt 0.413878 0.503707
vt 0.456436 0.372570
vt 0.452052 0.373627
vt 0.447774 0.373133
vt 0.444060 0.372639
vt 0.629261 0.099500
vt 0.649149 0.118781
vt 0.704441 0.819645
vt 0.775814 0.785147
vt 0.654233 0.118583
vt 0.710756 0.822108
vt 0.659926 0.118497
vt 0.639823 0.217499
vt 0.716065 0.820048
vt 0.634607 0.217060
vt 0.719281 0.815053
vt 0.682089 0.521834
vt 0.628641 0.216993
vt 0.718225 0.808989
vt 0.686963 0.521793
vt 0.714566 0.805455
vt 0.692596 0.521834
vt 0.504704 0.650816
vt 0.708664 0.804605
vt 0.510569 0.650816
vt 0.703703 0.807815
vt 0.515693 0.650217
vt 0.701717 0.813438
vt 0.769103 0.785147
vt 0.625296 0.121326
vt 0.705149 0.820947
vt 0.498089 0.009354
vt 0.709338 0.822659
vt 0.620803 0.120963
vt 0.503678 0.010045
vt 0.715612 0.821411
vt 0.438213 0.074870
vt 0.509988 0.010036
vt 0.719555 0.816298
vt 0.444372 0.074708
vt 0.719555 0.809901
vt 0.424330 0.525523
vt 0.450199 0.074641
vt 0.715311 0.805036
vt 0.418867 0.525698
vt 0.709036 0.803788
vt 0.413150 0.525766
vt 0.456436 0.394423
vt 0.703953 0.806537
vt 0.701539 0.810441
vt 0.452356 0.394262
vt 0.701588 0.816606
vt 0.630442 0.121677
vt 0.446213 0.394360
vt 0.656440 0.074650
vt 0.162681 0.854780
vt 0.659926 0.074641
vt 0.632617 0.261283
vt 0.166046 0.852795
vt 0.628944 0.261283
vt 0.685498 0.477905
vt 0.166046 0.848869
vt 0.504920 0.606534
vt 0.688252 0.477904
vt 0.164024 0.846999
vt 0.507316 0.606699
vt 0.161306 0.846756
vt 0.769537 0.741226
vt 0.510689 0.606471
vt 0.158604 0.849006
vt 0.652918 0.074750
vt 0.773802 0.741223
vt 0.159054 0.853278
vt 0.928800 0.156123
vt 0.795690 0.423248
vt 0.452370 0.794183
vt 0.265853 0.879829
vt 0.927648 0.155812
vt 0.928841 0.150783
vt 0.450642 0.798425
vt 0.797143 0.417263
vt 0.451905 0.798637
vt 0.265853 0.874460
vt 0.450666 0.803908
vt 0.801422 0.413834
vt 0.451157 0.808581
vt 0.586068 0.947043
vt 0.806859 0.413129
vt 0.451921 0.803804
vt 0.263112 0.870075
vt 0.452370 0.808043
vt 0.584924 0.946856
vt 0.258383 0.868150
vt 0.586044 0.941725
vt 0.811535 0.415667
vt 0.586068 0.937627
vt 0.914589 0.586819
vt 0.249602 0.871535
vt 0.814126 0.419632
vt 0.584846 0.941720
vt 0.253317 0.869001
vt 0.914548 0.582130
vt 0.814126 0.425112
vt 0.913419 0.585238
vt 0.249351 0.873216
vt 0.893307 0.477904
vt 0.914589 0.576884
vt 0.811329 0.429551
vt 0.913404 0.579416
vt 0.248764 0.879365
vt 0.893027 0.481944
vt 0.807012 0.431650
vt 0.894301 0.481332
vt 0.913481 0.573881
vt 0.252405 0.884158
vt 0.892948 0.487420
vt 0.801541 0.431281
vt 0.894162 0.485559
vt 0.256432 0.885644
vt 0.893174 0.492004
vt 0.928841 0.160911
vt 0.797343 0.427754
vt 0.927684 0.162336
vt 0.894301 0.490410
vt 0.261519 0.884786
vt 0.983410 0.843326
vt 0.261779 0.880806
vt 0.953547 0.683337
vt 0.967874 0.009353
vt 0.263261 0.875993
vt 0.665637 0.282205
vt 0.953547 0.678502
vt 0.967580 0.282204
vt 0.964664 0.808514
vt 0.660992 0.282395
vt 0.973909 0.349042
vt 0.260731 0.872092
vt 0.964664 0.804198
vt 0.256188 0.871112
vt 0.962811 0.115003
vt 0.356575 0.153408
vt 0.195836 0.349882
vt 0.252184 0.874203
vt 0.945144 0.986681
vt 0.352111 0.153390
vt 0.290225 0.477459
vt 0.721594 0.969057
vt 0.257859 0.882713
vt 0.967874 0.013102
vt 0.984232 0.844433
vt 0.953026 0.682070
vt 0.967580 0.285874
vt 0.294053 0.331026
vt 0.191840 0.350185
vt 0.252268 0.878298
vt 0.188951 0.350185
vt 0.294482 0.477917
vt 0.253868 0.880875
vt 0.295132 0.327810
vt 0.665238 0.282930
vt 0.966859 0.282446
vt 0.297206 0.330851
vt 0.974773 0.347533
vt 0.662733 0.282993
vt 0.964039 0.806957
vt 0.974773 0.350377
vt 0.963802 0.112087
vt 0.660055 0.283287
vt 0.359352 0.153942
vt 0.357323 0.156900
vt 0.963802 0.116026
vt 0.355444 0.153956
vt 0.352796 0.154017
vt 0.945859 0.986612
vt 0.195537 0.350504
vt 0.945859 0.989015
vt 0.193445 0.350496
vt 0.190073 0.353916
vt 0.722409 0.968431
vt 0.291134 0.478148
vt 0.984232 0.841674
vt 0.722409 0.971482
vt 0.967263 0.010757
vt 0.291371 0.331046
vt 0.288359 0.478230
vt 0.293120 0.320489
vt 0.668294 0.293075
vt 0.296500 0.320266
vt 0.665251 0.292684
vt 0.299070 0.320529
vt 0.362053 0.164550
vt 0.661083 0.293322
vt 0.357450 0.163869
vt 0.198031 0.361156
vt 0.352775 0.164701
vt 0.194927 0.360759
vt 0.190712 0.360967
vt 0.294954 0.485653
vt 0.188005 0.358074
vt 0.291333 0.487828
vt 0.287372 0.488688
vt 0.289695 0.320394
vt 0.290858 0.306499
vt 0.295109 0.306254
vt 0.668596 0.306542
vt 0.298148 0.306181
vt 0.665275 0.306368
vt 0.362585 0.178659
vt 0.660177 0.307100
vt 0.357015 0.178507
vt 0.352916 0.178635
vt 0.197043 0.375038
vt 0.349758 0.178528
vt 0.193104 0.375136
vt 0.189696 0.375099
vt 0.295234 0.501884
vt 0.185825 0.374595
vt 0.285839 0.306490
vt 0.289252 0.502422
vt 0.542082 0.118614
vt 0.631500 0.806029
vt 0.475500 0.263287
vt 0.629909 0.801093
vt 0.479600 0.263212
vt 0.621527 0.797728
vt 0.767771 0.521996
vt 0.488419 0.263287
vt 0.771906 0.522193
vt 0.617685 0.799374
vt 0.680200 0.053288
vt 0.775992 0.522209
vt 0.614893 0.802649
vt 0.614148 0.807681
vt 0.685073 0.053246
vt 0.616890 0.812977
vt 0.793493 0.651651
vt 0.690706 0.053288
vt 0.529615 0.118614
vt 0.623030 0.815214
vt 0.799998 0.651651
vt 0.627828 0.813515
vt 0.533948 0.118567
vt 0.630735 0.810138
vt 0.538402 0.118569
vt 0.631797 0.803427
vt 0.293618 0.284950
vt 0.299070 0.284822
vt 0.668596 0.327384
vt 0.628171 0.798441
vt 0.623077 0.797132
vt 0.663343 0.327655
vt 0.487475 0.263253
vt 0.618347 0.798026
vt 0.659007 0.328202
vt 0.361167 0.199868
vt 0.354788 0.199966
vt 0.613969 0.802691
vt 0.198031 0.396459
vt 0.350190 0.199966
vt 0.613596 0.808294
vt 0.193298 0.396482
vt 0.616009 0.813149
vt 0.186936 0.396389
vt 0.297416 0.523577
vt 0.621880 0.815833
vt 0.292239 0.523405
vt 0.627282 0.814761
vt 0.287256 0.285205
vt 0.285839 0.523577
vt 0.631797 0.809860
vt 0.479027 0.219375
vt 0.538622 0.074657
vt 0.847735 0.644725
vt 0.845013 0.646945
vt 0.481771 0.219322
vt 0.772021 0.477919
vt 0.486090 0.219380
vt 0.845871 0.651549
vt 0.775992 0.477904
vt 0.683973 0.009354
vt 0.850047 0.652585
vt 0.794792 0.607484
vt 0.852651 0.650205
vt 0.687424 0.009369
vt 0.852651 0.646961
vt 0.798006 0.607503
vt 0.533272 0.074665
vt 0.850375 0.644811
vt 0.536069 0.074641
vt 0.894371 0.716137
vt 0.124467 0.790214
vt 0.078824 0.860752
vt 0.893225 0.717329
vt 0.894413 0.711316
vt 0.903026 0.046676
vt 0.129926 0.789747
vt 0.904352 0.045900
vt 0.893233 0.712517
vt 0.075724 0.864837
vt 0.902895 0.050976
vt 0.133811 0.791680
vt 0.904136 0.050929
vt 0.075613 0.869964
vt 0.903130 0.055934
vt 0.451823 0.935467
vt 0.136975 0.795846
vt 0.450651 0.935649
vt 0.904352 0.055003
vt 0.077654 0.873741
vt 0.451795 0.929801
vt 0.136975 0.801595
vt 0.450642 0.930931
vt 0.081860 0.876323
vt 0.119750 0.913630
vt 0.088270 0.876323
vt 0.451823 0.924721
vt 0.134082 0.806252
vt 0.450648 0.926600
vt 0.086342 0.876284
vt 0.119683 0.909202
vt 0.128996 0.808303
vt 0.118531 0.910598
vt 0.090783 0.873695
vt 0.119686 0.904667
vt 0.124468 0.807716
vt 0.118520 0.905734
vt 0.092809 0.869113
vt 0.119750 0.900435
vt 0.924271 0.842302
vt 0.120785 0.805016
vt 0.925529 0.841674
vt 0.118576 0.901644
vt 0.092511 0.864907
vt 0.924132 0.847620
vt 0.118519 0.800022
vt 0.089362 0.860597
vt 0.925359 0.846709
vt 0.924350 0.853459
vt 0.894413 0.721820
vt 0.120032 0.793813
vt 0.893245 0.722348
vt 0.925529 0.852437
vt 0.083590 0.858887
vt 0.605605 0.196894
vt 0.831474 0.971341
vt 0.082537 0.862138
vt 0.389095 0.669489
vt 0.079864 0.864607
vt 0.385514 0.669810
vt 0.626741 0.458181
vt 0.629927 0.458965
vt 0.078309 0.868140
vt 0.029908 0.903731
vt 0.088590 0.871568
vt 0.029908 0.898126
vt 0.597292 0.197320
vt 0.095683 0.981476
vt 0.089908 0.866109
vt 0.078957 0.867534
vt 0.629467 0.458220
vt 0.225395 0.284629
vt 0.085243 0.872950
vt 0.601477 0.196887
vt 0.086827 0.863177
vt 0.832295 0.971865
vt 0.388256 0.670080
vt 0.384384 0.673162
vt 0.627489 0.455057
vt 0.632522 0.458465
vt 0.079735 0.870505
vt 0.231339 0.284719
vt 0.081666 0.872382
vt 0.229001 0.284698
vt 0.227590 0.284944
vt 0.224456 0.288010
vt 0.087966 0.871265
vt 0.223179 0.284903
vt 0.015167 0.320293
vt 0.089258 0.868545
vt 0.029283 0.900634
vt 0.018065 0.320147
vt 0.096618 0.979135
vt 0.020672 0.320103
vt 0.096618 0.981858
vt 0.598221 0.196672
vt 0.599701 0.193645
vt 0.832295 0.968822
vt 0.390958 0.670067
vt 0.603121 0.196457
vt 0.389593 0.680635
vt 0.606198 0.185872
vt 0.384830 0.680567
vt 0.625799 0.447788
vt 0.628766 0.448071
vt 0.233694 0.295322
vt 0.632238 0.448358
vt 0.636340 0.448602
vt 0.229860 0.294899
vt 0.225598 0.295515
vt 0.221998 0.295126
vt 0.012737 0.310178
vt 0.017967 0.309911
vt 0.598371 0.186651
vt 0.022781 0.309713
vt 0.602529 0.186193
vt 0.385765 0.694653
vt 0.382040 0.694882
vt 0.627279 0.434155
vt 0.630492 0.434780
vt 0.634867 0.434752
vt 0.233775 0.309412
vt 0.230130 0.309716
vt 0.226754 0.309377
vt 0.009353 0.295764
vt 0.222696 0.309750
vt 0.013721 0.296384
vt 0.018847 0.295302
vt 0.595724 0.172587
vt 0.022016 0.295387
vt 0.599030 0.172719
vt 0.602437 0.172201
vt 0.390958 0.694283
vt 0.606170 0.172439
vt 0.349733 0.455956
vt 0.661470 0.779123
vt 0.872984 0.613086
vt 0.868868 0.608847
vt 0.354026 0.455874
vt 0.863862 0.607942
vt 0.359066 0.455887
vt 0.362889 0.455956
vt 0.317776 0.650624
vt 0.859970 0.609466
vt 0.322825 0.650624
vt 0.856622 0.613426
vt 0.328796 0.650203
vt 0.856763 0.620204
vt 0.788397 0.118516
vt 0.794901 0.118589
vt 0.253032 0.517714
vt 0.861437 0.624771
vt 0.868216 0.624886
vt 0.259420 0.518541
vt 0.654759 0.779123
vt 0.873124 0.619863
vt 0.265634 0.518464
vt 0.390842 0.716043
vt 0.606198 0.150784
vt 0.873857 0.613292
vt 0.625796 0.413129
vt 0.383512 0.716067
vt 0.868855 0.607922
vt 0.862414 0.607483
vt 0.631791 0.413728
vt 0.636340 0.413725
vt 0.858386 0.609826
vt 0.233832 0.330833
vt 0.229785 0.330881
vt 0.855890 0.613600
vt 0.224299 0.330881
vt 0.855712 0.619104
vt 0.858054 0.623133
vt 0.220582 0.330832
vt 0.009484 0.274582
vt 0.013574 0.274345
vt 0.862044 0.625729
vt 0.019073 0.274121
vt 0.867553 0.625718
vt 0.022781 0.274031
vt 0.596017 0.151435
vt 0.871361 0.623464
vt 0.600511 0.151291
vt 0.873857 0.619690
vt 0.355083 0.412007
vt 0.659963 0.735212
vt 0.829181 0.452663
vt 0.357600 0.411993
vt 0.827159 0.450793
vt 0.360251 0.412026
vt 0.318876 0.606374
vt 0.824441 0.450550
vt 0.322366 0.606338
vt 0.788215 0.074643
vt 0.821740 0.452800
vt 0.791494 0.074641
vt 0.821867 0.456326
vt 0.794901 0.074717
vt 0.261388 0.474363
vt 0.824989 0.458675
vt 0.656356 0.735191
vt 0.265634 0.474355
vt 0.829181 0.456589
vt 0.857202 0.778341
vt 0.227185 0.797552
vt 0.836050 0.015403
vt 0.856025 0.781623
vt 0.228778 0.795445
vt 0.904754 0.010699
vt 0.228312 0.799726
vt 0.899793 0.009353
vt 0.226998 0.803183
vt 0.836050 0.021152
vt 0.924263 0.086789
vt 0.227314 0.808328
vt 0.833156 0.025810
vt 0.895440 0.010494
vt 0.228270 0.804217
vt 0.924212 0.079786
vt 0.826487 0.028060
vt 0.228778 0.809398
vt 0.923071 0.084664
vt 0.891494 0.015041
vt 0.923059 0.078732
vt 0.891501 0.021006
vt 0.318966 0.947130
vt 0.924263 0.074641
vt 0.820618 0.025450
vt 0.923098 0.075476
vt 0.317819 0.947088
vt 0.893835 0.024524
vt 0.318933 0.942724
vt 0.818096 0.021366
vt 0.317777 0.943477
vt 0.897393 0.026617
vt 0.913190 0.509735
vt 0.318966 0.937275
vt 0.817915 0.015886
vt 0.914455 0.509516
vt 0.317797 0.938341
vt 0.902530 0.026617
vt 0.913009 0.514626
vt 0.820890 0.011474
vt 0.914248 0.513314
vt 0.906242 0.024201
vt 0.391750 0.944688
vt 0.913054 0.519113
vt 0.824861 0.009353
vt 0.914248 0.517409
vt 0.908328 0.020662
vt 0.857202 0.785423
vt 0.391750 0.939114
vt 0.907908 0.013001
vt 0.831197 0.009949
vt 0.390581 0.941266
vt 0.914455 0.522061
vt 0.908343 0.015495
vt 0.747617 0.261208
vt 0.905297 0.015817
vt 0.751593 0.260810
vt 0.230690 0.350000
vt 0.902079 0.013335
vt 0.945144 0.942690
vt 0.158352 0.320749
vt 0.222916 0.349588
vt 0.894565 0.015375
vt 0.972566 0.744468
vt 0.321983 0.349578
vt 0.585572 0.990100
vt 0.901213 0.023877
vt 0.972566 0.741223
vt 0.904364 0.021807
vt 0.986623 0.152059
vt 0.390036 0.153390
vt 0.227972 0.349792
vt 0.899062 0.012880
vt 0.897523 0.022976
vt 0.325696 0.349895
vt 0.904086 0.015089
vt 0.748944 0.260513
vt 0.230163 0.353209
vt 0.752489 0.257402
vt 0.227029 0.353053
vt 0.946513 0.940951
vt 0.157007 0.320230
vt 0.225083 0.350153
vt 0.945971 0.943221
vt 0.159041 0.320065
vt 0.946513 0.945712
vt 0.161581 0.319901
vt 0.163459 0.319972
vt 0.327953 0.349920
vt 0.895326 0.020630
vt 0.326508 0.352733
vt 0.584846 0.989944
vt 0.322373 0.350168
vt 0.971925 0.742316
vt 0.320287 0.350158
vt 0.585572 0.987750
vt 0.987402 0.150783
vt 0.391089 0.154094
vt 0.987402 0.153231
vt 0.388708 0.154072
vt 0.386357 0.153915
vt 0.905022 0.018041
vt 0.746111 0.260812
vt 0.748938 0.250264
vt 0.752381 0.249780
vt 0.231747 0.360575
vt 0.227880 0.359793
vt 0.223791 0.360287
vt 0.155364 0.309746
vt 0.158528 0.309624
vt 0.161911 0.309395
vt 0.328961 0.360353
vt 0.164901 0.309451
vt 0.325398 0.361093
vt 0.321886 0.360789
vt 0.391541 0.163913
vt 0.318822 0.360229
vt 0.387410 0.164671
vt 0.384240 0.164464
vt 0.745679 0.250057
vt 0.747830 0.235942
vt 0.233364 0.374072
vt 0.752070 0.235954
vt 0.229717 0.373799
vt 0.224751 0.373087
vt 0.152095 0.296609
vt 0.156379 0.295405
vt 0.160825 0.295697
vt 0.165252 0.295415
vt 0.330106 0.374339
vt 0.326759 0.374973
vt 0.322659 0.374754
vt 0.392125 0.178156
vt 0.317776 0.374705
vt 0.386916 0.178380
vt 0.744588 0.236040
vt 0.383162 0.178289
vt 0.443730 0.587207
vt 0.382040 0.734774
vt 0.837637 0.859472
vt 0.448818 0.587133
vt 0.844405 0.859090
vt 0.152095 0.639030
vt 0.455583 0.587207
vt 0.848921 0.854034
vt 0.157676 0.639380
vt 0.848798 0.848127
vt 0.163327 0.639380
vt 0.845058 0.843482
vt 0.684142 0.457062
vt 0.839241 0.842450
vt 0.690004 0.457021
vt 0.687302 0.326431
vt 0.834651 0.844643
vt 0.694480 0.457062
vt 0.692368 0.326431
vt 0.832053 0.849016
vt 0.697495 0.325860
vt 0.388751 0.734859
vt 0.832582 0.854956
vt 0.745160 0.214665
vt 0.381291 0.199553
vt 0.836891 0.859970
vt 0.233415 0.395044
vt 0.752489 0.214512
vt 0.844230 0.859970
vt 0.226498 0.394633
vt 0.849419 0.854781
vt 0.220582 0.395044
vt 0.153723 0.274384
vt 0.849629 0.848328
vt 0.160087 0.273947
vt 0.845888 0.843138
vt 0.165252 0.273677
vt 0.329673 0.396081
vt 0.839600 0.841674
vt 0.324564 0.396164
vt 0.834519 0.843799
vt 0.319174 0.396164
vt 0.394030 0.199553
vt 0.831474 0.848388
vt 0.387951 0.199322
vt 0.831702 0.854781
vt 0.382773 0.778690
vt 0.449547 0.543271
vt 0.875560 0.046766
vt 0.452510 0.543271
vt 0.872444 0.046871
vt 0.158182 0.595097
vt 0.455307 0.543342
vt 0.870386 0.049391
vt 0.161281 0.595150
vt 0.685718 0.413155
vt 0.870608 0.052517
vt 0.872963 0.054430
vt 0.688689 0.413129
vt 0.688574 0.282277
vt 0.691113 0.413150
vt 0.875691 0.054430
vt 0.691700 0.282205
vt 0.388751 0.778767
vt 0.877982 0.052297
vt 0.385366 0.778752
vt 0.877989 0.048781
vt 0.654773 0.916682
vt 0.894533 0.074641
vt 0.655909 0.913107
vt 0.819178 0.752402
vt 0.655945 0.908424
vt 0.905477 0.448001
vt 0.819691 0.746943
vt 0.654759 0.911396
vt 0.907014 0.445328
vt 0.889657 0.076861
vt 0.906649 0.450056
vt 0.887279 0.081323
vt 0.905375 0.453483
vt 0.823327 0.742839
vt 0.905757 0.458166
vt 0.945511 0.920338
vt 0.828567 0.741223
vt 0.887291 0.085692
vt 0.906659 0.454388
vt 0.889408 0.089344
vt 0.907014 0.457738
vt 0.944353 0.919997
vt 0.945483 0.915020
vt 0.833605 0.742934
vt 0.893014 0.091740
vt 0.944330 0.915670
vt 0.945511 0.910221
vt 0.919149 0.657273
vt 0.837318 0.747207
vt 0.898771 0.091740
vt 0.944331 0.910783
vt 0.917974 0.656831
vt 0.919108 0.651102
vt 0.837318 0.753837
vt 0.907119 0.314196
vt 0.919149 0.646862
vt 0.834909 0.757446
vt 0.917943 0.650422
vt 0.903927 0.087197
vt 0.906890 0.317997
vt 0.831222 0.759733
vt 0.918036 0.644725
vt 0.908158 0.316927
vt 0.904351 0.080998
vt 0.906846 0.322633
vt 0.826589 0.759912
vt 0.908053 0.321094
vt 0.902245 0.077354
vt 0.908158 0.325028
vt 0.654808 0.920699
vt 0.898805 0.075053
vt 0.907040 0.327351
vt 0.655945 0.918856
vt 0.821742 0.757548
vt 0.972897 0.607483
vt 0.896143 0.077452
vt 0.444300 0.478620
vt 0.416910 0.460406
vt 0.127940 0.663095
vt 0.369841 0.986284
vt 0.891917 0.079026
vt 0.421401 0.460406
vt 0.889967 0.082941
vt 0.123815 0.662714
vt 0.891707 0.087642
vt 0.761282 0.968313
vt 0.451240 0.958891
vt 0.119372 0.662950
vt 0.413773 0.969084
vt 0.903359 0.987085
vt 0.896095 0.089176
vt 0.451240 0.954355
vt 0.413773 0.965414
vt 0.494702 0.969348
vt 0.900318 0.087234
vt 0.450862 0.459716
vt 0.413149 0.988670
vt 0.901598 0.082535
vt 0.451666 0.478478
vt 0.455622 0.459716
vt 0.899840 0.079142
vt 0.447910 0.478423
vt 0.123721 0.663408
vt 0.762032 0.968128
vt 0.326415 0.284822
vt 0.120122 0.663510
vt 0.495475 0.969348
vt 0.451389 0.459200
vt 0.370670 0.984884
vt 0.419781 0.459803
vt 0.370670 0.987332
vt 0.421987 0.459824
vt 0.126590 0.663649
vt 0.122062 0.666581
vt 0.328959 0.288151
vt 0.325432 0.287725
vt 0.904165 0.985781
vt 0.762032 0.971377
vt 0.450642 0.955891
vt 0.323174 0.284893
vt 0.413150 0.967833
vt 0.494722 0.966001
vt 0.904165 0.988172
vt 0.321184 0.284900
vt 0.448427 0.459157
vt 0.451304 0.455741
vt 0.413972 0.987791
vt 0.452061 0.479205
vt 0.454423 0.459095
vt 0.413972 0.990023
vt 0.450090 0.479115
vt 0.972897 0.610734
vt 0.447364 0.479175
vt 0.972291 0.607871
vt 0.444874 0.479296
vt 0.417094 0.459782
vt 0.417970 0.450142
vt 0.127889 0.673940
vt 0.422777 0.449152
vt 0.123964 0.673440
vt 0.329437 0.295469
vt 0.120566 0.673552
vt 0.325573 0.295218
vt 0.320331 0.295396
vt 0.446236 0.448694
vt 0.451059 0.449459
vt 0.453031 0.489820
vt 0.455846 0.448198
vt 0.449669 0.489303
vt 0.446153 0.489585
vt 0.413688 0.449122
vt 0.420441 0.434620
vt 0.424990 0.435344
vt 0.126908 0.687207
vt 0.122642 0.686892
vt 0.329677 0.309729
vt 0.118519 0.687372
vt 0.325722 0.309538
vt 0.444059 0.435309
vt 0.320834 0.308849
vt 0.448178 0.434276
vt 0.452523 0.434637
vt 0.454546 0.503371
vt 0.455915 0.434469
vt 0.450044 0.502984
vt 0.413149 0.435004
vt 0.445077 0.503509
vt 0.416189 0.435513
vt 0.317776 0.732337
vt 0.837692 0.414897
vt 0.042225 0.639826
vt 0.046827 0.639761
vt 0.833706 0.419332
vt 0.285839 0.649524
vt 0.053591 0.639826
vt 0.833847 0.426109
vt 0.292328 0.649524
vt 0.838739 0.430801
vt 0.296897 0.649211
vt 0.843740 0.431059
vt 0.474359 0.650946
vt 0.848349 0.428681
vt 0.479415 0.650893
vt 0.485369 0.650946
vt 0.850812 0.422366
vt 0.050954 0.721278
vt 0.045950 0.721206
vt 0.849136 0.417647
vt 0.042225 0.721483
vt 0.325957 0.732398
vt 0.845951 0.414752
vt 0.321797 0.732387
vt 0.841869 0.413857
vt 0.418804 0.413818
vt 0.835975 0.415151
vt 0.424304 0.413887
vt 0.127940 0.708412
vt 0.832833 0.419956
vt 0.122906 0.708002
vt 0.832884 0.425229
vt 0.331027 0.330824
vt 0.835138 0.429038
vt 0.118593 0.708028
vt 0.326979 0.330872
vt 0.838912 0.431534
vt 0.844417 0.431711
vt 0.321493 0.330872
vt 0.848445 0.429369
vt 0.317776 0.330822
vt 0.445539 0.413219
vt 0.449416 0.413143
vt 0.850941 0.425595
vt 0.455807 0.413129
vt 0.455583 0.524565
vt 0.850941 0.419198
vt 0.449359 0.524386
vt 0.846504 0.414192
vt 0.413584 0.413835
vt 0.841099 0.413129
vt 0.444059 0.524565
vt 0.045959 0.595942
vt 0.321444 0.776309
vt 0.820972 0.046766
vt 0.048856 0.595885
vt 0.817915 0.049616
vt 0.052334 0.595928
vt 0.288101 0.605299
vt 0.818450 0.053103
vt 0.291591 0.605241
vt 0.475202 0.607051
vt 0.821422 0.054981
vt 0.050954 0.765698
vt 0.825349 0.053239
vt 0.479292 0.606999
vt 0.325957 0.776306
vt 0.046418 0.765352
vt 0.825349 0.048434
vt 0.096853 0.931809
vt 0.541650 0.841040
vt 0.095683 0.932220
vt 0.883884 0.215823
vt 0.892593 0.186360
vt 0.096890 0.926783
vt 0.541650 0.846287
vt 0.879600 0.214511
vt 0.893903 0.186008
vt 0.095727 0.927850
vt 0.892423 0.190646
vt 0.539345 0.850230
vt 0.875380 0.215336
vt 0.893689 0.189864
vt 0.159802 0.918814
vt 0.892623 0.195402
vt 0.535268 0.852763
vt 0.159754 0.913201
vt 0.529113 0.852552
vt 0.158620 0.918127
vt 0.871179 0.219290
vt 0.893903 0.195600
vt 0.870553 0.225461
vt 0.158605 0.912258
vt 0.223763 0.931339
vt 0.873448 0.230984
vt 0.159802 0.906224
vt 0.523813 0.847528
vt 0.158642 0.907219
vt 0.873358 0.229982
vt 0.223711 0.925979
vt 0.523546 0.841135
vt 0.222553 0.927297
vt 0.878018 0.232071
vt 0.223763 0.919853
vt 0.584948 0.907247
vt 0.526945 0.836028
vt 0.222563 0.921297
vt 0.586254 0.906754
vt 0.883926 0.230855
vt 0.584846 0.913441
vt 0.533364 0.834276
vt 0.586047 0.911909
vt 0.887560 0.226108
vt 0.585103 0.918921
vt 0.096890 0.937059
vt 0.538641 0.836462
vt 0.095726 0.937662
vt 0.586254 0.917621
vt 0.887560 0.220351
vt 0.416633 0.074817
vt 0.879329 0.217448
vt 0.411889 0.074641
vt 0.874792 0.219325
vt 0.248764 0.987322
vt 0.198004 0.219305
vt 0.874730 0.227126
vt 0.439932 0.009354
vt 0.873861 0.222799
vt 0.409041 0.075337
vt 0.444345 0.009645
vt 0.194548 0.219646
vt 0.878830 0.228648
vt 0.191214 0.219596
vt 0.882052 0.227780
vt 0.883808 0.225886
vt 0.188970 0.219504
vt 0.089344 0.577137
vt 0.092092 0.577191
vt 0.884450 0.223195
vt 0.479165 0.153415
vt 0.881877 0.218905
vt 0.476669 0.153522
vt 0.879421 0.218173
vt 0.416271 0.075531
vt 0.877373 0.218494
vt 0.414449 0.075387
vt 0.875432 0.219744
vt 0.412148 0.075388
vt 0.445740 0.012991
vt 0.409928 0.078465
vt 0.443105 0.013239
vt 0.249568 0.986390
vt 0.441145 0.009973
vt 0.249568 0.988702
vt 0.439149 0.009908
vt 0.196669 0.219885
vt 0.193573 0.223057
vt 0.088113 0.573522
vt 0.189769 0.223112
vt 0.091334 0.574058
vt 0.481775 0.153390
vt 0.094263 0.577078
vt 0.883728 0.220924
vt 0.476885 0.163706
vt 0.418699 0.085406
vt 0.413849 0.085135
vt 0.409870 0.085572
vt 0.447270 0.020478
vt 0.444096 0.020618
vt 0.439856 0.020415
vt 0.437116 0.020509
vt 0.197328 0.230525
vt 0.193612 0.229574
vt 0.086920 0.566302
vt 0.189490 0.230440
vt 0.090004 0.566214
vt 0.093502 0.566604
vt 0.096449 0.566828
vt 0.481804 0.163879
vt 0.479731 0.178389
vt 0.419506 0.099013
vt 0.475565 0.177758
vt 0.415084 0.099216
vt 0.410664 0.098891
vt 0.406907 0.099656
vt 0.445930 0.034760
vt 0.441808 0.034571
vt 0.199853 0.244452
vt 0.437793 0.034471
vt 0.196027 0.244167
vt 0.190093 0.243830
vt 0.085046 0.552989
vt 0.090696 0.552586
vt 0.483851 0.178150
vt 0.096449 0.552866
vt 0.835834 0.296150
vt 0.317776 0.458828
vt 0.738917 0.150784
vt 0.839617 0.299551
vt 0.322168 0.458758
vt 0.326346 0.458761
vt 0.843728 0.300300
vt 0.330850 0.458828
vt 0.848659 0.298691
vt 0.185825 0.778120
vt 0.852101 0.292851
vt 0.192572 0.778120
vt 0.085046 0.765334
vt 0.851203 0.287925
vt 0.089735 0.765306
vt 0.848522 0.284558
vt 0.541021 0.009354
vt 0.094000 0.765334
vt 0.536502 0.009424
vt 0.843726 0.282863
vt 0.532358 0.009891
vt 0.839641 0.283744
vt 0.528695 0.010616
vt 0.836273 0.286425
vt 0.748381 0.150865
vt 0.834579 0.291221
vt 0.743303 0.150851
vt 0.834359 0.294616
vt 0.480357 0.199557
vt 0.419506 0.120214
vt 0.838210 0.299769
vt 0.473958 0.199447
vt 0.413433 0.119912
vt 0.844523 0.301001
vt 0.409124 0.120107
vt 0.448911 0.055826
vt 0.848643 0.299386
vt 0.443987 0.055900
vt 0.852190 0.295285
vt 0.852190 0.287946
vt 0.199853 0.265895
vt 0.436936 0.055900
vt 0.194576 0.265914
vt 0.847775 0.283235
vt 0.189918 0.265846
vt 0.843231 0.282204
vt 0.185825 0.265733
vt 0.088395 0.531431
vt 0.838832 0.283265
vt 0.485889 0.199557
vt 0.095015 0.531663
vt 0.834335 0.288183
vt 0.321094 0.414909
vt 0.876373 0.644725
vt 0.742352 0.194751
vt 0.873645 0.644730
vt 0.323426 0.414871
vt 0.326492 0.414886
vt 0.186668 0.733832
vt 0.871357 0.646868
vt 0.190157 0.733902
vt 0.087678 0.721434
vt 0.871357 0.650384
vt 0.090956 0.721413
vt 0.874148 0.652542
vt 0.093482 0.721448
vt 0.541021 0.053432
vt 0.876879 0.652185
vt 0.538317 0.053658
vt 0.748381 0.194767
vt 0.878805 0.650252
vt 0.745247 0.194787
vt 0.878805 0.646736
vt 0.882046 0.299491
vt 0.009364 0.906392
vt 0.010509 0.904340
vt 0.873899 0.491312
vt 0.009354 0.902113
vt 0.894699 0.573881
vt 0.885775 0.297326
vt 0.010575 0.898126
vt 0.893020 0.577264
vt 0.868737 0.496098
vt 0.894268 0.577494
vt 0.887981 0.293694
vt 0.914969 0.392200
vt 0.893011 0.584290
vt 0.861698 0.496098
vt 0.894212 0.582596
vt 0.888139 0.288590
vt 0.914918 0.385242
vt 0.856488 0.490984
vt 0.894699 0.587359
vt 0.913755 0.387832
vt 0.884733 0.283856
vt 0.914969 0.379444
vt 0.675803 0.944652
vt 0.876287 0.282204
vt 0.856218 0.484567
vt 0.913766 0.382702
vt 0.879853 0.282204
vt 0.675803 0.938955
vt 0.614769 0.946817
vt 0.871187 0.286440
vt 0.860096 0.479190
vt 0.674651 0.942128
vt 0.873960 0.284033
vt 0.945379 0.413129
vt 0.614769 0.940554
vt 0.866365 0.477904
vt 0.613596 0.943944
vt 0.870897 0.289390
vt 0.945220 0.417393
vt 0.870625 0.479551
vt 0.946493 0.415724
vt 0.613619 0.938802
vt 0.871677 0.295122
vt 0.945292 0.423073
vt 0.010575 0.911342
vt 0.874241 0.484020
vt 0.009419 0.911351
vt 0.876658 0.299491
vt 0.946493 0.422342
vt 0.569507 0.150784
vt 0.883213 0.295616
vt 0.158604 0.967489
vt 0.508610 0.542218
vt 0.953889 0.714830
vt 0.885128 0.288946
vt 0.881493 0.285477
vt 0.953889 0.710098
vt 0.095682 0.959381
vt 0.965858 0.945038
vt 0.876868 0.285817
vt 0.290101 0.200480
vt 0.965858 0.940951
vt 0.967427 0.184184
vt 0.873927 0.292579
vt 0.297458 0.200480
vt 0.337703 0.967389
vt 0.573730 0.543211
vt 0.881025 0.295969
vt 0.571665 0.151367
vt 0.159538 0.969103
vt 0.953369 0.713043
vt 0.096650 0.956368
vt 0.839241 0.517690
vt 0.569399 0.459190
vt 0.874993 0.288591
vt 0.293344 0.200079
vt 0.882793 0.295035
vt 0.569672 0.151402
vt 0.567706 0.151175
vt 0.512987 0.542784
vt 0.884202 0.293329
vt 0.159538 0.965885
vt 0.567191 0.459159
vt 0.841064 0.515252
vt 0.510431 0.542861
vt 0.841064 0.520553
vt 0.570310 0.456004
vt 0.096650 0.960428
vt 0.965219 0.943936
vt 0.968255 0.181042
vt 0.573451 0.459075
vt 0.576168 0.459138
vt 0.968255 0.184499
vt 0.290968 0.199875
vt 0.574797 0.543902
vt 0.338646 0.965601
vt 0.295455 0.199924
vt 0.574085 0.547106
vt 0.296922 0.196604
vt 0.338646 0.968863
vt 0.571987 0.543871
vt 0.876572 0.295277
vt 0.569957 0.543647
vt 0.573392 0.151169
vt 0.879235 0.296180
vt 0.567415 0.543809
vt 0.573265 0.161253
vt 0.565324 0.553750
vt 0.515709 0.553194
vt 0.568354 0.161869
vt 0.511496 0.552678
vt 0.568435 0.449209
vt 0.506277 0.552515
vt 0.572675 0.448379
vt 0.576001 0.448420
vt 0.287955 0.189223
vt 0.291716 0.189942
vt 0.575920 0.554207
vt 0.296638 0.189368
vt 0.572967 0.554178
vt 0.569505 0.554280
vt 0.570714 0.176014
vt 0.566686 0.175928
vt 0.515846 0.566713
vt 0.510905 0.566107
vt 0.566287 0.434332
vt 0.506747 0.566842
vt 0.569390 0.434471
vt 0.573778 0.434245
vt 0.577370 0.434672
vt 0.287044 0.175459
vt 0.290102 0.175303
vt 0.294417 0.175026
vt 0.299224 0.175933
vt 0.575426 0.567353
vt 0.569675 0.567894
vt 0.574971 0.175879
vt 0.565049 0.568131
vt 0.381893 0.328794
vt 0.722409 0.722447
vt 0.580007 0.799209
vt 0.385993 0.328714
vt 0.575390 0.796845
vt 0.391001 0.328722
vt 0.570461 0.797727
vt 0.566669 0.800893
vt 0.395312 0.328794
vt 0.771195 0.258860
vt 0.565449 0.807563
vt 0.009353 0.641254
vt 0.777963 0.258879
vt 0.569602 0.813226
vt 0.016070 0.641204
vt 0.564926 0.714416
vt 0.574494 0.814297
vt 0.020630 0.641254
vt 0.578635 0.813123
vt 0.569071 0.714831
vt 0.712845 0.722447
vt 0.582476 0.808562
vt 0.574708 0.714831
vt 0.718729 0.722419
vt 0.582373 0.802654
vt 0.571591 0.197345
vt 0.579977 0.798108
vt 0.515846 0.587704
vt 0.566092 0.197345
vt 0.574584 0.796136
vt 0.569243 0.797478
vt 0.510566 0.587445
vt 0.567413 0.413150
vt 0.565212 0.802176
vt 0.504704 0.587765
vt 0.564926 0.807680
vt 0.572855 0.413129
vt 0.577370 0.413159
vt 0.567101 0.811986
vt 0.286133 0.153967
vt 0.571827 0.814814
vt 0.290254 0.153878
vt 0.577096 0.814593
vt 0.295473 0.153870
vt 0.299582 0.153921
vt 0.575920 0.589220
vt 0.580830 0.812218
vt 0.571610 0.589128
vt 0.583203 0.808365
vt 0.577018 0.197259
vt 0.566264 0.589293
vt 0.583203 0.802858
vt 0.385545 0.284868
vt 0.719096 0.678509
vt 0.823266 0.586595
vt 0.388948 0.284822
vt 0.826696 0.584725
vt 0.392597 0.284889
vt 0.774127 0.214657
vt 0.826696 0.580423
vt 0.777963 0.214512
vt 0.822964 0.578296
vt 0.014502 0.597308
vt 0.018457 0.597349
vt 0.570532 0.670635
vt 0.819387 0.580686
vt 0.715256 0.678503
vt 0.819692 0.584971
vt 0.574662 0.670675
vt 0.633998 0.908026
vt 0.820535 0.515252
vt 0.883276 0.413630
vt 0.489794 0.813207
vt 0.819356 0.517835
vt 0.884713 0.415810
vt 0.633678 0.913777
vt 0.483516 0.815338
vt 0.635010 0.910617
vt 0.880317 0.413128
vt 0.635010 0.916415
vt 0.874351 0.413603
vt 0.634073 0.920127
vt 0.223775 0.901147
vt 0.871055 0.415302
vt 0.477459 0.813202
vt 0.223723 0.896033
vt 0.474633 0.808608
vt 0.222553 0.897912
vt 0.869844 0.418443
vt 0.223721 0.891462
vt 0.474359 0.803980
vt 0.869648 0.424243
vt 0.222556 0.892119
vt 0.223775 0.887369
vt 0.934160 0.784367
vt 0.476984 0.799171
vt 0.872486 0.428524
vt 0.222605 0.888116
vt 0.933008 0.784370
vt 0.934117 0.779421
vt 0.481614 0.796702
vt 0.934160 0.773231
vt 0.794672 0.914609
vt 0.487977 0.797384
vt 0.932962 0.778536
vt 0.878291 0.430685
vt 0.795863 0.915740
vt 0.933010 0.773022
vt 0.883837 0.428421
vt 0.794521 0.921861
vt 0.492648 0.802997
vt 0.886668 0.424098
vt 0.795736 0.920857
vt 0.794741 0.926323
vt 0.820535 0.520901
vt 0.492648 0.808317
vt 0.795863 0.924863
vt 0.819393 0.522016
vt 0.886668 0.419670
vt 0.512732 0.714956
vt 0.654483 0.964685
vt 0.964704 0.846033
vt 0.873811 0.417724
vt 0.964704 0.841674
vt 0.872271 0.421959
vt 0.584846 0.967936
vt 0.124989 0.337424
vt 0.877670 0.427556
vt 0.633677 0.986598
vt 0.016268 0.208763
vt 0.972361 0.542184
vt 0.954379 0.383940
vt 0.882268 0.425875
vt 0.011693 0.208719
vt 0.883975 0.421709
vt 0.479331 0.460397
vt 0.954379 0.379444
vt 0.761282 0.947452
vt 0.634527 0.985109
vt 0.017641 0.209312
vt 0.881921 0.418215
vt 0.483252 0.459615
vt 0.506753 0.714472
vt 0.879819 0.416832
vt 0.485679 0.459453
vt 0.508981 0.714572
vt 0.877370 0.416565
vt 0.655459 0.963087
vt 0.510850 0.714332
vt 0.512936 0.711241
vt 0.655459 0.966599
vt 0.964139 0.843916
vt 0.585757 0.965749
vt 0.513946 0.714084
vt 0.127236 0.337966
vt 0.585757 0.969043
vt 0.123951 0.338032
vt 0.874187 0.425090
vt 0.122048 0.337808
vt 0.019788 0.209044
vt 0.634527 0.987471
vt 0.015299 0.209354
vt 0.973287 0.540941
vt 0.481848 0.394422
vt 0.013222 0.209350
vt 0.973287 0.543819
vt 0.953716 0.382092
vt 0.762471 0.945076
vt 0.484575 0.394197
vt 0.486937 0.393893
vt 0.479794 0.459747
vt 0.762012 0.947474
vt 0.762471 0.949422
vt 0.481516 0.459577
vt 0.482056 0.449207
vt 0.505530 0.704268
vt 0.485990 0.448698
vt 0.509473 0.704424
vt 0.129299 0.348235
vt 0.514105 0.704353
vt 0.125056 0.348487
vt 0.121035 0.348496
vt 0.021901 0.219689
vt 0.017078 0.219304
vt 0.013057 0.220195
vt 0.478875 0.384048
vt 0.482039 0.384217
vt 0.477636 0.449694
vt 0.486864 0.383892
vt 0.481839 0.435004
vt 0.485998 0.434593
vt 0.504704 0.690690
vt 0.509607 0.690841
vt 0.131164 0.362594
vt 0.513657 0.690508
vt 0.126442 0.361960
vt 0.023519 0.233949
vt 0.120206 0.362786
vt 0.019278 0.233917
vt 0.475142 0.370900
vt 0.014181 0.233763
vt 0.009353 0.233886
vt 0.479954 0.370515
vt 0.474622 0.435593
vt 0.485025 0.369938
vt 0.478307 0.434960
vt 0.620383 0.053289
vt 0.535194 0.734231
vt 0.335254 0.801173
vt 0.331294 0.796788
vt 0.624676 0.053225
vt 0.326325 0.795702
vt 0.629716 0.053256
vt 0.481428 0.588293
vt 0.318891 0.800921
vt 0.485998 0.587989
vt 0.318453 0.805910
vt 0.683794 0.651421
vt 0.320662 0.810602
vt 0.688851 0.651374
vt 0.325999 0.813138
vt 0.694138 0.651421
vt 0.162287 0.658088
vt 0.331006 0.812239
vt 0.157221 0.658102
vt 0.152096 0.658687
vt 0.541903 0.734402
vt 0.335150 0.807950
vt 0.486937 0.348095
vt 0.476331 0.413890
vt 0.335997 0.801168
vt 0.481823 0.413424
vt 0.332596 0.796831
vt 0.485998 0.413129
vt 0.505612 0.669781
vt 0.328126 0.795015
vt 0.474359 0.588293
vt 0.324109 0.795733
vt 0.509676 0.669766
vt 0.631922 0.053289
vt 0.514105 0.669523
vt 0.131245 0.383931
vt 0.320117 0.797931
vt 0.126843 0.383973
vt 0.317918 0.802040
vt 0.122354 0.383973
vt 0.317776 0.806563
vt 0.320069 0.810807
vt 0.118519 0.383924
vt 0.022910 0.255157
vt 0.323883 0.813361
vt 0.018908 0.255266
vt 0.014483 0.255323
vt 0.328290 0.813763
vt 0.010389 0.255323
vt 0.475726 0.349534
vt 0.332523 0.812163
vt 0.481383 0.348990
vt 0.335997 0.807592
vt 0.625385 0.009373
vt 0.536155 0.778190
vt 0.851475 0.259551
vt 0.628386 0.009354
vt 0.854991 0.259551
vt 0.477680 0.544064
vt 0.857002 0.257119
vt 0.631369 0.009411
vt 0.684685 0.607527
vt 0.480786 0.544008
vt 0.856891 0.254003
vt 0.854100 0.251844
vt 0.687963 0.607484
vt 0.161480 0.702269
vt 0.851369 0.252202
vt 0.690489 0.607502
vt 0.541903 0.778307
vt 0.849443 0.254135
vt 0.158767 0.702269
vt 0.539161 0.778275
vt 0.849337 0.257264
vt 0.905340 0.883224
vt 0.856024 0.753306
vt 0.904185 0.886064
vt 0.009353 0.872736
vt 0.904190 0.881046
vt 0.895056 0.347533
vt 0.011741 0.877193
vt 0.905407 0.877800
vt 0.893475 0.350308
vt 0.856222 0.747176
vt 0.016648 0.879420
vt 0.894640 0.352492
vt 0.893390 0.356057
vt 0.859995 0.742838
vt 0.894668 0.356938
vt 0.021108 0.878962
vt 0.893796 0.360738
vt 0.338892 0.946895
vt 0.865236 0.741223
vt 0.895056 0.360286
vt 0.337728 0.946577
vt 0.024516 0.876479
vt 0.338863 0.941415
vt 0.870418 0.743013
vt 0.337703 0.942429
vt 0.026467 0.872815
vt 0.026421 0.868534
vt 0.337718 0.938598
vt 0.451878 0.906015
vt 0.026467 0.866605
vt 0.338892 0.936836
vt 0.873915 0.747236
vt 0.450670 0.902451
vt 0.023702 0.863904
vt 0.451803 0.899468
vt 0.873929 0.754275
vt 0.450642 0.896683
vt 0.888139 0.318198
vt 0.018288 0.861907
vt 0.451878 0.892528
vt 0.886743 0.321593
vt 0.868591 0.759634
vt 0.013484 0.863039
vt 0.887961 0.322440
vt 0.905407 0.891515
vt 0.886904 0.328211
vt 0.861962 0.759634
vt 0.905351 0.887616
vt 0.858230 0.757116
vt 0.888139 0.328367
vt 0.904229 0.890871
vt 0.009554 0.867504
vt 0.023531 0.868857
vt 0.278560 0.121205
vt 0.012230 0.404325
vt 0.009353 0.983635
vt 0.012616 0.870234
vt 0.663831 0.716394
vt 0.604439 0.328485
vt 0.606123 0.328167
vt 0.013695 0.874004
vt 0.608345 0.328477
vt 0.610532 0.328550
vt 0.358235 0.284855
vt 0.015743 0.875558
vt 0.355472 0.284822
vt 0.018495 0.876022
vt 0.352647 0.285021
vt 0.021355 0.874757
vt 0.018494 0.404445
vt 0.285514 0.121205
vt 0.017435 0.865379
vt 0.656991 0.716384
vt 0.013919 0.867128
vt 0.660734 0.716485
vt 0.359975 0.288339
vt 0.609306 0.325078
vt 0.356317 0.288068
vt 0.019406 0.407818
vt 0.353056 0.288260
vt 0.022471 0.873078
vt 0.016501 0.404644
vt 0.010274 0.982228
vt 0.013901 0.404889
vt 0.278416 0.120635
vt 0.010274 0.984852
vt 0.280073 0.120645
vt 0.020356 0.866178
vt 0.282513 0.120960
vt 0.656188 0.712982
vt 0.284990 0.117783
vt 0.659659 0.713446
vt 0.663486 0.713078
vt 0.603706 0.325091
vt 0.605136 0.317689
vt 0.361535 0.295460
vt 0.609306 0.317719
vt 0.357165 0.295105
vt 0.020644 0.414963
vt 0.352453 0.295094
vt 0.016660 0.415506
vt 0.012596 0.415384
vt 0.277454 0.110111
vt 0.280427 0.110367
vt 0.284623 0.110378
vt 0.288404 0.110572
vt 0.657453 0.705897
vt 0.601050 0.317969
vt 0.662090 0.706203
vt 0.605134 0.303316
vt 0.362501 0.308792
vt 0.610242 0.303965
vt 0.358972 0.309182
vt 0.355573 0.308772
vt 0.021255 0.428616
vt 0.350899 0.308393
vt 0.015355 0.429713
vt 0.277278 0.095923
vt 0.011464 0.429564
vt 0.280568 0.096425
vt 0.286552 0.096117
vt 0.290779 0.096742
vt 0.657697 0.692197
vt 0.662859 0.692725
vt 0.600079 0.304265
vt 0.424078 0.652407
vt 0.540279 0.810874
vt 0.737047 0.053268
vt 0.541517 0.806022
vt 0.741657 0.053234
vt 0.327738 0.669499
vt 0.540206 0.801260
vt 0.746562 0.053268
vt 0.536233 0.798078
vt 0.323049 0.669332
vt 0.530934 0.797439
vt 0.317776 0.669423
vt 0.683114 0.587147
vt 0.525967 0.800639
vt 0.688718 0.587106
vt 0.693579 0.587147
vt 0.524093 0.805367
vt 0.665088 0.607731
vt 0.659313 0.607484
vt 0.525553 0.811149
vt 0.413149 0.652407
vt 0.654759 0.607818
vt 0.529562 0.814150
vt 0.418244 0.652364
vt 0.534714 0.814744
vt 0.538756 0.813461
vt 0.605037 0.282205
vt 0.541903 0.808940
vt 0.363187 0.330137
vt 0.610532 0.282247
vt 0.541903 0.803432
vt 0.358350 0.329722
vt 0.353927 0.329759
vt 0.539657 0.799618
vt 0.349733 0.330137
vt 0.535672 0.797013
vt 0.021255 0.450649
vt 0.529252 0.797232
vt 0.014839 0.450846
vt 0.009353 0.450920
vt 0.280151 0.074641
vt 0.524109 0.802091
vt 0.523546 0.807678
vt 0.285584 0.074872
vt 0.289968 0.075117
vt 0.654759 0.670716
vt 0.525289 0.811854
vt 0.659089 0.670880
vt 0.528988 0.814687
vt 0.663831 0.670849
vt 0.600208 0.282240
vt 0.533667 0.815569
vt 0.739684 0.009387
vt 0.419353 0.608456
vt 0.820625 0.652322
vt 0.741935 0.009354
vt 0.823345 0.652754
vt 0.324283 0.713630
vt 0.826306 0.650862
vt 0.745426 0.009376
vt 0.320358 0.713630
vt 0.826306 0.646936
vt 0.685971 0.543235
vt 0.663784 0.652009
vt 0.689320 0.543211
vt 0.823572 0.644725
vt 0.660023 0.651670
vt 0.819470 0.646000
vt 0.656716 0.652009
vt 0.416346 0.608452
vt 0.818704 0.649851
vt 0.675089 0.908425
vt 0.928839 0.182225
vt 0.859764 0.167614
vt 0.927648 0.186008
vt 0.848322 0.884072
vt 0.674651 0.913399
vt 0.856157 0.163484
vt 0.927711 0.181042
vt 0.676129 0.910221
vt 0.844762 0.880068
vt 0.840503 0.878677
vt 0.675902 0.914546
vt 0.906604 0.426622
vt 0.674810 0.919620
vt 0.855818 0.157102
vt 0.906556 0.422096
vt 0.858333 0.153088
vt 0.676129 0.920249
vt 0.905432 0.425380
vt 0.834707 0.880341
vt 0.906549 0.417749
vt 0.862084 0.150783
vt 0.905375 0.419669
vt 0.831566 0.885145
vt 0.906604 0.413129
vt 0.832127 0.892800
vt 0.928221 0.051279
vt 0.868217 0.150820
vt 0.905399 0.415917
vt 0.831474 0.889325
vt 0.927077 0.049940
vt 0.833349 0.893328
vt 0.831842 0.914710
vt 0.928221 0.043837
vt 0.873716 0.156014
vt 0.927050 0.044889
vt 0.837700 0.896003
vt 0.831474 0.921082
vt 0.873716 0.163317
vt 0.927145 0.039665
vt 0.832753 0.919216
vt 0.843473 0.895770
vt 0.831531 0.926468
vt 0.928839 0.192577
vt 0.870188 0.167515
vt 0.928795 0.187602
vt 0.864992 0.169267
vt 0.832753 0.926079
vt 0.927655 0.192443
vt 0.848322 0.890902
vt 0.973310 0.713165
vt 0.845160 0.884729
vt 0.842258 0.882067
vt 0.973310 0.710098
vt 0.845369 0.887138
vt 0.689991 0.670155
vt 0.471957 0.055817
vt 0.835282 0.885239
vt 0.953735 0.348520
vt 0.090187 0.254992
vt 0.835510 0.890228
vt 0.837720 0.892277
vt 0.093021 0.254974
vt 0.194187 0.669424
vt 0.841099 0.892743
vt 0.096315 0.254992
vt 0.844651 0.890227
vt 0.189869 0.669356
vt 0.692662 0.670128
vt 0.844249 0.884482
vt 0.972624 0.712326
vt 0.687111 0.670377
vt 0.684899 0.670320
vt 0.842274 0.882837
vt 0.604183 0.413419
vt 0.972595 0.710252
vt 0.839398 0.882371
vt 0.601294 0.413129
vt 0.836991 0.883274
vt 0.469431 0.055655
vt 0.598936 0.413161
vt 0.471528 0.052945
vt 0.955202 0.347533
vt 0.834912 0.887931
vt 0.088740 0.254944
vt 0.474517 0.055886
vt 0.955202 0.351089
vt 0.090298 0.252052
vt 0.093998 0.251791
vt 0.097107 0.251468
vt 0.193679 0.672884
vt 0.191128 0.669655
vt 0.187539 0.672802
vt 0.690775 0.673510
vt 0.687856 0.680757
vt 0.606111 0.423820
vt 0.684609 0.681032
vt 0.602118 0.423470
vt 0.467933 0.044888
vt 0.598618 0.423301
vt 0.471854 0.044982
vt 0.087094 0.244487
vt 0.476297 0.045508
vt 0.089556 0.244114
vt 0.093702 0.244129
vt 0.194432 0.679726
vt 0.097980 0.244449
vt 0.190216 0.679848
vt 0.186388 0.680260
vt 0.691202 0.681136
vt 0.687530 0.695040
vt 0.684163 0.695143
vt 0.607090 0.437609
vt 0.603502 0.436655
vt 0.599172 0.437091
vt 0.596076 0.437079
vt 0.469080 0.030765
vt 0.472355 0.030918
vt 0.475739 0.031104
vt 0.479382 0.031434
vt 0.086741 0.230214
vt 0.090286 0.230062
vt 0.094386 0.230431
vt 0.195117 0.693425
vt 0.099079 0.230526
vt 0.190824 0.694134
vt 0.186132 0.693254
vt 0.692659 0.694403
vt 0.625058 0.651417
vt 0.828568 0.496228
vt 0.694120 0.391485
vt 0.834788 0.493534
vt 0.630146 0.651350
vt 0.739736 0.521946
vt 0.837156 0.488120
vt 0.636052 0.651417
vt 0.836100 0.483144
vt 0.744212 0.522203
vt 0.042225 0.448173
vt 0.832639 0.479717
vt 0.749065 0.522203
vt 0.827671 0.478616
vt 0.046638 0.448106
vt 0.823557 0.480170
vt 0.051028 0.448109
vt 0.820191 0.484114
vt 0.055419 0.448173
vt 0.794787 0.585149
vt 0.683668 0.391485
vt 0.820075 0.490022
vt 0.800681 0.585149
vt 0.822955 0.494215
vt 0.688246 0.391452
vt 0.688342 0.716391
vt 0.830842 0.496545
vt 0.607090 0.458432
vt 0.834881 0.494223
vt 0.683795 0.716302
vt 0.837497 0.490245
vt 0.602901 0.457941
vt 0.467617 0.009354
vt 0.837512 0.484736
vt 0.597414 0.457856
vt 0.473135 0.009589
vt 0.834071 0.479621
vt 0.085046 0.208831
vt 0.479382 0.009950
vt 0.827847 0.477904
vt 0.088981 0.208733
vt 0.822684 0.479822
vt 0.094631 0.208713
vt 0.819355 0.484500
vt 0.099813 0.208784
vt 0.195117 0.715006
vt 0.819385 0.490241
vt 0.189874 0.714958
vt 0.822336 0.494612
vt 0.185825 0.715125
vt 0.692662 0.716417
vt 0.826317 0.496545
vt 0.629820 0.607508
vt 0.805160 0.321553
vt 0.691964 0.347548
vt 0.802591 0.319721
vt 0.632332 0.607484
vt 0.744101 0.477904
vt 0.635823 0.607529
vt 0.799114 0.320217
vt 0.797520 0.323507
vt 0.747750 0.477953
vt 0.045564 0.404239
vt 0.798566 0.326460
vt 0.048407 0.404204
vt 0.051524 0.404236
vt 0.801730 0.327725
vt 0.796426 0.540973
vt 0.800304 0.540941
vt 0.687667 0.347533
vt 0.805160 0.325855
vt 0.942970 0.080717
vt 0.331291 0.885686
vt 0.944163 0.074641
vt 0.893802 0.379445
vt 0.196345 0.815405
vt 0.893428 0.383382
vt 0.191968 0.814929
vt 0.942977 0.074965
vt 0.895048 0.379666
vt 0.334818 0.881077
vt 0.334818 0.875959
vt 0.894638 0.384394
vt 0.893391 0.387946
vt 0.188217 0.812324
vt 0.893793 0.392627
vt 0.139652 0.942955
vt 0.185825 0.807390
vt 0.894679 0.388844
vt 0.332581 0.872068
vt 0.895048 0.392193
vt 0.138494 0.942616
vt 0.328928 0.869954
vt 0.139612 0.936579
vt 0.187179 0.801144
vt 0.138456 0.938491
vt 0.324810 0.869659
vt 0.139652 0.932283
vt 0.947284 0.256168
vt 0.318481 0.873137
vt 0.191521 0.797433
vt 0.138466 0.934660
vt 0.320913 0.871431
vt 0.946103 0.253542
vt 0.317776 0.875789
vt 0.947249 0.250989
vt 0.196966 0.796827
vt 0.947284 0.246749
vt 0.932639 0.741408
vt 0.200899 0.798661
vt 0.946102 0.247587
vt 0.318180 0.881732
vt 0.933895 0.741223
vt 0.932514 0.746076
vt 0.204168 0.802744
vt 0.933734 0.745747
vt 0.321441 0.885715
vt 0.932751 0.752361
vt 0.944163 0.084624
vt 0.204168 0.809167
vt 0.933895 0.750846
vt 0.943011 0.085276
vt 0.326349 0.887189
vt 0.944126 0.079225
vt 0.200792 0.813774
vt 0.329368 0.873310
vt 0.394332 0.219451
vt 0.320486 0.878631
vt 0.523546 0.989851
vt 0.228884 0.200615
vt 0.322516 0.882819
vt 0.233153 0.200615
vt 0.986580 0.010836
vt 0.660761 0.477904
vt 0.421725 0.153787
vt 0.329323 0.882722
vt 0.330837 0.881189
vt 0.419578 0.153597
vt 0.331663 0.878463
vt 0.128518 0.598625
vt 0.417076 0.153390
vt 0.903358 0.943101
vt 0.330824 0.875495
vt 0.125466 0.598348
vt 0.390150 0.219511
vt 0.325204 0.873127
vt 0.322441 0.874751
vt 0.225087 0.200360
vt 0.387455 0.219322
vt 0.419419 0.157166
vt 0.416493 0.156733
vt 0.128246 0.601889
vt 0.905721 0.940650
vt 0.124496 0.601586
vt 0.327988 0.873443
vt 0.905721 0.944828
vt 0.122454 0.598686
vt 0.392919 0.219996
vt 0.389163 0.222833
vt 0.386537 0.222596
vt 0.225379 0.197003
vt 0.524329 0.988239
vt 0.227352 0.200029
vt 0.524329 0.990240
vt 0.229343 0.200006
vt 0.661865 0.478618
vt 0.987463 0.009353
vt 0.231475 0.199994
vt 0.987463 0.011734
vt 0.659634 0.478618
vt 0.424645 0.154078
vt 0.325927 0.883474
vt 0.657372 0.478519
vt 0.655553 0.478863
vt 0.422982 0.154173
vt 0.419298 0.164392
vt 0.415325 0.164125
vt 0.128989 0.609101
vt 0.124298 0.608533
vt 0.394040 0.230647
vt 0.121122 0.608636
vt 0.390663 0.230323
vt 0.222868 0.189931
vt 0.386129 0.229740
vt 0.226797 0.189747
vt 0.230880 0.189503
vt 0.233938 0.189295
vt 0.661579 0.489016
vt 0.658141 0.488679
vt 0.654345 0.489362
vt 0.422853 0.164868
vt 0.417273 0.178339
vt 0.412737 0.177930
vt 0.127984 0.622556
vt 0.123738 0.622035
vt 0.393789 0.244868
vt 0.118835 0.622278
vt 0.388974 0.244226
vt 0.385627 0.244162
vt 0.381896 0.244013
vt 0.224007 0.175281
vt 0.229744 0.175454
vt 0.663382 0.502306
vt 0.234276 0.175744
vt 0.658222 0.502683
vt 0.422202 0.179027
vt 0.653574 0.503375
vt 0.152095 0.383423
vt 0.683795 0.735124
vt 0.669111 0.800078
vt 0.662535 0.798434
vt 0.157183 0.383327
vt 0.162191 0.383351
vt 0.658066 0.800693
vt 0.166002 0.383423
vt 0.800082 0.150784
vt 0.655598 0.804219
vt 0.794131 0.150785
vt 0.253032 0.392978
vt 0.655501 0.810182
vt 0.258163 0.392905
vt 0.659313 0.814696
vt 0.663324 0.815872
vt 0.262334 0.392912
vt 0.668395 0.814788
vt 0.266724 0.392978
vt 0.716491 0.261207
vt 0.671659 0.810991
vt 0.721496 0.261207
vt 0.725881 0.260780
vt 0.672599 0.805890
vt 0.690505 0.735166
vt 0.418553 0.199940
vt 0.668416 0.798768
vt 0.662880 0.797830
vt 0.413050 0.199488
vt 0.128989 0.644007
vt 0.124189 0.643225
vt 0.657806 0.799740
vt 0.394332 0.266090
vt 0.118519 0.642949
vt 0.654759 0.804650
vt 0.388995 0.265786
vt 0.654812 0.810429
vt 0.220582 0.154222
vt 0.659517 0.815713
vt 0.382315 0.265305
vt 0.664797 0.816558
vt 0.224884 0.154090
vt 0.230268 0.154015
vt 0.669871 0.814647
vt 0.235230 0.154038
vt 0.672918 0.809738
vt 0.663382 0.523843
vt 0.424645 0.200325
vt 0.672918 0.804226
vt 0.657880 0.523996
vt 0.684570 0.779028
vt 0.158010 0.339457
vt 0.803975 0.253798
vt 0.800082 0.195110
vt 0.161483 0.339458
vt 0.801052 0.251844
vt 0.796001 0.195014
vt 0.256436 0.349045
vt 0.797083 0.253486
vt 0.260030 0.349007
vt 0.796670 0.257391
vt 0.262859 0.349039
vt 0.798807 0.259678
vt 0.717862 0.217023
vt 0.721365 0.216993
vt 0.690505 0.779078
vt 0.802323 0.259678
vt 0.687015 0.779076
vt 0.804482 0.256887
vt 0.118532 0.937565
vt 0.135670 0.870578
vt 0.119720 0.932337
vt 0.868525 0.913687
vt 0.083475 0.821501
vt 0.132948 0.866196
vt 0.118545 0.932731
vt 0.869789 0.914057
vt 0.868336 0.920022
vt 0.089702 0.822974
vt 0.128213 0.864254
vt 0.869572 0.919078
vt 0.868773 0.925442
vt 0.139660 0.911838
vt 0.093697 0.827629
vt 0.869789 0.923327
vt 0.138534 0.913577
vt 0.123764 0.864847
vt 0.138479 0.909535
vt 0.120422 0.867425
vt 0.139616 0.905424
vt 0.093697 0.834052
vt 0.118519 0.871333
vt 0.138456 0.905250
vt 0.010523 0.940803
vt 0.139660 0.900435
vt 0.118685 0.877364
vt 0.089598 0.839262
vt 0.118806 0.875544
vt 0.138485 0.901993
vt 0.076041 0.895030
vt 0.010523 0.933584
vt 0.082353 0.840180
vt 0.009354 0.938023
vt 0.120860 0.879124
vt 0.009370 0.933896
vt 0.124366 0.881304
vt 0.075703 0.899563
vt 0.077745 0.837209
vt 0.076976 0.898771
vt 0.009419 0.930057
vt 0.128595 0.881728
vt 0.075614 0.904113
vt 0.075613 0.833170
vt 0.132672 0.879899
vt 0.076825 0.903168
vt 0.075727 0.908144
vt 0.119720 0.942986
vt 0.075672 0.828768
vt 0.119682 0.938688
vt 0.077693 0.824745
vt 0.076976 0.907999
vt 0.118520 0.942612
vt 0.135670 0.875727
vt 0.132651 0.870972
vt 0.741677 0.971533
vt 0.130157 0.867924
vt 0.965220 0.966800
vt 0.741677 0.968052
vt 0.600237 0.523361
vt 0.390581 0.987099
vt 0.452085 0.153390
vt 0.125736 0.867298
vt 0.604683 0.523027
vt 0.873431 0.193002
vt 0.222553 0.974437
vt 0.122709 0.876765
vt 0.291264 0.265963
vt 0.953585 0.612197
vt 0.972394 0.509986
vt 0.126693 0.878842
vt 0.295745 0.266116
vt 0.953585 0.607484
vt 0.131309 0.877244
vt 0.984481 0.415255
vt 0.157877 0.402130
vt 0.121903 0.872746
vt 0.445421 0.153648
vt 0.871608 0.190904
vt 0.131880 0.870587
vt 0.597968 0.522584
vt 0.966069 0.963744
vt 0.741117 0.971012
vt 0.354820 0.602899
vt 0.353282 0.605825
vt 0.598645 0.519841
vt 0.966069 0.967315
vt 0.601059 0.522613
vt 0.391454 0.985937
vt 0.603211 0.522440
vt 0.391454 0.988222
vt 0.450656 0.154016
vt 0.605256 0.522144
vt 0.122926 0.870057
vt 0.448200 0.153786
vt 0.873431 0.187996
vt 0.446165 0.157055
vt 0.223456 0.972790
vt 0.872971 0.191729
vt 0.443951 0.153907
vt 0.290070 0.265326
vt 0.223456 0.975573
vt 0.292669 0.265384
vt 0.973223 0.509516
vt 0.294902 0.265469
vt 0.952962 0.609649
vt 0.973223 0.512463
vt 0.985323 0.413129
vt 0.297290 0.265607
vt 0.160025 0.402813
vt 0.985323 0.415804
vt 0.157351 0.402825
vt 0.357988 0.602762
vt 0.132297 0.873734
vt 0.155078 0.402751
vt 0.355618 0.613668
vt 0.597355 0.512486
vt 0.352249 0.613612
vt 0.602012 0.512835
vt 0.605846 0.512047
vt 0.451403 0.164482
vt 0.447893 0.164470
vt 0.443524 0.164203
vt 0.287664 0.254995
vt 0.291018 0.254748
vt 0.295308 0.254919
vt 0.161068 0.412934
vt 0.298717 0.255292
vt 0.157708 0.413225
vt 0.359178 0.613204
vt 0.153949 0.412939
vt 0.355506 0.627951
vt 0.594845 0.499197
vt 0.352171 0.627380
vt 0.597843 0.498913
vt 0.602024 0.498942
vt 0.605846 0.498288
vt 0.452014 0.178638
vt 0.448675 0.178445
vt 0.285950 0.240484
vt 0.443573 0.178708
vt 0.290110 0.240776
vt 0.294347 0.240971
vt 0.163009 0.426366
vt 0.299227 0.241677
vt 0.157169 0.427148
vt 0.359597 0.627203
vt 0.152631 0.426744
vt 0.253032 0.455648
vt 0.798535 0.295168
vt 0.719555 0.785082
vt 0.257326 0.455567
vt 0.802651 0.299407
vt 0.807656 0.300312
vt 0.262365 0.455580
vt 0.266188 0.455648
vt 0.811548 0.298788
vt 0.750306 0.413129
vt 0.814443 0.295603
vt 0.746154 0.413134
vt 0.815348 0.290598
vt 0.741287 0.413396
vt 0.594626 0.587159
vt 0.812776 0.285218
vt 0.600398 0.587101
vt 0.713186 0.456937
vt 0.806461 0.282754
vt 0.606352 0.587159
vt 0.801742 0.284430
vt 0.718174 0.457347
vt 0.798394 0.288391
vt 0.722580 0.457281
vt 0.712845 0.785082
vt 0.800590 0.298877
vt 0.354474 0.648920
vt 0.349733 0.648850
vt 0.595002 0.478231
vt 0.805411 0.301014
vt 0.455252 0.199967
vt 0.811685 0.299766
vt 0.601354 0.477904
vt 0.449702 0.199967
vt 0.815629 0.294654
vt 0.285839 0.219322
vt 0.815629 0.288257
vt 0.443352 0.199877
vt 0.289584 0.219332
vt 0.812067 0.283915
vt 0.293841 0.219429
vt 0.807879 0.282204
vt 0.164312 0.448299
vt 0.299227 0.219634
vt 0.802445 0.283104
vt 0.158232 0.448087
vt 0.797922 0.287627
vt 0.152095 0.448299
vt 0.359950 0.648920
vt 0.797520 0.294304
vt 0.718729 0.741188
vt 0.259319 0.411685
vt 0.847806 0.578296
vt 0.750062 0.457412
vt 0.262845 0.411704
vt 0.845403 0.580879
vt 0.595913 0.543262
vt 0.845949 0.584747
vt 0.746309 0.457412
vt 0.849576 0.586250
vt 0.599506 0.543211
vt 0.602914 0.543243
vt 0.718918 0.413129
vt 0.852941 0.584265
vt 0.713684 0.741158
vt 0.852941 0.580339
vt 0.722580 0.413218
vt 0.850919 0.578469
vt 0.716434 0.741154
vt 0.568159 0.872511
vt 0.893225 0.686691
vt 0.894393 0.683404
vt 0.828307 0.113680
vt 0.894457 0.678502
vt 0.903909 0.806993
vt 0.831984 0.117984
vt 0.893242 0.681744
vt 0.905507 0.804198
vt 0.565101 0.876479
vt 0.564926 0.881463
vt 0.905088 0.808793
vt 0.903825 0.813382
vt 0.831984 0.124384
vt 0.566899 0.885441
vt 0.905068 0.813212
vt 0.524728 0.947279
vt 0.904164 0.816969
vt 0.829622 0.128099
vt 0.524700 0.942551
vt 0.825571 0.130552
vt 0.905507 0.817222
vt 0.523555 0.946134
vt 0.571327 0.888047
vt 0.523546 0.942014
vt 0.575455 0.888047
vt 0.634841 0.966403
vt 0.524728 0.938497
vt 0.820997 0.130552
vt 0.634841 0.962980
vt 0.414318 0.946707
vt 0.582036 0.883546
vt 0.816864 0.128595
vt 0.633678 0.965444
vt 0.523571 0.938174
vt 0.579433 0.886073
vt 0.613832 0.908026
vt 0.414318 0.940091
vt 0.813608 0.122791
vt 0.582113 0.881437
vt 0.413150 0.944593
vt 0.613596 0.913306
vt 0.814861 0.116787
vt 0.413161 0.938813
vt 0.614971 0.909579
vt 0.581516 0.875665
vt 0.894457 0.692609
vt 0.613679 0.918776
vt 0.818794 0.112972
vt 0.614801 0.914940
vt 0.577458 0.871581
vt 0.894391 0.687805
vt 0.824203 0.112087
vt 0.614971 0.920095
vt 0.893274 0.690880
vt 0.572211 0.870703
vt 0.326990 0.542611
vt 0.568442 0.878338
vt 0.967391 0.318225
vt 0.577594 0.263166
vt 0.903359 0.964165
vt 0.321028 0.055887
vt 0.029902 0.927483
vt 0.578164 0.883122
vt 0.579225 0.878062
vt 0.029902 0.922438
vt 0.049025 0.967796
vt 0.384292 0.009354
vt 0.569725 0.875733
vt 0.574876 0.263286
vt 0.966981 0.316389
vt 0.325258 0.542682
vt 0.946765 0.315768
vt 0.313706 0.055877
vt 0.570775 0.884021
vt 0.573786 0.884857
vt 0.316762 0.055725
vt 0.904236 0.963535
vt 0.319954 0.055422
vt 0.223673 0.459851
vt 0.575507 0.259909
vt 0.948275 0.314196
vt 0.323027 0.542485
vt 0.311974 0.055887
vt 0.569153 0.882304
vt 0.967391 0.314195
vt 0.948275 0.318722
vt 0.314397 0.052701
vt 0.318244 0.052115
vt 0.224649 0.456835
vt 0.320974 0.052380
vt 0.904236 0.967075
vt 0.029283 0.924492
vt 0.050003 0.965895
vt 0.226833 0.459815
vt 0.229913 0.459901
vt 0.050003 0.969035
vt 0.382774 0.009972
vt 0.576580 0.875335
vt 0.380771 0.009670
vt 0.574213 0.874404
vt 0.378230 0.009684
vt 0.571960 0.874578
vt 0.376238 0.009774
vt 0.572457 0.263273
vt 0.575191 0.253105
vt 0.326927 0.552912
vt 0.579597 0.252282
vt 0.322286 0.552175
vt 0.310107 0.045802
vt 0.314237 0.044863
vt 0.318374 0.045085
vt 0.223466 0.449272
vt 0.321673 0.044814
vt 0.228292 0.449592
vt 0.232631 0.449733
vt 0.382446 0.019928
vt 0.379110 0.020422
vt 0.570418 0.252655
vt 0.375778 0.020153
vt 0.573355 0.238233
vt 0.329095 0.566118
vt 0.579091 0.238750
vt 0.324101 0.566204
vt 0.320046 0.566472
vt 0.309668 0.031146
vt 0.314379 0.030728
vt 0.319276 0.030876
vt 0.223712 0.434922
vt 0.322945 0.030438
vt 0.228575 0.435209
vt 0.385292 0.033998
vt 0.231940 0.435505
vt 0.380592 0.034139
vt 0.568645 0.238715
vt 0.375656 0.033893
vt 0.589906 0.053294
vt 0.744299 0.282205
vt 0.859931 0.129850
vt 0.593686 0.053239
vt 0.864071 0.128676
vt 0.866989 0.125683
vt 0.597865 0.053242
vt 0.601676 0.053294
vt 0.868313 0.121588
vt 0.794698 0.522169
vt 0.446054 0.328786
vt 0.866655 0.115860
vt 0.800649 0.522169
vt 0.451185 0.328719
vt 0.861685 0.112664
vt 0.857506 0.112717
vt 0.455356 0.328730
vt 0.687592 0.261220
vt 0.853674 0.114676
vt 0.459079 0.328786
vt 0.692658 0.261220
vt 0.851062 0.119041
vt 0.697785 0.260649
vt 0.753396 0.282360
vt 0.851571 0.124983
vt 0.747521 0.282290
vt 0.855821 0.129087
vt 0.574447 0.217045
vt 0.859631 0.130576
vt 0.329095 0.587413
vt 0.864863 0.129155
vt 0.579597 0.216993
vt 0.322739 0.587236
vt 0.868639 0.123918
vt 0.317776 0.587631
vt 0.310306 0.009740
vt 0.868639 0.118411
vt 0.314916 0.009519
vt 0.866168 0.114460
vt 0.319206 0.009354
vt 0.220582 0.413752
vt 0.862315 0.112087
vt 0.225296 0.413777
vt 0.855922 0.112293
vt 0.232631 0.413998
vt 0.386103 0.055371
vt 0.850715 0.117465
vt 0.379212 0.055140
vt 0.850691 0.124804
vt 0.373270 0.055371
vt 0.569859 0.217148
vt 0.855090 0.129530
vt 0.746748 0.326167
vt 0.594123 0.009354
vt 0.830634 0.320760
vt 0.795686 0.477904
vt 0.598015 0.009368
vt 0.826848 0.319721
vt 0.449821 0.284851
vt 0.823992 0.321772
vt 0.799176 0.477921
vt 0.453099 0.284822
vt 0.823867 0.325298
vt 0.688863 0.217066
vt 0.455929 0.284858
vt 0.826081 0.327511
vt 0.691989 0.216993
vt 0.753396 0.326268
vt 0.829211 0.327511
vt 0.750011 0.326254
vt 0.831612 0.324943
vt 0.223720 0.954084
vt 0.742280 0.944718
vt 0.629481 0.874327
vt 0.752693 0.859776
vt 0.741117 0.947638
vt 0.452162 0.873821
vt 0.630646 0.877024
vt 0.223720 0.950045
vt 0.873444 0.383812
vt 0.748191 0.859776
vt 0.222553 0.950472
vt 0.874683 0.383908
vt 0.625726 0.872294
vt 0.873180 0.388989
vt 0.743489 0.857286
vt 0.874449 0.388949
vt 0.620599 0.871936
vt 0.873444 0.393912
vt 0.566140 0.919239
vt 0.741116 0.852525
vt 0.566093 0.914896
vt 0.741226 0.848024
vt 0.874683 0.393773
vt 0.564966 0.918889
vt 0.616036 0.874303
vt 0.566094 0.910257
vt 0.743739 0.843935
vt 0.564926 0.913169
vt 0.613595 0.879534
vt 0.566140 0.906754
vt 0.475556 0.947071
vt 0.615294 0.886775
vt 0.747889 0.841524
vt 0.564952 0.909135
vt 0.614277 0.883970
vt 0.475522 0.941892
vt 0.753364 0.841727
vt 0.474359 0.944474
vt 0.617644 0.888125
vt 0.475556 0.937652
vt 0.450901 0.859863
vt 0.756984 0.844120
vt 0.474375 0.938490
vt 0.452162 0.859714
vt 0.623509 0.889319
vt 0.450673 0.863664
vt 0.759287 0.847798
vt 0.627449 0.887723
vt 0.451911 0.863368
vt 0.450642 0.869369
vt 0.759315 0.853509
vt 0.451864 0.868382
vt 0.630646 0.883856
vt 0.742280 0.949345
vt 0.450860 0.873173
vt 0.756713 0.857467
vt 0.625556 0.875650
vt 0.344551 0.009354
vt 0.253035 0.710945
vt 0.984776 0.965151
vt 0.190449 0.200598
vt 0.618449 0.876111
vt 0.369841 0.965736
vt 0.618561 0.885055
vt 0.198957 0.200598
vt 0.325081 0.200480
vt 0.450641 0.978840
vt 0.832133 0.950115
vt 0.623436 0.886335
vt 0.330107 0.200134
vt 0.832133 0.945175
vt 0.627657 0.883342
vt 0.621819 0.875277
vt 0.256701 0.711023
vt 0.618612 0.876838
vt 0.260095 0.710932
vt 0.191094 0.200088
vt 0.194919 0.200298
vt 0.616992 0.880339
vt 0.370648 0.966177
vt 0.325914 0.199888
vt 0.348980 0.009658
vt 0.369841 0.940902
vt 0.627619 0.879570
vt 0.371874 0.943639
vt 0.348600 0.013029
vt 0.985632 0.963744
vt 0.346197 0.009961
vt 0.985632 0.966365
vt 0.254554 0.710472
vt 0.343850 0.009948
vt 0.189168 0.197453
vt 0.258468 0.708375
vt 0.192536 0.196717
vt 0.323132 0.200137
vt 0.370648 0.962345
vt 0.196203 0.199999
vt 0.324544 0.197289
vt 0.198450 0.197356
vt 0.451555 0.977598
vt 0.328554 0.199606
vt 0.451555 0.980347
vt 0.831474 0.948394
vt 0.624727 0.885134
vt 0.331051 0.199453
vt 0.656714 0.588484
vt 0.659000 0.585788
vt 0.627123 0.882782
vt 0.371874 0.938894
vt 0.660026 0.588769
vt 0.351524 0.009801
vt 0.346148 0.020241
vt 0.254092 0.700384
vt 0.342932 0.020415
vt 0.257554 0.700612
vt 0.190281 0.190023
vt 0.262097 0.701388
vt 0.195772 0.189471
vt 0.322747 0.189581
vt 0.199605 0.189535
vt 0.326591 0.189041
vt 0.329912 0.188910
vt 0.654788 0.577951
vt 0.657853 0.578782
vt 0.661367 0.578178
vt 0.664407 0.578546
vt 0.350184 0.020383
vt 0.348581 0.033893
vt 0.253032 0.686395
vt 0.343439 0.034588
vt 0.257789 0.686958
vt 0.262647 0.687333
vt 0.187969 0.175416
vt 0.191063 0.175545
vt 0.194488 0.175175
vt 0.198291 0.175741
vt 0.318288 0.176197
vt 0.321959 0.175856
vt 0.326150 0.174730
vt 0.654454 0.564076
vt 0.329492 0.174860
vt 0.658288 0.564869
vt 0.353676 0.034695
vt 0.663438 0.564460
vt 0.831836 0.168134
vt 0.650628 0.053282
vt 0.294598 0.774811
vt 0.835806 0.164797
vt 0.654728 0.053225
vt 0.661493 0.053282
vt 0.836814 0.158094
vt 0.640301 0.282324
vt 0.832788 0.152641
vt 0.633813 0.282205
vt 0.220582 0.776738
vt 0.827902 0.151540
vt 0.629239 0.282434
vt 0.823755 0.152689
vt 0.224741 0.776711
vt 0.297596 0.542600
vt 0.228779 0.776738
vt 0.820819 0.155664
vt 0.819470 0.159751
vt 0.293728 0.542284
vt 0.820313 0.163845
vt 0.289558 0.542320
vt 0.285839 0.542665
vt 0.822962 0.167237
vt 0.285839 0.774811
vt 0.827742 0.168977
vt 0.290917 0.774786
vt 0.832071 0.169053
vt 0.348700 0.055913
vt 0.837112 0.163717
vt 0.255670 0.665771
vt 0.341652 0.055913
vt 0.262647 0.666471
vt 0.185825 0.154119
vt 0.837112 0.156641
vt 0.191375 0.154028
vt 0.832741 0.151890
vt 0.196860 0.154015
vt 0.827346 0.150783
vt 0.201876 0.154079
vt 0.821283 0.153549
vt 0.319191 0.154261
vt 0.325492 0.153746
vt 0.818788 0.159478
vt 0.331051 0.153390
vt 0.820197 0.165481
vt 0.657959 0.543211
vt 0.354563 0.055793
vt 0.664407 0.543535
vt 0.825411 0.169289
vt 0.292039 0.730890
vt 0.655356 0.009360
vt 0.849217 0.054645
vt 0.638674 0.326614
vt 0.658319 0.009354
vt 0.851680 0.052734
vt 0.851680 0.048824
vt 0.635338 0.326458
vt 0.632088 0.326614
vt 0.223330 0.732822
vt 0.848814 0.046766
vt 0.294145 0.586534
vt 0.227210 0.732833
vt 0.845046 0.047796
vt 0.286342 0.730889
vt 0.289843 0.586534
vt 0.844055 0.051983
vt 0.846464 0.054561
vt 0.289833 0.730866
vt 0.934282 0.547008
vt 0.384303 0.836116
vt 0.796729 0.893358
vt 0.933122 0.546347
vt 0.886180 0.251543
vt 0.934325 0.540941
vt 0.388485 0.840991
vt 0.887560 0.250778
vt 0.800113 0.895609
vt 0.933159 0.542455
vt 0.885882 0.257618
vt 0.388485 0.847124
vt 0.887211 0.254837
vt 0.804454 0.895903
vt 0.944104 0.122742
vt 0.886130 0.262338
vt 0.385578 0.851492
vt 0.887149 0.259035
vt 0.808355 0.894300
vt 0.944084 0.118150
vt 0.381369 0.853435
vt 0.887560 0.263277
vt 0.942935 0.120667
vt 0.811457 0.889978
vt 0.893874 0.755522
vt 0.944104 0.113879
vt 0.376868 0.853310
vt 0.942919 0.115369
vt 0.811457 0.884635
vt 0.893810 0.752309
vt 0.372915 0.850890
vt 0.942986 0.112087
vt 0.892674 0.753121
vt 0.809221 0.881034
vt 0.893801 0.748072
vt 0.370518 0.847078
vt 0.892635 0.749340
vt 0.805552 0.878772
vt 0.701795 0.914552
vt 0.893874 0.742491
vt 0.370507 0.841366
vt 0.892670 0.745095
vt 0.801309 0.878633
vt 0.701540 0.919996
vt 0.373834 0.836722
vt 0.892756 0.741223
vt 0.702886 0.916638
vt 0.797337 0.880454
vt 0.934325 0.552258
vt 0.701591 0.925247
vt 0.378977 0.834832
vt 0.702746 0.921747
vt 0.794521 0.884750
vt 0.702886 0.926288
vt 0.933144 0.550401
vt 0.794566 0.889886
vt 0.722409 0.949724
vt 0.797534 0.889412
vt 0.722409 0.944718
vt 0.801206 0.892870
vt 0.627357 0.392838
vt 0.633678 0.942304
vt 0.702010 0.971492
vt 0.808243 0.885483
vt 0.294843 0.396089
vt 0.564926 0.966663
vt 0.702010 0.967899
vt 0.804845 0.881650
vt 0.674651 0.965208
vt 0.029898 0.951166
vt 0.029898 0.946190
vt 0.794521 0.971144
vt 0.508258 0.459197
vt 0.799832 0.882271
vt 0.635128 0.944273
vt 0.629794 0.392272
vt 0.924427 0.942815
vt 0.807854 0.889537
vt 0.290773 0.396089
vt 0.512729 0.458868
vt 0.516223 0.153390
vt 0.797771 0.886238
vt 0.721783 0.948476
vt 0.635128 0.938833
vt 0.798650 0.890110
vt 0.512673 0.153668
vt 0.509539 0.153570
vt 0.634410 0.941970
vt 0.627594 0.392099
vt 0.926438 0.940951
vt 0.805643 0.891674
vt 0.288367 0.396059
vt 0.631950 0.392457
vt 0.926438 0.945144
vt 0.290354 0.392912
vt 0.565469 0.966046
vt 0.294016 0.395756
vt 0.701540 0.969394
vt 0.675637 0.963359
vt 0.565469 0.969641
vt 0.248163 0.120736
vt 0.296834 0.395762
vt 0.249741 0.117655
vt 0.675637 0.966821
vt 0.029283 0.949339
vt 0.795335 0.968081
vt 0.251472 0.120815
vt 0.254407 0.120972
vt 0.795335 0.971258
vt 0.508899 0.458505
vt 0.511113 0.458563
vt 0.515129 0.156788
vt 0.514318 0.455450
vt 0.625030 0.381528
vt 0.509853 0.164420
vt 0.629331 0.382521
vt 0.286842 0.385324
vt 0.632850 0.382173
vt 0.635865 0.381808
vt 0.289658 0.385134
vt 0.294443 0.385521
vt 0.247223 0.110376
vt 0.298177 0.385439
vt 0.251190 0.110334
vt 0.507185 0.448246
vt 0.255404 0.110525
vt 0.511829 0.448295
vt 0.514713 0.163747
vt 0.516092 0.448598
vt 0.511771 0.178501
vt 0.625905 0.368804
vt 0.506701 0.177702
vt 0.629918 0.368471
vt 0.285839 0.371404
vt 0.634067 0.368675
vt 0.289555 0.371201
vt 0.293690 0.371499
vt 0.245592 0.095756
vt 0.298235 0.370858
vt 0.249889 0.096479
vt 0.504704 0.433976
vt 0.255050 0.096105
vt 0.258571 0.096720
vt 0.508341 0.434573
vt 0.512446 0.434525
vt 0.515912 0.178348
vt 0.516419 0.434279
vt 0.021998 0.788637
vt 0.185825 0.606598
vt 0.564926 0.777430
vt 0.571042 0.326489
vt 0.013101 0.790195
vt 0.576803 0.326489
vt 0.010045 0.795317
vt 0.581373 0.326192
vt 0.010757 0.800273
vt 0.220582 0.650955
vt 0.013980 0.804337
vt 0.225638 0.650903
vt 0.774786 0.607484
vt 0.231593 0.650955
vt 0.020652 0.805534
vt 0.769783 0.607600
vt 0.024959 0.802979
vt 0.766072 0.608019
vt 0.196836 0.606727
vt 0.027184 0.799296
vt 0.026880 0.793340
vt 0.190874 0.606707
vt 0.024145 0.788990
vt 0.510247 0.199583
vt 0.504595 0.199385
vt 0.626935 0.347571
vt 0.018157 0.787415
vt 0.569495 0.326476
vt 0.631191 0.347695
vt 0.014104 0.788872
vt 0.572764 0.777430
vt 0.635865 0.347533
vt 0.286224 0.349945
vt 0.010555 0.792125
vt 0.290624 0.349833
vt 0.009353 0.796628
vt 0.244380 0.074641
vt 0.295978 0.349752
vt 0.010595 0.801905
vt 0.249028 0.074718
vt 0.015914 0.805960
vt 0.254468 0.074936
vt 0.021422 0.805960
vt 0.258571 0.075161
vt 0.506363 0.413152
vt 0.025236 0.803715
vt 0.510907 0.413280
vt 0.027841 0.799730
vt 0.516419 0.413129
vt 0.516223 0.199688
vt 0.027796 0.793989
vt 0.567237 0.733541
vt 0.190058 0.650591
vt 0.226619 0.834111
vt 0.571987 0.282231
vt 0.223010 0.835607
vt 0.571115 0.733538
vt 0.221425 0.607060
vt 0.576211 0.282205
vt 0.222552 0.839885
vt 0.225266 0.842139
vt 0.224703 0.607014
vt 0.774786 0.651712
vt 0.227230 0.607029
vt 0.228008 0.841878
vt 0.772073 0.651711
vt 0.196836 0.650629
vt 0.230000 0.840013
vt 0.193293 0.650649
vt 0.230000 0.836107
vt 0.946772 0.450289
vt 0.850424 0.082047
vt 0.381776 0.889291
vt 0.945615 0.450335
vt 0.946797 0.445328
vt 0.049143 0.906912
vt 0.852742 0.077357
vt 0.050460 0.906774
vt 0.945624 0.446242
vt 0.385452 0.887037
vt 0.049025 0.913236
vt 0.858562 0.074640
vt 0.050236 0.910760
vt 0.387570 0.883352
vt 0.049564 0.918875
vt 0.893835 0.785471
vt 0.386576 0.874970
vt 0.864773 0.076033
vt 0.050460 0.916021
vt 0.387570 0.878017
vt 0.893793 0.779056
vt 0.868572 0.081211
vt 0.892635 0.782491
vt 0.383944 0.873529
vt 0.892638 0.778328
vt 0.379862 0.872141
vt 0.893835 0.774229
vt 0.934662 0.721361
vt 0.868418 0.087573
vt 0.892688 0.774537
vt 0.933508 0.720620
vt 0.374595 0.873185
vt 0.286270 0.873638
vt 0.934662 0.713918
vt 0.863080 0.092933
vt 0.933492 0.714749
vt 0.370834 0.877805
vt 0.285879 0.879333
vt 0.856451 0.092933
vt 0.933586 0.710098
vt 0.287168 0.877810
vt 0.370507 0.882960
vt 0.285840 0.883828
vt 0.852718 0.090415
vt 0.287049 0.881976
vt 0.372488 0.886674
vt 0.285995 0.887860
vt 0.946797 0.454587
vt 0.850426 0.086386
vt 0.945630 0.455402
vt 0.287168 0.886645
vt 0.376608 0.889445
vt 0.453931 0.265945
vt 0.382886 0.885379
vt 0.625397 0.588737
vt 0.613595 0.989446
vt 0.380641 0.875240
vt 0.567629 0.121314
vt 0.379528 0.886032
vt 0.450515 0.265505
vt 0.628584 0.588705
vt 0.384183 0.882369
vt 0.630843 0.588778
vt 0.946966 0.012434
vt 0.384347 0.880106
vt 0.285995 0.009354
vt 0.570408 0.121092
vt 0.376691 0.876148
vt 0.966231 0.218938
vt 0.282977 0.009380
vt 0.374449 0.878348
vt 0.966231 0.214511
vt 0.388928 0.414363
vt 0.374114 0.882762
vt 0.376414 0.885570
vt 0.447587 0.265642
vt 0.385306 0.414467
vt 0.625754 0.588046
vt 0.453568 0.265326
vt 0.626991 0.585256
vt 0.455099 0.262268
vt 0.948556 0.009354
vt 0.630219 0.585493
vt 0.563814 0.120791
vt 0.383392 0.878004
vt 0.948556 0.013598
vt 0.632774 0.588530
vt 0.614404 0.987906
vt 0.565953 0.120652
vt 0.614404 0.989986
vt 0.567972 0.120706
vt 0.286084 0.012769
vt 0.570822 0.117691
vt 0.282403 0.012722
vt 0.965958 0.216378
vt 0.390542 0.414701
vt 0.280540 0.009605
vt 0.446045 0.262094
vt 0.387708 0.417887
vt 0.448539 0.265309
vt 0.384551 0.414886
vt 0.452598 0.254843
vt 0.627370 0.578232
vt 0.456794 0.254842
vt 0.631673 0.578410
vt 0.634820 0.578179
vt 0.563402 0.109937
vt 0.568169 0.110506
vt 0.571577 0.110365
vt 0.287777 0.020101
vt 0.284619 0.020133
vt 0.281184 0.020210
vt 0.390709 0.425064
vt 0.278095 0.020240
vt 0.387350 0.425031
vt 0.447855 0.255656
vt 0.383463 0.424366
vt 0.452211 0.240499
vt 0.456794 0.241426
vt 0.625958 0.565083
vt 0.631046 0.564669
vt 0.562059 0.096664
vt 0.635747 0.565471
vt 0.567868 0.096166
vt 0.571851 0.096023
vt 0.289969 0.034412
vt 0.286685 0.033563
vt 0.282514 0.034631
vt 0.394075 0.438801
vt 0.279196 0.034217
vt 0.390397 0.438376
vt 0.444941 0.240780
vt 0.385410 0.438869
vt 0.448728 0.240661
vt 0.741116 0.678503
vt 0.759151 0.812914
vt 0.253032 0.773646
vt 0.257642 0.773616
vt 0.757309 0.808258
vt 0.261928 0.773646
vt 0.754023 0.805478
vt 0.665436 0.413205
vt 0.748989 0.804751
vt 0.660954 0.413129
vt 0.743704 0.807513
vt 0.655046 0.413391
vt 0.534930 0.197345
vt 0.741466 0.813912
vt 0.541431 0.197281
vt 0.742055 0.074641
vt 0.744409 0.820018
vt 0.547385 0.197345
vt 0.749004 0.822008
vt 0.737052 0.074758
vt 0.732678 0.075287
vt 0.754154 0.821392
vt 0.750397 0.678778
vt 0.757751 0.817907
vt 0.745403 0.678657
vt 0.382040 0.460485
vt 0.448349 0.219322
vt 0.759168 0.817082
vt 0.625058 0.543211
vt 0.455679 0.219378
vt 0.759168 0.809743
vt 0.631043 0.543896
vt 0.754753 0.805033
vt 0.560788 0.074641
vt 0.635747 0.543956
vt 0.750043 0.803987
vt 0.565867 0.074698
vt 0.744780 0.805623
vt 0.290961 0.055551
vt 0.571851 0.074848
vt 0.741223 0.810689
vt 0.287601 0.055614
vt 0.741116 0.815512
vt 0.283237 0.055614
vt 0.743168 0.819618
vt 0.394075 0.459907
vt 0.748438 0.822817
vt 0.277259 0.055522
vt 0.387732 0.460019
vt 0.754808 0.821764
vt 0.744950 0.722579
vt 0.255443 0.729774
vt 0.854173 0.390851
vt 0.664479 0.457502
vt 0.259108 0.729731
vt 0.854173 0.386556
vt 0.851104 0.384757
vt 0.661646 0.457395
vt 0.537636 0.153423
vt 0.848428 0.385295
vt 0.658927 0.457502
vt 0.846604 0.387839
vt 0.540584 0.153390
vt 0.742055 0.118870
vt 0.846962 0.390569
vt 0.543110 0.153410
vt 0.739342 0.118869
vt 0.750397 0.722683
vt 0.848896 0.392495
vt 0.851644 0.392675
vt 0.748029 0.722657
vt 0.914333 0.682540
vt 0.485948 0.852368
vt 0.913183 0.685462
vt 0.478542 0.872362
vt 0.914391 0.678502
vt 0.741177 0.915780
vt 0.481446 0.852346
vt 0.742576 0.914399
vt 0.913163 0.680391
vt 0.475027 0.876109
vt 0.474359 0.881081
vt 0.742348 0.919034
vt 0.741117 0.920963
vt 0.476756 0.849833
vt 0.741590 0.926012
vt 0.905425 0.853767
vt 0.474359 0.844902
vt 0.904295 0.855223
vt 0.742576 0.924034
vt 0.476276 0.885747
vt 0.905382 0.849328
vt 0.474631 0.840343
vt 0.480904 0.888447
vt 0.904234 0.850219
vt 0.905385 0.845075
vt 0.476965 0.836610
vt 0.485384 0.888447
vt 0.904207 0.845798
vt 0.905425 0.841674
vt 0.049027 0.937582
vt 0.480781 0.834221
vt 0.050175 0.937625
vt 0.904259 0.842509
vt 0.489066 0.886323
vt 0.049054 0.941829
vt 0.485414 0.834045
vt 0.050204 0.941424
vt 0.491459 0.882715
vt 0.926983 0.282204
vt 0.049025 0.946558
vt 0.489720 0.836017
vt 0.926788 0.286990
vt 0.492642 0.840654
vt 0.050204 0.947188
vt 0.928177 0.283240
vt 0.491435 0.876928
vt 0.914391 0.691391
vt 0.926867 0.292229
vt 0.492642 0.845900
vt 0.928009 0.288654
vt 0.487759 0.872422
vt 0.914335 0.687329
vt 0.490110 0.849977
vt 0.928177 0.293632
vt 0.913196 0.689622
vt 0.482803 0.871074
vt 0.159348 0.990060
vt 0.478396 0.876411
vt 0.953218 0.746130
vt 0.016501 0.385618
vt 0.477361 0.881757
vt 0.953568 0.777792
vt 0.953218 0.741223
vt 0.654483 0.942212
vt 0.481469 0.885570
vt 0.119276 0.986846
vt 0.076247 0.960877
vt 0.953568 0.773022
vt 0.391236 0.967230
vt 0.946884 0.283757
vt 0.486071 0.884998
vt 0.076247 0.956429
vt 0.391236 0.963395
vt 0.285839 0.966559
vt 0.249376 0.967684
vt 0.488712 0.881375
vt 0.249376 0.963917
vt 0.945144 0.965212
vt 0.967392 0.043540
vt 0.488382 0.877567
vt 0.009680 0.385618
vt 0.485610 0.874594
vt 0.967392 0.039665
vt 0.982499 0.075614
vt 0.481062 0.874982
vt 0.013521 0.385256
vt 0.566909 0.009354
vt 0.945988 0.967905
vt 0.966810 0.040794
vt 0.983344 0.074641
vt 0.158604 0.990060
vt 0.016089 0.384998
vt 0.655944 0.939405
vt 0.158949 0.987809
vt 0.952602 0.744066
vt 0.018142 0.385064
vt 0.746238 0.347533
vt 0.655293 0.941801
vt 0.743847 0.347538
vt 0.123028 0.254715
vt 0.655944 0.944380
vt 0.952985 0.775543
vt 0.741268 0.347757
vt 0.125300 0.254673
vt 0.118519 0.986740
vt 0.952867 0.773714
vt 0.948153 0.282204
vt 0.127954 0.254659
vt 0.119276 0.984180
vt 0.075614 0.958418
vt 0.129644 0.254715
vt 0.947588 0.284093
vt 0.507934 0.394120
vt 0.390581 0.964067
vt 0.286672 0.965882
vt 0.948153 0.287004
vt 0.510339 0.394024
vt 0.286672 0.969197
vt 0.569947 0.009625
vt 0.248765 0.965060
vt 0.945988 0.964419
vt 0.513653 0.394120
vt 0.567785 0.012280
vt 0.011412 0.384994
vt 0.983344 0.077461
vt 0.564134 0.009423
vt 0.012875 0.381881
vt 0.750038 0.357673
vt 0.016999 0.374520
vt 0.020910 0.374862
vt 0.745857 0.357265
vt 0.121065 0.244475
vt 0.741703 0.357490
vt 0.125592 0.244168
vt 0.505942 0.383404
vt 0.130299 0.243993
vt 0.509696 0.384163
vt 0.571200 0.020117
vt 0.514567 0.383430
vt 0.567052 0.019160
vt 0.011390 0.374720
vt 0.561773 0.019461
vt 0.016973 0.360168
vt 0.021453 0.360924
vt 0.748356 0.370679
vt 0.744175 0.371379
vt 0.740926 0.371358
vt 0.120685 0.230273
vt 0.124701 0.230134
vt 0.128823 0.229872
vt 0.132280 0.230459
vt 0.505643 0.369826
vt 0.509837 0.369510
vt 0.514162 0.369475
vt 0.517376 0.369379
vt 0.570227 0.033894
vt 0.566931 0.033566
vt 0.563529 0.033538
vt 0.559727 0.033264
vt 0.011858 0.360747
vt 0.832813 0.558060
vt 0.285839 0.458753
vt 0.737901 0.607484
vt 0.836347 0.554401
vt 0.290231 0.458683
vt 0.837242 0.550318
vt 0.294409 0.458686
vt 0.298913 0.458753
vt 0.835809 0.545334
vt 0.511450 0.733664
vt 0.830096 0.541686
vt 0.504704 0.733791
vt 0.535126 0.457084
vt 0.823476 0.543146
vt 0.541627 0.457020
vt 0.819828 0.548860
vt 0.358447 0.730268
vt 0.547581 0.457084
vt 0.353444 0.730385
vt 0.820551 0.553815
vt 0.349733 0.730803
vt 0.747365 0.607565
vt 0.823110 0.557275
vt 0.827843 0.559139
vt 0.742288 0.607552
vt 0.013326 0.339002
vt 0.831008 0.559568
vt 0.017984 0.339068
vt 0.835037 0.557226
vt 0.837533 0.553451
vt 0.021992 0.339175
vt 0.750038 0.391992
vt 0.743682 0.392205
vt 0.118519 0.208800
vt 0.837533 0.547054
vt 0.833288 0.542189
vt 0.124069 0.208718
vt 0.827924 0.540941
vt 0.129555 0.208713
vt 0.823368 0.542528
vt 0.133389 0.208759
vt 0.506146 0.348100
vt 0.819750 0.546686
vt 0.511043 0.348095
vt 0.517133 0.348201
vt 0.571200 0.054969
vt 0.819387 0.552866
vt 0.566026 0.054721
vt 0.822298 0.557541
vt 0.009353 0.339001
vt 0.561469 0.054744
vt 0.826483 0.559589
vt 0.289158 0.414834
vt 0.227568 0.860846
vt 0.741337 0.651451
vt 0.224840 0.860851
vt 0.291489 0.414796
vt 0.294555 0.414811
vt 0.511450 0.777960
vt 0.222552 0.862988
vt 0.537501 0.413169
vt 0.507959 0.777956
vt 0.222552 0.866504
vt 0.225343 0.868663
vt 0.540780 0.413129
vt 0.358447 0.774497
vt 0.543306 0.413149
vt 0.228074 0.868305
vt 0.355734 0.774496
vt 0.747365 0.651467
vt 0.230000 0.866372
vt 0.744231 0.651487
vt 0.230000 0.862857
vt 0.430287 0.877589
vt 0.185825 0.914300
vt 0.872856 0.577746
vt 0.187026 0.909012
vt 0.840681 0.804198
vt 0.872458 0.582046
vt 0.845325 0.805414
vt 0.185901 0.907550
vt 0.873857 0.579683
vt 0.425300 0.872605
vt 0.873669 0.584659
vt 0.420266 0.872273
vt 0.872513 0.588153
vt 0.318996 0.918569
vt 0.849407 0.810026
vt 0.873857 0.588777
vt 0.416307 0.874074
vt 0.317808 0.917295
vt 0.413828 0.877512
vt 0.317798 0.913241
vt 0.318941 0.911568
vt 0.849407 0.817328
vt 0.318996 0.905895
vt 0.894146 0.522234
vt 0.413556 0.885178
vt 0.844952 0.821922
vt 0.317777 0.909158
vt 0.413150 0.881595
vt 0.894089 0.516968
vt 0.838909 0.822968
vt 0.892959 0.520065
vt 0.415336 0.886934
vt 0.420059 0.889488
vt 0.892948 0.514857
vt 0.885486 0.449392
vt 0.894146 0.511280
vt 0.833897 0.820150
vt 0.885343 0.453676
vt 0.831474 0.816007
vt 0.424369 0.889369
vt 0.892989 0.510710
vt 0.886667 0.450454
vt 0.886560 0.454285
vt 0.427927 0.887316
vt 0.885457 0.459129
vt 0.187026 0.919909
vt 0.831661 0.810532
vt 0.886667 0.458507
vt 0.185859 0.919767
vt 0.430287 0.883794
vt 0.186977 0.914390
vt 0.835388 0.805628
vt 0.722207 0.914552
vt 0.426194 0.876785
vt 0.424298 0.544570
vt 0.859771 0.517882
vt 0.417013 0.882786
vt 0.161566 0.254970
vt 0.567240 0.524428
vt 0.575835 0.524504
vt 0.924427 0.986629
vt 0.425113 0.885785
vt 0.958573 0.649186
vt 0.722207 0.920003
vt 0.958573 0.644725
vt 0.947547 0.153102
vt 0.427715 0.882154
vt 0.421603 0.875596
vt 0.419846 0.544473
vt 0.419019 0.876436
vt 0.417190 0.544526
vt 0.154909 0.254970
vt 0.418664 0.885103
vt 0.569411 0.524315
vt 0.421460 0.886168
vt 0.572382 0.524233
vt 0.860515 0.517346
vt 0.049661 0.512890
vt 0.721592 0.917481
vt 0.861275 0.515252
vt 0.948842 0.155303
vt 0.047439 0.512848
vt 0.051714 0.509932
vt 0.861275 0.520649
vt 0.052634 0.512887
vt 0.421395 0.544840
vt 0.154228 0.251818
vt 0.417599 0.547568
vt 0.417351 0.878522
vt 0.157422 0.254849
vt 0.416799 0.880545
vt 0.159513 0.254863
vt 0.162616 0.252045
vt 0.567697 0.521453
vt 0.571549 0.520834
vt 0.925235 0.985943
vt 0.388124 0.542216
vt 0.574762 0.523902
vt 0.925235 0.988294
vt 0.957912 0.647379
vt 0.948842 0.150783
vt 0.385840 0.542296
vt 0.383614 0.542477
vt 0.948341 0.153023
vt 0.045391 0.512890
vt 0.047979 0.502953
vt 0.422952 0.554783
vt 0.053192 0.502563
vt 0.418862 0.554844
vt 0.414829 0.554965
vt 0.154933 0.244146
vt 0.159674 0.244205
vt 0.163703 0.244726
vt 0.566299 0.514168
vt 0.571514 0.513787
vt 0.576138 0.513405
vt 0.389207 0.552366
vt 0.384414 0.552685
vt 0.043095 0.502387
vt 0.050320 0.488593
vt 0.054085 0.487876
vt 0.423406 0.569037
vt 0.420164 0.568094
vt 0.416746 0.568768
vt 0.413149 0.568291
vt 0.154766 0.230453
vt 0.159100 0.230045
vt 0.162428 0.229883
vt 0.565637 0.499938
vt 0.165545 0.230522
vt 0.570458 0.499730
vt 0.393031 0.566580
vt 0.574505 0.498901
vt 0.389305 0.565886
vt 0.042225 0.488090
vt 0.384216 0.566812
vt 0.046022 0.488415
vt 0.546110 0.652532
vt 0.083066 0.802334
vt 0.594626 0.775391
vt 0.599236 0.775362
vt 0.088025 0.801635
vt 0.603309 0.775391
vt 0.413038 0.263406
vt 0.091341 0.799246
vt 0.093175 0.795424
vt 0.416628 0.263588
vt 0.093006 0.790971
vt 0.421070 0.263588
vt 0.426234 0.263279
vt 0.089457 0.786179
vt 0.631797 0.734556
vt 0.082788 0.784963
vt 0.085046 0.640065
vt 0.625058 0.734428
vt 0.077812 0.788149
vt 0.090663 0.640065
vt 0.096266 0.639441
vt 0.535194 0.652532
vt 0.075799 0.793763
vt 0.077953 0.799265
vt 0.541078 0.652493
vt 0.082545 0.802794
vt 0.049133 0.466879
vt 0.424298 0.589745
vt 0.053474 0.466890
vt 0.087070 0.802794
vt 0.419795 0.589370
vt 0.091241 0.800369
vt 0.152095 0.208771
vt 0.094000 0.795598
vt 0.414349 0.589395
vt 0.157950 0.208713
vt 0.093180 0.789462
vt 0.090114 0.785954
vt 0.162460 0.208721
vt 0.565049 0.478186
vt 0.085042 0.784040
vt 0.166440 0.208782
vt 0.079512 0.785718
vt 0.570649 0.478001
vt 0.393031 0.587323
vt 0.075738 0.790094
vt 0.576138 0.477904
vt 0.386698 0.587621
vt 0.075613 0.796490
vt 0.382040 0.588121
vt 0.044768 0.466917
vt 0.078565 0.800860
vt 0.597310 0.731512
vt 0.541367 0.608582
vt 0.852399 0.327481
vt 0.600311 0.731478
vt 0.855915 0.327481
vt 0.603294 0.731520
vt 0.417337 0.219322
vt 0.857926 0.325049
vt 0.631797 0.778425
vt 0.857894 0.322206
vt 0.420163 0.219331
vt 0.856013 0.320209
vt 0.629437 0.778420
vt 0.626820 0.778372
vt 0.853429 0.319721
vt 0.085476 0.595913
vt 0.535384 0.608626
vt 0.088957 0.595898
vt 0.850427 0.321772
vt 0.538476 0.608580
vt 0.850318 0.325295
vt 0.906266 0.253598
vt 0.873845 0.878282
vt 0.907491 0.246749
vt 0.913298 0.711742
vt 0.425965 0.853234
vt 0.906303 0.249399
vt 0.914785 0.710098
vt 0.870326 0.880605
vt 0.914439 0.713892
vt 0.868335 0.884608
vt 0.913164 0.717375
vt 0.420225 0.853567
vt 0.913442 0.721708
vt 0.914228 0.490810
vt 0.416141 0.851525
vt 0.914456 0.718364
vt 0.868474 0.889086
vt 0.914785 0.722175
vt 0.913054 0.489589
vt 0.870711 0.892701
vt 0.914179 0.485792
vt 0.413274 0.847130
vt 0.913025 0.485370
vt 0.874391 0.894981
vt 0.914186 0.481305
vt 0.413149 0.842496
vt 0.914228 0.477904
vt 0.882593 0.894048
vt 0.924212 0.124222
vt 0.415040 0.838410
vt 0.913009 0.480698
vt 0.879327 0.894981
vt 0.883042 0.892830
vt 0.923043 0.122929
vt 0.924146 0.117974
vt 0.420712 0.834979
vt 0.922998 0.118867
vt 0.885323 0.889221
vt 0.924212 0.112087
vt 0.494724 0.939480
vt 0.426985 0.836249
vt 0.923033 0.113870
vt 0.496001 0.938164
vt 0.885478 0.884103
vt 0.907491 0.260094
vt 0.494702 0.945577
vt 0.431128 0.840772
vt 0.495903 0.942342
vt 0.883162 0.880319
vt 0.907423 0.253830
vt 0.431128 0.848072
vt 0.496001 0.947294
vt 0.906297 0.258221
vt 0.878832 0.877800
vt 0.874939 0.880980
vt 0.631368 0.151024
vt 0.871529 0.884146
vt 0.261655 0.219322
vt 0.626872 0.150784
vt 0.474359 0.989470
vt 0.571099 0.347533
vt 0.875144 0.892005
vt 0.195816 0.415880
vt 0.568020 0.347930
vt 0.878551 0.891585
vt 0.186538 0.415188
vt 0.924427 0.965123
vt 0.251849 0.009354
vt 0.881503 0.882740
vt 0.880996 0.889903
vt 0.193580 0.415849
vt 0.874582 0.881923
vt 0.630580 0.151618
vt 0.475191 0.987731
vt 0.628757 0.151493
vt 0.475191 0.989999
vt 0.626839 0.151403
vt 0.260755 0.220033
vt 0.871902 0.887696
vt 0.258093 0.219809
vt 0.574085 0.347851
vt 0.256111 0.219972
vt 0.872821 0.889600
vt 0.874884 0.891283
vt 0.571597 0.348147
vt 0.569018 0.351092
vt 0.194050 0.418794
vt 0.566271 0.350886
vt 0.882058 0.887175
vt 0.190672 0.415833
vt 0.925423 0.963851
vt 0.253004 0.010013
vt 0.188020 0.415832
vt 0.252010 0.013230
vt 0.925423 0.967237
vt 0.249640 0.010056
vt 0.247419 0.009986
vt 0.876929 0.881353
vt 0.632924 0.151530
vt 0.628549 0.161997
vt 0.624905 0.161983
vt 0.261725 0.230197
vt 0.576957 0.357540
vt 0.256981 0.229199
vt 0.572783 0.358766
vt 0.568592 0.358898
vt 0.195709 0.426778
vt 0.565946 0.358837
vt 0.192684 0.426159
vt 0.187788 0.426723
vt 0.255525 0.020700
vt 0.251560 0.020225
vt 0.248043 0.020502
vt 0.635099 0.162468
vt 0.632140 0.162148
vt 0.628727 0.175998
vt 0.625390 0.176167
vt 0.264869 0.244051
vt 0.260284 0.242925
vt 0.254568 0.243799
vt 0.576957 0.372467
vt 0.573571 0.372723
vt 0.570269 0.372413
vt 0.197418 0.440864
vt 0.566477 0.372883
vt 0.194201 0.441026
vt 0.189931 0.440641
vt 0.255894 0.034159
vt 0.185825 0.440343
vt 0.251170 0.033761
vt 0.247041 0.034249
vt 0.635099 0.176423
vt 0.632069 0.176497
vt 0.550788 0.326176
vt 0.656037 0.840162
vt 0.118519 0.771041
vt 0.655090 0.845079
vt 0.123129 0.771003
vt 0.253032 0.646693
vt 0.656368 0.849188
vt 0.127415 0.771026
vt 0.258372 0.647063
vt 0.661026 0.852913
vt 0.264086 0.647063
vt 0.085046 0.702705
vt 0.666929 0.852659
vt 0.671336 0.849017
vt 0.090567 0.702662
vt 0.672462 0.844053
vt 0.095268 0.702705
vt 0.775425 0.150908
vt 0.671158 0.839792
vt 0.771119 0.150784
vt 0.538412 0.326176
vt 0.668092 0.836951
vt 0.767087 0.151019
vt 0.663965 0.835731
vt 0.542341 0.326131
vt 0.267133 0.265034
vt 0.654825 0.841017
vt 0.625960 0.197396
vt 0.654759 0.847473
vt 0.261688 0.264545
vt 0.257030 0.264632
vt 0.657329 0.851360
vt 0.253032 0.265034
vt 0.576406 0.393930
vt 0.661241 0.853634
vt 0.571628 0.394098
vt 0.666065 0.853634
vt 0.567114 0.394211
vt 0.670314 0.851350
vt 0.197418 0.462198
vt 0.672943 0.846778
vt 0.193499 0.462127
vt 0.258552 0.055593
vt 0.187131 0.461880
vt 0.672463 0.840363
vt 0.252820 0.055317
vt 0.667594 0.835812
vt 0.543757 0.326118
vt 0.247701 0.055405
vt 0.662474 0.835264
vt 0.244442 0.055593
vt 0.632086 0.197674
vt 0.658890 0.836381
vt 0.546938 0.282232
vt 0.285839 0.852116
vt 0.121968 0.727137
vt 0.124531 0.727119
vt 0.287439 0.854326
vt 0.127415 0.727160
vt 0.258906 0.602771
vt 0.290510 0.854932
vt 0.262411 0.602830
vt 0.087358 0.658791
vt 0.293362 0.852876
vt 0.774894 0.195142
vt 0.091225 0.658772
vt 0.293362 0.848967
vt 0.290861 0.847044
vt 0.771996 0.194979
vt 0.769378 0.195142
vt 0.541621 0.282219
vt 0.288134 0.847145
vt 0.544732 0.282205
vt 0.285924 0.849363
s 0
f 2/4/1 3/9/1 1/1/1
f 4/11/2 7/20/2 3/7/2
f 8/24/3 5/14/3 7/19/3
f 6/17/4 1/2/4 5/13/4
f 7/21/5 1/3/5 3/8/5
f 4/12/6 6/18/6 8/22/6
f 12/34/7 11/31/7 10/28/7
f 14/38/8 13/36/8 11/31/8
f 17/46/9 16/43/9 15/40/9
f 19/51/10 18/48/10 16/43/10
f 22/58/11 21/56/11 20/54/11
f 24/63/12 23/60/12 21/56/12
f 27/71/13 26/69/13 25/66/13
f 9/26/14 28/73/14 26/68/14
f 29/75/15 48/122/15 37/100/15
f 31/82/16 39/104/16 40/106/16
f 34/91/17 45/116/17 46/119/17
f 36/97/18 42/111/18 32/85/18
f 32/86/19 42/110/19 43/112/19
f 40/107/20 41/109/20 36/98/20
f 36/97/21 41/108/21 42/111/21
f 42/111/22 53/131/22 54/133/22
f 48/123/23 58/139/23 49/125/23
f 44/115/24 55/134/24 45/118/24
f 45/118/25 55/134/25 56/136/25
f 57/137/26 70/156/26 58/138/26
f 49/125/27 60/141/27 50/127/27
f 50/126/28 61/143/28 51/128/28
f 54/132/29 66/150/29 55/134/29
f 56/135/30 68/152/30 57/137/30
f 70/156/31 82/186/31 92/209/31
f 60/141/32 84/189/32 61/142/32
f 70/155/33 92/210/33 59/140/33
f 65/148/34 88/200/34 66/150/34
f 62/144/35 85/192/35 63/146/35
f 63/145/36 86/195/36 64/147/36
f 64/147/37 87/197/37 65/149/37
f 59/140/38 83/187/38 60/141/38
f 73/163/39 85/193/39 84/191/39
f 74/166/6 85/193/6 73/163/6
f 78/175/40 89/202/40 88/201/40
f 79/177/41 89/202/41 78/175/41
f 80/179/42 90/205/42 79/177/42
f 71/159/43 92/211/43 82/184/43
f 80/180/44 97/224/44 98/226/44
f 73/162/45 94/216/45 74/164/45
f 78/174/46 97/224/46 79/178/46
f 74/165/47 94/215/47 95/218/47
f 74/165/48 95/218/48 75/167/48
f 80/180/49 98/226/49 81/181/49
f 75/167/50 95/218/50 76/170/50
f 71/157/51 93/212/51 72/161/51
f 81/182/52 98/227/52 82/185/52
f 76/169/53 96/220/53 77/172/53
f 82/185/54 93/213/54 71/158/54
f 77/172/55 96/220/55 78/176/55
f 72/161/56 94/216/56 73/162/56
f 103/239/57 102/237/57 100/232/57
f 102/237/58 105/244/58 104/241/58
f 107/249/59 110/257/59 109/253/59
f 111/259/60 112/261/60 109/254/60
f 114/266/61 113/263/61 112/261/61
f 113/264/62 116/271/62 115/269/62
f 118/276/63 117/273/63 115/269/63
f 99/229/64 119/279/64 117/274/64
f 101/234/65 121/285/65 103/240/65
f 105/245/66 122/292/66 106/248/66
f 114/268/67 126/306/67 116/272/67
f 99/230/68 120/282/68 101/234/68
f 101/234/69 120/282/69 121/285/69
f 110/258/70 124/299/70 111/260/70
f 122/291/71 130/320/71 131/322/71
f 126/308/72 136/336/72 125/302/72
f 123/293/73 131/321/73 132/323/73
f 123/294/74 132/324/74 124/297/74
f 125/303/75 137/337/75 120/281/75
f 134/332/76 135/333/76 126/307/76
f 146/355/77 157/371/77 147/356/77
f 135/333/78 145/352/78 146/354/78
f 136/336/79 147/356/79 137/338/79
f 127/310/80 139/343/80 128/313/80
f 137/341/81 138/342/81 127/310/81
f 128/312/82 140/345/82 129/314/82
f 133/329/83 144/351/83 134/332/83
f 129/314/84 140/345/84 130/319/84
f 134/332/85 145/352/85 135/333/85
f 138/342/86 159/374/86 148/358/86
f 143/349/87 154/367/87 144/351/87
f 144/351/88 155/368/88 145/352/88
f 141/346/89 152/364/89 142/348/89
f 170/401/90 188/445/90 160/375/90
f 153/365/91 176/414/91 154/366/91
f 148/358/92 172/405/92 149/359/92
f 159/374/93 171/403/93 148/358/93
f 150/361/94 174/409/94 151/362/94
f 156/369/95 179/421/95 157/371/95
f 152/364/96 175/412/96 176/414/96
f 152/364/97 176/414/97 153/365/97
f 160/376/98 172/406/98 171/402/98
f 165/389/99 176/416/99 164/387/99
f 169/397/100 181/427/100 180/425/100
f 160/376/98 171/402/98 170/400/98
f 183/433/101 188/447/101 186/441/101
f 166/390/102 185/438/102 167/392/102
f 163/383/103 184/434/103 164/385/103
f 164/386/104 184/435/104 165/388/104
f 165/388/105 185/438/105 166/390/105
f 161/379/106 182/430/106 162/380/106
f 193/457/107 191/452/107 189/448/107
f 193/458/108 192/455/108 191/453/108
f 195/464/109 194/460/109 192/455/109
f 194/461/110 197/468/110 196/466/110
f 196/466/111 201/477/111 199/472/111
f 199/473/112 201/478/112 200/475/112
f 200/475/113 203/482/113 202/480/113
f 207/493/114 206/490/114 204/484/114
f 190/451/115 189/448/115 209/498/115
f 212/507/116 225/543/116 226/548/116
f 190/450/117 214/512/117 210/501/117
f 193/459/118 215/516/118 195/465/118
f 190/450/119 210/501/119 193/459/119
f 208/495/120 213/509/120 190/450/120
f 195/465/121 215/516/121 222/537/121
f 190/450/122 213/509/122 214/512/122
f 226/549/123 227/550/123 216/518/123
f 222/536/124 223/540/124 211/502/124
f 211/505/125 223/539/125 224/541/125
f 217/521/126 218/524/126 213/508/126
f 214/513/127 220/530/127 210/500/127
f 211/503/128 225/544/128 212/506/128
f 216/518/129 227/550/129 228/552/129
f 216/518/130 228/552/130 217/520/130
f 217/521/131 228/551/131 229/553/131
f 217/521/132 229/553/132 218/524/132
f 218/524/133 230/554/133 219/525/133
f 222/536/134 234/560/134 223/540/134
f 219/529/135 231/556/135 220/534/135
f 225/545/136 236/563/136 226/549/136
f 220/533/137 232/558/137 221/535/137
f 226/549/138 237/565/138 227/550/138
f 227/550/139 238/566/139 228/552/139
f 231/556/140 242/572/140 243/573/140
f 236/564/141 248/580/141 249/581/141
f 241/570/142 254/588/142 242/572/142
f 236/563/143 249/582/143 237/565/143
f 232/558/144 243/574/144 244/575/144
f 241/570/145 242/572/145 231/556/145
f 233/559/146 245/576/146 234/561/146
f 239/568/147 252/586/147 240/569/147
f 234/560/148 247/579/148 235/562/148
f 254/588/149 275/639/149 242/572/149
f 244/575/150 267/620/150 245/576/150
f 250/583/151 272/632/151 251/585/151
f 251/584/152 273/635/152 252/586/152
f 246/577/153 269/625/153 247/579/153
f 252/586/154 273/635/154 253/587/154
f 247/579/155 270/627/155 248/580/155
f 242/572/156 266/618/156 243/573/156
f 256/593/99 266/619/99 255/592/99
f 259/600/157 270/628/157 269/626/157
f 257/596/158 277/647/158 258/597/158
f 258/598/159 278/649/159 259/601/159
f 263/611/160 281/656/160 264/612/160
f 255/590/161 276/643/161 256/594/161
f 264/613/162 282/659/162 265/615/162
f 260/602/163 279/650/163 261/606/163
f 265/615/164 282/659/164 255/591/164
f 284/665/165 283/661/165 301/708/165
f 289/677/166 288/673/166 287/672/166
f 291/683/167 290/679/167 288/674/167
f 290/680/168 293/688/168 292/685/168
f 296/696/169 295/693/169 294/692/169
f 295/693/170 298/700/170 297/697/170
f 300/705/171 299/703/171 297/698/171
f 299/703/172 302/710/172 301/707/172
f 290/682/173 297/699/173 301/709/173
f 285/666/174 313/741/174 286/669/174
f 284/664/175 303/713/175 307/726/175
f 302/712/176 303/713/176 284/664/176
f 286/669/177 313/741/177 308/729/177
f 284/664/178 307/726/178 285/666/178
f 296/695/179 319/754/179 306/723/179
f 286/669/180 308/729/180 289/678/180
f 296/695/181 306/723/181 298/702/181
f 302/712/182 311/739/182 303/713/182
f 293/690/183 305/721/183 319/754/183
f 285/666/184 307/726/184 313/741/184
f 293/690/185 319/754/185 296/695/185
f 309/733/186 319/755/186 320/756/186
f 303/713/187 323/762/187 307/726/187
f 319/755/188 309/733/188 306/722/188
f 304/715/189 308/728/189 316/747/189
f 311/736/190 323/763/190 303/714/190
f 320/756/191 331/777/191 332/778/191
f 310/734/192 322/761/192 311/737/192
f 307/727/193 312/740/193 313/742/193
f 305/719/194 318/753/194 319/755/194
f 320/756/195 332/778/195 321/758/195
f 321/759/196 332/779/196 322/761/196
f 317/751/197 329/774/197 318/752/197
f 314/744/198 326/770/198 315/745/198
f 328/773/199 339/789/199 329/774/199
f 324/767/200 334/782/200 335/783/200
f 325/769/201 336/785/201 326/770/201
f 326/770/202 337/786/202 327/772/202
f 331/777/203 342/793/203 343/795/203
f 331/777/204 343/795/204 332/778/204
f 327/771/205 338/788/205 328/773/205
f 354/821/206 366/851/206 346/799/206
f 335/783/207 356/824/207 336/784/207
f 340/790/208 361/837/208 341/792/208
f 341/792/209 362/839/209 342/793/209
f 342/793/210 363/841/210 343/795/210
f 337/786/211 358/829/211 338/787/211
f 343/794/212 364/845/212 344/796/212
f 338/788/213 359/832/213 339/789/213
f 344/796/214 365/848/214 345/798/214
f 339/789/215 360/834/215 340/791/215
f 346/800/216 356/826/216 355/822/216
f 347/802/217 356/826/217 346/800/217
f 351/812/218 362/840/218 361/838/218
f 352/815/219 363/842/219 362/840/219
f 353/818/220 365/849/220 364/846/220
f 354/820/221 365/849/221 353/818/221
f 346/800/222 355/822/222 354/820/222
f 352/814/223 370/863/223 363/843/223
f 348/806/224 368/856/224 349/808/224
f 353/817/225 371/865/225 354/821/225
f 350/809/163 369/858/163 351/813/163
f 375/875/226 374/871/226 372/867/226
f 379/884/227 378/881/227 376/878/227
f 378/882/228 381/889/228 380/887/228
f 380/887/229 383/894/229 382/891/229
f 387/904/230 386/902/230 385/900/230
f 389/909/231 388/906/231 386/901/231
f 388/906/232 391/915/232 390/911/232
f 389/910/233 399/938/233 391/916/233
f 390/912/234 373/869/234 372/867/234
f 376/877/235 385/899/235 388/907/235
f 391/916/236 399/938/236 396/929/236
f 377/880/237 392/918/237 379/886/237
f 387/905/238 398/936/238 395/928/238
f 398/935/239 409/960/239 395/927/239
f 392/917/240 403/945/240 404/949/240
f 392/917/241 404/949/241 393/921/241
f 395/928/242 409/959/242 399/938/242
f 398/935/243 407/957/243 408/958/243
f 397/933/244 400/939/244 401/940/244
f 397/933/245 411/968/245 400/939/245
f 406/954/246 407/957/246 398/935/246
f 403/945/247 415/973/247 404/949/247
f 410/965/248 421/983/248 411/966/248
f 411/968/249 421/982/249 422/984/249
f 400/939/250 413/970/250 401/940/250
f 423/985/251 445/1026/251 424/986/251
f 415/973/252 428/992/252 416/975/252
f 413/971/253 425/988/253 414/972/253
f 418/978/254 431/996/254 419/979/254
f 419/979/255 432/998/255 420/980/255
f 425/988/256 447/1032/256 426/989/256
f 426/989/257 448/1034/257 427/991/257
f 432/997/258 453/1047/258 433/999/258
f 439/1011/259 448/1036/259 438/1009/259
f 443/1022/260 453/1048/260 442/1020/260
f 444/1025/261 454/1049/261 453/1048/261
f 441/1017/262 460/1067/262 442/1018/262
f 442/1019/263 460/1065/263 461/1068/263
f 442/1019/264 461/1068/264 443/1021/264
f 438/1008/265 458/1060/265 439/1012/265
f 443/1021/266 461/1068/266 444/1023/266
f 439/1012/267 459/1063/267 440/1013/267
f 436/1003/268 456/1054/268 437/1007/268
f 444/1024/269 462/1071/269 436/1004/269
f 437/1007/270 457/1057/270 446/1031/270
f 463/1073/271 465/1077/271 466/1080/271
f 466/1081/272 468/1085/272 467/1083/272
f 467/1083/273 470/1090/273 469/1088/273
f 472/1095/274 471/1092/274 469/1087/274
f 474/1101/275 473/1097/275 471/1092/275
f 473/1098/276 476/1105/276 475/1104/276
f 478/1109/277 480/1115/277 479/1112/277
f 482/1120/278 481/1117/278 479/1112/278
f 484/1126/279 464/1075/279 463/1073/279
f 463/1074/280 471/1093/280 479/1113/280
f 464/1076/281 503/1173/281 485/1127/281
f 482/1121/282 492/1148/282 483/1124/282
f 468/1086/283 489/1139/283 470/1091/283
f 465/1079/284 485/1127/284 494/1152/284
f 472/1096/285 486/1130/285 487/1133/285
f 482/1121/286 491/1144/286 492/1148/286
f 465/1079/287 494/1152/287 468/1086/287
f 472/1096/288 487/1133/288 474/1102/288
f 485/1127/289 503/1173/289 493/1149/289
f 489/1140/290 496/1157/290 486/1129/290
f 489/1140/291 495/1156/291 496/1157/291
f 491/1143/292 501/1168/292 502/1171/292
f 491/1143/293 502/1171/293 492/1146/293
f 492/1147/294 502/1170/294 503/1172/294
f 496/1158/295 506/1180/295 507/1182/295
f 496/1158/296 507/1182/296 497/1160/296
f 497/1160/297 507/1182/297 508/1183/297
f 495/1156/298 506/1181/298 496/1157/298
f 512/1189/299 525/1207/299 526/1209/299
f 513/1191/300 526/1208/300 514/1192/300
f 506/1180/301 518/1198/301 507/1182/301
f 507/1182/302 519/1199/302 508/1183/302
f 515/1193/303 537/1235/303 538/1237/303
f 515/1194/304 538/1238/304 516/1195/304
f 526/1208/305 547/1259/305 514/1192/305
f 521/1201/306 543/1250/306 522/1203/306
f 517/1196/307 540/1243/307 518/1197/307
f 523/1204/308 545/1255/308 524/1206/308
f 514/1192/309 537/1235/309 515/1193/309
f 529/1215/260 538/1239/260 528/1213/260
f 529/1215/310 539/1240/310 538/1239/310
f 536/1234/311 547/1260/311 546/1258/311
f 529/1216/312 549/1265/312 530/1217/312
f 535/1231/313 554/1278/313 536/1232/313
f 531/1221/314 551/1270/314 532/1222/314
f 527/1210/315 548/1262/315 528/1214/315
f 536/1233/316 555/1281/316 527/1212/316
f 532/1223/317 552/1274/317 533/1225/317
f 559/1291/318 558/1288/318 557/1285/318
f 558/1288/319 561/1296/319 560/1293/319
f 565/1305/320 568/1313/320 567/1311/320
f 570/1318/321 569/1315/321 567/1311/321
f 572/1324/322 571/1321/322 569/1316/322
f 575/1331/323 574/1328/323 573/1325/323
f 572/1323/324 593/1369/324 577/1336/324
f 559/1292/325 576/1334/325 578/1337/325
f 556/1283/326 584/1352/326 576/1334/326
f 562/1300/327 579/1340/327 580/1343/327
f 572/1323/328 577/1336/328 575/1332/328
f 570/1320/329 582/1346/329 572/1323/329
f 556/1283/330 576/1334/330 559/1292/330
f 572/1323/331 582/1346/331 593/1369/331
f 578/1338/332 586/1357/332 579/1341/332
f 579/1339/333 587/1359/333 580/1342/333
f 580/1342/334 587/1359/334 588/1360/334
f 583/1349/335 593/1370/335 594/1371/335
f 581/1344/336 588/1360/336 589/1361/336
f 581/1344/337 589/1361/337 590/1362/337
f 583/1350/338 594/1372/338 584/1353/338
f 592/1367/339 602/1383/339 603/1385/339
f 587/1359/340 599/1379/340 588/1360/340
f 588/1360/341 600/1380/341 589/1361/341
f 589/1361/342 600/1380/342 601/1382/342
f 589/1361/343 601/1382/343 590/1362/343
f 586/1357/344 597/1376/344 598/1377/344
f 586/1357/345 598/1377/345 587/1358/345
f 603/1385/346 615/1403/346 604/1386/346
f 601/1381/347 612/1398/347 602/1384/347
f 597/1376/348 607/1391/348 608/1392/348
f 597/1376/349 608/1392/349 598/1377/349
f 598/1378/350 608/1393/350 599/1379/350
f 602/1383/351 614/1401/351 603/1385/351
f 610/1395/352 631/1441/352 611/1397/352
f 606/1390/353 627/1430/353 628/1432/353
f 611/1396/354 631/1440/354 632/1443/354
f 606/1389/355 628/1433/355 607/1391/355
f 616/1404/356 626/1429/356 605/1388/356
f 611/1396/357 632/1443/357 612/1398/357
f 609/1394/358 630/1439/358 610/1395/358
f 610/1395/359 630/1439/359 631/1441/359
f 617/1407/360 627/1431/360 626/1428/360
f 618/1409/361 627/1431/361 617/1407/361
f 619/1410/362 629/1436/362 628/1434/362
f 620/1413/259 629/1436/259 619/1410/259
f 621/1416/363 631/1442/363 630/1438/363
f 622/1418/364 631/1442/364 621/1416/364
f 625/1426/365 635/1450/365 624/1425/365
f 622/1419/366 641/1467/366 623/1420/366
f 618/1408/367 637/1456/367 619/1411/367
f 623/1421/368 641/1466/368 624/1423/368
f 620/1414/369 639/1461/369 621/1415/369
f 617/1405/370 636/1453/370 637/1456/370
f 617/1405/371 637/1456/371 618/1408/371
f 621/1417/372 640/1464/372 622/1419/372
f 625/1427/373 636/1454/373 617/1406/373
f 643/1473/374 645/1478/374 644/1474/374
f 647/1482/375 646/1480/375 644/1475/375
f 646/1480/376 649/1487/376 648/1484/376
f 653/1498/377 652/1494/377 650/1490/377
f 654/1501/378 656/1506/378 655/1502/378
f 658/1511/379 657/1508/379 655/1503/379
f 662/1521/380 661/1518/380 659/1515/380
f 646/1481/381 654/1500/381 661/1519/381
f 651/1492/382 671/1553/382 653/1497/382
f 656/1507/383 665/1532/383 666/1537/383
f 653/1497/384 671/1553/384 665/1532/384
f 653/1497/385 665/1532/385 656/1507/385
f 665/1533/386 680/1571/386 666/1536/386
f 666/1537/387 680/1572/387 672/1556/387
f 672/1554/388 682/1578/388 667/1538/388
f 664/1528/389 677/1565/389 671/1552/389
f 667/1539/390 682/1577/390 683/1579/390
f 667/1540/391 683/1580/391 668/1542/391
f 671/1552/392 679/1568/392 665/1534/392
f 668/1543/393 683/1581/393 669/1546/393
f 670/1550/394 675/1561/394 676/1562/394
f 672/1554/395 681/1575/395 682/1578/395
f 671/1552/396 677/1565/396 678/1567/396
f 671/1552/397 678/1567/397 679/1568/397
f 669/1549/398 673/1557/398 674/1558/398
f 683/1582/399 684/1584/399 669/1549/399
f 693/1598/400 706/1616/400 694/1599/400
f 681/1575/401 692/1597/401 693/1598/401
f 676/1564/402 689/1592/402 677/1565/402
f 681/1575/403 693/1598/403 682/1578/403
f 677/1565/404 689/1592/404 678/1567/404
f 682/1578/405 694/1599/405 683/1583/405
f 678/1567/406 689/1592/406 690/1593/406
f 673/1557/407 685/1586/407 686/1588/407
f 678/1567/408 690/1593/408 679/1568/408
f 673/1557/409 686/1588/409 674/1558/409
f 674/1560/410 686/1587/410 687/1589/410
f 684/1584/411 685/1586/411 673/1557/411
f 680/1574/412 691/1595/412 692/1596/412
f 680/1574/413 692/1596/413 681/1576/413
f 675/1561/414 688/1591/414 676/1562/414
f 691/1595/415 703/1612/415 704/1613/415
f 691/1595/416 704/1613/416 692/1596/416
f 688/1590/417 699/1606/417 689/1592/417
f 702/1610/418 723/1657/418 703/1612/418
f 707/1617/419 727/1667/419 696/1602/419
f 703/1612/420 723/1657/420 724/1661/420
f 705/1614/421 725/1662/421 706/1616/421
f 710/1625/422 721/1653/422 720/1651/422
f 711/1627/423 721/1653/423 710/1625/423
f 714/1637/424 724/1660/424 723/1659/424
f 715/1638/41 724/1660/41 714/1637/41
f 715/1638/425 725/1663/425 724/1660/425
f 717/1644/426 725/1663/426 716/1640/426
f 714/1635/427 733/1683/427 715/1639/427
f 716/1641/313 734/1688/313 717/1642/313
f 712/1631/428 731/1678/428 713/1632/428
f 708/1619/429 728/1671/429 709/1622/429
f 717/1643/430 735/1689/430 708/1620/430
f 713/1633/431 732/1681/431 714/1636/431
f 709/1622/432 729/1674/432 710/1624/432
f 738/1697/433 737/1694/433 758/1745/433
f 737/1695/434 740/1702/434 739/1700/434
f 742/1707/435 741/1704/435 739/1700/435
f 744/1712/436 746/1716/436 747/1718/436
f 749/1724/437 748/1722/437 747/1719/437
f 748/1722/438 751/1728/438 750/1726/438
f 750/1726/439 753/1733/439 752/1730/439
f 755/1738/440 754/1736/440 752/1731/440
f 757/1743/441 756/1741/441 754/1736/441
f 755/1739/442 762/1758/442 757/1744/442
f 736/1692/443 758/1745/443 756/1740/443
f 742/1708/444 763/1760/444 764/1762/444
f 736/1691/445 759/1750/445 738/1699/445
f 751/1729/446 761/1755/446 775/1785/446
f 757/1744/447 778/1791/447 736/1691/447
f 736/1691/448 778/1791/448 759/1750/448
f 778/1793/449 768/1772/449 759/1747/449
f 761/1753/450 774/1784/450 775/1786/450
f 762/1758/451 767/1770/451 777/1789/451
f 760/1751/452 765/1765/452 766/1766/452
f 759/1748/453 768/1771/453 769/1773/453
f 759/1749/454 769/1774/454 763/1759/454
f 775/1786/455 786/1805/455 776/1787/455
f 764/1761/456 770/1776/456 771/1778/456
f 764/1761/457 771/1778/457 765/1763/457
f 767/1768/458 775/1786/458 776/1787/458
f 765/1764/459 771/1777/459 772/1779/459
f 767/1769/460 776/1788/460 777/1790/460
f 765/1764/461 772/1779/461 766/1767/461
f 766/1767/462 772/1779/462 773/1781/462
f 763/1759/463 770/1776/463 764/1761/463
f 776/1788/464 786/1804/464 787/1806/464
f 771/1777/465 782/1798/465 772/1779/465
f 772/1779/466 782/1798/466 783/1800/466
f 776/1788/467 787/1806/467 777/1790/467
f 772/1779/468 783/1800/468 773/1781/468
f 777/1790/469 788/1807/469 778/1792/469
f 773/1781/470 783/1800/470 784/1801/470
f 770/1776/471 781/1797/471 771/1778/471
f 787/1806/472 799/1824/472 788/1807/472
f 783/1800/473 794/1817/473 784/1801/473
f 780/1795/474 790/1811/474 791/1812/474
f 784/1802/475 794/1816/475 795/1818/475
f 780/1795/476 791/1812/476 781/1797/476
f 784/1802/477 795/1818/477 785/1803/477
f 781/1797/478 792/1814/478 782/1799/478
f 786/1804/479 797/1821/479 787/1806/479
f 782/1798/480 792/1813/480 793/1815/480
f 782/1798/481 793/1815/481 783/1800/481
f 799/1823/482 819/1875/482 789/1809/482
f 794/1816/483 815/1866/483 795/1818/483
f 791/1812/484 811/1857/484 812/1858/484
f 791/1812/485 812/1858/485 792/1814/485
f 796/1819/486 817/1872/486 797/1820/486
f 792/1813/487 813/1861/487 793/1815/487
f 798/1822/488 818/1873/488 799/1824/488
f 793/1815/489 814/1863/489 794/1817/489
f 801/1829/490 810/1855/490 800/1827/490
f 802/1832/491 811/1856/491 801/1829/491
f 805/1839/98 815/1867/98 814/1864/98
f 806/1843/492 816/1869/492 815/1867/492
f 808/1848/493 819/1877/493 818/1874/493
f 806/1841/494 825/1892/494 807/1844/494
f 802/1831/495 822/1883/495 803/1835/495
f 807/1844/496 826/1894/496 808/1846/496
f 808/1847/497 827/1899/497 809/1849/497
f 805/1840/498 824/1889/498 806/1842/498
f 809/1850/499 827/1897/499 800/1825/499
f 801/1830/500 821/1881/500 802/1833/500
f 830/1906/501 829/1903/501 848/1951/501
f 832/1911/502 833/1913/502 834/1916/502
f 836/1921/503 835/1918/503 834/1915/503
f 835/1918/504 838/1927/504 837/1923/504
f 840/1931/505 839/1929/505 837/1924/505
f 839/1929/506 842/1936/506 841/1934/506
f 841/1933/507 844/1941/507 843/1938/507
f 847/1949/508 846/1945/508 843/1938/508
f 845/1943/509 857/1981/509 847/1950/509
f 840/1932/510 852/1963/510 853/1968/510
f 831/1909/511 850/1957/511 833/1914/511
f 844/1942/512 853/1968/512 857/1981/512
f 838/1928/513 851/1962/513 852/1963/513
f 844/1942/514 857/1981/514 845/1943/514
f 847/1950/515 849/1953/515 828/1902/515
f 833/1914/516 850/1957/516 855/1973/516
f 838/1928/517 852/1963/517 840/1932/517
f 836/1922/518 851/1962/518 838/1928/518
f 852/1964/519 856/1976/519 865/1997/519
f 852/1965/520 865/1998/520 853/1967/520
f 855/1975/521 862/1993/521 851/1959/521
f 851/1960/522 862/1992/522 856/1977/522
f 851/1961/523 856/1978/523 852/1966/523
f 866/2002/524 867/2004/524 857/1982/524
f 857/1982/525 867/2004/525 868/2007/525
f 862/1993/526 863/1995/526 856/1979/526
f 856/1980/527 863/1994/527 864/1996/527
f 866/2002/528 876/2018/528 867/2004/528
f 862/1993/529 872/2013/529 863/1995/529
f 854/1972/530 869/2008/530 858/1984/530
f 863/1995/531 873/2014/531 874/2015/531
f 858/1984/532 869/2008/532 870/2009/532
f 863/1994/533 874/2016/533 864/1996/533
f 858/1983/534 870/2010/534 859/1987/534
f 860/1989/535 870/2010/535 871/2012/535
f 877/2020/536 889/2037/536 890/2038/536
f 872/2013/537 884/2030/537 873/2014/537
f 877/2020/538 890/2038/538 878/2021/538
f 873/2014/539 885/2032/539 874/2015/539
f 869/2008/540 880/2025/540 870/2009/540
f 874/2016/541 887/2034/541 875/2017/541
f 875/2017/542 887/2034/542 876/2019/542
f 871/2011/543 883/2029/543 872/2013/543
f 885/2031/544 907/2080/544 886/2033/544
f 886/2033/545 907/2080/545 887/2034/545
f 887/2034/546 908/2082/546 909/2084/546
f 882/2027/547 905/2076/547 883/2029/547
f 888/2036/548 909/2085/548 889/2037/548
f 889/2037/549 910/2088/549 890/2038/549
f 884/2030/550 906/2078/550 885/2032/550
f 895/2051/551 905/2075/551 894/2049/551
f 896/2053/552 907/2081/552 906/2077/552
f 898/2058/553 909/2086/553 908/2083/553
f 899/2061/554 910/2089/554 909/2086/554
f 900/2063/6 910/2089/6 899/2061/6
f 897/2055/555 916/2104/555 898/2059/555
f 893/2046/556 913/2096/556 894/2047/556
f 894/2048/557 913/2095/557 895/2052/557
f 898/2059/558 917/2107/558 899/2060/558
f 895/2050/559 914/2099/559 896/2054/559
f 891/2040/560 911/2090/560 892/2044/560
f 896/2054/561 915/2101/561 897/2056/561
f 919/2111/562 922/2119/562 921/2116/562
f 921/2116/563 924/2123/563 923/2121/563
f 923/2121/564 926/2129/564 925/2125/564
f 934/2149/565 933/2145/565 931/2141/565
f 936/2154/566 935/2151/566 933/2146/566
f 938/2159/567 920/2114/567 919/2112/567
f 940/2168/568 922/2120/568 939/2163/568
f 952/2201/569 953/2203/569 941/2169/569
f 920/2115/570 946/2186/570 939/2163/570
f 934/2148/571 942/2174/571 936/2155/571
f 926/2130/572 944/2179/572 945/2182/572
f 936/2155/573 942/2174/573 943/2178/573
f 924/2124/574 940/2168/574 926/2130/574
f 932/2143/575 942/2174/575 934/2148/575
f 926/2130/576 940/2168/576 944/2179/576
f 946/2184/577 947/2188/577 939/2161/577
f 941/2170/578 953/2202/578 954/2205/578
f 940/2165/579 949/2192/579 950/2194/579
f 942/2173/580 955/2207/580 956/2210/580
f 939/2162/581 947/2187/581 948/2189/581
f 946/2184/582 958/2217/582 947/2188/582
f 950/2195/583 962/2223/583 951/2199/583
f 956/2213/584 967/2230/584 957/2215/584
f 951/2199/585 963/2224/585 952/2201/585
f 957/2215/586 968/2232/586 958/2216/586
f 949/2193/587 961/2221/587 950/2197/587
f 962/2223/588 973/2239/588 963/2224/588
f 967/2230/589 979/2247/589 968/2232/589
f 963/2224/590 974/2241/590 964/2225/590
f 959/2218/591 969/2233/591 960/2220/591
f 964/2226/592 975/2242/592 965/2227/592
f 960/2219/593 970/2235/593 971/2236/593
f 960/2219/594 971/2236/594 961/2221/594
f 961/2221/595 971/2236/595 972/2238/595
f 961/2221/596 972/2238/596 962/2222/596
f 979/2247/597 999/2297/597 980/2248/597
f 969/2233/598 991/2277/598 970/2234/598
f 974/2240/599 995/2285/599 975/2242/599
f 970/2235/600 992/2278/600 971/2236/600
f 975/2242/601 996/2288/601 976/2243/601
f 976/2243/602 996/2288/602 977/2244/602
f 972/2237/603 994/2283/603 973/2239/603
f 973/2239/604 994/2283/604 974/2241/604
f 982/2254/605 992/2279/605 991/2276/605
f 983/2257/606 992/2279/606 982/2254/606
f 984/2259/607 994/2284/607 993/2282/607
f 989/2271/608 999/2295/608 998/2293/608
f 981/2251/609 999/2295/609 989/2271/609
f 981/2251/610 990/2274/610 999/2295/610
f 987/2266/611 1004/2309/611 988/2268/611
f 988/2268/612 1005/2312/612 989/2270/612
f 984/2258/613 1001/2301/613 985/2261/613
f 981/2250/614 1006/2314/614 982/2253/614
f 985/2260/615 1002/2304/615 986/2263/615
f 986/2263/616 1003/2307/616 987/2265/616
f 982/2253/617 1000/2298/617 983/2255/617
f 1007/2317/618 1008/2321/618 1009/2322/618
f 1013/2332/619 1011/2327/619 1009/2323/619
f 1011/2327/620 1013/2332/620 1012/2329/620
f 1017/2343/621 1015/2337/621 1012/2330/621
f 1017/2343/622 1016/2339/622 1015/2337/622
f 1016/2340/623 1019/2347/623 1018/2345/623
f 1021/2352/624 1020/2350/624 1018/2345/624
f 1023/2356/625 1022/2354/625 1020/2349/625
f 1027/2367/626 1026/2363/626 1024/2359/626
f 1027/2368/627 1028/2370/627 1008/2320/627
f 1025/2362/628 1033/2391/628 1027/2368/628
f 1010/2326/629 1029/2373/629 1013/2333/629
f 1017/2344/630 1031/2382/630 1032/2386/630
f 1017/2344/631 1032/2386/631 1019/2348/631
f 1028/2369/632 1047/2424/632 1034/2393/632
f 1032/2385/633 1044/2420/633 1035/2397/633
f 1029/2374/634 1038/2403/634 1039/2407/634
f 1030/2377/635 1040/2408/635 1031/2381/635
f 1036/2400/636 1046/2423/636 1033/2389/636
f 1033/2390/637 1046/2422/637 1047/2425/637
f 1045/2421/638 1055/2440/638 1056/2442/638
f 1035/2397/639 1045/2421/639 1036/2399/639
f 1036/2399/640 1045/2421/640 1056/2442/640
f 1036/2400/641 1056/2441/641 1046/2423/641
f 1057/2443/642 1069/2459/642 1070/2462/642
f 1042/2415/643 1053/2438/643 1043/2416/643
f 1047/2427/644 1048/2429/644 1037/2402/644
f 1043/2418/645 1054/2439/645 1044/2420/645
f 1038/2403/646 1050/2432/646 1039/2407/646
f 1044/2420/647 1054/2439/647 1055/2440/647
f 1044/2420/648 1055/2440/648 1045/2421/648
f 1048/2429/649 1060/2447/649 1049/2431/649
f 1053/2437/650 1066/2455/650 1054/2439/650
f 1049/2430/651 1061/2448/651 1050/2432/651
f 1058/2445/652 1059/2446/652 1048/2429/652
f 1054/2439/653 1067/2457/653 1055/2440/653
f 1051/2434/654 1063/2451/654 1052/2436/654
f 1056/2441/655 1069/2459/655 1057/2443/655
f 1070/2461/656 1090/2511/656 1059/2446/656
f 1061/2448/657 1082/2491/657 1062/2450/657
f 1059/2446/658 1090/2511/658 1081/2489/658
f 1066/2455/659 1087/2504/659 1067/2457/659
f 1067/2457/660 1087/2504/660 1068/2458/660
f 1068/2458/661 1088/2506/661 1069/2460/661
f 1063/2451/662 1084/2498/662 1064/2453/662
f 1069/2459/663 1089/2509/663 1070/2462/663
f 1064/2453/664 1085/2499/664 1065/2454/664
f 1059/2446/665 1081/2489/665 1060/2447/665
f 1073/2468/666 1084/2496/666 1083/2493/666
f 1074/2472/99 1084/2496/99 1073/2468/99
f 1076/2476/99 1085/2500/99 1075/2475/99
f 1078/2482/667 1089/2510/667 1088/2508/667
f 1071/2464/606 1090/2513/606 1080/2486/606
f 1073/2469/668 1093/2519/668 1074/2471/668
f 1074/2471/669 1093/2519/669 1075/2474/669
f 1079/2485/670 1097/2532/670 1080/2487/670
f 1075/2473/671 1094/2523/671 1076/2477/671
f 1080/2487/672 1091/2515/672 1071/2463/672
f 1072/2467/673 1092/2518/673 1083/2495/673
f 1098/2533/674 1101/2541/674 1100/2537/674
f 1107/2555/675 1106/2553/675 1104/2548/675
f 1111/2565/676 1110/2563/676 1108/2557/676
f 1115/2575/677 1114/2571/677 1112/2567/677
f 1119/2585/678 1118/2581/678 1116/2577/678
f 1099/2535/679 1120/2589/679 1121/2591/679
f 1119/2586/680 1120/2589/680 1099/2535/680
f 1105/2552/681 1130/2613/681 1131/2615/681
f 1117/2579/682 1127/2607/682 1119/2586/682
f 1099/2535/683 1121/2591/683 1101/2542/683
f 1105/2552/684 1131/2615/684 1107/2556/684
f 1101/2542/685 1121/2591/685 1122/2595/685
f 1113/2570/686 1124/2601/686 1115/2576/686
f 1121/2593/687 1125/2603/687 1122/2594/687
f 1123/2597/688 1134/2619/688 1135/2622/688
f 1123/2596/689 1135/2623/689 1124/2598/689
f 1122/2595/690 1125/2602/690 1130/2613/690
f 1124/2599/691 1136/2628/691 1127/2606/691
f 1131/2616/692 1132/2617/692 1126/2604/692
f 1127/2606/693 1138/2632/693 1120/2587/693
f 1126/2605/694 1134/2619/694 1123/2597/694
f 1120/2588/695 1138/2630/695 1128/2608/695
f 1136/2626/696 1146/2645/696 1147/2647/696
f 1136/2628/697 1137/2629/697 1127/2606/697
f 1127/2606/698 1137/2629/698 1138/2632/698
f 1126/2604/699 1132/2617/699 1133/2618/699
f 1126/2604/700 1133/2618/700 1134/2620/700
f 1132/2617/701 1144/2642/701 1133/2618/701
f 1133/2618/702 1144/2642/702 1145/2643/702
f 1138/2632/703 1148/2648/703 1139/2634/703
f 1138/2631/704 1139/2633/704 1128/2609/704
f 1133/2618/705 1145/2643/705 1134/2620/705
f 1129/2611/706 1141/2637/706 1125/2603/706
f 1134/2621/707 1145/2644/707 1146/2645/707
f 1134/2621/708 1146/2645/708 1135/2624/708
f 1125/2603/709 1142/2639/709 1130/2612/709
f 1135/2624/710 1146/2645/710 1136/2626/710
f 1144/2642/711 1154/2656/711 1155/2658/711
f 1139/2633/712 1149/2649/712 1140/2635/712
f 1144/2642/713 1155/2658/713 1145/2643/713
f 1140/2635/714 1149/2649/714 1150/2650/714
f 1140/2636/715 1150/2651/715 1141/2637/715
f 1139/2633/716 1161/2665/716 1149/2649/716
f 1145/2644/717 1156/2659/717 1146/2645/717
f 1141/2637/718 1151/2652/718 1142/2639/718
f 1142/2639/719 1151/2652/719 1152/2653/719
f 1142/2639/720 1152/2653/720 1143/2640/720
f 1143/2641/721 1152/2654/721 1153/2655/721
f 1149/2649/722 1172/2694/722 1150/2650/722
f 1155/2657/723 1177/2707/723 1156/2659/723
f 1161/2665/724 1171/2690/724 1149/2649/724
f 1151/2652/725 1173/2697/725 1152/2653/725
f 1157/2660/726 1179/2710/726 1158/2662/726
f 1158/2661/727 1180/2713/727 1159/2663/727
f 1153/2655/728 1175/2701/728 1154/2656/728
f 1159/2663/729 1181/2715/729 1160/2664/729
f 1154/2656/730 1176/2703/730 1155/2658/730
f 1164/2672/491 1172/2695/491 1163/2670/491
f 1165/2676/606 1173/2696/606 1164/2672/606
f 1167/2680/731 1177/2705/731 1176/2704/731
f 1168/2684/732 1177/2705/732 1167/2680/732
f 1168/2684/733 1178/2709/733 1177/2705/733
f 1170/2688/734 1181/2716/734 1180/2714/734
f 1164/2673/735 1184/2722/735 1165/2674/735
f 1165/2675/736 1184/2723/736 1166/2677/736
f 1166/2677/737 1185/2725/737 1167/2679/737
f 1162/2667/738 1182/2717/738 1163/2671/738
f 1170/2687/739 1188/2733/739 1162/2668/739
f 1167/2681/740 1186/2728/740 1168/2682/740
f 1163/2671/741 1183/2720/741 1164/2673/741
f 1190/2739/742 1189/2736/742 1208/2783/742
f 1192/2744/743 1194/2750/743 1193/2747/743
f 1196/2754/744 1195/2751/744 1193/2746/744
f 1201/2766/745 1200/2764/745 1198/2758/745
f 1205/2776/746 1204/2774/746 1202/2768/746
f 1207/2781/747 1206/2779/747 1204/2774/747
f 1209/2787/748 1208/2784/748 1206/2778/748
f 1190/2741/749 1210/2791/749 1211/2794/749
f 1209/2789/750 1210/2791/750 1190/2741/750
f 1191/2743/751 1215/2808/751 1194/2749/751
f 1201/2767/752 1216/2809/752 1213/2802/752
f 1194/2749/753 1215/2808/753 1212/2798/753
f 1194/2749/754 1212/2798/754 1196/2755/754
f 1199/2763/755 1216/2809/755 1201/2767/755
f 10/29/756 9/26/756 12/33/756
f 1212/2795/757 1220/2816/757 1221/2819/757
f 1213/2799/758 1226/2829/758 1214/2803/758
f 1212/2795/759 1221/2819/759 1222/2821/759
f 1212/2796/760 1222/2822/760 1223/2823/760
f 1210/2790/761 1217/2812/761 1211/2792/761
f 1215/2807/762 1219/2815/762 1220/2818/762
f 1211/2792/763 1217/2812/763 1218/2814/763
f 1223/2824/764 1224/2826/764 1216/2810/764
f 1211/2793/765 1218/2813/765 1215/2807/765
f 1215/2807/766 1218/2813/766 1219/2815/766
f 1225/2828/767 1238/2852/767 1226/2830/767
f 1221/2820/768 1233/2845/768 1222/2822/768
f 1222/2822/769 1234/2846/769 1223/2823/769
f 1224/2826/770 1235/2847/770 1236/2849/770
f 1218/2813/771 1231/2842/771 1219/2815/771
f 1224/2826/772 1236/2849/772 1225/2828/772
f 1233/2845/773 1246/2863/773 1234/2846/773
f 1236/2849/774 1249/2867/774 1237/2850/774
f 1231/2842/775 1244/2860/775 1232/2843/775
f 1242/2857/776 1263/2899/776 1243/2859/776
f 1252/2871/777 1262/2896/777 1241/2856/777
f 1243/2859/778 1264/2902/778 1244/2860/778
f 1250/2868/779 1270/2917/779 1251/2870/779
f 1246/2863/780 1266/2907/780 1247/2864/780
f 1259/2888/781 1276/2932/781 1260/2891/781
f 1255/2878/782 1273/2924/782 1256/2881/782
f 1256/2881/783 1273/2924/783 1274/2927/783
f 1260/2891/784 1277/2935/784 1261/2893/784
f 1256/2881/785 1274/2927/785 1257/2883/785
f 1253/2873/429 1271/2920/429 1254/2876/429
f 1261/2894/430 1278/2938/430 1253/2874/430
f 1254/2876/786 1272/2922/786 1255/2879/786
f 1280/2942/787 1282/2947/787 1281/2944/787
f 1284/2952/788 1286/2958/788 1285/2954/788
f 1289/2965/789 1288/2962/789 1285/2955/789
f 1292/2972/790 1294/2977/790 1293/2975/790
f 1296/2982/791 1295/2979/791 1293/2974/791
f 1298/2986/792 1297/2984/792 1295/2979/792
f 1299/2988/793 1300/2991/793 1297/2984/793
f 1305/3008/794 1317/3040/794 1306/3012/794
f 1294/2978/795 1307/3017/795 1296/2983/795
f 1286/2957/796 1304/3004/796 1287/2959/796
f 1283/2951/797 1303/3002/797 1286/2957/797
f 1287/2959/798 1304/3004/798 1289/2964/798
f 1291/2969/799 1305/3010/799 1306/3014/799
f 1299/2990/800 1301/2995/800 1279/2941/800
f 1286/2957/801 1303/3002/801 1304/3004/801
f 1306/3013/802 1317/3041/802 1311/3026/802
f 1307/3016/803 1319/3046/803 1320/3049/803
f 1305/3009/804 1316/3036/804 1317/3042/804
f 1301/2994/805 1321/3051/805 1322/3053/805
f 1309/3022/806 1314/3033/806 1310/3025/806
f 1317/3044/807 1318/3045/807 1311/3027/807
f 1312/3029/808 1323/3056/808 1324/3058/808
f 1321/3052/809 1332/3069/809 1322/3054/809
f 1316/3039/810 1328/3063/810 1317/3043/810
f 1309/3022/811 1325/3059/811 1314/3033/811
f 1333/3071/812 1355/3113/812 1356/3115/812
f 1331/3068/813 1342/3084/813 1332/3069/813
f 1328/3064/814 1339/3080/814 1329/3065/814
f 1324/3057/815 1334/3073/815 1325/3059/815
f 1323/3056/816 1344/3087/816 1333/3071/816
f 1326/3060/817 1336/3075/817 1327/3062/817
f 1330/3066/818 1341/3082/818 1342/3084/818
f 1330/3066/819 1342/3084/819 1331/3068/819
f 1333/3071/820 1356/3115/820 1334/3072/820
f 1343/3085/821 1365/3137/821 1344/3087/821
f 1334/3073/822 1356/3116/822 1357/3118/822
f 1334/3073/823 1357/3118/823 1335/3074/823
f 1339/3080/824 1362/3130/824 1340/3081/824
f 1340/3081/825 1363/3132/825 1341/3083/825
f 1341/3082/826 1363/3133/826 1342/3084/826
f 1336/3075/827 1359/3123/827 1337/3077/827
f 1346/3092/828 1356/3117/828 1355/3114/828
f 1350/3101/606 1360/3125/606 1349/3099/606
f 1350/3101/829 1361/3127/829 1360/3125/829
f 1350/3101/830 1362/3131/830 1361/3127/830
f 1351/3104/831 1363/3134/831 1362/3131/831
f 1352/3107/832 1363/3134/832 1351/3104/832
f 1345/3089/6 1365/3138/6 1354/3112/6
f 1367/3143/833 1345/3090/833 1366/3140/833
f 1350/3102/834 1370/3153/834 1351/3103/834
f 1347/3093/835 1368/3146/835 1348/3096/835
f 1351/3105/836 1371/3155/836 1352/3106/836
f 1352/3106/837 1371/3155/837 1353/3108/837
f 1348/3096/838 1369/3148/838 1349/3098/838
f 1353/3109/839 1371/3154/839 1366/3141/839
f 1353/3109/840 1366/3141/840 1354/3111/840
f 1354/3111/841 1366/3141/841 1345/3088/841
f 1346/3091/842 1367/3143/842 1347/3094/842
f 1377/3170/843 1376/3167/843 1374/3161/843
f 1378/3171/844 1380/3176/844 1379/3174/844
f 1382/3181/845 1385/3189/845 1384/3187/845
f 1387/3194/846 1386/3191/846 1384/3187/846
f 1389/3199/847 1388/3197/847 1386/3192/847
f 1388/3197/848 1391/3205/848 1390/3201/848
f 1396/3219/849 1387/3196/849 1385/3190/849
f 1377/3169/850 1392/3208/850 1393/3210/850
f 1381/3179/851 1394/3213/851 1383/3186/851
f 1387/3196/852 1397/3221/852 1398/3222/852
f 1391/3206/853 1399/3226/853 1411/3250/853
f 1387/3196/854 1398/3222/854 1389/3200/854
f 1373/3160/855 1392/3208/855 1375/3164/855
f 1380/3177/856 1395/3215/856 1381/3179/856
f 1377/3169/857 1393/3210/857 1380/3177/857
f 1389/3200/858 1398/3222/858 1399/3226/858
f 1375/3164/859 1392/3208/859 1377/3169/859
f 1392/3208/860 1401/3230/860 1402/3232/860
f 1392/3207/861 1402/3233/861 1393/3209/861
f 1393/3209/862 1402/3233/862 1403/3235/862
f 1393/3210/863 1403/3234/863 1395/3215/863
f 1394/3211/864 1406/3239/864 1407/3241/864
f 1396/3218/865 1408/3244/865 1397/3220/865
f 1397/3220/866 1409/3246/866 1398/3223/866
f 1398/3224/867 1409/3245/867 1410/3247/867
f 1395/3217/868 1405/3238/868 1406/3240/868
f 1398/3224/869 1410/3247/869 1399/3225/869
f 1399/3225/870 1410/3247/870 1411/3249/870
f 1409/3245/871 1419/3261/871 1420/3263/871
f 1404/3236/872 1415/3256/872 1405/3238/872
f 1410/3247/873 1421/3264/873 1411/3249/873
f 1400/3227/874 1412/3251/874 1401/3229/874
f 1411/3248/875 1422/3266/875 1400/3227/875
f 1415/3256/876 1428/3274/876 1416/3257/876
f 1420/3263/877 1432/3280/877 1421/3264/877
f 1421/3264/878 1433/3282/878 1422/3265/878
f 1416/3257/879 1429/3276/879 1417/3258/879
f 1417/3259/880 1430/3277/880 1418/3260/880
f 1418/3260/881 1430/3277/881 1431/3278/881
f 1414/3254/882 1426/3271/882 1427/3272/882
f 1433/3281/883 1454/3332/883 1445/3311/883
f 1429/3275/884 1450/3323/884 1430/3277/884
f 1425/3270/885 1446/3312/885 1447/3315/885
f 1430/3277/886 1451/3325/886 1431/3278/886
f 1425/3270/887 1447/3315/887 1426/3271/887
f 1426/3271/888 1448/3317/888 1427/3272/888
f 1427/3273/889 1449/3320/889 1428/3274/889
f 1434/3283/890 1446/3313/890 1445/3310/890
f 1438/3293/891 1449/3321/891 1437/3291/891
f 1438/3293/892 1450/3322/892 1449/3321/892
f 1439/3296/221 1450/3322/221 1438/3293/221
f 1440/3298/260 1450/3322/260 1439/3296/260
f 1440/3298/732 1451/3326/732 1450/3322/732
f 1441/3302/893 1451/3326/893 1440/3298/893
f 1443/3306/42 1453/3331/42 1442/3304/42
f 1444/3308/894 1445/3310/894 1454/3334/894
f 1434/3283/895 1445/3310/895 1444/3308/895
f 1439/3297/896 1458/3344/896 1459/3346/896
f 1440/3299/897 1460/3349/897 1441/3301/897
f 1436/3288/898 1457/3340/898 1437/3290/898
f 1441/3301/899 1461/3351/899 1442/3303/899
f 1437/3292/900 1458/3343/900 1438/3294/900
f 1442/3303/901 1461/3351/901 1443/3305/901
f 1443/3307/902 1462/3354/902 1444/3309/902
f 1439/3297/903 1459/3346/903 1440/3300/903
f 1435/3287/904 1456/3339/904 1436/3288/904
f 1464/3358/905 1465/3360/905 1466/3363/905
f 1469/3371/906 1468/3369/906 1466/3364/906
f 1471/3376/907 1470/3373/907 1468/3368/907
f 1473/3382/908 1472/3378/908 1470/3373/908
f 1475/3388/909 1474/3384/909 1472/3379/909
f 1474/3385/910 1477/3393/910 1476/3391/910
f 1479/3397/911 1478/3395/911 1476/3390/911
f 1463/3356/912 1482/3407/912 1465/3362/912
f 1475/3389/913 1485/3416/913 1489/3431/913
f 1471/3377/914 1483/3411/914 1484/3412/914
f 1481/3404/915 1499/3458/915 1500/3461/915
f 1473/3383/916 1485/3416/916 1475/3389/916
f 1479/3399/917 1486/3420/917 1499/3458/917
f 1471/3377/918 1484/3412/918 1473/3383/918
f 1477/3394/919 1489/3431/919 1486/3420/919
f 1500/3460/920 1487/3425/920 1482/3406/920
f 1483/3408/921 1492/3438/921 1488/3426/921
f 1482/3407/922 1490/3433/922 1491/3437/922
f 1496/3451/923 1497/3454/923 1498/3457/923
f 1497/3454/924 1508/3474/924 1509/3476/924
f 1493/3443/925 1504/3468/925 1505/3470/925
f 1498/3457/926 1509/3476/926 1510/3477/926
f 1493/3443/927 1505/3470/927 1494/3447/927
f 1498/3457/928 1510/3477/928 1499/3459/928
f 1494/3447/929 1505/3470/929 1506/3471/929
f 1494/3447/930 1506/3471/930 1495/3448/930
f 1490/3434/931 1502/3466/931 1491/3435/931
f 1491/3436/932 1502/3465/932 1503/3467/932
f 1500/3460/933 1501/3463/933 1487/3425/933
f 1496/3453/934 1507/3473/934 1508/3475/934
f 1492/3439/935 1504/3468/935 1493/3443/935
f 1505/3470/936 1516/3485/936 1506/3471/936
f 1501/3463/937 1511/3478/937 1502/3466/937
f 1502/3465/938 1512/3480/938 1503/3467/938
f 1507/3473/939 1519/3489/939 1508/3475/939
f 1508/3474/940 1520/3491/940 1509/3476/940
f 1519/3489/941 1540/3538/941 1520/3490/941
f 1516/3485/942 1537/3531/942 1538/3532/942
f 1516/3485/943 1538/3532/943 1517/3486/943
f 1524/3499/828 1534/3524/828 1533/3521/828
f 1527/3505/259 1536/3528/259 1526/3502/259
f 1527/3505/944 1537/3530/944 1536/3528/944
f 1527/3505/945 1538/3533/945 1537/3530/945
f 1528/3508/552 1538/3533/552 1527/3505/552
f 1529/3511/41 1539/3535/41 1528/3508/41
f 1530/3513/893 1540/3537/893 1529/3511/893
f 1530/3513/946 1541/3541/946 1540/3537/946
f 1531/3516/947 1541/3541/947 1530/3513/947
f 1525/3500/948 1545/3550/948 1526/3503/948
f 1529/3510/949 1548/3559/949 1530/3514/949
f 1523/3495/950 1544/3547/950 1524/3498/950
f 1531/3515/951 1549/3561/951 1532/3518/951
f 1527/3506/952 1547/3557/952 1528/3509/952
f 1532/3518/953 1544/3548/953 1523/3496/953
f 1524/3498/954 1545/3550/954 1525/3500/954
f 1550/3564/955 1553/3572/955 1552/3570/955
f 1552/3570/956 1554/3574/956 1555/3576/956
f 1555/3577/957 1557/3582/957 1556/3580/957
f 1564/3599/958 1563/3596/958 1562/3594/958
f 1569/3611/959 1568/3608/959 1566/3604/959
f 1551/3568/960 1550/3565/960 1568/3609/960
f 1559/3586/961 1571/3619/961 1583/3652/961
f 1567/3606/962 1574/3629/962 1569/3613/962
f 1583/3654/963 1575/3634/963 1572/3624/963
f 1578/3640/964 1579/3643/964 1570/3614/964
f 1570/3615/965 1579/3642/965 1581/3645/965
f 1570/3616/966 1581/3646/966 1571/3618/966
f 1580/3644/967 1592/3674/967 1581/3648/967
f 1581/3649/968 1593/3675/968 1582/3651/968
f 1582/3651/969 1593/3675/969 1594/3676/969
f 1586/3663/970 1598/3683/970 1587/3664/970
f 1582/3651/971 1594/3676/971 1583/3653/971
f 1587/3665/972 1598/3682/972 1588/3668/972
f 1588/3668/973 1589/3669/973 1576/3636/973
f 1599/3684/974 1620/3726/974 1600/3685/974
f 1598/3682/975 1609/3700/975 1589/3669/975
f 1595/3678/976 1605/3693/976 1606/3695/976
f 1592/3673/977 1602/3688/977 1603/3690/977
f 1608/3699/978 1630/3752/978 1619/3723/978
f 1600/3685/979 1620/3726/979 1621/3728/979
f 1600/3686/980 1621/3729/980 1601/3687/980
f 1609/3700/981 1619/3724/981 1599/3684/981
f 1601/3687/982 1621/3729/982 1622/3733/982
f 1605/3693/983 1627/3746/983 1606/3695/983
f 1602/3688/984 1623/3736/984 1603/3690/984
f 1612/3706/491 1621/3730/491 1611/3704/491
f 1612/3706/985 1622/3732/985 1621/3730/985
f 1615/3713/606 1625/3741/606 1614/3711/606
f 1615/3713/986 1626/3742/986 1625/3741/986
f 1615/3713/987 1627/3745/987 1626/3742/987
f 1616/3715/41 1627/3745/41 1615/3713/41
f 1617/3718/988 1629/3751/988 1628/3748/988
f 1618/3722/989 1629/3751/989 1617/3718/989
f 1622/3731/990 1633/3759/990 1613/3708/990
f 1617/3719/991 1637/3772/991 1618/3720/991
f 1613/3708/992 1634/3763/992 1614/3710/992
f 1610/3701/993 1631/3754/993 1611/3705/993
f 1618/3721/994 1638/3773/994 1610/3702/994
f 1611/3705/995 1632/3757/995 1612/3707/995
f 1641/3779/996 1642/3782/996 1639/3775/996
f 1644/3787/997 1645/3789/997 1646/3791/997
f 1649/3799/998 1648/3797/998 1646/3792/998
f 1652/3807/999 1653/3809/999 1651/3803/999
f 1654/3811/1000 1655/3814/1000 1653/3809/1000
f 1657/3819/1001 1659/3825/1001 1658/3822/1001
f 1658/3822/1002 1640/3777/1002 1639/3775/1002
f 1664/3839/1003 1643/3785/1003 1641/3781/1003
f 1654/3813/1004 1667/3846/1004 1656/3817/1004
f 1659/3826/1005 1668/3848/1005 1661/3831/1005
f 1643/3785/1006 1665/3841/1006 1645/3790/1006
f 1656/3817/1007 1667/3846/1007 1668/3848/1007
f 1650/3801/1008 1660/3827/1008 1652/3808/1008
f 1676/3865/1009 1686/3879/1009 1687/3880/1009
f 1675/3863/1010 1676/3865/1010 1667/3845/1010
f 1665/3840/1011 1670/3852/1011 1671/3854/1011
f 1665/3840/1012 1671/3854/1012 1666/3842/1012
f 1667/3847/1013 1677/3866/1013 1668/3849/1013
f 1662/3834/1014 1669/3851/1014 1663/3836/1014
f 1668/3849/1015 1677/3866/1015 1678/3867/1015
f 1663/3836/1016 1669/3851/1016 1664/3837/1016
f 1664/3838/1017 1670/3852/1017 1665/3840/1017
f 1677/3866/1018 1688/3883/1018 1678/3867/1018
f 1678/3868/1019 1679/3869/1019 1662/3834/1019
f 1674/3861/1020 1685/3878/1020 1675/3863/1020
f 1683/3875/1021 1694/3891/1021 1684/3876/1021
f 1686/3879/1022 1697/3895/1022 1687/3880/1022
f 1695/3892/1023 1716/3940/1023 1696/3894/1023
f 1691/3887/1024 1712/3931/1024 1692/3888/1024
f 1692/3888/1025 1713/3932/1025 1693/3890/1025
f 1697/3895/1026 1718/3944/1026 1698/3896/1026
f 1698/3897/1027 1719/3947/1027 1699/3898/1027
f 1694/3891/550 1715/3938/550 1695/3893/550
f 1701/3903/1028 1711/3927/1028 1700/3901/1028
f 1702/3906/260 1712/3930/260 1701/3903/260
f 1702/3906/1029 1713/3933/1029 1712/3930/1029
f 1704/3910/1030 1715/3937/1030 1714/3935/1030
f 1705/3913/363 1716/3941/363 1715/3937/363
f 1706/3916/99 1716/3941/99 1705/3913/99
f 1707/3919/1031 1717/3942/1031 1706/3916/1031
f 1707/3919/1032 1718/3946/1032 1717/3942/1032
f 1709/3924/1033 1710/3925/1033 1720/3951/1033
f 1706/3917/1034 1726/3966/1034 1707/3918/1034
f 1707/3918/1035 1726/3966/1035 1708/3921/1035
f 1708/3920/1036 1727/3969/1036 1709/3923/1036
f 1700/3902/1037 1722/3955/1037 1701/3904/1037
f 1709/3923/1038 1721/3953/1038 1700/3900/1038
f 1705/3914/1039 1725/3964/1039 1706/3915/1039
f 1729/3974/1040 1728/3972/1040 1746/4016/1040
f 1728/3971/1041 1731/3979/1041 1730/3976/1041
f 1733/3983/1042 1735/3989/1042 1734/3986/1042
f 1734/3986/1043 1737/3993/1043 1736/3991/1043
f 1739/3999/1044 1738/3995/1044 1736/3991/1044
f 1741/4003/1045 1744/4011/1045 1743/4008/1045
f 1747/4018/1046 1745/4013/1046 1743/4008/1046
f 1745/4014/1047 1747/4019/1047 1746/4016/1047
f 1737/3994/1048 1751/4028/1048 1761/4054/1048
f 1732/3981/1049 1749/4023/1049 1758/4047/1049
f 1732/3981/1050 1758/4047/1050 1735/3990/1050
f 1747/4020/1051 1750/4025/1051 1729/3975/1051
f 1735/3990/1052 1758/4047/1052 1759/4049/1052
f 1754/4034/1053 1765/4062/1053 1755/4038/1053
f 1753/4033/1054 1763/4059/1054 1754/4036/1054
f 1759/4050/1055 1760/4052/1055 1751/4027/1055
f 1754/4034/1056 1764/4061/1056 1765/4062/1056
f 1752/4029/1057 1761/4053/1057 1762/4057/1057
f 1750/4026/1058 1766/4064/1058 1756/4042/1058
f 1752/4030/1059 1762/4058/1059 1753/4033/1059
f 1756/4042/1060 1767/4065/1060 1768/4067/1060
f 1756/4042/1061 1768/4067/1061 1757/4043/1061
f 1762/4058/1062 1773/4074/1062 1774/4075/1062
f 1771/4071/1063 1784/4089/1063 1772/4073/1063
f 1776/4078/1064 1790/4097/1064 1777/4079/1064
f 1773/4074/1065 1786/4092/1065 1774/4075/1065
f 1769/4068/1066 1781/4085/1066 1770/4070/1066
f 1770/4069/1067 1782/4087/1067 1771/4071/1067
f 1785/4091/1068 1807/4139/1068 1786/4092/1068
f 1781/4085/1069 1804/4133/1069 1782/4086/1069
f 1782/4087/1070 1805/4134/1070 1783/4088/1070
f 1783/4088/1071 1805/4134/1071 1784/4089/1071
f 1789/4096/1072 1810/4146/1072 1790/4097/1072
f 1784/4089/1073 1806/4137/1073 1785/4090/1073
f 1792/4102/1074 1801/4125/1074 1791/4100/1074
f 1793/4105/1075 1804/4132/1075 1803/4129/1075
f 1794/4107/423 1804/4132/423 1793/4105/423
f 1795/4110/42 1805/4135/42 1794/4107/42
f 1791/4100/1076 1801/4125/1076 1811/4150/1076
f 1793/4104/1077 1814/4156/1077 1794/4108/1077
f 1799/4119/1078 1818/4168/1078 1800/4123/1078
f 1791/4099/1079 1812/4151/1079 1792/4103/1079
f 1796/4113/1080 1816/4163/1080 1797/4115/1080
f 1840/4222/1081 1822/4177/1081 1820/4172/1081
f 1820/4173/1082 1822/4178/1082 1821/4175/1082
f 1824/4182/1083 1826/4187/1083 1825/4184/1083
f 1829/4194/1084 1828/4192/1084 1825/4185/1084
f 1828/4192/1085 1831/4200/1085 1830/4196/1085
f 1830/4197/1086 1832/4202/1086 1833/4204/1086
f 1833/4204/1087 1835/4209/1087 1834/4206/1087
f 1839/4219/1088 1838/4216/1088 1836/4212/1088
f 1819/4170/1089 1840/4222/1089 1838/4217/1089
f 1822/4179/1090 1846/4237/1090 1823/4180/1090
f 1819/4171/1091 1845/4235/1091 1822/4179/1091
f 1826/4188/1092 1841/4224/1092 1827/4191/1092
f 1835/4210/1093 1843/4229/1093 1837/4215/1093
f 1823/4180/1094 1847/4241/1094 1826/4188/1094
f 1831/4201/1095 1848/4244/1095 1849/4245/1095
f 1831/4201/1096 1849/4245/1096 1832/4203/1096
f 1841/4224/1097 1847/4241/1097 1853/4253/1097
f 1860/4269/1098 1861/4273/1098 1844/4233/1098
f 1857/4263/1099 1869/4284/1099 1858/4266/1099
f 1847/4240/1100 1852/4251/1100 1853/4254/1100
f 1844/4233/1101 1850/4248/1101 1845/4236/1101
f 1848/4243/1102 1854/4257/1102 1849/4247/1102
f 1849/4246/1103 1855/4259/1103 1856/4261/1103
f 1858/4264/1104 1870/4286/1104 1859/4268/1104
f 1859/4268/1105 1871/4287/1105 1860/4271/1105
f 1850/4248/1106 1862/4274/1106 1863/4275/1106
f 1850/4248/1107 1863/4275/1107 1851/4249/1107
f 1855/4259/1108 1868/4283/1108 1856/4261/1108
f 1862/4274/1109 1873/4290/1109 1863/4275/1109
f 1867/4282/1110 1878/4297/1110 1879/4298/1110
f 1867/4281/1111 1879/4299/1111 1868/4283/1111
f 1864/4277/1112 1875/4293/1112 1876/4295/1112
f 1864/4277/1113 1876/4295/1113 1865/4279/1113
f 1865/4278/1114 1876/4294/1114 1866/4280/1114
f 1882/4303/1115 1903/4355/1115 1883/4305/1115
f 1878/4297/1116 1899/4345/1116 1879/4298/1116
f 1873/4290/1117 1895/4334/1117 1874/4291/1117
f 1883/4304/1118 1894/4331/1118 1873/4290/1118
f 1874/4292/1119 1896/4336/1119 1875/4293/1119
f 1880/4300/1120 1901/4348/1120 1881/4302/1120
f 1876/4294/1121 1897/4338/1121 1898/4341/1121
f 1876/4294/1122 1898/4341/1122 1877/4296/1122
f 1885/4309/1123 1895/4333/1123 1894/4332/1123
f 1885/4309/1124 1896/4337/1124 1895/4333/1124
f 1890/4321/893 1899/4344/893 1889/4320/893
f 1890/4321/6 1900/4346/6 1899/4344/6
f 1892/4326/1125 1901/4349/1125 1891/4323/1125
f 1893/4329/1126 1903/4354/1126 1902/4351/1126
f 1884/4308/1127 1894/4332/1127 1903/4354/1127
f 1886/4311/1128 1905/4360/1128 1887/4313/1128
f 1887/4314/1129 1906/4362/1129 1888/4316/1129
f 1892/4327/160 1909/4370/160 1893/4328/160
f 1888/4317/1130 1906/4363/1130 1889/4319/1130
f 1884/4306/1131 1904/4357/1131 1885/4310/1131
f 1893/4330/1132 1910/4373/1132 1884/4307/1132
f 1889/4319/1133 1907/4365/1133 1890/4322/1133
f 1885/4310/1134 1905/4360/1134 1886/4311/1134
f 1917/4390/1135 1916/4387/1135 1914/4383/1135
f 1921/4399/1136 1924/4408/1136 1923/4406/1136
f 1927/4414/1137 1926/4412/1137 1923/4405/1137
f 1932/4426/1138 1930/4421/1138 1928/4417/1138
f 1932/4427/1139 1931/4424/1139 1930/4422/1139
f 1939/4453/1140 1947/4473/1140 1936/4439/1140
f 1920/4397/1141 1945/4468/1141 1939/4451/1141
f 1913/4380/1142 1934/4431/1142 1915/4385/1142
f 1911/4376/1143 1933/4429/1143 1913/4380/1143
f 1915/4385/1144 1934/4431/1144 1935/4437/1144
f 1920/4397/1145 1939/4451/1145 1922/4403/1145
f 1927/4416/1146 1937/4445/1146 1938/4448/1146
f 1913/4380/1147 1933/4429/1147 1934/4431/1147
f 1915/4385/1148 1935/4437/1148 1917/4392/1148
f 1922/4403/1149 1939/4451/1149 1936/4441/1149
f 1927/4416/1150 1938/4448/1150 1929/4419/1150
f 1918/4394/1151 1945/4468/1151 1920/4397/1151
f 1922/4403/1152 1936/4441/1152 1924/4409/1152
f 1933/4429/1153 1952/4488/1153 1940/4454/1153
f 1936/4440/1154 1947/4472/1154 1948/4476/1154
f 1937/4443/1155 1950/4480/1155 1938/4447/1155
f 1940/4455/1156 1941/4460/1156 1942/4462/1156
f 1946/4471/1157 1957/4496/1157 1958/4497/1157
f 1942/4462/1158 1955/4493/1158 1943/4464/1158
f 1948/4477/1159 1959/4499/1159 1960/4500/1159
f 1948/4477/1160 1960/4500/1160 1949/4479/1160
f 1964/4506/1161 1986/4549/1161 1965/4508/1161
f 1957/4496/1162 1969/4513/1162 1970/4515/1162
f 1957/4496/1163 1970/4515/1163 1958/4497/1163
f 1954/4491/1164 1965/4507/1164 1966/4509/1164
f 1954/4491/1165 1966/4509/1165 1955/4493/1165
f 1960/4500/1166 1972/4517/1166 1973/4519/1166
f 1960/4500/1167 1973/4519/1167 1961/4502/1167
f 1965/4507/1168 1987/4551/1168 1966/4509/1168
f 1971/4516/1169 1992/4563/1169 1972/4517/1169
f 1967/4510/1170 1988/4555/1170 1968/4511/1170
f 1968/4512/1171 1989/4556/1171 1969/4513/1171
f 1977/4527/1172 1986/4548/1172 1976/4524/1172
f 1978/4528/260 1987/4552/260 1977/4527/260
f 1979/4531/893 1988/4554/893 1978/4528/893
f 1981/4535/1173 1989/4557/1173 1980/4533/1173
f 1981/4535/1174 1990/4559/1174 1989/4557/1174
f 1982/4538/1175 1990/4559/1175 1981/4535/1175
f 1984/4543/221 1993/4567/221 1983/4541/221
f 1976/4524/1176 1986/4548/1176 1995/4572/1176
f 1978/4529/1177 1997/4577/1177 1979/4530/1177
f 1983/4540/1178 2000/4585/1178 1984/4544/1178
f 1980/4534/1179 1998/4581/1179 1981/4536/1179
f 1976/4523/1180 1996/4574/1180 1977/4526/1180
f 1977/4526/1181 1996/4574/1181 1978/4529/1181
f 2006/4599/1182 2005/4596/1182 2004/4594/1182
f 2012/4614/1183 2011/4611/1183 2010/4608/1183
f 2016/4625/1184 2015/4621/1184 2014/4618/1184
f 2015/4622/1185 2018/4632/1185 2017/4629/1185
f 2017/4628/1186 2020/4636/1186 2019/4633/1186
f 2022/4641/1187 2021/4639/1187 2019/4633/1187
f 2021/4638/1188 2024/4646/1188 2023/4643/1188
f 2003/4592/1189 2028/4660/1189 2006/4601/1189
f 2009/4606/1190 2030/4666/1190 2012/4615/1190
f 2018/4631/1191 2026/4655/1191 2027/4656/1191
f 2020/4637/1192 2040/4690/1192 2022/4642/1192
f 2018/4631/1193 2027/4656/1193 2020/4637/1193
f 2016/4627/1194 2026/4655/1194 2018/4631/1194
f 2026/4652/1195 2032/4669/1195 2038/4683/1195
f 2026/4653/1196 2031/4668/1196 2032/4670/1196
f 2039/4687/1197 2049/4706/1197 2050/4707/1197
f 2034/4673/1198 2035/4678/1198 2030/4664/1198
f 2030/4665/1199 2035/4679/1199 2031/4668/1199
f 2031/4668/1200 2036/4680/1200 2032/4670/1200
f 2028/4661/1201 2033/4672/1201 2025/4651/1201
f 2032/4670/1202 2036/4680/1202 2037/4682/1202
f 2032/4671/1203 2037/4681/1203 2038/4686/1203
f 2039/4689/1204 2050/4708/1204 2040/4691/1204
f 2040/4691/1205 2050/4708/1205 2051/4709/1205
f 2040/4691/1206 2051/4709/1206 2041/4693/1206
f 2025/4648/1207 2044/4698/1207 2029/4663/1207
f 2037/4681/1208 2048/4704/1208 2049/4706/1208
f 2029/4663/1209 2045/4700/1209 2034/4674/1209
f 2038/4686/1210 2049/4706/1210 2039/4687/1210
f 2034/4675/1211 2045/4701/1211 2035/4679/1211
f 2046/4702/1212 2057/4718/1212 2047/4703/1212
f 2043/4697/1213 2054/4714/1213 2044/4699/1213
f 2052/4710/1214 2063/4726/1214 2053/4712/1214
f 2052/4710/1215 2053/4712/1215 2043/4697/1215
f 2044/4698/1216 2054/4713/1216 2055/4715/1216
f 2048/4704/1217 2059/4720/1217 2049/4706/1217
f 2044/4698/1218 2055/4715/1218 2045/4700/1218
f 2045/4700/1219 2055/4715/1219 2056/4716/1219
f 2049/4706/1220 2061/4724/1220 2050/4707/1220
f 2050/4708/1221 2061/4723/1221 2062/4725/1221
f 2058/4719/1222 2080/4767/1222 2059/4721/1222
f 2063/4726/1223 2084/4778/1223 2053/4712/1223
f 2054/4713/1224 2076/4757/1224 2055/4715/1224
f 2059/4720/1225 2081/4770/1225 2060/4722/1225
f 2055/4715/1226 2077/4760/1226 2056/4716/1226
f 2060/4722/1227 2082/4772/1227 2061/4724/1227
f 2056/4717/1228 2078/4763/1228 2057/4718/1228
f 2061/4723/1229 2082/4773/1229 2062/4725/1229
f 2062/4725/1230 2083/4775/1230 2063/4727/1230
f 2066/4733/606 2076/4758/606 2065/4732/606
f 2067/4736/1231 2078/4764/1231 2077/4761/1231
f 2068/4739/551 2078/4764/551 2067/4736/551
f 2072/4749/42 2082/4774/42 2071/4746/42
f 2066/4734/1232 2086/4784/1232 2067/4735/1232
f 2071/4745/781 2089/4791/781 2072/4748/781
f 2072/4748/784 2090/4794/784 2073/4750/784
f 2068/4738/1233 2087/4786/1233 2069/4741/1233
f 2064/4728/1234 2085/4781/1234 2065/4731/1234
f 2073/4751/1235 2091/4797/1235 2074/4753/1235
f 2069/4741/1133 2088/4789/1133 2070/4744/1133
f 2065/4731/1236 2085/4781/1236 2066/4734/1236
f 2092/4799/1237 2095/4809/1237 2094/4806/1237
f 2094/4807/1238 2095/4810/1238 2096/4812/1238
f 2100/4821/1239 2098/4816/1239 2096/4812/1239
f 2100/4822/1240 2099/4819/1240 2098/4817/1240
f 2102/4826/1241 2101/4824/1241 2099/4819/1241
f 2101/4824/1242 2104/4832/1242 2103/4828/1242
f 2103/4829/1243 2106/4836/1243 2105/4834/1243
f 2105/4834/1087 2108/4841/1087 2107/4838/1087
f 2112/4850/1244 2111/4848/1244 2109/4844/1244
f 2113/4852/1245 2093/4803/1245 2092/4800/1245
f 2095/4811/1246 2114/4855/1246 2119/4871/1246
f 2093/4805/1247 2123/4882/1247 2114/4855/1247
f 2108/4843/1248 2117/4867/1248 2110/4846/1248
f 2093/4805/1249 2114/4855/1249 2095/4811/1249
f 2097/4815/1250 2119/4871/1250 2115/4860/1250
f 2097/4815/1251 2115/4860/1251 2100/4823/1251
f 2110/4846/1252 2118/4870/1252 2112/4851/1252
f 2115/4860/1253 2119/4871/1253 2120/4873/1253
f 2117/4865/1254 2131/4898/1254 2132/4900/1254
f 2123/4880/1255 2125/4886/1255 2114/4856/1255
f 2119/4872/1256 2127/4891/1256 2120/4874/1256
f 2121/4876/1257 2128/4892/1257 2129/4895/1257
f 2129/4893/1258 2130/4896/1258 2122/4879/1258
f 2123/4880/1259 2124/4884/1259 2125/4886/1259
f 2127/4890/1260 2138/4914/1260 2128/4892/1260
f 2132/4904/1261 2143/4922/1261 2133/4905/1261
f 2128/4892/1262 2138/4914/1262 2139/4916/1262
f 2128/4892/1263 2139/4916/1263 2129/4895/1263
f 2133/4905/1264 2143/4922/1264 2144/4923/1264
f 2133/4905/1265 2144/4923/1265 2134/4908/1265
f 2126/4888/1266 2136/4911/1266 2137/4913/1266
f 2130/4896/1267 2140/4917/1267 2141/4919/1267
f 2127/4891/1268 2137/4913/1268 2138/4915/1268
f 2144/4923/1269 2157/4942/1269 2145/4924/1269
f 2139/4916/1270 2152/4934/1270 2140/4918/1270
f 2136/4911/1271 2147/4927/1271 2148/4929/1271
f 2145/4925/1272 2146/4926/1272 2135/4910/1272
f 2140/4917/1273 2153/4936/1273 2141/4919/1273
f 2141/4919/1274 2153/4936/1274 2154/4937/1274
f 2147/4927/1275 2170/4973/1275 2148/4929/1275
f 2148/4929/1276 2171/4975/1276 2149/4930/1276
f 2154/4937/1277 2175/4985/1277 2155/4939/1277
f 2155/4938/1278 2176/4989/1278 2156/4940/1278
f 2150/4932/1279 2172/4978/1279 2151/4933/1279
f 2151/4933/1280 2173/4980/1280 2152/4934/1280
f 2159/4946/1281 2169/4970/1281 2158/4943/1281
f 2159/4946/1282 2170/4972/1282 2169/4970/1282
f 2160/4949/1283 2170/4972/1283 2159/4946/1283
f 2160/4949/1284 2171/4977/1284 2170/4972/1284
f 2163/4956/606 2173/4981/606 2162/4954/606
f 2163/4956/364 2174/4983/364 2173/4981/364
f 2168/4968/221 2177/4992/221 2167/4966/221
f 2158/4943/101 2169/4970/101 2168/4968/101
f 2164/4958/1285 2182/5004/1285 2165/4962/1285
f 2160/4950/1286 2180/5000/1286 2161/4952/1286
f 2166/4964/1287 2183/5008/1287 2167/4965/1287
f 2158/4944/1288 2178/4994/1288 2159/4947/1288
f 2162/4953/1289 2181/5002/1289 2163/4957/1289
f 2168/4969/1290 2184/5011/1290 2158/4945/1290
f 2163/4957/1291 2182/5005/1291 2164/4959/1291
f 2159/4947/786 2179/4997/786 2160/4948/786
f 2187/5016/1292 2190/5024/1292 2189/5022/1292
f 2192/5029/1293 2191/5027/1293 2189/5022/1293
f 2194/5034/1294 2193/5031/1294 2191/5026/1294
f 2196/5039/1295 2195/5037/1295 2193/5031/1295
f 2198/5044/1296 2197/5041/1296 2195/5036/1296
f 2200/5048/1297 2199/5046/1297 2197/5041/1297
f 2202/5053/1298 2201/5051/1298 2199/5046/1298
f 2201/5050/1299 2204/5058/1299 2203/5055/1299
f 2203/5055/1300 2206/5063/1300 2205/5061/1300
f 2205/5060/1301 2207/5066/1301 2185/5012/1301
f 2210/5074/1302 2221/5109/1302 2211/5078/1302
f 2202/5054/1303 2212/5085/1303 2204/5059/1303
f 2186/5014/1304 2208/5069/1304 2209/5071/1304
f 2207/5067/1305 2208/5069/1305 2186/5014/1305
f 2186/5014/1306 2209/5071/1306 2188/5020/1306
f 2190/5025/1307 2218/5102/1307 2192/5030/1307
f 2196/5040/1308 2210/5075/1308 2198/5045/1308
f 2194/5035/1309 2214/5089/1309 2210/5075/1309
f 2209/5073/1310 2217/5099/1310 2213/5086/1310
f 2212/5084/1311 2225/5122/1311 2215/5091/1311
f 2208/5068/1312 2216/5094/1312 2209/5070/1312
f 2223/5118/1313 2234/5137/1313 2224/5119/1313
f 2214/5088/1314 2218/5101/1314 2219/5105/1314
f 2214/5090/1315 2219/5106/1315 2220/5108/1315
f 2215/5091/1316 2225/5122/1316 2226/5124/1316
f 2221/5112/1317 2222/5114/1317 2223/5118/1317
f 2224/5121/1318 2234/5136/1318 2235/5138/1318
f 2224/5121/1319 2235/5138/1319 2225/5122/1319
f 2225/5122/1320 2235/5138/1320 2226/5124/1320
f 2216/5097/1321 2227/5126/1321 2217/5098/1321
f 2226/5123/1322 2236/5139/1322 2216/5097/1322
f 2216/5097/1323 2236/5139/1323 2227/5126/1323
f 2223/5118/1324 2233/5135/1324 2234/5137/1324
f 2237/5141/1325 2258/5182/1325 2238/5143/1325
f 2231/5132/1326 2243/5150/1326 2232/5134/1326
f 2227/5125/1327 2238/5142/1327 2228/5127/1327
f 2228/5127/1328 2238/5142/1328 2239/5144/1328
f 2233/5135/1329 2245/5153/1329 2234/5137/1329
f 2229/5129/1330 2240/5146/1330 2230/5130/1330
f 2234/5136/1331 2246/5155/1331 2235/5138/1331
f 2243/5149/1332 2264/5198/1332 2244/5151/1332
f 2238/5142/1333 2259/5184/1333 2239/5144/1333
f 2244/5151/1334 2264/5198/1334 2265/5200/1334
f 2239/5144/1335 2260/5187/1335 2240/5146/1335
f 2240/5145/1336 2261/5191/1336 2241/5147/1336
f 2245/5152/1337 2266/5203/1337 2246/5155/1337
f 2241/5147/1338 2262/5193/1338 2242/5148/1338
f 2247/5156/1339 2267/5205/1339 2268/5207/1339
f 2260/5188/1340 2259/5185/1340 2249/5159/1340
f 2253/5169/606 2263/5197/606 2252/5167/606
f 2273/5222/1341 2253/5170/1341 2272/5220/1341
f 2260/5186/1342 2270/5213/1342 2250/5162/1342
f 2250/5162/1343 2270/5213/1343 2251/5164/1343
f 2254/5171/1344 2274/5224/1344 2255/5174/1344
f 2255/5174/901 2274/5224/901 2256/5176/901
f 2251/5164/838 2271/5217/838 2252/5166/838
f 2256/5177/1345 2275/5227/1345 2257/5180/1345
f 2281/5241/1346 2280/5239/1346 2278/5234/1346
f 2283/5247/1347 2282/5243/1347 2280/5239/1347
f 2285/5251/1348 2284/5249/1348 2282/5244/1348
f 2289/5261/1349 2292/5269/1349 2291/5266/1349
f 2291/5266/1350 2294/5273/1350 2293/5271/1350
f 2293/5271/1351 2296/5279/1351 2295/5275/1351
f 2294/5274/1352 2304/5302/1352 2305/5303/1352
f 2277/5231/1353 2299/5287/1353 2297/5282/1353
f 2277/5231/1354 2297/5282/1354 2279/5238/1354
f 2292/5270/1355 2304/5302/1355 2294/5274/1355
f 2303/5297/1356 2314/5323/1356 2304/5300/1356
f 2309/5312/1357 2310/5317/1357 2298/5286/1357
f 2298/5284/1358 2310/5316/1358 2311/5318/1358
f 2299/5288/1359 2306/5307/1359 2297/5281/1359
f 2300/5289/1360 2308/5311/1360 2301/5291/1360
f 2303/5298/1361 2313/5322/1361 2314/5325/1361
f 2305/5304/1362 2315/5326/1362 2316/5328/1362
f 2311/5319/1363 2312/5321/1363 2302/5295/1363
f 2302/5294/1364 2312/5320/1364 2303/5298/1364
f 2325/5341/1365 2337/5359/1365 2326/5343/1365
f 2309/5312/1366 2320/5335/1366 2310/5317/1366
f 2314/5324/1367 2325/5341/1367 2315/5327/1367
f 2310/5317/1368 2321/5336/1368 2311/5319/1368
f 2316/5328/1369 2327/5344/1369 2299/5288/1369
f 2312/5320/1370 2322/5338/1370 2323/5339/1370
f 2299/5288/1371 2327/5344/1371 2317/5330/1371
f 2313/5322/1372 2323/5339/1372 2324/5340/1372
f 2328/5346/1373 2351/5392/1373 2329/5347/1373
f 2326/5343/1374 2338/5361/1374 2327/5345/1374
f 2321/5336/1375 2333/5353/1375 2322/5337/1375
f 2322/5338/1376 2334/5355/1376 2323/5339/1376
f 2323/5339/1377 2334/5355/1377 2335/5356/1377
f 2323/5339/1378 2335/5356/1378 2324/5340/1378
f 2319/5333/1379 2331/5351/1379 2320/5334/1379
f 2324/5340/1380 2336/5358/1380 2325/5342/1380
f 2339/5362/1381 2350/5389/1381 2328/5346/1381
f 2334/5355/1382 2356/5404/1382 2357/5406/1382
f 2331/5350/1383 2353/5396/1383 2354/5399/1383
f 2336/5357/1384 2358/5408/1384 2337/5359/1384
f 2341/5367/423 2351/5393/423 2340/5364/423
f 2344/5373/551 2354/5400/551 2343/5371/551
f 2345/5376/363 2355/5403/363 2344/5373/363
f 2346/5379/1385 2358/5409/1385 2357/5407/1385
f 2347/5381/260 2358/5409/260 2346/5379/260
f 2348/5384/891 2358/5409/891 2347/5381/891
f 2340/5364/42 2350/5390/42 2349/5386/42
f 2346/5378/1344 2366/5429/1344 2347/5382/1344
f 2347/5382/1386 2366/5429/1386 2348/5383/1386
f 2340/5365/1387 2361/5417/1387 2341/5366/1387
f 2349/5387/1388 2360/5413/1388 2340/5363/1388
f 2341/5366/1389 2361/5417/1389 2342/5368/1389
f 2368/5434/1390 2371/5442/1390 2370/5438/1390
f 2375/5452/1391 2374/5448/1391 2373/5446/1391
f 2379/5461/1392 2378/5458/1392 2376/5454/1392
f 2383/5470/1393 2382/5468/1393 2380/5463/1393
f 2384/5472/1394 2386/5478/1394 2385/5475/1394
f 2388/5483/1395 2387/5481/1395 2385/5475/1395
f 2390/5488/1396 2389/5485/1396 2387/5480/1396
f 2389/5485/1397 2369/5436/1397 2368/5434/1397
f 2371/5443/1398 2392/5494/1398 2372/5444/1398
f 2388/5484/1399 2397/5515/1399 2390/5489/1399
f 2372/5444/1400 2392/5494/1400 2375/5453/1400
f 2379/5460/1401 2394/5504/1401 2381/5467/1401
f 2390/5489/1402 2398/5518/1402 2369/5437/1402
f 2394/5502/1403 2407/5547/1403 2395/5506/1403
f 2392/5497/1404 2401/5526/1404 2402/5531/1404
f 2395/5507/1405 2407/5548/1405 2408/5551/1405
f 2394/5503/1406 2405/5540/1406 2406/5545/1406
f 2397/5514/1407 2410/5557/1407 2398/5519/1407
f 2391/5490/1408 2400/5524/1408 2401/5527/1408
f 2408/5552/1409 2418/5571/1409 2409/5556/1409
f 2408/5552/1410 2409/5556/1410 2399/5520/1410
f 2399/5520/1411 2409/5556/1411 2410/5559/1411
f 2410/5557/1412 2411/5560/1412 2398/5519/1412
f 2398/5519/1413 2411/5560/1413 2400/5525/1413
f 2403/5533/1414 2414/5565/1414 2415/5567/1414
f 2403/5533/1415 2415/5567/1415 2404/5537/1415
f 2404/5537/1416 2415/5567/1416 2405/5541/1416
f 2409/5556/1417 2419/5573/1417 2410/5559/1417
f 2405/5541/1418 2415/5567/1418 2416/5569/1418
f 2410/5557/1419 2420/5574/1419 2411/5560/1419
f 2405/5541/1420 2416/5569/1420 2406/5544/1420
f 2400/5525/1421 2412/5562/1421 2401/5529/1421
f 2415/5567/1422 2425/5582/1422 2426/5583/1422
f 2415/5567/1423 2426/5583/1423 2416/5569/1423
f 2416/5568/1424 2427/5585/1424 2417/5570/1424
f 2412/5561/1425 2422/5578/1425 2413/5564/1425
f 2413/5564/1426 2422/5578/1426 2423/5579/1426
f 2418/5571/1427 2430/5589/1427 2419/5573/1427
f 2432/5591/1428 2454/5644/1428 2433/5592/1428
f 2433/5593/1429 2444/5619/1429 2421/5576/1429
f 2423/5579/1430 2447/5626/1430 2424/5580/1430
f 2431/5590/1431 2453/5641/1431 2432/5591/1431
f 2426/5583/1432 2449/5632/1432 2427/5584/1432
f 2436/5599/1433 2446/5623/1433 2435/5597/1433
f 2436/5599/947 2447/5628/947 2446/5623/947
f 2438/5604/1434 2448/5629/1434 2437/5602/1434
f 2438/5604/1435 2449/5631/1435 2448/5629/1435
f 2439/5607/363 2449/5631/363 2438/5604/363
f 2439/5607/829 2450/5633/829 2449/5631/829
f 2439/5607/1436 2451/5636/1436 2450/5633/1436
f 2440/5609/1437 2452/5640/1437 2451/5636/1437
f 2441/5613/221 2452/5640/221 2440/5609/221
f 2443/5617/1438 2444/5620/1438 2454/5645/1438
f 2434/5594/895 2444/5620/895 2443/5617/895
f 2460/5660/1341 2439/5608/1341 2459/5658/1341
f 2436/5600/1439 2457/5651/1439 2437/5601/1439
f 2440/5610/1344 2461/5662/1344 2441/5612/1344
f 2437/5603/900 2458/5655/900 2438/5605/900
f 2441/5612/901 2461/5662/901 2442/5614/901
f 2442/5615/902 2462/5665/902 2443/5618/902
f 2435/5598/1440 2456/5650/1440 2436/5600/1440
f 2464/5669/1441 2466/5675/1441 2465/5672/1441
f 2465/5672/1442 2467/5677/1442 2468/5679/1442
f 2471/5687/1443 2473/5693/1443 2472/5689/1443
f 2475/5697/1444 2474/5695/1444 2472/5690/1444
f 2477/5701/1445 2479/5708/1445 2478/5704/1445
f 2466/5676/1446 2484/5720/1446 2488/5734/1446
f 2479/5706/1447 2491/5741/1447 2486/5728/1447
f 2473/5694/1448 2498/5757/1448 2485/5723/1448
f 2463/5667/1449 2484/5720/1449 2466/5676/1449
f 2469/5683/1450 2497/5755/1450 2470/5685/1450
f 2473/5694/1451 2485/5723/1451 2475/5698/1451
f 2479/5706/1452 2486/5728/1452 2480/5710/1452
f 2482/5716/1453 2487/5733/1453 2463/5667/1453
f 2475/5698/1454 2485/5723/1454 2490/5739/1454
f 2476/5699/1455 2491/5741/1455 2479/5706/1455
f 2490/5740/1456 2500/5761/1456 2491/5742/1456
f 2487/5730/1457 2493/5745/1457 2484/5719/1457
f 2491/5742/1458 2501/5764/1458 2486/5726/1458
f 2486/5727/1459 2501/5762/1459 2502/5765/1459
f 2485/5724/1460 2498/5758/1460 2499/5759/1460
f 2492/5744/1461 2494/5749/1461 2495/5751/1461
f 2485/5725/1462 2499/5760/1462 2490/5740/1462
f 2511/5783/1463 2523/5800/1463 2512/5784/1463
f 2496/5753/1464 2507/5777/1464 2497/5756/1464
f 2493/5748/1465 2504/5772/1465 2492/5744/1465
f 2502/5768/1466 2512/5784/1466 2503/5769/1466
f 2496/5754/1467 2506/5775/1467 2507/5776/1467
f 2508/5778/1468 2518/5793/1468 2519/5794/1468
f 2508/5778/1469 2519/5794/1469 2509/5779/1469
f 2504/5772/1470 2513/5786/1470 2505/5774/1470
f 2505/5774/1471 2513/5786/1471 2514/5787/1471
f 2504/5772/1472 2525/5803/1472 2513/5786/1472
f 2506/5775/1473 2515/5789/1473 2516/5790/1473
f 2506/5775/1474 2516/5790/1474 2507/5776/1474
f 2510/5781/1475 2521/5797/1475 2522/5799/1475
f 2510/5781/1476 2522/5799/1476 2511/5782/1476
f 2524/5802/1477 2545/5851/1477 2546/5853/1477
f 2524/5801/1478 2546/5854/1478 2525/5803/1478
f 2520/5795/1479 2542/5843/1479 2521/5797/1479
f 2516/5790/1480 2539/5838/1480 2517/5791/1480
f 2522/5798/1481 2544/5848/1481 2523/5800/1481
f 2523/5800/1482 2544/5848/1482 2545/5851/1482
f 2527/5808/1433 2537/5833/1433 2526/5805/1433
f 2528/5811/491 2539/5837/491 2538/5835/491
f 2530/5814/1483 2539/5837/1483 2529/5812/1483
f 2530/5814/891 2540/5840/891 2539/5837/891
f 2531/5817/1484 2541/5841/1484 2540/5840/1484
f 2531/5817/1485 2542/5844/1485 2541/5841/1485
f 2532/5819/218 2542/5844/218 2531/5817/218
f 2533/5822/1486 2543/5846/1486 2532/5819/1486
f 2533/5822/1487 2544/5849/1487 2543/5846/1487
f 2534/5826/39 2544/5849/39 2533/5822/39
f 2535/5827/1488 2546/5855/1488 2545/5852/1488
f 2526/5805/1489 2546/5855/1489 2535/5827/1489
f 2533/5823/1490 2553/5873/1490 2534/5824/1490
f 2534/5825/1491 2553/5872/1491 2554/5875/1491
f 2530/5815/1492 2550/5866/1492 2531/5816/1492
f 2531/5818/1493 2550/5864/1493 2551/5868/1493
f 2534/5825/1494 2554/5875/1494 2535/5828/1494
f 2526/5806/1495 2548/5859/1495 2527/5807/1495
f 2535/5828/1496 2547/5857/1496 2526/5804/1496
f 2527/5807/1497 2548/5859/1497 2528/5809/1497
f 2557/5882/1498 2556/5879/1498 2575/5926/1498
f 2559/5887/1499 2561/5892/1499 2560/5889/1499
f 2567/5907/1500 2566/5903/1500 2565/5901/1500
f 2569/5911/1501 2572/5918/1501 2571/5915/1501
f 2574/5924/1502 2573/5922/1502 2571/5916/1502
f 2576/5929/1503 2575/5926/1503 2573/5921/1503
f 2574/5925/1504 2581/5945/1504 2576/5930/1504
f 2555/5878/1505 2577/5931/1505 2557/5884/1505
f 2568/5909/1506 2582/5946/1506 2570/5914/1506
f 2570/5914/1507 2582/5946/1507 2591/5965/1507
f 2567/5908/1508 2580/5941/1508 2568/5909/1508
f 2591/5966/1509 2592/5969/1509 2581/5942/1509
f 2587/5957/1510 2588/5961/1510 2579/5937/1510
f 2581/5943/1511 2592/5967/1511 2594/5971/1511
f 2577/5932/1512 2583/5949/1512 2584/5951/1512
f 2581/5944/1513 2594/5972/1513 2595/5973/1513
f 2592/5968/1514 2593/5970/1514 2594/5972/1514
f 2580/5940/1515 2589/5962/1515 2590/5964/1515
f 2580/5939/1516 2590/5963/1516 2582/5947/1516
f 2587/5957/1517 2598/5979/1517 2599/5981/1517
f 2592/5968/1518 2603/5987/1518 2593/5970/1518
f 2587/5957/1519 2599/5981/1519 2588/5961/1519
f 2583/5949/1520 2596/5976/1520 2584/5951/1520
f 2594/5972/1521 2605/5989/1521 2595/5973/1521
f 2584/5951/1522 2596/5976/1522 2597/5977/1522
f 2590/5963/1523 2602/5985/1523 2591/5966/1523
f 2591/5966/1524 2602/5985/1524 2603/5986/1524
f 2591/5966/1525 2603/5986/1525 2592/5969/1525
f 2599/5981/1526 2612/5999/1526 2600/5982/1526
f 2604/5988/1527 2617/6006/1527 2605/5989/1527
f 2600/5982/1528 2613/6001/1528 2601/5984/1528
f 2596/5976/1529 2608/5993/1529 2597/5977/1529
f 2601/5983/1530 2614/6002/1530 2602/5985/1530
f 2597/5978/1531 2609/5995/1531 2598/5980/1531
f 2618/6007/1532 2639/6058/1532 2640/6060/1532
f 2615/6003/1533 2637/6053/1533 2616/6005/1533
f 2616/6004/1534 2637/6052/1534 2638/6055/1534
f 2616/6004/1535 2638/6055/1535 2617/6006/1535
f 2617/6006/1536 2638/6055/1536 2639/6058/1536
f 2612/5999/1537 2634/6045/1537 2635/6047/1537
f 2621/6013/490 2630/6036/490 2620/6011/490
f 2621/6013/364 2631/6038/364 2630/6036/364
f 2622/6016/422 2632/6041/422 2631/6038/422
f 2624/6022/1538 2635/6048/1538 2634/6046/1538
f 2625/6023/1539 2636/6050/1539 2635/6048/1539
f 2626/6025/1540 2637/6054/1540 2636/6050/1540
f 2627/6028/606 2637/6054/606 2626/6025/606
f 2620/6011/1541 2640/6062/1541 2639/6059/1541
f 2622/6015/1542 2643/6069/1542 2623/6018/1542
f 2623/6018/1543 2644/6071/1543 2624/6020/1543
f 2628/6030/1544 2647/6080/1544 2629/6034/1544
f 2624/6021/1545 2644/6072/1545 2625/6024/1545
f 2629/6034/1546 2648/6082/1546 2639/6057/1546
f 2639/6057/1547 2648/6082/1547 2620/6010/1547
f 2621/6014/500 2642/6066/500 2622/6017/500
f 15/41/1548 14/38/1548 17/45/1548
f 12/34/1549 14/38/1549 11/31/1549
f 20/54/1550 19/52/1550 22/58/1550
f 17/46/1551 19/51/1551 16/43/1551
f 25/66/1552 24/64/1552 27/71/1552
f 22/58/1553 24/63/1553 21/56/1553
f 27/71/1554 9/25/1554 26/69/1554
f 43/114/1555 33/90/1555 32/87/1555
f 23/62/1556 10/30/1556 16/44/1556
f 14/39/1557 30/79/1557 31/83/1557
f 30/79/1558 9/27/1558 29/76/1558
f 9/27/1559 35/95/1559 29/76/1559
f 35/95/1560 24/65/1560 34/92/1560
f 24/65/1561 33/89/1561 34/92/1561
f 33/89/1562 19/53/1562 32/88/1562
f 32/88/1563 17/47/1563 36/99/1563
f 31/83/1564 17/47/1564 14/39/1564
f 39/105/1565 30/80/1565 38/103/1565
f 45/118/1566 33/90/1566 44/115/1566
f 46/120/1567 35/96/1567 34/93/1567
f 36/98/1568 31/84/1568 40/107/1568
f 37/101/1569 30/81/1569 29/77/1569
f 48/124/1570 35/96/1570 47/121/1570
f 56/135/1571 46/120/1571 45/117/1571
f 53/131/1572 41/108/1572 52/129/1572
f 58/138/1573 47/121/1573 57/137/1573
f 47/121/1574 46/120/1574 57/137/1574
f 50/127/1575 37/101/1575 49/125/1575
f 51/128/1576 38/103/1576 50/126/1576
f 43/113/1577 42/111/1577 54/133/1577
f 54/132/1578 44/115/1578 43/114/1578
f 51/128/1579 41/109/1579 40/107/1579
f 37/101/1580 48/123/1580 49/125/1580
f 40/107/1581 39/105/1581 51/128/1581
f 65/149/1582 53/131/1582 64/147/1582
f 60/141/1583 83/187/1583 84/189/1583
f 57/137/1584 69/154/1584 70/156/1584
f 59/140/1585 58/139/1585 70/155/1585
f 49/125/1586 59/140/1586 60/141/1586
f 50/127/1587 60/141/1587 61/142/1587
f 68/153/1588 55/134/1588 67/151/1588
f 54/132/1589 65/148/1589 66/150/1589
f 51/128/1590 61/143/1590 62/144/1590
f 55/134/1591 66/150/1591 67/151/1591
f 63/146/1592 51/128/1592 62/144/1592
f 85/192/1593 61/143/1593 84/190/1593
f 52/129/1594 63/145/1594 64/147/1594
f 57/137/1595 68/152/1595 69/154/1595
f 53/131/1596 52/129/1596 64/147/1596
f 65/149/1597 87/197/1597 88/199/1597
f 89/203/1598 66/150/1598 88/200/1598
f 59/140/1599 92/210/1599 83/187/1599
f 90/206/1600 67/151/1600 89/203/1600
f 82/186/1601 69/154/1601 91/207/1601
f 63/146/1602 85/192/1602 86/194/1602
f 68/152/1603 90/204/1603 91/207/1603
f 69/154/1604 68/152/1604 91/207/1604
f 64/147/1605 86/195/1605 87/197/1605
f 86/196/1606 74/166/1606 75/168/1606
f 71/159/98 72/160/98 83/188/98
f 72/160/361 84/191/361 83/188/361
f 72/160/491 73/163/491 84/191/491
f 75/168/259 87/198/259 86/196/259
f 76/171/6 77/173/6 87/198/6
f 77/173/895 88/201/895 87/198/895
f 77/173/1175 78/175/1175 88/201/1175
f 79/177/1487 90/205/1487 89/202/1487
f 80/179/1607 91/208/1607 90/205/1607
f 80/179/42 81/183/42 91/208/42
f 81/183/1608 82/184/1608 91/208/1608
f 71/159/1609 83/188/1609 92/211/1609
f 98/228/6 96/222/6 94/217/6
f 78/176/1610 96/220/1610 97/223/1610
f 119/279/1611 101/236/1611 100/231/1611
f 76/170/1612 95/218/1612 96/221/1612
f 72/161/1613 93/212/1613 94/216/1613
f 82/185/1614 98/227/1614 93/213/1614
f 107/249/1615 106/247/1615 108/251/1615
f 100/232/1616 101/235/1616 103/239/1616
f 103/239/1617 105/244/1617 102/237/1617
f 105/244/1618 106/246/1618 104/241/1618
f 107/249/1619 108/251/1619 110/257/1619
f 110/258/1620 111/260/1620 109/255/1620
f 111/259/1621 114/266/1621 112/261/1621
f 113/264/1622 114/267/1622 116/271/1622
f 115/269/1623 116/271/1623 118/276/1623
f 118/277/1624 99/229/1624 117/274/1624
f 118/278/1625 116/272/1625 125/305/1625
f 109/256/1626 117/275/1626 100/233/1626
f 122/292/1627 103/240/1627 121/285/1627
f 124/298/1628 132/325/1628 133/327/1628
f 110/258/1629 108/252/1629 123/296/1629
f 123/296/1630 106/248/1630 122/292/1630
f 110/258/1631 123/296/1631 124/299/1631
f 99/230/1632 125/305/1632 120/282/1632
f 114/268/1633 111/260/1633 124/299/1633
f 128/313/1634 120/284/1634 127/310/1634
f 116/272/1635 126/306/1635 125/305/1635
f 114/268/1636 124/299/1636 126/306/1636
f 120/283/1637 137/339/1637 127/309/1637
f 124/300/1638 133/328/1638 134/331/1638
f 121/286/1639 128/311/1639 129/315/1639
f 122/289/1640 121/287/1640 129/316/1640
f 124/301/1641 134/332/1641 126/307/1641
f 122/290/1642 129/317/1642 130/318/1642
f 123/295/1643 122/291/1643 131/322/1643
f 125/304/1644 136/335/1644 137/340/1644
f 131/322/1645 141/346/1645 142/348/1645
f 136/336/1646 126/308/1646 135/334/1646
f 147/356/1647 135/334/1647 146/355/1647
f 142/348/1648 133/330/1648 132/326/1648
f 132/326/1649 131/322/1649 142/348/1649
f 127/310/1650 138/342/1650 139/343/1650
f 153/365/1651 143/350/1651 142/348/1651
f 137/341/1652 147/357/1652 138/342/1652
f 128/312/1653 139/344/1653 140/345/1653
f 133/329/1654 143/349/1654 144/351/1654
f 134/332/1655 144/351/1655 145/352/1655
f 130/319/1656 140/345/1656 141/347/1656
f 142/348/1657 152/364/1657 153/365/1657
f 139/343/1658 138/342/1658 148/358/1658
f 147/356/1659 157/371/1659 158/373/1659
f 138/342/1660 158/372/1660 159/374/1660
f 139/343/1661 148/358/1661 149/359/1661
f 149/360/1662 140/345/1662 139/344/1662
f 151/362/1663 140/345/1663 150/361/1663
f 144/351/1664 154/367/1664 155/368/1664
f 145/352/1665 155/368/1665 156/370/1665
f 156/369/1666 146/355/1666 145/353/1666
f 171/403/1667 158/372/1667 181/426/1667
f 141/346/1668 151/363/1668 152/364/1668
f 173/407/1669 149/360/1669 172/404/1669
f 154/367/1670 176/415/1670 177/417/1670
f 178/419/1671 154/367/1671 177/417/1671
f 179/422/1672 155/368/1672 178/419/1672
f 150/361/1673 173/407/1673 174/409/1673
f 175/412/1674 151/363/1674 174/410/1674
f 181/428/1675 157/371/1675 180/424/1675
f 157/371/1676 179/421/1676 180/424/1676
f 148/358/1677 171/403/1677 172/405/1677
f 173/408/260 161/378/260 162/382/260
f 160/376/99 161/378/99 172/406/99
f 162/382/423 174/411/423 173/408/423
f 163/384/259 175/413/259 174/411/259
f 177/418/6 165/389/6 166/391/6
f 164/387/1678 176/416/1678 175/413/1678
f 178/420/1486 168/395/1486 179/423/1486
f 166/391/606 167/394/606 177/418/606
f 167/394/1031 178/420/1031 177/418/1031
f 180/425/1679 168/395/1679 169/397/1679
f 187/443/1680 168/396/1680 186/440/1680
f 169/397/1681 170/400/1681 181/427/1681
f 170/400/1682 171/402/1682 181/427/1682
f 167/393/1683 185/437/1683 186/440/1683
f 162/380/1684 182/430/1684 183/431/1684
f 163/383/1685 162/381/1685 183/432/1685
f 168/396/1686 167/393/1686 186/440/1686
f 163/383/1687 183/432/1687 184/434/1687
f 170/401/1688 187/444/1688 188/445/1688
f 182/430/1689 160/377/1689 188/446/1689
f 165/388/1690 184/435/1690 185/438/1690
f 205/488/1691 202/480/1691 203/482/1691
f 190/451/1692 193/457/1692 189/448/1692
f 192/455/1693 193/458/1693 195/464/1693
f 195/465/1694 197/469/1694 194/462/1694
f 197/468/1695 198/470/1695 196/466/1695
f 198/470/1696 201/477/1696 196/466/1696
f 200/475/1697 201/478/1697 203/482/1697
f 206/490/1698 208/496/1698 209/497/1698
f 205/487/1699 207/493/1699 204/484/1699
f 208/494/1700 190/451/1700 209/498/1700
f 205/489/1701 216/519/1701 217/522/1701
f 209/499/1702 194/463/1702 202/481/1702
f 193/459/1703 210/501/1703 215/516/1703
f 197/469/1704 222/537/1704 211/504/1704
f 235/562/1705 223/540/1705 234/560/1705
f 203/483/1706 201/479/1706 212/507/1706
f 208/495/1707 207/492/1707 213/509/1707
f 201/479/1708 198/471/1708 211/504/1708
f 201/479/1709 211/504/1709 212/507/1709
f 207/492/1710 205/489/1710 217/522/1710
f 203/483/1711 212/507/1711 216/519/1711
f 207/492/1712 217/522/1712 213/509/1712
f 198/471/1713 197/469/1713 211/504/1713
f 214/514/1714 213/510/1714 219/526/1714
f 210/501/1715 220/531/1715 215/516/1715
f 212/507/1716 226/548/1716 216/519/1716
f 211/505/1717 224/541/1717 225/546/1717
f 213/511/1718 218/523/1718 219/527/1718
f 214/515/1719 219/528/1719 220/532/1719
f 218/524/1720 229/553/1720 230/554/1720
f 215/517/1721 220/533/1721 221/535/1721
f 240/569/1722 252/586/1722 253/587/1722
f 229/553/1723 228/551/1723 239/568/1723
f 229/553/1724 239/568/1724 240/569/1724
f 235/562/1725 225/547/1725 224/542/1725
f 230/554/1726 240/569/1726 241/571/1726
f 231/556/1727 230/555/1727 241/570/1727
f 220/534/1728 231/556/1728 232/557/1728
f 226/549/1729 236/563/1729 237/565/1729
f 233/559/1730 221/535/1730 232/558/1730
f 227/550/1731 237/565/1731 238/566/1731
f 233/559/1732 222/538/1732 215/517/1732
f 248/580/1733 235/562/1733 247/579/1733
f 228/552/1734 238/566/1734 239/567/1734
f 250/583/1735 237/565/1735 249/582/1735
f 241/571/1736 240/569/1736 253/587/1736
f 232/557/1737 231/556/1737 243/573/1737
f 241/571/1738 253/587/1738 254/589/1738
f 244/575/1739 233/559/1739 232/558/1739
f 274/637/1740 254/589/1740 253/587/1740
f 238/566/1741 250/583/1741 251/585/1741
f 239/567/1742 238/566/1742 251/585/1742
f 234/561/1743 245/576/1743 246/578/1743
f 239/568/1744 251/584/1744 252/586/1744
f 234/560/1745 246/577/1745 247/579/1745
f 255/591/1746 282/659/1746 276/642/1746
f 271/629/1747 248/580/1747 270/627/1747
f 267/620/1748 243/574/1748 266/617/1748
f 250/583/1749 271/630/1749 272/632/1749
f 242/572/1750 275/639/1750 266/618/1750
f 246/578/1751 268/622/1751 269/624/1751
f 245/576/1752 267/620/1752 268/622/1752
f 256/593/1031 267/621/1031 266/619/1031
f 251/585/1753 272/632/1753 273/634/1753
f 247/579/1605 269/625/1605 270/627/1605
f 253/587/1754 273/635/1754 274/637/1754
f 268/623/606 257/595/606 258/599/606
f 269/626/1755 258/599/1755 259/600/1755
f 260/603/1756 271/631/1756 270/628/1756
f 259/600/101 260/603/101 270/628/101
f 261/605/1281 272/633/1281 271/631/1281
f 272/633/1757 263/610/1757 273/636/1757
f 274/638/42 265/616/42 275/640/42
f 263/610/99 264/614/99 273/636/99
f 264/614/1758 274/638/1758 273/636/1758
f 280/653/1759 261/606/1759 279/650/1759
f 265/616/832 255/592/832 275/640/832
f 255/592/1609 266/619/1609 275/640/1609
f 278/648/491 276/644/491 281/658/491
f 263/611/1760 280/655/1760 281/656/1760
f 258/598/1761 277/645/1761 278/649/1761
f 260/604/1762 278/649/1762 279/651/1762
f 277/647/1763 256/594/1763 276/643/1763
f 264/613/1764 281/657/1764 282/659/1764
f 287/672/1765 285/668/1765 286/670/1765
f 284/665/1766 285/667/1766 283/661/1766
f 294/692/1767 293/689/1767 296/696/1767
f 286/670/1768 289/677/1768 287/672/1768
f 289/678/1769 291/684/1769 288/675/1769
f 290/681/1770 291/684/1770 293/690/1770
f 295/693/1771 296/696/1771 298/700/1771
f 298/701/1772 300/705/1772 297/698/1772
f 300/705/1773 302/710/1773 299/703/1773
f 302/711/1774 284/665/1774 301/708/1774
f 305/721/1775 291/684/1775 304/718/1775
f 304/718/1776 289/678/1776 308/729/1776
f 311/739/1777 300/706/1777 310/735/1777
f 310/735/1778 298/702/1778 306/723/1778
f 328/773/1779 315/746/1779 327/771/1779
f 306/724/1780 309/732/1780 321/757/1780
f 310/734/1781 306/725/1781 321/759/1781
f 304/716/1782 316/748/1782 317/750/1782
f 304/717/1783 317/751/1783 305/720/1783
f 308/731/1784 314/744/1784 315/745/1784
f 321/758/1785 309/733/1785 320/756/1785
f 308/730/1786 315/746/1786 316/749/1786
f 310/734/1787 321/759/1787 322/761/1787
f 305/720/1788 317/751/1788 318/752/1788
f 311/738/1789 322/760/1789 323/764/1789
f 307/727/1790 323/766/1790 312/740/1790
f 308/731/1791 313/743/1791 314/744/1791
f 317/751/1792 328/773/1792 329/774/1792
f 325/768/1793 312/740/1793 324/767/1793
f 322/761/1794 332/779/1794 333/780/1794
f 314/744/1795 325/769/1795 326/770/1795
f 323/765/1796 322/761/1796 333/780/1796
f 318/752/1797 329/774/1797 330/775/1797
f 312/740/1798 333/781/1798 324/767/1798
f 320/756/1799 330/776/1799 331/777/1799
f 319/755/1800 318/753/1800 330/776/1800
f 344/796/1801 333/780/1801 332/779/1801
f 315/745/1802 326/770/1802 327/772/1802
f 334/782/1803 333/781/1803 345/797/1803
f 329/774/1804 339/789/1804 340/791/1804
f 325/768/1805 324/767/1805 335/783/1805
f 330/775/1806 329/774/1806 340/791/1806
f 325/768/1807 335/783/1807 336/784/1807
f 330/776/1808 340/790/1808 341/792/1808
f 342/793/1809 330/776/1809 341/792/1809
f 326/770/1810 336/785/1810 337/786/1810
f 335/783/1811 355/823/1811 356/824/1811
f 327/772/1812 337/786/1812 338/787/1812
f 332/779/1813 343/794/1813 344/796/1813
f 328/773/1814 338/788/1814 339/789/1814
f 340/791/1815 360/834/1815 361/836/1815
f 345/797/1816 365/847/1816 355/823/1816
f 334/782/1817 345/797/1817 355/823/1817
f 341/792/1818 361/837/1818 362/839/1818
f 336/785/1819 356/825/1819 357/827/1819
f 337/786/1820 336/785/1820 357/827/1820
f 342/793/1821 362/839/1821 363/841/1821
f 337/786/1822 357/827/1822 358/829/1822
f 343/795/1823 363/841/1823 364/844/1823
f 338/788/1824 358/830/1824 359/832/1824
f 344/796/1825 364/845/1825 365/848/1825
f 339/789/1826 359/832/1826 360/834/1826
f 357/828/606 348/805/606 358/831/606
f 347/802/1827 357/828/1827 356/826/1827
f 348/805/606 359/833/606 358/831/606
f 349/807/1174 360/835/1174 359/833/1174
f 350/810/1828 361/838/1828 360/835/1828
f 370/861/1829 351/813/1829 369/858/1829
f 351/812/218 352/815/218 362/840/218
f 363/842/1830 353/818/1830 364/846/1830
f 354/820/1831 355/822/1831 365/849/1831
f 371/866/1433 369/859/1433 367/853/1433
f 348/806/1832 367/854/1832 368/856/1832
f 353/819/1833 370/863/1833 371/864/1833
f 369/860/1834 349/808/1834 368/856/1834
f 367/855/1835 346/801/1835 366/850/1835
f 377/879/1836 374/873/1836 375/874/1836
f 354/821/1837 371/865/1837 366/851/1837
f 373/869/1838 375/875/1838 372/867/1838
f 385/900/1839 384/897/1839 387/904/1839
f 377/879/1840 379/884/1840 376/878/1840
f 379/885/1841 381/889/1841 378/882/1841
f 380/887/1842 381/889/1842 383/894/1842
f 383/895/1843 384/897/1843 382/893/1843
f 386/902/1844 387/904/1844 389/908/1844
f 388/906/1845 389/909/1845 391/915/1845
f 390/913/1846 391/916/1846 373/870/1846
f 377/880/1847 401/942/1847 392/918/1847
f 389/910/1848 387/905/1848 395/928/1848
f 373/870/1849 396/929/1849 397/934/1849
f 393/924/1850 383/896/1850 381/890/1850
f 375/876/1851 397/934/1851 401/942/1851
f 393/924/1852 379/886/1852 392/918/1852
f 398/936/1853 384/898/1853 406/955/1853
f 406/955/1854 383/896/1854 394/926/1854
f 373/870/1855 391/916/1855 396/929/1855
f 434/1000/1856 420/981/1856 433/999/1856
f 389/910/1857 395/928/1857 399/938/1857
f 397/933/1858 396/930/1858 411/968/1858
f 392/919/1859 401/941/1859 402/944/1859
f 392/920/1860 402/943/1860 403/946/1860
f 393/922/1861 404/948/1861 405/950/1861
f 396/931/1862 399/937/1862 410/962/1862
f 394/925/1863 393/923/1863 405/951/1863
f 396/932/1864 410/963/1864 411/967/1864
f 408/958/1865 419/979/1865 420/980/1865
f 409/960/1866 398/935/1866 408/958/1866
f 399/938/1867 409/959/1867 410/964/1867
f 394/926/1868 405/952/1868 406/955/1868
f 421/983/1869 409/961/1869 420/981/1869
f 409/960/1870 408/958/1870 420/980/1870
f 416/975/1871 404/949/1871 415/973/1871
f 417/977/1872 405/953/1872 416/975/1872
f 417/976/1873 407/957/1873 406/954/1873
f 400/939/1874 412/969/1874 413/970/1874
f 400/939/1875 422/984/1875 412/969/1875
f 413/971/1876 402/944/1876 401/941/1876
f 419/979/1877 407/957/1877 418/978/1877
f 403/947/1878 414/972/1878 415/974/1878
f 430/995/1879 416/975/1879 429/993/1879
f 416/975/1880 428/992/1880 429/993/1880
f 412/969/1881 423/985/1881 424/986/1881
f 421/983/1882 434/1000/1882 435/1001/1882
f 423/985/1883 422/984/1883 435/1002/1883
f 413/970/1884 412/969/1884 424/986/1884
f 422/984/1885 421/982/1885 435/1002/1885
f 418/978/1886 417/976/1886 430/994/1886
f 413/971/1887 424/987/1887 425/988/1887
f 427/991/1888 414/972/1888 426/989/1888
f 418/978/1889 430/994/1889 431/996/1889
f 414/972/1890 425/988/1890 426/989/1890
f 419/979/1891 431/996/1891 432/998/1891
f 455/1051/1892 434/1000/1892 454/1050/1892
f 420/981/1893 432/997/1893 433/999/1893
f 415/973/1894 427/990/1894 428/992/1894
f 451/1041/1895 429/993/1895 450/1039/1895
f 425/988/1896 446/1030/1896 447/1032/1896
f 424/986/1897 445/1026/1897 446/1028/1897
f 423/985/1898 455/1052/1898 445/1026/1898
f 451/1042/1899 431/996/1899 430/994/1899
f 432/998/1900 452/1044/1900 453/1046/1900
f 426/989/1901 447/1032/1901 448/1034/1901
f 454/1050/1902 433/999/1902 453/1047/1902
f 427/990/1903 448/1035/1903 449/1037/1903
f 428/992/1904 427/990/1904 449/1037/1904
f 450/1039/1905 428/992/1905 449/1037/1905
f 450/1040/99 441/1016/99 451/1043/99
f 436/1005/1172 437/1006/1172 445/1027/1172
f 437/1006/1906 446/1029/1906 445/1027/1906
f 446/1029/1907 438/1009/1907 447/1033/1907
f 438/1009/1908 448/1036/1908 447/1033/1908
f 439/1011/259 449/1038/259 448/1036/259
f 439/1011/1173 440/1014/1173 449/1038/1173
f 440/1014/1909 450/1040/1909 449/1038/1909
f 452/1045/1910 441/1016/1910 442/1020/1910
f 444/1025/1911 455/1053/1911 454/1049/1911
f 442/1020/1912 453/1048/1912 452/1045/1912
f 443/1022/891 444/1025/891 453/1048/891
f 436/1005/1176 445/1027/1176 455/1053/1176
f 438/1010/1913 457/1057/1913 458/1059/1913
f 460/1066/1483 458/1061/1483 456/1056/1483
f 460/1067/1914 440/1015/1914 459/1062/1914
f 439/1012/1915 458/1060/1915 459/1063/1915
f 444/1024/1916 461/1069/1916 462/1071/1916
f 437/1007/1917 456/1054/1917 457/1057/1917
f 478/1111/1918 477/1108/1918 480/1114/1918
f 436/1004/1919 462/1071/1919 456/1055/1919
f 464/1075/1920 465/1077/1920 463/1073/1920
f 465/1078/1921 468/1085/1921 466/1081/1921
f 468/1085/1922 470/1090/1922 467/1083/1922
f 470/1090/1923 472/1094/1923 469/1088/1923
f 471/1092/1924 472/1095/1924 474/1101/1924
f 473/1099/1925 474/1102/1925 476/1106/1925
f 475/1104/1926 476/1105/1926 477/1108/1926
f 484/1126/1927 483/1123/1927 464/1075/1927
f 480/1115/1928 482/1120/1928 479/1112/1928
f 481/1117/1929 482/1120/1929 483/1122/1929
f 476/1106/1930 487/1133/1930 488/1135/1930
f 480/1116/1931 500/1166/1931 491/1144/1931
f 465/1079/1932 464/1076/1932 485/1127/1932
f 477/1107/1933 476/1106/1933 488/1135/1933
f 468/1086/1934 494/1152/1934 489/1139/1934
f 477/1107/1935 488/1135/1935 500/1166/1935
f 503/1173/1936 483/1124/1936 492/1148/1936
f 482/1121/1937 480/1116/1937 491/1144/1937
f 480/1116/1938 477/1107/1938 500/1166/1938
f 497/1160/1939 486/1131/1939 496/1158/1939
f 470/1091/1940 489/1139/1940 486/1130/1940
f 472/1096/1941 470/1091/1941 486/1130/1941
f 488/1136/1942 499/1163/1942 490/1141/1942
f 500/1167/1943 488/1137/1943 490/1142/1943
f 498/1162/1944 488/1138/1944 487/1134/1944
f 487/1132/1945 497/1159/1945 498/1161/1945
f 524/1206/1946 512/1189/1946 511/1187/1946
f 494/1153/1947 485/1128/1947 493/1150/1947
f 491/1145/1948 500/1167/1948 501/1169/1948
f 489/1140/1949 494/1154/1949 495/1156/1949
f 513/1190/1950 502/1171/1950 512/1189/1950
f 502/1171/1951 501/1168/1951 511/1187/1951
f 502/1171/1952 511/1187/1952 512/1189/1952
f 498/1162/1953 497/1160/1953 508/1183/1953
f 509/1185/1954 498/1162/1954 508/1183/1954
f 494/1155/1955 504/1176/1955 505/1178/1955
f 493/1151/1956 513/1191/1956 504/1176/1956
f 490/1142/1957 499/1164/1957 509/1184/1957
f 510/1186/1958 501/1169/1958 500/1167/1958
f 490/1142/1959 509/1184/1959 510/1186/1959
f 495/1156/1960 494/1154/1960 505/1179/1960
f 500/1167/1961 490/1142/1961 510/1186/1961
f 495/1156/1962 505/1179/1962 506/1181/1962
f 521/1202/1963 508/1183/1963 520/1200/1963
f 508/1183/1964 519/1199/1964 520/1200/1964
f 504/1176/1965 514/1192/1965 515/1193/1965
f 513/1190/1966 512/1189/1966 526/1209/1966
f 516/1195/1967 504/1177/1967 515/1194/1967
f 521/1202/1968 542/1247/1968 543/1249/1968
f 509/1184/1969 521/1201/1969 522/1203/1969
f 504/1176/1970 513/1191/1970 514/1192/1970
f 510/1186/1971 509/1184/1971 522/1203/1971
f 505/1179/1972 516/1195/1972 517/1196/1972
f 506/1181/1973 505/1179/1973 517/1196/1973
f 510/1186/1974 522/1203/1974 523/1205/1974
f 511/1188/1975 510/1186/1975 523/1205/1975
f 506/1181/1976 517/1196/1976 518/1197/1976
f 511/1187/1977 523/1204/1977 524/1206/1977
f 507/1182/1978 518/1198/1978 519/1199/1978
f 539/1241/1979 516/1195/1979 538/1238/1979
f 514/1192/1980 547/1259/1980 537/1235/1980
f 541/1245/1981 518/1198/1981 540/1242/1981
f 522/1203/1982 543/1250/1982 544/1252/1982
f 523/1205/1983 522/1203/1983 544/1252/1983
f 517/1196/1984 539/1241/1984 540/1243/1984
f 523/1205/1985 544/1252/1985 545/1254/1985
f 542/1247/1986 519/1199/1986 541/1245/1986
f 524/1206/1987 545/1255/1987 546/1257/1987
f 525/1207/1988 524/1206/1988 546/1257/1988
f 547/1261/1989 525/1207/1989 546/1257/1989
f 540/1244/6 531/1220/6 541/1246/6
f 527/1211/260 528/1213/260 537/1236/260
f 528/1213/1990 538/1239/1990 537/1236/1990
f 529/1215/1991 530/1218/1991 539/1240/1991
f 530/1218/1992 540/1244/1992 539/1240/1992
f 542/1248/426 531/1220/426 532/1224/426
f 532/1224/1828 543/1251/1828 542/1248/1828
f 533/1226/1993 544/1253/1993 543/1251/1993
f 545/1256/42 534/1228/42 535/1230/42
f 535/1230/42 546/1258/42 545/1256/42
f 536/1234/609 527/1211/609 547/1260/609
f 527/1211/1994 537/1236/1994 547/1260/1994
f 555/1282/42 553/1276/42 551/1272/42
f 553/1277/1995 533/1227/1995 552/1273/1995
f 535/1231/1996 553/1277/1996 554/1278/1996
f 530/1217/1997 549/1265/1997 550/1267/1997
f 531/1221/1998 550/1269/1998 551/1270/1998
f 557/1286/1999 556/1284/1999 559/1290/1999
f 536/1233/2000 554/1279/2000 555/1281/2000
f 532/1223/2001 551/1271/2001 552/1274/2001
f 528/1214/2002 548/1262/2002 549/1265/2002
f 527/1212/2003 555/1281/2003 548/1263/2003
f 529/1216/2004 528/1214/2004 549/1265/2004
f 563/1301/2005 562/1299/2005 564/1303/2005
f 558/1288/2006 559/1291/2006 561/1296/2006
f 561/1296/2007 562/1298/2007 560/1293/2007
f 566/1309/2008 563/1301/2008 564/1303/2008
f 573/1326/2009 572/1324/2009 575/1330/2009
f 565/1305/2010 566/1308/2010 568/1313/2010
f 567/1311/2011 568/1313/2011 570/1318/2011
f 569/1316/2012 570/1319/2012 572/1324/2012
f 565/1307/2013 573/1327/2013 557/1287/2013
f 574/1328/2014 575/1331/2014 556/1284/2014
f 590/1364/2015 568/1314/2015 566/1310/2015
f 556/1283/2016 575/1332/2016 584/1352/2016
f 566/1310/2017 581/1345/2017 590/1364/2017
f 561/1297/2018 559/1292/2018 578/1337/2018
f 561/1297/2019 578/1337/2019 579/1340/2019
f 564/1304/2020 580/1343/2020 581/1345/2020
f 594/1371/2021 603/1385/2021 604/1386/2021
f 570/1320/2022 568/1314/2022 591/1365/2022
f 570/1320/2023 591/1365/2023 582/1346/2023
f 575/1332/2024 577/1336/2024 584/1352/2024
f 562/1300/2025 561/1297/2025 579/1340/2025
f 584/1353/2026 577/1335/2026 583/1350/2026
f 578/1338/2027 576/1333/2027 585/1356/2027
f 577/1336/2028 593/1369/2028 583/1351/2028
f 576/1334/2029 584/1352/2029 585/1354/2029
f 582/1347/2030 591/1366/2030 592/1368/2030
f 579/1341/2031 586/1357/2031 587/1358/2031
f 593/1370/2032 582/1348/2032 592/1367/2032
f 581/1344/2033 580/1342/2033 588/1360/2033
f 578/1338/2034 585/1356/2034 586/1357/2034
f 603/1385/2035 614/1401/2035 615/1403/2035
f 587/1359/2036 598/1378/2036 599/1379/2036
f 593/1370/2037 592/1367/2037 603/1385/2037
f 588/1360/2038 599/1379/2038 600/1380/2038
f 595/1373/2039 594/1372/2039 604/1387/2039
f 585/1355/2040 584/1353/2040 595/1373/2040
f 585/1355/2041 595/1373/2041 596/1374/2041
f 601/1381/2042 591/1366/2042 590/1363/2042
f 585/1356/2043 596/1375/2043 597/1376/2043
f 586/1357/2044 585/1356/2044 597/1376/2044
f 609/1394/2045 600/1380/2045 599/1379/2045
f 592/1368/2046 591/1366/2046 602/1384/2046
f 606/1390/2047 605/1388/2047 627/1430/2047
f 611/1397/2048 600/1380/2048 610/1395/2048
f 595/1373/2049 605/1388/2049 606/1390/2049
f 607/1391/2050 596/1375/2050 606/1389/2050
f 596/1374/2051 595/1373/2051 606/1390/2051
f 604/1387/2052 615/1402/2052 616/1404/2052
f 595/1373/2053 604/1387/2053 616/1404/2053
f 635/1451/2054 616/1404/2054 615/1402/2054
f 595/1373/2055 616/1404/2055 605/1388/2055
f 601/1381/2056 611/1396/2056 612/1398/2056
f 602/1384/2057 612/1398/2057 613/1399/2057
f 602/1384/2058 613/1399/2058 614/1400/2058
f 599/1379/2059 608/1393/2059 609/1394/2059
f 629/1437/2060 607/1391/2060 628/1433/2060
f 633/1445/2061 612/1398/2061 632/1443/2061
f 634/1449/2062 613/1399/2062 633/1445/2062
f 630/1439/2063 608/1393/2063 629/1435/2063
f 635/1452/2064 614/1401/2064 634/1447/2064
f 633/1446/946 624/1425/946 634/1448/946
f 605/1388/2065 626/1429/2065 627/1430/2065
f 618/1409/2066 628/1434/2066 627/1431/2066
f 618/1409/2067 619/1410/2067 628/1434/2067
f 620/1413/1483 630/1438/1483 629/1436/1483
f 620/1413/6 621/1416/6 630/1438/6
f 622/1418/218 632/1444/218 631/1442/218
f 622/1418/218 623/1422/218 632/1444/218
f 623/1422/2068 633/1446/2068 632/1444/2068
f 620/1414/2069 638/1459/2069 639/1461/2069
f 624/1425/261 635/1450/261 634/1448/261
f 625/1426/2070 626/1428/2070 635/1450/2070
f 625/1426/890 617/1407/890 626/1428/890
f 640/1465/606 638/1460/606 636/1455/606
f 619/1411/2071 637/1456/2071 638/1458/2071
f 648/1486/2072 651/1493/2072 650/1490/2072
f 624/1423/2073 641/1466/2073 642/1469/2073
f 625/1427/2074 624/1424/2074 642/1470/2074
f 621/1417/2075 639/1462/2075 640/1464/2075
f 625/1427/2076 642/1470/2076 636/1454/2076
f 622/1419/2077 640/1464/2077 641/1467/2077
f 645/1477/2078 647/1482/2078 644/1475/2078
f 647/1482/2079 649/1487/2079 646/1480/2079
f 654/1501/2080 653/1499/2080 656/1506/2080
f 651/1493/2081 653/1498/2081 650/1490/2081
f 660/1516/2082 657/1510/2082 658/1512/2082
f 655/1504/2083 656/1507/2083 658/1513/2083
f 643/1473/2084 662/1522/2084 645/1478/2084
f 660/1516/2085 662/1521/2085 659/1515/2085
f 663/1527/2086 662/1523/2086 668/1545/2086
f 668/1545/2087 660/1517/2087 667/1541/2087
f 649/1489/2088 670/1551/2088 664/1529/2088
f 658/1513/2089 672/1556/2089 667/1541/2089
f 651/1492/2090 649/1489/2090 664/1529/2090
f 647/1483/2091 663/1527/2091 670/1551/2091
f 651/1492/2092 664/1529/2092 671/1553/2092
f 660/1517/2093 658/1513/2093 667/1541/2093
f 666/1537/2094 658/1513/2094 656/1507/2094
f 684/1585/2095 694/1599/2095 695/1600/2095
f 663/1524/2096 674/1560/2096 670/1550/2096
f 665/1535/2097 679/1569/2097 680/1573/2097
f 663/1525/2098 668/1544/2098 669/1547/2098
f 664/1530/2099 670/1550/2099 676/1562/2099
f 664/1531/2100 676/1563/2100 677/1566/2100
f 663/1526/2101 669/1548/2101 674/1559/2101
f 672/1555/2102 680/1574/2102 681/1576/2102
f 669/1549/2103 684/1584/2103 673/1557/2103
f 670/1550/2104 674/1560/2104 675/1561/2104
f 676/1564/2105 688/1590/2105 689/1592/2105
f 682/1578/2106 693/1598/2106 694/1599/2106
f 690/1594/2107 680/1574/2107 679/1570/2107
f 684/1584/2108 695/1601/2108 685/1586/2108
f 697/1603/2109 718/1646/2109 719/1647/2109
f 675/1561/2110 674/1560/2110 687/1589/2110
f 675/1561/2111 687/1589/2111 688/1591/2111
f 696/1602/2112 686/1588/2112 685/1586/2112
f 689/1592/2113 700/1608/2113 701/1609/2113
f 690/1593/2114 689/1592/2114 701/1609/2114
f 690/1593/2115 701/1609/2115 702/1611/2115
f 695/1600/2116 706/1616/2116 707/1618/2116
f 696/1602/2117 695/1601/2117 707/1617/2117
f 690/1594/2118 702/1610/2118 703/1612/2118
f 697/1604/2119 687/1589/2119 686/1587/2119
f 691/1595/2120 690/1594/2120 703/1612/2120
f 698/1605/2121 688/1591/2121 687/1589/2121
f 726/1665/2122 707/1618/2122 706/1616/2122
f 692/1596/2123 704/1613/2123 705/1615/2123
f 693/1598/2124 692/1597/2124 705/1614/2124
f 689/1592/2125 699/1606/2125 700/1608/2125
f 693/1598/2126 705/1614/2126 706/1616/2126
f 708/1620/2127 735/1689/2127 728/1670/2127
f 720/1650/2128 697/1604/2128 719/1648/2128
f 702/1611/2129 722/1655/2129 723/1658/2129
f 721/1654/2130 698/1605/2130 720/1650/2130
f 696/1602/2131 727/1667/2131 718/1646/2131
f 704/1613/2132 703/1612/2132 724/1661/2132
f 725/1664/2133 704/1613/2133 724/1661/2133
f 709/1623/2134 720/1651/2134 719/1649/2134
f 699/1606/2135 721/1652/2135 712/1629/2135
f 700/1608/2136 699/1606/2136 712/1629/2136
f 700/1608/2137 712/1629/2137 722/1655/2137
f 706/1616/2138 725/1662/2138 726/1665/2138
f 701/1609/2139 700/1608/2139 722/1655/2139
f 702/1611/2140 701/1609/2140 722/1655/2140
f 708/1621/1074 709/1623/1074 718/1645/1074
f 709/1623/2141 719/1649/2141 718/1645/2141
f 713/1634/2142 723/1659/2142 722/1656/2142
f 711/1627/2143 712/1630/2143 721/1653/2143
f 712/1630/2144 713/1634/2144 722/1656/2144
f 727/1669/2145 717/1644/2145 708/1621/2145
f 715/1638/491 716/1640/491 725/1663/491
f 717/1644/2146 726/1666/2146 725/1663/2146
f 708/1621/2147 718/1645/2147 727/1669/2147
f 730/1677/2148 710/1626/2148 729/1673/2148
f 728/1672/606 734/1687/606 732/1682/606
f 734/1688/2149 715/1639/2149 733/1683/2149
f 712/1631/2150 730/1677/2150 731/1678/2150
f 745/1714/2151 741/1705/2151 743/1709/2151
f 717/1643/2152 734/1686/2152 735/1689/2152
f 713/1633/2153 731/1679/2153 732/1681/2153
f 709/1622/2154 728/1671/2154 729/1674/2154
f 714/1636/2155 732/1681/2155 733/1684/2155
f 736/1692/2156 738/1697/2156 758/1745/2156
f 738/1698/2157 740/1702/2157 737/1695/2157
f 740/1702/2158 742/1707/2158 739/1700/2158
f 741/1704/2159 742/1707/2159 743/1710/2159
f 744/1712/2160 745/1714/2160 746/1716/2160
f 746/1717/2161 749/1725/2161 747/1720/2161
f 749/1724/2162 751/1728/2162 748/1722/2162
f 751/1728/2163 753/1733/2163 750/1726/2163
f 753/1734/2164 755/1738/2164 752/1731/2164
f 754/1736/2165 755/1738/2165 757/1743/2165
f 756/1741/2166 757/1743/2166 736/1693/2166
f 750/1727/2167 758/1746/2167 744/1713/2167
f 746/1717/2168 745/1715/2168 760/1751/2168
f 753/1735/2169 775/1785/2169 767/1770/2169
f 751/1729/2170 749/1725/2170 761/1755/2170
f 765/1765/2171 745/1715/2171 743/1711/2171
f 761/1755/2172 746/1717/2172 760/1751/2172
f 757/1744/2173 762/1758/2173 778/1791/2173
f 767/1770/2174 755/1739/2174 753/1735/2174
f 763/1760/2175 738/1699/2175 759/1750/2175
f 743/1711/2176 764/1762/2176 765/1765/2176
f 753/1735/2177 751/1729/2177 775/1785/2177
f 773/1781/2178 760/1752/2178 766/1767/2178
f 761/1754/2179 773/1780/2179 774/1783/2179
f 778/1792/2180 762/1757/2180 777/1790/2180
f 779/1794/2181 769/1775/2181 768/1772/2181
f 763/1759/2182 769/1774/2182 770/1776/2182
f 777/1790/2183 787/1806/2183 788/1807/2183
f 780/1795/2184 770/1776/2184 769/1774/2184
f 788/1808/2185 768/1772/2185 778/1793/2185
f 774/1784/2186 784/1802/2186 785/1803/2186
f 785/1803/2187 775/1786/2187 774/1784/2187
f 790/1810/2188 779/1794/2188 789/1809/2188
f 771/1778/2189 781/1797/2189 782/1799/2189
f 790/1810/2190 789/1809/2190 810/1854/2190
f 787/1806/2191 798/1822/2191 799/1824/2191
f 783/1800/2192 793/1815/2192 794/1817/2192
f 796/1819/2193 785/1803/2193 795/1818/2193
f 788/1808/2194 799/1823/2194 789/1809/2194
f 779/1794/2195 788/1808/2195 789/1809/2195
f 811/1857/2196 790/1811/2196 810/1853/2196
f 781/1797/2197 791/1812/2197 792/1814/2197
f 786/1805/2198 796/1819/2198 797/1820/2198
f 787/1806/2199 797/1821/2199 798/1822/2199
f 800/1826/2200 827/1898/2200 820/1878/2200
f 794/1817/2201 814/1863/2201 815/1865/2201
f 816/1868/2202 796/1819/2202 795/1818/2202
f 789/1809/2203 819/1875/2203 809/1851/2203
f 795/1818/2204 815/1866/2204 816/1868/2204
f 818/1873/2205 797/1821/2205 817/1870/2205
f 792/1814/2206 812/1858/2206 813/1860/2206
f 813/1862/99 804/1836/99 814/1864/99
f 793/1815/2207 813/1861/2207 814/1863/2207
f 789/1809/2208 809/1851/2208 810/1854/2208
f 799/1824/2209 818/1873/2209 819/1876/2209
f 800/1827/2210 810/1855/2210 809/1852/2210
f 801/1829/491 811/1856/491 810/1855/491
f 802/1832/1991 812/1859/1991 811/1856/1991
f 802/1832/1433 803/1834/1433 812/1859/1433
f 803/1834/2211 813/1862/2211 812/1859/2211
f 816/1869/2212 807/1845/2212 817/1871/2212
f 804/1836/99 805/1839/99 814/1864/99
f 805/1839/2213 806/1843/2213 815/1867/2213
f 807/1845/2214 818/1874/2214 817/1871/2214
f 808/1848/2215 809/1852/2215 819/1877/2215
f 823/1886/2216 803/1835/2216 822/1883/2216
f 827/1900/99 825/1893/99 823/1887/99
f 806/1842/2217 824/1889/2217 825/1891/2217
f 802/1833/2218 821/1881/2218 822/1884/2218
f 807/1844/2219 825/1892/2219 826/1894/2219
f 805/1840/2220 823/1888/2220 824/1889/2220
f 808/1847/2152 826/1895/2152 827/1899/2152
f 801/1830/2221 820/1880/2221 821/1881/2221
f 832/1911/2222 831/1910/2222 833/1913/2222
f 828/1901/2223 830/1906/2223 848/1951/2223
f 829/1904/2224 830/1907/2224 831/1910/2224
f 828/1901/2225 846/1946/2225 847/1948/2225
f 833/1913/2226 836/1920/2226 834/1916/2226
f 836/1921/2227 838/1927/2227 835/1918/2227
f 838/1928/2228 840/1932/2228 837/1925/2228
f 839/1929/2229 840/1931/2229 842/1936/2229
f 842/1936/2230 844/1940/2230 841/1934/2230
f 844/1941/2231 845/1944/2231 843/1938/2231
f 845/1944/2232 847/1949/2232 843/1938/2232
f 848/1952/1626 835/1919/1626 839/1930/1626
f 858/1985/2233 828/1902/2233 849/1953/2233
f 872/2013/2234 861/1991/2234 871/2011/2234
f 836/1922/2235 833/1914/2235 855/1973/2235
f 847/1950/2236 857/1981/2236 849/1953/2236
f 836/1922/2237 855/1973/2237 851/1962/2237
f 842/1937/2238 840/1932/2238 853/1968/2238
f 830/1908/2239 858/1985/2239 850/1957/2239
f 831/1909/2240 830/1908/2240 850/1957/2240
f 844/1942/2241 842/1937/2241 853/1968/2241
f 850/1957/2242 858/1985/2242 859/1986/2242
f 849/1954/2243 868/2005/2243 854/1971/2243
f 850/1957/2244 859/1986/2244 860/1988/2244
f 855/1974/2245 850/1958/2245 860/1989/2245
f 853/1969/2246 865/1999/2246 866/2001/2246
f 857/1982/2247 853/1970/2247 866/2002/2247
f 858/1984/2248 849/1955/2248 854/1972/2248
f 849/1956/2249 857/1982/2249 868/2007/2249
f 855/1974/2250 860/1989/2250 861/1990/2250
f 855/1975/2251 861/1991/2251 862/1993/2251
f 865/2000/2252 856/1980/2252 864/1996/2252
f 878/2021/2253 867/2004/2253 877/2020/2253
f 867/2004/2254 876/2018/2254 877/2020/2254
f 863/1995/2255 872/2013/2255 873/2014/2255
f 878/2022/2256 854/1972/2256 868/2006/2256
f 875/2017/2257 864/1996/2257 874/2016/2257
f 860/1989/2258 859/1987/2258 870/2010/2258
f 866/2003/2259 875/2017/2259 876/2019/2259
f 861/1990/2260 860/1989/2260 871/2012/2260
f 879/2023/2261 878/2022/2261 890/2039/2261
f 869/2008/2262 879/2023/2262 880/2025/2262
f 873/2014/2263 884/2030/2263 885/2032/2263
f 874/2016/2264 885/2031/2264 886/2033/2264
f 871/2012/2265 881/2026/2265 882/2028/2265
f 870/2010/2266 880/2024/2266 881/2026/2266
f 874/2016/2267 886/2033/2267 887/2034/2267
f 888/2036/2268 877/2020/2268 876/2018/2268
f 876/2019/2269 887/2034/2269 888/2035/2269
f 871/2011/2270 882/2027/2270 883/2029/2270
f 905/2076/2271 884/2030/2271 883/2029/2271
f 872/2013/2272 883/2029/2272 884/2030/2272
f 885/2032/2273 906/2078/2273 907/2079/2273
f 880/2025/2274 902/2067/2274 903/2069/2274
f 890/2039/1816 910/2087/1816 901/2065/1816
f 879/2023/2275 890/2039/2275 901/2065/2275
f 881/2026/2276 880/2024/2276 903/2070/2276
f 881/2026/2277 903/2070/2277 904/2072/2277
f 887/2034/2278 907/2080/2278 908/2082/2278
f 882/2028/2279 881/2026/2279 904/2072/2279
f 882/2028/2280 904/2072/2280 905/2074/2280
f 888/2035/2281 887/2034/2281 909/2084/2281
f 902/2067/2282 879/2023/2282 901/2065/2282
f 889/2037/2283 909/2085/2283 910/2088/2283
f 891/2041/890 902/2068/890 901/2066/890
f 908/2083/2284 897/2057/2284 898/2058/2284
f 892/2043/2285 903/2071/2285 902/2068/2285
f 892/2043/1757 893/2045/1757 903/2071/1757
f 893/2045/6 904/2073/6 903/2071/6
f 893/2045/491 894/2049/491 904/2073/491
f 894/2049/2286 905/2075/2286 904/2073/2286
f 895/2051/2287 906/2077/2287 905/2075/2287
f 895/2051/101 896/2053/101 906/2077/101
f 896/2053/6 897/2057/6 907/2081/6
f 900/2063/609 901/2066/609 910/2089/609
f 898/2058/1607 899/2061/1607 909/2086/1607
f 918/2109/2288 899/2062/2288 917/2106/2288
f 914/2100/1483 912/2093/1483 918/2110/1483
f 897/2056/2289 915/2101/2289 916/2103/2289
f 898/2059/2290 916/2104/2290 917/2107/2290
f 895/2052/2291 913/2095/2291 914/2098/2291
f 911/2092/2292 900/2064/2292 918/2109/2292
f 896/2054/2293 914/2099/2293 915/2101/2293
f 892/2044/2294 911/2090/2294 912/2094/2294
f 893/2046/2295 912/2094/2295 913/2096/2295
f 928/2134/2296 925/2126/2296 926/2128/2296
f 920/2114/2297 922/2118/2297 919/2112/2297
f 922/2119/2298 924/2123/2298 921/2116/2298
f 923/2121/2299 924/2123/2299 926/2129/2299
f 930/2140/2300 927/2131/2300 928/2134/2300
f 932/2144/2301 929/2136/2301 930/2138/2301
f 938/2159/2302 937/2157/2302 920/2114/2302
f 932/2144/2303 934/2149/2303 931/2141/2303
f 933/2146/2304 934/2150/2304 936/2154/2304
f 935/2151/2305 936/2154/2305 937/2156/2305
f 935/2153/2306 923/2122/2306 927/2132/2306
f 946/2186/2307 937/2158/2307 943/2178/2307
f 928/2133/2308 945/2182/2308 952/2200/2308
f 922/2120/2309 920/2115/2309 939/2163/2309
f 932/2143/2310 930/2139/2310 941/2171/2310
f 937/2158/2311 936/2155/2311 943/2178/2311
f 930/2139/2312 928/2133/2312 952/2200/2312
f 928/2133/2313 926/2130/2313 945/2182/2313
f 932/2143/2314 941/2171/2314 942/2174/2314
f 942/2176/2315 954/2206/2315 955/2209/2315
f 930/2139/2316 952/2200/2316 941/2171/2316
f 939/2164/2317 948/2190/2317 949/2193/2317
f 940/2166/2318 939/2164/2318 949/2193/2318
f 956/2213/2319 966/2229/2319 967/2230/2319
f 944/2180/2320 940/2167/2320 950/2196/2320
f 943/2177/2321 942/2175/2321 956/2211/2321
f 943/2178/2322 956/2212/2322 957/2214/2322
f 943/2178/2323 957/2214/2323 946/2186/2323
f 944/2180/2324 950/2196/2324 951/2198/2324
f 945/2183/2325 944/2181/2325 951/2199/2325
f 952/2201/2326 945/2183/2326 951/2199/2326
f 946/2185/2327 957/2215/2327 958/2216/2327
f 959/2218/2328 948/2191/2328 947/2188/2328
f 951/2199/2329 962/2223/2329 963/2224/2329
f 957/2215/2330 967/2230/2330 968/2232/2330
f 952/2201/2331 963/2224/2331 964/2225/2331
f 965/2227/2332 953/2204/2332 964/2226/2332
f 953/2203/2333 952/2201/2333 964/2225/2333
f 959/2218/2334 958/2217/2334 968/2231/2334
f 949/2193/2335 948/2190/2335 960/2219/2335
f 955/2209/2336 965/2227/2336 966/2228/2336
f 949/2193/2337 960/2219/2337 961/2221/2337
f 980/2249/2338 959/2218/2338 968/2231/2338
f 950/2197/2339 961/2221/2339 962/2222/2339
f 967/2230/2340 978/2246/2340 979/2247/2340
f 963/2224/2341 973/2239/2341 974/2241/2341
f 968/2232/2342 979/2247/2342 980/2248/2342
f 960/2220/2343 969/2233/2343 970/2234/2343
f 964/2226/2344 974/2240/2344 975/2242/2344
f 977/2245/2345 967/2230/2345 966/2229/2345
f 965/2227/2346 975/2242/2346 976/2243/2346
f 965/2227/2347 976/2243/2347 977/2244/2347
f 966/2228/2348 965/2227/2348 977/2244/2348
f 993/2281/2349 971/2236/2349 992/2278/2349
f 962/2223/2350 972/2237/2350 973/2239/2350
f 970/2235/2351 991/2275/2351 992/2278/2351
f 980/2249/2352 999/2296/2352 990/2273/2352
f 975/2242/2353 995/2285/2353 996/2288/2353
f 969/2233/2354 980/2249/2354 990/2273/2354
f 997/2291/2355 978/2246/2355 977/2245/2355
f 977/2244/2356 996/2288/2356 997/2290/2356
f 999/2297/2357 978/2246/2357 998/2294/2357
f 972/2237/2358 993/2280/2358 994/2283/2358
f 990/2274/2359 982/2254/2359 991/2276/2359
f 969/2233/2360 990/2273/2360 991/2277/2360
f 974/2241/2361 994/2283/2361 995/2286/2361
f 983/2257/6 993/2282/6 992/2279/6
f 995/2287/2213 985/2262/2213 986/2264/2213
f 984/2259/364 985/2262/364 994/2284/364
f 986/2264/218 996/2289/218 995/2287/218
f 987/2267/2362 997/2292/2362 996/2289/2362
f 1006/2315/2363 989/2272/2363 1005/2311/2363
f 988/2269/1125 998/2293/1125 997/2292/1125
f 988/2269/1125 989/2271/1125 998/2293/1125
f 1001/2302/893 1006/2316/893 1004/2310/893
f 987/2266/2364 1003/2306/2364 1004/2309/2364
f 983/2255/2365 1000/2298/2365 1001/2300/2365
f 984/2258/2366 983/2256/2366 1001/2301/2366
f 988/2268/2367 1004/2309/2367 1005/2312/2367
f 985/2261/2368 1001/2301/2368 1002/2303/2368
f 1025/2361/2369 1022/2354/2369 1023/2356/2369
f 982/2253/2370 1006/2314/2370 1000/2298/2370
f 986/2263/2371 1002/2304/2371 1003/2307/2371
f 1009/2323/2372 1008/2319/2372 1010/2325/2372
f 1010/2325/2373 1013/2332/2373 1009/2323/2373
f 1012/2329/2374 1013/2332/2374 1014/2334/2374
f 1014/2335/2375 1017/2343/2375 1012/2330/2375
f 1016/2341/2376 1017/2344/2376 1019/2348/2376
f 1018/2345/2377 1019/2347/2377 1021/2352/2377
f 1021/2352/2378 1023/2357/2378 1020/2350/2378
f 1008/2321/2379 1026/2364/2379 1027/2366/2379
f 1025/2361/2380 1027/2367/2380 1024/2359/2380
f 1018/2346/2381 1026/2365/2381 1012/2331/2381
f 1036/2401/2382 1021/2353/2382 1035/2398/2382
f 1014/2336/2383 1030/2380/2383 1031/2382/2383
f 1035/2398/2384 1019/2348/2384 1032/2386/2384
f 1025/2362/2385 1036/2401/2385 1033/2391/2385
f 1008/2320/2386 1028/2370/2386 1029/2373/2386
f 1013/2333/2387 1029/2373/2387 1030/2380/2387
f 1017/2344/2388 1014/2336/2388 1031/2382/2388
f 1027/2368/2389 1033/2391/2389 1028/2370/2389
f 1032/2388/2390 1042/2415/2390 1043/2416/2390
f 1010/2326/2391 1008/2320/2391 1029/2373/2391
f 1032/2387/2392 1043/2417/2392 1044/2419/2392
f 1030/2378/2393 1029/2374/2393 1039/2407/2393
f 1030/2379/2394 1039/2406/2394 1040/2409/2394
f 1031/2383/2395 1040/2410/2395 1042/2414/2395
f 1041/2413/2396 1051/2434/2396 1052/2436/2396
f 1029/2375/2397 1028/2371/2397 1034/2394/2397
f 1029/2376/2398 1034/2395/2398 1038/2404/2398
f 1028/2372/2399 1033/2392/2399 1047/2426/2399
f 1035/2397/2400 1044/2420/2400 1045/2421/2400
f 1042/2415/2401 1040/2412/2401 1041/2413/2401
f 1038/2405/2402 1034/2396/2402 1037/2402/2402
f 1034/2396/2403 1047/2427/2403 1037/2402/2403
f 1053/2438/2404 1041/2413/2404 1052/2436/2404
f 1046/2423/2405 1056/2441/2405 1057/2443/2405
f 1047/2428/2406 1057/2443/2406 1058/2444/2406
f 1037/2402/2407 1048/2429/2407 1049/2431/2407
f 1050/2433/2408 1037/2402/2408 1049/2431/2408
f 1043/2418/2409 1053/2437/2409 1054/2439/2409
f 1053/2438/2410 1064/2453/2410 1065/2454/2410
f 1047/2427/2411 1058/2445/2411 1048/2429/2411
f 1039/2407/2412 1050/2432/2412 1051/2435/2412
f 1040/2411/2413 1039/2407/2413 1051/2435/2413
f 1062/2450/2414 1051/2435/2414 1050/2432/2414
f 1048/2429/2415 1059/2446/2415 1060/2447/2415
f 1058/2444/2416 1057/2443/2416 1070/2462/2416
f 1053/2438/2417 1065/2454/2417 1066/2456/2417
f 1049/2431/2418 1060/2447/2418 1061/2449/2418
f 1058/2445/2419 1070/2461/2419 1059/2446/2419
f 1050/2432/2420 1061/2448/2420 1062/2450/2420
f 1054/2439/2421 1066/2455/2421 1067/2457/2421
f 1069/2460/2422 1055/2440/2422 1068/2458/2422
f 1055/2440/2423 1067/2457/2423 1068/2458/2423
f 1086/2502/2424 1065/2454/2424 1085/2499/2424
f 1052/2436/2425 1063/2451/2425 1064/2453/2425
f 1061/2449/2426 1081/2489/2426 1082/2490/2426
f 1083/2494/2427 1062/2450/2427 1082/2491/2427
f 1066/2455/2428 1086/2501/2428 1087/2504/2428
f 1074/2472/1483 1085/2500/1483 1084/2496/1483
f 1068/2458/2429 1087/2504/2429 1088/2506/2429
f 1063/2452/2430 1083/2494/2430 1084/2497/2430
f 1069/2459/2431 1088/2507/2431 1089/2509/2431
f 1064/2453/1605 1084/2498/1605 1085/2499/1605
f 1070/2462/2432 1089/2509/2432 1090/2512/2432
f 1071/2464/1489 1072/2466/1489 1081/2488/1489
f 1072/2466/2433 1082/2492/2433 1081/2488/2433
f 1072/2466/2434 1083/2493/2434 1082/2492/2434
f 1086/2503/2435 1077/2478/2435 1087/2505/2435
f 1076/2476/1756 1086/2503/1756 1085/2500/1756
f 1077/2478/2436 1088/2508/2436 1087/2505/2436
f 1090/2513/832 1079/2484/832 1080/2486/832
f 1078/2482/832 1079/2484/832 1089/2510/832
f 1071/2464/2213 1081/2488/2213 1090/2513/2213
f 1093/2520/2437 1083/2495/2437 1092/2518/2437
f 1092/2517/1607 1097/2531/1607 1095/2526/1607
f 1096/2529/2438 1077/2479/2438 1095/2525/2438
f 1096/2530/2439 1079/2485/2439 1078/2481/2439
f 1092/2518/2440 1071/2465/2440 1091/2514/2440
f 1075/2474/2441 1093/2519/2441 1094/2522/2441
f 1095/2527/2442 1076/2477/2442 1094/2523/2442
f 1080/2487/2443 1097/2532/2443 1091/2515/2443
f 1103/2545/2444 1100/2538/2444 1101/2540/2444
f 1099/2536/2445 1101/2541/2445 1098/2533/2445
f 1102/2543/2446 1105/2551/2446 1104/2547/2446
f 1109/2561/2447 1106/2553/2447 1107/2555/2447
f 1104/2548/2448 1105/2550/2448 1107/2555/2448
f 1113/2569/2449 1110/2563/2449 1111/2565/2449
f 1109/2562/2450 1111/2566/2450 1108/2558/2450
f 1117/2580/2451 1114/2572/2451 1115/2574/2451
f 1112/2567/2452 1113/2569/2452 1115/2575/2452
f 1099/2536/2453 1118/2582/2453 1119/2584/2453
f 1117/2580/2454 1119/2585/2454 1116/2577/2454
f 1118/2583/381 1104/2549/381 1112/2568/381
f 1123/2597/2455 1113/2570/2455 1111/2566/2455
f 1109/2562/2456 1107/2556/2456 1126/2605/2456
f 1103/2546/2457 1101/2542/2457 1122/2595/2457
f 1123/2597/2458 1109/2562/2458 1126/2605/2458
f 1119/2586/2459 1127/2607/2459 1120/2589/2459
f 1130/2613/2460 1103/2546/2460 1122/2595/2460
f 1117/2579/2461 1115/2576/2461 1124/2601/2461
f 1148/2648/2462 1137/2629/2462 1147/2646/2462
f 1117/2579/2463 1124/2601/2463 1127/2607/2463
f 1107/2556/2464 1131/2615/2464 1126/2605/2464
f 1124/2600/2465 1135/2625/2465 1136/2627/2465
f 1120/2590/2466 1128/2609/2466 1121/2592/2466
f 1121/2592/2467 1128/2609/2467 1129/2610/2467
f 1125/2603/2468 1121/2593/2468 1129/2611/2468
f 1137/2629/2469 1136/2628/2469 1147/2646/2469
f 1132/2617/2470 1131/2616/2470 1143/2641/2470
f 1132/2617/2471 1143/2641/2471 1144/2642/2471
f 1143/2641/2472 1130/2614/2472 1142/2638/2472
f 1128/2609/2473 1139/2633/2473 1140/2635/2473
f 1129/2610/2474 1128/2609/2474 1140/2635/2474
f 1129/2611/2475 1140/2636/2475 1141/2637/2475
f 1125/2603/2476 1141/2637/2476 1142/2639/2476
f 1159/2663/2477 1148/2648/2477 1147/2646/2477
f 1144/2642/2478 1143/2641/2478 1154/2656/2478
f 1161/2666/2479 1148/2648/2479 1160/2664/2479
f 1158/2662/2480 1146/2645/2480 1157/2660/2480
f 1145/2644/2481 1155/2657/2481 1156/2659/2481
f 1141/2637/2482 1150/2651/2482 1151/2652/2482
f 1146/2645/2483 1156/2659/2483 1157/2660/2483
f 1171/2691/2484 1160/2664/2484 1181/2715/2484
f 1147/2646/2485 1158/2661/2485 1159/2663/2485
f 1143/2641/2486 1153/2655/2486 1154/2656/2486
f 1173/2697/2487 1150/2651/2487 1172/2693/2487
f 1155/2658/2488 1176/2703/2488 1177/2706/2488
f 1156/2659/2489 1177/2707/2489 1178/2708/2489
f 1178/2708/2490 1157/2660/2490 1156/2659/2490
f 1153/2655/2491 1174/2700/2491 1175/2701/2491
f 1152/2653/2492 1173/2697/2492 1174/2698/2492
f 1172/2695/491 1162/2669/491 1163/2670/491
f 1158/2662/2493 1179/2710/2493 1180/2712/2493
f 1159/2663/2494 1180/2713/2494 1181/2715/2494
f 1154/2656/2495 1175/2701/2495 1176/2703/2495
f 1149/2649/2496 1171/2690/2496 1172/2694/2496
f 1176/2704/2497 1166/2678/2497 1167/2680/2497
f 1164/2672/490 1173/2696/490 1172/2695/490
f 1165/2676/606 1174/2699/606 1173/2696/606
f 1165/2676/1433 1166/2678/1433 1174/2699/1433
f 1166/2678/2498 1175/2702/2498 1174/2699/2498
f 1179/2711/2499 1168/2684/2499 1169/2685/2499
f 1170/2688/2500 1171/2692/2500 1181/2716/2500
f 1169/2685/2501 1180/2714/2501 1179/2711/2501
f 1169/2685/2502 1170/2688/2502 1180/2714/2502
f 1188/2734/2503 1169/2686/2503 1187/2731/2503
f 1185/2727/1433 1183/2721/1433 1188/2735/1433
f 1168/2682/2504 1186/2728/2504 1187/2730/2504
f 1164/2673/2505 1183/2720/2505 1184/2722/2505
f 1169/2686/2506 1168/2683/2506 1187/2731/2506
f 1166/2677/2507 1184/2723/2507 1185/2725/2507
f 1192/2744/2508 1191/2742/2508 1194/2750/2508
f 1167/2681/2509 1185/2726/2509 1186/2728/2509
f 1163/2671/2510 1182/2717/2510 1183/2720/2510
f 1162/2668/2511 1188/2733/2511 1182/2718/2511
f 1189/2737/2512 1190/2740/2512 1191/2742/2512
f 1198/2759/2513 1197/2756/2513 1199/2761/2513
f 1194/2750/2514 1196/2753/2514 1193/2747/2514
f 1196/2754/2515 1197/2756/2515 1195/2751/2515
f 1203/2772/2516 1200/2764/2516 1201/2766/2516
f 1199/2762/2517 1201/2766/2517 1198/2758/2517
f 1203/2771/2518 1205/2776/2518 1202/2768/2518
f 1205/2776/2519 1207/2781/2519 1204/2774/2519
f 1206/2779/2520 1207/2781/2520 1209/2788/2520
f 1207/2782/2521 1214/2804/2521 1228/2837/2521
f 1209/2789/2522 1190/2741/2522 1208/2785/2522
f 1205/2777/2523 1213/2802/2523 1214/2804/2523
f 1193/2748/2524 1202/2770/2524 1206/2780/2524
f 1228/2837/2525 1209/2789/2525 1207/2782/2525
f 1199/2763/2526 1223/2825/2526 1216/2809/2526
f 1211/2794/2527 1191/2743/2527 1190/2741/2527
f 1203/2773/2528 1201/2767/2528 1213/2802/2528
f 1207/2782/2529 1205/2777/2529 1214/2804/2529
f 1197/2757/2530 1212/2798/2530 1223/2825/2530
f 1250/2868/2531 1239/2853/2531 1238/2851/2531
f 1216/2810/2532 1224/2826/2532 1225/2828/2532
f 1213/2800/2533 1216/2810/2533 1225/2828/2533
f 1212/2797/2534 1215/2807/2534 1220/2818/2534
f 1213/2801/2535 1225/2827/2535 1226/2831/2535
f 1214/2805/2536 1226/2832/2536 1227/2834/2536
f 1228/2836/2537 1214/2806/2537 1227/2835/2537
f 1210/2791/2538 1228/2837/2538 1217/2811/2538
f 1225/2828/2539 1237/2850/2539 1238/2852/2539
f 1221/2820/2540 1232/2844/2540 1233/2845/2540
f 1238/2851/2541 1227/2835/2541 1226/2833/2541
f 1218/2814/2542 1229/2839/2542 1230/2840/2542
f 1222/2822/2543 1233/2845/2543 1234/2846/2543
f 1228/2836/2544 1227/2835/2544 1239/2853/2544
f 1223/2823/2545 1234/2846/2545 1235/2848/2545
f 1217/2812/2546 1240/2855/2546 1229/2839/2546
f 1228/2836/2547 1239/2853/2547 1240/2854/2547
f 1224/2826/2548 1223/2824/2548 1235/2847/2548
f 1218/2813/2549 1230/2841/2549 1231/2842/2549
f 1232/2843/2550 1219/2815/2550 1231/2842/2550
f 1225/2828/2551 1236/2849/2551 1237/2850/2551
f 1247/2864/2552 1234/2846/2552 1246/2863/2552
f 1229/2839/2553 1241/2856/2553 1242/2858/2553
f 1252/2872/2554 1239/2853/2554 1251/2870/2554
f 1230/2840/2555 1229/2839/2555 1242/2858/2555
f 1243/2859/2556 1230/2841/2556 1242/2857/2556
f 1241/2856/2557 1240/2855/2557 1252/2871/2557
f 1247/2865/2558 1236/2849/2558 1235/2847/2558
f 1250/2869/2559 1237/2850/2559 1249/2867/2559
f 1231/2842/2560 1243/2859/2560 1244/2860/2560
f 1236/2849/2561 1248/2866/2561 1249/2867/2561
f 1245/2862/2562 1232/2844/2562 1244/2861/2562
f 1262/2897/2563 1251/2870/2563 1270/2917/2563
f 1233/2845/2564 1245/2862/2564 1246/2863/2564
f 1253/2874/2127 1278/2938/2127 1271/2919/2127
f 1266/2907/2565 1245/2862/2565 1265/2905/2565
f 1247/2864/2566 1266/2907/2566 1267/2909/2566
f 1248/2866/2567 1247/2865/2567 1267/2910/2567
f 1243/2859/2568 1263/2899/2568 1264/2902/2568
f 1248/2866/2569 1267/2910/2569 1268/2912/2569
f 1249/2867/2570 1248/2866/2570 1268/2912/2570
f 1249/2867/2571 1268/2912/2571 1269/2914/2571
f 1244/2860/2572 1264/2902/2572 1265/2904/2572
f 1250/2869/2573 1249/2867/2573 1269/2914/2573
f 1245/2862/2574 1244/2861/2574 1265/2905/2574
f 1250/2868/2575 1269/2915/2575 1270/2917/2575
f 1263/2900/2576 1241/2856/2576 1262/2896/2576
f 1263/2901/1074 1253/2875/1074 1254/2877/1074
f 1254/2877/2577 1264/2903/2577 1263/2901/2577
f 1265/2906/2578 1255/2880/2578 1256/2882/2578
f 1266/2908/2579 1256/2882/2579 1257/2884/2579
f 1267/2911/2142 1257/2884/2142 1258/2886/2142
f 1268/2913/2580 1258/2886/2580 1259/2889/2580
f 1259/2889/425 1269/2916/425 1268/2913/425
f 1270/2918/1679 1260/2892/1679 1261/2895/1679
f 1261/2895/2581 1262/2898/2581 1270/2918/2581
f 1276/2933/2582 1258/2887/2582 1275/2931/2582
f 1274/2929/6 1272/2923/6 1278/2939/6
f 1275/2931/2583 1257/2885/2583 1274/2928/2583
f 1255/2879/2584 1272/2922/2584 1273/2925/2584
f 1260/2891/2585 1276/2932/2585 1277/2935/2585
f 1261/2894/2152 1277/2936/2152 1278/2938/2152
f 1280/2942/2586 1279/2940/2586 1282/2947/2586
f 1254/2876/2154 1271/2920/2154 1272/2922/2154
f 1284/2952/2587 1283/2950/2587 1286/2958/2587
f 1282/2948/2588 1283/2950/2588 1281/2945/2588
f 1288/2962/2589 1291/2970/2589 1290/2966/2589
f 1286/2958/2590 1287/2960/2590 1285/2954/2590
f 1287/2961/2591 1289/2965/2591 1285/2955/2591
f 1292/2972/2592 1291/2971/2592 1294/2977/2592
f 1294/2977/2593 1296/2981/2593 1293/2975/2593
f 1296/2982/2594 1298/2986/2594 1295/2979/2594
f 1298/2986/2595 1299/2988/2595 1297/2984/2595
f 1300/2992/2596 1299/2989/2596 1279/2940/2596
f 1302/3000/2597 1283/2951/2597 1282/2949/2597
f 1288/2963/2598 1295/2980/2598 1281/2946/2598
f 1302/3000/2599 1279/2941/2599 1301/2995/2599
f 1289/2964/2600 1304/3004/2600 1305/3010/2600
f 1308/3020/2601 1296/2983/2601 1307/3017/2601
f 1294/2978/2602 1291/2969/2602 1306/3014/2602
f 1299/2990/2603 1298/2987/2603 1308/3020/2603
f 1291/2969/2604 1289/2964/2604 1305/3010/2604
f 1299/2990/2605 1308/3020/2605 1301/2995/2605
f 1313/3032/2606 1303/3003/2606 1302/2998/2606
f 1294/2978/2607 1306/3014/2607 1307/3017/2607
f 1319/3048/2608 1306/3015/2608 1311/3027/2608
f 1310/3025/2609 1303/3003/2609 1309/3022/2609
f 1320/3050/2610 1308/3021/2610 1307/3018/2610
f 1312/3029/2611 1301/2997/2611 1322/3055/2611
f 1304/3005/2612 1310/3023/2612 1316/3037/2612
f 1305/3011/2613 1304/3006/2613 1316/3038/2613
f 1327/3062/2614 1314/3034/2614 1326/3060/2614
f 1301/2996/2615 1308/3021/2615 1321/3052/2615
f 1302/2999/2616 1312/3028/2616 1313/3030/2616
f 1319/3048/2617 1311/3027/2617 1318/3045/2617
f 1310/3024/2618 1314/3034/2618 1315/3035/2618
f 1316/3039/2619 1310/3024/2619 1315/3035/2619
f 1331/3068/2620 1321/3052/2620 1320/3050/2620
f 1320/3050/2621 1319/3047/2621 1330/3066/2621
f 1320/3050/2622 1330/3066/2622 1331/3068/2622
f 1328/3063/2623 1315/3035/2623 1327/3062/2623
f 1318/3045/2624 1328/3064/2624 1329/3065/2624
f 1313/3031/2625 1312/3029/2625 1324/3058/2625
f 1322/3055/2626 1332/3070/2626 1323/3056/2626
f 1325/3059/2627 1313/3032/2627 1324/3057/2627
f 1330/3067/2628 1318/3045/2628 1329/3065/2628
f 1312/3029/2629 1322/3055/2629 1323/3056/2629
f 1314/3033/2630 1325/3059/2630 1326/3061/2630
f 1344/3087/2631 1332/3070/2631 1343/3085/2631
f 1327/3062/2632 1337/3077/2632 1338/3079/2632
f 1328/3063/2633 1327/3062/2633 1338/3079/2633
f 1332/3069/2634 1342/3084/2634 1343/3086/2634
f 1324/3058/2635 1323/3056/2635 1333/3071/2635
f 1324/3058/2636 1333/3071/2636 1334/3072/2636
f 1335/3074/2637 1326/3061/2637 1325/3059/2637
f 1328/3064/2638 1338/3078/2638 1339/3080/2638
f 1325/3059/2639 1334/3073/2639 1335/3074/2639
f 1329/3065/2640 1339/3080/2640 1340/3081/2640
f 1340/3081/2641 1330/3067/2641 1329/3065/2641
f 1358/3122/2642 1335/3074/2642 1357/3118/2642
f 1327/3062/2643 1336/3075/2643 1337/3077/2643
f 1338/3079/2644 1360/3126/2644 1361/3128/2644
f 1339/3080/2645 1338/3078/2645 1361/3129/2645
f 1344/3087/2646 1365/3137/2646 1355/3113/2646
f 1339/3080/2647 1361/3129/2647 1362/3130/2647
f 1333/3071/2648 1344/3087/2648 1355/3113/2648
f 1340/3081/2649 1362/3130/2649 1363/3132/2649
f 1360/3126/2650 1337/3077/2650 1359/3123/2650
f 1336/3075/2651 1358/3120/2651 1359/3123/2651
f 1342/3084/2652 1363/3133/2652 1364/3135/2652
f 1364/3135/2653 1343/3086/2653 1342/3084/2653
f 1346/3092/2654 1357/3119/2654 1356/3117/2654
f 1345/3089/895 1346/3092/895 1355/3114/895
f 1359/3124/6 1349/3099/6 1360/3125/6
f 1347/3095/2655 1358/3121/2655 1357/3119/2655
f 1347/3095/2656 1348/3097/2656 1358/3121/2656
f 1348/3097/2498 1359/3124/2498 1358/3121/2498
f 1364/3136/1607 1352/3107/1607 1353/3110/1607
f 1350/3101/2657 1351/3104/2657 1362/3131/2657
f 1364/3136/6 1354/3112/6 1365/3138/6
f 1345/3089/1489 1355/3114/1489 1365/3138/1489
f 1368/3147/423 1366/3142/423 1370/3152/423
f 1347/3094/2658 1367/3143/2658 1368/3145/2658
f 1351/3105/2659 1370/3151/2659 1371/3155/2659
f 1348/3096/2507 1368/3146/2507 1369/3148/2507
f 1370/3153/2660 1349/3100/2660 1369/3149/2660
f 1375/3166/2661 1372/3157/2661 1373/3159/2661
f 1380/3178/2662 1376/3167/2662 1377/3170/2662
f 1375/3165/2663 1377/3170/2663 1374/3161/2663
f 1382/3183/2664 1381/3180/2664 1383/3185/2664
f 1379/3174/2665 1380/3176/2665 1381/3180/2665
f 1373/3159/2666 1390/3202/2666 1391/3204/2666
f 1383/3186/2667 1385/3190/2667 1382/3182/2667
f 1385/3189/2668 1387/3194/2668 1384/3187/2668
f 1387/3195/2669 1389/3199/2669 1386/3192/2669
f 1389/3199/2670 1391/3205/2670 1388/3197/2670
f 1391/3206/2671 1389/3200/2671 1399/3226/2671
f 1390/3203/173 1378/3173/173 1382/3184/173
f 1396/3218/2672 1394/3212/2672 1407/3243/2672
f 1373/3160/2673 1400/3228/2673 1392/3208/2673
f 1380/3177/2674 1393/3210/2674 1395/3215/2674
f 1396/3219/2675 1383/3186/2675 1394/3213/2675
f 1411/3250/2676 1373/3160/2676 1391/3206/2676
f 1381/3179/2677 1395/3215/2677 1394/3213/2677
f 1416/3257/2678 1405/3238/2678 1415/3256/2678
f 1394/3214/2679 1395/3217/2679 1406/3240/2679
f 1392/3208/2680 1400/3228/2680 1401/3230/2680
f 1397/3220/2681 1408/3244/2681 1409/3246/2681
f 1395/3216/2682 1403/3235/2682 1404/3237/2682
f 1395/3217/2683 1404/3236/2683 1405/3238/2683
f 1396/3218/2684 1407/3243/2684 1408/3244/2684
f 1404/3236/2685 1414/3255/2685 1415/3256/2685
f 1410/3247/2686 1409/3245/2686 1420/3263/2686
f 1407/3242/2687 1416/3257/2687 1417/3258/2687
f 1410/3247/2688 1420/3263/2688 1421/3264/2688
f 1411/3249/2689 1421/3264/2689 1422/3265/2689
f 1412/3252/2690 1402/3233/2690 1401/3231/2690
f 1408/3244/2691 1417/3259/2691 1418/3260/2691
f 1404/3237/2692 1413/3253/2692 1414/3254/2692
f 1400/3227/2693 1422/3266/2693 1412/3251/2693
f 1403/3235/2694 1402/3233/2694 1413/3253/2694
f 1418/3260/2695 1409/3246/2695 1408/3244/2695
f 1413/3253/2696 1424/3268/2696 1425/3270/2696
f 1416/3257/2697 1428/3274/2697 1429/3276/2697
f 1412/3251/2698 1423/3267/2698 1424/3269/2698
f 1421/3264/2699 1432/3280/2699 1433/3282/2699
f 1417/3259/2700 1429/3275/2700 1430/3277/2700
f 1431/3279/2701 1420/3263/2701 1419/3261/2701
f 1422/3266/2702 1433/3281/2702 1423/3267/2702
f 1412/3251/2703 1422/3266/2703 1423/3267/2703
f 1413/3253/2704 1425/3270/2704 1426/3271/2704
f 1414/3254/2705 1413/3253/2705 1426/3271/2705
f 1419/3262/2706 1418/3260/2706 1431/3278/2706
f 1415/3256/2707 1414/3255/2707 1427/3273/2707
f 1450/3324/2708 1428/3274/2708 1449/3320/2708
f 1415/3256/2709 1427/3273/2709 1428/3274/2709
f 1425/3270/2710 1424/3268/2710 1446/3312/2710
f 1423/3267/2711 1433/3281/2711 1445/3311/2711
f 1430/3277/2712 1450/3323/2712 1451/3325/2712
f 1431/3278/2713 1451/3325/2713 1452/3327/2713
f 1426/3271/2714 1447/3315/2714 1448/3317/2714
f 1431/3278/2715 1452/3327/2715 1453/3329/2715
f 1427/3273/2716 1448/3318/2716 1449/3320/2716
f 1432/3280/2717 1431/3279/2717 1453/3330/2717
f 1432/3280/2718 1453/3330/2718 1454/3333/2718
f 1446/3314/2719 1423/3267/2719 1445/3311/2719
f 1435/3286/491 1447/3316/491 1446/3313/491
f 1433/3282/2720 1432/3280/2720 1454/3333/2720
f 1434/3283/6 1435/3286/6 1446/3313/6
f 1452/3328/6 1442/3304/6 1453/3331/6
f 1436/3289/1483 1437/3291/1483 1447/3316/1483
f 1437/3291/2721 1448/3319/2721 1447/3316/2721
f 1437/3291/2722 1449/3321/2722 1448/3319/2722
f 1441/3302/1031 1452/3328/1031 1451/3326/1031
f 1443/3306/1607 1454/3334/1607 1453/3331/1607
f 1443/3306/6 1444/3308/6 1454/3334/6
f 1456/3338/1175 1462/3355/1175 1460/3350/1175
f 1440/3300/2723 1459/3346/2723 1460/3348/2723
f 1436/3288/2724 1456/3339/2724 1457/3340/2724
f 1441/3301/2725 1460/3349/2725 1461/3351/2725
f 1437/3292/2726 1457/3341/2726 1458/3343/2726
f 1443/3307/2727 1461/3352/2727 1462/3354/2727
f 1456/3339/2728 1434/3284/2728 1455/3335/2728
f 1455/3337/2729 1444/3309/2729 1462/3354/2729
f 1481/3405/2730 1478/3395/2730 1479/3397/2730
f 1463/3357/2731 1465/3360/2731 1464/3358/2731
f 1466/3364/2732 1465/3361/2732 1467/3366/2732
f 1467/3366/2733 1469/3371/2733 1466/3364/2733
f 1468/3369/2734 1469/3371/2734 1471/3375/2734
f 1470/3373/2735 1471/3376/2735 1473/3382/2735
f 1472/3380/2736 1473/3383/2736 1475/3389/2736
f 1475/3389/2737 1477/3394/2737 1474/3386/2737
f 1477/3393/2738 1479/3398/2738 1476/3391/2738
f 1463/3357/2739 1480/3401/2739 1481/3403/2739
f 1481/3404/2740 1479/3399/2740 1499/3458/2740
f 1474/3387/2741 1464/3359/2741 1468/3370/2741
f 1483/3411/2742 1467/3367/2742 1491/3437/2742
f 1479/3399/2743 1477/3394/2743 1486/3420/2743
f 1463/3356/2744 1500/3461/2744 1482/3407/2744
f 1471/3377/2745 1469/3372/2745 1483/3411/2745
f 1491/3437/2746 1465/3362/2746 1482/3407/2746
f 1473/3383/2747 1484/3412/2747 1485/3416/2747
f 1477/3394/2748 1475/3389/2748 1489/3431/2748
f 1521/3492/2749 1509/3476/2749 1520/3491/2749
f 1463/3356/2750 1481/3404/2750 1500/3461/2750
f 1485/3417/2751 1495/3450/2751 1489/3432/2751
f 1483/3409/2752 1491/3436/2752 1492/3441/2752
f 1486/3421/2753 1489/3432/2753 1496/3453/2753
f 1486/3422/2754 1496/3452/2754 1498/3456/2754
f 1484/3413/2755 1483/3410/2755 1488/3427/2755
f 1484/3414/2756 1488/3428/2756 1494/3444/2756
f 1499/3459/2757 1486/3423/2757 1498/3457/2757
f 1482/3407/2758 1487/3424/2758 1490/3433/2758
f 1485/3418/2759 1484/3415/2759 1494/3445/2759
f 1485/3419/2760 1494/3446/2760 1495/3449/2760
f 1488/3429/2761 1492/3440/2761 1493/3442/2761
f 1494/3447/2762 1488/3430/2762 1493/3443/2762
f 1501/3463/2763 1490/3434/2763 1487/3425/2763
f 1498/3457/2764 1497/3454/2764 1509/3476/2764
f 1501/3464/2765 1499/3459/2765 1510/3477/2765
f 1534/3523/2766 1511/3478/2766 1533/3520/2766
f 1495/3450/2767 1506/3472/2767 1507/3473/2767
f 1489/3432/2768 1495/3450/2768 1507/3473/2768
f 1492/3441/2769 1491/3436/2769 1503/3467/2769
f 1496/3453/2770 1489/3432/2770 1507/3473/2770
f 1492/3441/2771 1503/3467/2771 1504/3469/2771
f 1497/3455/2772 1496/3453/2772 1508/3475/2772
f 1522/3494/2773 1510/3477/2773 1521/3492/2773
f 1506/3471/2774 1516/3485/2774 1517/3486/2774
f 1502/3466/2775 1511/3478/2775 1512/3479/2775
f 1518/3488/2776 1506/3472/2776 1517/3487/2776
f 1513/3481/2777 1504/3469/2777 1503/3467/2777
f 1503/3467/2778 1512/3480/2778 1513/3481/2778
f 1501/3463/2779 1522/3493/2779 1511/3478/2779
f 1507/3473/2780 1518/3488/2780 1519/3489/2780
f 1515/3484/2781 1505/3470/2781 1504/3468/2781
f 1508/3475/2782 1519/3489/2782 1520/3490/2782
f 1504/3468/2783 1514/3482/2783 1515/3484/2783
f 1538/3534/2784 1518/3488/2784 1517/3487/2784
f 1522/3494/2785 1521/3492/2785 1543/3545/2785
f 1535/3526/2786 1512/3480/2786 1534/3522/2786
f 1522/3493/2787 1543/3544/2787 1533/3520/2787
f 1539/3536/2788 1519/3489/2788 1518/3488/2788
f 1511/3478/2789 1522/3493/2789 1533/3520/2789
f 1535/3526/2790 1514/3483/2790 1513/3481/2790
f 1537/3531/2791 1515/3484/2791 1536/3527/2791
f 1520/3490/2792 1540/3538/2792 1541/3539/2792
f 1515/3484/2793 1514/3482/2793 1536/3527/2793
f 1520/3491/2794 1541/3540/2794 1542/3542/2794
f 1534/3524/6 1525/3501/6 1535/3525/6
f 1521/3492/2795 1520/3491/2795 1542/3542/2795
f 1521/3492/2796 1542/3542/2796 1543/3545/2796
f 1523/3497/42 1524/3499/42 1533/3521/42
f 1542/3543/2797 1532/3519/2797 1543/3546/2797
f 1525/3501/491 1526/3502/491 1535/3525/491
f 1526/3502/2798 1536/3528/2798 1535/3525/2798
f 1528/3508/2799 1539/3535/2799 1538/3533/2799
f 1529/3511/6 1540/3537/6 1539/3535/6
f 1531/3516/2800 1542/3543/2800 1541/3541/2800
f 1543/3546/99 1523/3497/99 1533/3521/99
f 1549/3562/1175 1547/3556/1175 1545/3551/1175
f 1529/3512/2801 1547/3557/2801 1548/3558/2801
f 1549/3563/2802 1530/3514/2802 1548/3559/2802
f 1526/3503/2803 1545/3550/2803 1546/3552/2803
f 1559/3587/2804 1556/3580/2804 1557/3582/2804
f 1527/3507/2805 1526/3504/2805 1546/3553/2805
f 1527/3507/2806 1546/3553/2806 1547/3555/2806
f 1524/3498/2807 1544/3547/2807 1545/3550/2807
f 1532/3518/2808 1549/3561/2808 1544/3548/2808
f 1551/3569/2809 1553/3573/2809 1550/3566/2809
f 1553/3572/2810 1554/3574/2810 1552/3570/2810
f 1554/3575/2811 1557/3583/2811 1555/3578/2811
f 1561/3592/2812 1558/3584/2812 1559/3587/2812
f 1562/3594/2813 1561/3593/2813 1564/3599/2813
f 1567/3607/2814 1563/3597/2814 1565/3601/2814
f 1564/3599/2815 1565/3602/2815 1563/3596/2815
f 1567/3607/2816 1569/3611/2816 1566/3604/2816
f 1567/3606/2817 1573/3627/2817 1574/3629/2817
f 1569/3612/2818 1551/3568/2818 1568/3609/2818
f 1563/3598/2819 1552/3571/2819 1556/3581/2819
f 1578/3641/2820 1553/3573/2820 1577/3638/2820
f 1573/3627/2821 1564/3600/2821 1572/3622/2821
f 1577/3638/2822 1551/3569/2822 1576/3635/2822
f 1564/3600/2823 1561/3591/2823 1572/3622/2823
f 1576/3635/2824 1569/3613/2824 1574/3629/2824
f 1557/3583/2825 1570/3617/2825 1571/3619/2825
f 1554/3575/2826 1578/3641/2826 1570/3617/2826
f 1561/3591/2827 1559/3586/2827 1583/3652/2827
f 1567/3606/2828 1565/3603/2828 1573/3627/2828
f 1559/3586/2829 1557/3583/2829 1571/3619/2829
f 1585/3659/2830 1572/3624/2830 1584/3656/2830
f 1557/3583/2831 1554/3575/2831 1570/3617/2831
f 1561/3591/2832 1583/3652/2832 1572/3622/2832
f 1576/3636/2833 1574/3630/2833 1588/3668/2833
f 1572/3623/2834 1575/3633/2834 1584/3655/2834
f 1577/3639/2835 1589/3669/2835 1590/3671/2835
f 1573/3625/2836 1585/3657/2836 1586/3660/2836
f 1571/3620/2837 1581/3647/2837 1582/3650/2837
f 1574/3631/2838 1573/3626/2838 1586/3661/2838
f 1574/3632/2839 1586/3662/2839 1587/3666/2839
f 1571/3621/2840 1582/3651/2840 1583/3653/2840
f 1574/3632/2841 1587/3666/2841 1588/3667/2841
f 1581/3648/2842 1579/3643/2842 1580/3644/2842
f 1585/3658/2843 1596/3680/2843 1597/3681/2843
f 1586/3663/2844 1585/3658/2844 1597/3681/2844
f 1581/3649/2845 1592/3673/2845 1593/3675/2845
f 1586/3663/2846 1597/3681/2846 1598/3683/2846
f 1594/3677/2847 1575/3634/2847 1583/3654/2847
f 1578/3640/2848 1577/3637/2848 1590/3670/2848
f 1588/3668/2849 1598/3682/2849 1589/3669/2849
f 1580/3644/2850 1591/3672/2850 1592/3674/2850
f 1578/3640/2851 1590/3670/2851 1591/3672/2851
f 1579/3643/2852 1578/3640/2852 1591/3672/2852
f 1584/3656/2853 1575/3634/2853 1595/3678/2853
f 1596/3679/2854 1584/3656/2854 1595/3678/2854
f 1608/3699/2855 1597/3681/2855 1607/3697/2855
f 1603/3690/2856 1594/3676/2856 1593/3675/2856
f 1599/3684/2857 1590/3671/2857 1589/3669/2857
f 1605/3693/2858 1594/3677/2858 1604/3691/2858
f 1598/3682/2859 1608/3698/2859 1609/3700/2859
f 1600/3686/2860 1591/3672/2860 1590/3670/2860
f 1602/3689/2861 1591/3672/2861 1601/3687/2861
f 1589/3669/2862 1609/3700/2862 1599/3684/2862
f 1607/3697/2863 1596/3680/2863 1606/3694/2863
f 1596/3679/2864 1595/3678/2864 1606/3695/2864
f 1626/3744/2865 1605/3693/2865 1604/3691/2865
f 1593/3675/2866 1592/3673/2866 1603/3690/2866
f 1604/3692/2867 1625/3740/2867 1626/3743/2867
f 1609/3700/2868 1608/3698/2868 1619/3724/2868
f 1602/3689/2869 1622/3733/2869 1623/3735/2869
f 1606/3695/2870 1627/3746/2870 1628/3747/2870
f 1620/3727/361 1610/3703/361 1611/3704/361
f 1606/3695/2871 1628/3747/2871 1629/3749/2871
f 1607/3696/2872 1606/3695/2872 1629/3749/2872
f 1603/3690/2873 1623/3736/2873 1624/3738/2873
f 1607/3697/2874 1629/3750/2874 1630/3752/2874
f 1603/3690/2875 1624/3738/2875 1625/3740/2875
f 1608/3699/2876 1607/3697/2876 1630/3752/2876
f 1604/3692/2877 1603/3690/2877 1625/3740/2877
f 1599/3684/2878 1619/3724/2878 1620/3726/2878
f 1624/3739/6 1614/3711/6 1625/3741/6
f 1611/3704/2879 1621/3730/2879 1620/3727/2879
f 1622/3732/2880 1613/3709/2880 1623/3737/2880
f 1613/3709/2881 1624/3739/2881 1623/3737/2881
f 1630/3753/2145 1610/3703/2145 1619/3725/2145
f 1616/3715/1487 1628/3748/1487 1627/3745/1487
f 1616/3715/39 1617/3718/39 1628/3748/39
f 1618/3722/2146 1630/3753/2146 1629/3751/2146
f 1632/3758/6 1638/3774/6 1636/3768/6
f 1636/3769/1341 1615/3714/1341 1635/3766/1341
f 1633/3761/2882 1612/3707/2882 1632/3757/2882
f 1637/3772/2883 1616/3717/2883 1636/3767/2883
f 1635/3766/2884 1614/3712/2884 1634/3762/2884
f 1613/3708/2885 1633/3759/2885 1634/3763/2885
f 1618/3721/2886 1637/3770/2886 1638/3773/2886
f 1644/3787/2887 1643/3786/2887 1645/3789/2887
f 1611/3705/2888 1631/3754/2888 1632/3757/2888
f 1610/3702/2889 1638/3773/2889 1631/3755/2889
f 1639/3775/2890 1640/3777/2890 1641/3779/2890
f 1642/3783/2891 1641/3780/2891 1643/3786/2891
f 1650/3802/2892 1648/3797/2892 1649/3799/2892
f 1645/3789/2893 1647/3794/2893 1646/3791/2893
f 1647/3795/2894 1649/3799/2894 1646/3792/2894
f 1657/3820/2895 1656/3818/2895 1659/3824/2895
f 1650/3801/2896 1652/3808/2896 1651/3804/2896
f 1652/3807/2897 1654/3811/2897 1653/3809/2897
f 1655/3815/2898 1654/3812/2898 1656/3818/2898
f 1659/3826/2899 1656/3817/2899 1668/3848/2899
f 1658/3822/2900 1659/3825/2900 1640/3777/2900
f 1639/3776/2901 1648/3798/2901 1653/3810/2901
f 1672/3855/2902 1647/3796/2902 1666/3843/2902
f 1649/3800/2903 1672/3855/2903 1660/3827/2903
f 1641/3781/2904 1640/3778/2904 1663/3835/2904
f 1640/3778/2905 1661/3831/2905 1663/3835/2905
f 1647/3796/2906 1645/3790/2906 1666/3843/2906
f 1652/3808/2907 1660/3827/2907 1675/3862/2907
f 1650/3801/2908 1649/3800/2908 1660/3827/2908
f 1641/3781/2909 1663/3835/2909 1664/3839/2909
f 1699/3898/2910 1687/3881/2910 1698/3897/2910
f 1654/3813/2911 1652/3808/2911 1675/3862/2911
f 1654/3813/2912 1675/3862/2912 1667/3846/2912
f 1640/3778/2913 1659/3826/2913 1661/3831/2913
f 1645/3790/2914 1665/3841/2914 1666/3843/2914
f 1663/3836/2915 1661/3833/2915 1662/3834/2915
f 1675/3863/2916 1660/3828/2916 1674/3861/2916
f 1660/3829/2917 1672/3856/2917 1673/3858/2917
f 1660/3830/2918 1673/3857/2918 1674/3860/2918
f 1667/3847/2919 1676/3864/2919 1677/3866/2919
f 1672/3856/2920 1666/3844/2920 1671/3853/2920
f 1661/3832/2921 1668/3849/2921 1678/3867/2921
f 1662/3834/2922 1661/3833/2922 1678/3868/2922
f 1664/3838/2923 1669/3850/2923 1670/3852/2923
f 1683/3875/2924 1671/3853/2924 1682/3873/2924
f 1677/3866/2925 1676/3864/2925 1687/3881/2925
f 1673/3858/2926 1683/3875/2926 1684/3876/2926
f 1677/3866/2927 1687/3881/2927 1688/3883/2927
f 1669/3851/2928 1679/3869/2928 1680/3871/2928
f 1674/3861/2929 1684/3877/2929 1685/3878/2929
f 1678/3868/2930 1688/3882/2930 1679/3869/2930
f 1682/3874/2931 1670/3852/2931 1681/3872/2931
f 1669/3850/2932 1680/3870/2932 1681/3872/2932
f 1670/3852/2933 1669/3850/2933 1681/3872/2933
f 1675/3863/2934 1685/3878/2934 1686/3879/2934
f 1676/3865/2935 1675/3863/2935 1686/3879/2935
f 1690/3886/2936 1679/3869/2936 1689/3884/2936
f 1699/3899/2937 1679/3869/2937 1688/3882/2937
f 1684/3876/2938 1694/3891/2938 1695/3893/2938
f 1696/3894/2939 1684/3877/2939 1695/3892/2939
f 1690/3885/2940 1681/3872/2940 1680/3870/2940
f 1696/3894/2941 1686/3879/2941 1685/3878/2941
f 1681/3872/2942 1691/3887/2942 1692/3888/2942
f 1693/3890/2943 1681/3872/2943 1692/3888/2943
f 1720/3950/2944 1689/3884/2944 1699/3899/2944
f 1687/3880/2945 1697/3895/2945 1698/3896/2945
f 1683/3875/2946 1682/3873/2946 1693/3889/2946
f 1683/3875/2947 1693/3889/2947 1694/3891/2947
f 1695/3893/2273 1715/3938/2273 1716/3939/2273
f 1711/3928/2948 1691/3887/2948 1690/3885/2948
f 1717/3943/2949 1696/3894/2949 1716/3940/2949
f 1714/3936/2950 1694/3891/2950 1693/3889/2950
f 1692/3888/2951 1712/3931/2951 1713/3932/2951
f 1697/3895/2952 1717/3943/2952 1718/3944/2952
f 1693/3890/2953 1713/3932/2953 1714/3934/2953
f 1698/3897/2954 1718/3945/2954 1719/3947/2954
f 1711/3929/2955 1689/3884/2955 1710/3926/2955
f 1699/3898/2956 1719/3947/2956 1720/3949/2956
f 1713/3933/6 1703/3908/6 1714/3935/6
f 1700/3901/2957 1711/3927/2957 1710/3925/2957
f 1701/3903/6 1712/3930/6 1711/3927/6
f 1718/3946/6 1708/3922/6 1719/3948/6
f 1703/3908/491 1704/3910/491 1714/3935/491
f 1704/3910/1756 1705/3913/1756 1715/3937/1756
f 1706/3916/2958 1717/3942/2958 1716/3941/2958
f 1708/3922/42 1720/3951/42 1719/3948/42
f 1724/3960/2959 1703/3909/2959 1723/3957/2959
f 1709/3924/1682 1700/3901/1682 1710/3925/1682
f 1726/3967/1433 1724/3961/1433 1722/3956/1433
f 1706/3917/2960 1725/3963/2960 1726/3966/2960
f 1703/3909/2961 1702/3905/2961 1723/3957/2961
f 1705/3914/2962 1724/3962/2962 1725/3964/2962
f 1708/3921/2963 1726/3966/2963 1727/3968/2963
f 1723/3959/2964 1701/3904/2964 1722/3955/2964
f 1700/3902/2965 1721/3952/2965 1722/3955/2965
f 1709/3923/2966 1727/3969/2966 1721/3953/2966
f 1733/3984/2967 1732/3982/2967 1735/3988/2967
f 1728/3972/2968 1729/3974/2968 1731/3978/2968
f 1731/3979/2969 1732/3982/2969 1730/3976/2969
f 1741/4004/2970 1740/4001/2970 1742/4006/2970
f 1735/3989/2971 1737/3993/2971 1734/3986/2971
f 1736/3991/2972 1737/3993/2972 1739/3999/2972
f 1738/3996/2973 1739/4000/2973 1740/4002/2973
f 1741/4004/2974 1742/4006/2974 1744/4010/2974
f 1743/4008/2975 1744/4011/2975 1747/4018/2975
f 1747/4020/2976 1744/4012/2976 1755/4037/2976
f 1746/4016/2977 1747/4019/2977 1729/3974/2977
f 1746/4017/2978 1734/3987/2978 1738/3998/2978
f 1748/4022/2979 1731/3980/2979 1729/3975/2979
f 1732/3981/2980 1731/3980/2980 1749/4023/2980
f 1744/4012/2981 1742/4007/2981 1754/4035/2981
f 1729/3975/2982 1750/4025/2982 1748/4022/2982
f 1740/4002/2983 1752/4031/2983 1753/4032/2983
f 1739/4000/2984 1737/3994/2984 1761/4054/2984
f 1742/4007/2985 1740/4002/2985 1753/4032/2985
f 1747/4020/2986 1755/4037/2986 1750/4025/2986
f 1751/4028/2987 1735/3990/2987 1759/4049/2987
f 1752/4031/2988 1739/4000/2988 1761/4054/2988
f 1756/4041/2989 1749/4024/2989 1748/4021/2989
f 1744/4012/2990 1754/4035/2990 1755/4037/2990
f 1742/4007/2991 1753/4032/2991 1754/4035/2991
f 1753/4033/2992 1762/4058/2992 1763/4059/2992
f 1749/4023/2993 1757/4044/2993 1758/4047/2993
f 1748/4022/2994 1750/4025/2994 1756/4040/2994
f 1775/4077/2995 1763/4059/2995 1774/4075/2995
f 1788/4094/2996 1776/4078/2996 1775/4076/2996
f 1754/4036/2997 1763/4059/2997 1764/4060/2997
f 1761/4056/2998 1751/4027/2998 1760/4052/2998
f 1755/4038/2999 1765/4062/2999 1766/4063/2999
f 1750/4026/3000 1755/4039/3000 1766/4064/3000
f 1770/4069/3001 1760/4052/3001 1759/4050/3001
f 1776/4078/3002 1764/4061/3002 1775/4076/3002
f 1772/4073/3003 1760/4052/3003 1771/4071/3003
f 1776/4078/3004 1766/4063/3004 1765/4062/3004
f 1767/4065/3005 1766/4064/3005 1777/4080/3005
f 1762/4058/3006 1761/4055/3006 1772/4072/3006
f 1762/4058/3007 1772/4072/3007 1773/4074/3007
f 1757/4045/3008 1768/4066/3008 1769/4068/3008
f 1770/4070/3009 1758/4048/3009 1769/4068/3009
f 1758/4048/3010 1757/4045/3010 1769/4068/3010
f 1763/4059/3011 1762/4058/3011 1774/4075/3011
f 1802/4128/3012 1778/4081/3012 1801/4124/3012
f 1778/4081/3013 1768/4067/3013 1767/4065/3013
f 1771/4071/3014 1783/4088/3014 1784/4089/3014
f 1776/4078/3015 1789/4096/3015 1790/4097/3015
f 1772/4073/3016 1784/4089/3016 1785/4090/3016
f 1778/4081/3017 1777/4080/3017 1790/4098/3017
f 1773/4074/3018 1772/4072/3018 1785/4091/3018
f 1768/4066/3019 1779/4083/3019 1780/4084/3019
f 1773/4074/3020 1785/4091/3020 1786/4092/3020
f 1769/4068/3021 1768/4066/3021 1780/4084/3021
f 1788/4095/3022 1774/4075/3022 1787/4093/3022
f 1774/4075/3023 1786/4092/3023 1787/4093/3023
f 1769/4068/3024 1780/4084/3024 1781/4085/3024
f 1770/4070/3025 1781/4085/3025 1782/4086/3025
f 1803/4130/3026 1779/4083/3026 1802/4126/3026
f 1771/4071/3027 1782/4087/3027 1783/4088/3027
f 1790/4097/3028 1810/4146/3028 1811/4148/3028
f 1785/4091/3029 1806/4136/3029 1807/4139/3029
f 1808/4141/3030 1786/4092/3030 1807/4139/3030
f 1790/4098/3031 1811/4149/3031 1801/4124/3031
f 1778/4081/3032 1790/4098/3032 1801/4124/3032
f 1803/4130/3033 1781/4085/3033 1780/4084/3033
f 1808/4141/3034 1788/4095/3034 1787/4093/3034
f 1809/4144/3035 1789/4096/3035 1788/4094/3035
f 1782/4087/3036 1804/4131/3036 1805/4134/3036
f 1795/4110/6 1806/4138/6 1805/4135/6
f 1784/4089/3037 1805/4134/3037 1806/4137/3037
f 1792/4102/3038 1802/4127/3038 1801/4125/3038
f 1792/4102/3039 1803/4129/3039 1802/4127/3039
f 1792/4102/1757 1793/4105/1757 1803/4129/1757
f 1794/4107/3040 1805/4135/3040 1804/4132/3040
f 1806/4138/6 1797/4114/6 1807/4140/6
f 1808/4142/3041 1799/4120/3041 1809/4145/3041
f 1797/4114/99 1798/4116/99 1807/4140/99
f 1798/4116/3042 1808/4142/3042 1807/4140/3042
f 1810/4147/3043 1799/4120/3043 1800/4122/3043
f 1811/4150/3044 1800/4122/3044 1791/4100/3044
f 1817/4164/3045 1797/4115/3045 1816/4163/3045
f 1812/4152/99 1817/4165/99 1815/4159/99
f 1799/4121/3046 1817/4166/3046 1818/4167/3046
f 1815/4160/3047 1794/4108/3047 1814/4156/3047
f 1815/4161/3048 1796/4113/3048 1795/4109/3048
f 1812/4153/3049 1800/4123/3049 1818/4168/3049
f 1792/4103/3050 1812/4151/3050 1813/4155/3050
f 1793/4106/3051 1813/4155/3051 1814/4157/3051
f 1824/4182/3052 1823/4181/3052 1826/4187/3052
f 1819/4170/3053 1822/4177/3053 1840/4222/3053
f 1821/4175/3054 1822/4178/3054 1823/4181/3054
f 1834/4207/3055 1837/4214/3055 1836/4212/3055
f 1826/4187/2590 1827/4189/2590 1825/4184/2590
f 1827/4190/3056 1829/4194/3056 1825/4185/3056
f 1828/4192/3057 1829/4194/3057 1831/4200/3057
f 1831/4201/3058 1832/4203/3058 1830/4198/3058
f 1832/4202/3059 1835/4209/3059 1833/4204/3059
f 1860/4270/3060 1837/4215/3060 1843/4229/3060
f 1837/4214/3061 1839/4219/3061 1836/4212/3061
f 1839/4220/3062 1819/4170/3062 1838/4217/3062
f 1848/4244/3063 1827/4191/3063 1841/4224/3063
f 1824/4183/5 1833/4205/5 1840/4223/5
f 1835/4210/3064 1842/4226/3064 1843/4229/3064
f 1819/4171/3065 1844/4234/3065 1845/4235/3065
f 1832/4203/3066 1849/4245/3066 1842/4226/3066
f 1823/4180/3067 1846/4237/3067 1847/4241/3067
f 1831/4201/3068 1829/4195/3068 1848/4244/3068
f 1822/4179/3069 1845/4235/3069 1846/4237/3069
f 1844/4234/3070 1839/4221/3070 1860/4270/3070
f 1835/4210/3071 1832/4203/3071 1842/4226/3071
f 1851/4249/3072 1845/4236/3072 1850/4248/3072
f 1826/4188/3073 1847/4241/3073 1841/4224/3073
f 1842/4228/3074 1849/4246/3074 1856/4261/3074
f 1842/4227/3075 1856/4260/3075 1857/4262/3075
f 1842/4228/3076 1857/4263/3076 1858/4266/3076
f 1843/4230/3077 1842/4228/3077 1858/4266/3077
f 1843/4231/3078 1858/4265/3078 1859/4267/3078
f 1848/4243/3079 1841/4225/3079 1853/4256/3079
f 1843/4232/3080 1859/4268/3080 1860/4271/3080
f 1848/4243/3081 1853/4256/3081 1854/4257/3081
f 1849/4247/3082 1854/4257/3082 1855/4258/3082
f 1851/4250/3083 1847/4242/3083 1846/4238/3083
f 1844/4233/3084 1861/4273/3084 1850/4248/3084
f 1882/4303/3085 1870/4286/3085 1881/4301/3085
f 1861/4272/3086 1871/4287/3086 1872/4288/3086
f 1853/4255/3087 1852/4252/3087 1865/4279/3087
f 1858/4266/3088 1869/4284/3088 1870/4285/3088
f 1853/4256/3089 1865/4278/3089 1866/4280/3089
f 1859/4268/3090 1870/4286/3090 1871/4287/3090
f 1854/4257/3091 1853/4256/3091 1866/4280/3091
f 1854/4257/3092 1866/4280/3092 1867/4282/3092
f 1850/4248/3093 1872/4289/3093 1862/4274/3093
f 1855/4258/3094 1854/4257/3094 1867/4282/3094
f 1855/4259/3095 1867/4281/3095 1868/4283/3095
f 1864/4277/3096 1851/4250/3096 1863/4276/3096
f 1857/4263/3097 1868/4283/3097 1869/4284/3097
f 1878/4297/3098 1866/4280/3098 1877/4296/3098
f 1852/4252/3099 1864/4277/3099 1865/4279/3099
f 1873/4290/3100 1894/4331/3100 1895/4334/3100
f 1882/4303/3101 1872/4288/3101 1871/4287/3101
f 1873/4290/3102 1872/4289/3102 1883/4304/3102
f 1863/4275/3103 1873/4290/3103 1874/4291/3103
f 1875/4293/3104 1863/4276/3104 1874/4292/3104
f 1880/4300/3105 1900/4347/3105 1901/4348/3105
f 1868/4283/3106 1879/4299/3106 1880/4300/3106
f 1869/4284/3107 1868/4283/3107 1880/4300/3107
f 1869/4284/3108 1880/4300/3108 1881/4302/3108
f 1870/4285/3109 1869/4284/3109 1881/4302/3109
f 1866/4280/3110 1876/4294/3110 1877/4296/3110
f 1884/4307/3111 1910/4373/3111 1904/4356/3111
f 1883/4304/3112 1903/4353/3112 1894/4331/3112
f 1874/4292/3113 1895/4335/3113 1896/4336/3113
f 1879/4299/3114 1899/4343/3114 1900/4347/3114
f 1897/4339/3115 1875/4293/3115 1896/4336/3115
f 1902/4352/3116 1882/4303/3116 1881/4301/3116
f 1881/4302/3117 1901/4348/3117 1902/4350/3117
f 1898/4341/3118 1878/4297/3118 1877/4296/3118
f 1897/4340/3119 1888/4318/3119 1898/4342/3119
f 1884/4308/361 1885/4309/361 1894/4332/361
f 1885/4309/364 1886/4312/364 1896/4337/364
f 1886/4312/989 1887/4315/989 1896/4337/989
f 1887/4315/3120 1897/4340/3120 1896/4337/3120
f 1898/4342/101 1889/4320/101 1899/4344/101
f 1890/4321/2142 1891/4323/2142 1900/4346/2142
f 1891/4323/3121 1901/4349/3121 1900/4346/3121
f 1892/4326/6 1902/4351/6 1901/4349/6
f 1892/4326/3041 1893/4329/3041 1902/4351/3041
f 1893/4329/3122 1884/4308/3122 1903/4354/3122
f 1908/4367/3123 1890/4322/3123 1907/4365/3123
f 1910/4374/42 1908/4368/42 1906/4364/42
f 1892/4327/1760 1908/4369/1760 1909/4370/1760
f 1887/4314/3124 1905/4359/3124 1906/4362/3124
f 1912/4377/3125 1911/4375/3125 1913/4381/3125
f 1893/4330/1764 1909/4371/1764 1910/4373/1764
f 1889/4319/3126 1906/4363/3126 1907/4365/3126
f 1885/4310/3127 1904/4357/3127 1905/4360/3127
f 1915/4386/3128 1912/4378/3128 1913/4382/3128
f 1919/4395/3129 1918/4393/3129 1920/4398/3129
f 1915/4386/3130 1917/4390/3130 1914/4383/3130
f 1917/4391/3131 1918/4393/3131 1916/4388/3131
f 1919/4395/3132 1922/4404/3132 1921/4400/3132
f 1929/4420/3133 1926/4412/3133 1927/4414/3133
f 1922/4403/3134 1924/4409/3134 1921/4401/3134
f 1923/4406/3135 1924/4408/3135 1925/4410/3135
f 1923/4406/3136 1925/4410/3136 1927/4415/3136
f 1929/4420/3137 1932/4426/3137 1928/4417/3137
f 1931/4424/3138 1932/4427/3138 1911/4375/3138
f 1911/4376/3139 1952/4488/3139 1933/4429/3139
f 1921/4402/3140 1930/4423/3140 1912/4379/3140
f 1927/4416/3141 1925/4411/3141 1937/4445/3141
f 1918/4394/3142 1935/4437/3142 1945/4468/3142
f 1932/4428/3143 1929/4419/3143 1938/4448/3143
f 1936/4441/3144 1925/4411/3144 1924/4409/3144
f 1943/4464/3145 1934/4434/3145 1942/4462/3145
f 1932/4428/3146 1938/4448/3146 1952/4488/3146
f 1934/4432/3147 1940/4456/3147 1942/4461/3147
f 1937/4446/3148 1948/4477/3148 1949/4479/3148
f 1973/4518/3149 1962/4503/3149 1961/4501/3149
f 1935/4435/3150 1943/4463/3150 1944/4465/3150
f 1937/4444/3151 1949/4478/3151 1950/4481/3151
f 1945/4469/3152 1935/4436/3152 1944/4466/3152
f 1938/4449/3153 1950/4482/3153 1951/4485/3153
f 1934/4433/3154 1933/4430/3154 1940/4457/3154
f 1952/4489/3155 1938/4450/3155 1951/4486/3155
f 1939/4452/3156 1945/4469/3156 1946/4471/3156
f 1939/4453/3157 1946/4470/3157 1947/4473/3157
f 1961/4502/3158 1949/4479/3158 1960/4500/3158
f 1957/4496/3159 1944/4466/3159 1956/4495/3159
f 1962/4503/3160 1950/4484/3160 1961/4501/3160
f 1953/4490/3161 1941/4459/3161 1940/4458/3161
f 1946/4471/3162 1945/4469/3162 1957/4496/3162
f 1963/4505/3163 1951/4486/3163 1962/4503/3163
f 1955/4493/3164 1941/4460/3164 1954/4491/3164
f 1947/4474/3165 1946/4471/3165 1958/4497/3165
f 1947/4475/3166 1958/4498/3166 1959/4499/3166
f 1963/4504/3167 1940/4458/3167 1952/4487/3167
f 1956/4494/3168 1943/4464/3168 1955/4493/3168
f 1948/4477/3169 1947/4475/3169 1959/4499/3169
f 1965/4508/3170 1953/4490/3170 1964/4506/3170
f 1975/4522/3171 1962/4503/3171 1974/4520/3171
f 1975/4521/3172 1953/4490/3172 1963/4504/3172
f 1958/4498/3173 1970/4514/3173 1971/4516/3173
f 1959/4499/3174 1958/4498/3174 1971/4516/3174
f 1972/4517/3175 1959/4499/3175 1971/4516/3175
f 1955/4493/3176 1966/4509/3176 1967/4510/3176
f 1956/4494/3177 1967/4510/3177 1968/4511/3177
f 1969/4513/3178 1956/4495/3178 1968/4512/3178
f 1995/4570/3179 1974/4520/3179 1994/4568/3179
f 1976/4525/3180 2002/4591/3180 1996/4573/3180
f 1991/4561/3181 1970/4514/3181 1990/4558/3181
f 1965/4508/3182 1986/4549/3182 1987/4550/3182
f 1995/4571/3183 1964/4506/3183 1975/4521/3183
f 1988/4555/3184 1966/4509/3184 1987/4551/3184
f 1971/4516/3185 1991/4561/3185 1992/4563/3185
f 1993/4566/3186 1972/4517/3186 1992/4563/3186
f 1990/4560/3187 1969/4513/3187 1989/4556/3187
f 1968/4512/3188 1988/4553/3188 1989/4556/3188
f 1973/4518/3189 1993/4565/3189 1994/4568/3189
f 1974/4520/3190 1973/4518/3190 1994/4568/3190
f 1991/4562/40 1983/4541/40 1992/4564/40
f 1977/4527/3191 1987/4552/3191 1986/4548/3191
f 1978/4528/310 1988/4554/310 1987/4552/310
f 1979/4531/3043 1980/4533/3043 1988/4554/3043
f 1980/4533/2656 1989/4557/2656 1988/4554/2656
f 1982/4538/3192 1991/4562/3192 1990/4559/3192
f 1994/4569/3193 1984/4543/3193 1985/4545/3193
f 1983/4541/1912 1993/4567/1912 1992/4564/1912
f 1995/4572/1488 1985/4545/1488 1976/4524/1488
f 1983/4542/3194 1999/4583/3194 2000/4584/3194
f 1998/4580/832 1996/4575/832 2001/4588/832
f 1998/4581/3195 1979/4532/3195 1997/4576/3195
f 2001/4589/3196 1984/4544/3196 2000/4585/3196
f 1999/4583/3197 1981/4537/3197 1998/4579/3197
f 2002/4591/3198 1985/4547/3198 2001/4587/3198
f 2004/4594/3199 2003/4593/3199 2006/4599/3199
f 1978/4529/3200 1996/4574/3200 1997/4577/3200
f 2008/4604/3201 2007/4603/3201 2009/4607/3201
f 2005/4597/3202 2006/4600/3202 2007/4603/3202
f 2010/4609/3203 2009/4607/3203 2012/4613/3203
f 2014/4619/3204 2013/4616/3204 2016/4626/3204
f 2011/4611/3205 2012/4614/3205 2013/4616/3205
f 2016/4627/3206 2018/4631/3206 2015/4623/3206
f 2018/4632/3207 2020/4635/3207 2017/4629/3207
f 2019/4633/3208 2020/4636/3208 2022/4641/3208
f 2021/4639/3209 2022/4641/3209 2024/4645/3209
f 2022/4642/3210 2040/4690/3210 2041/4692/3210
f 2024/4646/3211 2003/4593/3211 2023/4643/3211
f 2026/4655/3212 2013/4617/3212 2031/4667/3212
f 2008/4605/5 2015/4624/5 2023/4644/5
f 2007/4602/3213 2006/4601/3213 2025/4649/3213
f 2003/4592/3214 2042/4694/3214 2028/4660/3214
f 2024/4647/3215 2022/4642/3215 2041/4692/3215
f 2007/4602/3216 2025/4649/3216 2034/4676/3216
f 2036/4680/3217 2046/4702/3217 2047/4703/3217
f 2020/4637/3218 2027/4656/3218 2040/4690/3218
f 2012/4615/3219 2030/4666/3219 2031/4667/3219
f 2024/4647/3220 2041/4692/3220 2042/4694/3220
f 2009/4606/3221 2007/4602/3221 2034/4676/3221
f 2006/4601/3222 2028/4660/3222 2025/4649/3222
f 2013/4617/3223 2012/4615/3223 2031/4667/3223
f 2003/4592/3224 2024/4647/3224 2042/4694/3224
f 2009/4606/3225 2034/4676/3225 2030/4666/3225
f 2034/4677/3226 2025/4650/3226 2029/4662/3226
f 2027/4657/3227 2026/4654/3227 2038/4684/3227
f 2027/4658/3228 2038/4685/3228 2039/4688/3228
f 2027/4659/3229 2039/4689/3229 2040/4691/3229
f 2031/4668/3230 2035/4679/3230 2036/4680/3230
f 2028/4661/3231 2042/4696/3231 2033/4672/3231
f 2051/4709/3232 2050/4708/3232 2062/4725/3232
f 2035/4679/3233 2045/4701/3233 2046/4702/3233
f 2048/4705/3234 2036/4680/3234 2047/4703/3234
f 2041/4693/3235 2051/4709/3235 2052/4711/3235
f 2042/4695/3236 2041/4693/3236 2052/4711/3236
f 2044/4699/3237 2033/4672/3237 2043/4697/3237
f 2076/4759/3238 2053/4712/3238 2075/4755/3238
f 2042/4696/3239 2052/4710/3239 2043/4697/3239
f 2033/4672/3240 2042/4696/3240 2043/4697/3240
f 2029/4663/3241 2044/4698/3241 2045/4700/3241
f 2038/4686/3242 2037/4681/3242 2049/4706/3242
f 2063/4727/3243 2051/4709/3243 2062/4725/3243
f 2047/4703/3244 2057/4718/3244 2058/4719/3244
f 2058/4719/3245 2048/4705/3245 2047/4703/3245
f 2043/4697/3246 2053/4712/3246 2054/4714/3246
f 2056/4717/3247 2046/4702/3247 2045/4701/3247
f 2049/4706/3248 2059/4720/3248 2060/4722/3248
f 2049/4706/3249 2060/4722/3249 2061/4724/3249
f 2064/4729/3250 2091/4797/3250 2085/4780/3250
f 2058/4719/3251 2079/4765/3251 2080/4767/3251
f 2063/4727/3252 2083/4775/3252 2084/4777/3252
f 2059/4720/3253 2080/4768/3253 2081/4770/3253
f 2053/4712/3254 2084/4778/3254 2075/4755/3254
f 2055/4715/3255 2076/4757/3255 2077/4760/3255
f 2060/4722/3256 2081/4770/3256 2082/4772/3256
f 2056/4716/3257 2077/4760/3257 2078/4762/3257
f 2062/4725/3258 2082/4773/3258 2083/4775/3258
f 2057/4718/3259 2078/4763/3259 2079/4765/3259
f 2075/4756/98 2065/4732/98 2076/4758/98
f 2079/4766/1175 2069/4742/1175 2080/4769/1175
f 2066/4733/39 2077/4761/39 2076/4758/39
f 2066/4733/491 2067/4736/491 2077/4761/491
f 2068/4739/3260 2079/4766/3260 2078/4764/3260
f 2080/4769/260 2070/4743/260 2081/4771/260
f 2083/4776/1679 2072/4749/1679 2073/4752/1679
f 2070/4743/606 2071/4746/606 2081/4771/606
f 2071/4746/3261 2082/4774/3261 2081/4771/3261
f 2073/4752/3262 2084/4779/3262 2083/4776/3262
f 2074/4754/3263 2075/4756/3263 2084/4779/3263
f 2089/4792/3123 2070/4744/3123 2088/4789/3123
f 2091/4798/99 2089/4793/99 2087/4787/99
f 2087/4788/3264 2067/4737/3264 2086/4783/3264
f 2066/4734/3265 2085/4781/3265 2086/4784/3265
f 2072/4748/2585 2089/4791/2585 2090/4794/2585
f 2107/4839/3266 2110/4847/3266 2109/4844/3266
f 2073/4751/2152 2090/4795/2152 2091/4797/2152
f 2069/4741/3267 2087/4786/3267 2088/4789/3267
f 2093/4805/3268 2095/4811/3268 2092/4801/3268
f 2096/4812/3269 2095/4810/3269 2097/4814/3269
f 2097/4814/3270 2100/4821/3270 2096/4812/3270
f 2099/4819/3271 2100/4822/3271 2102/4826/3271
f 2101/4824/3272 2102/4826/3272 2104/4832/3272
f 2104/4833/3273 2106/4837/3273 2103/4830/3273
f 2106/4836/3274 2108/4841/3274 2105/4834/3274
f 2113/4853/3275 2112/4850/3275 2093/4804/3275
f 2110/4847/3276 2112/4850/3276 2109/4844/3276
f 2115/4860/3277 2102/4827/3277 2100/4823/3277
f 2099/4820/280 2107/4840/280 2092/4802/280
f 2116/4861/3278 2129/4894/3278 2122/4878/3278
f 2097/4815/3279 2095/4811/3279 2119/4871/3279
f 2104/4833/3280 2102/4827/3280 2121/4877/3280
f 2104/4833/3281 2121/4877/3281 2116/4862/3281
f 2110/4846/3282 2117/4867/3282 2118/4870/3282
f 2117/4867/3283 2106/4837/3283 2116/4862/3283
f 2123/4882/3284 2112/4851/3284 2118/4870/3284
f 2131/4899/3285 2116/4864/3285 2122/4879/3285
f 2106/4837/3286 2104/4833/3286 2116/4862/3286
f 2122/4879/3287 2130/4896/3287 2131/4899/3287
f 2119/4872/3288 2114/4857/3288 2126/4888/3288
f 2139/4916/3289 2130/4897/3289 2129/4895/3289
f 2118/4869/3290 2117/4866/3290 2132/4901/3290
f 2115/4859/3291 2120/4875/3291 2121/4876/3291
f 2118/4870/3292 2132/4902/3292 2134/4906/3292
f 2118/4870/3293 2134/4906/3293 2123/4882/3293
f 2116/4863/3294 2121/4876/3294 2129/4895/3294
f 2114/4858/3295 2125/4885/3295 2126/4887/3295
f 2132/4903/3296 2131/4899/3296 2142/4920/3296
f 2120/4875/3297 2127/4890/3297 2128/4892/3297
f 2121/4876/3298 2120/4875/3298 2128/4892/3298
f 2134/4908/3299 2132/4904/3299 2133/4905/3299
f 2123/4881/3300 2134/4907/3300 2124/4883/3300
f 2119/4872/3301 2126/4888/3301 2127/4891/3301
f 2132/4904/3302 2142/4921/3302 2143/4922/3302
f 2125/4886/3303 2124/4884/3303 2135/4910/3303
f 2134/4908/3304 2144/4923/3304 2145/4924/3304
f 2136/4912/3305 2125/4886/3305 2135/4910/3305
f 2169/4971/3306 2147/4928/3306 2146/4926/3306
f 2124/4884/3307 2134/4909/3307 2145/4925/3307
f 2124/4884/3308 2145/4925/3308 2135/4910/3308
f 2127/4891/3309 2126/4888/3309 2137/4913/3309
f 2131/4899/3310 2130/4896/3310 2141/4919/3310
f 2131/4899/3311 2141/4919/3311 2142/4920/3311
f 2156/4940/3312 2144/4923/3312 2143/4922/3312
f 2149/4930/3313 2137/4913/3313 2148/4929/3313
f 2139/4916/3314 2151/4933/3314 2152/4934/3314
f 2135/4910/3315 2146/4926/3315 2147/4928/3315
f 2136/4912/3316 2135/4910/3316 2147/4928/3316
f 2145/4925/3317 2157/4941/3317 2146/4926/3317
f 2140/4917/3318 2152/4935/3318 2153/4936/3318
f 2137/4913/3319 2136/4911/3319 2148/4929/3319
f 2155/4939/3320 2141/4919/3320 2154/4937/3320
f 2156/4940/3321 2142/4921/3321 2155/4938/3321
f 2138/4914/3322 2149/4931/3322 2150/4932/3322
f 2150/4932/3323 2139/4916/3323 2138/4914/3323
f 2169/4971/3324 2157/4941/3324 2177/4990/3324
f 2158/4945/3325 2184/5011/3325 2178/4993/3325
f 2152/4934/3326 2173/4980/3326 2174/4982/3326
f 2174/4984/3327 2154/4937/3327 2153/4936/3327
f 2153/4936/3328 2152/4935/3328 2174/4984/3328
f 2148/4929/3329 2170/4973/3329 2171/4975/3329
f 2172/4978/3330 2149/4931/3330 2171/4976/3330
f 2155/4939/3331 2175/4985/3331 2176/4987/3331
f 2157/4942/3332 2176/4989/3332 2177/4991/3332
f 2151/4933/3333 2172/4978/3333 2173/4980/3333
f 2172/4979/6 2162/4954/6 2173/4981/6
f 2160/4949/1755 2161/4951/1755 2171/4977/1755
f 2161/4951/3334 2172/4979/3334 2171/4977/3334
f 2164/4960/1540 2175/4986/1540 2174/4983/1540
f 2163/4956/1483 2164/4960/1483 2174/4983/1483
f 2175/4986/423 2166/4963/423 2176/4988/423
f 2183/5008/3335 2165/4962/3335 2182/5004/3335
f 2166/4963/1175 2167/4966/1175 2176/4988/1175
f 2167/4966/3336 2177/4992/3336 2176/4988/3336
f 2168/4968/1488 2169/4970/1488 2177/4992/1488
f 2179/4998/832 2184/5010/832 2182/5006/832
f 2160/4950/3337 2179/4996/3337 2180/5000/3337
f 2162/4955/3338 2180/5000/3338 2181/5001/3338
f 2184/5011/3339 2167/4967/3339 2183/5007/3339
f 2188/5021/3340 2185/5012/3340 2186/5015/3340
f 2159/4947/2154 2178/4994/2154 2179/4997/2154
f 2163/4957/3341 2181/5002/3341 2182/5005/3341
f 2187/5016/3342 2188/5019/3342 2190/5024/3342
f 2189/5022/3343 2190/5024/3343 2192/5029/3343
f 2191/5027/3344 2192/5029/3344 2194/5033/3344
f 2194/5034/3345 2196/5039/3345 2193/5031/3345
f 2196/5039/3346 2198/5043/3346 2195/5037/3346
f 2198/5044/3347 2200/5048/3347 2197/5041/3347
f 2200/5048/3348 2202/5053/3348 2199/5046/3348
f 2202/5053/3349 2204/5057/3349 2201/5051/3349
f 2204/5058/3350 2206/5063/3350 2203/5055/3350
f 2206/5063/3351 2207/5065/3351 2205/5061/3351
f 2207/5066/3352 2186/5015/3352 2185/5012/3352
f 2207/5067/3353 2215/5093/3353 2208/5069/3353
f 2191/5028/5 2199/5047/5 2185/5013/5
f 2190/5025/3354 2188/5020/3354 2209/5071/3354
f 2194/5035/3355 2192/5030/3355 2214/5089/3355
f 2190/5025/3356 2209/5071/3356 2218/5102/3356
f 2206/5064/3357 2212/5085/3357 2215/5093/3357
f 2202/5054/3358 2200/5049/3358 2211/5079/3358
f 2198/5045/3359 2210/5075/3359 2211/5079/3359
f 2231/5132/3360 2219/5106/3360 2230/5131/3360
f 2196/5040/3361 2194/5035/3361 2210/5075/3361
f 2202/5054/3362 2211/5079/3362 2212/5085/3362
f 2192/5030/3363 2218/5102/3363 2214/5089/3363
f 2200/5049/3364 2198/5045/3364 2211/5079/3364
f 2211/5080/3365 2221/5110/3365 2223/5115/3365
f 2218/5104/3366 2209/5072/3366 2213/5087/3366
f 2212/5082/3367 2211/5081/3367 2223/5116/3367
f 2212/5083/3368 2223/5117/3368 2224/5120/3368
f 2212/5084/3369 2224/5121/3369 2225/5122/3369
f 2210/5076/3370 2214/5090/3370 2220/5108/3370
f 2209/5073/3371 2216/5095/3371 2217/5099/3371
f 2208/5069/3372 2215/5093/3372 2216/5096/3372
f 2210/5077/3373 2220/5107/3373 2221/5111/3373
f 2216/5097/3374 2215/5092/3374 2226/5123/3374
f 2235/5138/3375 2246/5155/3375 2247/5156/3375
f 2232/5134/3376 2220/5108/3376 2231/5132/3376
f 2226/5124/3377 2235/5138/3377 2236/5140/3377
f 2228/5127/3378 2218/5104/3378 2213/5087/3378
f 2217/5100/3379 2227/5125/3379 2228/5127/3379
f 2222/5114/3380 2221/5112/3380 2232/5133/3380
f 2213/5087/3381 2217/5100/3381 2228/5127/3381
f 2222/5114/3382 2232/5133/3382 2233/5135/3382
f 2229/5128/3383 2219/5106/3383 2218/5103/3383
f 2223/5118/3384 2222/5114/3384 2233/5135/3384
f 2248/5158/3385 2235/5138/3385 2247/5156/3385
f 2231/5132/3386 2242/5148/3386 2243/5150/3386
f 2227/5126/3387 2237/5141/3387 2238/5143/3387
f 2229/5129/3388 2239/5144/3388 2240/5146/3388
f 2236/5139/3389 2248/5157/3389 2237/5141/3389
f 2232/5133/3390 2243/5149/3390 2244/5151/3390
f 2227/5126/3391 2236/5139/3391 2237/5141/3391
f 2233/5135/3392 2232/5133/3392 2244/5151/3392
f 2242/5148/3393 2230/5131/3393 2241/5147/3393
f 2233/5135/3394 2244/5151/3394 2245/5153/3394
f 2230/5131/3395 2240/5145/3395 2241/5147/3395
f 2234/5137/3396 2245/5153/3396 2246/5154/3396
f 2269/5211/3397 2257/5180/3397 2275/5227/3397
f 2268/5208/3398 2237/5141/3398 2248/5157/3398
f 2248/5158/3399 2247/5156/3399 2268/5207/3399
f 2238/5143/3400 2258/5182/3400 2259/5183/3400
f 2243/5149/3401 2263/5195/3401 2264/5198/3401
f 2262/5194/832 2252/5167/832 2263/5197/832
f 2239/5144/3402 2259/5184/3402 2260/5187/3402
f 2245/5153/3403 2244/5151/3403 2265/5200/3403
f 2240/5146/3404 2260/5187/3404 2261/5190/3404
f 2245/5153/3405 2265/5200/3405 2266/5202/3405
f 2241/5147/3406 2261/5191/3406 2262/5193/3406
f 2246/5155/3407 2266/5203/3407 2267/5205/3407
f 2247/5156/3408 2246/5155/3408 2267/5205/3408
f 2242/5148/3409 2262/5193/3409 2263/5196/3409
f 2243/5150/3410 2242/5148/3410 2263/5196/3410
f 2249/5159/3411 2259/5185/3411 2258/5181/3411
f 2250/5163/3412 2261/5192/3412 2260/5188/3412
f 2250/5163/3413 2251/5165/3413 2261/5192/3413
f 2251/5165/2881 2262/5194/2881 2261/5192/2881
f 2265/5201/42 2255/5175/42 2266/5204/42
f 2253/5169/3414 2264/5199/3414 2263/5197/3414
f 2253/5169/3415 2254/5173/3415 2264/5199/3415
f 2254/5173/3416 2265/5201/3416 2264/5199/3416
f 2255/5175/42 2267/5206/42 2266/5204/42
f 2268/5209/3417 2256/5178/3417 2257/5179/3417
f 2271/5218/6 2269/5212/6 2274/5226/6
f 2257/5179/3418 2258/5181/3418 2268/5209/3418
f 2257/5179/222 2249/5159/222 2258/5181/222
f 2272/5220/2884 2252/5168/2884 2271/5216/2884
f 2254/5171/3419 2273/5221/3419 2274/5224/3419
f 2251/5164/3420 2270/5213/3420 2271/5217/3420
f 2256/5177/3421 2274/5225/3421 2275/5227/3421
f 2270/5215/3422 2249/5161/3422 2269/5210/3422
f 2276/5229/3423 2279/5237/3423 2278/5233/3423
f 2287/5255/3424 2286/5253/3424 2288/5258/3424
f 2278/5234/3425 2279/5236/3425 2281/5241/3425
f 2281/5241/3426 2283/5247/3426 2280/5239/3426
f 2283/5248/3427 2285/5252/3427 2282/5245/3427
f 2284/5249/3428 2285/5251/3428 2286/5253/3428
f 2287/5256/3429 2290/5264/3429 2289/5262/3429
f 2277/5232/3430 2295/5276/3430 2296/5278/3430
f 2290/5264/3431 2292/5268/3431 2289/5262/3431
f 2292/5269/3432 2294/5273/3432 2291/5266/3432
f 2294/5273/3433 2296/5279/3433 2293/5271/3433
f 2300/5290/3434 2279/5238/3434 2297/5282/3434
f 2284/5250/5 2293/5272/5 2276/5230/5
f 2304/5302/3435 2290/5265/3435 2303/5299/3435
f 2286/5254/3436 2285/5252/3436 2298/5285/3436
f 2303/5299/3437 2288/5260/3437 2302/5296/3437
f 2277/5231/3438 2296/5280/3438 2299/5287/3438
f 2283/5248/3439 2301/5293/3439 2309/5313/3439
f 2296/5280/3440 2294/5274/3440 2305/5303/3440
f 2285/5252/3441 2283/5248/3441 2309/5313/3441
f 2301/5293/3442 2281/5242/3442 2300/5290/3442
f 2302/5296/3443 2286/5254/3443 2298/5285/3443
f 2325/5342/3444 2313/5322/3444 2324/5340/3444
f 2285/5252/3445 2309/5313/3445 2298/5285/3445
f 2296/5280/3446 2305/5303/3446 2299/5287/3446
f 2303/5298/3447 2312/5320/3447 2313/5322/3447
f 2299/5288/3448 2305/5304/3448 2316/5328/3448
f 2300/5289/3449 2297/5283/3449 2306/5306/3449
f 2298/5286/3450 2311/5319/3450 2302/5295/3450
f 2327/5345/3451 2315/5327/3451 2326/5343/3451
f 2301/5292/3452 2308/5310/3452 2309/5314/3452
f 2304/5301/3453 2314/5324/3453 2315/5327/3453
f 2305/5305/3454 2304/5301/3454 2315/5327/3454
f 2300/5289/3455 2306/5306/3455 2307/5308/3455
f 2300/5289/3456 2307/5308/3456 2308/5311/3456
f 2310/5317/3457 2320/5335/3457 2321/5336/3457
f 2315/5327/3458 2325/5341/3458 2326/5343/3458
f 2306/5307/3459 2299/5288/3459 2317/5330/3459
f 2312/5321/3460 2321/5336/3460 2322/5337/3460
f 2317/5330/3461 2307/5309/3461 2306/5307/3461
f 2320/5334/3462 2308/5311/3462 2319/5333/3462
f 2308/5311/3463 2307/5308/3463 2318/5331/3463
f 2313/5322/3464 2312/5320/3464 2323/5339/3464
f 2308/5311/3465 2318/5331/3465 2319/5333/3465
f 2339/5362/3466 2317/5330/3466 2327/5344/3466
f 2326/5343/3467 2337/5359/3467 2338/5361/3467
f 2321/5336/3468 2332/5352/3468 2333/5353/3468
f 2317/5330/3469 2328/5346/3469 2329/5347/3469
f 2318/5332/3470 2317/5330/3470 2329/5347/3470
f 2327/5344/3471 2338/5360/3471 2339/5362/3471
f 2322/5338/3472 2333/5354/3472 2334/5355/3472
f 2332/5352/3473 2320/5335/3473 2331/5350/3473
f 2318/5331/3474 2329/5348/3474 2330/5349/3474
f 2319/5333/3475 2318/5331/3475 2330/5349/3475
f 2319/5333/3476 2330/5349/3476 2331/5351/3476
f 2324/5340/3477 2335/5356/3477 2336/5358/3477
f 2325/5341/3478 2336/5357/3478 2337/5359/3478
f 2356/5404/3479 2333/5354/3479 2355/5401/3479
f 2338/5361/3480 2359/5411/3480 2350/5388/3480
f 2339/5362/3481 2338/5360/3481 2350/5389/3481
f 2353/5397/3482 2330/5349/3482 2352/5394/3482
f 2329/5348/3483 2351/5391/3483 2352/5394/3483
f 2330/5349/3484 2329/5348/3484 2352/5394/3484
f 2335/5356/2132 2334/5355/2132 2357/5406/2132
f 2358/5410/2133 2335/5356/2133 2357/5406/2133
f 2341/5367/41 2352/5395/41 2351/5393/41
f 2332/5352/3485 2331/5350/3485 2354/5399/3485
f 2337/5359/3486 2358/5408/3486 2359/5411/3486
f 2338/5361/3487 2337/5359/3487 2359/5411/3487
f 2332/5352/3488 2354/5399/3488 2355/5402/3488
f 2328/5346/3489 2350/5389/3489 2351/5392/3489
f 2333/5353/3490 2332/5352/3490 2355/5402/3490
f 2340/5364/3491 2351/5393/3491 2350/5390/3491
f 2342/5369/3413 2353/5398/3413 2352/5395/3413
f 2356/5405/3492 2346/5379/3492 2357/5407/3492
f 2343/5371/3493 2354/5400/3493 2353/5398/3493
f 2344/5373/3494 2355/5403/3494 2354/5400/3494
f 2345/5376/3495 2356/5405/3495 2355/5403/3495
f 2359/5412/1175 2349/5386/1175 2350/5390/1175
f 2348/5384/3496 2359/5412/3496 2358/5409/3496
f 2361/5418/1607 2367/5432/1607 2365/5427/1607
f 2365/5428/3497 2345/5377/3497 2364/5425/3497
f 2362/5420/3498 2342/5370/3498 2361/5416/3498
f 2363/5423/3499 2343/5372/3499 2362/5420/3499
f 2346/5378/3419 2365/5426/3419 2366/5429/3419
f 2364/5425/3500 2344/5375/3500 2363/5421/3500
f 2348/5385/3501 2366/5430/3501 2367/5433/3501
f 2349/5387/3502 2367/5433/3502 2360/5413/3502
f 2340/5365/3503 2360/5414/3503 2361/5417/3503
f 2372/5445/3504 2370/5439/3504 2371/5441/3504
f 2369/5436/3505 2371/5442/3505 2368/5434/3505
f 2377/5457/3506 2374/5449/3506 2375/5451/3506
f 2373/5446/3507 2372/5445/3507 2375/5452/3507
f 2378/5458/3508 2381/5466/3508 2380/5462/3508
f 2377/5457/3509 2379/5461/3509 2376/5454/3509
f 2384/5473/3510 2383/5470/3510 2386/5477/3510
f 2381/5465/3511 2383/5470/3511 2380/5463/3511
f 2385/5475/3512 2386/5478/3512 2388/5483/3512
f 2387/5481/3513 2388/5483/3513 2390/5487/3513
f 2389/5485/3514 2390/5488/3514 2369/5436/3514
f 2388/5484/3515 2396/5513/3515 2397/5515/3515
f 2376/5455/3516 2384/5474/3516 2368/5435/3516
f 2394/5503/3517 2406/5545/3517 2407/5549/3517
f 2379/5460/3518 2393/5498/3518 2394/5504/3518
f 2371/5443/3519 2369/5437/3519 2391/5491/3519
f 2369/5437/3520 2398/5518/3520 2391/5491/3520
f 2375/5453/3521 2392/5494/3521 2393/5498/3521
f 2377/5456/3522 2375/5453/3522 2393/5498/3522
f 2390/5489/3523 2397/5515/3523 2398/5518/3523
f 2395/5509/3524 2381/5467/3524 2394/5504/3524
f 2386/5479/3525 2383/5471/3525 2395/5509/3525
f 2371/5443/3526 2391/5491/3526 2392/5494/3526
f 2379/5460/3527 2377/5456/3527 2393/5498/3527
f 2386/5479/3528 2395/5509/3528 2396/5513/3528
f 2403/5535/3529 2393/5501/3529 2392/5495/3529
f 2392/5496/3530 2391/5492/3530 2401/5528/3530
f 2392/5497/3531 2402/5531/3531 2403/5534/3531
f 2396/5510/3532 2395/5508/3532 2408/5553/3532
f 2412/5562/3533 2411/5560/3533 2420/5574/3533
f 2396/5511/3534 2408/5554/3534 2399/5521/3534
f 2397/5516/3535 2396/5512/3535 2399/5522/3535
f 2393/5499/3536 2404/5538/3536 2405/5542/3536
f 2394/5505/3537 2393/5500/3537 2405/5543/3537
f 2391/5493/3538 2398/5519/3538 2400/5525/3538
f 2397/5517/3539 2399/5523/3539 2410/5558/3539
f 2409/5556/3540 2418/5571/3540 2419/5573/3540
f 2410/5559/3541 2419/5573/3541 2420/5575/3541
f 2406/5546/3542 2416/5568/3542 2417/5570/3542
f 2401/5529/3543 2412/5562/3543 2413/5563/3543
f 2407/5550/3544 2406/5546/3544 2417/5570/3544
f 2402/5532/3545 2401/5530/3545 2413/5564/3545
f 2414/5566/3546 2402/5532/3546 2413/5564/3546
f 2417/5570/3547 2408/5555/3547 2407/5550/3547
f 2433/5593/3548 2412/5562/3548 2420/5574/3548
f 2419/5573/3549 2431/5590/3549 2432/5591/3549
f 2420/5575/3550 2419/5573/3550 2432/5591/3550
f 2416/5569/3551 2426/5583/3551 2427/5584/3551
f 2420/5575/3552 2432/5591/3552 2433/5592/3552
f 2412/5562/3553 2421/5576/3553 2422/5577/3553
f 2417/5570/3554 2427/5585/3554 2428/5586/3554
f 2418/5572/3555 2428/5586/3555 2429/5587/3555
f 2414/5566/3556 2413/5564/3556 2423/5579/3556
f 2424/5581/3557 2415/5567/3557 2414/5565/3557
f 2414/5566/3558 2423/5579/3558 2424/5580/3558
f 2418/5572/3559 2429/5587/3559 2430/5588/3559
f 2446/5624/3560 2421/5576/3560 2445/5621/3560
f 2419/5573/3561 2430/5589/3561 2431/5590/3561
f 2427/5584/3562 2449/5632/3562 2450/5634/3562
f 2450/5635/3563 2428/5586/3563 2427/5585/3563
f 2433/5593/3564 2454/5643/3564 2444/5619/3564
f 2423/5579/3565 2446/5625/3565 2447/5626/3565
f 2448/5630/3566 2424/5581/3566 2447/5627/3566
f 2429/5587/3567 2428/5586/3567 2451/5637/3567
f 2429/5587/3568 2451/5637/3568 2452/5638/3568
f 2430/5588/3569 2429/5587/3569 2452/5638/3569
f 2453/5641/3570 2430/5589/3570 2452/5639/3570
f 2426/5583/3571 2448/5630/3571 2449/5632/3571
f 2441/5613/6 2453/5642/6 2452/5640/6
f 2421/5576/3572 2444/5619/3572 2445/5621/3572
f 2432/5591/3573 2453/5641/3573 2454/5644/3573
f 2434/5594/222 2445/5622/222 2444/5620/222
f 2434/5594/260 2435/5597/260 2445/5622/260
f 2435/5597/3574 2446/5623/3574 2445/5622/3574
f 2436/5599/1540 2437/5602/1540 2447/5628/1540
f 2437/5602/3575 2448/5629/3575 2447/5628/3575
f 2439/5607/3415 2440/5609/3415 2451/5636/3415
f 2454/5645/2797 2442/5616/2797 2443/5617/2797
f 2456/5649/1175 2462/5666/1175 2460/5661/1175
f 2459/5658/3576 2438/5606/3576 2458/5654/3576
f 2436/5600/2724 2456/5650/2724 2457/5651/2724
f 2440/5610/3419 2460/5659/3419 2461/5662/3419
f 2437/5603/2726 2457/5652/2726 2458/5655/2726
f 2442/5615/2727 2461/5663/2727 2462/5665/2727
f 2456/5650/2728 2434/5595/2728 2455/5646/2728
f 2455/5648/2729 2443/5618/2729 2462/5665/2729
f 2464/5670/3577 2463/5668/3577 2466/5674/3577
f 2468/5680/3578 2470/5686/3578 2471/5687/3578
f 2466/5675/3579 2467/5677/3579 2465/5672/3579
f 2467/5677/3580 2469/5682/3580 2468/5679/3580
f 2477/5702/3581 2476/5700/3581 2479/5707/3581
f 2470/5686/3582 2473/5693/3582 2471/5687/3582
f 2472/5691/3583 2473/5694/3583 2475/5698/3583
f 2474/5695/3584 2475/5697/3584 2476/5700/3584
f 2481/5711/3585 2480/5709/3585 2482/5714/3585
f 2478/5704/3586 2479/5708/3586 2480/5709/3586
f 2463/5668/3587 2481/5712/3587 2482/5715/3587
f 2487/5733/3588 2480/5710/3588 2486/5728/3588
f 2468/5681/280 2477/5703/280 2481/5713/280
f 2511/5782/3589 2500/5761/3589 2510/5781/3589
f 2469/5683/3590 2489/5736/3590 2497/5755/3590
f 2467/5678/3591 2466/5676/3591 2488/5734/3591
f 2476/5699/3592 2475/5698/3592 2490/5739/3592
f 2467/5678/3593 2488/5734/3593 2489/5736/3593
f 2470/5685/3594 2497/5755/3594 2498/5757/3594
f 2476/5699/3595 2490/5739/3595 2491/5741/3595
f 2469/5683/3596 2467/5678/3596 2489/5736/3596
f 2473/5694/3597 2470/5685/3597 2498/5757/3597
f 2463/5667/3598 2487/5733/3598 2484/5720/3598
f 2488/5735/3599 2484/5721/3599 2495/5752/3599
f 2484/5722/3600 2493/5746/3600 2492/5743/3600
f 2487/5731/3601 2486/5729/3601 2502/5766/3601
f 2487/5732/3602 2502/5767/3602 2503/5770/3602
f 2484/5722/3603 2492/5743/3603 2495/5750/3603
f 2487/5732/3604 2503/5770/3604 2493/5747/3604
f 2511/5783/3605 2502/5768/3605 2501/5763/3605
f 2488/5735/3606 2495/5752/3606 2496/5754/3606
f 2489/5737/3607 2488/5735/3607 2496/5754/3607
f 2491/5742/3608 2500/5761/3608 2501/5764/3608
f 2489/5738/3609 2496/5753/3609 2497/5756/3609
f 2490/5740/3610 2499/5760/3610 2500/5761/3610
f 2497/5756/3611 2507/5777/3611 2508/5778/3611
f 2499/5759/3612 2508/5778/3612 2509/5779/3612
f 2498/5758/3613 2497/5756/3613 2508/5778/3613
f 2504/5772/3614 2494/5749/3614 2492/5744/3614
f 2504/5772/3615 2503/5771/3615 2512/5785/3615
f 2500/5761/3616 2509/5780/3616 2510/5781/3616
f 2495/5751/3617 2494/5749/3617 2505/5774/3617
f 2525/5803/3618 2512/5785/3618 2524/5801/3618
f 2495/5752/3619 2505/5773/3619 2506/5775/3619
f 2496/5754/3620 2495/5752/3620 2506/5775/3620
f 2513/5786/3621 2536/5830/3621 2537/5832/3621
f 2512/5784/3622 2523/5800/3622 2524/5802/3622
f 2509/5779/3623 2519/5794/3623 2520/5796/3623
f 2520/5795/3624 2510/5781/3624 2509/5780/3624
f 2505/5773/3625 2514/5788/3625 2515/5789/3625
f 2508/5778/3626 2517/5792/3626 2518/5793/3626
f 2506/5775/3627 2505/5773/3627 2515/5789/3627
f 2507/5776/3628 2516/5790/3628 2517/5791/3628
f 2511/5783/3629 2522/5798/3629 2523/5800/3629
f 2542/5845/3630 2519/5794/3630 2541/5842/3630
f 2538/5834/3631 2514/5788/3631 2537/5831/3631
f 2514/5787/3632 2513/5786/3632 2537/5832/3632
f 2536/5830/3633 2525/5803/3633 2546/5854/3633
f 2538/5834/3634 2516/5790/3634 2515/5789/3634
f 2521/5797/3635 2542/5843/3635 2543/5847/3635
f 2543/5847/3636 2522/5799/3636 2521/5797/3636
f 2541/5842/3637 2518/5793/3637 2540/5839/3637
f 2517/5792/3638 2539/5836/3638 2540/5839/3638
f 2518/5793/3639 2517/5792/3639 2540/5839/3639
f 2524/5802/3640 2523/5800/3640 2545/5851/3640
f 2527/5808/6 2538/5835/6 2537/5833/6
f 2526/5805/3641 2537/5833/3641 2536/5829/3641
f 2528/5811/42 2529/5812/42 2539/5837/42
f 2530/5814/426 2531/5817/426 2540/5840/426
f 2532/5819/3642 2543/5846/3642 2542/5844/3642
f 2534/5826/3643 2545/5852/3643 2544/5849/3643
f 2534/5826/3644 2535/5827/3644 2545/5852/3644
f 2526/5805/3645 2536/5829/3645 2546/5855/3645
f 2547/5858/1606 2553/5874/1606 2551/5867/1606
f 2533/5823/3646 2552/5871/3646 2553/5873/3646
f 2528/5809/3647 2548/5859/3647 2549/5861/3647
f 2550/5866/3648 2529/5813/3648 2549/5862/3648
f 2529/5813/3649 2528/5810/3649 2549/5862/3649
f 2532/5821/3650 2551/5868/3650 2552/5869/3650
f 2526/5806/3651 2547/5856/3651 2548/5859/3651
f 2535/5828/3652 2554/5875/3652 2547/5857/3652
f 2559/5887/3653 2558/5885/3653 2561/5892/3653
f 2575/5926/3654 2555/5877/3654 2557/5882/3654
f 2556/5880/3655 2557/5883/3655 2558/5885/3655
f 2563/5897/3656 2562/5895/3656 2564/5899/3656
f 2561/5892/3657 2562/5894/3657 2560/5889/3657
f 2565/5901/3658 2564/5899/3658 2567/5907/3658
f 2569/5911/3659 2568/5910/3659 2570/5913/3659
f 2566/5904/3660 2567/5908/3660 2568/5909/3660
f 2566/5906/2901 2575/5927/2901 2559/5888/2901
f 2569/5911/3661 2570/5913/3661 2572/5918/3661
f 2572/5919/3662 2574/5924/3662 2571/5916/3662
f 2574/5924/3663 2576/5928/3663 2573/5922/3663
f 2575/5926/3664 2576/5929/3664 2555/5877/3664
f 2579/5938/3665 2567/5908/3665 2564/5900/3665
f 2586/5955/3666 2558/5886/3666 2578/5933/3666
f 2572/5920/3667 2591/5965/3667 2581/5945/3667
f 2576/5930/3668 2581/5945/3668 2595/5974/3668
f 2579/5938/3669 2562/5896/3669 2587/5959/3669
f 2557/5884/3670 2577/5931/3670 2578/5933/3670
f 2587/5959/3671 2561/5893/3671 2586/5955/3671
f 2574/5925/3672 2572/5920/3672 2581/5945/3672
f 2576/5930/3673 2595/5974/3673 2577/5931/3673
f 2558/5886/3674 2557/5884/3674 2578/5933/3674
f 2572/5920/3675 2570/5914/3675 2591/5965/3675
f 2555/5878/3676 2576/5930/3676 2577/5931/3676
f 2599/5981/3677 2589/5962/3677 2588/5961/3677
f 2568/5909/3678 2580/5941/3678 2582/5946/3678
f 2582/5947/3679 2590/5963/3679 2591/5966/3679
f 2577/5931/3680 2595/5974/3680 2583/5948/3680
f 2578/5934/3681 2585/5954/3681 2586/5956/3681
f 2580/5941/3682 2579/5938/3682 2588/5960/3682
f 2578/5935/3683 2577/5932/3683 2584/5951/3683
f 2578/5936/3684 2584/5950/3684 2585/5952/3684
f 2580/5940/3685 2588/5961/3685 2589/5962/3685
f 2593/5970/3686 2603/5987/3686 2604/5988/3686
f 2605/5989/3687 2593/5970/3687 2604/5988/3687
f 2601/5984/3688 2589/5962/3688 2600/5982/3688
f 2606/5991/3689 2583/5949/3689 2595/5975/3689
f 2595/5975/3690 2605/5990/3690 2606/5991/3690
f 2585/5953/3691 2584/5951/3691 2597/5977/3691
f 2590/5963/3692 2601/5983/3692 2602/5985/3692
f 2598/5980/3693 2585/5954/3693 2597/5978/3693
f 2606/5991/3694 2618/6008/3694 2619/6009/3694
f 2587/5958/3695 2586/5956/3695 2598/5980/3695
f 2608/5993/3696 2607/5992/3696 2630/6037/3696
f 2605/5989/3697 2617/6006/3697 2618/6007/3697
f 2600/5982/3698 2612/5999/3698 2613/6001/3698
f 2596/5976/3699 2607/5992/3699 2608/5993/3699
f 2607/5992/3700 2606/5991/3700 2619/6009/3700
f 2601/5983/3701 2613/6000/3701 2614/6002/3701
f 2597/5978/3702 2608/5994/3702 2609/5995/3702
f 2617/6006/3703 2603/5987/3703 2616/6004/3703
f 2602/5985/3704 2614/6002/3704 2615/6003/3704
f 2603/5986/3705 2602/5985/3705 2615/6003/3705
f 2598/5980/3706 2609/5995/3706 2610/5996/3706
f 2603/5986/3707 2615/6003/3707 2616/6005/3707
f 2599/5981/3708 2598/5979/3708 2610/5997/3708
f 2599/5981/3709 2610/5997/3709 2611/5998/3709
f 2635/6049/3710 2614/6002/3710 2613/6000/3710
f 2599/5981/3711 2611/5998/3711 2612/5999/3711
f 2620/6010/3712 2648/6082/3712 2641/6063/3712
f 2619/6009/3713 2618/6008/3713 2640/6061/3713
f 2631/6039/3714 2608/5994/3714 2630/6035/3714
f 2630/6037/3715 2619/6009/3715 2640/6061/3715
f 2615/6003/3716 2636/6051/3716 2637/6053/3716
f 2634/6045/3717 2611/5998/3717 2633/6043/3717
f 2609/5995/3718 2631/6039/3718 2632/6040/3718
f 2610/5996/3719 2609/5995/3719 2632/6040/3719
f 2610/5996/3720 2632/6040/3720 2633/6042/3720
f 2611/5998/3721 2610/5997/3721 2633/6043/3721
f 2623/6019/3722 2634/6046/3722 2633/6044/3722
f 2618/6007/1675 2617/6006/1675 2639/6058/1675
f 2613/6001/3723 2612/5999/3723 2635/6047/3723
f 2621/6013/1483 2622/6016/1483 2631/6038/1483
f 2622/6016/3724 2623/6019/3724 2632/6041/3724
f 2623/6019/2211 2633/6044/2211 2632/6041/2211
f 2638/6056/6 2627/6028/6 2628/6031/6
f 2624/6022/2213 2625/6023/2213 2635/6048/2213
f 2625/6023/41 2626/6025/41 2636/6050/41
f 2628/6031/6 2629/6033/6 2638/6056/6
f 2629/6033/3725 2639/6059/3725 2638/6056/3725
f 2620/6011/3726 2630/6036/3726 2640/6062/3726
f 2646/6078/3727 2626/6027/3727 2645/6074/3727
f 2648/6083/42 2646/6077/42 2644/6073/42
f 2626/6026/3728 2625/6024/3728 2645/6075/3728
f 2622/6017/3729 2642/6066/3729 2643/6068/3729
f 2628/6032/3730 2646/6078/3730 2647/6079/3730
f 2621/6014/2221 2641/6065/2221 2642/6066/2221
f 2623/6018/3731 2643/6069/3731 2644/6071/3731
f 2629/6034/3732 2647/6080/3732 2648/6082/3732
f 2625/6024/3733 2644/6072/3733 2645/6075/3733
f 2/4/1 4/10/1 3/9/1
f 4/11/2 8/23/2 7/20/2
f 8/24/3 6/16/3 5/14/3
f 6/17/4 2/5/4 1/2/4
f 7/21/5 5/15/5 1/3/5
f 4/12/6 2/6/6 6/18/6
f 80/180/3734 79/178/3734 97/224/3734
f 185/439/1488 184/436/1488 183/433/1488
f 183/433/1757 182/429/1757 188/447/1757
f 188/447/3735 187/442/3735 186/441/3735
f 186/441/1175 185/439/1175 183/433/1175
f 301/709/3736 283/662/3736 287/671/3736
f 287/671/3737 288/676/3737 290/682/3737
f 290/682/3738 292/686/3738 294/691/3738
f 294/691/3739 295/694/3739 297/699/3739
f 297/699/3740 299/704/3740 301/709/3740
f 301/709/173 287/671/173 290/682/173
f 290/682/3741 294/691/3741 297/699/3741
f 388/907/3742 390/914/3742 372/868/3742
f 372/868/3516 374/872/3516 376/877/3516
f 376/877/1556 378/883/1556 380/888/1556
f 380/888/3743 382/892/3743 385/899/3743
f 385/899/3741 386/903/3741 388/907/3741
f 388/907/2306 372/868/2306 376/877/2306
f 376/877/2013 380/888/2013 385/899/2013
f 481/1118/3744 484/1125/3744 463/1074/3744
f 463/1074/3745 466/1082/3745 467/1084/3745
f 467/1084/3746 469/1089/3746 471/1093/3746
f 471/1093/3747 473/1100/3747 475/1103/3747
f 475/1103/3748 478/1110/3748 479/1113/3748
f 479/1113/3749 481/1118/3749 463/1074/3749
f 463/1074/3750 467/1084/3750 471/1093/3750
f 471/1093/2741 475/1103/2741 479/1113/2741
f 643/1472/3751 644/1476/3751 646/1481/3751
f 646/1481/3752 648/1485/3752 650/1491/3752
f 650/1491/3738 652/1495/3738 654/1500/3738
f 654/1500/3753 655/1505/3753 657/1509/3753
f 657/1509/3516 659/1514/3516 661/1519/3516
f 661/1519/3754 643/1472/3754 646/1481/3754
f 646/1481/3755 650/1491/3755 654/1500/3755
f 654/1500/5 657/1509/5 661/1519/5
f 742/1708/3756 740/1703/3756 763/1760/3756
f 940/2168/3757 924/2124/3757 922/2120/3757
f 10/29/3758 28/73/3758 9/26/3758
f 1367/3143/3759 1346/3091/3759 1345/3090/3759
f 1396/3219/3760 1397/3221/3760 1387/3196/3760
f 1439/3297/3761 1438/3295/3761 1458/3344/3761
f 1664/3839/3762 1665/3841/3762 1643/3785/3762
f 2273/5222/3763 2254/5172/3763 2253/5170/3763
f 2460/5660/3763 2440/5611/3763 2439/5608/3763
f 15/41/3764 13/36/3764 14/38/3764
f 20/54/3765 18/49/3765 19/52/3765
f 25/66/3766 23/61/3766 24/64/3766
f 43/114/3767 44/115/3767 33/90/3767
f 16/44/3768 18/50/3768 20/55/3768
f 20/55/3769 21/57/3769 23/62/3769
f 23/62/2741 25/67/2741 26/70/2741
f 26/70/3770 28/74/3770 10/30/3770
f 10/30/3771 11/32/3771 13/37/3771
f 13/37/3516 15/42/3516 16/44/3516
f 16/44/1556 20/55/1556 23/62/1556
f 23/62/2381 26/70/2381 10/30/2381
f 10/30/1702 13/37/1702 16/44/1702
f 14/39/3772 12/35/3772 30/79/3772
f 30/79/3773 12/35/3773 9/27/3773
f 9/27/3774 27/72/3774 35/95/3774
f 35/95/3775 27/72/3775 24/65/3775
f 24/65/3776 22/59/3776 33/89/3776
f 33/89/3777 22/59/3777 19/53/3777
f 32/88/3778 19/53/3778 17/47/3778
f 31/83/3779 36/99/3779 17/47/3779
f 39/105/3780 31/84/3780 30/80/3780
f 45/118/3781 34/94/3781 33/90/3781
f 46/120/3782 47/121/3782 35/96/3782
f 37/101/3783 38/102/3783 30/81/3783
f 48/124/3784 29/78/3784 35/96/3784
f 56/135/3785 57/137/3785 46/120/3785
f 53/131/3786 42/111/3786 41/108/3786
f 58/138/3787 48/124/3787 47/121/3787
f 50/127/3788 38/102/3788 37/101/3788
f 51/128/3789 39/105/3789 38/103/3789
f 54/132/3790 55/134/3790 44/115/3790
f 51/128/3791 52/130/3791 41/109/3791
f 65/149/3792 54/133/3792 53/131/3792
f 59/140/3793 49/125/3793 58/139/3793
f 68/153/3794 56/136/3794 55/134/3794
f 63/146/3795 52/130/3795 51/128/3795
f 85/192/3796 62/144/3796 61/143/3796
f 89/203/3797 67/151/3797 66/150/3797
f 90/206/3798 68/153/3798 67/151/3798
f 82/186/3799 70/156/3799 69/154/3799
f 86/196/423 85/193/423 74/166/423
f 75/168/42 76/171/42 87/198/42
f 94/217/98 93/214/98 98/228/98
f 98/228/3800 97/225/3800 96/222/3800
f 96/222/259 95/219/259 94/217/259
f 119/279/3801 99/229/3801 101/236/3801
f 107/249/3802 104/242/3802 106/247/3802
f 100/233/3803 102/238/3803 104/243/3803
f 104/243/3804 107/250/3804 109/256/3804
f 109/256/3805 112/262/3805 113/265/3805
f 113/265/3806 115/270/3806 117/275/3806
f 117/275/3807 119/280/3807 100/233/3807
f 100/233/3516 104/243/3516 109/256/3516
f 109/256/2741 113/265/2741 117/275/2741
f 122/292/3808 105/245/3808 103/240/3808
f 123/296/3809 108/252/3809 106/248/3809
f 99/230/3810 118/278/3810 125/305/3810
f 128/313/3811 121/288/3811 120/284/3811
f 131/322/3812 130/320/3812 141/346/3812
f 147/356/3813 136/336/3813 135/334/3813
f 142/348/3814 143/350/3814 133/330/3814
f 153/365/3815 154/366/3815 143/350/3815
f 138/342/3816 147/357/3816 158/372/3816
f 149/360/3817 150/361/3817 140/345/3817
f 151/362/3818 141/347/3818 140/345/3818
f 156/369/3819 157/371/3819 146/355/3819
f 171/403/3820 159/374/3820 158/372/3820
f 173/407/3821 150/361/3821 149/360/3821
f 178/419/3822 155/368/3822 154/367/3822
f 179/422/3823 156/370/3823 155/368/3823
f 175/412/3824 152/364/3824 151/363/3824
f 181/428/3825 158/373/3825 157/371/3825
f 173/408/41 172/406/41 161/378/41
f 162/382/3724 163/384/3724 174/411/3724
f 163/384/891 164/387/891 175/413/891
f 177/418/364 176/416/364 165/389/364
f 178/420/39 167/394/39 168/395/39
f 180/425/1125 179/423/1125 168/395/1125
f 187/443/3826 169/398/3826 168/396/3826
f 170/401/3827 169/399/3827 187/444/3827
f 182/430/3828 161/379/3828 160/377/3828
f 205/488/3829 204/485/3829 202/480/3829
f 206/490/3830 207/493/3830 208/496/3830
f 205/489/3831 203/483/3831 216/519/3831
f 204/486/3832 206/491/3832 209/499/3832
f 209/499/3833 189/449/3833 191/454/3833
f 191/454/3834 192/456/3834 194/463/3834
f 194/463/3751 196/467/3751 199/474/3751
f 199/474/3835 200/476/3835 202/481/3835
f 202/481/3836 204/486/3836 209/499/3836
f 209/499/3837 191/454/3837 194/463/3837
f 194/463/3838 199/474/3838 202/481/3838
f 197/469/3839 195/465/3839 222/537/3839
f 235/562/3840 224/542/3840 223/540/3840
f 235/562/3841 236/564/3841 225/547/3841
f 230/554/3842 229/553/3842 240/569/3842
f 231/556/3843 219/529/3843 230/555/3843
f 233/559/3844 215/517/3844 221/535/3844
f 233/559/3845 234/561/3845 222/538/3845
f 248/580/3846 236/564/3846 235/562/3846
f 250/583/3847 238/566/3847 237/565/3847
f 244/575/3848 245/576/3848 233/559/3848
f 274/637/3849 275/641/3849 254/589/3849
f 271/629/3850 249/581/3850 248/580/3850
f 267/620/3851 244/575/3851 243/574/3851
f 250/583/3852 249/582/3852 271/630/3852
f 246/578/3853 245/576/3853 268/622/3853
f 256/593/491 257/595/491 267/621/491
f 268/623/1433 267/621/1433 257/595/1433
f 269/626/606 268/623/606 258/599/606
f 260/603/2142 261/605/2142 271/631/2142
f 261/605/2657 262/607/2657 272/633/2657
f 272/633/3854 262/607/3854 263/610/3854
f 274/638/894 264/614/894 265/616/894
f 280/653/3855 262/608/3855 261/606/3855
f 280/654/3263 279/652/3263 278/648/3263
f 278/648/491 277/646/491 276/644/491
f 276/644/3856 282/660/3856 281/658/3856
f 281/658/364 280/654/364 278/648/364
f 263/611/3857 262/609/3857 280/655/3857
f 260/604/3858 259/601/3858 278/649/3858
f 277/647/3859 257/596/3859 256/594/3859
f 287/672/3860 283/663/3860 285/668/3860
f 294/692/3861 292/687/3861 293/689/3861
f 305/721/3862 293/690/3862 291/684/3862
f 304/718/3863 291/684/3863 289/678/3863
f 311/739/3864 302/712/3864 300/706/3864
f 310/735/3865 300/706/3865 298/702/3865
f 328/773/3866 316/749/3866 315/746/3866
f 317/751/3867 316/749/3867 328/773/3867
f 325/768/3868 313/742/3868 312/740/3868
f 314/744/3869 313/743/3869 325/769/3869
f 312/740/3870 323/766/3870 333/781/3870
f 320/756/3871 319/755/3871 330/776/3871
f 344/796/3872 345/798/3872 333/780/3872
f 334/782/3873 324/767/3873 333/781/3873
f 342/793/3874 331/777/3874 330/776/3874
f 335/783/3875 334/782/3875 355/823/3875
f 357/828/3876 347/802/3876 348/805/3876
f 348/805/1606 349/807/1606 359/833/1606
f 349/807/426 350/810/426 360/835/426
f 350/810/364 351/812/364 361/838/364
f 370/861/3877 352/816/3877 351/813/3877
f 367/853/1175 366/852/1175 371/866/1175
f 371/866/1433 370/862/1433 369/859/1433
f 369/859/491 368/857/491 367/853/491
f 348/806/3878 347/803/3878 367/854/3878
f 353/819/3879 363/843/3879 370/863/3879
f 369/860/3880 350/811/3880 349/808/3880
f 367/855/3881 347/804/3881 346/801/3881
f 377/879/3882 376/878/3882 374/873/3882
f 385/900/3883 382/893/3883 384/897/3883
f 377/880/3884 375/876/3884 401/942/3884
f 393/924/3885 394/926/3885 383/896/3885
f 375/876/3886 373/870/3886 397/934/3886
f 393/924/3887 381/890/3887 379/886/3887
f 398/936/3888 387/905/3888 384/898/3888
f 406/955/3889 384/898/3889 383/896/3889
f 434/1000/3890 421/983/3890 420/981/3890
f 421/983/3891 410/965/3891 409/961/3891
f 416/975/3892 405/953/3892 404/949/3892
f 417/977/3893 406/956/3893 405/953/3893
f 417/976/3894 418/978/3894 407/957/3894
f 400/939/3895 411/968/3895 422/984/3895
f 413/971/3896 414/972/3896 402/944/3896
f 419/979/3897 408/958/3897 407/957/3897
f 403/947/3898 402/944/3898 414/972/3898
f 430/995/3899 417/977/3899 416/975/3899
f 423/985/3900 412/969/3900 422/984/3900
f 427/991/3901 415/974/3901 414/972/3901
f 455/1051/3902 435/1001/3902 434/1000/3902
f 451/1041/3903 430/995/3903 429/993/3903
f 425/988/3904 424/987/3904 446/1030/3904
f 423/985/3905 435/1002/3905 455/1052/3905
f 451/1042/3906 452/1044/3906 431/996/3906
f 432/998/3907 431/996/3907 452/1044/3907
f 454/1050/3908 434/1000/3908 433/999/3908
f 450/1039/3909 429/993/3909 428/992/3909
f 450/1040/1756 440/1014/1756 441/1016/1756
f 452/1045/893 451/1043/893 441/1016/893
f 444/1025/1488 436/1005/1488 455/1053/1488
f 438/1010/3910 446/1031/3910 457/1057/3910
f 462/1072/1433 461/1070/1433 460/1066/1433
f 460/1066/1483 459/1064/1483 458/1061/1483
f 458/1061/1483 457/1058/1483 456/1056/1483
f 456/1056/1483 462/1072/1483 460/1066/1483
f 460/1067/3911 441/1017/3911 440/1015/3911
f 478/1111/3912 475/1104/3912 477/1108/3912
f 484/1126/3913 481/1119/3913 483/1123/3913
f 476/1106/3914 474/1102/3914 487/1133/3914
f 503/1173/3915 464/1076/3915 483/1124/3915
f 497/1160/3916 487/1134/3916 486/1131/3916
f 498/1162/3917 499/1165/3917 488/1138/3917
f 524/1206/3918 525/1207/3918 512/1189/3918
f 513/1190/3919 503/1174/3919 502/1171/3919
f 509/1185/3920 499/1165/3920 498/1162/3920
f 494/1155/3921 493/1151/3921 504/1176/3921
f 493/1151/3922 503/1175/3922 513/1191/3922
f 510/1186/3923 511/1188/3923 501/1169/3923
f 521/1202/3924 509/1185/3924 508/1183/3924
f 516/1195/3925 505/1179/3925 504/1177/3925
f 521/1202/3926 520/1200/3926 542/1247/3926
f 539/1241/3927 517/1196/3927 516/1195/3927
f 541/1245/3928 519/1199/3928 518/1198/3928
f 542/1247/3929 520/1200/3929 519/1199/3929
f 547/1261/3930 526/1209/3930 525/1207/3930
f 540/1244/3931 530/1218/3931 531/1220/3931
f 542/1248/99 541/1246/99 531/1220/99
f 532/1224/363 533/1226/363 543/1251/363
f 533/1226/39 534/1228/39 544/1253/39
f 545/1256/3041 544/1253/3041 534/1228/3041
f 535/1230/3193 536/1234/3193 546/1258/3193
f 551/1272/3119 550/1268/3119 549/1266/3119
f 549/1266/2797 548/1264/2797 555/1282/2797
f 555/1282/423 554/1280/423 553/1276/423
f 553/1276/3856 552/1275/3856 551/1272/3856
f 551/1272/39 549/1266/39 555/1282/39
f 553/1277/3932 534/1229/3932 533/1227/3932
f 535/1231/3933 534/1229/3933 553/1277/3933
f 531/1221/3934 530/1219/3934 550/1269/3934
f 557/1286/3935 574/1328/3935 556/1284/3935
f 563/1301/3936 560/1294/3936 562/1299/3936
f 566/1309/3937 565/1306/3937 563/1301/3937
f 573/1326/3938 571/1321/3938 572/1324/3938
f 557/1287/3748 558/1289/3748 560/1295/3748
f 560/1295/3833 563/1302/3833 565/1307/3833
f 565/1307/3939 567/1312/3939 569/1317/3939
f 569/1317/3940 571/1322/3940 573/1327/3940
f 573/1327/3941 574/1329/3941 557/1287/3941
f 557/1287/2741 560/1295/2741 565/1307/2741
f 565/1307/3942 569/1317/3942 573/1327/3942
f 590/1364/3943 591/1365/3943 568/1314/3943
f 566/1310/3944 564/1304/3944 581/1345/3944
f 564/1304/3945 562/1300/3945 580/1343/3945
f 594/1371/3946 593/1370/3946 603/1385/3946
f 595/1373/3947 584/1353/3947 594/1372/3947
f 601/1381/3948 602/1384/3948 591/1366/3948
f 609/1394/3949 610/1395/3949 600/1380/3949
f 611/1397/3950 601/1382/3950 600/1380/3950
f 607/1391/3951 597/1376/3951 596/1375/3951
f 635/1451/3952 626/1429/3952 616/1404/3952
f 629/1437/3953 608/1392/3953 607/1391/3953
f 633/1445/3954 613/1399/3954 612/1398/3954
f 634/1449/3955 614/1400/3955 613/1399/3955
f 630/1439/3956 609/1394/3956 608/1393/3956
f 635/1452/3957 615/1403/3957 614/1401/3957
f 633/1446/3958 623/1422/3958 624/1425/3958
f 620/1414/3959 619/1412/3959 638/1459/3959
f 642/1471/1757 641/1468/1757 640/1465/1757
f 640/1465/6 639/1463/6 638/1460/6
f 638/1460/3415 637/1457/3415 636/1455/3415
f 636/1455/606 642/1471/606 640/1465/606
f 648/1486/3960 649/1488/3960 651/1493/3960
f 654/1501/3961 652/1496/3961 653/1499/3961
f 660/1516/3962 659/1515/3962 657/1510/3962
f 643/1473/3963 661/1520/3963 662/1522/3963
f 663/1527/3964 645/1479/3964 662/1523/3964
f 668/1545/3965 662/1523/3965 660/1517/3965
f 649/1489/3966 647/1483/3966 670/1551/3966
f 647/1483/3967 645/1479/3967 663/1527/3967
f 666/1537/3968 672/1556/3968 658/1513/3968
f 684/1585/3969 683/1583/3969 694/1599/3969
f 690/1594/3970 691/1595/3970 680/1574/3970
f 697/1603/3971 696/1602/3971 718/1646/3971
f 696/1602/3972 697/1603/3972 686/1588/3972
f 695/1600/3973 694/1599/3973 706/1616/3973
f 696/1602/3974 685/1586/3974 695/1601/3974
f 697/1604/3975 698/1605/3975 687/1589/3975
f 698/1605/3976 699/1607/3976 688/1591/3976
f 726/1665/3977 727/1668/3977 707/1618/3977
f 720/1650/3978 698/1605/3978 697/1604/3978
f 721/1654/3979 699/1607/3979 698/1605/3979
f 725/1664/3980 705/1615/3980 704/1613/3980
f 709/1623/1028 710/1625/1028 720/1651/1028
f 713/1634/552 714/1637/552 723/1659/552
f 727/1669/1488 726/1666/1488 717/1644/1488
f 730/1677/3981 711/1628/3981 710/1626/3981
f 732/1682/2797 731/1680/2797 730/1676/2797
f 730/1676/3982 729/1675/3982 728/1672/3982
f 728/1672/1678 735/1690/1678 734/1687/1678
f 734/1687/491 733/1685/491 732/1682/491
f 732/1682/6 730/1676/6 728/1672/6
f 734/1688/3983 716/1641/3983 715/1639/3983
f 712/1631/3984 711/1628/3984 730/1677/3984
f 745/1714/3985 744/1712/3985 741/1705/3985
f 747/1721/3835 748/1723/3835 750/1727/3835
f 750/1727/2901 752/1732/2901 754/1737/2901
f 754/1737/3986 756/1742/3986 758/1746/3986
f 758/1746/3987 737/1696/3987 739/1701/3987
f 739/1701/3988 741/1706/3988 744/1713/3988
f 744/1713/3989 747/1721/3989 750/1727/3989
f 750/1727/381 754/1737/381 758/1746/381
f 758/1746/2167 739/1701/2167 744/1713/2167
f 765/1765/3990 760/1751/3990 745/1715/3990
f 761/1755/3991 749/1725/3991 746/1717/3991
f 767/1770/3992 762/1758/3992 755/1739/3992
f 763/1760/3993 740/1703/3993 738/1699/3993
f 743/1711/3994 742/1708/3994 764/1762/3994
f 773/1781/3995 761/1756/3995 760/1752/3995
f 779/1794/3996 780/1796/3996 769/1775/3996
f 780/1795/3997 781/1797/3997 770/1776/3997
f 788/1808/3998 779/1794/3998 768/1772/3998
f 774/1784/3999 773/1782/3999 784/1802/3999
f 785/1803/4000 786/1805/4000 775/1786/4000
f 790/1810/4001 780/1796/4001 779/1794/4001
f 796/1819/4002 786/1805/4002 785/1803/4002
f 811/1857/4003 791/1812/4003 790/1811/4003
f 816/1868/4004 817/1872/4004 796/1819/4004
f 818/1873/4005 798/1822/4005 797/1821/4005
f 813/1862/4006 803/1834/4006 804/1836/4006
f 816/1869/2212 806/1843/2212 807/1845/2212
f 807/1845/4007 808/1848/4007 818/1874/4007
f 823/1886/4008 804/1837/4008 803/1835/4008
f 823/1887/1125 822/1885/1125 821/1882/1125
f 821/1882/3574 820/1879/3574 827/1900/3574
f 827/1900/39 826/1896/39 825/1893/39
f 825/1893/4009 824/1890/4009 823/1887/4009
f 823/1887/606 821/1882/606 827/1900/606
f 805/1840/4010 804/1838/4010 823/1888/4010
f 801/1830/4011 800/1828/4011 820/1880/4011
f 832/1911/4012 829/1904/4012 831/1910/4012
f 828/1901/4013 848/1951/4013 846/1946/4013
f 839/1930/2598 841/1935/2598 843/1939/2598
f 843/1939/3804 846/1947/3804 848/1952/3804
f 848/1952/4014 829/1905/4014 832/1912/4014
f 832/1912/4015 834/1917/4015 835/1919/4015
f 835/1919/4016 837/1926/4016 839/1930/4016
f 839/1930/2819 843/1939/2819 848/1952/2819
f 848/1952/173 832/1912/173 835/1919/173
f 858/1985/4017 830/1908/4017 828/1902/4017
f 872/2013/4018 862/1993/4018 861/1991/4018
f 878/2021/4019 868/2007/4019 867/2004/4019
f 878/2022/4020 869/2008/4020 854/1972/4020
f 875/2017/4021 865/2000/4021 864/1996/4021
f 866/2003/4022 865/2000/4022 875/2017/4022
f 879/2023/4023 869/2008/4023 878/2022/4023
f 871/2012/4024 870/2010/4024 881/2026/4024
f 888/2036/4025 889/2037/4025 877/2020/4025
f 905/2076/4026 906/2078/4026 884/2030/4026
f 902/2067/4027 880/2025/4027 879/2023/4027
f 891/2041/222 892/2043/222 902/2068/222
f 908/2083/41 907/2081/41 897/2057/41
f 900/2063/895 891/2041/895 901/2066/895
f 918/2109/4028 900/2064/4028 899/2062/4028
f 918/2110/6 917/2108/6 916/2105/6
f 916/2105/99 915/2102/99 914/2100/99
f 914/2100/3193 913/2097/3193 912/2093/3193
f 912/2093/364 911/2091/364 918/2110/364
f 918/2110/6 916/2105/6 914/2100/6
f 911/2092/4029 891/2042/4029 900/2064/4029
f 893/2046/4030 892/2044/4030 912/2094/4030
f 928/2134/4031 927/2131/4031 925/2126/4031
f 930/2140/4032 929/2135/4032 927/2131/4032
f 932/2144/4033 931/2141/4033 929/2136/4033
f 938/2159/4034 935/2152/4034 937/2157/4034
f 927/2132/4035 929/2137/4035 931/2142/4035
f 931/2142/4036 933/2147/4036 935/2153/4036
f 935/2153/4037 938/2160/4037 919/2113/4037
f 919/2113/4038 921/2117/4038 923/2122/4038
f 923/2122/2524 925/2127/2524 927/2132/2524
f 927/2132/1556 931/2142/1556 935/2153/1556
f 935/2153/235 919/2113/235 923/2122/235
f 946/2186/4039 920/2115/4039 937/2158/4039
f 942/2176/4040 941/2172/4040 954/2206/4040
f 956/2213/4041 955/2208/4041 966/2229/4041
f 959/2218/4042 960/2220/4042 948/2191/4042
f 965/2227/4043 954/2206/4043 953/2204/4043
f 959/2218/4044 947/2188/4044 958/2217/4044
f 955/2209/4045 954/2206/4045 965/2227/4045
f 980/2249/4046 969/2233/4046 959/2218/4046
f 977/2245/4047 978/2246/4047 967/2230/4047
f 993/2281/4048 972/2238/4048 971/2236/4048
f 997/2291/4049 998/2294/4049 978/2246/4049
f 999/2297/4050 979/2247/4050 978/2246/4050
f 990/2274/2359 981/2251/2359 982/2254/2359
f 983/2257/4051 984/2259/4051 993/2282/4051
f 995/2287/101 994/2284/101 985/2262/101
f 986/2264/732 987/2267/732 996/2289/732
f 987/2267/3041 988/2269/3041 997/2292/3041
f 1006/2315/4052 981/2252/4052 989/2272/4052
f 1003/2308/41 1002/2305/41 1001/2302/41
f 1001/2302/4053 1000/2299/4053 1006/2316/4053
f 1006/2316/893 1005/2313/893 1004/2310/893
f 1004/2310/2580 1003/2308/2580 1001/2302/2580
f 1025/2361/4054 1024/2359/4054 1022/2354/4054
f 1008/2321/4055 1007/2317/4055 1026/2364/4055
f 1015/2338/4056 1016/2342/4056 1018/2346/4056
f 1018/2346/2741 1020/2351/2741 1022/2355/2741
f 1022/2355/4057 1024/2360/4057 1026/2365/4057
f 1026/2365/4058 1007/2318/4058 1009/2324/4058
f 1009/2324/4059 1011/2328/4059 1012/2331/4059
f 1012/2331/4060 1015/2338/4060 1018/2346/4060
f 1018/2346/2741 1022/2355/2741 1026/2365/2741
f 1026/2365/1626 1009/2324/1626 1012/2331/1626
f 1036/2401/4061 1023/2358/4061 1021/2353/4061
f 1014/2336/4062 1013/2333/4062 1030/2380/4062
f 1035/2398/4063 1021/2353/4063 1019/2348/4063
f 1025/2362/4064 1023/2358/4064 1036/2401/4064
f 1032/2388/4065 1031/2384/4065 1042/2415/4065
f 1041/2413/4066 1040/2412/4066 1051/2434/4066
f 1053/2438/4067 1042/2415/4067 1041/2413/4067
f 1047/2428/4068 1046/2423/4068 1057/2443/4068
f 1050/2433/4069 1038/2405/4069 1037/2402/4069
f 1053/2438/4070 1052/2436/4070 1064/2453/4070
f 1062/2450/4071 1063/2452/4071 1051/2435/4071
f 1069/2460/4072 1056/2442/4072 1055/2440/4072
f 1086/2502/4073 1066/2456/4073 1065/2454/4073
f 1061/2449/4074 1060/2447/4074 1081/2489/4074
f 1083/2494/4075 1063/2452/4075 1062/2450/4075
f 1074/2472/606 1075/2475/606 1085/2500/606
f 1086/2503/2142 1076/2476/2142 1077/2478/2142
f 1077/2478/425 1078/2482/425 1088/2508/425
f 1090/2513/606 1089/2510/606 1079/2484/606
f 1093/2520/4076 1073/2470/4076 1083/2495/4076
f 1094/2524/42 1093/2521/42 1092/2517/42
f 1092/2517/1682 1091/2516/1682 1097/2531/1682
f 1097/2531/423 1096/2528/423 1095/2526/423
f 1095/2526/989 1094/2524/989 1092/2517/989
f 1096/2529/4077 1078/2483/4077 1077/2479/4077
f 1096/2530/4078 1097/2532/4078 1079/2485/4078
f 1092/2518/4079 1072/2467/4079 1071/2465/4079
f 1095/2527/4080 1077/2480/4080 1076/2477/4080
f 1103/2545/4081 1102/2543/4081 1100/2538/4081
f 1102/2543/4082 1103/2545/4082 1105/2551/4082
f 1109/2561/4083 1108/2559/4083 1106/2553/4083
f 1113/2569/4084 1112/2567/4084 1110/2563/4084
f 1117/2580/4085 1116/2577/4085 1114/2572/4085
f 1099/2536/4086 1098/2533/4086 1118/2582/4086
f 1114/2573/4087 1116/2578/4087 1118/2583/4087
f 1118/2583/4088 1098/2534/4088 1100/2539/4088
f 1100/2539/4089 1102/2544/4089 1104/2549/4089
f 1104/2549/4090 1106/2554/4090 1108/2560/4090
f 1108/2560/4091 1110/2564/4091 1112/2568/4091
f 1112/2568/4016 1114/2573/4016 1118/2583/4016
f 1118/2583/3754 1100/2539/3754 1104/2549/3754
f 1104/2549/3836 1108/2560/3836 1112/2568/3836
f 1123/2597/4092 1124/2601/4092 1113/2570/4092
f 1123/2597/4093 1111/2566/4093 1109/2562/4093
f 1130/2613/4094 1105/2552/4094 1103/2546/4094
f 1148/2648/4095 1138/2632/4095 1137/2629/4095
f 1143/2641/4096 1131/2616/4096 1130/2614/4096
f 1159/2663/4097 1160/2664/4097 1148/2648/4097
f 1161/2666/4098 1139/2634/4098 1148/2648/4098
f 1158/2662/4099 1147/2647/4099 1146/2645/4099
f 1171/2691/4100 1161/2666/4100 1160/2664/4100
f 1173/2697/4101 1151/2652/4101 1150/2651/4101
f 1178/2708/4102 1179/2710/4102 1157/2660/4102
f 1153/2655/4103 1152/2654/4103 1174/2700/4103
f 1172/2695/4104 1171/2692/4104 1162/2669/4104
f 1176/2704/4105 1175/2702/4105 1166/2678/4105
f 1179/2711/1487 1178/2709/1487 1168/2684/1487
f 1170/2688/3122 1162/2669/3122 1171/2692/3122
f 1188/2734/4106 1170/2689/4106 1169/2686/4106
f 1187/2732/4107 1186/2729/4107 1185/2727/4107
f 1185/2727/491 1184/2724/491 1183/2721/491
f 1183/2721/1990 1182/2719/1990 1188/2735/1990
f 1188/2735/1433 1187/2732/1433 1185/2727/1433
f 1192/2744/4108 1189/2737/4108 1191/2742/4108
f 1198/2759/4109 1195/2751/4109 1197/2756/4109
f 1203/2772/4110 1202/2769/4110 1200/2764/4110
f 1205/2777/4111 1203/2773/4111 1213/2802/4111
f 1206/2780/1702 1208/2786/1702 1189/2738/1702
f 1189/2738/4112 1192/2745/4112 1193/2748/4112
f 1193/2748/381 1195/2752/381 1198/2760/381
f 1198/2760/4113 1200/2765/4113 1202/2770/4113
f 1202/2770/4114 1204/2775/4114 1206/2780/4114
f 1206/2780/4115 1189/2738/4115 1193/2748/4115
f 1193/2748/3516 1198/2760/3516 1202/2770/3516
f 1228/2837/4116 1210/2791/4116 1209/2789/4116
f 1199/2763/4117 1197/2757/4117 1223/2825/4117
f 1211/2794/4118 1215/2808/4118 1191/2743/4118
f 1197/2757/4119 1196/2755/4119 1212/2798/4119
f 1250/2868/4120 1251/2870/4120 1239/2853/4120
f 1221/2820/4121 1220/2817/4121 1232/2844/4121
f 1238/2851/4122 1239/2853/4122 1227/2835/4122
f 1218/2814/4123 1217/2812/4123 1229/2839/4123
f 1217/2812/4124 1228/2838/4124 1240/2855/4124
f 1232/2843/4125 1220/2818/4125 1219/2815/4125
f 1247/2864/4126 1235/2848/4126 1234/2846/4126
f 1252/2872/4127 1240/2854/4127 1239/2853/4127
f 1243/2859/4128 1231/2842/4128 1230/2841/4128
f 1241/2856/4129 1229/2839/4129 1240/2855/4129
f 1247/2865/4130 1248/2866/4130 1236/2849/4130
f 1250/2869/4131 1238/2852/4131 1237/2850/4131
f 1245/2862/4132 1233/2845/4132 1232/2844/4132
f 1262/2897/4133 1252/2872/4133 1251/2870/4133
f 1266/2907/4134 1246/2863/4134 1245/2862/4134
f 1263/2900/4135 1242/2858/4135 1241/2856/4135
f 1263/2901/4104 1262/2898/4104 1253/2875/4104
f 1254/2877/1283 1255/2880/1283 1264/2903/1283
f 1265/2906/2286 1264/2903/2286 1255/2880/2286
f 1266/2908/891 1265/2906/891 1256/2882/891
f 1267/2911/829 1266/2908/829 1257/2884/829
f 1268/2913/1281 1267/2911/1281 1258/2886/1281
f 1259/2889/39 1260/2892/39 1269/2916/39
f 1270/2918/1607 1269/2916/1607 1260/2892/1607
f 1261/2895/3122 1253/2875/3122 1262/2898/3122
f 1276/2933/4136 1259/2890/4136 1258/2887/4136
f 1278/2939/39 1277/2937/39 1276/2934/39
f 1276/2934/218 1275/2930/218 1274/2929/218
f 1274/2929/3119 1273/2926/3119 1272/2923/3119
f 1272/2923/4137 1271/2921/4137 1278/2939/4137
f 1278/2939/893 1276/2934/893 1274/2929/893
f 1275/2931/4138 1258/2887/4138 1257/2885/4138
f 1280/2942/4139 1300/2992/4139 1279/2940/4139
f 1284/2952/4140 1281/2945/4140 1283/2950/4140
f 1288/2962/4141 1289/2965/4141 1291/2970/4141
f 1292/2972/4142 1290/2967/4142 1291/2971/4142
f 1302/3000/4143 1303/3002/4143 1283/2951/4143
f 1284/2953/4144 1285/2956/4144 1288/2963/4144
f 1288/2963/4145 1290/2968/4145 1292/2973/4145
f 1292/2973/4146 1293/2976/4146 1295/2980/4146
f 1295/2980/4147 1297/2985/4147 1300/2993/4147
f 1300/2993/4148 1280/2943/4148 1281/2946/4148
f 1281/2946/4149 1284/2953/4149 1288/2963/4149
f 1288/2963/3516 1292/2973/3516 1295/2980/3516
f 1295/2980/280 1300/2993/280 1281/2946/280
f 1302/3000/4150 1282/2949/4150 1279/2941/4150
f 1308/3020/4151 1298/2987/4151 1296/2983/4151
f 1313/3032/4152 1309/3022/4152 1303/3003/4152
f 1319/3048/4153 1307/3019/4153 1306/3015/4153
f 1310/3025/4154 1304/3007/4154 1303/3003/4154
f 1320/3050/4155 1321/3052/4155 1308/3021/4155
f 1312/3029/4156 1302/3001/4156 1301/2997/4156
f 1327/3062/4157 1315/3035/4157 1314/3034/4157
f 1331/3068/4158 1332/3069/4158 1321/3052/4158
f 1328/3063/4159 1316/3039/4159 1315/3035/4159
f 1318/3045/4160 1317/3044/4160 1328/3064/4160
f 1325/3059/4161 1309/3022/4161 1313/3032/4161
f 1330/3067/4162 1319/3048/4162 1318/3045/4162
f 1344/3087/4163 1323/3056/4163 1332/3070/4163
f 1335/3074/4164 1336/3076/4164 1326/3061/4164
f 1340/3081/4165 1341/3083/4165 1330/3067/4165
f 1358/3122/4166 1336/3076/4166 1335/3074/4166
f 1360/3126/4167 1338/3079/4167 1337/3077/4167
f 1364/3135/4168 1365/3139/4168 1343/3086/4168
f 1346/3092/4169 1347/3095/4169 1357/3119/4169
f 1359/3124/4170 1348/3097/4170 1349/3099/4170
f 1364/3136/1755 1363/3134/1755 1352/3107/1755
f 1364/3136/3644 1353/3110/3644 1354/3112/3644
f 1370/3152/423 1369/3150/423 1368/3147/423
f 1368/3147/606 1367/3144/606 1366/3142/606
f 1366/3142/606 1371/3156/606 1370/3152/606
f 1370/3153/4171 1350/3102/4171 1349/3100/4171
f 1375/3166/4172 1374/3162/4172 1372/3157/4172
f 1380/3178/4173 1378/3172/4173 1376/3167/4173
f 1382/3183/4174 1379/3174/4174 1381/3180/4174
f 1373/3159/4175 1372/3157/4175 1390/3202/4175
f 1382/3184/4176 1384/3188/4176 1386/3193/4176
f 1386/3193/3140 1388/3198/3140 1390/3203/3140
f 1390/3203/4177 1372/3158/4177 1374/3163/4177
f 1374/3163/4178 1376/3168/4178 1378/3173/4178
f 1378/3173/4179 1379/3175/4179 1382/3184/4179
f 1382/3184/2741 1386/3193/2741 1390/3203/2741
f 1390/3203/1556 1374/3163/1556 1378/3173/1556
f 1396/3219/4180 1385/3190/4180 1383/3186/4180
f 1411/3250/4181 1400/3228/4181 1373/3160/4181
f 1416/3257/4182 1406/3240/4182 1405/3238/4182
f 1407/3242/4183 1406/3240/4183 1416/3257/4183
f 1412/3252/4184 1413/3253/4184 1402/3233/4184
f 1408/3244/4185 1407/3243/4185 1417/3259/4185
f 1404/3237/4186 1403/3235/4186 1413/3253/4186
f 1418/3260/4187 1419/3262/4187 1409/3246/4187
f 1413/3253/4188 1412/3252/4188 1424/3268/4188
f 1431/3279/4189 1432/3280/4189 1420/3263/4189
f 1450/3324/4190 1429/3276/4190 1428/3274/4190
f 1446/3314/4191 1424/3269/4191 1423/3267/4191
f 1435/3286/99 1436/3289/99 1447/3316/99
f 1452/3328/39 1441/3302/39 1442/3304/39
f 1460/3350/893 1459/3347/893 1458/3345/893
f 1458/3345/42 1457/3342/42 1456/3338/42
f 1456/3338/98 1455/3336/98 1462/3355/98
f 1462/3355/99 1461/3353/99 1460/3350/99
f 1460/3350/42 1458/3345/42 1456/3338/42
f 1456/3339/4192 1435/3287/4192 1434/3284/4192
f 1455/3337/4193 1434/3285/4193 1444/3309/4193
f 1481/3405/4194 1480/3400/4194 1478/3395/4194
f 1463/3357/4195 1464/3358/4195 1480/3401/4195
f 1470/3374/4196 1472/3381/4196 1474/3387/4196
f 1474/3387/4197 1476/3392/4197 1478/3396/4197
f 1478/3396/4198 1480/3402/4198 1464/3359/4198
f 1464/3359/381 1466/3365/381 1468/3370/381
f 1468/3370/1556 1470/3374/1556 1474/3387/1556
f 1474/3387/4199 1478/3396/4199 1464/3359/4199
f 1483/3411/4200 1469/3372/4200 1467/3367/4200
f 1491/3437/4201 1467/3367/4201 1465/3362/4201
f 1521/3492/4202 1510/3477/4202 1509/3476/4202
f 1501/3463/4203 1502/3466/4203 1490/3434/4203
f 1501/3464/4204 1500/3462/4204 1499/3459/4204
f 1534/3523/4205 1512/3479/4205 1511/3478/4205
f 1522/3494/4206 1501/3464/4206 1510/3477/4206
f 1518/3488/4207 1507/3473/4207 1506/3472/4207
f 1513/3481/4208 1514/3483/4208 1504/3469/4208
f 1515/3484/4209 1516/3485/4209 1505/3470/4209
f 1538/3534/4210 1539/3536/4210 1518/3488/4210
f 1535/3526/4211 1513/3481/4211 1512/3480/4211
f 1539/3536/4212 1540/3538/4212 1519/3489/4212
f 1535/3526/4213 1536/3529/4213 1514/3483/4213
f 1537/3531/4214 1516/3485/4214 1515/3484/4214
f 1534/3524/4169 1524/3499/4169 1525/3501/4169
f 1542/3543/4215 1531/3516/4215 1532/3519/4215
f 1543/3546/1609 1532/3519/1609 1523/3497/1609
f 1545/3551/4216 1544/3549/4216 1549/3562/4216
f 1549/3562/41 1548/3560/41 1547/3556/41
f 1547/3556/1173 1546/3554/1173 1545/3551/1173
f 1529/3512/4217 1528/3509/4217 1547/3557/4217
f 1549/3563/4218 1531/3517/4218 1530/3514/4218
f 1559/3587/4219 1558/3584/4219 1556/3580/4219
f 1561/3592/4220 1560/3588/4220 1558/3584/4220
f 1562/3594/4221 1560/3589/4221 1561/3593/4221
f 1567/3607/4222 1566/3604/4222 1563/3597/4222
f 1556/3581/4223 1558/3585/4223 1560/3590/4223
f 1560/3590/4113 1562/3595/4113 1563/3598/4113
f 1563/3598/4224 1566/3605/4224 1568/3610/4224
f 1568/3610/4225 1550/3567/4225 1552/3571/4225
f 1552/3571/4036 1555/3579/4036 1556/3581/4036
f 1556/3581/4226 1560/3590/4226 1563/3598/4226
f 1563/3598/3768 1568/3610/3768 1552/3571/3768
f 1578/3641/4227 1554/3575/4227 1553/3573/4227
f 1573/3627/4228 1565/3603/4228 1564/3600/4228
f 1577/3638/4229 1553/3573/4229 1551/3569/4229
f 1576/3635/4230 1551/3569/4230 1569/3613/4230
f 1585/3659/4231 1573/3628/4231 1572/3624/4231
f 1577/3639/4232 1576/3636/4232 1589/3669/4232
f 1594/3677/4233 1595/3678/4233 1575/3634/4233
f 1580/3644/4234 1579/3643/4234 1591/3672/4234
f 1596/3679/4235 1585/3659/4235 1584/3656/4235
f 1608/3699/4236 1598/3683/4236 1597/3681/4236
f 1603/3690/4237 1604/3692/4237 1594/3676/4237
f 1599/3684/4238 1600/3685/4238 1590/3671/4238
f 1605/3693/4239 1595/3678/4239 1594/3677/4239
f 1600/3686/4240 1601/3687/4240 1591/3672/4240
f 1602/3689/4241 1592/3674/4241 1591/3672/4241
f 1607/3697/4242 1597/3681/4242 1596/3680/4242
f 1626/3744/4243 1627/3746/4243 1605/3693/4243
f 1602/3689/4244 1601/3687/4244 1622/3733/4244
f 1620/3727/4104 1619/3725/4104 1610/3703/4104
f 1624/3739/4245 1613/3709/4245 1614/3711/4245
f 1630/3753/1488 1618/3722/1488 1610/3703/1488
f 1636/3768/99 1635/3765/99 1634/3764/99
f 1634/3764/3413 1633/3760/3413 1632/3758/3413
f 1632/3758/895 1631/3756/895 1638/3774/895
f 1638/3774/606 1637/3771/606 1636/3768/606
f 1636/3768/42 1634/3764/42 1632/3758/42
f 1636/3769/4246 1616/3716/4246 1615/3714/4246
f 1633/3761/4247 1622/3734/4247 1612/3707/4247
f 1637/3772/4248 1617/3719/4248 1616/3717/4248
f 1635/3766/4249 1615/3714/4249 1614/3712/4249
f 1644/3787/4250 1642/3783/4250 1643/3786/4250
f 1650/3802/4251 1651/3805/4251 1648/3797/4251
f 1657/3820/4252 1655/3815/4252 1656/3818/4252
f 1653/3810/4253 1655/3816/4253 1657/3821/4253
f 1657/3821/4254 1658/3823/4254 1639/3776/4254
f 1639/3776/4255 1642/3784/4255 1644/3788/4255
f 1644/3788/4256 1646/3793/4256 1648/3798/4256
f 1648/3798/2306 1651/3806/2306 1653/3810/2306
f 1653/3810/2013 1657/3821/2013 1639/3776/2013
f 1639/3776/1556 1644/3788/1556 1648/3798/1556
f 1672/3855/4257 1649/3800/4257 1647/3796/4257
f 1699/3898/4258 1688/3883/4258 1687/3881/4258
f 1683/3875/4259 1672/3856/4259 1671/3853/4259
f 1673/3858/4260 1672/3856/4260 1683/3875/4260
f 1669/3851/4261 1662/3834/4261 1679/3869/4261
f 1674/3861/4262 1673/3859/4262 1684/3877/4262
f 1682/3874/4263 1671/3854/4263 1670/3852/4263
f 1690/3886/4264 1680/3871/4264 1679/3869/4264
f 1699/3899/4265 1689/3884/4265 1679/3869/4265
f 1696/3894/4266 1685/3878/4266 1684/3877/4266
f 1690/3885/4267 1691/3887/4267 1681/3872/4267
f 1696/3894/4268 1697/3895/4268 1686/3879/4268
f 1693/3890/4269 1682/3874/4269 1681/3872/4269
f 1720/3950/4270 1710/3926/4270 1689/3884/4270
f 1711/3928/4271 1712/3931/4271 1691/3887/4271
f 1717/3943/4272 1697/3895/4272 1696/3894/4272
f 1714/3936/4026 1715/3938/4026 1694/3891/4026
f 1711/3929/4273 1690/3886/4273 1689/3884/4273
f 1713/3933/551 1702/3906/551 1703/3908/551
f 1718/3946/4274 1707/3919/4274 1708/3922/4274
f 1708/3922/3735 1709/3924/3735 1720/3951/3735
f 1724/3960/4275 1704/3911/4275 1703/3909/4275
f 1721/3954/3122 1727/3970/3122 1726/3967/3122
f 1726/3967/101 1725/3965/101 1724/3961/101
f 1724/3961/3193 1723/3958/3193 1722/3956/3193
f 1722/3956/1540 1721/3954/1540 1726/3967/1540
f 1705/3914/4276 1704/3912/4276 1724/3962/4276
f 1723/3959/4277 1702/3907/4277 1701/3904/4277
f 1733/3984/4278 1730/3976/4278 1732/3982/4278
f 1741/4004/4279 1738/3997/4279 1740/4001/4279
f 1738/3998/5 1741/4005/5 1743/4009/5
f 1743/4009/4280 1745/4015/4280 1746/4017/4280
f 1746/4017/4281 1728/3973/4281 1730/3977/4281
f 1730/3977/4282 1733/3985/4282 1734/3987/4282
f 1734/3987/4283 1736/3992/4283 1738/3998/4283
f 1738/3998/173 1743/4009/173 1746/4017/173
f 1746/4017/3516 1730/3977/3516 1734/3987/3516
f 1748/4022/4284 1749/4023/4284 1731/3980/4284
f 1751/4028/4285 1737/3994/4285 1735/3990/4285
f 1752/4031/4286 1740/4002/4286 1739/4000/4286
f 1756/4041/4287 1757/4046/4287 1749/4024/4287
f 1775/4077/4288 1764/4060/4288 1763/4059/4288
f 1788/4094/4289 1789/4096/4289 1776/4078/4289
f 1770/4069/4290 1771/4071/4290 1760/4052/4290
f 1776/4078/4291 1765/4062/4291 1764/4061/4291
f 1772/4073/4292 1761/4056/4292 1760/4052/4292
f 1776/4078/4293 1777/4079/4293 1766/4063/4293
f 1767/4065/4294 1756/4042/4294 1766/4064/4294
f 1770/4070/4295 1759/4051/4295 1758/4048/4295
f 1802/4128/4296 1779/4082/4296 1778/4081/4296
f 1778/4081/4297 1779/4082/4297 1768/4067/4297
f 1778/4081/4298 1767/4065/4298 1777/4080/4298
f 1788/4095/4299 1775/4077/4299 1774/4075/4299
f 1803/4130/4300 1780/4084/4300 1779/4083/4300
f 1808/4141/4301 1787/4093/4301 1786/4092/4301
f 1803/4130/4302 1804/4133/4302 1781/4085/4302
f 1808/4141/4303 1809/4143/4303 1788/4095/4303
f 1809/4144/4304 1810/4146/4304 1789/4096/4304
f 1795/4110/1174 1796/4112/1174 1806/4138/1174
f 1806/4138/732 1796/4112/732 1797/4114/732
f 1808/4142/4305 1798/4116/4305 1799/4120/4305
f 1810/4147/221 1809/4145/221 1799/4120/221
f 1811/4150/609 1810/4147/609 1800/4122/609
f 1817/4164/4306 1798/4117/4306 1797/4115/4306
f 1814/4158/4307 1813/4154/4307 1812/4152/4307
f 1812/4152/259 1818/4169/259 1817/4165/259
f 1817/4165/1483 1816/4162/1483 1815/4159/1483
f 1815/4159/1031 1814/4158/1031 1812/4152/1031
f 1799/4121/4308 1798/4118/4308 1817/4166/4308
f 1815/4160/4309 1795/4111/4309 1794/4108/4309
f 1815/4161/4310 1816/4163/4310 1796/4113/4310
f 1812/4153/4311 1791/4101/4311 1800/4123/4311
f 1793/4106/4312 1792/4103/4312 1813/4155/4312
f 1824/4182/4313 1821/4175/4313 1823/4181/4313
f 1834/4207/4314 1835/4211/4314 1837/4214/4314
f 1860/4270/4315 1839/4221/4315 1837/4215/4315
f 1848/4244/4316 1829/4195/4316 1827/4191/4316
f 1820/4174/4317 1821/4176/4317 1824/4183/4317
f 1824/4183/4318 1825/4186/4318 1828/4193/4318
f 1828/4193/4319 1830/4199/4319 1833/4205/4319
f 1833/4205/4320 1834/4208/4320 1836/4213/4320
f 1836/4213/3754 1838/4218/3754 1840/4223/3754
f 1840/4223/173 1820/4174/173 1824/4183/173
f 1824/4183/2741 1828/4193/2741 1833/4205/2741
f 1833/4205/4321 1836/4213/4321 1840/4223/4321
f 1844/4234/4322 1819/4171/4322 1839/4221/4322
f 1851/4249/4323 1846/4239/4323 1845/4236/4323
f 1851/4250/4324 1852/4252/4324 1847/4242/4324
f 1882/4303/4325 1871/4287/4325 1870/4286/4325
f 1861/4272/4326 1860/4271/4326 1871/4287/4326
f 1850/4248/4327 1861/4273/4327 1872/4289/4327
f 1864/4277/4328 1852/4252/4328 1851/4250/4328
f 1857/4263/4329 1856/4261/4329 1868/4283/4329
f 1878/4297/4330 1867/4282/4330 1866/4280/4330
f 1882/4303/4331 1883/4305/4331 1872/4288/4331
f 1873/4290/4332 1862/4274/4332 1872/4289/4332
f 1875/4293/4333 1864/4277/4333 1863/4276/4333
f 1880/4300/4334 1879/4299/4334 1900/4347/4334
f 1897/4339/4335 1876/4295/4335 1875/4293/4335
f 1902/4352/4336 1903/4355/4336 1882/4303/4336
f 1898/4341/4337 1899/4345/4337 1878/4297/4337
f 1897/4340/2578 1887/4315/2578 1888/4318/2578
f 1898/4342/4338 1888/4318/4338 1889/4320/4338
f 1908/4367/4306 1891/4324/4306 1890/4322/4306
f 1905/4361/98 1904/4358/98 1910/4374/98
f 1910/4374/1606 1909/4372/1606 1908/4368/1606
f 1908/4368/218 1907/4366/218 1906/4364/218
f 1906/4364/1483 1905/4361/1483 1910/4374/1483
f 1892/4327/3857 1891/4325/3857 1908/4369/3857
f 1912/4377/4339 1931/4424/4339 1911/4375/4339
f 1915/4386/4340 1914/4383/4340 1912/4378/4340
f 1919/4395/4341 1916/4388/4341 1918/4393/4341
f 1919/4395/4342 1920/4398/4342 1922/4404/4342
f 1929/4420/4343 1928/4417/4343 1926/4412/4343
f 1911/4376/4344 1932/4428/4344 1952/4488/4344
f 1912/4379/4345 1914/4384/4345 1916/4389/4345
f 1916/4389/4346 1919/4396/4346 1921/4402/4346
f 1921/4402/4347 1923/4407/4347 1926/4413/4347
f 1926/4413/4348 1928/4418/4348 1930/4423/4348
f 1930/4423/4349 1931/4425/4349 1912/4379/4349
f 1912/4379/3745 1916/4389/3745 1921/4402/3745
f 1921/4402/4350 1926/4413/4350 1930/4423/4350
f 1918/4394/4351 1917/4392/4351 1935/4437/4351
f 1936/4441/4352 1937/4445/4352 1925/4411/4352
f 1943/4464/4353 1935/4438/4353 1934/4434/4353
f 1937/4446/4354 1936/4442/4354 1948/4477/4354
f 1973/4518/4355 1974/4520/4355 1962/4503/4355
f 1961/4502/4356 1950/4483/4356 1949/4479/4356
f 1957/4496/4357 1945/4469/4357 1944/4466/4357
f 1962/4503/4358 1951/4486/4358 1950/4484/4358
f 1953/4490/4359 1954/4492/4359 1941/4459/4359
f 1963/4505/4360 1952/4489/4360 1951/4486/4360
f 1955/4493/4361 1942/4462/4361 1941/4460/4361
f 1963/4504/4362 1953/4490/4362 1940/4458/4362
f 1956/4494/4363 1944/4467/4363 1943/4464/4363
f 1965/4508/4364 1954/4492/4364 1953/4490/4364
f 1975/4522/4365 1963/4505/4365 1962/4503/4365
f 1975/4521/4366 1964/4506/4366 1953/4490/4366
f 1972/4517/4367 1960/4500/4367 1959/4499/4367
f 1956/4494/4368 1955/4493/4368 1967/4510/4368
f 1969/4513/4369 1957/4496/4369 1956/4495/4369
f 1995/4570/4370 1975/4522/4370 1974/4520/4370
f 1991/4561/4371 1971/4516/4371 1970/4514/4371
f 1995/4571/4372 1986/4549/4372 1964/4506/4372
f 1988/4555/4373 1967/4510/4373 1966/4509/4373
f 1993/4566/4374 1973/4519/4374 1972/4517/4374
f 1990/4560/4375 1970/4515/4375 1969/4513/4375
f 1991/4562/40 1982/4538/40 1983/4541/40
f 1994/4569/606 1993/4567/606 1984/4543/606
f 1995/4572/1911 1994/4569/1911 1985/4545/1911
f 1983/4542/4376 1982/4539/4376 1999/4583/4376
f 2000/4586/4377 1999/4582/4377 1998/4580/4377
f 1998/4580/1028 1997/4578/1028 1996/4575/1028
f 1996/4575/609 2002/4590/609 2001/4588/609
f 2001/4588/361 2000/4586/361 1998/4580/361
f 1998/4581/4378 1980/4534/4378 1979/4532/4378
f 2001/4589/4379 1985/4546/4379 1984/4544/4379
f 1999/4583/4380 1982/4539/4380 1981/4537/4380
f 2002/4591/4381 1976/4525/4381 1985/4547/4381
f 2004/4594/4382 2023/4643/4382 2003/4593/4382
f 2008/4604/4383 2005/4597/4383 2007/4603/4383
f 2010/4609/4384 2008/4604/4384 2009/4607/4384
f 2014/4619/4385 2011/4611/4385 2013/4616/4385
f 2026/4655/4386 2016/4627/4386 2013/4617/4386
f 2004/4595/4387 2005/4598/4387 2008/4605/4387
f 2008/4605/4388 2010/4610/4388 2011/4612/4388
f 2011/4612/4389 2014/4620/4389 2015/4624/4389
f 2015/4624/4390 2017/4630/4390 2019/4634/4390
f 2019/4634/4226 2021/4640/4226 2023/4644/4226
f 2023/4644/2741 2004/4595/2741 2008/4605/2741
f 2008/4605/4179 2011/4612/4179 2015/4624/4179
f 2015/4624/1556 2019/4634/1556 2023/4644/1556
f 2036/4680/4391 2035/4679/4391 2046/4702/4391
f 2048/4705/4392 2037/4682/4392 2036/4680/4392
f 2044/4699/4393 2025/4651/4393 2033/4672/4393
f 2076/4759/4394 2054/4714/4394 2053/4712/4394
f 2063/4727/4395 2052/4711/4395 2051/4709/4395
f 2058/4719/4396 2059/4721/4396 2048/4705/4396
f 2056/4717/4397 2057/4718/4397 2046/4702/4397
f 2064/4729/4398 2074/4753/4398 2091/4797/4398
f 2058/4719/4399 2057/4718/4399 2079/4765/4399
f 2075/4756/832 2064/4730/832 2065/4732/832
f 2079/4766/4245 2068/4739/4245 2069/4742/4245
f 2080/4769/2580 2069/4742/2580 2070/4743/2580
f 2083/4776/6 2082/4774/6 2072/4749/6
f 2073/4752/1489 2074/4754/1489 2084/4779/1489
f 2074/4754/1483 2064/4730/1483 2075/4756/1483
f 2089/4792/4400 2071/4747/4400 2070/4744/4400
f 2086/4785/218 2085/4782/218 2091/4798/218
f 2091/4798/39 2090/4796/39 2089/4793/39
f 2089/4793/99 2088/4790/99 2087/4787/99
f 2087/4787/606 2086/4785/606 2091/4798/606
f 2087/4788/4401 2068/4740/4401 2067/4737/4401
f 2107/4839/4402 2108/4842/4402 2110/4847/4402
f 2113/4853/4403 2111/4848/4403 2112/4850/4403
f 2115/4860/4404 2121/4877/4404 2102/4827/4404
f 2092/4802/4405 2094/4808/4405 2096/4813/4405
f 2096/4813/4149 2098/4818/4149 2099/4820/4149
f 2099/4820/4406 2101/4825/4406 2103/4831/4406
f 2103/4831/2167 2105/4835/2167 2107/4840/2167
f 2107/4840/4407 2109/4845/4407 2111/4849/4407
f 2111/4849/4408 2113/4854/4408 2092/4802/4408
f 2092/4802/1702 2096/4813/1702 2099/4820/1702
f 2099/4820/4409 2103/4831/4409 2107/4840/4409
f 2107/4840/3516 2111/4849/3516 2092/4802/3516
f 2117/4867/4410 2108/4843/4410 2106/4837/4410
f 2123/4882/4411 2093/4805/4411 2112/4851/4411
f 2131/4899/4412 2117/4868/4412 2116/4864/4412
f 2139/4916/4413 2140/4918/4413 2130/4897/4413
f 2136/4912/4414 2126/4889/4414 2125/4886/4414
f 2169/4971/4415 2170/4974/4415 2147/4928/4415
f 2156/4940/4416 2157/4942/4416 2144/4923/4416
f 2149/4930/4417 2138/4915/4417 2137/4913/4417
f 2155/4939/4418 2142/4920/4418 2141/4919/4418
f 2156/4940/4419 2143/4922/4419 2142/4921/4419
f 2150/4932/4420 2151/4933/4420 2139/4916/4420
f 2169/4971/4421 2146/4926/4421 2157/4941/4421
f 2174/4984/4422 2175/4985/4422 2154/4937/4422
f 2172/4978/4423 2150/4932/4423 2149/4931/4423
f 2157/4942/4424 2156/4940/4424 2176/4989/4424
f 2172/4979/4425 2161/4951/4425 2162/4954/4425
f 2164/4960/4426 2165/4961/4426 2175/4986/4426
f 2175/4986/947 2165/4961/947 2166/4963/947
f 2183/5008/4427 2166/4964/4427 2165/4962/4427
f 2181/5003/893 2180/4999/893 2179/4998/893
f 2179/4998/4428 2178/4995/4428 2184/5010/4428
f 2184/5010/1483 2183/5009/1483 2182/5006/1483
f 2182/5006/426 2181/5003/426 2179/4998/426
f 2162/4955/4429 2161/4952/4429 2180/5000/4429
f 2184/5011/4430 2168/4969/4430 2167/4967/4430
f 2188/5021/4431 2187/5017/4431 2185/5012/4431
f 2207/5067/4432 2206/5064/4432 2215/5093/4432
f 2187/5018/4433 2189/5023/4433 2191/5028/4433
f 2191/5028/4434 2193/5032/4434 2195/5038/4434
f 2195/5038/4435 2197/5042/4435 2199/5047/4435
f 2199/5047/2901 2201/5052/2901 2203/5056/2901
f 2203/5056/4436 2205/5062/4436 2185/5013/4436
f 2185/5013/4437 2187/5018/4437 2191/5028/4437
f 2191/5028/5 2195/5038/5 2199/5047/5
f 2199/5047/1556 2203/5056/1556 2185/5013/1556
f 2206/5064/4438 2204/5059/4438 2212/5085/4438
f 2231/5132/4439 2220/5108/4439 2219/5106/4439
f 2232/5134/4440 2221/5113/4440 2220/5108/4440
f 2228/5127/4441 2229/5129/4441 2218/5104/4441
f 2229/5128/4442 2230/5131/4442 2219/5106/4442
f 2248/5158/4443 2236/5140/4443 2235/5138/4443
f 2229/5129/4444 2228/5127/4444 2239/5144/4444
f 2242/5148/4445 2231/5132/4445 2230/5131/4445
f 2269/5211/4446 2249/5160/4446 2257/5180/4446
f 2268/5208/4447 2258/5182/4447 2237/5141/4447
f 2262/5194/4245 2251/5165/4245 2252/5167/4245
f 2265/5201/4448 2254/5173/4448 2255/5175/4448
f 2255/5175/42 2256/5178/42 2267/5206/42
f 2268/5209/832 2267/5206/832 2256/5178/832
f 2273/5223/893 2272/5219/893 2271/5218/893
f 2271/5218/4449 2270/5214/4449 2269/5212/4449
f 2269/5212/4450 2275/5228/4450 2274/5226/4450
f 2274/5226/893 2273/5223/893 2271/5218/893
f 2272/5220/4249 2253/5170/4249 2252/5168/4249
f 2270/5215/4451 2260/5189/4451 2249/5161/4451
f 2276/5229/4452 2277/5232/4452 2279/5237/4452
f 2287/5255/4453 2284/5249/4453 2286/5253/4453
f 2287/5256/4454 2288/5259/4454 2290/5264/4454
f 2277/5232/4455 2276/5229/4455 2295/5276/4455
f 2300/5290/4456 2281/5242/4456 2279/5238/4456
f 2276/5230/4457 2278/5235/4457 2280/5240/4457
f 2280/5240/4458 2282/5246/4458 2284/5250/4458
f 2284/5250/4459 2287/5257/4459 2289/5263/4459
f 2289/5263/4460 2291/5267/4460 2293/5272/4460
f 2293/5272/235 2295/5277/235 2276/5230/235
f 2276/5230/381 2280/5240/381 2284/5250/381
f 2284/5250/3748 2289/5263/3748 2293/5272/3748
f 2304/5302/4461 2292/5270/4461 2290/5265/4461
f 2303/5299/4462 2290/5265/4462 2288/5260/4462
f 2301/5293/4463 2283/5248/4463 2281/5242/4463
f 2302/5296/4464 2288/5260/4464 2286/5254/4464
f 2325/5342/4465 2314/5325/4465 2313/5322/4465
f 2327/5345/4466 2316/5329/4466 2315/5327/4466
f 2312/5321/4467 2311/5319/4467 2321/5336/4467
f 2317/5330/4468 2318/5332/4468 2307/5309/4468
f 2320/5334/4469 2309/5315/4469 2308/5311/4469
f 2339/5362/4470 2328/5346/4470 2317/5330/4470
f 2332/5352/4471 2321/5336/4471 2320/5335/4471
f 2356/5404/4472 2334/5355/4472 2333/5354/4472
f 2353/5397/4473 2331/5351/4473 2330/5349/4473
f 2358/5410/4474 2336/5358/4474 2335/5356/4474
f 2341/5367/1540 2342/5369/1540 2352/5395/1540
f 2342/5369/1606 2343/5371/1606 2353/5398/1606
f 2356/5405/40 2345/5376/40 2346/5379/40
f 2359/5412/2145 2348/5384/2145 2349/5386/2145
f 2365/5427/6 2364/5424/6 2363/5422/6
f 2363/5422/3493 2362/5419/3493 2361/5418/3493
f 2361/5418/41 2360/5415/41 2367/5432/41
f 2367/5432/423 2366/5431/423 2365/5427/423
f 2365/5427/364 2363/5422/364 2361/5418/364
f 2365/5428/3763 2346/5380/3763 2345/5377/3763
f 2362/5420/3981 2343/5372/3981 2342/5370/3981
f 2363/5423/4475 2344/5374/4475 2343/5372/4475
f 2364/5425/4476 2345/5377/4476 2344/5375/4476
f 2349/5387/4477 2348/5385/4477 2367/5433/4477
f 2372/5445/4478 2373/5446/4478 2370/5439/4478
f 2377/5457/4479 2376/5454/4479 2374/5449/4479
f 2378/5458/4480 2379/5461/4480 2381/5466/4480
f 2384/5473/4481 2382/5468/4481 2383/5470/4481
f 2388/5484/4482 2386/5479/4482 2396/5513/4482
f 2368/5435/4405 2370/5440/4405 2373/5447/4405
f 2373/5447/3940 2374/5450/3940 2376/5455/3940
f 2376/5455/4483 2378/5459/4483 2380/5464/4483
f 2380/5464/4113 2382/5469/4113 2384/5474/4113
f 2384/5474/2901 2385/5476/2901 2387/5482/2901
f 2387/5482/4254 2389/5486/4254 2368/5435/4254
f 2368/5435/1702 2373/5447/1702 2376/5455/1702
f 2376/5455/4056 2380/5464/4056 2384/5474/4056
f 2384/5474/2381 2387/5482/2381 2368/5435/2381
f 2395/5509/4484 2383/5471/4484 2381/5467/4484
f 2403/5535/4485 2404/5539/4485 2393/5501/4485
f 2412/5562/4486 2400/5525/4486 2411/5560/4486
f 2414/5566/4487 2403/5536/4487 2402/5532/4487
f 2417/5570/4488 2418/5572/4488 2408/5555/4488
f 2433/5593/4489 2421/5576/4489 2412/5562/4489
f 2418/5572/4490 2417/5570/4490 2428/5586/4490
f 2424/5581/4491 2425/5582/4491 2415/5567/4491
f 2446/5624/4492 2422/5577/4492 2421/5576/4492
f 2450/5635/4493 2451/5637/4493 2428/5586/4493
f 2423/5579/4494 2422/5578/4494 2446/5625/4494
f 2448/5630/4495 2425/5582/4495 2424/5581/4495
f 2453/5641/4005 2431/5590/4005 2430/5589/4005
f 2426/5583/4496 2425/5582/4496 2448/5630/4496
f 2441/5613/1607 2442/5616/1607 2453/5642/1607
f 2454/5645/2797 2453/5642/2797 2442/5616/2797
f 2460/5661/893 2459/5657/893 2458/5656/893
f 2458/5656/832 2457/5653/832 2456/5649/832
f 2456/5649/260 2455/5647/260 2462/5666/260
f 2462/5666/99 2461/5664/99 2460/5661/99
f 2460/5661/832 2458/5656/832 2456/5649/832
f 2459/5658/4497 2439/5608/4497 2438/5606/4497
f 2456/5650/4192 2435/5598/4192 2434/5595/4192
f 2455/5648/4193 2434/5596/4193 2443/5618/4193
f 2464/5670/4498 2483/5717/4498 2463/5668/4498
f 2468/5680/4499 2469/5684/4499 2470/5686/4499
f 2477/5702/4500 2474/5695/4500 2476/5700/4500
f 2481/5711/4501 2478/5704/4501 2480/5709/4501
f 2463/5668/4502 2483/5717/4502 2481/5712/4502
f 2487/5733/4503 2482/5716/4503 2480/5710/4503
f 2481/5713/4504 2483/5718/4504 2464/5671/4504
f 2464/5671/4505 2465/5673/4505 2468/5681/4505
f 2468/5681/4506 2471/5688/4506 2472/5692/4506
f 2472/5692/4507 2474/5696/4507 2477/5703/4507
f 2477/5703/4508 2478/5705/4508 2481/5713/4508
f 2481/5713/2524 2464/5671/2524 2468/5681/2524
f 2468/5681/381 2472/5692/381 2477/5703/381
f 2511/5782/4509 2501/5764/4509 2500/5761/4509
f 2511/5783/4510 2512/5784/4510 2502/5768/4510
f 2499/5759/4511 2498/5758/4511 2508/5778/4511
f 2504/5772/4512 2505/5774/4512 2494/5749/4512
f 2504/5772/4513 2493/5748/4513 2503/5771/4513
f 2500/5761/4514 2499/5760/4514 2509/5780/4514
f 2525/5803/4515 2504/5772/4515 2512/5785/4515
f 2520/5795/4516 2521/5797/4516 2510/5781/4516
f 2508/5778/4517 2507/5777/4517 2517/5792/4517
f 2542/5845/4518 2520/5796/4518 2519/5794/4518
f 2538/5834/4519 2515/5789/4519 2514/5788/4519
f 2536/5830/4520 2513/5786/4520 2525/5803/4520
f 2538/5834/4521 2539/5838/4521 2516/5790/4521
f 2543/5847/4522 2544/5850/4522 2522/5799/4522
f 2541/5842/4523 2519/5794/4523 2518/5793/4523
f 2527/5808/491 2528/5811/491 2538/5835/491
f 2551/5867/832 2550/5865/832 2549/5863/832
f 2549/5863/4426 2548/5860/4426 2547/5858/4426
f 2547/5858/3122 2554/5876/3122 2553/5874/3122
f 2553/5874/2142 2552/5870/2142 2551/5867/2142
f 2551/5867/6 2549/5863/6 2547/5858/6
f 2533/5823/4524 2532/5820/4524 2552/5871/4524
f 2550/5866/4525 2530/5815/4525 2529/5813/4525
f 2532/5821/4526 2531/5818/4526 2551/5868/4526
f 2559/5887/4527 2556/5880/4527 2558/5885/4527
f 2563/5897/4528 2560/5890/4528 2562/5895/4528
f 2565/5901/4529 2563/5897/4529 2564/5899/4529
f 2569/5911/4530 2566/5905/4530 2568/5910/4530
f 2559/5888/4531 2560/5891/4531 2563/5898/4531
f 2563/5898/4532 2565/5902/4532 2566/5906/4532
f 2566/5906/4533 2569/5912/4533 2571/5917/4533
f 2571/5917/4534 2573/5923/4534 2575/5927/4534
f 2575/5927/4535 2556/5881/4535 2559/5888/4535
f 2559/5888/173 2563/5898/173 2566/5906/173
f 2566/5906/4536 2571/5917/4536 2575/5927/4536
f 2579/5938/4537 2580/5941/4537 2567/5908/4537
f 2586/5955/4538 2561/5893/4538 2558/5886/4538
f 2579/5938/4539 2564/5900/4539 2562/5896/4539
f 2587/5959/4540 2562/5896/4540 2561/5893/4540
f 2599/5981/4541 2600/5982/4541 2589/5962/4541
f 2605/5989/4542 2594/5972/4542 2593/5970/4542
f 2601/5984/4543 2590/5964/4543 2589/5962/4543
f 2606/5991/4544 2596/5976/4544 2583/5949/4544
f 2598/5980/4545 2586/5956/4545 2585/5954/4545
f 2606/5991/4546 2605/5990/4546 2618/6008/4546
f 2607/5992/4547 2596/5976/4547 2606/5991/4547
f 2617/6006/4548 2604/5988/4548 2603/5987/4548
f 2635/6049/4549 2636/6051/4549 2614/6002/4549
f 2631/6039/4550 2609/5995/4550 2608/5994/4550
f 2630/6037/4551 2607/5992/4551 2619/6009/4551
f 2615/6003/4552 2614/6002/4552 2636/6051/4552
f 2634/6045/4553 2612/5999/4553 2611/5998/4553
f 2623/6019/1174 2624/6022/1174 2634/6046/1174
f 2638/6056/606 2637/6054/606 2627/6028/606
f 2646/6078/4554 2627/6029/4554 2626/6027/4554
f 2644/6073/1757 2643/6070/1757 2642/6067/1757
f 2642/6067/1172 2641/6064/1172 2648/6083/1172
f 2648/6083/99 2647/6081/99 2646/6077/99
f 2646/6077/832 2645/6076/832 2644/6073/832
f 2644/6073/1483 2642/6067/1483 2648/6083/1483
f 2628/6032/4555 2627/6029/4555 2646/6078/4555
f 2621/6014/4011 2620/6012/4011 2641/6065/4011
