# Blender 3.3.1
# www.blender.org
o Bake_Output
v -0.000000 0.361683 0.062020
v -0.000000 0.006032 0.129685
v 0.012100 0.361683 0.060829
v 0.025300 0.006032 0.127193
v 0.023734 0.361683 0.057299
v 0.049628 0.006032 0.119813
v 0.034457 0.361683 0.051568
v 0.072049 0.006032 0.107829
v 0.043855 0.361683 0.043855
v 0.091701 0.006032 0.091701
v 0.051568 0.361683 0.034457
v 0.107829 0.006032 0.072049
v 0.057299 0.361683 0.023734
v 0.119814 0.006032 0.049628
v 0.060829 0.361683 0.012100
v 0.127193 0.006032 0.025300
v 0.062020 0.361683 0.000000
v 0.129685 0.006032 -0.000000
v 0.060829 0.361683 -0.012099
v 0.127193 0.006032 -0.025300
v 0.057299 0.361683 -0.023734
v 0.119814 0.006032 -0.049629
v 0.051568 0.361683 -0.034457
v 0.107829 0.006032 -0.072049
v 0.043855 0.361683 -0.043855
v 0.091701 0.006032 -0.091701
v 0.034457 0.361683 -0.051568
v 0.072049 0.006032 -0.107829
v 0.023734 0.361683 -0.057299
v 0.049628 0.006032 -0.119814
v 0.012100 0.361683 -0.060829
v 0.025300 0.006032 -0.127194
v -0.000000 0.361683 -0.062020
v -0.000000 0.006032 -0.129685
v -0.012100 0.361683 -0.060829
v -0.025300 0.006032 -0.127194
v -0.023734 0.361683 -0.057299
v -0.049628 0.006032 -0.119814
v -0.034457 0.361683 -0.051568
v -0.072049 0.006032 -0.107829
v -0.043855 0.361683 -0.043855
v -0.091701 0.006032 -0.091701
v -0.051568 0.361683 -0.034457
v -0.107829 0.006032 -0.072049
v -0.057299 0.361683 -0.023734
v -0.119814 0.006032 -0.049629
v -0.060829 0.361683 -0.012099
v -0.127193 0.006032 -0.025300
v -0.062020 0.361683 0.000000
v -0.129685 0.006032 -0.000000
v -0.060829 0.361683 0.012100
v -0.127193 0.006032 0.025300
v -0.057299 0.361683 0.023734
v -0.119814 0.006032 0.049628
v -0.051568 0.361683 0.034457
v -0.107829 0.006032 0.072049
v -0.043855 0.361683 0.043855
v -0.091701 0.006032 0.091701
v -0.034457 0.361683 0.051568
v -0.072049 0.006032 0.107829
v -0.023734 0.361683 0.057299
v -0.049628 0.006032 0.119813
v -0.012100 0.361683 0.060829
v -0.025300 0.006032 0.127193
v 0.029060 0.006032 0.146097
v -0.000000 0.006032 0.148959
v 0.057004 0.006032 0.137620
v 0.082757 0.006032 0.123855
v 0.105330 0.006032 0.105330
v 0.123855 0.006032 0.082757
v 0.137620 0.006032 0.057004
v 0.146097 0.006032 0.029060
v 0.148959 0.006032 -0.000000
v 0.146097 0.006032 -0.029061
v 0.137620 0.006032 -0.057004
v 0.123855 0.006032 -0.082757
v 0.105330 0.006032 -0.105330
v 0.082757 0.006032 -0.123855
v 0.057004 0.006032 -0.137621
v 0.029060 0.006032 -0.146097
v -0.000000 0.006032 -0.148959
v -0.029061 0.006032 -0.146097
v -0.057004 0.006032 -0.137621
v -0.082757 0.006032 -0.123855
v -0.105330 0.006032 -0.105330
v -0.123855 0.006032 -0.082757
v -0.137620 0.006032 -0.057004
v -0.146097 0.006032 -0.029061
v -0.148959 0.006032 -0.000000
v -0.146097 0.006032 0.029060
v -0.137620 0.006032 0.057004
v -0.123855 0.006032 0.082757
v -0.105330 0.006032 0.105330
v -0.082757 0.006032 0.123855
v -0.057004 0.006032 0.137620
v -0.029061 0.006032 0.146097
v 0.017572 0.338298 0.088342
v -0.000000 0.338298 0.090073
v 0.034469 0.338298 0.083216
v 0.050042 0.338298 0.074893
v 0.063691 0.338298 0.063691
v 0.074893 0.338298 0.050042
v 0.083216 0.338298 0.034469
v 0.088342 0.338298 0.017572
v 0.090073 0.338298 -0.000000
v 0.088342 0.338298 -0.017572
v 0.083216 0.338298 -0.034469
v 0.074893 0.338298 -0.050042
v 0.063691 0.338298 -0.063691
v 0.050042 0.338298 -0.074893
v 0.034469 0.338298 -0.083216
v 0.017572 0.338298 -0.088342
v -0.000000 0.338298 -0.090073
v -0.017572 0.338298 -0.088342
v -0.034469 0.338298 -0.083216
v -0.050042 0.338298 -0.074893
v -0.063691 0.338298 -0.063691
v -0.074893 0.338298 -0.050042
v -0.083216 0.338298 -0.034469
v -0.088342 0.338298 -0.017572
v -0.090073 0.338298 -0.000000
v -0.088342 0.338298 0.017572
v -0.083216 0.338298 0.034469
v -0.074893 0.338298 0.050042
v -0.063691 0.338298 0.063691
v -0.050042 0.338298 0.074893
v -0.034469 0.338298 0.083216
v -0.017572 0.338298 0.088342
v -0.000000 0.376597 0.075497
v 0.014729 0.376597 0.074047
v 0.028891 0.376597 0.069750
v 0.041944 0.376597 0.062774
v 0.053385 0.376597 0.053385
v 0.062774 0.376597 0.041944
v 0.069750 0.376597 0.028892
v 0.074047 0.376597 0.014729
v 0.075497 0.376597 0.000000
v 0.074047 0.376597 -0.014729
v 0.069750 0.376597 -0.028891
v 0.062774 0.376597 -0.041944
v 0.053385 0.376597 -0.053384
v 0.041944 0.376597 -0.062774
v 0.028891 0.376597 -0.069750
v 0.014729 0.376597 -0.074046
v -0.000000 0.376597 -0.075497
v -0.014729 0.376597 -0.074046
v -0.028892 0.376597 -0.069750
v -0.041944 0.376597 -0.062774
v -0.053385 0.376597 -0.053384
v -0.062774 0.376597 -0.041944
v -0.069750 0.376597 -0.028891
v -0.074047 0.376597 -0.014729
v -0.075497 0.376597 0.000000
v -0.074047 0.376597 0.014729
v -0.069750 0.376597 0.028892
v -0.062774 0.376597 0.041944
v -0.053385 0.376597 0.053385
v -0.041944 0.376597 0.062774
v -0.028892 0.376597 0.069750
v -0.014729 0.376597 0.074047
v -0.000000 0.376597 0.065051
v 0.012691 0.376597 0.063801
v 0.024894 0.376597 0.060099
v 0.036140 0.376597 0.054088
v 0.045998 0.376597 0.045998
v 0.054088 0.376597 0.036141
v 0.060099 0.376597 0.024894
v 0.063801 0.376597 0.012691
v 0.065051 0.376597 0.000000
v 0.063801 0.376597 -0.012691
v 0.060099 0.376597 -0.024894
v 0.054088 0.376597 -0.036140
v 0.045998 0.376597 -0.045998
v 0.036140 0.376597 -0.054088
v 0.024894 0.376597 -0.060099
v 0.012691 0.376597 -0.063801
v -0.000000 0.376597 -0.065051
v -0.012691 0.376597 -0.063801
v -0.024894 0.376597 -0.060099
v -0.036140 0.376597 -0.054088
v -0.045998 0.376597 -0.045998
v -0.054088 0.376597 -0.036140
v -0.060099 0.376597 -0.024894
v -0.063801 0.376597 -0.012691
v -0.065051 0.376597 0.000000
v -0.063801 0.376597 0.012691
v -0.060099 0.376597 0.024894
v -0.054088 0.376597 0.036141
v -0.045998 0.376597 0.045998
v -0.036140 0.376597 0.054088
v -0.024894 0.376597 0.060099
v -0.012691 0.376597 0.063801
v -0.000000 0.291450 0.115862
v -0.000000 0.205409 0.132055
v -0.000000 0.097416 0.143767
v 0.028047 0.097416 0.141004
v 0.025763 0.205409 0.129518
v 0.022604 0.291450 0.113636
v 0.055017 0.097416 0.132823
v 0.050535 0.205409 0.122003
v 0.044339 0.291450 0.107043
v 0.079873 0.097416 0.119538
v 0.073366 0.205409 0.109800
v 0.064370 0.291450 0.096336
v 0.101658 0.097416 0.101658
v 0.093377 0.205409 0.093377
v 0.081927 0.291450 0.081927
v 0.119538 0.097416 0.079872
v 0.109800 0.205409 0.073366
v 0.096336 0.291450 0.064370
v 0.132823 0.097416 0.055017
v 0.122003 0.205409 0.050535
v 0.107043 0.291450 0.044338
v 0.141004 0.097416 0.028047
v 0.129518 0.205409 0.025763
v 0.113636 0.291450 0.022604
v 0.143767 0.097416 -0.000000
v 0.132055 0.205409 -0.000000
v 0.115862 0.291450 -0.000000
v 0.141004 0.097416 -0.028048
v 0.129518 0.205409 -0.025763
v 0.113636 0.291450 -0.022604
v 0.132823 0.097416 -0.055017
v 0.122003 0.205409 -0.050535
v 0.107043 0.291450 -0.044339
v 0.119538 0.097416 -0.079873
v 0.109800 0.205409 -0.073366
v 0.096336 0.291450 -0.064370
v 0.101658 0.097416 -0.101659
v 0.093377 0.205409 -0.093377
v 0.081927 0.291450 -0.081927
v 0.079873 0.097416 -0.119538
v 0.073366 0.205409 -0.109800
v 0.064370 0.291450 -0.096336
v 0.055017 0.097416 -0.132823
v 0.050535 0.205409 -0.122003
v 0.044339 0.291450 -0.107043
v 0.028047 0.097416 -0.141004
v 0.025763 0.205409 -0.129518
v 0.022604 0.291450 -0.113636
v -0.000000 0.097416 -0.143767
v -0.000000 0.205409 -0.132056
v -0.000000 0.291450 -0.115862
v -0.028048 0.097416 -0.141004
v -0.025763 0.205409 -0.129518
v -0.022604 0.291450 -0.113636
v -0.055017 0.097416 -0.132823
v -0.050535 0.205409 -0.122003
v -0.044339 0.291450 -0.107043
v -0.079873 0.097416 -0.119538
v -0.073366 0.205409 -0.109800
v -0.064370 0.291450 -0.096336
v -0.101659 0.097416 -0.101659
v -0.093377 0.205409 -0.093377
v -0.081927 0.291450 -0.081927
v -0.119538 0.097416 -0.079873
v -0.109800 0.205409 -0.073366
v -0.096336 0.291450 -0.064370
v -0.132823 0.097416 -0.055017
v -0.122003 0.205409 -0.050535
v -0.107043 0.291450 -0.044339
v -0.141004 0.079851 -0.028048
v -0.129518 0.205409 -0.025763
v -0.113636 0.291450 -0.022604
v -0.143767 0.079851 -0.000000
v -0.132055 0.205409 -0.000000
v -0.115862 0.291450 -0.000000
v -0.141004 0.097416 0.028047
v -0.129518 0.205409 0.025763
v -0.113636 0.291450 0.022604
v -0.132823 0.097416 0.055017
v -0.122003 0.205409 0.050535
v -0.107043 0.291450 0.044338
v -0.119538 0.097416 0.079872
v -0.109800 0.205409 0.073366
v -0.096336 0.291450 0.064370
v -0.101659 0.097416 0.101658
v -0.093377 0.205409 0.093377
v -0.081927 0.291450 0.081927
v -0.079873 0.097416 0.119538
v -0.073366 0.205409 0.109800
v -0.064370 0.291450 0.096336
v -0.055017 0.097416 0.132823
v -0.050535 0.205409 0.122003
v -0.044339 0.291450 0.107043
v -0.028048 0.097416 0.141004
v -0.025763 0.205409 0.129518
v -0.022604 0.291450 0.113636
v -0.135261 0.151412 -0.026905
v -0.121577 0.248429 -0.024183
v -0.137911 0.151412 -0.000000
v -0.123959 0.248429 -0.000000
v -0.114749 0.291450 -0.011302
v -0.130787 0.205409 -0.012881
v -0.142386 0.079851 -0.014024
v -0.136586 0.151412 -0.013453
v -0.122768 0.248429 -0.012092
v -0.205840 0.090097 -0.020844
v -0.207064 0.090097 -0.004918
v -0.204616 0.090097 -0.036770
v -0.211760 0.122913 -0.037017
v -0.214108 0.122913 -0.006462
v -0.212934 0.122913 -0.021740
v -0.208004 0.190867 -0.021117
v -0.209128 0.190867 -0.006489
v -0.206880 0.190867 -0.035746
v -0.188047 0.228989 -0.032463
v -0.190158 0.228989 -0.005000
v -0.189102 0.228989 -0.018732
v -0.169425 0.236218 -0.030113
v -0.170480 0.236218 -0.016381
v -0.177586 0.198097 -0.017278
v -0.176462 0.198097 -0.031907
v -0.171536 0.236218 -0.002649
v -0.178710 0.198097 -0.002649
v -0.191600 0.110392 -0.002967
v -0.191606 0.068873 -0.002967
v -0.189158 0.068873 -0.034819
v -0.189252 0.110392 -0.033522
v -0.190426 0.110392 -0.018244
v -0.190382 0.068873 -0.018893
v -0.146753 0.243358 -0.012036
v -0.146570 0.211149 -0.027917
v -0.144811 0.210500 0.001366
v -0.147579 0.243663 -0.025780
v -0.145690 0.210824 -0.013275
v -0.145928 0.243054 0.001708
v -0.194057 0.156001 -0.019357
v -0.195207 0.156001 -0.004393
v -0.214602 0.155715 -0.006841
v -0.213452 0.155715 -0.021805
v -0.212302 0.155715 -0.036769
v -0.192907 0.156001 -0.034321
v -0.170060 0.063177 -0.000248
v -0.166694 0.094992 -0.031329
v -0.168836 0.063177 -0.016174
v -0.169042 0.094992 -0.000774
v -0.167612 0.063177 -0.032099
v -0.167868 0.094992 -0.016051
v -0.000000 0.584022 0.062020
v -0.000000 0.228371 0.129685
v 0.012100 0.584022 0.060829
v 0.025300 0.228371 0.127193
v 0.023734 0.584022 0.057299
v 0.049628 0.228371 0.119814
v 0.034457 0.584022 0.051568
v 0.072049 0.228371 0.107829
v 0.043855 0.584022 0.043855
v 0.091701 0.228371 0.091701
v 0.051568 0.584022 0.034457
v 0.107829 0.228371 0.072049
v 0.057299 0.584022 0.023734
v 0.119814 0.228371 0.049628
v 0.060829 0.584022 0.012100
v 0.127193 0.228371 0.025300
v 0.062020 0.584022 0.000000
v 0.129685 0.228371 -0.000000
v 0.060829 0.584022 -0.012099
v 0.127193 0.228371 -0.025300
v 0.057299 0.584022 -0.023734
v 0.119814 0.228371 -0.049628
v 0.051568 0.584022 -0.034457
v 0.107829 0.228371 -0.072049
v 0.043855 0.584022 -0.043855
v 0.091701 0.228371 -0.091701
v 0.034457 0.584022 -0.051568
v 0.072049 0.228371 -0.107829
v 0.023734 0.584022 -0.057299
v 0.049628 0.228371 -0.119814
v 0.012100 0.584022 -0.060829
v 0.025300 0.228371 -0.127194
v -0.000000 0.584022 -0.062020
v -0.000000 0.228371 -0.129685
v -0.012100 0.584022 -0.060829
v -0.025300 0.228371 -0.127194
v -0.023734 0.584022 -0.057299
v -0.049628 0.228371 -0.119814
v -0.034457 0.584022 -0.051568
v -0.072049 0.228371 -0.107829
v -0.043855 0.584022 -0.043855
v -0.091701 0.228371 -0.091701
v -0.051568 0.584022 -0.034457
v -0.107829 0.228371 -0.072049
v -0.057299 0.584022 -0.023734
v -0.119814 0.228371 -0.049628
v -0.060829 0.584022 -0.012099
v -0.127193 0.228371 -0.025300
v -0.062020 0.584022 0.000000
v -0.129685 0.228371 -0.000000
v -0.060829 0.584022 0.012100
v -0.127193 0.228371 0.025300
v -0.057299 0.584022 0.023734
v -0.119814 0.228371 0.049628
v -0.051568 0.584022 0.034457
v -0.107829 0.228371 0.072049
v -0.043855 0.584022 0.043855
v -0.091701 0.228371 0.091701
v -0.034457 0.584022 0.051568
v -0.072049 0.228371 0.107829
v -0.023734 0.584022 0.057299
v -0.049628 0.228371 0.119814
v -0.012100 0.584022 0.060829
v -0.025300 0.228371 0.127193
v 0.029060 0.228371 0.146097
v -0.000000 0.228371 0.148959
v 0.057004 0.228371 0.137620
v 0.082757 0.228371 0.123855
v 0.105330 0.228371 0.105330
v 0.123855 0.228371 0.082757
v 0.137620 0.228371 0.057004
v 0.146097 0.228371 0.029060
v 0.148959 0.228371 -0.000000
v 0.146097 0.228371 -0.029061
v 0.137620 0.228371 -0.057004
v 0.123855 0.228371 -0.082757
v 0.105330 0.228371 -0.105330
v 0.082757 0.228371 -0.123855
v 0.057004 0.228371 -0.137621
v 0.029060 0.228371 -0.146097
v -0.000000 0.228371 -0.148959
v -0.029061 0.228371 -0.146097
v -0.057004 0.228371 -0.137621
v -0.082757 0.228371 -0.123855
v -0.105330 0.228371 -0.105330
v -0.123855 0.228371 -0.082757
v -0.137620 0.228371 -0.057004
v -0.146097 0.228371 -0.029061
v -0.148959 0.228371 -0.000000
v -0.146097 0.228371 0.029060
v -0.137620 0.228371 0.057004
v -0.123855 0.228371 0.082757
v -0.105330 0.228371 0.105330
v -0.082757 0.228371 0.123855
v -0.057004 0.228371 0.137620
v -0.029061 0.228371 0.146097
v 0.017572 0.560637 0.088342
v -0.000000 0.560637 0.090073
v 0.034469 0.560637 0.083216
v 0.050042 0.560637 0.074893
v 0.063691 0.560637 0.063691
v 0.074893 0.560637 0.050042
v 0.083216 0.560637 0.034469
v 0.088342 0.560637 0.017572
v 0.090073 0.560637 0.000000
v 0.088342 0.560637 -0.017572
v 0.083216 0.560637 -0.034469
v 0.074893 0.560637 -0.050042
v 0.063691 0.560637 -0.063691
v 0.050042 0.560637 -0.074893
v 0.034469 0.560637 -0.083216
v 0.017572 0.560637 -0.088342
v -0.000000 0.560637 -0.090073
v -0.017572 0.560637 -0.088342
v -0.034469 0.560637 -0.083216
v -0.050042 0.560637 -0.074893
v -0.063691 0.560637 -0.063691
v -0.074893 0.560637 -0.050042
v -0.083216 0.560637 -0.034469
v -0.088342 0.560637 -0.017572
v -0.090073 0.560637 0.000000
v -0.088342 0.560637 0.017572
v -0.083216 0.560637 0.034469
v -0.074893 0.560637 0.050042
v -0.063691 0.560637 0.063691
v -0.050042 0.560637 0.074893
v -0.034469 0.560637 0.083216
v -0.017572 0.560637 0.088342
v -0.000000 0.598936 0.075497
v 0.014729 0.598936 0.074047
v 0.028891 0.598936 0.069750
v 0.041944 0.598936 0.062774
v 0.053385 0.598936 0.053385
v 0.062774 0.598936 0.041944
v 0.069750 0.598936 0.028892
v 0.074047 0.598936 0.014729
v 0.075497 0.598936 0.000000
v 0.074047 0.598936 -0.014729
v 0.069750 0.598936 -0.028891
v 0.062774 0.598936 -0.041944
v 0.053385 0.598936 -0.053384
v 0.041944 0.598936 -0.062774
v 0.028891 0.598936 -0.069750
v 0.014729 0.598936 -0.074046
v -0.000000 0.598936 -0.075497
v -0.014729 0.598936 -0.074046
v -0.028892 0.598936 -0.069750
v -0.041944 0.598936 -0.062774
v -0.053385 0.598936 -0.053384
v -0.062774 0.598936 -0.041944
v -0.069750 0.598936 -0.028891
v -0.074047 0.598936 -0.014729
v -0.075497 0.598936 0.000000
v -0.074047 0.598936 0.014729
v -0.069750 0.598936 0.028892
v -0.062774 0.598936 0.041944
v -0.053385 0.598936 0.053385
v -0.041944 0.598936 0.062774
v -0.028892 0.598936 0.069750
v -0.014729 0.598936 0.074047
v -0.000000 0.598936 0.065051
v 0.012691 0.598936 0.063801
v 0.024894 0.598936 0.060099
v 0.036140 0.598936 0.054088
v 0.045998 0.598936 0.045998
v 0.054088 0.598936 0.036141
v 0.060099 0.598936 0.024894
v 0.063801 0.598936 0.012691
v 0.065051 0.598936 0.000000
v 0.063801 0.598936 -0.012691
v 0.060099 0.598936 -0.024894
v 0.054088 0.598936 -0.036140
v 0.045998 0.598936 -0.045998
v 0.036140 0.598936 -0.054088
v 0.024894 0.598936 -0.060099
v 0.012691 0.598936 -0.063801
v -0.000000 0.598936 -0.065051
v -0.012691 0.598936 -0.063801
v -0.024894 0.598936 -0.060099
v -0.036140 0.598936 -0.054088
v -0.045998 0.598936 -0.045998
v -0.054088 0.598936 -0.036140
v -0.060099 0.598936 -0.024894
v -0.063801 0.598936 -0.012691
v -0.065051 0.598936 0.000000
v -0.063801 0.598936 0.012691
v -0.060099 0.598936 0.024894
v -0.054088 0.598936 0.036141
v -0.045998 0.598936 0.045998
v -0.036140 0.598936 0.054088
v -0.024894 0.598936 0.060099
v -0.012691 0.598936 0.063801
v -0.000000 0.513789 0.115862
v -0.000000 0.427748 0.132055
v -0.000000 0.319755 0.143767
v 0.028047 0.319755 0.141004
v 0.025763 0.427748 0.129518
v 0.022604 0.513789 0.113636
v 0.055017 0.319755 0.132823
v 0.050535 0.427748 0.122003
v 0.044339 0.513789 0.107043
v 0.079873 0.319755 0.119538
v 0.073366 0.427748 0.109800
v 0.064370 0.513789 0.096336
v 0.101658 0.319755 0.101658
v 0.093377 0.427748 0.093377
v 0.081927 0.513789 0.081927
v 0.119538 0.319755 0.079873
v 0.109800 0.427748 0.073366
v 0.096336 0.513789 0.064370
v 0.132823 0.319755 0.055017
v 0.122003 0.427748 0.050535
v 0.107043 0.513789 0.044339
v 0.141004 0.319755 0.028047
v 0.129518 0.427748 0.025763
v 0.113636 0.513789 0.022604
v 0.143767 0.319755 -0.000000
v 0.132055 0.427748 -0.000000
v 0.115862 0.513789 -0.000000
v 0.141004 0.319755 -0.028048
v 0.129518 0.427748 -0.025763
v 0.113636 0.513789 -0.022604
v 0.132823 0.319755 -0.055017
v 0.122003 0.427748 -0.050535
v 0.107043 0.513789 -0.044339
v 0.119538 0.319755 -0.079873
v 0.109800 0.427748 -0.073366
v 0.096336 0.513789 -0.064370
v 0.101658 0.319755 -0.101659
v 0.093377 0.427748 -0.093377
v 0.081927 0.513789 -0.081927
v 0.079873 0.319755 -0.119538
v 0.073366 0.427748 -0.109800
v 0.064370 0.513789 -0.096336
v 0.055017 0.319755 -0.132823
v 0.050535 0.427748 -0.122003
v 0.044339 0.513789 -0.107043
v 0.028047 0.319755 -0.141004
v 0.025763 0.427748 -0.129518
v 0.022604 0.513789 -0.113636
v -0.000000 0.319755 -0.143767
v -0.000000 0.427748 -0.132055
v -0.000000 0.513789 -0.115862
v -0.028048 0.319755 -0.141004
v -0.025763 0.427748 -0.129518
v -0.022604 0.513789 -0.113636
v -0.055017 0.319755 -0.132823
v -0.050535 0.427748 -0.122003
v -0.044339 0.513789 -0.107043
v -0.079873 0.319755 -0.119538
v -0.073366 0.427748 -0.109800
v -0.064370 0.513789 -0.096336
v -0.101659 0.319755 -0.101659
v -0.093377 0.427748 -0.093377
v -0.081927 0.513789 -0.081927
v -0.119538 0.319755 -0.079873
v -0.109800 0.427748 -0.073366
v -0.096336 0.513789 -0.064370
v -0.132823 0.319755 -0.055017
v -0.122003 0.427748 -0.050535
v -0.107043 0.513789 -0.044339
v -0.141004 0.302190 -0.028048
v -0.129518 0.427748 -0.025763
v -0.113636 0.513789 -0.022604
v -0.143767 0.302190 -0.000000
v -0.132055 0.427748 -0.000000
v -0.115862 0.513789 -0.000000
v -0.141004 0.319755 0.028047
v -0.129518 0.427748 0.025763
v -0.113636 0.513789 0.022604
v -0.132823 0.319755 0.055017
v -0.122003 0.427748 0.050535
v -0.107043 0.513789 0.044339
v -0.119538 0.319755 0.079873
v -0.109800 0.427748 0.073366
v -0.096336 0.513789 0.064370
v -0.101659 0.319755 0.101658
v -0.093377 0.427748 0.093377
v -0.081927 0.513789 0.081927
v -0.079873 0.319755 0.119538
v -0.073366 0.427748 0.109800
v -0.064370 0.513789 0.096336
v -0.055017 0.319755 0.132823
v -0.050535 0.427748 0.122003
v -0.044339 0.513789 0.107043
v -0.028048 0.319755 0.141004
v -0.025763 0.427748 0.129518
v -0.022604 0.513789 0.113636
v -0.135261 0.373751 -0.026905
v -0.121577 0.470768 -0.024183
v -0.137911 0.373751 -0.000000
v -0.123959 0.470768 -0.000000
v -0.114749 0.513789 -0.011302
v -0.130787 0.427748 -0.012881
v -0.142386 0.302190 -0.014024
v -0.136586 0.373751 -0.013453
v -0.122768 0.470768 -0.012092
v -0.205840 0.312436 -0.020844
v -0.207064 0.312436 -0.004918
v -0.204616 0.312436 -0.036770
v -0.211760 0.345252 -0.037017
v -0.214108 0.345252 -0.006462
v -0.212934 0.345252 -0.021740
v -0.208004 0.413206 -0.021117
v -0.209128 0.413206 -0.006489
v -0.206880 0.413206 -0.035746
v -0.188047 0.451328 -0.032463
v -0.190158 0.451328 -0.005000
v -0.189102 0.451328 -0.018732
v -0.169425 0.458557 -0.030113
v -0.170480 0.458557 -0.016381
v -0.177586 0.420436 -0.017278
v -0.176462 0.420436 -0.031907
v -0.171536 0.458557 -0.002649
v -0.178710 0.420436 -0.002649
v -0.191600 0.332731 -0.002967
v -0.191606 0.291211 -0.002967
v -0.189158 0.291211 -0.034819
v -0.189252 0.332731 -0.033522
v -0.190426 0.332731 -0.018244
v -0.190382 0.291211 -0.018893
v -0.146753 0.465697 -0.012036
v -0.146570 0.433488 -0.027917
v -0.144811 0.432838 0.001366
v -0.147579 0.466002 -0.025780
v -0.145690 0.433163 -0.013275
v -0.145928 0.465393 0.001708
v -0.194057 0.378340 -0.019357
v -0.195207 0.378340 -0.004393
v -0.214602 0.378054 -0.006841
v -0.213452 0.378054 -0.021805
v -0.212302 0.378054 -0.036769
v -0.192907 0.378340 -0.034321
v -0.170060 0.285515 -0.000248
v -0.166694 0.317331 -0.031329
v -0.168836 0.285515 -0.016174
v -0.169042 0.317331 -0.000774
v -0.167612 0.285515 -0.032099
v -0.167868 0.317331 -0.016051
v -0.000000 0.806361 0.062020
v -0.000000 0.450710 0.129685
v 0.012100 0.806361 0.060829
v 0.025300 0.450710 0.127193
v 0.023734 0.806361 0.057299
v 0.049628 0.450710 0.119814
v 0.034457 0.806361 0.051568
v 0.072049 0.450710 0.107829
v 0.043855 0.806361 0.043855
v 0.091701 0.450710 0.091701
v 0.051568 0.806361 0.034457
v 0.107829 0.450710 0.072049
v 0.057299 0.806361 0.023734
v 0.119814 0.450710 0.049628
v 0.060829 0.806361 0.012100
v 0.127193 0.450710 0.025300
v 0.062020 0.806361 0.000000
v 0.129685 0.450710 -0.000000
v 0.060829 0.806361 -0.012099
v 0.127193 0.450710 -0.025300
v 0.057299 0.806361 -0.023734
v 0.119814 0.450710 -0.049628
v 0.051568 0.806361 -0.034457
v 0.107829 0.450710 -0.072049
v 0.043855 0.806361 -0.043855
v 0.091701 0.450710 -0.091701
v 0.034457 0.806361 -0.051568
v 0.072049 0.450710 -0.107829
v 0.023734 0.806361 -0.057299
v 0.049628 0.450710 -0.119814
v 0.012100 0.806361 -0.060828
v 0.025300 0.450710 -0.127193
v -0.000000 0.806361 -0.062020
v -0.000000 0.450710 -0.129685
v -0.012100 0.806361 -0.060828
v -0.025300 0.450710 -0.127193
v -0.023734 0.806361 -0.057299
v -0.049628 0.450710 -0.119814
v -0.034457 0.806361 -0.051568
v -0.072049 0.450710 -0.107829
v -0.043855 0.806361 -0.043855
v -0.091701 0.450710 -0.091701
v -0.051568 0.806361 -0.034457
v -0.107829 0.450710 -0.072049
v -0.057299 0.806361 -0.023734
v -0.119814 0.450710 -0.049628
v -0.060829 0.806361 -0.012099
v -0.127193 0.450710 -0.025300
v -0.062020 0.806361 0.000000
v -0.129685 0.450710 -0.000000
v -0.060829 0.806361 0.012100
v -0.127193 0.450710 0.025300
v -0.057299 0.806361 0.023734
v -0.119814 0.450710 0.049628
v -0.051568 0.806361 0.034457
v -0.107829 0.450710 0.072049
v -0.043855 0.806361 0.043855
v -0.091701 0.450710 0.091701
v -0.034457 0.806361 0.051568
v -0.072049 0.450710 0.107829
v -0.023734 0.806361 0.057299
v -0.049628 0.450710 0.119814
v -0.012100 0.806361 0.060829
v -0.025300 0.450710 0.127193
v 0.029060 0.450710 0.146097
v -0.000000 0.450710 0.148959
v 0.057004 0.450710 0.137620
v 0.082757 0.450710 0.123855
v 0.105330 0.450710 0.105330
v 0.123855 0.450710 0.082757
v 0.137620 0.450710 0.057004
v 0.146097 0.450710 0.029060
v 0.148959 0.450710 -0.000000
v 0.146097 0.450710 -0.029061
v 0.137620 0.450710 -0.057004
v 0.123855 0.450710 -0.082757
v 0.105330 0.450710 -0.105330
v 0.082757 0.450710 -0.123855
v 0.057004 0.450710 -0.137620
v 0.029060 0.450710 -0.146097
v -0.000000 0.450710 -0.148959
v -0.029061 0.450710 -0.146097
v -0.057004 0.450710 -0.137620
v -0.082757 0.450710 -0.123855
v -0.105330 0.450710 -0.105330
v -0.123855 0.450710 -0.082757
v -0.137620 0.450710 -0.057004
v -0.146097 0.450710 -0.029061
v -0.148959 0.450710 -0.000000
v -0.146097 0.450710 0.029060
v -0.137620 0.450710 0.057004
v -0.123855 0.450710 0.082757
v -0.105330 0.450710 0.105330
v -0.082757 0.450710 0.123855
v -0.057004 0.450710 0.137620
v -0.029061 0.450710 0.146097
v 0.017572 0.782976 0.088342
v -0.000000 0.782976 0.090073
v 0.034469 0.782976 0.083216
v 0.050042 0.782976 0.074893
v 0.063691 0.782976 0.063691
v 0.074893 0.782976 0.050042
v 0.083216 0.782976 0.034469
v 0.088342 0.782976 0.017572
v 0.090073 0.782976 0.000000
v 0.088342 0.782976 -0.017572
v 0.083216 0.782976 -0.034469
v 0.074893 0.782976 -0.050042
v 0.063691 0.782976 -0.063691
v 0.050042 0.782976 -0.074893
v 0.034469 0.782976 -0.083216
v 0.017572 0.782976 -0.088342
v -0.000000 0.782976 -0.090073
v -0.017572 0.782976 -0.088342
v -0.034469 0.782976 -0.083216
v -0.050042 0.782976 -0.074893
v -0.063691 0.782976 -0.063691
v -0.074893 0.782976 -0.050042
v -0.083216 0.782976 -0.034469
v -0.088342 0.782976 -0.017572
v -0.090073 0.782976 0.000000
v -0.088342 0.782976 0.017572
v -0.083216 0.782976 0.034469
v -0.074893 0.782976 0.050042
v -0.063691 0.782976 0.063691
v -0.050042 0.782976 0.074893
v -0.034469 0.782976 0.083216
v -0.017572 0.782976 0.088342
v -0.000000 0.821275 0.075497
v 0.014729 0.821275 0.074047
v 0.028891 0.821275 0.069750
v 0.041944 0.821275 0.062774
v 0.053385 0.821275 0.053385
v 0.062774 0.821275 0.041944
v 0.069750 0.821275 0.028892
v 0.074047 0.821275 0.014729
v 0.075497 0.821275 0.000000
v 0.074047 0.821275 -0.014729
v 0.069750 0.821275 -0.028891
v 0.062774 0.821275 -0.041944
v 0.053385 0.821275 -0.053384
v 0.041944 0.821275 -0.062773
v 0.028891 0.821275 -0.069750
v 0.014729 0.821275 -0.074046
v -0.000000 0.821275 -0.075497
v -0.014729 0.821275 -0.074046
v -0.028892 0.821275 -0.069750
v -0.041944 0.821275 -0.062773
v -0.053385 0.821275 -0.053384
v -0.062774 0.821275 -0.041944
v -0.069750 0.821275 -0.028891
v -0.074047 0.821275 -0.014729
v -0.075497 0.821275 0.000000
v -0.074047 0.821275 0.014729
v -0.069750 0.821275 0.028892
v -0.062774 0.821275 0.041944
v -0.053385 0.821275 0.053385
v -0.041944 0.821275 0.062774
v -0.028892 0.821275 0.069750
v -0.014729 0.821275 0.074047
v -0.000000 0.821275 0.065051
v 0.012691 0.821275 0.063801
v 0.024894 0.821275 0.060099
v 0.036140 0.821275 0.054088
v 0.045998 0.821275 0.045998
v 0.054088 0.821275 0.036141
v 0.060099 0.821275 0.024894
v 0.063801 0.821275 0.012691
v 0.065051 0.821275 0.000000
v 0.063801 0.821275 -0.012691
v 0.060099 0.821275 -0.024894
v 0.054088 0.821275 -0.036140
v 0.045998 0.821275 -0.045998
v 0.036140 0.821275 -0.054088
v 0.024894 0.821275 -0.060099
v 0.012691 0.821275 -0.063801
v -0.000000 0.821275 -0.065051
v -0.012691 0.821275 -0.063801
v -0.024894 0.821275 -0.060099
v -0.036140 0.821275 -0.054088
v -0.045998 0.821275 -0.045998
v -0.054088 0.821275 -0.036140
v -0.060099 0.821275 -0.024894
v -0.063801 0.821275 -0.012691
v -0.065051 0.821275 0.000000
v -0.063801 0.821275 0.012691
v -0.060099 0.821275 0.024894
v -0.054088 0.821275 0.036141
v -0.045998 0.821275 0.045998
v -0.036140 0.821275 0.054088
v -0.024894 0.821275 0.060099
v -0.012691 0.821275 0.063801
v -0.000000 0.736128 0.115862
v -0.000000 0.650087 0.132055
v -0.000000 0.542094 0.143767
v 0.028047 0.542094 0.141004
v 0.025763 0.650087 0.129518
v 0.022604 0.736128 0.113636
v 0.055017 0.542094 0.132823
v 0.050535 0.650087 0.122003
v 0.044339 0.736128 0.107043
v 0.079873 0.542094 0.119538
v 0.073366 0.650087 0.109800
v 0.064370 0.736128 0.096336
v 0.101658 0.542094 0.101658
v 0.093377 0.650087 0.093377
v 0.081927 0.736128 0.081927
v 0.119538 0.542094 0.079873
v 0.109800 0.650087 0.073366
v 0.096336 0.736128 0.064370
v 0.132823 0.542094 0.055017
v 0.122003 0.650087 0.050535
v 0.107043 0.736128 0.044339
v 0.141004 0.542094 0.028047
v 0.129518 0.650087 0.025763
v 0.113636 0.736128 0.022604
v 0.143767 0.542094 -0.000000
v 0.132055 0.650087 -0.000000
v 0.115862 0.736128 -0.000000
v 0.141004 0.542094 -0.028048
v 0.129518 0.650087 -0.025763
v 0.113636 0.736128 -0.022604
v 0.132823 0.542094 -0.055017
v 0.122003 0.650087 -0.050535
v 0.107043 0.736128 -0.044339
v 0.119538 0.542094 -0.079873
v 0.109800 0.650087 -0.073366
v 0.096336 0.736128 -0.064370
v 0.101658 0.542094 -0.101659
v 0.093377 0.650087 -0.093377
v 0.081927 0.736128 -0.081927
v 0.079873 0.542094 -0.119538
v 0.073366 0.650087 -0.109800
v 0.064370 0.736128 -0.096336
v 0.055017 0.542094 -0.132823
v 0.050535 0.650087 -0.122003
v 0.044339 0.736128 -0.107043
v 0.028047 0.542094 -0.141004
v 0.025763 0.650087 -0.129518
v 0.022604 0.736128 -0.113636
v -0.000000 0.542094 -0.143767
v -0.000000 0.650087 -0.132055
v -0.000000 0.736128 -0.115862
v -0.028048 0.542094 -0.141004
v -0.025763 0.650087 -0.129518
v -0.022604 0.736128 -0.113636
v -0.055017 0.542094 -0.132823
v -0.050535 0.650087 -0.122003
v -0.044339 0.736128 -0.107043
v -0.079873 0.542094 -0.119538
v -0.073366 0.650087 -0.109800
v -0.064370 0.736128 -0.096336
v -0.101659 0.542094 -0.101659
v -0.093377 0.650087 -0.093377
v -0.081927 0.736128 -0.081927
v -0.119538 0.542094 -0.079873
v -0.109800 0.650087 -0.073366
v -0.096336 0.736128 -0.064370
v -0.132823 0.542094 -0.055017
v -0.122003 0.650087 -0.050535
v -0.107043 0.736128 -0.044339
v -0.141004 0.524529 -0.028048
v -0.129518 0.650087 -0.025763
v -0.113636 0.736128 -0.022604
v -0.143767 0.524529 -0.000000
v -0.132055 0.650087 -0.000000
v -0.115862 0.736128 -0.000000
v -0.141004 0.542094 0.028047
v -0.129518 0.650087 0.025763
v -0.113636 0.736128 0.022604
v -0.132823 0.542094 0.055017
v -0.122003 0.650087 0.050535
v -0.107043 0.736128 0.044339
v -0.119538 0.542094 0.079873
v -0.109800 0.650087 0.073366
v -0.096336 0.736128 0.064370
v -0.101659 0.542094 0.101658
v -0.093377 0.650087 0.093377
v -0.081927 0.736128 0.081927
v -0.079873 0.542094 0.119538
v -0.073366 0.650087 0.109800
v -0.064370 0.736128 0.096336
v -0.055017 0.542094 0.132823
v -0.050535 0.650087 0.122003
v -0.044339 0.736128 0.107043
v -0.028048 0.542094 0.141004
v -0.025763 0.650087 0.129518
v -0.022604 0.736128 0.113636
v -0.135261 0.596090 -0.026905
v -0.121577 0.693107 -0.024183
v -0.137911 0.596090 -0.000000
v -0.123959 0.693107 -0.000000
v -0.114749 0.736128 -0.011302
v -0.130787 0.650087 -0.012881
v -0.142386 0.524529 -0.014024
v -0.136586 0.596090 -0.013453
v -0.122768 0.693107 -0.012092
v -0.205840 0.534775 -0.020844
v -0.207064 0.534775 -0.004918
v -0.204616 0.534775 -0.036770
v -0.211760 0.567590 -0.037017
v -0.214108 0.567590 -0.006462
v -0.212934 0.567590 -0.021740
v -0.208004 0.635545 -0.021117
v -0.209128 0.635545 -0.006489
v -0.206880 0.635545 -0.035746
v -0.188047 0.673667 -0.032463
v -0.190158 0.673667 -0.005000
v -0.189102 0.673667 -0.018732
v -0.169425 0.680896 -0.030113
v -0.170480 0.680896 -0.016381
v -0.177586 0.642775 -0.017278
v -0.176462 0.642775 -0.031907
v -0.171536 0.680896 -0.002649
v -0.178710 0.642775 -0.002649
v -0.191600 0.555070 -0.002967
v -0.191606 0.513550 -0.002967
v -0.189158 0.513550 -0.034819
v -0.189252 0.555070 -0.033522
v -0.190426 0.555070 -0.018244
v -0.190382 0.513550 -0.018893
v -0.146753 0.688036 -0.012036
v -0.146570 0.655827 -0.027917
v -0.144811 0.655177 0.001366
v -0.147579 0.688341 -0.025780
v -0.145690 0.655502 -0.013275
v -0.145928 0.687732 0.001708
v -0.194057 0.600679 -0.019357
v -0.195207 0.600679 -0.004393
v -0.214602 0.600392 -0.006841
v -0.213452 0.600392 -0.021805
v -0.212302 0.600392 -0.036769
v -0.192907 0.600679 -0.034321
v -0.170060 0.507854 -0.000248
v -0.166694 0.539670 -0.031329
v -0.168836 0.507854 -0.016174
v -0.169042 0.539670 -0.000774
v -0.167612 0.507854 -0.032099
v -0.167868 0.539670 -0.016051
v -0.000000 1.028700 0.062020
v -0.000000 0.673049 0.129685
v 0.012100 1.028700 0.060829
v 0.025300 0.673049 0.127193
v 0.023734 1.028700 0.057299
v 0.049628 0.673049 0.119814
v 0.034457 1.028700 0.051568
v 0.072049 0.673049 0.107829
v 0.043855 1.028700 0.043855
v 0.091701 0.673049 0.091701
v 0.051568 1.028700 0.034457
v 0.107829 0.673049 0.072049
v 0.057299 1.028700 0.023734
v 0.119814 0.673049 0.049628
v 0.060829 1.028700 0.012100
v 0.127193 0.673049 0.025300
v 0.062020 1.028700 0.000000
v 0.129685 0.673049 -0.000000
v 0.060829 1.028700 -0.012099
v 0.127193 0.673049 -0.025300
v 0.057299 1.028700 -0.023734
v 0.119814 0.673049 -0.049628
v 0.051568 1.028700 -0.034457
v 0.107829 0.673049 -0.072049
v 0.043855 1.028700 -0.043855
v 0.091701 0.673049 -0.091701
v 0.034457 1.028700 -0.051568
v 0.072049 0.673049 -0.107829
v 0.023734 1.028700 -0.057299
v 0.049628 0.673049 -0.119814
v 0.012100 1.028700 -0.060828
v 0.025300 0.673049 -0.127193
v -0.000000 1.028700 -0.062020
v -0.000000 0.673049 -0.129685
v -0.012100 1.028700 -0.060828
v -0.025300 0.673049 -0.127193
v -0.023734 1.028700 -0.057299
v -0.049628 0.673049 -0.119814
v -0.034457 1.028700 -0.051568
v -0.072049 0.673049 -0.107829
v -0.043855 1.028700 -0.043855
v -0.091701 0.673049 -0.091701
v -0.051568 1.028700 -0.034457
v -0.107829 0.673049 -0.072049
v -0.057299 1.028700 -0.023734
v -0.119814 0.673049 -0.049628
v -0.060829 1.028700 -0.012099
v -0.127193 0.673049 -0.025300
v -0.062020 1.028700 0.000000
v -0.129685 0.673049 -0.000000
v -0.060829 1.028700 0.012100
v -0.127193 0.673049 0.025300
v -0.057299 1.028700 0.023734
v -0.119814 0.673049 0.049628
v -0.051568 1.028700 0.034457
v -0.107829 0.673049 0.072049
v -0.043855 1.028700 0.043855
v -0.091701 0.673049 0.091701
v -0.034457 1.028700 0.051568
v -0.072049 0.673049 0.107829
v -0.023734 1.028700 0.057299
v -0.049628 0.673049 0.119814
v -0.012100 1.028700 0.060829
v -0.025300 0.673049 0.127193
v 0.029060 0.673049 0.146097
v -0.000000 0.673049 0.148959
v 0.057004 0.673049 0.137620
v 0.082757 0.673049 0.123855
v 0.105330 0.673049 0.105330
v 0.123855 0.673049 0.082757
v 0.137620 0.673049 0.057004
v 0.146097 0.673049 0.029060
v 0.148959 0.673049 -0.000000
v 0.146097 0.673049 -0.029061
v 0.137620 0.673049 -0.057004
v 0.123855 0.673049 -0.082757
v 0.105330 0.673049 -0.105330
v 0.082757 0.673049 -0.123855
v 0.057004 0.673049 -0.137620
v 0.029060 0.673049 -0.146097
v -0.000000 0.673049 -0.148959
v -0.029061 0.673049 -0.146097
v -0.057004 0.673049 -0.137620
v -0.082757 0.673049 -0.123855
v -0.105330 0.673049 -0.105330
v -0.123855 0.673049 -0.082757
v -0.137620 0.673049 -0.057004
v -0.146097 0.673049 -0.029061
v -0.148959 0.673049 -0.000000
v -0.146097 0.673049 0.029060
v -0.137620 0.673049 0.057004
v -0.123855 0.673049 0.082757
v -0.105330 0.673049 0.105330
v -0.082757 0.673049 0.123855
v -0.057004 0.673049 0.137620
v -0.029061 0.673049 0.146097
v 0.017572 1.005315 0.088342
v -0.000000 1.005315 0.090073
v 0.034469 1.005315 0.083216
v 0.050042 1.005315 0.074893
v 0.063691 1.005315 0.063691
v 0.074893 1.005315 0.050042
v 0.083216 1.005315 0.034469
v 0.088342 1.005315 0.017572
v 0.090073 1.005315 0.000000
v 0.088342 1.005315 -0.017572
v 0.083216 1.005315 -0.034469
v 0.074893 1.005315 -0.050042
v 0.063691 1.005315 -0.063691
v 0.050042 1.005315 -0.074893
v 0.034469 1.005315 -0.083216
v 0.017572 1.005315 -0.088342
v -0.000000 1.005315 -0.090073
v -0.017572 1.005315 -0.088342
v -0.034469 1.005315 -0.083216
v -0.050042 1.005315 -0.074893
v -0.063691 1.005315 -0.063691
v -0.074893 1.005315 -0.050042
v -0.083216 1.005315 -0.034469
v -0.088342 1.005315 -0.017572
v -0.090073 1.005315 0.000000
v -0.088342 1.005315 0.017572
v -0.083216 1.005315 0.034469
v -0.074893 1.005315 0.050042
v -0.063691 1.005315 0.063691
v -0.050042 1.005315 0.074893
v -0.034469 1.005315 0.083216
v -0.017572 1.005315 0.088342
v -0.000000 1.043613 0.075497
v 0.014729 1.043613 0.074047
v 0.028891 1.043613 0.069750
v 0.041944 1.043613 0.062774
v 0.053385 1.043613 0.053385
v 0.062774 1.043613 0.041944
v 0.069750 1.043613 0.028892
v 0.074047 1.043613 0.014729
v 0.075497 1.043613 0.000000
v 0.074047 1.043613 -0.014729
v 0.069750 1.043613 -0.028891
v 0.062774 1.043613 -0.041944
v 0.053385 1.043613 -0.053384
v 0.041944 1.043613 -0.062773
v 0.028891 1.043613 -0.069750
v 0.014729 1.043613 -0.074046
v -0.000000 1.043613 -0.075497
v -0.014729 1.043613 -0.074046
v -0.028892 1.043613 -0.069750
v -0.041944 1.043613 -0.062773
v -0.053385 1.043613 -0.053384
v -0.062774 1.043613 -0.041944
v -0.069750 1.043613 -0.028891
v -0.074047 1.043613 -0.014729
v -0.075497 1.043613 0.000000
v -0.074047 1.043613 0.014729
v -0.069750 1.043613 0.028892
v -0.062774 1.043613 0.041944
v -0.053385 1.043613 0.053385
v -0.041944 1.043613 0.062774
v -0.028892 1.043613 0.069750
v -0.014729 1.043613 0.074047
v -0.000000 1.043613 0.065051
v 0.012691 1.043613 0.063801
v 0.024894 1.043613 0.060099
v 0.036140 1.043613 0.054088
v 0.045998 1.043613 0.045998
v 0.054088 1.043613 0.036141
v 0.060099 1.043613 0.024894
v 0.063801 1.043613 0.012691
v 0.065051 1.043613 0.000000
v 0.063801 1.043613 -0.012691
v 0.060099 1.043613 -0.024894
v 0.054088 1.043613 -0.036140
v 0.045998 1.043613 -0.045998
v 0.036140 1.043613 -0.054088
v 0.024894 1.043613 -0.060099
v 0.012691 1.043613 -0.063801
v -0.000000 1.043613 -0.065051
v -0.012691 1.043613 -0.063801
v -0.024894 1.043613 -0.060099
v -0.036140 1.043613 -0.054088
v -0.045998 1.043613 -0.045998
v -0.054088 1.043613 -0.036140
v -0.060099 1.043613 -0.024894
v -0.063801 1.043613 -0.012691
v -0.065051 1.043613 0.000000
v -0.063801 1.043613 0.012691
v -0.060099 1.043613 0.024894
v -0.054088 1.043613 0.036141
v -0.045998 1.043613 0.045998
v -0.036140 1.043613 0.054088
v -0.024894 1.043613 0.060099
v -0.012691 1.043613 0.063801
v -0.000000 0.958467 0.115862
v -0.000000 0.872425 0.132055
v -0.000000 0.764433 0.143767
v 0.028047 0.764433 0.141004
v 0.025763 0.872425 0.129518
v 0.022604 0.958467 0.113636
v 0.055017 0.764433 0.132823
v 0.050535 0.872425 0.122003
v 0.044339 0.958467 0.107043
v 0.079873 0.764433 0.119538
v 0.073366 0.872425 0.109800
v 0.064370 0.958467 0.096336
v 0.101658 0.764433 0.101658
v 0.093377 0.872425 0.093377
v 0.081927 0.958467 0.081927
v 0.119538 0.764433 0.079873
v 0.109800 0.872425 0.073366
v 0.096336 0.958467 0.064370
v 0.132823 0.764433 0.055017
v 0.122003 0.872425 0.050535
v 0.107043 0.958467 0.044339
v 0.141004 0.764433 0.028047
v 0.129518 0.872425 0.025763
v 0.113636 0.958467 0.022604
v 0.143767 0.764433 -0.000000
v 0.132055 0.872425 -0.000000
v 0.115862 0.958467 0.000000
v 0.141004 0.764433 -0.028048
v 0.129518 0.872425 -0.025763
v 0.113636 0.958467 -0.022604
v 0.132823 0.764433 -0.055017
v 0.122003 0.872425 -0.050535
v 0.107043 0.958467 -0.044339
v 0.119538 0.764433 -0.079873
v 0.109800 0.872425 -0.073366
v 0.096336 0.958467 -0.064370
v 0.101658 0.764433 -0.101658
v 0.093377 0.872425 -0.093377
v 0.081927 0.958467 -0.081927
v 0.079873 0.764433 -0.119538
v 0.073366 0.872425 -0.109800
v 0.064370 0.958467 -0.096336
v 0.055017 0.764433 -0.132823
v 0.050535 0.872425 -0.122003
v 0.044339 0.958467 -0.107043
v 0.028047 0.764433 -0.141004
v 0.025763 0.872425 -0.129518
v 0.022604 0.958467 -0.113636
v -0.000000 0.764433 -0.143767
v -0.000000 0.872425 -0.132055
v -0.000000 0.958467 -0.115862
v -0.028048 0.764433 -0.141004
v -0.025763 0.872425 -0.129518
v -0.022604 0.958467 -0.113636
v -0.055017 0.764433 -0.132823
v -0.050535 0.872425 -0.122003
v -0.044339 0.958467 -0.107043
v -0.079873 0.764433 -0.119538
v -0.073366 0.872425 -0.109800
v -0.064370 0.958467 -0.096336
v -0.101659 0.764433 -0.101658
v -0.093377 0.872425 -0.093377
v -0.081927 0.958467 -0.081927
v -0.119538 0.764433 -0.079873
v -0.109800 0.872425 -0.073366
v -0.096336 0.958467 -0.064370
v -0.132823 0.764433 -0.055017
v -0.122003 0.872425 -0.050535
v -0.107043 0.958467 -0.044339
v -0.141004 0.746868 -0.028048
v -0.129518 0.872425 -0.025763
v -0.113636 0.958467 -0.022604
v -0.143767 0.746868 -0.000000
v -0.132055 0.872425 -0.000000
v -0.115862 0.958467 0.000000
v -0.141004 0.764433 0.028047
v -0.129518 0.872425 0.025763
v -0.113636 0.958467 0.022604
v -0.132823 0.764433 0.055017
v -0.122003 0.872425 0.050535
v -0.107043 0.958467 0.044339
v -0.119538 0.764433 0.079873
v -0.109800 0.872425 0.073366
v -0.096336 0.958467 0.064370
v -0.101659 0.764433 0.101658
v -0.093377 0.872425 0.093377
v -0.081927 0.958467 0.081927
v -0.079873 0.764433 0.119538
v -0.073366 0.872425 0.109800
v -0.064370 0.958467 0.096336
v -0.055017 0.764433 0.132823
v -0.050535 0.872425 0.122003
v -0.044339 0.958467 0.107043
v -0.028048 0.764433 0.141004
v -0.025763 0.872425 0.129518
v -0.022604 0.958467 0.113636
v -0.135261 0.818429 -0.026905
v -0.121577 0.915446 -0.024183
v -0.137911 0.818429 -0.000000
v -0.123959 0.915446 0.000000
v -0.114749 0.958467 -0.011302
v -0.130787 0.872425 -0.012881
v -0.142386 0.746868 -0.014024
v -0.136586 0.818429 -0.013453
v -0.122768 0.915446 -0.012092
v -0.205840 0.757114 -0.020844
v -0.207064 0.757114 -0.004918
v -0.204616 0.757114 -0.036770
v -0.211760 0.789929 -0.037017
v -0.214108 0.789929 -0.006462
v -0.212934 0.789929 -0.021740
v -0.208004 0.857884 -0.021117
v -0.209128 0.857884 -0.006489
v -0.206880 0.857884 -0.035746
v -0.188047 0.896006 -0.032463
v -0.190158 0.896006 -0.005000
v -0.189102 0.896006 -0.018732
v -0.169425 0.903235 -0.030113
v -0.170480 0.903235 -0.016381
v -0.177586 0.865113 -0.017278
v -0.176462 0.865113 -0.031907
v -0.171536 0.903235 -0.002649
v -0.178710 0.865113 -0.002649
v -0.191600 0.777409 -0.002967
v -0.191606 0.735889 -0.002967
v -0.189158 0.735889 -0.034819
v -0.189252 0.777409 -0.033522
v -0.190426 0.777409 -0.018244
v -0.190382 0.735889 -0.018893
v -0.146753 0.910375 -0.012036
v -0.146570 0.878165 -0.027917
v -0.144811 0.877516 0.001366
v -0.147579 0.910680 -0.025780
v -0.145690 0.877841 -0.013275
v -0.145928 0.910070 0.001708
v -0.194057 0.823018 -0.019357
v -0.195207 0.823018 -0.004393
v -0.214602 0.822731 -0.006841
v -0.213452 0.822731 -0.021805
v -0.212302 0.822731 -0.036769
v -0.192907 0.823018 -0.034321
v -0.170060 0.730193 -0.000248
v -0.166694 0.762009 -0.031329
v -0.168836 0.730193 -0.016173
v -0.169042 0.762009 -0.000774
v -0.167612 0.730193 -0.032099
v -0.167868 0.762009 -0.016051
v -0.000000 1.251039 0.062020
v -0.000000 0.895387 0.129685
v 0.012100 1.251039 0.060829
v 0.025300 0.895387 0.127193
v 0.023734 1.251039 0.057299
v 0.049628 0.895387 0.119814
v 0.034457 1.251039 0.051568
v 0.072049 0.895387 0.107829
v 0.043855 1.251039 0.043855
v 0.091701 0.895387 0.091701
v 0.051568 1.251039 0.034457
v 0.107829 0.895387 0.072049
v 0.057299 1.251039 0.023734
v 0.119814 0.895387 0.049628
v 0.060829 1.251039 0.012100
v 0.127193 0.895387 0.025300
v 0.062020 1.251039 0.000000
v 0.129685 0.895387 -0.000000
v 0.060829 1.251039 -0.012099
v 0.127193 0.895387 -0.025300
v 0.057299 1.251039 -0.023734
v 0.119814 0.895387 -0.049628
v 0.051568 1.251039 -0.034456
v 0.107829 0.895387 -0.072049
v 0.043855 1.251039 -0.043855
v 0.091701 0.895387 -0.091701
v 0.034457 1.251039 -0.051568
v 0.072049 0.895387 -0.107829
v 0.023734 1.251039 -0.057299
v 0.049628 0.895387 -0.119814
v 0.012100 1.251039 -0.060828
v 0.025300 0.895387 -0.127193
v -0.000000 1.251039 -0.062020
v -0.000000 0.895387 -0.129685
v -0.012100 1.251039 -0.060828
v -0.025300 0.895387 -0.127193
v -0.023734 1.251039 -0.057299
v -0.049628 0.895387 -0.119814
v -0.034457 1.251039 -0.051568
v -0.072049 0.895387 -0.107829
v -0.043855 1.251039 -0.043855
v -0.091701 0.895387 -0.091701
v -0.051568 1.251039 -0.034456
v -0.107829 0.895387 -0.072049
v -0.057299 1.251039 -0.023734
v -0.119814 0.895387 -0.049628
v -0.060829 1.251039 -0.012099
v -0.127193 0.895387 -0.025300
v -0.062020 1.251039 0.000000
v -0.129685 0.895387 -0.000000
v -0.060829 1.251039 0.012100
v -0.127193 0.895387 0.025300
v -0.057299 1.251039 0.023734
v -0.119814 0.895387 0.049628
v -0.051568 1.251039 0.034457
v -0.107829 0.895387 0.072049
v -0.043855 1.251039 0.043855
v -0.091701 0.895387 0.091701
v -0.034457 1.251039 0.051568
v -0.072049 0.895387 0.107829
v -0.023734 1.251039 0.057299
v -0.049628 0.895387 0.119814
v -0.012100 1.251039 0.060829
v -0.025300 0.895387 0.127193
v 0.029060 0.895387 0.146097
v -0.000000 0.895387 0.148959
v 0.057004 0.895387 0.137620
v 0.082757 0.895387 0.123855
v 0.105330 0.895387 0.105330
v 0.123855 0.895387 0.082757
v 0.137620 0.895387 0.057004
v 0.146097 0.895387 0.029061
v 0.148959 0.895387 -0.000000
v 0.146097 0.895387 -0.029061
v 0.137620 0.895387 -0.057004
v 0.123855 0.895387 -0.082757
v 0.105330 0.895387 -0.105330
v 0.082757 0.895387 -0.123855
v 0.057004 0.895387 -0.137620
v 0.029060 0.895387 -0.146097
v -0.000000 0.895387 -0.148959
v -0.029061 0.895387 -0.146097
v -0.057004 0.895387 -0.137620
v -0.082757 0.895387 -0.123855
v -0.105330 0.895387 -0.105330
v -0.123855 0.895387 -0.082757
v -0.137620 0.895387 -0.057004
v -0.146097 0.895387 -0.029061
v -0.148959 0.895387 -0.000000
v -0.146097 0.895387 0.029061
v -0.137620 0.895387 0.057004
v -0.123855 0.895387 0.082757
v -0.105330 0.895387 0.105330
v -0.082757 0.895387 0.123855
v -0.057004 0.895387 0.137620
v -0.029061 0.895387 0.146097
v 0.017572 1.227654 0.088342
v -0.000000 1.227654 0.090073
v 0.034469 1.227654 0.083216
v 0.050042 1.227654 0.074893
v 0.063691 1.227654 0.063691
v 0.074893 1.227654 0.050042
v 0.083216 1.227654 0.034469
v 0.088342 1.227654 0.017572
v 0.090073 1.227654 0.000000
v 0.088342 1.227654 -0.017572
v 0.083216 1.227654 -0.034469
v 0.074893 1.227654 -0.050042
v 0.063691 1.227654 -0.063691
v 0.050042 1.227654 -0.074893
v 0.034469 1.227654 -0.083216
v 0.017572 1.227654 -0.088342
v -0.000000 1.227654 -0.090073
v -0.017572 1.227654 -0.088342
v -0.034469 1.227654 -0.083216
v -0.050042 1.227654 -0.074893
v -0.063691 1.227654 -0.063691
v -0.074893 1.227654 -0.050042
v -0.083216 1.227654 -0.034469
v -0.088342 1.227654 -0.017572
v -0.090073 1.227654 0.000000
v -0.088342 1.227654 0.017572
v -0.083216 1.227654 0.034469
v -0.074893 1.227654 0.050042
v -0.063691 1.227654 0.063691
v -0.050042 1.227654 0.074893
v -0.034469 1.227654 0.083216
v -0.017572 1.227654 0.088342
v -0.000000 1.265952 0.075497
v 0.014729 1.265952 0.074047
v 0.028891 1.265952 0.069750
v 0.041944 1.265952 0.062774
v 0.053385 1.265952 0.053385
v 0.062774 1.265952 0.041944
v 0.069750 1.265952 0.028892
v 0.074047 1.265952 0.014729
v 0.075497 1.265952 0.000000
v 0.074047 1.265952 -0.014729
v 0.069750 1.265952 -0.028891
v 0.062774 1.265952 -0.041944
v 0.053385 1.265952 -0.053384
v 0.041944 1.265952 -0.062773
v 0.028891 1.265952 -0.069750
v 0.014729 1.265952 -0.074046
v -0.000000 1.265952 -0.075497
v -0.014729 1.265952 -0.074046
v -0.028892 1.265952 -0.069750
v -0.041944 1.265952 -0.062773
v -0.053385 1.265952 -0.053384
v -0.062774 1.265952 -0.041944
v -0.069750 1.265952 -0.028891
v -0.074047 1.265952 -0.014729
v -0.075497 1.265952 0.000000
v -0.074047 1.265952 0.014729
v -0.069750 1.265952 0.028892
v -0.062774 1.265952 0.041944
v -0.053385 1.265952 0.053385
v -0.041944 1.265952 0.062774
v -0.028892 1.265952 0.069750
v -0.014729 1.265952 0.074047
v -0.000000 1.265952 0.065051
v 0.012691 1.265952 0.063801
v 0.024894 1.265952 0.060099
v 0.036140 1.265952 0.054088
v 0.045998 1.265952 0.045998
v 0.054088 1.265952 0.036141
v 0.060099 1.265952 0.024894
v 0.063801 1.265952 0.012691
v 0.065051 1.265952 0.000000
v 0.063801 1.265952 -0.012691
v 0.060099 1.265952 -0.024894
v 0.054088 1.265952 -0.036140
v 0.045998 1.265952 -0.045998
v 0.036140 1.265952 -0.054088
v 0.024894 1.265952 -0.060099
v 0.012691 1.265952 -0.063801
v -0.000000 1.265952 -0.065051
v -0.012691 1.265952 -0.063801
v -0.024894 1.265952 -0.060099
v -0.036140 1.265952 -0.054088
v -0.045998 1.265952 -0.045998
v -0.054088 1.265952 -0.036140
v -0.060099 1.265952 -0.024894
v -0.063801 1.265952 -0.012691
v -0.065051 1.265952 0.000000
v -0.063801 1.265952 0.012691
v -0.060099 1.265952 0.024894
v -0.054088 1.265952 0.036141
v -0.045998 1.265952 0.045998
v -0.036140 1.265952 0.054088
v -0.024894 1.265952 0.060099
v -0.012691 1.265952 0.063801
v -0.000000 1.180806 0.115862
v -0.000000 1.094764 0.132055
v -0.000000 0.986771 0.143767
v 0.028047 0.986771 0.141004
v 0.025763 1.094764 0.129518
v 0.022604 1.180806 0.113636
v 0.055017 0.986771 0.132823
v 0.050535 1.094764 0.122003
v 0.044339 1.180806 0.107043
v 0.079873 0.986771 0.119538
v 0.073366 1.094764 0.109800
v 0.064370 1.180806 0.096336
v 0.101658 0.986771 0.101658
v 0.093377 1.094764 0.093377
v 0.081927 1.180806 0.081927
v 0.119538 0.986771 0.079873
v 0.109800 1.094764 0.073366
v 0.096336 1.180806 0.064370
v 0.132823 0.986771 0.055017
v 0.122003 1.094764 0.050535
v 0.107043 1.180806 0.044339
v 0.141004 0.986771 0.028048
v 0.129518 1.094764 0.025763
v 0.113636 1.180806 0.022604
v 0.143767 0.986771 0.000000
v 0.132055 1.094764 0.000000
v 0.115862 1.180806 0.000000
v 0.141004 0.986771 -0.028048
v 0.129518 1.094764 -0.025763
v 0.113636 1.180806 -0.022604
v 0.132823 0.986771 -0.055017
v 0.122003 1.094764 -0.050535
v 0.107043 1.180806 -0.044338
v 0.119538 0.986771 -0.079873
v 0.109800 1.094764 -0.073366
v 0.096336 1.180806 -0.064370
v 0.101658 0.986771 -0.101658
v 0.093377 1.094764 -0.093377
v 0.081927 1.180806 -0.081927
v 0.079873 0.986771 -0.119538
v 0.073366 1.094764 -0.109800
v 0.064370 1.180806 -0.096336
v 0.055017 0.986771 -0.132823
v 0.050535 1.094764 -0.122003
v 0.044339 1.180806 -0.107043
v 0.028047 0.986771 -0.141004
v 0.025763 1.094764 -0.129518
v 0.022604 1.180806 -0.113636
v -0.000000 0.986771 -0.143767
v -0.000000 1.094764 -0.132055
v -0.000000 1.180806 -0.115862
v -0.028048 0.986771 -0.141004
v -0.025763 1.094764 -0.129518
v -0.022604 1.180806 -0.113636
v -0.055017 0.986771 -0.132823
v -0.050535 1.094764 -0.122003
v -0.044339 1.180806 -0.107043
v -0.079873 0.986771 -0.119538
v -0.073366 1.094764 -0.109800
v -0.064370 1.180806 -0.096336
v -0.101659 0.986771 -0.101658
v -0.093377 1.094764 -0.093377
v -0.081927 1.180806 -0.081927
v -0.119538 0.986771 -0.079873
v -0.109800 1.094764 -0.073366
v -0.096336 1.180806 -0.064370
v -0.132823 0.986771 -0.055017
v -0.122003 1.094764 -0.050535
v -0.107043 1.180806 -0.044338
v -0.141004 0.969207 -0.028048
v -0.129518 1.094764 -0.025763
v -0.113636 1.180806 -0.022604
v -0.143767 0.969207 0.000000
v -0.132055 1.094764 0.000000
v -0.115862 1.180806 0.000000
v -0.141004 0.986771 0.028048
v -0.129518 1.094764 0.025763
v -0.113636 1.180806 0.022604
v -0.132823 0.986771 0.055017
v -0.122003 1.094764 0.050535
v -0.107043 1.180806 0.044339
v -0.119538 0.986771 0.079873
v -0.109800 1.094764 0.073366
v -0.096336 1.180806 0.064370
v -0.101659 0.986771 0.101658
v -0.093377 1.094764 0.093377
v -0.081927 1.180806 0.081927
v -0.079873 0.986771 0.119538
v -0.073366 1.094764 0.109800
v -0.064370 1.180806 0.096336
v -0.055017 0.986771 0.132823
v -0.050535 1.094764 0.122003
v -0.044339 1.180806 0.107043
v -0.028048 0.986771 0.141004
v -0.025763 1.094764 0.129518
v -0.022604 1.180806 0.113636
v -0.135261 1.040768 -0.026905
v -0.121577 1.137785 -0.024183
v -0.137911 1.040768 0.000000
v -0.123959 1.137785 0.000000
v -0.114749 1.180806 -0.011302
v -0.130787 1.094764 -0.012881
v -0.142386 0.969207 -0.014024
v -0.136586 1.040768 -0.013453
v -0.122768 1.137785 -0.012092
v -0.205840 0.979452 -0.020844
v -0.207064 0.979452 -0.004918
v -0.204616 0.979452 -0.036770
v -0.211760 1.012268 -0.037017
v -0.214108 1.012268 -0.006462
v -0.212934 1.012268 -0.021740
v -0.208004 1.080223 -0.021117
v -0.209128 1.080223 -0.006489
v -0.206880 1.080223 -0.035746
v -0.188047 1.118345 -0.032463
v -0.190158 1.118345 -0.005000
v -0.189102 1.118345 -0.018732
v -0.169425 1.125574 -0.030113
v -0.170480 1.125574 -0.016381
v -0.177586 1.087452 -0.017278
v -0.176462 1.087452 -0.031906
v -0.171536 1.125574 -0.002649
v -0.178710 1.087452 -0.002649
v -0.191600 0.999748 -0.002967
v -0.191606 0.958228 -0.002967
v -0.189158 0.958228 -0.034819
v -0.189252 0.999748 -0.033522
v -0.190426 0.999748 -0.018244
v -0.190382 0.958228 -0.018893
v -0.146753 1.132714 -0.012036
v -0.146570 1.100504 -0.027917
v -0.144811 1.099855 0.001366
v -0.147579 1.133019 -0.025780
v -0.145690 1.100180 -0.013275
v -0.145928 1.132409 0.001708
v -0.194057 1.045357 -0.019357
v -0.195207 1.045357 -0.004393
v -0.214602 1.045070 -0.006841
v -0.213452 1.045070 -0.021805
v -0.212302 1.045070 -0.036769
v -0.192907 1.045357 -0.034321
v -0.170060 0.952532 -0.000248
v -0.166694 0.984348 -0.031329
v -0.168836 0.952532 -0.016173
v -0.169042 0.984348 -0.000774
v -0.167612 0.952532 -0.032099
v -0.167868 0.984348 -0.016051
v 0.206804 0.361683 0.291689
v 0.251353 0.006032 0.342621
v 0.215127 0.361683 0.282827
v 0.268756 0.006032 0.324088
v 0.221561 0.361683 0.272510
v 0.282209 0.006032 0.302516
v 0.225858 0.361683 0.261137
v 0.291195 0.006032 0.278735
v 0.227855 0.361683 0.249144
v 0.295369 0.006032 0.253657
v 0.227473 0.361683 0.236992
v 0.294570 0.006032 0.228247
v 0.224727 0.361683 0.225148
v 0.288829 0.006032 0.203481
v 0.219724 0.361683 0.214067
v 0.278367 0.006032 0.180310
v 0.212655 0.361683 0.204175
v 0.263586 0.006032 0.159626
v 0.203792 0.361683 0.195852
v 0.245054 0.006032 0.142223
v 0.193476 0.361683 0.189418
v 0.223482 0.006032 0.128770
v 0.182102 0.361683 0.185121
v 0.199700 0.006032 0.119784
v 0.170109 0.361683 0.183125
v 0.174623 0.006032 0.115610
v 0.157957 0.361683 0.183507
v 0.149212 0.006032 0.116409
v 0.146113 0.361683 0.186252
v 0.124446 0.006032 0.122150
v 0.135032 0.361683 0.191255
v 0.101276 0.006032 0.132612
v 0.125140 0.361683 0.198324
v 0.080592 0.006032 0.147393
v 0.116818 0.361683 0.207187
v 0.063189 0.006032 0.165925
v 0.110384 0.361683 0.217504
v 0.049736 0.006032 0.187497
v 0.106086 0.361683 0.228877
v 0.040750 0.006032 0.211279
v 0.104090 0.361683 0.240870
v 0.036576 0.006032 0.236356
v 0.104472 0.361683 0.253022
v 0.037374 0.006032 0.261767
v 0.107218 0.361683 0.264866
v 0.043115 0.006032 0.286533
v 0.112221 0.361683 0.275947
v 0.053577 0.006032 0.309703
v 0.119290 0.361683 0.285839
v 0.068358 0.006032 0.330387
v 0.128153 0.361683 0.294162
v 0.086891 0.006032 0.347790
v 0.138469 0.361683 0.300595
v 0.108462 0.006032 0.361243
v 0.149842 0.361683 0.304893
v 0.132244 0.006032 0.370229
v 0.161835 0.361683 0.306889
v 0.157322 0.006032 0.374403
v 0.173988 0.361683 0.306507
v 0.182732 0.006032 0.373604
v 0.185832 0.361683 0.303762
v 0.207498 0.006032 0.367864
v 0.196913 0.361683 0.298758
v 0.230669 0.006032 0.357402
v 0.284031 0.006032 0.335841
v 0.264042 0.006032 0.357128
v 0.299484 0.006032 0.311064
v 0.309806 0.006032 0.283748
v 0.314600 0.006032 0.254943
v 0.313682 0.006032 0.225756
v 0.307089 0.006032 0.197309
v 0.295072 0.006032 0.170695
v 0.278094 0.006032 0.146937
v 0.256807 0.006032 0.126948
v 0.232029 0.006032 0.111495
v 0.204713 0.006032 0.101173
v 0.175908 0.006032 0.096379
v 0.146722 0.006032 0.097297
v 0.118275 0.006032 0.103890
v 0.091661 0.006032 0.115907
v 0.067902 0.006032 0.132885
v 0.047913 0.006032 0.154172
v 0.032461 0.006032 0.178950
v 0.022139 0.006032 0.206266
v 0.017345 0.006032 0.235071
v 0.018262 0.006032 0.264257
v 0.024856 0.006032 0.292704
v 0.036873 0.006032 0.319318
v 0.053851 0.006032 0.343076
v 0.075138 0.006032 0.363066
v 0.099915 0.006032 0.378518
v 0.127231 0.006032 0.388840
v 0.156036 0.006032 0.393634
v 0.185223 0.006032 0.392717
v 0.213670 0.006032 0.386123
v 0.240284 0.006032 0.374106
v 0.237360 0.338298 0.299933
v 0.225273 0.338298 0.312804
v 0.246704 0.338298 0.284950
v 0.252945 0.338298 0.268433
v 0.255844 0.338298 0.251015
v 0.255290 0.338298 0.233366
v 0.251302 0.338298 0.216165
v 0.244036 0.338298 0.200072
v 0.233770 0.338298 0.185706
v 0.220898 0.338298 0.173619
v 0.205916 0.338298 0.164275
v 0.189398 0.338298 0.158034
v 0.171980 0.338298 0.155135
v 0.154332 0.338298 0.155690
v 0.137131 0.338298 0.159677
v 0.121038 0.338298 0.166943
v 0.106672 0.338298 0.177209
v 0.094584 0.338298 0.190081
v 0.085241 0.338298 0.205064
v 0.078999 0.338298 0.221581
v 0.076100 0.338298 0.238999
v 0.076655 0.338298 0.256647
v 0.080642 0.338298 0.273849
v 0.087909 0.338298 0.289941
v 0.098175 0.338298 0.304308
v 0.111047 0.338298 0.316395
v 0.126029 0.338298 0.325739
v 0.142547 0.338298 0.331980
v 0.159964 0.338298 0.334879
v 0.177613 0.338298 0.334324
v 0.194814 0.338298 0.330337
v 0.210907 0.338298 0.323071
v 0.215677 0.376597 0.301833
v 0.225808 0.376597 0.291045
v 0.233640 0.376597 0.278487
v 0.238872 0.376597 0.264642
v 0.241301 0.376597 0.250043
v 0.240836 0.376597 0.235250
v 0.237494 0.376597 0.220832
v 0.231404 0.376597 0.207343
v 0.222799 0.376597 0.195302
v 0.212010 0.376597 0.185171
v 0.199452 0.376597 0.177339
v 0.185607 0.376597 0.172108
v 0.171008 0.376597 0.169678
v 0.156216 0.376597 0.170143
v 0.141798 0.376597 0.173485
v 0.128309 0.376597 0.179575
v 0.116268 0.376597 0.188180
v 0.106136 0.376597 0.198969
v 0.098305 0.376597 0.211527
v 0.093073 0.376597 0.225372
v 0.090643 0.376597 0.239971
v 0.091108 0.376597 0.254764
v 0.094450 0.376597 0.269182
v 0.100541 0.376597 0.282670
v 0.109146 0.376597 0.294712
v 0.119935 0.376597 0.304843
v 0.132493 0.376597 0.312675
v 0.146337 0.376597 0.317906
v 0.160937 0.376597 0.320336
v 0.175729 0.376597 0.319871
v 0.190147 0.376597 0.316529
v 0.203636 0.376597 0.310438
v 0.208800 0.376597 0.293971
v 0.217529 0.376597 0.284675
v 0.224277 0.376597 0.273854
v 0.228785 0.376597 0.261925
v 0.230879 0.376597 0.249346
v 0.230478 0.376597 0.236600
v 0.227598 0.376597 0.224177
v 0.222351 0.376597 0.212555
v 0.214936 0.376597 0.202179
v 0.205640 0.376597 0.193450
v 0.194820 0.376597 0.186702
v 0.182891 0.376597 0.182194
v 0.170311 0.376597 0.180101
v 0.157566 0.376597 0.180501
v 0.145143 0.376597 0.183381
v 0.133520 0.376597 0.188629
v 0.123145 0.376597 0.196043
v 0.114416 0.376597 0.205339
v 0.107667 0.376597 0.216160
v 0.103160 0.376597 0.228089
v 0.101066 0.376597 0.240668
v 0.101467 0.376597 0.253414
v 0.104346 0.376597 0.265837
v 0.109594 0.376597 0.277459
v 0.117009 0.376597 0.287834
v 0.126305 0.376597 0.296564
v 0.137125 0.376597 0.303312
v 0.149054 0.376597 0.307819
v 0.161633 0.376597 0.309913
v 0.174379 0.376597 0.309512
v 0.186802 0.376597 0.306633
v 0.198425 0.376597 0.301385
v 0.242252 0.291450 0.332216
v 0.252913 0.205409 0.344405
v 0.260623 0.097416 0.353220
v 0.279916 0.097416 0.332675
v 0.270634 0.205409 0.325533
v 0.257800 0.291450 0.315659
v 0.294830 0.097416 0.308761
v 0.284333 0.205409 0.303568
v 0.269819 0.291450 0.296387
v 0.304792 0.097416 0.282397
v 0.293483 0.205409 0.279351
v 0.277847 0.291450 0.275140
v 0.309419 0.097416 0.254596
v 0.297734 0.205409 0.253815
v 0.281576 0.291450 0.252735
v 0.308533 0.097416 0.226427
v 0.296920 0.205409 0.227941
v 0.280863 0.291450 0.230033
v 0.302169 0.097416 0.198972
v 0.291075 0.205409 0.202722
v 0.275734 0.291450 0.207907
v 0.290571 0.097416 0.173286
v 0.280421 0.205409 0.179128
v 0.266387 0.291450 0.187206
v 0.274185 0.097416 0.150356
v 0.265370 0.205409 0.158066
v 0.253182 0.291450 0.168727
v 0.253640 0.097416 0.131063
v 0.246499 0.205409 0.140345
v 0.236624 0.291450 0.153179
v 0.229727 0.097416 0.116149
v 0.224533 0.205409 0.126646
v 0.217352 0.291450 0.141160
v 0.203363 0.097416 0.106187
v 0.200317 0.205409 0.117496
v 0.196105 0.291450 0.133132
v 0.175562 0.097416 0.101560
v 0.174781 0.205409 0.113245
v 0.173701 0.291450 0.129403
v 0.147393 0.097416 0.102446
v 0.148906 0.205409 0.114059
v 0.150999 0.291450 0.130116
v 0.119937 0.097416 0.108810
v 0.123687 0.205409 0.119904
v 0.128873 0.291450 0.135245
v 0.094251 0.097416 0.120408
v 0.100094 0.205409 0.130557
v 0.108172 0.291450 0.144592
v 0.071321 0.097416 0.136794
v 0.079031 0.205409 0.145609
v 0.089693 0.291450 0.157798
v 0.052028 0.097416 0.157339
v 0.061310 0.205409 0.164480
v 0.074145 0.291450 0.174355
v 0.037115 0.097416 0.181252
v 0.047612 0.205409 0.186446
v 0.062126 0.291450 0.193627
v 0.027153 0.097416 0.207616
v 0.038461 0.205409 0.210662
v 0.054097 0.291450 0.214874
v 0.022526 0.097416 0.235417
v 0.034211 0.205409 0.236198
v 0.050368 0.291450 0.237278
v 0.023411 0.097416 0.263586
v 0.035024 0.205409 0.262073
v 0.051082 0.291450 0.259980
v 0.029775 0.097416 0.291042
v 0.040870 0.205409 0.287292
v 0.056211 0.291450 0.282106
v 0.041373 0.079851 0.316728
v 0.051523 0.205409 0.310885
v 0.065557 0.291450 0.302807
v 0.057759 0.079851 0.339658
v 0.066574 0.205409 0.331948
v 0.078763 0.291450 0.321286
v 0.078304 0.097416 0.358950
v 0.085446 0.205409 0.349669
v 0.095320 0.291450 0.336834
v 0.102218 0.097416 0.373864
v 0.107411 0.205409 0.363367
v 0.114593 0.291450 0.348854
v 0.128582 0.097416 0.383826
v 0.131628 0.205409 0.372518
v 0.135839 0.291450 0.356882
v 0.156383 0.097416 0.388453
v 0.157164 0.205409 0.376768
v 0.158244 0.291450 0.360611
v 0.184552 0.097416 0.387568
v 0.183038 0.205409 0.375955
v 0.180946 0.291450 0.359897
v 0.212007 0.097416 0.381204
v 0.208257 0.205409 0.370109
v 0.203072 0.291450 0.354769
v 0.237693 0.097416 0.369606
v 0.231851 0.205409 0.359456
v 0.223773 0.291450 0.345422
v 0.046448 0.151412 0.313807
v 0.058540 0.248429 0.306846
v 0.062167 0.151412 0.335803
v 0.072669 0.248429 0.326617
v 0.072160 0.291450 0.312047
v 0.059049 0.205409 0.321416
v 0.049566 0.079851 0.328193
v 0.054307 0.151412 0.324805
v 0.065604 0.248429 0.316732
v -0.002686 0.090097 0.364835
v 0.006878 0.090097 0.377628
v -0.012250 0.090097 0.352042
v -0.017790 0.122913 0.356560
v 0.000559 0.122913 0.381104
v -0.008615 0.122913 0.368832
v -0.004495 0.190867 0.366054
v 0.004290 0.190867 0.377805
v -0.013280 0.190867 0.354303
v 0.003057 0.228989 0.344376
v 0.019549 0.228989 0.366437
v 0.011303 0.228989 0.355406
v 0.018621 0.236219 0.333885
v 0.026867 0.236219 0.344915
v 0.020928 0.198097 0.348918
v 0.012144 0.198097 0.337167
v 0.035113 0.236218 0.355946
v 0.029713 0.198097 0.360669
v 0.019802 0.110392 0.368916
v 0.019797 0.068873 0.368920
v 0.000670 0.068873 0.343334
v 0.001453 0.110392 0.344372
v 0.010627 0.110392 0.356644
v 0.010234 0.068873 0.356127
v 0.047587 0.243358 0.332565
v 0.037270 0.211149 0.320490
v 0.057873 0.210500 0.341374
v 0.037917 0.243663 0.322763
v 0.047571 0.210824 0.330932
v 0.057257 0.243054 0.342366
v 0.007162 0.156001 0.358197
v 0.016148 0.156001 0.370218
v -0.000062 0.155715 0.381144
v -0.009049 0.155715 0.369124
v -0.018035 0.155715 0.357103
v -0.001824 0.156001 0.346177
v 0.037805 0.063177 0.356782
v 0.019876 0.094992 0.331172
v 0.028241 0.063177 0.343989
v 0.038225 0.094992 0.355716
v 0.018678 0.063177 0.331196
v 0.029051 0.094992 0.343444
v 0.270238 0.361683 0.024179
v 0.233096 0.006032 0.080739
v 0.281006 0.361683 0.029825
v 0.255612 0.006032 0.092544
v 0.292669 0.361683 0.033261
v 0.279998 0.006032 0.099729
v 0.304777 0.361683 0.034357
v 0.305317 0.006032 0.102019
v 0.316867 0.361683 0.033068
v 0.330597 0.006032 0.099325
v 0.328473 0.361683 0.029446
v 0.354865 0.006032 0.091752
v 0.339149 0.361683 0.023630
v 0.377190 0.006032 0.079589
v 0.348486 0.361683 0.015842
v 0.396713 0.006032 0.063305
v 0.356124 0.361683 0.006382
v 0.412683 0.006032 0.043525
v 0.361769 0.361683 -0.004386
v 0.424488 0.006032 0.021009
v 0.365206 0.361683 -0.016048
v 0.431674 0.006032 -0.003377
v 0.366301 0.361683 -0.028157
v 0.433964 0.006032 -0.028697
v 0.365013 0.361683 -0.040246
v 0.431270 0.006032 -0.053976
v 0.361391 0.361683 -0.051852
v 0.423696 0.006032 -0.078245
v 0.355574 0.361683 -0.062529
v 0.411534 0.006032 -0.100569
v 0.347786 0.361683 -0.071865
v 0.395249 0.006032 -0.120092
v 0.338327 0.361683 -0.079503
v 0.375469 0.006032 -0.136063
v 0.327559 0.361683 -0.085149
v 0.352954 0.006032 -0.147868
v 0.315896 0.361683 -0.088585
v 0.328567 0.006032 -0.155053
v 0.303788 0.361683 -0.089680
v 0.303248 0.006032 -0.157343
v 0.291698 0.361683 -0.088392
v 0.277968 0.006032 -0.154650
v 0.280092 0.361683 -0.084770
v 0.253700 0.006032 -0.147076
v 0.269415 0.361683 -0.078953
v 0.231375 0.006032 -0.134913
v 0.260079 0.361683 -0.071166
v 0.211853 0.006032 -0.118629
v 0.252441 0.361683 -0.061706
v 0.195882 0.006032 -0.098849
v 0.246796 0.361683 -0.050938
v 0.184077 0.006032 -0.076333
v 0.243359 0.361683 -0.039276
v 0.176891 0.006032 -0.051947
v 0.242264 0.361683 -0.027167
v 0.174601 0.006032 -0.026628
v 0.243552 0.361683 -0.015077
v 0.177295 0.006032 -0.001348
v 0.247174 0.361683 -0.003471
v 0.184869 0.006032 0.022921
v 0.252991 0.361683 0.007205
v 0.197031 0.006032 0.045245
v 0.260779 0.361683 0.016542
v 0.213316 0.006032 0.064768
v 0.248378 0.006032 0.110409
v 0.222516 0.006032 0.096849
v 0.276389 0.006032 0.118662
v 0.305471 0.006032 0.121292
v 0.334508 0.006032 0.118198
v 0.362383 0.006032 0.109499
v 0.388025 0.006032 0.095529
v 0.410450 0.006032 0.076824
v 0.428794 0.006032 0.054105
v 0.442353 0.006032 0.028242
v 0.450607 0.006032 0.000232
v 0.453237 0.006032 -0.028850
v 0.450143 0.006032 -0.057887
v 0.441444 0.006032 -0.085762
v 0.427474 0.006032 -0.111405
v 0.408769 0.006032 -0.133829
v 0.386049 0.006032 -0.152174
v 0.360187 0.006032 -0.165733
v 0.332177 0.006032 -0.173986
v 0.303094 0.006032 -0.176617
v 0.274057 0.006032 -0.173523
v 0.246182 0.006032 -0.164823
v 0.220540 0.006032 -0.150853
v 0.198116 0.006032 -0.132149
v 0.179771 0.006032 -0.109429
v 0.166212 0.006032 -0.083567
v 0.157958 0.006032 -0.055556
v 0.155328 0.006032 -0.026474
v 0.158422 0.006032 0.002563
v 0.167121 0.006032 0.030438
v 0.181092 0.006032 0.056081
v 0.199796 0.006032 0.078505
v 0.270478 0.338298 0.055827
v 0.254840 0.338298 0.047628
v 0.287416 0.338298 0.060817
v 0.305001 0.338298 0.062408
v 0.322559 0.338298 0.060537
v 0.339415 0.338298 0.055277
v 0.354920 0.338298 0.046829
v 0.368480 0.338298 0.035519
v 0.379572 0.338298 0.021781
v 0.387771 0.338298 0.006142
v 0.392762 0.338298 -0.010795
v 0.394352 0.338298 -0.028380
v 0.392481 0.338298 -0.045938
v 0.387221 0.338298 -0.062794
v 0.378774 0.338298 -0.078299
v 0.367463 0.338298 -0.091859
v 0.353725 0.338298 -0.102951
v 0.338087 0.338298 -0.111150
v 0.321149 0.338298 -0.116141
v 0.303564 0.338298 -0.117732
v 0.286006 0.338298 -0.115861
v 0.269150 0.338298 -0.110601
v 0.253645 0.338298 -0.102153
v 0.240085 0.338298 -0.090843
v 0.228993 0.338298 -0.077104
v 0.220794 0.338298 -0.061466
v 0.215803 0.338298 -0.044529
v 0.214213 0.338298 -0.026943
v 0.216084 0.338298 -0.009385
v 0.221344 0.338298 0.007470
v 0.229791 0.338298 0.022976
v 0.241102 0.338298 0.036535
v 0.262841 0.376597 0.035444
v 0.275948 0.376597 0.042317
v 0.290145 0.376597 0.046500
v 0.304885 0.376597 0.047833
v 0.319601 0.376597 0.046265
v 0.333729 0.376597 0.041856
v 0.346726 0.376597 0.034775
v 0.358091 0.376597 0.025295
v 0.367389 0.376597 0.013780
v 0.374261 0.376597 0.000672
v 0.378444 0.376597 -0.013524
v 0.379777 0.376597 -0.028264
v 0.378209 0.376597 -0.042981
v 0.373800 0.376597 -0.057109
v 0.366719 0.376597 -0.070105
v 0.357239 0.376597 -0.081471
v 0.345724 0.376597 -0.090768
v 0.332617 0.376597 -0.097640
v 0.318420 0.376597 -0.101824
v 0.303680 0.376597 -0.103157
v 0.288963 0.376597 -0.101588
v 0.274835 0.376597 -0.097179
v 0.261839 0.376597 -0.090099
v 0.250474 0.376597 -0.080619
v 0.241176 0.376597 -0.069104
v 0.234304 0.376597 -0.055996
v 0.230121 0.376597 -0.041799
v 0.228788 0.376597 -0.027060
v 0.230356 0.376597 -0.012343
v 0.234765 0.376597 0.001785
v 0.241845 0.376597 0.014782
v 0.251325 0.376597 0.026147
v 0.268575 0.376597 0.026713
v 0.279869 0.376597 0.032634
v 0.292101 0.376597 0.036238
v 0.304801 0.376597 0.037387
v 0.317482 0.376597 0.036036
v 0.329655 0.376597 0.032237
v 0.340853 0.376597 0.026136
v 0.350646 0.376597 0.017968
v 0.358657 0.376597 0.008046
v 0.364578 0.376597 -0.003248
v 0.368183 0.376597 -0.015480
v 0.369331 0.376597 -0.028181
v 0.367980 0.376597 -0.040861
v 0.364181 0.376597 -0.053034
v 0.358080 0.376597 -0.064233
v 0.349912 0.376597 -0.074025
v 0.339990 0.376597 -0.082036
v 0.328696 0.376597 -0.087958
v 0.316464 0.376597 -0.091562
v 0.303763 0.376597 -0.092711
v 0.291083 0.376597 -0.091360
v 0.278910 0.376597 -0.087561
v 0.267712 0.376597 -0.081460
v 0.257919 0.376597 -0.073291
v 0.249908 0.376597 -0.063370
v 0.243986 0.376597 -0.052076
v 0.240382 0.376597 -0.039843
v 0.239233 0.376597 -0.027143
v 0.240585 0.376597 -0.014462
v 0.244384 0.376597 -0.002289
v 0.250484 0.376597 0.008909
v 0.258653 0.376597 0.018702
v 0.240684 0.291450 0.069184
v 0.231795 0.205409 0.082720
v 0.225366 0.097416 0.092509
v 0.250327 0.097416 0.105596
v 0.254722 0.205409 0.094741
v 0.260799 0.291450 0.079731
v 0.277361 0.097416 0.113562
v 0.279554 0.205409 0.102057
v 0.282586 0.291450 0.086151
v 0.305430 0.097416 0.116100
v 0.305336 0.205409 0.104389
v 0.305207 0.291450 0.088197
v 0.333454 0.097416 0.113114
v 0.331078 0.205409 0.101646
v 0.327792 0.291450 0.085790
v 0.360358 0.097416 0.104718
v 0.355790 0.205409 0.093934
v 0.349474 0.291450 0.079024
v 0.385106 0.097416 0.091235
v 0.378522 0.205409 0.081549
v 0.369419 0.291450 0.068157
v 0.406749 0.097416 0.073182
v 0.398402 0.205409 0.064967
v 0.386860 0.291450 0.053609
v 0.424454 0.097416 0.051254
v 0.414664 0.205409 0.044826
v 0.401129 0.291450 0.035937
v 0.437540 0.097416 0.026294
v 0.426685 0.205409 0.021898
v 0.411676 0.291450 0.015821
v 0.445506 0.097416 -0.000740
v 0.434002 0.205409 -0.002933
v 0.418095 0.291450 -0.005966
v 0.448045 0.097416 -0.028809
v 0.436334 0.205409 -0.028716
v 0.420141 0.291450 -0.028586
v 0.445059 0.097416 -0.056834
v 0.433591 0.205409 -0.054457
v 0.417734 0.291450 -0.051171
v 0.436663 0.097416 -0.083737
v 0.425879 0.205409 -0.079169
v 0.410968 0.291450 -0.072853
v 0.423179 0.097416 -0.108486
v 0.413494 0.205409 -0.101902
v 0.400102 0.291450 -0.092798
v 0.405127 0.097416 -0.130128
v 0.396912 0.205409 -0.121781
v 0.385553 0.291450 -0.110240
v 0.383199 0.097416 -0.147833
v 0.376770 0.205409 -0.138044
v 0.367881 0.291450 -0.124508
v 0.358238 0.097416 -0.160920
v 0.353843 0.205409 -0.150065
v 0.347766 0.291450 -0.135055
v 0.331204 0.097416 -0.168886
v 0.329011 0.205409 -0.157381
v 0.325979 0.291450 -0.141475
v 0.303136 0.097416 -0.171424
v 0.303229 0.205409 -0.159713
v 0.303358 0.291450 -0.143520
v 0.275111 0.097416 -0.168438
v 0.277487 0.205409 -0.156970
v 0.280773 0.291450 -0.141114
v 0.248207 0.097416 -0.160042
v 0.252775 0.205409 -0.149258
v 0.259091 0.291450 -0.134347
v 0.223459 0.097416 -0.146559
v 0.230043 0.205409 -0.136873
v 0.239146 0.291450 -0.123481
v 0.201816 0.079851 -0.128506
v 0.210163 0.205409 -0.120291
v 0.221705 0.291450 -0.108933
v 0.184111 0.079851 -0.106578
v 0.193901 0.205409 -0.100150
v 0.207436 0.291450 -0.091261
v 0.171025 0.097416 -0.081618
v 0.181880 0.205409 -0.077223
v 0.196890 0.291450 -0.071145
v 0.163059 0.097416 -0.054584
v 0.174563 0.205409 -0.052391
v 0.190470 0.291450 -0.049358
v 0.160520 0.097416 -0.026515
v 0.172231 0.205409 -0.026608
v 0.188424 0.291450 -0.026738
v 0.163506 0.097416 0.001509
v 0.174974 0.205409 -0.000867
v 0.190831 0.291450 -0.004153
v 0.171902 0.097416 0.028413
v 0.182686 0.205409 0.023845
v 0.197597 0.291450 0.017529
v 0.185386 0.097416 0.053162
v 0.195071 0.205409 0.046578
v 0.208463 0.291450 0.037474
v 0.203438 0.097416 0.074804
v 0.211653 0.205409 0.066457
v 0.223012 0.291450 0.054916
v 0.205990 0.151412 -0.124399
v 0.215934 0.248429 -0.114612
v 0.189006 0.151412 -0.103364
v 0.200668 0.248429 -0.095705
v 0.214570 0.291450 -0.100097
v 0.202032 0.205409 -0.110221
v 0.192964 0.079851 -0.117542
v 0.197498 0.151412 -0.113881
v 0.208301 0.248429 -0.105159
v 0.143668 0.090097 -0.158075
v 0.133903 0.090097 -0.145434
v 0.153433 0.090097 -0.170715
v 0.147597 0.122913 -0.174843
v 0.128862 0.122913 -0.150592
v 0.138230 0.122913 -0.162717
v 0.142009 0.190867 -0.159491
v 0.133039 0.190867 -0.147880
v 0.150979 0.190867 -0.171101
v 0.164918 0.228989 -0.158020
v 0.148079 0.228989 -0.136222
v 0.156499 0.228989 -0.147121
v 0.179194 0.236219 -0.145833
v 0.170774 0.236219 -0.134934
v 0.165327 0.198097 -0.139585
v 0.174296 0.198097 -0.151195
v 0.162354 0.236219 -0.124036
v 0.156357 0.198097 -0.127974
v 0.145757 0.110392 -0.135315
v 0.145753 0.068873 -0.135318
v 0.165283 0.068873 -0.160599
v 0.164492 0.110392 -0.159566
v 0.155125 0.110392 -0.147441
v 0.155518 0.068873 -0.147959
v 0.188222 0.243358 -0.118278
v 0.197093 0.211149 -0.131452
v 0.182489 0.210500 -0.106009
v 0.195076 0.243663 -0.130220
v 0.189791 0.210824 -0.118731
v 0.181367 0.243054 -0.106337
v 0.152700 0.156001 -0.150364
v 0.143525 0.156001 -0.138487
v 0.128657 0.155715 -0.151180
v 0.137832 0.155715 -0.163056
v 0.147008 0.155715 -0.174933
v 0.161876 0.156001 -0.162241
v 0.162269 0.063177 -0.121218
v 0.182144 0.094992 -0.145350
v 0.172034 0.063177 -0.133859
v 0.163409 0.094992 -0.121100
v 0.181799 0.063177 -0.146499
v 0.172776 0.094992 -0.133225
v 0.270238 0.584022 0.024180
v 0.233096 0.228371 0.080739
v 0.281006 0.584022 0.029825
v 0.255612 0.228371 0.092544
v 0.292668 0.584022 0.033261
v 0.279998 0.228371 0.099729
v 0.304777 0.584022 0.034357
v 0.305317 0.228371 0.102019
v 0.316867 0.584022 0.033068
v 0.330597 0.228371 0.099326
v 0.328473 0.584022 0.029446
v 0.354865 0.228371 0.091752
v 0.339149 0.584022 0.023630
v 0.377190 0.228371 0.079589
v 0.348486 0.584022 0.015842
v 0.396713 0.228371 0.063305
v 0.356124 0.584022 0.006382
v 0.412683 0.228371 0.043525
v 0.361769 0.584022 -0.004385
v 0.424488 0.228371 0.021009
v 0.365206 0.584022 -0.016048
v 0.431674 0.228371 -0.003377
v 0.366301 0.584022 -0.028157
v 0.433964 0.228371 -0.028697
v 0.365012 0.584022 -0.040246
v 0.431270 0.228371 -0.053976
v 0.361390 0.584022 -0.051852
v 0.423696 0.228371 -0.078245
v 0.355574 0.584022 -0.062529
v 0.411534 0.228371 -0.100569
v 0.347786 0.584022 -0.071865
v 0.395249 0.228371 -0.120092
v 0.338326 0.584022 -0.079503
v 0.375469 0.228371 -0.136063
v 0.327559 0.584022 -0.085149
v 0.352954 0.228371 -0.147868
v 0.315896 0.584022 -0.088585
v 0.328567 0.228371 -0.155053
v 0.303788 0.584022 -0.089680
v 0.303248 0.228371 -0.157343
v 0.291698 0.584022 -0.088392
v 0.277968 0.228371 -0.154650
v 0.280092 0.584022 -0.084770
v 0.253700 0.228371 -0.147076
v 0.269415 0.584022 -0.078953
v 0.231375 0.228371 -0.134913
v 0.260079 0.584022 -0.071165
v 0.211853 0.228371 -0.118629
v 0.252441 0.584022 -0.061706
v 0.195882 0.228371 -0.098849
v 0.246796 0.584022 -0.050938
v 0.184077 0.228371 -0.076333
v 0.243359 0.584022 -0.039276
v 0.176891 0.228371 -0.051947
v 0.242264 0.584022 -0.027167
v 0.174601 0.228371 -0.026627
v 0.243552 0.584022 -0.015077
v 0.177295 0.228371 -0.001348
v 0.247174 0.584022 -0.003471
v 0.184869 0.228371 0.022921
v 0.252991 0.584022 0.007205
v 0.197031 0.228371 0.045245
v 0.260779 0.584022 0.016542
v 0.213316 0.228371 0.064768
v 0.248378 0.228371 0.110409
v 0.222516 0.228371 0.096849
v 0.276388 0.228371 0.118662
v 0.305471 0.228371 0.121293
v 0.334508 0.228371 0.118199
v 0.362383 0.228371 0.109499
v 0.388025 0.228371 0.095529
v 0.410450 0.228371 0.076824
v 0.428794 0.228371 0.054105
v 0.442353 0.228371 0.028243
v 0.450607 0.228371 0.000232
v 0.453237 0.228371 -0.028850
v 0.450143 0.228371 -0.057887
v 0.441444 0.228371 -0.085762
v 0.427473 0.228371 -0.111405
v 0.408769 0.228371 -0.133829
v 0.386049 0.228371 -0.152173
v 0.360187 0.228371 -0.165733
v 0.332177 0.228371 -0.173986
v 0.303094 0.228371 -0.176617
v 0.274057 0.228371 -0.173523
v 0.246182 0.228371 -0.164823
v 0.220540 0.228371 -0.150853
v 0.198115 0.228371 -0.132148
v 0.179771 0.228371 -0.109429
v 0.166212 0.228371 -0.083567
v 0.157958 0.228371 -0.055556
v 0.155328 0.228371 -0.026474
v 0.158422 0.228371 0.002563
v 0.167121 0.228371 0.030438
v 0.181092 0.228371 0.056081
v 0.199796 0.228371 0.078505
v 0.270478 0.560637 0.055827
v 0.254840 0.560637 0.047628
v 0.287415 0.560637 0.060817
v 0.305001 0.560637 0.062408
v 0.322559 0.560637 0.060537
v 0.339415 0.560637 0.055277
v 0.354920 0.560637 0.046829
v 0.368479 0.560637 0.035519
v 0.379572 0.560637 0.021781
v 0.387771 0.560637 0.006143
v 0.392762 0.560637 -0.010795
v 0.394352 0.560637 -0.028380
v 0.392481 0.560637 -0.045938
v 0.387221 0.560637 -0.062794
v 0.378773 0.560637 -0.078299
v 0.367463 0.560637 -0.091859
v 0.353725 0.560637 -0.102951
v 0.338087 0.560637 -0.111150
v 0.321149 0.560637 -0.116141
v 0.303564 0.560637 -0.117732
v 0.286006 0.560637 -0.115861
v 0.269150 0.560637 -0.110600
v 0.253645 0.560637 -0.102153
v 0.240085 0.560637 -0.090843
v 0.228993 0.560637 -0.077104
v 0.220794 0.560637 -0.061466
v 0.215803 0.560637 -0.044529
v 0.214213 0.560637 -0.026943
v 0.216084 0.560637 -0.009385
v 0.221344 0.560637 0.007470
v 0.229791 0.560637 0.022976
v 0.241102 0.560637 0.036535
v 0.262840 0.598936 0.035445
v 0.275948 0.598936 0.042317
v 0.290145 0.598936 0.046500
v 0.304885 0.598936 0.047833
v 0.319601 0.598936 0.046265
v 0.333729 0.598936 0.041856
v 0.346726 0.598936 0.034775
v 0.358091 0.598936 0.025295
v 0.367389 0.598936 0.013780
v 0.374261 0.598936 0.000672
v 0.378444 0.598936 -0.013524
v 0.379777 0.598936 -0.028264
v 0.378209 0.598936 -0.042981
v 0.373800 0.598936 -0.057109
v 0.366719 0.598936 -0.070105
v 0.357239 0.598936 -0.081470
v 0.345724 0.598936 -0.090768
v 0.332616 0.598936 -0.097640
v 0.318420 0.598936 -0.101823
v 0.303680 0.598936 -0.103157
v 0.288963 0.598936 -0.101588
v 0.274835 0.598936 -0.097179
v 0.261839 0.598936 -0.090099
v 0.250474 0.598936 -0.080619
v 0.241176 0.598936 -0.069104
v 0.234304 0.598936 -0.055996
v 0.230121 0.598936 -0.041799
v 0.228788 0.598936 -0.027059
v 0.230356 0.598936 -0.012343
v 0.234765 0.598936 0.001785
v 0.241845 0.598936 0.014782
v 0.251325 0.598936 0.026147
v 0.268575 0.598936 0.026713
v 0.279869 0.598936 0.032634
v 0.292101 0.598936 0.036239
v 0.304801 0.598936 0.037387
v 0.317482 0.598936 0.036036
v 0.329655 0.598936 0.032237
v 0.340853 0.598936 0.026136
v 0.350646 0.598936 0.017968
v 0.358657 0.598936 0.008046
v 0.364578 0.598936 -0.003248
v 0.368183 0.598936 -0.015480
v 0.369331 0.598936 -0.028181
v 0.367980 0.598936 -0.040861
v 0.364181 0.598936 -0.053034
v 0.358080 0.598936 -0.064232
v 0.349912 0.598936 -0.074025
v 0.339990 0.598936 -0.082036
v 0.328696 0.598936 -0.087958
v 0.316464 0.598936 -0.091562
v 0.303763 0.598936 -0.092711
v 0.291083 0.598936 -0.091360
v 0.278910 0.598936 -0.087561
v 0.267712 0.598936 -0.081460
v 0.257919 0.598936 -0.073291
v 0.249908 0.598936 -0.063369
v 0.243986 0.598936 -0.052075
v 0.240382 0.598936 -0.039843
v 0.239233 0.598936 -0.027143
v 0.240585 0.598936 -0.014462
v 0.244384 0.598936 -0.002289
v 0.250484 0.598936 0.008909
v 0.258653 0.598936 0.018702
v 0.240683 0.513789 0.069184
v 0.231795 0.427747 0.082720
v 0.225366 0.319755 0.092509
v 0.250327 0.319755 0.105596
v 0.254722 0.427747 0.094741
v 0.260799 0.513789 0.079731
v 0.277361 0.319755 0.113562
v 0.279554 0.427748 0.102058
v 0.282586 0.513789 0.086151
v 0.305429 0.319755 0.116100
v 0.305336 0.427748 0.104389
v 0.305207 0.513789 0.088197
v 0.333454 0.319755 0.113114
v 0.331078 0.427748 0.101646
v 0.327792 0.513789 0.085790
v 0.360358 0.319755 0.104718
v 0.355790 0.427748 0.093934
v 0.349474 0.513789 0.079024
v 0.385106 0.319755 0.091235
v 0.378522 0.427748 0.081549
v 0.369419 0.513789 0.068157
v 0.406749 0.319755 0.073182
v 0.398402 0.427748 0.064967
v 0.386860 0.513789 0.053609
v 0.424454 0.319755 0.051254
v 0.414664 0.427748 0.044826
v 0.401129 0.513789 0.035937
v 0.437540 0.319755 0.026294
v 0.426685 0.427748 0.021899
v 0.411675 0.513789 0.015821
v 0.445506 0.319755 -0.000740
v 0.434002 0.427748 -0.002933
v 0.418095 0.513789 -0.005966
v 0.448045 0.319755 -0.028809
v 0.436334 0.427748 -0.028715
v 0.420141 0.513789 -0.028586
v 0.445059 0.319755 -0.056834
v 0.433591 0.427748 -0.054457
v 0.417734 0.513789 -0.051171
v 0.436663 0.319755 -0.083737
v 0.425879 0.427748 -0.079169
v 0.410968 0.513789 -0.072853
v 0.423179 0.319755 -0.108486
v 0.413494 0.427748 -0.101902
v 0.400102 0.513789 -0.092798
v 0.405127 0.319755 -0.130128
v 0.396912 0.427748 -0.121781
v 0.385553 0.513789 -0.110240
v 0.383199 0.319755 -0.147833
v 0.376770 0.427748 -0.138044
v 0.367881 0.513789 -0.124508
v 0.358238 0.319755 -0.160920
v 0.353843 0.427748 -0.150065
v 0.347766 0.513789 -0.135055
v 0.331204 0.319755 -0.168886
v 0.329011 0.427748 -0.157381
v 0.325979 0.513789 -0.141474
v 0.303136 0.319755 -0.171424
v 0.303229 0.427748 -0.159713
v 0.303358 0.513789 -0.143520
v 0.275111 0.319755 -0.168438
v 0.277487 0.427748 -0.156970
v 0.280773 0.513789 -0.141114
v 0.248207 0.319755 -0.160042
v 0.252775 0.427748 -0.149258
v 0.259091 0.513789 -0.134347
v 0.223459 0.319755 -0.146559
v 0.230043 0.427748 -0.136873
v 0.239146 0.513789 -0.123481
v 0.201816 0.302190 -0.128506
v 0.210163 0.427748 -0.120291
v 0.221705 0.513789 -0.108933
v 0.184111 0.302190 -0.106578
v 0.193901 0.427748 -0.100150
v 0.207436 0.513789 -0.091261
v 0.171025 0.319755 -0.081618
v 0.181880 0.427748 -0.077222
v 0.196889 0.513789 -0.071145
v 0.163059 0.319755 -0.054584
v 0.174563 0.427748 -0.052391
v 0.190470 0.513789 -0.049358
v 0.160520 0.319755 -0.026515
v 0.172231 0.427748 -0.026608
v 0.188424 0.513789 -0.026738
v 0.163506 0.319755 0.001510
v 0.174974 0.427748 -0.000867
v 0.190830 0.513789 -0.004152
v 0.171902 0.319755 0.028413
v 0.182686 0.427748 0.023845
v 0.197597 0.513789 0.017529
v 0.185386 0.319755 0.053162
v 0.195071 0.427747 0.046578
v 0.208463 0.513789 0.037474
v 0.203438 0.319755 0.074804
v 0.211653 0.427747 0.066457
v 0.223012 0.513789 0.054916
v 0.205990 0.373751 -0.124399
v 0.215934 0.470768 -0.114612
v 0.189006 0.373751 -0.103364
v 0.200668 0.470768 -0.095705
v 0.214570 0.513789 -0.100097
v 0.202032 0.427748 -0.110220
v 0.192964 0.302190 -0.117542
v 0.197498 0.373751 -0.113881
v 0.208301 0.470768 -0.105159
v 0.143668 0.312436 -0.158074
v 0.133903 0.312436 -0.145434
v 0.153433 0.312436 -0.170715
v 0.147597 0.345252 -0.174843
v 0.128862 0.345252 -0.150592
v 0.138229 0.345252 -0.162717
v 0.142009 0.413206 -0.159491
v 0.133039 0.413206 -0.147880
v 0.150979 0.413206 -0.171101
v 0.164918 0.451328 -0.158020
v 0.148079 0.451328 -0.136222
v 0.156499 0.451328 -0.147121
v 0.179194 0.458557 -0.145833
v 0.170774 0.458557 -0.134934
v 0.165327 0.420436 -0.139585
v 0.174296 0.420436 -0.151195
v 0.162354 0.458557 -0.124036
v 0.156357 0.420436 -0.127974
v 0.145757 0.332731 -0.135315
v 0.145753 0.291211 -0.135318
v 0.165283 0.291211 -0.160599
v 0.164492 0.332731 -0.159566
v 0.155125 0.332731 -0.147441
v 0.155518 0.291211 -0.147959
v 0.188222 0.465697 -0.118278
v 0.197093 0.433488 -0.131452
v 0.182489 0.432838 -0.106009
v 0.195076 0.466002 -0.130220
v 0.189791 0.433163 -0.118731
v 0.181367 0.465393 -0.106337
v 0.152700 0.378340 -0.150364
v 0.143525 0.378340 -0.138487
v 0.128657 0.378054 -0.151179
v 0.137832 0.378054 -0.163056
v 0.147008 0.378054 -0.174933
v 0.161876 0.378340 -0.162240
v 0.162269 0.285515 -0.121218
v 0.182144 0.317331 -0.145350
v 0.172034 0.285515 -0.133859
v 0.163409 0.317331 -0.121100
v 0.181799 0.285515 -0.146499
v 0.172776 0.317331 -0.133225
v 0.270238 0.806361 0.024180
v 0.233096 0.450710 0.080739
v 0.281006 0.806361 0.029825
v 0.255612 0.450710 0.092544
v 0.292668 0.806361 0.033262
v 0.279998 0.450710 0.099729
v 0.304777 0.806361 0.034357
v 0.305317 0.450710 0.102019
v 0.316867 0.806361 0.033069
v 0.330597 0.450710 0.099326
v 0.328473 0.806361 0.029447
v 0.354865 0.450710 0.091752
v 0.339149 0.806361 0.023630
v 0.377190 0.450710 0.079589
v 0.348486 0.806361 0.015842
v 0.396712 0.450710 0.063305
v 0.356124 0.806361 0.006383
v 0.412683 0.450710 0.043525
v 0.361769 0.806361 -0.004385
v 0.424488 0.450710 0.021009
v 0.365205 0.806361 -0.016048
v 0.431674 0.450710 -0.003377
v 0.366301 0.806361 -0.028156
v 0.433964 0.450710 -0.028697
v 0.365012 0.806361 -0.040246
v 0.431270 0.450710 -0.053976
v 0.361390 0.806361 -0.051852
v 0.423696 0.450710 -0.078245
v 0.355574 0.806361 -0.062529
v 0.411534 0.450710 -0.100569
v 0.347786 0.806361 -0.071865
v 0.395249 0.450710 -0.120092
v 0.338326 0.806361 -0.079503
v 0.375469 0.450710 -0.136063
v 0.327559 0.806361 -0.085148
v 0.352953 0.450710 -0.147868
v 0.315896 0.806361 -0.088585
v 0.328567 0.450710 -0.155053
v 0.303787 0.806361 -0.089680
v 0.303248 0.450710 -0.157343
v 0.291698 0.806361 -0.088392
v 0.277968 0.450710 -0.154649
v 0.280092 0.806361 -0.084770
v 0.253700 0.450710 -0.147076
v 0.269415 0.806361 -0.078953
v 0.231375 0.450710 -0.134913
v 0.260079 0.806361 -0.071165
v 0.211852 0.450710 -0.118629
v 0.252441 0.806361 -0.061706
v 0.195882 0.450710 -0.098849
v 0.246795 0.806361 -0.050938
v 0.184077 0.450710 -0.076333
v 0.243359 0.806361 -0.039276
v 0.176891 0.450710 -0.051947
v 0.242264 0.806361 -0.027167
v 0.174601 0.450710 -0.026627
v 0.243552 0.806361 -0.015077
v 0.177295 0.450710 -0.001348
v 0.247174 0.806361 -0.003471
v 0.184869 0.450710 0.022921
v 0.252991 0.806361 0.007205
v 0.197031 0.450710 0.045245
v 0.260779 0.806361 0.016542
v 0.213316 0.450710 0.064768
v 0.248378 0.450710 0.110409
v 0.222516 0.450710 0.096850
v 0.276388 0.450710 0.118662
v 0.305471 0.450710 0.121293
v 0.334508 0.450710 0.118199
v 0.362383 0.450710 0.109499
v 0.388025 0.450710 0.095529
v 0.410450 0.450710 0.076825
v 0.428794 0.450710 0.054105
v 0.442353 0.450710 0.028243
v 0.450607 0.450710 0.000232
v 0.453237 0.450710 -0.028850
v 0.450143 0.450710 -0.057887
v 0.441444 0.450710 -0.085762
v 0.427473 0.450710 -0.111405
v 0.408769 0.450710 -0.133829
v 0.386049 0.450710 -0.152173
v 0.360187 0.450710 -0.165733
v 0.332177 0.450710 -0.173986
v 0.303094 0.450710 -0.176616
v 0.274057 0.450710 -0.173522
v 0.246182 0.450710 -0.164823
v 0.220540 0.450710 -0.150853
v 0.198115 0.450710 -0.132148
v 0.179771 0.450710 -0.109429
v 0.166212 0.450710 -0.083566
v 0.157958 0.450710 -0.055556
v 0.155328 0.450710 -0.026474
v 0.158422 0.450710 0.002563
v 0.167121 0.450710 0.030438
v 0.181092 0.450710 0.056081
v 0.199796 0.450710 0.078505
v 0.270478 0.782976 0.055827
v 0.254840 0.782976 0.047628
v 0.287415 0.782976 0.060818
v 0.305001 0.782976 0.062408
v 0.322559 0.782976 0.060537
v 0.339414 0.782976 0.055277
v 0.354920 0.782976 0.046829
v 0.368479 0.782976 0.035519
v 0.379572 0.782976 0.021781
v 0.387771 0.782976 0.006143
v 0.392762 0.782976 -0.010795
v 0.394352 0.782976 -0.028380
v 0.392481 0.782976 -0.045938
v 0.387221 0.782976 -0.062794
v 0.378773 0.782976 -0.078299
v 0.367463 0.782976 -0.091859
v 0.353725 0.782976 -0.102951
v 0.338087 0.782976 -0.111150
v 0.321149 0.782976 -0.116141
v 0.303564 0.782976 -0.117731
v 0.286006 0.782976 -0.115861
v 0.269150 0.782976 -0.110600
v 0.253645 0.782976 -0.102153
v 0.240085 0.782976 -0.090843
v 0.228993 0.782976 -0.077104
v 0.220794 0.782976 -0.061466
v 0.215803 0.782976 -0.044529
v 0.214213 0.782976 -0.026943
v 0.216083 0.782976 -0.009385
v 0.221344 0.782976 0.007470
v 0.229791 0.782976 0.022976
v 0.241102 0.782976 0.036535
v 0.262840 0.821275 0.035445
v 0.275948 0.821275 0.042317
v 0.290145 0.821275 0.046500
v 0.304885 0.821275 0.047833
v 0.319601 0.821275 0.046265
v 0.333729 0.821275 0.041856
v 0.346726 0.821275 0.034775
v 0.358091 0.821275 0.025295
v 0.367388 0.821275 0.013780
v 0.374261 0.821275 0.000673
v 0.378444 0.821275 -0.013524
v 0.379777 0.821275 -0.028264
v 0.378209 0.821275 -0.042981
v 0.373800 0.821275 -0.057109
v 0.366719 0.821275 -0.070105
v 0.357239 0.821275 -0.081470
v 0.345724 0.821275 -0.090768
v 0.332616 0.821275 -0.097640
v 0.318420 0.821275 -0.101823
v 0.303680 0.821275 -0.103156
v 0.288963 0.821275 -0.101588
v 0.274835 0.821275 -0.097179
v 0.261839 0.821275 -0.090099
v 0.250473 0.821275 -0.080619
v 0.241176 0.821275 -0.069103
v 0.234304 0.821275 -0.055996
v 0.230121 0.821275 -0.041799
v 0.228787 0.821275 -0.027059
v 0.230356 0.821275 -0.012343
v 0.234765 0.821275 0.001785
v 0.241845 0.821275 0.014782
v 0.251325 0.821275 0.026147
v 0.268575 0.821275 0.026713
v 0.279869 0.821275 0.032634
v 0.292101 0.821275 0.036239
v 0.304801 0.821275 0.037387
v 0.317482 0.821275 0.036036
v 0.329655 0.821275 0.032237
v 0.340853 0.821275 0.026136
v 0.350646 0.821275 0.017968
v 0.358657 0.821275 0.008046
v 0.364578 0.821275 -0.003248
v 0.368183 0.821275 -0.015480
v 0.369331 0.821275 -0.028181
v 0.367980 0.821275 -0.040861
v 0.364181 0.821275 -0.053034
v 0.358080 0.821275 -0.064232
v 0.349912 0.821275 -0.074025
v 0.339990 0.821275 -0.082036
v 0.328696 0.821275 -0.087958
v 0.316464 0.821275 -0.091562
v 0.303763 0.821275 -0.092711
v 0.291083 0.821275 -0.091359
v 0.278910 0.821275 -0.087560
v 0.267711 0.821275 -0.081460
v 0.257919 0.821275 -0.073291
v 0.249908 0.821275 -0.063369
v 0.243986 0.821275 -0.052075
v 0.240382 0.821275 -0.039843
v 0.239233 0.821275 -0.027143
v 0.240584 0.821275 -0.014462
v 0.244383 0.821275 -0.002289
v 0.250484 0.821275 0.008909
v 0.258653 0.821275 0.018702
v 0.240683 0.736128 0.069185
v 0.231795 0.650086 0.082720
v 0.225366 0.542094 0.092509
v 0.250327 0.542094 0.105596
v 0.254722 0.650086 0.094741
v 0.260799 0.736128 0.079731
v 0.277361 0.542094 0.113562
v 0.279554 0.650086 0.102058
v 0.282586 0.736128 0.086151
v 0.305429 0.542094 0.116100
v 0.305336 0.650086 0.104389
v 0.305207 0.736128 0.088197
v 0.333454 0.542094 0.113114
v 0.331078 0.650086 0.101647
v 0.327792 0.736128 0.085790
v 0.360357 0.542094 0.104718
v 0.355790 0.650086 0.093934
v 0.349473 0.736128 0.079024
v 0.385106 0.542094 0.091235
v 0.378522 0.650087 0.081549
v 0.369418 0.736128 0.068158
v 0.406749 0.542094 0.073182
v 0.398402 0.650087 0.064968
v 0.386860 0.736128 0.053609
v 0.424454 0.542094 0.051254
v 0.414664 0.650087 0.044826
v 0.401129 0.736128 0.035937
v 0.437540 0.542094 0.026294
v 0.426685 0.650087 0.021899
v 0.411675 0.736128 0.015821
v 0.445506 0.542094 -0.000740
v 0.434002 0.650087 -0.002933
v 0.418095 0.736128 -0.005965
v 0.448045 0.542094 -0.028809
v 0.436334 0.650087 -0.028715
v 0.420141 0.736128 -0.028586
v 0.445059 0.542094 -0.056833
v 0.433591 0.650087 -0.054457
v 0.417734 0.736128 -0.051171
v 0.436662 0.542094 -0.083737
v 0.425879 0.650087 -0.079169
v 0.410968 0.736128 -0.072853
v 0.423179 0.542094 -0.108486
v 0.413494 0.650087 -0.101902
v 0.400102 0.736128 -0.092798
v 0.405127 0.542094 -0.130128
v 0.396912 0.650087 -0.121781
v 0.385553 0.736128 -0.110240
v 0.383199 0.542094 -0.147833
v 0.376770 0.650087 -0.138044
v 0.367881 0.736128 -0.124508
v 0.358238 0.542094 -0.160920
v 0.353843 0.650087 -0.150064
v 0.347766 0.736128 -0.135055
v 0.331204 0.542094 -0.168885
v 0.329011 0.650087 -0.157381
v 0.325979 0.736128 -0.141474
v 0.303135 0.542094 -0.171424
v 0.303229 0.650087 -0.159713
v 0.303358 0.736128 -0.143520
v 0.275111 0.542094 -0.168438
v 0.277487 0.650087 -0.156970
v 0.280773 0.736128 -0.141114
v 0.248207 0.542094 -0.160042
v 0.252775 0.650087 -0.149258
v 0.259091 0.736128 -0.134347
v 0.223459 0.542094 -0.146559
v 0.230043 0.650087 -0.136873
v 0.239146 0.736128 -0.123481
v 0.201816 0.524529 -0.128506
v 0.210163 0.650087 -0.120291
v 0.221704 0.736128 -0.108932
v 0.184111 0.524529 -0.106578
v 0.193901 0.650087 -0.100150
v 0.207436 0.736128 -0.091261
v 0.171025 0.542094 -0.081618
v 0.181880 0.650087 -0.077222
v 0.196889 0.736128 -0.071145
v 0.163059 0.542094 -0.054584
v 0.174563 0.650086 -0.052390
v 0.190470 0.736128 -0.049358
v 0.160520 0.542094 -0.026515
v 0.172231 0.650086 -0.026608
v 0.188424 0.736128 -0.026737
v 0.163506 0.542094 0.001510
v 0.174974 0.650086 -0.000867
v 0.190830 0.736128 -0.004152
v 0.171902 0.542094 0.028413
v 0.182686 0.650086 0.023845
v 0.197597 0.736128 0.017529
v 0.185386 0.542094 0.053162
v 0.195071 0.650086 0.046578
v 0.208463 0.736128 0.037474
v 0.203438 0.542094 0.074804
v 0.211653 0.650086 0.066457
v 0.223012 0.736128 0.054916
v 0.205990 0.596090 -0.124399
v 0.215934 0.693107 -0.114612
v 0.189006 0.596090 -0.103364
v 0.200668 0.693107 -0.095705
v 0.214570 0.736128 -0.100097
v 0.202032 0.650087 -0.110220
v 0.192964 0.524529 -0.117542
v 0.197498 0.596090 -0.113881
v 0.208301 0.693107 -0.105158
v 0.143668 0.534775 -0.158074
v 0.133903 0.534775 -0.145434
v 0.153433 0.534775 -0.170715
v 0.147597 0.567590 -0.174843
v 0.128862 0.567590 -0.150592
v 0.138229 0.567590 -0.162717
v 0.142009 0.635545 -0.159491
v 0.133039 0.635545 -0.147880
v 0.150978 0.635545 -0.171101
v 0.164918 0.673667 -0.158020
v 0.148079 0.673667 -0.136222
v 0.156498 0.673667 -0.147121
v 0.179193 0.680896 -0.145833
v 0.170774 0.680896 -0.134934
v 0.165327 0.642775 -0.139584
v 0.174296 0.642775 -0.151195
v 0.162354 0.680896 -0.124036
v 0.156357 0.642775 -0.127974
v 0.145757 0.555070 -0.135315
v 0.145752 0.513550 -0.135318
v 0.165283 0.513550 -0.160599
v 0.164492 0.555070 -0.159566
v 0.155125 0.555070 -0.147440
v 0.155518 0.513550 -0.147958
v 0.188222 0.688036 -0.118278
v 0.197093 0.655827 -0.131452
v 0.182489 0.655177 -0.106009
v 0.195076 0.688341 -0.130219
v 0.189791 0.655502 -0.118731
v 0.181367 0.687732 -0.106337
v 0.152700 0.600679 -0.150363
v 0.143525 0.600679 -0.138487
v 0.128657 0.600392 -0.151179
v 0.137832 0.600392 -0.163056
v 0.147007 0.600392 -0.174933
v 0.161876 0.600679 -0.162240
v 0.162269 0.507854 -0.121218
v 0.182144 0.539670 -0.145350
v 0.172034 0.507854 -0.133858
v 0.163409 0.539670 -0.121099
v 0.181799 0.507854 -0.146499
v 0.172776 0.539670 -0.133225
v 0.270238 1.028700 0.024180
v 0.233096 0.673048 0.080739
v 0.281006 1.028700 0.029825
v 0.255611 0.673048 0.092544
v 0.292668 1.028700 0.033262
v 0.279998 0.673048 0.099729
v 0.304777 1.028700 0.034357
v 0.305317 0.673048 0.102019
v 0.316867 1.028700 0.033069
v 0.330597 0.673048 0.099326
v 0.328473 1.028700 0.029447
v 0.354865 0.673048 0.091752
v 0.339149 1.028700 0.023630
v 0.377190 0.673049 0.079589
v 0.348486 1.028700 0.015842
v 0.396712 0.673049 0.063305
v 0.356123 1.028700 0.006383
v 0.412683 0.673049 0.043525
v 0.361769 1.028700 -0.004385
v 0.424488 0.673049 0.021009
v 0.365205 1.028700 -0.016048
v 0.431674 0.673049 -0.003377
v 0.366301 1.028700 -0.028156
v 0.433964 0.673049 -0.028696
v 0.365012 1.028700 -0.040246
v 0.431270 0.673049 -0.053976
v 0.361390 1.028700 -0.051852
v 0.423696 0.673049 -0.078245
v 0.355574 1.028700 -0.062528
v 0.411534 0.673049 -0.100569
v 0.347786 1.028700 -0.071865
v 0.395249 0.673049 -0.120092
v 0.338326 1.028700 -0.079503
v 0.375469 0.673049 -0.136063
v 0.327558 1.028700 -0.085148
v 0.352953 0.673049 -0.147868
v 0.315896 1.028700 -0.088585
v 0.328567 0.673049 -0.155053
v 0.303787 1.028700 -0.089680
v 0.303248 0.673049 -0.157343
v 0.291698 1.028700 -0.088392
v 0.277968 0.673049 -0.154649
v 0.280092 1.028700 -0.084770
v 0.253700 0.673049 -0.147076
v 0.269415 1.028700 -0.078953
v 0.231375 0.673049 -0.134913
v 0.260079 1.028700 -0.071165
v 0.211852 0.673049 -0.118629
v 0.252441 1.028700 -0.061706
v 0.195882 0.673049 -0.098849
v 0.246795 1.028700 -0.050938
v 0.184077 0.673049 -0.076333
v 0.243359 1.028700 -0.039275
v 0.176891 0.673048 -0.051947
v 0.242264 1.028700 -0.027167
v 0.174601 0.673048 -0.026627
v 0.243552 1.028700 -0.015077
v 0.177295 0.673048 -0.001348
v 0.247174 1.028700 -0.003471
v 0.184869 0.673048 0.022921
v 0.252991 1.028700 0.007205
v 0.197031 0.673048 0.045245
v 0.260778 1.028700 0.016542
v 0.213316 0.673048 0.064768
v 0.248378 0.673048 0.110409
v 0.222516 0.673048 0.096850
v 0.276388 0.673048 0.118662
v 0.305471 0.673048 0.121293
v 0.334508 0.673048 0.118199
v 0.362383 0.673048 0.109499
v 0.388025 0.673049 0.095529
v 0.410449 0.673049 0.076825
v 0.428794 0.673049 0.054105
v 0.442353 0.673049 0.028243
v 0.450607 0.673049 0.000232
v 0.453237 0.673049 -0.028850
v 0.450143 0.673049 -0.057887
v 0.441444 0.673049 -0.085762
v 0.427473 0.673049 -0.111405
v 0.408769 0.673049 -0.133829
v 0.386049 0.673049 -0.152173
v 0.360187 0.673049 -0.165733
v 0.332176 0.673049 -0.173986
v 0.303094 0.673049 -0.176616
v 0.274057 0.673049 -0.173522
v 0.246182 0.673049 -0.164823
v 0.220540 0.673049 -0.150853
v 0.198115 0.673049 -0.132148
v 0.179771 0.673049 -0.109428
v 0.166212 0.673049 -0.083566
v 0.157958 0.673048 -0.055556
v 0.155328 0.673048 -0.026473
v 0.158422 0.673048 0.002563
v 0.167121 0.673048 0.030439
v 0.181091 0.673048 0.056081
v 0.199796 0.673048 0.078505
v 0.270478 1.005315 0.055827
v 0.254840 1.005315 0.047628
v 0.287415 1.005315 0.060818
v 0.305001 1.005315 0.062408
v 0.322559 1.005315 0.060537
v 0.339414 1.005315 0.055277
v 0.354920 1.005315 0.046829
v 0.368479 1.005315 0.035519
v 0.379572 1.005315 0.021781
v 0.387771 1.005315 0.006143
v 0.392762 1.005315 -0.010795
v 0.394352 1.005315 -0.028380
v 0.392481 1.005315 -0.045938
v 0.387221 1.005315 -0.062794
v 0.378773 1.005315 -0.078299
v 0.367463 1.005315 -0.091859
v 0.353725 1.005315 -0.102951
v 0.338087 1.005315 -0.111150
v 0.321149 1.005315 -0.116141
v 0.303564 1.005315 -0.117731
v 0.286006 1.005315 -0.115860
v 0.269150 1.005315 -0.110600
v 0.253645 1.005315 -0.102153
v 0.240085 1.005315 -0.090842
v 0.228993 1.005315 -0.077104
v 0.220794 1.005315 -0.061466
v 0.215803 1.005315 -0.044529
v 0.214213 1.005315 -0.026943
v 0.216083 1.005315 -0.009385
v 0.221344 1.005315 0.007471
v 0.229791 1.005315 0.022976
v 0.241101 1.005315 0.036535
v 0.262840 1.043613 0.035445
v 0.275948 1.043613 0.042317
v 0.290145 1.043613 0.046500
v 0.304885 1.043613 0.047833
v 0.319601 1.043613 0.046265
v 0.333729 1.043613 0.041856
v 0.346726 1.043613 0.034775
v 0.358091 1.043613 0.025295
v 0.367388 1.043613 0.013780
v 0.374261 1.043613 0.000673
v 0.378444 1.043613 -0.013524
v 0.379777 1.043613 -0.028264
v 0.378209 1.043613 -0.042981
v 0.373800 1.043613 -0.057109
v 0.366719 1.043613 -0.070105
v 0.357239 1.043613 -0.081470
v 0.345724 1.043613 -0.090768
v 0.332616 1.043613 -0.097640
v 0.318420 1.043613 -0.101823
v 0.303680 1.043613 -0.103156
v 0.288963 1.043613 -0.101588
v 0.274835 1.043613 -0.097179
v 0.261839 1.043613 -0.090099
v 0.250473 1.043613 -0.080618
v 0.241176 1.043613 -0.069103
v 0.234304 1.043613 -0.055996
v 0.230121 1.043613 -0.041799
v 0.228787 1.043613 -0.027059
v 0.230356 1.043613 -0.012342
v 0.234765 1.043613 0.001786
v 0.241845 1.043613 0.014782
v 0.251325 1.043613 0.026147
v 0.268574 1.043613 0.026713
v 0.279869 1.043613 0.032634
v 0.292101 1.043613 0.036239
v 0.304801 1.043613 0.037387
v 0.317482 1.043613 0.036036
v 0.329655 1.043613 0.032237
v 0.340853 1.043613 0.026136
v 0.350646 1.043613 0.017968
v 0.358657 1.043613 0.008046
v 0.364578 1.043613 -0.003248
v 0.368183 1.043613 -0.015480
v 0.369331 1.043613 -0.028180
v 0.367980 1.043613 -0.040861
v 0.364181 1.043613 -0.053034
v 0.358080 1.043613 -0.064232
v 0.349912 1.043613 -0.074025
v 0.339990 1.043613 -0.082036
v 0.328696 1.043613 -0.087958
v 0.316464 1.043613 -0.091562
v 0.303763 1.043613 -0.092710
v 0.291083 1.043613 -0.091359
v 0.278910 1.043613 -0.087560
v 0.267711 1.043613 -0.081459
v 0.257919 1.043613 -0.073291
v 0.249908 1.043613 -0.063369
v 0.243986 1.043613 -0.052075
v 0.240382 1.043613 -0.039843
v 0.239233 1.043613 -0.027143
v 0.240584 1.043613 -0.014462
v 0.244383 1.043613 -0.002289
v 0.250484 1.043613 0.008909
v 0.258653 1.043613 0.018702
v 0.240683 0.958467 0.069185
v 0.231795 0.872425 0.082720
v 0.225366 0.764432 0.092509
v 0.250327 0.764432 0.105596
v 0.254722 0.872425 0.094741
v 0.260799 0.958467 0.079731
v 0.277361 0.764432 0.113562
v 0.279554 0.872425 0.102058
v 0.282586 0.958467 0.086151
v 0.305429 0.764432 0.116100
v 0.305336 0.872425 0.104390
v 0.305207 0.958467 0.088197
v 0.333454 0.764432 0.113114
v 0.331078 0.872425 0.101647
v 0.327792 0.958467 0.085790
v 0.360357 0.764432 0.104718
v 0.355789 0.872425 0.093935
v 0.349473 0.958467 0.079024
v 0.385106 0.764433 0.091235
v 0.378522 0.872425 0.081550
v 0.369418 0.958467 0.068158
v 0.406749 0.764433 0.073182
v 0.398402 0.872425 0.064968
v 0.386860 0.958467 0.053609
v 0.424453 0.764433 0.051255
v 0.414664 0.872425 0.044826
v 0.401129 0.958467 0.035937
v 0.437540 0.764433 0.026294
v 0.426685 0.872425 0.021899
v 0.411675 0.958467 0.015821
v 0.445506 0.764433 -0.000740
v 0.434002 0.872425 -0.002933
v 0.418095 0.958467 -0.005965
v 0.448045 0.764433 -0.028809
v 0.436334 0.872425 -0.028715
v 0.420141 0.958467 -0.028586
v 0.445058 0.764433 -0.056833
v 0.433591 0.872425 -0.054457
v 0.417734 0.958467 -0.051171
v 0.436662 0.764433 -0.083737
v 0.425879 0.872425 -0.079169
v 0.410968 0.958467 -0.072853
v 0.423179 0.764433 -0.108485
v 0.413494 0.872425 -0.101901
v 0.400102 0.958467 -0.092798
v 0.405127 0.764433 -0.130128
v 0.396912 0.872425 -0.121781
v 0.385553 0.958467 -0.110240
v 0.383199 0.764433 -0.147833
v 0.376770 0.872425 -0.138044
v 0.367881 0.958467 -0.124508
v 0.358238 0.764433 -0.160920
v 0.353843 0.872425 -0.150064
v 0.347765 0.958467 -0.135055
v 0.331204 0.764433 -0.168885
v 0.329011 0.872425 -0.157381
v 0.325979 0.958467 -0.141474
v 0.303135 0.764433 -0.171424
v 0.303229 0.872425 -0.159713
v 0.303358 0.958467 -0.143520
v 0.275111 0.764433 -0.168438
v 0.277487 0.872425 -0.156970
v 0.280773 0.958467 -0.141114
v 0.248207 0.764433 -0.160042
v 0.252775 0.872425 -0.149258
v 0.259091 0.958467 -0.134347
v 0.223459 0.764433 -0.146558
v 0.230043 0.872425 -0.136873
v 0.239146 0.958467 -0.123481
v 0.201816 0.746868 -0.128506
v 0.210163 0.872425 -0.120291
v 0.221704 0.958467 -0.108932
v 0.184111 0.746868 -0.106578
v 0.193900 0.872425 -0.100149
v 0.207436 0.958467 -0.091261
v 0.171024 0.764433 -0.081618
v 0.181880 0.872425 -0.077222
v 0.196889 0.958467 -0.071145
v 0.163059 0.764432 -0.054583
v 0.174563 0.872425 -0.052390
v 0.190470 0.958467 -0.049358
v 0.160520 0.764432 -0.026515
v 0.172231 0.872425 -0.026608
v 0.188424 0.958467 -0.026737
v 0.163506 0.764432 0.001510
v 0.174974 0.872425 -0.000867
v 0.190830 0.958467 -0.004152
v 0.171902 0.764432 0.028413
v 0.182686 0.872425 0.023845
v 0.197597 0.958467 0.017529
v 0.185386 0.764432 0.053162
v 0.195071 0.872425 0.046578
v 0.208463 0.958467 0.037474
v 0.203438 0.764432 0.074805
v 0.211653 0.872425 0.066458
v 0.223012 0.958467 0.054916
v 0.205990 0.818429 -0.124399
v 0.215934 0.915446 -0.114612
v 0.189006 0.818429 -0.103364
v 0.200668 0.915446 -0.095705
v 0.214570 0.958467 -0.100096
v 0.202032 0.872425 -0.110220
v 0.192964 0.746868 -0.117542
v 0.197498 0.818429 -0.113881
v 0.208301 0.915446 -0.105158
v 0.143668 0.757114 -0.158074
v 0.133903 0.757114 -0.145434
v 0.153433 0.757114 -0.170715
v 0.147597 0.789929 -0.174842
v 0.128862 0.789929 -0.150592
v 0.138229 0.789929 -0.162717
v 0.142009 0.857884 -0.159491
v 0.133039 0.857884 -0.147880
v 0.150978 0.857884 -0.171101
v 0.164918 0.896006 -0.158020
v 0.148079 0.896006 -0.136222
v 0.156498 0.896006 -0.147121
v 0.179193 0.903235 -0.145833
v 0.170774 0.903235 -0.134934
v 0.165327 0.865113 -0.139584
v 0.174296 0.865113 -0.151195
v 0.162354 0.903235 -0.124035
v 0.156357 0.865113 -0.127974
v 0.145757 0.777409 -0.135315
v 0.145752 0.735889 -0.135318
v 0.165283 0.735889 -0.160599
v 0.164492 0.777409 -0.159566
v 0.155125 0.777409 -0.147440
v 0.155517 0.735889 -0.147958
v 0.188221 0.910375 -0.118278
v 0.197093 0.878165 -0.131452
v 0.182488 0.877516 -0.106009
v 0.195076 0.910680 -0.130219
v 0.189790 0.877841 -0.118730
v 0.181367 0.910070 -0.106336
v 0.152700 0.823018 -0.150363
v 0.143525 0.823018 -0.138486
v 0.128657 0.822731 -0.151179
v 0.137832 0.822731 -0.163056
v 0.147007 0.822731 -0.174933
v 0.161876 0.823018 -0.162240
v 0.162269 0.730193 -0.121218
v 0.182144 0.762009 -0.145350
v 0.172034 0.730193 -0.133858
v 0.163409 0.762009 -0.121099
v 0.181799 0.730193 -0.146499
v 0.172776 0.762009 -0.133225
v 0.270238 1.251039 0.024180
v 0.233096 0.895387 0.080739
v 0.281006 1.251039 0.029825
v 0.255611 0.895387 0.092544
v 0.292668 1.251039 0.033262
v 0.279998 0.895387 0.099730
v 0.304777 1.251039 0.034357
v 0.305317 0.895387 0.102019
v 0.316867 1.251039 0.033069
v 0.330597 0.895387 0.099326
v 0.328473 1.251039 0.029447
v 0.354865 0.895387 0.091752
v 0.339149 1.251039 0.023630
v 0.377190 0.895387 0.079589
v 0.348486 1.251039 0.015842
v 0.396712 0.895387 0.063305
v 0.356123 1.251039 0.006383
v 0.412683 0.895387 0.043525
v 0.361769 1.251039 -0.004385
v 0.424488 0.895387 0.021009
v 0.365205 1.251039 -0.016048
v 0.431674 0.895387 -0.003377
v 0.366300 1.251039 -0.028156
v 0.433964 0.895387 -0.028696
v 0.365012 1.251039 -0.040246
v 0.431270 0.895387 -0.053976
v 0.361390 1.251039 -0.051852
v 0.423696 0.895388 -0.078244
v 0.355574 1.251039 -0.062528
v 0.411534 0.895388 -0.100569
v 0.347786 1.251039 -0.071865
v 0.395249 0.895388 -0.120092
v 0.338326 1.251039 -0.079503
v 0.375469 0.895388 -0.136062
v 0.327558 1.251039 -0.085148
v 0.352953 0.895388 -0.147867
v 0.315896 1.251039 -0.088585
v 0.328567 0.895388 -0.155053
v 0.303787 1.251039 -0.089680
v 0.303248 0.895387 -0.157343
v 0.291698 1.251039 -0.088392
v 0.277968 0.895387 -0.154649
v 0.280092 1.251039 -0.084770
v 0.253700 0.895387 -0.147076
v 0.269415 1.251039 -0.078953
v 0.231375 0.895387 -0.134913
v 0.260079 1.251039 -0.071165
v 0.211852 0.895387 -0.118629
v 0.252441 1.251039 -0.061706
v 0.195882 0.895387 -0.098848
v 0.246795 1.251039 -0.050938
v 0.184077 0.895387 -0.076333
v 0.243359 1.251039 -0.039275
v 0.176891 0.895387 -0.051947
v 0.242264 1.251039 -0.027167
v 0.174601 0.895387 -0.026627
v 0.243552 1.251039 -0.015077
v 0.177295 0.895387 -0.001347
v 0.247174 1.251039 -0.003471
v 0.184868 0.895387 0.022921
v 0.252991 1.251039 0.007206
v 0.197031 0.895387 0.045246
v 0.260778 1.251039 0.016542
v 0.213315 0.895387 0.064768
v 0.248378 0.895387 0.110409
v 0.222516 0.895387 0.096850
v 0.276388 0.895387 0.118663
v 0.305471 0.895387 0.121293
v 0.334507 0.895387 0.118199
v 0.362383 0.895387 0.109500
v 0.388025 0.895387 0.095529
v 0.410449 0.895387 0.076825
v 0.428794 0.895387 0.054105
v 0.442353 0.895387 0.028243
v 0.450607 0.895387 0.000232
v 0.453237 0.895387 -0.028850
v 0.450143 0.895388 -0.057887
v 0.441444 0.895388 -0.085762
v 0.427473 0.895388 -0.111405
v 0.408769 0.895388 -0.133829
v 0.386049 0.895388 -0.152173
v 0.360187 0.895388 -0.165733
v 0.332176 0.895388 -0.173986
v 0.303094 0.895388 -0.176616
v 0.274057 0.895387 -0.173522
v 0.246182 0.895387 -0.164823
v 0.220540 0.895387 -0.150853
v 0.198115 0.895387 -0.132148
v 0.179771 0.895387 -0.109428
v 0.166211 0.895387 -0.083566
v 0.157958 0.895387 -0.055556
v 0.155328 0.895387 -0.026473
v 0.158422 0.895387 0.002563
v 0.167121 0.895387 0.030439
v 0.181091 0.895387 0.056081
v 0.199796 0.895387 0.078505
v 0.270478 1.227654 0.055827
v 0.254840 1.227654 0.047628
v 0.287415 1.227654 0.060818
v 0.305001 1.227654 0.062408
v 0.322559 1.227654 0.060537
v 0.339414 1.227654 0.055277
v 0.354920 1.227654 0.046830
v 0.368479 1.227654 0.035519
v 0.379572 1.227654 0.021781
v 0.387771 1.227654 0.006143
v 0.392761 1.227654 -0.010795
v 0.394352 1.227654 -0.028380
v 0.392481 1.227654 -0.045938
v 0.387221 1.227654 -0.062794
v 0.378773 1.227654 -0.078299
v 0.367463 1.227654 -0.091859
v 0.353725 1.227654 -0.102951
v 0.338087 1.227654 -0.111150
v 0.321149 1.227654 -0.116141
v 0.303564 1.227654 -0.117731
v 0.286006 1.227654 -0.115860
v 0.269150 1.227654 -0.110600
v 0.253645 1.227654 -0.102153
v 0.240085 1.227654 -0.090842
v 0.228993 1.227654 -0.077104
v 0.220794 1.227654 -0.061466
v 0.215803 1.227654 -0.044528
v 0.214212 1.227654 -0.026943
v 0.216083 1.227654 -0.009385
v 0.221344 1.227654 0.007471
v 0.229791 1.227654 0.022976
v 0.241101 1.227654 0.036536
v 0.262840 1.265952 0.035445
v 0.275948 1.265952 0.042317
v 0.290145 1.265952 0.046500
v 0.304884 1.265952 0.047833
v 0.319601 1.265952 0.046265
v 0.333729 1.265952 0.041856
v 0.346726 1.265952 0.034776
v 0.358091 1.265952 0.025296
v 0.367388 1.265952 0.013780
v 0.374261 1.265952 0.000673
v 0.378444 1.265952 -0.013524
v 0.379777 1.265952 -0.028264
v 0.378209 1.265952 -0.042980
v 0.373800 1.265952 -0.057108
v 0.366719 1.265952 -0.070105
v 0.357239 1.265952 -0.081470
v 0.345724 1.265952 -0.090768
v 0.332616 1.265952 -0.097640
v 0.318420 1.265952 -0.101823
v 0.303680 1.265952 -0.103156
v 0.288963 1.265952 -0.101588
v 0.274835 1.265952 -0.097179
v 0.261839 1.265952 -0.090098
v 0.250473 1.265952 -0.080618
v 0.241176 1.265952 -0.069103
v 0.234304 1.265952 -0.055996
v 0.230120 1.265952 -0.041799
v 0.228787 1.265952 -0.027059
v 0.230355 1.265952 -0.012342
v 0.234765 1.265952 0.001786
v 0.241845 1.265952 0.014782
v 0.251325 1.265952 0.026147
v 0.268574 1.265952 0.026713
v 0.279868 1.265952 0.032635
v 0.292101 1.265952 0.036239
v 0.304801 1.265952 0.037388
v 0.317482 1.265952 0.036036
v 0.329655 1.265952 0.032237
v 0.340853 1.265952 0.026137
v 0.350646 1.265952 0.017968
v 0.358657 1.265952 0.008046
v 0.364578 1.265952 -0.003248
v 0.368182 1.265952 -0.015480
v 0.369331 1.265952 -0.028180
v 0.367980 1.265952 -0.040861
v 0.364181 1.265952 -0.053034
v 0.358080 1.265952 -0.064232
v 0.349912 1.265952 -0.074025
v 0.339990 1.265952 -0.082036
v 0.328696 1.265952 -0.087957
v 0.316464 1.265952 -0.091562
v 0.303763 1.265952 -0.092710
v 0.291083 1.265952 -0.091359
v 0.278910 1.265952 -0.087560
v 0.267711 1.265952 -0.081459
v 0.257919 1.265952 -0.073291
v 0.249908 1.265952 -0.063369
v 0.243986 1.265952 -0.052075
v 0.240382 1.265952 -0.039843
v 0.239233 1.265952 -0.027142
v 0.240584 1.265952 -0.014462
v 0.244383 1.265952 -0.002289
v 0.250484 1.265952 0.008909
v 0.258653 1.265952 0.018702
v 0.240683 1.180806 0.069185
v 0.231794 1.094764 0.082720
v 0.225366 0.986771 0.092509
v 0.250327 0.986771 0.105596
v 0.254722 1.094764 0.094741
v 0.260799 1.180806 0.079731
v 0.277361 0.986771 0.113562
v 0.279554 1.094764 0.102058
v 0.282586 1.180806 0.086151
v 0.305429 0.986771 0.116101
v 0.305336 1.094764 0.104390
v 0.305207 1.180806 0.088197
v 0.333454 0.986771 0.113114
v 0.331077 1.094764 0.101647
v 0.327792 1.180806 0.085790
v 0.360357 0.986771 0.104718
v 0.355789 1.094764 0.093935
v 0.349473 1.180806 0.079024
v 0.385106 0.986771 0.091235
v 0.378522 1.094764 0.081550
v 0.369418 1.180806 0.068158
v 0.406749 0.986771 0.073183
v 0.398402 1.094764 0.064968
v 0.386860 1.180806 0.053609
v 0.424453 0.986771 0.051255
v 0.414664 1.094764 0.044826
v 0.401129 1.180806 0.035937
v 0.437540 0.986771 0.026294
v 0.426685 1.094764 0.021899
v 0.411675 1.180806 0.015822
v 0.445506 0.986771 -0.000740
v 0.434002 1.094764 -0.002933
v 0.418095 1.180806 -0.005965
v 0.448045 0.986771 -0.028809
v 0.436333 1.094764 -0.028715
v 0.420141 1.180806 -0.028586
v 0.445058 0.986772 -0.056833
v 0.433591 1.094764 -0.054457
v 0.417734 1.180806 -0.051171
v 0.436662 0.986772 -0.083737
v 0.425879 1.094764 -0.079169
v 0.410968 1.180806 -0.072853
v 0.423179 0.986772 -0.108485
v 0.413494 1.094764 -0.101901
v 0.400101 1.180806 -0.092798
v 0.405127 0.986772 -0.130128
v 0.396912 1.094764 -0.121781
v 0.385553 1.180806 -0.110239
v 0.383199 0.986772 -0.147833
v 0.376770 1.094764 -0.138044
v 0.367881 1.180806 -0.124508
v 0.358238 0.986772 -0.160920
v 0.353843 1.094764 -0.150064
v 0.347765 1.180806 -0.135055
v 0.331204 0.986772 -0.168885
v 0.329011 1.094764 -0.157381
v 0.325979 1.180806 -0.141474
v 0.303135 0.986772 -0.171424
v 0.303229 1.094764 -0.159713
v 0.303358 1.180806 -0.143520
v 0.275111 0.986771 -0.168438
v 0.277487 1.094764 -0.156970
v 0.280773 1.180806 -0.141113
v 0.248207 0.986771 -0.160042
v 0.252775 1.094764 -0.149258
v 0.259091 1.180806 -0.134347
v 0.223459 0.986771 -0.146558
v 0.230043 1.094764 -0.136873
v 0.239146 1.180806 -0.123481
v 0.201816 0.969207 -0.128506
v 0.210163 1.094764 -0.120291
v 0.221704 1.180806 -0.108932
v 0.184111 0.969207 -0.106578
v 0.193900 1.094764 -0.100149
v 0.207436 1.180806 -0.091260
v 0.171024 0.986771 -0.081617
v 0.181880 1.094764 -0.077222
v 0.196889 1.180806 -0.071145
v 0.163059 0.986771 -0.054583
v 0.174563 1.094764 -0.052390
v 0.190470 1.180806 -0.049358
v 0.160520 0.986771 -0.026515
v 0.172231 1.094764 -0.026608
v 0.188424 1.180806 -0.026737
v 0.163506 0.986771 0.001510
v 0.174974 1.094764 -0.000866
v 0.190830 1.180806 -0.004152
v 0.171902 0.986771 0.028413
v 0.182686 1.094764 0.023846
v 0.197597 1.180806 0.017530
v 0.185386 0.986771 0.053162
v 0.195071 1.094764 0.046578
v 0.208463 1.180806 0.037475
v 0.203438 0.986771 0.074805
v 0.211653 1.094764 0.066458
v 0.223012 1.180806 0.054916
v 0.205990 1.040768 -0.124398
v 0.215934 1.137785 -0.114612
v 0.189006 1.040768 -0.103364
v 0.200668 1.137785 -0.095705
v 0.214570 1.180806 -0.100096
v 0.202032 1.094764 -0.110220
v 0.192964 0.969207 -0.117542
v 0.197498 1.040768 -0.113881
v 0.208301 1.137785 -0.105158
v 0.143668 0.979452 -0.158074
v 0.133903 0.979452 -0.145434
v 0.153433 0.979452 -0.170714
v 0.147597 1.012268 -0.174842
v 0.128862 1.012268 -0.150592
v 0.138229 1.012268 -0.162717
v 0.142009 1.080223 -0.159490
v 0.133039 1.080223 -0.147880
v 0.150978 1.080223 -0.171101
v 0.164918 1.118345 -0.158019
v 0.148079 1.118345 -0.136222
v 0.156498 1.118345 -0.147121
v 0.179193 1.125574 -0.145833
v 0.170774 1.125574 -0.134934
v 0.165327 1.087452 -0.139584
v 0.174296 1.087452 -0.151195
v 0.162354 1.125574 -0.124035
v 0.156357 1.087452 -0.127974
v 0.145757 0.999748 -0.135315
v 0.145752 0.958228 -0.135318
v 0.165282 0.958228 -0.160599
v 0.164492 0.999748 -0.159566
v 0.155125 0.999748 -0.147440
v 0.155517 0.958228 -0.147958
v 0.188221 1.132714 -0.118278
v 0.197092 1.100504 -0.131452
v 0.182488 1.099855 -0.106009
v 0.195076 1.133019 -0.130219
v 0.189790 1.100180 -0.118730
v 0.181367 1.132409 -0.106336
v 0.152700 1.045357 -0.150363
v 0.143525 1.045357 -0.138486
v 0.128657 1.045070 -0.151179
v 0.137832 1.045070 -0.163056
v 0.147007 1.045070 -0.174933
v 0.161876 1.045357 -0.162240
v 0.162269 0.952532 -0.121218
v 0.182144 0.984348 -0.145350
v 0.172034 0.952532 -0.133858
v 0.163409 0.984348 -0.121099
v 0.181799 0.952532 -0.146498
v 0.172776 0.984348 -0.133225
v 0.270238 1.473378 0.024180
v 0.233096 1.117726 0.080739
v 0.281006 1.473378 0.029826
v 0.255611 1.117726 0.092544
v 0.292668 1.473378 0.033262
v 0.279997 1.117726 0.099730
v 0.304777 1.473378 0.034357
v 0.305317 1.117726 0.102020
v 0.316867 1.473378 0.033069
v 0.330597 1.117726 0.099326
v 0.328473 1.473378 0.029447
v 0.354865 1.117726 0.091752
v 0.339149 1.473378 0.023630
v 0.377190 1.117726 0.079590
v 0.348486 1.473378 0.015842
v 0.396712 1.117726 0.063305
v 0.356123 1.473378 0.006383
v 0.412683 1.117726 0.043525
v 0.361769 1.473378 -0.004385
v 0.424488 1.117726 0.021009
v 0.365205 1.473378 -0.016047
v 0.431674 1.117726 -0.003377
v 0.366300 1.473378 -0.028156
v 0.433963 1.117726 -0.028696
v 0.365012 1.473378 -0.040246
v 0.431270 1.117726 -0.053976
v 0.361390 1.473378 -0.051852
v 0.423696 1.117727 -0.078244
v 0.355574 1.473378 -0.062528
v 0.411533 1.117727 -0.100569
v 0.347786 1.473378 -0.071865
v 0.395249 1.117727 -0.120092
v 0.338326 1.473378 -0.079503
v 0.375469 1.117727 -0.136062
v 0.327558 1.473378 -0.085148
v 0.352953 1.117727 -0.147867
v 0.315896 1.473378 -0.088585
v 0.328567 1.117727 -0.155053
v 0.303787 1.473378 -0.089680
v 0.303248 1.117726 -0.157343
v 0.291698 1.473378 -0.088391
v 0.277968 1.117726 -0.154649
v 0.280092 1.473378 -0.084769
v 0.253700 1.117726 -0.147075
v 0.269415 1.473378 -0.078953
v 0.231375 1.117726 -0.134913
v 0.260079 1.473378 -0.071165
v 0.211852 1.117726 -0.118628
v 0.252441 1.473378 -0.061705
v 0.195882 1.117726 -0.098848
v 0.246795 1.473378 -0.050938
v 0.184077 1.117726 -0.076333
v 0.243359 1.473378 -0.039275
v 0.176891 1.117726 -0.051946
v 0.242264 1.473378 -0.027167
v 0.174601 1.117726 -0.026627
v 0.243552 1.473378 -0.015077
v 0.177295 1.117726 -0.001347
v 0.247174 1.473378 -0.003471
v 0.184868 1.117726 0.022921
v 0.252991 1.473378 0.007206
v 0.197031 1.117726 0.045246
v 0.260778 1.473378 0.016542
v 0.213315 1.117726 0.064768
v 0.248378 1.117726 0.110409
v 0.222516 1.117726 0.096850
v 0.276388 1.117726 0.118663
v 0.305471 1.117726 0.121293
v 0.334507 1.117726 0.118199
v 0.362383 1.117726 0.109500
v 0.388025 1.117726 0.095529
v 0.410449 1.117726 0.076825
v 0.428794 1.117726 0.054105
v 0.442353 1.117726 0.028243
v 0.450607 1.117726 0.000232
v 0.453237 1.117726 -0.028850
v 0.450143 1.117727 -0.057887
v 0.441444 1.117727 -0.085762
v 0.427473 1.117727 -0.111404
v 0.408769 1.117727 -0.133829
v 0.386049 1.117727 -0.152173
v 0.360187 1.117727 -0.165732
v 0.332176 1.117727 -0.173986
v 0.303094 1.117727 -0.176616
v 0.274057 1.117726 -0.173522
v 0.246182 1.117726 -0.164823
v 0.220539 1.117726 -0.150853
v 0.198115 1.117726 -0.132148
v 0.179771 1.117726 -0.109428
v 0.166211 1.117726 -0.083566
v 0.157958 1.117726 -0.055556
v 0.155328 1.117726 -0.026473
v 0.158422 1.117726 0.002564
v 0.167121 1.117726 0.030439
v 0.181091 1.117726 0.056081
v 0.199796 1.117726 0.078505
v 0.270478 1.449993 0.055827
v 0.254840 1.449993 0.047628
v 0.287415 1.449993 0.060818
v 0.305001 1.449993 0.062408
v 0.322559 1.449993 0.060538
v 0.339414 1.449993 0.055277
v 0.354920 1.449993 0.046830
v 0.368479 1.449993 0.035519
v 0.379572 1.449993 0.021781
v 0.387771 1.449993 0.006143
v 0.392761 1.449993 -0.010794
v 0.394352 1.449993 -0.028380
v 0.392481 1.449993 -0.045938
v 0.387221 1.449993 -0.062793
v 0.378773 1.449993 -0.078299
v 0.367463 1.449993 -0.091858
v 0.353725 1.449993 -0.102951
v 0.338086 1.449993 -0.111150
v 0.321149 1.449993 -0.116141
v 0.303564 1.449993 -0.117731
v 0.286006 1.449993 -0.115860
v 0.269150 1.449993 -0.110600
v 0.253645 1.449993 -0.102152
v 0.240085 1.449993 -0.090842
v 0.228993 1.449993 -0.077104
v 0.220794 1.449993 -0.061466
v 0.215803 1.449993 -0.044528
v 0.214212 1.449993 -0.026943
v 0.216083 1.449993 -0.009385
v 0.221344 1.449993 0.007471
v 0.229791 1.449993 0.022976
v 0.241101 1.449993 0.036536
v 0.262840 1.488291 0.035445
v 0.275948 1.488291 0.042317
v 0.290145 1.488291 0.046500
v 0.304884 1.488291 0.047833
v 0.319601 1.488291 0.046265
v 0.333729 1.488291 0.041856
v 0.346726 1.488291 0.034776
v 0.358091 1.488291 0.025296
v 0.367388 1.488291 0.013781
v 0.374261 1.488291 0.000673
v 0.378444 1.488291 -0.013524
v 0.379777 1.488291 -0.028264
v 0.378209 1.488291 -0.042980
v 0.373800 1.488291 -0.057108
v 0.366719 1.488291 -0.070105
v 0.357239 1.488291 -0.081470
v 0.345724 1.488291 -0.090768
v 0.332616 1.488291 -0.097640
v 0.318420 1.488291 -0.101823
v 0.303680 1.488291 -0.103156
v 0.288963 1.488291 -0.101588
v 0.274835 1.488291 -0.097179
v 0.261839 1.488291 -0.090098
v 0.250473 1.488291 -0.080618
v 0.241176 1.488291 -0.069103
v 0.234303 1.488291 -0.055995
v 0.230120 1.488291 -0.041799
v 0.228787 1.488291 -0.027059
v 0.230355 1.488291 -0.012342
v 0.234764 1.488291 0.001786
v 0.241845 1.488291 0.014782
v 0.251325 1.488291 0.026147
v 0.268574 1.488291 0.026713
v 0.279868 1.488291 0.032635
v 0.292101 1.488291 0.036239
v 0.304801 1.488291 0.037388
v 0.317481 1.488291 0.036037
v 0.329655 1.488291 0.032238
v 0.340853 1.488291 0.026137
v 0.350646 1.488291 0.017968
v 0.358657 1.488291 0.008046
v 0.364578 1.488291 -0.003248
v 0.368182 1.488291 -0.015480
v 0.369331 1.488291 -0.028180
v 0.367980 1.488291 -0.040861
v 0.364181 1.488291 -0.053034
v 0.358080 1.488291 -0.064232
v 0.349912 1.488291 -0.074025
v 0.339990 1.488291 -0.082036
v 0.328696 1.488291 -0.087957
v 0.316464 1.488291 -0.091562
v 0.303763 1.488291 -0.092710
v 0.291083 1.488291 -0.091359
v 0.278909 1.488291 -0.087560
v 0.267711 1.488291 -0.081459
v 0.257919 1.488291 -0.073291
v 0.249907 1.488291 -0.063369
v 0.243986 1.488291 -0.052075
v 0.240382 1.488291 -0.039843
v 0.239233 1.488291 -0.027142
v 0.240584 1.488291 -0.014462
v 0.244383 1.488291 -0.002289
v 0.250484 1.488291 0.008909
v 0.258652 1.488291 0.018702
v 0.240683 1.403145 0.069185
v 0.231794 1.317103 0.082720
v 0.225366 1.209110 0.092510
v 0.250326 1.209110 0.105596
v 0.254722 1.317103 0.094741
v 0.260799 1.403145 0.079732
v 0.277360 1.209110 0.113562
v 0.279554 1.317103 0.102058
v 0.282586 1.403145 0.086151
v 0.305429 1.209110 0.116101
v 0.305336 1.317103 0.104390
v 0.305207 1.403145 0.088197
v 0.333454 1.209110 0.113115
v 0.331077 1.317103 0.101647
v 0.327792 1.403145 0.085791
v 0.360357 1.209110 0.104719
v 0.355789 1.317103 0.093935
v 0.349473 1.403145 0.079024
v 0.385106 1.209110 0.091235
v 0.378522 1.317103 0.081550
v 0.369418 1.403145 0.068158
v 0.406749 1.209110 0.073183
v 0.398401 1.317103 0.064968
v 0.386860 1.403145 0.053609
v 0.424453 1.209110 0.051255
v 0.414664 1.317103 0.044826
v 0.401129 1.403145 0.035938
v 0.437540 1.209110 0.026294
v 0.426685 1.317103 0.021899
v 0.411675 1.403145 0.015822
v 0.445506 1.209110 -0.000740
v 0.434002 1.317103 -0.002933
v 0.418095 1.403145 -0.005965
v 0.448044 1.209110 -0.028809
v 0.436333 1.317103 -0.028715
v 0.420141 1.403145 -0.028586
v 0.445058 1.209110 -0.056833
v 0.433591 1.317103 -0.054457
v 0.417734 1.403145 -0.051171
v 0.436662 1.209110 -0.083737
v 0.425878 1.317103 -0.079169
v 0.410968 1.403145 -0.072853
v 0.423179 1.209110 -0.108485
v 0.413493 1.317103 -0.101901
v 0.400101 1.403145 -0.092797
v 0.405126 1.209110 -0.130128
v 0.396912 1.317103 -0.121781
v 0.385553 1.403145 -0.110239
v 0.383199 1.209110 -0.147833
v 0.376770 1.317103 -0.138043
v 0.367881 1.403145 -0.124508
v 0.358238 1.209110 -0.160919
v 0.353843 1.317103 -0.150064
v 0.347765 1.403145 -0.135054
v 0.331204 1.209110 -0.168885
v 0.329011 1.317103 -0.157381
v 0.325978 1.403145 -0.141474
v 0.303135 1.209110 -0.171424
v 0.303229 1.317103 -0.159713
v 0.303358 1.403145 -0.143520
v 0.275111 1.209110 -0.168438
v 0.277487 1.317103 -0.156970
v 0.280773 1.403145 -0.141113
v 0.248207 1.209110 -0.160042
v 0.252775 1.317103 -0.149258
v 0.259091 1.403145 -0.134347
v 0.223459 1.209110 -0.146558
v 0.230042 1.317103 -0.136873
v 0.239146 1.403145 -0.123481
v 0.201816 1.191546 -0.128506
v 0.210163 1.317103 -0.120291
v 0.221704 1.403145 -0.108932
v 0.184111 1.191546 -0.106578
v 0.193900 1.317103 -0.100149
v 0.207436 1.403145 -0.091260
v 0.171024 1.209110 -0.081617
v 0.181880 1.317103 -0.077222
v 0.196889 1.403145 -0.071145
v 0.163059 1.209110 -0.054583
v 0.174563 1.317103 -0.052390
v 0.190470 1.403145 -0.049358
v 0.160520 1.209110 -0.026515
v 0.172231 1.317103 -0.026608
v 0.188424 1.403145 -0.026737
v 0.163506 1.209110 0.001510
v 0.174974 1.317103 -0.000866
v 0.190830 1.403145 -0.004152
v 0.171902 1.209110 0.028414
v 0.182686 1.317103 0.023846
v 0.197597 1.403145 0.017530
v 0.185386 1.209110 0.053162
v 0.195071 1.317103 0.046578
v 0.208463 1.403145 0.037475
v 0.203438 1.209110 0.074805
v 0.211653 1.317103 0.066458
v 0.223011 1.403145 0.054916
v 0.205989 1.263107 -0.124398
v 0.215934 1.360124 -0.114611
v 0.189006 1.263107 -0.103364
v 0.200668 1.360124 -0.095705
v 0.214570 1.403145 -0.100096
v 0.202032 1.317103 -0.110220
v 0.192964 1.191546 -0.117542
v 0.197498 1.263107 -0.113881
v 0.208301 1.360124 -0.105158
v 0.143668 1.201791 -0.158074
v 0.133902 1.201791 -0.145434
v 0.153433 1.201791 -0.170714
v 0.147597 1.234607 -0.174842
v 0.128862 1.234607 -0.150591
v 0.138229 1.234607 -0.162717
v 0.142009 1.302562 -0.159490
v 0.133039 1.302562 -0.147880
v 0.150978 1.302562 -0.171101
v 0.164918 1.340684 -0.158019
v 0.148079 1.340684 -0.136222
v 0.156498 1.340684 -0.147121
v 0.179193 1.347913 -0.145833
v 0.170774 1.347913 -0.134934
v 0.165326 1.309791 -0.139584
v 0.174296 1.309791 -0.151195
v 0.162354 1.347913 -0.124035
v 0.156357 1.309791 -0.127974
v 0.145757 1.222087 -0.135315
v 0.145752 1.180567 -0.135318
v 0.165282 1.180567 -0.160598
v 0.164492 1.222087 -0.159565
v 0.155124 1.222087 -0.147440
v 0.155517 1.180567 -0.147958
v 0.188221 1.355053 -0.118278
v 0.197092 1.322843 -0.131452
v 0.182488 1.322194 -0.106009
v 0.195076 1.355358 -0.130219
v 0.189790 1.322519 -0.118730
v 0.181367 1.354748 -0.106336
v 0.152700 1.267696 -0.150363
v 0.143525 1.267696 -0.138486
v 0.128657 1.267409 -0.151179
v 0.137832 1.267409 -0.163056
v 0.147007 1.267409 -0.174933
v 0.161875 1.267696 -0.162240
v 0.162269 1.174871 -0.121218
v 0.182144 1.206687 -0.145350
v 0.172034 1.174871 -0.133858
v 0.163409 1.206687 -0.121099
v 0.181799 1.174871 -0.146498
v 0.172776 1.206687 -0.133225
v 0.418702 0.361683 0.215502
v 0.353835 0.006032 0.196245
v 0.416401 0.361683 0.227440
v 0.349024 0.006032 0.221209
v 0.416474 0.361683 0.239598
v 0.349176 0.006032 0.246631
v 0.418916 0.361683 0.251508
v 0.354284 0.006032 0.271535
v 0.423636 0.361683 0.262713
v 0.364152 0.006032 0.294965
v 0.430451 0.361683 0.272781
v 0.378402 0.006032 0.316018
v 0.439099 0.361683 0.281327
v 0.396485 0.006032 0.333888
v 0.449248 0.361683 0.288022
v 0.417707 0.006032 0.347886
v 0.460508 0.361683 0.292607
v 0.441252 0.006032 0.357475
v 0.472446 0.361683 0.294908
v 0.466216 0.006032 0.362286
v 0.484604 0.361683 0.294836
v 0.491638 0.006032 0.362134
v 0.496515 0.361683 0.292393
v 0.516542 0.006032 0.357026
v 0.507719 0.361683 0.287674
v 0.539971 0.006032 0.347158
v 0.517788 0.361683 0.280859
v 0.561025 0.006032 0.332908
v 0.526334 0.361683 0.272211
v 0.578894 0.006032 0.314825
v 0.533028 0.361683 0.262062
v 0.592893 0.006032 0.293603
v 0.537614 0.361683 0.250801
v 0.602481 0.006032 0.270058
v 0.539915 0.361683 0.238863
v 0.607293 0.006032 0.245094
v 0.539842 0.361683 0.226705
v 0.607141 0.006032 0.219672
v 0.537400 0.361683 0.214795
v 0.602033 0.006032 0.194768
v 0.532680 0.361683 0.203590
v 0.592165 0.006032 0.171339
v 0.525865 0.361683 0.193521
v 0.577915 0.006032 0.150285
v 0.517217 0.361683 0.184976
v 0.559832 0.006032 0.132416
v 0.507068 0.361683 0.178281
v 0.538610 0.006032 0.118417
v 0.495808 0.361683 0.173696
v 0.515065 0.006032 0.108829
v 0.483870 0.361683 0.171395
v 0.490101 0.006032 0.104017
v 0.471712 0.361683 0.171467
v 0.464679 0.006032 0.104169
v 0.459801 0.361683 0.173910
v 0.439775 0.006032 0.109277
v 0.448597 0.361683 0.178629
v 0.416345 0.006032 0.119145
v 0.438528 0.361683 0.185444
v 0.395292 0.006032 0.133395
v 0.429982 0.361683 0.194092
v 0.377422 0.006032 0.151478
v 0.423288 0.361683 0.204241
v 0.363424 0.006032 0.172700
v 0.329832 0.006032 0.219434
v 0.335358 0.006032 0.190760
v 0.330006 0.006032 0.248634
v 0.335873 0.006032 0.277240
v 0.347208 0.006032 0.304151
v 0.363576 0.006032 0.328334
v 0.384347 0.006032 0.348859
v 0.408723 0.006032 0.364938
v 0.435767 0.006032 0.375952
v 0.464441 0.006032 0.381478
v 0.493641 0.006032 0.381304
v 0.522247 0.006032 0.375437
v 0.549158 0.006032 0.364102
v 0.573341 0.006032 0.347734
v 0.593866 0.006032 0.326963
v 0.609944 0.006032 0.302587
v 0.620959 0.006032 0.275543
v 0.626485 0.006032 0.246869
v 0.626311 0.006032 0.217669
v 0.620444 0.006032 0.189063
v 0.609108 0.006032 0.162152
v 0.592741 0.006032 0.137969
v 0.571970 0.006032 0.117444
v 0.547594 0.006032 0.101366
v 0.520550 0.006032 0.090352
v 0.491876 0.006032 0.084825
v 0.462676 0.006032 0.084999
v 0.434070 0.006032 0.090866
v 0.407159 0.006032 0.102202
v 0.382976 0.006032 0.118569
v 0.362451 0.006032 0.139340
v 0.346372 0.006032 0.163716
v 0.388468 0.338298 0.224857
v 0.391810 0.338298 0.207518
v 0.388573 0.338298 0.242514
v 0.392121 0.338298 0.259811
v 0.398975 0.338298 0.276084
v 0.408872 0.338298 0.290706
v 0.421432 0.338298 0.303117
v 0.436172 0.338298 0.312840
v 0.452525 0.338298 0.319500
v 0.469863 0.338298 0.322841
v 0.487520 0.338298 0.322736
v 0.504817 0.338298 0.319188
v 0.521090 0.338298 0.312334
v 0.535713 0.338298 0.302437
v 0.548124 0.338298 0.289877
v 0.557846 0.338298 0.275138
v 0.564506 0.338298 0.258785
v 0.567848 0.338298 0.241446
v 0.567743 0.338298 0.223789
v 0.564195 0.338298 0.206492
v 0.557341 0.338298 0.190219
v 0.547444 0.338298 0.175597
v 0.534884 0.338298 0.163186
v 0.520144 0.338298 0.153463
v 0.503791 0.338298 0.146803
v 0.486453 0.338298 0.143462
v 0.468796 0.338298 0.143567
v 0.451499 0.338298 0.147115
v 0.435226 0.338298 0.153969
v 0.420603 0.338298 0.163866
v 0.408192 0.338298 0.176426
v 0.398470 0.338298 0.191165
v 0.405782 0.376597 0.211666
v 0.402982 0.376597 0.226199
v 0.403070 0.376597 0.240999
v 0.406043 0.376597 0.255497
v 0.411788 0.376597 0.269136
v 0.420084 0.376597 0.281393
v 0.430611 0.376597 0.291796
v 0.442966 0.376597 0.299945
v 0.456673 0.376597 0.305527
v 0.471205 0.376597 0.308328
v 0.486005 0.376597 0.308240
v 0.500503 0.376597 0.305266
v 0.514143 0.376597 0.299521
v 0.526399 0.376597 0.291225
v 0.536802 0.376597 0.280698
v 0.544951 0.376597 0.268344
v 0.550533 0.376597 0.254637
v 0.553334 0.376597 0.240104
v 0.553246 0.376597 0.225304
v 0.550273 0.376597 0.210806
v 0.544528 0.376597 0.197167
v 0.536232 0.376597 0.184910
v 0.525705 0.376597 0.174507
v 0.513350 0.376597 0.166358
v 0.499643 0.376597 0.160776
v 0.485111 0.376597 0.157975
v 0.470311 0.376597 0.158063
v 0.455813 0.376597 0.161037
v 0.442173 0.376597 0.166782
v 0.429917 0.376597 0.175077
v 0.419514 0.376597 0.185605
v 0.411365 0.376597 0.197959
v 0.415797 0.376597 0.214639
v 0.413383 0.376597 0.227161
v 0.413459 0.376597 0.239913
v 0.416022 0.376597 0.252405
v 0.420972 0.376597 0.264157
v 0.428119 0.376597 0.274718
v 0.437190 0.376597 0.283681
v 0.447835 0.376597 0.290703
v 0.459646 0.376597 0.295513
v 0.472167 0.376597 0.297926
v 0.484919 0.376597 0.297850
v 0.497412 0.376597 0.295288
v 0.509164 0.376597 0.290338
v 0.519725 0.376597 0.283190
v 0.528688 0.376597 0.274119
v 0.535709 0.376597 0.263474
v 0.540519 0.376597 0.251664
v 0.542933 0.376597 0.239142
v 0.542857 0.376597 0.226390
v 0.540294 0.376597 0.213898
v 0.535344 0.376597 0.202146
v 0.528197 0.376597 0.191585
v 0.519126 0.376597 0.182622
v 0.508481 0.376597 0.175600
v 0.496670 0.376597 0.170790
v 0.484149 0.376597 0.168377
v 0.471397 0.376597 0.168453
v 0.458904 0.376597 0.171015
v 0.447152 0.376597 0.175965
v 0.436591 0.376597 0.183113
v 0.427628 0.376597 0.192184
v 0.420607 0.376597 0.202829
v 0.367087 0.291450 0.200179
v 0.351563 0.205409 0.195571
v 0.340336 0.097416 0.192238
v 0.335002 0.097416 0.219912
v 0.346664 0.205409 0.220990
v 0.362788 0.291450 0.222482
v 0.335170 0.097416 0.248095
v 0.346818 0.205409 0.246877
v 0.362924 0.291450 0.245194
v 0.340833 0.097416 0.275703
v 0.352020 0.205409 0.272237
v 0.367487 0.291450 0.267444
v 0.351773 0.097416 0.301676
v 0.362068 0.205409 0.296094
v 0.376304 0.291450 0.288376
v 0.367570 0.097416 0.325016
v 0.376579 0.205409 0.317533
v 0.389035 0.291450 0.307186
v 0.387617 0.097416 0.344826
v 0.394992 0.205409 0.335729
v 0.405190 0.291450 0.323150
v 0.411143 0.097416 0.360344
v 0.416602 0.205409 0.349983
v 0.424150 0.291450 0.335656
v 0.437245 0.097416 0.370974
v 0.440578 0.205409 0.359747
v 0.445186 0.291450 0.344223
v 0.464919 0.097416 0.376307
v 0.465997 0.205409 0.364646
v 0.467488 0.291450 0.348521
v 0.493101 0.097416 0.376140
v 0.491884 0.205409 0.364492
v 0.490201 0.291450 0.348386
v 0.520710 0.097416 0.370477
v 0.517243 0.205409 0.359290
v 0.512451 0.291450 0.343823
v 0.546683 0.097416 0.359537
v 0.541101 0.205409 0.349241
v 0.533382 0.291450 0.335006
v 0.570023 0.097416 0.343740
v 0.562540 0.205409 0.334731
v 0.552192 0.291450 0.322275
v 0.589833 0.097416 0.323693
v 0.580735 0.205409 0.316317
v 0.568157 0.291450 0.306119
v 0.605351 0.097416 0.300167
v 0.594989 0.205409 0.294708
v 0.580663 0.291450 0.287159
v 0.615981 0.097416 0.274065
v 0.604753 0.205409 0.270732
v 0.589230 0.291450 0.266124
v 0.621314 0.097416 0.246391
v 0.609653 0.205409 0.245313
v 0.593528 0.291450 0.243821
v 0.621146 0.097416 0.218208
v 0.609498 0.205409 0.219426
v 0.593393 0.291450 0.221109
v 0.615484 0.097416 0.190600
v 0.604297 0.205409 0.194066
v 0.588829 0.291450 0.198859
v 0.604544 0.097416 0.164627
v 0.594248 0.205409 0.170209
v 0.580013 0.291450 0.177927
v 0.588747 0.097416 0.141287
v 0.579738 0.205409 0.148770
v 0.567282 0.291450 0.159118
v 0.568700 0.097416 0.121477
v 0.561324 0.205409 0.130574
v 0.551126 0.291450 0.143153
v 0.545174 0.079851 0.105959
v 0.539714 0.205409 0.116321
v 0.532166 0.291450 0.130647
v 0.519072 0.079851 0.095329
v 0.515739 0.205409 0.106556
v 0.511131 0.291450 0.122080
v 0.491398 0.097416 0.089996
v 0.490319 0.205409 0.101657
v 0.488828 0.291450 0.117782
v 0.463215 0.097416 0.090163
v 0.464432 0.205409 0.101811
v 0.466116 0.291450 0.117917
v 0.435607 0.097416 0.095826
v 0.439073 0.205409 0.107013
v 0.443866 0.291450 0.122481
v 0.409634 0.097416 0.106766
v 0.415216 0.205409 0.117062
v 0.422934 0.291450 0.131297
v 0.386294 0.097416 0.122563
v 0.393777 0.205409 0.131572
v 0.404124 0.291450 0.144028
v 0.366484 0.097416 0.142610
v 0.375581 0.205409 0.149986
v 0.388160 0.291450 0.160184
v 0.350966 0.097416 0.166136
v 0.361327 0.205409 0.171595
v 0.375654 0.291450 0.179144
v 0.542444 0.151412 0.111140
v 0.535940 0.248429 0.123484
v 0.517406 0.151412 0.100943
v 0.513435 0.248429 0.114318
v 0.521648 0.291450 0.126364
v 0.527727 0.205409 0.111438
v 0.532123 0.079851 0.100644
v 0.529925 0.151412 0.106041
v 0.524687 0.248429 0.118901
v 0.556719 0.090097 0.041755
v 0.541800 0.090097 0.036049
v 0.571638 0.090097 0.047460
v 0.573908 0.122913 0.040682
v 0.545285 0.122913 0.029736
v 0.559597 0.122913 0.035209
v 0.557597 0.190867 0.039758
v 0.543893 0.190867 0.034517
v 0.571301 0.190867 0.044999
v 0.562794 0.228989 0.062118
v 0.537067 0.228989 0.052279
v 0.549931 0.228989 0.057199
v 0.555241 0.236219 0.079301
v 0.542378 0.236219 0.074382
v 0.545260 0.198097 0.067825
v 0.558964 0.198097 0.073066
v 0.529514 0.236219 0.069462
v 0.531556 0.198097 0.062585
v 0.535529 0.110392 0.050318
v 0.535531 0.068873 0.050313
v 0.565369 0.068873 0.061724
v 0.564152 0.110392 0.061265
v 0.549840 0.110392 0.055791
v 0.550450 0.068873 0.056018
v 0.531460 0.243358 0.095891
v 0.546632 0.211149 0.100587
v 0.518059 0.210500 0.093940
v 0.544871 0.243663 0.099011
v 0.532346 0.210824 0.097263
v 0.518049 0.243054 0.092771
v 0.551940 0.156001 0.052627
v 0.537922 0.156001 0.047266
v 0.545789 0.155715 0.029370
v 0.559807 0.155715 0.034731
v 0.573825 0.155715 0.040092
v 0.565958 0.156001 0.057988
v 0.526792 0.063177 0.070193
v 0.555630 0.094992 0.082266
v 0.541711 0.063177 0.075899
v 0.527007 0.094992 0.071319
v 0.556630 0.063177 0.081605
v 0.541318 0.094992 0.076792
v 0.418702 0.584022 0.215501
v 0.353835 0.228371 0.196245
v 0.416401 0.584022 0.227440
v 0.349024 0.228371 0.221209
v 0.416473 0.584022 0.239598
v 0.349175 0.228371 0.246631
v 0.418916 0.584022 0.251508
v 0.354283 0.228371 0.271535
v 0.423636 0.584022 0.262713
v 0.364152 0.228371 0.294965
v 0.430451 0.584022 0.272781
v 0.378402 0.228371 0.316018
v 0.439099 0.584022 0.281327
v 0.396485 0.228371 0.333888
v 0.449248 0.584022 0.288022
v 0.417707 0.228371 0.347886
v 0.460508 0.584022 0.292607
v 0.441252 0.228371 0.357475
v 0.472446 0.584022 0.294908
v 0.466215 0.228371 0.362286
v 0.484604 0.584022 0.294836
v 0.491638 0.228371 0.362134
v 0.496514 0.584022 0.292393
v 0.516542 0.228371 0.357026
v 0.507719 0.584022 0.287673
v 0.539971 0.228371 0.347158
v 0.517788 0.584022 0.280859
v 0.561025 0.228371 0.332908
v 0.526334 0.584022 0.272211
v 0.578894 0.228371 0.314825
v 0.533028 0.584022 0.262061
v 0.592892 0.228371 0.293603
v 0.537614 0.584022 0.250801
v 0.602481 0.228371 0.270058
v 0.539915 0.584022 0.238863
v 0.607292 0.228371 0.245094
v 0.539842 0.584022 0.226705
v 0.607141 0.228371 0.219672
v 0.537399 0.584022 0.214795
v 0.602033 0.228371 0.194768
v 0.532680 0.584022 0.203590
v 0.592165 0.228371 0.171339
v 0.525865 0.584022 0.193521
v 0.577915 0.228371 0.150285
v 0.517217 0.584022 0.184976
v 0.559832 0.228371 0.132415
v 0.507068 0.584022 0.178281
v 0.538610 0.228371 0.118417
v 0.495808 0.584022 0.173696
v 0.515064 0.228371 0.108829
v 0.483869 0.584022 0.171395
v 0.490101 0.228371 0.104017
v 0.471711 0.584022 0.171467
v 0.464679 0.228371 0.104169
v 0.459801 0.584022 0.173910
v 0.439775 0.228371 0.109277
v 0.448597 0.584022 0.178629
v 0.416345 0.228371 0.119145
v 0.438528 0.584022 0.185444
v 0.395291 0.228371 0.133395
v 0.429982 0.584022 0.194092
v 0.377422 0.228371 0.151478
v 0.423288 0.584022 0.204241
v 0.363424 0.228371 0.172700
v 0.329832 0.228371 0.219434
v 0.335358 0.228371 0.190760
v 0.330006 0.228371 0.248634
v 0.335873 0.228371 0.277240
v 0.347208 0.228371 0.304151
v 0.363576 0.228371 0.328334
v 0.384347 0.228371 0.348859
v 0.408723 0.228371 0.364938
v 0.435767 0.228371 0.375952
v 0.464440 0.228371 0.381478
v 0.493641 0.228371 0.381304
v 0.522247 0.228371 0.375437
v 0.549158 0.228371 0.364102
v 0.573341 0.228371 0.347734
v 0.593866 0.228371 0.326963
v 0.609944 0.228371 0.302587
v 0.620958 0.228371 0.275543
v 0.626485 0.228371 0.246869
v 0.626311 0.228371 0.217669
v 0.620443 0.228371 0.189063
v 0.609108 0.228371 0.162152
v 0.592741 0.228371 0.137969
v 0.571970 0.228371 0.117444
v 0.547594 0.228371 0.101365
v 0.520550 0.228371 0.090351
v 0.491876 0.228371 0.084825
v 0.462675 0.228371 0.084999
v 0.434070 0.228371 0.090866
v 0.407159 0.228371 0.102201
v 0.382976 0.228371 0.118569
v 0.362451 0.228371 0.139340
v 0.346372 0.228371 0.163716
v 0.388468 0.560637 0.224857
v 0.391810 0.560637 0.207518
v 0.388573 0.560637 0.242514
v 0.392121 0.560637 0.259811
v 0.398975 0.560637 0.276084
v 0.408872 0.560637 0.290706
v 0.421432 0.560637 0.303117
v 0.436172 0.560637 0.312840
v 0.452525 0.560637 0.319500
v 0.469863 0.560637 0.322841
v 0.487520 0.560637 0.322736
v 0.504817 0.560637 0.319188
v 0.521090 0.560637 0.312334
v 0.535713 0.560637 0.302437
v 0.548124 0.560637 0.289877
v 0.557846 0.560637 0.275138
v 0.564506 0.560637 0.258785
v 0.567848 0.560637 0.241446
v 0.567743 0.560637 0.223789
v 0.564195 0.560637 0.206492
v 0.557341 0.560637 0.190219
v 0.547444 0.560637 0.175597
v 0.534884 0.560637 0.163185
v 0.520144 0.560637 0.153463
v 0.503791 0.560637 0.146803
v 0.486453 0.560637 0.143462
v 0.468796 0.560637 0.143567
v 0.451499 0.560637 0.147115
v 0.435226 0.560637 0.153969
v 0.420603 0.560637 0.163866
v 0.408192 0.560637 0.176425
v 0.398470 0.560637 0.191165
v 0.405782 0.598936 0.211666
v 0.402981 0.598936 0.226199
v 0.403070 0.598936 0.240999
v 0.406043 0.598936 0.255497
v 0.411788 0.598936 0.269136
v 0.420084 0.598936 0.281393
v 0.430611 0.598936 0.291796
v 0.442966 0.598936 0.299945
v 0.456673 0.598936 0.305527
v 0.471205 0.598936 0.308328
v 0.486005 0.598936 0.308240
v 0.500503 0.598936 0.305266
v 0.514143 0.598936 0.299521
v 0.526399 0.598936 0.291225
v 0.536802 0.598936 0.280698
v 0.544951 0.598936 0.268344
v 0.550533 0.598936 0.254637
v 0.553334 0.598936 0.240104
v 0.553246 0.598936 0.225304
v 0.550272 0.598936 0.210806
v 0.544527 0.598936 0.197167
v 0.536232 0.598936 0.184910
v 0.525704 0.598936 0.174507
v 0.513350 0.598936 0.166358
v 0.499643 0.598936 0.160776
v 0.485110 0.598936 0.157975
v 0.470311 0.598936 0.158063
v 0.455812 0.598936 0.161037
v 0.442173 0.598936 0.166782
v 0.429916 0.598936 0.175077
v 0.419514 0.598936 0.185605
v 0.411365 0.598936 0.197959
v 0.415797 0.598936 0.214639
v 0.413383 0.598936 0.227161
v 0.413459 0.598936 0.239913
v 0.416021 0.598936 0.252405
v 0.420972 0.598936 0.264157
v 0.428119 0.598936 0.274718
v 0.437190 0.598936 0.283681
v 0.447835 0.598936 0.290703
v 0.459645 0.598936 0.295513
v 0.472167 0.598936 0.297926
v 0.484919 0.598936 0.297850
v 0.497411 0.598936 0.295288
v 0.509164 0.598936 0.290338
v 0.519724 0.598936 0.283190
v 0.528688 0.598936 0.274119
v 0.535709 0.598936 0.263474
v 0.540519 0.598936 0.251664
v 0.542932 0.598936 0.239142
v 0.542857 0.598936 0.226390
v 0.540294 0.598936 0.213898
v 0.535344 0.598936 0.202146
v 0.528196 0.598936 0.191585
v 0.519126 0.598936 0.182621
v 0.508481 0.598936 0.175600
v 0.496670 0.598936 0.170790
v 0.484148 0.598936 0.168377
v 0.471396 0.598936 0.168453
v 0.458904 0.598936 0.171015
v 0.447152 0.598936 0.175965
v 0.436591 0.598936 0.183113
v 0.427628 0.598936 0.192184
v 0.420606 0.598936 0.202829
v 0.367087 0.513789 0.200179
v 0.351563 0.427747 0.195571
v 0.340336 0.319755 0.192238
v 0.335002 0.319755 0.219912
v 0.346664 0.427747 0.220990
v 0.362788 0.513789 0.222482
v 0.335170 0.319755 0.248095
v 0.346818 0.427747 0.246877
v 0.362923 0.513789 0.245194
v 0.340833 0.319755 0.275703
v 0.352019 0.427747 0.272237
v 0.367487 0.513789 0.267444
v 0.351773 0.319755 0.301676
v 0.362068 0.427747 0.296094
v 0.376304 0.513789 0.288376
v 0.367570 0.319755 0.325016
v 0.376578 0.427748 0.317533
v 0.389034 0.513789 0.307185
v 0.387617 0.319755 0.344826
v 0.394992 0.427748 0.335729
v 0.405190 0.513789 0.323150
v 0.411143 0.319755 0.360344
v 0.416602 0.427748 0.349982
v 0.424150 0.513789 0.335656
v 0.437245 0.319755 0.370974
v 0.440577 0.427748 0.359747
v 0.445186 0.513789 0.344223
v 0.464918 0.319755 0.376307
v 0.465997 0.427748 0.364646
v 0.467488 0.513789 0.348521
v 0.493101 0.319755 0.376140
v 0.491884 0.427748 0.364492
v 0.490201 0.513789 0.348386
v 0.520710 0.319755 0.370477
v 0.517243 0.427748 0.359290
v 0.512450 0.513789 0.343822
v 0.546683 0.319755 0.359537
v 0.541101 0.427748 0.349241
v 0.533382 0.513789 0.335006
v 0.570023 0.319755 0.343740
v 0.562539 0.427748 0.334731
v 0.552192 0.513789 0.322275
v 0.589832 0.319755 0.323693
v 0.580735 0.427748 0.316317
v 0.568157 0.513789 0.306119
v 0.605350 0.319755 0.300167
v 0.594989 0.427748 0.294708
v 0.580663 0.513789 0.287159
v 0.615980 0.319755 0.274065
v 0.604753 0.427748 0.270732
v 0.589229 0.513789 0.266124
v 0.621314 0.319755 0.246391
v 0.609652 0.427748 0.245313
v 0.593528 0.513789 0.243821
v 0.621146 0.319755 0.218208
v 0.609498 0.427748 0.219426
v 0.593393 0.513789 0.221109
v 0.615484 0.319755 0.190600
v 0.604297 0.427748 0.194066
v 0.588829 0.513789 0.198859
v 0.604544 0.319755 0.164627
v 0.594248 0.427748 0.170209
v 0.580012 0.513789 0.177927
v 0.588747 0.319755 0.141287
v 0.579738 0.427748 0.148770
v 0.567282 0.513789 0.159117
v 0.568700 0.319755 0.121477
v 0.561324 0.427748 0.130574
v 0.551126 0.513789 0.143153
v 0.545173 0.302190 0.105959
v 0.539714 0.427748 0.116320
v 0.532166 0.513789 0.130647
v 0.519072 0.302190 0.095329
v 0.515739 0.427748 0.106556
v 0.511130 0.513789 0.122080
v 0.491398 0.319755 0.089996
v 0.490319 0.427748 0.101657
v 0.488828 0.513789 0.117782
v 0.463215 0.319755 0.090163
v 0.464432 0.427748 0.101811
v 0.466115 0.513789 0.117917
v 0.435607 0.319755 0.095826
v 0.439073 0.427748 0.107013
v 0.443866 0.513789 0.122480
v 0.409633 0.319755 0.106766
v 0.415215 0.427748 0.117062
v 0.422934 0.513789 0.131297
v 0.386294 0.319755 0.122563
v 0.393777 0.427747 0.131572
v 0.404124 0.513789 0.144028
v 0.366484 0.319755 0.142610
v 0.375581 0.427747 0.149986
v 0.388159 0.513789 0.160184
v 0.350966 0.319755 0.166136
v 0.361327 0.427747 0.171595
v 0.375653 0.513789 0.179144
v 0.542444 0.373751 0.111140
v 0.535940 0.470768 0.123484
v 0.517405 0.373751 0.100943
v 0.513435 0.470768 0.114318
v 0.521648 0.513789 0.126363
v 0.527727 0.427748 0.111438
v 0.532123 0.302190 0.100644
v 0.529925 0.373751 0.106041
v 0.524687 0.470768 0.118901
v 0.556719 0.312436 0.041755
v 0.541800 0.312436 0.036049
v 0.571638 0.312436 0.047460
v 0.573908 0.345252 0.040682
v 0.545285 0.345252 0.029736
v 0.559596 0.345252 0.035209
v 0.557597 0.413206 0.039758
v 0.543893 0.413206 0.034517
v 0.571300 0.413206 0.044999
v 0.562794 0.451328 0.062118
v 0.537067 0.451328 0.052279
v 0.549930 0.451328 0.057199
v 0.555241 0.458557 0.079301
v 0.542378 0.458557 0.074382
v 0.545260 0.420436 0.067825
v 0.558963 0.420436 0.073066
v 0.529514 0.458557 0.069462
v 0.531556 0.420436 0.062584
v 0.535529 0.332731 0.050318
v 0.535530 0.291211 0.050313
v 0.565369 0.291212 0.061724
v 0.564152 0.332731 0.061265
v 0.549840 0.332731 0.055791
v 0.550450 0.291212 0.056018
v 0.531460 0.465697 0.095891
v 0.546632 0.433488 0.100587
v 0.518059 0.432838 0.093940
v 0.544870 0.466002 0.099011
v 0.532345 0.433163 0.097263
v 0.518049 0.465393 0.092771
v 0.551940 0.378340 0.052627
v 0.537922 0.378340 0.047266
v 0.545788 0.378054 0.029369
v 0.559807 0.378054 0.034731
v 0.573825 0.378054 0.040092
v 0.565958 0.378340 0.057988
v 0.526792 0.285515 0.070193
v 0.555630 0.317331 0.082266
v 0.541711 0.285515 0.075899
v 0.527007 0.317331 0.071319
v 0.556630 0.285515 0.081605
v 0.541318 0.317331 0.076792
vn 0.0979 0.0565 0.9936
vn 0.2898 0.0565 0.9554
vn 0.4706 0.0565 0.8805
vn 0.6334 0.0565 0.7718
vn 0.7718 0.0565 0.6334
vn 0.8805 0.0565 0.4706
vn 0.9554 0.0565 0.2898
vn 0.9936 0.0565 0.0979
vn 0.9936 0.0565 -0.0979
vn 0.9554 0.0565 -0.2898
vn 0.8805 0.0565 -0.4706
vn 0.7718 0.0565 -0.6334
vn 0.6334 0.0565 -0.7718
vn 0.4706 0.0565 -0.8805
vn 0.2898 0.0565 -0.9554
vn 0.0979 0.0565 -0.9936
vn -0.0979 0.0565 -0.9936
vn -0.2898 0.0565 -0.9554
vn -0.4706 0.0565 -0.8805
vn -0.6334 0.0565 -0.7718
vn -0.7718 0.0565 -0.6334
vn -0.8805 0.0565 -0.4706
vn -0.9650 0.0562 -0.2561
vn -0.9928 0.0698 -0.0978
vn -0.9964 0.0562 0.0629
vn -0.9554 0.0565 0.2898
vn -0.8805 0.0565 0.4706
vn -0.7718 0.0565 0.6334
vn -0.6334 0.0565 0.7718
vn -0.4706 0.0565 0.8805
vn 0.9503 -0.1178 -0.2883
vn -0.2898 0.0565 0.9554
vn -0.0979 0.0565 0.9936
vn -0.0000 1.0000 -0.0000
vn -0.0000 -1.0000 -0.0000
vn -0.6300 -0.1178 0.7676
vn 0.8758 -0.1178 -0.4681
vn -0.4681 -0.1178 0.8758
vn -0.0973 -0.1178 -0.9883
vn 0.7676 -0.1178 -0.6300
vn -0.2883 -0.1178 0.9503
vn -0.2883 -0.1178 -0.9503
vn 0.6300 -0.1178 -0.7676
vn -0.0973 -0.1178 0.9883
vn -0.4681 -0.1178 -0.8758
vn 0.4681 -0.1178 -0.8758
vn 0.0973 -0.1178 0.9883
vn -0.6300 -0.1178 -0.7676
vn 0.2883 -0.1178 -0.9503
vn 0.2883 -0.1178 0.9503
vn -0.7676 -0.1178 -0.6300
vn 0.0973 -0.1178 -0.9883
vn 0.4681 -0.1178 0.8758
vn -0.8758 -0.1178 -0.4681
vn 0.6300 -0.1178 0.7676
vn -0.9503 -0.1178 -0.2883
vn 0.7676 -0.1178 0.6300
vn -0.9883 -0.1178 -0.0973
vn 0.8758 -0.1178 0.4681
vn -0.9883 -0.1178 0.0973
vn 0.9503 -0.1178 0.2883
vn -0.9503 -0.1178 0.2883
vn 0.9883 -0.1178 0.0973
vn -0.8758 -0.1178 0.4681
vn 0.9883 -0.1178 -0.0973
vn -0.7676 -0.1178 0.6300
vn -0.0961 0.1982 -0.9754
vn -0.2845 0.1982 -0.9380
vn -0.4620 0.1982 -0.8644
vn -0.6218 0.1982 -0.7577
vn -0.7577 0.1982 -0.6218
vn -0.8644 0.1982 -0.4620
vn -0.9380 0.1982 -0.2845
vn -0.9754 0.1982 -0.0961
vn -0.9754 0.1982 0.0961
vn -0.9380 0.1982 0.2845
vn -0.8644 0.1982 0.4620
vn -0.7577 0.1982 0.6218
vn -0.6218 0.1982 0.7577
vn -0.4620 0.1982 0.8644
vn -0.2845 0.1982 0.9380
vn -0.0961 0.1982 0.9754
vn 0.0961 0.1982 0.9754
vn 0.2845 0.1982 0.9380
vn 0.4620 0.1982 0.8644
vn 0.6218 0.1982 0.7577
vn 0.7577 0.1982 0.6218
vn 0.8644 0.1982 0.4620
vn 0.9380 0.1982 0.2845
vn 0.9754 0.1982 0.0961
vn 0.9754 0.1982 -0.0961
vn 0.9380 0.1982 -0.2845
vn 0.8644 0.1982 -0.4620
vn 0.7577 0.1982 -0.6218
vn 0.6218 0.1982 -0.7577
vn 0.4620 0.1982 -0.8644
vn 0.2845 0.1982 -0.9380
vn 0.0961 0.1982 -0.9754
vn -0.0886 0.4267 0.9000
vn -0.0963 0.1841 0.9782
vn -0.0975 0.1073 0.9894
vn -0.2625 0.4267 0.8655
vn -0.2853 0.1841 0.9406
vn -0.2886 0.1073 0.9514
vn -0.4263 0.4267 0.7976
vn -0.4633 0.1841 0.8668
vn -0.4687 0.1073 0.8768
vn -0.5737 0.4267 0.6991
vn -0.6236 0.1841 0.7598
vn -0.6307 0.1073 0.7685
vn -0.6991 0.4267 0.5737
vn -0.7598 0.1841 0.6236
vn -0.7685 0.1073 0.6307
vn -0.7976 0.4267 0.4263
vn -0.8668 0.1841 0.4633
vn -0.8768 0.1073 0.4687
vn -0.8655 0.4267 0.2625
vn -0.9406 0.1841 0.2853
vn -0.9514 0.1073 0.2886
vn -0.9000 0.4267 0.0886
vn -0.9782 0.1841 0.0963
vn -0.9894 0.1073 0.0975
vn -0.9000 0.4267 -0.0886
vn -0.9851 0.1542 -0.0757
vn -0.8655 0.4267 -0.2625
vn -0.9406 0.1841 -0.2853
vn -0.9514 0.1073 -0.2886
vn -0.7976 0.4267 -0.4263
vn -0.8668 0.1841 -0.4633
vn -0.8768 0.1073 -0.4687
vn -0.6991 0.4267 -0.5737
vn -0.7598 0.1841 -0.6236
vn -0.7685 0.1073 -0.6307
vn -0.5737 0.4267 -0.6991
vn -0.6236 0.1841 -0.7598
vn -0.6307 0.1073 -0.7685
vn -0.4263 0.4267 -0.7976
vn -0.4633 0.1841 -0.8668
vn -0.4687 0.1073 -0.8768
vn -0.2625 0.4267 -0.8655
vn -0.2853 0.1841 -0.9406
vn -0.2886 0.1073 -0.9514
vn -0.0886 0.4267 -0.9000
vn -0.0963 0.1841 -0.9782
vn -0.0975 0.1073 -0.9894
vn 0.0886 0.4267 -0.9000
vn 0.0963 0.1841 -0.9782
vn 0.0975 0.1073 -0.9894
vn 0.2625 0.4267 -0.8655
vn 0.2853 0.1841 -0.9406
vn 0.2886 0.1073 -0.9514
vn 0.4263 0.4267 -0.7976
vn 0.4633 0.1841 -0.8668
vn 0.4687 0.1073 -0.8768
vn 0.5737 0.4267 -0.6991
vn 0.6236 0.1841 -0.7598
vn 0.6307 0.1073 -0.7685
vn 0.6991 0.4267 -0.5737
vn 0.7598 0.1841 -0.6236
vn 0.7685 0.1073 -0.6307
vn 0.7976 0.4267 -0.4263
vn 0.8668 0.1841 -0.4633
vn 0.8768 0.1073 -0.4687
vn 0.8655 0.4267 -0.2625
vn 0.9406 0.1841 -0.2853
vn 0.9514 0.1073 -0.2886
vn 0.9000 0.4267 -0.0886
vn 0.9782 0.1841 -0.0963
vn 0.9894 0.1073 -0.0975
vn 0.9000 0.4267 0.0886
vn 0.9782 0.1841 0.0963
vn 0.9894 0.1073 0.0975
vn 0.8655 0.4267 0.2625
vn 0.9406 0.1841 0.2853
vn 0.9514 0.1073 0.2886
vn 0.7976 0.4267 0.4263
vn 0.8668 0.1841 0.4633
vn 0.8768 0.1073 0.4687
vn 0.6991 0.4267 0.5737
vn 0.7598 0.1841 0.6236
vn 0.7685 0.1073 0.6307
vn 0.5737 0.4267 0.6991
vn 0.6236 0.1841 0.7598
vn 0.6307 0.1073 0.7685
vn 0.4263 0.4267 0.7976
vn 0.4633 0.1841 0.8668
vn 0.4687 0.1073 0.8768
vn 0.2625 0.4267 0.8655
vn 0.2853 0.1841 0.9406
vn 0.2886 0.1073 0.9514
vn 0.0886 0.4267 0.9000
vn 0.0963 0.1841 0.9782
vn 0.0975 0.1073 0.9894
vn -0.9894 0.1073 -0.0975
vn -0.3587 0.9330 -0.0276
vn 0.1694 0.0295 -0.9851
vn -0.1252 -0.0000 0.9921
vn -0.9782 0.1841 -0.0963
vn -0.9743 -0.2127 -0.0749
vn -0.8041 -0.5913 -0.0618
vn -0.1254 0.0096 0.9921
vn -0.8921 0.4466 -0.0686
vn -0.1314 0.0267 0.9910
vn 0.1155 0.0254 -0.9930
vn 0.9277 -0.3665 0.0713
vn 0.3674 -0.9296 0.0282
vn -0.2636 0.9639 0.0372
vn 0.1711 0.0699 -0.9828
vn -0.1262 0.0237 0.9917
vn -0.2945 0.9549 0.0389
vn 0.3965 -0.9175 0.0305
vn -0.2532 -0.9672 -0.0195
vn 0.5604 0.8271 0.0431
vn -0.1199 0.0203 0.9926
vn 0.1179 0.0313 -0.9925
vn 0.1251 0.0096 -0.9921
vn -0.3188 -0.9478 -0.0019
vn -0.2069 0.9782 -0.0204
vn 0.1038 -0.0069 0.9946
vn 0.0565 0.0262 -0.9981
vn -0.2349 0.9714 0.0356
vn -0.3405 -0.9396 -0.0335
vn 0.9938 0.0810 0.0764
vn 0.1232 0.0088 -0.9923
vn -0.1427 0.0196 0.9896
vn -0.9969 -0.0159 -0.0766
vn 0.1298 0.0054 -0.9915
vn -0.0203 0.0172 0.9996
vn -0.8732 0.4827 -0.0671
vn 0.5295 -0.8467 0.0522
vn -0.8697 0.4861 -0.0857
vn 0.5262 -0.8494 0.0404
vn -0.2945 0.9549 0.0388
vn -0.7598 0.1841 0.6235
vn -0.9379 0.1982 -0.2845
vn -0.6235 0.1841 0.7598
vn 0.6235 0.1841 0.7598
vn -0.2944 0.9549 0.0389
vn -0.8644 0.1982 0.4621
vn -0.0887 0.4267 0.9000
vn 0.7278 0.0565 0.6835
vn 0.8472 0.0565 0.5283
vn 0.9340 0.0565 0.3529
vn 0.9849 0.0565 0.1639
vn 0.9979 0.0565 -0.0314
vn 0.9726 0.0565 -0.2254
vn 0.9099 0.0565 -0.4109
vn 0.8123 0.0565 -0.5805
vn 0.6835 0.0565 -0.7278
vn 0.5283 0.0565 -0.8472
vn 0.3529 0.0565 -0.9340
vn 0.1639 0.0565 -0.9849
vn -0.0314 0.0565 -0.9979
vn -0.2254 0.0565 -0.9726
vn -0.4109 0.0565 -0.9099
vn -0.5805 0.0565 -0.8123
vn -0.7278 0.0565 -0.6835
vn -0.8472 0.0565 -0.5283
vn -0.9340 0.0565 -0.3529
vn -0.9849 0.0565 -0.1639
vn -0.9979 0.0565 0.0314
vn -0.9726 0.0565 0.2254
vn -0.8950 0.0562 0.4426
vn -0.8116 0.0698 0.5800
vn -0.7086 0.0562 0.7034
vn -0.5283 0.0565 0.8472
vn -0.3529 0.0565 0.9340
vn -0.1639 0.0565 0.9849
vn 0.0314 0.0565 0.9979
vn 0.2254 0.0565 0.9726
vn 0.5255 -0.1178 -0.8426
vn 0.4109 0.0565 0.9099
vn 0.5805 0.0565 0.8123
vn 0.0312 -0.1178 0.9925
vn 0.3510 -0.1178 -0.9289
vn 0.2242 -0.1178 0.9674
vn -0.7239 -0.1178 -0.6798
vn 0.1630 -0.1178 -0.9796
vn 0.4087 -0.1178 0.9051
vn -0.8426 -0.1178 -0.5255
vn -0.0312 -0.1178 -0.9925
vn 0.5774 -0.1178 0.8079
vn -0.9289 -0.1178 -0.3510
vn -0.2242 -0.1178 -0.9674
vn 0.7239 -0.1178 0.6798
vn -0.9796 -0.1178 -0.1630
vn -0.4087 -0.1178 -0.9051
vn 0.8426 -0.1178 0.5255
vn -0.9925 -0.1178 0.0312
vn -0.5774 -0.1178 -0.8079
vn 0.9289 -0.1178 0.3510
vn -0.9674 -0.1178 0.2242
vn 0.9796 -0.1178 0.1630
vn -0.9051 -0.1178 0.4087
vn 0.9925 -0.1178 -0.0312
vn -0.8079 -0.1178 0.5774
vn 0.9674 -0.1178 -0.2242
vn -0.6798 -0.1178 0.7239
vn 0.9051 -0.1178 -0.4087
vn -0.5255 -0.1178 0.8426
vn 0.8079 -0.1178 -0.5774
vn -0.3510 -0.1178 0.9289
vn 0.6798 -0.1178 -0.7239
vn -0.1630 -0.1178 0.9796
vn -0.7145 0.1982 -0.6710
vn -0.8317 0.1982 -0.5187
vn -0.9169 0.1982 -0.3465
vn -0.9669 0.1982 -0.1609
vn -0.9797 0.1982 0.0308
vn -0.9548 0.1982 0.2213
vn -0.8933 0.1982 0.4034
vn -0.7975 0.1982 0.5699
vn -0.6710 0.1982 0.7145
vn -0.5187 0.1982 0.8317
vn -0.3465 0.1982 0.9169
vn -0.1609 0.1982 0.9669
vn 0.0308 0.1982 0.9797
vn 0.2213 0.1982 0.9548
vn 0.4034 0.1982 0.8933
vn 0.5699 0.1982 0.7975
vn 0.7145 0.1982 0.6710
vn 0.8317 0.1982 0.5187
vn 0.9169 0.1982 0.3465
vn 0.9669 0.1982 0.1609
vn 0.9797 0.1982 -0.0308
vn 0.9548 0.1982 -0.2213
vn 0.8933 0.1982 -0.4034
vn 0.7975 0.1982 -0.5699
vn 0.6710 0.1982 -0.7145
vn 0.5187 0.1982 -0.8317
vn 0.3465 0.1982 -0.9169
vn 0.1609 0.1982 -0.9669
vn -0.0308 0.1982 -0.9797
vn -0.2213 0.1982 -0.9548
vn -0.4034 0.1982 -0.8933
vn -0.5699 0.1982 -0.7975
vn 0.5258 0.4267 0.7358
vn 0.5715 0.1841 0.7997
vn 0.5781 0.1073 0.8089
vn 0.3722 0.4267 0.8243
vn 0.4045 0.1841 0.8958
vn 0.4091 0.1073 0.9061
vn 0.2042 0.4267 0.8810
vn 0.2219 0.1841 0.9575
vn 0.2245 0.1073 0.9685
vn 0.0284 0.4267 0.9040
vn 0.0309 0.1841 0.9824
vn 0.0312 0.1073 0.9937
vn -0.1485 0.4267 0.8921
vn -0.1614 0.1841 0.9696
vn -0.1632 0.1073 0.9807
vn -0.3197 0.4267 0.8460
vn -0.3474 0.1841 0.9195
vn -0.3514 0.1073 0.9300
vn -0.4786 0.4267 0.7674
vn -0.5201 0.1841 0.8340
vn -0.5261 0.1073 0.8436
vn -0.6191 0.4267 0.6593
vn -0.6728 0.1841 0.7165
vn -0.6806 0.1073 0.7248
vn -0.7358 0.4267 0.5258
vn -0.7914 0.1542 0.5916
vn -0.8243 0.4267 0.3722
vn -0.8958 0.1841 0.4045
vn -0.9061 0.1073 0.4091
vn -0.8810 0.4267 0.2042
vn -0.9575 0.1841 0.2219
vn -0.9685 0.1073 0.2245
vn -0.9040 0.4267 0.0284
vn -0.9824 0.1841 0.0309
vn -0.9937 0.1073 0.0312
vn -0.8921 0.4267 -0.1485
vn -0.9696 0.1841 -0.1614
vn -0.9807 0.1073 -0.1632
vn -0.8460 0.4267 -0.3197
vn -0.9195 0.1841 -0.3474
vn -0.9300 0.1073 -0.3514
vn -0.7674 0.4267 -0.4786
vn -0.8340 0.1841 -0.5201
vn -0.8436 0.1073 -0.5261
vn -0.6593 0.4267 -0.6191
vn -0.7165 0.1841 -0.6728
vn -0.7248 0.1073 -0.6806
vn -0.5258 0.4267 -0.7358
vn -0.5715 0.1841 -0.7997
vn -0.5781 0.1073 -0.8089
vn -0.3722 0.4267 -0.8243
vn -0.4045 0.1841 -0.8958
vn -0.4091 0.1073 -0.9061
vn -0.2042 0.4267 -0.8810
vn -0.2219 0.1841 -0.9575
vn -0.2245 0.1073 -0.9685
vn -0.0284 0.4267 -0.9040
vn -0.0309 0.1841 -0.9824
vn -0.0312 0.1073 -0.9937
vn 0.1485 0.4267 -0.8921
vn 0.1614 0.1841 -0.9696
vn 0.1632 0.1073 -0.9807
vn 0.3197 0.4267 -0.8460
vn 0.3474 0.1841 -0.9195
vn 0.3514 0.1073 -0.9300
vn 0.4786 0.4267 -0.7674
vn 0.5201 0.1841 -0.8340
vn 0.5261 0.1073 -0.8436
vn 0.6191 0.4267 -0.6593
vn 0.6728 0.1841 -0.7165
vn 0.6806 0.1073 -0.7248
vn 0.7358 0.4267 -0.5258
vn 0.7997 0.1841 -0.5715
vn 0.8089 0.1073 -0.5781
vn 0.8243 0.4267 -0.3722
vn 0.8958 0.1841 -0.4045
vn 0.9061 0.1073 -0.4091
vn 0.8810 0.4267 -0.2042
vn 0.9575 0.1841 -0.2219
vn 0.9685 0.1073 -0.2245
vn 0.9040 0.4267 -0.0284
vn 0.9824 0.1841 -0.0309
vn 0.9937 0.1073 -0.0312
vn 0.8921 0.4267 0.1485
vn 0.9696 0.1841 0.1614
vn 0.9807 0.1073 0.1632
vn 0.8460 0.4267 0.3197
vn 0.9195 0.1841 0.3474
vn 0.9300 0.1073 0.3514
vn 0.7674 0.4267 0.4786
vn 0.8340 0.1841 0.5201
vn 0.8436 0.1073 0.5261
vn 0.6593 0.4267 0.6191
vn 0.7165 0.1841 0.6728
vn 0.7248 0.1073 0.6806
vn -0.8089 0.1073 0.5781
vn -0.2882 0.9330 0.2154
vn -0.5211 0.0295 -0.8530
vn 0.5589 -0.0000 0.8292
vn -0.7997 0.1841 0.5715
vn -0.7826 -0.2127 0.5851
vn -0.6459 -0.5913 0.4829
vn 0.5588 0.0096 0.8293
vn -0.7166 0.4466 0.5357
vn 0.5535 0.0267 0.8324
vn -0.5668 0.0254 -0.8234
vn 0.7452 -0.3665 -0.5571
vn 0.2951 -0.9296 -0.2206
vn -0.1739 0.9639 0.2016
vn -0.5182 0.0699 -0.8524
vn 0.5580 0.0237 0.8295
vn -0.1961 0.9549 0.2231
vn 0.3185 -0.9175 -0.2381
vn -0.2034 -0.9672 0.1521
vn 0.4502 0.8271 -0.3366
vn 0.5632 0.0203 0.8261
vn -0.5647 0.0313 -0.8247
vn -0.5590 0.0096 -0.8291
vn -0.2412 -0.9478 0.2085
vn -0.1691 0.9782 0.1209
vn 0.7329 -0.0069 0.6803
vn -0.6146 0.0262 -0.7884
vn -0.1534 0.9714 0.1815
vn -0.2784 -0.9396 0.1990
vn 0.7983 0.0810 -0.5968
vn -0.5606 0.0088 -0.8280
vn 0.5441 0.0196 0.8388
vn -0.8008 -0.0159 0.5987
vn -0.5551 0.0054 -0.8318
vn 0.6428 0.0172 0.7658
vn -0.7014 0.4827 0.5244
vn 0.4329 -0.8467 -0.3094
vn -0.7110 0.4861 0.5081
vn 0.4227 -0.8494 -0.3160
vn -0.4636 0.0565 0.8842
vn -0.2822 0.0565 0.9577
vn -0.0899 0.0565 0.9943
vn 0.1058 0.0565 0.9928
vn 0.2974 0.0565 0.9531
vn 0.4777 0.0565 0.8767
vn 0.6395 0.0565 0.7667
vn 0.7768 0.0565 0.6272
vn 0.8842 0.0565 0.4636
vn 0.9577 0.0565 0.2822
vn 0.9943 0.0565 0.0899
vn 0.9928 0.0565 -0.1058
vn 0.9531 0.0565 -0.2974
vn 0.8767 0.0565 -0.4777
vn 0.7667 0.0565 -0.6395
vn 0.6272 0.0565 -0.7768
vn 0.4636 0.0565 -0.8842
vn 0.2822 0.0565 -0.9577
vn 0.0899 0.0565 -0.9943
vn -0.1058 0.0565 -0.9928
vn -0.2974 0.0565 -0.9531
vn -0.4777 0.0565 -0.8767
vn -0.6660 0.0562 -0.7438
vn -0.7761 0.0698 -0.6267
vn -0.8674 0.0562 -0.4944
vn -0.9577 0.0565 -0.2822
vn -0.9943 0.0565 -0.0899
vn -0.9928 0.0565 0.1058
vn -0.9531 0.0565 0.2974
vn -0.8767 0.0565 0.4777
vn 0.9525 -0.1178 0.2807
vn -0.7667 0.0565 0.6395
vn -0.6272 0.0565 0.7768
vn -0.9479 -0.1178 0.2958
vn 0.9890 -0.1178 0.0894
vn -0.8720 -0.1178 0.4751
vn 0.4611 -0.1178 -0.8795
vn 0.9874 -0.1178 -0.1052
vn -0.7626 -0.1178 0.6361
vn 0.2807 -0.1178 -0.9525
vn 0.9479 -0.1178 -0.2958
vn -0.6238 -0.1178 0.7726
vn 0.0894 -0.1178 -0.9890
vn 0.8720 -0.1178 -0.4751
vn -0.4611 -0.1178 0.8795
vn -0.1052 -0.1178 -0.9874
vn 0.7626 -0.1178 -0.6361
vn -0.2807 -0.1178 0.9525
vn -0.2958 -0.1178 -0.9479
vn 0.6238 -0.1178 -0.7726
vn -0.0894 -0.1178 0.9890
vn -0.4751 -0.1178 -0.8720
vn 0.1052 -0.1178 0.9874
vn -0.6361 -0.1178 -0.7626
vn 0.2958 -0.1178 0.9479
vn -0.7726 -0.1178 -0.6238
vn 0.4751 -0.1178 0.8720
vn -0.8795 -0.1178 -0.4611
vn 0.6361 -0.1178 0.7626
vn -0.9525 -0.1178 -0.2807
vn 0.7726 -0.1178 0.6238
vn -0.9890 -0.1178 -0.0894
vn 0.8795 -0.1178 0.4611
vn -0.9874 -0.1178 0.1052
vn 0.4551 0.1982 -0.8681
vn 0.2770 0.1982 -0.9402
vn 0.0883 0.1982 -0.9762
vn -0.1038 0.1982 -0.9746
vn -0.2920 0.1982 -0.9357
vn -0.4689 0.1982 -0.8607
vn -0.6278 0.1982 -0.7527
vn -0.7626 0.1982 -0.6157
vn -0.8681 0.1982 -0.4551
vn -0.9402 0.1982 -0.2770
vn -0.9762 0.1982 -0.0883
vn -0.9746 0.1982 0.1039
vn -0.9357 0.1982 0.2920
vn -0.8607 0.1982 0.4689
vn -0.7527 0.1982 0.6278
vn -0.6157 0.1982 0.7626
vn -0.4551 0.1982 0.8681
vn -0.2770 0.1982 0.9402
vn -0.0883 0.1982 0.9762
vn 0.1039 0.1982 0.9746
vn 0.2920 0.1982 0.9357
vn 0.4689 0.1982 0.8607
vn 0.6278 0.1982 0.7527
vn 0.7626 0.1982 0.6157
vn 0.8681 0.1982 0.4551
vn 0.9402 0.1982 0.2770
vn 0.9762 0.1982 0.0883
vn 0.9746 0.1982 -0.1039
vn 0.9357 0.1982 -0.2920
vn 0.8607 0.1982 -0.4689
vn 0.7527 0.1982 -0.6278
vn 0.6157 0.1982 -0.7626
vn -0.5682 0.4267 0.7037
vn -0.6175 0.1841 0.7647
vn -0.6246 0.1073 0.7736
vn -0.6945 0.4267 0.5793
vn -0.7548 0.1841 0.6296
vn -0.7635 0.1073 0.6368
vn -0.7942 0.4267 0.4327
vn -0.8631 0.1841 0.4702
vn -0.8731 0.1073 0.4757
vn -0.8633 0.4267 0.2694
vn -0.9383 0.1841 0.2928
vn -0.9491 0.1073 0.2962
vn -0.8993 0.4267 0.0958
vn -0.9774 0.1841 0.1041
vn -0.9886 0.1073 0.1053
vn -0.9007 0.4267 -0.0815
vn -0.9789 0.1841 -0.0885
vn -0.9902 0.1073 -0.0896
vn -0.8675 0.4267 -0.2556
vn -0.9428 0.1841 -0.2778
vn -0.9537 0.1073 -0.2810
vn -0.8010 0.4267 -0.4200
vn -0.8705 0.1841 -0.4564
vn -0.8805 0.1073 -0.4617
vn -0.7037 0.4267 -0.5682
vn -0.7819 0.1542 -0.6040
vn -0.5793 0.4267 -0.6945
vn -0.6296 0.1841 -0.7548
vn -0.6368 0.1073 -0.7635
vn -0.4327 0.4267 -0.7942
vn -0.4702 0.1841 -0.8631
vn -0.4757 0.1073 -0.8731
vn -0.2694 0.4267 -0.8633
vn -0.2928 0.1841 -0.9383
vn -0.2962 0.1073 -0.9491
vn -0.0958 0.4267 -0.8993
vn -0.1041 0.1841 -0.9774
vn -0.1053 0.1073 -0.9886
vn 0.0815 0.4267 -0.9007
vn 0.0885 0.1841 -0.9789
vn 0.0896 0.1073 -0.9902
vn 0.2556 0.4267 -0.8675
vn 0.2778 0.1841 -0.9428
vn 0.2810 0.1073 -0.9537
vn 0.4200 0.4267 -0.8010
vn 0.4564 0.1841 -0.8705
vn 0.4617 0.1073 -0.8805
vn 0.5681 0.4267 -0.7037
vn 0.6175 0.1841 -0.7647
vn 0.6246 0.1073 -0.7736
vn 0.6945 0.4267 -0.5793
vn 0.7548 0.1841 -0.6296
vn 0.7635 0.1073 -0.6368
vn 0.7942 0.4267 -0.4327
vn 0.8631 0.1841 -0.4702
vn 0.8731 0.1073 -0.4757
vn 0.8633 0.4267 -0.2694
vn 0.9383 0.1841 -0.2928
vn 0.9491 0.1073 -0.2962
vn 0.8993 0.4267 -0.0958
vn 0.9774 0.1841 -0.1041
vn 0.9886 0.1073 -0.1053
vn 0.9007 0.4267 0.0815
vn 0.9789 0.1841 0.0885
vn 0.9902 0.1073 0.0895
vn 0.8675 0.4267 0.2556
vn 0.9428 0.1841 0.2778
vn 0.9537 0.1073 0.2810
vn 0.8010 0.4267 0.4200
vn 0.8705 0.1841 0.4564
vn 0.8805 0.1073 0.4617
vn 0.7037 0.4267 0.5681
vn 0.7647 0.1841 0.6175
vn 0.7736 0.1073 0.6246
vn 0.5793 0.4267 0.6945
vn 0.6296 0.1841 0.7548
vn 0.6368 0.1073 0.7635
vn 0.4327 0.4267 0.7942
vn 0.4702 0.1841 0.8631
vn 0.4757 0.1073 0.8731
vn 0.2694 0.4267 0.8633
vn 0.2928 0.1841 0.9383
vn 0.2962 0.1073 0.9491
vn 0.0958 0.4267 0.8993
vn 0.1041 0.1841 0.9774
vn 0.1053 0.1073 0.9886
vn -0.0815 0.4267 0.9007
vn -0.0885 0.1841 0.9789
vn -0.0896 0.1073 0.9902
vn -0.2556 0.4267 0.8675
vn -0.2778 0.1841 0.9428
vn -0.2810 0.1073 0.9537
vn -0.4200 0.4267 0.8010
vn -0.4564 0.1841 0.8705
vn -0.4617 0.1073 0.8805
vn -0.7736 0.1073 -0.6246
vn -0.2847 0.9330 -0.2200
vn 0.6823 0.0295 -0.7305
vn -0.6493 -0.0000 0.7606
vn -0.7647 0.1841 -0.6175
vn -0.7733 -0.2127 -0.5974
vn -0.6382 -0.5913 -0.4930
vn -0.6494 0.0096 0.7604
vn -0.7080 0.4466 -0.5470
vn -0.6538 0.0267 0.7562
vn 0.6416 0.0254 -0.7666
vn 0.7363 -0.3665 0.5688
vn 0.2916 -0.9296 0.2253
vn -0.2408 0.9639 -0.1136
vn 0.6825 0.0699 -0.7276
vn -0.6498 0.0237 0.7597
vn -0.2675 0.9549 -0.1292
vn 0.3147 -0.9175 0.2431
vn -0.2010 -0.9672 -0.1553
vn 0.4448 0.8271 0.3436
vn -0.6451 0.0203 0.7638
vn 0.6433 0.0313 -0.7649
vn 0.6491 0.0096 -0.7606
vn -0.2655 -0.9478 -0.1766
vn -0.1617 0.9782 -0.1306
vn -0.4592 -0.0069 0.8883
vn 0.5951 0.0262 -0.8032
vn -0.2159 0.9714 -0.0992
vn -0.2662 -0.9396 -0.2150
vn 0.7888 0.0810 0.6093
vn 0.6477 0.0088 -0.7619
vn -0.6625 0.0196 0.7488
vn -0.7913 -0.0159 -0.6113
vn 0.6528 0.0054 -0.7575
vn -0.5657 0.0172 0.8244
vn -0.6930 0.4827 -0.5354
vn 0.4140 -0.8467 0.3343
vn -0.6799 0.4861 -0.5490
vn 0.4176 -0.8494 0.3226
vn -0.1039 0.1982 -0.9746
vn -0.9746 0.1982 0.1038
vn 0.9902 0.1073 0.0896
vn 0.7037 0.4267 0.5682
vn -0.2674 0.9549 -0.1292
vn -0.9890 -0.1178 -0.0895
vn -0.7037 0.4267 -0.5681
vn 0.5682 0.4267 -0.7037
vn 0.9746 0.1982 -0.1038
vn 0.5951 0.0262 -0.8033
vn 0.7648 0.1841 0.6175
vn -0.5681 0.4267 0.7037
vn -0.7081 0.4466 -0.5470
vn -0.9804 0.0565 -0.1889
vn -0.9984 0.0565 0.0059
vn -0.9780 0.0565 0.2006
vn -0.9201 0.0565 0.3876
vn -0.8268 0.0565 0.5596
vn -0.7018 0.0565 0.7102
vn -0.5497 0.0565 0.8334
vn -0.3766 0.0565 0.9247
vn -0.1889 0.0565 0.9804
vn 0.0059 0.0565 0.9984
vn 0.2006 0.0565 0.9780
vn 0.3876 0.0565 0.9201
vn 0.5596 0.0565 0.8268
vn 0.7102 0.0565 0.7018
vn 0.8334 0.0565 0.5497
vn 0.9247 0.0565 0.3766
vn 0.9804 0.0565 0.1889
vn 0.9984 0.0565 -0.0059
vn 0.9780 0.0565 -0.2006
vn 0.9201 0.0565 -0.3876
vn 0.8268 0.0565 -0.5596
vn 0.7018 0.0565 -0.7102
vn 0.5202 0.0562 -0.8522
vn 0.3763 0.0698 -0.9239
vn 0.2232 0.0562 -0.9731
vn -0.0059 0.0565 -0.9984
vn -0.2006 0.0565 -0.9780
vn -0.3876 0.0565 -0.9201
vn -0.5596 0.0565 -0.8268
vn -0.7102 0.0565 -0.7018
vn 0.0059 -0.1178 0.9930
vn -0.8334 0.0565 -0.5497
vn -0.9247 0.0565 -0.3766
vn -0.5566 -0.1178 -0.8224
vn 0.1995 -0.1178 0.9728
vn -0.7063 -0.1178 -0.6980
vn 0.9751 -0.1178 0.1879
vn 0.3855 -0.1178 0.9152
vn -0.8289 -0.1178 -0.5468
vn 0.9930 -0.1178 -0.0059
vn 0.5566 -0.1178 0.8224
vn -0.9197 -0.1178 -0.3745
vn 0.9728 -0.1178 -0.1995
vn 0.7064 -0.1178 0.6980
vn -0.9751 -0.1178 -0.1879
vn 0.9152 -0.1178 -0.3855
vn 0.8289 -0.1178 0.5468
vn -0.9930 -0.1178 0.0059
vn 0.8224 -0.1178 -0.5566
vn 0.9197 -0.1178 0.3745
vn -0.9728 -0.1178 0.1995
vn 0.6980 -0.1178 -0.7063
vn -0.9152 -0.1178 0.3855
vn 0.5468 -0.1178 -0.8289
vn -0.8224 -0.1178 0.5566
vn 0.3746 -0.1178 -0.9197
vn -0.6980 -0.1178 0.7063
vn 0.1879 -0.1178 -0.9751
vn -0.5468 -0.1178 0.8289
vn -0.0059 -0.1178 -0.9930
vn -0.3745 -0.1178 0.9197
vn -0.1995 -0.1178 -0.9728
vn -0.1879 -0.1178 0.9751
vn -0.3855 -0.1178 -0.9152
vn 0.9624 0.1982 0.1855
vn 0.9801 0.1982 -0.0058
vn 0.9602 0.1982 -0.1969
vn 0.9033 0.1982 -0.3805
vn 0.8117 0.1982 -0.5494
vn 0.6889 0.1982 -0.6972
vn 0.5397 0.1982 -0.8182
vn 0.3697 0.1982 -0.9078
vn 0.1855 0.1982 -0.9624
vn -0.0058 0.1982 -0.9801
vn -0.1969 0.1982 -0.9602
vn -0.3805 0.1982 -0.9033
vn -0.5494 0.1982 -0.8117
vn -0.6972 0.1982 -0.6889
vn -0.8182 0.1982 -0.5397
vn -0.9078 0.1982 -0.3697
vn -0.9624 0.1982 -0.1855
vn -0.9801 0.1982 0.0058
vn -0.9602 0.1982 0.1969
vn -0.9033 0.1982 0.3805
vn -0.8117 0.1982 0.5494
vn -0.6889 0.1982 0.6972
vn -0.5397 0.1982 0.8182
vn -0.3697 0.1982 0.9078
vn -0.1855 0.1982 0.9624
vn 0.0058 0.1982 0.9801
vn 0.1969 0.1982 0.9602
vn 0.3805 0.1982 0.9033
vn 0.5494 0.1982 0.8117
vn 0.6972 0.1982 0.6889
vn 0.8182 0.1982 0.5397
vn 0.9078 0.1982 0.3697
vn -0.8376 0.4267 -0.3411
vn -0.9103 0.1841 -0.3707
vn -0.9208 0.1073 -0.3750
vn -0.7550 0.4267 -0.4980
vn -0.8205 0.1841 -0.5412
vn -0.8299 0.1073 -0.5474
vn -0.6433 0.4267 -0.6357
vn -0.6991 0.1841 -0.6909
vn -0.7072 0.1073 -0.6988
vn -0.5069 0.4267 -0.7490
vn -0.5509 0.1841 -0.8140
vn -0.5573 0.1073 -0.8234
vn -0.3511 0.4267 -0.8335
vn -0.3815 0.1841 -0.9058
vn -0.3859 0.1073 -0.9163
vn -0.1817 0.4267 -0.8860
vn -0.1975 0.1841 -0.9629
vn -0.1998 0.1073 -0.9740
vn -0.0054 0.4267 -0.9044
vn -0.0059 0.1841 -0.9829
vn -0.0059 0.1073 -0.9942
vn 0.1712 0.4267 -0.8881
vn 0.1860 0.1841 -0.9651
vn 0.1882 0.1073 -0.9763
vn 0.3411 0.4267 -0.8376
vn 0.3529 0.1542 -0.9229
vn 0.4980 0.4267 -0.7550
vn 0.5412 0.1841 -0.8205
vn 0.5474 0.1073 -0.8299
vn 0.6357 0.4267 -0.6433
vn 0.6909 0.1841 -0.6991
vn 0.6988 0.1073 -0.7072
vn 0.7490 0.4267 -0.5069
vn 0.8140 0.1841 -0.5509
vn 0.8234 0.1073 -0.5573
vn 0.8335 0.4267 -0.3511
vn 0.9058 0.1841 -0.3815
vn 0.9163 0.1073 -0.3859
vn 0.8860 0.4267 -0.1817
vn 0.9629 0.1841 -0.1975
vn 0.9740 0.1073 -0.1998
vn 0.9044 0.4267 -0.0054
vn 0.9829 0.1841 -0.0059
vn 0.9942 0.1073 -0.0059
vn 0.8881 0.4267 0.1711
vn 0.9651 0.1841 0.1860
vn 0.9763 0.1073 0.1882
vn 0.8376 0.4267 0.3411
vn 0.9103 0.1841 0.3707
vn 0.9208 0.1073 0.3750
vn 0.7550 0.4267 0.4980
vn 0.8205 0.1841 0.5412
vn 0.8299 0.1073 0.5474
vn 0.6433 0.4267 0.6357
vn 0.6991 0.1841 0.6909
vn 0.7072 0.1073 0.6988
vn 0.5069 0.4267 0.7490
vn 0.5509 0.1841 0.8140
vn 0.5573 0.1073 0.8234
vn 0.3511 0.4267 0.8335
vn 0.3815 0.1841 0.9058
vn 0.3859 0.1073 0.9163
vn 0.1817 0.4267 0.8860
vn 0.1975 0.1841 0.9629
vn 0.1998 0.1073 0.9740
vn 0.0054 0.4267 0.9044
vn 0.0059 0.1841 0.9829
vn 0.0059 0.1073 0.9942
vn -0.1712 0.4267 0.8881
vn -0.1860 0.1841 0.9651
vn -0.1882 0.1073 0.9763
vn -0.3411 0.4267 0.8376
vn -0.3707 0.1841 0.9103
vn -0.3750 0.1073 0.9208
vn -0.4980 0.4267 0.7550
vn -0.5412 0.1841 0.8205
vn -0.5474 0.1073 0.8299
vn -0.6357 0.4267 0.6433
vn -0.6909 0.1841 0.6991
vn -0.6988 0.1073 0.7072
vn -0.7490 0.4267 0.5069
vn -0.8140 0.1841 0.5509
vn -0.8234 0.1073 0.5573
vn -0.8335 0.4267 0.3511
vn -0.9058 0.1841 0.3815
vn -0.9163 0.1073 0.3859
vn -0.8860 0.4267 0.1817
vn -0.9629 0.1841 0.1975
vn -0.9740 0.1073 0.1998
vn -0.9044 0.4267 0.0054
vn -0.9829 0.1841 0.0059
vn -0.9942 0.1073 0.0059
vn -0.8881 0.4267 -0.1712
vn -0.9651 0.1841 -0.1860
vn -0.9763 0.1073 -0.1882
vn 0.3750 0.1073 -0.9208
vn 0.1285 0.9330 -0.3361
vn 0.8962 0.0295 0.4427
vn -0.9155 -0.0000 -0.4024
vn 0.3707 0.1841 -0.9103
vn 0.3490 -0.2127 -0.9127
vn 0.2881 -0.5913 -0.7532
vn -0.9154 0.0096 -0.4025
vn 0.3196 0.4466 -0.8357
vn -0.9126 0.0267 -0.4080
vn 0.9191 0.0254 0.3933
vn -0.3324 -0.3665 0.8690
vn -0.1316 -0.9296 0.3442
vn 0.0394 0.9639 -0.2633
vn 0.8934 0.0699 0.4437
vn -0.9148 0.0237 -0.4032
vn 0.0465 0.9549 -0.2933
vn -0.1421 -0.9175 0.3715
vn 0.0907 -0.9672 -0.2372
vn -0.2008 0.8271 0.5250
vn -0.9174 0.0203 -0.3974
vn 0.9180 0.0313 0.3954
vn 0.9155 0.0096 0.4022
vn -0.3323 -0.3665 0.8690
vn 0.0925 -0.9478 -0.3051
vn 0.0784 0.9782 -0.1925
vn -0.9830 -0.0069 -0.1835
vn 0.9407 0.0262 0.3382
vn 0.0327 0.9714 -0.2353
vn 0.1291 -0.9396 -0.3169
vn -0.3560 0.0810 0.9310
vn 0.9163 0.0088 0.4005
vn -0.9080 0.0196 -0.4185
vn 0.3572 -0.0159 -0.9339
vn 0.9136 0.0054 0.4066
vn -0.9525 0.0172 -0.3040
vn 0.3128 0.4827 -0.8180
vn -0.2007 -0.8467 0.4928
vn 0.3296 0.4861 -0.8093
vn -0.1885 -0.8494 0.4929
vn -0.9197 -0.1178 -0.3746
vn 0.7063 -0.1178 0.6980
vn 0.3745 -0.1178 -0.9197
vn -0.3746 -0.1178 0.9197
vn 0.8881 0.4267 0.1712
vn 0.0058 0.1841 0.9829
vn 0.0466 0.9549 -0.2933
vn 0.9155 0.0096 0.4023
vn -0.9546 0.0698 -0.2896
vn -0.9928 0.0698 0.0978
vn -0.9956 0.0815 0.0470
vn -0.9673 0.0815 -0.2404
vn 0.1672 0.0312 -0.9854
vn -0.1451 0.0154 0.9893
vn -0.1273 0.0088 0.9918
vn -0.1349 0.0254 0.9905
vn 0.1189 0.0267 -0.9925
vn 0.3476 -0.9367 -0.0416
vn -0.2844 0.9585 -0.0219
vn 0.1219 0.0242 -0.9923
vn -0.1636 -0.0160 0.9864
vn -0.3181 0.9477 -0.0244
vn 0.3749 -0.9261 -0.0430
vn -0.0968 -0.0000 0.9953
vn 0.1305 0.0203 -0.9912
vn 0.1506 -0.0053 -0.9886
vn -0.1822 0.9827 0.0327
vn 0.0812 -0.0153 0.9966
vn 0.1480 0.0694 -0.9865
vn -0.3705 -0.9288 0.0017
vn 0.1383 0.0200 -0.9902
vn -0.0292 0.0024 0.9996
vn 0.5348 -0.8440 0.0411
vn -0.8694 0.4896 -0.0668
vn 1.0000 -0.0029 -0.0000
vn -0.1821 0.9827 0.0327
vn 0.9379 0.1982 -0.2845
vn -0.7598 0.1841 -0.6235
vn -0.2068 0.9782 -0.0204
vn 0.0001 1.0000 -0.0000
vn -0.0001 1.0000 -0.0000
vn 0.0001 -1.0000 -0.0000
vn -0.0001 -1.0000 -0.0000
vn 1.0000 -0.0058 -0.0000
vn -0.3406 -0.9396 -0.0335
vn 0.8644 0.1982 0.4621
vn 0.7278 0.0565 0.6834
vn -0.7278 0.0565 -0.6834
vn -0.9092 0.0698 0.4105
vn -0.6829 0.0698 0.7272
vn -0.7184 0.0815 0.6909
vn -0.8863 0.0815 0.4559
vn -0.5229 0.0312 -0.8518
vn 0.5421 0.0154 0.8401
vn -0.8702 0.4315 0.2377
vn 0.5572 0.0088 0.8303
vn 0.5506 0.0254 0.8344
vn -0.5639 0.0267 -0.8254
vn 0.2343 -0.9367 -0.2602
vn -0.2285 0.9585 0.1708
vn -0.5615 0.0242 -0.8271
vn 0.5263 -0.0160 0.8502
vn -0.2555 0.9477 0.1910
vn 0.2539 -0.9261 -0.2792
vn 0.5824 -0.0000 0.8129
vn -0.5544 0.0203 -0.8320
vn -0.5375 -0.0053 -0.8432
vn -0.1156 0.9827 0.1446
vn 0.7173 -0.0153 0.6966
vn -0.5381 0.0694 -0.8400
vn -0.1691 0.9782 0.1208
vn -0.2778 -0.9288 0.2452
vn -0.5478 0.0200 -0.8363
vn 0.6361 0.0024 0.7716
vn 0.4296 -0.8440 -0.3212
vn -0.6984 0.4896 0.5221
vn -0.6390 0.0698 -0.7661
vn -0.8835 0.0698 -0.4632
vn -0.9356 0.1982 0.2920
vn -0.8580 0.0815 -0.5072
vn 1.0000 -0.0000 -0.0000
vn -0.6766 0.0815 -0.7319
vn 0.6807 0.0312 -0.7319
vn -0.6643 0.0154 0.7473
vn -0.6508 0.0088 0.7592
vn -0.6565 0.0254 0.7539
vn 0.6442 0.0267 -0.7644
vn 0.3134 -0.9367 0.1560
vn -0.2257 0.9585 -0.1744
vn 0.6465 0.0242 -0.7625
vn -0.6782 -0.0160 0.7347
vn -0.2525 0.9477 -0.1951
vn 0.3370 -0.9261 0.1698
vn -0.6272 -0.0000 0.7788
vn 0.6532 0.0203 -0.7569
vn 0.6685 -0.0053 -0.7437
vn -0.1702 0.9827 -0.0726
vn -0.4791 -0.0153 0.8776
vn 0.6653 0.0694 -0.7434
vn -0.3106 -0.9288 -0.2020
vn 0.6591 0.0200 -0.7518
vn -0.5731 0.0024 0.8195
vn 0.4245 -0.8440 0.3279
vn -0.6900 0.4896 -0.5331
vn -0.7648 0.1841 -0.6175
vn 0.9706 0.2407 -0.0000
vn -0.6390 0.0698 -0.7660
vn -1.0000 -0.0000 -0.0000
vn 0.9356 0.1982 -0.2920
vn -0.9924 -0.1230 -0.0000
vn -0.6158 0.1982 0.7626
vn 0.9924 -0.1230 -0.0000
vn 0.5493 0.0698 -0.8327
vn 0.1888 0.0698 -0.9795
vn 0.9197 -0.1178 0.3746
vn 0.6980 -0.1178 -0.7064
vn 0.9602 0.1982 -0.1970
vn 0.2382 0.0815 -0.9678
vn -0.7100 0.7042 -0.0000
vn 0.5057 0.0815 -0.8589
vn 0.9829 0.1841 -0.0058
vn -0.9829 0.1841 0.0058
vn 0.8971 0.0312 0.4407
vn -0.9071 0.0154 -0.4206
vn -0.9146 0.0088 -0.4043
vn -0.9112 0.0254 -0.4112
vn 0.9177 0.0267 0.3965
vn -0.0590 -0.9367 0.3451
vn 0.1019 0.9585 -0.2664
vn 0.9165 0.0242 0.3992
vn -0.8991 -0.0160 -0.4375
vn 0.1140 0.9477 -0.2980
vn -0.0654 -0.9261 0.3717
vn -0.9266 -0.0000 -0.3760
vn 0.9131 0.0203 0.4072
vn 0.9048 -0.0053 0.4257
vn 0.0205 0.9827 -0.1839
vn -0.9785 -0.0153 -0.2057
vn 0.9036 0.0694 0.4227
vn 0.1038 -0.9288 -0.3557
vn 0.9099 0.0200 0.4143
vn -0.9499 0.0024 -0.3124
vn -0.1916 -0.8440 0.5010
vn 0.3115 0.4896 -0.8144
vn -0.8290 -0.1178 -0.5468
vn -0.6980 -0.1178 0.7064
vn -0.5579 0.8299 -0.0000
vn 0.9049 -0.0053 0.4257
vn 0.9036 0.0694 0.4226
vt 0.442485 0.937545
vt 0.832750 0.327514
vt 0.193365 0.328407
vt 0.987526 0.086376
vt 0.428375 0.937545
vt 0.833337 0.313754
vt 0.222303 0.322651
vt 0.988753 0.057603
vt 0.414536 0.934793
vt 0.834290 0.300867
vt 0.249561 0.311360
vt 0.990746 0.030657
vt 0.835572 0.289349
vt 0.401499 0.929393
vt 0.221579 0.735263
vt 0.993428 0.006572
vt 0.274093 0.294968
vt 0.791294 0.239235
vt 0.389767 0.921553
vt 0.220313 0.725449
vt 0.294955 0.274104
vt 0.788647 0.218712
vt 0.379790 0.911576
vt 0.219318 0.713845
vt 0.311347 0.249571
vt 0.786566 0.194448
vt 0.371950 0.899843
vt 0.218633 0.700898
vt 0.322638 0.222312
vt 0.785134 0.167376
vt 0.366551 0.886807
vt 0.218284 0.687105
vt 0.328394 0.193374
vt 0.784403 0.138534
vt 0.363798 0.872967
vt 0.218284 0.672996
vt 0.328394 0.163868
vt 0.784403 0.109033
vt 0.363798 0.858856
vt 0.218633 0.659114
vt 0.322638 0.134930
vt 0.785134 0.080005
vt 0.366551 0.845017
vt 0.219318 0.645991
vt 0.311347 0.107670
vt 0.786566 0.052566
vt 0.371950 0.831981
vt 0.220313 0.634133
vt 0.294955 0.083137
vt 0.788647 0.027771
vt 0.221579 0.623995
vt 0.379790 0.820248
vt 0.835041 0.510861
vt 0.791294 0.006572
vt 0.274093 0.062274
vt 0.196182 0.834019
vt 0.389767 0.810270
vt 0.833961 0.499648
vt 0.249561 0.045881
vt 0.193924 0.810573
vt 0.401500 0.802431
vt 0.833159 0.486979
vt 0.222302 0.034590
vt 0.192246 0.784083
vt 0.414536 0.797031
vt 0.832665 0.473342
vt 0.193365 0.028834
vt 0.191213 0.755567
vt 0.428375 0.794278
vt 0.832498 0.459259
vt 0.163861 0.028833
vt 0.190864 0.726121
vt 0.442485 0.794278
vt 0.832665 0.445274
vt 0.134923 0.034589
vt 0.191213 0.696876
vt 0.456325 0.797031
vt 0.833159 0.431922
vt 0.107665 0.045880
vt 0.192246 0.668957
vt 0.469361 0.802431
vt 0.833961 0.419717
vt 0.083133 0.062273
vt 0.193924 0.643437
vt 0.835041 0.409128
vt 0.481093 0.810270
vt 0.843819 0.637511
vt 0.062271 0.083136
vt 0.196182 0.621295
vt 0.785626 0.976271
vt 0.491071 0.820248
vt 0.842451 0.625791
vt 0.045879 0.107669
vt 0.782766 0.951765
vt 0.498910 0.831981
vt 0.841509 0.612763
vt 0.034588 0.134928
vt 0.780796 0.924524
vt 0.504310 0.845017
vt 0.841028 0.598928
vt 0.028832 0.163867
vt 0.779791 0.895595
vt 0.507062 0.858856
vt 0.841028 0.584818
vt 0.028832 0.193372
vt 0.779791 0.866090
vt 0.507062 0.872967
vt 0.841509 0.570974
vt 0.780796 0.837142
vt 0.034588 0.222310
vt 0.504310 0.886807
vt 0.842451 0.557929
vt 0.045879 0.249570
vt 0.782766 0.809864
vt 0.498910 0.899843
vt 0.843819 0.546183
vt 0.835572 0.390879
vt 0.062271 0.274103
vt 0.785626 0.785304
vt 0.993428 0.218873
vt 0.491070 0.911576
vt 0.834290 0.380639
vt 0.083134 0.294966
vt 0.990746 0.197460
vt 0.481093 0.921553
vt 0.833337 0.368702
vt 0.107665 0.311359
vt 0.988753 0.172500
vt 0.469361 0.929393
vt 0.832750 0.355526
vt 0.134924 0.322650
vt 0.987526 0.144950
vt 0.456324 0.934793
vt 0.832552 0.341619
vt 0.163861 0.328407
vt 0.987112 0.115869
vt 0.006972 0.450626
vt 0.228796 0.344057
vt 0.006572 0.484217
vt 0.195558 0.350668
vt 0.008159 0.418558
vt 0.260105 0.331088
vt 0.010086 0.389244
vt 0.288283 0.312259
vt 0.012680 0.363812
vt 0.599474 0.550656
vt 0.312246 0.288295
vt 0.627622 0.547370
vt 0.331074 0.260116
vt 0.658911 0.545107
vt 0.344043 0.228806
vt 0.692140 0.543954
vt 0.350654 0.195566
vt 0.726030 0.543954
vt 0.350654 0.161676
vt 0.759280 0.545107
vt 0.344043 0.128436
vt 0.790612 0.547370
vt 0.331074 0.097126
vt 0.818822 0.550656
vt 0.371053 0.530810
vt 0.312246 0.068946
vt 0.367972 0.506216
vt 0.288283 0.044982
vt 0.365683 0.477545
vt 0.260105 0.026153
vt 0.364274 0.445901
vt 0.228796 0.013184
vt 0.363798 0.412498
vt 0.195557 0.006572
vt 0.364274 0.378622
vt 0.161668 0.006572
vt 0.365683 0.345573
vt 0.128430 0.013183
vt 0.367972 0.314621
vt 0.097121 0.026152
vt 0.371053 0.286957
vt 0.579462 0.006572
vt 0.068943 0.044981
vt 0.582503 0.030144
vt 0.044980 0.068945
vt 0.584892 0.058014
vt 0.026152 0.097124
vt 0.586538 0.089111
vt 0.013183 0.128435
vt 0.587377 0.122238
vt 0.006572 0.161674
vt 0.587377 0.156124
vt 0.006572 0.195564
vt 0.586538 0.189466
vt 0.013183 0.228804
vt 0.584892 0.220983
vt 0.026152 0.260115
vt 0.582503 0.249464
vt 0.044980 0.288294
vt 0.579462 0.273813
vt 0.012680 0.608152
vt 0.068943 0.312258
vt 0.010086 0.581221
vt 0.097121 0.331087
vt 0.008159 0.550793
vt 0.128431 0.344056
vt 0.006972 0.518039
vt 0.161669 0.350668
vt 0.676034 0.290955
vt 0.805578 0.070142
vt 0.696133 0.286957
vt 0.804725 0.090126
vt 0.657102 0.298797
vt 0.806962 0.051427
vt 0.640064 0.310182
vt 0.808825 0.034698
vt 0.605307 0.202832
vt 0.625574 0.324673
vt 0.603468 0.188578
vt 0.614189 0.341712
vt 0.602023 0.171725
vt 0.606347 0.360645
vt 0.601028 0.152922
vt 0.602349 0.380744
vt 0.600521 0.132890
vt 0.602350 0.401237
vt 0.600521 0.112400
vt 0.606348 0.421336
vt 0.601028 0.092239
vt 0.614190 0.440269
vt 0.602023 0.073181
vt 0.625575 0.457309
vt 0.603468 0.055960
vt 0.640065 0.471799
vt 0.010265 0.803473
vt 0.605307 0.041236
vt 0.657103 0.483185
vt 0.008697 0.787189
vt 0.676036 0.491027
vt 0.007532 0.768790
vt 0.696134 0.495025
vt 0.006814 0.748985
vt 0.716626 0.495025
vt 0.006572 0.728533
vt 0.736724 0.491027
vt 0.006814 0.708221
vt 0.755657 0.483184
vt 0.007532 0.688830
vt 0.772695 0.471799
vt 0.008697 0.671105
vt 0.010265 0.655726
vt 0.787185 0.457309
vt 0.603526 0.946991
vt 0.798570 0.440269
vt 0.601540 0.929971
vt 0.806412 0.421336
vt 0.600171 0.911051
vt 0.810409 0.401237
vt 0.599474 0.890958
vt 0.810409 0.380744
vt 0.599474 0.870465
vt 0.806411 0.360645
vt 0.600171 0.850360
vt 0.798569 0.341712
vt 0.601540 0.831414
vt 0.603526 0.814356
vt 0.787184 0.324673
vt 0.808824 0.182151
vt 0.772694 0.310182
vt 0.806962 0.167280
vt 0.755655 0.298797
vt 0.805578 0.149943
vt 0.736723 0.290955
vt 0.804725 0.130809
vt 0.716625 0.286957
vt 0.804438 0.110611
vt 0.491262 0.575417
vt 0.228576 0.486285
vt 0.508108 0.578768
vt 0.228779 0.469260
vt 0.523977 0.585341
vt 0.229380 0.453007
vt 0.538259 0.594884
vt 0.230357 0.438150
vt 0.653608 0.772161
vt 0.550405 0.607030
vt 0.559947 0.621312
vt 0.667874 0.770495
vt 0.566521 0.637181
vt 0.683732 0.769349
vt 0.569872 0.654028
vt 0.700574 0.768764
vt 0.569872 0.671204
vt 0.717750 0.768764
vt 0.566521 0.688051
vt 0.734603 0.769349
vt 0.559947 0.703920
vt 0.750483 0.770495
vt 0.550405 0.718202
vt 0.764780 0.772161
vt 0.589206 0.456115
vt 0.538259 0.730348
vt 0.523977 0.739891
vt 0.588046 0.441584
vt 0.508108 0.746465
vt 0.587331 0.425545
vt 0.491262 0.749816
vt 0.587090 0.408616
vt 0.474085 0.749816
vt 0.587331 0.391446
vt 0.457239 0.746465
vt 0.588046 0.374696
vt 0.589206 0.359009
vt 0.441370 0.739892
vt 0.427088 0.730349
vt 0.414943 0.718204
vt 0.405400 0.703922
vt 0.363798 0.098977
vt 0.398827 0.688052
vt 0.364632 0.114737
vt 0.395476 0.671206
vt 0.365057 0.131527
vt 0.395476 0.654029
vt 0.365057 0.148702
vt 0.398827 0.637182
vt 0.364632 0.165601
vt 0.363798 0.181574
vt 0.405400 0.621313
vt 0.414943 0.607031
vt 0.427088 0.594885
vt 0.441370 0.585342
vt 0.230357 0.535450
vt 0.457239 0.578769
vt 0.229380 0.520028
vt 0.228779 0.503427
vt 0.474085 0.575417
vt 0.490074 0.587483
vt 0.823761 0.326987
vt 0.504589 0.590370
vt 0.824376 0.312555
vt 0.518262 0.596034
vt 0.825376 0.299038
vt 0.530568 0.604256
vt 0.826721 0.286957
vt 0.212782 0.738000
vt 0.541033 0.614721
vt 0.211454 0.727706
vt 0.549255 0.627027
vt 0.210410 0.715535
vt 0.554919 0.640700
vt 0.209692 0.701955
vt 0.557806 0.655216
vt 0.209325 0.687488
vt 0.557806 0.670016
vt 0.209325 0.672690
vt 0.554919 0.684532
vt 0.209692 0.658130
vt 0.549255 0.698205
vt 0.210410 0.644366
vt 0.541033 0.710511
vt 0.211454 0.631929
vt 0.530568 0.720977
vt 0.212782 0.621295
vt 0.826220 0.513296
vt 0.518262 0.729199
vt 0.825087 0.501535
vt 0.504589 0.734863
vt 0.824246 0.488247
vt 0.490074 0.737751
vt 0.823728 0.473944
vt 0.475274 0.737751
vt 0.823553 0.459173
vt 0.460758 0.734863
vt 0.823728 0.444504
vt 0.447085 0.729200
vt 0.824246 0.430500
vt 0.434779 0.720977
vt 0.825087 0.417698
vt 0.424314 0.710512
vt 0.826220 0.406592
vt 0.834893 0.639744
vt 0.416092 0.698207
vt 0.833458 0.627452
vt 0.410428 0.684533
vt 0.832470 0.613787
vt 0.407541 0.670017
vt 0.831966 0.599276
vt 0.407541 0.655217
vt 0.831966 0.584476
vt 0.410428 0.640702
vt 0.832470 0.569956
vt 0.416092 0.627028
vt 0.833458 0.556273
vt 0.834893 0.543954
vt 0.424314 0.614722
vt 0.826721 0.393448
vt 0.434779 0.604257
vt 0.825376 0.382708
vt 0.447085 0.596034
vt 0.824376 0.370187
vt 0.460758 0.590370
vt 0.823761 0.356368
vt 0.475274 0.587483
vt 0.823553 0.341781
vt 0.174277 0.484860
vt 0.122851 0.484415
vt 0.059510 0.484204
vt 0.059897 0.451784
vt 0.123206 0.454636
vt 0.174589 0.458733
vt 0.061042 0.420834
vt 0.124258 0.426207
vt 0.175512 0.433790
vt 0.062902 0.392542
vt 0.125967 0.400220
vt 0.567691 0.558597
vt 0.177011 0.410989
vt 0.603289 0.603257
vt 0.065405 0.367996
vt 0.611911 0.666292
vt 0.128266 0.377673
vt 0.623843 0.717588
vt 0.586330 0.577237
vt 0.179028 0.391208
vt 0.630456 0.600086
vt 0.636865 0.663379
vt 0.645737 0.715032
vt 0.660655 0.597902
vt 0.664604 0.661373
vt 0.670074 0.713272
vt 0.692725 0.596789
vt 0.694061 0.660350
vt 0.695920 0.712375
vt 0.725434 0.596789
vt 0.724106 0.660350
vt 0.722280 0.712375
vt 0.757525 0.597902
vt 0.753583 0.661373
vt 0.748142 0.713272
vt 0.787765 0.600086
vt 0.781359 0.663379
vt 0.772513 0.715032
vt 0.423716 0.526799
vt 0.814991 0.603257
vt 0.486607 0.517170
vt 0.806368 0.666292
vt 0.537521 0.503478
vt 0.586330 0.747849
vt 0.794455 0.717588
vt 0.420743 0.503062
vt 0.483876 0.495366
vt 0.567691 0.766488
vt 0.535125 0.484348
vt 0.418534 0.475391
vt 0.481847 0.469949
vt 0.533344 0.462048
vt 0.417174 0.444850
vt 0.480597 0.441896
vt 0.532248 0.437435
vt 0.416714 0.412612
vt 0.480175 0.412284
vt 0.531878 0.411454
vt 0.417174 0.379916
vt 0.480597 0.382251
vt 0.532248 0.385104
vt 0.418534 0.348019
vt 0.481847 0.352953
vt 0.533344 0.359398
vt 0.420743 0.318146
vt 0.483876 0.325514
vt 0.418999 0.781135
vt 0.535125 0.335324
vt 0.526806 0.011182
vt 0.423716 0.291446
vt 0.464060 0.021699
vt 0.486607 0.300989
vt 0.413427 0.036315
vt 0.397082 0.766490
vt 0.537521 0.313806
vt 0.529741 0.033933
vt 0.466756 0.042596
vt 0.378443 0.747850
vt 0.415792 0.054650
vt 0.532047 0.060832
vt 0.468874 0.067304
vt 0.417650 0.076328
vt 0.363798 0.725933
vt 0.533636 0.090844
vt 0.470333 0.094871
vt 0.418930 0.100515
vt 0.544473 0.122838
vt 0.334614 0.462773
vt 0.329978 0.700736
vt 0.471077 0.124240
vt 0.244177 0.721784
vt 0.331197 0.389918
vt 0.419583 0.126282
vt 0.544473 0.155543
vt 0.333883 0.514020
vt 0.297281 0.701643
vt 0.471077 0.154280
vt 0.330455 0.587008
vt 0.274216 0.721196
vt 0.419583 0.152639
vt 0.533636 0.187702
vt 0.470333 0.183839
vt 0.418930 0.178573
vt 0.532047 0.218120
vt 0.468874 0.211779
vt 0.363798 0.599157
vt 0.417650 0.203087
vt 0.529741 0.245608
vt 0.466756 0.237027
vt 0.415792 0.225239
vt 0.378443 0.577239
vt 0.065405 0.603819
vt 0.526806 0.269108
vt 0.128266 0.594285
vt 0.464060 0.258614
vt 0.413427 0.244179
vt 0.179028 0.581258
vt 0.397082 0.558599
vt 0.062902 0.577826
vt 0.125967 0.570410
vt 0.177011 0.560310
vt 0.418999 0.543954
vt 0.061042 0.548460
vt 0.124258 0.543436
vt 0.175512 0.536644
vt 0.059897 0.516848
vt 0.123206 0.514399
vt 0.174589 0.511167
vt 0.331746 0.421479
vt 0.502761 0.123528
vt 0.334614 0.363812
vt 0.445330 0.125261
vt 0.327031 0.715506
vt 0.331006 0.555395
vt 0.502761 0.154901
vt 0.445330 0.153459
vt 0.333883 0.613135
vt 0.298838 0.714786
vt 0.419583 0.139460
vt 0.471077 0.139260
vt 0.259197 0.721490
vt 0.544473 0.139190
vt 0.313629 0.701189
vt 0.502761 0.139215
vt 0.445330 0.139360
vt 0.312935 0.715146
vt 0.262039 0.626278
vt 0.312241 0.627190
vt 0.280576 0.626278
vt 0.260827 0.503014
vt 0.293725 0.628102
vt 0.330756 0.626278
vt 0.260809 0.474492
vt 0.243501 0.626278
vt 0.243903 0.643961
vt 0.248415 0.458120
vt 0.279469 0.643961
vt 0.248429 0.519520
vt 0.261686 0.643961
vt 0.261964 0.683487
vt 0.245041 0.558655
vt 0.278991 0.683487
vt 0.244936 0.683487
vt 0.245066 0.419012
vt 0.327031 0.793311
vt 0.246965 0.708052
vt 0.261555 0.392602
vt 0.278933 0.708052
vt 0.261482 0.584846
vt 0.295099 0.791809
vt 0.262949 0.708052
vt 0.311065 0.792560
vt 0.281791 0.383542
vt 0.326997 0.771503
vt 0.311031 0.770752
vt 0.815952 0.832804
vt 0.260514 0.776064
vt 0.243501 0.776763
vt 0.278724 0.406751
vt 0.832972 0.833192
vt 0.295065 0.770001
vt 0.281684 0.593663
vt 0.278646 0.570512
vt 0.798932 0.832416
vt 0.277528 0.775365
vt 0.798770 0.785304
vt 0.269747 0.825472
vt 0.275710 0.518279
vt 0.293720 0.646074
vt 0.281202 0.495202
vt 0.330751 0.644250
vt 0.281199 0.482058
vt 0.269747 0.789906
vt 0.275745 0.458823
vt 0.834319 0.786115
vt 0.269747 0.807689
vt 0.816544 0.785710
vt 0.312235 0.645162
vt 0.309431 0.742779
vt 0.244017 0.741700
vt 0.311037 0.391365
vt 0.315503 0.586174
vt 0.277528 0.735684
vt 0.325143 0.745697
vt 0.305825 0.373184
vt 0.260772 0.738692
vt 0.293720 0.739861
vt 0.309957 0.603919
vt 0.816909 0.812322
vt 0.799498 0.811925
vt 0.265501 0.542821
vt 0.243501 0.537664
vt 0.279089 0.662611
vt 0.261671 0.662611
vt 0.243501 0.440029
vt 0.244253 0.662611
vt 0.834319 0.812720
vt 0.265532 0.434607
vt 0.306438 0.497588
vt 0.293725 0.671247
vt 0.243501 0.790450
vt 0.303380 0.461362
vt 0.539642 0.121466
vt 0.312241 0.670335
vt 0.243501 0.826016
vt 0.539545 0.157031
vt 0.303334 0.515616
vt 0.330756 0.669423
vt 0.306468 0.479368
vt 0.243501 0.808233
vt 0.539593 0.139248
vt 0.442485 0.937545
vt 0.832750 0.327514
vt 0.193365 0.328407
vt 0.987526 0.086376
vt 0.428375 0.937545
vt 0.833337 0.313754
vt 0.222303 0.322651
vt 0.988753 0.057603
vt 0.414536 0.934793
vt 0.834290 0.300867
vt 0.249561 0.311360
vt 0.990746 0.030657
vt 0.835572 0.289349
vt 0.401499 0.929393
vt 0.221579 0.735263
vt 0.993428 0.006572
vt 0.274093 0.294968
vt 0.791294 0.239235
vt 0.389767 0.921553
vt 0.220313 0.725449
vt 0.294955 0.274104
vt 0.788647 0.218712
vt 0.379790 0.911576
vt 0.219318 0.713845
vt 0.311347 0.249571
vt 0.786566 0.194448
vt 0.371950 0.899843
vt 0.218633 0.700898
vt 0.322638 0.222312
vt 0.785134 0.167376
vt 0.366551 0.886807
vt 0.218284 0.687105
vt 0.328394 0.193374
vt 0.784403 0.138534
vt 0.363798 0.872967
vt 0.218284 0.672996
vt 0.328394 0.163868
vt 0.784403 0.109033
vt 0.363798 0.858856
vt 0.218633 0.659114
vt 0.322638 0.134930
vt 0.785134 0.080005
vt 0.366551 0.845017
vt 0.219318 0.645991
vt 0.311347 0.107670
vt 0.786566 0.052566
vt 0.371950 0.831981
vt 0.220313 0.634133
vt 0.294955 0.083137
vt 0.788647 0.027771
vt 0.221579 0.623995
vt 0.379790 0.820248
vt 0.835041 0.510861
vt 0.791294 0.006572
vt 0.274093 0.062274
vt 0.196182 0.834019
vt 0.389767 0.810270
vt 0.833961 0.499648
vt 0.249561 0.045881
vt 0.193924 0.810573
vt 0.401500 0.802431
vt 0.833159 0.486979
vt 0.222302 0.034590
vt 0.192246 0.784083
vt 0.414536 0.797031
vt 0.832665 0.473342
vt 0.193365 0.028834
vt 0.191213 0.755567
vt 0.428375 0.794278
vt 0.832498 0.459259
vt 0.163861 0.028833
vt 0.190864 0.726121
vt 0.442485 0.794278
vt 0.832665 0.445274
vt 0.134923 0.034589
vt 0.191213 0.696876
vt 0.456325 0.797031
vt 0.833159 0.431922
vt 0.107665 0.045880
vt 0.192246 0.668957
vt 0.469361 0.802431
vt 0.833961 0.419717
vt 0.083133 0.062273
vt 0.193924 0.643437
vt 0.835041 0.409128
vt 0.481093 0.810270
vt 0.843819 0.637511
vt 0.196182 0.621295
vt 0.062271 0.083136
vt 0.785626 0.976271
vt 0.491071 0.820248
vt 0.842451 0.625791
vt 0.045879 0.107669
vt 0.782766 0.951765
vt 0.498910 0.831981
vt 0.841509 0.612763
vt 0.034588 0.134928
vt 0.780796 0.924524
vt 0.504310 0.845017
vt 0.841028 0.598928
vt 0.028832 0.163867
vt 0.779791 0.895595
vt 0.507062 0.858856
vt 0.841028 0.584818
vt 0.028832 0.193372
vt 0.779791 0.866090
vt 0.507062 0.872967
vt 0.841509 0.570974
vt 0.780796 0.837142
vt 0.034588 0.222310
vt 0.504310 0.886807
vt 0.842451 0.557929
vt 0.045879 0.249570
vt 0.782766 0.809864
vt 0.498910 0.899843
vt 0.843819 0.546183
vt 0.835572 0.390879
vt 0.785626 0.785304
vt 0.062271 0.274103
vt 0.993428 0.218873
vt 0.491070 0.911576
vt 0.834290 0.380639
vt 0.083134 0.294966
vt 0.990746 0.197460
vt 0.481093 0.921553
vt 0.833337 0.368702
vt 0.107665 0.311359
vt 0.988753 0.172500
vt 0.469361 0.929393
vt 0.832750 0.355526
vt 0.134924 0.322650
vt 0.987526 0.144950
vt 0.456324 0.934793
vt 0.832552 0.341619
vt 0.163861 0.328407
vt 0.987112 0.115869
vt 0.006972 0.450626
vt 0.228796 0.344057
vt 0.006572 0.484217
vt 0.195558 0.350668
vt 0.008159 0.418558
vt 0.260105 0.331088
vt 0.010086 0.389244
vt 0.288283 0.312259
vt 0.012680 0.363812
vt 0.599474 0.550656
vt 0.312246 0.288295
vt 0.627622 0.547370
vt 0.331074 0.260116
vt 0.658911 0.545107
vt 0.344043 0.228806
vt 0.692140 0.543954
vt 0.350654 0.195566
vt 0.726030 0.543954
vt 0.350654 0.161676
vt 0.759280 0.545107
vt 0.344043 0.128436
vt 0.790612 0.547370
vt 0.331074 0.097126
vt 0.818822 0.550656
vt 0.371053 0.530810
vt 0.312246 0.068946
vt 0.367972 0.506216
vt 0.288283 0.044982
vt 0.365683 0.477545
vt 0.260105 0.026153
vt 0.364274 0.445901
vt 0.228796 0.013184
vt 0.363798 0.412498
vt 0.195557 0.006572
vt 0.364274 0.378622
vt 0.161668 0.006572
vt 0.365683 0.345573
vt 0.128430 0.013183
vt 0.367972 0.314621
vt 0.097121 0.026152
vt 0.371053 0.286957
vt 0.579462 0.006572
vt 0.068943 0.044981
vt 0.582503 0.030144
vt 0.044980 0.068945
vt 0.584892 0.058014
vt 0.026152 0.097124
vt 0.586538 0.089111
vt 0.013183 0.128435
vt 0.587377 0.122238
vt 0.006572 0.161674
vt 0.587377 0.156124
vt 0.006572 0.195564
vt 0.586538 0.189466
vt 0.013183 0.228804
vt 0.584892 0.220983
vt 0.026152 0.260115
vt 0.582503 0.249464
vt 0.044980 0.288294
vt 0.579462 0.273813
vt 0.012680 0.608152
vt 0.068943 0.312258
vt 0.010086 0.581221
vt 0.097121 0.331087
vt 0.008159 0.550793
vt 0.128431 0.344056
vt 0.006972 0.518039
vt 0.161669 0.350668
vt 0.676034 0.290955
vt 0.805578 0.070142
vt 0.696133 0.286957
vt 0.804725 0.090126
vt 0.657102 0.298797
vt 0.806962 0.051427
vt 0.640064 0.310182
vt 0.808825 0.034698
vt 0.605307 0.202832
vt 0.625574 0.324673
vt 0.603468 0.188578
vt 0.614189 0.341712
vt 0.602023 0.171725
vt 0.606347 0.360645
vt 0.601028 0.152922
vt 0.602349 0.380744
vt 0.600521 0.132890
vt 0.602350 0.401237
vt 0.600521 0.112400
vt 0.606348 0.421336
vt 0.601028 0.092239
vt 0.614190 0.440269
vt 0.602023 0.073181
vt 0.625575 0.457309
vt 0.603468 0.055960
vt 0.640065 0.471799
vt 0.010265 0.803473
vt 0.605307 0.041236
vt 0.657103 0.483185
vt 0.008697 0.787189
vt 0.676036 0.491027
vt 0.007532 0.768790
vt 0.696134 0.495025
vt 0.006814 0.748985
vt 0.716626 0.495025
vt 0.006572 0.728533
vt 0.736724 0.491027
vt 0.006814 0.708221
vt 0.755657 0.483184
vt 0.007532 0.688830
vt 0.772695 0.471799
vt 0.008697 0.671105
vt 0.787185 0.457309
vt 0.010265 0.655726
vt 0.603526 0.946991
vt 0.798570 0.440269
vt 0.601540 0.929971
vt 0.806412 0.421336
vt 0.600171 0.911051
vt 0.810409 0.401237
vt 0.599474 0.890958
vt 0.810409 0.380744
vt 0.599474 0.870465
vt 0.806411 0.360645
vt 0.600171 0.850360
vt 0.798569 0.341712
vt 0.601540 0.831414
vt 0.787184 0.324673
vt 0.603526 0.814356
vt 0.808824 0.182151
vt 0.772694 0.310182
vt 0.806962 0.167280
vt 0.755655 0.298797
vt 0.805578 0.149943
vt 0.736723 0.290955
vt 0.804725 0.130809
vt 0.716625 0.286957
vt 0.804438 0.110611
vt 0.491262 0.575417
vt 0.228576 0.486285
vt 0.508108 0.578768
vt 0.228779 0.469260
vt 0.523977 0.585341
vt 0.229380 0.453007
vt 0.538259 0.594884
vt 0.230357 0.438150
vt 0.653608 0.772161
vt 0.550405 0.607030
vt 0.559947 0.621312
vt 0.667874 0.770495
vt 0.566521 0.637181
vt 0.683732 0.769349
vt 0.569872 0.654028
vt 0.700574 0.768764
vt 0.569872 0.671204
vt 0.717750 0.768764
vt 0.566521 0.688051
vt 0.734603 0.769349
vt 0.559947 0.703920
vt 0.750483 0.770495
vt 0.550405 0.718202
vt 0.764780 0.772161
vt 0.589206 0.456115
vt 0.538259 0.730348
vt 0.523977 0.739891
vt 0.588046 0.441584
vt 0.508108 0.746465
vt 0.587331 0.425545
vt 0.491262 0.749816
vt 0.587090 0.408616
vt 0.474085 0.749816
vt 0.587331 0.391446
vt 0.457239 0.746465
vt 0.588046 0.374696
vt 0.589206 0.359009
vt 0.441370 0.739892
vt 0.427088 0.730349
vt 0.414943 0.718204
vt 0.405400 0.703922
vt 0.363798 0.098977
vt 0.398827 0.688052
vt 0.364632 0.114737
vt 0.395476 0.671206
vt 0.365057 0.131527
vt 0.395476 0.654029
vt 0.365057 0.148702
vt 0.398827 0.637182
vt 0.364632 0.165601
vt 0.363798 0.181574
vt 0.405400 0.621313
vt 0.414943 0.607031
vt 0.427088 0.594885
vt 0.441370 0.585342
vt 0.230357 0.535450
vt 0.229380 0.520028
vt 0.457239 0.578769
vt 0.474085 0.575417
vt 0.228779 0.503427
vt 0.490074 0.587483
vt 0.823761 0.326987
vt 0.504589 0.590370
vt 0.824376 0.312555
vt 0.518262 0.596034
vt 0.825376 0.299038
vt 0.530568 0.604256
vt 0.826721 0.286957
vt 0.212782 0.738000
vt 0.541033 0.614721
vt 0.211454 0.727706
vt 0.549255 0.627027
vt 0.210410 0.715535
vt 0.554919 0.640700
vt 0.209692 0.701955
vt 0.557806 0.655216
vt 0.209325 0.687488
vt 0.557806 0.670016
vt 0.209325 0.672690
vt 0.554919 0.684532
vt 0.209692 0.658130
vt 0.549255 0.698205
vt 0.210410 0.644366
vt 0.541033 0.710511
vt 0.211454 0.631929
vt 0.530568 0.720977
vt 0.212782 0.621295
vt 0.826220 0.513296
vt 0.518262 0.729199
vt 0.825087 0.501535
vt 0.504589 0.734863
vt 0.824246 0.488247
vt 0.490074 0.737751
vt 0.823728 0.473944
vt 0.475274 0.737751
vt 0.823553 0.459173
vt 0.460758 0.734863
vt 0.823728 0.444504
vt 0.447085 0.729200
vt 0.824246 0.430500
vt 0.434779 0.720977
vt 0.825087 0.417698
vt 0.424314 0.710512
vt 0.826220 0.406592
vt 0.834893 0.639744
vt 0.416092 0.698207
vt 0.833458 0.627452
vt 0.410428 0.684533
vt 0.832470 0.613787
vt 0.407541 0.670017
vt 0.831966 0.599276
vt 0.407541 0.655217
vt 0.831966 0.584476
vt 0.410428 0.640702
vt 0.832470 0.569956
vt 0.416092 0.627028
vt 0.833458 0.556273
vt 0.834893 0.543954
vt 0.424314 0.614722
vt 0.826721 0.393448
vt 0.434779 0.604257
vt 0.825376 0.382708
vt 0.447085 0.596034
vt 0.824376 0.370187
vt 0.460758 0.590370
vt 0.823761 0.356368
vt 0.475274 0.587483
vt 0.823553 0.341781
vt 0.174277 0.484860
vt 0.122851 0.484415
vt 0.059510 0.484204
vt 0.059897 0.451784
vt 0.123206 0.454636
vt 0.174589 0.458733
vt 0.061042 0.420834
vt 0.124258 0.426207
vt 0.175512 0.433790
vt 0.062902 0.392542
vt 0.125967 0.400220
vt 0.567691 0.558597
vt 0.177011 0.410989
vt 0.603289 0.603257
vt 0.065405 0.367996
vt 0.611911 0.666292
vt 0.128266 0.377673
vt 0.623843 0.717588
vt 0.586330 0.577237
vt 0.179028 0.391208
vt 0.630456 0.600086
vt 0.636865 0.663379
vt 0.645737 0.715032
vt 0.660655 0.597902
vt 0.664604 0.661373
vt 0.670074 0.713272
vt 0.692725 0.596789
vt 0.694061 0.660350
vt 0.695920 0.712375
vt 0.725434 0.596789
vt 0.724106 0.660350
vt 0.722280 0.712375
vt 0.757525 0.597902
vt 0.753583 0.661373
vt 0.748142 0.713272
vt 0.787765 0.600086
vt 0.781359 0.663379
vt 0.772513 0.715032
vt 0.423716 0.526799
vt 0.814991 0.603257
vt 0.486607 0.517170
vt 0.806368 0.666292
vt 0.537521 0.503478
vt 0.586330 0.747849
vt 0.794455 0.717588
vt 0.420743 0.503062
vt 0.483876 0.495366
vt 0.567691 0.766488
vt 0.535125 0.484348
vt 0.418534 0.475391
vt 0.481847 0.469949
vt 0.533344 0.462048
vt 0.417174 0.444850
vt 0.480597 0.441896
vt 0.532248 0.437435
vt 0.416714 0.412612
vt 0.480175 0.412284
vt 0.531878 0.411454
vt 0.417174 0.379916
vt 0.480597 0.382251
vt 0.532248 0.385104
vt 0.418534 0.348019
vt 0.481847 0.352953
vt 0.533344 0.359398
vt 0.420743 0.318146
vt 0.483876 0.325514
vt 0.418999 0.781135
vt 0.535125 0.335324
vt 0.526806 0.011182
vt 0.423716 0.291446
vt 0.464060 0.021699
vt 0.486607 0.300989
vt 0.413427 0.036315
vt 0.397082 0.766490
vt 0.537521 0.313806
vt 0.529741 0.033933
vt 0.466756 0.042596
vt 0.378443 0.747850
vt 0.415792 0.054650
vt 0.532047 0.060832
vt 0.468874 0.067304
vt 0.417650 0.076328
vt 0.363798 0.725933
vt 0.533636 0.090844
vt 0.470333 0.094871
vt 0.418930 0.100515
vt 0.544473 0.122838
vt 0.334614 0.462773
vt 0.329978 0.700736
vt 0.471077 0.124240
vt 0.244177 0.721784
vt 0.331197 0.389918
vt 0.419583 0.126282
vt 0.544473 0.155543
vt 0.333883 0.514020
vt 0.297281 0.701643
vt 0.471077 0.154280
vt 0.330455 0.587008
vt 0.274216 0.721196
vt 0.419583 0.152639
vt 0.533636 0.187702
vt 0.470333 0.183839
vt 0.418930 0.178573
vt 0.532047 0.218120
vt 0.468874 0.211779
vt 0.363798 0.599157
vt 0.417650 0.203087
vt 0.529741 0.245608
vt 0.466756 0.237027
vt 0.415792 0.225239
vt 0.378443 0.577239
vt 0.065405 0.603819
vt 0.526806 0.269108
vt 0.128266 0.594285
vt 0.464060 0.258614
vt 0.413427 0.244179
vt 0.179028 0.581258
vt 0.397082 0.558599
vt 0.062902 0.577826
vt 0.125967 0.570410
vt 0.177011 0.560310
vt 0.418999 0.543954
vt 0.061042 0.548460
vt 0.124258 0.543436
vt 0.175512 0.536644
vt 0.059897 0.516848
vt 0.123206 0.514399
vt 0.174589 0.511167
vt 0.331746 0.421479
vt 0.502761 0.123528
vt 0.334614 0.363812
vt 0.445330 0.125261
vt 0.327031 0.715506
vt 0.331006 0.555395
vt 0.502761 0.154901
vt 0.445330 0.153459
vt 0.333883 0.613135
vt 0.298838 0.714786
vt 0.419583 0.139460
vt 0.471077 0.139260
vt 0.259197 0.721490
vt 0.544473 0.139190
vt 0.313629 0.701189
vt 0.502761 0.139215
vt 0.445330 0.139360
vt 0.312935 0.715146
vt 0.262039 0.626278
vt 0.312241 0.627190
vt 0.280576 0.626278
vt 0.260827 0.503014
vt 0.293725 0.628102
vt 0.330756 0.626278
vt 0.260809 0.474492
vt 0.243501 0.626278
vt 0.243903 0.643961
vt 0.248415 0.458120
vt 0.279469 0.643961
vt 0.248429 0.519520
vt 0.261686 0.643961
vt 0.261964 0.683487
vt 0.245041 0.558655
vt 0.278991 0.683487
vt 0.244936 0.683487
vt 0.245066 0.419012
vt 0.327031 0.793311
vt 0.246965 0.708052
vt 0.261555 0.392602
vt 0.278933 0.708052
vt 0.261482 0.584846
vt 0.295099 0.791809
vt 0.262949 0.708052
vt 0.311065 0.792560
vt 0.281791 0.383542
vt 0.326997 0.771503
vt 0.311031 0.770752
vt 0.815952 0.832804
vt 0.260514 0.776064
vt 0.243501 0.776763
vt 0.278724 0.406751
vt 0.832972 0.833192
vt 0.295065 0.770001
vt 0.281684 0.593663
vt 0.278646 0.570512
vt 0.798932 0.832416
vt 0.277528 0.775365
vt 0.798770 0.785304
vt 0.269747 0.825472
vt 0.275710 0.518279
vt 0.293720 0.646074
vt 0.281202 0.495202
vt 0.330751 0.644250
vt 0.281199 0.482058
vt 0.269747 0.789906
vt 0.275745 0.458823
vt 0.834319 0.786115
vt 0.269747 0.807689
vt 0.816544 0.785710
vt 0.312235 0.645162
vt 0.309431 0.742779
vt 0.244017 0.741700
vt 0.311037 0.391365
vt 0.315503 0.586174
vt 0.277528 0.735684
vt 0.325143 0.745697
vt 0.305825 0.373184
vt 0.260772 0.738692
vt 0.293720 0.739861
vt 0.309957 0.603919
vt 0.816909 0.812322
vt 0.799498 0.811925
vt 0.265501 0.542821
vt 0.243501 0.537664
vt 0.279089 0.662611
vt 0.261671 0.662611
vt 0.243501 0.440029
vt 0.244253 0.662611
vt 0.834319 0.812720
vt 0.265532 0.434607
vt 0.306438 0.497588
vt 0.293725 0.671247
vt 0.243501 0.790450
vt 0.303380 0.461362
vt 0.539642 0.121466
vt 0.312241 0.670335
vt 0.243501 0.826016
vt 0.539545 0.157031
vt 0.303334 0.515616
vt 0.330756 0.669423
vt 0.306468 0.479368
vt 0.243501 0.808233
vt 0.539593 0.139248
vt 0.442485 0.937545
vt 0.832750 0.327514
vt 0.193365 0.328407
vt 0.987526 0.086376
vt 0.428375 0.937545
vt 0.833337 0.313754
vt 0.222303 0.322651
vt 0.988753 0.057603
vt 0.414536 0.934793
vt 0.834290 0.300867
vt 0.249561 0.311360
vt 0.990746 0.030657
vt 0.835572 0.289349
vt 0.401499 0.929393
vt 0.221579 0.735263
vt 0.993428 0.006572
vt 0.274093 0.294968
vt 0.791294 0.239235
vt 0.389767 0.921553
vt 0.220313 0.725449
vt 0.294955 0.274104
vt 0.788647 0.218712
vt 0.379790 0.911576
vt 0.219318 0.713845
vt 0.311347 0.249571
vt 0.786566 0.194448
vt 0.371950 0.899843
vt 0.218633 0.700898
vt 0.322638 0.222312
vt 0.785134 0.167376
vt 0.366551 0.886807
vt 0.218284 0.687105
vt 0.328394 0.193374
vt 0.784403 0.138534
vt 0.363798 0.872967
vt 0.218284 0.672996
vt 0.328394 0.163868
vt 0.784403 0.109033
vt 0.363798 0.858856
vt 0.218633 0.659114
vt 0.322638 0.134930
vt 0.785134 0.080005
vt 0.366551 0.845017
vt 0.219318 0.645991
vt 0.311347 0.107670
vt 0.786566 0.052566
vt 0.371950 0.831981
vt 0.220313 0.634133
vt 0.294955 0.083137
vt 0.788647 0.027771
vt 0.379790 0.820248
vt 0.221579 0.623995
vt 0.835041 0.510861
vt 0.791294 0.006572
vt 0.274093 0.062274
vt 0.196182 0.834019
vt 0.389767 0.810270
vt 0.833961 0.499648
vt 0.249561 0.045881
vt 0.193924 0.810573
vt 0.401500 0.802431
vt 0.833159 0.486979
vt 0.222302 0.034590
vt 0.192246 0.784083
vt 0.414536 0.797031
vt 0.832665 0.473342
vt 0.193365 0.028834
vt 0.191213 0.755567
vt 0.428375 0.794278
vt 0.832498 0.459259
vt 0.163861 0.028833
vt 0.190864 0.726121
vt 0.442485 0.794278
vt 0.832665 0.445274
vt 0.134923 0.034589
vt 0.191213 0.696876
vt 0.456325 0.797031
vt 0.833159 0.431922
vt 0.107665 0.045880
vt 0.192246 0.668957
vt 0.469361 0.802431
vt 0.833961 0.419717
vt 0.083133 0.062273
vt 0.193924 0.643437
vt 0.835041 0.409128
vt 0.481093 0.810270
vt 0.843819 0.637511
vt 0.196182 0.621295
vt 0.062271 0.083136
vt 0.785626 0.976271
vt 0.491071 0.820248
vt 0.842451 0.625791
vt 0.045879 0.107669
vt 0.782766 0.951765
vt 0.498910 0.831981
vt 0.841509 0.612763
vt 0.034588 0.134928
vt 0.780796 0.924524
vt 0.504310 0.845017
vt 0.841028 0.598928
vt 0.028832 0.163867
vt 0.779791 0.895595
vt 0.507062 0.858856
vt 0.841028 0.584818
vt 0.028832 0.193372
vt 0.779791 0.866090
vt 0.507062 0.872967
vt 0.841509 0.570974
vt 0.780796 0.837142
vt 0.034588 0.222310
vt 0.504310 0.886807
vt 0.842451 0.557929
vt 0.045879 0.249570
vt 0.782766 0.809864
vt 0.498910 0.899843
vt 0.843819 0.546183
vt 0.835572 0.390879
vt 0.785626 0.785304
vt 0.062271 0.274103
vt 0.993428 0.218873
vt 0.491070 0.911576
vt 0.834290 0.380639
vt 0.083134 0.294966
vt 0.990746 0.197460
vt 0.481093 0.921553
vt 0.833337 0.368702
vt 0.107665 0.311359
vt 0.988753 0.172500
vt 0.469361 0.929393
vt 0.832750 0.355526
vt 0.134924 0.322650
vt 0.987526 0.144950
vt 0.456324 0.934793
vt 0.832552 0.341619
vt 0.163861 0.328407
vt 0.987112 0.115869
vt 0.006972 0.450626
vt 0.228796 0.344057
vt 0.006572 0.484217
vt 0.195558 0.350668
vt 0.008159 0.418558
vt 0.260105 0.331088
vt 0.010086 0.389244
vt 0.288283 0.312259
vt 0.012680 0.363812
vt 0.599474 0.550656
vt 0.312246 0.288295
vt 0.627622 0.547370
vt 0.331074 0.260116
vt 0.658911 0.545107
vt 0.344043 0.228806
vt 0.692140 0.543954
vt 0.350654 0.195566
vt 0.726030 0.543954
vt 0.350654 0.161676
vt 0.759280 0.545107
vt 0.344043 0.128436
vt 0.790612 0.547370
vt 0.331074 0.097126
vt 0.818822 0.550656
vt 0.371053 0.530810
vt 0.312246 0.068946
vt 0.367972 0.506216
vt 0.288283 0.044982
vt 0.365683 0.477545
vt 0.260105 0.026153
vt 0.364274 0.445901
vt 0.228796 0.013184
vt 0.363798 0.412498
vt 0.195557 0.006572
vt 0.364274 0.378622
vt 0.161668 0.006572
vt 0.365683 0.345573
vt 0.128430 0.013183
vt 0.367972 0.314621
vt 0.097121 0.026152
vt 0.371053 0.286957
vt 0.579462 0.006572
vt 0.068943 0.044981
vt 0.582503 0.030144
vt 0.044980 0.068945
vt 0.584892 0.058014
vt 0.026152 0.097124
vt 0.586538 0.089111
vt 0.013183 0.128435
vt 0.587377 0.122238
vt 0.006572 0.161674
vt 0.587377 0.156124
vt 0.006572 0.195564
vt 0.586538 0.189466
vt 0.013183 0.228804
vt 0.584892 0.220983
vt 0.026152 0.260115
vt 0.582503 0.249464
vt 0.044980 0.288294
vt 0.579462 0.273813
vt 0.012680 0.608152
vt 0.068943 0.312258
vt 0.010086 0.581221
vt 0.097121 0.331087
vt 0.008159 0.550793
vt 0.128431 0.344056
vt 0.006972 0.518039
vt 0.161669 0.350668
vt 0.676034 0.290955
vt 0.805578 0.070142
vt 0.696133 0.286957
vt 0.804725 0.090126
vt 0.657102 0.298797
vt 0.806962 0.051427
vt 0.640064 0.310182
vt 0.808825 0.034698
vt 0.605307 0.202832
vt 0.625574 0.324673
vt 0.603468 0.188578
vt 0.614189 0.341712
vt 0.602023 0.171725
vt 0.606347 0.360645
vt 0.601028 0.152922
vt 0.602349 0.380744
vt 0.600521 0.132890
vt 0.602350 0.401237
vt 0.600521 0.112400
vt 0.606348 0.421336
vt 0.601028 0.092239
vt 0.614190 0.440269
vt 0.602023 0.073181
vt 0.625575 0.457309
vt 0.603468 0.055960
vt 0.640065 0.471799
vt 0.010265 0.803473
vt 0.605307 0.041236
vt 0.657103 0.483185
vt 0.008697 0.787189
vt 0.676036 0.491027
vt 0.007532 0.768790
vt 0.696134 0.495025
vt 0.006814 0.748985
vt 0.716626 0.495025
vt 0.006572 0.728533
vt 0.736724 0.491027
vt 0.006814 0.708221
vt 0.755657 0.483184
vt 0.007532 0.688830
vt 0.772695 0.471799
vt 0.008697 0.671105
vt 0.787185 0.457309
vt 0.010265 0.655726
vt 0.603526 0.946991
vt 0.798570 0.440269
vt 0.601540 0.929971
vt 0.806412 0.421336
vt 0.600171 0.911051
vt 0.810409 0.401237
vt 0.599474 0.890958
vt 0.810409 0.380744
vt 0.599474 0.870465
vt 0.806411 0.360645
vt 0.600171 0.850360
vt 0.798569 0.341712
vt 0.601540 0.831414
vt 0.787184 0.324673
vt 0.603526 0.814356
vt 0.808824 0.182151
vt 0.772694 0.310182
vt 0.806962 0.167280
vt 0.755655 0.298797
vt 0.805578 0.149943
vt 0.736723 0.290955
vt 0.804725 0.130809
vt 0.716625 0.286957
vt 0.804438 0.110611
vt 0.491262 0.575417
vt 0.228576 0.486285
vt 0.508108 0.578768
vt 0.228779 0.469260
vt 0.523977 0.585341
vt 0.229380 0.453007
vt 0.538259 0.594884
vt 0.230357 0.438150
vt 0.653608 0.772161
vt 0.550405 0.607030
vt 0.559947 0.621312
vt 0.667874 0.770495
vt 0.566521 0.637181
vt 0.683732 0.769349
vt 0.569872 0.654028
vt 0.700574 0.768764
vt 0.569872 0.671204
vt 0.717750 0.768764
vt 0.566521 0.688051
vt 0.734603 0.769349
vt 0.559947 0.703920
vt 0.750483 0.770495
vt 0.550405 0.718202
vt 0.764780 0.772161
vt 0.589206 0.456115
vt 0.538259 0.730348
vt 0.523977 0.739891
vt 0.588046 0.441584
vt 0.508108 0.746465
vt 0.587331 0.425545
vt 0.491262 0.749816
vt 0.587090 0.408616
vt 0.474085 0.749816
vt 0.587331 0.391446
vt 0.457239 0.746465
vt 0.588046 0.374696
vt 0.589206 0.359009
vt 0.441370 0.739892
vt 0.427088 0.730349
vt 0.414943 0.718204
vt 0.405400 0.703922
vt 0.363798 0.098977
vt 0.398827 0.688052
vt 0.364632 0.114737
vt 0.395476 0.671206
vt 0.365057 0.131527
vt 0.395476 0.654029
vt 0.365057 0.148702
vt 0.398827 0.637182
vt 0.364632 0.165601
vt 0.363798 0.181574
vt 0.405400 0.621313
vt 0.414943 0.607031
vt 0.427088 0.594885
vt 0.441370 0.585342
vt 0.230357 0.535450
vt 0.229380 0.520028
vt 0.457239 0.578769
vt 0.474085 0.575417
vt 0.228779 0.503427
vt 0.490074 0.587483
vt 0.823761 0.326987
vt 0.504589 0.590370
vt 0.824376 0.312555
vt 0.518262 0.596034
vt 0.825376 0.299038
vt 0.530568 0.604256
vt 0.826721 0.286957
vt 0.212782 0.738000
vt 0.541033 0.614721
vt 0.211454 0.727706
vt 0.549255 0.627027
vt 0.210410 0.715535
vt 0.554919 0.640700
vt 0.209692 0.701955
vt 0.557806 0.655216
vt 0.209325 0.687488
vt 0.557806 0.670016
vt 0.209325 0.672690
vt 0.554919 0.684532
vt 0.209692 0.658130
vt 0.549255 0.698205
vt 0.210410 0.644366
vt 0.541033 0.710511
vt 0.211454 0.631929
vt 0.212782 0.621295
vt 0.530568 0.720977
vt 0.826220 0.513296
vt 0.518262 0.729199
vt 0.825087 0.501535
vt 0.504589 0.734863
vt 0.824246 0.488247
vt 0.490074 0.737751
vt 0.823728 0.473944
vt 0.475274 0.737751
vt 0.823553 0.459173
vt 0.460758 0.734863
vt 0.823728 0.444504
vt 0.447085 0.729200
vt 0.824246 0.430500
vt 0.434779 0.720977
vt 0.825087 0.417698
vt 0.424314 0.710512
vt 0.826220 0.406592
vt 0.834893 0.639744
vt 0.416092 0.698207
vt 0.833458 0.627452
vt 0.410428 0.684533
vt 0.832470 0.613787
vt 0.407541 0.670017
vt 0.831966 0.599276
vt 0.407541 0.655217
vt 0.831966 0.584476
vt 0.410428 0.640702
vt 0.832470 0.569956
vt 0.416092 0.627028
vt 0.833458 0.556273
vt 0.834893 0.543954
vt 0.424314 0.614722
vt 0.826721 0.393448
vt 0.434779 0.604257
vt 0.825376 0.382708
vt 0.447085 0.596034
vt 0.824376 0.370187
vt 0.460758 0.590370
vt 0.823761 0.356368
vt 0.475274 0.587483
vt 0.823553 0.341781
vt 0.174277 0.484860
vt 0.122851 0.484415
vt 0.059510 0.484204
vt 0.059897 0.451784
vt 0.123206 0.454636
vt 0.174589 0.458733
vt 0.061042 0.420834
vt 0.124258 0.426207
vt 0.175512 0.433790
vt 0.062902 0.392542
vt 0.125967 0.400220
vt 0.567691 0.558597
vt 0.177011 0.410989
vt 0.603289 0.603257
vt 0.065405 0.367996
vt 0.611911 0.666292
vt 0.128266 0.377673
vt 0.623843 0.717588
vt 0.586330 0.577237
vt 0.179028 0.391208
vt 0.630456 0.600086
vt 0.636865 0.663379
vt 0.645737 0.715032
vt 0.660655 0.597902
vt 0.664604 0.661373
vt 0.670074 0.713272
vt 0.692725 0.596789
vt 0.694061 0.660350
vt 0.695920 0.712375
vt 0.725434 0.596789
vt 0.724106 0.660350
vt 0.722280 0.712375
vt 0.757525 0.597902
vt 0.753583 0.661373
vt 0.748142 0.713272
vt 0.787765 0.600086
vt 0.781359 0.663379
vt 0.772513 0.715032
vt 0.423716 0.526799
vt 0.814991 0.603257
vt 0.486607 0.517170
vt 0.806368 0.666292
vt 0.537521 0.503478
vt 0.586330 0.747849
vt 0.794455 0.717588
vt 0.420743 0.503062
vt 0.483876 0.495366
vt 0.567691 0.766488
vt 0.535125 0.484348
vt 0.418534 0.475391
vt 0.481847 0.469949
vt 0.533344 0.462048
vt 0.417174 0.444850
vt 0.480597 0.441896
vt 0.532248 0.437435
vt 0.416714 0.412612
vt 0.480175 0.412284
vt 0.531878 0.411454
vt 0.417174 0.379916
vt 0.480597 0.382251
vt 0.532248 0.385104
vt 0.418534 0.348019
vt 0.481847 0.352953
vt 0.533344 0.359398
vt 0.420743 0.318146
vt 0.483876 0.325514
vt 0.418999 0.781135
vt 0.535125 0.335324
vt 0.526806 0.011182
vt 0.423716 0.291446
vt 0.464060 0.021699
vt 0.486607 0.300989
vt 0.413427 0.036315
vt 0.397082 0.766490
vt 0.537521 0.313806
vt 0.529741 0.033933
vt 0.466756 0.042596
vt 0.378443 0.747850
vt 0.415792 0.054650
vt 0.532047 0.060832
vt 0.468874 0.067304
vt 0.417650 0.076328
vt 0.363798 0.725933
vt 0.533636 0.090844
vt 0.470333 0.094871
vt 0.418930 0.100515
vt 0.544473 0.122838
vt 0.334614 0.462773
vt 0.329978 0.700736
vt 0.471077 0.124240
vt 0.244177 0.721784
vt 0.331197 0.389918
vt 0.419583 0.126282
vt 0.544473 0.155543
vt 0.333883 0.514020
vt 0.297281 0.701643
vt 0.471077 0.154280
vt 0.330455 0.587008
vt 0.274216 0.721196
vt 0.419583 0.152639
vt 0.533636 0.187702
vt 0.470333 0.183839
vt 0.418930 0.178573
vt 0.532047 0.218120
vt 0.468874 0.211779
vt 0.363798 0.599157
vt 0.417650 0.203087
vt 0.529741 0.245608
vt 0.466756 0.237027
vt 0.415792 0.225239
vt 0.378443 0.577239
vt 0.065405 0.603819
vt 0.526806 0.269108
vt 0.128266 0.594285
vt 0.464060 0.258614
vt 0.413427 0.244179
vt 0.179028 0.581258
vt 0.397082 0.558599
vt 0.062902 0.577826
vt 0.125967 0.570410
vt 0.177011 0.560310
vt 0.418999 0.543954
vt 0.061042 0.548460
vt 0.124258 0.543436
vt 0.175512 0.536644
vt 0.059897 0.516848
vt 0.123206 0.514399
vt 0.174589 0.511167
vt 0.331746 0.421479
vt 0.502761 0.123528
vt 0.334614 0.363812
vt 0.445330 0.125261
vt 0.327031 0.715506
vt 0.331006 0.555395
vt 0.502761 0.154901
vt 0.445330 0.153459
vt 0.333883 0.613135
vt 0.298838 0.714786
vt 0.419583 0.139460
vt 0.471077 0.139260
vt 0.259197 0.721490
vt 0.544473 0.139190
vt 0.313629 0.701189
vt 0.502761 0.139215
vt 0.445330 0.139360
vt 0.312935 0.715146
vt 0.262039 0.626278
vt 0.312241 0.627190
vt 0.280576 0.626278
vt 0.260827 0.503014
vt 0.293725 0.628102
vt 0.330756 0.626278
vt 0.260809 0.474492
vt 0.243501 0.626278
vt 0.243903 0.643961
vt 0.248415 0.458120
vt 0.279469 0.643961
vt 0.248429 0.519520
vt 0.261686 0.643961
vt 0.261964 0.683487
vt 0.245041 0.558655
vt 0.278991 0.683487
vt 0.244936 0.683487
vt 0.245066 0.419012
vt 0.327031 0.793311
vt 0.246965 0.708052
vt 0.261555 0.392602
vt 0.278933 0.708052
vt 0.261482 0.584846
vt 0.295099 0.791809
vt 0.262949 0.708052
vt 0.311065 0.792560
vt 0.281791 0.383542
vt 0.326997 0.771503
vt 0.311031 0.770752
vt 0.815952 0.832804
vt 0.260514 0.776064
vt 0.243501 0.776763
vt 0.278724 0.406751
vt 0.832972 0.833192
vt 0.295065 0.770001
vt 0.281684 0.593663
vt 0.278646 0.570512
vt 0.798932 0.832416
vt 0.277528 0.775365
vt 0.798770 0.785304
vt 0.269747 0.825472
vt 0.275710 0.518279
vt 0.293720 0.646074
vt 0.281202 0.495202
vt 0.330751 0.644250
vt 0.281199 0.482058
vt 0.269747 0.789906
vt 0.275745 0.458823
vt 0.834319 0.786115
vt 0.269747 0.807689
vt 0.816544 0.785710
vt 0.312235 0.645162
vt 0.309431 0.742779
vt 0.244017 0.741700
vt 0.311037 0.391365
vt 0.315503 0.586174
vt 0.277528 0.735684
vt 0.325143 0.745697
vt 0.305825 0.373184
vt 0.260772 0.738692
vt 0.293720 0.739861
vt 0.309957 0.603919
vt 0.816909 0.812322
vt 0.799498 0.811925
vt 0.265501 0.542821
vt 0.243501 0.537664
vt 0.279089 0.662611
vt 0.261671 0.662611
vt 0.243501 0.440029
vt 0.244253 0.662611
vt 0.834319 0.812720
vt 0.265532 0.434607
vt 0.306438 0.497588
vt 0.293725 0.671247
vt 0.243501 0.790450
vt 0.303380 0.461362
vt 0.539642 0.121466
vt 0.312241 0.670335
vt 0.243501 0.826016
vt 0.539545 0.157031
vt 0.303334 0.515616
vt 0.330756 0.669423
vt 0.306468 0.479368
vt 0.243501 0.808233
vt 0.539593 0.139248
vt 0.442485 0.937545
vt 0.832750 0.327514
vt 0.193365 0.328407
vt 0.987526 0.086376
vt 0.428375 0.937545
vt 0.833337 0.313754
vt 0.222303 0.322651
vt 0.988753 0.057603
vt 0.414536 0.934793
vt 0.834290 0.300867
vt 0.249561 0.311360
vt 0.990746 0.030657
vt 0.835572 0.289349
vt 0.401499 0.929393
vt 0.221579 0.735263
vt 0.993428 0.006572
vt 0.274093 0.294968
vt 0.791294 0.239235
vt 0.389767 0.921553
vt 0.220313 0.725449
vt 0.294955 0.274104
vt 0.788647 0.218712
vt 0.379790 0.911576
vt 0.219318 0.713845
vt 0.311347 0.249571
vt 0.786566 0.194448
vt 0.371950 0.899843
vt 0.218633 0.700898
vt 0.322638 0.222312
vt 0.785134 0.167376
vt 0.366551 0.886807
vt 0.218284 0.687105
vt 0.328394 0.193374
vt 0.784403 0.138534
vt 0.363798 0.872967
vt 0.218284 0.672996
vt 0.328394 0.163868
vt 0.784403 0.109033
vt 0.363798 0.858856
vt 0.218633 0.659114
vt 0.322638 0.134930
vt 0.785134 0.080005
vt 0.366551 0.845017
vt 0.219318 0.645991
vt 0.311347 0.107670
vt 0.786566 0.052566
vt 0.371950 0.831981
vt 0.220313 0.634133
vt 0.294955 0.083137
vt 0.788647 0.027771
vt 0.221579 0.623995
vt 0.379790 0.820248
vt 0.835041 0.510861
vt 0.791294 0.006572
vt 0.274093 0.062274
vt 0.196182 0.834019
vt 0.389767 0.810270
vt 0.833961 0.499648
vt 0.249561 0.045881
vt 0.193924 0.810573
vt 0.401500 0.802431
vt 0.833159 0.486979
vt 0.222302 0.034590
vt 0.192246 0.784083
vt 0.414536 0.797031
vt 0.832665 0.473342
vt 0.193365 0.028834
vt 0.191213 0.755567
vt 0.428375 0.794278
vt 0.832498 0.459259
vt 0.163861 0.028833
vt 0.190864 0.726121
vt 0.442485 0.794278
vt 0.832665 0.445274
vt 0.134923 0.034589
vt 0.191213 0.696876
vt 0.456325 0.797031
vt 0.833159 0.431922
vt 0.107665 0.045880
vt 0.192246 0.668957
vt 0.469361 0.802431
vt 0.833961 0.419717
vt 0.083133 0.062273
vt 0.193924 0.643437
vt 0.835041 0.409128
vt 0.481093 0.810270
vt 0.843819 0.637511
vt 0.196182 0.621295
vt 0.062271 0.083136
vt 0.785626 0.976271
vt 0.491071 0.820248
vt 0.842451 0.625791
vt 0.045879 0.107669
vt 0.782766 0.951765
vt 0.498910 0.831981
vt 0.841509 0.612763
vt 0.034588 0.134928
vt 0.780796 0.924524
vt 0.504310 0.845017
vt 0.841028 0.598928
vt 0.028832 0.163867
vt 0.779791 0.895595
vt 0.507062 0.858856
vt 0.841028 0.584818
vt 0.028832 0.193372
vt 0.779791 0.866090
vt 0.507062 0.872967
vt 0.841509 0.570974
vt 0.034588 0.222310
vt 0.780796 0.837142
vt 0.504310 0.886807
vt 0.842451 0.557929
vt 0.045879 0.249570
vt 0.782766 0.809864
vt 0.498910 0.899843
vt 0.843819 0.546183
vt 0.835572 0.390879
vt 0.785626 0.785304
vt 0.062271 0.274103
vt 0.993428 0.218873
vt 0.491070 0.911576
vt 0.834290 0.380639
vt 0.083134 0.294966
vt 0.990746 0.197460
vt 0.481093 0.921553
vt 0.833337 0.368702
vt 0.107665 0.311359
vt 0.988753 0.172500
vt 0.469361 0.929393
vt 0.832750 0.355526
vt 0.134924 0.322650
vt 0.987526 0.144950
vt 0.456324 0.934793
vt 0.832552 0.341619
vt 0.163861 0.328407
vt 0.987112 0.115869
vt 0.006972 0.450626
vt 0.228796 0.344057
vt 0.006572 0.484217
vt 0.195558 0.350668
vt 0.008159 0.418558
vt 0.260105 0.331088
vt 0.010086 0.389244
vt 0.288283 0.312259
vt 0.012680 0.363812
vt 0.599474 0.550656
vt 0.312246 0.288295
vt 0.627622 0.547370
vt 0.331074 0.260116
vt 0.658911 0.545107
vt 0.344043 0.228806
vt 0.692140 0.543954
vt 0.350654 0.195566
vt 0.726030 0.543954
vt 0.350654 0.161676
vt 0.759280 0.545107
vt 0.344043 0.128436
vt 0.790612 0.547370
vt 0.331074 0.097126
vt 0.818822 0.550656
vt 0.371053 0.530810
vt 0.312246 0.068946
vt 0.367972 0.506216
vt 0.288283 0.044982
vt 0.365683 0.477545
vt 0.260105 0.026153
vt 0.364274 0.445901
vt 0.228796 0.013184
vt 0.363798 0.412498
vt 0.195557 0.006572
vt 0.364274 0.378622
vt 0.161668 0.006572
vt 0.365683 0.345573
vt 0.128430 0.013183
vt 0.367972 0.314621
vt 0.097121 0.026152
vt 0.371053 0.286957
vt 0.579462 0.006572
vt 0.068943 0.044981
vt 0.582503 0.030144
vt 0.044980 0.068945
vt 0.584892 0.058014
vt 0.026152 0.097124
vt 0.586538 0.089111
vt 0.013183 0.128435
vt 0.587377 0.122238
vt 0.006572 0.161674
vt 0.587377 0.156124
vt 0.006572 0.195564
vt 0.586538 0.189466
vt 0.013183 0.228804
vt 0.584892 0.220983
vt 0.026152 0.260115
vt 0.582503 0.249464
vt 0.044980 0.288294
vt 0.579462 0.273813
vt 0.012680 0.608152
vt 0.068943 0.312258
vt 0.010086 0.581221
vt 0.097121 0.331087
vt 0.008159 0.550793
vt 0.128431 0.344056
vt 0.006972 0.518039
vt 0.161669 0.350668
vt 0.676034 0.290955
vt 0.805578 0.070142
vt 0.696133 0.286957
vt 0.804725 0.090126
vt 0.657102 0.298797
vt 0.806962 0.051427
vt 0.640064 0.310182
vt 0.808825 0.034698
vt 0.605307 0.202832
vt 0.625574 0.324673
vt 0.603468 0.188578
vt 0.614189 0.341712
vt 0.602023 0.171725
vt 0.606347 0.360645
vt 0.601028 0.152922
vt 0.602349 0.380744
vt 0.600521 0.132890
vt 0.602350 0.401237
vt 0.600521 0.112400
vt 0.606348 0.421336
vt 0.601028 0.092239
vt 0.614190 0.440269
vt 0.602023 0.073181
vt 0.625575 0.457309
vt 0.603468 0.055960
vt 0.640065 0.471799
vt 0.010265 0.803473
vt 0.605307 0.041236
vt 0.657103 0.483185
vt 0.008697 0.787189
vt 0.676036 0.491027
vt 0.007532 0.768790
vt 0.696134 0.495025
vt 0.006814 0.748985
vt 0.716626 0.495025
vt 0.006572 0.728533
vt 0.736724 0.491027
vt 0.006814 0.708221
vt 0.755657 0.483184
vt 0.007532 0.688830
vt 0.772695 0.471799
vt 0.008697 0.671105
vt 0.787185 0.457309
vt 0.010265 0.655726
vt 0.603526 0.946991
vt 0.798570 0.440269
vt 0.601540 0.929971
vt 0.806412 0.421336
vt 0.600171 0.911051
vt 0.810409 0.401237
vt 0.599474 0.890958
vt 0.810409 0.380744
vt 0.599474 0.870465
vt 0.600171 0.850360
vt 0.806411 0.360645
vt 0.798569 0.341712
vt 0.601540 0.831414
vt 0.787184 0.324673
vt 0.603526 0.814356
vt 0.808824 0.182151
vt 0.772694 0.310182
vt 0.806962 0.167280
vt 0.755655 0.298797
vt 0.805578 0.149943
vt 0.736723 0.290955
vt 0.804725 0.130809
vt 0.716625 0.286957
vt 0.804438 0.110611
vt 0.491262 0.575417
vt 0.228576 0.486285
vt 0.228779 0.469260
vt 0.508108 0.578768
vt 0.523977 0.585341
vt 0.229380 0.453007
vt 0.538259 0.594884
vt 0.230357 0.438150
vt 0.653608 0.772161
vt 0.550405 0.607030
vt 0.559947 0.621312
vt 0.667874 0.770495
vt 0.566521 0.637181
vt 0.683732 0.769349
vt 0.569872 0.654028
vt 0.700574 0.768764
vt 0.569872 0.671204
vt 0.717750 0.768764
vt 0.566521 0.688051
vt 0.734603 0.769349
vt 0.559947 0.703920
vt 0.750483 0.770495
vt 0.550405 0.718202
vt 0.764780 0.772161
vt 0.589206 0.456115
vt 0.538259 0.730348
vt 0.523977 0.739891
vt 0.588046 0.441584
vt 0.508108 0.746465
vt 0.587331 0.425545
vt 0.491262 0.749816
vt 0.587090 0.408616
vt 0.474085 0.749816
vt 0.587331 0.391446
vt 0.457239 0.746465
vt 0.588046 0.374696
vt 0.589206 0.359009
vt 0.441370 0.739892
vt 0.427088 0.730349
vt 0.414943 0.718204
vt 0.405400 0.703922
vt 0.363798 0.098977
vt 0.398827 0.688052
vt 0.364632 0.114737
vt 0.395476 0.671206
vt 0.365057 0.131527
vt 0.395476 0.654029
vt 0.365057 0.148702
vt 0.398827 0.637182
vt 0.364632 0.165601
vt 0.363798 0.181574
vt 0.405400 0.621313
vt 0.414943 0.607031
vt 0.427088 0.594885
vt 0.441370 0.585342
vt 0.230357 0.535450
vt 0.229380 0.520028
vt 0.457239 0.578769
vt 0.474085 0.575417
vt 0.228779 0.503427
vt 0.490074 0.587483
vt 0.823761 0.326987
vt 0.504589 0.590370
vt 0.824376 0.312555
vt 0.518262 0.596034
vt 0.825376 0.299038
vt 0.530568 0.604256
vt 0.826721 0.286957
vt 0.212782 0.738000
vt 0.541033 0.614721
vt 0.211454 0.727706
vt 0.549255 0.627027
vt 0.210410 0.715535
vt 0.554919 0.640700
vt 0.209692 0.701955
vt 0.557806 0.655216
vt 0.209325 0.687488
vt 0.557806 0.670016
vt 0.209325 0.672690
vt 0.554919 0.684532
vt 0.209692 0.658130
vt 0.549255 0.698205
vt 0.210410 0.644366
vt 0.541033 0.710511
vt 0.211454 0.631929
vt 0.530568 0.720977
vt 0.212782 0.621295
vt 0.826220 0.513296
vt 0.518262 0.729199
vt 0.825087 0.501535
vt 0.504589 0.734863
vt 0.824246 0.488247
vt 0.490074 0.737751
vt 0.823728 0.473944
vt 0.475274 0.737751
vt 0.823553 0.459173
vt 0.460758 0.734863
vt 0.823728 0.444504
vt 0.447085 0.729200
vt 0.824246 0.430500
vt 0.434779 0.720977
vt 0.825087 0.417698
vt 0.424314 0.710512
vt 0.826220 0.406592
vt 0.834893 0.639744
vt 0.416092 0.698207
vt 0.833458 0.627452
vt 0.410428 0.684533
vt 0.832470 0.613787
vt 0.407541 0.670017
vt 0.831966 0.599276
vt 0.407541 0.655217
vt 0.831966 0.584476
vt 0.410428 0.640702
vt 0.832470 0.569956
vt 0.416092 0.627028
vt 0.833458 0.556273
vt 0.834893 0.543954
vt 0.424314 0.614722
vt 0.826721 0.393448
vt 0.434779 0.604257
vt 0.825376 0.382708
vt 0.447085 0.596034
vt 0.824376 0.370187
vt 0.460758 0.590370
vt 0.823761 0.356368
vt 0.475274 0.587483
vt 0.823553 0.341781
vt 0.174277 0.484860
vt 0.122851 0.484415
vt 0.059510 0.484204
vt 0.059897 0.451784
vt 0.123206 0.454636
vt 0.174589 0.458733
vt 0.061042 0.420834
vt 0.124258 0.426207
vt 0.175512 0.433790
vt 0.062902 0.392542
vt 0.125967 0.400220
vt 0.567691 0.558597
vt 0.177011 0.410989
vt 0.603289 0.603257
vt 0.065405 0.367996
vt 0.611911 0.666292
vt 0.128266 0.377673
vt 0.623843 0.717588
vt 0.586330 0.577237
vt 0.179028 0.391208
vt 0.630456 0.600086
vt 0.636865 0.663379
vt 0.645737 0.715032
vt 0.660655 0.597902
vt 0.664604 0.661373
vt 0.670074 0.713272
vt 0.692725 0.596789
vt 0.694061 0.660350
vt 0.695920 0.712375
vt 0.725434 0.596789
vt 0.724106 0.660350
vt 0.722280 0.712375
vt 0.757525 0.597902
vt 0.753583 0.661373
vt 0.748142 0.713272
vt 0.787765 0.600086
vt 0.781359 0.663379
vt 0.772513 0.715032
vt 0.423716 0.526799
vt 0.814991 0.603257
vt 0.486607 0.517170
vt 0.806368 0.666292
vt 0.537521 0.503478
vt 0.586330 0.747849
vt 0.794455 0.717588
vt 0.420743 0.503062
vt 0.483876 0.495366
vt 0.567691 0.766488
vt 0.535125 0.484348
vt 0.418534 0.475391
vt 0.481847 0.469949
vt 0.533344 0.462048
vt 0.417174 0.444850
vt 0.480597 0.441896
vt 0.532248 0.437435
vt 0.416714 0.412612
vt 0.480175 0.412284
vt 0.531878 0.411454
vt 0.417174 0.379916
vt 0.480597 0.382251
vt 0.532248 0.385104
vt 0.418534 0.348019
vt 0.481847 0.352953
vt 0.533344 0.359398
vt 0.420743 0.318146
vt 0.483876 0.325514
vt 0.418999 0.781135
vt 0.535125 0.335324
vt 0.526806 0.011182
vt 0.423716 0.291446
vt 0.464060 0.021699
vt 0.486607 0.300989
vt 0.413427 0.036315
vt 0.397082 0.766490
vt 0.537521 0.313806
vt 0.529741 0.033933
vt 0.466756 0.042596
vt 0.378443 0.747850
vt 0.415792 0.054650
vt 0.532047 0.060832
vt 0.468874 0.067304
vt 0.417650 0.076328
vt 0.363798 0.725933
vt 0.533636 0.090844
vt 0.470333 0.094871
vt 0.418930 0.100515
vt 0.544473 0.122838
vt 0.334614 0.462773
vt 0.329978 0.700736
vt 0.471077 0.124240
vt 0.244177 0.721784
vt 0.331197 0.389918
vt 0.419583 0.126282
vt 0.544473 0.155543
vt 0.333883 0.514020
vt 0.297281 0.701643
vt 0.471077 0.154280
vt 0.330455 0.587008
vt 0.274216 0.721196
vt 0.419583 0.152639
vt 0.533636 0.187702
vt 0.470333 0.183839
vt 0.418930 0.178573
vt 0.532047 0.218120
vt 0.468874 0.211779
vt 0.363798 0.599157
vt 0.417650 0.203087
vt 0.529741 0.245608
vt 0.466756 0.237027
vt 0.415792 0.225239
vt 0.378443 0.577239
vt 0.065405 0.603819
vt 0.526806 0.269108
vt 0.128266 0.594285
vt 0.464060 0.258614
vt 0.413427 0.244179
vt 0.179028 0.581258
vt 0.397082 0.558599
vt 0.062902 0.577826
vt 0.125967 0.570410
vt 0.177011 0.560310
vt 0.418999 0.543954
vt 0.061042 0.548460
vt 0.124258 0.543436
vt 0.175512 0.536644
vt 0.059897 0.516848
vt 0.123206 0.514399
vt 0.174589 0.511167
vt 0.331746 0.421479
vt 0.502761 0.123528
vt 0.334614 0.363812
vt 0.445330 0.125261
vt 0.327031 0.715506
vt 0.331006 0.555395
vt 0.502761 0.154901
vt 0.445330 0.153459
vt 0.333883 0.613135
vt 0.298838 0.714786
vt 0.419583 0.139460
vt 0.471077 0.139260
vt 0.259197 0.721490
vt 0.544473 0.139190
vt 0.313629 0.701189
vt 0.502761 0.139215
vt 0.445330 0.139360
vt 0.312935 0.715146
vt 0.262039 0.626278
vt 0.312241 0.627190
vt 0.280576 0.626278
vt 0.260827 0.503014
vt 0.293725 0.628102
vt 0.330756 0.626278
vt 0.260809 0.474492
vt 0.243501 0.626278
vt 0.243903 0.643961
vt 0.248415 0.458120
vt 0.279469 0.643961
vt 0.248429 0.519520
vt 0.261686 0.643961
vt 0.261964 0.683487
vt 0.245041 0.558655
vt 0.278991 0.683487
vt 0.244936 0.683487
vt 0.245066 0.419012
vt 0.327031 0.793311
vt 0.246965 0.708052
vt 0.261555 0.392602
vt 0.278933 0.708052
vt 0.261482 0.584846
vt 0.295099 0.791809
vt 0.262949 0.708052
vt 0.311065 0.792560
vt 0.281791 0.383542
vt 0.326997 0.771503
vt 0.311031 0.770752
vt 0.815952 0.832804
vt 0.260514 0.776064
vt 0.243501 0.776763
vt 0.278724 0.406751
vt 0.832972 0.833192
vt 0.295065 0.770001
vt 0.281684 0.593663
vt 0.278646 0.570512
vt 0.798932 0.832416
vt 0.277528 0.775365
vt 0.798770 0.785304
vt 0.269747 0.825472
vt 0.275710 0.518279
vt 0.293720 0.646074
vt 0.281202 0.495202
vt 0.330751 0.644250
vt 0.281199 0.482058
vt 0.269747 0.789906
vt 0.275745 0.458823
vt 0.834319 0.786115
vt 0.269747 0.807689
vt 0.816544 0.785710
vt 0.312235 0.645162
vt 0.309431 0.742779
vt 0.244017 0.741700
vt 0.311037 0.391365
vt 0.315503 0.586174
vt 0.277528 0.735684
vt 0.325143 0.745697
vt 0.305825 0.373184
vt 0.260772 0.738692
vt 0.293720 0.739861
vt 0.309957 0.603919
vt 0.816909 0.812322
vt 0.799498 0.811925
vt 0.265501 0.542821
vt 0.243501 0.537664
vt 0.279089 0.662611
vt 0.261671 0.662611
vt 0.243501 0.440029
vt 0.244253 0.662611
vt 0.834319 0.812720
vt 0.265532 0.434607
vt 0.306438 0.497588
vt 0.293725 0.671247
vt 0.243501 0.790450
vt 0.303380 0.461362
vt 0.539642 0.121466
vt 0.312241 0.670335
vt 0.243501 0.826016
vt 0.539545 0.157031
vt 0.303334 0.515616
vt 0.330756 0.669423
vt 0.306468 0.479368
vt 0.243501 0.808233
vt 0.539593 0.139248
vt 0.442485 0.937545
vt 0.832750 0.327514
vt 0.193365 0.328407
vt 0.987526 0.086376
vt 0.428375 0.937545
vt 0.833337 0.313754
vt 0.222303 0.322651
vt 0.988753 0.057603
vt 0.414536 0.934793
vt 0.834290 0.300867
vt 0.249561 0.311360
vt 0.990746 0.030657
vt 0.835572 0.289349
vt 0.401499 0.929393
vt 0.221579 0.735263
vt 0.993428 0.006572
vt 0.274093 0.294968
vt 0.791294 0.239235
vt 0.389767 0.921553
vt 0.220313 0.725449
vt 0.294955 0.274104
vt 0.788647 0.218712
vt 0.379790 0.911576
vt 0.219318 0.713845
vt 0.311347 0.249571
vt 0.786566 0.194448
vt 0.371950 0.899843
vt 0.218633 0.700898
vt 0.322638 0.222312
vt 0.785134 0.167376
vt 0.366551 0.886807
vt 0.218284 0.687105
vt 0.328394 0.193374
vt 0.784403 0.138534
vt 0.363798 0.872967
vt 0.218284 0.672996
vt 0.328394 0.163868
vt 0.784403 0.109033
vt 0.363798 0.858856
vt 0.218633 0.659114
vt 0.322638 0.134930
vt 0.785134 0.080005
vt 0.366551 0.845017
vt 0.219318 0.645991
vt 0.311347 0.107670
vt 0.786566 0.052566
vt 0.371950 0.831981
vt 0.220313 0.634133
vt 0.294955 0.083137
vt 0.788647 0.027771
vt 0.221579 0.623995
vt 0.379790 0.820248
vt 0.835041 0.510861
vt 0.791294 0.006572
vt 0.274093 0.062274
vt 0.196182 0.834019
vt 0.389767 0.810270
vt 0.833961 0.499648
vt 0.249561 0.045881
vt 0.193924 0.810573
vt 0.401500 0.802431
vt 0.833159 0.486979
vt 0.222302 0.034590
vt 0.192246 0.784083
vt 0.414536 0.797031
vt 0.832665 0.473342
vt 0.193365 0.028834
vt 0.191213 0.755567
vt 0.428375 0.794278
vt 0.832498 0.459259
vt 0.163861 0.028833
vt 0.190864 0.726121
vt 0.442485 0.794278
vt 0.832665 0.445274
vt 0.134923 0.034589
vt 0.191213 0.696876
vt 0.456325 0.797031
vt 0.833159 0.431922
vt 0.107665 0.045880
vt 0.192246 0.668957
vt 0.469361 0.802431
vt 0.833961 0.419717
vt 0.083133 0.062273
vt 0.193924 0.643437
vt 0.835041 0.409128
vt 0.481093 0.810270
vt 0.843819 0.637511
vt 0.196182 0.621295
vt 0.062271 0.083136
vt 0.785626 0.976271
vt 0.491071 0.820248
vt 0.842451 0.625791
vt 0.045879 0.107669
vt 0.782766 0.951765
vt 0.498910 0.831981
vt 0.841509 0.612763
vt 0.034588 0.134928
vt 0.780796 0.924524
vt 0.504310 0.845017
vt 0.841028 0.598928
vt 0.028832 0.163867
vt 0.779791 0.895595
vt 0.507062 0.858856
vt 0.841028 0.584818
vt 0.028832 0.193372
vt 0.779791 0.866090
vt 0.507062 0.872967
vt 0.841509 0.570974
vt 0.780796 0.837142
vt 0.034588 0.222310
vt 0.504310 0.886807
vt 0.842451 0.557929
vt 0.045879 0.249570
vt 0.782766 0.809864
vt 0.498910 0.899843
vt 0.843819 0.546183
vt 0.835572 0.390879
vt 0.785626 0.785304
vt 0.062271 0.274103
vt 0.993428 0.218873
vt 0.491070 0.911576
vt 0.834290 0.380639
vt 0.083134 0.294966
vt 0.990746 0.197460
vt 0.481093 0.921553
vt 0.833337 0.368702
vt 0.107665 0.311359
vt 0.988753 0.172500
vt 0.469361 0.929393
vt 0.832750 0.355526
vt 0.134924 0.322650
vt 0.987526 0.144950
vt 0.456324 0.934793
vt 0.832552 0.341619
vt 0.163861 0.328407
vt 0.987112 0.115869
vt 0.006972 0.450626
vt 0.228796 0.344057
vt 0.006572 0.484217
vt 0.195558 0.350668
vt 0.008159 0.418558
vt 0.260105 0.331088
vt 0.010086 0.389244
vt 0.288283 0.312259
vt 0.012680 0.363812
vt 0.599474 0.550656
vt 0.312246 0.288295
vt 0.627622 0.547370
vt 0.331074 0.260116
vt 0.658911 0.545107
vt 0.344043 0.228806
vt 0.692140 0.543954
vt 0.350654 0.195566
vt 0.726030 0.543954
vt 0.350654 0.161676
vt 0.759280 0.545107
vt 0.344043 0.128436
vt 0.790612 0.547370
vt 0.331074 0.097126
vt 0.818822 0.550656
vt 0.371053 0.530810
vt 0.312246 0.068946
vt 0.367972 0.506216
vt 0.288283 0.044982
vt 0.365683 0.477545
vt 0.260105 0.026153
vt 0.364274 0.445901
vt 0.228796 0.013184
vt 0.363798 0.412498
vt 0.195557 0.006572
vt 0.364274 0.378622
vt 0.161668 0.006572
vt 0.365683 0.345573
vt 0.128430 0.013183
vt 0.367972 0.314621
vt 0.097121 0.026152
vt 0.371053 0.286957
vt 0.579462 0.006572
vt 0.068943 0.044981
vt 0.582503 0.030144
vt 0.044980 0.068945
vt 0.584892 0.058014
vt 0.026152 0.097124
vt 0.586538 0.089111
vt 0.013183 0.128435
vt 0.587377 0.122238
vt 0.006572 0.161674
vt 0.587377 0.156124
vt 0.006572 0.195564
vt 0.586538 0.189466
vt 0.013183 0.228804
vt 0.584892 0.220983
vt 0.026152 0.260115
vt 0.582503 0.249464
vt 0.044980 0.288294
vt 0.579462 0.273813
vt 0.012680 0.608152
vt 0.068943 0.312258
vt 0.010086 0.581221
vt 0.097121 0.331087
vt 0.008159 0.550793
vt 0.128431 0.344056
vt 0.006972 0.518039
vt 0.161669 0.350668
vt 0.676034 0.290955
vt 0.805578 0.070142
vt 0.696133 0.286957
vt 0.804725 0.090126
vt 0.657102 0.298797
vt 0.806962 0.051427
vt 0.640064 0.310182
vt 0.808825 0.034698
vt 0.605307 0.202832
vt 0.625574 0.324673
vt 0.603468 0.188578
vt 0.614189 0.341712
vt 0.602023 0.171725
vt 0.606347 0.360645
vt 0.601028 0.152922
vt 0.602349 0.380744
vt 0.600521 0.132890
vt 0.602350 0.401237
vt 0.600521 0.112400
vt 0.606348 0.421336
vt 0.601028 0.092239
vt 0.614190 0.440269
vt 0.602023 0.073181
vt 0.625575 0.457309
vt 0.603468 0.055960
vt 0.640065 0.471799
vt 0.010265 0.803473
vt 0.605307 0.041236
vt 0.657103 0.483185
vt 0.008697 0.787189
vt 0.676036 0.491027
vt 0.007532 0.768790
vt 0.696134 0.495025
vt 0.006814 0.748985
vt 0.716626 0.495025
vt 0.006572 0.728533
vt 0.736724 0.491027
vt 0.006814 0.708221
vt 0.755657 0.483184
vt 0.007532 0.688830
vt 0.772695 0.471799
vt 0.008697 0.671105
vt 0.787185 0.457309
vt 0.010265 0.655726
vt 0.603526 0.946991
vt 0.798570 0.440269
vt 0.601540 0.929971
vt 0.806412 0.421336
vt 0.600171 0.911051
vt 0.810409 0.401237
vt 0.599474 0.890958
vt 0.810409 0.380744
vt 0.599474 0.870465
vt 0.806411 0.360645
vt 0.600171 0.850360
vt 0.798569 0.341712
vt 0.601540 0.831414
vt 0.787184 0.324673
vt 0.603526 0.814356
vt 0.808824 0.182151
vt 0.772694 0.310182
vt 0.806962 0.167280
vt 0.755655 0.298797
vt 0.805578 0.149943
vt 0.736723 0.290955
vt 0.804725 0.130809
vt 0.716625 0.286957
vt 0.804438 0.110611
vt 0.491262 0.575417
vt 0.228576 0.486285
vt 0.508108 0.578768
vt 0.228779 0.469260
vt 0.523977 0.585341
vt 0.229380 0.453007
vt 0.538259 0.594884
vt 0.230357 0.438150
vt 0.653608 0.772161
vt 0.550405 0.607030
vt 0.559947 0.621312
vt 0.667874 0.770495
vt 0.566521 0.637181
vt 0.683732 0.769349
vt 0.569872 0.654028
vt 0.700574 0.768764
vt 0.569872 0.671204
vt 0.717750 0.768764
vt 0.566521 0.688051
vt 0.734603 0.769349
vt 0.559947 0.703920
vt 0.750483 0.770495
vt 0.550405 0.718202
vt 0.764780 0.772161
vt 0.589206 0.456115
vt 0.538259 0.730348
vt 0.523977 0.739891
vt 0.588046 0.441584
vt 0.508108 0.746465
vt 0.587331 0.425545
vt 0.491262 0.749816
vt 0.587090 0.408616
vt 0.474085 0.749816
vt 0.587331 0.391446
vt 0.457239 0.746465
vt 0.588046 0.374696
vt 0.589206 0.359009
vt 0.441370 0.739892
vt 0.427088 0.730349
vt 0.414943 0.718204
vt 0.405400 0.703922
vt 0.363798 0.098977
vt 0.398827 0.688052
vt 0.364632 0.114737
vt 0.395476 0.671206
vt 0.365057 0.131527
vt 0.395476 0.654029
vt 0.365057 0.148702
vt 0.398827 0.637182
vt 0.364632 0.165601
vt 0.363798 0.181574
vt 0.405400 0.621313
vt 0.414943 0.607031
vt 0.427088 0.594885
vt 0.441370 0.585342
vt 0.230357 0.535450
vt 0.229380 0.520028
vt 0.457239 0.578769
vt 0.474085 0.575417
vt 0.228779 0.503427
vt 0.490074 0.587483
vt 0.823761 0.326987
vt 0.504589 0.590370
vt 0.824376 0.312555
vt 0.518262 0.596034
vt 0.825376 0.299038
vt 0.530568 0.604256
vt 0.826721 0.286957
vt 0.212782 0.738000
vt 0.541033 0.614721
vt 0.211454 0.727706
vt 0.549255 0.627027
vt 0.210410 0.715535
vt 0.554919 0.640700
vt 0.209692 0.701955
vt 0.557806 0.655216
vt 0.209325 0.687488
vt 0.557806 0.670016
vt 0.209325 0.672690
vt 0.554919 0.684532
vt 0.209692 0.658130
vt 0.549255 0.698205
vt 0.210410 0.644366
vt 0.541033 0.710511
vt 0.211454 0.631929
vt 0.530568 0.720977
vt 0.212782 0.621295
vt 0.826220 0.513296
vt 0.518262 0.729199
vt 0.825087 0.501535
vt 0.504589 0.734863
vt 0.824246 0.488247
vt 0.490074 0.737751
vt 0.823728 0.473944
vt 0.475274 0.737751
vt 0.823553 0.459173
vt 0.460758 0.734863
vt 0.823728 0.444504
vt 0.447085 0.729200
vt 0.824246 0.430500
vt 0.434779 0.720977
vt 0.825087 0.417698
vt 0.424314 0.710512
vt 0.826220 0.406592
vt 0.834893 0.639744
vt 0.416092 0.698207
vt 0.833458 0.627452
vt 0.410428 0.684533
vt 0.832470 0.613787
vt 0.407541 0.670017
vt 0.831966 0.599276
vt 0.407541 0.655217
vt 0.831966 0.584476
vt 0.410428 0.640702
vt 0.832470 0.569956
vt 0.416092 0.627028
vt 0.833458 0.556273
vt 0.834893 0.543954
vt 0.424314 0.614722
vt 0.826721 0.393448
vt 0.434779 0.604257
vt 0.825376 0.382708
vt 0.447085 0.596034
vt 0.824376 0.370187
vt 0.460758 0.590370
vt 0.823761 0.356368
vt 0.475274 0.587483
vt 0.823553 0.341781
vt 0.174277 0.484860
vt 0.122851 0.484415
vt 0.059510 0.484204
vt 0.059897 0.451784
vt 0.123206 0.454636
vt 0.174589 0.458733
vt 0.061042 0.420834
vt 0.124258 0.426207
vt 0.175512 0.433790
vt 0.062902 0.392542
vt 0.125967 0.400220
vt 0.567691 0.558597
vt 0.177011 0.410989
vt 0.603289 0.603257
vt 0.065405 0.367996
vt 0.611911 0.666292
vt 0.128266 0.377673
vt 0.623843 0.717588
vt 0.586330 0.577237
vt 0.179028 0.391208
vt 0.630456 0.600086
vt 0.636865 0.663379
vt 0.645737 0.715032
vt 0.660655 0.597902
vt 0.664604 0.661373
vt 0.670074 0.713272
vt 0.692725 0.596789
vt 0.694061 0.660350
vt 0.695920 0.712375
vt 0.725434 0.596789
vt 0.724106 0.660350
vt 0.722280 0.712375
vt 0.757525 0.597902
vt 0.753583 0.661373
vt 0.748142 0.713272
vt 0.787765 0.600086
vt 0.781359 0.663379
vt 0.772513 0.715032
vt 0.423716 0.526799
vt 0.814991 0.603257
vt 0.486607 0.517170
vt 0.806368 0.666292
vt 0.537521 0.503478
vt 0.586330 0.747849
vt 0.794455 0.717588
vt 0.420743 0.503062
vt 0.483876 0.495366
vt 0.567691 0.766488
vt 0.535125 0.484348
vt 0.418534 0.475391
vt 0.481847 0.469949
vt 0.533344 0.462048
vt 0.417174 0.444850
vt 0.480597 0.441896
vt 0.532248 0.437435
vt 0.416714 0.412612
vt 0.480175 0.412284
vt 0.531878 0.411454
vt 0.417174 0.379916
vt 0.480597 0.382251
vt 0.532248 0.385104
vt 0.418534 0.348019
vt 0.481847 0.352953
vt 0.533344 0.359398
vt 0.420743 0.318146
vt 0.483876 0.325514
vt 0.418999 0.781135
vt 0.535125 0.335324
vt 0.526806 0.011182
vt 0.423716 0.291446
vt 0.464060 0.021699
vt 0.486607 0.300989
vt 0.413427 0.036315
vt 0.397082 0.766490
vt 0.537521 0.313806
vt 0.529741 0.033933
vt 0.466756 0.042596
vt 0.378443 0.747850
vt 0.415792 0.054650
vt 0.532047 0.060832
vt 0.468874 0.067304
vt 0.417650 0.076328
vt 0.363798 0.725933
vt 0.533636 0.090844
vt 0.470333 0.094871
vt 0.418930 0.100515
vt 0.544473 0.122838
vt 0.334614 0.462773
vt 0.329978 0.700736
vt 0.471077 0.124240
vt 0.244177 0.721784
vt 0.331197 0.389918
vt 0.419583 0.126282
vt 0.544473 0.155543
vt 0.333883 0.514020
vt 0.297281 0.701643
vt 0.471077 0.154280
vt 0.330455 0.587008
vt 0.274216 0.721196
vt 0.419583 0.152639
vt 0.533636 0.187702
vt 0.470333 0.183839
vt 0.418930 0.178573
vt 0.532047 0.218120
vt 0.468874 0.211779
vt 0.363798 0.599157
vt 0.417650 0.203087
vt 0.529741 0.245608
vt 0.466756 0.237027
vt 0.415792 0.225239
vt 0.378443 0.577239
vt 0.065405 0.603819
vt 0.526806 0.269108
vt 0.128266 0.594285
vt 0.464060 0.258614
vt 0.413427 0.244179
vt 0.179028 0.581258
vt 0.397082 0.558599
vt 0.062902 0.577826
vt 0.125967 0.570410
vt 0.177011 0.560310
vt 0.418999 0.543954
vt 0.061042 0.548460
vt 0.124258 0.543436
vt 0.175512 0.536644
vt 0.059897 0.516848
vt 0.123206 0.514399
vt 0.174589 0.511167
vt 0.331746 0.421479
vt 0.502761 0.123528
vt 0.334614 0.363812
vt 0.445330 0.125261
vt 0.327031 0.715506
vt 0.331006 0.555395
vt 0.502761 0.154901
vt 0.445330 0.153459
vt 0.333883 0.613135
vt 0.298838 0.714786
vt 0.419583 0.139460
vt 0.471077 0.139260
vt 0.259197 0.721490
vt 0.544473 0.139190
vt 0.313629 0.701189
vt 0.502761 0.139215
vt 0.445330 0.139360
vt 0.312935 0.715146
vt 0.262039 0.626278
vt 0.312241 0.627190
vt 0.280576 0.626278
vt 0.260827 0.503014
vt 0.293725 0.628102
vt 0.330756 0.626278
vt 0.260809 0.474492
vt 0.243501 0.626278
vt 0.243903 0.643961
vt 0.248415 0.458120
vt 0.279469 0.643961
vt 0.248429 0.519520
vt 0.261686 0.643961
vt 0.261964 0.683487
vt 0.245041 0.558655
vt 0.278991 0.683487
vt 0.244936 0.683487
vt 0.245066 0.419012
vt 0.327031 0.793311
vt 0.246965 0.708052
vt 0.261555 0.392602
vt 0.278933 0.708052
vt 0.261482 0.584846
vt 0.295099 0.791809
vt 0.262949 0.708052
vt 0.311065 0.792560
vt 0.281791 0.383542
vt 0.326997 0.771503
vt 0.311031 0.770752
vt 0.815952 0.832804
vt 0.260514 0.776064
vt 0.243501 0.776763
vt 0.278724 0.406751
vt 0.832972 0.833192
vt 0.295065 0.770001
vt 0.281684 0.593663
vt 0.278646 0.570512
vt 0.798932 0.832416
vt 0.277528 0.775365
vt 0.798770 0.785304
vt 0.269747 0.825472
vt 0.275710 0.518279
vt 0.293720 0.646074
vt 0.281202 0.495202
vt 0.330751 0.644250
vt 0.281199 0.482058
vt 0.269747 0.789906
vt 0.275745 0.458823
vt 0.834319 0.786115
vt 0.269747 0.807689
vt 0.816544 0.785710
vt 0.312235 0.645162
vt 0.309431 0.742779
vt 0.244017 0.741700
vt 0.311037 0.391365
vt 0.315503 0.586174
vt 0.277528 0.735684
vt 0.325143 0.745697
vt 0.305825 0.373184
vt 0.260772 0.738692
vt 0.293720 0.739861
vt 0.309957 0.603919
vt 0.816909 0.812322
vt 0.799498 0.811925
vt 0.265501 0.542821
vt 0.243501 0.537664
vt 0.279089 0.662611
vt 0.261671 0.662611
vt 0.243501 0.440029
vt 0.244253 0.662611
vt 0.834319 0.812720
vt 0.265532 0.434607
vt 0.306438 0.497588
vt 0.293725 0.671247
vt 0.243501 0.790450
vt 0.303380 0.461362
vt 0.539642 0.121466
vt 0.312241 0.670335
vt 0.243501 0.826016
vt 0.539545 0.157031
vt 0.303334 0.515616
vt 0.330756 0.669423
vt 0.306468 0.479368
vt 0.243501 0.808233
vt 0.539593 0.139248
vt 0.442485 0.937545
vt 0.832750 0.327514
vt 0.193365 0.328407
vt 0.987526 0.086376
vt 0.428375 0.937545
vt 0.833337 0.313754
vt 0.222303 0.322651
vt 0.988753 0.057603
vt 0.414536 0.934793
vt 0.834290 0.300867
vt 0.249561 0.311360
vt 0.990746 0.030657
vt 0.401499 0.929393
vt 0.835572 0.289349
vt 0.221579 0.735263
vt 0.993428 0.006572
vt 0.274093 0.294968
vt 0.791294 0.239235
vt 0.389767 0.921553
vt 0.220313 0.725449
vt 0.294955 0.274104
vt 0.788647 0.218712
vt 0.379790 0.911576
vt 0.219318 0.713845
vt 0.311347 0.249571
vt 0.786566 0.194448
vt 0.371950 0.899843
vt 0.218633 0.700898
vt 0.322638 0.222312
vt 0.785134 0.167376
vt 0.366551 0.886807
vt 0.218284 0.687105
vt 0.328394 0.193374
vt 0.784403 0.138534
vt 0.363798 0.872967
vt 0.218284 0.672996
vt 0.328394 0.163868
vt 0.784403 0.109033
vt 0.363798 0.858856
vt 0.218633 0.659114
vt 0.322638 0.134930
vt 0.785134 0.080005
vt 0.366551 0.845017
vt 0.219318 0.645991
vt 0.311347 0.107670
vt 0.786566 0.052566
vt 0.371950 0.831981
vt 0.220313 0.634133
vt 0.294955 0.083137
vt 0.788647 0.027771
vt 0.379790 0.820248
vt 0.221579 0.623995
vt 0.835041 0.510861
vt 0.791294 0.006572
vt 0.274093 0.062274
vt 0.196182 0.834019
vt 0.389767 0.810270
vt 0.833961 0.499648
vt 0.249561 0.045881
vt 0.193924 0.810573
vt 0.401500 0.802431
vt 0.833159 0.486979
vt 0.222302 0.034590
vt 0.192246 0.784083
vt 0.414536 0.797031
vt 0.832665 0.473342
vt 0.193365 0.028834
vt 0.191213 0.755567
vt 0.428375 0.794278
vt 0.832498 0.459259
vt 0.163861 0.028833
vt 0.190864 0.726121
vt 0.442485 0.794278
vt 0.832665 0.445274
vt 0.134923 0.034589
vt 0.191213 0.696876
vt 0.456325 0.797031
vt 0.833159 0.431922
vt 0.107665 0.045880
vt 0.192246 0.668957
vt 0.469361 0.802431
vt 0.833961 0.419717
vt 0.083133 0.062273
vt 0.193924 0.643437
vt 0.835041 0.409128
vt 0.481093 0.810270
vt 0.843819 0.637511
vt 0.062271 0.083136
vt 0.196182 0.621295
vt 0.785626 0.976271
vt 0.491071 0.820248
vt 0.842451 0.625791
vt 0.045879 0.107669
vt 0.782766 0.951765
vt 0.498910 0.831981
vt 0.841509 0.612763
vt 0.034588 0.134928
vt 0.780796 0.924524
vt 0.504310 0.845017
vt 0.841028 0.598928
vt 0.028832 0.163867
vt 0.779791 0.895595
vt 0.507062 0.858856
vt 0.841028 0.584818
vt 0.028832 0.193372
vt 0.779791 0.866090
vt 0.507062 0.872967
vt 0.841509 0.570974
vt 0.034588 0.222310
vt 0.780796 0.837142
vt 0.504310 0.886807
vt 0.842451 0.557929
vt 0.045879 0.249570
vt 0.782766 0.809864
vt 0.498910 0.899843
vt 0.843819 0.546183
vt 0.835572 0.390879
vt 0.785626 0.785304
vt 0.062271 0.274103
vt 0.993428 0.218873
vt 0.491070 0.911576
vt 0.834290 0.380639
vt 0.083134 0.294966
vt 0.990746 0.197460
vt 0.481093 0.921553
vt 0.833337 0.368702
vt 0.107665 0.311359
vt 0.988753 0.172500
vt 0.469361 0.929393
vt 0.832750 0.355526
vt 0.134924 0.322650
vt 0.987526 0.144950
vt 0.456324 0.934793
vt 0.832552 0.341619
vt 0.163861 0.328407
vt 0.987112 0.115869
vt 0.006972 0.450626
vt 0.228796 0.344057
vt 0.006572 0.484217
vt 0.195558 0.350668
vt 0.008159 0.418558
vt 0.260105 0.331088
vt 0.010086 0.389244
vt 0.288283 0.312259
vt 0.012680 0.363812
vt 0.599474 0.550656
vt 0.312246 0.288295
vt 0.627622 0.547370
vt 0.331074 0.260116
vt 0.658911 0.545107
vt 0.344043 0.228806
vt 0.692140 0.543954
vt 0.350654 0.195566
vt 0.726030 0.543954
vt 0.350654 0.161676
vt 0.759280 0.545107
vt 0.344043 0.128436
vt 0.790612 0.547370
vt 0.331074 0.097126
vt 0.818822 0.550656
vt 0.371053 0.530810
vt 0.312246 0.068946
vt 0.367972 0.506216
vt 0.288283 0.044982
vt 0.365683 0.477545
vt 0.260105 0.026153
vt 0.364274 0.445901
vt 0.228796 0.013184
vt 0.363798 0.412498
vt 0.195557 0.006572
vt 0.364274 0.378622
vt 0.161668 0.006572
vt 0.365683 0.345573
vt 0.128430 0.013183
vt 0.367972 0.314621
vt 0.097121 0.026152
vt 0.371053 0.286957
vt 0.579462 0.006572
vt 0.068943 0.044981
vt 0.582503 0.030144
vt 0.044980 0.068945
vt 0.584892 0.058014
vt 0.026152 0.097124
vt 0.586538 0.089111
vt 0.013183 0.128435
vt 0.587377 0.122238
vt 0.006572 0.161674
vt 0.587377 0.156124
vt 0.006572 0.195564
vt 0.586538 0.189466
vt 0.013183 0.228804
vt 0.584892 0.220983
vt 0.026152 0.260115
vt 0.582503 0.249464
vt 0.044980 0.288294
vt 0.579462 0.273813
vt 0.012680 0.608152
vt 0.068943 0.312258
vt 0.010086 0.581221
vt 0.097121 0.331087
vt 0.008159 0.550793
vt 0.128431 0.344056
vt 0.006972 0.518039
vt 0.161669 0.350668
vt 0.676034 0.290955
vt 0.805578 0.070142
vt 0.696133 0.286957
vt 0.804725 0.090126
vt 0.657102 0.298797
vt 0.806962 0.051427
vt 0.640064 0.310182
vt 0.808825 0.034698
vt 0.605307 0.202832
vt 0.625574 0.324673
vt 0.603468 0.188578
vt 0.614189 0.341712
vt 0.602023 0.171725
vt 0.606347 0.360645
vt 0.601028 0.152922
vt 0.602349 0.380744
vt 0.600521 0.132890
vt 0.602350 0.401237
vt 0.600521 0.112400
vt 0.606348 0.421336
vt 0.601028 0.092239
vt 0.614190 0.440269
vt 0.602023 0.073181
vt 0.625575 0.457309
vt 0.603468 0.055960
vt 0.640065 0.471799
vt 0.010265 0.803473
vt 0.605307 0.041236
vt 0.657103 0.483185
vt 0.008697 0.787189
vt 0.676036 0.491027
vt 0.007532 0.768790
vt 0.696134 0.495025
vt 0.006814 0.748985
vt 0.716626 0.495025
vt 0.006572 0.728533
vt 0.736724 0.491027
vt 0.006814 0.708221
vt 0.755657 0.483184
vt 0.007532 0.688830
vt 0.772695 0.471799
vt 0.008697 0.671105
vt 0.010265 0.655726
vt 0.787185 0.457309
vt 0.603526 0.946991
vt 0.798570 0.440269
vt 0.601540 0.929971
vt 0.806412 0.421336
vt 0.600171 0.911051
vt 0.810409 0.401237
vt 0.599474 0.890958
vt 0.810409 0.380744
vt 0.599474 0.870465
vt 0.600171 0.850360
vt 0.806411 0.360645
vt 0.798569 0.341712
vt 0.601540 0.831414
vt 0.787184 0.324673
vt 0.603526 0.814356
vt 0.808824 0.182151
vt 0.772694 0.310182
vt 0.806962 0.167280
vt 0.755655 0.298797
vt 0.805578 0.149943
vt 0.736723 0.290955
vt 0.804725 0.130809
vt 0.716625 0.286957
vt 0.804438 0.110611
vt 0.491262 0.575417
vt 0.228576 0.486285
vt 0.508108 0.578768
vt 0.228779 0.469260
vt 0.523977 0.585341
vt 0.229380 0.453007
vt 0.538259 0.594884
vt 0.230357 0.438150
vt 0.653608 0.772161
vt 0.550405 0.607030
vt 0.559947 0.621312
vt 0.667874 0.770495
vt 0.566521 0.637181
vt 0.683732 0.769349
vt 0.569872 0.654028
vt 0.700574 0.768764
vt 0.569872 0.671204
vt 0.717750 0.768764
vt 0.566521 0.688051
vt 0.734603 0.769349
vt 0.559947 0.703920
vt 0.750483 0.770495
vt 0.550405 0.718202
vt 0.764780 0.772161
vt 0.589206 0.456115
vt 0.538259 0.730348
vt 0.523977 0.739891
vt 0.588046 0.441584
vt 0.508108 0.746465
vt 0.587331 0.425545
vt 0.491262 0.749816
vt 0.587090 0.408616
vt 0.587331 0.391446
vt 0.474085 0.749816
vt 0.457239 0.746465
vt 0.588046 0.374696
vt 0.589206 0.359009
vt 0.441370 0.739892
vt 0.427088 0.730349
vt 0.414943 0.718204
vt 0.405400 0.703922
vt 0.363798 0.098977
vt 0.398827 0.688052
vt 0.364632 0.114737
vt 0.395476 0.671206
vt 0.365057 0.131527
vt 0.395476 0.654029
vt 0.365057 0.148702
vt 0.398827 0.637182
vt 0.364632 0.165601
vt 0.363798 0.181574
vt 0.405400 0.621313
vt 0.414943 0.607031
vt 0.427088 0.594885
vt 0.441370 0.585342
vt 0.230357 0.535450
vt 0.457239 0.578769
vt 0.229380 0.520028
vt 0.228779 0.503427
vt 0.474085 0.575417
vt 0.490074 0.587483
vt 0.823761 0.326987
vt 0.504589 0.590370
vt 0.824376 0.312555
vt 0.518262 0.596034
vt 0.825376 0.299038
vt 0.826721 0.286957
vt 0.530568 0.604256
vt 0.212782 0.738000
vt 0.541033 0.614721
vt 0.211454 0.727706
vt 0.549255 0.627027
vt 0.210410 0.715535
vt 0.554919 0.640700
vt 0.209692 0.701955
vt 0.557806 0.655216
vt 0.209325 0.687488
vt 0.557806 0.670016
vt 0.209325 0.672690
vt 0.554919 0.684532
vt 0.209692 0.658130
vt 0.549255 0.698205
vt 0.210410 0.644366
vt 0.541033 0.710511
vt 0.211454 0.631929
vt 0.212782 0.621295
vt 0.530568 0.720977
vt 0.826220 0.513296
vt 0.518262 0.729199
vt 0.825087 0.501535
vt 0.504589 0.734863
vt 0.824246 0.488247
vt 0.490074 0.737751
vt 0.823728 0.473944
vt 0.475274 0.737751
vt 0.823553 0.459173
vt 0.460758 0.734863
vt 0.823728 0.444504
vt 0.447085 0.729200
vt 0.824246 0.430500
vt 0.434779 0.720977
vt 0.825087 0.417698
vt 0.424314 0.710512
vt 0.826220 0.406592
vt 0.834893 0.639744
vt 0.416092 0.698207
vt 0.833458 0.627452
vt 0.410428 0.684533
vt 0.832470 0.613787
vt 0.407541 0.670017
vt 0.831966 0.599276
vt 0.407541 0.655217
vt 0.831966 0.584476
vt 0.410428 0.640702
vt 0.832470 0.569956
vt 0.416092 0.627028
vt 0.833458 0.556273
vt 0.834893 0.543954
vt 0.424314 0.614722
vt 0.826721 0.393448
vt 0.434779 0.604257
vt 0.825376 0.382708
vt 0.447085 0.596034
vt 0.824376 0.370187
vt 0.460758 0.590370
vt 0.823761 0.356368
vt 0.475274 0.587483
vt 0.823553 0.341781
vt 0.174277 0.484860
vt 0.122851 0.484415
vt 0.059510 0.484204
vt 0.059897 0.451784
vt 0.123206 0.454636
vt 0.174589 0.458733
vt 0.061042 0.420834
vt 0.124258 0.426207
vt 0.175512 0.433790
vt 0.062902 0.392542
vt 0.125967 0.400220
vt 0.567691 0.558597
vt 0.177011 0.410989
vt 0.603289 0.603257
vt 0.065405 0.367996
vt 0.611911 0.666292
vt 0.128266 0.377673
vt 0.179028 0.391208
vt 0.623843 0.717588
vt 0.586330 0.577237
vt 0.630456 0.600086
vt 0.636865 0.663379
vt 0.645737 0.715032
vt 0.660655 0.597902
vt 0.664604 0.661373
vt 0.670074 0.713272
vt 0.692725 0.596789
vt 0.694061 0.660350
vt 0.695920 0.712375
vt 0.725434 0.596789
vt 0.724106 0.660350
vt 0.722280 0.712375
vt 0.757525 0.597902
vt 0.753583 0.661373
vt 0.748142 0.713272
vt 0.787765 0.600086
vt 0.781359 0.663379
vt 0.772513 0.715032
vt 0.423716 0.526799
vt 0.814991 0.603257
vt 0.486607 0.517170
vt 0.806368 0.666292
vt 0.537521 0.503478
vt 0.586330 0.747849
vt 0.794455 0.717588
vt 0.420743 0.503062
vt 0.483876 0.495366
vt 0.567691 0.766488
vt 0.535125 0.484348
vt 0.418534 0.475391
vt 0.481847 0.469949
vt 0.533344 0.462048
vt 0.417174 0.444850
vt 0.480597 0.441896
vt 0.532248 0.437435
vt 0.416714 0.412612
vt 0.480175 0.412284
vt 0.531878 0.411454
vt 0.417174 0.379916
vt 0.480597 0.382251
vt 0.532248 0.385104
vt 0.418534 0.348019
vt 0.481847 0.352953
vt 0.533344 0.359398
vt 0.420743 0.318146
vt 0.483876 0.325514
vt 0.418999 0.781135
vt 0.535125 0.335324
vt 0.526806 0.011182
vt 0.423716 0.291446
vt 0.464060 0.021699
vt 0.486607 0.300989
vt 0.413427 0.036315
vt 0.397082 0.766490
vt 0.537521 0.313806
vt 0.529741 0.033933
vt 0.466756 0.042596
vt 0.415792 0.054650
vt 0.378443 0.747850
vt 0.532047 0.060832
vt 0.468874 0.067304
vt 0.363798 0.725933
vt 0.417650 0.076328
vt 0.533636 0.090844
vt 0.470333 0.094871
vt 0.418930 0.100515
vt 0.544473 0.122838
vt 0.334614 0.462773
vt 0.329978 0.700736
vt 0.471077 0.124240
vt 0.244177 0.721784
vt 0.331197 0.389918
vt 0.419583 0.126282
vt 0.544473 0.155543
vt 0.333883 0.514020
vt 0.297281 0.701643
vt 0.471077 0.154280
vt 0.330455 0.587008
vt 0.274216 0.721196
vt 0.419583 0.152639
vt 0.533636 0.187702
vt 0.470333 0.183839
vt 0.418930 0.178573
vt 0.532047 0.218120
vt 0.468874 0.211779
vt 0.363798 0.599157
vt 0.417650 0.203087
vt 0.529741 0.245608
vt 0.466756 0.237027
vt 0.415792 0.225239
vt 0.378443 0.577239
vt 0.065405 0.603819
vt 0.526806 0.269108
vt 0.128266 0.594285
vt 0.464060 0.258614
vt 0.413427 0.244179
vt 0.179028 0.581258
vt 0.397082 0.558599
vt 0.062902 0.577826
vt 0.125967 0.570410
vt 0.177011 0.560310
vt 0.418999 0.543954
vt 0.061042 0.548460
vt 0.124258 0.543436
vt 0.175512 0.536644
vt 0.059897 0.516848
vt 0.123206 0.514399
vt 0.174589 0.511167
vt 0.331746 0.421479
vt 0.502761 0.123528
vt 0.334614 0.363812
vt 0.445330 0.125261
vt 0.327031 0.715506
vt 0.331006 0.555395
vt 0.502761 0.154901
vt 0.445330 0.153459
vt 0.333883 0.613135
vt 0.298838 0.714786
vt 0.419583 0.139460
vt 0.471077 0.139260
vt 0.259197 0.721490
vt 0.544473 0.139190
vt 0.313629 0.701189
vt 0.502761 0.139215
vt 0.445330 0.139360
vt 0.312935 0.715146
vt 0.262039 0.626278
vt 0.312241 0.627190
vt 0.280576 0.626278
vt 0.260827 0.503014
vt 0.293725 0.628102
vt 0.330756 0.626278
vt 0.260809 0.474492
vt 0.243501 0.626278
vt 0.243903 0.643961
vt 0.248415 0.458120
vt 0.279469 0.643961
vt 0.248429 0.519520
vt 0.261686 0.643961
vt 0.261964 0.683487
vt 0.245041 0.558655
vt 0.278991 0.683487
vt 0.244936 0.683487
vt 0.245066 0.419012
vt 0.327031 0.793311
vt 0.246965 0.708052
vt 0.261555 0.392602
vt 0.278933 0.708052
vt 0.261482 0.584846
vt 0.295099 0.791809
vt 0.262949 0.708052
vt 0.311065 0.792560
vt 0.281791 0.383542
vt 0.326997 0.771503
vt 0.311031 0.770752
vt 0.815952 0.832804
vt 0.260514 0.776064
vt 0.243501 0.776763
vt 0.278724 0.406751
vt 0.832972 0.833192
vt 0.295065 0.770001
vt 0.281684 0.593663
vt 0.278646 0.570512
vt 0.798932 0.832416
vt 0.277528 0.775365
vt 0.798770 0.785304
vt 0.269747 0.825472
vt 0.275710 0.518279
vt 0.293720 0.646074
vt 0.281202 0.495202
vt 0.330751 0.644250
vt 0.281199 0.482058
vt 0.269747 0.789906
vt 0.275745 0.458823
vt 0.834319 0.786115
vt 0.269747 0.807689
vt 0.816544 0.785710
vt 0.312235 0.645162
vt 0.309431 0.742779
vt 0.244017 0.741700
vt 0.311037 0.391365
vt 0.315503 0.586174
vt 0.277528 0.735684
vt 0.325143 0.745697
vt 0.305825 0.373184
vt 0.260772 0.738692
vt 0.293720 0.739861
vt 0.309957 0.603919
vt 0.816909 0.812322
vt 0.799498 0.811925
vt 0.265501 0.542821
vt 0.243501 0.537664
vt 0.279089 0.662611
vt 0.261671 0.662611
vt 0.243501 0.440029
vt 0.244253 0.662611
vt 0.834319 0.812720
vt 0.265532 0.434607
vt 0.306438 0.497588
vt 0.293725 0.671247
vt 0.243501 0.790450
vt 0.303380 0.461362
vt 0.539642 0.121466
vt 0.312241 0.670335
vt 0.243501 0.826016
vt 0.539545 0.157031
vt 0.303334 0.515616
vt 0.330756 0.669423
vt 0.306468 0.479368
vt 0.243501 0.808233
vt 0.539593 0.139248
vt 0.442485 0.937545
vt 0.832750 0.327514
vt 0.193365 0.328407
vt 0.987526 0.086376
vt 0.428375 0.937545
vt 0.833337 0.313754
vt 0.222303 0.322651
vt 0.988753 0.057603
vt 0.414536 0.934793
vt 0.834290 0.300867
vt 0.249561 0.311360
vt 0.990746 0.030657
vt 0.835572 0.289349
vt 0.401499 0.929393
vt 0.221579 0.735263
vt 0.993428 0.006572
vt 0.274093 0.294968
vt 0.791294 0.239235
vt 0.389767 0.921553
vt 0.220313 0.725449
vt 0.294955 0.274104
vt 0.788647 0.218712
vt 0.379790 0.911576
vt 0.219318 0.713845
vt 0.311347 0.249571
vt 0.786566 0.194448
vt 0.371950 0.899843
vt 0.218633 0.700898
vt 0.322638 0.222312
vt 0.785134 0.167376
vt 0.366551 0.886807
vt 0.218284 0.687105
vt 0.328394 0.193374
vt 0.784403 0.138534
vt 0.363798 0.872967
vt 0.218284 0.672996
vt 0.328394 0.163868
vt 0.784403 0.109033
vt 0.363798 0.858856
vt 0.218633 0.659114
vt 0.322638 0.134930
vt 0.785134 0.080005
vt 0.366551 0.845017
vt 0.219318 0.645991
vt 0.311347 0.107670
vt 0.786566 0.052566
vt 0.371950 0.831981
vt 0.220313 0.634133
vt 0.294955 0.083137
vt 0.788647 0.027771
vt 0.221579 0.623995
vt 0.379790 0.820248
vt 0.835041 0.510861
vt 0.791294 0.006572
vt 0.274093 0.062274
vt 0.196182 0.834019
vt 0.389767 0.810270
vt 0.833961 0.499648
vt 0.249561 0.045881
vt 0.193924 0.810573
vt 0.401500 0.802431
vt 0.833159 0.486979
vt 0.222302 0.034590
vt 0.192246 0.784083
vt 0.414536 0.797031
vt 0.832665 0.473342
vt 0.193365 0.028834
vt 0.191213 0.755567
vt 0.428375 0.794278
vt 0.832498 0.459259
vt 0.163861 0.028833
vt 0.190864 0.726121
vt 0.442485 0.794278
vt 0.832665 0.445274
vt 0.134923 0.034589
vt 0.191213 0.696876
vt 0.456325 0.797031
vt 0.833159 0.431922
vt 0.107665 0.045880
vt 0.192246 0.668957
vt 0.469361 0.802431
vt 0.833961 0.419717
vt 0.083133 0.062273
vt 0.193924 0.643437
vt 0.835041 0.409128
vt 0.481093 0.810270
vt 0.843819 0.637511
vt 0.062271 0.083136
vt 0.196182 0.621295
vt 0.785626 0.976271
vt 0.491071 0.820248
vt 0.842451 0.625791
vt 0.045879 0.107669
vt 0.782766 0.951765
vt 0.498910 0.831981
vt 0.841509 0.612763
vt 0.034588 0.134928
vt 0.780796 0.924524
vt 0.504310 0.845017
vt 0.841028 0.598928
vt 0.028832 0.163867
vt 0.779791 0.895595
vt 0.507062 0.858856
vt 0.841028 0.584818
vt 0.028832 0.193372
vt 0.779791 0.866090
vt 0.507062 0.872967
vt 0.841509 0.570974
vt 0.780796 0.837142
vt 0.034588 0.222310
vt 0.504310 0.886807
vt 0.842451 0.557929
vt 0.045879 0.249570
vt 0.782766 0.809864
vt 0.843819 0.546183
vt 0.498910 0.899843
vt 0.835572 0.390879
vt 0.062271 0.274103
vt 0.785626 0.785304
vt 0.993428 0.218873
vt 0.491070 0.911576
vt 0.834290 0.380639
vt 0.083134 0.294966
vt 0.990746 0.197460
vt 0.481093 0.921553
vt 0.833337 0.368702
vt 0.107665 0.311359
vt 0.988753 0.172500
vt 0.469361 0.929393
vt 0.832750 0.355526
vt 0.134924 0.322650
vt 0.987526 0.144950
vt 0.456324 0.934793
vt 0.832552 0.341619
vt 0.163861 0.328407
vt 0.987112 0.115869
vt 0.006972 0.450626
vt 0.228796 0.344057
vt 0.006572 0.484217
vt 0.195558 0.350668
vt 0.008159 0.418558
vt 0.260105 0.331088
vt 0.010086 0.389244
vt 0.288283 0.312259
vt 0.012680 0.363812
vt 0.599474 0.550656
vt 0.312246 0.288295
vt 0.627622 0.547370
vt 0.331074 0.260116
vt 0.658911 0.545107
vt 0.344043 0.228806
vt 0.692140 0.543954
vt 0.350654 0.195566
vt 0.726030 0.543954
vt 0.350654 0.161676
vt 0.759280 0.545107
vt 0.344043 0.128436
vt 0.790612 0.547370
vt 0.331074 0.097126
vt 0.818822 0.550656
vt 0.371053 0.530810
vt 0.312246 0.068946
vt 0.367972 0.506216
vt 0.288283 0.044982
vt 0.365683 0.477545
vt 0.260105 0.026153
vt 0.364274 0.445901
vt 0.228796 0.013184
vt 0.363798 0.412498
vt 0.195557 0.006572
vt 0.364274 0.378622
vt 0.161668 0.006572
vt 0.365683 0.345573
vt 0.128430 0.013183
vt 0.367972 0.314621
vt 0.097121 0.026152
vt 0.371053 0.286957
vt 0.579462 0.006572
vt 0.068943 0.044981
vt 0.582503 0.030144
vt 0.044980 0.068945
vt 0.584892 0.058014
vt 0.026152 0.097124
vt 0.586538 0.089111
vt 0.013183 0.128435
vt 0.587377 0.122238
vt 0.006572 0.161674
vt 0.587377 0.156124
vt 0.006572 0.195564
vt 0.586538 0.189466
vt 0.013183 0.228804
vt 0.584892 0.220983
vt 0.026152 0.260115
vt 0.582503 0.249464
vt 0.044980 0.288294
vt 0.579462 0.273813
vt 0.012680 0.608152
vt 0.068943 0.312258
vt 0.010086 0.581221
vt 0.097121 0.331087
vt 0.008159 0.550793
vt 0.128431 0.344056
vt 0.006972 0.518039
vt 0.161669 0.350668
vt 0.676034 0.290955
vt 0.805578 0.070142
vt 0.696133 0.286957
vt 0.804725 0.090126
vt 0.657102 0.298797
vt 0.806962 0.051427
vt 0.640064 0.310182
vt 0.808825 0.034698
vt 0.605307 0.202832
vt 0.625574 0.324673
vt 0.603468 0.188578
vt 0.614189 0.341712
vt 0.602023 0.171725
vt 0.606347 0.360645
vt 0.601028 0.152922
vt 0.602349 0.380744
vt 0.600521 0.132890
vt 0.602350 0.401237
vt 0.600521 0.112400
vt 0.606348 0.421336
vt 0.601028 0.092239
vt 0.614190 0.440269
vt 0.602023 0.073181
vt 0.625575 0.457309
vt 0.603468 0.055960
vt 0.640065 0.471799
vt 0.010265 0.803473
vt 0.605307 0.041236
vt 0.657103 0.483185
vt 0.008697 0.787189
vt 0.676036 0.491027
vt 0.007532 0.768790
vt 0.696134 0.495025
vt 0.006814 0.748985
vt 0.716626 0.495025
vt 0.006572 0.728533
vt 0.736724 0.491027
vt 0.006814 0.708221
vt 0.755657 0.483184
vt 0.007532 0.688830
vt 0.772695 0.471799
vt 0.008697 0.671105
vt 0.010265 0.655726
vt 0.787185 0.457309
vt 0.603526 0.946991
vt 0.798570 0.440269
vt 0.601540 0.929971
vt 0.806412 0.421336
vt 0.600171 0.911051
vt 0.810409 0.401237
vt 0.599474 0.890958
vt 0.810409 0.380744
vt 0.599474 0.870465
vt 0.806411 0.360645
vt 0.600171 0.850360
vt 0.798569 0.341712
vt 0.601540 0.831414
vt 0.603526 0.814356
vt 0.787184 0.324673
vt 0.808824 0.182151
vt 0.772694 0.310182
vt 0.806962 0.167280
vt 0.755655 0.298797
vt 0.805578 0.149943
vt 0.736723 0.290955
vt 0.804725 0.130809
vt 0.716625 0.286957
vt 0.804438 0.110611
vt 0.491262 0.575417
vt 0.228576 0.486285
vt 0.508108 0.578768
vt 0.228779 0.469260
vt 0.523977 0.585341
vt 0.229380 0.453007
vt 0.538259 0.594884
vt 0.230357 0.438150
vt 0.653608 0.772161
vt 0.550405 0.607030
vt 0.559947 0.621312
vt 0.667874 0.770495
vt 0.566521 0.637181
vt 0.683732 0.769349
vt 0.569872 0.654028
vt 0.700574 0.768764
vt 0.569872 0.671204
vt 0.717750 0.768764
vt 0.566521 0.688051
vt 0.734603 0.769349
vt 0.559947 0.703920
vt 0.750483 0.770495
vt 0.550405 0.718202
vt 0.764780 0.772161
vt 0.589206 0.456115
vt 0.538259 0.730348
vt 0.523977 0.739891
vt 0.588046 0.441584
vt 0.587331 0.425545
vt 0.508108 0.746465
vt 0.491262 0.749816
vt 0.587090 0.408616
vt 0.474085 0.749816
vt 0.587331 0.391446
vt 0.457239 0.746465
vt 0.588046 0.374696
vt 0.589206 0.359009
vt 0.441370 0.739892
vt 0.427088 0.730349
vt 0.414943 0.718204
vt 0.405400 0.703922
vt 0.363798 0.098977
vt 0.398827 0.688052
vt 0.364632 0.114737
vt 0.395476 0.671206
vt 0.365057 0.131527
vt 0.395476 0.654029
vt 0.365057 0.148702
vt 0.398827 0.637182
vt 0.364632 0.165601
vt 0.363798 0.181574
vt 0.405400 0.621313
vt 0.414943 0.607031
vt 0.427088 0.594885
vt 0.230357 0.535450
vt 0.441370 0.585342
vt 0.457239 0.578769
vt 0.229380 0.520028
vt 0.474085 0.575417
vt 0.228779 0.503427
vt 0.490074 0.587483
vt 0.823761 0.326987
vt 0.504589 0.590370
vt 0.824376 0.312555
vt 0.518262 0.596034
vt 0.825376 0.299038
vt 0.530568 0.604256
vt 0.826721 0.286957
vt 0.212782 0.738000
vt 0.541033 0.614721
vt 0.211454 0.727706
vt 0.549255 0.627027
vt 0.210410 0.715535
vt 0.554919 0.640700
vt 0.209692 0.701955
vt 0.557806 0.655216
vt 0.209325 0.687488
vt 0.557806 0.670016
vt 0.209325 0.672690
vt 0.554919 0.684532
vt 0.209692 0.658130
vt 0.549255 0.698205
vt 0.210410 0.644366
vt 0.541033 0.710511
vt 0.211454 0.631929
vt 0.530568 0.720977
vt 0.212782 0.621295
vt 0.826220 0.513296
vt 0.518262 0.729199
vt 0.825087 0.501535
vt 0.504589 0.734863
vt 0.824246 0.488247
vt 0.490074 0.737751
vt 0.823728 0.473944
vt 0.475274 0.737751
vt 0.823553 0.459173
vt 0.460758 0.734863
vt 0.823728 0.444504
vt 0.447085 0.729200
vt 0.824246 0.430500
vt 0.434779 0.720977
vt 0.825087 0.417698
vt 0.424314 0.710512
vt 0.826220 0.406592
vt 0.834893 0.639744
vt 0.416092 0.698207
vt 0.833458 0.627452
vt 0.410428 0.684533
vt 0.832470 0.613787
vt 0.407541 0.670017
vt 0.831966 0.599276
vt 0.407541 0.655217
vt 0.831966 0.584476
vt 0.410428 0.640702
vt 0.832470 0.569956
vt 0.416092 0.627028
vt 0.833458 0.556273
vt 0.424314 0.614722
vt 0.834893 0.543954
vt 0.826721 0.393448
vt 0.434779 0.604257
vt 0.825376 0.382708
vt 0.447085 0.596034
vt 0.824376 0.370187
vt 0.460758 0.590370
vt 0.823761 0.356368
vt 0.475274 0.587483
vt 0.823553 0.341781
vt 0.174277 0.484860
vt 0.122851 0.484415
vt 0.059510 0.484204
vt 0.059897 0.451784
vt 0.123206 0.454636
vt 0.174589 0.458733
vt 0.061042 0.420834
vt 0.124258 0.426207
vt 0.175512 0.433790
vt 0.062902 0.392542
vt 0.125967 0.400220
vt 0.567691 0.558597
vt 0.177011 0.410989
vt 0.603289 0.603257
vt 0.065405 0.367996
vt 0.611911 0.666292
vt 0.128266 0.377673
vt 0.623843 0.717588
vt 0.586330 0.577237
vt 0.179028 0.391208
vt 0.630456 0.600086
vt 0.636865 0.663379
vt 0.645737 0.715032
vt 0.660655 0.597902
vt 0.664604 0.661373
vt 0.670074 0.713272
vt 0.692725 0.596789
vt 0.694061 0.660350
vt 0.695920 0.712375
vt 0.725434 0.596789
vt 0.724106 0.660350
vt 0.722280 0.712375
vt 0.757525 0.597902
vt 0.753583 0.661373
vt 0.748142 0.713272
vt 0.787765 0.600086
vt 0.781359 0.663379
vt 0.772513 0.715032
vt 0.423716 0.526799
vt 0.814991 0.603257
vt 0.486607 0.517170
vt 0.806368 0.666292
vt 0.537521 0.503478
vt 0.586330 0.747849
vt 0.794455 0.717588
vt 0.420743 0.503062
vt 0.483876 0.495366
vt 0.567691 0.766488
vt 0.535125 0.484348
vt 0.418534 0.475391
vt 0.481847 0.469949
vt 0.533344 0.462048
vt 0.417174 0.444850
vt 0.480597 0.441896
vt 0.532248 0.437435
vt 0.416714 0.412612
vt 0.480175 0.412284
vt 0.531878 0.411454
vt 0.417174 0.379916
vt 0.480597 0.382251
vt 0.532248 0.385104
vt 0.418534 0.348019
vt 0.481847 0.352953
vt 0.533344 0.359398
vt 0.420743 0.318146
vt 0.483876 0.325514
vt 0.418999 0.781135
vt 0.535125 0.335324
vt 0.526806 0.011182
vt 0.423716 0.291446
vt 0.464060 0.021699
vt 0.486607 0.300989
vt 0.537521 0.313806
vt 0.413427 0.036315
vt 0.397082 0.766490
vt 0.529741 0.033933
vt 0.466756 0.042596
vt 0.415792 0.054650
vt 0.378443 0.747850
vt 0.532047 0.060832
vt 0.468874 0.067304
vt 0.417650 0.076328
vt 0.363798 0.725933
vt 0.533636 0.090844
vt 0.470333 0.094871
vt 0.418930 0.100515
vt 0.544473 0.122838
vt 0.334614 0.462773
vt 0.329978 0.700736
vt 0.471077 0.124240
vt 0.244177 0.721784
vt 0.331197 0.389918
vt 0.419583 0.126282
vt 0.544473 0.155543
vt 0.333883 0.514020
vt 0.297281 0.701643
vt 0.471077 0.154280
vt 0.330455 0.587008
vt 0.274216 0.721196
vt 0.419583 0.152639
vt 0.533636 0.187702
vt 0.470333 0.183839
vt 0.418930 0.178573
vt 0.532047 0.218120
vt 0.468874 0.211779
vt 0.363798 0.599157
vt 0.417650 0.203087
vt 0.529741 0.245608
vt 0.466756 0.237027
vt 0.415792 0.225239
vt 0.378443 0.577239
vt 0.065405 0.603819
vt 0.526806 0.269108
vt 0.128266 0.594285
vt 0.464060 0.258614
vt 0.413427 0.244179
vt 0.179028 0.581258
vt 0.397082 0.558599
vt 0.062902 0.577826
vt 0.125967 0.570410
vt 0.177011 0.560310
vt 0.418999 0.543954
vt 0.061042 0.548460
vt 0.124258 0.543436
vt 0.175512 0.536644
vt 0.059897 0.516848
vt 0.123206 0.514399
vt 0.174589 0.511167
vt 0.331746 0.421479
vt 0.502761 0.123528
vt 0.334614 0.363812
vt 0.445330 0.125261
vt 0.327031 0.715506
vt 0.331006 0.555395
vt 0.502761 0.154901
vt 0.445330 0.153459
vt 0.333883 0.613135
vt 0.298838 0.714786
vt 0.419583 0.139460
vt 0.471077 0.139260
vt 0.259197 0.721490
vt 0.544473 0.139190
vt 0.313629 0.701189
vt 0.502761 0.139215
vt 0.445330 0.139360
vt 0.312935 0.715146
vt 0.262039 0.626278
vt 0.312241 0.627190
vt 0.280576 0.626278
vt 0.260827 0.503014
vt 0.293725 0.628102
vt 0.330756 0.626278
vt 0.260809 0.474492
vt 0.243501 0.626278
vt 0.243903 0.643961
vt 0.248415 0.458120
vt 0.279469 0.643961
vt 0.248429 0.519520
vt 0.261686 0.643961
vt 0.261964 0.683487
vt 0.245041 0.558655
vt 0.278991 0.683487
vt 0.244936 0.683487
vt 0.245066 0.419012
vt 0.327031 0.793311
vt 0.246965 0.708052
vt 0.261555 0.392602
vt 0.278933 0.708052
vt 0.261482 0.584846
vt 0.295099 0.791809
vt 0.262949 0.708052
vt 0.311065 0.792560
vt 0.281791 0.383542
vt 0.326997 0.771503
vt 0.311031 0.770752
vt 0.815952 0.832804
vt 0.260514 0.776064
vt 0.243501 0.776763
vt 0.278724 0.406751
vt 0.832972 0.833192
vt 0.295065 0.770001
vt 0.281684 0.593663
vt 0.278646 0.570512
vt 0.798932 0.832416
vt 0.277528 0.775365
vt 0.798770 0.785304
vt 0.269747 0.825472
vt 0.275710 0.518279
vt 0.293720 0.646074
vt 0.281202 0.495202
vt 0.330751 0.644250
vt 0.281199 0.482058
vt 0.269747 0.789906
vt 0.275745 0.458823
vt 0.834319 0.786115
vt 0.269747 0.807689
vt 0.816544 0.785710
vt 0.312235 0.645162
vt 0.309431 0.742779
vt 0.244017 0.741700
vt 0.311037 0.391365
vt 0.315503 0.586174
vt 0.277528 0.735684
vt 0.325143 0.745697
vt 0.305825 0.373184
vt 0.260772 0.738692
vt 0.293720 0.739861
vt 0.309957 0.603919
vt 0.816909 0.812322
vt 0.799498 0.811925
vt 0.265501 0.542821
vt 0.243501 0.537664
vt 0.279089 0.662611
vt 0.261671 0.662611
vt 0.243501 0.440029
vt 0.244253 0.662611
vt 0.834319 0.812720
vt 0.265532 0.434607
vt 0.306438 0.497588
vt 0.293725 0.671247
vt 0.243501 0.790450
vt 0.303380 0.461362
vt 0.539642 0.121466
vt 0.312241 0.670335
vt 0.243501 0.826016
vt 0.539545 0.157031
vt 0.303334 0.515616
vt 0.330756 0.669423
vt 0.306468 0.479368
vt 0.243501 0.808233
vt 0.539593 0.139248
vt 0.442485 0.937545
vt 0.832750 0.327514
vt 0.193365 0.328407
vt 0.987526 0.086376
vt 0.428375 0.937545
vt 0.833337 0.313754
vt 0.222303 0.322651
vt 0.988753 0.057603
vt 0.414536 0.934793
vt 0.834290 0.300867
vt 0.249561 0.311360
vt 0.990746 0.030657
vt 0.401499 0.929393
vt 0.835572 0.289349
vt 0.221579 0.735263
vt 0.993428 0.006572
vt 0.274093 0.294968
vt 0.791294 0.239235
vt 0.389767 0.921553
vt 0.220313 0.725449
vt 0.294955 0.274104
vt 0.788647 0.218712
vt 0.379790 0.911576
vt 0.219318 0.713845
vt 0.311347 0.249571
vt 0.786566 0.194448
vt 0.371950 0.899843
vt 0.218633 0.700898
vt 0.322638 0.222312
vt 0.785134 0.167376
vt 0.366551 0.886807
vt 0.218284 0.687105
vt 0.328394 0.193374
vt 0.784403 0.138534
vt 0.363798 0.872967
vt 0.218284 0.672996
vt 0.328394 0.163868
vt 0.784403 0.109033
vt 0.363798 0.858856
vt 0.218633 0.659114
vt 0.322638 0.134930
vt 0.785134 0.080005
vt 0.366551 0.845017
vt 0.219318 0.645991
vt 0.311347 0.107670
vt 0.786566 0.052566
vt 0.371950 0.831981
vt 0.220313 0.634133
vt 0.294955 0.083137
vt 0.788647 0.027771
vt 0.379790 0.820248
vt 0.221579 0.623995
vt 0.835041 0.510861
vt 0.791294 0.006572
vt 0.274093 0.062274
vt 0.196182 0.834019
vt 0.389767 0.810270
vt 0.833961 0.499648
vt 0.249561 0.045881
vt 0.193924 0.810573
vt 0.401500 0.802431
vt 0.833159 0.486979
vt 0.222302 0.034590
vt 0.192246 0.784083
vt 0.414536 0.797031
vt 0.832665 0.473342
vt 0.193365 0.028834
vt 0.191213 0.755567
vt 0.428375 0.794278
vt 0.832498 0.459259
vt 0.163861 0.028833
vt 0.190864 0.726121
vt 0.442485 0.794278
vt 0.832665 0.445274
vt 0.134923 0.034589
vt 0.191213 0.696876
vt 0.456325 0.797031
vt 0.833159 0.431922
vt 0.107665 0.045880
vt 0.192246 0.668957
vt 0.469361 0.802431
vt 0.833961 0.419717
vt 0.083133 0.062273
vt 0.193924 0.643437
vt 0.835041 0.409128
vt 0.481093 0.810270
vt 0.843819 0.637511
vt 0.062271 0.083136
vt 0.196182 0.621295
vt 0.785626 0.976271
vt 0.491071 0.820248
vt 0.842451 0.625791
vt 0.045879 0.107669
vt 0.782766 0.951765
vt 0.498910 0.831981
vt 0.841509 0.612763
vt 0.034588 0.134928
vt 0.780796 0.924524
vt 0.504310 0.845017
vt 0.841028 0.598928
vt 0.028832 0.163867
vt 0.779791 0.895595
vt 0.507062 0.858856
vt 0.841028 0.584818
vt 0.028832 0.193372
vt 0.779791 0.866090
vt 0.507062 0.872967
vt 0.841509 0.570974
vt 0.034588 0.222310
vt 0.780796 0.837142
vt 0.504310 0.886807
vt 0.842451 0.557929
vt 0.045879 0.249570
vt 0.782766 0.809864
vt 0.498910 0.899843
vt 0.843819 0.546183
vt 0.835572 0.390879
vt 0.062271 0.274103
vt 0.785626 0.785304
vt 0.993428 0.218873
vt 0.491070 0.911576
vt 0.834290 0.380639
vt 0.083134 0.294966
vt 0.990746 0.197460
vt 0.481093 0.921553
vt 0.833337 0.368702
vt 0.107665 0.311359
vt 0.988753 0.172500
vt 0.469361 0.929393
vt 0.832750 0.355526
vt 0.134924 0.322650
vt 0.987526 0.144950
vt 0.456324 0.934793
vt 0.832552 0.341619
vt 0.163861 0.328407
vt 0.987112 0.115869
vt 0.006972 0.450626
vt 0.228796 0.344057
vt 0.006572 0.484217
vt 0.195558 0.350668
vt 0.008159 0.418558
vt 0.260105 0.331088
vt 0.010086 0.389244
vt 0.288283 0.312259
vt 0.012680 0.363812
vt 0.599474 0.550656
vt 0.312246 0.288295
vt 0.627622 0.547370
vt 0.331074 0.260116
vt 0.658911 0.545107
vt 0.344043 0.228806
vt 0.692140 0.543954
vt 0.350654 0.195566
vt 0.726030 0.543954
vt 0.350654 0.161676
vt 0.759280 0.545107
vt 0.344043 0.128436
vt 0.790612 0.547370
vt 0.331074 0.097126
vt 0.818822 0.550656
vt 0.371053 0.530810
vt 0.312246 0.068946
vt 0.367972 0.506216
vt 0.288283 0.044982
vt 0.365683 0.477545
vt 0.260105 0.026153
vt 0.364274 0.445901
vt 0.228796 0.013184
vt 0.363798 0.412498
vt 0.195557 0.006572
vt 0.364274 0.378622
vt 0.161668 0.006572
vt 0.365683 0.345573
vt 0.128430 0.013183
vt 0.367972 0.314621
vt 0.097121 0.026152
vt 0.371053 0.286957
vt 0.579462 0.006572
vt 0.068943 0.044981
vt 0.582503 0.030144
vt 0.044980 0.068945
vt 0.584892 0.058014
vt 0.026152 0.097124
vt 0.586538 0.089111
vt 0.013183 0.128435
vt 0.587377 0.122238
vt 0.006572 0.161674
vt 0.587377 0.156124
vt 0.006572 0.195564
vt 0.586538 0.189466
vt 0.013183 0.228804
vt 0.584892 0.220983
vt 0.026152 0.260115
vt 0.582503 0.249464
vt 0.044980 0.288294
vt 0.579462 0.273813
vt 0.012680 0.608152
vt 0.068943 0.312258
vt 0.010086 0.581221
vt 0.097121 0.331087
vt 0.008159 0.550793
vt 0.128431 0.344056
vt 0.006972 0.518039
vt 0.161669 0.350668
vt 0.676034 0.290955
vt 0.805578 0.070142
vt 0.696133 0.286957
vt 0.804725 0.090126
vt 0.657102 0.298797
vt 0.806962 0.051427
vt 0.640064 0.310182
vt 0.808825 0.034698
vt 0.605307 0.202832
vt 0.625574 0.324673
vt 0.603468 0.188578
vt 0.614189 0.341712
vt 0.602023 0.171725
vt 0.606347 0.360645
vt 0.601028 0.152922
vt 0.602349 0.380744
vt 0.600521 0.132890
vt 0.602350 0.401237
vt 0.600521 0.112400
vt 0.606348 0.421336
vt 0.601028 0.092239
vt 0.614190 0.440269
vt 0.602023 0.073181
vt 0.625575 0.457309
vt 0.603468 0.055960
vt 0.640065 0.471799
vt 0.010265 0.803473
vt 0.605307 0.041236
vt 0.657103 0.483185
vt 0.008697 0.787189
vt 0.676036 0.491027
vt 0.007532 0.768790
vt 0.696134 0.495025
vt 0.006814 0.748985
vt 0.716626 0.495025
vt 0.006572 0.728533
vt 0.736724 0.491027
vt 0.006814 0.708221
vt 0.755657 0.483184
vt 0.007532 0.688830
vt 0.772695 0.471799
vt 0.008697 0.671105
vt 0.010265 0.655726
vt 0.787185 0.457309
vt 0.603526 0.946991
vt 0.798570 0.440269
vt 0.601540 0.929971
vt 0.806412 0.421336
vt 0.600171 0.911051
vt 0.810409 0.401237
vt 0.599474 0.890958
vt 0.810409 0.380744
vt 0.599474 0.870465
vt 0.600171 0.850360
vt 0.806411 0.360645
vt 0.798569 0.341712
vt 0.601540 0.831414
vt 0.603526 0.814356
vt 0.787184 0.324673
vt 0.808824 0.182151
vt 0.772694 0.310182
vt 0.806962 0.167280
vt 0.755655 0.298797
vt 0.805578 0.149943
vt 0.736723 0.290955
vt 0.804725 0.130809
vt 0.716625 0.286957
vt 0.804438 0.110611
vt 0.228576 0.486285
vt 0.491262 0.575417
vt 0.508108 0.578768
vt 0.228779 0.469260
vt 0.523977 0.585341
vt 0.229380 0.453007
vt 0.538259 0.594884
vt 0.230357 0.438150
vt 0.653608 0.772161
vt 0.550405 0.607030
vt 0.559947 0.621312
vt 0.667874 0.770495
vt 0.566521 0.637181
vt 0.683732 0.769349
vt 0.569872 0.654028
vt 0.700574 0.768764
vt 0.569872 0.671204
vt 0.717750 0.768764
vt 0.566521 0.688051
vt 0.734603 0.769349
vt 0.559947 0.703920
vt 0.750483 0.770495
vt 0.550405 0.718202
vt 0.764780 0.772161
vt 0.589206 0.456115
vt 0.538259 0.730348
vt 0.523977 0.739891
vt 0.588046 0.441584
vt 0.508108 0.746465
vt 0.587331 0.425545
vt 0.491262 0.749816
vt 0.587090 0.408616
vt 0.587331 0.391446
vt 0.474085 0.749816
vt 0.457239 0.746465
vt 0.588046 0.374696
vt 0.589206 0.359009
vt 0.441370 0.739892
vt 0.427088 0.730349
vt 0.414943 0.718204
vt 0.405400 0.703922
vt 0.363798 0.098977
vt 0.398827 0.688052
vt 0.364632 0.114737
vt 0.395476 0.671206
vt 0.365057 0.131527
vt 0.395476 0.654029
vt 0.365057 0.148702
vt 0.398827 0.637182
vt 0.364632 0.165601
vt 0.363798 0.181574
vt 0.405400 0.621313
vt 0.414943 0.607031
vt 0.427088 0.594885
vt 0.441370 0.585342
vt 0.230357 0.535450
vt 0.229380 0.520028
vt 0.457239 0.578769
vt 0.474085 0.575417
vt 0.228779 0.503427
vt 0.490074 0.587483
vt 0.823761 0.326987
vt 0.504589 0.590370
vt 0.824376 0.312555
vt 0.518262 0.596034
vt 0.825376 0.299038
vt 0.826721 0.286957
vt 0.530568 0.604256
vt 0.212782 0.738000
vt 0.541033 0.614721
vt 0.211454 0.727706
vt 0.549255 0.627027
vt 0.210410 0.715535
vt 0.554919 0.640700
vt 0.209692 0.701955
vt 0.557806 0.655216
vt 0.209325 0.687488
vt 0.557806 0.670016
vt 0.209325 0.672690
vt 0.554919 0.684532
vt 0.209692 0.658130
vt 0.549255 0.698205
vt 0.210410 0.644366
vt 0.541033 0.710511
vt 0.211454 0.631929
vt 0.212782 0.621295
vt 0.530568 0.720977
vt 0.826220 0.513296
vt 0.518262 0.729199
vt 0.825087 0.501535
vt 0.504589 0.734863
vt 0.824246 0.488247
vt 0.490074 0.737751
vt 0.823728 0.473944
vt 0.475274 0.737751
vt 0.823553 0.459173
vt 0.460758 0.734863
vt 0.823728 0.444504
vt 0.447085 0.729200
vt 0.824246 0.430500
vt 0.434779 0.720977
vt 0.825087 0.417698
vt 0.424314 0.710512
vt 0.826220 0.406592
vt 0.834893 0.639744
vt 0.416092 0.698207
vt 0.833458 0.627452
vt 0.410428 0.684533
vt 0.832470 0.613787
vt 0.407541 0.670017
vt 0.831966 0.599276
vt 0.407541 0.655217
vt 0.831966 0.584476
vt 0.410428 0.640702
vt 0.832470 0.569956
vt 0.416092 0.627028
vt 0.833458 0.556273
vt 0.834893 0.543954
vt 0.424314 0.614722
vt 0.826721 0.393448
vt 0.434779 0.604257
vt 0.825376 0.382708
vt 0.447085 0.596034
vt 0.824376 0.370187
vt 0.460758 0.590370
vt 0.823761 0.356368
vt 0.475274 0.587483
vt 0.823553 0.341781
vt 0.174277 0.484860
vt 0.122851 0.484415
vt 0.059510 0.484204
vt 0.059897 0.451784
vt 0.123206 0.454636
vt 0.174589 0.458733
vt 0.061042 0.420834
vt 0.124258 0.426207
vt 0.175512 0.433790
vt 0.062902 0.392542
vt 0.125967 0.400220
vt 0.567691 0.558597
vt 0.177011 0.410989
vt 0.603289 0.603257
vt 0.065405 0.367996
vt 0.611911 0.666292
vt 0.128266 0.377673
vt 0.623843 0.717588
vt 0.586330 0.577237
vt 0.179028 0.391208
vt 0.630456 0.600086
vt 0.636865 0.663379
vt 0.645737 0.715032
vt 0.660655 0.597902
vt 0.664604 0.661373
vt 0.670074 0.713272
vt 0.692725 0.596789
vt 0.694061 0.660350
vt 0.695920 0.712375
vt 0.725434 0.596789
vt 0.724106 0.660350
vt 0.722280 0.712375
vt 0.757525 0.597902
vt 0.753583 0.661373
vt 0.748142 0.713272
vt 0.787765 0.600086
vt 0.781359 0.663379
vt 0.772513 0.715032
vt 0.423716 0.526799
vt 0.814991 0.603257
vt 0.486607 0.517170
vt 0.806368 0.666292
vt 0.537521 0.503478
vt 0.586330 0.747849
vt 0.794455 0.717588
vt 0.420743 0.503062
vt 0.483876 0.495366
vt 0.567691 0.766488
vt 0.535125 0.484348
vt 0.418534 0.475391
vt 0.481847 0.469949
vt 0.533344 0.462048
vt 0.417174 0.444850
vt 0.480597 0.441896
vt 0.532248 0.437435
vt 0.416714 0.412612
vt 0.480175 0.412284
vt 0.531878 0.411454
vt 0.417174 0.379916
vt 0.480597 0.382251
vt 0.532248 0.385104
vt 0.418534 0.348019
vt 0.481847 0.352953
vt 0.533344 0.359398
vt 0.420743 0.318146
vt 0.483876 0.325514
vt 0.418999 0.781135
vt 0.535125 0.335324
vt 0.526806 0.011182
vt 0.423716 0.291446
vt 0.464060 0.021699
vt 0.486607 0.300989
vt 0.537521 0.313806
vt 0.413427 0.036315
vt 0.397082 0.766490
vt 0.529741 0.033933
vt 0.466756 0.042596
vt 0.415792 0.054650
vt 0.378443 0.747850
vt 0.532047 0.060832
vt 0.468874 0.067304
vt 0.417650 0.076328
vt 0.363798 0.725933
vt 0.533636 0.090844
vt 0.470333 0.094871
vt 0.418930 0.100515
vt 0.544473 0.122838
vt 0.334614 0.462773
vt 0.329978 0.700736
vt 0.471077 0.124240
vt 0.244177 0.721784
vt 0.331197 0.389918
vt 0.419583 0.126282
vt 0.544473 0.155543
vt 0.333883 0.514020
vt 0.297281 0.701643
vt 0.471077 0.154280
vt 0.330455 0.587008
vt 0.274216 0.721196
vt 0.419583 0.152639
vt 0.533636 0.187702
vt 0.470333 0.183839
vt 0.418930 0.178573
vt 0.532047 0.218120
vt 0.468874 0.211779
vt 0.363798 0.599157
vt 0.417650 0.203087
vt 0.529741 0.245608
vt 0.466756 0.237027
vt 0.415792 0.225239
vt 0.378443 0.577239
vt 0.065405 0.603819
vt 0.526806 0.269108
vt 0.128266 0.594285
vt 0.464060 0.258614
vt 0.413427 0.244179
vt 0.179028 0.581258
vt 0.397082 0.558599
vt 0.062902 0.577826
vt 0.125967 0.570410
vt 0.177011 0.560310
vt 0.418999 0.543954
vt 0.061042 0.548460
vt 0.124258 0.543436
vt 0.175512 0.536644
vt 0.059897 0.516848
vt 0.123206 0.514399
vt 0.174589 0.511167
vt 0.331746 0.421479
vt 0.502761 0.123528
vt 0.334614 0.363812
vt 0.445330 0.125261
vt 0.327031 0.715506
vt 0.331006 0.555395
vt 0.502761 0.154901
vt 0.445330 0.153459
vt 0.333883 0.613135
vt 0.298838 0.714786
vt 0.419583 0.139460
vt 0.471077 0.139260
vt 0.259197 0.721490
vt 0.544473 0.139190
vt 0.313629 0.701189
vt 0.502761 0.139215
vt 0.445330 0.139360
vt 0.312935 0.715146
vt 0.262039 0.626278
vt 0.312241 0.627190
vt 0.280576 0.626278
vt 0.260827 0.503014
vt 0.293725 0.628102
vt 0.330756 0.626278
vt 0.260809 0.474492
vt 0.243501 0.626278
vt 0.243903 0.643961
vt 0.248415 0.458120
vt 0.279469 0.643961
vt 0.248429 0.519520
vt 0.261686 0.643961
vt 0.261964 0.683487
vt 0.245041 0.558655
vt 0.278991 0.683487
vt 0.244936 0.683487
vt 0.245066 0.419012
vt 0.327031 0.793311
vt 0.246965 0.708052
vt 0.261555 0.392602
vt 0.278933 0.708052
vt 0.261482 0.584846
vt 0.295099 0.791809
vt 0.262949 0.708052
vt 0.311065 0.792560
vt 0.281791 0.383542
vt 0.326997 0.771503
vt 0.311031 0.770752
vt 0.815952 0.832804
vt 0.260514 0.776064
vt 0.243501 0.776763
vt 0.278724 0.406751
vt 0.832972 0.833192
vt 0.295065 0.770001
vt 0.281684 0.593663
vt 0.278646 0.570512
vt 0.798932 0.832416
vt 0.277528 0.775365
vt 0.798770 0.785304
vt 0.269747 0.825472
vt 0.275710 0.518279
vt 0.293720 0.646074
vt 0.281202 0.495202
vt 0.330751 0.644250
vt 0.281199 0.482058
vt 0.269747 0.789906
vt 0.275745 0.458823
vt 0.834319 0.786115
vt 0.269747 0.807689
vt 0.816544 0.785710
vt 0.312235 0.645162
vt 0.309431 0.742779
vt 0.244017 0.741700
vt 0.311037 0.391365
vt 0.315503 0.586174
vt 0.277528 0.735684
vt 0.325143 0.745697
vt 0.305825 0.373184
vt 0.260772 0.738692
vt 0.293720 0.739861
vt 0.309957 0.603919
vt 0.816909 0.812322
vt 0.799498 0.811925
vt 0.265501 0.542821
vt 0.243501 0.537664
vt 0.279089 0.662611
vt 0.261671 0.662611
vt 0.243501 0.440029
vt 0.244253 0.662611
vt 0.834319 0.812720
vt 0.265532 0.434607
vt 0.306438 0.497588
vt 0.293725 0.671247
vt 0.243501 0.790450
vt 0.303380 0.461362
vt 0.539642 0.121466
vt 0.312241 0.670335
vt 0.243501 0.826016
vt 0.539545 0.157031
vt 0.303334 0.515616
vt 0.330756 0.669423
vt 0.306468 0.479368
vt 0.243501 0.808233
vt 0.539593 0.139248
vt 0.442485 0.937545
vt 0.832750 0.327514
vt 0.193365 0.328407
vt 0.987526 0.086376
vt 0.428375 0.937545
vt 0.833337 0.313754
vt 0.222303 0.322651
vt 0.988753 0.057603
vt 0.414536 0.934793
vt 0.834290 0.300867
vt 0.249561 0.311360
vt 0.990746 0.030657
vt 0.401499 0.929393
vt 0.835572 0.289349
vt 0.221579 0.735263
vt 0.274093 0.294968
vt 0.993428 0.006572
vt 0.791294 0.239235
vt 0.389767 0.921553
vt 0.220313 0.725449
vt 0.294955 0.274104
vt 0.788647 0.218712
vt 0.379790 0.911576
vt 0.219318 0.713845
vt 0.311347 0.249571
vt 0.786566 0.194448
vt 0.371950 0.899843
vt 0.218633 0.700898
vt 0.322638 0.222312
vt 0.785134 0.167376
vt 0.366551 0.886807
vt 0.218284 0.687105
vt 0.328394 0.193374
vt 0.784403 0.138534
vt 0.363798 0.872967
vt 0.218284 0.672996
vt 0.328394 0.163868
vt 0.784403 0.109033
vt 0.363798 0.858856
vt 0.218633 0.659114
vt 0.322638 0.134930
vt 0.785134 0.080005
vt 0.366551 0.845017
vt 0.219318 0.645991
vt 0.311347 0.107670
vt 0.786566 0.052566
vt 0.371950 0.831981
vt 0.220313 0.634133
vt 0.294955 0.083137
vt 0.788647 0.027771
vt 0.221579 0.623995
vt 0.379790 0.820248
vt 0.835041 0.510861
vt 0.791294 0.006572
vt 0.274093 0.062274
vt 0.196182 0.834019
vt 0.389767 0.810270
vt 0.833961 0.499648
vt 0.249561 0.045881
vt 0.193924 0.810573
vt 0.401500 0.802431
vt 0.833159 0.486979
vt 0.222302 0.034590
vt 0.192246 0.784083
vt 0.414536 0.797031
vt 0.832665 0.473342
vt 0.193365 0.028834
vt 0.191213 0.755567
vt 0.428375 0.794278
vt 0.832498 0.459259
vt 0.163861 0.028833
vt 0.190864 0.726121
vt 0.442485 0.794278
vt 0.832665 0.445274
vt 0.134923 0.034589
vt 0.191213 0.696876
vt 0.456325 0.797031
vt 0.833159 0.431922
vt 0.107665 0.045880
vt 0.192246 0.668957
vt 0.469361 0.802431
vt 0.833961 0.419717
vt 0.083133 0.062273
vt 0.193924 0.643437
vt 0.835041 0.409128
vt 0.481093 0.810270
vt 0.843819 0.637511
vt 0.062271 0.083136
vt 0.196182 0.621295
vt 0.785626 0.976271
vt 0.491071 0.820248
vt 0.842451 0.625791
vt 0.045879 0.107669
vt 0.782766 0.951765
vt 0.498910 0.831981
vt 0.841509 0.612763
vt 0.034588 0.134928
vt 0.780796 0.924524
vt 0.504310 0.845017
vt 0.841028 0.598928
vt 0.028832 0.163867
vt 0.779791 0.895595
vt 0.507062 0.858856
vt 0.841028 0.584818
vt 0.028832 0.193372
vt 0.779791 0.866090
vt 0.507062 0.872967
vt 0.841509 0.570974
vt 0.034588 0.222310
vt 0.780796 0.837142
vt 0.504310 0.886807
vt 0.842451 0.557929
vt 0.045879 0.249570
vt 0.782766 0.809864
vt 0.498910 0.899843
vt 0.843819 0.546183
vt 0.835572 0.390879
vt 0.062271 0.274103
vt 0.785626 0.785304
vt 0.993428 0.218873
vt 0.491070 0.911576
vt 0.834290 0.380639
vt 0.083134 0.294966
vt 0.990746 0.197460
vt 0.481093 0.921553
vt 0.833337 0.368702
vt 0.107665 0.311359
vt 0.988753 0.172500
vt 0.469361 0.929393
vt 0.832750 0.355526
vt 0.134924 0.322650
vt 0.987526 0.144950
vt 0.456324 0.934793
vt 0.832552 0.341619
vt 0.163861 0.328407
vt 0.987112 0.115869
vt 0.006972 0.450626
vt 0.228796 0.344057
vt 0.006572 0.484217
vt 0.195558 0.350668
vt 0.008159 0.418558
vt 0.260105 0.331088
vt 0.010086 0.389244
vt 0.288283 0.312259
vt 0.012680 0.363812
vt 0.599474 0.550656
vt 0.312246 0.288295
vt 0.627622 0.547370
vt 0.331074 0.260116
vt 0.658911 0.545107
vt 0.344043 0.228806
vt 0.692140 0.543954
vt 0.350654 0.195566
vt 0.726030 0.543954
vt 0.350654 0.161676
vt 0.759280 0.545107
vt 0.344043 0.128436
vt 0.790612 0.547370
vt 0.331074 0.097126
vt 0.818822 0.550656
vt 0.371053 0.530810
vt 0.312246 0.068946
vt 0.367972 0.506216
vt 0.288283 0.044982
vt 0.365683 0.477545
vt 0.260105 0.026153
vt 0.364274 0.445901
vt 0.228796 0.013184
vt 0.363798 0.412498
vt 0.195557 0.006572
vt 0.364274 0.378622
vt 0.161668 0.006572
vt 0.365683 0.345573
vt 0.128430 0.013183
vt 0.367972 0.314621
vt 0.097121 0.026152
vt 0.371053 0.286957
vt 0.579462 0.006572
vt 0.068943 0.044981
vt 0.582503 0.030144
vt 0.044980 0.068945
vt 0.584892 0.058014
vt 0.026152 0.097124
vt 0.586538 0.089111
vt 0.013183 0.128435
vt 0.587377 0.122238
vt 0.006572 0.161674
vt 0.587377 0.156124
vt 0.006572 0.195564
vt 0.586538 0.189466
vt 0.013183 0.228804
vt 0.584892 0.220983
vt 0.026152 0.260115
vt 0.582503 0.249464
vt 0.044980 0.288294
vt 0.579462 0.273813
vt 0.012680 0.608152
vt 0.068943 0.312258
vt 0.010086 0.581221
vt 0.097121 0.331087
vt 0.008159 0.550793
vt 0.128431 0.344056
vt 0.006972 0.518039
vt 0.161669 0.350668
vt 0.676034 0.290955
vt 0.805578 0.070142
vt 0.696133 0.286957
vt 0.804725 0.090126
vt 0.657102 0.298797
vt 0.806962 0.051427
vt 0.808825 0.034698
vt 0.640064 0.310182
vt 0.605307 0.202832
vt 0.625574 0.324673
vt 0.603468 0.188578
vt 0.614189 0.341712
vt 0.602023 0.171725
vt 0.606347 0.360645
vt 0.601028 0.152922
vt 0.602349 0.380744
vt 0.600521 0.132890
vt 0.602350 0.401237
vt 0.600521 0.112400
vt 0.606348 0.421336
vt 0.601028 0.092239
vt 0.614190 0.440269
vt 0.602023 0.073181
vt 0.625575 0.457309
vt 0.603468 0.055960
vt 0.640065 0.471799
vt 0.010265 0.803473
vt 0.605307 0.041236
vt 0.657103 0.483185
vt 0.008697 0.787189
vt 0.676036 0.491027
vt 0.007532 0.768790
vt 0.696134 0.495025
vt 0.006814 0.748985
vt 0.716626 0.495025
vt 0.006572 0.728533
vt 0.736724 0.491027
vt 0.006814 0.708221
vt 0.755657 0.483184
vt 0.007532 0.688830
vt 0.772695 0.471799
vt 0.008697 0.671105
vt 0.010265 0.655726
vt 0.787185 0.457309
vt 0.603526 0.946991
vt 0.798570 0.440269
vt 0.601540 0.929971
vt 0.806412 0.421336
vt 0.600171 0.911051
vt 0.810409 0.401237
vt 0.599474 0.890958
vt 0.810409 0.380744
vt 0.599474 0.870465
vt 0.600171 0.850360
vt 0.806411 0.360645
vt 0.798569 0.341712
vt 0.601540 0.831414
vt 0.603526 0.814356
vt 0.787184 0.324673
vt 0.808824 0.182151
vt 0.772694 0.310182
vt 0.806962 0.167280
vt 0.755655 0.298797
vt 0.805578 0.149943
vt 0.736723 0.290955
vt 0.804725 0.130809
vt 0.716625 0.286957
vt 0.804438 0.110611
vt 0.491262 0.575417
vt 0.228576 0.486285
vt 0.508108 0.578768
vt 0.228779 0.469260
vt 0.523977 0.585341
vt 0.229380 0.453007
vt 0.538259 0.594884
vt 0.230357 0.438150
vt 0.653608 0.772161
vt 0.550405 0.607030
vt 0.559947 0.621312
vt 0.667874 0.770495
vt 0.566521 0.637181
vt 0.683732 0.769349
vt 0.569872 0.654028
vt 0.700574 0.768764
vt 0.569872 0.671204
vt 0.717750 0.768764
vt 0.566521 0.688051
vt 0.734603 0.769349
vt 0.559947 0.703920
vt 0.750483 0.770495
vt 0.550405 0.718202
vt 0.764780 0.772161
vt 0.589206 0.456115
vt 0.538259 0.730348
vt 0.523977 0.739891
vt 0.588046 0.441584
vt 0.508108 0.746465
vt 0.587331 0.425545
vt 0.491262 0.749816
vt 0.587090 0.408616
vt 0.474085 0.749816
vt 0.587331 0.391446
vt 0.457239 0.746465
vt 0.588046 0.374696
vt 0.589206 0.359009
vt 0.441370 0.739892
vt 0.427088 0.730349
vt 0.414943 0.718204
vt 0.405400 0.703922
vt 0.363798 0.098977
vt 0.398827 0.688052
vt 0.364632 0.114737
vt 0.395476 0.671206
vt 0.365057 0.131527
vt 0.395476 0.654029
vt 0.365057 0.148702
vt 0.398827 0.637182
vt 0.364632 0.165601
vt 0.363798 0.181574
vt 0.405400 0.621313
vt 0.414943 0.607031
vt 0.427088 0.594885
vt 0.441370 0.585342
vt 0.230357 0.535450
vt 0.229380 0.520028
vt 0.457239 0.578769
vt 0.474085 0.575417
vt 0.228779 0.503427
vt 0.490074 0.587483
vt 0.823761 0.326987
vt 0.504589 0.590370
vt 0.824376 0.312555
vt 0.518262 0.596034
vt 0.825376 0.299038
vt 0.826721 0.286957
vt 0.530568 0.604256
vt 0.212782 0.738000
vt 0.541033 0.614721
vt 0.211454 0.727706
vt 0.549255 0.627027
vt 0.210410 0.715535
vt 0.554919 0.640700
vt 0.209692 0.701955
vt 0.557806 0.655216
vt 0.209325 0.687488
vt 0.557806 0.670016
vt 0.209325 0.672690
vt 0.554919 0.684532
vt 0.209692 0.658130
vt 0.549255 0.698205
vt 0.210410 0.644366
vt 0.541033 0.710511
vt 0.211454 0.631929
vt 0.530568 0.720977
vt 0.212782 0.621295
vt 0.826220 0.513296
vt 0.518262 0.729199
vt 0.825087 0.501535
vt 0.504589 0.734863
vt 0.824246 0.488247
vt 0.490074 0.737751
vt 0.823728 0.473944
vt 0.475274 0.737751
vt 0.823553 0.459173
vt 0.460758 0.734863
vt 0.823728 0.444504
vt 0.447085 0.729200
vt 0.824246 0.430500
vt 0.434779 0.720977
vt 0.825087 0.417698
vt 0.424314 0.710512
vt 0.826220 0.406592
vt 0.834893 0.639744
vt 0.416092 0.698207
vt 0.833458 0.627452
vt 0.410428 0.684533
vt 0.832470 0.613787
vt 0.407541 0.670017
vt 0.831966 0.599276
vt 0.407541 0.655217
vt 0.831966 0.584476
vt 0.410428 0.640702
vt 0.832470 0.569956
vt 0.416092 0.627028
vt 0.833458 0.556273
vt 0.834893 0.543954
vt 0.424314 0.614722
vt 0.826721 0.393448
vt 0.434779 0.604257
vt 0.825376 0.382708
vt 0.447085 0.596034
vt 0.824376 0.370187
vt 0.460758 0.590370
vt 0.823761 0.356368
vt 0.475274 0.587483
vt 0.823553 0.341781
vt 0.174277 0.484860
vt 0.122851 0.484415
vt 0.059510 0.484204
vt 0.059897 0.451784
vt 0.123206 0.454636
vt 0.174589 0.458733
vt 0.061042 0.420834
vt 0.124258 0.426207
vt 0.175512 0.433790
vt 0.062902 0.392542
vt 0.125967 0.400220
vt 0.567691 0.558597
vt 0.177011 0.410989
vt 0.603289 0.603257
vt 0.065405 0.367996
vt 0.611911 0.666292
vt 0.128266 0.377673
vt 0.623843 0.717588
vt 0.586330 0.577237
vt 0.179028 0.391208
vt 0.630456 0.600086
vt 0.636865 0.663379
vt 0.645737 0.715032
vt 0.660655 0.597902
vt 0.664604 0.661373
vt 0.670074 0.713272
vt 0.692725 0.596789
vt 0.694061 0.660350
vt 0.695920 0.712375
vt 0.725434 0.596789
vt 0.724106 0.660350
vt 0.722280 0.712375
vt 0.757525 0.597902
vt 0.753583 0.661373
vt 0.748142 0.713272
vt 0.787765 0.600086
vt 0.781359 0.663379
vt 0.772513 0.715032
vt 0.423716 0.526799
vt 0.814991 0.603257
vt 0.486607 0.517170
vt 0.806368 0.666292
vt 0.537521 0.503478
vt 0.586330 0.747849
vt 0.794455 0.717588
vt 0.420743 0.503062
vt 0.483876 0.495366
vt 0.567691 0.766488
vt 0.535125 0.484348
vt 0.418534 0.475391
vt 0.481847 0.469949
vt 0.533344 0.462048
vt 0.417174 0.444850
vt 0.480597 0.441896
vt 0.532248 0.437435
vt 0.416714 0.412612
vt 0.480175 0.412284
vt 0.531878 0.411454
vt 0.417174 0.379916
vt 0.480597 0.382251
vt 0.532248 0.385104
vt 0.418534 0.348019
vt 0.481847 0.352953
vt 0.533344 0.359398
vt 0.420743 0.318146
vt 0.483876 0.325514
vt 0.418999 0.781135
vt 0.535125 0.335324
vt 0.526806 0.011182
vt 0.423716 0.291446
vt 0.464060 0.021699
vt 0.486607 0.300989
vt 0.537521 0.313806
vt 0.413427 0.036315
vt 0.397082 0.766490
vt 0.529741 0.033933
vt 0.466756 0.042596
vt 0.415792 0.054650
vt 0.378443 0.747850
vt 0.532047 0.060832
vt 0.468874 0.067304
vt 0.417650 0.076328
vt 0.363798 0.725933
vt 0.533636 0.090844
vt 0.470333 0.094871
vt 0.418930 0.100515
vt 0.544473 0.122838
vt 0.334614 0.462773
vt 0.329978 0.700736
vt 0.471077 0.124240
vt 0.244177 0.721784
vt 0.331197 0.389918
vt 0.419583 0.126282
vt 0.544473 0.155543
vt 0.333883 0.514020
vt 0.297281 0.701643
vt 0.471077 0.154280
vt 0.330455 0.587008
vt 0.274216 0.721196
vt 0.419583 0.152639
vt 0.533636 0.187702
vt 0.470333 0.183839
vt 0.418930 0.178573
vt 0.532047 0.218120
vt 0.468874 0.211779
vt 0.363798 0.599157
vt 0.417650 0.203087
vt 0.529741 0.245608
vt 0.466756 0.237027
vt 0.415792 0.225239
vt 0.378443 0.577239
vt 0.065405 0.603819
vt 0.526806 0.269108
vt 0.128266 0.594285
vt 0.464060 0.258614
vt 0.413427 0.244179
vt 0.179028 0.581258
vt 0.397082 0.558599
vt 0.062902 0.577826
vt 0.125967 0.570410
vt 0.177011 0.560310
vt 0.418999 0.543954
vt 0.061042 0.548460
vt 0.124258 0.543436
vt 0.175512 0.536644
vt 0.059897 0.516848
vt 0.123206 0.514399
vt 0.174589 0.511167
vt 0.331746 0.421479
vt 0.502761 0.123528
vt 0.334614 0.363812
vt 0.445330 0.125261
vt 0.327031 0.715506
vt 0.331006 0.555395
vt 0.502761 0.154901
vt 0.445330 0.153459
vt 0.333883 0.613135
vt 0.298838 0.714786
vt 0.419583 0.139460
vt 0.471077 0.139260
vt 0.259197 0.721490
vt 0.544473 0.139190
vt 0.313629 0.701189
vt 0.502761 0.139215
vt 0.445330 0.139360
vt 0.312935 0.715146
vt 0.262039 0.626278
vt 0.312241 0.627190
vt 0.280576 0.626278
vt 0.260827 0.503014
vt 0.293725 0.628102
vt 0.330756 0.626278
vt 0.260809 0.474492
vt 0.243501 0.626278
vt 0.243903 0.643961
vt 0.248415 0.458120
vt 0.279469 0.643961
vt 0.248429 0.519520
vt 0.261686 0.643961
vt 0.261964 0.683487
vt 0.245041 0.558655
vt 0.278991 0.683487
vt 0.244936 0.683487
vt 0.245066 0.419012
vt 0.327031 0.793311
vt 0.246965 0.708052
vt 0.261555 0.392602
vt 0.278933 0.708052
vt 0.261482 0.584846
vt 0.295099 0.791809
vt 0.262949 0.708052
vt 0.311065 0.792560
vt 0.281791 0.383542
vt 0.326997 0.771503
vt 0.311031 0.770752
vt 0.815952 0.832804
vt 0.260514 0.776064
vt 0.243501 0.776763
vt 0.278724 0.406751
vt 0.832972 0.833192
vt 0.295065 0.770001
vt 0.281684 0.593663
vt 0.278646 0.570512
vt 0.798932 0.832416
vt 0.277528 0.775365
vt 0.798770 0.785304
vt 0.269747 0.825472
vt 0.275710 0.518279
vt 0.293720 0.646074
vt 0.281202 0.495202
vt 0.330751 0.644250
vt 0.281199 0.482058
vt 0.269747 0.789906
vt 0.275745 0.458823
vt 0.834319 0.786115
vt 0.269747 0.807689
vt 0.816544 0.785710
vt 0.312235 0.645162
vt 0.309431 0.742779
vt 0.244017 0.741700
vt 0.311037 0.391365
vt 0.315503 0.586174
vt 0.277528 0.735684
vt 0.325143 0.745697
vt 0.305825 0.373184
vt 0.260772 0.738692
vt 0.293720 0.739861
vt 0.309957 0.603919
vt 0.816909 0.812322
vt 0.799498 0.811925
vt 0.265501 0.542821
vt 0.243501 0.537664
vt 0.279089 0.662611
vt 0.261671 0.662611
vt 0.243501 0.440029
vt 0.244253 0.662611
vt 0.834319 0.812720
vt 0.265532 0.434607
vt 0.306438 0.497588
vt 0.293725 0.671247
vt 0.243501 0.790450
vt 0.303380 0.461362
vt 0.539642 0.121466
vt 0.312241 0.670335
vt 0.243501 0.826016
vt 0.539545 0.157031
vt 0.303334 0.515616
vt 0.330756 0.669423
vt 0.306468 0.479368
vt 0.243501 0.808233
vt 0.539593 0.139248
vt 0.442485 0.937545
vt 0.832750 0.327514
vt 0.193365 0.328407
vt 0.987526 0.086376
vt 0.428375 0.937545
vt 0.833337 0.313754
vt 0.222303 0.322651
vt 0.988753 0.057603
vt 0.414536 0.934793
vt 0.834290 0.300867
vt 0.249561 0.311360
vt 0.990746 0.030657
vt 0.835572 0.289349
vt 0.401499 0.929393
vt 0.221579 0.735263
vt 0.993428 0.006572
vt 0.274093 0.294968
vt 0.791294 0.239235
vt 0.389767 0.921553
vt 0.220313 0.725449
vt 0.294955 0.274104
vt 0.788647 0.218712
vt 0.379790 0.911576
vt 0.219318 0.713845
vt 0.311347 0.249571
vt 0.786566 0.194448
vt 0.371950 0.899843
vt 0.218633 0.700898
vt 0.322638 0.222312
vt 0.785134 0.167376
vt 0.366551 0.886807
vt 0.218284 0.687105
vt 0.328394 0.193374
vt 0.784403 0.138534
vt 0.363798 0.872967
vt 0.218284 0.672996
vt 0.328394 0.163868
vt 0.784403 0.109033
vt 0.363798 0.858856
vt 0.218633 0.659114
vt 0.322638 0.134930
vt 0.785134 0.080005
vt 0.366551 0.845017
vt 0.219318 0.645991
vt 0.311347 0.107670
vt 0.786566 0.052566
vt 0.371950 0.831981
vt 0.220313 0.634133
vt 0.294955 0.083137
vt 0.788647 0.027771
vt 0.221579 0.623995
vt 0.379790 0.820248
vt 0.835041 0.510861
vt 0.791294 0.006572
vt 0.274093 0.062274
vt 0.196182 0.834019
vt 0.389767 0.810270
vt 0.833961 0.499648
vt 0.249561 0.045881
vt 0.193924 0.810573
vt 0.401500 0.802431
vt 0.833159 0.486979
vt 0.222302 0.034590
vt 0.192246 0.784083
vt 0.414536 0.797031
vt 0.832665 0.473342
vt 0.193365 0.028834
vt 0.191213 0.755567
vt 0.428375 0.794278
vt 0.832498 0.459259
vt 0.163861 0.028833
vt 0.190864 0.726121
vt 0.442485 0.794278
vt 0.832665 0.445274
vt 0.134923 0.034589
vt 0.191213 0.696876
vt 0.456325 0.797031
vt 0.833159 0.431922
vt 0.107665 0.045880
vt 0.192246 0.668957
vt 0.469361 0.802431
vt 0.833961 0.419717
vt 0.083133 0.062273
vt 0.193924 0.643437
vt 0.835041 0.409128
vt 0.481093 0.810270
vt 0.843819 0.637511
vt 0.062271 0.083136
vt 0.196182 0.621295
vt 0.785626 0.976271
vt 0.491071 0.820248
vt 0.842451 0.625791
vt 0.045879 0.107669
vt 0.782766 0.951765
vt 0.498910 0.831981
vt 0.841509 0.612763
vt 0.034588 0.134928
vt 0.780796 0.924524
vt 0.504310 0.845017
vt 0.841028 0.598928
vt 0.028832 0.163867
vt 0.779791 0.895595
vt 0.507062 0.858856
vt 0.841028 0.584818
vt 0.028832 0.193372
vt 0.779791 0.866090
vt 0.507062 0.872967
vt 0.841509 0.570974
vt 0.034588 0.222310
vt 0.780796 0.837142
vt 0.504310 0.886807
vt 0.842451 0.557929
vt 0.045879 0.249570
vt 0.782766 0.809864
vt 0.498910 0.899843
vt 0.843819 0.546183
vt 0.835572 0.390879
vt 0.062271 0.274103
vt 0.785626 0.785304
vt 0.993428 0.218873
vt 0.491070 0.911576
vt 0.834290 0.380639
vt 0.083134 0.294966
vt 0.990746 0.197460
vt 0.481093 0.921553
vt 0.833337 0.368702
vt 0.107665 0.311359
vt 0.988753 0.172500
vt 0.469361 0.929393
vt 0.832750 0.355526
vt 0.134924 0.322650
vt 0.987526 0.144950
vt 0.456324 0.934793
vt 0.832552 0.341619
vt 0.163861 0.328407
vt 0.987112 0.115869
vt 0.006972 0.450626
vt 0.228796 0.344057
vt 0.006572 0.484217
vt 0.195558 0.350668
vt 0.008159 0.418558
vt 0.260105 0.331088
vt 0.010086 0.389244
vt 0.288283 0.312259
vt 0.012680 0.363812
vt 0.599474 0.550656
vt 0.312246 0.288295
vt 0.627622 0.547370
vt 0.331074 0.260116
vt 0.658911 0.545107
vt 0.344043 0.228806
vt 0.692140 0.543954
vt 0.350654 0.195566
vt 0.726030 0.543954
vt 0.350654 0.161676
vt 0.759280 0.545107
vt 0.344043 0.128436
vt 0.790612 0.547370
vt 0.331074 0.097126
vt 0.818822 0.550656
vt 0.371053 0.530810
vt 0.312246 0.068946
vt 0.367972 0.506216
vt 0.288283 0.044982
vt 0.365683 0.477545
vt 0.260105 0.026153
vt 0.364274 0.445901
vt 0.228796 0.013184
vt 0.363798 0.412498
vt 0.195557 0.006572
vt 0.364274 0.378622
vt 0.161668 0.006572
vt 0.365683 0.345573
vt 0.128430 0.013183
vt 0.367972 0.314621
vt 0.097121 0.026152
vt 0.371053 0.286957
vt 0.579462 0.006572
vt 0.068943 0.044981
vt 0.582503 0.030144
vt 0.044980 0.068945
vt 0.584892 0.058014
vt 0.026152 0.097124
vt 0.586538 0.089111
vt 0.013183 0.128435
vt 0.587377 0.122238
vt 0.006572 0.161674
vt 0.587377 0.156124
vt 0.006572 0.195564
vt 0.586538 0.189466
vt 0.013183 0.228804
vt 0.584892 0.220983
vt 0.026152 0.260115
vt 0.582503 0.249464
vt 0.044980 0.288294
vt 0.579462 0.273813
vt 0.012680 0.608152
vt 0.068943 0.312258
vt 0.010086 0.581221
vt 0.097121 0.331087
vt 0.008159 0.550793
vt 0.128431 0.344056
vt 0.006972 0.518039
vt 0.161669 0.350668
vt 0.676034 0.290955
vt 0.805578 0.070142
vt 0.696133 0.286957
vt 0.804725 0.090126
vt 0.657102 0.298797
vt 0.806962 0.051427
vt 0.640064 0.310182
vt 0.808825 0.034698
vt 0.605307 0.202832
vt 0.625574 0.324673
vt 0.603468 0.188578
vt 0.614189 0.341712
vt 0.602023 0.171725
vt 0.606347 0.360645
vt 0.601028 0.152922
vt 0.602349 0.380744
vt 0.600521 0.132890
vt 0.602350 0.401237
vt 0.600521 0.112400
vt 0.606348 0.421336
vt 0.601028 0.092239
vt 0.614190 0.440269
vt 0.602023 0.073181
vt 0.625575 0.457309
vt 0.603468 0.055960
vt 0.640065 0.471799
vt 0.010265 0.803473
vt 0.605307 0.041236
vt 0.657103 0.483185
vt 0.008697 0.787189
vt 0.676036 0.491027
vt 0.007532 0.768790
vt 0.696134 0.495025
vt 0.006814 0.748985
vt 0.716626 0.495025
vt 0.006572 0.728533
vt 0.736724 0.491027
vt 0.006814 0.708221
vt 0.755657 0.483184
vt 0.007532 0.688830
vt 0.772695 0.471799
vt 0.008697 0.671105
vt 0.010265 0.655726
vt 0.787185 0.457309
vt 0.603526 0.946991
vt 0.798570 0.440269
vt 0.601540 0.929971
vt 0.806412 0.421336
vt 0.600171 0.911051
vt 0.810409 0.401237
vt 0.599474 0.890958
vt 0.810409 0.380744
vt 0.599474 0.870465
vt 0.600171 0.850360
vt 0.806411 0.360645
vt 0.798569 0.341712
vt 0.601540 0.831414
vt 0.603526 0.814356
vt 0.787184 0.324673
vt 0.808824 0.182151
vt 0.772694 0.310182
vt 0.806962 0.167280
vt 0.755655 0.298797
vt 0.805578 0.149943
vt 0.736723 0.290955
vt 0.804725 0.130809
vt 0.716625 0.286957
vt 0.804438 0.110611
vt 0.228576 0.486285
vt 0.491262 0.575417
vt 0.508108 0.578768
vt 0.228779 0.469260
vt 0.523977 0.585341
vt 0.229380 0.453007
vt 0.538259 0.594884
vt 0.230357 0.438150
vt 0.653608 0.772161
vt 0.550405 0.607030
vt 0.559947 0.621312
vt 0.667874 0.770495
vt 0.566521 0.637181
vt 0.683732 0.769349
vt 0.569872 0.654028
vt 0.700574 0.768764
vt 0.569872 0.671204
vt 0.717750 0.768764
vt 0.566521 0.688051
vt 0.734603 0.769349
vt 0.559947 0.703920
vt 0.750483 0.770495
vt 0.550405 0.718202
vt 0.764780 0.772161
vt 0.589206 0.456115
vt 0.538259 0.730348
vt 0.523977 0.739891
vt 0.588046 0.441584
vt 0.508108 0.746465
vt 0.587331 0.425545
vt 0.491262 0.749816
vt 0.587090 0.408616
vt 0.474085 0.749816
vt 0.587331 0.391446
vt 0.457239 0.746465
vt 0.588046 0.374696
vt 0.589206 0.359009
vt 0.441370 0.739892
vt 0.427088 0.730349
vt 0.414943 0.718204
vt 0.405400 0.703922
vt 0.363798 0.098977
vt 0.398827 0.688052
vt 0.364632 0.114737
vt 0.395476 0.671206
vt 0.365057 0.131527
vt 0.395476 0.654029
vt 0.365057 0.148702
vt 0.398827 0.637182
vt 0.364632 0.165601
vt 0.363798 0.181574
vt 0.405400 0.621313
vt 0.414943 0.607031
vt 0.427088 0.594885
vt 0.230357 0.535450
vt 0.441370 0.585342
vt 0.457239 0.578769
vt 0.229380 0.520028
vt 0.474085 0.575417
vt 0.228779 0.503427
vt 0.490074 0.587483
vt 0.823761 0.326987
vt 0.504589 0.590370
vt 0.824376 0.312555
vt 0.518262 0.596034
vt 0.825376 0.299038
vt 0.530568 0.604256
vt 0.826721 0.286957
vt 0.212782 0.738000
vt 0.541033 0.614721
vt 0.211454 0.727706
vt 0.549255 0.627027
vt 0.210410 0.715535
vt 0.554919 0.640700
vt 0.209692 0.701955
vt 0.557806 0.655216
vt 0.209325 0.687488
vt 0.557806 0.670016
vt 0.209325 0.672690
vt 0.554919 0.684532
vt 0.209692 0.658130
vt 0.549255 0.698205
vt 0.210410 0.644366
vt 0.541033 0.710511
vt 0.211454 0.631929
vt 0.530568 0.720977
vt 0.212782 0.621295
vt 0.826220 0.513296
vt 0.518262 0.729199
vt 0.825087 0.501535
vt 0.504589 0.734863
vt 0.824246 0.488247
vt 0.490074 0.737751
vt 0.823728 0.473944
vt 0.475274 0.737751
vt 0.823553 0.459173
vt 0.460758 0.734863
vt 0.823728 0.444504
vt 0.447085 0.729200
vt 0.824246 0.430500
vt 0.434779 0.720977
vt 0.825087 0.417698
vt 0.424314 0.710512
vt 0.826220 0.406592
vt 0.834893 0.639744
vt 0.416092 0.698207
vt 0.833458 0.627452
vt 0.410428 0.684533
vt 0.832470 0.613787
vt 0.407541 0.670017
vt 0.831966 0.599276
vt 0.407541 0.655217
vt 0.831966 0.584476
vt 0.410428 0.640702
vt 0.832470 0.569956
vt 0.416092 0.627028
vt 0.833458 0.556273
vt 0.834893 0.543954
vt 0.424314 0.614722
vt 0.826721 0.393448
vt 0.434779 0.604257
vt 0.825376 0.382708
vt 0.447085 0.596034
vt 0.824376 0.370187
vt 0.460758 0.590370
vt 0.823761 0.356368
vt 0.475274 0.587483
vt 0.823553 0.341781
vt 0.174277 0.484860
vt 0.122851 0.484415
vt 0.059510 0.484204
vt 0.059897 0.451784
vt 0.123206 0.454636
vt 0.174589 0.458733
vt 0.061042 0.420834
vt 0.124258 0.426207
vt 0.175512 0.433790
vt 0.062902 0.392542
vt 0.125967 0.400220
vt 0.567691 0.558597
vt 0.177011 0.410989
vt 0.603289 0.603257
vt 0.065405 0.367996
vt 0.611911 0.666292
vt 0.128266 0.377673
vt 0.623843 0.717588
vt 0.586330 0.577237
vt 0.179028 0.391208
vt 0.630456 0.600086
vt 0.636865 0.663379
vt 0.645737 0.715032
vt 0.660655 0.597902
vt 0.664604 0.661373
vt 0.670074 0.713272
vt 0.692725 0.596789
vt 0.694061 0.660350
vt 0.695920 0.712375
vt 0.725434 0.596789
vt 0.724106 0.660350
vt 0.722280 0.712375
vt 0.757525 0.597902
vt 0.753583 0.661373
vt 0.748142 0.713272
vt 0.787765 0.600086
vt 0.781359 0.663379
vt 0.772513 0.715032
vt 0.423716 0.526799
vt 0.814991 0.603257
vt 0.486607 0.517170
vt 0.806368 0.666292
vt 0.586330 0.747849
vt 0.537521 0.503478
vt 0.794455 0.717588
vt 0.420743 0.503062
vt 0.483876 0.495366
vt 0.535125 0.484348
vt 0.567691 0.766488
vt 0.418534 0.475391
vt 0.481847 0.469949
vt 0.533344 0.462048
vt 0.417174 0.444850
vt 0.480597 0.441896
vt 0.532248 0.437435
vt 0.416714 0.412612
vt 0.480175 0.412284
vt 0.531878 0.411454
vt 0.417174 0.379916
vt 0.480597 0.382251
vt 0.532248 0.385104
vt 0.418534 0.348019
vt 0.481847 0.352953
vt 0.533344 0.359398
vt 0.420743 0.318146
vt 0.483876 0.325514
vt 0.418999 0.781135
vt 0.535125 0.335324
vt 0.526806 0.011182
vt 0.423716 0.291446
vt 0.464060 0.021699
vt 0.486607 0.300989
vt 0.413427 0.036315
vt 0.397082 0.766490
vt 0.537521 0.313806
vt 0.529741 0.033933
vt 0.466756 0.042596
vt 0.415792 0.054650
vt 0.378443 0.747850
vt 0.532047 0.060832
vt 0.468874 0.067304
vt 0.417650 0.076328
vt 0.363798 0.725933
vt 0.533636 0.090844
vt 0.470333 0.094871
vt 0.418930 0.100515
vt 0.544473 0.122838
vt 0.334614 0.462773
vt 0.329978 0.700736
vt 0.471077 0.124240
vt 0.244177 0.721784
vt 0.331197 0.389918
vt 0.419583 0.126282
vt 0.544473 0.155543
vt 0.333883 0.514020
vt 0.297281 0.701643
vt 0.471077 0.154280
vt 0.330455 0.587008
vt 0.274216 0.721196
vt 0.419583 0.152639
vt 0.533636 0.187702
vt 0.470333 0.183839
vt 0.418930 0.178573
vt 0.532047 0.218120
vt 0.468874 0.211779
vt 0.363798 0.599157
vt 0.417650 0.203087
vt 0.529741 0.245608
vt 0.466756 0.237027
vt 0.415792 0.225239
vt 0.378443 0.577239
vt 0.065405 0.603819
vt 0.526806 0.269108
vt 0.128266 0.594285
vt 0.464060 0.258614
vt 0.179028 0.581258
vt 0.397082 0.558599
vt 0.413427 0.244179
vt 0.062902 0.577826
vt 0.125967 0.570410
vt 0.418999 0.543954
vt 0.177011 0.560310
vt 0.061042 0.548460
vt 0.124258 0.543436
vt 0.175512 0.536644
vt 0.059897 0.516848
vt 0.123206 0.514399
vt 0.174589 0.511167
vt 0.331746 0.421479
vt 0.502761 0.123528
vt 0.334614 0.363812
vt 0.445330 0.125261
vt 0.327031 0.715506
vt 0.331006 0.555395
vt 0.502761 0.154901
vt 0.445330 0.153459
vt 0.333883 0.613135
vt 0.298838 0.714786
vt 0.419583 0.139460
vt 0.471077 0.139260
vt 0.259197 0.721490
vt 0.544473 0.139190
vt 0.313629 0.701189
vt 0.502761 0.139215
vt 0.445330 0.139360
vt 0.312935 0.715146
vt 0.262039 0.626278
vt 0.312241 0.627190
vt 0.280576 0.626278
vt 0.260827 0.503014
vt 0.293725 0.628102
vt 0.330756 0.626278
vt 0.260809 0.474492
vt 0.243501 0.626278
vt 0.243903 0.643961
vt 0.248415 0.458120
vt 0.279469 0.643961
vt 0.248429 0.519520
vt 0.261686 0.643961
vt 0.261964 0.683487
vt 0.245041 0.558655
vt 0.278991 0.683487
vt 0.244936 0.683487
vt 0.245066 0.419012
vt 0.327031 0.793311
vt 0.246965 0.708052
vt 0.261555 0.392602
vt 0.278933 0.708052
vt 0.261482 0.584846
vt 0.295099 0.791809
vt 0.262949 0.708052
vt 0.311065 0.792560
vt 0.281791 0.383542
vt 0.326997 0.771503
vt 0.311031 0.770752
vt 0.815952 0.832804
vt 0.260514 0.776064
vt 0.243501 0.776763
vt 0.278724 0.406751
vt 0.832972 0.833192
vt 0.295065 0.770001
vt 0.281684 0.593663
vt 0.278646 0.570512
vt 0.798932 0.832416
vt 0.277528 0.775365
vt 0.798770 0.785304
vt 0.269747 0.825472
vt 0.275710 0.518279
vt 0.293720 0.646074
vt 0.281202 0.495202
vt 0.330751 0.644250
vt 0.281199 0.482058
vt 0.269747 0.789906
vt 0.275745 0.458823
vt 0.834319 0.786115
vt 0.269747 0.807689
vt 0.816544 0.785710
vt 0.312235 0.645162
vt 0.309431 0.742779
vt 0.244017 0.741700
vt 0.311037 0.391365
vt 0.315503 0.586174
vt 0.277528 0.735684
vt 0.325143 0.745697
vt 0.305825 0.373184
vt 0.260772 0.738692
vt 0.293720 0.739861
vt 0.309957 0.603919
vt 0.816909 0.812322
vt 0.799498 0.811925
vt 0.265501 0.542821
vt 0.243501 0.537664
vt 0.279089 0.662611
vt 0.261671 0.662611
vt 0.243501 0.440029
vt 0.244253 0.662611
vt 0.834319 0.812720
vt 0.265532 0.434607
vt 0.306438 0.497588
vt 0.293725 0.671247
vt 0.243501 0.790450
vt 0.303380 0.461362
vt 0.539642 0.121466
vt 0.312241 0.670335
vt 0.243501 0.826016
vt 0.539545 0.157031
vt 0.303334 0.515616
vt 0.330756 0.669423
vt 0.306468 0.479368
vt 0.243501 0.808233
vt 0.539593 0.139248
vt 0.442485 0.937545
vt 0.832750 0.327514
vt 0.193365 0.328407
vt 0.987526 0.086376
vt 0.428375 0.937545
vt 0.833337 0.313754
vt 0.222303 0.322651
vt 0.988753 0.057603
vt 0.414536 0.934793
vt 0.834290 0.300867
vt 0.249561 0.311360
vt 0.990746 0.030657
vt 0.835572 0.289349
vt 0.401499 0.929393
vt 0.221579 0.735263
vt 0.274093 0.294968
vt 0.993428 0.006572
vt 0.791294 0.239235
vt 0.389767 0.921553
vt 0.220313 0.725449
vt 0.294955 0.274104
vt 0.788647 0.218712
vt 0.379790 0.911576
vt 0.219318 0.713845
vt 0.311347 0.249571
vt 0.786566 0.194448
vt 0.371950 0.899843
vt 0.218633 0.700898
vt 0.322638 0.222312
vt 0.785134 0.167376
vt 0.366551 0.886807
vt 0.218284 0.687105
vt 0.328394 0.193374
vt 0.784403 0.138534
vt 0.363798 0.872967
vt 0.218284 0.672996
vt 0.328394 0.163868
vt 0.784403 0.109033
vt 0.363798 0.858856
vt 0.218633 0.659114
vt 0.322638 0.134930
vt 0.785134 0.080005
vt 0.366551 0.845017
vt 0.219318 0.645991
vt 0.311347 0.107670
vt 0.786566 0.052566
vt 0.371950 0.831981
vt 0.220313 0.634133
vt 0.294955 0.083137
vt 0.788647 0.027771
vt 0.379790 0.820248
vt 0.221579 0.623995
vt 0.835041 0.510861
vt 0.791294 0.006572
vt 0.274093 0.062274
vt 0.196182 0.834019
vt 0.389767 0.810270
vt 0.833961 0.499648
vt 0.249561 0.045881
vt 0.193924 0.810573
vt 0.401500 0.802431
vt 0.833159 0.486979
vt 0.222302 0.034590
vt 0.192246 0.784083
vt 0.414536 0.797031
vt 0.832665 0.473342
vt 0.193365 0.028834
vt 0.191213 0.755567
vt 0.428375 0.794278
vt 0.832498 0.459259
vt 0.163861 0.028833
vt 0.190864 0.726121
vt 0.442485 0.794278
vt 0.832665 0.445274
vt 0.134923 0.034589
vt 0.191213 0.696876
vt 0.456325 0.797031
vt 0.833159 0.431922
vt 0.107665 0.045880
vt 0.192246 0.668957
vt 0.469361 0.802431
vt 0.833961 0.419717
vt 0.083133 0.062273
vt 0.193924 0.643437
vt 0.835041 0.409128
vt 0.481093 0.810270
vt 0.843819 0.637511
vt 0.062271 0.083136
vt 0.196182 0.621295
vt 0.785626 0.976271
vt 0.491071 0.820248
vt 0.842451 0.625791
vt 0.045879 0.107669
vt 0.782766 0.951765
vt 0.498910 0.831981
vt 0.841509 0.612763
vt 0.034588 0.134928
vt 0.780796 0.924524
vt 0.504310 0.845017
vt 0.841028 0.598928
vt 0.028832 0.163867
vt 0.779791 0.895595
vt 0.507062 0.858856
vt 0.841028 0.584818
vt 0.028832 0.193372
vt 0.779791 0.866090
vt 0.507062 0.872967
vt 0.841509 0.570974
vt 0.034588 0.222310
vt 0.780796 0.837142
vt 0.504310 0.886807
vt 0.842451 0.557929
vt 0.045879 0.249570
vt 0.782766 0.809864
vt 0.498910 0.899843
vt 0.843819 0.546183
vt 0.835572 0.390879
vt 0.062271 0.274103
vt 0.785626 0.785304
vt 0.993428 0.218873
vt 0.491070 0.911576
vt 0.834290 0.380639
vt 0.083134 0.294966
vt 0.990746 0.197460
vt 0.481093 0.921553
vt 0.833337 0.368702
vt 0.107665 0.311359
vt 0.988753 0.172500
vt 0.469361 0.929393
vt 0.832750 0.355526
vt 0.134924 0.322650
vt 0.987526 0.144950
vt 0.456324 0.934793
vt 0.832552 0.341619
vt 0.163861 0.328407
vt 0.987112 0.115869
vt 0.006972 0.450626
vt 0.228796 0.344057
vt 0.006572 0.484217
vt 0.195558 0.350668
vt 0.008159 0.418558
vt 0.260105 0.331088
vt 0.010086 0.389244
vt 0.288283 0.312259
vt 0.012680 0.363812
vt 0.599474 0.550656
vt 0.312246 0.288295
vt 0.627622 0.547370
vt 0.331074 0.260116
vt 0.658911 0.545107
vt 0.344043 0.228806
vt 0.692140 0.543954
vt 0.350654 0.195566
vt 0.726030 0.543954
vt 0.350654 0.161676
vt 0.759280 0.545107
vt 0.344043 0.128436
vt 0.790612 0.547370
vt 0.331074 0.097126
vt 0.818822 0.550656
vt 0.371053 0.530810
vt 0.312246 0.068946
vt 0.367972 0.506216
vt 0.288283 0.044982
vt 0.365683 0.477545
vt 0.260105 0.026153
vt 0.364274 0.445901
vt 0.228796 0.013184
vt 0.363798 0.412498
vt 0.195557 0.006572
vt 0.364274 0.378622
vt 0.161668 0.006572
vt 0.365683 0.345573
vt 0.128430 0.013183
vt 0.367972 0.314621
vt 0.097121 0.026152
vt 0.371053 0.286957
vt 0.579462 0.006572
vt 0.068943 0.044981
vt 0.582503 0.030144
vt 0.044980 0.068945
vt 0.584892 0.058014
vt 0.026152 0.097124
vt 0.586538 0.089111
vt 0.013183 0.128435
vt 0.587377 0.122238
vt 0.006572 0.161674
vt 0.587377 0.156124
vt 0.006572 0.195564
vt 0.586538 0.189466
vt 0.013183 0.228804
vt 0.584892 0.220983
vt 0.026152 0.260115
vt 0.582503 0.249464
vt 0.044980 0.288294
vt 0.579462 0.273813
vt 0.012680 0.608152
vt 0.068943 0.312258
vt 0.010086 0.581221
vt 0.097121 0.331087
vt 0.008159 0.550793
vt 0.128431 0.344056
vt 0.006972 0.518039
vt 0.161669 0.350668
vt 0.676034 0.290955
vt 0.805578 0.070142
vt 0.696133 0.286957
vt 0.804725 0.090126
vt 0.657102 0.298797
vt 0.806962 0.051427
vt 0.808825 0.034698
vt 0.640064 0.310182
vt 0.605307 0.202832
vt 0.625574 0.324673
vt 0.603468 0.188578
vt 0.614189 0.341712
vt 0.602023 0.171725
vt 0.606347 0.360645
vt 0.601028 0.152922
vt 0.602349 0.380744
vt 0.600521 0.132890
vt 0.602350 0.401237
vt 0.600521 0.112400
vt 0.606348 0.421336
vt 0.601028 0.092239
vt 0.614190 0.440269
vt 0.602023 0.073181
vt 0.625575 0.457309
vt 0.603468 0.055960
vt 0.640065 0.471799
vt 0.010265 0.803473
vt 0.605307 0.041236
vt 0.657103 0.483185
vt 0.008697 0.787189
vt 0.676036 0.491027
vt 0.007532 0.768790
vt 0.696134 0.495025
vt 0.006814 0.748985
vt 0.716626 0.495025
vt 0.006572 0.728533
vt 0.736724 0.491027
vt 0.006814 0.708221
vt 0.755657 0.483184
vt 0.007532 0.688830
vt 0.772695 0.471799
vt 0.008697 0.671105
vt 0.010265 0.655726
vt 0.787185 0.457309
vt 0.603526 0.946991
vt 0.798570 0.440269
vt 0.601540 0.929971
vt 0.806412 0.421336
vt 0.600171 0.911051
vt 0.810409 0.401237
vt 0.599474 0.890958
vt 0.810409 0.380744
vt 0.599474 0.870465
vt 0.600171 0.850360
vt 0.806411 0.360645
vt 0.798569 0.341712
vt 0.601540 0.831414
vt 0.603526 0.814356
vt 0.787184 0.324673
vt 0.808824 0.182151
vt 0.772694 0.310182
vt 0.806962 0.167280
vt 0.755655 0.298797
vt 0.805578 0.149943
vt 0.736723 0.290955
vt 0.804725 0.130809
vt 0.716625 0.286957
vt 0.804438 0.110611
vt 0.491262 0.575417
vt 0.228576 0.486285
vt 0.508108 0.578768
vt 0.228779 0.469260
vt 0.523977 0.585341
vt 0.229380 0.453007
vt 0.538259 0.594884
vt 0.230357 0.438150
vt 0.653608 0.772161
vt 0.550405 0.607030
vt 0.559947 0.621312
vt 0.667874 0.770495
vt 0.566521 0.637181
vt 0.683732 0.769349
vt 0.569872 0.654028
vt 0.700574 0.768764
vt 0.569872 0.671204
vt 0.717750 0.768764
vt 0.566521 0.688051
vt 0.734603 0.769349
vt 0.559947 0.703920
vt 0.750483 0.770495
vt 0.550405 0.718202
vt 0.764780 0.772161
vt 0.589206 0.456115
vt 0.538259 0.730348
vt 0.523977 0.739891
vt 0.588046 0.441584
vt 0.508108 0.746465
vt 0.587331 0.425545
vt 0.491262 0.749816
vt 0.587090 0.408616
vt 0.474085 0.749816
vt 0.587331 0.391446
vt 0.457239 0.746465
vt 0.588046 0.374696
vt 0.589206 0.359009
vt 0.441370 0.739892
vt 0.427088 0.730349
vt 0.414943 0.718204
vt 0.405400 0.703922
vt 0.363798 0.098977
vt 0.398827 0.688052
vt 0.364632 0.114737
vt 0.395476 0.671206
vt 0.365057 0.131527
vt 0.395476 0.654029
vt 0.365057 0.148702
vt 0.398827 0.637182
vt 0.364632 0.165601
vt 0.363798 0.181574
vt 0.405400 0.621313
vt 0.414943 0.607031
vt 0.427088 0.594885
vt 0.441370 0.585342
vt 0.230357 0.535450
vt 0.457239 0.578769
vt 0.229380 0.520028
vt 0.228779 0.503427
vt 0.474085 0.575417
vt 0.490074 0.587483
vt 0.823761 0.326987
vt 0.504589 0.590370
vt 0.824376 0.312555
vt 0.518262 0.596034
vt 0.825376 0.299038
vt 0.530568 0.604256
vt 0.826721 0.286957
vt 0.212782 0.738000
vt 0.541033 0.614721
vt 0.211454 0.727706
vt 0.549255 0.627027
vt 0.210410 0.715535
vt 0.554919 0.640700
vt 0.209692 0.701955
vt 0.557806 0.655216
vt 0.209325 0.687488
vt 0.557806 0.670016
vt 0.209325 0.672690
vt 0.554919 0.684532
vt 0.209692 0.658130
vt 0.549255 0.698205
vt 0.210410 0.644366
vt 0.541033 0.710511
vt 0.211454 0.631929
vt 0.212782 0.621295
vt 0.530568 0.720977
vt 0.826220 0.513296
vt 0.518262 0.729199
vt 0.825087 0.501535
vt 0.504589 0.734863
vt 0.824246 0.488247
vt 0.490074 0.737751
vt 0.823728 0.473944
vt 0.475274 0.737751
vt 0.823553 0.459173
vt 0.460758 0.734863
vt 0.823728 0.444504
vt 0.447085 0.729200
vt 0.824246 0.430500
vt 0.434779 0.720977
vt 0.825087 0.417698
vt 0.424314 0.710512
vt 0.826220 0.406592
vt 0.834893 0.639744
vt 0.416092 0.698207
vt 0.833458 0.627452
vt 0.410428 0.684533
vt 0.832470 0.613787
vt 0.407541 0.670017
vt 0.831966 0.599276
vt 0.407541 0.655217
vt 0.831966 0.584476
vt 0.410428 0.640702
vt 0.832470 0.569956
vt 0.416092 0.627028
vt 0.833458 0.556273
vt 0.834893 0.543954
vt 0.424314 0.614722
vt 0.826721 0.393448
vt 0.434779 0.604257
vt 0.825376 0.382708
vt 0.447085 0.596034
vt 0.824376 0.370187
vt 0.460758 0.590370
vt 0.823761 0.356368
vt 0.475274 0.587483
vt 0.823553 0.341781
vt 0.174277 0.484860
vt 0.122851 0.484415
vt 0.059510 0.484204
vt 0.059897 0.451784
vt 0.123206 0.454636
vt 0.174589 0.458733
vt 0.061042 0.420834
vt 0.124258 0.426207
vt 0.175512 0.433790
vt 0.062902 0.392542
vt 0.125967 0.400220
vt 0.567691 0.558597
vt 0.177011 0.410989
vt 0.603289 0.603257
vt 0.065405 0.367996
vt 0.611911 0.666292
vt 0.128266 0.377673
vt 0.623843 0.717588
vt 0.586330 0.577237
vt 0.179028 0.391208
vt 0.630456 0.600086
vt 0.636865 0.663379
vt 0.645737 0.715032
vt 0.660655 0.597902
vt 0.664604 0.661373
vt 0.670074 0.713272
vt 0.692725 0.596789
vt 0.694061 0.660350
vt 0.695920 0.712375
vt 0.725434 0.596789
vt 0.724106 0.660350
vt 0.722280 0.712375
vt 0.757525 0.597902
vt 0.753583 0.661373
vt 0.748142 0.713272
vt 0.787765 0.600086
vt 0.781359 0.663379
vt 0.772513 0.715032
vt 0.423716 0.526799
vt 0.814991 0.603257
vt 0.486607 0.517170
vt 0.806368 0.666292
vt 0.537521 0.503478
vt 0.586330 0.747849
vt 0.794455 0.717588
vt 0.420743 0.503062
vt 0.483876 0.495366
vt 0.567691 0.766488
vt 0.535125 0.484348
vt 0.418534 0.475391
vt 0.481847 0.469949
vt 0.533344 0.462048
vt 0.417174 0.444850
vt 0.480597 0.441896
vt 0.532248 0.437435
vt 0.416714 0.412612
vt 0.480175 0.412284
vt 0.531878 0.411454
vt 0.417174 0.379916
vt 0.480597 0.382251
vt 0.532248 0.385104
vt 0.418534 0.348019
vt 0.481847 0.352953
vt 0.533344 0.359398
vt 0.420743 0.318146
vt 0.483876 0.325514
vt 0.418999 0.781135
vt 0.535125 0.335324
vt 0.526806 0.011182
vt 0.423716 0.291446
vt 0.464060 0.021699
vt 0.486607 0.300989
vt 0.413427 0.036315
vt 0.397082 0.766490
vt 0.537521 0.313806
vt 0.529741 0.033933
vt 0.466756 0.042596
vt 0.415792 0.054650
vt 0.378443 0.747850
vt 0.532047 0.060832
vt 0.468874 0.067304
vt 0.417650 0.076328
vt 0.363798 0.725933
vt 0.533636 0.090844
vt 0.470333 0.094871
vt 0.418930 0.100515
vt 0.544473 0.122838
vt 0.334614 0.462773
vt 0.329978 0.700736
vt 0.471077 0.124240
vt 0.244177 0.721784
vt 0.331197 0.389918
vt 0.419583 0.126282
vt 0.544473 0.155543
vt 0.333883 0.514020
vt 0.297281 0.701643
vt 0.471077 0.154280
vt 0.330455 0.587008
vt 0.274216 0.721196
vt 0.419583 0.152639
vt 0.533636 0.187702
vt 0.470333 0.183839
vt 0.418930 0.178573
vt 0.532047 0.218120
vt 0.468874 0.211779
vt 0.363798 0.599157
vt 0.417650 0.203087
vt 0.529741 0.245608
vt 0.466756 0.237027
vt 0.415792 0.225239
vt 0.378443 0.577239
vt 0.065405 0.603819
vt 0.526806 0.269108
vt 0.128266 0.594285
vt 0.464060 0.258614
vt 0.413427 0.244179
vt 0.179028 0.581258
vt 0.397082 0.558599
vt 0.062902 0.577826
vt 0.125967 0.570410
vt 0.177011 0.560310
vt 0.418999 0.543954
vt 0.061042 0.548460
vt 0.124258 0.543436
vt 0.175512 0.536644
vt 0.059897 0.516848
vt 0.123206 0.514399
vt 0.174589 0.511167
vt 0.331746 0.421479
vt 0.502761 0.123528
vt 0.334614 0.363812
vt 0.445330 0.125261
vt 0.327031 0.715506
vt 0.331006 0.555395
vt 0.502761 0.154901
vt 0.445330 0.153459
vt 0.333883 0.613135
vt 0.298838 0.714786
vt 0.419583 0.139460
vt 0.471077 0.139260
vt 0.259197 0.721490
vt 0.544473 0.139190
vt 0.313629 0.701189
vt 0.502761 0.139215
vt 0.445330 0.139360
vt 0.312935 0.715146
vt 0.262039 0.626278
vt 0.312241 0.627190
vt 0.280576 0.626278
vt 0.260827 0.503014
vt 0.293725 0.628102
vt 0.330756 0.626278
vt 0.260809 0.474492
vt 0.243501 0.626278
vt 0.243903 0.643961
vt 0.248415 0.458120
vt 0.279469 0.643961
vt 0.248429 0.519520
vt 0.261686 0.643961
vt 0.261964 0.683487
vt 0.245041 0.558655
vt 0.278991 0.683487
vt 0.244936 0.683487
vt 0.245066 0.419012
vt 0.327031 0.793311
vt 0.246965 0.708052
vt 0.261555 0.392602
vt 0.278933 0.708052
vt 0.261482 0.584846
vt 0.295099 0.791809
vt 0.262949 0.708052
vt 0.311065 0.792560
vt 0.281791 0.383542
vt 0.326997 0.771503
vt 0.311031 0.770752
vt 0.815952 0.832804
vt 0.260514 0.776064
vt 0.243501 0.776763
vt 0.278724 0.406751
vt 0.832972 0.833192
vt 0.295065 0.770001
vt 0.281684 0.593663
vt 0.278646 0.570512
vt 0.798932 0.832416
vt 0.277528 0.775365
vt 0.798770 0.785304
vt 0.269747 0.825472
vt 0.275710 0.518279
vt 0.293720 0.646074
vt 0.281202 0.495202
vt 0.330751 0.644250
vt 0.281199 0.482058
vt 0.269747 0.789906
vt 0.275745 0.458823
vt 0.834319 0.786115
vt 0.269747 0.807689
vt 0.816544 0.785710
vt 0.312235 0.645162
vt 0.309431 0.742779
vt 0.244017 0.741700
vt 0.311037 0.391365
vt 0.315503 0.586174
vt 0.277528 0.735684
vt 0.325143 0.745697
vt 0.305825 0.373184
vt 0.260772 0.738692
vt 0.293720 0.739861
vt 0.309957 0.603919
vt 0.816909 0.812322
vt 0.799498 0.811925
vt 0.265501 0.542821
vt 0.243501 0.537664
vt 0.279089 0.662611
vt 0.261671 0.662611
vt 0.243501 0.440029
vt 0.244253 0.662611
vt 0.834319 0.812720
vt 0.265532 0.434607
vt 0.306438 0.497588
vt 0.293725 0.671247
vt 0.243501 0.790450
vt 0.303380 0.461362
vt 0.539642 0.121466
vt 0.312241 0.670335
vt 0.243501 0.826016
vt 0.539545 0.157031
vt 0.303334 0.515616
vt 0.330756 0.669423
vt 0.306468 0.479368
vt 0.243501 0.808233
vt 0.539593 0.139248
vt 0.442485 0.937545
vt 0.832750 0.327514
vt 0.193365 0.328407
vt 0.987526 0.086376
vt 0.428375 0.937545
vt 0.833337 0.313754
vt 0.222303 0.322651
vt 0.988753 0.057603
vt 0.414536 0.934793
vt 0.834290 0.300867
vt 0.249561 0.311360
vt 0.990746 0.030657
vt 0.835572 0.289349
vt 0.401499 0.929393
vt 0.221579 0.735263
vt 0.993428 0.006572
vt 0.274093 0.294968
vt 0.791294 0.239235
vt 0.389767 0.921553
vt 0.220313 0.725449
vt 0.294955 0.274104
vt 0.788647 0.218712
vt 0.379790 0.911576
vt 0.219318 0.713845
vt 0.311347 0.249571
vt 0.786566 0.194448
vt 0.371950 0.899843
vt 0.218633 0.700898
vt 0.322638 0.222312
vt 0.785134 0.167376
vt 0.366551 0.886807
vt 0.218284 0.687105
vt 0.328394 0.193374
vt 0.784403 0.138534
vt 0.363798 0.872967
vt 0.218284 0.672996
vt 0.328394 0.163868
vt 0.784403 0.109033
vt 0.363798 0.858856
vt 0.218633 0.659114
vt 0.322638 0.134930
vt 0.785134 0.080005
vt 0.366551 0.845017
vt 0.219318 0.645991
vt 0.311347 0.107670
vt 0.786566 0.052566
vt 0.371950 0.831981
vt 0.220313 0.634133
vt 0.294955 0.083137
vt 0.788647 0.027771
vt 0.221579 0.623995
vt 0.379790 0.820248
vt 0.835041 0.510861
vt 0.791294 0.006572
vt 0.274093 0.062274
vt 0.196182 0.834019
vt 0.389767 0.810270
vt 0.833961 0.499648
vt 0.249561 0.045881
vt 0.193924 0.810573
vt 0.401500 0.802431
vt 0.833159 0.486979
vt 0.222302 0.034590
vt 0.192246 0.784083
vt 0.414536 0.797031
vt 0.832665 0.473342
vt 0.193365 0.028834
vt 0.191213 0.755567
vt 0.428375 0.794278
vt 0.832498 0.459259
vt 0.163861 0.028833
vt 0.190864 0.726121
vt 0.442485 0.794278
vt 0.832665 0.445274
vt 0.134923 0.034589
vt 0.191213 0.696876
vt 0.456325 0.797031
vt 0.833159 0.431922
vt 0.107665 0.045880
vt 0.192246 0.668957
vt 0.469361 0.802431
vt 0.833961 0.419717
vt 0.083133 0.062273
vt 0.193924 0.643437
vt 0.835041 0.409128
vt 0.481093 0.810270
vt 0.843819 0.637511
vt 0.062271 0.083136
vt 0.196182 0.621295
vt 0.785626 0.976271
vt 0.491071 0.820248
vt 0.842451 0.625791
vt 0.045879 0.107669
vt 0.782766 0.951765
vt 0.498910 0.831981
vt 0.841509 0.612763
vt 0.034588 0.134928
vt 0.780796 0.924524
vt 0.504310 0.845017
vt 0.841028 0.598928
vt 0.028832 0.163867
vt 0.779791 0.895595
vt 0.507062 0.858856
vt 0.841028 0.584818
vt 0.028832 0.193372
vt 0.779791 0.866090
vt 0.507062 0.872967
vt 0.841509 0.570974
vt 0.034588 0.222310
vt 0.780796 0.837142
vt 0.504310 0.886807
vt 0.842451 0.557929
vt 0.045879 0.249570
vt 0.782766 0.809864
vt 0.498910 0.899843
vt 0.843819 0.546183
vt 0.835572 0.390879
vt 0.062271 0.274103
vt 0.785626 0.785304
vt 0.993428 0.218873
vt 0.491070 0.911576
vt 0.834290 0.380639
vt 0.083134 0.294966
vt 0.990746 0.197460
vt 0.481093 0.921553
vt 0.833337 0.368702
vt 0.107665 0.311359
vt 0.988753 0.172500
vt 0.469361 0.929393
vt 0.832750 0.355526
vt 0.134924 0.322650
vt 0.987526 0.144950
vt 0.456324 0.934793
vt 0.832552 0.341619
vt 0.163861 0.328407
vt 0.987112 0.115869
vt 0.006972 0.450626
vt 0.228796 0.344057
vt 0.006572 0.484217
vt 0.195558 0.350668
vt 0.008159 0.418558
vt 0.260105 0.331088
vt 0.010086 0.389244
vt 0.288283 0.312259
vt 0.012680 0.363812
vt 0.599474 0.550656
vt 0.312246 0.288295
vt 0.627622 0.547370
vt 0.331074 0.260116
vt 0.658911 0.545107
vt 0.344043 0.228806
vt 0.692140 0.543954
vt 0.350654 0.195566
vt 0.726030 0.543954
vt 0.350654 0.161676
vt 0.759280 0.545107
vt 0.344043 0.128436
vt 0.790612 0.547370
vt 0.331074 0.097126
vt 0.818822 0.550656
vt 0.371053 0.530810
vt 0.312246 0.068946
vt 0.367972 0.506216
vt 0.288283 0.044982
vt 0.365683 0.477545
vt 0.260105 0.026153
vt 0.364274 0.445901
vt 0.228796 0.013184
vt 0.363798 0.412498
vt 0.195557 0.006572
vt 0.364274 0.378622
vt 0.161668 0.006572
vt 0.365683 0.345573
vt 0.128430 0.013183
vt 0.367972 0.314621
vt 0.097121 0.026152
vt 0.371053 0.286957
vt 0.579462 0.006572
vt 0.068943 0.044981
vt 0.582503 0.030144
vt 0.044980 0.068945
vt 0.584892 0.058014
vt 0.026152 0.097124
vt 0.586538 0.089111
vt 0.013183 0.128435
vt 0.587377 0.122238
vt 0.006572 0.161674
vt 0.587377 0.156124
vt 0.006572 0.195564
vt 0.586538 0.189466
vt 0.013183 0.228804
vt 0.584892 0.220983
vt 0.026152 0.260115
vt 0.582503 0.249464
vt 0.044980 0.288294
vt 0.579462 0.273813
vt 0.012680 0.608152
vt 0.068943 0.312258
vt 0.010086 0.581221
vt 0.097121 0.331087
vt 0.008159 0.550793
vt 0.128431 0.344056
vt 0.006972 0.518039
vt 0.161669 0.350668
vt 0.676034 0.290955
vt 0.805578 0.070142
vt 0.696133 0.286957
vt 0.804725 0.090126
vt 0.657102 0.298797
vt 0.806962 0.051427
vt 0.640064 0.310182
vt 0.808825 0.034698
vt 0.605307 0.202832
vt 0.625574 0.324673
vt 0.603468 0.188578
vt 0.614189 0.341712
vt 0.602023 0.171725
vt 0.606347 0.360645
vt 0.601028 0.152922
vt 0.602349 0.380744
vt 0.600521 0.132890
vt 0.602350 0.401237
vt 0.600521 0.112400
vt 0.606348 0.421336
vt 0.601028 0.092239
vt 0.614190 0.440269
vt 0.602023 0.073181
vt 0.625575 0.457309
vt 0.603468 0.055960
vt 0.640065 0.471799
vt 0.010265 0.803473
vt 0.605307 0.041236
vt 0.657103 0.483185
vt 0.008697 0.787189
vt 0.676036 0.491027
vt 0.007532 0.768790
vt 0.696134 0.495025
vt 0.006814 0.748985
vt 0.716626 0.495025
vt 0.006572 0.728533
vt 0.736724 0.491027
vt 0.006814 0.708221
vt 0.755657 0.483184
vt 0.007532 0.688830
vt 0.772695 0.471799
vt 0.008697 0.671105
vt 0.010265 0.655726
vt 0.787185 0.457309
vt 0.603526 0.946991
vt 0.798570 0.440269
vt 0.601540 0.929971
vt 0.806412 0.421336
vt 0.600171 0.911051
vt 0.810409 0.401237
vt 0.599474 0.890958
vt 0.810409 0.380744
vt 0.599474 0.870465
vt 0.600171 0.850360
vt 0.806411 0.360645
vt 0.798569 0.341712
vt 0.601540 0.831414
vt 0.603526 0.814356
vt 0.787184 0.324673
vt 0.808824 0.182151
vt 0.772694 0.310182
vt 0.806962 0.167280
vt 0.755655 0.298797
vt 0.805578 0.149943
vt 0.736723 0.290955
vt 0.804725 0.130809
vt 0.716625 0.286957
vt 0.804438 0.110611
vt 0.491262 0.575417
vt 0.228576 0.486285
vt 0.508108 0.578768
vt 0.228779 0.469260
vt 0.523977 0.585341
vt 0.229380 0.453007
vt 0.538259 0.594884
vt 0.230357 0.438150
vt 0.653608 0.772161
vt 0.550405 0.607030
vt 0.559947 0.621312
vt 0.667874 0.770495
vt 0.566521 0.637181
vt 0.683732 0.769349
vt 0.569872 0.654028
vt 0.700574 0.768764
vt 0.569872 0.671204
vt 0.717750 0.768764
vt 0.566521 0.688051
vt 0.734603 0.769349
vt 0.559947 0.703920
vt 0.750483 0.770495
vt 0.550405 0.718202
vt 0.764780 0.772161
vt 0.589206 0.456115
vt 0.538259 0.730348
vt 0.523977 0.739891
vt 0.588046 0.441584
vt 0.508108 0.746465
vt 0.587331 0.425545
vt 0.491262 0.749816
vt 0.587090 0.408616
vt 0.474085 0.749816
vt 0.587331 0.391446
vt 0.457239 0.746465
vt 0.588046 0.374696
vt 0.589206 0.359009
vt 0.441370 0.739892
vt 0.427088 0.730349
vt 0.414943 0.718204
vt 0.405400 0.703922
vt 0.363798 0.098977
vt 0.398827 0.688052
vt 0.364632 0.114737
vt 0.395476 0.671206
vt 0.365057 0.131527
vt 0.395476 0.654029
vt 0.365057 0.148702
vt 0.398827 0.637182
vt 0.364632 0.165601
vt 0.363798 0.181574
vt 0.405400 0.621313
vt 0.414943 0.607031
vt 0.427088 0.594885
vt 0.441370 0.585342
vt 0.230357 0.535450
vt 0.457239 0.578769
vt 0.229380 0.520028
vt 0.228779 0.503427
vt 0.474085 0.575417
vt 0.490074 0.587483
vt 0.823761 0.326987
vt 0.504589 0.590370
vt 0.824376 0.312555
vt 0.518262 0.596034
vt 0.825376 0.299038
vt 0.530568 0.604256
vt 0.826721 0.286957
vt 0.212782 0.738000
vt 0.541033 0.614721
vt 0.211454 0.727706
vt 0.549255 0.627027
vt 0.210410 0.715535
vt 0.554919 0.640700
vt 0.209692 0.701955
vt 0.557806 0.655216
vt 0.209325 0.687488
vt 0.557806 0.670016
vt 0.209325 0.672690
vt 0.554919 0.684532
vt 0.209692 0.658130
vt 0.549255 0.698205
vt 0.210410 0.644366
vt 0.541033 0.710511
vt 0.211454 0.631929
vt 0.530568 0.720977
vt 0.212782 0.621295
vt 0.826220 0.513296
vt 0.518262 0.729199
vt 0.825087 0.501535
vt 0.504589 0.734863
vt 0.824246 0.488247
vt 0.490074 0.737751
vt 0.823728 0.473944
vt 0.475274 0.737751
vt 0.823553 0.459173
vt 0.460758 0.734863
vt 0.823728 0.444504
vt 0.447085 0.729200
vt 0.824246 0.430500
vt 0.434779 0.720977
vt 0.825087 0.417698
vt 0.424314 0.710512
vt 0.826220 0.406592
vt 0.834893 0.639744
vt 0.416092 0.698207
vt 0.833458 0.627452
vt 0.410428 0.684533
vt 0.832470 0.613787
vt 0.407541 0.670017
vt 0.831966 0.599276
vt 0.407541 0.655217
vt 0.831966 0.584476
vt 0.410428 0.640702
vt 0.832470 0.569956
vt 0.416092 0.627028
vt 0.833458 0.556273
vt 0.834893 0.543954
vt 0.424314 0.614722
vt 0.826721 0.393448
vt 0.434779 0.604257
vt 0.825376 0.382708
vt 0.447085 0.596034
vt 0.824376 0.370187
vt 0.460758 0.590370
vt 0.823761 0.356368
vt 0.475274 0.587483
vt 0.823553 0.341781
vt 0.174277 0.484860
vt 0.122851 0.484415
vt 0.059510 0.484204
vt 0.059897 0.451784
vt 0.123206 0.454636
vt 0.174589 0.458733
vt 0.061042 0.420834
vt 0.124258 0.426207
vt 0.175512 0.433790
vt 0.062902 0.392542
vt 0.125967 0.400220
vt 0.567691 0.558597
vt 0.177011 0.410989
vt 0.603289 0.603257
vt 0.065405 0.367996
vt 0.611911 0.666292
vt 0.128266 0.377673
vt 0.623843 0.717588
vt 0.586330 0.577237
vt 0.179028 0.391208
vt 0.630456 0.600086
vt 0.636865 0.663379
vt 0.645737 0.715032
vt 0.660655 0.597902
vt 0.664604 0.661373
vt 0.670074 0.713272
vt 0.692725 0.596789
vt 0.694061 0.660350
vt 0.695920 0.712375
vt 0.725434 0.596789
vt 0.724106 0.660350
vt 0.722280 0.712375
vt 0.757525 0.597902
vt 0.753583 0.661373
vt 0.748142 0.713272
vt 0.787765 0.600086
vt 0.781359 0.663379
vt 0.772513 0.715032
vt 0.423716 0.526799
vt 0.814991 0.603257
vt 0.486607 0.517170
vt 0.806368 0.666292
vt 0.586330 0.747849
vt 0.537521 0.503478
vt 0.794455 0.717588
vt 0.420743 0.503062
vt 0.483876 0.495366
vt 0.535125 0.484348
vt 0.567691 0.766488
vt 0.418534 0.475391
vt 0.481847 0.469949
vt 0.533344 0.462048
vt 0.417174 0.444850
vt 0.480597 0.441896
vt 0.532248 0.437435
vt 0.416714 0.412612
vt 0.480175 0.412284
vt 0.531878 0.411454
vt 0.417174 0.379916
vt 0.480597 0.382251
vt 0.532248 0.385104
vt 0.418534 0.348019
vt 0.481847 0.352953
vt 0.533344 0.359398
vt 0.420743 0.318146
vt 0.483876 0.325514
vt 0.418999 0.781135
vt 0.535125 0.335324
vt 0.526806 0.011182
vt 0.423716 0.291446
vt 0.464060 0.021699
vt 0.486607 0.300989
vt 0.413427 0.036315
vt 0.397082 0.766490
vt 0.537521 0.313806
vt 0.529741 0.033933
vt 0.466756 0.042596
vt 0.415792 0.054650
vt 0.378443 0.747850
vt 0.532047 0.060832
vt 0.468874 0.067304
vt 0.417650 0.076328
vt 0.363798 0.725933
vt 0.533636 0.090844
vt 0.470333 0.094871
vt 0.418930 0.100515
vt 0.544473 0.122838
vt 0.334614 0.462773
vt 0.329978 0.700736
vt 0.471077 0.124240
vt 0.244177 0.721784
vt 0.331197 0.389918
vt 0.419583 0.126282
vt 0.544473 0.155543
vt 0.333883 0.514020
vt 0.297281 0.701643
vt 0.471077 0.154280
vt 0.330455 0.587008
vt 0.274216 0.721196
vt 0.419583 0.152639
vt 0.533636 0.187702
vt 0.470333 0.183839
vt 0.418930 0.178573
vt 0.532047 0.218120
vt 0.468874 0.211779
vt 0.363798 0.599157
vt 0.417650 0.203087
vt 0.529741 0.245608
vt 0.466756 0.237027
vt 0.415792 0.225239
vt 0.378443 0.577239
vt 0.065405 0.603819
vt 0.526806 0.269108
vt 0.128266 0.594285
vt 0.464060 0.258614
vt 0.413427 0.244179
vt 0.179028 0.581258
vt 0.397082 0.558599
vt 0.062902 0.577826
vt 0.125967 0.570410
vt 0.177011 0.560310
vt 0.418999 0.543954
vt 0.061042 0.548460
vt 0.124258 0.543436
vt 0.175512 0.536644
vt 0.059897 0.516848
vt 0.123206 0.514399
vt 0.174589 0.511167
vt 0.331746 0.421479
vt 0.502761 0.123528
vt 0.334614 0.363812
vt 0.445330 0.125261
vt 0.327031 0.715506
vt 0.331006 0.555395
vt 0.502761 0.154901
vt 0.445330 0.153459
vt 0.333883 0.613135
vt 0.298838 0.714786
vt 0.419583 0.139460
vt 0.471077 0.139260
vt 0.259197 0.721490
vt 0.544473 0.139190
vt 0.313629 0.701189
vt 0.502761 0.139215
vt 0.445330 0.139360
vt 0.312935 0.715146
vt 0.262039 0.626278
vt 0.312241 0.627190
vt 0.280576 0.626278
vt 0.260827 0.503014
vt 0.293725 0.628102
vt 0.330756 0.626278
vt 0.260809 0.474492
vt 0.243501 0.626278
vt 0.243903 0.643961
vt 0.248415 0.458120
vt 0.279469 0.643961
vt 0.248429 0.519520
vt 0.261686 0.643961
vt 0.261964 0.683487
vt 0.245041 0.558655
vt 0.278991 0.683487
vt 0.244936 0.683487
vt 0.245066 0.419012
vt 0.327031 0.793311
vt 0.246965 0.708052
vt 0.261555 0.392602
vt 0.278933 0.708052
vt 0.261482 0.584846
vt 0.295099 0.791809
vt 0.262949 0.708052
vt 0.311065 0.792560
vt 0.281791 0.383542
vt 0.326997 0.771503
vt 0.311031 0.770752
vt 0.815952 0.832804
vt 0.260514 0.776064
vt 0.243501 0.776763
vt 0.278724 0.406751
vt 0.832972 0.833192
vt 0.295065 0.770001
vt 0.281684 0.593663
vt 0.278646 0.570512
vt 0.798932 0.832416
vt 0.277528 0.775365
vt 0.798770 0.785304
vt 0.269747 0.825472
vt 0.275710 0.518279
vt 0.293720 0.646074
vt 0.281202 0.495202
vt 0.330751 0.644250
vt 0.281199 0.482058
vt 0.269747 0.789906
vt 0.275745 0.458823
vt 0.834319 0.786115
vt 0.269747 0.807689
vt 0.816544 0.785710
vt 0.312235 0.645162
vt 0.309431 0.742779
vt 0.244017 0.741700
vt 0.311037 0.391365
vt 0.315503 0.586174
vt 0.277528 0.735684
vt 0.325143 0.745697
vt 0.305825 0.373184
vt 0.260772 0.738692
vt 0.293720 0.739861
vt 0.309957 0.603919
vt 0.816909 0.812322
vt 0.799498 0.811925
vt 0.265501 0.542821
vt 0.243501 0.537664
vt 0.279089 0.662611
vt 0.261671 0.662611
vt 0.243501 0.440029
vt 0.244253 0.662611
vt 0.834319 0.812720
vt 0.265532 0.434607
vt 0.306438 0.497588
vt 0.293725 0.671247
vt 0.243501 0.790450
vt 0.303380 0.461362
vt 0.539642 0.121466
vt 0.312241 0.670335
vt 0.243501 0.826016
vt 0.539545 0.157031
vt 0.303334 0.515616
vt 0.330756 0.669423
vt 0.306468 0.479368
vt 0.243501 0.808233
vt 0.539593 0.139248
vt 0.442485 0.937545
vt 0.832750 0.327514
vt 0.193365 0.328407
vt 0.987526 0.086376
vt 0.428375 0.937545
vt 0.833337 0.313754
vt 0.222303 0.322651
vt 0.988753 0.057603
vt 0.414536 0.934793
vt 0.834290 0.300867
vt 0.249561 0.311360
vt 0.990746 0.030657
vt 0.835572 0.289349
vt 0.401499 0.929393
vt 0.221579 0.735263
vt 0.993428 0.006572
vt 0.274093 0.294968
vt 0.791294 0.239235
vt 0.389767 0.921553
vt 0.220313 0.725449
vt 0.294955 0.274104
vt 0.788647 0.218712
vt 0.379790 0.911576
vt 0.219318 0.713845
vt 0.311347 0.249571
vt 0.786566 0.194448
vt 0.371950 0.899843
vt 0.218633 0.700898
vt 0.322638 0.222312
vt 0.785134 0.167376
vt 0.366551 0.886807
vt 0.218284 0.687105
vt 0.328394 0.193374
vt 0.784403 0.138534
vt 0.363798 0.872967
vt 0.218284 0.672996
vt 0.328394 0.163868
vt 0.784403 0.109033
vt 0.363798 0.858856
vt 0.218633 0.659114
vt 0.322638 0.134930
vt 0.785134 0.080005
vt 0.366551 0.845017
vt 0.219318 0.645991
vt 0.311347 0.107670
vt 0.786566 0.052566
vt 0.371950 0.831981
vt 0.220313 0.634133
vt 0.294955 0.083137
vt 0.788647 0.027771
vt 0.379790 0.820248
vt 0.221579 0.623995
vt 0.835041 0.510861
vt 0.791294 0.006572
vt 0.274093 0.062274
vt 0.196182 0.834019
vt 0.389767 0.810270
vt 0.833961 0.499648
vt 0.249561 0.045881
vt 0.193924 0.810573
vt 0.401500 0.802431
vt 0.833159 0.486979
vt 0.222302 0.034590
vt 0.192246 0.784083
vt 0.414536 0.797031
vt 0.832665 0.473342
vt 0.193365 0.028834
vt 0.191213 0.755567
vt 0.428375 0.794278
vt 0.832498 0.459259
vt 0.163861 0.028833
vt 0.190864 0.726121
vt 0.442485 0.794278
vt 0.832665 0.445274
vt 0.134923 0.034589
vt 0.191213 0.696876
vt 0.456325 0.797031
vt 0.833159 0.431922
vt 0.107665 0.045880
vt 0.192246 0.668957
vt 0.469361 0.802431
vt 0.833961 0.419717
vt 0.083133 0.062273
vt 0.193924 0.643437
vt 0.835041 0.409128
vt 0.481093 0.810270
vt 0.843819 0.637511
vt 0.062271 0.083136
vt 0.196182 0.621295
vt 0.785626 0.976271
vt 0.491071 0.820248
vt 0.842451 0.625791
vt 0.045879 0.107669
vt 0.782766 0.951765
vt 0.498910 0.831981
vt 0.841509 0.612763
vt 0.034588 0.134928
vt 0.780796 0.924524
vt 0.504310 0.845017
vt 0.841028 0.598928
vt 0.028832 0.163867
vt 0.779791 0.895595
vt 0.507062 0.858856
vt 0.841028 0.584818
vt 0.028832 0.193372
vt 0.779791 0.866090
vt 0.507062 0.872967
vt 0.841509 0.570974
vt 0.034588 0.222310
vt 0.780796 0.837142
vt 0.504310 0.886807
vt 0.842451 0.557929
vt 0.045879 0.249570
vt 0.782766 0.809864
vt 0.498910 0.899843
vt 0.843819 0.546183
vt 0.835572 0.390879
vt 0.062271 0.274103
vt 0.785626 0.785304
vt 0.993428 0.218873
vt 0.491070 0.911576
vt 0.834290 0.380639
vt 0.083134 0.294966
vt 0.990746 0.197460
vt 0.481093 0.921553
vt 0.833337 0.368702
vt 0.107665 0.311359
vt 0.988753 0.172500
vt 0.469361 0.929393
vt 0.832750 0.355526
vt 0.134924 0.322650
vt 0.987526 0.144950
vt 0.456324 0.934793
vt 0.832552 0.341619
vt 0.163861 0.328407
vt 0.987112 0.115869
vt 0.006972 0.450626
vt 0.228796 0.344057
vt 0.006572 0.484217
vt 0.195558 0.350668
vt 0.008159 0.418558
vt 0.260105 0.331088
vt 0.010086 0.389244
vt 0.288283 0.312259
vt 0.012680 0.363812
vt 0.599474 0.550656
vt 0.312246 0.288295
vt 0.627622 0.547370
vt 0.331074 0.260116
vt 0.658911 0.545107
vt 0.344043 0.228806
vt 0.692140 0.543954
vt 0.350654 0.195566
vt 0.726030 0.543954
vt 0.350654 0.161676
vt 0.759280 0.545107
vt 0.344043 0.128436
vt 0.790612 0.547370
vt 0.331074 0.097126
vt 0.818822 0.550656
vt 0.371053 0.530810
vt 0.312246 0.068946
vt 0.367972 0.506216
vt 0.288283 0.044982
vt 0.365683 0.477545
vt 0.260105 0.026153
vt 0.364274 0.445901
vt 0.228796 0.013184
vt 0.363798 0.412498
vt 0.195557 0.006572
vt 0.364274 0.378622
vt 0.161668 0.006572
vt 0.365683 0.345573
vt 0.128430 0.013183
vt 0.367972 0.314621
vt 0.097121 0.026152
vt 0.371053 0.286957
vt 0.579462 0.006572
vt 0.068943 0.044981
vt 0.582503 0.030144
vt 0.044980 0.068945
vt 0.584892 0.058014
vt 0.026152 0.097124
vt 0.586538 0.089111
vt 0.013183 0.128435
vt 0.587377 0.122238
vt 0.006572 0.161674
vt 0.587377 0.156124
vt 0.006572 0.195564
vt 0.586538 0.189466
vt 0.013183 0.228804
vt 0.584892 0.220983
vt 0.026152 0.260115
vt 0.582503 0.249464
vt 0.044980 0.288294
vt 0.579462 0.273813
vt 0.012680 0.608152
vt 0.068943 0.312258
vt 0.010086 0.581221
vt 0.097121 0.331087
vt 0.008159 0.550793
vt 0.128431 0.344056
vt 0.006972 0.518039
vt 0.161669 0.350668
vt 0.676034 0.290955
vt 0.805578 0.070142
vt 0.696133 0.286957
vt 0.804725 0.090126
vt 0.657102 0.298797
vt 0.806962 0.051427
vt 0.640064 0.310182
vt 0.808825 0.034698
vt 0.605307 0.202832
vt 0.625574 0.324673
vt 0.603468 0.188578
vt 0.614189 0.341712
vt 0.602023 0.171725
vt 0.606347 0.360645
vt 0.601028 0.152922
vt 0.602349 0.380744
vt 0.600521 0.132890
vt 0.602350 0.401237
vt 0.600521 0.112400
vt 0.606348 0.421336
vt 0.601028 0.092239
vt 0.614190 0.440269
vt 0.602023 0.073181
vt 0.625575 0.457309
vt 0.603468 0.055960
vt 0.640065 0.471799
vt 0.010265 0.803473
vt 0.605307 0.041236
vt 0.657103 0.483185
vt 0.008697 0.787189
vt 0.676036 0.491027
vt 0.007532 0.768790
vt 0.696134 0.495025
vt 0.006814 0.748985
vt 0.716626 0.495025
vt 0.006572 0.728533
vt 0.736724 0.491027
vt 0.006814 0.708221
vt 0.755657 0.483184
vt 0.007532 0.688830
vt 0.772695 0.471799
vt 0.008697 0.671105
vt 0.010265 0.655726
vt 0.787185 0.457309
vt 0.603526 0.946991
vt 0.798570 0.440269
vt 0.601540 0.929971
vt 0.806412 0.421336
vt 0.600171 0.911051
vt 0.810409 0.401237
vt 0.599474 0.890958
vt 0.810409 0.380744
vt 0.599474 0.870465
vt 0.600171 0.850360
vt 0.806411 0.360645
vt 0.798569 0.341712
vt 0.601540 0.831414
vt 0.603526 0.814356
vt 0.787184 0.324673
vt 0.808824 0.182151
vt 0.772694 0.310182
vt 0.806962 0.167280
vt 0.755655 0.298797
vt 0.805578 0.149943
vt 0.736723 0.290955
vt 0.804725 0.130809
vt 0.716625 0.286957
vt 0.804438 0.110611
vt 0.228576 0.486285
vt 0.491262 0.575417
vt 0.508108 0.578768
vt 0.228779 0.469260
vt 0.229380 0.453007
vt 0.523977 0.585341
vt 0.538259 0.594884
vt 0.230357 0.438150
vt 0.653608 0.772161
vt 0.550405 0.607030
vt 0.559947 0.621312
vt 0.667874 0.770495
vt 0.566521 0.637181
vt 0.683732 0.769349
vt 0.569872 0.654028
vt 0.700574 0.768764
vt 0.569872 0.671204
vt 0.717750 0.768764
vt 0.566521 0.688051
vt 0.734603 0.769349
vt 0.559947 0.703920
vt 0.750483 0.770495
vt 0.550405 0.718202
vt 0.764780 0.772161
vt 0.589206 0.456115
vt 0.538259 0.730348
vt 0.523977 0.739891
vt 0.588046 0.441584
vt 0.508108 0.746465
vt 0.587331 0.425545
vt 0.587090 0.408616
vt 0.491262 0.749816
vt 0.474085 0.749816
vt 0.587331 0.391446
vt 0.457239 0.746465
vt 0.588046 0.374696
vt 0.589206 0.359009
vt 0.441370 0.739892
vt 0.427088 0.730349
vt 0.414943 0.718204
vt 0.405400 0.703922
vt 0.363798 0.098977
vt 0.398827 0.688052
vt 0.364632 0.114737
vt 0.395476 0.671206
vt 0.365057 0.131527
vt 0.395476 0.654029
vt 0.365057 0.148702
vt 0.398827 0.637182
vt 0.364632 0.165601
vt 0.363798 0.181574
vt 0.405400 0.621313
vt 0.414943 0.607031
vt 0.427088 0.594885
vt 0.441370 0.585342
vt 0.230357 0.535450
vt 0.229380 0.520028
vt 0.457239 0.578769
vt 0.474085 0.575417
vt 0.228779 0.503427
vt 0.490074 0.587483
vt 0.823761 0.326987
vt 0.504589 0.590370
vt 0.824376 0.312555
vt 0.518262 0.596034
vt 0.825376 0.299038
vt 0.530568 0.604256
vt 0.826721 0.286957
vt 0.212782 0.738000
vt 0.541033 0.614721
vt 0.211454 0.727706
vt 0.549255 0.627027
vt 0.210410 0.715535
vt 0.554919 0.640700
vt 0.209692 0.701955
vt 0.557806 0.655216
vt 0.209325 0.687488
vt 0.557806 0.670016
vt 0.209325 0.672690
vt 0.554919 0.684532
vt 0.209692 0.658130
vt 0.549255 0.698205
vt 0.210410 0.644366
vt 0.541033 0.710511
vt 0.211454 0.631929
vt 0.212782 0.621295
vt 0.530568 0.720977
vt 0.826220 0.513296
vt 0.518262 0.729199
vt 0.825087 0.501535
vt 0.504589 0.734863
vt 0.824246 0.488247
vt 0.490074 0.737751
vt 0.823728 0.473944
vt 0.475274 0.737751
vt 0.823553 0.459173
vt 0.460758 0.734863
vt 0.823728 0.444504
vt 0.447085 0.729200
vt 0.824246 0.430500
vt 0.434779 0.720977
vt 0.825087 0.417698
vt 0.424314 0.710512
vt 0.826220 0.406592
vt 0.834893 0.639744
vt 0.416092 0.698207
vt 0.833458 0.627452
vt 0.410428 0.684533
vt 0.832470 0.613787
vt 0.407541 0.670017
vt 0.831966 0.599276
vt 0.407541 0.655217
vt 0.831966 0.584476
vt 0.410428 0.640702
vt 0.832470 0.569956
vt 0.416092 0.627028
vt 0.833458 0.556273
vt 0.834893 0.543954
vt 0.424314 0.614722
vt 0.826721 0.393448
vt 0.434779 0.604257
vt 0.825376 0.382708
vt 0.447085 0.596034
vt 0.824376 0.370187
vt 0.460758 0.590370
vt 0.823761 0.356368
vt 0.475274 0.587483
vt 0.823553 0.341781
vt 0.174277 0.484860
vt 0.122851 0.484415
vt 0.059510 0.484204
vt 0.059897 0.451784
vt 0.123206 0.454636
vt 0.174589 0.458733
vt 0.061042 0.420834
vt 0.124258 0.426207
vt 0.175512 0.433790
vt 0.062902 0.392542
vt 0.125967 0.400220
vt 0.567691 0.558597
vt 0.177011 0.410989
vt 0.603289 0.603257
vt 0.065405 0.367996
vt 0.611911 0.666292
vt 0.128266 0.377673
vt 0.623843 0.717588
vt 0.586330 0.577237
vt 0.179028 0.391208
vt 0.630456 0.600086
vt 0.636865 0.663379
vt 0.645737 0.715032
vt 0.660655 0.597902
vt 0.664604 0.661373
vt 0.670074 0.713272
vt 0.692725 0.596789
vt 0.694061 0.660350
vt 0.695920 0.712375
vt 0.725434 0.596789
vt 0.724106 0.660350
vt 0.722280 0.712375
vt 0.757525 0.597902
vt 0.753583 0.661373
vt 0.748142 0.713272
vt 0.787765 0.600086
vt 0.781359 0.663379
vt 0.772513 0.715032
vt 0.423716 0.526799
vt 0.814991 0.603257
vt 0.486607 0.517170
vt 0.806368 0.666292
vt 0.537521 0.503478
vt 0.586330 0.747849
vt 0.794455 0.717588
vt 0.420743 0.503062
vt 0.483876 0.495366
vt 0.567691 0.766488
vt 0.535125 0.484348
vt 0.418534 0.475391
vt 0.481847 0.469949
vt 0.533344 0.462048
vt 0.417174 0.444850
vt 0.480597 0.441896
vt 0.532248 0.437435
vt 0.416714 0.412612
vt 0.480175 0.412284
vt 0.531878 0.411454
vt 0.417174 0.379916
vt 0.480597 0.382251
vt 0.532248 0.385104
vt 0.418534 0.348019
vt 0.481847 0.352953
vt 0.533344 0.359398
vt 0.420743 0.318146
vt 0.483876 0.325514
vt 0.418999 0.781135
vt 0.535125 0.335324
vt 0.526806 0.011182
vt 0.423716 0.291446
vt 0.464060 0.021699
vt 0.486607 0.300989
vt 0.537521 0.313806
vt 0.413427 0.036315
vt 0.397082 0.766490
vt 0.529741 0.033933
vt 0.466756 0.042596
vt 0.415792 0.054650
vt 0.378443 0.747850
vt 0.532047 0.060832
vt 0.468874 0.067304
vt 0.417650 0.076328
vt 0.363798 0.725933
vt 0.533636 0.090844
vt 0.470333 0.094871
vt 0.418930 0.100515
vt 0.544473 0.122838
vt 0.334614 0.462773
vt 0.329978 0.700736
vt 0.471077 0.124240
vt 0.244177 0.721784
vt 0.331197 0.389918
vt 0.419583 0.126282
vt 0.544473 0.155543
vt 0.333883 0.514020
vt 0.297281 0.701643
vt 0.471077 0.154280
vt 0.330455 0.587008
vt 0.274216 0.721196
vt 0.419583 0.152639
vt 0.533636 0.187702
vt 0.470333 0.183839
vt 0.418930 0.178573
vt 0.532047 0.218120
vt 0.468874 0.211779
vt 0.363798 0.599157
vt 0.417650 0.203087
vt 0.529741 0.245608
vt 0.466756 0.237027
vt 0.415792 0.225239
vt 0.378443 0.577239
vt 0.065405 0.603819
vt 0.526806 0.269108
vt 0.128266 0.594285
vt 0.464060 0.258614
vt 0.413427 0.244179
vt 0.179028 0.581258
vt 0.397082 0.558599
vt 0.062902 0.577826
vt 0.125967 0.570410
vt 0.177011 0.560310
vt 0.418999 0.543954
vt 0.061042 0.548460
vt 0.124258 0.543436
vt 0.175512 0.536644
vt 0.059897 0.516848
vt 0.123206 0.514399
vt 0.174589 0.511167
vt 0.331746 0.421479
vt 0.502761 0.123528
vt 0.334614 0.363812
vt 0.445330 0.125261
vt 0.327031 0.715506
vt 0.331006 0.555395
vt 0.502761 0.154901
vt 0.445330 0.153459
vt 0.333883 0.613135
vt 0.298838 0.714786
vt 0.419583 0.139460
vt 0.471077 0.139260
vt 0.259197 0.721490
vt 0.544473 0.139190
vt 0.313629 0.701189
vt 0.502761 0.139215
vt 0.445330 0.139360
vt 0.312935 0.715146
vt 0.262039 0.626278
vt 0.312241 0.627190
vt 0.280576 0.626278
vt 0.260827 0.503014
vt 0.293725 0.628102
vt 0.330756 0.626278
vt 0.260809 0.474492
vt 0.243501 0.626278
vt 0.243903 0.643961
vt 0.248415 0.458120
vt 0.279469 0.643961
vt 0.248429 0.519520
vt 0.261686 0.643961
vt 0.261964 0.683487
vt 0.245041 0.558655
vt 0.278991 0.683487
vt 0.244936 0.683487
vt 0.245066 0.419012
vt 0.327031 0.793311
vt 0.246965 0.708052
vt 0.261555 0.392602
vt 0.278933 0.708052
vt 0.261482 0.584846
vt 0.295099 0.791809
vt 0.262949 0.708052
vt 0.311065 0.792560
vt 0.281791 0.383542
vt 0.326997 0.771503
vt 0.311031 0.770752
vt 0.815952 0.832804
vt 0.260514 0.776064
vt 0.243501 0.776763
vt 0.278724 0.406751
vt 0.832972 0.833192
vt 0.295065 0.770001
vt 0.281684 0.593663
vt 0.278646 0.570512
vt 0.798932 0.832416
vt 0.277528 0.775365
vt 0.798770 0.785304
vt 0.269747 0.825472
vt 0.275710 0.518279
vt 0.293720 0.646074
vt 0.281202 0.495202
vt 0.330751 0.644250
vt 0.281199 0.482058
vt 0.269747 0.789906
vt 0.275745 0.458823
vt 0.834319 0.786115
vt 0.269747 0.807689
vt 0.816544 0.785710
vt 0.312235 0.645162
vt 0.309431 0.742779
vt 0.244017 0.741700
vt 0.311037 0.391365
vt 0.315503 0.586174
vt 0.277528 0.735684
vt 0.325143 0.745697
vt 0.305825 0.373184
vt 0.260772 0.738692
vt 0.293720 0.739861
vt 0.309957 0.603919
vt 0.816909 0.812322
vt 0.799498 0.811925
vt 0.265501 0.542821
vt 0.243501 0.537664
vt 0.279089 0.662611
vt 0.261671 0.662611
vt 0.243501 0.440029
vt 0.244253 0.662611
vt 0.834319 0.812720
vt 0.265532 0.434607
vt 0.306438 0.497588
vt 0.293725 0.671247
vt 0.243501 0.790450
vt 0.303380 0.461362
vt 0.539642 0.121466
vt 0.312241 0.670335
vt 0.243501 0.826016
vt 0.539545 0.157031
vt 0.303334 0.515616
vt 0.330756 0.669423
vt 0.306468 0.479368
vt 0.243501 0.808233
vt 0.539593 0.139248
vt 0.442485 0.937545
vt 0.832750 0.327514
vt 0.193365 0.328407
vt 0.987526 0.086376
vt 0.428375 0.937545
vt 0.833337 0.313754
vt 0.222303 0.322651
vt 0.988753 0.057603
vt 0.414536 0.934793
vt 0.834290 0.300867
vt 0.249561 0.311360
vt 0.990746 0.030657
vt 0.835572 0.289349
vt 0.401499 0.929393
vt 0.221579 0.735263
vt 0.993428 0.006572
vt 0.274093 0.294968
vt 0.791294 0.239235
vt 0.389767 0.921553
vt 0.220313 0.725449
vt 0.294955 0.274104
vt 0.788647 0.218712
vt 0.379790 0.911576
vt 0.219318 0.713845
vt 0.311347 0.249571
vt 0.786566 0.194448
vt 0.371950 0.899843
vt 0.218633 0.700898
vt 0.322638 0.222312
vt 0.785134 0.167376
vt 0.366551 0.886807
vt 0.218284 0.687105
vt 0.328394 0.193374
vt 0.784403 0.138534
vt 0.363798 0.872967
vt 0.218284 0.672996
vt 0.328394 0.163868
vt 0.784403 0.109033
vt 0.363798 0.858856
vt 0.218633 0.659114
vt 0.322638 0.134930
vt 0.785134 0.080005
vt 0.366551 0.845017
vt 0.219318 0.645991
vt 0.311347 0.107670
vt 0.786566 0.052566
vt 0.371950 0.831981
vt 0.220313 0.634133
vt 0.294955 0.083137
vt 0.788647 0.027771
vt 0.221579 0.623995
vt 0.379790 0.820248
vt 0.835041 0.510861
vt 0.791294 0.006572
vt 0.274093 0.062274
vt 0.196182 0.834019
vt 0.389767 0.810270
vt 0.833961 0.499648
vt 0.249561 0.045881
vt 0.193924 0.810573
vt 0.401500 0.802431
vt 0.833159 0.486979
vt 0.222302 0.034590
vt 0.192246 0.784083
vt 0.414536 0.797031
vt 0.832665 0.473342
vt 0.193365 0.028834
vt 0.191213 0.755567
vt 0.428375 0.794278
vt 0.832498 0.459259
vt 0.163861 0.028833
vt 0.190864 0.726121
vt 0.442485 0.794278
vt 0.832665 0.445274
vt 0.134923 0.034589
vt 0.191213 0.696876
vt 0.456325 0.797031
vt 0.833159 0.431922
vt 0.107665 0.045880
vt 0.192246 0.668957
vt 0.469361 0.802431
vt 0.833961 0.419717
vt 0.083133 0.062273
vt 0.193924 0.643437
vt 0.835041 0.409128
vt 0.481093 0.810270
vt 0.843819 0.637511
vt 0.062271 0.083136
vt 0.196182 0.621295
vt 0.785626 0.976271
vt 0.491071 0.820248
vt 0.842451 0.625791
vt 0.045879 0.107669
vt 0.782766 0.951765
vt 0.498910 0.831981
vt 0.841509 0.612763
vt 0.034588 0.134928
vt 0.780796 0.924524
vt 0.504310 0.845017
vt 0.841028 0.598928
vt 0.028832 0.163867
vt 0.779791 0.895595
vt 0.507062 0.858856
vt 0.841028 0.584818
vt 0.028832 0.193372
vt 0.779791 0.866090
vt 0.507062 0.872967
vt 0.841509 0.570974
vt 0.034588 0.222310
vt 0.780796 0.837142
vt 0.504310 0.886807
vt 0.842451 0.557929
vt 0.045879 0.249570
vt 0.782766 0.809864
vt 0.498910 0.899843
vt 0.843819 0.546183
vt 0.835572 0.390879
vt 0.062271 0.274103
vt 0.785626 0.785304
vt 0.993428 0.218873
vt 0.491070 0.911576
vt 0.834290 0.380639
vt 0.083134 0.294966
vt 0.990746 0.197460
vt 0.481093 0.921553
vt 0.833337 0.368702
vt 0.107665 0.311359
vt 0.988753 0.172500
vt 0.469361 0.929393
vt 0.832750 0.355526
vt 0.134924 0.322650
vt 0.987526 0.144950
vt 0.456324 0.934793
vt 0.832552 0.341619
vt 0.163861 0.328407
vt 0.987112 0.115869
vt 0.006972 0.450626
vt 0.228796 0.344057
vt 0.006572 0.484217
vt 0.195558 0.350668
vt 0.008159 0.418558
vt 0.260105 0.331088
vt 0.010086 0.389244
vt 0.288283 0.312259
vt 0.012680 0.363812
vt 0.599474 0.550656
vt 0.312246 0.288295
vt 0.627622 0.547370
vt 0.331074 0.260116
vt 0.658911 0.545107
vt 0.344043 0.228806
vt 0.692140 0.543954
vt 0.350654 0.195566
vt 0.726030 0.543954
vt 0.350654 0.161676
vt 0.759280 0.545107
vt 0.344043 0.128436
vt 0.790612 0.547370
vt 0.331074 0.097126
vt 0.818822 0.550656
vt 0.371053 0.530810
vt 0.312246 0.068946
vt 0.367972 0.506216
vt 0.288283 0.044982
vt 0.365683 0.477545
vt 0.260105 0.026153
vt 0.364274 0.445901
vt 0.228796 0.013184
vt 0.363798 0.412498
vt 0.195557 0.006572
vt 0.364274 0.378622
vt 0.161668 0.006572
vt 0.365683 0.345573
vt 0.128430 0.013183
vt 0.367972 0.314621
vt 0.097121 0.026152
vt 0.371053 0.286957
vt 0.579462 0.006572
vt 0.068943 0.044981
vt 0.582503 0.030144
vt 0.044980 0.068945
vt 0.584892 0.058014
vt 0.026152 0.097124
vt 0.586538 0.089111
vt 0.013183 0.128435
vt 0.587377 0.122238
vt 0.006572 0.161674
vt 0.587377 0.156124
vt 0.006572 0.195564
vt 0.586538 0.189466
vt 0.013183 0.228804
vt 0.584892 0.220983
vt 0.026152 0.260115
vt 0.582503 0.249464
vt 0.044980 0.288294
vt 0.579462 0.273813
vt 0.012680 0.608152
vt 0.068943 0.312258
vt 0.010086 0.581221
vt 0.097121 0.331087
vt 0.008159 0.550793
vt 0.128431 0.344056
vt 0.006972 0.518039
vt 0.161669 0.350668
vt 0.676034 0.290955
vt 0.805578 0.070142
vt 0.696133 0.286957
vt 0.804725 0.090126
vt 0.657102 0.298797
vt 0.806962 0.051427
vt 0.640064 0.310182
vt 0.808825 0.034698
vt 0.605307 0.202832
vt 0.625574 0.324673
vt 0.603468 0.188578
vt 0.614189 0.341712
vt 0.602023 0.171725
vt 0.606347 0.360645
vt 0.601028 0.152922
vt 0.602349 0.380744
vt 0.600521 0.132890
vt 0.602350 0.401237
vt 0.600521 0.112400
vt 0.606348 0.421336
vt 0.601028 0.092239
vt 0.614190 0.440269
vt 0.602023 0.073181
vt 0.625575 0.457309
vt 0.603468 0.055960
vt 0.640065 0.471799
vt 0.010265 0.803473
vt 0.605307 0.041236
vt 0.657103 0.483185
vt 0.008697 0.787189
vt 0.676036 0.491027
vt 0.007532 0.768790
vt 0.696134 0.495025
vt 0.006814 0.748985
vt 0.716626 0.495025
vt 0.006572 0.728533
vt 0.736724 0.491027
vt 0.006814 0.708221
vt 0.755657 0.483184
vt 0.007532 0.688830
vt 0.772695 0.471799
vt 0.008697 0.671105
vt 0.010265 0.655726
vt 0.787185 0.457309
vt 0.603526 0.946991
vt 0.798570 0.440269
vt 0.601540 0.929971
vt 0.806412 0.421336
vt 0.600171 0.911051
vt 0.810409 0.401237
vt 0.599474 0.890958
vt 0.810409 0.380744
vt 0.599474 0.870465
vt 0.600171 0.850360
vt 0.806411 0.360645
vt 0.798569 0.341712
vt 0.601540 0.831414
vt 0.603526 0.814356
vt 0.787184 0.324673
vt 0.808824 0.182151
vt 0.772694 0.310182
vt 0.806962 0.167280
vt 0.755655 0.298797
vt 0.805578 0.149943
vt 0.736723 0.290955
vt 0.804725 0.130809
vt 0.716625 0.286957
vt 0.804438 0.110611
vt 0.491262 0.575417
vt 0.228576 0.486285
vt 0.508108 0.578768
vt 0.228779 0.469260
vt 0.229380 0.453007
vt 0.523977 0.585341
vt 0.538259 0.594884
vt 0.230357 0.438150
vt 0.653608 0.772161
vt 0.550405 0.607030
vt 0.559947 0.621312
vt 0.667874 0.770495
vt 0.566521 0.637181
vt 0.683732 0.769349
vt 0.569872 0.654028
vt 0.700574 0.768764
vt 0.569872 0.671204
vt 0.717750 0.768764
vt 0.566521 0.688051
vt 0.734603 0.769349
vt 0.559947 0.703920
vt 0.750483 0.770495
vt 0.550405 0.718202
vt 0.764780 0.772161
vt 0.589206 0.456115
vt 0.538259 0.730348
vt 0.588046 0.441584
vt 0.523977 0.739891
vt 0.508108 0.746465
vt 0.587331 0.425545
vt 0.491262 0.749816
vt 0.587090 0.408616
vt 0.474085 0.749816
vt 0.587331 0.391446
vt 0.457239 0.746465
vt 0.588046 0.374696
vt 0.589206 0.359009
vt 0.441370 0.739892
vt 0.427088 0.730349
vt 0.414943 0.718204
vt 0.405400 0.703922
vt 0.363798 0.098977
vt 0.398827 0.688052
vt 0.364632 0.114737
vt 0.395476 0.671206
vt 0.365057 0.131527
vt 0.395476 0.654029
vt 0.365057 0.148702
vt 0.398827 0.637182
vt 0.364632 0.165601
vt 0.363798 0.181574
vt 0.405400 0.621313
vt 0.414943 0.607031
vt 0.427088 0.594885
vt 0.230357 0.535450
vt 0.441370 0.585342
vt 0.457239 0.578769
vt 0.229380 0.520028
vt 0.228779 0.503427
vt 0.474085 0.575417
vt 0.490074 0.587483
vt 0.823761 0.326987
vt 0.504589 0.590370
vt 0.824376 0.312555
vt 0.518262 0.596034
vt 0.825376 0.299038
vt 0.530568 0.604256
vt 0.826721 0.286957
vt 0.212782 0.738000
vt 0.541033 0.614721
vt 0.211454 0.727706
vt 0.549255 0.627027
vt 0.210410 0.715535
vt 0.554919 0.640700
vt 0.209692 0.701955
vt 0.557806 0.655216
vt 0.209325 0.687488
vt 0.557806 0.670016
vt 0.209325 0.672690
vt 0.554919 0.684532
vt 0.209692 0.658130
vt 0.549255 0.698205
vt 0.210410 0.644366
vt 0.541033 0.710511
vt 0.211454 0.631929
vt 0.530568 0.720977
vt 0.212782 0.621295
vt 0.826220 0.513296
vt 0.518262 0.729199
vt 0.825087 0.501535
vt 0.504589 0.734863
vt 0.824246 0.488247
vt 0.490074 0.737751
vt 0.823728 0.473944
vt 0.475274 0.737751
vt 0.823553 0.459173
vt 0.460758 0.734863
vt 0.823728 0.444504
vt 0.447085 0.729200
vt 0.824246 0.430500
vt 0.434779 0.720977
vt 0.825087 0.417698
vt 0.424314 0.710512
vt 0.826220 0.406592
vt 0.834893 0.639744
vt 0.416092 0.698207
vt 0.833458 0.627452
vt 0.410428 0.684533
vt 0.832470 0.613787
vt 0.407541 0.670017
vt 0.831966 0.599276
vt 0.407541 0.655217
vt 0.831966 0.584476
vt 0.410428 0.640702
vt 0.832470 0.569956
vt 0.416092 0.627028
vt 0.833458 0.556273
vt 0.834893 0.543954
vt 0.424314 0.614722
vt 0.826721 0.393448
vt 0.434779 0.604257
vt 0.825376 0.382708
vt 0.447085 0.596034
vt 0.824376 0.370187
vt 0.460758 0.590370
vt 0.823761 0.356368
vt 0.475274 0.587483
vt 0.823553 0.341781
vt 0.174277 0.484860
vt 0.122851 0.484415
vt 0.059510 0.484204
vt 0.059897 0.451784
vt 0.123206 0.454636
vt 0.174589 0.458733
vt 0.061042 0.420834
vt 0.124258 0.426207
vt 0.175512 0.433790
vt 0.062902 0.392542
vt 0.125967 0.400220
vt 0.567691 0.558597
vt 0.177011 0.410989
vt 0.603289 0.603257
vt 0.065405 0.367996
vt 0.611911 0.666292
vt 0.128266 0.377673
vt 0.623843 0.717588
vt 0.586330 0.577237
vt 0.179028 0.391208
vt 0.630456 0.600086
vt 0.636865 0.663379
vt 0.645737 0.715032
vt 0.660655 0.597902
vt 0.664604 0.661373
vt 0.670074 0.713272
vt 0.692725 0.596789
vt 0.694061 0.660350
vt 0.695920 0.712375
vt 0.725434 0.596789
vt 0.724106 0.660350
vt 0.722280 0.712375
vt 0.757525 0.597902
vt 0.753583 0.661373
vt 0.748142 0.713272
vt 0.787765 0.600086
vt 0.781359 0.663379
vt 0.772513 0.715032
vt 0.423716 0.526799
vt 0.814991 0.603257
vt 0.486607 0.517170
vt 0.806368 0.666292
vt 0.537521 0.503478
vt 0.586330 0.747849
vt 0.794455 0.717588
vt 0.420743 0.503062
vt 0.483876 0.495366
vt 0.567691 0.766488
vt 0.535125 0.484348
vt 0.418534 0.475391
vt 0.481847 0.469949
vt 0.533344 0.462048
vt 0.417174 0.444850
vt 0.480597 0.441896
vt 0.532248 0.437435
vt 0.416714 0.412612
vt 0.480175 0.412284
vt 0.531878 0.411454
vt 0.417174 0.379916
vt 0.480597 0.382251
vt 0.532248 0.385104
vt 0.418534 0.348019
vt 0.481847 0.352953
vt 0.533344 0.359398
vt 0.420743 0.318146
vt 0.483876 0.325514
vt 0.418999 0.781135
vt 0.535125 0.335324
vt 0.526806 0.011182
vt 0.423716 0.291446
vt 0.464060 0.021699
vt 0.486607 0.300989
vt 0.413427 0.036315
vt 0.397082 0.766490
vt 0.537521 0.313806
vt 0.529741 0.033933
vt 0.466756 0.042596
vt 0.415792 0.054650
vt 0.378443 0.747850
vt 0.532047 0.060832
vt 0.468874 0.067304
vt 0.417650 0.076328
vt 0.363798 0.725933
vt 0.533636 0.090844
vt 0.470333 0.094871
vt 0.418930 0.100515
vt 0.544473 0.122838
vt 0.334614 0.462773
vt 0.329978 0.700736
vt 0.471077 0.124240
vt 0.244177 0.721784
vt 0.331197 0.389918
vt 0.419583 0.126282
vt 0.544473 0.155543
vt 0.333883 0.514020
vt 0.297281 0.701643
vt 0.471077 0.154280
vt 0.330455 0.587008
vt 0.274216 0.721196
vt 0.419583 0.152639
vt 0.533636 0.187702
vt 0.470333 0.183839
vt 0.418930 0.178573
vt 0.532047 0.218120
vt 0.468874 0.211779
vt 0.363798 0.599157
vt 0.417650 0.203087
vt 0.529741 0.245608
vt 0.466756 0.237027
vt 0.415792 0.225239
vt 0.378443 0.577239
vt 0.065405 0.603819
vt 0.526806 0.269108
vt 0.128266 0.594285
vt 0.464060 0.258614
vt 0.413427 0.244179
vt 0.179028 0.581258
vt 0.397082 0.558599
vt 0.062902 0.577826
vt 0.125967 0.570410
vt 0.177011 0.560310
vt 0.418999 0.543954
vt 0.061042 0.548460
vt 0.124258 0.543436
vt 0.175512 0.536644
vt 0.059897 0.516848
vt 0.123206 0.514399
vt 0.174589 0.511167
vt 0.331746 0.421479
vt 0.502761 0.123528
vt 0.334614 0.363812
vt 0.445330 0.125261
vt 0.327031 0.715506
vt 0.331006 0.555395
vt 0.502761 0.154901
vt 0.445330 0.153459
vt 0.333883 0.613135
vt 0.298838 0.714786
vt 0.419583 0.139460
vt 0.471077 0.139260
vt 0.259197 0.721490
vt 0.544473 0.139190
vt 0.313629 0.701189
vt 0.502761 0.139215
vt 0.445330 0.139360
vt 0.312935 0.715146
vt 0.262039 0.626278
vt 0.312241 0.627190
vt 0.280576 0.626278
vt 0.260827 0.503014
vt 0.293725 0.628102
vt 0.330756 0.626278
vt 0.260809 0.474492
vt 0.243501 0.626278
vt 0.243903 0.643961
vt 0.248415 0.458120
vt 0.279469 0.643961
vt 0.248429 0.519520
vt 0.261686 0.643961
vt 0.261964 0.683487
vt 0.245041 0.558655
vt 0.278991 0.683487
vt 0.244936 0.683487
vt 0.245066 0.419012
vt 0.327031 0.793311
vt 0.246965 0.708052
vt 0.261555 0.392602
vt 0.278933 0.708052
vt 0.261482 0.584846
vt 0.295099 0.791809
vt 0.262949 0.708052
vt 0.311065 0.792560
vt 0.281791 0.383542
vt 0.326997 0.771503
vt 0.311031 0.770752
vt 0.815952 0.832804
vt 0.260514 0.776064
vt 0.243501 0.776763
vt 0.278724 0.406751
vt 0.832972 0.833192
vt 0.295065 0.770001
vt 0.281684 0.593663
vt 0.278646 0.570512
vt 0.798932 0.832416
vt 0.277528 0.775365
vt 0.798770 0.785304
vt 0.269747 0.825472
vt 0.275710 0.518279
vt 0.293720 0.646074
vt 0.281202 0.495202
vt 0.330751 0.644250
vt 0.281199 0.482058
vt 0.269747 0.789906
vt 0.275745 0.458823
vt 0.834319 0.786115
vt 0.269747 0.807689
vt 0.816544 0.785710
vt 0.312235 0.645162
vt 0.309431 0.742779
vt 0.244017 0.741700
vt 0.311037 0.391365
vt 0.315503 0.586174
vt 0.277528 0.735684
vt 0.325143 0.745697
vt 0.305825 0.373184
vt 0.260772 0.738692
vt 0.293720 0.739861
vt 0.309957 0.603919
vt 0.816909 0.812322
vt 0.799498 0.811925
vt 0.265501 0.542821
vt 0.243501 0.537664
vt 0.279089 0.662611
vt 0.261671 0.662611
vt 0.243501 0.440029
vt 0.244253 0.662611
vt 0.834319 0.812720
vt 0.265532 0.434607
vt 0.306438 0.497588
vt 0.293725 0.671247
vt 0.243501 0.790450
vt 0.303380 0.461362
vt 0.539642 0.121466
vt 0.312241 0.670335
vt 0.243501 0.826016
vt 0.539545 0.157031
vt 0.303334 0.515616
vt 0.330756 0.669423
vt 0.306468 0.479368
vt 0.243501 0.808233
vt 0.539593 0.139248
s 0
f 66/139/1 196/404/1 195/403/1
f 65/137/2 199/407/2 196/404/2
f 67/141/3 202/410/3 199/407/3
f 68/143/4 205/415/4 202/410/4
f 69/146/5 208/421/5 205/414/5
f 70/148/6 211/424/6 208/421/6
f 71/150/7 214/427/7 211/424/7
f 72/152/8 217/430/8 214/427/8
f 73/154/9 220/433/9 217/430/9
f 74/156/10 223/436/10 220/433/10
f 75/158/11 226/440/11 223/436/11
f 76/161/12 229/446/12 226/439/12
f 77/163/13 232/450/13 229/446/13
f 78/165/14 235/453/14 232/450/14
f 235/453/15 80/169/15 238/456/15
f 80/169/16 241/459/16 238/456/16
f 241/459/17 82/173/17 244/462/17
f 244/462/18 83/175/18 247/465/18
f 83/175/19 250/470/19 247/465/19
f 250/469/20 85/180/20 253/476/20
f 253/476/21 86/182/21 256/480/21
f 86/182/22 259/484/22 256/480/22
f 87/184/23 262/487/23 259/484/23
f 88/186/24 265/494/24 295/542/24
f 265/494/25 90/190/25 268/501/25
f 90/190/26 271/504/26 268/501/26
f 91/192/27 274/508/27 271/504/27
f 92/194/28 277/513/28 274/508/28
f 93/197/29 280/519/29 277/512/29
f 94/199/30 283/523/30 280/519/30
f 54/114/31 122/259/31 123/261/31
f 95/201/32 286/526/32 283/523/32
f 96/203/33 195/403/33 286/526/33
f 31/65/34 47/99/34 63/133/34
f 2/3/35 65/138/35 66/140/35
f 6/11/35 65/138/35 4/7/35
f 6/11/35 68/144/35 67/142/35
f 8/17/35 69/147/35 68/144/35
f 12/25/35 69/147/35 10/21/35
f 12/25/35 71/151/35 70/149/35
f 14/29/35 72/153/35 71/151/35
f 18/37/35 72/153/35 16/33/35
f 18/37/35 74/157/35 73/155/35
f 22/45/35 74/157/35 20/41/35
f 24/49/35 75/159/35 22/45/35
f 26/55/35 76/162/35 24/49/35
f 28/59/35 77/164/35 26/55/35
f 30/63/35 78/166/35 28/59/35
f 30/63/35 80/170/35 79/168/35
f 34/71/35 80/170/35 32/67/35
f 34/71/35 82/174/35 81/172/35
f 38/79/35 82/174/35 36/75/35
f 40/83/35 83/176/35 38/79/35
f 40/83/35 85/181/35 84/179/35
f 44/93/35 85/181/35 42/88/35
f 44/93/35 87/185/35 86/183/35
f 48/101/35 87/185/35 46/97/35
f 50/105/35 88/187/35 48/101/35
f 52/110/35 89/189/35 50/105/35
f 54/113/35 90/191/35 52/110/35
f 56/118/35 91/193/35 54/113/35
f 56/118/35 93/198/35 92/195/35
f 60/127/35 93/198/35 58/123/35
f 62/131/35 94/200/35 60/127/35
f 64/135/35 95/202/35 62/131/35
f 2/3/35 96/204/35 64/135/35
f 115/243/35 107/226/35 99/209/35
f 26/56/36 110/234/36 28/60/36
f 56/119/37 123/261/37 124/262/37
f 28/60/38 111/236/38 30/64/38
f 2/4/39 97/206/39 4/8/39
f 56/120/40 125/266/40 58/124/40
f 30/64/41 112/238/41 32/68/41
f 4/8/42 99/210/42 6/12/42
f 60/128/43 125/266/43 126/268/43
f 32/68/44 113/240/44 34/72/44
f 6/12/45 100/212/45 8/16/45
f 60/128/46 127/270/46 62/132/46
f 34/72/47 114/242/47 36/76/47
f 8/18/48 101/215/48 10/22/48
f 62/132/49 128/272/49 64/136/49
f 36/76/50 115/244/50 38/80/50
f 10/22/51 102/217/51 12/26/51
f 64/136/52 98/208/52 2/4/52
f 38/80/53 116/246/53 40/84/53
f 12/26/54 103/219/54 14/30/54
f 42/89/55 116/246/55 117/247/55
f 14/30/56 104/221/56 16/34/56
f 44/94/57 117/249/57 118/251/57
f 16/34/58 105/223/58 18/38/58
f 44/94/59 119/253/59 46/98/59
f 18/38/60 106/225/60 20/42/60
f 46/98/61 120/255/61 48/102/61
f 20/42/62 107/227/62 22/46/62
f 48/102/63 121/257/63 50/106/63
f 22/46/64 108/229/64 24/50/64
f 50/106/65 122/259/65 52/109/65
f 24/50/66 109/232/66 26/54/66
f 161/333/34 130/275/34 162/335/34
f 162/335/34 131/277/34 163/337/34
f 163/337/34 132/279/34 164/339/34
f 164/339/34 133/282/34 165/342/34
f 165/342/34 134/283/34 166/344/34
f 166/344/34 135/285/34 167/346/34
f 167/346/34 136/287/34 168/348/34
f 169/350/34 136/287/34 137/289/34
f 170/352/34 137/289/34 138/291/34
f 170/352/34 139/293/34 171/354/34
f 171/354/34 140/295/34 172/356/34
f 172/356/34 141/298/34 173/358/34
f 174/361/34 141/298/34 142/299/34
f 174/361/34 143/301/34 175/363/34
f 175/363/34 144/303/34 176/365/34
f 177/367/34 144/303/34 145/305/34
f 177/367/34 146/307/34 178/369/34
f 178/369/34 147/310/34 179/371/34
f 180/373/34 147/310/34 148/311/34
f 180/373/34 149/312/34 181/375/34
f 181/375/34 150/313/34 182/378/34
f 182/378/34 151/315/34 183/380/34
f 183/380/34 152/317/34 184/382/34
f 184/382/34 153/319/34 185/384/34
f 185/384/34 154/321/34 186/386/34
f 186/386/34 155/324/34 187/388/34
f 188/391/34 155/324/34 156/325/34
f 188/391/34 157/326/34 189/393/34
f 190/395/34 157/326/34 158/327/34
f 190/395/34 159/329/34 191/397/34
f 191/397/34 160/332/34 192/399/34
f 192/399/34 129/273/34 161/333/34
f 1/2/67 162/336/67 3/6/67
f 5/10/68 162/336/68 163/338/68
f 5/10/69 164/340/69 7/13/69
f 7/15/70 165/343/70 9/20/70
f 11/24/71 165/343/71 166/345/71
f 11/24/72 167/347/72 13/28/72
f 15/32/73 167/347/73 168/349/73
f 15/32/74 169/351/74 17/36/74
f 17/36/75 170/353/75 19/40/75
f 19/40/76 171/355/76 21/44/76
f 23/48/77 171/355/77 172/357/77
f 23/48/78 173/359/78 25/51/78
f 27/58/79 173/360/79 174/362/79
f 27/58/80 175/364/80 29/62/80
f 31/66/81 175/364/81 176/366/81
f 31/66/82 177/368/82 33/70/82
f 33/70/83 178/370/83 35/74/83
f 35/74/84 179/372/84 37/78/84
f 39/82/85 179/372/85 180/374/85
f 39/82/86 181/376/86 41/85/86
f 43/92/87 181/377/87 182/379/87
f 43/92/88 183/381/88 45/96/88
f 47/100/89 183/381/89 184/383/89
f 47/100/90 185/385/90 49/104/90
f 49/104/91 186/387/91 51/108/91
f 51/108/92 187/389/92 53/112/92
f 55/116/93 187/389/93 188/390/93
f 55/117/94 189/394/94 57/122/94
f 57/122/95 190/396/95 59/126/95
f 59/126/96 191/398/96 61/130/96
f 61/130/97 192/400/97 63/134/97
f 63/134/98 161/334/98 1/2/98
f 288/528/99 129/274/99 160/331/99
f 288/528/100 194/402/100 193/401/100
f 286/526/101 194/402/101 287/527/101
f 159/330/102 288/528/102 160/331/102
f 285/525/103 287/527/103 288/528/103
f 283/523/104 287/527/104 284/524/104
f 158/328/105 285/525/105 159/330/105
f 282/521/106 284/524/106 285/525/106
f 281/520/107 283/523/107 284/524/107
f 157/326/108 282/522/108 158/327/108
f 279/517/109 281/520/109 282/521/109
f 277/512/110 281/520/110 278/514/110
f 156/325/111 279/518/111 157/326/111
f 276/510/112 278/515/112 279/516/112
f 274/508/113 278/515/113 275/509/113
f 155/324/114 276/511/114 156/325/114
f 273/507/115 275/509/115 276/510/115
f 271/504/116 275/509/116 272/505/116
f 154/322/117 273/507/117 155/323/117
f 270/503/118 272/505/118 273/507/118
f 268/501/119 272/505/119 269/502/119
f 153/320/120 270/503/120 154/322/120
f 292/536/121 269/502/121 270/503/121
f 291/535/122 268/501/122 269/502/122
f 264/493/123 293/539/123 153/320/123
f 331/614/124 306/563/124 332/616/124
f 151/316/125 264/493/125 152/318/125
f 260/485/126 290/532/126 264/493/126
f 259/484/127 289/530/127 263/490/127
f 150/314/128 261/486/128 151/316/128
f 258/482/129 260/485/129 261/486/129
f 256/480/130 260/485/130 257/481/130
f 149/312/131 258/483/131 150/313/131
f 255/479/132 257/481/132 258/482/132
f 253/476/133 257/481/133 254/477/133
f 148/311/134 255/478/134 149/312/134
f 251/471/135 255/479/135 252/473/135
f 250/469/136 254/477/136 251/471/136
f 147/310/137 252/474/137 148/311/137
f 248/466/138 252/475/138 249/468/138
f 247/465/139 251/472/139 248/466/139
f 146/308/140 249/468/140 147/309/140
f 245/463/141 249/468/141 246/464/141
f 244/462/142 248/466/142 245/463/142
f 145/306/143 246/464/143 146/308/143
f 242/460/144 246/464/144 243/461/144
f 241/459/145 245/463/145 242/460/145
f 144/304/146 243/461/146 145/306/146
f 239/457/147 243/461/147 240/458/147
f 238/456/148 242/460/148 239/457/148
f 237/455/149 144/304/149 143/302/149
f 236/454/150 240/458/150 237/455/150
f 235/453/151 239/457/151 236/454/151
f 234/452/152 143/302/152 142/300/152
f 233/451/153 237/455/153 234/452/153
f 232/450/154 236/454/154 233/451/154
f 231/449/155 142/300/155 141/297/155
f 230/447/156 234/452/156 231/449/156
f 229/446/157 233/451/157 230/447/157
f 228/444/158 141/298/158 140/295/158
f 227/441/159 231/449/159 228/443/159
f 226/439/160 230/447/160 227/441/160
f 225/438/161 140/296/161 139/294/161
f 224/437/162 228/445/162 225/438/162
f 223/436/163 227/442/163 224/437/163
f 222/435/164 139/294/164 138/292/164
f 221/434/165 225/438/165 222/435/165
f 220/433/166 224/437/166 221/434/166
f 219/432/167 138/292/167 137/290/167
f 218/431/168 222/435/168 219/432/168
f 218/431/169 220/433/169 221/434/169
f 216/429/170 137/290/170 136/288/170
f 215/428/171 219/432/171 216/429/171
f 214/427/172 218/431/172 215/428/172
f 213/426/173 136/288/173 135/286/173
f 212/425/174 216/429/174 213/426/174
f 212/425/175 214/427/175 215/428/175
f 210/423/176 135/286/176 134/284/176
f 210/423/177 212/425/177 213/426/177
f 209/422/178 211/424/178 212/425/178
f 207/418/179 134/284/179 133/281/179
f 206/416/180 210/423/180 207/418/180
f 205/414/181 209/422/181 206/416/181
f 204/412/182 133/282/182 132/279/182
f 203/411/183 207/420/183 204/413/183
f 203/411/184 205/415/184 206/417/184
f 201/409/185 132/280/185 131/278/185
f 200/408/186 204/413/186 201/409/186
f 200/408/187 202/410/187 203/411/187
f 198/406/188 131/278/188 130/276/188
f 198/406/189 200/408/189 201/409/189
f 196/404/190 200/408/190 197/405/190
f 193/401/191 130/276/191 129/274/191
f 193/401/192 197/405/192 198/406/192
f 194/402/193 196/404/193 197/405/193
f 296/544/194 266/497/194 294/540/194
f 263/490/194 296/544/194 294/540/194
f 310/574/195 309/572/195 311/575/195
f 319/594/196 300/553/196 301/556/196
f 316/588/197 299/550/197 317/590/197
f 297/545/198 293/539/198 290/532/198
f 302/557/199 298/547/199 299/549/199
f 300/554/199 303/559/199 301/555/199
f 330/613/124 304/560/124 331/614/124
f 321/598/200 299/551/200 298/548/200
f 329/611/201 305/561/201 330/612/201
f 318/591/200 298/548/200 300/552/200
f 309/571/202 305/562/202 308/568/202
f 307/566/202 304/560/202 309/571/202
f 315/583/203 308/569/203 305/561/203
f 313/579/204 307/567/204 310/573/204
f 311/575/195 308/570/195 314/581/195
f 312/576/205 329/610/205 328/609/205
f 326/606/206 315/585/206 312/577/206
f 322/599/207 314/581/207 327/607/207
f 323/601/208 310/573/208 325/605/208
f 324/602/209 314/582/209 315/583/209
f 325/604/210 311/575/210 322/599/210
f 323/600/211 312/577/211 313/578/211
f 338/628/212 321/598/212 318/591/212
f 335/621/213 320/596/213 339/630/213
f 336/624/212 317/589/212 321/598/212
f 339/630/213 316/587/213 337/625/213
f 337/627/214 317/590/214 334/619/214
f 335/622/215 318/592/215 319/594/215
f 333/618/216 301/556/216 332/615/216
f 328/609/205 313/580/205 312/576/205
f 263/491/217 326/606/217 323/600/217
f 290/533/218 322/599/218 297/546/218
f 266/498/219 327/608/219 324/602/219
f 263/492/220 325/605/220 290/531/220
f 292/538/221 322/599/221 327/607/221
f 266/499/222 326/606/222 294/541/222
f 319/595/223 328/609/223 320/597/223
f 333/618/224 306/564/224 313/579/224
f 320/597/223 329/610/223 316/586/223
f 329/611/225 302/558/225 316/588/225
f 330/613/226 303/559/226 302/557/226
f 303/559/226 332/616/226 301/555/226
f 262/488/227 335/622/227 289/529/227
f 265/495/228 337/627/228 334/619/228
f 291/535/229 339/631/229 337/626/229
f 265/496/230 336/624/230 295/543/230
f 289/530/231 339/631/231 296/544/231
f 262/489/232 336/624/232 338/628/232
f 405/770/1 535/1035/1 534/1034/1
f 404/768/2 538/1038/2 535/1035/2
f 406/772/3 541/1041/3 538/1038/3
f 407/774/4 544/1046/4 541/1041/4
f 408/777/5 547/1052/5 544/1045/5
f 409/779/6 550/1055/6 547/1052/6
f 410/781/7 553/1058/7 550/1055/7
f 411/783/8 556/1061/8 553/1058/8
f 412/785/9 559/1064/9 556/1061/9
f 413/787/10 562/1067/10 559/1064/10
f 414/789/11 565/1071/11 562/1067/11
f 415/792/12 568/1077/12 565/1070/12
f 416/794/13 571/1081/13 568/1077/13
f 417/796/14 574/1084/14 571/1081/14
f 418/798/15 577/1087/15 574/1084/15
f 419/800/16 580/1090/16 577/1087/16
f 420/802/17 583/1093/17 580/1090/17
f 583/1093/18 422/806/18 586/1096/18
f 586/1096/19 423/808/19 589/1101/19
f 589/1100/20 424/811/20 592/1107/20
f 592/1107/21 425/813/21 595/1111/21
f 595/1111/22 426/815/22 598/1115/22
f 426/815/23 601/1118/23 598/1115/23
f 427/817/24 604/1125/24 634/1173/24
f 604/1125/25 429/821/25 607/1132/25
f 607/1132/26 430/823/26 610/1135/26
f 430/823/27 613/1139/27 610/1135/27
f 431/825/28 616/1144/28 613/1139/28
f 432/828/29 619/1150/29 616/1143/29
f 433/830/30 622/1154/30 619/1150/30
f 393/745/31 461/890/31 462/892/31
f 434/832/32 625/1157/32 622/1154/32
f 435/834/33 534/1034/33 625/1157/33
f 370/696/34 386/730/34 402/764/34
f 341/634/35 404/769/35 405/771/35
f 345/642/35 404/769/35 343/638/35
f 345/642/35 407/775/35 406/773/35
f 347/648/35 408/778/35 407/775/35
f 351/656/35 408/778/35 349/652/35
f 351/656/35 410/782/35 409/780/35
f 353/660/35 411/784/35 410/782/35
f 357/668/35 411/784/35 355/664/35
f 357/668/35 413/788/35 412/786/35
f 361/676/35 413/788/35 359/672/35
f 363/680/35 414/790/35 361/676/35
f 365/686/35 415/793/35 363/680/35
f 367/690/35 416/795/35 365/686/35
f 369/694/35 417/797/35 367/690/35
f 369/694/35 419/801/35 418/799/35
f 373/702/35 419/801/35 371/698/35
f 373/702/35 421/805/35 420/803/35
f 377/710/35 421/805/35 375/706/35
f 379/714/35 422/807/35 377/710/35
f 379/714/35 424/812/35 423/810/35
f 383/724/35 424/812/35 381/720/35
f 383/724/35 426/816/35 425/814/35
f 387/732/35 426/816/35 385/728/35
f 389/736/35 427/818/35 387/732/35
f 391/741/35 428/820/35 389/736/35
f 393/744/35 429/822/35 391/741/35
f 395/750/35 430/824/35 393/744/35
f 395/750/35 432/829/35 431/826/35
f 399/758/35 432/829/35 397/754/35
f 401/762/35 433/831/35 399/758/35
f 403/766/35 434/833/35 401/762/35
f 341/634/35 435/835/35 403/766/35
f 454/874/35 446/857/35 438/840/35
f 365/687/36 449/865/36 367/691/36
f 393/745/37 463/894/37 395/749/37
f 367/691/38 450/867/38 369/695/38
f 341/635/39 436/837/39 343/639/39
f 397/755/40 463/895/40 464/897/40
f 369/695/41 451/869/41 371/699/41
f 343/639/42 438/841/42 345/643/42
f 397/755/43 465/899/43 399/759/43
f 371/699/44 452/871/44 373/703/44
f 345/643/45 439/843/45 347/647/45
f 399/759/46 466/901/46 401/763/46
f 373/703/47 453/873/47 375/707/47
f 347/649/48 440/846/48 349/653/48
f 401/763/49 467/903/49 403/767/49
f 375/707/50 454/875/50 377/711/50
f 349/653/51 441/848/51 351/657/51
f 403/767/52 437/839/52 341/635/52
f 377/711/53 455/877/53 379/715/53
f 351/657/54 442/850/54 353/661/54
f 379/715/55 456/879/55 381/719/55
f 353/661/56 443/852/56 355/665/56
f 381/721/57 457/882/57 383/725/57
f 355/665/58 444/854/58 357/669/58
f 383/725/59 458/884/59 385/729/59
f 357/669/60 445/856/60 359/673/60
f 385/729/61 459/886/61 387/733/61
f 359/673/62 446/858/62 361/677/62
f 387/733/63 460/888/63 389/737/63
f 361/677/64 447/860/64 363/681/64
f 389/737/65 461/890/65 391/740/65
f 363/681/66 448/863/66 365/685/66
f 500/964/34 469/906/34 501/966/34
f 501/966/34 470/908/34 502/968/34
f 502/968/34 471/910/34 503/970/34
f 503/970/34 472/913/34 504/973/34
f 504/973/34 473/914/34 505/975/34
f 505/975/34 474/916/34 506/977/34
f 506/977/34 475/918/34 507/979/34
f 508/981/34 475/918/34 476/920/34
f 509/983/34 476/920/34 477/922/34
f 509/983/34 478/924/34 510/985/34
f 510/985/34 479/926/34 511/987/34
f 511/987/34 480/929/34 512/989/34
f 513/992/34 480/929/34 481/930/34
f 513/992/34 482/932/34 514/994/34
f 514/994/34 483/934/34 515/996/34
f 516/998/34 483/934/34 484/936/34
f 516/998/34 485/938/34 517/1000/34
f 517/1000/34 486/941/34 518/1002/34
f 519/1004/34 486/941/34 487/942/34
f 519/1004/34 488/943/34 520/1006/34
f 520/1006/34 489/944/34 521/1009/34
f 521/1009/34 490/946/34 522/1011/34
f 522/1011/34 491/948/34 523/1013/34
f 523/1013/34 492/950/34 524/1015/34
f 524/1015/34 493/952/34 525/1017/34
f 525/1017/34 494/955/34 526/1019/34
f 527/1022/34 494/955/34 495/956/34
f 527/1022/34 496/957/34 528/1024/34
f 529/1026/34 496/957/34 497/958/34
f 529/1026/34 498/961/34 530/1028/34
f 530/1028/34 499/962/34 531/1030/34
f 531/1030/34 468/904/34 500/964/34
f 340/633/67 501/967/67 342/637/67
f 342/637/68 502/969/68 344/641/68
f 344/641/69 503/971/69 346/644/69
f 346/646/70 504/974/70 348/651/70
f 350/655/71 504/974/71 505/976/71
f 350/655/72 506/978/72 352/659/72
f 352/659/73 507/980/73 354/663/73
f 354/663/74 508/982/74 356/667/74
f 356/667/75 509/984/75 358/671/75
f 358/671/76 510/986/76 360/675/76
f 362/679/77 510/986/77 511/988/77
f 362/679/78 512/990/78 364/682/78
f 366/689/79 512/991/79 513/993/79
f 366/689/80 514/995/80 368/693/80
f 368/693/81 515/997/81 370/697/81
f 370/697/82 516/999/82 372/701/82
f 372/701/83 517/1001/83 374/705/83
f 374/705/84 518/1003/84 376/709/84
f 378/713/85 518/1003/85 519/1005/85
f 378/713/86 520/1007/86 380/716/86
f 382/723/87 520/1008/87 521/1010/87
f 382/723/88 522/1012/88 384/727/88
f 386/731/89 522/1012/89 523/1014/89
f 386/731/90 524/1016/90 388/735/90
f 388/735/91 525/1018/91 390/739/91
f 390/739/92 526/1020/92 392/743/92
f 394/747/93 526/1020/93 527/1021/93
f 394/748/94 528/1025/94 396/753/94
f 396/753/95 529/1027/95 398/757/95
f 398/757/96 530/1029/96 400/761/96
f 400/761/97 531/1031/97 402/765/97
f 402/765/98 500/965/98 340/633/98
f 627/1159/99 468/905/99 499/963/99
f 627/1159/100 533/1033/100 532/1032/100
f 625/1157/101 533/1033/101 626/1158/101
f 624/1156/102 499/963/102 498/960/102
f 624/1156/103 626/1158/103 627/1159/103
f 622/1154/104 626/1158/104 623/1155/104
f 497/959/105 624/1156/105 498/960/105
f 621/1152/106 623/1155/106 624/1156/106
f 620/1151/107 622/1154/107 623/1155/107
f 496/957/108 621/1153/108 497/958/108
f 618/1148/109 620/1151/109 621/1152/109
f 616/1143/110 620/1151/110 617/1145/110
f 495/956/111 618/1149/111 496/957/111
f 615/1141/112 617/1146/112 618/1147/112
f 613/1139/113 617/1146/113 614/1140/113
f 494/955/114 615/1142/114 495/956/114
f 612/1138/115 614/1140/115 615/1141/115
f 610/1135/116 614/1140/116 611/1136/116
f 493/953/117 612/1138/117 494/954/117
f 609/1134/118 611/1136/118 612/1138/118
f 607/1132/119 611/1136/119 608/1133/119
f 492/951/120 609/1134/120 493/953/120
f 631/1167/121 608/1133/121 609/1134/121
f 630/1166/122 607/1132/122 608/1133/122
f 603/1124/123 606/1131/123 492/951/123
f 670/1245/124 645/1194/124 671/1247/124
f 490/947/125 603/1124/125 491/949/125
f 599/1116/126 629/1163/126 603/1124/126
f 598/1115/127 628/1161/127 602/1121/127
f 489/945/128 600/1117/128 490/947/128
f 597/1113/129 599/1116/129 600/1117/129
f 595/1111/130 599/1116/130 596/1112/130
f 488/943/131 597/1114/131 489/944/131
f 594/1110/132 596/1112/132 597/1113/132
f 592/1107/133 596/1112/133 593/1108/133
f 487/942/134 594/1109/134 488/943/134
f 590/1102/135 594/1110/135 591/1104/135
f 589/1100/136 593/1108/136 590/1102/136
f 486/941/137 591/1105/137 487/942/137
f 587/1097/138 591/1106/138 588/1099/138
f 586/1096/139 590/1103/139 587/1097/139
f 485/939/140 588/1099/140 486/940/140
f 584/1094/141 588/1099/141 585/1095/141
f 583/1093/142 587/1097/142 584/1094/142
f 484/937/143 585/1095/143 485/939/143
f 581/1091/144 585/1095/144 582/1092/144
f 580/1090/145 584/1094/145 581/1091/145
f 579/1089/146 484/937/146 483/935/146
f 578/1088/147 582/1092/147 579/1089/147
f 577/1087/148 581/1091/148 578/1088/148
f 576/1086/149 483/935/149 482/933/149
f 575/1085/150 579/1089/150 576/1086/150
f 574/1084/151 578/1088/151 575/1085/151
f 573/1083/152 482/933/152 481/931/152
f 572/1082/153 576/1086/153 573/1083/153
f 571/1081/154 575/1085/154 572/1082/154
f 570/1080/155 481/931/155 480/928/155
f 569/1078/156 573/1083/156 570/1080/156
f 568/1077/157 572/1082/157 569/1078/157
f 567/1075/158 480/929/158 479/926/158
f 566/1072/159 570/1080/159 567/1074/159
f 565/1070/160 569/1078/160 566/1072/160
f 564/1069/161 479/927/161 478/925/161
f 563/1068/162 567/1076/162 564/1069/162
f 562/1067/163 566/1073/163 563/1068/163
f 561/1066/164 478/925/164 477/923/164
f 560/1065/165 564/1069/165 561/1066/165
f 559/1064/166 563/1068/166 560/1065/166
f 558/1063/167 477/923/167 476/921/167
f 557/1062/168 561/1066/168 558/1063/168
f 556/1061/169 560/1065/169 557/1062/169
f 555/1060/170 476/921/170 475/919/170
f 554/1059/171 558/1063/171 555/1060/171
f 554/1059/172 556/1061/172 557/1062/172
f 552/1057/173 475/919/173 474/917/173
f 551/1056/174 555/1060/174 552/1057/174
f 550/1055/175 554/1059/175 551/1056/175
f 549/1054/176 474/917/176 473/915/176
f 548/1053/177 552/1057/177 549/1054/177
f 548/1053/178 550/1055/178 551/1056/178
f 546/1049/179 473/915/179 472/912/179
f 545/1047/180 549/1054/180 546/1049/180
f 544/1045/181 548/1053/181 545/1047/181
f 543/1043/182 472/913/182 471/910/182
f 542/1042/183 546/1051/183 543/1044/183
f 542/1042/184 544/1046/184 545/1048/184
f 540/1040/185 471/911/185 470/909/185
f 540/1040/186 542/1042/186 543/1044/186
f 539/1039/187 541/1041/187 542/1042/187
f 537/1037/188 470/909/188 469/907/188
f 537/1037/189 539/1039/189 540/1040/189
f 535/1035/190 539/1039/190 536/1036/190
f 532/1032/191 469/907/191 468/905/191
f 533/1033/192 537/1037/192 532/1032/192
f 533/1033/193 535/1035/193 536/1036/193
f 635/1175/194 605/1128/194 633/1171/194
f 602/1121/194 635/1175/194 633/1171/194
f 649/1205/195 648/1203/195 650/1206/195
f 658/1225/196 639/1184/196 640/1187/196
f 655/1219/197 638/1181/197 656/1221/197
f 631/1167/198 632/1170/198 629/1163/198
f 641/1188/199 637/1178/199 638/1180/199
f 639/1185/199 642/1190/199 640/1186/199
f 669/1244/124 643/1191/124 670/1245/124
f 660/1229/200 638/1182/200 637/1179/200
f 668/1242/201 644/1192/201 669/1243/201
f 657/1222/200 637/1179/200 639/1183/200
f 648/1202/202 644/1193/202 647/1199/202
f 646/1197/202 643/1191/202 648/1202/202
f 654/1214/203 647/1200/203 644/1192/203
f 652/1210/204 646/1198/204 649/1204/204
f 650/1206/195 647/1201/195 653/1212/195
f 651/1207/205 668/1241/205 667/1240/205
f 665/1237/206 654/1216/206 651/1208/206
f 661/1230/207 653/1212/207 666/1238/207
f 662/1232/208 649/1204/208 664/1236/208
f 663/1233/209 653/1213/209 654/1214/209
f 664/1235/233 650/1206/233 661/1230/233
f 662/1231/211 651/1208/211 652/1209/211
f 677/1259/212 660/1229/212 657/1222/212
f 674/1252/213 659/1227/213 678/1261/213
f 675/1255/212 656/1220/212 660/1229/212
f 678/1261/213 655/1218/213 676/1256/213
f 676/1258/214 656/1221/214 673/1250/214
f 674/1253/215 657/1223/215 658/1225/215
f 672/1249/216 640/1187/216 671/1246/216
f 667/1240/205 652/1211/205 651/1207/205
f 602/1122/217 665/1237/217 662/1231/217
f 629/1164/218 661/1230/218 636/1177/218
f 605/1129/219 666/1239/219 663/1233/219
f 602/1123/220 664/1236/220 629/1162/220
f 631/1169/221 661/1230/221 666/1238/221
f 605/1130/222 665/1237/222 633/1172/222
f 658/1226/223 667/1240/223 659/1228/223
f 672/1249/224 645/1195/224 652/1210/224
f 659/1228/223 668/1241/223 655/1217/223
f 668/1242/225 641/1189/225 655/1219/225
f 669/1244/226 642/1190/226 641/1188/226
f 642/1190/226 671/1247/226 640/1186/226
f 601/1119/227 674/1253/227 628/1160/227
f 604/1126/228 676/1258/228 673/1250/228
f 630/1166/229 678/1262/229 676/1257/229
f 604/1127/230 675/1255/230 634/1174/230
f 628/1161/231 678/1262/231 635/1175/231
f 601/1120/232 675/1255/232 677/1259/232
f 744/1401/1 874/1666/1 873/1665/1
f 743/1399/2 877/1669/2 874/1666/2
f 745/1403/3 880/1672/3 877/1669/3
f 746/1405/4 883/1677/4 880/1672/4
f 747/1408/5 886/1683/5 883/1676/5
f 748/1410/6 889/1686/6 886/1683/6
f 749/1412/7 892/1689/7 889/1686/7
f 750/1414/8 895/1692/8 892/1689/8
f 751/1416/9 898/1695/9 895/1692/9
f 752/1418/10 901/1698/10 898/1695/10
f 753/1420/11 904/1702/11 901/1698/11
f 754/1423/12 907/1708/12 904/1701/12
f 755/1425/13 910/1712/13 907/1708/13
f 756/1427/14 913/1715/14 910/1712/14
f 757/1429/15 916/1718/15 913/1715/15
f 758/1431/16 919/1721/16 916/1718/16
f 919/1721/17 760/1435/17 922/1724/17
f 922/1724/18 761/1437/18 925/1727/18
f 925/1727/19 762/1439/19 928/1732/19
f 928/1731/20 763/1442/20 931/1738/20
f 931/1738/21 764/1444/21 934/1742/21
f 934/1742/22 765/1446/22 937/1746/22
f 765/1446/23 940/1749/23 937/1746/23
f 766/1448/24 943/1756/24 973/1804/24
f 943/1756/25 768/1452/25 946/1763/25
f 946/1763/26 769/1454/26 949/1766/26
f 769/1454/27 952/1770/27 949/1766/27
f 770/1456/28 955/1775/28 952/1770/28
f 771/1459/29 958/1781/29 955/1774/29
f 772/1461/30 961/1785/30 958/1781/30
f 730/1371/31 801/1523/31 732/1376/31
f 773/1463/32 964/1788/32 961/1785/32
f 774/1465/33 873/1665/33 964/1788/33
f 709/1327/34 725/1361/34 741/1395/34
f 680/1265/35 743/1400/35 744/1402/35
f 684/1273/35 743/1400/35 682/1269/35
f 684/1273/35 746/1406/35 745/1404/35
f 686/1279/35 747/1409/35 746/1406/35
f 690/1287/35 747/1409/35 688/1283/35
f 690/1287/35 749/1413/35 748/1411/35
f 692/1291/35 750/1415/35 749/1413/35
f 696/1299/35 750/1415/35 694/1295/35
f 696/1299/35 752/1419/35 751/1417/35
f 700/1307/35 752/1419/35 698/1303/35
f 702/1311/35 753/1421/35 700/1307/35
f 704/1317/35 754/1424/35 702/1311/35
f 706/1321/35 755/1426/35 704/1317/35
f 708/1325/35 756/1428/35 706/1321/35
f 708/1325/35 758/1432/35 757/1430/35
f 712/1333/35 758/1432/35 710/1329/35
f 712/1333/35 760/1436/35 759/1434/35
f 716/1341/35 760/1436/35 714/1337/35
f 718/1345/35 761/1438/35 716/1341/35
f 718/1345/35 763/1443/35 762/1441/35
f 722/1355/35 763/1443/35 720/1351/35
f 722/1355/35 765/1447/35 764/1445/35
f 726/1363/35 765/1447/35 724/1359/35
f 728/1367/35 766/1449/35 726/1363/35
f 730/1372/35 767/1451/35 728/1367/35
f 732/1375/35 768/1453/35 730/1372/35
f 734/1381/35 769/1455/35 732/1375/35
f 734/1381/35 771/1460/35 770/1457/35
f 738/1389/35 771/1460/35 736/1385/35
f 740/1393/35 772/1462/35 738/1389/35
f 742/1397/35 773/1464/35 740/1393/35
f 680/1265/35 774/1466/35 742/1397/35
f 793/1505/35 785/1488/35 777/1471/35
f 704/1318/36 788/1496/36 706/1322/36
f 732/1376/37 802/1525/37 734/1380/37
f 706/1322/38 789/1498/38 708/1326/38
f 680/1266/39 775/1468/39 682/1270/39
f 736/1386/40 802/1526/40 803/1528/40
f 708/1326/41 790/1500/41 710/1330/41
f 682/1270/42 777/1472/42 684/1274/42
f 736/1386/43 804/1530/43 738/1390/43
f 710/1330/44 791/1502/44 712/1334/44
f 684/1274/45 778/1474/45 686/1278/45
f 738/1390/46 805/1532/46 740/1394/46
f 712/1334/47 792/1504/47 714/1338/47
f 688/1284/48 778/1475/48 779/1477/48
f 740/1394/49 806/1534/49 742/1398/49
f 714/1338/50 793/1506/50 716/1342/50
f 688/1284/51 780/1479/51 690/1288/51
f 742/1398/52 776/1470/52 680/1266/52
f 716/1342/53 794/1508/53 718/1346/53
f 690/1288/54 781/1481/54 692/1292/54
f 718/1346/55 795/1510/55 720/1350/55
f 692/1292/56 782/1483/56 694/1296/56
f 720/1352/57 796/1513/57 722/1356/57
f 694/1296/58 783/1485/58 696/1300/58
f 722/1356/59 797/1515/59 724/1360/59
f 696/1300/60 784/1487/60 698/1304/60
f 724/1360/61 798/1517/61 726/1364/61
f 698/1304/62 785/1489/62 700/1308/62
f 726/1364/63 799/1519/63 728/1368/63
f 700/1308/64 786/1491/64 702/1312/64
f 728/1368/65 800/1521/65 730/1371/65
f 702/1312/66 787/1494/66 704/1316/66
f 839/1595/34 808/1537/34 840/1597/34
f 840/1597/34 809/1539/34 841/1599/34
f 841/1599/34 810/1541/34 842/1601/34
f 842/1601/34 811/1544/34 843/1604/34
f 843/1604/34 812/1545/34 844/1606/34
f 844/1606/34 813/1547/34 845/1608/34
f 845/1608/34 814/1549/34 846/1610/34
f 847/1612/34 814/1549/34 815/1551/34
f 848/1614/34 815/1551/34 816/1553/34
f 848/1614/34 817/1555/34 849/1616/34
f 849/1616/34 818/1557/34 850/1618/34
f 850/1618/34 819/1560/34 851/1621/34
f 852/1623/34 819/1560/34 820/1561/34
f 852/1623/34 821/1563/34 853/1625/34
f 853/1625/34 822/1565/34 854/1627/34
f 855/1629/34 822/1565/34 823/1567/34
f 855/1629/34 824/1569/34 856/1631/34
f 856/1631/34 825/1572/34 857/1633/34
f 858/1635/34 825/1572/34 826/1573/34
f 858/1635/34 827/1574/34 859/1637/34
f 859/1637/34 828/1575/34 860/1640/34
f 860/1640/34 829/1577/34 861/1642/34
f 861/1642/34 830/1579/34 862/1644/34
f 862/1644/34 831/1581/34 863/1646/34
f 863/1646/34 832/1583/34 864/1648/34
f 864/1648/34 833/1586/34 865/1650/34
f 866/1653/34 833/1586/34 834/1587/34
f 866/1653/34 835/1588/34 867/1655/34
f 868/1657/34 835/1588/34 836/1589/34
f 868/1657/34 837/1592/34 869/1659/34
f 869/1659/34 838/1593/34 870/1661/34
f 870/1661/34 807/1535/34 839/1595/34
f 679/1264/67 840/1598/67 681/1268/67
f 683/1272/68 840/1598/68 841/1600/68
f 683/1272/69 842/1602/69 685/1275/69
f 685/1277/70 843/1605/70 687/1282/70
f 687/1282/71 844/1607/71 689/1286/71
f 689/1286/72 845/1609/72 691/1290/72
f 693/1294/73 845/1609/73 846/1611/73
f 693/1294/74 847/1613/74 695/1298/74
f 695/1298/75 848/1615/75 697/1302/75
f 697/1302/76 849/1617/76 699/1306/76
f 701/1310/77 849/1617/77 850/1619/77
f 703/1314/78 850/1619/78 851/1620/78
f 705/1320/79 851/1622/79 852/1624/79
f 705/1320/80 853/1626/80 707/1324/80
f 707/1324/81 854/1628/81 709/1328/81
f 709/1328/82 855/1630/82 711/1332/82
f 711/1332/83 856/1632/83 713/1336/83
f 713/1336/84 857/1634/84 715/1340/84
f 717/1344/85 857/1634/85 858/1636/85
f 717/1344/86 859/1638/86 719/1347/86
f 721/1354/87 859/1639/87 860/1641/87
f 721/1354/88 861/1643/88 723/1358/88
f 725/1362/89 861/1643/89 862/1645/89
f 725/1362/90 863/1647/90 727/1366/90
f 727/1366/91 864/1649/91 729/1370/91
f 729/1370/92 865/1651/92 731/1374/92
f 733/1378/93 865/1651/93 866/1652/93
f 733/1379/94 867/1656/94 735/1384/94
f 735/1384/95 868/1658/95 737/1388/95
f 737/1388/96 869/1660/96 739/1392/96
f 739/1392/97 870/1662/97 741/1396/97
f 741/1396/98 839/1596/98 679/1264/98
f 966/1790/99 807/1536/99 838/1594/99
f 966/1790/100 872/1664/100 871/1663/100
f 964/1788/101 872/1664/101 965/1789/101
f 963/1787/102 838/1594/102 837/1591/102
f 963/1787/103 965/1789/103 966/1790/103
f 962/1786/104 964/1788/104 965/1789/104
f 836/1590/105 963/1787/105 837/1591/105
f 960/1783/106 962/1786/106 963/1787/106
f 958/1781/107 962/1786/107 959/1782/107
f 835/1588/108 960/1784/108 836/1589/108
f 957/1779/109 959/1782/109 960/1783/109
f 955/1774/110 959/1782/110 956/1776/110
f 834/1587/111 957/1780/111 835/1588/111
f 954/1772/234 956/1777/234 957/1778/234
f 952/1770/113 956/1777/113 953/1771/113
f 833/1586/114 954/1773/114 834/1587/114
f 951/1769/115 953/1771/115 954/1772/115
f 949/1766/116 953/1771/116 950/1767/116
f 832/1584/117 951/1769/117 833/1585/117
f 948/1765/118 950/1767/118 951/1769/118
f 946/1763/119 950/1767/119 947/1764/119
f 831/1582/120 948/1765/120 832/1584/120
f 970/1798/121 947/1764/121 948/1765/121
f 969/1797/122 946/1763/122 947/1764/122
f 942/1755/123 971/1801/123 831/1582/123
f 1009/1876/124 984/1825/124 1010/1878/124
f 829/1578/125 942/1755/125 830/1580/125
f 938/1747/126 968/1794/126 942/1755/126
f 937/1746/127 967/1792/127 941/1752/127
f 828/1576/128 939/1748/128 829/1578/128
f 936/1744/129 938/1747/129 939/1748/129
f 934/1742/130 938/1747/130 935/1743/130
f 827/1574/131 936/1745/131 828/1575/131
f 933/1741/132 935/1743/132 936/1744/132
f 931/1738/133 935/1743/133 932/1739/133
f 826/1573/134 933/1740/134 827/1574/134
f 929/1733/135 933/1741/135 930/1735/135
f 928/1731/136 932/1739/136 929/1733/136
f 825/1572/137 930/1736/137 826/1573/137
f 926/1728/138 930/1737/138 927/1730/138
f 925/1727/139 929/1734/139 926/1728/139
f 824/1570/140 927/1730/140 825/1571/140
f 923/1725/141 927/1730/141 924/1726/141
f 922/1724/142 926/1728/142 923/1725/142
f 823/1568/143 924/1726/143 824/1570/143
f 920/1722/144 924/1726/144 921/1723/144
f 919/1721/145 923/1725/145 920/1722/145
f 918/1720/146 823/1568/146 822/1566/146
f 917/1719/147 921/1723/147 918/1720/147
f 916/1718/148 920/1722/148 917/1719/148
f 915/1717/149 822/1566/149 821/1564/149
f 914/1716/150 918/1720/150 915/1717/150
f 913/1715/151 917/1719/151 914/1716/151
f 912/1714/152 821/1564/152 820/1562/152
f 911/1713/153 915/1717/153 912/1714/153
f 910/1712/154 914/1716/154 911/1713/154
f 909/1711/155 820/1562/155 819/1559/155
f 908/1709/156 912/1714/156 909/1711/156
f 907/1708/157 911/1713/157 908/1709/157
f 906/1706/158 819/1560/158 818/1557/158
f 905/1703/159 909/1711/159 906/1705/159
f 904/1701/160 908/1709/160 905/1703/160
f 903/1700/161 818/1558/161 817/1556/161
f 902/1699/162 906/1707/162 903/1700/162
f 901/1698/163 905/1704/163 902/1699/163
f 900/1697/164 817/1556/164 816/1554/164
f 899/1696/165 903/1700/165 900/1697/165
f 898/1695/166 902/1699/166 899/1696/166
f 897/1694/167 816/1554/167 815/1552/167
f 896/1693/168 900/1697/168 897/1694/168
f 895/1692/169 899/1696/169 896/1693/169
f 894/1691/170 815/1552/170 814/1550/170
f 893/1690/171 897/1694/171 894/1691/171
f 893/1690/172 895/1692/172 896/1693/172
f 891/1688/173 814/1550/173 813/1548/173
f 890/1687/174 894/1691/174 891/1688/174
f 889/1686/175 893/1690/175 890/1687/175
f 888/1685/176 813/1548/176 812/1546/176
f 887/1684/177 891/1688/177 888/1685/177
f 886/1683/178 890/1687/178 887/1684/178
f 885/1680/179 812/1546/179 811/1543/179
f 884/1678/180 888/1685/180 885/1680/180
f 883/1676/181 887/1684/181 884/1678/181
f 882/1674/182 811/1544/182 810/1541/182
f 881/1673/183 885/1682/183 882/1675/183
f 880/1672/184 884/1679/184 881/1673/184
f 879/1671/185 810/1542/185 809/1540/185
f 879/1671/186 881/1673/186 882/1675/186
f 877/1669/187 881/1673/187 878/1670/187
f 876/1668/188 809/1540/188 808/1538/188
f 876/1668/189 878/1670/189 879/1671/189
f 874/1666/190 878/1670/190 875/1667/190
f 871/1663/191 808/1538/191 807/1536/191
f 871/1663/192 875/1667/192 876/1668/192
f 872/1664/193 874/1666/193 875/1667/193
f 974/1806/194 944/1759/194 972/1802/194
f 941/1752/194 974/1806/194 972/1802/194
f 988/1836/195 987/1834/195 989/1837/195
f 997/1856/196 978/1815/196 979/1818/196
f 994/1850/197 977/1812/197 995/1852/197
f 970/1798/198 971/1801/198 968/1794/198
f 980/1819/199 976/1809/199 977/1811/199
f 978/1816/199 981/1821/199 979/1817/199
f 1008/1875/124 982/1822/124 1009/1876/124
f 999/1860/200 977/1813/200 976/1810/200
f 1007/1873/201 983/1823/201 1008/1874/201
f 996/1853/200 976/1810/200 978/1814/200
f 987/1833/202 983/1824/202 986/1830/202
f 985/1828/202 982/1822/202 987/1833/202
f 993/1845/203 986/1831/203 983/1823/203
f 991/1841/204 985/1829/204 988/1835/204
f 989/1837/195 986/1832/195 992/1843/195
f 990/1838/205 1007/1872/205 1006/1871/205
f 1004/1868/206 993/1847/206 990/1839/206
f 1000/1861/207 992/1843/207 1005/1869/207
f 1001/1863/208 988/1835/208 1003/1867/208
f 1002/1864/209 992/1844/209 993/1845/209
f 1003/1866/210 989/1837/210 1000/1861/210
f 1001/1862/211 990/1839/211 991/1840/211
f 1016/1890/212 999/1860/212 996/1853/212
f 1013/1883/213 998/1858/213 1017/1892/213
f 1014/1886/212 995/1851/212 999/1860/212
f 1017/1892/213 994/1849/213 1015/1887/213
f 1015/1889/214 995/1852/214 1012/1881/214
f 1013/1884/215 996/1854/215 997/1856/215
f 1011/1880/216 979/1818/216 1010/1877/216
f 1006/1871/205 991/1842/205 990/1838/205
f 941/1753/217 1004/1868/217 1001/1862/217
f 968/1795/218 1000/1861/218 975/1808/218
f 944/1760/219 1005/1870/219 1002/1864/219
f 941/1754/220 1003/1867/220 968/1793/220
f 970/1800/221 1000/1861/221 1005/1869/221
f 944/1761/222 1004/1868/222 972/1803/222
f 997/1857/223 1006/1871/223 998/1859/223
f 1011/1880/224 984/1826/224 991/1841/224
f 998/1859/223 1007/1872/223 994/1848/223
f 1007/1873/225 980/1820/225 994/1850/225
f 1008/1875/226 981/1821/226 980/1819/226
f 981/1821/226 1010/1878/226 979/1817/226
f 940/1750/227 1013/1884/227 967/1791/227
f 943/1757/228 1015/1889/228 1012/1881/228
f 969/1797/229 1017/1893/229 1015/1888/229
f 943/1758/230 1014/1886/230 973/1805/230
f 967/1792/231 1017/1893/231 974/1806/231
f 940/1751/232 1014/1886/232 1016/1890/232
f 1083/2032/1 1213/2297/1 1212/2296/1
f 1082/2030/2 1216/2300/2 1213/2297/2
f 1084/2034/3 1219/2303/3 1216/2300/3
f 1085/2036/4 1222/2308/4 1219/2303/4
f 1086/2039/5 1225/2314/5 1222/2307/5
f 1087/2041/6 1228/2317/6 1225/2314/6
f 1088/2043/7 1231/2320/7 1228/2317/7
f 1089/2045/8 1234/2323/8 1231/2320/8
f 1090/2047/9 1237/2326/9 1234/2323/9
f 1091/2049/10 1240/2329/10 1237/2326/10
f 1092/2051/11 1243/2333/11 1240/2329/11
f 1093/2054/12 1246/2339/12 1243/2332/12
f 1094/2056/13 1249/2343/13 1246/2339/13
f 1095/2058/14 1252/2346/14 1249/2343/14
f 1096/2060/15 1255/2349/15 1252/2346/15
f 1097/2062/16 1258/2352/16 1255/2349/16
f 1258/2352/17 1099/2066/17 1261/2355/17
f 1261/2355/18 1100/2068/18 1264/2358/18
f 1264/2358/19 1101/2070/19 1267/2363/19
f 1267/2362/20 1102/2073/20 1270/2369/20
f 1270/2369/21 1103/2075/21 1273/2373/21
f 1273/2373/22 1104/2077/22 1276/2377/22
f 1104/2077/23 1279/2380/23 1276/2377/23
f 1105/2079/24 1282/2387/24 1312/2435/24
f 1282/2387/25 1107/2083/25 1285/2394/25
f 1285/2394/26 1108/2085/26 1288/2397/26
f 1288/2397/27 1109/2087/27 1291/2401/27
f 1109/2087/28 1294/2406/28 1291/2401/28
f 1110/2090/29 1297/2412/29 1294/2405/29
f 1111/2092/30 1300/2416/30 1297/2412/30
f 1069/2003/31 1140/2154/31 1071/2007/31
f 1112/2094/32 1303/2419/32 1300/2416/32
f 1113/2096/33 1212/2296/33 1303/2419/33
f 1048/1958/34 1064/1992/34 1080/2026/34
f 1019/1896/35 1082/2031/35 1083/2033/35
f 1023/1904/35 1082/2031/35 1021/1900/35
f 1023/1904/35 1085/2037/35 1084/2035/35
f 1025/1910/35 1086/2040/35 1085/2037/35
f 1029/1918/35 1086/2040/35 1027/1914/35
f 1029/1918/35 1088/2044/35 1087/2042/35
f 1031/1922/35 1089/2046/35 1088/2044/35
f 1035/1930/35 1089/2046/35 1033/1926/35
f 1035/1930/35 1091/2050/35 1090/2048/35
f 1039/1938/35 1091/2050/35 1037/1934/35
f 1041/1942/35 1092/2052/35 1039/1938/35
f 1043/1948/35 1093/2055/35 1041/1942/35
f 1045/1952/35 1094/2057/35 1043/1948/35
f 1047/1956/35 1095/2059/35 1045/1952/35
f 1047/1956/35 1097/2063/35 1096/2061/35
f 1051/1964/35 1097/2063/35 1049/1960/35
f 1051/1964/35 1099/2067/35 1098/2065/35
f 1055/1972/35 1099/2067/35 1053/1968/35
f 1057/1976/35 1100/2069/35 1055/1972/35
f 1057/1976/35 1102/2074/35 1101/2072/35
f 1061/1986/35 1102/2074/35 1059/1982/35
f 1061/1986/35 1104/2078/35 1103/2076/35
f 1065/1994/35 1104/2078/35 1063/1990/35
f 1067/1998/35 1105/2080/35 1065/1994/35
f 1069/2002/35 1106/2082/35 1067/1998/35
f 1071/2006/35 1107/2084/35 1069/2002/35
f 1073/2012/35 1108/2086/35 1071/2006/35
f 1073/2012/35 1110/2091/35 1109/2088/35
f 1077/2020/35 1110/2091/35 1075/2016/35
f 1079/2024/35 1111/2093/35 1077/2020/35
f 1081/2028/35 1112/2095/35 1079/2024/35
f 1019/1896/35 1113/2097/35 1081/2028/35
f 1132/2136/35 1124/2119/35 1116/2102/35
f 1043/1949/36 1127/2127/36 1045/1953/36
f 1071/2007/37 1141/2156/37 1073/2011/37
f 1045/1953/38 1128/2129/38 1047/1957/38
f 1019/1897/39 1114/2099/39 1021/1901/39
f 1075/2017/40 1141/2157/40 1142/2159/40
f 1047/1957/41 1129/2131/41 1049/1961/41
f 1021/1901/42 1116/2103/42 1023/1905/42
f 1077/2021/43 1142/2159/43 1143/2161/43
f 1049/1961/44 1130/2133/44 1051/1965/44
f 1023/1905/45 1117/2105/45 1025/1909/45
f 1079/2025/46 1143/2161/46 1144/2163/46
f 1051/1965/47 1131/2135/47 1053/1969/47
f 1025/1911/48 1118/2108/48 1027/1915/48
f 1079/2025/49 1145/2165/49 1081/2029/49
f 1053/1969/50 1132/2137/50 1055/1973/50
f 1027/1915/51 1119/2110/51 1029/1919/51
f 1019/1897/52 1145/2165/52 1115/2101/52
f 1057/1977/53 1132/2137/53 1133/2139/53
f 1029/1919/54 1120/2112/54 1031/1923/54
f 1057/1977/55 1134/2141/55 1059/1981/55
f 1031/1923/56 1121/2114/56 1033/1927/56
f 1059/1983/57 1135/2144/57 1061/1987/57
f 1033/1927/58 1122/2116/58 1035/1931/58
f 1061/1987/59 1136/2146/59 1063/1991/59
f 1035/1931/60 1123/2118/60 1037/1935/60
f 1063/1991/61 1137/2148/61 1065/1995/61
f 1037/1935/62 1124/2120/62 1039/1939/62
f 1067/1999/63 1137/2148/63 1138/2150/63
f 1039/1939/64 1125/2122/64 1041/1943/64
f 1069/2003/65 1138/2150/65 1139/2151/65
f 1041/1943/66 1126/2125/66 1043/1947/66
f 1178/2226/34 1147/2169/34 1179/2228/34
f 1179/2228/34 1148/2170/34 1180/2230/34
f 1180/2230/34 1149/2172/34 1181/2232/34
f 1181/2232/34 1150/2175/34 1182/2235/34
f 1182/2235/34 1151/2176/34 1183/2237/34
f 1183/2237/34 1152/2178/34 1184/2239/34
f 1184/2239/34 1153/2180/34 1185/2241/34
f 1186/2243/34 1153/2180/34 1154/2182/34
f 1187/2245/34 1154/2182/34 1155/2184/34
f 1187/2245/34 1156/2186/34 1188/2247/34
f 1188/2247/34 1157/2188/34 1189/2249/34
f 1189/2249/34 1158/2191/34 1190/2251/34
f 1191/2254/34 1158/2191/34 1159/2192/34
f 1191/2254/34 1160/2194/34 1192/2256/34
f 1192/2256/34 1161/2196/34 1193/2258/34
f 1194/2260/34 1161/2196/34 1162/2198/34
f 1194/2260/34 1163/2200/34 1195/2262/34
f 1195/2262/34 1164/2203/34 1196/2264/34
f 1197/2266/34 1164/2203/34 1165/2204/34
f 1197/2266/34 1166/2205/34 1198/2268/34
f 1198/2268/34 1167/2206/34 1199/2271/34
f 1199/2271/34 1168/2208/34 1200/2273/34
f 1200/2273/34 1169/2210/34 1201/2275/34
f 1201/2275/34 1170/2212/34 1202/2277/34
f 1202/2277/34 1171/2214/34 1203/2279/34
f 1203/2279/34 1172/2217/34 1204/2281/34
f 1205/2284/34 1172/2217/34 1173/2218/34
f 1205/2284/34 1174/2219/34 1206/2286/34
f 1207/2288/34 1174/2219/34 1175/2220/34
f 1207/2288/34 1176/2223/34 1208/2290/34
f 1208/2290/34 1177/2224/34 1209/2292/34
f 1209/2292/34 1146/2166/34 1178/2226/34
f 1020/1899/67 1178/2227/67 1179/2229/67
f 1020/1899/68 1180/2231/68 1022/1903/68
f 1022/1903/69 1181/2233/69 1024/1906/69
f 1026/1913/70 1181/2234/70 1182/2236/70
f 1028/1917/71 1182/2236/71 1183/2238/71
f 1028/1917/72 1184/2240/72 1030/1921/72
f 1032/1925/235 1184/2240/235 1185/2242/235
f 1032/1925/74 1186/2244/74 1034/1929/74
f 1034/1929/75 1187/2246/75 1036/1933/75
f 1036/1933/76 1188/2248/76 1038/1937/76
f 1040/1941/77 1188/2248/77 1189/2250/77
f 1040/1941/78 1190/2252/78 1042/1944/78
f 1044/1951/79 1190/2253/79 1191/2255/79
f 1044/1951/80 1192/2257/80 1046/1955/80
f 1046/1955/81 1193/2259/81 1048/1959/81
f 1048/1959/82 1194/2261/82 1050/1963/82
f 1050/1963/83 1195/2263/83 1052/1967/83
f 1052/1967/84 1196/2265/84 1054/1971/84
f 1056/1975/85 1196/2265/85 1197/2267/85
f 1056/1975/86 1198/2269/86 1058/1978/86
f 1060/1985/87 1198/2270/87 1199/2272/87
f 1060/1985/88 1200/2274/88 1062/1989/88
f 1064/1993/89 1200/2274/89 1201/2276/89
f 1064/1993/90 1202/2278/90 1066/1997/90
f 1066/1997/91 1203/2280/91 1068/2001/91
f 1068/2001/92 1204/2282/92 1070/2005/92
f 1072/2009/93 1204/2282/93 1205/2283/93
f 1072/2010/94 1206/2287/94 1074/2015/94
f 1074/2015/95 1207/2289/95 1076/2019/95
f 1076/2019/96 1208/2291/96 1078/2023/96
f 1078/2023/97 1209/2293/97 1080/2027/97
f 1080/2027/98 1178/2227/98 1018/1895/98
f 1305/2421/99 1146/2167/99 1177/2225/99
f 1305/2421/100 1211/2295/100 1210/2294/100
f 1303/2419/101 1211/2295/101 1304/2420/101
f 1302/2418/102 1177/2225/102 1176/2222/102
f 1302/2418/103 1304/2420/103 1305/2421/103
f 1301/2417/104 1303/2419/104 1304/2420/104
f 1175/2221/105 1302/2418/105 1176/2222/105
f 1299/2414/106 1301/2417/106 1302/2418/106
f 1297/2412/107 1301/2417/107 1298/2413/107
f 1174/2219/108 1299/2415/108 1175/2220/108
f 1296/2410/236 1298/2413/236 1299/2414/236
f 1294/2405/110 1298/2413/110 1295/2407/110
f 1173/2218/111 1296/2411/111 1174/2219/111
f 1293/2403/112 1295/2408/112 1296/2409/112
f 1291/2401/113 1295/2408/113 1292/2402/113
f 1172/2217/114 1293/2404/114 1173/2218/114
f 1290/2400/115 1292/2402/115 1293/2403/115
f 1288/2397/116 1292/2402/116 1289/2398/116
f 1171/2215/117 1290/2400/117 1172/2216/117
f 1287/2396/118 1289/2398/118 1290/2400/118
f 1285/2394/119 1289/2398/119 1286/2395/119
f 1170/2213/120 1287/2396/120 1171/2215/120
f 1309/2429/121 1286/2395/121 1287/2396/121
f 1308/2428/122 1285/2394/122 1286/2395/122
f 1281/2386/123 1284/2393/123 1170/2213/123
f 1348/2507/124 1323/2456/124 1349/2509/124
f 1168/2209/125 1281/2386/125 1169/2211/125
f 1277/2378/126 1307/2425/126 1281/2386/126
f 1276/2377/127 1306/2423/127 1280/2383/127
f 1167/2207/128 1278/2379/128 1168/2209/128
f 1275/2375/129 1277/2378/129 1278/2379/129
f 1273/2373/130 1277/2378/130 1274/2374/130
f 1166/2205/131 1275/2376/131 1167/2206/131
f 1272/2372/132 1274/2374/132 1275/2375/132
f 1270/2369/133 1274/2374/133 1271/2370/133
f 1165/2204/134 1272/2371/134 1166/2205/134
f 1268/2364/135 1272/2372/135 1269/2366/135
f 1267/2362/136 1271/2370/136 1268/2364/136
f 1164/2203/137 1269/2367/137 1165/2204/137
f 1265/2359/138 1269/2368/138 1266/2361/138
f 1264/2358/139 1268/2365/139 1265/2359/139
f 1163/2201/140 1266/2361/140 1164/2202/140
f 1262/2356/141 1266/2361/141 1263/2357/141
f 1261/2355/142 1265/2359/142 1262/2356/142
f 1260/2354/143 1163/2201/143 1162/2199/143
f 1259/2353/144 1263/2357/144 1260/2354/144
f 1258/2352/145 1262/2356/145 1259/2353/145
f 1257/2351/146 1162/2199/146 1161/2197/146
f 1256/2350/147 1260/2354/147 1257/2351/147
f 1255/2349/148 1259/2353/148 1256/2350/148
f 1254/2348/149 1161/2197/149 1160/2195/149
f 1253/2347/150 1257/2351/150 1254/2348/150
f 1252/2346/151 1256/2350/151 1253/2347/151
f 1251/2345/152 1160/2195/152 1159/2193/152
f 1250/2344/153 1254/2348/153 1251/2345/153
f 1249/2343/154 1253/2347/154 1250/2344/154
f 1248/2342/155 1159/2193/155 1158/2190/155
f 1247/2340/156 1251/2345/156 1248/2342/156
f 1246/2339/157 1250/2344/157 1247/2340/157
f 1245/2337/158 1158/2191/158 1157/2188/158
f 1244/2334/159 1248/2342/159 1245/2336/159
f 1243/2332/160 1247/2340/160 1244/2334/160
f 1242/2331/161 1157/2189/161 1156/2187/161
f 1241/2330/162 1245/2338/162 1242/2331/162
f 1240/2329/163 1244/2335/163 1241/2330/163
f 1239/2328/164 1156/2187/164 1155/2185/164
f 1238/2327/165 1242/2331/165 1239/2328/165
f 1237/2326/166 1241/2330/166 1238/2327/166
f 1236/2325/167 1155/2185/167 1154/2183/167
f 1235/2324/168 1239/2328/168 1236/2325/168
f 1234/2323/169 1238/2327/169 1235/2324/169
f 1233/2322/170 1154/2183/170 1153/2181/170
f 1232/2321/171 1236/2325/171 1233/2322/171
f 1231/2320/172 1235/2324/172 1232/2321/172
f 1230/2319/173 1153/2181/173 1152/2179/173
f 1229/2318/174 1233/2322/174 1230/2319/174
f 1228/2317/175 1232/2321/175 1229/2318/175
f 1227/2316/176 1152/2179/176 1151/2177/176
f 1226/2315/177 1230/2319/177 1227/2316/177
f 1225/2314/178 1229/2318/178 1226/2315/178
f 1224/2311/179 1151/2177/179 1150/2174/179
f 1223/2309/180 1227/2316/180 1224/2311/180
f 1222/2307/181 1226/2315/181 1223/2309/181
f 1221/2305/182 1150/2175/182 1149/2172/182
f 1220/2304/237 1224/2313/237 1221/2306/237
f 1219/2303/184 1223/2310/184 1220/2304/184
f 1218/2302/185 1149/2173/185 1148/2171/185
f 1218/2302/186 1220/2304/186 1221/2306/186
f 1216/2300/187 1220/2304/187 1217/2301/187
f 1215/2299/188 1148/2171/188 1147/2168/188
f 1215/2299/189 1217/2301/189 1218/2302/189
f 1213/2297/190 1217/2301/190 1214/2298/190
f 1146/2167/191 1215/2299/191 1147/2168/191
f 1210/2294/192 1214/2298/192 1215/2299/192
f 1212/2296/193 1214/2298/193 1211/2295/193
f 1313/2437/194 1283/2390/194 1311/2433/194
f 1280/2383/194 1313/2437/194 1311/2433/194
f 1327/2467/195 1326/2465/195 1328/2468/195
f 1336/2487/196 1317/2446/196 1318/2449/196
f 1333/2481/197 1316/2443/197 1334/2483/197
f 1309/2429/198 1310/2432/198 1307/2425/198
f 1319/2450/199 1315/2440/199 1316/2442/199
f 1317/2447/199 1320/2452/199 1318/2448/199
f 1347/2506/124 1321/2453/124 1348/2507/124
f 1338/2491/200 1316/2444/200 1315/2441/200
f 1346/2504/201 1322/2454/201 1347/2505/201
f 1335/2484/200 1315/2441/200 1317/2445/200
f 1326/2464/202 1322/2455/202 1325/2461/202
f 1324/2459/202 1321/2453/202 1326/2464/202
f 1332/2476/203 1325/2462/203 1322/2454/203
f 1330/2472/204 1324/2460/204 1327/2466/204
f 1328/2468/195 1325/2463/195 1331/2474/195
f 1329/2469/205 1346/2503/205 1345/2502/205
f 1343/2499/206 1332/2478/206 1329/2470/206
f 1339/2492/207 1331/2474/207 1344/2500/207
f 1340/2494/208 1327/2466/208 1342/2498/208
f 1341/2495/209 1331/2475/209 1332/2476/209
f 1342/2497/238 1328/2468/238 1339/2492/238
f 1340/2493/211 1329/2470/211 1330/2471/211
f 1355/2521/212 1338/2491/212 1335/2484/212
f 1352/2514/213 1337/2489/213 1356/2523/213
f 1353/2517/212 1334/2482/212 1338/2491/212
f 1356/2523/213 1333/2480/213 1354/2518/213
f 1354/2520/214 1334/2483/214 1351/2512/214
f 1352/2515/215 1335/2485/215 1336/2487/215
f 1350/2511/216 1318/2449/216 1349/2508/216
f 1345/2502/205 1330/2473/205 1329/2469/205
f 1280/2384/217 1343/2499/217 1340/2493/217
f 1307/2426/218 1339/2492/218 1314/2439/218
f 1283/2391/219 1344/2501/219 1341/2495/219
f 1280/2385/220 1342/2498/220 1307/2424/220
f 1309/2431/221 1339/2492/221 1344/2500/221
f 1283/2392/222 1343/2499/222 1311/2434/222
f 1336/2488/223 1345/2502/223 1337/2490/223
f 1350/2511/224 1323/2457/224 1330/2472/224
f 1337/2490/223 1346/2503/223 1333/2479/223
f 1346/2504/225 1319/2451/225 1333/2481/225
f 1347/2506/226 1320/2452/226 1319/2450/226
f 1320/2452/226 1349/2509/226 1318/2448/226
f 1279/2381/227 1352/2515/227 1306/2422/227
f 1282/2388/228 1354/2520/228 1351/2512/228
f 1308/2428/229 1356/2524/229 1354/2519/229
f 1282/2389/230 1353/2517/230 1312/2436/230
f 1306/2423/231 1356/2524/231 1313/2437/231
f 1279/2382/232 1353/2517/232 1355/2521/232
f 1422/2663/1 1552/2928/1 1551/2927/1
f 1421/2661/2 1555/2931/2 1552/2928/2
f 1423/2665/3 1558/2934/3 1555/2931/3
f 1424/2667/4 1561/2939/4 1558/2934/4
f 1425/2670/5 1564/2945/5 1561/2938/5
f 1426/2672/6 1567/2948/6 1564/2945/6
f 1427/2674/7 1570/2951/7 1567/2948/7
f 1428/2676/8 1573/2954/8 1570/2951/8
f 1429/2678/9 1576/2957/9 1573/2954/9
f 1430/2680/10 1579/2960/10 1576/2957/10
f 1431/2682/11 1582/2964/11 1579/2960/11
f 1432/2685/12 1585/2970/12 1582/2963/12
f 1433/2687/13 1588/2974/13 1585/2970/13
f 1434/2689/14 1591/2977/14 1588/2974/14
f 1591/2977/15 1436/2693/15 1594/2980/15
f 1436/2693/16 1597/2983/16 1594/2980/16
f 1597/2983/17 1438/2697/17 1600/2986/17
f 1438/2697/18 1603/2989/18 1600/2986/18
f 1439/2699/19 1606/2994/19 1603/2989/19
f 1606/2993/20 1441/2704/20 1609/3000/20
f 1609/3000/21 1442/2706/21 1612/3004/21
f 1442/2706/22 1615/3008/22 1612/3004/22
f 1443/2708/23 1618/3011/23 1615/3008/23
f 1444/2710/24 1621/3018/24 1651/3066/24
f 1621/3018/25 1446/2714/25 1624/3025/25
f 1624/3025/26 1447/2716/26 1627/3028/26
f 1447/2716/27 1630/3032/27 1627/3028/27
f 1448/2718/28 1633/3037/28 1630/3032/28
f 1449/2721/29 1636/3043/29 1633/3036/29
f 1450/2723/30 1639/3047/30 1636/3043/30
f 1410/2638/31 1478/2783/31 1479/2785/31
f 1451/2725/32 1642/3050/32 1639/3047/32
f 1452/2727/33 1551/2927/33 1642/3050/33
f 1387/2589/34 1403/2623/34 1419/2657/34
f 1358/2527/35 1421/2662/35 1422/2664/35
f 1362/2535/35 1421/2662/35 1360/2531/35
f 1362/2535/35 1424/2668/35 1423/2666/35
f 1364/2541/35 1425/2671/35 1424/2668/35
f 1368/2549/35 1425/2671/35 1366/2545/35
f 1368/2549/35 1427/2675/35 1426/2673/35
f 1370/2553/35 1428/2677/35 1427/2675/35
f 1374/2561/35 1428/2677/35 1372/2557/35
f 1374/2561/35 1430/2681/35 1429/2679/35
f 1378/2569/35 1430/2681/35 1376/2565/35
f 1380/2573/35 1431/2683/35 1378/2569/35
f 1382/2579/35 1432/2686/35 1380/2573/35
f 1384/2583/35 1433/2688/35 1382/2579/35
f 1386/2587/35 1434/2690/35 1384/2583/35
f 1386/2587/35 1436/2694/35 1435/2692/35
f 1390/2595/35 1436/2694/35 1388/2591/35
f 1390/2595/35 1438/2698/35 1437/2696/35
f 1394/2603/35 1438/2698/35 1392/2599/35
f 1396/2607/35 1439/2700/35 1394/2603/35
f 1396/2607/35 1441/2705/35 1440/2703/35
f 1400/2617/35 1441/2705/35 1398/2613/35
f 1400/2617/35 1443/2709/35 1442/2707/35
f 1404/2625/35 1443/2709/35 1402/2621/35
f 1406/2629/35 1444/2711/35 1404/2625/35
f 1408/2634/35 1445/2713/35 1406/2629/35
f 1410/2637/35 1446/2715/35 1408/2634/35
f 1412/2643/35 1447/2717/35 1410/2637/35
f 1412/2643/35 1449/2722/35 1448/2719/35
f 1416/2651/35 1449/2722/35 1414/2647/35
f 1418/2655/35 1450/2724/35 1416/2651/35
f 1420/2659/35 1451/2726/35 1418/2655/35
f 1358/2527/35 1452/2728/35 1420/2659/35
f 1471/2767/35 1463/2750/35 1455/2733/35
f 1382/2580/36 1466/2758/36 1384/2584/36
f 1410/2638/37 1480/2787/37 1412/2642/37
f 1384/2584/38 1467/2760/38 1386/2588/38
f 1358/2528/39 1453/2730/39 1360/2532/39
f 1414/2648/40 1480/2788/40 1481/2790/40
f 1386/2588/41 1468/2762/41 1388/2592/41
f 1360/2532/42 1455/2734/42 1362/2536/42
f 1416/2652/43 1481/2790/43 1482/2792/43
f 1388/2592/44 1469/2764/44 1390/2596/44
f 1362/2536/45 1456/2736/45 1364/2540/45
f 1416/2652/46 1483/2794/46 1418/2656/46
f 1390/2596/47 1470/2766/47 1392/2600/47
f 1364/2542/48 1457/2739/48 1366/2546/48
f 1420/2660/49 1483/2794/49 1484/2796/49
f 1392/2600/50 1471/2768/50 1394/2604/50
f 1366/2546/51 1458/2741/51 1368/2550/51
f 1420/2660/52 1454/2732/52 1358/2528/52
f 1396/2608/53 1471/2768/53 1472/2770/53
f 1368/2550/54 1459/2743/54 1370/2554/54
f 1396/2608/55 1473/2772/55 1398/2612/55
f 1370/2554/56 1460/2745/56 1372/2558/56
f 1398/2614/57 1474/2775/57 1400/2618/57
f 1372/2558/58 1461/2747/58 1374/2562/58
f 1400/2618/59 1475/2777/59 1402/2622/59
f 1374/2562/60 1462/2749/60 1376/2566/60
f 1402/2622/61 1476/2779/61 1404/2626/61
f 1376/2566/62 1463/2751/62 1378/2570/62
f 1404/2626/63 1477/2781/63 1406/2630/63
f 1378/2570/64 1464/2753/64 1380/2574/64
f 1406/2630/65 1478/2783/65 1408/2633/65
f 1380/2574/66 1465/2756/66 1382/2578/66
f 1517/2857/34 1486/2799/34 1518/2859/34
f 1518/2859/34 1487/2801/34 1519/2861/34
f 1519/2861/34 1488/2803/34 1520/2863/34
f 1520/2863/34 1489/2806/34 1521/2866/34
f 1521/2866/34 1490/2807/34 1522/2868/34
f 1522/2868/34 1491/2809/34 1523/2870/34
f 1523/2870/34 1492/2811/34 1524/2872/34
f 1525/2874/34 1492/2811/34 1493/2813/34
f 1526/2876/34 1493/2813/34 1494/2815/34
f 1526/2876/34 1495/2817/34 1527/2878/34
f 1527/2878/34 1496/2819/34 1528/2880/34
f 1528/2880/34 1497/2822/34 1529/2882/34
f 1530/2885/34 1497/2822/34 1498/2823/34
f 1530/2885/34 1499/2825/34 1531/2887/34
f 1531/2887/34 1500/2827/34 1532/2889/34
f 1533/2891/34 1500/2827/34 1501/2829/34
f 1533/2891/34 1502/2831/34 1534/2893/34
f 1534/2893/34 1503/2834/34 1535/2895/34
f 1536/2897/34 1503/2834/34 1504/2835/34
f 1536/2897/34 1505/2836/34 1537/2899/34
f 1537/2899/34 1506/2837/34 1538/2902/34
f 1538/2902/34 1507/2839/34 1539/2904/34
f 1539/2904/34 1508/2841/34 1540/2906/34
f 1540/2906/34 1509/2843/34 1541/2908/34
f 1541/2908/34 1510/2845/34 1542/2910/34
f 1542/2910/34 1511/2848/34 1543/2912/34
f 1544/2915/34 1511/2848/34 1512/2849/34
f 1544/2915/34 1513/2850/34 1545/2917/34
f 1546/2919/34 1513/2850/34 1514/2851/34
f 1546/2919/34 1515/2854/34 1547/2921/34
f 1547/2921/34 1516/2855/34 1548/2923/34
f 1548/2923/34 1485/2797/34 1517/2857/34
f 1359/2530/67 1517/2858/67 1518/2860/67
f 1361/2534/68 1518/2860/68 1519/2862/68
f 1361/2534/69 1520/2864/69 1363/2537/69
f 1363/2539/70 1521/2867/70 1365/2544/70
f 1365/2544/71 1522/2869/71 1367/2548/71
f 1367/2548/72 1523/2871/72 1369/2552/72
f 1371/2556/73 1523/2871/73 1524/2873/73
f 1371/2556/74 1525/2875/74 1373/2560/74
f 1373/2560/75 1526/2877/75 1375/2564/75
f 1375/2564/76 1527/2879/76 1377/2568/76
f 1379/2572/239 1527/2879/239 1528/2881/239
f 1379/2572/78 1529/2883/78 1381/2575/78
f 1383/2582/79 1529/2884/79 1530/2886/79
f 1385/2586/80 1530/2886/80 1531/2888/80
f 1385/2586/81 1532/2890/81 1387/2590/81
f 1387/2590/82 1533/2892/82 1389/2594/82
f 1389/2594/83 1534/2894/83 1391/2598/83
f 1391/2598/84 1535/2896/84 1393/2602/84
f 1393/2602/85 1536/2898/85 1395/2606/85
f 1395/2606/86 1537/2900/86 1397/2609/86
f 1397/2611/87 1538/2903/87 1399/2616/87
f 1399/2616/88 1539/2905/88 1401/2620/88
f 1401/2620/89 1540/2907/89 1403/2624/89
f 1405/2628/90 1540/2907/90 1541/2909/90
f 1407/2632/91 1541/2909/91 1542/2911/91
f 1407/2632/92 1543/2913/92 1409/2636/92
f 1411/2640/93 1543/2913/93 1544/2914/93
f 1411/2641/94 1545/2918/94 1413/2646/94
f 1413/2646/95 1546/2920/95 1415/2650/95
f 1415/2650/96 1547/2922/96 1417/2654/96
f 1417/2654/97 1548/2924/97 1419/2658/97
f 1419/2658/98 1517/2858/98 1357/2526/98
f 1644/3052/240 1485/2798/240 1516/2856/240
f 1644/3052/100 1550/2926/100 1549/2925/100
f 1642/3050/101 1550/2926/101 1643/3051/101
f 1641/3049/102 1516/2856/102 1515/2853/102
f 1641/3049/103 1643/3051/103 1644/3052/103
f 1639/3047/104 1643/3051/104 1640/3048/104
f 1514/2852/105 1641/3049/105 1515/2853/105
f 1638/3045/106 1640/3048/106 1641/3049/106
f 1636/3043/107 1640/3048/107 1637/3044/107
f 1513/2850/108 1638/3046/108 1514/2851/108
f 1635/3041/236 1637/3044/236 1638/3045/236
f 1633/3036/110 1637/3044/110 1634/3038/110
f 1512/2849/111 1635/3042/111 1513/2850/111
f 1632/3034/112 1634/3039/112 1635/3040/112
f 1630/3032/113 1634/3039/113 1631/3033/113
f 1511/2848/114 1632/3035/114 1512/2849/114
f 1629/3031/115 1631/3033/115 1632/3034/115
f 1627/3028/116 1631/3033/116 1628/3029/116
f 1510/2846/117 1629/3031/117 1511/2847/117
f 1626/3027/118 1628/3029/118 1629/3031/118
f 1624/3025/119 1628/3029/119 1625/3026/119
f 1509/2844/120 1626/3027/120 1510/2846/120
f 1648/3060/121 1625/3026/121 1626/3027/121
f 1647/3059/122 1624/3025/122 1625/3026/122
f 1620/3017/123 1649/3063/123 1509/2844/123
f 1687/3138/124 1662/3087/124 1688/3140/124
f 1507/2840/125 1620/3017/125 1508/2842/125
f 1616/3009/126 1646/3056/126 1620/3017/126
f 1615/3008/127 1645/3054/127 1619/3014/127
f 1506/2838/128 1617/3010/128 1507/2840/128
f 1614/3006/129 1616/3009/129 1617/3010/129
f 1612/3004/130 1616/3009/130 1613/3005/130
f 1505/2836/131 1614/3007/131 1506/2837/131
f 1611/3003/132 1613/3005/132 1614/3006/132
f 1609/3000/133 1613/3005/133 1610/3001/133
f 1504/2835/134 1611/3002/134 1505/2836/134
f 1607/2995/135 1611/3003/135 1608/2997/135
f 1606/2993/136 1610/3001/136 1607/2995/136
f 1503/2834/137 1608/2998/137 1504/2835/137
f 1604/2990/138 1608/2999/138 1605/2992/138
f 1603/2989/139 1607/2996/139 1604/2990/139
f 1502/2832/140 1605/2992/140 1503/2833/140
f 1601/2987/141 1605/2992/141 1602/2988/141
f 1600/2986/142 1604/2990/142 1601/2987/142
f 1501/2830/143 1602/2988/143 1502/2832/143
f 1598/2984/144 1602/2988/144 1599/2985/144
f 1597/2983/145 1601/2987/145 1598/2984/145
f 1596/2982/146 1501/2830/146 1500/2828/146
f 1595/2981/147 1599/2985/147 1596/2982/147
f 1594/2980/148 1598/2984/148 1595/2981/148
f 1593/2979/149 1500/2828/149 1499/2826/149
f 1592/2978/150 1596/2982/150 1593/2979/150
f 1591/2977/151 1595/2981/151 1592/2978/151
f 1590/2976/152 1499/2826/152 1498/2824/152
f 1589/2975/153 1593/2979/153 1590/2976/153
f 1588/2974/154 1592/2978/154 1589/2975/154
f 1587/2973/155 1498/2824/155 1497/2821/155
f 1586/2971/156 1590/2976/156 1587/2973/156
f 1585/2970/157 1589/2975/157 1586/2971/157
f 1584/2968/158 1497/2822/158 1496/2819/158
f 1583/2965/159 1587/2973/159 1584/2967/159
f 1582/2963/160 1586/2971/160 1583/2965/160
f 1581/2962/161 1496/2820/161 1495/2818/161
f 1580/2961/162 1584/2969/162 1581/2962/162
f 1579/2960/163 1583/2966/163 1580/2961/163
f 1578/2959/164 1495/2818/164 1494/2816/164
f 1577/2958/165 1581/2962/165 1578/2959/165
f 1576/2957/166 1580/2961/166 1577/2958/166
f 1575/2956/167 1494/2816/167 1493/2814/167
f 1574/2955/168 1578/2959/168 1575/2956/168
f 1574/2955/169 1576/2957/169 1577/2958/169
f 1572/2953/170 1493/2814/170 1492/2812/170
f 1571/2952/171 1575/2956/171 1572/2953/171
f 1571/2952/172 1573/2954/172 1574/2955/172
f 1569/2950/173 1492/2812/173 1491/2810/173
f 1568/2949/174 1572/2953/174 1569/2950/174
f 1568/2949/175 1570/2951/175 1571/2952/175
f 1566/2947/176 1491/2810/176 1490/2808/176
f 1565/2946/177 1569/2950/177 1566/2947/177
f 1564/2945/178 1568/2949/178 1565/2946/178
f 1563/2942/179 1490/2808/179 1489/2805/179
f 1562/2940/180 1566/2947/180 1563/2942/180
f 1561/2938/181 1565/2946/181 1562/2940/181
f 1560/2936/182 1489/2806/182 1488/2803/182
f 1559/2935/237 1563/2944/237 1560/2937/237
f 1558/2934/184 1562/2941/184 1559/2935/184
f 1557/2933/185 1488/2804/185 1487/2802/185
f 1556/2932/186 1560/2937/186 1557/2933/186
f 1555/2931/187 1559/2935/187 1556/2932/187
f 1554/2930/188 1487/2802/188 1486/2800/188
f 1554/2930/189 1556/2932/189 1557/2933/189
f 1552/2928/190 1556/2932/190 1553/2929/190
f 1549/2925/191 1486/2800/191 1485/2798/191
f 1550/2926/192 1554/2930/192 1549/2925/192
f 1550/2926/193 1552/2928/193 1553/2929/193
f 1652/3068/194 1622/3021/194 1650/3064/194
f 1619/3014/194 1652/3068/194 1650/3064/194
f 1666/3098/195 1665/3096/195 1667/3099/195
f 1675/3118/196 1656/3077/196 1657/3080/196
f 1672/3112/197 1655/3074/197 1673/3114/197
f 1648/3060/198 1649/3063/198 1646/3056/198
f 1658/3081/199 1654/3071/199 1655/3073/199
f 1656/3078/199 1659/3083/199 1657/3079/199
f 1686/3137/124 1660/3084/124 1687/3138/124
f 1677/3122/200 1655/3075/200 1654/3072/200
f 1685/3135/201 1661/3085/201 1686/3136/201
f 1674/3115/200 1654/3072/200 1656/3076/200
f 1665/3095/202 1661/3086/202 1664/3092/202
f 1663/3090/202 1660/3084/202 1665/3095/202
f 1671/3107/203 1664/3093/203 1661/3085/203
f 1669/3103/204 1663/3091/204 1666/3097/204
f 1667/3099/195 1664/3094/195 1670/3105/195
f 1668/3100/205 1685/3134/205 1684/3133/205
f 1682/3130/206 1671/3109/206 1668/3101/206
f 1678/3123/207 1670/3105/207 1683/3131/207
f 1679/3125/208 1666/3097/208 1681/3129/208
f 1680/3126/209 1670/3106/209 1671/3107/209
f 1681/3128/233 1667/3099/233 1678/3123/233
f 1679/3124/211 1668/3101/211 1669/3102/211
f 1694/3152/212 1677/3122/212 1674/3115/212
f 1691/3145/213 1676/3120/213 1695/3154/213
f 1692/3148/212 1673/3113/212 1677/3122/212
f 1695/3154/213 1672/3111/213 1693/3149/213
f 1693/3151/214 1673/3114/214 1690/3143/214
f 1691/3146/215 1674/3116/215 1675/3118/215
f 1689/3142/216 1657/3080/216 1688/3139/216
f 1684/3133/205 1669/3104/205 1668/3100/205
f 1619/3015/217 1682/3130/217 1679/3124/217
f 1646/3057/218 1678/3123/218 1653/3070/218
f 1622/3022/219 1683/3132/219 1680/3126/219
f 1619/3016/220 1681/3129/220 1646/3055/220
f 1648/3062/221 1678/3123/221 1683/3131/221
f 1622/3023/222 1682/3130/222 1650/3065/222
f 1675/3119/223 1684/3133/223 1676/3121/223
f 1689/3142/224 1662/3088/224 1669/3103/224
f 1676/3121/223 1685/3134/223 1672/3110/223
f 1685/3135/225 1658/3082/225 1672/3112/225
f 1686/3137/226 1659/3083/226 1658/3081/226
f 1659/3083/226 1688/3140/226 1657/3079/226
f 1618/3012/227 1691/3146/227 1645/3053/227
f 1621/3019/228 1693/3151/228 1690/3143/228
f 1647/3059/229 1695/3155/229 1693/3150/229
f 1621/3020/230 1692/3148/230 1651/3067/230
f 1645/3054/231 1695/3155/231 1652/3068/231
f 1618/3013/232 1692/3148/232 1694/3152/232
f 1890/3558/241 1760/3292/241 1891/3559/241
f 1760/3292/242 1894/3562/242 1891/3559/242
f 1762/3296/243 1897/3565/243 1894/3562/243
f 1763/3298/244 1900/3570/244 1897/3565/244
f 1764/3301/245 1903/3576/245 1900/3569/245
f 1765/3303/246 1906/3579/246 1903/3576/246
f 1766/3305/247 1909/3582/247 1906/3579/247
f 1767/3307/248 1912/3585/248 1909/3582/248
f 1768/3309/249 1915/3588/249 1912/3585/249
f 1769/3311/250 1918/3591/250 1915/3588/250
f 1770/3313/251 1921/3595/251 1918/3591/251
f 1771/3316/252 1924/3601/252 1921/3594/252
f 1772/3318/253 1927/3605/253 1924/3601/253
f 1773/3320/254 1930/3608/254 1927/3605/254
f 1930/3608/255 1775/3324/255 1933/3611/255
f 1933/3611/256 1776/3326/256 1936/3614/256
f 1776/3326/257 1939/3617/257 1936/3614/257
f 1777/3328/258 1942/3620/258 1939/3617/258
f 1942/3620/259 1779/3332/259 1945/3625/259
f 1945/3624/260 1780/3335/260 1948/3631/260
f 1948/3631/261 1781/3337/261 1951/3635/261
f 1951/3635/262 1782/3339/262 1954/3639/262
f 1782/3339/263 1957/3642/263 1954/3639/263
f 1783/3341/264 1960/3649/264 1990/3697/264
f 1960/3649/265 1785/3345/265 1963/3656/265
f 1963/3656/266 1786/3347/266 1966/3659/266
f 1966/3659/267 1787/3349/267 1969/3663/267
f 1787/3349/268 1972/3668/268 1969/3663/268
f 1972/3667/269 1789/3354/269 1975/3674/269
f 1789/3354/270 1978/3678/270 1975/3674/270
f 1749/3269/271 1817/3413/271 1818/3416/271
f 1790/3356/272 1981/3681/272 1978/3678/272
f 1791/3358/273 1890/3558/273 1981/3681/273
f 1726/3220/34 1742/3254/34 1758/3288/34
f 1699/3162/35 1761/3295/35 1697/3158/35
f 1701/3166/35 1760/3293/35 1699/3162/35
f 1701/3166/35 1763/3299/35 1762/3297/35
f 1703/3172/35 1764/3302/35 1763/3299/35
f 1707/3180/35 1764/3302/35 1705/3176/35
f 1707/3180/35 1766/3306/35 1765/3304/35
f 1709/3184/35 1767/3308/35 1766/3306/35
f 1713/3192/35 1767/3308/35 1711/3188/35
f 1715/3196/35 1768/3310/35 1713/3192/35
f 1717/3200/35 1769/3312/35 1715/3196/35
f 1719/3204/35 1770/3314/35 1717/3200/35
f 1721/3210/35 1771/3317/35 1719/3204/35
f 1723/3214/35 1772/3319/35 1721/3210/35
f 1725/3218/35 1773/3321/35 1723/3214/35
f 1725/3218/35 1775/3325/35 1774/3323/35
f 1729/3226/35 1775/3325/35 1727/3222/35
f 1731/3230/35 1776/3327/35 1729/3226/35
f 1733/3234/35 1777/3329/35 1731/3230/35
f 1735/3238/35 1778/3331/35 1733/3234/35
f 1737/3243/35 1779/3334/35 1735/3238/35
f 1737/3243/35 1781/3338/35 1780/3336/35
f 1739/3248/35 1782/3340/35 1781/3338/35
f 1741/3252/35 1783/3342/35 1782/3340/35
f 1743/3256/35 1784/3344/35 1783/3342/35
f 1745/3260/35 1785/3346/35 1784/3344/35
f 1749/3268/35 1785/3346/35 1747/3264/35
f 1751/3274/35 1786/3348/35 1749/3268/35
f 1751/3274/35 1788/3353/35 1787/3350/35
f 1755/3282/35 1788/3353/35 1753/3278/35
f 1757/3286/35 1789/3355/35 1755/3282/35
f 1759/3290/35 1790/3357/35 1757/3286/35
f 1697/3158/35 1791/3359/35 1759/3290/35
f 1810/3398/35 1802/3381/35 1794/3364/35
f 1721/3211/274 1805/3389/274 1723/3215/274
f 1749/3269/275 1819/3418/275 1751/3273/275
f 1723/3215/276 1806/3391/276 1725/3219/276
f 1699/3163/277 1793/3363/277 1792/3361/277
f 1753/3279/278 1819/3419/278 1820/3421/278
f 1725/3219/279 1807/3393/279 1727/3223/279
f 1699/3163/280 1794/3365/280 1701/3167/280
f 1755/3283/281 1820/3421/281 1821/3423/281
f 1727/3223/282 1808/3395/282 1729/3227/282
f 1701/3167/283 1795/3367/283 1703/3171/283
f 1757/3287/284 1821/3423/284 1822/3425/284
f 1729/3227/285 1809/3397/285 1731/3231/285
f 1703/3173/286 1796/3370/286 1705/3177/286
f 1757/3287/287 1823/3427/287 1759/3291/287
f 1731/3231/288 1810/3399/288 1733/3235/288
f 1705/3177/289 1797/3372/289 1707/3181/289
f 1697/3159/290 1823/3427/290 1793/3363/290
f 1735/3239/291 1810/3399/291 1811/3401/291
f 1707/3181/292 1798/3374/292 1709/3185/292
f 1737/3244/293 1811/3401/293 1812/3402/293
f 1709/3185/294 1799/3376/294 1711/3189/294
f 1737/3245/295 1813/3406/295 1739/3249/295
f 1711/3189/296 1800/3378/296 1713/3193/296
f 1741/3253/297 1813/3406/297 1814/3408/297
f 1713/3193/298 1801/3380/298 1715/3197/298
f 1743/3257/299 1814/3408/299 1815/3410/299
f 1715/3197/300 1802/3382/300 1717/3201/300
f 1743/3257/301 1816/3412/301 1745/3261/301
f 1717/3201/302 1803/3384/302 1719/3205/302
f 1747/3265/303 1816/3412/303 1817/3413/303
f 1719/3205/304 1804/3387/304 1721/3209/304
f 1856/3488/34 1825/3430/34 1857/3490/34
f 1858/3492/34 1825/3430/34 1826/3432/34
f 1859/3495/34 1826/3432/34 1827/3434/34
f 1859/3495/34 1828/3437/34 1860/3497/34
f 1860/3497/34 1829/3438/34 1861/3499/34
f 1861/3499/34 1830/3440/34 1862/3501/34
f 1862/3501/34 1831/3442/34 1863/3503/34
f 1864/3505/34 1831/3442/34 1832/3444/34
f 1865/3507/34 1832/3444/34 1833/3446/34
f 1865/3507/34 1834/3448/34 1866/3509/34
f 1866/3509/34 1835/3450/34 1867/3511/34
f 1868/3514/34 1835/3450/34 1836/3453/34
f 1868/3514/34 1837/3454/34 1869/3516/34
f 1869/3516/34 1838/3456/34 1870/3518/34
f 1871/3520/34 1838/3456/34 1839/3458/34
f 1872/3522/34 1839/3458/34 1840/3461/34
f 1873/3524/34 1840/3461/34 1841/3462/34
f 1874/3526/34 1841/3462/34 1842/3465/34
f 1875/3528/34 1842/3465/34 1843/3466/34
f 1876/3530/34 1843/3466/34 1844/3467/34
f 1877/3533/34 1844/3467/34 1845/3468/34
f 1878/3535/34 1845/3468/34 1846/3470/34
f 1879/3537/34 1846/3470/34 1847/3472/34
f 1880/3539/34 1847/3472/34 1848/3474/34
f 1880/3539/34 1849/3476/34 1881/3541/34
f 1881/3541/34 1850/3479/34 1882/3543/34
f 1882/3543/34 1851/3480/34 1883/3546/34
f 1884/3548/34 1851/3480/34 1852/3481/34
f 1884/3548/34 1853/3482/34 1885/3550/34
f 1886/3552/34 1853/3482/34 1854/3484/34
f 1886/3552/34 1855/3487/34 1887/3554/34
f 1887/3554/34 1824/3428/34 1856/3488/34
f 1696/3157/305 1857/3491/305 1698/3161/305
f 1700/3165/306 1857/3491/306 1858/3493/306
f 1702/3169/307 1858/3493/307 1859/3494/307
f 1702/3170/308 1860/3498/308 1704/3175/308
f 1704/3175/309 1861/3500/309 1706/3179/309
f 1706/3179/310 1862/3502/310 1708/3183/310
f 1708/3183/311 1863/3504/311 1710/3187/311
f 1710/3187/312 1864/3506/312 1712/3191/312
f 1712/3191/313 1865/3508/313 1714/3195/313
f 1716/3199/314 1865/3508/314 1866/3510/314
f 1718/3203/315 1866/3510/315 1867/3512/315
f 1720/3207/316 1867/3512/316 1868/3513/316
f 1720/3208/317 1869/3517/317 1722/3213/317
f 1724/3217/318 1869/3517/318 1870/3519/318
f 1726/3221/319 1870/3519/319 1871/3521/319
f 1726/3221/320 1872/3523/320 1728/3225/320
f 1728/3225/321 1873/3525/321 1730/3229/321
f 1730/3229/322 1874/3527/322 1732/3233/322
f 1732/3233/323 1875/3529/323 1734/3237/323
f 1734/3237/324 1876/3531/324 1736/3240/324
f 1736/3242/325 1877/3534/325 1738/3247/325
f 1738/3247/326 1878/3536/326 1740/3251/326
f 1742/3255/327 1878/3536/327 1879/3538/327
f 1744/3259/328 1879/3538/328 1880/3540/328
f 1746/3263/329 1880/3540/329 1881/3542/329
f 1746/3263/330 1882/3544/330 1748/3267/330
f 1750/3271/331 1882/3544/331 1883/3545/331
f 1750/3272/332 1884/3549/332 1752/3277/332
f 1754/3281/333 1884/3549/333 1885/3551/333
f 1754/3281/334 1886/3553/334 1756/3285/334
f 1756/3285/335 1887/3555/335 1758/3289/335
f 1758/3289/336 1856/3489/336 1696/3157/336
f 1983/3683/337 1824/3429/337 1855/3486/337
f 1982/3682/338 1888/3556/338 1983/3683/338
f 1981/3681/339 1889/3557/339 1982/3682/339
f 1854/3485/340 1983/3683/340 1855/3486/340
f 1980/3680/341 1982/3682/341 1983/3683/341
f 1978/3678/342 1982/3682/342 1979/3679/342
f 1853/3483/343 1980/3680/343 1854/3485/343
f 1977/3676/344 1979/3679/344 1980/3680/344
f 1975/3674/345 1979/3679/345 1976/3675/345
f 1852/3481/346 1977/3677/346 1853/3482/346
f 1974/3672/347 1976/3675/347 1977/3676/347
f 1973/3669/348 1975/3674/348 1976/3675/348
f 1851/3480/349 1974/3673/349 1852/3481/349
f 1971/3665/350 1973/3670/350 1974/3671/350
f 1970/3664/351 1972/3668/351 1973/3670/351
f 1850/3479/352 1971/3666/352 1851/3480/352
f 1968/3662/353 1970/3664/353 1971/3665/353
f 1967/3660/354 1969/3663/354 1970/3664/354
f 1849/3477/355 1968/3662/355 1850/3478/355
f 1965/3658/356 1967/3660/356 1968/3662/356
f 1964/3657/357 1966/3659/357 1967/3660/357
f 1848/3475/358 1965/3658/358 1849/3477/358
f 1987/3691/359 1964/3657/359 1965/3658/359
f 1986/3690/360 1963/3656/360 1964/3657/360
f 1959/3648/361 1988/3694/361 1848/3475/361
f 2026/3769/362 2001/3718/362 2027/3771/362
f 1846/3471/363 1959/3648/363 1847/3473/363
f 1955/3640/364 1985/3687/364 1959/3648/364
f 1954/3639/365 1984/3685/365 1958/3645/365
f 1845/3469/366 1956/3641/366 1846/3471/366
f 1953/3638/367 1955/3640/367 1956/3641/367
f 1952/3636/368 1954/3639/368 1955/3640/368
f 1844/3467/369 1953/3637/369 1845/3468/369
f 1949/3632/370 1953/3638/370 1950/3633/370
f 1949/3632/371 1951/3635/371 1952/3636/371
f 1843/3466/372 1950/3634/372 1844/3467/372
f 1947/3628/373 1949/3632/373 1950/3633/373
f 1945/3624/374 1949/3632/374 1946/3626/374
f 1842/3465/375 1947/3629/375 1843/3466/375
f 1943/3621/376 1947/3630/376 1944/3623/376
f 1942/3620/377 1946/3627/377 1943/3621/377
f 1841/3463/378 1944/3623/378 1842/3464/378
f 1940/3618/379 1944/3623/379 1941/3619/379
f 1939/3617/380 1943/3621/380 1940/3618/380
f 1938/3616/381 1841/3463/381 1840/3460/381
f 1937/3615/382 1941/3619/382 1938/3616/382
f 1936/3614/383 1940/3618/383 1937/3615/383
f 1839/3459/384 1938/3616/384 1840/3460/384
f 1934/3612/385 1938/3616/385 1935/3613/385
f 1933/3611/386 1937/3615/386 1934/3612/386
f 1932/3610/387 1839/3459/387 1838/3457/387
f 1931/3609/388 1935/3613/388 1932/3610/388
f 1930/3608/389 1934/3612/389 1931/3609/389
f 1929/3607/390 1838/3457/390 1837/3455/390
f 1928/3606/391 1932/3610/391 1929/3607/391
f 1927/3605/392 1931/3609/392 1928/3606/392
f 1926/3604/393 1837/3455/393 1836/3452/393
f 1925/3602/394 1929/3607/394 1926/3604/394
f 1924/3601/395 1928/3606/395 1925/3602/395
f 1923/3599/396 1836/3453/396 1835/3450/396
f 1922/3596/397 1926/3604/397 1923/3598/397
f 1921/3594/398 1925/3602/398 1922/3596/398
f 1920/3593/399 1835/3451/399 1834/3449/399
f 1919/3592/400 1923/3600/400 1920/3593/400
f 1918/3591/401 1922/3597/401 1919/3592/401
f 1917/3590/402 1834/3449/402 1833/3447/402
f 1916/3589/403 1920/3593/403 1917/3590/403
f 1915/3588/404 1919/3592/404 1916/3589/404
f 1914/3587/405 1833/3447/405 1832/3445/405
f 1913/3586/406 1917/3590/406 1914/3587/406
f 1913/3586/407 1915/3588/407 1916/3589/407
f 1911/3584/408 1832/3445/408 1831/3443/408
f 1910/3583/409 1914/3587/409 1911/3584/409
f 1909/3582/410 1913/3586/410 1910/3583/410
f 1908/3581/411 1831/3443/411 1830/3441/411
f 1907/3580/412 1911/3584/412 1908/3581/412
f 1907/3580/413 1909/3582/413 1910/3583/413
f 1905/3578/414 1830/3441/414 1829/3439/414
f 1904/3577/415 1908/3581/415 1905/3578/415
f 1903/3576/416 1907/3580/416 1904/3577/416
f 1902/3574/417 1829/3439/417 1828/3436/417
f 1901/3571/418 1905/3578/418 1902/3574/418
f 1901/3571/419 1903/3576/419 1904/3577/419
f 1899/3567/420 1828/3437/420 1827/3434/420
f 1899/3568/421 1901/3572/421 1902/3573/421
f 1897/3565/422 1901/3572/422 1898/3566/422
f 1896/3564/423 1827/3435/423 1826/3433/423
f 1895/3563/424 1899/3568/424 1896/3564/424
f 1894/3562/425 1898/3566/425 1895/3563/425
f 1893/3561/426 1826/3433/426 1825/3431/426
f 1892/3560/427 1896/3564/427 1893/3561/427
f 1891/3559/428 1895/3563/428 1892/3560/428
f 1888/3556/429 1825/3431/429 1824/3429/429
f 1888/3556/430 1892/3560/430 1893/3561/430
f 1890/3558/431 1892/3560/431 1889/3557/431
f 1991/3699/432 1961/3652/432 1989/3695/432
f 1958/3645/432 1991/3699/432 1989/3695/432
f 2005/3729/433 2004/3727/433 2006/3730/433
f 2014/3749/434 1995/3708/434 1996/3711/434
f 2011/3743/435 1994/3705/435 2012/3745/435
f 1987/3691/436 1988/3694/436 1985/3687/436
f 1997/3712/437 1993/3702/437 1994/3704/437
f 1995/3709/437 1998/3714/437 1996/3710/437
f 2025/3768/362 1999/3715/362 2026/3769/362
f 2016/3753/438 1994/3706/438 1993/3703/438
f 2024/3766/439 2000/3716/439 2025/3767/439
f 2013/3746/438 1993/3703/438 1995/3707/438
f 2004/3726/440 2000/3717/440 2003/3723/440
f 2002/3721/440 1999/3715/440 2004/3726/440
f 2010/3738/441 2003/3724/441 2000/3716/441
f 2008/3734/442 2002/3722/442 2005/3728/442
f 2006/3730/433 2003/3725/433 2009/3736/433
f 2007/3731/443 2024/3765/443 2023/3764/443
f 2021/3761/444 2010/3740/444 2007/3732/444
f 2017/3754/445 2009/3736/445 2022/3762/445
f 2018/3756/446 2005/3728/446 2020/3760/446
f 2019/3757/447 2009/3737/447 2010/3738/447
f 2020/3759/448 2006/3730/448 2017/3754/448
f 2018/3755/449 2007/3732/449 2008/3733/449
f 2033/3783/450 2016/3753/450 2013/3746/450
f 2030/3776/451 2015/3751/451 2034/3785/451
f 2031/3779/450 2012/3744/450 2016/3753/450
f 2034/3785/451 2011/3742/451 2032/3780/451
f 2032/3782/452 2012/3745/452 2029/3774/452
f 2030/3777/453 2013/3747/453 2014/3749/453
f 2028/3773/454 1996/3711/454 2027/3770/454
f 2023/3764/443 2008/3735/443 2007/3731/443
f 1958/3646/455 2021/3761/455 2018/3755/455
f 1985/3688/456 2017/3754/456 1992/3701/456
f 1961/3653/457 2022/3763/457 2019/3757/457
f 1958/3647/458 2020/3760/458 1985/3686/458
f 1987/3693/459 2017/3754/459 2022/3762/459
f 1961/3654/460 2021/3761/460 1989/3696/460
f 2014/3750/461 2023/3764/461 2015/3752/461
f 2028/3773/462 2001/3719/462 2008/3734/462
f 2015/3752/461 2024/3765/461 2011/3741/461
f 2024/3766/463 1997/3713/463 2011/3743/463
f 2025/3768/464 1998/3714/464 1997/3712/464
f 1998/3714/464 2027/3771/464 1996/3710/464
f 1957/3643/465 2030/3777/465 1984/3684/465
f 1960/3650/466 2032/3782/466 2029/3774/466
f 1986/3690/467 2034/3786/467 2032/3781/467
f 1960/3651/468 2031/3779/468 1990/3698/468
f 1984/3685/469 2034/3786/469 1991/3699/469
f 1957/3644/470 2031/3779/470 2033/3783/470
f 2100/3925/471 2230/4190/471 2229/4189/471
f 2099/3923/472 2233/4193/472 2230/4190/472
f 2101/3927/473 2236/4196/473 2233/4193/473
f 2102/3929/474 2239/4201/474 2236/4196/474
f 2103/3932/475 2242/4207/475 2239/4200/475
f 2104/3934/476 2245/4210/476 2242/4207/476
f 2105/3936/477 2248/4213/477 2245/4210/477
f 2106/3938/478 2251/4216/478 2248/4213/478
f 2107/3940/479 2254/4219/479 2251/4216/479
f 2108/3942/480 2257/4222/480 2254/4219/480
f 2109/3944/481 2260/4226/481 2257/4222/481
f 2110/3947/482 2263/4232/482 2260/4225/482
f 2111/3949/483 2266/4236/483 2263/4232/483
f 2112/3951/484 2269/4239/484 2266/4236/484
f 2269/4239/485 2114/3955/485 2272/4242/485
f 2272/4242/486 2115/3957/486 2275/4245/486
f 2275/4245/487 2116/3959/487 2278/4248/487
f 2278/4248/488 2117/3961/488 2281/4251/488
f 2281/4251/489 2118/3963/489 2284/4256/489
f 2284/4255/490 2119/3966/490 2287/4262/490
f 2287/4262/491 2120/3968/491 2290/4266/491
f 2290/4266/492 2121/3970/492 2293/4270/492
f 2121/3970/493 2296/4273/493 2293/4270/493
f 2122/3972/494 2299/4280/494 2329/4328/494
f 2299/4280/495 2124/3976/495 2302/4287/495
f 2302/4287/496 2125/3978/496 2305/4290/496
f 2305/4290/497 2126/3980/497 2308/4294/497
f 2308/4294/498 2127/3982/498 2311/4299/498
f 2311/4298/499 2128/3985/499 2314/4305/499
f 2128/3985/500 2317/4309/500 2314/4305/500
f 2088/3900/501 2156/4045/501 2157/4047/501
f 2129/3987/502 2320/4312/502 2317/4309/502
f 2130/3989/503 2229/4189/503 2320/4312/503
f 2065/3851/34 2081/3885/34 2097/3919/34
f 2036/3789/35 2099/3924/35 2100/3926/35
f 2038/3793/35 2101/3928/35 2099/3924/35
f 2040/3797/35 2102/3930/35 2101/3928/35
f 2044/3807/35 2102/3930/35 2042/3803/35
f 2046/3811/35 2103/3933/35 2044/3807/35
f 2048/3815/35 2104/3935/35 2046/3811/35
f 2048/3815/35 2106/3939/35 2105/3937/35
f 2052/3823/35 2106/3939/35 2050/3819/35
f 2052/3823/35 2108/3943/35 2107/3941/35
f 2056/3831/35 2108/3943/35 2054/3827/35
f 2058/3835/35 2109/3945/35 2056/3831/35
f 2060/3841/35 2110/3948/35 2058/3835/35
f 2060/3841/35 2112/3952/35 2111/3950/35
f 2064/3849/35 2112/3952/35 2062/3845/35
f 2066/3853/35 2113/3954/35 2064/3849/35
f 2068/3857/35 2114/3956/35 2066/3853/35
f 2068/3857/35 2116/3960/35 2115/3958/35
f 2072/3865/35 2116/3960/35 2070/3861/35
f 2074/3869/35 2117/3962/35 2072/3865/35
f 2076/3874/35 2118/3965/35 2074/3869/35
f 2078/3879/35 2119/3967/35 2076/3874/35
f 2078/3879/35 2121/3971/35 2120/3969/35
f 2082/3887/35 2121/3971/35 2080/3883/35
f 2084/3891/35 2122/3973/35 2082/3887/35
f 2086/3896/35 2123/3975/35 2084/3891/35
f 2086/3896/35 2125/3979/35 2124/3977/35
f 2090/3904/35 2125/3979/35 2088/3899/35
f 2092/3909/35 2126/3981/35 2090/3904/35
f 2094/3913/35 2127/3984/35 2092/3909/35
f 2096/3917/35 2128/3986/35 2094/3913/35
f 2098/3921/35 2129/3988/35 2096/3917/35
f 2036/3789/35 2130/3990/35 2098/3921/35
f 2149/4029/35 2141/4012/35 2133/3995/35
f 2060/3842/504 2144/4020/504 2062/3846/504
f 2090/3905/505 2157/4047/505 2158/4048/505
f 2062/3846/506 2145/4022/506 2064/3850/506
f 2036/3790/507 2131/3992/507 2038/3794/507
f 2092/3910/508 2158/4050/508 2159/4052/508
f 2064/3850/509 2146/4024/509 2066/3854/509
f 2038/3794/510 2133/3996/510 2040/3798/510
f 2094/3914/511 2159/4052/511 2160/4054/511
f 2066/3854/512 2147/4026/512 2068/3858/512
f 2040/3798/513 2134/3998/513 2042/3802/513
f 2096/3918/514 2160/4054/514 2161/4056/514
f 2070/3862/515 2147/4026/515 2148/4028/515
f 2042/3804/516 2135/4001/516 2044/3808/516
f 2096/3918/517 2162/4058/517 2098/3922/517
f 2070/3862/518 2149/4030/518 2072/3866/518
f 2044/3808/519 2136/4003/519 2046/3812/519
f 2098/3922/520 2132/3994/520 2036/3790/520
f 2072/3866/521 2150/4032/521 2074/3870/521
f 2046/3812/522 2137/4005/522 2048/3816/522
f 2076/3875/523 2150/4032/523 2151/4033/523
f 2048/3816/524 2138/4007/524 2050/3820/524
f 2078/3880/525 2151/4035/525 2152/4037/525
f 2050/3820/526 2139/4009/526 2052/3824/526
f 2080/3884/527 2152/4037/527 2153/4039/527
f 2052/3824/528 2140/4011/528 2054/3828/528
f 2080/3884/529 2154/4041/529 2082/3888/529
f 2054/3828/530 2141/4013/530 2056/3832/530
f 2084/3892/531 2154/4041/531 2155/4043/531
f 2056/3832/532 2142/4015/532 2058/3836/532
f 2084/3892/533 2156/4045/533 2086/3895/533
f 2058/3836/534 2143/4018/534 2060/3840/534
f 2195/4119/34 2164/4061/34 2196/4121/34
f 2197/4123/34 2164/4061/34 2165/4063/34
f 2197/4123/34 2166/4065/34 2198/4125/34
f 2198/4125/34 2167/4068/34 2199/4128/34
f 2200/4130/34 2167/4068/34 2168/4069/34
f 2200/4130/34 2169/4071/34 2201/4132/34
f 2201/4132/34 2170/4073/34 2202/4134/34
f 2203/4136/34 2170/4073/34 2171/4075/34
f 2204/4138/34 2171/4075/34 2172/4077/34
f 2204/4138/34 2173/4079/34 2205/4140/34
f 2206/4142/34 2173/4079/34 2174/4081/34
f 2207/4144/34 2174/4081/34 2175/4084/34
f 2208/4147/34 2175/4084/34 2176/4085/34
f 2208/4147/34 2177/4088/34 2209/4149/34
f 2209/4149/34 2178/4089/34 2210/4151/34
f 2210/4151/34 2179/4091/34 2211/4153/34
f 2211/4153/34 2180/4093/34 2212/4155/34
f 2212/4155/34 2181/4096/34 2213/4157/34
f 2214/4159/34 2181/4096/34 2182/4097/34
f 2215/4161/34 2182/4097/34 2183/4098/34
f 2216/4164/34 2183/4098/34 2184/4099/34
f 2216/4164/34 2185/4101/34 2217/4166/34
f 2218/4168/34 2185/4101/34 2186/4103/34
f 2219/4170/34 2186/4103/34 2187/4105/34
f 2219/4170/34 2188/4107/34 2220/4172/34
f 2221/4174/34 2188/4107/34 2189/4110/34
f 2221/4174/34 2190/4111/34 2222/4176/34
f 2223/4179/34 2190/4111/34 2191/4112/34
f 2223/4179/34 2192/4114/34 2224/4181/34
f 2224/4181/34 2193/4115/34 2225/4183/34
f 2225/4183/34 2194/4117/34 2226/4185/34
f 2226/4185/34 2163/4059/34 2195/4119/34
f 2037/3792/535 2195/4120/535 2196/4122/535
f 2039/3796/536 2196/4122/536 2197/4124/536
f 2039/3796/537 2198/4126/537 2041/3799/537
f 2041/3801/538 2199/4129/538 2043/3806/538
f 2043/3806/539 2200/4131/539 2045/3810/539
f 2047/3814/540 2200/4131/540 2201/4133/540
f 2047/3814/541 2202/4135/541 2049/3818/541
f 2049/3818/542 2203/4137/542 2051/3822/542
f 2053/3826/543 2203/4137/543 2204/4139/543
f 2053/3826/544 2205/4141/544 2055/3830/544
f 2055/3830/545 2206/4143/545 2057/3834/545
f 2057/3834/546 2207/4145/546 2059/3837/546
f 2059/3839/547 2208/4148/547 2061/3844/547
f 2061/3844/548 2209/4150/548 2063/3848/548
f 2065/3852/549 2209/4150/549 2210/4152/549
f 2065/3852/550 2211/4154/550 2067/3856/550
f 2069/3860/551 2211/4154/551 2212/4156/551
f 2069/3860/552 2213/4158/552 2071/3864/552
f 2071/3864/553 2214/4160/553 2073/3868/553
f 2073/3868/554 2215/4162/554 2075/3871/554
f 2075/3873/555 2216/4165/555 2077/3878/555
f 2077/3878/556 2217/4167/556 2079/3882/556
f 2079/3882/557 2218/4169/557 2081/3886/557
f 2081/3886/558 2219/4171/558 2083/3890/558
f 2083/3890/559 2220/4173/559 2085/3894/559
f 2087/3898/560 2220/4173/560 2221/4175/560
f 2087/3898/561 2222/4177/561 2089/3901/561
f 2091/3908/562 2222/4178/562 2223/4180/562
f 2093/3912/563 2223/4180/563 2224/4182/563
f 2093/3912/564 2225/4184/564 2095/3916/564
f 2095/3916/565 2226/4186/565 2097/3920/565
f 2035/3788/566 2226/4186/566 2195/4120/566
f 2322/4314/567 2163/4060/567 2194/4118/567
f 2321/4313/568 2227/4187/568 2322/4314/568
f 2320/4312/569 2228/4188/569 2321/4313/569
f 2319/4311/570 2194/4118/570 2193/4116/570
f 2319/4311/571 2321/4313/571 2322/4314/571
f 2317/4309/572 2321/4313/572 2318/4310/572
f 2316/4307/573 2193/4116/573 2192/4113/573
f 2316/4307/574 2318/4310/574 2319/4311/574
f 2315/4306/575 2317/4309/575 2318/4310/575
f 2191/4112/576 2316/4308/576 2192/4114/576
f 2313/4303/577 2315/4306/577 2316/4307/577
f 2311/4298/578 2315/4306/578 2312/4300/578
f 2190/4111/579 2313/4304/579 2191/4112/579
f 2310/4296/580 2312/4301/580 2313/4302/580
f 2309/4295/581 2311/4299/581 2312/4301/581
f 2189/4110/582 2310/4297/582 2190/4111/582
f 2307/4293/583 2309/4295/583 2310/4296/583
f 2306/4291/584 2308/4294/584 2309/4295/584
f 2188/4108/585 2307/4293/585 2189/4109/585
f 2304/4289/586 2306/4291/586 2307/4293/586
f 2303/4288/587 2305/4290/587 2306/4291/587
f 2187/4106/588 2304/4289/588 2188/4108/588
f 2326/4322/589 2303/4288/589 2304/4289/589
f 2325/4321/590 2302/4287/590 2303/4288/590
f 2298/4279/591 2301/4286/591 2187/4106/591
f 2365/4400/592 2340/4349/592 2366/4402/592
f 2185/4102/593 2298/4279/593 2186/4104/593
f 2294/4271/594 2324/4318/594 2298/4279/594
f 2293/4270/595 2323/4316/595 2297/4276/595
f 2184/4100/596 2295/4272/596 2185/4102/596
f 2292/4268/597 2294/4271/597 2295/4272/597
f 2291/4267/598 2293/4270/598 2294/4271/598
f 2183/4098/599 2292/4269/599 2184/4099/599
f 2289/4264/600 2291/4267/600 2292/4268/600
f 2288/4263/601 2290/4266/601 2291/4267/601
f 2182/4097/602 2289/4265/602 2183/4098/602
f 2286/4260/603 2288/4263/603 2289/4264/603
f 2285/4257/604 2287/4262/604 2288/4263/604
f 2181/4096/605 2286/4261/605 2182/4097/605
f 2283/4254/606 2285/4258/606 2286/4259/606
f 2281/4251/607 2285/4258/607 2282/4252/607
f 2180/4094/608 2283/4254/608 2181/4095/608
f 2279/4249/609 2283/4254/609 2280/4250/609
f 2279/4249/610 2281/4251/610 2282/4252/610
f 2277/4247/611 2180/4094/611 2179/4092/611
f 2276/4246/612 2280/4250/612 2277/4247/612
f 2276/4246/613 2278/4248/613 2279/4249/613
f 2274/4244/614 2179/4092/614 2178/4090/614
f 2273/4243/615 2277/4247/615 2274/4244/615
f 2272/4242/616 2276/4246/616 2273/4243/616
f 2271/4241/617 2178/4090/617 2177/4087/617
f 2270/4240/618 2274/4244/618 2271/4241/618
f 2270/4240/619 2272/4242/619 2273/4243/619
f 2176/4086/620 2271/4241/620 2177/4087/620
f 2267/4237/621 2271/4241/621 2268/4238/621
f 2266/4236/622 2270/4240/622 2267/4237/622
f 2265/4235/623 2176/4086/623 2175/4083/623
f 2264/4233/624 2268/4238/624 2265/4235/624
f 2263/4232/625 2267/4237/625 2264/4233/625
f 2262/4230/626 2175/4084/626 2174/4081/626
f 2261/4227/627 2265/4235/627 2262/4229/627
f 2260/4225/628 2264/4233/628 2261/4227/628
f 2259/4224/629 2174/4082/629 2173/4080/629
f 2258/4223/630 2262/4231/630 2259/4224/630
f 2257/4222/631 2261/4228/631 2258/4223/631
f 2256/4221/632 2173/4080/632 2172/4078/632
f 2255/4220/633 2259/4224/633 2256/4221/633
f 2254/4219/634 2258/4223/634 2255/4220/634
f 2253/4218/635 2172/4078/635 2171/4076/635
f 2252/4217/636 2256/4221/636 2253/4218/636
f 2251/4216/637 2255/4220/637 2252/4217/637
f 2250/4215/638 2171/4076/638 2170/4074/638
f 2249/4214/639 2253/4218/639 2250/4215/639
f 2248/4213/640 2252/4217/640 2249/4214/640
f 2247/4212/641 2170/4074/641 2169/4072/641
f 2246/4211/642 2250/4215/642 2247/4212/642
f 2245/4210/643 2249/4214/643 2246/4211/643
f 2244/4209/644 2169/4072/644 2168/4070/644
f 2243/4208/645 2247/4212/645 2244/4209/645
f 2242/4207/646 2246/4211/646 2243/4208/646
f 2241/4204/647 2168/4070/647 2167/4067/647
f 2240/4202/648 2244/4209/648 2241/4204/648
f 2239/4200/649 2243/4208/649 2240/4202/649
f 2238/4198/650 2167/4068/650 2166/4065/650
f 2237/4197/651 2241/4206/651 2238/4199/651
f 2236/4196/652 2240/4203/652 2237/4197/652
f 2235/4195/653 2166/4066/653 2165/4064/653
f 2235/4195/654 2237/4197/654 2238/4199/654
f 2234/4194/655 2236/4196/655 2237/4197/655
f 2232/4192/656 2165/4064/656 2164/4062/656
f 2231/4191/657 2235/4195/657 2232/4192/657
f 2230/4190/658 2234/4194/658 2231/4191/658
f 2227/4187/659 2164/4062/659 2163/4060/659
f 2227/4187/660 2231/4191/660 2232/4192/660
f 2228/4188/661 2230/4190/661 2231/4191/661
f 2330/4330/662 2300/4283/662 2328/4326/662
f 2297/4276/662 2330/4330/662 2328/4326/662
f 2344/4360/663 2343/4358/663 2345/4361/663
f 2353/4380/664 2334/4339/664 2335/4342/664
f 2350/4374/665 2333/4336/665 2351/4376/665
f 2326/4322/666 2327/4325/666 2324/4318/666
f 2336/4343/667 2332/4333/667 2333/4335/667
f 2334/4340/667 2337/4345/667 2335/4341/667
f 2364/4399/592 2338/4346/592 2365/4400/592
f 2355/4384/668 2333/4337/668 2332/4334/668
f 2363/4397/669 2339/4347/669 2364/4398/669
f 2352/4377/668 2332/4334/668 2334/4338/668
f 2343/4357/670 2339/4348/670 2342/4354/670
f 2341/4352/670 2338/4346/670 2343/4357/670
f 2349/4369/671 2342/4355/671 2339/4347/671
f 2347/4365/672 2341/4353/672 2344/4359/672
f 2345/4361/663 2342/4356/663 2348/4367/663
f 2346/4362/673 2363/4396/673 2362/4395/673
f 2360/4392/674 2349/4371/674 2346/4363/674
f 2356/4385/675 2348/4367/675 2361/4393/675
f 2357/4387/676 2344/4359/676 2359/4391/676
f 2358/4388/677 2348/4368/677 2349/4369/677
f 2359/4390/678 2345/4361/678 2356/4385/678
f 2357/4386/679 2346/4363/679 2347/4364/679
f 2372/4414/680 2355/4384/680 2352/4377/680
f 2369/4407/681 2354/4382/681 2373/4416/681
f 2370/4410/680 2351/4375/680 2355/4384/680
f 2373/4416/681 2350/4373/681 2371/4411/681
f 2371/4413/682 2351/4376/682 2368/4405/682
f 2369/4408/683 2352/4378/683 2353/4380/683
f 2367/4404/684 2335/4342/684 2366/4401/684
f 2362/4395/673 2347/4366/673 2346/4362/673
f 2297/4277/685 2360/4392/685 2357/4386/685
f 2324/4319/686 2356/4385/686 2331/4332/686
f 2300/4284/687 2361/4394/687 2358/4388/687
f 2297/4278/688 2359/4391/688 2324/4317/688
f 2326/4324/689 2356/4385/689 2361/4393/689
f 2300/4285/690 2360/4392/690 2328/4327/690
f 2353/4381/691 2362/4395/691 2354/4383/691
f 2367/4404/692 2340/4350/692 2347/4365/692
f 2354/4383/691 2363/4396/691 2350/4372/691
f 2363/4397/693 2336/4344/693 2350/4374/693
f 2364/4399/694 2337/4345/694 2336/4343/694
f 2337/4345/694 2366/4402/694 2335/4341/694
f 2296/4274/695 2369/4408/695 2323/4315/695
f 2299/4281/696 2371/4413/696 2368/4405/696
f 2325/4321/697 2373/4417/697 2371/4412/697
f 2299/4282/698 2370/4410/698 2329/4329/698
f 2323/4316/699 2373/4417/699 2330/4330/699
f 2296/4275/700 2370/4410/700 2372/4414/700
f 2439/4556/471 2569/4821/471 2568/4820/471
f 2438/4554/472 2572/4824/472 2569/4821/472
f 2572/4824/473 2441/4560/473 2575/4827/473
f 2441/4560/474 2578/4832/474 2575/4827/474
f 2442/4563/475 2581/4838/475 2578/4831/475
f 2443/4565/476 2584/4841/476 2581/4838/476
f 2444/4567/477 2587/4844/477 2584/4841/477
f 2445/4569/478 2590/4847/478 2587/4844/478
f 2446/4571/479 2593/4850/479 2590/4847/479
f 2447/4573/480 2596/4853/480 2593/4850/480
f 2448/4575/481 2599/4857/481 2596/4853/481
f 2449/4578/482 2602/4863/482 2599/4856/482
f 2450/4580/483 2605/4867/483 2602/4863/483
f 2451/4582/484 2608/4870/484 2605/4867/484
f 2452/4584/485 2611/4873/485 2608/4870/485
f 2453/4586/486 2614/4876/486 2611/4873/486
f 2614/4876/487 2455/4590/487 2617/4879/487
f 2617/4879/488 2456/4592/488 2620/4882/488
f 2456/4592/489 2623/4887/489 2620/4882/489
f 2623/4886/490 2458/4597/490 2626/4893/490
f 2626/4893/491 2459/4599/491 2629/4897/491
f 2629/4897/492 2460/4601/492 2632/4901/492
f 2460/4601/493 2635/4904/493 2632/4901/493
f 2461/4603/494 2638/4911/494 2668/4959/494
f 2638/4911/495 2463/4607/495 2641/4918/495
f 2641/4918/496 2464/4609/496 2644/4921/496
f 2644/4921/497 2465/4611/497 2647/4925/497
f 2647/4925/498 2466/4613/498 2650/4930/498
f 2466/4614/499 2653/4936/499 2650/4929/499
f 2467/4616/500 2656/4940/500 2653/4936/500
f 2427/4531/501 2495/4675/501 2496/4678/501
f 2468/4618/502 2659/4943/502 2656/4940/502
f 2469/4620/503 2568/4820/503 2659/4943/503
f 2404/4482/34 2420/4516/34 2436/4550/34
f 2375/4420/35 2438/4555/35 2439/4557/35
f 2379/4428/35 2438/4555/35 2377/4424/35
f 2379/4428/35 2441/4561/35 2440/4559/35
f 2381/4434/35 2442/4564/35 2441/4561/35
f 2385/4442/35 2442/4564/35 2383/4438/35
f 2387/4446/35 2443/4566/35 2385/4442/35
f 2389/4450/35 2444/4568/35 2387/4446/35
f 2391/4454/35 2445/4570/35 2389/4450/35
f 2391/4454/35 2447/4574/35 2446/4572/35
f 2395/4462/35 2447/4574/35 2393/4458/35
f 2397/4466/35 2448/4576/35 2395/4462/35
f 2399/4472/35 2449/4579/35 2397/4466/35
f 2399/4472/35 2451/4583/35 2450/4581/35
f 2403/4480/35 2451/4583/35 2401/4476/35
f 2405/4484/35 2452/4585/35 2403/4480/35
f 2407/4488/35 2453/4587/35 2405/4484/35
f 2407/4488/35 2455/4591/35 2454/4589/35
f 2411/4496/35 2455/4591/35 2409/4492/35
f 2413/4500/35 2456/4593/35 2411/4496/35
f 2415/4505/35 2457/4596/35 2413/4500/35
f 2417/4510/35 2458/4598/35 2415/4505/35
f 2417/4510/35 2460/4602/35 2459/4600/35
f 2421/4518/35 2460/4602/35 2419/4514/35
f 2421/4518/35 2462/4606/35 2461/4604/35
f 2425/4526/35 2462/4606/35 2423/4522/35
f 2427/4530/35 2463/4608/35 2425/4526/35
f 2429/4535/35 2464/4610/35 2427/4530/35
f 2431/4540/35 2465/4612/35 2429/4535/35
f 2433/4544/35 2466/4615/35 2431/4540/35
f 2435/4548/35 2467/4617/35 2433/4544/35
f 2435/4548/35 2469/4621/35 2468/4619/35
f 2375/4420/35 2469/4621/35 2437/4552/35
f 2488/4660/35 2480/4643/35 2472/4626/35
f 2399/4473/504 2483/4651/504 2401/4477/504
f 2429/4536/505 2496/4678/505 2497/4679/505
f 2401/4477/506 2484/4653/506 2403/4481/506
f 2375/4421/507 2470/4623/507 2377/4425/507
f 2431/4541/508 2497/4681/508 2498/4683/508
f 2403/4481/509 2485/4655/509 2405/4485/509
f 2377/4425/510 2472/4627/510 2379/4429/510
f 2433/4545/511 2498/4683/511 2499/4685/511
f 2405/4485/512 2486/4657/512 2407/4489/512
f 2379/4429/513 2473/4629/513 2381/4433/513
f 2435/4549/514 2499/4685/514 2500/4687/514
f 2407/4489/515 2487/4659/515 2409/4493/515
f 2381/4435/516 2474/4632/516 2383/4439/516
f 2435/4549/517 2501/4689/517 2437/4553/517
f 2411/4497/518 2487/4659/518 2488/4661/518
f 2383/4439/519 2475/4634/519 2385/4443/519
f 2437/4553/520 2471/4625/520 2375/4421/520
f 2411/4497/521 2489/4663/521 2413/4501/521
f 2385/4443/522 2476/4636/522 2387/4447/522
f 2415/4506/523 2489/4663/523 2490/4664/523
f 2387/4447/524 2477/4638/524 2389/4451/524
f 2417/4511/525 2490/4666/525 2491/4668/525
f 2389/4451/526 2478/4640/526 2391/4455/526
f 2419/4515/527 2491/4668/527 2492/4670/527
f 2391/4455/528 2479/4642/528 2393/4459/528
f 2421/4519/529 2492/4670/529 2493/4672/529
f 2393/4459/530 2480/4644/530 2395/4463/530
f 2423/4523/531 2493/4672/531 2494/4674/531
f 2395/4463/532 2481/4646/532 2397/4467/532
f 2425/4527/533 2494/4674/533 2495/4675/533
f 2397/4467/534 2482/4649/534 2399/4471/534
f 2534/4750/34 2503/4692/34 2535/4752/34
f 2535/4752/34 2504/4694/34 2536/4754/34
f 2537/4757/34 2504/4694/34 2505/4696/34
f 2538/4759/34 2505/4696/34 2506/4699/34
f 2539/4761/34 2506/4699/34 2507/4700/34
f 2539/4761/34 2508/4702/34 2540/4763/34
f 2540/4763/34 2509/4704/34 2541/4765/34
f 2541/4765/34 2510/4706/34 2542/4767/34
f 2542/4767/34 2511/4708/34 2543/4769/34
f 2544/4771/34 2511/4708/34 2512/4710/34
f 2544/4771/34 2513/4712/34 2545/4773/34
f 2546/4776/34 2513/4712/34 2514/4715/34
f 2547/4778/34 2514/4715/34 2515/4716/34
f 2547/4778/34 2516/4718/34 2548/4780/34
f 2548/4780/34 2517/4720/34 2549/4782/34
f 2549/4782/34 2518/4723/34 2550/4784/34
f 2551/4786/34 2518/4723/34 2519/4724/34
f 2552/4788/34 2519/4724/34 2520/4727/34
f 2552/4788/34 2521/4728/34 2553/4790/34
f 2553/4790/34 2522/4729/34 2554/4792/34
f 2555/4795/34 2522/4729/34 2523/4730/34
f 2555/4795/34 2524/4732/34 2556/4797/34
f 2557/4799/34 2524/4732/34 2525/4734/34
f 2558/4801/34 2525/4734/34 2526/4736/34
f 2559/4803/34 2526/4736/34 2527/4738/34
f 2559/4803/34 2528/4741/34 2560/4805/34
f 2561/4808/34 2528/4741/34 2529/4742/34
f 2561/4808/34 2530/4743/34 2562/4810/34
f 2563/4812/34 2530/4743/34 2531/4744/34
f 2564/4814/34 2531/4744/34 2532/4747/34
f 2565/4816/34 2532/4747/34 2533/4748/34
f 2534/4750/34 2533/4748/34 2502/4691/34
f 2376/4423/535 2534/4751/535 2535/4753/535
f 2376/4423/536 2536/4755/536 2378/4427/536
f 2380/4431/537 2536/4755/537 2537/4756/537
f 2380/4432/701 2538/4760/701 2382/4437/701
f 2382/4437/539 2539/4762/539 2384/4441/539
f 2384/4441/540 2540/4764/540 2386/4445/540
f 2386/4445/541 2541/4766/541 2388/4449/541
f 2388/4449/542 2542/4768/542 2390/4453/542
f 2390/4453/543 2543/4770/543 2392/4457/543
f 2392/4457/544 2544/4772/544 2394/4461/544
f 2394/4461/545 2545/4774/545 2396/4465/545
f 2398/4469/702 2545/4774/702 2546/4775/702
f 2400/4475/547 2546/4777/547 2547/4779/547
f 2400/4475/548 2548/4781/548 2402/4479/548
f 2402/4479/549 2549/4783/549 2404/4483/549
f 2404/4483/550 2550/4785/550 2406/4487/550
f 2406/4487/551 2551/4787/551 2408/4491/551
f 2408/4491/552 2552/4789/552 2410/4495/552
f 2410/4495/553 2553/4791/553 2412/4499/553
f 2412/4499/554 2554/4793/554 2414/4502/554
f 2414/4504/555 2555/4796/555 2416/4509/555
f 2418/4513/556 2555/4796/556 2556/4798/556
f 2418/4513/557 2557/4800/557 2420/4517/557
f 2420/4517/558 2558/4802/558 2422/4521/558
f 2424/4525/559 2558/4802/559 2559/4804/559
f 2426/4529/560 2559/4804/560 2560/4806/560
f 2428/4533/561 2560/4806/561 2561/4807/561
f 2428/4534/562 2562/4811/562 2430/4539/562
f 2430/4539/563 2563/4813/563 2432/4543/563
f 2432/4543/564 2564/4815/564 2434/4547/564
f 2436/4551/565 2564/4815/565 2565/4817/565
f 2436/4551/566 2534/4751/566 2374/4419/566
f 2533/4749/567 2566/4818/567 2502/4690/567
f 2661/4945/568 2567/4819/568 2566/4818/568
f 2659/4943/569 2567/4819/569 2660/4944/569
f 2658/4942/570 2533/4749/570 2532/4746/570
f 2658/4942/571 2660/4944/571 2661/4945/571
f 2656/4940/572 2660/4944/572 2657/4941/572
f 2531/4745/573 2658/4942/573 2532/4746/573
f 2655/4938/574 2657/4941/574 2658/4942/574
f 2654/4937/575 2656/4940/575 2657/4941/575
f 2530/4743/576 2655/4939/576 2531/4744/576
f 2652/4934/577 2654/4937/577 2655/4938/577
f 2651/4931/578 2653/4936/578 2654/4937/578
f 2529/4742/579 2652/4935/579 2530/4743/579
f 2649/4927/580 2651/4932/580 2652/4933/580
f 2648/4926/581 2650/4930/581 2651/4932/581
f 2528/4741/582 2649/4928/582 2529/4742/582
f 2646/4924/583 2648/4926/583 2649/4927/583
f 2645/4922/584 2647/4925/584 2648/4926/584
f 2527/4739/585 2646/4924/585 2528/4740/585
f 2643/4920/586 2645/4922/586 2646/4924/586
f 2642/4919/587 2644/4921/587 2645/4922/587
f 2526/4737/588 2643/4920/588 2527/4739/588
f 2665/4953/589 2642/4919/589 2643/4920/589
f 2664/4952/590 2641/4918/590 2642/4919/590
f 2637/4910/591 2666/4956/591 2526/4737/591
f 2704/5031/592 2679/4980/592 2705/5033/592
f 2524/4733/593 2637/4910/593 2525/4735/593
f 2633/4902/594 2663/4949/594 2637/4910/594
f 2632/4901/595 2662/4947/595 2636/4907/595
f 2523/4731/596 2634/4903/596 2524/4733/596
f 2631/4899/597 2633/4902/597 2634/4903/597
f 2630/4898/598 2632/4901/598 2633/4902/598
f 2522/4729/599 2631/4900/599 2523/4730/599
f 2628/4895/600 2630/4898/600 2631/4899/600
f 2627/4894/601 2629/4897/601 2630/4898/601
f 2521/4728/602 2628/4896/602 2522/4729/602
f 2625/4891/603 2627/4894/603 2628/4895/603
f 2624/4888/604 2626/4893/604 2627/4894/604
f 2520/4727/605 2625/4892/605 2521/4728/605
f 2622/4885/606 2624/4889/606 2625/4890/606
f 2620/4882/607 2624/4889/607 2621/4883/607
f 2519/4725/608 2622/4885/608 2520/4726/608
f 2618/4880/609 2622/4885/609 2619/4881/609
f 2617/4879/610 2621/4883/610 2618/4880/610
f 2616/4878/611 2519/4725/611 2518/4722/611
f 2616/4878/612 2618/4880/612 2619/4881/612
f 2615/4877/613 2617/4879/613 2618/4880/613
f 2517/4721/614 2616/4878/614 2518/4722/614
f 2612/4874/615 2616/4878/615 2613/4875/615
f 2611/4873/616 2615/4877/616 2612/4874/616
f 2610/4872/617 2517/4721/617 2516/4719/617
f 2609/4871/618 2613/4875/618 2610/4872/618
f 2608/4870/619 2612/4874/619 2609/4871/619
f 2607/4869/620 2516/4719/620 2515/4717/620
f 2606/4868/621 2610/4872/621 2607/4869/621
f 2605/4867/622 2609/4871/622 2606/4868/622
f 2604/4866/623 2515/4717/623 2514/4714/623
f 2603/4864/624 2607/4869/624 2604/4866/624
f 2602/4863/625 2606/4868/625 2603/4864/625
f 2601/4861/626 2514/4715/626 2513/4712/626
f 2600/4858/627 2604/4866/627 2601/4860/627
f 2599/4856/628 2603/4864/628 2600/4858/628
f 2598/4855/629 2513/4713/629 2512/4711/629
f 2597/4854/630 2601/4862/630 2598/4855/630
f 2596/4853/703 2600/4859/703 2597/4854/703
f 2595/4852/632 2512/4711/632 2511/4709/632
f 2594/4851/633 2598/4855/633 2595/4852/633
f 2593/4850/634 2597/4854/634 2594/4851/634
f 2592/4849/635 2511/4709/635 2510/4707/635
f 2591/4848/636 2595/4852/636 2592/4849/636
f 2590/4847/637 2594/4851/637 2591/4848/637
f 2589/4846/704 2510/4707/704 2509/4705/704
f 2588/4845/639 2592/4849/639 2589/4846/639
f 2587/4844/640 2591/4848/640 2588/4845/640
f 2586/4843/641 2509/4705/641 2508/4703/641
f 2585/4842/642 2589/4846/642 2586/4843/642
f 2584/4841/643 2588/4845/643 2585/4842/643
f 2583/4840/644 2508/4703/644 2507/4701/644
f 2582/4839/645 2586/4843/645 2583/4840/645
f 2581/4838/646 2585/4842/646 2582/4839/646
f 2580/4835/647 2507/4701/647 2506/4698/647
f 2579/4833/648 2583/4840/648 2580/4835/648
f 2578/4831/649 2582/4839/649 2579/4833/649
f 2577/4829/650 2506/4699/650 2505/4696/650
f 2576/4828/651 2580/4837/651 2577/4830/651
f 2575/4827/652 2579/4834/652 2576/4828/652
f 2574/4826/653 2505/4697/653 2504/4695/653
f 2573/4825/654 2577/4830/654 2574/4826/654
f 2572/4824/655 2576/4828/655 2573/4825/655
f 2571/4823/656 2504/4695/656 2503/4693/656
f 2571/4823/657 2573/4825/657 2574/4826/657
f 2569/4821/658 2573/4825/658 2570/4822/658
f 2566/4818/659 2503/4693/659 2502/4690/659
f 2567/4819/660 2571/4823/660 2566/4818/660
f 2568/4820/661 2570/4822/661 2567/4819/661
f 2669/4961/662 2639/4914/662 2667/4957/662
f 2636/4907/662 2669/4961/662 2667/4957/662
f 2683/4991/663 2682/4989/663 2684/4992/663
f 2692/5011/664 2673/4970/664 2674/4973/664
f 2689/5005/665 2672/4967/665 2690/5007/665
f 2665/4953/666 2666/4956/666 2663/4949/666
f 2675/4974/667 2671/4964/667 2672/4966/667
f 2673/4971/667 2676/4976/667 2674/4972/667
f 2703/5030/592 2677/4977/592 2704/5031/592
f 2694/5015/668 2672/4968/668 2671/4965/668
f 2702/5028/669 2678/4978/669 2703/5029/669
f 2691/5008/668 2671/4965/668 2673/4969/668
f 2682/4988/670 2678/4979/670 2681/4985/670
f 2680/4983/670 2677/4977/670 2682/4988/670
f 2688/5000/671 2681/4986/671 2678/4978/671
f 2686/4996/672 2680/4984/672 2683/4990/672
f 2684/4992/663 2681/4987/663 2687/4998/663
f 2685/4993/673 2702/5027/673 2701/5026/673
f 2699/5023/674 2688/5002/674 2685/4994/674
f 2695/5016/675 2687/4998/675 2700/5024/675
f 2696/5018/676 2683/4990/676 2698/5022/676
f 2697/5019/677 2687/4999/677 2688/5000/677
f 2698/5021/705 2684/4992/705 2695/5016/705
f 2696/5017/679 2685/4994/679 2686/4995/679
f 2711/5045/680 2694/5015/680 2691/5008/680
f 2708/5038/681 2693/5013/681 2712/5047/681
f 2709/5041/680 2690/5006/680 2694/5015/680
f 2712/5047/681 2689/5004/681 2710/5042/681
f 2710/5044/682 2690/5007/682 2707/5036/682
f 2708/5039/683 2691/5009/683 2692/5011/683
f 2706/5035/684 2674/4973/684 2705/5032/684
f 2701/5026/673 2686/4997/673 2685/4993/673
f 2636/4908/685 2699/5023/685 2696/5017/685
f 2663/4950/686 2695/5016/686 2670/4963/686
f 2639/4915/687 2700/5025/687 2697/5019/687
f 2636/4909/688 2698/5022/688 2663/4948/688
f 2665/4955/689 2695/5016/689 2700/5024/689
f 2639/4916/690 2699/5023/690 2667/4958/690
f 2692/5012/691 2701/5026/691 2693/5014/691
f 2706/5035/692 2679/4981/692 2686/4996/692
f 2693/5014/691 2702/5027/691 2689/5003/691
f 2702/5028/693 2675/4975/693 2689/5005/693
f 2703/5030/694 2676/4976/694 2675/4974/694
f 2676/4976/694 2705/5033/694 2674/4972/694
f 2635/4905/695 2708/5039/695 2662/4946/695
f 2638/4912/696 2710/5044/696 2707/5036/696
f 2664/4952/697 2712/5048/697 2710/5043/697
f 2638/4913/698 2709/5041/698 2668/4960/698
f 2662/4947/699 2712/5048/699 2669/4961/699
f 2635/4906/700 2709/5041/700 2711/5045/700
f 2778/5187/471 2908/5452/471 2907/5451/471
f 2777/5185/472 2911/5455/472 2908/5452/472
f 2779/5189/473 2914/5458/473 2911/5455/473
f 2780/5191/474 2917/5463/474 2914/5458/474
f 2781/5194/475 2920/5469/475 2917/5462/475
f 2782/5196/476 2923/5472/476 2920/5469/476
f 2783/5198/477 2926/5475/477 2923/5472/477
f 2784/5200/478 2929/5478/478 2926/5475/478
f 2785/5202/479 2932/5481/479 2929/5478/479
f 2786/5204/480 2935/5484/480 2932/5481/480
f 2787/5206/481 2938/5488/481 2935/5484/481
f 2788/5209/482 2941/5494/482 2938/5487/482
f 2789/5211/483 2944/5498/483 2941/5494/483
f 2790/5213/484 2947/5501/484 2944/5498/484
f 2791/5215/485 2950/5504/485 2947/5501/485
f 2950/5504/486 2793/5219/486 2953/5507/486
f 2953/5507/487 2794/5221/487 2956/5510/487
f 2956/5510/488 2795/5223/488 2959/5513/488
f 2959/5513/489 2796/5225/489 2962/5518/489
f 2962/5517/490 2797/5228/490 2965/5524/490
f 2965/5524/491 2798/5230/491 2968/5528/491
f 2968/5528/492 2799/5232/492 2971/5532/492
f 2799/5232/493 2974/5535/493 2971/5532/493
f 2800/5234/494 2977/5542/494 3007/5590/494
f 2977/5542/495 2802/5238/495 2980/5549/495
f 2980/5549/496 2803/5240/496 2983/5552/496
f 2983/5552/497 2804/5242/497 2986/5556/497
f 2986/5556/498 2805/5244/498 2989/5561/498
f 2989/5560/499 2806/5247/499 2992/5567/499
f 2806/5247/500 2995/5571/500 2992/5567/500
f 2766/5162/501 2834/5306/501 2835/5309/501
f 2995/5571/502 2808/5251/502 2998/5574/502
f 2808/5251/503 2907/5451/503 2998/5574/503
f 2743/5113/34 2759/5147/34 2775/5181/34
f 2714/5051/35 2777/5186/35 2778/5188/35
f 2718/5059/35 2777/5186/35 2716/5055/35
f 2718/5059/35 2780/5192/35 2779/5190/35
f 2720/5064/35 2781/5195/35 2780/5192/35
f 2722/5069/35 2782/5197/35 2781/5195/35
f 2726/5077/35 2782/5197/35 2724/5073/35
f 2726/5077/35 2784/5201/35 2783/5199/35
f 2730/5085/35 2784/5201/35 2728/5081/35
f 2730/5085/35 2786/5205/35 2785/5203/35
f 2734/5093/35 2786/5205/35 2732/5089/35
f 2734/5093/35 2788/5210/35 2787/5207/35
f 2736/5097/35 2789/5212/35 2788/5210/35
f 2740/5107/35 2789/5212/35 2738/5103/35
f 2740/5107/35 2791/5216/35 2790/5214/35
f 2744/5115/35 2791/5216/35 2742/5111/35
f 2744/5115/35 2793/5220/35 2792/5218/35
f 2746/5119/35 2794/5222/35 2793/5220/35
f 2750/5127/35 2794/5222/35 2748/5123/35
f 2752/5131/35 2795/5224/35 2750/5127/35
f 2752/5131/35 2797/5229/35 2796/5227/35
f 2756/5141/35 2797/5229/35 2754/5136/35
f 2758/5145/35 2798/5231/35 2756/5141/35
f 2760/5149/35 2799/5233/35 2758/5145/35
f 2762/5153/35 2800/5235/35 2760/5149/35
f 2764/5157/35 2801/5237/35 2762/5153/35
f 2764/5157/35 2803/5241/35 2802/5239/35
f 2768/5166/35 2803/5241/35 2766/5161/35
f 2770/5171/35 2804/5243/35 2768/5166/35
f 2772/5175/35 2805/5246/35 2770/5171/35
f 2774/5179/35 2806/5248/35 2772/5175/35
f 2776/5183/35 2807/5250/35 2774/5179/35
f 2714/5051/35 2808/5252/35 2776/5183/35
f 2827/5291/35 2819/5274/35 2811/5257/35
f 2738/5104/504 2822/5282/504 2740/5108/504
f 2768/5167/505 2835/5309/505 2836/5310/505
f 2740/5108/506 2823/5284/506 2742/5112/506
f 2714/5052/507 2809/5254/507 2716/5056/507
f 2770/5172/508 2836/5312/508 2837/5314/508
f 2742/5112/509 2824/5286/509 2744/5116/509
f 2716/5056/510 2811/5258/510 2718/5060/510
f 2772/5176/511 2837/5314/511 2838/5316/511
f 2744/5116/512 2825/5288/512 2746/5120/512
f 2720/5065/513 2811/5258/513 2812/5259/513
f 2774/5180/514 2838/5316/514 2839/5318/514
f 2746/5120/515 2826/5290/515 2748/5124/515
f 2720/5066/516 2813/5263/516 2722/5070/516
f 2776/5184/517 2839/5318/517 2840/5320/517
f 2748/5124/518 2827/5292/518 2750/5128/518
f 2722/5070/519 2814/5265/519 2724/5074/519
f 2776/5184/520 2810/5256/520 2714/5052/520
f 2750/5128/521 2828/5294/521 2752/5132/521
f 2724/5074/522 2815/5267/522 2726/5078/522
f 2754/5137/523 2828/5294/523 2829/5295/523
f 2726/5078/524 2816/5269/524 2728/5082/524
f 2756/5142/525 2829/5297/525 2830/5299/525
f 2728/5082/526 2817/5271/526 2730/5086/526
f 2758/5146/527 2830/5299/527 2831/5301/527
f 2730/5086/528 2818/5273/528 2732/5090/528
f 2758/5146/529 2832/5303/529 2760/5150/529
f 2732/5090/530 2819/5275/530 2734/5094/530
f 2762/5154/531 2832/5303/531 2833/5305/531
f 2736/5098/706 2819/5275/706 2820/5277/706
f 2764/5158/533 2833/5305/533 2834/5306/533
f 2736/5098/534 2821/5280/534 2738/5102/534
f 2874/5383/34 2841/5321/34 2842/5323/34
f 2874/5383/34 2843/5325/34 2875/5385/34
f 2875/5385/34 2844/5327/34 2876/5388/34
f 2877/5390/34 2844/5327/34 2845/5330/34
f 2878/5392/34 2845/5330/34 2846/5331/34
f 2878/5392/34 2847/5333/34 2879/5394/34
f 2880/5396/34 2847/5333/34 2848/5335/34
f 2880/5396/34 2849/5337/34 2881/5398/34
f 2881/5398/34 2850/5339/34 2882/5400/34
f 2882/5400/34 2851/5341/34 2883/5402/34
f 2884/5404/34 2851/5341/34 2852/5343/34
f 2884/5404/34 2853/5346/34 2885/5406/34
f 2886/5409/34 2853/5346/34 2854/5347/34
f 2886/5409/34 2855/5349/34 2887/5411/34
f 2887/5411/34 2856/5351/34 2888/5413/34
f 2888/5413/34 2857/5353/34 2889/5415/34
f 2890/5417/34 2857/5353/34 2858/5355/34
f 2891/5419/34 2858/5355/34 2859/5358/34
f 2891/5419/34 2860/5359/34 2892/5421/34
f 2892/5421/34 2861/5360/34 2893/5423/34
f 2893/5423/34 2862/5361/34 2894/5426/34
f 2894/5426/34 2863/5363/34 2895/5428/34
f 2895/5428/34 2864/5365/34 2896/5430/34
f 2897/5432/34 2864/5365/34 2865/5367/34
f 2898/5434/34 2865/5367/34 2866/5369/34
f 2899/5436/34 2866/5369/34 2867/5372/34
f 2899/5436/34 2868/5373/34 2900/5439/34
f 2900/5439/34 2869/5374/34 2901/5441/34
f 2902/5443/34 2869/5374/34 2870/5375/34
f 2903/5445/34 2870/5375/34 2871/5378/34
f 2904/5447/34 2871/5378/34 2872/5379/34
f 2904/5447/34 2841/5321/34 2873/5381/34
f 2713/5050/535 2874/5384/535 2715/5054/535
f 2715/5054/536 2875/5386/536 2717/5058/536
f 2719/5062/537 2875/5386/537 2876/5387/537
f 2719/5063/701 2877/5391/701 2721/5068/701
f 2721/5068/539 2878/5393/539 2723/5072/539
f 2723/5072/540 2879/5395/540 2725/5076/540
f 2727/5080/541 2879/5395/541 2880/5397/541
f 2729/5084/542 2880/5397/542 2881/5399/542
f 2729/5084/543 2882/5401/543 2731/5088/543
f 2731/5088/544 2883/5403/544 2733/5092/544
f 2733/5092/545 2884/5405/545 2735/5096/545
f 2735/5096/546 2885/5407/546 2737/5099/546
f 2739/5106/547 2885/5408/547 2886/5410/547
f 2741/5110/548 2886/5410/548 2887/5412/548
f 2741/5110/549 2888/5414/549 2743/5114/549
f 2743/5114/550 2889/5416/550 2745/5118/550
f 2745/5118/551 2890/5418/551 2747/5122/551
f 2747/5122/552 2891/5420/552 2749/5126/552
f 2749/5126/553 2892/5422/553 2751/5130/553
f 2751/5130/554 2893/5424/554 2753/5133/554
f 2755/5140/555 2893/5425/555 2894/5427/555
f 2757/5144/556 2894/5427/556 2895/5429/556
f 2757/5144/557 2896/5431/557 2759/5148/557
f 2761/5152/558 2896/5431/558 2897/5433/558
f 2763/5156/559 2897/5433/559 2898/5435/559
f 2765/5160/560 2898/5435/560 2899/5437/560
f 2767/5164/561 2899/5437/561 2900/5438/561
f 2767/5165/562 2901/5442/562 2769/5170/562
f 2769/5170/563 2902/5444/563 2771/5174/563
f 2773/5178/564 2902/5444/564 2903/5446/564
f 2773/5178/565 2904/5448/565 2775/5182/565
f 2775/5182/566 2873/5382/566 2713/5050/566
f 3000/5576/567 2841/5322/567 2872/5380/567
f 3000/5576/568 2906/5450/568 2905/5449/568
f 2998/5574/569 2906/5450/569 2999/5575/569
f 2997/5573/570 2872/5380/570 2871/5377/570
f 2997/5573/571 2999/5575/571 3000/5576/571
f 2996/5572/572 2998/5574/572 2999/5575/572
f 2870/5376/573 2997/5573/573 2871/5377/573
f 2994/5569/574 2996/5572/574 2997/5573/574
f 2993/5568/575 2995/5571/575 2996/5572/575
f 2869/5374/576 2994/5570/576 2870/5375/576
f 2991/5565/577 2993/5568/577 2994/5569/577
f 2989/5560/578 2993/5568/578 2990/5562/578
f 2868/5373/579 2991/5566/579 2869/5374/579
f 2988/5558/580 2990/5563/580 2991/5564/580
f 2987/5557/581 2989/5561/581 2990/5563/581
f 2867/5372/582 2988/5559/582 2868/5373/582
f 2985/5555/583 2987/5557/583 2988/5558/583
f 2984/5553/584 2986/5556/584 2987/5557/584
f 2866/5370/585 2985/5555/585 2867/5371/585
f 2982/5551/586 2984/5553/586 2985/5555/586
f 2980/5549/587 2984/5553/587 2981/5550/587
f 2865/5368/588 2982/5551/588 2866/5370/588
f 3004/5584/589 2981/5550/589 2982/5551/589
f 3003/5583/590 2980/5549/590 2981/5550/590
f 2976/5541/707 3005/5587/707 2865/5368/707
f 3043/5662/592 3018/5611/592 3044/5664/592
f 2863/5364/593 2976/5541/593 2864/5366/593
f 2972/5533/594 3002/5580/594 2976/5541/594
f 2971/5532/595 3001/5578/595 2975/5538/595
f 2862/5362/596 2973/5534/596 2863/5364/596
f 2970/5530/597 2972/5533/597 2973/5534/597
f 2968/5528/598 2972/5533/598 2969/5529/598
f 2861/5360/599 2970/5531/599 2862/5361/599
f 2967/5526/600 2969/5529/600 2970/5530/600
f 2966/5525/601 2968/5528/601 2969/5529/601
f 2860/5359/602 2967/5527/602 2861/5360/602
f 2964/5522/603 2966/5525/603 2967/5526/603
f 2963/5519/604 2965/5524/604 2966/5525/604
f 2859/5358/605 2964/5523/605 2860/5359/605
f 2961/5516/606 2963/5520/606 2964/5521/606
f 2960/5514/607 2962/5518/607 2963/5520/607
f 2858/5356/608 2961/5516/608 2859/5357/608
f 2957/5511/609 2961/5516/609 2958/5512/609
f 2957/5511/610 2959/5513/610 2960/5514/610
f 2857/5354/611 2958/5512/611 2858/5356/611
f 2955/5509/612 2957/5511/612 2958/5512/612
f 2954/5508/613 2956/5510/613 2957/5511/613
f 2856/5352/708 2955/5509/708 2857/5354/708
f 2951/5505/615 2955/5509/615 2952/5506/615
f 2950/5504/616 2954/5508/616 2951/5505/616
f 2949/5503/617 2856/5352/617 2855/5350/617
f 2948/5502/618 2952/5506/618 2949/5503/618
f 2947/5501/619 2951/5505/619 2948/5502/619
f 2946/5500/620 2855/5350/620 2854/5348/620
f 2945/5499/621 2949/5503/621 2946/5500/621
f 2945/5499/622 2947/5501/622 2948/5502/622
f 2943/5497/623 2854/5348/623 2853/5345/623
f 2942/5495/624 2946/5500/624 2943/5497/624
f 2941/5494/625 2945/5499/625 2942/5495/625
f 2940/5492/626 2853/5346/626 2852/5343/626
f 2939/5489/627 2943/5497/627 2940/5491/627
f 2938/5487/628 2942/5495/628 2939/5489/628
f 2937/5486/629 2852/5344/629 2851/5342/629
f 2936/5485/630 2940/5493/630 2937/5486/630
f 2935/5484/703 2939/5490/703 2936/5485/703
f 2934/5483/632 2851/5342/632 2850/5340/632
f 2933/5482/633 2937/5486/633 2934/5483/633
f 2932/5481/634 2936/5485/634 2933/5482/634
f 2931/5480/635 2850/5340/635 2849/5338/635
f 2930/5479/636 2934/5483/636 2931/5480/636
f 2929/5478/637 2933/5482/637 2930/5479/637
f 2928/5477/704 2849/5338/704 2848/5336/704
f 2927/5476/639 2931/5480/639 2928/5477/639
f 2926/5475/640 2930/5479/640 2927/5476/640
f 2925/5474/641 2848/5336/641 2847/5334/641
f 2924/5473/642 2928/5477/642 2925/5474/642
f 2923/5472/643 2927/5476/643 2924/5473/643
f 2922/5471/644 2847/5334/644 2846/5332/644
f 2921/5470/645 2925/5474/645 2922/5471/645
f 2920/5469/646 2924/5473/646 2921/5470/646
f 2919/5466/647 2846/5332/647 2845/5329/647
f 2918/5464/648 2922/5471/648 2919/5466/648
f 2917/5462/649 2921/5470/649 2918/5464/649
f 2916/5460/650 2845/5330/650 2844/5327/650
f 2915/5459/651 2919/5468/651 2916/5461/651
f 2914/5458/652 2918/5465/652 2915/5459/652
f 2913/5457/653 2844/5328/653 2843/5326/653
f 2912/5456/654 2916/5461/654 2913/5457/654
f 2911/5455/655 2915/5459/655 2912/5456/655
f 2910/5454/656 2843/5326/656 2842/5324/656
f 2909/5453/657 2913/5457/657 2910/5454/657
f 2908/5452/658 2912/5456/658 2909/5453/658
f 2905/5449/659 2842/5324/659 2841/5322/659
f 2906/5450/660 2910/5454/660 2905/5449/660
f 2906/5450/661 2908/5452/661 2909/5453/661
f 3008/5592/662 2978/5545/662 3006/5588/662
f 2975/5538/662 3008/5592/662 3006/5588/662
f 3022/5622/663 3021/5620/663 3023/5623/663
f 3031/5642/664 3012/5601/664 3013/5604/664
f 3028/5636/665 3011/5598/665 3029/5638/665
f 3004/5584/666 3005/5587/666 3002/5580/666
f 3014/5605/667 3010/5595/667 3011/5597/667
f 3012/5602/667 3015/5607/667 3013/5603/667
f 3042/5661/592 3016/5608/592 3043/5662/592
f 3033/5646/668 3011/5599/668 3010/5596/668
f 3041/5659/669 3017/5609/669 3042/5660/669
f 3030/5639/668 3010/5596/668 3012/5600/668
f 3021/5619/670 3017/5610/670 3020/5616/670
f 3019/5614/670 3016/5608/670 3021/5619/670
f 3027/5631/671 3020/5617/671 3017/5609/671
f 3025/5627/672 3019/5615/672 3022/5621/672
f 3023/5623/663 3020/5618/663 3026/5629/663
f 3024/5624/673 3041/5658/673 3040/5657/673
f 3038/5654/674 3027/5633/674 3024/5625/674
f 3034/5647/675 3026/5629/675 3039/5655/675
f 3035/5649/676 3022/5621/676 3037/5653/676
f 3036/5650/677 3026/5630/677 3027/5631/677
f 3037/5652/678 3023/5623/678 3034/5647/678
f 3035/5648/679 3024/5625/679 3025/5626/679
f 3050/5676/680 3033/5646/680 3030/5639/680
f 3047/5669/681 3032/5644/681 3051/5678/681
f 3048/5672/680 3029/5637/680 3033/5646/680
f 3051/5678/681 3028/5635/681 3049/5673/681
f 3049/5675/682 3029/5638/682 3046/5667/682
f 3047/5670/683 3030/5640/683 3031/5642/683
f 3045/5666/684 3013/5604/684 3044/5663/684
f 3040/5657/673 3025/5628/673 3024/5624/673
f 2975/5539/685 3038/5654/685 3035/5648/685
f 3002/5581/686 3034/5647/686 3009/5594/686
f 2978/5546/687 3039/5656/687 3036/5650/687
f 2975/5540/688 3037/5653/688 3002/5579/688
f 3004/5586/689 3034/5647/689 3039/5655/689
f 2978/5547/690 3038/5654/690 3006/5589/690
f 3031/5643/691 3040/5657/691 3032/5645/691
f 3045/5666/692 3018/5612/692 3025/5627/692
f 3032/5645/691 3041/5658/691 3028/5634/691
f 3041/5659/693 3014/5606/693 3028/5636/693
f 3042/5661/694 3015/5607/694 3014/5605/694
f 3015/5607/694 3044/5664/694 3013/5603/694
f 2974/5536/695 3047/5670/695 3001/5577/695
f 2977/5543/696 3049/5675/696 3046/5667/696
f 3003/5583/697 3051/5679/697 3049/5674/697
f 2977/5544/698 3048/5672/698 3007/5591/698
f 3001/5578/699 3051/5679/699 3008/5592/699
f 2974/5537/700 3048/5672/700 3050/5676/700
f 3117/5818/471 3247/6083/471 3246/6082/471
f 3116/5816/472 3250/6086/472 3247/6083/472
f 3118/5820/473 3253/6089/473 3250/6086/473
f 3119/5822/474 3256/6094/474 3253/6089/474
f 3120/5825/475 3259/6100/475 3256/6093/475
f 3121/5827/476 3262/6103/476 3259/6100/476
f 3122/5829/477 3265/6106/477 3262/6103/477
f 3123/5831/478 3268/6109/478 3265/6106/478
f 3124/5833/479 3271/6112/479 3268/6109/479
f 3125/5835/480 3274/6115/480 3271/6112/480
f 3126/5837/481 3277/6119/481 3274/6115/481
f 3127/5840/482 3280/6125/482 3277/6118/482
f 3128/5842/483 3283/6129/483 3280/6125/483
f 3129/5844/484 3286/6132/484 3283/6129/484
f 3130/5846/485 3289/6135/485 3286/6132/485
f 3131/5848/486 3292/6138/486 3289/6135/486
f 3292/6138/487 3133/5852/487 3295/6141/487
f 3295/6141/488 3134/5854/488 3298/6144/488
f 3298/6144/489 3135/5856/489 3301/6149/489
f 3301/6148/490 3136/5859/490 3304/6155/490
f 3304/6155/491 3137/5861/491 3307/6159/491
f 3307/6159/492 3138/5863/492 3310/6163/492
f 3138/5863/493 3313/6166/493 3310/6163/493
f 3139/5865/494 3316/6173/494 3346/6221/494
f 3316/6173/495 3141/5869/495 3319/6180/495
f 3319/6180/496 3142/5871/496 3322/6183/496
f 3322/6183/497 3143/5873/497 3325/6187/497
f 3325/6187/498 3144/5875/498 3328/6192/498
f 3328/6191/499 3145/5878/499 3331/6198/499
f 3331/6198/500 3146/5880/500 3334/6202/500
f 3105/5793/501 3173/5937/501 3174/5940/501
f 3146/5880/502 3337/6205/502 3334/6202/502
f 3147/5882/503 3246/6082/503 3337/6205/503
f 3082/5744/34 3098/5778/34 3114/5812/34
f 3053/5682/35 3116/5817/35 3117/5819/35
f 3055/5686/35 3118/5821/35 3116/5817/35
f 3057/5690/35 3119/5823/35 3118/5821/35
f 3061/5700/35 3119/5823/35 3059/5696/35
f 3063/5704/35 3120/5826/35 3061/5700/35
f 3065/5708/35 3121/5828/35 3063/5704/35
f 3065/5708/35 3123/5832/35 3122/5830/35
f 3067/5712/35 3124/5834/35 3123/5832/35
f 3069/5716/35 3125/5836/35 3124/5834/35
f 3073/5724/35 3125/5836/35 3071/5720/35
f 3075/5728/35 3126/5838/35 3073/5724/35
f 3077/5734/35 3127/5841/35 3075/5728/35
f 3077/5734/35 3129/5845/35 3128/5843/35
f 3081/5742/35 3129/5845/35 3079/5738/35
f 3083/5746/35 3130/5847/35 3081/5742/35
f 3085/5750/35 3131/5849/35 3083/5746/35
f 3085/5750/35 3133/5853/35 3132/5851/35
f 3087/5754/35 3134/5855/35 3133/5853/35
f 3089/5758/35 3135/5858/35 3134/5855/35
f 3091/5762/35 3136/5860/35 3135/5858/35
f 3095/5772/35 3136/5860/35 3093/5767/35
f 3095/5772/35 3138/5864/35 3137/5862/35
f 3099/5780/35 3138/5864/35 3097/5776/35
f 3101/5784/35 3139/5866/35 3099/5780/35
f 3103/5788/35 3140/5868/35 3101/5784/35
f 3103/5788/35 3142/5872/35 3141/5870/35
f 3107/5797/35 3142/5872/35 3105/5792/35
f 3109/5802/35 3143/5874/35 3107/5797/35
f 3111/5806/35 3144/5877/35 3109/5802/35
f 3113/5810/35 3145/5879/35 3111/5806/35
f 3115/5814/35 3146/5881/35 3113/5810/35
f 3053/5682/35 3147/5883/35 3115/5814/35
f 3166/5922/35 3158/5905/35 3150/5888/35
f 3077/5735/504 3161/5913/504 3079/5739/504
f 3107/5798/505 3174/5940/505 3175/5941/505
f 3079/5739/506 3162/5915/506 3081/5743/506
f 3053/5683/507 3148/5885/507 3055/5687/507
f 3109/5803/508 3175/5943/508 3176/5945/508
f 3081/5743/509 3163/5917/509 3083/5747/509
f 3055/5687/510 3150/5889/510 3057/5691/510
f 3111/5807/511 3176/5945/511 3177/5947/511
f 3083/5747/512 3164/5919/512 3085/5751/512
f 3057/5691/513 3151/5891/513 3059/5695/513
f 3113/5811/514 3177/5947/514 3178/5949/514
f 3085/5751/515 3165/5921/515 3087/5755/515
f 3059/5697/516 3152/5894/516 3061/5701/516
f 3115/5815/517 3178/5949/517 3179/5951/517
f 3087/5755/518 3166/5923/518 3089/5759/518
f 3061/5701/519 3153/5896/519 3063/5705/519
f 3115/5815/520 3149/5887/520 3053/5683/520
f 3091/5763/521 3166/5923/521 3167/5925/521
f 3063/5705/522 3154/5898/522 3065/5709/522
f 3093/5768/523 3167/5925/523 3168/5926/523
f 3065/5709/524 3155/5900/524 3067/5713/524
f 3095/5773/525 3168/5928/525 3169/5930/525
f 3067/5713/526 3156/5902/526 3069/5717/526
f 3095/5773/527 3170/5932/527 3097/5777/527
f 3069/5717/528 3157/5904/528 3071/5721/528
f 3099/5781/529 3170/5932/529 3171/5934/529
f 3071/5721/530 3158/5906/530 3073/5725/530
f 3101/5785/531 3171/5934/531 3172/5936/531
f 3073/5725/532 3159/5908/532 3075/5729/532
f 3103/5789/533 3172/5936/533 3173/5937/533
f 3075/5729/534 3160/5911/534 3077/5733/534
f 3212/6012/34 3181/5954/34 3213/6014/34
f 3214/6016/34 3181/5954/34 3182/5956/34
f 3215/6018/34 3182/5956/34 3183/5958/34
f 3215/6018/34 3184/5961/34 3216/6021/34
f 3216/6021/34 3185/5962/34 3217/6023/34
f 3217/6023/34 3186/5964/34 3218/6025/34
f 3218/6025/34 3187/5966/34 3219/6027/34
f 3220/6029/34 3187/5966/34 3188/5968/34
f 3220/6029/34 3189/5970/34 3221/6031/34
f 3222/6033/34 3189/5970/34 3190/5972/34
f 3222/6033/34 3191/5974/34 3223/6035/34
f 3223/6035/34 3192/5977/34 3224/6037/34
f 3225/6040/34 3192/5977/34 3193/5978/34
f 3225/6040/34 3194/5980/34 3226/6042/34
f 3227/6044/34 3194/5980/34 3195/5982/34
f 3227/6044/34 3196/5984/34 3228/6046/34
f 3228/6046/34 3197/5986/34 3229/6048/34
f 3229/6048/34 3198/5989/34 3230/6050/34
f 3230/6050/34 3199/5990/34 3231/6052/34
f 3231/6052/34 3200/5991/34 3232/6054/34
f 3232/6054/34 3201/5992/34 3233/6057/34
f 3233/6057/34 3202/5994/34 3234/6059/34
f 3234/6059/34 3203/5996/34 3235/6061/34
f 3235/6061/34 3204/5998/34 3236/6063/34
f 3236/6063/34 3205/6000/34 3237/6065/34
f 3238/6067/34 3205/6000/34 3206/6003/34
f 3238/6067/34 3207/6004/34 3239/6070/34
f 3239/6070/34 3208/6005/34 3240/6072/34
f 3241/6074/34 3208/6005/34 3209/6007/34
f 3241/6074/34 3210/6008/34 3242/6076/34
f 3243/6078/34 3210/6008/34 3211/6010/34
f 3243/6078/34 3180/5953/34 3212/6012/34
f 3052/5681/535 3213/6015/535 3054/5685/535
f 3054/5685/536 3214/6017/536 3056/5689/536
f 3056/5689/537 3215/6019/537 3058/5692/537
f 3058/5694/701 3216/6022/701 3060/5699/701
f 3060/5699/539 3217/6024/539 3062/5703/539
f 3062/5703/540 3218/6026/540 3064/5707/540
f 3064/5707/541 3219/6028/541 3066/5711/541
f 3066/5711/542 3220/6030/542 3068/5715/542
f 3070/5719/543 3220/6030/543 3221/6032/543
f 3070/5719/544 3222/6034/544 3072/5723/544
f 3072/5723/545 3223/6036/545 3074/5727/545
f 3074/5727/546 3224/6038/546 3076/5730/546
f 3078/5737/547 3224/6039/547 3225/6041/547
f 3078/5737/548 3226/6043/548 3080/5741/548
f 3080/5741/549 3227/6045/549 3082/5745/549
f 3082/5745/550 3228/6047/550 3084/5749/550
f 3086/5753/551 3228/6047/551 3229/6049/551
f 3086/5753/552 3230/6051/552 3088/5757/552
f 3088/5757/553 3231/6053/553 3090/5761/553
f 3090/5761/554 3232/6055/554 3092/5764/554
f 3094/5771/555 3232/6056/555 3233/6058/555
f 3096/5775/556 3233/6058/556 3234/6060/556
f 3098/5779/557 3234/6060/557 3235/6062/557
f 3100/5783/558 3235/6062/558 3236/6064/558
f 3100/5783/559 3237/6066/559 3102/5787/559
f 3104/5791/560 3237/6066/560 3238/6068/560
f 3106/5795/561 3238/6068/561 3239/6069/561
f 3106/5796/709 3240/6073/709 3108/5801/709
f 3110/5805/563 3240/6073/563 3241/6075/563
f 3112/5809/564 3241/6075/564 3242/6077/564
f 3112/5809/565 3243/6079/565 3114/5813/565
f 3114/5813/566 3212/6013/566 3052/5681/566
f 3211/6011/567 3244/6080/567 3180/5952/567
f 3339/6207/568 3245/6081/568 3244/6080/568
f 3337/6205/569 3245/6081/569 3338/6206/569
f 3210/6009/570 3339/6207/570 3211/6011/570
f 3336/6204/571 3338/6206/571 3339/6207/571
f 3335/6203/572 3337/6205/572 3338/6206/572
f 3333/6201/573 3210/6009/573 3209/6006/573
f 3333/6201/574 3335/6203/574 3336/6204/574
f 3331/6198/575 3335/6203/575 3332/6199/575
f 3330/6196/576 3209/6007/576 3208/6005/576
f 3329/6193/577 3333/6201/577 3330/6195/577
f 3328/6191/578 3332/6199/578 3329/6193/578
f 3207/6004/579 3330/6196/579 3208/6005/579
f 3326/6188/580 3330/6197/580 3327/6189/580
f 3325/6187/581 3329/6194/581 3326/6188/581
f 3206/6003/582 3327/6190/582 3207/6004/582
f 3324/6186/583 3326/6188/583 3327/6189/583
f 3323/6184/584 3325/6187/584 3326/6188/584
f 3205/6001/585 3324/6186/585 3206/6002/585
f 3321/6182/586 3323/6184/586 3324/6186/586
f 3319/6180/587 3323/6184/587 3320/6181/587
f 3204/5999/588 3321/6182/588 3205/6001/588
f 3343/6215/589 3320/6181/589 3321/6182/589
f 3342/6214/590 3319/6180/590 3320/6181/590
f 3315/6172/591 3318/6179/591 3204/5999/591
f 3382/6293/592 3357/6242/592 3383/6295/592
f 3202/5995/593 3315/6172/593 3203/5997/593
f 3311/6164/594 3341/6211/594 3315/6172/594
f 3310/6163/595 3340/6209/595 3314/6169/595
f 3201/5993/596 3312/6165/596 3202/5995/596
f 3309/6161/597 3311/6164/597 3312/6165/597
f 3308/6160/598 3310/6163/598 3311/6164/598
f 3200/5991/599 3309/6162/599 3201/5992/599
f 3306/6157/600 3308/6160/600 3309/6161/600
f 3305/6156/601 3307/6159/601 3308/6160/601
f 3199/5990/602 3306/6158/602 3200/5991/602
f 3303/6152/603 3305/6156/603 3306/6157/603
f 3301/6148/604 3305/6156/604 3302/6150/604
f 3198/5989/605 3303/6153/605 3199/5990/605
f 3299/6145/606 3303/6154/606 3300/6147/606
f 3298/6144/607 3302/6151/607 3299/6145/607
f 3197/5987/608 3300/6147/608 3198/5988/608
f 3296/6142/609 3300/6147/609 3297/6143/609
f 3295/6141/610 3299/6145/610 3296/6142/610
f 3196/5985/611 3297/6143/611 3197/5987/611
f 3293/6139/612 3297/6143/612 3294/6140/612
f 3293/6139/613 3295/6141/613 3296/6142/613
f 3291/6137/614 3196/5985/614 3195/5983/614
f 3290/6136/615 3294/6140/615 3291/6137/615
f 3289/6135/616 3293/6139/616 3290/6136/616
f 3288/6134/617 3195/5983/617 3194/5981/617
f 3287/6133/618 3291/6137/618 3288/6134/618
f 3286/6132/619 3290/6136/619 3287/6133/619
f 3285/6131/620 3194/5981/620 3193/5979/620
f 3284/6130/621 3288/6134/621 3285/6131/621
f 3283/6129/622 3287/6133/622 3284/6130/622
f 3282/6127/623 3193/5979/623 3192/5976/623
f 3282/6127/624 3284/6130/624 3285/6131/624
f 3280/6125/625 3284/6130/625 3281/6126/625
f 3279/6122/626 3192/5977/626 3191/5974/626
f 3279/6123/627 3281/6126/627 3282/6127/627
f 3278/6120/628 3280/6125/628 3281/6126/628
f 3276/6117/629 3191/5975/629 3190/5973/629
f 3275/6116/630 3279/6124/630 3276/6117/630
f 3274/6115/703 3278/6121/703 3275/6116/703
f 3273/6114/632 3190/5973/632 3189/5971/632
f 3272/6113/633 3276/6117/633 3273/6114/633
f 3271/6112/634 3275/6116/634 3272/6113/634
f 3270/6111/635 3189/5971/635 3188/5969/635
f 3269/6110/636 3273/6114/636 3270/6111/636
f 3268/6109/637 3272/6113/637 3269/6110/637
f 3267/6108/638 3188/5969/638 3187/5967/638
f 3266/6107/639 3270/6111/639 3267/6108/639
f 3265/6106/640 3269/6110/640 3266/6107/640
f 3264/6105/641 3187/5967/641 3186/5965/641
f 3263/6104/642 3267/6108/642 3264/6105/642
f 3262/6103/643 3266/6107/643 3263/6104/643
f 3261/6102/644 3186/5965/644 3185/5963/644
f 3260/6101/645 3264/6105/645 3261/6102/645
f 3259/6100/646 3263/6104/646 3260/6101/646
f 3258/6097/647 3185/5963/647 3184/5960/647
f 3257/6095/648 3261/6102/648 3258/6097/648
f 3256/6093/649 3260/6101/649 3257/6095/649
f 3255/6091/650 3184/5961/650 3183/5958/650
f 3254/6090/651 3258/6099/651 3255/6092/651
f 3253/6089/652 3257/6096/652 3254/6090/652
f 3252/6088/653 3183/5959/653 3182/5957/653
f 3252/6088/654 3254/6090/654 3255/6092/654
f 3250/6086/655 3254/6090/655 3251/6087/655
f 3249/6085/656 3182/5957/656 3181/5955/656
f 3248/6084/657 3252/6088/657 3249/6085/657
f 3247/6083/658 3251/6087/658 3248/6084/658
f 3244/6080/659 3181/5955/659 3180/5952/659
f 3244/6080/660 3248/6084/660 3249/6085/660
f 3246/6082/661 3248/6084/661 3245/6081/661
f 3347/6223/662 3317/6176/662 3345/6219/662
f 3314/6169/662 3347/6223/662 3345/6219/662
f 3361/6253/663 3360/6251/663 3362/6254/663
f 3370/6273/664 3351/6232/664 3352/6235/664
f 3367/6267/665 3350/6229/665 3368/6269/665
f 3343/6215/666 3344/6218/666 3341/6211/666
f 3353/6236/667 3349/6226/667 3350/6228/667
f 3351/6233/667 3354/6238/667 3352/6234/667
f 3381/6292/592 3355/6239/592 3382/6293/592
f 3372/6277/668 3350/6230/668 3349/6227/668
f 3380/6290/669 3356/6240/669 3381/6291/669
f 3369/6270/668 3349/6227/668 3351/6231/668
f 3360/6250/670 3356/6241/670 3359/6247/670
f 3358/6245/670 3355/6239/670 3360/6250/670
f 3366/6262/671 3359/6248/671 3356/6240/671
f 3364/6258/672 3358/6246/672 3361/6252/672
f 3362/6254/663 3359/6249/663 3365/6260/663
f 3363/6255/673 3380/6289/673 3379/6288/673
f 3377/6285/674 3366/6264/674 3363/6256/674
f 3373/6278/675 3365/6260/675 3378/6286/675
f 3374/6280/676 3361/6252/676 3376/6284/676
f 3375/6281/677 3365/6261/677 3366/6262/677
f 3376/6283/705 3362/6254/705 3373/6278/705
f 3374/6279/679 3363/6256/679 3364/6257/679
f 3389/6307/680 3372/6277/680 3369/6270/680
f 3386/6300/681 3371/6275/681 3390/6309/681
f 3387/6303/680 3368/6268/680 3372/6277/680
f 3390/6309/681 3367/6266/681 3388/6304/681
f 3388/6306/682 3368/6269/682 3385/6298/682
f 3386/6301/683 3369/6271/683 3370/6273/683
f 3384/6297/684 3352/6235/684 3383/6294/684
f 3379/6288/673 3364/6259/673 3363/6255/673
f 3314/6170/685 3377/6285/685 3374/6279/685
f 3341/6212/686 3373/6278/686 3348/6225/686
f 3317/6177/687 3378/6287/687 3375/6281/687
f 3314/6171/710 3376/6284/710 3341/6210/710
f 3343/6217/689 3373/6278/689 3378/6286/689
f 3317/6178/690 3377/6285/690 3345/6220/690
f 3370/6274/691 3379/6288/691 3371/6276/691
f 3384/6297/692 3357/6243/692 3364/6258/692
f 3371/6276/691 3380/6289/691 3367/6265/691
f 3380/6290/693 3353/6237/693 3367/6267/693
f 3381/6292/694 3354/6238/694 3353/6236/694
f 3354/6238/694 3383/6295/694 3352/6234/694
f 3313/6167/695 3386/6301/695 3340/6208/695
f 3316/6174/696 3388/6306/696 3385/6298/696
f 3342/6214/697 3390/6310/697 3388/6305/697
f 3316/6175/698 3387/6303/698 3346/6222/698
f 3340/6209/699 3390/6310/699 3347/6223/699
f 3313/6168/700 3387/6303/700 3389/6307/700
f 3456/6449/471 3586/6714/471 3585/6713/471
f 3455/6447/472 3589/6717/472 3586/6714/472
f 3457/6451/473 3592/6720/473 3589/6717/473
f 3592/6720/474 3459/6455/474 3595/6725/474
f 3459/6456/475 3598/6731/475 3595/6724/475
f 3460/6458/476 3601/6734/476 3598/6731/476
f 3461/6460/477 3604/6737/477 3601/6734/477
f 3462/6462/478 3607/6740/478 3604/6737/478
f 3463/6464/479 3610/6743/479 3607/6740/479
f 3464/6466/480 3613/6746/480 3610/6743/480
f 3465/6468/481 3616/6750/481 3613/6746/481
f 3616/6749/482 3467/6473/482 3619/6756/482
f 3467/6473/483 3622/6760/483 3619/6756/483
f 3468/6475/484 3625/6763/484 3622/6760/484
f 3469/6477/485 3628/6766/485 3625/6763/485
f 3470/6479/486 3631/6769/486 3628/6766/486
f 3631/6769/487 3472/6483/487 3634/6772/487
f 3634/6772/488 3473/6485/488 3637/6775/488
f 3637/6775/489 3474/6487/489 3640/6780/489
f 3474/6488/490 3643/6786/490 3640/6779/490
f 3643/6786/491 3476/6492/491 3646/6790/491
f 3646/6790/492 3477/6494/492 3649/6794/492
f 3477/6494/493 3652/6797/493 3649/6794/493
f 3478/6496/494 3655/6804/494 3685/6852/494
f 3655/6804/495 3480/6500/495 3658/6811/495
f 3658/6811/496 3481/6502/496 3661/6814/496
f 3661/6814/497 3482/6504/497 3664/6818/497
f 3482/6504/498 3667/6823/498 3664/6818/498
f 3667/6822/499 3484/6509/499 3670/6829/499
f 3670/6829/500 3485/6511/500 3673/6833/500
f 3444/6424/501 3512/6568/501 3513/6571/501
f 3485/6511/502 3676/6836/502 3673/6833/502
f 3486/6513/503 3585/6713/503 3676/6836/503
f 3421/6375/34 3437/6409/34 3453/6443/34
f 3392/6313/35 3455/6448/35 3456/6450/35
f 3394/6317/35 3457/6452/35 3455/6448/35
f 3396/6321/35 3458/6454/35 3457/6452/35
f 3400/6331/35 3458/6454/35 3398/6326/35
f 3402/6335/35 3459/6457/35 3400/6331/35
f 3404/6339/35 3460/6459/35 3402/6335/35
f 3404/6339/35 3462/6463/35 3461/6461/35
f 3408/6347/35 3462/6463/35 3406/6343/35
f 3408/6347/35 3464/6467/35 3463/6465/35
f 3412/6355/35 3464/6467/35 3410/6351/35
f 3414/6359/35 3465/6469/35 3412/6355/35
f 3414/6359/35 3467/6474/35 3466/6472/35
f 3418/6369/35 3467/6474/35 3416/6365/35
f 3418/6369/35 3469/6478/35 3468/6476/35
f 3422/6377/35 3469/6478/35 3420/6373/35
f 3424/6381/35 3470/6480/35 3422/6377/35
f 3424/6381/35 3472/6484/35 3471/6482/35
f 3426/6385/35 3473/6486/35 3472/6484/35
f 3428/6389/35 3474/6489/35 3473/6486/35
f 3430/6393/35 3475/6491/35 3474/6489/35
f 3434/6403/35 3475/6491/35 3432/6398/35
f 3434/6403/35 3477/6495/35 3476/6493/35
f 3438/6411/35 3477/6495/35 3436/6407/35
f 3440/6415/35 3478/6497/35 3438/6411/35
f 3442/6419/35 3479/6499/35 3440/6415/35
f 3442/6419/35 3481/6503/35 3480/6501/35
f 3446/6428/35 3481/6503/35 3444/6423/35
f 3448/6433/35 3482/6505/35 3446/6428/35
f 3450/6437/35 3483/6508/35 3448/6433/35
f 3452/6441/35 3484/6510/35 3450/6437/35
f 3452/6441/35 3486/6514/35 3485/6512/35
f 3392/6313/35 3486/6514/35 3454/6445/35
f 3505/6553/35 3497/6536/35 3489/6519/35
f 3416/6366/504 3500/6544/504 3418/6370/504
f 3446/6429/505 3513/6571/505 3514/6572/505
f 3418/6370/506 3501/6546/506 3420/6374/506
f 3392/6314/507 3487/6516/507 3394/6318/507
f 3446/6430/508 3515/6576/508 3448/6434/508
f 3420/6374/509 3502/6548/509 3422/6378/509
f 3394/6318/510 3489/6520/510 3396/6322/510
f 3448/6434/511 3516/6578/511 3450/6438/511
f 3422/6378/512 3503/6550/512 3424/6382/512
f 3398/6327/513 3489/6520/513 3490/6521/513
f 3452/6442/514 3516/6578/514 3517/6580/514
f 3424/6382/515 3504/6552/515 3426/6386/515
f 3398/6328/516 3491/6525/516 3400/6332/516
f 3452/6442/517 3518/6582/517 3454/6446/517
f 3426/6386/518 3505/6554/518 3428/6390/518
f 3400/6332/519 3492/6527/519 3402/6336/519
f 3454/6446/520 3488/6518/520 3392/6314/520
f 3428/6390/521 3506/6556/521 3430/6394/521
f 3402/6336/522 3493/6529/522 3404/6340/522
f 3432/6399/523 3506/6556/523 3507/6557/523
f 3404/6340/524 3494/6531/524 3406/6344/524
f 3434/6404/525 3507/6559/525 3508/6561/525
f 3406/6344/526 3495/6533/526 3408/6348/526
f 3436/6408/527 3508/6561/527 3509/6563/527
f 3408/6348/528 3496/6535/528 3410/6352/528
f 3438/6412/529 3509/6563/529 3510/6565/529
f 3410/6352/530 3497/6537/530 3412/6356/530
f 3440/6416/531 3510/6565/531 3511/6567/531
f 3412/6356/532 3498/6539/532 3414/6360/532
f 3442/6420/533 3511/6567/533 3512/6568/533
f 3414/6360/534 3499/6542/534 3416/6364/534
f 3551/6643/34 3520/6585/34 3552/6645/34
f 3553/6647/34 3520/6585/34 3521/6587/34
f 3553/6647/34 3522/6589/34 3554/6649/34
f 3554/6649/34 3523/6592/34 3555/6652/34
f 3555/6652/34 3524/6593/34 3556/6654/34
f 3556/6654/34 3525/6595/34 3557/6656/34
f 3558/6658/34 3525/6595/34 3526/6597/34
f 3559/6660/34 3526/6597/34 3527/6599/34
f 3560/6662/34 3527/6599/34 3528/6601/34
f 3560/6662/34 3529/6603/34 3561/6664/34
f 3561/6664/34 3530/6605/34 3562/6666/34
f 3563/6669/34 3530/6605/34 3531/6608/34
f 3564/6671/34 3531/6608/34 3532/6609/34
f 3564/6671/34 3533/6611/34 3565/6673/34
f 3565/6673/34 3534/6613/34 3566/6675/34
f 3567/6677/34 3534/6613/34 3535/6615/34
f 3568/6679/34 3535/6615/34 3536/6617/34
f 3568/6679/34 3537/6620/34 3569/6681/34
f 3570/6683/34 3537/6620/34 3538/6621/34
f 3571/6685/34 3538/6621/34 3539/6622/34
f 3572/6688/34 3539/6622/34 3540/6623/34
f 3572/6688/34 3541/6625/34 3573/6690/34
f 3573/6690/34 3542/6627/34 3574/6692/34
f 3575/6694/34 3542/6627/34 3543/6629/34
f 3575/6694/34 3544/6631/34 3576/6696/34
f 3576/6696/34 3545/6634/34 3577/6698/34
f 3578/6701/34 3545/6634/34 3546/6635/34
f 3578/6701/34 3547/6636/34 3579/6703/34
f 3579/6703/34 3548/6637/34 3580/6705/34
f 3580/6705/34 3549/6639/34 3581/6707/34
f 3581/6707/34 3550/6642/34 3582/6709/34
f 3582/6709/34 3519/6583/34 3551/6643/34
f 3391/6312/535 3552/6646/535 3393/6316/535
f 3393/6316/536 3553/6648/536 3395/6320/536
f 3395/6320/537 3554/6650/537 3397/6323/537
f 3397/6325/701 3555/6653/701 3399/6330/701
f 3399/6330/539 3556/6655/539 3401/6334/539
f 3401/6334/540 3557/6657/540 3403/6338/540
f 3403/6338/541 3558/6659/541 3405/6342/541
f 3405/6342/542 3559/6661/542 3407/6346/542
f 3407/6346/543 3560/6663/543 3409/6350/543
f 3409/6350/544 3561/6665/544 3411/6354/544
f 3411/6354/545 3562/6667/545 3413/6358/545
f 3415/6362/546 3562/6667/546 3563/6668/546
f 3415/6363/547 3564/6672/547 3417/6368/547
f 3417/6368/548 3565/6674/548 3419/6372/548
f 3419/6372/549 3566/6676/549 3421/6376/549
f 3423/6380/550 3566/6676/550 3567/6678/550
f 3425/6384/551 3567/6678/551 3568/6680/551
f 3427/6388/552 3568/6680/552 3569/6682/552
f 3427/6388/553 3570/6684/553 3429/6392/553
f 3429/6392/554 3571/6686/554 3431/6395/554
f 3431/6397/555 3572/6689/555 3433/6402/555
f 3435/6406/556 3572/6689/556 3573/6691/556
f 3435/6406/557 3574/6693/557 3437/6410/557
f 3439/6414/558 3574/6693/558 3575/6695/558
f 3439/6414/559 3576/6697/559 3441/6418/559
f 3443/6422/560 3576/6697/560 3577/6699/560
f 3445/6426/561 3577/6699/561 3578/6700/561
f 3447/6432/709 3578/6702/709 3579/6704/709
f 3449/6436/563 3579/6704/563 3580/6706/563
f 3449/6436/564 3581/6708/564 3451/6440/564
f 3451/6440/565 3582/6710/565 3453/6444/565
f 3391/6312/566 3582/6710/566 3551/6644/566
f 3678/6838/567 3519/6584/567 3550/6641/567
f 3677/6837/568 3583/6711/568 3678/6838/568
f 3677/6837/569 3585/6713/569 3584/6712/569
f 3549/6640/570 3678/6838/570 3550/6641/570
f 3675/6835/571 3677/6837/571 3678/6838/571
f 3673/6833/572 3677/6837/572 3674/6834/572
f 3548/6638/573 3675/6835/573 3549/6640/573
f 3672/6831/574 3674/6834/574 3675/6835/574
f 3671/6830/575 3673/6833/575 3674/6834/575
f 3547/6636/576 3672/6832/576 3548/6637/576
f 3669/6827/577 3671/6830/577 3672/6831/577
f 3668/6824/578 3670/6829/578 3671/6830/578
f 3546/6635/579 3669/6828/579 3547/6636/579
f 3666/6820/580 3668/6825/580 3669/6826/580
f 3664/6818/581 3668/6825/581 3665/6819/581
f 3545/6634/582 3666/6821/582 3546/6635/582
f 3663/6817/583 3665/6819/583 3666/6820/583
f 3662/6815/584 3664/6818/584 3665/6819/584
f 3544/6632/585 3663/6817/585 3545/6633/585
f 3660/6813/586 3662/6815/586 3663/6817/586
f 3659/6812/587 3661/6814/587 3662/6815/587
f 3543/6630/588 3660/6813/588 3544/6632/588
f 3682/6846/589 3659/6812/589 3660/6813/589
f 3681/6845/590 3658/6811/590 3659/6812/590
f 3654/6803/591 3683/6849/591 3543/6630/591
f 3721/6924/592 3696/6873/592 3722/6926/592
f 3541/6626/593 3654/6803/593 3542/6628/593
f 3650/6795/594 3680/6842/594 3654/6803/594
f 3649/6794/595 3679/6840/595 3653/6800/595
f 3540/6624/596 3651/6796/596 3541/6626/596
f 3648/6792/597 3650/6795/597 3651/6796/597
f 3647/6791/598 3649/6794/598 3650/6795/598
f 3539/6622/599 3648/6793/599 3540/6623/599
f 3645/6788/600 3647/6791/600 3648/6792/600
f 3644/6787/601 3646/6790/601 3647/6791/601
f 3538/6621/602 3645/6789/602 3539/6622/602
f 3642/6783/603 3644/6787/603 3645/6788/603
f 3640/6779/604 3644/6787/604 3641/6781/604
f 3639/6777/605 3538/6621/605 3537/6620/605
f 3638/6776/606 3642/6785/606 3639/6778/606
f 3638/6776/607 3640/6780/607 3641/6782/607
f 3536/6618/608 3639/6778/608 3537/6619/608
f 3635/6773/609 3639/6778/609 3636/6774/609
f 3635/6773/610 3637/6775/610 3638/6776/610
f 3535/6616/611 3636/6774/611 3536/6618/611
f 3632/6770/612 3636/6774/612 3633/6771/612
f 3631/6769/613 3635/6773/613 3632/6770/613
f 3630/6768/614 3535/6616/614 3534/6614/614
f 3630/6768/615 3632/6770/615 3633/6771/615
f 3628/6766/616 3632/6770/616 3629/6767/616
f 3627/6765/617 3534/6614/617 3533/6612/617
f 3626/6764/618 3630/6768/618 3627/6765/618
f 3625/6763/619 3629/6767/619 3626/6764/619
f 3624/6762/620 3533/6612/620 3532/6610/620
f 3623/6761/621 3627/6765/621 3624/6762/621
f 3622/6760/622 3626/6764/622 3623/6761/622
f 3621/6759/623 3532/6610/623 3531/6607/623
f 3620/6757/624 3624/6762/624 3621/6759/624
f 3619/6756/625 3623/6761/625 3620/6757/625
f 3618/6754/626 3531/6608/626 3530/6605/626
f 3617/6751/627 3621/6759/627 3618/6753/627
f 3617/6751/628 3619/6756/628 3620/6757/628
f 3615/6748/629 3530/6606/629 3529/6604/629
f 3614/6747/630 3618/6755/630 3615/6748/630
f 3613/6746/703 3617/6752/703 3614/6747/703
f 3612/6745/632 3529/6604/632 3528/6602/632
f 3611/6744/633 3615/6748/633 3612/6745/633
f 3610/6743/634 3614/6747/634 3611/6744/634
f 3609/6742/635 3528/6602/635 3527/6600/635
f 3608/6741/636 3612/6745/636 3609/6742/636
f 3607/6740/637 3611/6744/637 3608/6741/637
f 3606/6739/704 3527/6600/704 3526/6598/704
f 3605/6738/711 3609/6742/711 3606/6739/711
f 3604/6737/640 3608/6741/640 3605/6738/640
f 3603/6736/641 3526/6598/641 3525/6596/641
f 3602/6735/642 3606/6739/642 3603/6736/642
f 3601/6734/643 3605/6738/643 3602/6735/643
f 3600/6733/644 3525/6596/644 3524/6594/644
f 3599/6732/645 3603/6736/645 3600/6733/645
f 3598/6731/646 3602/6735/646 3599/6732/646
f 3597/6728/647 3524/6594/647 3523/6591/647
f 3596/6726/648 3600/6733/648 3597/6728/648
f 3595/6724/649 3599/6732/649 3596/6726/649
f 3594/6722/650 3523/6592/650 3522/6589/650
f 3593/6721/651 3597/6730/651 3594/6723/651
f 3593/6721/652 3595/6725/652 3596/6727/652
f 3591/6719/653 3522/6590/653 3521/6588/653
f 3591/6719/654 3593/6721/654 3594/6723/654
f 3589/6717/655 3593/6721/655 3590/6718/655
f 3588/6716/656 3521/6588/656 3520/6586/656
f 3587/6715/657 3591/6719/657 3588/6716/657
f 3586/6714/658 3590/6718/658 3587/6715/658
f 3583/6711/659 3520/6586/659 3519/6584/659
f 3583/6711/660 3587/6715/660 3588/6716/660
f 3585/6713/661 3587/6715/661 3584/6712/661
f 3686/6854/662 3656/6807/662 3684/6850/662
f 3653/6800/662 3686/6854/662 3684/6850/662
f 3700/6884/663 3699/6882/663 3701/6885/663
f 3709/6904/664 3690/6863/664 3691/6866/664
f 3706/6898/665 3689/6860/665 3707/6900/665
f 3682/6846/666 3683/6849/666 3680/6842/666
f 3692/6867/667 3688/6857/667 3689/6859/667
f 3690/6864/667 3693/6869/667 3691/6865/667
f 3720/6923/592 3694/6870/592 3721/6924/592
f 3711/6908/668 3689/6861/668 3688/6858/668
f 3719/6921/669 3695/6871/669 3720/6922/669
f 3708/6901/668 3688/6858/668 3690/6862/668
f 3699/6881/670 3695/6872/670 3698/6878/670
f 3697/6876/670 3694/6870/670 3699/6881/670
f 3705/6893/671 3698/6879/671 3695/6871/671
f 3703/6889/672 3697/6877/672 3700/6883/672
f 3701/6885/663 3698/6880/663 3704/6891/663
f 3702/6886/673 3719/6920/673 3718/6919/673
f 3716/6916/674 3705/6895/674 3702/6887/674
f 3712/6909/675 3704/6891/675 3717/6917/675
f 3713/6911/676 3700/6883/676 3715/6915/676
f 3714/6912/677 3704/6892/677 3705/6893/677
f 3715/6914/678 3701/6885/678 3712/6909/678
f 3713/6910/679 3702/6887/679 3703/6888/679
f 3728/6938/680 3711/6908/680 3708/6901/680
f 3725/6931/681 3710/6906/681 3729/6940/681
f 3726/6934/680 3707/6899/680 3711/6908/680
f 3729/6940/681 3706/6897/681 3727/6935/681
f 3727/6937/682 3707/6900/682 3724/6929/682
f 3725/6932/683 3708/6902/683 3709/6904/683
f 3723/6928/684 3691/6866/684 3722/6925/684
f 3718/6919/673 3703/6890/673 3702/6886/673
f 3653/6801/685 3716/6916/685 3713/6910/685
f 3680/6843/686 3712/6909/686 3687/6856/686
f 3656/6808/687 3717/6918/687 3714/6912/687
f 3653/6802/688 3715/6915/688 3680/6841/688
f 3682/6848/689 3712/6909/689 3717/6917/689
f 3656/6809/690 3716/6916/690 3684/6851/690
f 3709/6905/691 3718/6919/691 3710/6907/691
f 3723/6928/692 3696/6874/692 3703/6889/692
f 3710/6907/691 3719/6920/691 3706/6896/691
f 3719/6921/693 3692/6868/693 3706/6898/693
f 3720/6923/694 3693/6869/694 3692/6867/694
f 3693/6869/694 3722/6926/694 3691/6865/694
f 3652/6798/695 3725/6932/695 3679/6839/695
f 3655/6805/696 3727/6937/696 3724/6929/696
f 3681/6845/697 3729/6941/697 3727/6936/697
f 3655/6806/698 3726/6934/698 3685/6853/698
f 3679/6840/699 3729/6941/699 3686/6854/699
f 3652/6799/700 3726/6934/700 3728/6938/700
f 3795/7080/471 3925/7345/471 3924/7344/471
f 3794/7078/472 3928/7348/472 3925/7345/472
f 3796/7082/473 3931/7351/473 3928/7348/473
f 3931/7351/474 3798/7086/474 3934/7356/474
f 3798/7087/475 3937/7362/475 3934/7355/475
f 3799/7089/476 3940/7365/476 3937/7362/476
f 3800/7091/477 3943/7368/477 3940/7365/477
f 3801/7093/478 3946/7371/478 3943/7368/478
f 3802/7095/479 3949/7374/479 3946/7371/479
f 3803/7097/480 3952/7377/480 3949/7374/480
f 3804/7099/481 3955/7381/481 3952/7377/481
f 3955/7380/482 3806/7104/482 3958/7387/482
f 3806/7104/483 3961/7391/483 3958/7387/483
f 3807/7106/484 3964/7394/484 3961/7391/484
f 3808/7108/485 3967/7397/485 3964/7394/485
f 3967/7397/486 3810/7112/486 3970/7400/486
f 3970/7400/487 3811/7114/487 3973/7403/487
f 3973/7403/488 3812/7116/488 3976/7406/488
f 3976/7406/489 3813/7118/489 3979/7411/489
f 3813/7119/490 3982/7417/490 3979/7410/490
f 3982/7417/491 3815/7123/491 3985/7421/491
f 3985/7421/492 3816/7125/492 3988/7425/492
f 3816/7125/493 3991/7428/493 3988/7425/493
f 3817/7127/494 3994/7435/494 4024/7483/494
f 3994/7435/495 3819/7131/495 3997/7442/495
f 3997/7442/496 3820/7133/496 4000/7445/496
f 4000/7445/497 3821/7135/497 4003/7449/497
f 3821/7135/498 4006/7454/498 4003/7449/498
f 4006/7453/499 3823/7140/499 4009/7460/499
f 4009/7460/500 3824/7142/500 4012/7464/500
f 3783/7055/501 3851/7199/501 3852/7202/501
f 4012/7464/502 3825/7144/502 4015/7467/502
f 3825/7144/503 3924/7344/503 4015/7467/503
f 3760/7006/34 3776/7040/34 3792/7074/34
f 3731/6944/35 3794/7079/35 3795/7081/35
f 3733/6948/35 3796/7083/35 3794/7079/35
f 3735/6952/35 3797/7085/35 3796/7083/35
f 3739/6962/35 3797/7085/35 3737/6958/35
f 3741/6966/35 3798/7088/35 3739/6962/35
f 3743/6970/35 3799/7090/35 3741/6966/35
f 3743/6970/35 3801/7094/35 3800/7092/35
f 3747/6978/35 3801/7094/35 3745/6974/35
f 3747/6978/35 3803/7098/35 3802/7096/35
f 3751/6986/35 3803/7098/35 3749/6982/35
f 3751/6986/35 3805/7103/35 3804/7100/35
f 3753/6990/35 3806/7105/35 3805/7103/35
f 3757/7000/35 3806/7105/35 3755/6996/35
f 3759/7004/35 3807/7107/35 3757/7000/35
f 3761/7008/35 3808/7109/35 3759/7004/35
f 3763/7012/35 3809/7111/35 3761/7008/35
f 3763/7012/35 3811/7115/35 3810/7113/35
f 3767/7020/35 3811/7115/35 3765/7016/35
f 3769/7024/35 3812/7117/35 3767/7020/35
f 3771/7029/35 3813/7120/35 3769/7024/35
f 3773/7034/35 3814/7122/35 3771/7029/35
f 3773/7034/35 3816/7126/35 3815/7124/35
f 3777/7042/35 3816/7126/35 3775/7038/35
f 3779/7046/35 3817/7128/35 3777/7042/35
f 3781/7050/35 3818/7130/35 3779/7046/35
f 3781/7050/35 3820/7134/35 3819/7132/35
f 3785/7059/35 3820/7134/35 3783/7054/35
f 3787/7064/35 3821/7136/35 3785/7059/35
f 3789/7068/35 3822/7139/35 3787/7064/35
f 3791/7072/35 3823/7141/35 3789/7068/35
f 3793/7076/35 3824/7143/35 3791/7072/35
f 3731/6944/35 3825/7145/35 3793/7076/35
f 3844/7184/35 3836/7167/35 3828/7150/35
f 3757/7001/504 3838/7172/504 3839/7175/504
f 3785/7060/505 3852/7202/505 3853/7203/505
f 3757/7001/506 3840/7177/506 3759/7005/506
f 3731/6945/507 3826/7147/507 3733/6949/507
f 3787/7065/508 3853/7205/508 3854/7207/508
f 3759/7005/509 3841/7179/509 3761/7009/509
f 3733/6949/510 3828/7151/510 3735/6953/510
f 3787/7065/511 3855/7209/511 3789/7069/511
f 3761/7009/512 3842/7181/512 3763/7013/512
f 3735/6953/513 3829/7153/513 3737/6957/513
f 3791/7073/514 3855/7209/514 3856/7211/514
f 3763/7013/515 3843/7183/515 3765/7017/515
f 3737/6959/516 3830/7156/516 3739/6963/516
f 3791/7073/517 3857/7213/517 3793/7077/517
f 3765/7017/518 3844/7185/518 3767/7021/518
f 3739/6963/519 3831/7158/519 3741/6967/519
f 3731/6945/520 3857/7213/520 3827/7149/520
f 3767/7021/521 3845/7187/521 3769/7025/521
f 3741/6967/522 3832/7160/522 3743/6971/522
f 3771/7030/523 3845/7187/523 3846/7188/523
f 3743/6971/524 3833/7162/524 3745/6975/524
f 3773/7035/525 3846/7190/525 3847/7192/525
f 3745/6975/526 3834/7164/526 3747/6979/526
f 3775/7039/527 3847/7192/527 3848/7194/527
f 3747/6979/528 3835/7166/528 3749/6983/528
f 3777/7043/529 3848/7194/529 3849/7196/529
f 3749/6983/530 3836/7168/530 3751/6987/530
f 3779/7047/531 3849/7196/531 3850/7198/531
f 3751/6987/532 3837/7170/532 3753/6991/532
f 3781/7051/533 3850/7198/533 3851/7199/533
f 3753/6991/534 3838/7173/534 3755/6995/534
f 3890/7274/34 3859/7216/34 3891/7276/34
f 3892/7278/34 3859/7216/34 3860/7218/34
f 3892/7278/34 3861/7220/34 3893/7280/34
f 3893/7280/34 3862/7223/34 3894/7283/34
f 3895/7285/34 3862/7223/34 3863/7224/34
f 3895/7285/34 3864/7226/34 3896/7287/34
f 3897/7289/34 3864/7226/34 3865/7228/34
f 3898/7291/34 3865/7228/34 3866/7230/34
f 3899/7293/34 3866/7230/34 3867/7232/34
f 3899/7293/34 3868/7234/34 3900/7295/34
f 3900/7295/34 3869/7236/34 3901/7297/34
f 3902/7299/34 3869/7236/34 3870/7239/34
f 3903/7302/34 3870/7239/34 3871/7240/34
f 3903/7302/34 3872/7242/34 3904/7304/34
f 3904/7304/34 3873/7244/34 3905/7306/34
f 3905/7306/34 3874/7246/34 3906/7308/34
f 3906/7308/34 3875/7248/34 3907/7310/34
f 3907/7310/34 3876/7251/34 3908/7312/34
f 3909/7314/34 3876/7251/34 3877/7252/34
f 3910/7316/34 3877/7252/34 3878/7253/34
f 3911/7319/34 3878/7253/34 3879/7254/34
f 3911/7319/34 3880/7256/34 3912/7321/34
f 3912/7321/34 3881/7258/34 3913/7323/34
f 3914/7325/34 3881/7258/34 3882/7260/34
f 3914/7325/34 3883/7262/34 3915/7327/34
f 3916/7329/34 3883/7262/34 3884/7265/34
f 3916/7329/34 3885/7266/34 3917/7332/34
f 3917/7332/34 3886/7267/34 3918/7334/34
f 3919/7336/34 3886/7267/34 3887/7268/34
f 3920/7338/34 3887/7268/34 3888/7270/34
f 3920/7338/34 3889/7273/34 3921/7340/34
f 3921/7340/34 3858/7214/34 3890/7274/34
f 3732/6947/535 3890/7275/535 3891/7277/535
f 3734/6951/536 3891/7277/536 3892/7279/536
f 3734/6951/537 3893/7281/537 3736/6954/537
f 3738/6961/701 3893/7282/701 3894/7284/701
f 3738/6961/539 3895/7286/539 3740/6965/539
f 3740/6965/540 3896/7288/540 3742/6969/540
f 3742/6969/541 3897/7290/541 3744/6973/541
f 3746/6977/542 3897/7290/542 3898/7292/542
f 3746/6977/543 3899/7294/543 3748/6981/543
f 3748/6981/544 3900/7296/544 3750/6985/544
f 3750/6985/545 3901/7298/545 3752/6989/545
f 3752/6989/546 3902/7300/546 3754/6992/546
f 3754/6994/547 3903/7303/547 3756/6999/547
f 3756/6999/548 3904/7305/548 3758/7003/548
f 3758/7003/549 3905/7307/549 3760/7007/549
f 3760/7007/550 3906/7309/550 3762/7011/550
f 3762/7011/551 3907/7311/551 3764/7015/551
f 3766/7019/552 3907/7311/552 3908/7313/552
f 3768/7023/553 3908/7313/553 3909/7315/553
f 3768/7023/554 3910/7317/554 3770/7026/554
f 3770/7028/555 3911/7320/555 3772/7033/555
f 3774/7037/556 3911/7320/556 3912/7322/556
f 3776/7041/557 3912/7322/557 3913/7324/557
f 3778/7045/558 3913/7324/558 3914/7326/558
f 3780/7049/559 3914/7326/559 3915/7328/559
f 3782/7053/560 3915/7328/560 3916/7330/560
f 3784/7057/561 3916/7330/561 3917/7331/561
f 3784/7058/562 3918/7335/562 3786/7063/562
f 3786/7063/563 3919/7337/563 3788/7067/563
f 3788/7067/564 3920/7339/564 3790/7071/564
f 3790/7071/565 3921/7341/565 3792/7075/565
f 3792/7075/566 3890/7275/566 3730/6943/566
f 4017/7469/712 3858/7215/712 3889/7272/712
f 4016/7468/568 3922/7342/568 4017/7469/568
f 4016/7468/569 3924/7344/569 3923/7343/569
f 3888/7271/570 4017/7469/570 3889/7272/570
f 4014/7466/571 4016/7468/571 4017/7469/571
f 4013/7465/572 4015/7467/572 4016/7468/572
f 3887/7269/573 4014/7466/573 3888/7271/573
f 4011/7462/574 4013/7465/574 4014/7466/574
f 4010/7461/575 4012/7464/575 4013/7465/575
f 3886/7267/576 4011/7463/576 3887/7268/576
f 4008/7458/577 4010/7461/577 4011/7462/577
f 4007/7455/578 4009/7460/578 4010/7461/578
f 3885/7266/579 4008/7459/579 3886/7267/579
f 4005/7451/580 4007/7456/580 4008/7457/580
f 4003/7449/581 4007/7456/581 4004/7450/581
f 3884/7265/582 4005/7452/582 3885/7266/582
f 4002/7448/583 4004/7450/583 4005/7451/583
f 4001/7446/584 4003/7449/584 4004/7450/584
f 3883/7263/585 4002/7448/585 3884/7264/585
f 3999/7444/586 4001/7446/586 4002/7448/586
f 3998/7443/587 4000/7445/587 4001/7446/587
f 3882/7261/588 3999/7444/588 3883/7263/588
f 4021/7477/589 3998/7443/589 3999/7444/589
f 4020/7476/590 3997/7442/590 3998/7443/590
f 3993/7434/707 4022/7480/707 3882/7261/707
f 4060/7555/592 4035/7504/592 4061/7557/592
f 3880/7257/593 3993/7434/593 3881/7259/593
f 3989/7426/594 4019/7473/594 3993/7434/594
f 3988/7425/595 4018/7471/595 3992/7431/595
f 3879/7255/596 3990/7427/596 3880/7257/596
f 3987/7423/597 3989/7426/597 3990/7427/597
f 3986/7422/598 3988/7425/598 3989/7426/598
f 3878/7253/599 3987/7424/599 3879/7254/599
f 3984/7419/600 3986/7422/600 3987/7423/600
f 3983/7418/601 3985/7421/601 3986/7422/601
f 3877/7252/602 3984/7420/602 3878/7253/602
f 3981/7414/603 3983/7418/603 3984/7419/603
f 3979/7410/604 3983/7418/604 3980/7412/604
f 3978/7408/605 3877/7252/605 3876/7251/605
f 3977/7407/606 3981/7416/606 3978/7409/606
f 3977/7407/607 3979/7411/607 3980/7413/607
f 3875/7249/608 3978/7409/608 3876/7250/608
f 3974/7404/609 3978/7409/609 3975/7405/609
f 3973/7403/610 3977/7407/610 3974/7404/610
f 3874/7247/611 3975/7405/611 3875/7249/611
f 3971/7401/612 3975/7405/612 3972/7402/612
f 3971/7401/613 3973/7403/613 3974/7404/613
f 3969/7399/708 3874/7247/708 3873/7245/708
f 3968/7398/615 3972/7402/615 3969/7399/615
f 3967/7397/616 3971/7401/616 3968/7398/616
f 3966/7396/617 3873/7245/617 3872/7243/617
f 3965/7395/618 3969/7399/618 3966/7396/618
f 3964/7394/619 3968/7398/619 3965/7395/619
f 3963/7393/620 3872/7243/620 3871/7241/620
f 3962/7392/621 3966/7396/621 3963/7393/621
f 3961/7391/622 3965/7395/622 3962/7392/622
f 3960/7389/623 3871/7241/623 3870/7238/623
f 3959/7388/624 3963/7393/624 3960/7389/624
f 3958/7387/625 3962/7392/625 3959/7388/625
f 3957/7384/626 3870/7239/626 3869/7236/626
f 3957/7385/627 3959/7388/627 3960/7389/627
f 3956/7382/628 3958/7387/628 3959/7388/628
f 3954/7379/629 3869/7237/629 3868/7235/629
f 3953/7378/630 3957/7386/630 3954/7379/630
f 3952/7377/703 3956/7383/703 3953/7378/703
f 3951/7376/632 3868/7235/632 3867/7233/632
f 3950/7375/633 3954/7379/633 3951/7376/633
f 3949/7374/634 3953/7378/634 3950/7375/634
f 3948/7373/635 3867/7233/635 3866/7231/635
f 3947/7372/636 3951/7376/636 3948/7373/636
f 3946/7371/637 3950/7375/637 3947/7372/637
f 3945/7370/638 3866/7231/638 3865/7229/638
f 3944/7369/639 3948/7373/639 3945/7370/639
f 3943/7368/640 3947/7372/640 3944/7369/640
f 3942/7367/641 3865/7229/641 3864/7227/641
f 3941/7366/642 3945/7370/642 3942/7367/642
f 3940/7365/643 3944/7369/643 3941/7366/643
f 3939/7364/644 3864/7227/644 3863/7225/644
f 3938/7363/645 3942/7367/645 3939/7364/645
f 3937/7362/646 3941/7366/646 3938/7363/646
f 3936/7359/647 3863/7225/647 3862/7222/647
f 3935/7357/648 3939/7364/648 3936/7359/648
f 3934/7355/649 3938/7363/649 3935/7357/649
f 3861/7220/650 3936/7360/650 3862/7223/650
f 3932/7352/651 3936/7361/651 3933/7354/651
f 3932/7352/652 3934/7356/652 3935/7358/652
f 3930/7350/653 3861/7221/653 3860/7219/653
f 3930/7350/654 3932/7352/654 3933/7354/654
f 3928/7348/655 3932/7352/655 3929/7349/655
f 3927/7347/656 3860/7219/656 3859/7217/656
f 3926/7346/657 3930/7350/657 3927/7347/657
f 3925/7345/658 3929/7349/658 3926/7346/658
f 3922/7342/659 3859/7217/659 3858/7215/659
f 3923/7343/660 3927/7347/660 3922/7342/660
f 3924/7344/661 3926/7346/661 3923/7343/661
f 4025/7485/662 3995/7438/662 4023/7481/662
f 3992/7431/662 4025/7485/662 4023/7481/662
f 4039/7515/663 4038/7513/663 4040/7516/663
f 4048/7535/664 4029/7494/664 4030/7497/664
f 4045/7529/665 4028/7491/665 4046/7531/665
f 4021/7477/666 4022/7480/666 4019/7473/666
f 4031/7498/667 4027/7488/667 4028/7490/667
f 4029/7495/667 4032/7500/667 4030/7496/667
f 4059/7554/592 4033/7501/592 4060/7555/592
f 4050/7539/668 4028/7492/668 4027/7489/668
f 4058/7552/669 4034/7502/669 4059/7553/669
f 4047/7532/668 4027/7489/668 4029/7493/668
f 4038/7512/713 4034/7503/713 4037/7509/713
f 4036/7507/670 4033/7501/670 4038/7512/670
f 4044/7524/671 4037/7510/671 4034/7502/671
f 4042/7520/672 4036/7508/672 4039/7514/672
f 4040/7516/663 4037/7511/663 4043/7522/663
f 4041/7517/673 4058/7551/673 4057/7550/673
f 4055/7547/674 4044/7526/674 4041/7518/674
f 4051/7540/675 4043/7522/675 4056/7548/675
f 4052/7542/676 4039/7514/676 4054/7546/676
f 4053/7543/677 4043/7523/677 4044/7524/677
f 4054/7545/705 4040/7516/705 4051/7540/705
f 4052/7541/679 4041/7518/679 4042/7519/679
f 4067/7569/680 4050/7539/680 4047/7532/680
f 4064/7562/681 4049/7537/681 4068/7571/681
f 4065/7565/680 4046/7530/680 4050/7539/680
f 4068/7571/681 4045/7528/681 4066/7566/681
f 4066/7568/682 4046/7531/682 4063/7560/682
f 4064/7563/683 4047/7533/683 4048/7535/683
f 4062/7559/684 4030/7497/684 4061/7556/684
f 4057/7550/673 4042/7521/673 4041/7517/673
f 3992/7432/685 4055/7547/685 4052/7541/685
f 4019/7474/686 4051/7540/686 4026/7487/686
f 3995/7439/687 4056/7549/687 4053/7543/687
f 3992/7433/688 4054/7546/688 4019/7472/688
f 4021/7479/689 4051/7540/689 4056/7548/689
f 3995/7440/690 4055/7547/690 4023/7482/690
f 4048/7536/691 4057/7550/691 4049/7538/691
f 4062/7559/692 4035/7505/692 4042/7520/692
f 4049/7538/691 4058/7551/691 4045/7527/691
f 4058/7552/693 4031/7499/693 4045/7529/693
f 4059/7554/694 4032/7500/694 4031/7498/694
f 4032/7500/694 4061/7557/694 4030/7496/694
f 3991/7429/695 4064/7563/695 4018/7470/695
f 3994/7436/696 4066/7568/696 4063/7560/696
f 4020/7476/697 4068/7572/697 4066/7567/697
f 3994/7437/698 4065/7565/698 4024/7484/698
f 4018/7471/699 4068/7572/699 4025/7485/699
f 3991/7430/700 4065/7565/700 4067/7569/700
f 4134/7711/714 4264/7976/714 4263/7975/714
f 4133/7709/715 4267/7979/715 4264/7976/715
f 4135/7713/716 4270/7982/716 4267/7979/716
f 4136/7715/717 4273/7987/717 4270/7982/717
f 4137/7718/718 4276/7993/718 4273/7986/718
f 4138/7720/719 4279/7996/719 4276/7993/719
f 4139/7722/720 4282/7999/720 4279/7996/720
f 4140/7724/721 4285/8002/721 4282/7999/721
f 4141/7726/722 4288/8005/722 4285/8002/722
f 4142/7728/723 4291/8008/723 4288/8005/723
f 4143/7730/724 4294/8012/724 4291/8008/724
f 4144/7733/725 4297/8018/725 4294/8011/725
f 4145/7735/726 4300/8022/726 4297/8018/726
f 4146/7737/727 4303/8025/727 4300/8022/727
f 4147/7739/728 4306/8028/728 4303/8025/728
f 4148/7741/729 4309/8031/729 4306/8028/729
f 4309/8031/730 4150/7745/730 4312/8034/730
f 4312/8034/731 4151/7747/731 4315/8037/731
f 4315/8037/732 4152/7749/732 4318/8042/732
f 4318/8041/733 4153/7752/733 4321/8048/733
f 4321/8048/734 4154/7754/734 4324/8052/734
f 4324/8052/735 4155/7756/735 4327/8056/735
f 4155/7756/736 4330/8059/736 4327/8056/736
f 4156/7758/737 4333/8066/737 4363/8114/737
f 4333/8066/738 4158/7762/738 4336/8073/738
f 4336/8073/739 4159/7764/739 4339/8076/739
f 4339/8076/740 4160/7766/740 4342/8080/740
f 4342/8080/741 4161/7768/741 4345/8085/741
f 4345/8084/742 4162/7771/742 4348/8091/742
f 4348/8091/743 4163/7773/743 4351/8095/743
f 4122/7686/744 4190/7830/744 4191/7833/744
f 4351/8095/745 4164/7775/745 4354/8098/745
f 4164/7775/746 4263/7975/746 4354/8098/746
f 4099/7637/34 4115/7671/34 4131/7705/34
f 4072/7579/35 4134/7712/35 4070/7575/35
f 4072/7579/35 4135/7714/35 4133/7710/35
f 4074/7583/35 4136/7716/35 4135/7714/35
f 4076/7589/35 4137/7719/35 4136/7716/35
f 4078/7593/35 4138/7721/35 4137/7719/35
f 4080/7597/35 4139/7723/35 4138/7721/35
f 4084/7605/35 4139/7723/35 4082/7601/35
f 4086/7609/35 4140/7725/35 4084/7605/35
f 4086/7609/35 4142/7729/35 4141/7727/35
f 4090/7617/35 4142/7729/35 4088/7613/35
f 4092/7621/35 4143/7731/35 4090/7617/35
f 4094/7627/35 4144/7734/35 4092/7621/35
f 4094/7627/35 4146/7738/35 4145/7736/35
f 4096/7631/35 4147/7740/35 4146/7738/35
f 4100/7639/35 4147/7740/35 4098/7635/35
f 4102/7643/35 4148/7742/35 4100/7639/35
f 4102/7643/35 4150/7746/35 4149/7744/35
f 4104/7647/35 4151/7748/35 4150/7746/35
f 4108/7655/35 4151/7748/35 4106/7651/35
f 4108/7655/35 4153/7753/35 4152/7751/35
f 4112/7665/35 4153/7753/35 4110/7660/35
f 4112/7665/35 4155/7757/35 4154/7755/35
f 4116/7673/35 4155/7757/35 4114/7669/35
f 4118/7677/35 4156/7759/35 4116/7673/35
f 4120/7681/35 4157/7761/35 4118/7677/35
f 4122/7685/35 4158/7763/35 4120/7681/35
f 4124/7690/35 4159/7765/35 4122/7685/35
f 4124/7690/35 4161/7770/35 4160/7767/35
f 4128/7699/35 4161/7770/35 4126/7695/35
f 4128/7699/35 4163/7774/35 4162/7772/35
f 4130/7703/35 4164/7776/35 4163/7774/35
f 4132/7707/35 4134/7712/35 4164/7776/35
f 4183/7815/35 4175/7798/35 4167/7781/35
f 4094/7628/747 4178/7806/747 4096/7632/747
f 4124/7691/748 4191/7833/748 4192/7834/748
f 4096/7632/749 4179/7808/749 4098/7636/749
f 4070/7576/750 4165/7778/750 4072/7580/750
f 4126/7696/751 4192/7836/751 4193/7838/751
f 4098/7636/752 4180/7810/752 4100/7640/752
f 4072/7580/753 4167/7782/753 4074/7584/753
f 4128/7700/754 4193/7838/754 4194/7840/754
f 4102/7644/755 4180/7810/755 4181/7812/755
f 4074/7584/756 4168/7784/756 4076/7588/756
f 4128/7700/757 4195/7842/757 4130/7704/757
f 4102/7644/758 4182/7814/758 4104/7648/758
f 4076/7590/759 4169/7787/759 4078/7594/759
f 4130/7704/760 4196/7844/760 4132/7708/760
f 4104/7648/761 4183/7816/761 4106/7652/761
f 4078/7594/762 4170/7789/762 4080/7598/762
f 4132/7708/763 4166/7780/763 4070/7576/763
f 4108/7656/764 4183/7816/764 4184/7818/764
f 4080/7598/765 4171/7791/765 4082/7602/765
f 4110/7661/766 4184/7818/766 4185/7819/766
f 4082/7602/767 4172/7793/767 4084/7606/767
f 4112/7666/768 4185/7821/768 4186/7823/768
f 4084/7606/769 4173/7795/769 4086/7610/769
f 4114/7670/770 4186/7823/770 4187/7825/770
f 4086/7610/771 4174/7797/771 4088/7614/771
f 4116/7674/772 4187/7825/772 4188/7827/772
f 4088/7614/773 4175/7799/773 4090/7618/773
f 4118/7678/774 4188/7827/774 4189/7829/774
f 4090/7618/775 4176/7801/775 4092/7622/775
f 4120/7682/776 4189/7829/776 4190/7830/776
f 4092/7622/777 4177/7804/777 4094/7626/777
f 4230/7907/34 4197/7846/34 4198/7847/34
f 4231/7909/34 4198/7847/34 4199/7850/34
f 4231/7909/34 4200/7851/34 4232/7911/34
f 4232/7911/34 4201/7854/34 4233/7914/34
f 4233/7914/34 4202/7855/34 4234/7916/34
f 4234/7916/34 4203/7857/34 4235/7918/34
f 4236/7920/34 4203/7857/34 4204/7859/34
f 4236/7920/34 4205/7861/34 4237/7922/34
f 4237/7922/34 4206/7863/34 4238/7924/34
f 4238/7924/34 4207/7865/34 4239/7926/34
f 4239/7926/34 4208/7867/34 4240/7928/34
f 4240/7928/34 4209/7870/34 4241/7931/34
f 4242/7933/34 4209/7870/34 4210/7871/34
f 4243/7935/34 4210/7871/34 4211/7873/34
f 4243/7935/34 4212/7876/34 4244/7937/34
f 4245/7939/34 4212/7876/34 4213/7877/34
f 4245/7939/34 4214/7879/34 4246/7941/34
f 4247/7943/34 4214/7879/34 4215/7882/34
f 4247/7943/34 4216/7883/34 4248/7945/34
f 4248/7945/34 4217/7884/34 4249/7947/34
f 4250/7950/34 4217/7884/34 4218/7885/34
f 4250/7950/34 4219/7887/34 4251/7952/34
f 4252/7954/34 4219/7887/34 4220/7889/34
f 4252/7954/34 4221/7891/34 4253/7956/34
f 4253/7956/34 4222/7893/34 4254/7958/34
f 4254/7958/34 4223/7896/34 4255/7960/34
f 4255/7960/34 4224/7897/34 4256/7963/34
f 4256/7963/34 4225/7898/34 4257/7965/34
f 4257/7965/34 4226/7899/34 4258/7967/34
f 4258/7967/34 4227/7902/34 4259/7969/34
f 4259/7969/34 4228/7903/34 4260/7971/34
f 4229/7905/34 4228/7903/34 4197/7846/34
f 4069/7574/778 4230/7908/778 4071/7578/778
f 4073/7582/779 4230/7908/779 4231/7910/779
f 4073/7582/780 4232/7912/780 4075/7585/780
f 4077/7592/781 4232/7913/781 4233/7915/781
f 4077/7592/782 4234/7917/782 4079/7596/782
f 4079/7596/783 4235/7919/783 4081/7600/783
f 4081/7600/784 4236/7921/784 4083/7604/784
f 4083/7604/785 4237/7923/785 4085/7608/785
f 4087/7612/786 4237/7923/786 4238/7925/786
f 4089/7616/787 4238/7925/787 4239/7927/787
f 4089/7616/788 4240/7929/788 4091/7620/788
f 4093/7624/789 4240/7929/789 4241/7930/789
f 4095/7630/790 4241/7932/790 4242/7934/790
f 4097/7634/791 4242/7934/791 4243/7936/791
f 4097/7634/792 4244/7938/792 4099/7638/792
f 4099/7638/793 4245/7940/793 4101/7642/793
f 4101/7642/794 4246/7942/794 4103/7646/794
f 4105/7650/795 4246/7942/795 4247/7944/795
f 4107/7654/796 4247/7944/796 4248/7946/796
f 4107/7654/797 4249/7948/797 4109/7657/797
f 4109/7659/798 4250/7951/798 4111/7664/798
f 4113/7668/799 4250/7951/799 4251/7953/799
f 4113/7668/800 4252/7955/800 4115/7672/800
f 4115/7672/801 4253/7957/801 4117/7676/801
f 4117/7676/802 4254/7959/802 4119/7680/802
f 4121/7684/803 4254/7959/803 4255/7961/803
f 4123/7688/804 4255/7961/804 4256/7962/804
f 4123/7689/805 4257/7966/805 4125/7694/805
f 4125/7694/806 4258/7968/806 4127/7698/806
f 4127/7698/807 4259/7970/807 4129/7702/807
f 4131/7706/808 4259/7970/808 4260/7972/808
f 4131/7706/809 4229/7906/809 4069/7574/809
f 4228/7904/810 4261/7973/810 4197/7845/810
f 4356/8100/811 4262/7974/811 4261/7973/811
f 4354/8098/812 4262/7974/812 4355/8099/812
f 4353/8097/813 4228/7904/813 4227/7901/813
f 4353/8097/814 4355/8099/814 4356/8100/814
f 4352/8096/815 4354/8098/815 4355/8099/815
f 4226/7900/816 4353/8097/816 4227/7901/816
f 4350/8093/817 4352/8096/817 4353/8097/817
f 4349/8092/818 4351/8095/818 4352/8096/818
f 4225/7898/819 4350/8094/819 4226/7899/819
f 4347/8089/820 4349/8092/820 4350/8093/820
f 4345/8084/821 4349/8092/821 4346/8086/821
f 4224/7897/822 4347/8090/822 4225/7898/822
f 4344/8082/823 4346/8087/823 4347/8088/823
f 4343/8081/824 4345/8085/824 4346/8087/824
f 4223/7896/825 4344/8083/825 4224/7897/825
f 4341/8079/826 4343/8081/826 4344/8082/826
f 4340/8077/827 4342/8080/827 4343/8081/827
f 4222/7894/828 4341/8079/828 4223/7895/828
f 4338/8075/829 4340/8077/829 4341/8079/829
f 4337/8074/830 4339/8076/830 4340/8077/830
f 4221/7892/831 4338/8075/831 4222/7894/831
f 4360/8108/832 4337/8074/832 4338/8075/832
f 4359/8107/833 4336/8073/833 4337/8074/833
f 4332/8065/834 4335/8072/834 4221/7892/834
f 4399/8186/835 4374/8135/835 4400/8188/835
f 4219/7888/836 4332/8065/836 4220/7890/836
f 4328/8057/837 4358/8104/837 4332/8065/837
f 4327/8056/838 4357/8102/838 4331/8062/838
f 4218/7886/839 4329/8058/839 4219/7888/839
f 4326/8054/840 4328/8057/840 4329/8058/840
f 4325/8053/841 4327/8056/841 4328/8057/841
f 4217/7884/842 4326/8055/842 4218/7885/842
f 4323/8050/843 4325/8053/843 4326/8054/843
f 4322/8049/844 4324/8052/844 4325/8053/844
f 4216/7883/845 4323/8051/845 4217/7884/845
f 4320/8046/846 4322/8049/846 4323/8050/846
f 4319/8043/847 4321/8048/847 4322/8049/847
f 4215/7882/848 4320/8047/848 4216/7883/848
f 4317/8040/849 4319/8044/849 4320/8045/849
f 4316/8038/850 4318/8042/850 4319/8044/850
f 4214/7880/851 4317/8040/851 4215/7881/851
f 4313/8035/852 4317/8040/852 4314/8036/852
f 4313/8035/853 4315/8037/853 4316/8038/853
f 4213/7878/854 4314/8036/854 4214/7880/854
f 4311/8033/855 4313/8035/855 4314/8036/855
f 4309/8031/856 4313/8035/856 4310/8032/856
f 4308/8030/857 4213/7878/857 4212/7875/857
f 4307/8029/858 4311/8033/858 4308/8030/858
f 4306/8028/859 4310/8032/859 4307/8029/859
f 4211/7874/860 4308/8030/860 4212/7875/860
f 4304/8026/861 4308/8030/861 4305/8027/861
f 4303/8025/862 4307/8029/862 4304/8026/862
f 4302/8024/863 4211/7874/863 4210/7872/863
f 4301/8023/864 4305/8027/864 4302/8024/864
f 4300/8022/865 4304/8026/865 4301/8023/865
f 4299/8021/866 4210/7872/866 4209/7869/866
f 4298/8019/867 4302/8024/867 4299/8021/867
f 4297/8018/868 4301/8023/868 4298/8019/868
f 4296/8016/869 4209/7870/869 4208/7867/869
f 4295/8013/870 4299/8021/870 4296/8015/870
f 4294/8011/871 4298/8019/871 4295/8013/871
f 4293/8010/872 4208/7868/872 4207/7866/872
f 4292/8009/873 4296/8017/873 4293/8010/873
f 4291/8008/874 4295/8014/874 4292/8009/874
f 4290/8007/875 4207/7866/875 4206/7864/875
f 4289/8006/876 4293/8010/876 4290/8007/876
f 4288/8005/877 4292/8009/877 4289/8006/877
f 4287/8004/878 4206/7864/878 4205/7862/878
f 4286/8003/879 4290/8007/879 4287/8004/879
f 4285/8002/880 4289/8006/880 4286/8003/880
f 4284/8001/881 4205/7862/881 4204/7860/881
f 4283/8000/882 4287/8004/882 4284/8001/882
f 4282/7999/883 4286/8003/883 4283/8000/883
f 4281/7998/884 4204/7860/884 4203/7858/884
f 4280/7997/885 4284/8001/885 4281/7998/885
f 4279/7996/886 4283/8000/886 4280/7997/886
f 4278/7995/887 4203/7858/887 4202/7856/887
f 4277/7994/888 4281/7998/888 4278/7995/888
f 4276/7993/889 4280/7997/889 4277/7994/889
f 4275/7990/890 4202/7856/890 4201/7853/890
f 4274/7988/891 4278/7995/891 4275/7990/891
f 4273/7986/892 4277/7994/892 4274/7988/892
f 4272/7984/893 4201/7854/893 4200/7851/893
f 4271/7983/894 4275/7992/894 4272/7985/894
f 4270/7982/895 4274/7989/895 4271/7983/895
f 4269/7981/896 4200/7852/896 4199/7849/896
f 4268/7980/897 4272/7985/897 4269/7981/897
f 4267/7979/898 4271/7983/898 4268/7980/898
f 4198/7848/899 4269/7981/899 4199/7849/899
f 4265/7977/900 4269/7981/900 4266/7978/900
f 4264/7976/901 4268/7980/901 4265/7977/901
f 4261/7973/902 4198/7848/902 4197/7845/902
f 4262/7974/903 4266/7978/903 4261/7973/903
f 4262/7974/904 4264/7976/904 4265/7977/904
f 4364/8116/905 4334/8069/905 4362/8112/905
f 4331/8062/905 4364/8116/905 4362/8112/905
f 4378/8146/906 4377/8144/906 4379/8147/906
f 4387/8166/907 4368/8125/907 4369/8128/907
f 4384/8160/908 4367/8122/908 4385/8162/908
f 4365/8117/909 4335/8072/909 4332/8065/909
f 4370/8129/910 4366/8119/910 4367/8121/910
f 4368/8126/910 4371/8131/910 4369/8127/910
f 4398/8185/835 4372/8132/835 4399/8186/835
f 4389/8170/911 4367/8123/911 4366/8120/911
f 4397/8183/912 4373/8133/912 4398/8184/912
f 4386/8163/911 4366/8120/911 4368/8124/911
f 4377/8143/913 4373/8134/913 4376/8140/913
f 4375/8138/913 4372/8132/913 4377/8143/913
f 4383/8155/914 4376/8141/914 4373/8133/914
f 4381/8151/915 4375/8139/915 4378/8145/915
f 4379/8147/906 4376/8142/906 4382/8153/906
f 4380/8148/916 4397/8182/916 4396/8181/916
f 4394/8178/917 4383/8157/917 4380/8149/917
f 4390/8171/918 4382/8153/918 4395/8179/918
f 4391/8173/919 4378/8145/919 4393/8177/919
f 4392/8174/920 4382/8154/920 4383/8155/920
f 4393/8176/921 4379/8147/921 4390/8171/921
f 4391/8172/922 4380/8149/922 4381/8150/922
f 4406/8200/923 4389/8170/923 4386/8163/923
f 4403/8193/924 4388/8168/924 4407/8202/924
f 4404/8196/923 4385/8161/923 4389/8170/923
f 4407/8202/924 4384/8159/924 4405/8197/924
f 4405/8199/925 4385/8162/925 4402/8191/925
f 4403/8194/926 4386/8164/926 4387/8166/926
f 4401/8190/927 4369/8128/927 4400/8187/927
f 4396/8181/928 4381/8152/928 4380/8148/928
f 4331/8063/929 4394/8178/929 4391/8172/929
f 4358/8105/930 4390/8171/930 4365/8118/930
f 4334/8070/931 4395/8180/931 4392/8174/931
f 4331/8064/932 4393/8177/932 4358/8103/932
f 4360/8110/933 4390/8171/933 4395/8179/933
f 4334/8071/934 4394/8178/934 4362/8113/934
f 4387/8167/935 4396/8181/935 4388/8169/935
f 4401/8190/936 4374/8136/936 4381/8151/936
f 4388/8169/935 4397/8182/935 4384/8158/935
f 4397/8183/937 4370/8130/937 4384/8160/937
f 4398/8185/938 4371/8131/938 4370/8129/938
f 4371/8131/938 4400/8188/938 4369/8127/938
f 4330/8060/939 4403/8194/939 4357/8101/939
f 4333/8067/940 4405/8199/940 4402/8191/940
f 4359/8107/941 4407/8203/941 4405/8198/941
f 4333/8068/942 4404/8196/942 4363/8115/942
f 4357/8102/943 4407/8203/943 4364/8116/943
f 4330/8061/944 4404/8196/944 4406/8200/944
f 4473/8342/714 4603/8607/714 4602/8606/714
f 4472/8340/715 4606/8610/715 4603/8607/715
f 4474/8344/716 4609/8613/716 4606/8610/716
f 4475/8346/717 4612/8618/717 4609/8613/717
f 4476/8349/718 4615/8624/718 4612/8617/718
f 4477/8351/719 4618/8627/719 4615/8624/719
f 4478/8353/720 4621/8630/720 4618/8627/720
f 4479/8355/721 4624/8633/721 4621/8630/721
f 4480/8357/722 4627/8636/722 4624/8633/722
f 4481/8359/723 4630/8639/723 4627/8636/723
f 4482/8361/724 4633/8643/724 4630/8639/724
f 4483/8364/725 4636/8649/725 4633/8642/725
f 4484/8366/726 4639/8653/726 4636/8649/726
f 4485/8368/727 4642/8656/727 4639/8653/727
f 4486/8370/728 4645/8659/728 4642/8656/728
f 4487/8372/729 4648/8662/729 4645/8659/729
f 4648/8662/730 4489/8376/730 4651/8665/730
f 4651/8665/731 4490/8378/731 4654/8668/731
f 4654/8668/732 4491/8380/732 4657/8673/732
f 4657/8672/733 4492/8383/733 4660/8679/733
f 4660/8679/734 4493/8385/734 4663/8683/734
f 4663/8683/735 4494/8387/735 4666/8687/735
f 4494/8387/736 4669/8690/736 4666/8687/736
f 4495/8389/737 4672/8697/737 4702/8745/737
f 4672/8697/738 4497/8393/738 4675/8704/738
f 4675/8704/739 4498/8395/739 4678/8707/739
f 4678/8707/740 4499/8397/740 4681/8711/740
f 4681/8711/741 4500/8399/741 4684/8716/741
f 4684/8715/742 4501/8402/742 4687/8722/742
f 4687/8722/743 4502/8404/743 4690/8726/743
f 4461/8317/744 4529/8461/744 4530/8464/744
f 4502/8404/745 4693/8729/745 4690/8726/745
f 4503/8406/746 4602/8606/746 4693/8729/746
f 4438/8268/34 4454/8302/34 4470/8336/34
f 4411/8210/35 4473/8343/35 4409/8206/35
f 4413/8214/35 4472/8341/35 4411/8210/35
f 4413/8214/35 4475/8347/35 4474/8345/35
f 4417/8224/35 4475/8347/35 4415/8220/35
f 4417/8224/35 4477/8352/35 4476/8350/35
f 4419/8228/35 4478/8354/35 4477/8352/35
f 4421/8232/35 4479/8356/35 4478/8354/35
f 4423/8236/35 4480/8358/35 4479/8356/35
f 4425/8240/35 4481/8360/35 4480/8358/35
f 4429/8248/35 4481/8360/35 4427/8244/35
f 4429/8248/35 4483/8365/35 4482/8362/35
f 4431/8252/35 4484/8367/35 4483/8365/35
f 4435/8262/35 4484/8367/35 4433/8258/35
f 4435/8262/35 4486/8371/35 4485/8369/35
f 4439/8270/35 4486/8371/35 4437/8266/35
f 4441/8274/35 4487/8373/35 4439/8270/35
f 4441/8274/35 4489/8377/35 4488/8375/35
f 4443/8278/35 4490/8379/35 4489/8377/35
f 4447/8286/35 4490/8379/35 4445/8282/35
f 4449/8291/35 4491/8382/35 4447/8286/35
f 4451/8296/35 4492/8384/35 4449/8291/35
f 4453/8300/35 4493/8386/35 4451/8296/35
f 4455/8304/35 4494/8388/35 4453/8300/35
f 4455/8304/35 4496/8392/35 4495/8390/35
f 4459/8312/35 4496/8392/35 4457/8308/35
f 4461/8316/35 4497/8394/35 4459/8312/35
f 4463/8321/35 4498/8396/35 4461/8316/35
f 4465/8326/35 4499/8398/35 4463/8321/35
f 4467/8330/35 4500/8401/35 4465/8326/35
f 4469/8334/35 4501/8403/35 4467/8330/35
f 4471/8338/35 4502/8405/35 4469/8334/35
f 4409/8206/35 4503/8407/35 4471/8338/35
f 4522/8446/35 4514/8429/35 4506/8412/35
f 4433/8259/747 4517/8437/747 4435/8263/747
f 4463/8322/748 4530/8464/748 4531/8465/748
f 4435/8263/749 4518/8439/749 4437/8267/749
f 4409/8207/750 4504/8409/750 4411/8211/750
f 4465/8327/751 4531/8467/751 4532/8469/751
f 4437/8267/752 4519/8441/752 4439/8271/752
f 4411/8211/753 4506/8413/753 4413/8215/753
f 4467/8331/754 4532/8469/754 4533/8471/754
f 4441/8275/945 4519/8441/945 4520/8443/945
f 4413/8215/756 4507/8415/756 4415/8219/756
f 4469/8335/946 4533/8471/946 4534/8473/946
f 4441/8275/758 4521/8445/758 4443/8279/758
f 4415/8221/759 4508/8418/759 4417/8225/759
f 4471/8339/760 4534/8473/760 4535/8475/760
f 4445/8283/761 4521/8445/761 4522/8447/761
f 4417/8225/762 4509/8420/762 4419/8229/762
f 4471/8339/763 4505/8411/763 4409/8207/763
f 4445/8283/764 4523/8449/764 4447/8287/764
f 4419/8229/765 4510/8422/765 4421/8233/765
f 4449/8292/766 4523/8449/766 4524/8450/766
f 4421/8233/767 4511/8424/767 4423/8237/767
f 4451/8297/768 4524/8452/768 4525/8454/768
f 4423/8237/947 4512/8426/947 4425/8241/947
f 4453/8301/770 4525/8454/770 4526/8456/770
f 4425/8241/771 4513/8428/771 4427/8245/771
f 4455/8305/772 4526/8456/772 4527/8458/772
f 4427/8245/773 4514/8430/773 4429/8249/773
f 4457/8309/948 4527/8458/948 4528/8460/948
f 4429/8249/775 4515/8432/775 4431/8253/775
f 4459/8313/776 4528/8460/776 4529/8461/776
f 4431/8253/777 4516/8435/777 4433/8257/777
f 4569/8538/34 4536/8476/34 4537/8478/34
f 4569/8538/34 4538/8481/34 4570/8540/34
f 4571/8542/34 4538/8481/34 4539/8482/34
f 4572/8545/34 4539/8482/34 4540/8485/34
f 4572/8545/34 4541/8486/34 4573/8547/34
f 4573/8547/34 4542/8488/34 4574/8549/34
f 4575/8551/34 4542/8488/34 4543/8490/34
f 4575/8551/34 4544/8492/34 4576/8553/34
f 4576/8553/34 4545/8494/34 4577/8555/34
f 4577/8555/34 4546/8496/34 4578/8557/34
f 4579/8559/34 4546/8496/34 4547/8498/34
f 4580/8561/34 4547/8498/34 4548/8501/34
f 4581/8564/34 4548/8501/34 4549/8503/34
f 4582/8566/34 4549/8503/34 4550/8504/34
f 4583/8568/34 4550/8504/34 4551/8506/34
f 4583/8568/34 4552/8508/34 4584/8570/34
f 4585/8572/34 4552/8508/34 4553/8510/34
f 4585/8572/34 4554/8513/34 4586/8574/34
f 4587/8576/34 4554/8513/34 4555/8514/34
f 4588/8578/34 4555/8514/34 4556/8515/34
f 4588/8578/34 4557/8516/34 4589/8581/34
f 4589/8581/34 4558/8518/34 4590/8583/34
f 4590/8583/34 4559/8520/34 4591/8585/34
f 4591/8585/34 4560/8522/34 4592/8587/34
f 4593/8589/34 4560/8522/34 4561/8524/34
f 4594/8591/34 4561/8524/34 4562/8527/34
f 4595/8594/34 4562/8527/34 4563/8528/34
f 4596/8596/34 4563/8528/34 4564/8529/34
f 4597/8598/34 4564/8529/34 4565/8531/34
f 4597/8598/34 4566/8532/34 4598/8600/34
f 4599/8602/34 4566/8532/34 4567/8535/34
f 4599/8602/34 4536/8476/34 4568/8536/34
f 4410/8209/778 4568/8537/778 4569/8539/778
f 4410/8209/779 4570/8541/779 4412/8213/779
f 4412/8213/780 4571/8543/780 4414/8216/780
f 4414/8218/781 4572/8546/781 4416/8223/781
f 4416/8223/782 4573/8548/782 4418/8227/782
f 4420/8231/783 4573/8548/783 4574/8550/783
f 4420/8231/784 4575/8552/784 4422/8235/784
f 4422/8235/785 4576/8554/785 4424/8239/785
f 4424/8239/786 4577/8556/786 4426/8243/786
f 4426/8243/787 4578/8558/787 4428/8247/787
f 4428/8247/788 4579/8560/788 4430/8251/788
f 4430/8251/789 4580/8562/789 4432/8254/789
f 4432/8256/790 4581/8565/790 4434/8261/790
f 4434/8261/791 4582/8567/791 4436/8265/791
f 4436/8265/792 4583/8569/792 4438/8269/792
f 4438/8269/793 4584/8571/793 4440/8273/793
f 4440/8273/794 4585/8573/794 4442/8277/794
f 4444/8281/795 4585/8573/795 4586/8575/795
f 4444/8281/796 4587/8577/796 4446/8285/796
f 4446/8285/797 4588/8579/797 4448/8288/797
f 4450/8295/798 4588/8580/798 4589/8582/798
f 4452/8299/799 4589/8582/799 4590/8584/799
f 4454/8303/800 4590/8584/800 4591/8586/800
f 4456/8307/801 4591/8586/801 4592/8588/801
f 4458/8311/802 4592/8588/802 4593/8590/802
f 4460/8315/803 4593/8590/803 4594/8592/803
f 4462/8319/804 4594/8592/804 4595/8593/804
f 4462/8320/805 4596/8597/805 4464/8325/805
f 4466/8329/806 4596/8597/806 4597/8599/806
f 4468/8333/807 4597/8599/807 4598/8601/807
f 4470/8337/808 4598/8601/808 4599/8603/808
f 4408/8205/809 4599/8603/809 4568/8537/809
f 4695/8731/810 4536/8477/810 4567/8534/810
f 4695/8731/811 4601/8605/811 4600/8604/811
f 4693/8729/812 4601/8605/812 4694/8730/812
f 4566/8533/813 4695/8731/813 4567/8534/813
f 4692/8728/814 4694/8730/814 4695/8731/814
f 4691/8727/815 4693/8729/815 4694/8730/815
f 4689/8724/816 4566/8533/816 4565/8530/816
f 4689/8724/817 4691/8727/817 4692/8728/817
f 4688/8723/818 4690/8726/818 4691/8727/818
f 4564/8529/819 4689/8725/819 4565/8531/819
f 4686/8720/820 4688/8723/820 4689/8724/820
f 4684/8715/821 4688/8723/821 4685/8717/821
f 4563/8528/822 4686/8721/822 4564/8529/822
f 4683/8713/823 4685/8718/823 4686/8719/823
f 4682/8712/824 4684/8716/824 4685/8718/824
f 4562/8527/825 4683/8714/825 4563/8528/825
f 4680/8710/826 4682/8712/826 4683/8713/826
f 4679/8708/827 4681/8711/827 4682/8712/827
f 4561/8525/828 4680/8710/828 4562/8526/828
f 4677/8706/829 4679/8708/829 4680/8710/829
f 4676/8705/830 4678/8707/830 4679/8708/830
f 4560/8523/831 4677/8706/831 4561/8525/831
f 4699/8739/832 4676/8705/832 4677/8706/832
f 4698/8738/833 4675/8704/833 4676/8705/833
f 4671/8696/834 4700/8742/834 4560/8523/834
f 4738/8817/835 4713/8766/835 4739/8819/835
f 4558/8519/836 4671/8696/836 4559/8521/836
f 4667/8688/837 4697/8735/837 4671/8696/837
f 4666/8687/838 4696/8733/838 4670/8693/838
f 4557/8517/839 4668/8689/839 4558/8519/839
f 4665/8685/840 4667/8688/840 4668/8689/840
f 4664/8684/841 4666/8687/841 4667/8688/841
f 4556/8515/842 4665/8686/842 4557/8516/842
f 4662/8681/843 4664/8684/843 4665/8685/843
f 4661/8680/844 4663/8683/844 4664/8684/844
f 4555/8514/845 4662/8682/845 4556/8515/845
f 4659/8676/846 4661/8680/846 4662/8681/846
f 4658/8674/847 4660/8679/847 4661/8680/847
f 4554/8513/848 4659/8677/848 4555/8514/848
f 4655/8669/849 4659/8678/849 4656/8671/849
f 4655/8669/850 4657/8673/850 4658/8675/850
f 4553/8511/851 4656/8671/851 4554/8512/851
f 4653/8667/852 4655/8669/852 4656/8671/852
f 4651/8665/853 4655/8669/853 4652/8666/853
f 4552/8509/949 4653/8667/949 4553/8511/949
f 4649/8663/855 4653/8667/855 4650/8664/855
f 4649/8663/856 4651/8665/856 4652/8666/856
f 4551/8507/857 4650/8664/857 4552/8509/857
f 4646/8660/858 4650/8664/858 4647/8661/858
f 4645/8659/859 4649/8663/859 4646/8660/859
f 4550/8505/860 4647/8661/860 4551/8507/860
f 4644/8658/861 4646/8660/861 4647/8661/861
f 4642/8656/862 4646/8660/862 4643/8657/862
f 4641/8655/863 4550/8505/863 4549/8502/863
f 4640/8654/864 4644/8658/864 4641/8655/864
f 4639/8653/865 4643/8657/865 4640/8654/865
f 4548/8500/866 4641/8655/866 4549/8502/866
f 4637/8650/867 4641/8655/867 4638/8652/867
f 4636/8649/868 4640/8654/868 4637/8650/868
f 4635/8647/869 4548/8501/869 4547/8498/869
f 4634/8644/870 4638/8652/870 4635/8646/870
f 4633/8642/871 4637/8650/871 4634/8644/871
f 4632/8641/872 4547/8499/872 4546/8497/872
f 4631/8640/873 4635/8648/873 4632/8641/873
f 4630/8639/874 4634/8645/874 4631/8640/874
f 4629/8638/875 4546/8497/875 4545/8495/875
f 4628/8637/950 4632/8641/950 4629/8638/950
f 4627/8636/877 4631/8640/877 4628/8637/877
f 4626/8635/878 4545/8495/878 4544/8493/878
f 4625/8634/879 4629/8638/879 4626/8635/879
f 4624/8633/880 4628/8637/880 4625/8634/880
f 4623/8632/881 4544/8493/881 4543/8491/881
f 4622/8631/882 4626/8635/882 4623/8632/882
f 4621/8630/883 4625/8634/883 4622/8631/883
f 4620/8629/884 4543/8491/884 4542/8489/884
f 4619/8628/885 4623/8632/885 4620/8629/885
f 4618/8627/886 4622/8631/886 4619/8628/886
f 4617/8626/887 4542/8489/887 4541/8487/887
f 4616/8625/888 4620/8629/888 4617/8626/888
f 4615/8624/889 4619/8628/889 4616/8625/889
f 4614/8621/890 4541/8487/890 4540/8484/890
f 4613/8619/891 4617/8626/891 4614/8621/891
f 4612/8617/892 4616/8625/892 4613/8619/892
f 4611/8615/893 4540/8485/893 4539/8482/893
f 4610/8614/894 4614/8623/894 4611/8616/894
f 4609/8613/895 4613/8620/895 4610/8614/895
f 4608/8612/896 4539/8483/896 4538/8480/896
f 4607/8611/897 4611/8616/897 4608/8612/897
f 4606/8610/898 4610/8614/898 4607/8611/898
f 4537/8479/899 4608/8612/899 4538/8480/899
f 4604/8608/900 4608/8612/900 4605/8609/900
f 4603/8607/901 4607/8611/901 4604/8608/901
f 4600/8604/902 4537/8479/902 4536/8477/902
f 4600/8604/903 4604/8608/903 4605/8609/903
f 4602/8606/904 4604/8608/904 4601/8605/904
f 4703/8747/905 4673/8700/905 4701/8743/905
f 4670/8693/905 4703/8747/905 4701/8743/905
f 4717/8777/906 4716/8775/906 4718/8778/906
f 4726/8797/907 4707/8756/907 4708/8759/907
f 4723/8791/908 4706/8753/908 4724/8793/908
f 4699/8739/909 4700/8742/909 4697/8735/909
f 4709/8760/910 4705/8750/910 4706/8752/910
f 4707/8757/910 4710/8762/910 4708/8758/910
f 4737/8816/835 4711/8763/835 4738/8817/835
f 4728/8801/911 4706/8754/911 4705/8751/911
f 4736/8814/912 4712/8764/912 4737/8815/912
f 4725/8794/911 4705/8751/911 4707/8755/911
f 4716/8774/913 4712/8765/913 4715/8771/913
f 4714/8769/913 4711/8763/913 4716/8774/913
f 4722/8786/914 4715/8772/914 4712/8764/914
f 4720/8782/915 4714/8770/915 4717/8776/915
f 4718/8778/906 4715/8773/906 4721/8784/906
f 4719/8779/928 4736/8813/928 4735/8812/928
f 4733/8809/917 4722/8788/917 4719/8780/917
f 4729/8802/918 4721/8784/918 4734/8810/918
f 4730/8804/919 4717/8776/919 4732/8808/919
f 4731/8805/920 4721/8785/920 4722/8786/920
f 4732/8807/951 4718/8778/951 4729/8802/951
f 4730/8803/922 4719/8780/922 4720/8781/922
f 4745/8831/923 4728/8801/923 4725/8794/923
f 4742/8824/924 4727/8799/924 4746/8833/924
f 4743/8827/923 4724/8792/923 4728/8801/923
f 4746/8833/924 4723/8790/924 4744/8828/924
f 4744/8830/925 4724/8793/925 4741/8822/925
f 4742/8825/926 4725/8795/926 4726/8797/926
f 4740/8821/952 4708/8759/952 4739/8818/952
f 4735/8812/928 4720/8783/928 4719/8779/928
f 4670/8694/929 4733/8809/929 4730/8803/929
f 4697/8736/930 4729/8802/930 4704/8749/930
f 4673/8701/931 4734/8811/931 4731/8805/931
f 4670/8695/932 4732/8808/932 4697/8734/932
f 4699/8741/933 4729/8802/933 4734/8810/933
f 4673/8702/934 4733/8809/934 4701/8744/934
f 4726/8798/935 4735/8812/935 4727/8800/935
f 4740/8821/936 4713/8767/936 4720/8782/936
f 4727/8800/935 4736/8813/935 4723/8789/935
f 4736/8814/937 4709/8761/937 4723/8791/937
f 4737/8816/938 4710/8762/938 4709/8760/938
f 4710/8762/938 4739/8819/938 4708/8758/938
f 4669/8691/939 4742/8825/939 4696/8732/939
f 4672/8698/940 4744/8830/940 4741/8822/940
f 4698/8738/941 4746/8834/941 4744/8829/941
f 4672/8699/942 4743/8827/942 4702/8746/942
f 4696/8733/943 4746/8834/943 4703/8747/943
f 4669/8692/944 4743/8827/944 4745/8831/944
f 66/139/1 65/137/1 196/404/1
f 65/137/2 67/141/2 199/407/2
f 67/141/3 68/143/3 202/410/3
f 68/143/4 69/145/4 205/415/4
f 69/146/5 70/148/5 208/421/5
f 70/148/6 71/150/6 211/424/6
f 71/150/7 72/152/7 214/427/7
f 72/152/8 73/154/8 217/430/8
f 73/154/9 74/156/9 220/433/9
f 74/156/10 75/158/10 223/436/10
f 75/158/11 76/160/11 226/440/11
f 76/161/12 77/163/12 229/446/12
f 77/163/13 78/165/13 232/450/13
f 78/165/14 79/167/14 235/453/14
f 235/453/15 79/167/15 80/169/15
f 80/169/16 81/171/16 241/459/16
f 241/459/17 81/171/17 82/173/17
f 244/462/18 82/173/18 83/175/18
f 83/175/19 84/177/19 250/470/19
f 250/469/20 84/178/20 85/180/20
f 253/476/21 85/180/21 86/182/21
f 86/182/22 87/184/22 259/484/22
f 87/184/953 88/186/953 262/487/953
f 295/542/24 262/487/24 88/186/24
f 88/186/24 89/188/24 265/494/24
f 265/494/954 89/188/954 90/190/954
f 90/190/26 91/192/26 271/504/26
f 91/192/27 92/194/27 274/508/27
f 92/194/28 93/196/28 277/513/28
f 93/197/29 94/199/29 280/519/29
f 94/199/30 95/201/30 283/523/30
f 54/114/31 52/109/31 122/259/31
f 95/201/32 96/203/32 286/526/32
f 96/203/33 66/139/33 195/403/33
f 63/133/34 1/1/34 3/5/34
f 3/5/34 5/9/34 7/14/34
f 7/14/34 9/19/34 11/23/34
f 11/23/34 13/27/34 15/31/34
f 15/31/34 17/35/34 19/39/34
f 19/39/34 21/43/34 23/47/34
f 23/47/34 25/52/34 27/57/34
f 27/57/34 29/61/34 31/65/34
f 31/65/34 33/69/34 35/73/34
f 35/73/34 37/77/34 39/81/34
f 39/81/34 41/86/34 43/91/34
f 43/91/34 45/95/34 47/99/34
f 47/99/34 49/103/34 51/107/34
f 51/107/34 53/111/34 55/115/34
f 55/115/34 57/121/34 59/125/34
f 59/125/34 61/129/34 63/133/34
f 63/133/34 3/5/34 7/14/34
f 7/14/34 11/23/34 15/31/34
f 15/31/34 19/39/34 23/47/34
f 23/47/34 27/57/34 31/65/34
f 31/65/34 35/73/34 39/81/34
f 39/81/34 43/91/34 47/99/34
f 47/99/34 51/107/34 55/115/34
f 55/115/34 59/125/34 63/133/34
f 63/133/34 7/14/34 15/31/34
f 15/31/34 23/47/34 31/65/34
f 31/65/34 39/81/34 47/99/34
f 47/99/34 55/115/34 63/133/34
f 63/133/34 15/31/34 31/65/34
f 2/3/35 4/7/35 65/138/35
f 6/11/35 67/142/35 65/138/35
f 6/11/35 8/17/35 68/144/35
f 8/17/35 10/21/35 69/147/35
f 12/25/35 70/149/35 69/147/35
f 12/25/35 14/29/35 71/151/35
f 14/29/35 16/33/35 72/153/35
f 18/37/35 73/155/35 72/153/35
f 18/37/35 20/41/35 74/157/35
f 22/45/35 75/159/35 74/157/35
f 24/49/35 76/162/35 75/159/35
f 26/55/35 77/164/35 76/162/35
f 28/59/35 78/166/35 77/164/35
f 30/63/35 79/168/35 78/166/35
f 30/63/35 32/67/35 80/170/35
f 34/71/35 81/172/35 80/170/35
f 34/71/35 36/75/35 82/174/35
f 38/79/35 83/176/35 82/174/35
f 40/83/35 84/179/35 83/176/35
f 40/83/35 42/88/35 85/181/35
f 44/93/35 86/183/35 85/181/35
f 44/93/35 46/97/35 87/185/35
f 48/101/35 88/187/35 87/185/35
f 50/105/35 89/189/35 88/187/35
f 52/110/35 90/191/35 89/189/35
f 54/113/35 91/193/35 90/191/35
f 56/118/35 92/195/35 91/193/35
f 56/118/35 58/123/35 93/198/35
f 60/127/35 94/200/35 93/198/35
f 62/131/35 95/202/35 94/200/35
f 64/135/35 96/204/35 95/202/35
f 2/3/35 66/140/35 96/204/35
f 99/209/35 97/205/35 98/207/35
f 98/207/35 128/271/35 127/269/35
f 127/269/35 126/267/35 125/265/35
f 125/265/35 124/263/35 123/260/35
f 123/260/35 122/258/35 121/256/35
f 121/256/35 120/254/35 119/252/35
f 119/252/35 118/250/35 117/248/35
f 117/248/35 116/245/35 115/243/35
f 115/243/35 114/241/35 113/239/35
f 113/239/35 112/237/35 111/235/35
f 111/235/35 110/233/35 109/230/35
f 109/230/35 108/228/35 107/226/35
f 107/226/35 106/224/35 105/222/35
f 105/222/35 104/220/35 103/218/35
f 103/218/35 102/216/35 101/214/35
f 101/214/35 100/211/35 99/209/35
f 99/209/35 98/207/35 127/269/35
f 127/269/35 125/265/35 123/260/35
f 123/260/35 121/256/35 119/252/35
f 119/252/35 117/248/35 115/243/35
f 115/243/35 113/239/35 111/235/35
f 111/235/35 109/230/35 107/226/35
f 107/226/35 105/222/35 103/218/35
f 103/218/35 101/214/35 99/209/35
f 99/209/35 127/269/35 123/260/35
f 123/260/35 119/252/35 115/243/35
f 115/243/35 111/235/35 107/226/35
f 107/226/35 103/218/35 99/209/35
f 99/209/35 123/260/35 115/243/35
f 26/56/36 109/231/36 110/234/36
f 56/119/37 54/114/37 123/261/37
f 28/60/38 110/234/38 111/236/38
f 2/4/39 98/208/39 97/206/39
f 56/120/40 124/264/40 125/266/40
f 30/64/41 111/236/41 112/238/41
f 4/8/42 97/206/42 99/210/42
f 60/128/43 58/124/43 125/266/43
f 32/68/44 112/238/44 113/240/44
f 6/12/45 99/210/45 100/212/45
f 60/128/46 126/268/46 127/270/46
f 34/72/47 113/240/47 114/242/47
f 8/18/48 100/213/48 101/215/48
f 62/132/49 127/270/49 128/272/49
f 36/76/50 114/242/50 115/244/50
f 10/22/51 101/215/51 102/217/51
f 64/136/52 128/272/52 98/208/52
f 38/80/53 115/244/53 116/246/53
f 12/26/54 102/217/54 103/219/54
f 42/89/55 40/84/55 116/246/55
f 14/30/56 103/219/56 104/221/56
f 44/94/57 42/90/57 117/249/57
f 16/34/58 104/221/58 105/223/58
f 44/94/59 118/251/59 119/253/59
f 18/38/60 105/223/60 106/225/60
f 46/98/61 119/253/61 120/255/61
f 20/42/62 106/225/62 107/227/62
f 48/102/63 120/255/63 121/257/63
f 22/46/64 107/227/64 108/229/64
f 50/106/65 121/257/65 122/259/65
f 24/50/66 108/229/66 109/232/66
f 161/333/34 129/273/34 130/275/34
f 162/335/34 130/275/34 131/277/34
f 163/337/34 131/277/34 132/279/34
f 164/339/34 132/279/34 133/282/34
f 165/342/34 133/282/34 134/283/34
f 166/344/34 134/283/34 135/285/34
f 167/346/34 135/285/34 136/287/34
f 169/350/34 168/348/34 136/287/34
f 170/352/34 169/350/34 137/289/34
f 170/352/34 138/291/34 139/293/34
f 171/354/34 139/293/34 140/295/34
f 172/356/34 140/295/34 141/298/34
f 174/361/34 173/358/34 141/298/34
f 174/361/34 142/299/34 143/301/34
f 175/363/34 143/301/34 144/303/34
f 177/367/34 176/365/34 144/303/34
f 177/367/34 145/305/34 146/307/34
f 178/369/34 146/307/34 147/310/34
f 180/373/34 179/371/34 147/310/34
f 180/373/34 148/311/34 149/312/34
f 181/375/34 149/312/34 150/313/34
f 182/378/34 150/313/34 151/315/34
f 183/380/34 151/315/34 152/317/34
f 184/382/34 152/317/34 153/319/34
f 185/384/34 153/319/34 154/321/34
f 186/386/34 154/321/34 155/324/34
f 188/391/34 187/388/34 155/324/34
f 188/391/34 156/325/34 157/326/34
f 190/395/34 189/393/34 157/326/34
f 190/395/34 158/327/34 159/329/34
f 191/397/34 159/329/34 160/332/34
f 192/399/34 160/332/34 129/273/34
f 1/2/67 161/334/67 162/336/67
f 5/10/68 3/6/68 162/336/68
f 5/10/69 163/338/69 164/340/69
f 7/15/70 164/341/70 165/343/70
f 11/24/71 9/20/71 165/343/71
f 11/24/72 166/345/72 167/347/72
f 15/32/73 13/28/73 167/347/73
f 15/32/74 168/349/74 169/351/74
f 17/36/75 169/351/75 170/353/75
f 19/40/76 170/353/76 171/355/76
f 23/48/77 21/44/77 171/355/77
f 23/48/78 172/357/78 173/359/78
f 27/58/79 25/53/79 173/360/79
f 27/58/80 174/362/80 175/364/80
f 31/66/81 29/62/81 175/364/81
f 31/66/82 176/366/82 177/368/82
f 33/70/83 177/368/83 178/370/83
f 35/74/84 178/370/84 179/372/84
f 39/82/85 37/78/85 179/372/85
f 39/82/86 180/374/86 181/376/86
f 43/92/87 41/87/87 181/377/87
f 43/92/88 182/379/88 183/381/88
f 47/100/89 45/96/89 183/381/89
f 47/100/90 184/383/90 185/385/90
f 49/104/91 185/385/91 186/387/91
f 51/108/92 186/387/92 187/389/92
f 55/116/93 53/112/93 187/389/93
f 55/117/94 188/392/94 189/394/94
f 57/122/95 189/394/95 190/396/95
f 59/126/96 190/396/96 191/398/96
f 61/130/97 191/398/97 192/400/97
f 63/134/98 192/400/98 161/334/98
f 288/528/99 193/401/99 129/274/99
f 288/528/100 287/527/100 194/402/100
f 286/526/101 195/403/101 194/402/101
f 159/330/102 285/525/102 288/528/102
f 285/525/103 284/524/103 287/527/103
f 283/523/104 286/526/104 287/527/104
f 158/328/105 282/521/105 285/525/105
f 282/521/106 281/520/106 284/524/106
f 281/520/107 280/519/107 283/523/107
f 157/326/108 279/518/108 282/522/108
f 279/517/109 278/514/109 281/520/109
f 277/512/110 280/519/110 281/520/110
f 156/325/111 276/511/111 279/518/111
f 276/510/112 275/509/112 278/515/112
f 274/508/113 277/513/113 278/515/113
f 155/324/114 273/506/114 276/511/114
f 273/507/115 272/505/115 275/509/115
f 271/504/116 274/508/116 275/509/116
f 154/322/117 270/503/117 273/507/117
f 270/503/118 269/502/118 272/505/118
f 268/501/119 271/504/119 272/505/119
f 153/320/120 267/500/120 270/503/120
f 270/503/121 267/500/121 292/536/121
f 292/536/121 266/497/121 269/502/121
f 269/502/122 266/497/122 291/535/122
f 291/535/955 265/494/955 268/501/955
f 153/320/123 152/318/123 264/493/123
f 293/539/123 267/500/123 153/320/123
f 331/614/124 304/560/124 306/563/124
f 151/316/125 261/486/125 264/493/125
f 264/493/126 261/486/126 260/485/126
f 260/485/126 263/490/126 290/532/126
f 263/490/127 260/485/127 259/484/127
f 259/484/956 262/487/956 289/530/956
f 150/314/128 258/482/128 261/486/128
f 258/482/129 257/481/129 260/485/129
f 256/480/130 259/484/130 260/485/130
f 149/312/131 255/478/131 258/483/131
f 255/479/132 254/477/132 257/481/132
f 253/476/133 256/480/133 257/481/133
f 148/311/134 252/474/134 255/478/134
f 251/471/135 254/477/135 255/479/135
f 250/469/136 253/476/136 254/477/136
f 147/310/137 249/467/137 252/474/137
f 248/466/138 251/472/138 252/475/138
f 247/465/139 250/470/139 251/472/139
f 146/308/140 246/464/140 249/468/140
f 245/463/141 248/466/141 249/468/141
f 244/462/142 247/465/142 248/466/142
f 145/306/143 243/461/143 246/464/143
f 242/460/144 245/463/144 246/464/144
f 241/459/145 244/462/145 245/463/145
f 144/304/146 240/458/146 243/461/146
f 239/457/147 242/460/147 243/461/147
f 238/456/148 241/459/148 242/460/148
f 237/455/149 240/458/149 144/304/149
f 236/454/150 239/457/150 240/458/150
f 235/453/151 238/456/151 239/457/151
f 234/452/152 237/455/152 143/302/152
f 233/451/153 236/454/153 237/455/153
f 232/450/154 235/453/154 236/454/154
f 231/449/155 234/452/155 142/300/155
f 230/447/156 233/451/156 234/452/156
f 229/446/157 232/450/157 233/451/157
f 228/444/158 231/448/158 141/298/158
f 227/441/159 230/447/159 231/449/159
f 226/439/160 229/446/160 230/447/160
f 225/438/161 228/445/161 140/296/161
f 224/437/162 227/442/162 228/445/162
f 223/436/163 226/440/163 227/442/163
f 222/435/164 225/438/164 139/294/164
f 221/434/165 224/437/165 225/438/165
f 220/433/166 223/436/166 224/437/166
f 219/432/167 222/435/167 138/292/167
f 218/431/168 221/434/168 222/435/168
f 218/431/169 217/430/169 220/433/169
f 216/429/170 219/432/170 137/290/170
f 215/428/171 218/431/171 219/432/171
f 214/427/172 217/430/172 218/431/172
f 213/426/173 216/429/173 136/288/173
f 212/425/174 215/428/174 216/429/174
f 212/425/175 211/424/175 214/427/175
f 210/423/176 213/426/176 135/286/176
f 210/423/177 209/422/177 212/425/177
f 209/422/178 208/421/178 211/424/178
f 207/418/179 210/423/179 134/284/179
f 206/416/180 209/422/180 210/423/180
f 205/414/181 208/421/181 209/422/181
f 204/412/182 207/419/182 133/282/182
f 203/411/183 206/417/183 207/420/183
f 203/411/184 202/410/184 205/415/184
f 201/409/185 204/413/185 132/280/185
f 200/408/186 203/411/186 204/413/186
f 200/408/187 199/407/187 202/410/187
f 198/406/188 201/409/188 131/278/188
f 198/406/189 197/405/189 200/408/189
f 196/404/190 199/407/190 200/408/190
f 193/401/191 198/406/191 130/276/191
f 193/401/192 194/402/192 197/405/192
f 194/402/193 195/403/193 196/404/193
f 296/544/194 291/535/194 266/497/194
f 263/490/194 289/530/194 296/544/194
f 310/574/195 307/565/195 309/572/195
f 319/594/957 318/592/957 300/553/957
f 316/588/958 302/558/958 299/550/958
f 297/545/198 292/536/198 267/500/198
f 293/539/198 264/493/198 290/532/198
f 297/545/198 267/500/198 293/539/198
f 302/557/199 303/559/199 298/547/199
f 300/554/199 298/547/199 303/559/199
f 330/613/124 305/562/124 304/560/124
f 321/598/200 317/589/200 299/551/200
f 329/611/959 315/583/959 305/561/959
f 318/591/200 321/598/200 298/548/200
f 309/571/202 304/560/202 305/562/202
f 307/566/202 306/563/202 304/560/202
f 315/583/960 314/582/960 308/569/960
f 313/579/961 306/564/961 307/567/961
f 311/575/195 309/572/195 308/570/195
f 312/576/205 315/584/205 329/610/205
f 326/606/962 324/603/962 315/585/962
f 322/599/963 311/575/963 314/581/963
f 323/601/964 313/579/964 310/573/964
f 324/602/965 327/608/965 314/582/965
f 325/604/966 310/574/966 311/575/966
f 323/600/967 326/606/967 312/577/967
f 338/628/212 336/624/212 321/598/212
f 335/621/213 319/593/213 320/596/213
f 336/624/212 334/620/212 317/589/212
f 339/630/213 320/596/213 316/587/213
f 337/627/968 316/588/968 317/590/968
f 335/622/969 338/629/969 318/592/969
f 333/618/970 319/594/970 301/556/970
f 328/609/205 333/617/205 313/580/205
f 263/491/222 294/541/222 326/606/222
f 290/533/971 325/604/971 322/599/971
f 266/498/972 292/537/972 327/608/972
f 263/492/973 323/601/973 325/605/973
f 292/538/218 297/546/218 322/599/218
f 266/499/974 324/603/974 326/606/974
f 319/595/223 333/617/223 328/609/223
f 333/618/216 332/615/216 306/564/216
f 320/597/223 328/609/223 329/610/223
f 329/611/201 330/612/201 302/558/201
f 330/613/226 331/614/226 303/559/226
f 303/559/226 331/614/226 332/616/226
f 262/488/975 338/629/975 335/622/975
f 265/495/976 291/534/976 337/627/976
f 291/535/231 296/544/231 339/631/231
f 265/496/977 334/620/977 336/624/977
f 289/530/978 335/623/978 339/631/978
f 262/489/230 295/543/230 336/624/230
f 405/770/1 404/768/1 535/1035/1
f 404/768/2 406/772/2 538/1038/2
f 406/772/3 407/774/3 541/1041/3
f 407/774/4 408/776/4 544/1046/4
f 408/777/5 409/779/5 547/1052/5
f 409/779/6 410/781/6 550/1055/6
f 410/781/7 411/783/7 553/1058/7
f 411/783/8 412/785/8 556/1061/8
f 412/785/9 413/787/9 559/1064/9
f 413/787/10 414/789/10 562/1067/10
f 414/789/11 415/791/11 565/1071/11
f 415/792/12 416/794/12 568/1077/12
f 416/794/13 417/796/13 571/1081/13
f 417/796/14 418/798/14 574/1084/14
f 418/798/15 419/800/15 577/1087/15
f 419/800/16 420/802/16 580/1090/16
f 420/802/17 421/804/17 583/1093/17
f 583/1093/18 421/804/18 422/806/18
f 586/1096/19 422/806/19 423/808/19
f 589/1100/20 423/809/20 424/811/20
f 592/1107/21 424/811/21 425/813/21
f 595/1111/22 425/813/22 426/815/22
f 426/815/953 427/817/953 601/1118/953
f 634/1173/24 601/1118/24 427/817/24
f 427/817/24 428/819/24 604/1125/24
f 604/1125/954 428/819/954 429/821/954
f 607/1132/26 429/821/26 430/823/26
f 430/823/27 431/825/27 613/1139/27
f 431/825/28 432/827/28 616/1144/28
f 432/828/29 433/830/29 619/1150/29
f 433/830/30 434/832/30 622/1154/30
f 393/745/31 391/740/31 461/890/31
f 434/832/32 435/834/32 625/1157/32
f 435/834/33 405/770/33 534/1034/33
f 402/764/34 340/632/34 342/636/34
f 342/636/34 344/640/34 346/645/34
f 346/645/34 348/650/34 350/654/34
f 350/654/34 352/658/34 354/662/34
f 354/662/34 356/666/34 358/670/34
f 358/670/34 360/674/34 362/678/34
f 362/678/34 364/683/34 366/688/34
f 366/688/34 368/692/34 370/696/34
f 370/696/34 372/700/34 374/704/34
f 374/704/34 376/708/34 378/712/34
f 378/712/34 380/717/34 382/722/34
f 382/722/34 384/726/34 386/730/34
f 386/730/34 388/734/34 390/738/34
f 390/738/34 392/742/34 394/746/34
f 394/746/34 396/752/34 398/756/34
f 398/756/34 400/760/34 402/764/34
f 402/764/34 342/636/34 346/645/34
f 346/645/34 350/654/34 354/662/34
f 354/662/34 358/670/34 362/678/34
f 362/678/34 366/688/34 370/696/34
f 370/696/34 374/704/34 378/712/34
f 378/712/34 382/722/34 386/730/34
f 386/730/34 390/738/34 394/746/34
f 394/746/34 398/756/34 402/764/34
f 402/764/34 346/645/34 354/662/34
f 354/662/34 362/678/34 370/696/34
f 370/696/34 378/712/34 386/730/34
f 386/730/34 394/746/34 402/764/34
f 402/764/34 354/662/34 370/696/34
f 341/634/35 343/638/35 404/769/35
f 345/642/35 406/773/35 404/769/35
f 345/642/35 347/648/35 407/775/35
f 347/648/35 349/652/35 408/778/35
f 351/656/35 409/780/35 408/778/35
f 351/656/35 353/660/35 410/782/35
f 353/660/35 355/664/35 411/784/35
f 357/668/35 412/786/35 411/784/35
f 357/668/35 359/672/35 413/788/35
f 361/676/35 414/790/35 413/788/35
f 363/680/35 415/793/35 414/790/35
f 365/686/35 416/795/35 415/793/35
f 367/690/35 417/797/35 416/795/35
f 369/694/35 418/799/35 417/797/35
f 369/694/35 371/698/35 419/801/35
f 373/702/35 420/803/35 419/801/35
f 373/702/35 375/706/35 421/805/35
f 377/710/35 422/807/35 421/805/35
f 379/714/35 423/810/35 422/807/35
f 379/714/35 381/720/35 424/812/35
f 383/724/35 425/814/35 424/812/35
f 383/724/35 385/728/35 426/816/35
f 387/732/35 427/818/35 426/816/35
f 389/736/35 428/820/35 427/818/35
f 391/741/35 429/822/35 428/820/35
f 393/744/35 430/824/35 429/822/35
f 395/750/35 431/826/35 430/824/35
f 395/750/35 397/754/35 432/829/35
f 399/758/35 433/831/35 432/829/35
f 401/762/35 434/833/35 433/831/35
f 403/766/35 435/835/35 434/833/35
f 341/634/35 405/771/35 435/835/35
f 438/840/35 436/836/35 437/838/35
f 437/838/35 467/902/35 466/900/35
f 466/900/35 465/898/35 464/896/35
f 464/896/35 463/893/35 462/891/35
f 462/891/35 461/889/35 460/887/35
f 460/887/35 459/885/35 458/883/35
f 458/883/35 457/881/35 456/878/35
f 456/878/35 455/876/35 454/874/35
f 454/874/35 453/872/35 452/870/35
f 452/870/35 451/868/35 450/866/35
f 450/866/35 449/864/35 448/861/35
f 448/861/35 447/859/35 446/857/35
f 446/857/35 445/855/35 444/853/35
f 444/853/35 443/851/35 442/849/35
f 442/849/35 441/847/35 440/845/35
f 440/845/35 439/842/35 438/840/35
f 438/840/35 437/838/35 466/900/35
f 466/900/35 464/896/35 462/891/35
f 462/891/35 460/887/35 458/883/35
f 458/883/35 456/878/35 454/874/35
f 454/874/35 452/870/35 450/866/35
f 450/866/35 448/861/35 446/857/35
f 446/857/35 444/853/35 442/849/35
f 442/849/35 440/845/35 438/840/35
f 438/840/35 466/900/35 462/891/35
f 462/891/35 458/883/35 454/874/35
f 454/874/35 450/866/35 446/857/35
f 446/857/35 442/849/35 438/840/35
f 438/840/35 462/891/35 454/874/35
f 365/687/36 448/862/36 449/865/36
f 393/745/37 462/892/37 463/894/37
f 367/691/38 449/865/38 450/867/38
f 341/635/39 437/839/39 436/837/39
f 397/755/40 395/751/40 463/895/40
f 369/695/41 450/867/41 451/869/41
f 343/639/42 436/837/42 438/841/42
f 397/755/43 464/897/43 465/899/43
f 371/699/44 451/869/44 452/871/44
f 345/643/45 438/841/45 439/843/45
f 399/759/46 465/899/46 466/901/46
f 373/703/47 452/871/47 453/873/47
f 347/649/48 439/844/48 440/846/48
f 401/763/49 466/901/49 467/903/49
f 375/707/50 453/873/50 454/875/50
f 349/653/51 440/846/51 441/848/51
f 403/767/52 467/903/52 437/839/52
f 377/711/53 454/875/53 455/877/53
f 351/657/54 441/848/54 442/850/54
f 379/715/55 455/877/55 456/879/55
f 353/661/56 442/850/56 443/852/56
f 381/721/57 456/880/57 457/882/57
f 355/665/58 443/852/58 444/854/58
f 383/725/59 457/882/59 458/884/59
f 357/669/60 444/854/60 445/856/60
f 385/729/61 458/884/61 459/886/61
f 359/673/62 445/856/62 446/858/62
f 387/733/63 459/886/63 460/888/63
f 361/677/64 446/858/64 447/860/64
f 389/737/65 460/888/65 461/890/65
f 363/681/66 447/860/66 448/863/66
f 500/964/34 468/904/34 469/906/34
f 501/966/34 469/906/34 470/908/34
f 502/968/34 470/908/34 471/910/34
f 503/970/34 471/910/34 472/913/34
f 504/973/34 472/913/34 473/914/34
f 505/975/34 473/914/34 474/916/34
f 506/977/34 474/916/34 475/918/34
f 508/981/34 507/979/34 475/918/34
f 509/983/34 508/981/34 476/920/34
f 509/983/34 477/922/34 478/924/34
f 510/985/34 478/924/34 479/926/34
f 511/987/34 479/926/34 480/929/34
f 513/992/34 512/989/34 480/929/34
f 513/992/34 481/930/34 482/932/34
f 514/994/34 482/932/34 483/934/34
f 516/998/34 515/996/34 483/934/34
f 516/998/34 484/936/34 485/938/34
f 517/1000/34 485/938/34 486/941/34
f 519/1004/34 518/1002/34 486/941/34
f 519/1004/34 487/942/34 488/943/34
f 520/1006/34 488/943/34 489/944/34
f 521/1009/34 489/944/34 490/946/34
f 522/1011/34 490/946/34 491/948/34
f 523/1013/34 491/948/34 492/950/34
f 524/1015/34 492/950/34 493/952/34
f 525/1017/34 493/952/34 494/955/34
f 527/1022/34 526/1019/34 494/955/34
f 527/1022/34 495/956/34 496/957/34
f 529/1026/34 528/1024/34 496/957/34
f 529/1026/34 497/958/34 498/961/34
f 530/1028/34 498/961/34 499/962/34
f 531/1030/34 499/962/34 468/904/34
f 340/633/67 500/965/67 501/967/67
f 342/637/68 501/967/68 502/969/68
f 344/641/69 502/969/69 503/971/69
f 346/646/70 503/972/70 504/974/70
f 350/655/71 348/651/71 504/974/71
f 350/655/72 505/976/72 506/978/72
f 352/659/73 506/978/73 507/980/73
f 354/663/74 507/980/74 508/982/74
f 356/667/75 508/982/75 509/984/75
f 358/671/76 509/984/76 510/986/76
f 362/679/77 360/675/77 510/986/77
f 362/679/78 511/988/78 512/990/78
f 366/689/79 364/684/79 512/991/79
f 366/689/80 513/993/80 514/995/80
f 368/693/81 514/995/81 515/997/81
f 370/697/82 515/997/82 516/999/82
f 372/701/83 516/999/83 517/1001/83
f 374/705/84 517/1001/84 518/1003/84
f 378/713/85 376/709/85 518/1003/85
f 378/713/86 519/1005/86 520/1007/86
f 382/723/87 380/718/87 520/1008/87
f 382/723/88 521/1010/88 522/1012/88
f 386/731/89 384/727/89 522/1012/89
f 386/731/90 523/1014/90 524/1016/90
f 388/735/91 524/1016/91 525/1018/91
f 390/739/92 525/1018/92 526/1020/92
f 394/747/93 392/743/93 526/1020/93
f 394/748/94 527/1023/94 528/1025/94
f 396/753/95 528/1025/95 529/1027/95
f 398/757/96 529/1027/96 530/1029/96
f 400/761/97 530/1029/97 531/1031/97
f 402/765/98 531/1031/98 500/965/98
f 627/1159/99 532/1032/99 468/905/99
f 627/1159/100 626/1158/100 533/1033/100
f 625/1157/101 534/1034/101 533/1033/101
f 624/1156/102 627/1159/102 499/963/102
f 624/1156/103 623/1155/103 626/1158/103
f 622/1154/104 625/1157/104 626/1158/104
f 497/959/105 621/1152/105 624/1156/105
f 621/1152/106 620/1151/106 623/1155/106
f 620/1151/107 619/1150/107 622/1154/107
f 496/957/108 618/1149/108 621/1153/108
f 618/1148/109 617/1145/109 620/1151/109
f 616/1143/110 619/1150/110 620/1151/110
f 495/956/111 615/1142/111 618/1149/111
f 615/1141/234 614/1140/234 617/1146/234
f 613/1139/113 616/1144/113 617/1146/113
f 494/955/114 612/1137/114 615/1142/114
f 612/1138/115 611/1136/115 614/1140/115
f 610/1135/116 613/1139/116 614/1140/116
f 493/953/117 609/1134/117 612/1138/117
f 609/1134/118 608/1133/118 611/1136/118
f 607/1132/119 610/1135/119 611/1136/119
f 492/951/120 606/1131/120 609/1134/120
f 609/1134/121 606/1131/121 631/1167/121
f 631/1167/121 605/1128/121 608/1133/121
f 608/1133/122 605/1128/122 630/1166/122
f 630/1166/955 604/1125/955 607/1132/955
f 492/951/123 491/949/123 603/1124/123
f 603/1124/35 632/1170/35 606/1131/35
f 670/1245/124 643/1191/124 645/1194/124
f 490/947/125 600/1117/125 603/1124/125
f 603/1124/126 600/1117/126 599/1116/126
f 599/1116/126 602/1121/126 629/1163/126
f 602/1121/127 599/1116/127 598/1115/127
f 598/1115/956 601/1118/956 628/1161/956
f 489/945/128 597/1113/128 600/1117/128
f 597/1113/129 596/1112/129 599/1116/129
f 595/1111/130 598/1115/130 599/1116/130
f 488/943/131 594/1109/131 597/1114/131
f 594/1110/132 593/1108/132 596/1112/132
f 592/1107/133 595/1111/133 596/1112/133
f 487/942/134 591/1105/134 594/1109/134
f 590/1102/135 593/1108/135 594/1110/135
f 589/1100/136 592/1107/136 593/1108/136
f 486/941/137 588/1098/137 591/1105/137
f 587/1097/138 590/1103/138 591/1106/138
f 586/1096/139 589/1101/139 590/1103/139
f 485/939/140 585/1095/140 588/1099/140
f 584/1094/141 587/1097/141 588/1099/141
f 583/1093/142 586/1096/142 587/1097/142
f 484/937/143 582/1092/143 585/1095/143
f 581/1091/144 584/1094/144 585/1095/144
f 580/1090/145 583/1093/145 584/1094/145
f 579/1089/146 582/1092/146 484/937/146
f 578/1088/147 581/1091/147 582/1092/147
f 577/1087/148 580/1090/148 581/1091/148
f 576/1086/149 579/1089/149 483/935/149
f 575/1085/150 578/1088/150 579/1089/150
f 574/1084/151 577/1087/151 578/1088/151
f 573/1083/152 576/1086/152 482/933/152
f 572/1082/153 575/1085/153 576/1086/153
f 571/1081/154 574/1084/154 575/1085/154
f 570/1080/155 573/1083/155 481/931/155
f 569/1078/156 572/1082/156 573/1083/156
f 568/1077/157 571/1081/157 572/1082/157
f 567/1075/158 570/1079/158 480/929/158
f 566/1072/159 569/1078/159 570/1080/159
f 565/1070/160 568/1077/160 569/1078/160
f 564/1069/161 567/1076/161 479/927/161
f 563/1068/162 566/1073/162 567/1076/162
f 562/1067/163 565/1071/163 566/1073/163
f 561/1066/164 564/1069/164 478/925/164
f 560/1065/165 563/1068/165 564/1069/165
f 559/1064/166 562/1067/166 563/1068/166
f 558/1063/167 561/1066/167 477/923/167
f 557/1062/168 560/1065/168 561/1066/168
f 556/1061/169 559/1064/169 560/1065/169
f 555/1060/170 558/1063/170 476/921/170
f 554/1059/171 557/1062/171 558/1063/171
f 554/1059/172 553/1058/172 556/1061/172
f 552/1057/173 555/1060/173 475/919/173
f 551/1056/174 554/1059/174 555/1060/174
f 550/1055/175 553/1058/175 554/1059/175
f 549/1054/176 552/1057/176 474/917/176
f 548/1053/177 551/1056/177 552/1057/177
f 548/1053/178 547/1052/178 550/1055/178
f 546/1049/179 549/1054/179 473/915/179
f 545/1047/180 548/1053/180 549/1054/180
f 544/1045/181 547/1052/181 548/1053/181
f 543/1043/182 546/1050/182 472/913/182
f 542/1042/183 545/1048/183 546/1051/183
f 542/1042/184 541/1041/184 544/1046/184
f 540/1040/185 543/1044/185 471/911/185
f 540/1040/186 539/1039/186 542/1042/186
f 539/1039/187 538/1038/187 541/1041/187
f 537/1037/188 540/1040/188 470/909/188
f 537/1037/189 536/1036/189 539/1039/189
f 535/1035/190 538/1038/190 539/1039/190
f 532/1032/191 537/1037/191 469/907/191
f 533/1033/192 536/1036/192 537/1037/192
f 533/1033/193 534/1034/193 535/1035/193
f 635/1175/194 630/1166/194 605/1128/194
f 602/1121/194 628/1161/194 635/1175/194
f 649/1205/195 646/1196/195 648/1203/195
f 658/1225/957 657/1223/957 639/1184/957
f 655/1219/958 641/1189/958 638/1181/958
f 629/1163/979 636/1176/979 631/1167/979
f 631/1167/198 606/1131/198 632/1170/198
f 632/1170/198 603/1124/198 629/1163/198
f 641/1188/199 642/1190/199 637/1178/199
f 639/1185/199 637/1178/199 642/1190/199
f 669/1244/124 644/1193/124 643/1191/124
f 660/1229/200 656/1220/200 638/1182/200
f 668/1242/959 654/1214/959 644/1192/959
f 657/1222/200 660/1229/200 637/1179/200
f 648/1202/202 643/1191/202 644/1193/202
f 646/1197/202 645/1194/202 643/1191/202
f 654/1214/960 653/1213/960 647/1200/960
f 652/1210/961 645/1195/961 646/1198/961
f 650/1206/195 648/1203/195 647/1201/195
f 651/1207/205 654/1215/205 668/1241/205
f 665/1237/962 663/1234/962 654/1216/962
f 661/1230/963 650/1206/963 653/1212/963
f 662/1232/964 652/1210/964 649/1204/964
f 663/1233/965 666/1239/965 653/1213/965
f 664/1235/966 649/1205/966 650/1206/966
f 662/1231/967 665/1237/967 651/1208/967
f 677/1259/212 675/1255/212 660/1229/212
f 674/1252/213 658/1224/213 659/1227/213
f 675/1255/212 673/1251/212 656/1220/212
f 678/1261/213 659/1227/213 655/1218/213
f 676/1258/968 655/1219/968 656/1221/968
f 674/1253/969 677/1260/969 657/1223/969
f 672/1249/970 658/1225/970 640/1187/970
f 667/1240/205 672/1248/205 652/1211/205
f 602/1122/222 633/1172/222 665/1237/222
f 629/1164/980 664/1235/980 661/1230/980
f 605/1129/972 631/1168/972 666/1239/972
f 602/1123/973 662/1232/973 664/1236/973
f 631/1169/218 636/1177/218 661/1230/218
f 605/1130/974 663/1234/974 665/1237/974
f 658/1226/223 672/1248/223 667/1240/223
f 672/1249/216 671/1246/216 645/1195/216
f 659/1228/223 667/1240/223 668/1241/223
f 668/1242/201 669/1243/201 641/1189/201
f 669/1244/226 670/1245/226 642/1190/226
f 642/1190/226 670/1245/226 671/1247/226
f 601/1119/975 677/1260/975 674/1253/975
f 604/1126/976 630/1165/976 676/1258/976
f 630/1166/231 635/1175/231 678/1262/231
f 604/1127/977 673/1251/977 675/1255/977
f 628/1161/978 674/1254/978 678/1262/978
f 601/1120/230 634/1174/230 675/1255/230
f 744/1401/1 743/1399/1 874/1666/1
f 743/1399/2 745/1403/2 877/1669/2
f 745/1403/3 746/1405/3 880/1672/3
f 746/1405/4 747/1407/4 883/1677/4
f 747/1408/5 748/1410/5 886/1683/5
f 748/1410/6 749/1412/6 889/1686/6
f 749/1412/7 750/1414/7 892/1689/7
f 750/1414/8 751/1416/8 895/1692/8
f 751/1416/9 752/1418/9 898/1695/9
f 752/1418/10 753/1420/10 901/1698/10
f 753/1420/11 754/1422/11 904/1702/11
f 754/1423/12 755/1425/12 907/1708/12
f 755/1425/13 756/1427/13 910/1712/13
f 756/1427/14 757/1429/14 913/1715/14
f 757/1429/15 758/1431/15 916/1718/15
f 758/1431/16 759/1433/16 919/1721/16
f 919/1721/17 759/1433/17 760/1435/17
f 922/1724/18 760/1435/18 761/1437/18
f 925/1727/19 761/1437/19 762/1439/19
f 928/1731/20 762/1440/20 763/1442/20
f 931/1738/21 763/1442/21 764/1444/21
f 934/1742/22 764/1444/22 765/1446/22
f 765/1446/953 766/1448/953 940/1749/953
f 973/1804/24 940/1749/24 766/1448/24
f 766/1448/24 767/1450/24 943/1756/24
f 943/1756/954 767/1450/954 768/1452/954
f 946/1763/26 768/1452/26 769/1454/26
f 769/1454/27 770/1456/27 952/1770/27
f 770/1456/28 771/1458/28 955/1775/28
f 771/1459/29 772/1461/29 958/1781/29
f 772/1461/30 773/1463/30 961/1785/30
f 730/1371/31 800/1521/31 801/1523/31
f 773/1463/32 774/1465/32 964/1788/32
f 774/1465/33 744/1401/33 873/1665/33
f 741/1395/34 679/1263/34 681/1267/34
f 681/1267/34 683/1271/34 685/1276/34
f 685/1276/34 687/1281/34 689/1285/34
f 689/1285/34 691/1289/34 693/1293/34
f 693/1293/34 695/1297/34 697/1301/34
f 697/1301/34 699/1305/34 701/1309/34
f 701/1309/34 703/1313/34 705/1319/34
f 705/1319/34 707/1323/34 709/1327/34
f 709/1327/34 711/1331/34 713/1335/34
f 713/1335/34 715/1339/34 717/1343/34
f 717/1343/34 719/1348/34 721/1353/34
f 721/1353/34 723/1357/34 725/1361/34
f 725/1361/34 727/1365/34 729/1369/34
f 729/1369/34 731/1373/34 733/1377/34
f 733/1377/34 735/1383/34 737/1387/34
f 737/1387/34 739/1391/34 741/1395/34
f 741/1395/34 681/1267/34 685/1276/34
f 685/1276/34 689/1285/34 693/1293/34
f 693/1293/34 697/1301/34 701/1309/34
f 701/1309/34 705/1319/34 709/1327/34
f 709/1327/34 713/1335/34 717/1343/34
f 717/1343/34 721/1353/34 725/1361/34
f 725/1361/34 729/1369/34 733/1377/34
f 733/1377/34 737/1387/34 741/1395/34
f 741/1395/34 685/1276/34 693/1293/34
f 693/1293/34 701/1309/34 709/1327/34
f 709/1327/34 717/1343/34 725/1361/34
f 725/1361/34 733/1377/34 741/1395/34
f 741/1395/34 693/1293/34 709/1327/34
f 680/1265/35 682/1269/35 743/1400/35
f 684/1273/35 745/1404/35 743/1400/35
f 684/1273/35 686/1279/35 746/1406/35
f 686/1279/35 688/1283/35 747/1409/35
f 690/1287/35 748/1411/35 747/1409/35
f 690/1287/35 692/1291/35 749/1413/35
f 692/1291/35 694/1295/35 750/1415/35
f 696/1299/35 751/1417/35 750/1415/35
f 696/1299/35 698/1303/35 752/1419/35
f 700/1307/35 753/1421/35 752/1419/35
f 702/1311/35 754/1424/35 753/1421/35
f 704/1317/35 755/1426/35 754/1424/35
f 706/1321/35 756/1428/35 755/1426/35
f 708/1325/35 757/1430/35 756/1428/35
f 708/1325/35 710/1329/35 758/1432/35
f 712/1333/35 759/1434/35 758/1432/35
f 712/1333/35 714/1337/35 760/1436/35
f 716/1341/35 761/1438/35 760/1436/35
f 718/1345/35 762/1441/35 761/1438/35
f 718/1345/35 720/1351/35 763/1443/35
f 722/1355/35 764/1445/35 763/1443/35
f 722/1355/35 724/1359/35 765/1447/35
f 726/1363/35 766/1449/35 765/1447/35
f 728/1367/35 767/1451/35 766/1449/35
f 730/1372/35 768/1453/35 767/1451/35
f 732/1375/35 769/1455/35 768/1453/35
f 734/1381/35 770/1457/35 769/1455/35
f 734/1381/35 736/1385/35 771/1460/35
f 738/1389/35 772/1462/35 771/1460/35
f 740/1393/35 773/1464/35 772/1462/35
f 742/1397/35 774/1466/35 773/1464/35
f 680/1265/35 744/1402/35 774/1466/35
f 777/1471/35 775/1467/35 776/1469/35
f 776/1469/35 806/1533/35 805/1531/35
f 805/1531/35 804/1529/35 803/1527/35
f 803/1527/35 802/1524/35 801/1522/35
f 801/1522/35 800/1520/35 799/1518/35
f 799/1518/35 798/1516/35 797/1514/35
f 797/1514/35 796/1512/35 795/1509/35
f 795/1509/35 794/1507/35 793/1505/35
f 793/1505/35 792/1503/35 791/1501/35
f 791/1501/35 790/1499/35 789/1497/35
f 789/1497/35 788/1495/35 787/1492/35
f 787/1492/35 786/1490/35 785/1488/35
f 785/1488/35 784/1486/35 783/1484/35
f 783/1484/35 782/1482/35 781/1480/35
f 781/1480/35 780/1478/35 779/1476/35
f 779/1476/35 778/1473/35 777/1471/35
f 777/1471/35 776/1469/35 805/1531/35
f 805/1531/35 803/1527/35 801/1522/35
f 801/1522/35 799/1518/35 797/1514/35
f 797/1514/35 795/1509/35 793/1505/35
f 793/1505/35 791/1501/35 789/1497/35
f 789/1497/35 787/1492/35 785/1488/35
f 785/1488/35 783/1484/35 781/1480/35
f 781/1480/35 779/1476/35 777/1471/35
f 777/1471/35 805/1531/35 801/1522/35
f 801/1522/35 797/1514/35 793/1505/35
f 793/1505/35 789/1497/35 785/1488/35
f 785/1488/35 781/1480/35 777/1471/35
f 777/1471/35 801/1522/35 793/1505/35
f 704/1318/36 787/1493/36 788/1496/36
f 732/1376/37 801/1523/37 802/1525/37
f 706/1322/38 788/1496/38 789/1498/38
f 680/1266/39 776/1470/39 775/1468/39
f 736/1386/40 734/1382/40 802/1526/40
f 708/1326/41 789/1498/41 790/1500/41
f 682/1270/42 775/1468/42 777/1472/42
f 736/1386/43 803/1528/43 804/1530/43
f 710/1330/44 790/1500/44 791/1502/44
f 684/1274/45 777/1472/45 778/1474/45
f 738/1390/46 804/1530/46 805/1532/46
f 712/1334/47 791/1502/47 792/1504/47
f 688/1284/48 686/1280/48 778/1475/48
f 740/1394/49 805/1532/49 806/1534/49
f 714/1338/50 792/1504/50 793/1506/50
f 688/1284/51 779/1477/51 780/1479/51
f 742/1398/52 806/1534/52 776/1470/52
f 716/1342/53 793/1506/53 794/1508/53
f 690/1288/54 780/1479/54 781/1481/54
f 718/1346/55 794/1508/55 795/1510/55
f 692/1292/56 781/1481/56 782/1483/56
f 720/1352/57 795/1511/57 796/1513/57
f 694/1296/58 782/1483/58 783/1485/58
f 722/1356/59 796/1513/59 797/1515/59
f 696/1300/60 783/1485/60 784/1487/60
f 724/1360/61 797/1515/61 798/1517/61
f 698/1304/62 784/1487/62 785/1489/62
f 726/1364/63 798/1517/63 799/1519/63
f 700/1308/64 785/1489/64 786/1491/64
f 728/1368/65 799/1519/65 800/1521/65
f 702/1312/66 786/1491/66 787/1494/66
f 839/1595/34 807/1535/34 808/1537/34
f 840/1597/34 808/1537/34 809/1539/34
f 841/1599/34 809/1539/34 810/1541/34
f 842/1601/34 810/1541/34 811/1544/34
f 843/1604/34 811/1544/34 812/1545/34
f 844/1606/34 812/1545/34 813/1547/34
f 845/1608/34 813/1547/34 814/1549/34
f 847/1612/34 846/1610/34 814/1549/34
f 848/1614/34 847/1612/34 815/1551/34
f 848/1614/34 816/1553/34 817/1555/34
f 849/1616/34 817/1555/34 818/1557/34
f 850/1618/34 818/1557/34 819/1560/34
f 852/1623/34 851/1621/34 819/1560/34
f 852/1623/34 820/1561/34 821/1563/34
f 853/1625/34 821/1563/34 822/1565/34
f 855/1629/34 854/1627/34 822/1565/34
f 855/1629/34 823/1567/34 824/1569/34
f 856/1631/34 824/1569/34 825/1572/34
f 858/1635/34 857/1633/34 825/1572/34
f 858/1635/34 826/1573/34 827/1574/34
f 859/1637/34 827/1574/34 828/1575/34
f 860/1640/34 828/1575/34 829/1577/34
f 861/1642/34 829/1577/34 830/1579/34
f 862/1644/34 830/1579/34 831/1581/34
f 863/1646/34 831/1581/34 832/1583/34
f 864/1648/34 832/1583/34 833/1586/34
f 866/1653/34 865/1650/34 833/1586/34
f 866/1653/34 834/1587/34 835/1588/34
f 868/1657/34 867/1655/34 835/1588/34
f 868/1657/34 836/1589/34 837/1592/34
f 869/1659/34 837/1592/34 838/1593/34
f 870/1661/34 838/1593/34 807/1535/34
f 679/1264/67 839/1596/67 840/1598/67
f 683/1272/68 681/1268/68 840/1598/68
f 683/1272/69 841/1600/69 842/1602/69
f 685/1277/70 842/1603/70 843/1605/70
f 687/1282/71 843/1605/71 844/1607/71
f 689/1286/72 844/1607/72 845/1609/72
f 693/1294/73 691/1290/73 845/1609/73
f 693/1294/74 846/1611/74 847/1613/74
f 695/1298/75 847/1613/75 848/1615/75
f 697/1302/76 848/1615/76 849/1617/76
f 701/1310/77 699/1306/77 849/1617/77
f 703/1314/78 701/1310/78 850/1619/78
f 705/1320/79 703/1315/79 851/1622/79
f 705/1320/80 852/1624/80 853/1626/80
f 707/1324/81 853/1626/81 854/1628/81
f 709/1328/82 854/1628/82 855/1630/82
f 711/1332/83 855/1630/83 856/1632/83
f 713/1336/84 856/1632/84 857/1634/84
f 717/1344/85 715/1340/85 857/1634/85
f 717/1344/86 858/1636/86 859/1638/86
f 721/1354/87 719/1349/87 859/1639/87
f 721/1354/88 860/1641/88 861/1643/88
f 725/1362/89 723/1358/89 861/1643/89
f 725/1362/90 862/1645/90 863/1647/90
f 727/1366/91 863/1647/91 864/1649/91
f 729/1370/981 864/1649/981 865/1651/981
f 733/1378/93 731/1374/93 865/1651/93
f 733/1379/94 866/1654/94 867/1656/94
f 735/1384/95 867/1656/95 868/1658/95
f 737/1388/96 868/1658/96 869/1660/96
f 739/1392/97 869/1660/97 870/1662/97
f 741/1396/98 870/1662/98 839/1596/98
f 966/1790/99 871/1663/99 807/1536/99
f 966/1790/100 965/1789/100 872/1664/100
f 964/1788/101 873/1665/101 872/1664/101
f 963/1787/102 966/1790/102 838/1594/102
f 963/1787/103 962/1786/103 965/1789/103
f 962/1786/104 961/1785/104 964/1788/104
f 836/1590/105 960/1783/105 963/1787/105
f 960/1783/106 959/1782/106 962/1786/106
f 958/1781/107 961/1785/107 962/1786/107
f 835/1588/108 957/1780/108 960/1784/108
f 957/1779/236 956/1776/236 959/1782/236
f 955/1774/110 958/1781/110 959/1782/110
f 834/1587/111 954/1773/111 957/1780/111
f 954/1772/112 953/1771/112 956/1777/112
f 952/1770/113 955/1775/113 956/1777/113
f 833/1586/114 951/1768/114 954/1773/114
f 951/1769/115 950/1767/115 953/1771/115
f 949/1766/116 952/1770/116 953/1771/116
f 832/1584/117 948/1765/117 951/1769/117
f 948/1765/118 947/1764/118 950/1767/118
f 946/1763/119 949/1766/119 950/1767/119
f 831/1582/120 945/1762/120 948/1765/120
f 948/1765/121 945/1762/121 970/1798/121
f 970/1798/121 944/1759/121 947/1764/121
f 947/1764/122 944/1759/122 969/1797/122
f 969/1797/955 943/1756/955 946/1763/955
f 831/1582/123 830/1580/123 942/1755/123
f 971/1801/123 945/1762/123 831/1582/123
f 1009/1876/124 982/1822/124 984/1825/124
f 829/1578/125 939/1748/125 942/1755/125
f 942/1755/126 939/1748/126 938/1747/126
f 938/1747/126 941/1752/126 968/1794/126
f 941/1752/127 938/1747/127 937/1746/127
f 937/1746/956 940/1749/956 967/1792/956
f 828/1576/128 936/1744/128 939/1748/128
f 936/1744/129 935/1743/129 938/1747/129
f 934/1742/130 937/1746/130 938/1747/130
f 827/1574/131 933/1740/131 936/1745/131
f 933/1741/982 932/1739/982 935/1743/982
f 931/1738/133 934/1742/133 935/1743/133
f 826/1573/134 930/1736/134 933/1740/134
f 929/1733/135 932/1739/135 933/1741/135
f 928/1731/136 931/1738/136 932/1739/136
f 825/1572/137 927/1729/137 930/1736/137
f 926/1728/138 929/1734/138 930/1737/138
f 925/1727/139 928/1732/139 929/1734/139
f 824/1570/140 924/1726/140 927/1730/140
f 923/1725/141 926/1728/141 927/1730/141
f 922/1724/142 925/1727/142 926/1728/142
f 823/1568/143 921/1723/143 924/1726/143
f 920/1722/144 923/1725/144 924/1726/144
f 919/1721/145 922/1724/145 923/1725/145
f 918/1720/146 921/1723/146 823/1568/146
f 917/1719/147 920/1722/147 921/1723/147
f 916/1718/148 919/1721/148 920/1722/148
f 915/1717/149 918/1720/149 822/1566/149
f 914/1716/150 917/1719/150 918/1720/150
f 913/1715/151 916/1718/151 917/1719/151
f 912/1714/152 915/1717/152 821/1564/152
f 911/1713/153 914/1716/153 915/1717/153
f 910/1712/154 913/1715/154 914/1716/154
f 909/1711/155 912/1714/155 820/1562/155
f 908/1709/156 911/1713/156 912/1714/156
f 907/1708/157 910/1712/157 911/1713/157
f 906/1706/158 909/1710/158 819/1560/158
f 905/1703/159 908/1709/159 909/1711/159
f 904/1701/160 907/1708/160 908/1709/160
f 903/1700/161 906/1707/161 818/1558/161
f 902/1699/162 905/1704/162 906/1707/162
f 901/1698/163 904/1702/163 905/1704/163
f 900/1697/164 903/1700/164 817/1556/164
f 899/1696/165 902/1699/165 903/1700/165
f 898/1695/166 901/1698/166 902/1699/166
f 897/1694/167 900/1697/167 816/1554/167
f 896/1693/168 899/1696/168 900/1697/168
f 895/1692/169 898/1695/169 899/1696/169
f 894/1691/170 897/1694/170 815/1552/170
f 893/1690/171 896/1693/171 897/1694/171
f 893/1690/172 892/1689/172 895/1692/172
f 891/1688/173 894/1691/173 814/1550/173
f 890/1687/174 893/1690/174 894/1691/174
f 889/1686/175 892/1689/175 893/1690/175
f 888/1685/176 891/1688/176 813/1548/176
f 887/1684/177 890/1687/177 891/1688/177
f 886/1683/178 889/1686/178 890/1687/178
f 885/1680/179 888/1685/179 812/1546/179
f 884/1678/180 887/1684/180 888/1685/180
f 883/1676/181 886/1683/181 887/1684/181
f 882/1674/182 885/1681/182 811/1544/182
f 881/1673/183 884/1679/183 885/1682/183
f 880/1672/184 883/1677/184 884/1679/184
f 879/1671/185 882/1675/185 810/1542/185
f 879/1671/186 878/1670/186 881/1673/186
f 877/1669/187 880/1672/187 881/1673/187
f 876/1668/188 879/1671/188 809/1540/188
f 876/1668/189 875/1667/189 878/1670/189
f 874/1666/190 877/1669/190 878/1670/190
f 871/1663/191 876/1668/191 808/1538/191
f 871/1663/192 872/1664/192 875/1667/192
f 872/1664/193 873/1665/193 874/1666/193
f 974/1806/194 969/1797/194 944/1759/194
f 941/1752/194 967/1792/194 974/1806/194
f 988/1836/195 985/1827/195 987/1834/195
f 997/1856/957 996/1854/957 978/1815/957
f 994/1850/958 980/1820/958 977/1812/958
f 968/1794/35 975/1807/35 970/1798/35
f 970/1798/198 945/1762/198 971/1801/198
f 971/1801/198 942/1755/198 968/1794/198
f 980/1819/199 981/1821/199 976/1809/199
f 978/1816/199 976/1809/199 981/1821/199
f 1008/1875/124 983/1824/124 982/1822/124
f 999/1860/200 995/1851/200 977/1813/200
f 1007/1873/959 993/1845/959 983/1823/959
f 996/1853/200 999/1860/200 976/1810/200
f 987/1833/202 982/1822/202 983/1824/202
f 985/1828/202 984/1825/202 982/1822/202
f 993/1845/960 992/1844/960 986/1831/960
f 991/1841/961 984/1826/961 985/1829/961
f 989/1837/195 987/1834/195 986/1832/195
f 990/1838/205 993/1846/205 1007/1872/205
f 1004/1868/962 1002/1865/962 993/1847/962
f 1000/1861/963 989/1837/963 992/1843/963
f 1001/1863/964 991/1841/964 988/1835/964
f 1002/1864/965 1005/1870/965 992/1844/965
f 1003/1866/966 988/1836/966 989/1837/966
f 1001/1862/967 1004/1868/967 990/1839/967
f 1016/1890/212 1014/1886/212 999/1860/212
f 1013/1883/213 997/1855/213 998/1858/213
f 1014/1886/212 1012/1882/212 995/1851/212
f 1017/1892/213 998/1858/213 994/1849/213
f 1015/1889/968 994/1850/968 995/1852/968
f 1013/1884/969 1016/1891/969 996/1854/969
f 1011/1880/970 997/1856/970 979/1818/970
f 1006/1871/205 1011/1879/205 991/1842/205
f 941/1753/222 972/1803/222 1004/1868/222
f 968/1795/980 1003/1866/980 1000/1861/980
f 944/1760/972 970/1799/972 1005/1870/972
f 941/1754/973 1001/1863/973 1003/1867/973
f 970/1800/983 975/1808/983 1000/1861/983
f 944/1761/974 1002/1865/974 1004/1868/974
f 997/1857/223 1011/1879/223 1006/1871/223
f 1011/1880/216 1010/1877/216 984/1826/216
f 998/1859/223 1006/1871/223 1007/1872/223
f 1007/1873/201 1008/1874/201 980/1820/201
f 1008/1875/226 1009/1876/226 981/1821/226
f 981/1821/226 1009/1876/226 1010/1878/226
f 940/1750/975 1016/1891/975 1013/1884/975
f 943/1757/976 969/1796/976 1015/1889/976
f 969/1797/231 974/1806/231 1017/1893/231
f 943/1758/977 1012/1882/977 1014/1886/977
f 967/1792/978 1013/1885/978 1017/1893/978
f 940/1751/230 973/1805/230 1014/1886/230
f 1083/2032/1 1082/2030/1 1213/2297/1
f 1082/2030/2 1084/2034/2 1216/2300/2
f 1084/2034/3 1085/2036/3 1219/2303/3
f 1085/2036/4 1086/2038/4 1222/2308/4
f 1086/2039/5 1087/2041/5 1225/2314/5
f 1087/2041/6 1088/2043/6 1228/2317/6
f 1088/2043/7 1089/2045/7 1231/2320/7
f 1089/2045/8 1090/2047/8 1234/2323/8
f 1090/2047/9 1091/2049/9 1237/2326/9
f 1091/2049/10 1092/2051/10 1240/2329/10
f 1092/2051/11 1093/2053/11 1243/2333/11
f 1093/2054/12 1094/2056/12 1246/2339/12
f 1094/2056/13 1095/2058/13 1249/2343/13
f 1095/2058/14 1096/2060/14 1252/2346/14
f 1096/2060/15 1097/2062/15 1255/2349/15
f 1097/2062/16 1098/2064/16 1258/2352/16
f 1258/2352/17 1098/2064/17 1099/2066/17
f 1261/2355/18 1099/2066/18 1100/2068/18
f 1264/2358/19 1100/2068/19 1101/2070/19
f 1267/2362/20 1101/2071/20 1102/2073/20
f 1270/2369/21 1102/2073/21 1103/2075/21
f 1273/2373/22 1103/2075/22 1104/2077/22
f 1104/2077/953 1105/2079/953 1279/2380/953
f 1312/2435/24 1279/2380/24 1105/2079/24
f 1105/2079/24 1106/2081/24 1282/2387/24
f 1282/2387/954 1106/2081/954 1107/2083/954
f 1285/2394/26 1107/2083/26 1108/2085/26
f 1288/2397/27 1108/2085/27 1109/2087/27
f 1109/2087/28 1110/2089/28 1294/2406/28
f 1110/2090/29 1111/2092/29 1297/2412/29
f 1111/2092/30 1112/2094/30 1300/2416/30
f 1069/2003/31 1139/2151/31 1140/2154/31
f 1112/2094/32 1113/2096/32 1303/2419/32
f 1113/2096/33 1083/2032/33 1212/2296/33
f 1080/2026/34 1018/1894/34 1020/1898/34
f 1020/1898/34 1022/1902/34 1024/1907/34
f 1024/1907/34 1026/1912/34 1028/1916/34
f 1028/1916/34 1030/1920/34 1032/1924/34
f 1032/1924/984 1034/1928/984 1036/1932/984
f 1036/1932/984 1038/1936/984 1040/1940/984
f 1040/1940/34 1042/1945/34 1044/1950/34
f 1044/1950/34 1046/1954/34 1048/1958/34
f 1048/1958/34 1050/1962/34 1052/1966/34
f 1052/1966/34 1054/1970/34 1056/1974/34
f 1056/1974/34 1058/1979/34 1060/1984/34
f 1060/1984/985 1062/1988/985 1064/1992/985
f 1064/1992/985 1066/1996/985 1068/2000/985
f 1068/2000/34 1070/2004/34 1072/2008/34
f 1072/2008/34 1074/2014/34 1076/2018/34
f 1076/2018/34 1078/2022/34 1080/2026/34
f 1080/2026/34 1020/1898/34 1024/1907/34
f 1024/1907/34 1028/1916/34 1032/1924/34
f 1032/1924/34 1036/1932/34 1040/1940/34
f 1040/1940/34 1044/1950/34 1048/1958/34
f 1048/1958/34 1052/1966/34 1056/1974/34
f 1056/1974/34 1060/1984/34 1064/1992/34
f 1064/1992/34 1068/2000/34 1072/2008/34
f 1072/2008/34 1076/2018/34 1080/2026/34
f 1080/2026/34 1024/1907/34 1032/1924/34
f 1032/1924/34 1040/1940/34 1048/1958/34
f 1048/1958/34 1056/1974/34 1064/1992/34
f 1064/1992/34 1072/2008/34 1080/2026/34
f 1080/2026/34 1032/1924/34 1048/1958/34
f 1019/1896/35 1021/1900/35 1082/2031/35
f 1023/1904/35 1084/2035/35 1082/2031/35
f 1023/1904/35 1025/1910/35 1085/2037/35
f 1025/1910/35 1027/1914/35 1086/2040/35
f 1029/1918/35 1087/2042/35 1086/2040/35
f 1029/1918/35 1031/1922/35 1088/2044/35
f 1031/1922/35 1033/1926/35 1089/2046/35
f 1035/1930/35 1090/2048/35 1089/2046/35
f 1035/1930/35 1037/1934/35 1091/2050/35
f 1039/1938/35 1092/2052/35 1091/2050/35
f 1041/1942/35 1093/2055/35 1092/2052/35
f 1043/1948/35 1094/2057/35 1093/2055/35
f 1045/1952/35 1095/2059/35 1094/2057/35
f 1047/1956/35 1096/2061/35 1095/2059/35
f 1047/1956/35 1049/1960/35 1097/2063/35
f 1051/1964/35 1098/2065/35 1097/2063/35
f 1051/1964/35 1053/1968/35 1099/2067/35
f 1055/1972/35 1100/2069/35 1099/2067/35
f 1057/1976/35 1101/2072/35 1100/2069/35
f 1057/1976/35 1059/1982/35 1102/2074/35
f 1061/1986/35 1103/2076/35 1102/2074/35
f 1061/1986/35 1063/1990/35 1104/2078/35
f 1065/1994/35 1105/2080/35 1104/2078/35
f 1067/1998/35 1106/2082/35 1105/2080/35
f 1069/2002/35 1107/2084/35 1106/2082/35
f 1071/2006/35 1108/2086/35 1107/2084/35
f 1073/2012/35 1109/2088/35 1108/2086/35
f 1073/2012/35 1075/2016/35 1110/2091/35
f 1077/2020/35 1111/2093/35 1110/2091/35
f 1079/2024/35 1112/2095/35 1111/2093/35
f 1081/2028/35 1113/2097/35 1112/2095/35
f 1019/1896/35 1083/2033/35 1113/2097/35
f 1116/2102/35 1114/2098/35 1115/2100/35
f 1115/2100/35 1145/2164/35 1144/2162/35
f 1144/2162/35 1143/2160/35 1142/2158/35
f 1142/2158/35 1141/2155/35 1140/2153/35
f 1140/2153/35 1139/2152/35 1138/2149/35
f 1138/2149/986 1137/2147/986 1136/2145/986
f 1136/2145/35 1135/2143/35 1134/2140/35
f 1134/2140/35 1133/2138/35 1132/2136/35
f 1132/2136/35 1131/2134/35 1130/2132/35
f 1130/2132/35 1129/2130/35 1128/2128/35
f 1128/2128/35 1127/2126/35 1126/2123/35
f 1126/2123/35 1125/2121/35 1124/2119/35
f 1124/2119/987 1123/2117/987 1122/2115/987
f 1122/2115/35 1121/2113/35 1120/2111/35
f 1120/2111/35 1119/2109/35 1118/2107/35
f 1118/2107/35 1117/2104/35 1116/2102/35
f 1116/2102/35 1115/2100/35 1144/2162/35
f 1144/2162/35 1142/2158/35 1140/2153/35
f 1140/2153/35 1138/2149/35 1136/2145/35
f 1136/2145/35 1134/2140/35 1132/2136/35
f 1132/2136/35 1130/2132/35 1128/2128/35
f 1128/2128/35 1126/2123/35 1124/2119/35
f 1124/2119/35 1122/2115/35 1120/2111/35
f 1120/2111/35 1118/2107/35 1116/2102/35
f 1116/2102/35 1144/2162/35 1140/2153/35
f 1140/2153/35 1136/2145/35 1132/2136/35
f 1132/2136/35 1128/2128/35 1124/2119/35
f 1124/2119/35 1120/2111/35 1116/2102/35
f 1116/2102/35 1140/2153/35 1132/2136/35
f 1043/1949/36 1126/2124/36 1127/2127/36
f 1071/2007/37 1140/2154/37 1141/2156/37
f 1045/1953/38 1127/2127/38 1128/2129/38
f 1019/1897/39 1115/2101/39 1114/2099/39
f 1075/2017/40 1073/2013/40 1141/2157/40
f 1047/1957/41 1128/2129/41 1129/2131/41
f 1021/1901/42 1114/2099/42 1116/2103/42
f 1077/2021/43 1075/2017/43 1142/2159/43
f 1049/1961/44 1129/2131/44 1130/2133/44
f 1023/1905/45 1116/2103/45 1117/2105/45
f 1079/2025/46 1077/2021/46 1143/2161/46
f 1051/1965/47 1130/2133/47 1131/2135/47
f 1025/1911/48 1117/2106/48 1118/2108/48
f 1079/2025/49 1144/2163/49 1145/2165/49
f 1053/1969/50 1131/2135/50 1132/2137/50
f 1027/1915/51 1118/2108/51 1119/2110/51
f 1019/1897/52 1081/2029/52 1145/2165/52
f 1057/1977/53 1055/1973/53 1132/2137/53
f 1029/1919/54 1119/2110/54 1120/2112/54
f 1057/1977/55 1133/2139/55 1134/2141/55
f 1031/1923/56 1120/2112/56 1121/2114/56
f 1059/1983/57 1134/2142/57 1135/2144/57
f 1033/1927/58 1121/2114/58 1122/2116/58
f 1061/1987/59 1135/2144/59 1136/2146/59
f 1035/1931/60 1122/2116/60 1123/2118/60
f 1063/1991/61 1136/2146/61 1137/2148/61
f 1037/1935/62 1123/2118/62 1124/2120/62
f 1067/1999/63 1065/1995/63 1137/2148/63
f 1039/1939/64 1124/2120/64 1125/2122/64
f 1069/2003/65 1067/1999/65 1138/2150/65
f 1041/1943/66 1125/2122/66 1126/2125/66
f 1178/2226/34 1146/2166/34 1147/2169/34
f 1179/2228/34 1147/2169/34 1148/2170/34
f 1180/2230/34 1148/2170/34 1149/2172/34
f 1181/2232/34 1149/2172/34 1150/2175/34
f 1182/2235/34 1150/2175/34 1151/2176/34
f 1183/2237/34 1151/2176/34 1152/2178/34
f 1184/2239/34 1152/2178/34 1153/2180/34
f 1186/2243/34 1185/2241/34 1153/2180/34
f 1187/2245/34 1186/2243/34 1154/2182/34
f 1187/2245/34 1155/2184/34 1156/2186/34
f 1188/2247/34 1156/2186/34 1157/2188/34
f 1189/2249/34 1157/2188/34 1158/2191/34
f 1191/2254/34 1190/2251/34 1158/2191/34
f 1191/2254/34 1159/2192/34 1160/2194/34
f 1192/2256/34 1160/2194/34 1161/2196/34
f 1194/2260/34 1193/2258/34 1161/2196/34
f 1194/2260/34 1162/2198/34 1163/2200/34
f 1195/2262/34 1163/2200/34 1164/2203/34
f 1197/2266/34 1196/2264/34 1164/2203/34
f 1197/2266/34 1165/2204/34 1166/2205/34
f 1198/2268/34 1166/2205/34 1167/2206/34
f 1199/2271/34 1167/2206/34 1168/2208/34
f 1200/2273/34 1168/2208/34 1169/2210/34
f 1201/2275/34 1169/2210/34 1170/2212/34
f 1202/2277/34 1170/2212/34 1171/2214/34
f 1203/2279/34 1171/2214/34 1172/2217/34
f 1205/2284/34 1204/2281/34 1172/2217/34
f 1205/2284/34 1173/2218/34 1174/2219/34
f 1207/2288/34 1206/2286/34 1174/2219/34
f 1207/2288/34 1175/2220/34 1176/2223/34
f 1208/2290/34 1176/2223/34 1177/2224/34
f 1209/2292/34 1177/2224/34 1146/2166/34
f 1020/1899/67 1018/1895/67 1178/2227/67
f 1020/1899/68 1179/2229/68 1180/2231/68
f 1022/1903/69 1180/2231/69 1181/2233/69
f 1026/1913/70 1024/1908/70 1181/2234/70
f 1028/1917/71 1026/1913/71 1182/2236/71
f 1028/1917/72 1183/2238/72 1184/2240/72
f 1032/1925/73 1030/1921/73 1184/2240/73
f 1032/1925/74 1185/2242/74 1186/2244/74
f 1034/1929/75 1186/2244/75 1187/2246/75
f 1036/1933/76 1187/2246/76 1188/2248/76
f 1040/1941/77 1038/1937/77 1188/2248/77
f 1040/1941/78 1189/2250/78 1190/2252/78
f 1044/1951/79 1042/1946/79 1190/2253/79
f 1044/1951/80 1191/2255/80 1192/2257/80
f 1046/1955/81 1192/2257/81 1193/2259/81
f 1048/1959/82 1193/2259/82 1194/2261/82
f 1050/1963/83 1194/2261/83 1195/2263/83
f 1052/1967/84 1195/2263/84 1196/2265/84
f 1056/1975/85 1054/1971/85 1196/2265/85
f 1056/1975/86 1197/2267/86 1198/2269/86
f 1060/1985/87 1058/1980/87 1198/2270/87
f 1060/1985/88 1199/2272/88 1200/2274/88
f 1064/1993/89 1062/1989/89 1200/2274/89
f 1064/1993/90 1201/2276/90 1202/2278/90
f 1066/1997/91 1202/2278/91 1203/2280/91
f 1068/2001/981 1203/2280/981 1204/2282/981
f 1072/2009/93 1070/2005/93 1204/2282/93
f 1072/2010/94 1205/2285/94 1206/2287/94
f 1074/2015/95 1206/2287/95 1207/2289/95
f 1076/2019/96 1207/2289/96 1208/2291/96
f 1078/2023/97 1208/2291/97 1209/2293/97
f 1080/2027/98 1209/2293/98 1178/2227/98
f 1305/2421/99 1210/2294/99 1146/2167/99
f 1305/2421/100 1304/2420/100 1211/2295/100
f 1303/2419/101 1212/2296/101 1211/2295/101
f 1302/2418/102 1305/2421/102 1177/2225/102
f 1302/2418/103 1301/2417/103 1304/2420/103
f 1301/2417/104 1300/2416/104 1303/2419/104
f 1175/2221/105 1299/2414/105 1302/2418/105
f 1299/2414/106 1298/2413/106 1301/2417/106
f 1297/2412/107 1300/2416/107 1301/2417/107
f 1174/2219/108 1296/2411/108 1299/2415/108
f 1296/2410/109 1295/2407/109 1298/2413/109
f 1294/2405/110 1297/2412/110 1298/2413/110
f 1173/2218/111 1293/2404/111 1296/2411/111
f 1293/2403/112 1292/2402/112 1295/2408/112
f 1291/2401/113 1294/2406/113 1295/2408/113
f 1172/2217/114 1290/2399/114 1293/2404/114
f 1290/2400/115 1289/2398/115 1292/2402/115
f 1288/2397/116 1291/2401/116 1292/2402/116
f 1171/2215/117 1287/2396/117 1290/2400/117
f 1287/2396/118 1286/2395/118 1289/2398/118
f 1285/2394/119 1288/2397/119 1289/2398/119
f 1170/2213/120 1284/2393/120 1287/2396/120
f 1287/2396/121 1284/2393/121 1309/2429/121
f 1309/2429/121 1283/2390/121 1286/2395/121
f 1286/2395/122 1283/2390/122 1308/2428/122
f 1308/2428/955 1282/2387/955 1285/2394/955
f 1170/2213/123 1169/2211/123 1281/2386/123
f 1281/2386/988 1310/2432/988 1284/2393/988
f 1348/2507/124 1321/2453/124 1323/2456/124
f 1168/2209/125 1278/2379/125 1281/2386/125
f 1281/2386/126 1278/2379/126 1277/2378/126
f 1277/2378/126 1280/2383/126 1307/2425/126
f 1280/2383/127 1277/2378/127 1276/2377/127
f 1276/2377/956 1279/2380/956 1306/2423/956
f 1167/2207/128 1275/2375/128 1278/2379/128
f 1275/2375/129 1274/2374/129 1277/2378/129
f 1273/2373/130 1276/2377/130 1277/2378/130
f 1166/2205/131 1272/2371/131 1275/2376/131
f 1272/2372/132 1271/2370/132 1274/2374/132
f 1270/2369/133 1273/2373/133 1274/2374/133
f 1165/2204/134 1269/2367/134 1272/2371/134
f 1268/2364/135 1271/2370/135 1272/2372/135
f 1267/2362/136 1270/2369/136 1271/2370/136
f 1164/2203/137 1266/2360/137 1269/2367/137
f 1265/2359/138 1268/2365/138 1269/2368/138
f 1264/2358/139 1267/2363/139 1268/2365/139
f 1163/2201/140 1263/2357/140 1266/2361/140
f 1262/2356/141 1265/2359/141 1266/2361/141
f 1261/2355/142 1264/2358/142 1265/2359/142
f 1260/2354/143 1263/2357/143 1163/2201/143
f 1259/2353/144 1262/2356/144 1263/2357/144
f 1258/2352/145 1261/2355/145 1262/2356/145
f 1257/2351/146 1260/2354/146 1162/2199/146
f 1256/2350/147 1259/2353/147 1260/2354/147
f 1255/2349/148 1258/2352/148 1259/2353/148
f 1254/2348/149 1257/2351/149 1161/2197/149
f 1253/2347/150 1256/2350/150 1257/2351/150
f 1252/2346/151 1255/2349/151 1256/2350/151
f 1251/2345/152 1254/2348/152 1160/2195/152
f 1250/2344/153 1253/2347/153 1254/2348/153
f 1249/2343/154 1252/2346/154 1253/2347/154
f 1248/2342/155 1251/2345/155 1159/2193/155
f 1247/2340/156 1250/2344/156 1251/2345/156
f 1246/2339/157 1249/2343/157 1250/2344/157
f 1245/2337/158 1248/2341/158 1158/2191/158
f 1244/2334/159 1247/2340/159 1248/2342/159
f 1243/2332/160 1246/2339/160 1247/2340/160
f 1242/2331/161 1245/2338/161 1157/2189/161
f 1241/2330/162 1244/2335/162 1245/2338/162
f 1240/2329/163 1243/2333/163 1244/2335/163
f 1239/2328/164 1242/2331/164 1156/2187/164
f 1238/2327/165 1241/2330/165 1242/2331/165
f 1237/2326/166 1240/2329/166 1241/2330/166
f 1236/2325/167 1239/2328/167 1155/2185/167
f 1235/2324/168 1238/2327/168 1239/2328/168
f 1234/2323/169 1237/2326/169 1238/2327/169
f 1233/2322/170 1236/2325/170 1154/2183/170
f 1232/2321/171 1235/2324/171 1236/2325/171
f 1231/2320/172 1234/2323/172 1235/2324/172
f 1230/2319/173 1233/2322/173 1153/2181/173
f 1229/2318/174 1232/2321/174 1233/2322/174
f 1228/2317/175 1231/2320/175 1232/2321/175
f 1227/2316/176 1230/2319/176 1152/2179/176
f 1226/2315/177 1229/2318/177 1230/2319/177
f 1225/2314/178 1228/2317/178 1229/2318/178
f 1224/2311/179 1227/2316/179 1151/2177/179
f 1223/2309/180 1226/2315/180 1227/2316/180
f 1222/2307/181 1225/2314/181 1226/2315/181
f 1221/2305/182 1224/2312/182 1150/2175/182
f 1220/2304/183 1223/2310/183 1224/2313/183
f 1219/2303/184 1222/2308/184 1223/2310/184
f 1218/2302/185 1221/2306/185 1149/2173/185
f 1218/2302/186 1217/2301/186 1220/2304/186
f 1216/2300/187 1219/2303/187 1220/2304/187
f 1215/2299/188 1218/2302/188 1148/2171/188
f 1215/2299/189 1214/2298/189 1217/2301/189
f 1213/2297/190 1216/2300/190 1217/2301/190
f 1146/2167/191 1210/2294/191 1215/2299/191
f 1210/2294/192 1211/2295/192 1214/2298/192
f 1212/2296/193 1213/2297/193 1214/2298/193
f 1313/2437/194 1308/2428/194 1283/2390/194
f 1280/2383/194 1306/2423/194 1313/2437/194
f 1327/2467/195 1324/2458/195 1326/2465/195
f 1336/2487/957 1335/2485/957 1317/2446/957
f 1333/2481/958 1319/2451/958 1316/2443/958
f 1307/2425/35 1314/2438/35 1309/2429/35
f 1309/2429/198 1284/2393/198 1310/2432/198
f 1310/2432/198 1281/2386/198 1307/2425/198
f 1319/2450/199 1320/2452/199 1315/2440/199
f 1317/2447/199 1315/2440/199 1320/2452/199
f 1347/2506/124 1322/2455/124 1321/2453/124
f 1338/2491/200 1334/2482/200 1316/2444/200
f 1346/2504/959 1332/2476/959 1322/2454/959
f 1335/2484/200 1338/2491/200 1315/2441/200
f 1326/2464/202 1321/2453/202 1322/2455/202
f 1324/2459/202 1323/2456/202 1321/2453/202
f 1332/2476/960 1331/2475/960 1325/2462/960
f 1330/2472/961 1323/2457/961 1324/2460/961
f 1328/2468/195 1326/2465/195 1325/2463/195
f 1329/2469/205 1332/2477/205 1346/2503/205
f 1343/2499/962 1341/2496/962 1332/2478/962
f 1339/2492/963 1328/2468/963 1331/2474/963
f 1340/2494/964 1330/2472/964 1327/2466/964
f 1341/2495/965 1344/2501/965 1331/2475/965
f 1342/2497/966 1327/2467/966 1328/2468/966
f 1340/2493/967 1343/2499/967 1329/2470/967
f 1355/2521/212 1353/2517/212 1338/2491/212
f 1352/2514/213 1336/2486/213 1337/2489/213
f 1353/2517/212 1351/2513/212 1334/2482/212
f 1356/2523/213 1337/2489/213 1333/2480/213
f 1354/2520/968 1333/2481/968 1334/2483/968
f 1352/2515/969 1355/2522/969 1335/2485/969
f 1350/2511/970 1336/2487/970 1318/2449/970
f 1345/2502/205 1350/2510/205 1330/2473/205
f 1280/2384/989 1311/2434/989 1343/2499/989
f 1307/2426/971 1342/2497/971 1339/2492/971
f 1283/2391/972 1309/2430/972 1344/2501/972
f 1280/2385/973 1340/2494/973 1342/2498/973
f 1309/2431/983 1314/2439/983 1339/2492/983
f 1283/2392/974 1341/2496/974 1343/2499/974
f 1336/2488/223 1350/2510/223 1345/2502/223
f 1350/2511/216 1349/2508/216 1323/2457/216
f 1337/2490/223 1345/2502/223 1346/2503/223
f 1346/2504/201 1347/2505/201 1319/2451/201
f 1347/2506/226 1348/2507/226 1320/2452/226
f 1320/2452/226 1348/2507/226 1349/2509/226
f 1279/2381/975 1355/2522/975 1352/2515/975
f 1282/2388/976 1308/2427/976 1354/2520/976
f 1308/2428/231 1313/2437/231 1356/2524/231
f 1282/2389/977 1351/2513/977 1353/2517/977
f 1306/2423/978 1352/2516/978 1356/2524/978
f 1279/2382/230 1312/2436/230 1353/2517/230
f 1422/2663/1 1421/2661/1 1552/2928/1
f 1421/2661/2 1423/2665/2 1555/2931/2
f 1423/2665/3 1424/2667/3 1558/2934/3
f 1424/2667/4 1425/2669/4 1561/2939/4
f 1425/2670/5 1426/2672/5 1564/2945/5
f 1426/2672/6 1427/2674/6 1567/2948/6
f 1427/2674/7 1428/2676/7 1570/2951/7
f 1428/2676/8 1429/2678/8 1573/2954/8
f 1429/2678/9 1430/2680/9 1576/2957/9
f 1430/2680/10 1431/2682/10 1579/2960/10
f 1431/2682/11 1432/2684/11 1582/2964/11
f 1432/2685/12 1433/2687/12 1585/2970/12
f 1433/2687/13 1434/2689/13 1588/2974/13
f 1434/2689/14 1435/2691/14 1591/2977/14
f 1591/2977/15 1435/2691/15 1436/2693/15
f 1436/2693/16 1437/2695/16 1597/2983/16
f 1597/2983/17 1437/2695/17 1438/2697/17
f 1438/2697/18 1439/2699/18 1603/2989/18
f 1439/2699/19 1440/2701/19 1606/2994/19
f 1606/2993/20 1440/2702/20 1441/2704/20
f 1609/3000/21 1441/2704/21 1442/2706/21
f 1442/2706/22 1443/2708/22 1615/3008/22
f 1443/2708/953 1444/2710/953 1618/3011/953
f 1651/3066/24 1618/3011/24 1444/2710/24
f 1444/2710/24 1445/2712/24 1621/3018/24
f 1621/3018/954 1445/2712/954 1446/2714/954
f 1624/3025/26 1446/2714/26 1447/2716/26
f 1447/2716/27 1448/2718/27 1630/3032/27
f 1448/2718/28 1449/2720/28 1633/3037/28
f 1449/2721/29 1450/2723/29 1636/3043/29
f 1450/2723/30 1451/2725/30 1639/3047/30
f 1410/2638/31 1408/2633/31 1478/2783/31
f 1451/2725/32 1452/2727/32 1642/3050/32
f 1452/2727/33 1422/2663/33 1551/2927/33
f 1419/2657/34 1357/2525/34 1359/2529/34
f 1359/2529/34 1361/2533/34 1363/2538/34
f 1363/2538/985 1365/2543/985 1367/2547/985
f 1367/2547/34 1369/2551/34 1371/2555/34
f 1371/2555/984 1373/2559/984 1375/2563/984
f 1375/2563/985 1377/2567/985 1379/2571/985
f 1379/2571/34 1381/2576/34 1383/2581/34
f 1383/2581/34 1385/2585/34 1387/2589/34
f 1387/2589/34 1389/2593/34 1391/2597/34
f 1391/2597/34 1393/2601/34 1395/2605/34
f 1395/2605/984 1397/2610/984 1399/2615/984
f 1399/2615/984 1401/2619/984 1403/2623/984
f 1403/2623/985 1405/2627/985 1407/2631/985
f 1407/2631/34 1409/2635/34 1411/2639/34
f 1411/2639/34 1413/2645/34 1415/2649/34
f 1415/2649/34 1417/2653/34 1419/2657/34
f 1419/2657/34 1359/2529/34 1363/2538/34
f 1363/2538/34 1367/2547/34 1371/2555/34
f 1371/2555/34 1375/2563/34 1379/2571/34
f 1379/2571/34 1383/2581/34 1387/2589/34
f 1387/2589/34 1391/2597/34 1395/2605/34
f 1395/2605/34 1399/2615/34 1403/2623/34
f 1403/2623/34 1407/2631/34 1411/2639/34
f 1411/2639/34 1415/2649/34 1419/2657/34
f 1419/2657/34 1363/2538/34 1371/2555/34
f 1371/2555/34 1379/2571/34 1387/2589/34
f 1387/2589/34 1395/2605/34 1403/2623/34
f 1403/2623/34 1411/2639/34 1419/2657/34
f 1419/2657/34 1371/2555/34 1387/2589/34
f 1358/2527/35 1360/2531/35 1421/2662/35
f 1362/2535/35 1423/2666/35 1421/2662/35
f 1362/2535/35 1364/2541/35 1424/2668/35
f 1364/2541/35 1366/2545/35 1425/2671/35
f 1368/2549/35 1426/2673/35 1425/2671/35
f 1368/2549/35 1370/2553/35 1427/2675/35
f 1370/2553/35 1372/2557/35 1428/2677/35
f 1374/2561/35 1429/2679/35 1428/2677/35
f 1374/2561/35 1376/2565/35 1430/2681/35
f 1378/2569/35 1431/2683/35 1430/2681/35
f 1380/2573/35 1432/2686/35 1431/2683/35
f 1382/2579/35 1433/2688/35 1432/2686/35
f 1384/2583/35 1434/2690/35 1433/2688/35
f 1386/2587/35 1435/2692/35 1434/2690/35
f 1386/2587/35 1388/2591/35 1436/2694/35
f 1390/2595/35 1437/2696/35 1436/2694/35
f 1390/2595/35 1392/2599/35 1438/2698/35
f 1394/2603/35 1439/2700/35 1438/2698/35
f 1396/2607/35 1440/2703/35 1439/2700/35
f 1396/2607/35 1398/2613/35 1441/2705/35
f 1400/2617/35 1442/2707/35 1441/2705/35
f 1400/2617/35 1402/2621/35 1443/2709/35
f 1404/2625/35 1444/2711/35 1443/2709/35
f 1406/2629/35 1445/2713/35 1444/2711/35
f 1408/2634/35 1446/2715/35 1445/2713/35
f 1410/2637/35 1447/2717/35 1446/2715/35
f 1412/2643/35 1448/2719/35 1447/2717/35
f 1412/2643/35 1414/2647/35 1449/2722/35
f 1416/2651/35 1450/2724/35 1449/2722/35
f 1418/2655/35 1451/2726/35 1450/2724/35
f 1420/2659/35 1452/2728/35 1451/2726/35
f 1358/2527/35 1422/2664/35 1452/2728/35
f 1455/2733/35 1453/2729/35 1454/2731/35
f 1454/2731/35 1484/2795/35 1483/2793/35
f 1483/2793/35 1482/2791/35 1481/2789/35
f 1481/2789/35 1480/2786/35 1479/2784/35
f 1479/2784/35 1478/2782/35 1477/2780/35
f 1477/2780/986 1476/2778/986 1475/2776/986
f 1475/2776/35 1474/2774/35 1473/2771/35
f 1473/2771/35 1472/2769/35 1471/2767/35
f 1471/2767/35 1470/2765/35 1469/2763/35
f 1469/2763/35 1468/2761/35 1467/2759/35
f 1467/2759/35 1466/2757/35 1465/2754/35
f 1465/2754/35 1464/2752/35 1463/2750/35
f 1463/2750/987 1462/2748/987 1461/2746/987
f 1461/2746/35 1460/2744/35 1459/2742/35
f 1459/2742/35 1458/2740/35 1457/2738/35
f 1457/2738/35 1456/2735/35 1455/2733/35
f 1455/2733/35 1454/2731/35 1483/2793/35
f 1483/2793/35 1481/2789/35 1479/2784/35
f 1479/2784/35 1477/2780/35 1475/2776/35
f 1475/2776/35 1473/2771/35 1471/2767/35
f 1471/2767/35 1469/2763/35 1467/2759/35
f 1467/2759/35 1465/2754/35 1463/2750/35
f 1463/2750/35 1461/2746/35 1459/2742/35
f 1459/2742/35 1457/2738/35 1455/2733/35
f 1455/2733/35 1483/2793/35 1479/2784/35
f 1479/2784/35 1475/2776/35 1471/2767/35
f 1471/2767/35 1467/2759/35 1463/2750/35
f 1463/2750/35 1459/2742/35 1455/2733/35
f 1455/2733/35 1479/2784/35 1471/2767/35
f 1382/2580/36 1465/2755/36 1466/2758/36
f 1410/2638/37 1479/2785/37 1480/2787/37
f 1384/2584/38 1466/2758/38 1467/2760/38
f 1358/2528/39 1454/2732/39 1453/2730/39
f 1414/2648/40 1412/2644/40 1480/2788/40
f 1386/2588/41 1467/2760/41 1468/2762/41
f 1360/2532/42 1453/2730/42 1455/2734/42
f 1416/2652/43 1414/2648/43 1481/2790/43
f 1388/2592/44 1468/2762/44 1469/2764/44
f 1362/2536/45 1455/2734/45 1456/2736/45
f 1416/2652/46 1482/2792/46 1483/2794/46
f 1390/2596/47 1469/2764/47 1470/2766/47
f 1364/2542/48 1456/2737/48 1457/2739/48
f 1420/2660/49 1418/2656/49 1483/2794/49
f 1392/2600/50 1470/2766/50 1471/2768/50
f 1366/2546/51 1457/2739/51 1458/2741/51
f 1420/2660/52 1484/2796/52 1454/2732/52
f 1396/2608/53 1394/2604/53 1471/2768/53
f 1368/2550/54 1458/2741/54 1459/2743/54
f 1396/2608/55 1472/2770/55 1473/2772/55
f 1370/2554/56 1459/2743/56 1460/2745/56
f 1398/2614/57 1473/2773/57 1474/2775/57
f 1372/2558/58 1460/2745/58 1461/2747/58
f 1400/2618/59 1474/2775/59 1475/2777/59
f 1374/2562/60 1461/2747/60 1462/2749/60
f 1402/2622/61 1475/2777/61 1476/2779/61
f 1376/2566/62 1462/2749/62 1463/2751/62
f 1404/2626/63 1476/2779/63 1477/2781/63
f 1378/2570/64 1463/2751/64 1464/2753/64
f 1406/2630/65 1477/2781/65 1478/2783/65
f 1380/2574/66 1464/2753/66 1465/2756/66
f 1517/2857/34 1485/2797/34 1486/2799/34
f 1518/2859/34 1486/2799/34 1487/2801/34
f 1519/2861/34 1487/2801/34 1488/2803/34
f 1520/2863/34 1488/2803/34 1489/2806/34
f 1521/2866/34 1489/2806/34 1490/2807/34
f 1522/2868/34 1490/2807/34 1491/2809/34
f 1523/2870/34 1491/2809/34 1492/2811/34
f 1525/2874/34 1524/2872/34 1492/2811/34
f 1526/2876/34 1525/2874/34 1493/2813/34
f 1526/2876/34 1494/2815/34 1495/2817/34
f 1527/2878/34 1495/2817/34 1496/2819/34
f 1528/2880/34 1496/2819/34 1497/2822/34
f 1530/2885/34 1529/2882/34 1497/2822/34
f 1530/2885/34 1498/2823/34 1499/2825/34
f 1531/2887/34 1499/2825/34 1500/2827/34
f 1533/2891/34 1532/2889/34 1500/2827/34
f 1533/2891/34 1501/2829/34 1502/2831/34
f 1534/2893/34 1502/2831/34 1503/2834/34
f 1536/2897/34 1535/2895/34 1503/2834/34
f 1536/2897/34 1504/2835/34 1505/2836/34
f 1537/2899/34 1505/2836/34 1506/2837/34
f 1538/2902/34 1506/2837/34 1507/2839/34
f 1539/2904/34 1507/2839/34 1508/2841/34
f 1540/2906/34 1508/2841/34 1509/2843/34
f 1541/2908/34 1509/2843/34 1510/2845/34
f 1542/2910/34 1510/2845/34 1511/2848/34
f 1544/2915/34 1543/2912/34 1511/2848/34
f 1544/2915/34 1512/2849/34 1513/2850/34
f 1546/2919/34 1545/2917/34 1513/2850/34
f 1546/2919/34 1514/2851/34 1515/2854/34
f 1547/2921/34 1515/2854/34 1516/2855/34
f 1548/2923/34 1516/2855/34 1485/2797/34
f 1359/2530/67 1357/2526/67 1517/2858/67
f 1361/2534/68 1359/2530/68 1518/2860/68
f 1361/2534/69 1519/2862/69 1520/2864/69
f 1363/2539/70 1520/2865/70 1521/2867/70
f 1365/2544/71 1521/2867/71 1522/2869/71
f 1367/2548/72 1522/2869/72 1523/2871/72
f 1371/2556/73 1369/2552/73 1523/2871/73
f 1371/2556/74 1524/2873/74 1525/2875/74
f 1373/2560/75 1525/2875/75 1526/2877/75
f 1375/2564/76 1526/2877/76 1527/2879/76
f 1379/2572/77 1377/2568/77 1527/2879/77
f 1379/2572/78 1528/2881/78 1529/2883/78
f 1383/2582/79 1381/2577/79 1529/2884/79
f 1385/2586/80 1383/2582/80 1530/2886/80
f 1385/2586/81 1531/2888/81 1532/2890/81
f 1387/2590/82 1532/2890/82 1533/2892/82
f 1389/2594/83 1533/2892/83 1534/2894/83
f 1391/2598/84 1534/2894/84 1535/2896/84
f 1393/2602/85 1535/2896/85 1536/2898/85
f 1395/2606/86 1536/2898/86 1537/2900/86
f 1397/2611/87 1537/2901/87 1538/2903/87
f 1399/2616/990 1538/2903/990 1539/2905/990
f 1401/2620/89 1539/2905/89 1540/2907/89
f 1405/2628/90 1403/2624/90 1540/2907/90
f 1407/2632/91 1405/2628/91 1541/2909/91
f 1407/2632/92 1542/2911/92 1543/2913/92
f 1411/2640/93 1409/2636/93 1543/2913/93
f 1411/2641/94 1544/2916/94 1545/2918/94
f 1413/2646/95 1545/2918/95 1546/2920/95
f 1415/2650/96 1546/2920/96 1547/2922/96
f 1417/2654/97 1547/2922/97 1548/2924/97
f 1419/2658/98 1548/2924/98 1517/2858/98
f 1644/3052/99 1549/2925/99 1485/2798/99
f 1644/3052/100 1643/3051/100 1550/2926/100
f 1642/3050/101 1551/2927/101 1550/2926/101
f 1641/3049/102 1644/3052/102 1516/2856/102
f 1641/3049/103 1640/3048/103 1643/3051/103
f 1639/3047/104 1642/3050/104 1643/3051/104
f 1514/2852/105 1638/3045/105 1641/3049/105
f 1638/3045/106 1637/3044/106 1640/3048/106
f 1636/3043/107 1639/3047/107 1640/3048/107
f 1513/2850/108 1635/3042/108 1638/3046/108
f 1635/3041/109 1634/3038/109 1637/3044/109
f 1633/3036/110 1636/3043/110 1637/3044/110
f 1512/2849/111 1632/3035/111 1635/3042/111
f 1632/3034/112 1631/3033/112 1634/3039/112
f 1630/3032/113 1633/3037/113 1634/3039/113
f 1511/2848/114 1629/3030/114 1632/3035/114
f 1629/3031/115 1628/3029/115 1631/3033/115
f 1627/3028/116 1630/3032/116 1631/3033/116
f 1510/2846/117 1626/3027/117 1629/3031/117
f 1626/3027/118 1625/3026/118 1628/3029/118
f 1624/3025/119 1627/3028/119 1628/3029/119
f 1509/2844/120 1623/3024/120 1626/3027/120
f 1626/3027/121 1623/3024/121 1648/3060/121
f 1648/3060/121 1622/3021/121 1625/3026/121
f 1625/3026/122 1622/3021/122 1647/3059/122
f 1647/3059/955 1621/3018/955 1624/3025/955
f 1509/2844/123 1508/2842/123 1620/3017/123
f 1649/3063/123 1623/3024/123 1509/2844/123
f 1687/3138/124 1660/3084/124 1662/3087/124
f 1507/2840/125 1617/3010/125 1620/3017/125
f 1620/3017/126 1617/3010/126 1616/3009/126
f 1616/3009/126 1619/3014/126 1646/3056/126
f 1619/3014/127 1616/3009/127 1615/3008/127
f 1615/3008/956 1618/3011/956 1645/3054/956
f 1506/2838/128 1614/3006/128 1617/3010/128
f 1614/3006/129 1613/3005/129 1616/3009/129
f 1612/3004/130 1615/3008/130 1616/3009/130
f 1505/2836/131 1611/3002/131 1614/3007/131
f 1611/3003/982 1610/3001/982 1613/3005/982
f 1609/3000/133 1612/3004/133 1613/3005/133
f 1504/2835/134 1608/2998/134 1611/3002/134
f 1607/2995/135 1610/3001/135 1611/3003/135
f 1606/2993/136 1609/3000/136 1610/3001/136
f 1503/2834/137 1605/2991/137 1608/2998/137
f 1604/2990/138 1607/2996/138 1608/2999/138
f 1603/2989/139 1606/2994/139 1607/2996/139
f 1502/2832/140 1602/2988/140 1605/2992/140
f 1601/2987/141 1604/2990/141 1605/2992/141
f 1600/2986/142 1603/2989/142 1604/2990/142
f 1501/2830/143 1599/2985/143 1602/2988/143
f 1598/2984/144 1601/2987/144 1602/2988/144
f 1597/2983/145 1600/2986/145 1601/2987/145
f 1596/2982/146 1599/2985/146 1501/2830/146
f 1595/2981/147 1598/2984/147 1599/2985/147
f 1594/2980/148 1597/2983/148 1598/2984/148
f 1593/2979/149 1596/2982/149 1500/2828/149
f 1592/2978/150 1595/2981/150 1596/2982/150
f 1591/2977/151 1594/2980/151 1595/2981/151
f 1590/2976/152 1593/2979/152 1499/2826/152
f 1589/2975/153 1592/2978/153 1593/2979/153
f 1588/2974/154 1591/2977/154 1592/2978/154
f 1587/2973/155 1590/2976/155 1498/2824/155
f 1586/2971/156 1589/2975/156 1590/2976/156
f 1585/2970/157 1588/2974/157 1589/2975/157
f 1584/2968/158 1587/2972/158 1497/2822/158
f 1583/2965/159 1586/2971/159 1587/2973/159
f 1582/2963/160 1585/2970/160 1586/2971/160
f 1581/2962/161 1584/2969/161 1496/2820/161
f 1580/2961/162 1583/2966/162 1584/2969/162
f 1579/2960/163 1582/2964/163 1583/2966/163
f 1578/2959/164 1581/2962/164 1495/2818/164
f 1577/2958/165 1580/2961/165 1581/2962/165
f 1576/2957/166 1579/2960/166 1580/2961/166
f 1575/2956/167 1578/2959/167 1494/2816/167
f 1574/2955/168 1577/2958/168 1578/2959/168
f 1574/2955/169 1573/2954/169 1576/2957/169
f 1572/2953/170 1575/2956/170 1493/2814/170
f 1571/2952/171 1574/2955/171 1575/2956/171
f 1571/2952/172 1570/2951/172 1573/2954/172
f 1569/2950/173 1572/2953/173 1492/2812/173
f 1568/2949/174 1571/2952/174 1572/2953/174
f 1568/2949/175 1567/2948/175 1570/2951/175
f 1566/2947/176 1569/2950/176 1491/2810/176
f 1565/2946/177 1568/2949/177 1569/2950/177
f 1564/2945/178 1567/2948/178 1568/2949/178
f 1563/2942/179 1566/2947/179 1490/2808/179
f 1562/2940/180 1565/2946/180 1566/2947/180
f 1561/2938/181 1564/2945/181 1565/2946/181
f 1560/2936/182 1563/2943/182 1489/2806/182
f 1559/2935/183 1562/2941/183 1563/2944/183
f 1558/2934/184 1561/2939/184 1562/2941/184
f 1557/2933/185 1560/2937/185 1488/2804/185
f 1556/2932/186 1559/2935/186 1560/2937/186
f 1555/2931/187 1558/2934/187 1559/2935/187
f 1554/2930/188 1557/2933/188 1487/2802/188
f 1554/2930/189 1553/2929/189 1556/2932/189
f 1552/2928/190 1555/2931/190 1556/2932/190
f 1549/2925/191 1554/2930/191 1486/2800/191
f 1550/2926/192 1553/2929/192 1554/2930/192
f 1550/2926/193 1551/2927/193 1552/2928/193
f 1652/3068/194 1647/3059/194 1622/3021/194
f 1619/3014/194 1645/3054/194 1652/3068/194
f 1666/3098/195 1663/3089/195 1665/3096/195
f 1675/3118/957 1674/3116/957 1656/3077/957
f 1672/3112/958 1658/3082/958 1655/3074/958
f 1646/3056/35 1653/3069/35 1648/3060/35
f 1648/3060/198 1623/3024/198 1649/3063/198
f 1649/3063/198 1620/3017/198 1646/3056/198
f 1658/3081/199 1659/3083/199 1654/3071/199
f 1656/3078/199 1654/3071/199 1659/3083/199
f 1686/3137/124 1661/3086/124 1660/3084/124
f 1677/3122/200 1673/3113/200 1655/3075/200
f 1685/3135/959 1671/3107/959 1661/3085/959
f 1674/3115/200 1677/3122/200 1654/3072/200
f 1665/3095/202 1660/3084/202 1661/3086/202
f 1663/3090/202 1662/3087/202 1660/3084/202
f 1671/3107/960 1670/3106/960 1664/3093/960
f 1669/3103/961 1662/3088/961 1663/3091/961
f 1667/3099/195 1665/3096/195 1664/3094/195
f 1668/3100/205 1671/3108/205 1685/3134/205
f 1682/3130/962 1680/3127/962 1671/3109/962
f 1678/3123/963 1667/3099/963 1670/3105/963
f 1679/3125/964 1669/3103/964 1666/3097/964
f 1680/3126/965 1683/3132/965 1670/3106/965
f 1681/3128/966 1666/3098/966 1667/3099/966
f 1679/3124/967 1682/3130/967 1668/3101/967
f 1694/3152/212 1692/3148/212 1677/3122/212
f 1691/3145/213 1675/3117/213 1676/3120/213
f 1692/3148/212 1690/3144/212 1673/3113/212
f 1695/3154/213 1676/3120/213 1672/3111/213
f 1693/3151/968 1672/3112/968 1673/3114/968
f 1691/3146/969 1694/3153/969 1674/3116/969
f 1689/3142/970 1675/3118/970 1657/3080/970
f 1684/3133/205 1689/3141/205 1669/3104/205
f 1619/3015/222 1650/3065/222 1682/3130/222
f 1646/3057/980 1681/3128/980 1678/3123/980
f 1622/3022/972 1648/3061/972 1683/3132/972
f 1619/3016/973 1679/3125/973 1681/3129/973
f 1648/3062/983 1653/3070/983 1678/3123/983
f 1622/3023/974 1680/3127/974 1682/3130/974
f 1675/3119/223 1689/3141/223 1684/3133/223
f 1689/3142/216 1688/3139/216 1662/3088/216
f 1676/3121/223 1684/3133/223 1685/3134/223
f 1685/3135/201 1686/3136/201 1658/3082/201
f 1686/3137/226 1687/3138/226 1659/3083/226
f 1659/3083/226 1687/3138/226 1688/3140/226
f 1618/3012/975 1694/3153/975 1691/3146/975
f 1621/3019/976 1647/3058/976 1693/3151/976
f 1647/3059/231 1652/3068/231 1695/3155/231
f 1621/3020/977 1690/3144/977 1692/3148/977
f 1645/3054/978 1691/3147/978 1695/3155/978
f 1618/3013/230 1651/3067/230 1692/3148/230
f 1890/3558/991 1761/3294/991 1760/3292/991
f 1760/3292/242 1762/3296/242 1894/3562/242
f 1762/3296/243 1763/3298/243 1897/3565/243
f 1763/3298/244 1764/3300/244 1900/3570/244
f 1764/3301/245 1765/3303/245 1903/3576/245
f 1765/3303/246 1766/3305/246 1906/3579/246
f 1766/3305/247 1767/3307/247 1909/3582/247
f 1767/3307/248 1768/3309/248 1912/3585/248
f 1768/3309/249 1769/3311/249 1915/3588/249
f 1769/3311/250 1770/3313/250 1918/3591/250
f 1770/3313/251 1771/3315/251 1921/3595/251
f 1771/3316/252 1772/3318/252 1924/3601/252
f 1772/3318/253 1773/3320/253 1927/3605/253
f 1773/3320/254 1774/3322/254 1930/3608/254
f 1930/3608/255 1774/3322/255 1775/3324/255
f 1933/3611/256 1775/3324/256 1776/3326/256
f 1776/3326/992 1777/3328/992 1939/3617/992
f 1777/3328/258 1778/3330/258 1942/3620/258
f 1942/3620/259 1778/3330/259 1779/3332/259
f 1945/3624/260 1779/3333/260 1780/3335/260
f 1948/3631/261 1780/3335/261 1781/3337/261
f 1951/3635/262 1781/3337/262 1782/3339/262
f 1782/3339/993 1783/3341/993 1957/3642/993
f 1990/3697/264 1957/3642/264 1783/3341/264
f 1783/3341/264 1784/3343/264 1960/3649/264
f 1960/3649/994 1784/3343/994 1785/3345/994
f 1963/3656/266 1785/3345/266 1786/3347/266
f 1966/3659/267 1786/3347/267 1787/3349/267
f 1787/3349/268 1788/3351/268 1972/3668/268
f 1972/3667/269 1788/3352/269 1789/3354/269
f 1789/3354/270 1790/3356/270 1978/3678/270
f 1749/3269/271 1747/3265/271 1817/3413/271
f 1790/3356/272 1791/3358/272 1981/3681/272
f 1791/3358/273 1761/3294/273 1890/3558/273
f 1758/3288/34 1696/3156/34 1698/3160/34
f 1698/3160/34 1700/3164/34 1702/3168/34
f 1702/3168/34 1704/3174/34 1706/3178/34
f 1706/3178/34 1708/3182/34 1710/3186/34
f 1710/3186/34 1712/3190/34 1714/3194/34
f 1714/3194/34 1716/3198/34 1718/3202/34
f 1718/3202/34 1720/3206/34 1722/3212/34
f 1722/3212/34 1724/3216/34 1726/3220/34
f 1726/3220/34 1728/3224/34 1730/3228/34
f 1730/3228/34 1732/3232/34 1734/3236/34
f 1734/3236/34 1736/3241/34 1738/3246/34
f 1738/3246/34 1740/3250/34 1742/3254/34
f 1742/3254/34 1744/3258/34 1746/3262/34
f 1746/3262/34 1748/3266/34 1750/3270/34
f 1750/3270/34 1752/3276/34 1754/3280/34
f 1754/3280/34 1756/3284/34 1758/3288/34
f 1758/3288/34 1698/3160/34 1702/3168/34
f 1702/3168/34 1706/3178/34 1710/3186/34
f 1710/3186/34 1714/3194/34 1718/3202/34
f 1718/3202/34 1722/3212/34 1726/3220/34
f 1726/3220/34 1730/3228/34 1734/3236/34
f 1734/3236/34 1738/3246/34 1742/3254/34
f 1742/3254/34 1746/3262/34 1750/3270/34
f 1750/3270/34 1754/3280/34 1758/3288/34
f 1758/3288/34 1702/3168/34 1710/3186/34
f 1710/3186/34 1718/3202/34 1726/3220/34
f 1726/3220/34 1734/3236/34 1742/3254/34
f 1742/3254/34 1750/3270/34 1758/3288/34
f 1758/3288/34 1710/3186/34 1726/3220/34
f 1699/3162/35 1760/3293/35 1761/3295/35
f 1701/3166/35 1762/3297/35 1760/3293/35
f 1701/3166/35 1703/3172/35 1763/3299/35
f 1703/3172/35 1705/3176/35 1764/3302/35
f 1707/3180/35 1765/3304/35 1764/3302/35
f 1707/3180/35 1709/3184/35 1766/3306/35
f 1709/3184/35 1711/3188/35 1767/3308/35
f 1713/3192/35 1768/3310/35 1767/3308/35
f 1715/3196/35 1769/3312/35 1768/3310/35
f 1717/3200/35 1770/3314/35 1769/3312/35
f 1719/3204/35 1771/3317/35 1770/3314/35
f 1721/3210/35 1772/3319/35 1771/3317/35
f 1723/3214/35 1773/3321/35 1772/3319/35
f 1725/3218/35 1774/3323/35 1773/3321/35
f 1725/3218/35 1727/3222/35 1775/3325/35
f 1729/3226/35 1776/3327/35 1775/3325/35
f 1731/3230/35 1777/3329/35 1776/3327/35
f 1733/3234/35 1778/3331/35 1777/3329/35
f 1735/3238/35 1779/3334/35 1778/3331/35
f 1737/3243/35 1780/3336/35 1779/3334/35
f 1737/3243/35 1739/3248/35 1781/3338/35
f 1739/3248/35 1741/3252/35 1782/3340/35
f 1741/3252/35 1743/3256/35 1783/3342/35
f 1743/3256/35 1745/3260/35 1784/3344/35
f 1745/3260/35 1747/3264/35 1785/3346/35
f 1749/3268/35 1786/3348/35 1785/3346/35
f 1751/3274/35 1787/3350/35 1786/3348/35
f 1751/3274/35 1753/3278/35 1788/3353/35
f 1755/3282/35 1789/3355/35 1788/3353/35
f 1757/3286/35 1790/3357/35 1789/3355/35
f 1759/3290/35 1791/3359/35 1790/3357/35
f 1697/3158/35 1761/3295/35 1791/3359/35
f 1794/3364/35 1792/3360/35 1793/3362/35
f 1793/3362/35 1823/3426/35 1822/3424/35
f 1822/3424/35 1821/3422/35 1820/3420/35
f 1820/3420/35 1819/3417/35 1818/3415/35
f 1818/3415/35 1817/3414/35 1816/3411/35
f 1816/3411/35 1815/3409/35 1814/3407/35
f 1814/3407/35 1813/3405/35 1812/3403/35
f 1812/3403/35 1811/3400/35 1810/3398/35
f 1810/3398/35 1809/3396/35 1808/3394/35
f 1808/3394/35 1807/3392/35 1806/3390/35
f 1806/3390/35 1805/3388/35 1804/3385/35
f 1804/3385/35 1803/3383/35 1802/3381/35
f 1802/3381/35 1801/3379/35 1800/3377/35
f 1800/3377/35 1799/3375/35 1798/3373/35
f 1798/3373/35 1797/3371/35 1796/3369/35
f 1796/3369/35 1795/3366/35 1794/3364/35
f 1794/3364/35 1793/3362/35 1822/3424/35
f 1822/3424/35 1820/3420/35 1818/3415/35
f 1818/3415/35 1816/3411/35 1814/3407/35
f 1814/3407/35 1812/3403/35 1810/3398/35
f 1810/3398/35 1808/3394/35 1806/3390/35
f 1806/3390/35 1804/3385/35 1802/3381/35
f 1802/3381/35 1800/3377/35 1798/3373/35
f 1798/3373/35 1796/3369/35 1794/3364/35
f 1794/3364/35 1822/3424/35 1818/3415/35
f 1818/3415/35 1814/3407/35 1810/3398/35
f 1810/3398/35 1806/3390/35 1802/3381/35
f 1802/3381/35 1798/3373/35 1794/3364/35
f 1794/3364/35 1818/3415/35 1810/3398/35
f 1721/3211/274 1804/3386/274 1805/3389/274
f 1749/3269/275 1818/3416/275 1819/3418/275
f 1723/3215/276 1805/3389/276 1806/3391/276
f 1699/3163/277 1697/3159/277 1793/3363/277
f 1753/3279/278 1751/3275/278 1819/3419/278
f 1725/3219/279 1806/3391/279 1807/3393/279
f 1699/3163/280 1792/3361/280 1794/3365/280
f 1755/3283/281 1753/3279/281 1820/3421/281
f 1727/3223/282 1807/3393/282 1808/3395/282
f 1701/3167/283 1794/3365/283 1795/3367/283
f 1757/3287/284 1755/3283/284 1821/3423/284
f 1729/3227/285 1808/3395/285 1809/3397/285
f 1703/3173/286 1795/3368/286 1796/3370/286
f 1757/3287/287 1822/3425/287 1823/3427/287
f 1731/3231/288 1809/3397/288 1810/3399/288
f 1705/3177/289 1796/3370/289 1797/3372/289
f 1697/3159/290 1759/3291/290 1823/3427/290
f 1735/3239/291 1733/3235/291 1810/3399/291
f 1707/3181/292 1797/3372/292 1798/3374/292
f 1737/3244/293 1735/3239/293 1811/3401/293
f 1709/3185/294 1798/3374/294 1799/3376/294
f 1737/3245/295 1812/3404/295 1813/3406/295
f 1711/3189/296 1799/3376/296 1800/3378/296
f 1741/3253/297 1739/3249/297 1813/3406/297
f 1713/3193/298 1800/3378/298 1801/3380/298
f 1743/3257/299 1741/3253/299 1814/3408/299
f 1715/3197/300 1801/3380/300 1802/3382/300
f 1743/3257/301 1815/3410/301 1816/3412/301
f 1717/3201/302 1802/3382/302 1803/3384/302
f 1747/3265/303 1745/3261/303 1816/3412/303
f 1719/3205/304 1803/3384/304 1804/3387/304
f 1856/3488/34 1824/3428/34 1825/3430/34
f 1858/3492/34 1857/3490/34 1825/3430/34
f 1859/3495/34 1858/3492/34 1826/3432/34
f 1859/3495/34 1827/3434/34 1828/3437/34
f 1860/3497/34 1828/3437/34 1829/3438/34
f 1861/3499/34 1829/3438/34 1830/3440/34
f 1862/3501/34 1830/3440/34 1831/3442/34
f 1864/3505/34 1863/3503/34 1831/3442/34
f 1865/3507/34 1864/3505/34 1832/3444/34
f 1865/3507/34 1833/3446/34 1834/3448/34
f 1866/3509/34 1834/3448/34 1835/3450/34
f 1868/3514/34 1867/3511/34 1835/3450/34
f 1868/3514/34 1836/3453/34 1837/3454/34
f 1869/3516/34 1837/3454/34 1838/3456/34
f 1871/3520/34 1870/3518/34 1838/3456/34
f 1872/3522/34 1871/3520/34 1839/3458/34
f 1873/3524/34 1872/3522/34 1840/3461/34
f 1874/3526/34 1873/3524/34 1841/3462/34
f 1875/3528/34 1874/3526/34 1842/3465/34
f 1876/3530/34 1875/3528/34 1843/3466/34
f 1877/3533/34 1876/3530/34 1844/3467/34
f 1878/3535/34 1877/3533/34 1845/3468/34
f 1879/3537/34 1878/3535/34 1846/3470/34
f 1880/3539/34 1879/3537/34 1847/3472/34
f 1880/3539/34 1848/3474/34 1849/3476/34
f 1881/3541/34 1849/3476/34 1850/3479/34
f 1882/3543/34 1850/3479/34 1851/3480/34
f 1884/3548/34 1883/3546/34 1851/3480/34
f 1884/3548/34 1852/3481/34 1853/3482/34
f 1886/3552/34 1885/3550/34 1853/3482/34
f 1886/3552/34 1854/3484/34 1855/3487/34
f 1887/3554/34 1855/3487/34 1824/3428/34
f 1696/3157/305 1856/3489/305 1857/3491/305
f 1700/3165/306 1698/3161/306 1857/3491/306
f 1702/3169/307 1700/3165/307 1858/3493/307
f 1702/3170/308 1859/3496/308 1860/3498/308
f 1704/3175/309 1860/3498/309 1861/3500/309
f 1706/3179/310 1861/3500/310 1862/3502/310
f 1708/3183/311 1862/3502/311 1863/3504/311
f 1710/3187/312 1863/3504/312 1864/3506/312
f 1712/3191/313 1864/3506/313 1865/3508/313
f 1716/3199/314 1714/3195/314 1865/3508/314
f 1718/3203/315 1716/3199/315 1866/3510/315
f 1720/3207/316 1718/3203/316 1867/3512/316
f 1720/3208/317 1868/3515/317 1869/3517/317
f 1724/3217/318 1722/3213/318 1869/3517/318
f 1726/3221/319 1724/3217/319 1870/3519/319
f 1726/3221/320 1871/3521/320 1872/3523/320
f 1728/3225/321 1872/3523/321 1873/3525/321
f 1730/3229/322 1873/3525/322 1874/3527/322
f 1732/3233/323 1874/3527/323 1875/3529/323
f 1734/3237/324 1875/3529/324 1876/3531/324
f 1736/3242/325 1876/3532/325 1877/3534/325
f 1738/3247/326 1877/3534/326 1878/3536/326
f 1742/3255/327 1740/3251/327 1878/3536/327
f 1744/3259/328 1742/3255/328 1879/3538/328
f 1746/3263/329 1744/3259/329 1880/3540/329
f 1746/3263/330 1881/3542/330 1882/3544/330
f 1750/3271/331 1748/3267/331 1882/3544/331
f 1750/3272/332 1883/3547/332 1884/3549/332
f 1754/3281/333 1752/3277/333 1884/3549/333
f 1754/3281/334 1885/3551/334 1886/3553/334
f 1756/3285/335 1886/3553/335 1887/3555/335
f 1758/3289/336 1887/3555/336 1856/3489/336
f 1983/3683/337 1888/3556/337 1824/3429/337
f 1982/3682/338 1889/3557/338 1888/3556/338
f 1981/3681/339 1890/3558/339 1889/3557/339
f 1854/3485/340 1980/3680/340 1983/3683/340
f 1980/3680/341 1979/3679/341 1982/3682/341
f 1978/3678/342 1981/3681/342 1982/3682/342
f 1853/3483/343 1977/3676/343 1980/3680/343
f 1977/3676/344 1976/3675/344 1979/3679/344
f 1975/3674/345 1978/3678/345 1979/3679/345
f 1852/3481/346 1974/3673/346 1977/3677/346
f 1974/3672/347 1973/3669/347 1976/3675/347
f 1973/3669/348 1972/3667/348 1975/3674/348
f 1851/3480/349 1971/3666/349 1974/3673/349
f 1971/3665/350 1970/3664/350 1973/3670/350
f 1970/3664/351 1969/3663/351 1972/3668/351
f 1850/3479/352 1968/3661/352 1971/3666/352
f 1968/3662/353 1967/3660/353 1970/3664/353
f 1967/3660/354 1966/3659/354 1969/3663/354
f 1849/3477/355 1965/3658/355 1968/3662/355
f 1965/3658/356 1964/3657/356 1967/3660/356
f 1964/3657/357 1963/3656/357 1966/3659/357
f 1848/3475/358 1962/3655/358 1965/3658/358
f 1965/3658/359 1962/3655/359 1987/3691/359
f 1987/3691/359 1961/3652/359 1964/3657/359
f 1964/3657/360 1961/3652/360 1986/3690/360
f 1986/3690/995 1960/3649/995 1963/3656/995
f 1848/3475/361 1847/3473/361 1959/3648/361
f 1988/3694/361 1962/3655/361 1848/3475/361
f 2026/3769/362 1999/3715/362 2001/3718/362
f 1846/3471/363 1956/3641/363 1959/3648/363
f 1959/3648/364 1956/3641/364 1955/3640/364
f 1955/3640/364 1958/3645/364 1985/3687/364
f 1958/3645/365 1955/3640/365 1954/3639/365
f 1954/3639/996 1957/3642/996 1984/3685/996
f 1845/3469/366 1953/3638/366 1956/3641/366
f 1953/3638/367 1952/3636/367 1955/3640/367
f 1952/3636/368 1951/3635/368 1954/3639/368
f 1844/3467/369 1950/3634/369 1953/3637/369
f 1949/3632/370 1952/3636/370 1953/3638/370
f 1949/3632/371 1948/3631/371 1951/3635/371
f 1843/3466/372 1947/3629/372 1950/3634/372
f 1947/3628/373 1946/3626/373 1949/3632/373
f 1945/3624/374 1948/3631/374 1949/3632/374
f 1842/3465/375 1944/3622/375 1947/3629/375
f 1943/3621/376 1946/3627/376 1947/3630/376
f 1942/3620/377 1945/3625/377 1946/3627/377
f 1841/3463/378 1941/3619/378 1944/3623/378
f 1940/3618/379 1943/3621/379 1944/3623/379
f 1939/3617/380 1942/3620/380 1943/3621/380
f 1938/3616/381 1941/3619/381 1841/3463/381
f 1937/3615/382 1940/3618/382 1941/3619/382
f 1936/3614/383 1939/3617/383 1940/3618/383
f 1839/3459/384 1935/3613/384 1938/3616/384
f 1934/3612/385 1937/3615/385 1938/3616/385
f 1933/3611/386 1936/3614/386 1937/3615/386
f 1932/3610/387 1935/3613/387 1839/3459/387
f 1931/3609/388 1934/3612/388 1935/3613/388
f 1930/3608/389 1933/3611/389 1934/3612/389
f 1929/3607/390 1932/3610/390 1838/3457/390
f 1928/3606/391 1931/3609/391 1932/3610/391
f 1927/3605/392 1930/3608/392 1931/3609/392
f 1926/3604/393 1929/3607/393 1837/3455/393
f 1925/3602/394 1928/3606/394 1929/3607/394
f 1924/3601/395 1927/3605/395 1928/3606/395
f 1923/3599/396 1926/3603/396 1836/3453/396
f 1922/3596/397 1925/3602/397 1926/3604/397
f 1921/3594/398 1924/3601/398 1925/3602/398
f 1920/3593/399 1923/3600/399 1835/3451/399
f 1919/3592/400 1922/3597/400 1923/3600/400
f 1918/3591/401 1921/3595/401 1922/3597/401
f 1917/3590/402 1920/3593/402 1834/3449/402
f 1916/3589/403 1919/3592/403 1920/3593/403
f 1915/3588/404 1918/3591/404 1919/3592/404
f 1914/3587/405 1917/3590/405 1833/3447/405
f 1913/3586/406 1916/3589/406 1917/3590/406
f 1913/3586/407 1912/3585/407 1915/3588/407
f 1911/3584/408 1914/3587/408 1832/3445/408
f 1910/3583/409 1913/3586/409 1914/3587/409
f 1909/3582/410 1912/3585/410 1913/3586/410
f 1908/3581/411 1911/3584/411 1831/3443/411
f 1907/3580/412 1910/3583/412 1911/3584/412
f 1907/3580/413 1906/3579/413 1909/3582/413
f 1905/3578/414 1908/3581/414 1830/3441/414
f 1904/3577/415 1907/3580/415 1908/3581/415
f 1903/3576/416 1906/3579/416 1907/3580/416
f 1902/3574/417 1905/3578/417 1829/3439/417
f 1901/3571/418 1904/3577/418 1905/3578/418
f 1901/3571/419 1900/3569/419 1903/3576/419
f 1899/3567/420 1902/3575/420 1828/3437/420
f 1899/3568/421 1898/3566/421 1901/3572/421
f 1897/3565/422 1900/3570/422 1901/3572/422
f 1896/3564/423 1899/3568/423 1827/3435/423
f 1895/3563/424 1898/3566/424 1899/3568/424
f 1894/3562/425 1897/3565/425 1898/3566/425
f 1893/3561/426 1896/3564/426 1826/3433/426
f 1892/3560/427 1895/3563/427 1896/3564/427
f 1891/3559/428 1894/3562/428 1895/3563/428
f 1888/3556/429 1893/3561/429 1825/3431/429
f 1888/3556/430 1889/3557/430 1892/3560/430
f 1890/3558/431 1891/3559/431 1892/3560/431
f 1991/3699/432 1986/3690/432 1961/3652/432
f 1958/3645/432 1984/3685/432 1991/3699/432
f 2005/3729/433 2002/3720/433 2004/3727/433
f 2014/3749/997 2013/3747/997 1995/3708/997
f 2011/3743/998 1997/3713/998 1994/3705/998
f 1985/3687/999 1992/3700/999 1987/3691/999
f 1987/3691/436 1962/3655/436 1988/3694/436
f 1988/3694/436 1959/3648/436 1985/3687/436
f 1997/3712/437 1998/3714/437 1993/3702/437
f 1995/3709/437 1993/3702/437 1998/3714/437
f 2025/3768/362 2000/3717/362 1999/3715/362
f 2016/3753/438 2012/3744/438 1994/3706/438
f 2024/3766/1000 2010/3738/1000 2000/3716/1000
f 2013/3746/438 2016/3753/438 1993/3703/438
f 2004/3726/440 1999/3715/440 2000/3717/440
f 2002/3721/440 2001/3718/440 1999/3715/440
f 2010/3738/1001 2009/3737/1001 2003/3724/1001
f 2008/3734/1002 2001/3719/1002 2002/3722/1002
f 2006/3730/433 2004/3727/433 2003/3725/433
f 2007/3731/443 2010/3739/443 2024/3765/443
f 2021/3761/1003 2019/3758/1003 2010/3740/1003
f 2017/3754/1004 2006/3730/1004 2009/3736/1004
f 2018/3756/1005 2008/3734/1005 2005/3728/1005
f 2019/3757/1006 2022/3763/1006 2009/3737/1006
f 2020/3759/1007 2005/3729/1007 2006/3730/1007
f 2018/3755/1008 2021/3761/1008 2007/3732/1008
f 2033/3783/450 2031/3779/450 2016/3753/450
f 2030/3776/451 2014/3748/451 2015/3751/451
f 2031/3779/450 2029/3775/450 2012/3744/450
f 2034/3785/451 2015/3751/451 2011/3742/451
f 2032/3782/1009 2011/3743/1009 2012/3745/1009
f 2030/3777/1010 2033/3784/1010 2013/3747/1010
f 2028/3773/1011 2014/3749/1011 1996/3711/1011
f 2023/3764/443 2028/3772/443 2008/3735/443
f 1958/3646/460 1989/3696/460 2021/3761/460
f 1985/3688/1012 2020/3759/1012 2017/3754/1012
f 1961/3653/1013 1987/3692/1013 2022/3763/1013
f 1958/3647/1014 2018/3756/1014 2020/3760/1014
f 1987/3693/1015 1992/3701/1015 2017/3754/1015
f 1961/3654/1016 2019/3758/1016 2021/3761/1016
f 2014/3750/461 2028/3772/461 2023/3764/461
f 2028/3773/454 2027/3770/454 2001/3719/454
f 2015/3752/461 2023/3764/461 2024/3765/461
f 2024/3766/439 2025/3767/439 1997/3713/439
f 2025/3768/464 2026/3769/464 1998/3714/464
f 1998/3714/464 2026/3769/464 2027/3771/464
f 1957/3643/1017 2033/3784/1017 2030/3777/1017
f 1960/3650/1018 1986/3689/1018 2032/3782/1018
f 1986/3690/469 1991/3699/469 2034/3786/469
f 1960/3651/1019 2029/3775/1019 2031/3779/1019
f 1984/3685/1020 2030/3778/1020 2034/3786/1020
f 1957/3644/468 1990/3698/468 2031/3779/468
f 2100/3925/471 2099/3923/471 2230/4190/471
f 2099/3923/472 2101/3927/472 2233/4193/472
f 2101/3927/473 2102/3929/473 2236/4196/473
f 2102/3929/474 2103/3931/474 2239/4201/474
f 2103/3932/475 2104/3934/475 2242/4207/475
f 2104/3934/476 2105/3936/476 2245/4210/476
f 2105/3936/477 2106/3938/477 2248/4213/477
f 2106/3938/478 2107/3940/478 2251/4216/478
f 2107/3940/479 2108/3942/479 2254/4219/479
f 2108/3942/480 2109/3944/480 2257/4222/480
f 2109/3944/481 2110/3946/481 2260/4226/481
f 2110/3947/482 2111/3949/482 2263/4232/482
f 2111/3949/483 2112/3951/483 2266/4236/483
f 2112/3951/484 2113/3953/484 2269/4239/484
f 2269/4239/485 2113/3953/485 2114/3955/485
f 2272/4242/486 2114/3955/486 2115/3957/486
f 2275/4245/487 2115/3957/487 2116/3959/487
f 2278/4248/488 2116/3959/488 2117/3961/488
f 2281/4251/489 2117/3961/489 2118/3963/489
f 2284/4255/490 2118/3964/490 2119/3966/490
f 2287/4262/491 2119/3966/491 2120/3968/491
f 2290/4266/492 2120/3968/492 2121/3970/492
f 2121/3970/1021 2122/3972/1021 2296/4273/1021
f 2329/4328/494 2296/4273/494 2122/3972/494
f 2122/3972/494 2123/3974/494 2299/4280/494
f 2299/4280/1022 2123/3974/1022 2124/3976/1022
f 2302/4287/496 2124/3976/496 2125/3978/496
f 2305/4290/497 2125/3978/497 2126/3980/497
f 2308/4294/498 2126/3980/498 2127/3982/498
f 2311/4298/499 2127/3983/499 2128/3985/499
f 2128/3985/500 2129/3987/500 2317/4309/500
f 2088/3900/501 2086/3895/501 2156/4045/501
f 2129/3987/502 2130/3989/502 2320/4312/502
f 2130/3989/503 2100/3925/503 2229/4189/503
f 2097/3919/34 2035/3787/34 2037/3791/34
f 2037/3791/34 2039/3795/34 2041/3800/34
f 2041/3800/34 2043/3805/34 2045/3809/34
f 2045/3809/34 2047/3813/34 2049/3817/34
f 2049/3817/34 2051/3821/34 2053/3825/34
f 2053/3825/34 2055/3829/34 2057/3833/34
f 2057/3833/34 2059/3838/34 2061/3843/34
f 2061/3843/34 2063/3847/34 2065/3851/34
f 2065/3851/34 2067/3855/34 2069/3859/34
f 2069/3859/34 2071/3863/34 2073/3867/34
f 2073/3867/34 2075/3872/34 2077/3877/34
f 2077/3877/34 2079/3881/34 2081/3885/34
f 2081/3885/34 2083/3889/34 2085/3893/34
f 2085/3893/34 2087/3897/34 2089/3902/34
f 2089/3902/34 2091/3907/34 2093/3911/34
f 2093/3911/34 2095/3915/34 2097/3919/34
f 2097/3919/34 2037/3791/34 2041/3800/34
f 2041/3800/34 2045/3809/34 2049/3817/34
f 2049/3817/34 2053/3825/34 2057/3833/34
f 2057/3833/34 2061/3843/34 2065/3851/34
f 2065/3851/34 2069/3859/34 2073/3867/34
f 2073/3867/34 2077/3877/34 2081/3885/34
f 2081/3885/34 2085/3893/34 2089/3902/34
f 2089/3902/34 2093/3911/34 2097/3919/34
f 2097/3919/34 2041/3800/34 2049/3817/34
f 2049/3817/34 2057/3833/34 2065/3851/34
f 2065/3851/34 2073/3867/34 2081/3885/34
f 2081/3885/34 2089/3902/34 2097/3919/34
f 2097/3919/34 2049/3817/34 2065/3851/34
f 2036/3789/35 2038/3793/35 2099/3924/35
f 2038/3793/35 2040/3797/35 2101/3928/35
f 2040/3797/35 2042/3803/35 2102/3930/35
f 2044/3807/35 2103/3933/35 2102/3930/35
f 2046/3811/35 2104/3935/35 2103/3933/35
f 2048/3815/35 2105/3937/35 2104/3935/35
f 2048/3815/35 2050/3819/35 2106/3939/35
f 2052/3823/35 2107/3941/35 2106/3939/35
f 2052/3823/35 2054/3827/35 2108/3943/35
f 2056/3831/35 2109/3945/35 2108/3943/35
f 2058/3835/35 2110/3948/35 2109/3945/35
f 2060/3841/35 2111/3950/35 2110/3948/35
f 2060/3841/35 2062/3845/35 2112/3952/35
f 2064/3849/35 2113/3954/35 2112/3952/35
f 2066/3853/35 2114/3956/35 2113/3954/35
f 2068/3857/35 2115/3958/35 2114/3956/35
f 2068/3857/35 2070/3861/35 2116/3960/35
f 2072/3865/35 2117/3962/35 2116/3960/35
f 2074/3869/35 2118/3965/35 2117/3962/35
f 2076/3874/35 2119/3967/35 2118/3965/35
f 2078/3879/35 2120/3969/35 2119/3967/35
f 2078/3879/35 2080/3883/35 2121/3971/35
f 2082/3887/35 2122/3973/35 2121/3971/35
f 2084/3891/35 2123/3975/35 2122/3973/35
f 2086/3896/35 2124/3977/35 2123/3975/35
f 2086/3896/35 2088/3899/35 2125/3979/35
f 2090/3904/35 2126/3981/35 2125/3979/35
f 2092/3909/35 2127/3984/35 2126/3981/35
f 2094/3913/35 2128/3986/35 2127/3984/35
f 2096/3917/35 2129/3988/35 2128/3986/35
f 2098/3921/35 2130/3990/35 2129/3988/35
f 2036/3789/35 2100/3926/35 2130/3990/35
f 2133/3995/35 2131/3991/35 2132/3993/35
f 2132/3993/35 2162/4057/35 2161/4055/35
f 2161/4055/35 2160/4053/35 2159/4051/35
f 2159/4051/35 2158/4049/35 2157/4046/35
f 2157/4046/35 2156/4044/35 2155/4042/35
f 2155/4042/35 2154/4040/35 2153/4038/35
f 2153/4038/35 2152/4036/35 2151/4034/35
f 2151/4034/35 2150/4031/35 2149/4029/35
f 2149/4029/35 2148/4027/35 2147/4025/35
f 2147/4025/35 2146/4023/35 2145/4021/35
f 2145/4021/35 2144/4019/35 2143/4016/35
f 2143/4016/35 2142/4014/35 2141/4012/35
f 2141/4012/35 2140/4010/35 2139/4008/35
f 2139/4008/35 2138/4006/35 2137/4004/35
f 2137/4004/35 2136/4002/35 2135/4000/35
f 2135/4000/35 2134/3997/35 2133/3995/35
f 2133/3995/35 2132/3993/35 2161/4055/35
f 2161/4055/35 2159/4051/35 2157/4046/35
f 2157/4046/35 2155/4042/35 2153/4038/35
f 2153/4038/35 2151/4034/35 2149/4029/35
f 2149/4029/35 2147/4025/35 2145/4021/35
f 2145/4021/35 2143/4016/35 2141/4012/35
f 2141/4012/35 2139/4008/35 2137/4004/35
f 2137/4004/35 2135/4000/35 2133/3995/35
f 2133/3995/35 2161/4055/35 2157/4046/35
f 2157/4046/35 2153/4038/35 2149/4029/35
f 2149/4029/35 2145/4021/35 2141/4012/35
f 2141/4012/35 2137/4004/35 2133/3995/35
f 2133/3995/35 2157/4046/35 2149/4029/35
f 2060/3842/504 2143/4017/504 2144/4020/504
f 2090/3905/505 2088/3900/505 2157/4047/505
f 2062/3846/506 2144/4020/506 2145/4022/506
f 2036/3790/507 2132/3994/507 2131/3992/507
f 2092/3910/508 2090/3906/508 2158/4050/508
f 2064/3850/509 2145/4022/509 2146/4024/509
f 2038/3794/510 2131/3992/510 2133/3996/510
f 2094/3914/511 2092/3910/511 2159/4052/511
f 2066/3854/512 2146/4024/512 2147/4026/512
f 2040/3798/513 2133/3996/513 2134/3998/513
f 2096/3918/514 2094/3914/514 2160/4054/514
f 2070/3862/515 2068/3858/515 2147/4026/515
f 2042/3804/516 2134/3999/516 2135/4001/516
f 2096/3918/517 2161/4056/517 2162/4058/517
f 2070/3862/518 2148/4028/518 2149/4030/518
f 2044/3808/519 2135/4001/519 2136/4003/519
f 2098/3922/520 2162/4058/520 2132/3994/520
f 2072/3866/521 2149/4030/521 2150/4032/521
f 2046/3812/522 2136/4003/522 2137/4005/522
f 2076/3875/523 2074/3870/523 2150/4032/523
f 2048/3816/524 2137/4005/524 2138/4007/524
f 2078/3880/525 2076/3876/525 2151/4035/525
f 2050/3820/526 2138/4007/526 2139/4009/526
f 2080/3884/527 2078/3880/527 2152/4037/527
f 2052/3824/528 2139/4009/528 2140/4011/528
f 2080/3884/529 2153/4039/529 2154/4041/529
f 2054/3828/530 2140/4011/530 2141/4013/530
f 2084/3892/531 2082/3888/531 2154/4041/531
f 2056/3832/532 2141/4013/532 2142/4015/532
f 2084/3892/533 2155/4043/533 2156/4045/533
f 2058/3836/534 2142/4015/534 2143/4018/534
f 2195/4119/34 2163/4059/34 2164/4061/34
f 2197/4123/34 2196/4121/34 2164/4061/34
f 2197/4123/34 2165/4063/34 2166/4065/34
f 2198/4125/34 2166/4065/34 2167/4068/34
f 2200/4130/34 2199/4128/34 2167/4068/34
f 2200/4130/34 2168/4069/34 2169/4071/34
f 2201/4132/34 2169/4071/34 2170/4073/34
f 2203/4136/34 2202/4134/34 2170/4073/34
f 2204/4138/34 2203/4136/34 2171/4075/34
f 2204/4138/34 2172/4077/34 2173/4079/34
f 2206/4142/34 2205/4140/34 2173/4079/34
f 2207/4144/34 2206/4142/34 2174/4081/34
f 2208/4147/34 2207/4144/34 2175/4084/34
f 2208/4147/34 2176/4085/34 2177/4088/34
f 2209/4149/34 2177/4088/34 2178/4089/34
f 2210/4151/34 2178/4089/34 2179/4091/34
f 2211/4153/34 2179/4091/34 2180/4093/34
f 2212/4155/34 2180/4093/34 2181/4096/34
f 2214/4159/34 2213/4157/34 2181/4096/34
f 2215/4161/34 2214/4159/34 2182/4097/34
f 2216/4164/34 2215/4161/34 2183/4098/34
f 2216/4164/34 2184/4099/34 2185/4101/34
f 2218/4168/34 2217/4166/34 2185/4101/34
f 2219/4170/34 2218/4168/34 2186/4103/34
f 2219/4170/34 2187/4105/34 2188/4107/34
f 2221/4174/34 2220/4172/34 2188/4107/34
f 2221/4174/34 2189/4110/34 2190/4111/34
f 2223/4179/34 2222/4176/34 2190/4111/34
f 2223/4179/34 2191/4112/34 2192/4114/34
f 2224/4181/34 2192/4114/34 2193/4115/34
f 2225/4183/34 2193/4115/34 2194/4117/34
f 2226/4185/34 2194/4117/34 2163/4059/34
f 2037/3792/535 2035/3788/535 2195/4120/535
f 2039/3796/536 2037/3792/536 2196/4122/536
f 2039/3796/537 2197/4124/537 2198/4126/537
f 2041/3801/701 2198/4127/701 2199/4129/701
f 2043/3806/539 2199/4129/539 2200/4131/539
f 2047/3814/540 2045/3810/540 2200/4131/540
f 2047/3814/541 2201/4133/541 2202/4135/541
f 2049/3818/542 2202/4135/542 2203/4137/542
f 2053/3826/543 2051/3822/543 2203/4137/543
f 2053/3826/544 2204/4139/544 2205/4141/544
f 2055/3830/545 2205/4141/545 2206/4143/545
f 2057/3834/702 2206/4143/702 2207/4145/702
f 2059/3839/1023 2207/4146/1023 2208/4148/1023
f 2061/3844/548 2208/4148/548 2209/4150/548
f 2065/3852/549 2063/3848/549 2209/4150/549
f 2065/3852/550 2210/4152/550 2211/4154/550
f 2069/3860/551 2067/3856/551 2211/4154/551
f 2069/3860/552 2212/4156/552 2213/4158/552
f 2071/3864/553 2213/4158/553 2214/4160/553
f 2073/3868/554 2214/4160/554 2215/4162/554
f 2075/3873/555 2215/4163/555 2216/4165/555
f 2077/3878/556 2216/4165/556 2217/4167/556
f 2079/3882/557 2217/4167/557 2218/4169/557
f 2081/3886/558 2218/4169/558 2219/4171/558
f 2083/3890/559 2219/4171/559 2220/4173/559
f 2087/3898/560 2085/3894/560 2220/4173/560
f 2087/3898/561 2221/4175/561 2222/4177/561
f 2091/3908/562 2089/3903/562 2222/4178/562
f 2093/3912/563 2091/3908/563 2223/4180/563
f 2093/3912/564 2224/4182/564 2225/4184/564
f 2095/3916/565 2225/4184/565 2226/4186/565
f 2035/3788/566 2097/3920/566 2226/4186/566
f 2322/4314/567 2227/4187/567 2163/4060/567
f 2321/4313/568 2228/4188/568 2227/4187/568
f 2320/4312/569 2229/4189/569 2228/4188/569
f 2319/4311/570 2322/4314/570 2194/4118/570
f 2319/4311/571 2318/4310/571 2321/4313/571
f 2317/4309/572 2320/4312/572 2321/4313/572
f 2316/4307/573 2319/4311/573 2193/4116/573
f 2316/4307/574 2315/4306/574 2318/4310/574
f 2315/4306/575 2314/4305/575 2317/4309/575
f 2191/4112/576 2313/4304/576 2316/4308/576
f 2313/4303/577 2312/4300/577 2315/4306/577
f 2311/4298/578 2314/4305/578 2315/4306/578
f 2190/4111/579 2310/4297/579 2313/4304/579
f 2310/4296/580 2309/4295/580 2312/4301/580
f 2309/4295/581 2308/4294/581 2311/4299/581
f 2189/4110/582 2307/4292/582 2310/4297/582
f 2307/4293/583 2306/4291/583 2309/4295/583
f 2306/4291/584 2305/4290/584 2308/4294/584
f 2188/4108/585 2304/4289/585 2307/4293/585
f 2304/4289/586 2303/4288/586 2306/4291/586
f 2303/4288/587 2302/4287/587 2305/4290/587
f 2187/4106/588 2301/4286/588 2304/4289/588
f 2304/4289/589 2301/4286/589 2326/4322/589
f 2326/4322/589 2300/4283/589 2303/4288/589
f 2303/4288/590 2300/4283/590 2325/4321/590
f 2325/4321/1024 2299/4280/1024 2302/4287/1024
f 2187/4106/591 2186/4104/591 2298/4279/591
f 2298/4279/1025 2327/4325/1025 2301/4286/1025
f 2365/4400/592 2338/4346/592 2340/4349/592
f 2185/4102/593 2295/4272/593 2298/4279/593
f 2298/4279/594 2295/4272/594 2294/4271/594
f 2294/4271/594 2297/4276/594 2324/4318/594
f 2297/4276/595 2294/4271/595 2293/4270/595
f 2293/4270/1026 2296/4273/1026 2323/4316/1026
f 2184/4100/596 2292/4268/596 2295/4272/596
f 2292/4268/597 2291/4267/597 2294/4271/597
f 2291/4267/598 2290/4266/598 2293/4270/598
f 2183/4098/599 2289/4265/599 2292/4269/599
f 2289/4264/600 2288/4263/600 2291/4267/600
f 2288/4263/601 2287/4262/601 2290/4266/601
f 2182/4097/602 2286/4261/602 2289/4265/602
f 2286/4260/603 2285/4257/603 2288/4263/603
f 2285/4257/604 2284/4255/604 2287/4262/604
f 2181/4096/605 2283/4253/605 2286/4261/605
f 2283/4254/606 2282/4252/606 2285/4258/606
f 2281/4251/607 2284/4256/607 2285/4258/607
f 2180/4094/608 2280/4250/608 2283/4254/608
f 2279/4249/609 2282/4252/609 2283/4254/609
f 2279/4249/610 2278/4248/610 2281/4251/610
f 2277/4247/611 2280/4250/611 2180/4094/611
f 2276/4246/612 2279/4249/612 2280/4250/612
f 2276/4246/613 2275/4245/613 2278/4248/613
f 2274/4244/708 2277/4247/708 2179/4092/708
f 2273/4243/615 2276/4246/615 2277/4247/615
f 2272/4242/616 2275/4245/616 2276/4246/616
f 2271/4241/617 2274/4244/617 2178/4090/617
f 2270/4240/618 2273/4243/618 2274/4244/618
f 2270/4240/619 2269/4239/619 2272/4242/619
f 2176/4086/620 2268/4238/620 2271/4241/620
f 2267/4237/621 2270/4240/621 2271/4241/621
f 2266/4236/622 2269/4239/622 2270/4240/622
f 2265/4235/623 2268/4238/623 2176/4086/623
f 2264/4233/624 2267/4237/624 2268/4238/624
f 2263/4232/625 2266/4236/625 2267/4237/625
f 2262/4230/626 2265/4234/626 2175/4084/626
f 2261/4227/627 2264/4233/627 2265/4235/627
f 2260/4225/628 2263/4232/628 2264/4233/628
f 2259/4224/629 2262/4231/629 2174/4082/629
f 2258/4223/630 2261/4228/630 2262/4231/630
f 2257/4222/703 2260/4226/703 2261/4228/703
f 2256/4221/632 2259/4224/632 2173/4080/632
f 2255/4220/633 2258/4223/633 2259/4224/633
f 2254/4219/634 2257/4222/634 2258/4223/634
f 2253/4218/635 2256/4221/635 2172/4078/635
f 2252/4217/636 2255/4220/636 2256/4221/636
f 2251/4216/637 2254/4219/637 2255/4220/637
f 2250/4215/704 2253/4218/704 2171/4076/704
f 2249/4214/639 2252/4217/639 2253/4218/639
f 2248/4213/640 2251/4216/640 2252/4217/640
f 2247/4212/641 2250/4215/641 2170/4074/641
f 2246/4211/642 2249/4214/642 2250/4215/642
f 2245/4210/643 2248/4213/643 2249/4214/643
f 2244/4209/644 2247/4212/644 2169/4072/644
f 2243/4208/645 2246/4211/645 2247/4212/645
f 2242/4207/646 2245/4210/646 2246/4211/646
f 2241/4204/647 2244/4209/647 2168/4070/647
f 2240/4202/648 2243/4208/648 2244/4209/648
f 2239/4200/649 2242/4207/649 2243/4208/649
f 2238/4198/650 2241/4205/650 2167/4068/650
f 2237/4197/651 2240/4203/651 2241/4206/651
f 2236/4196/652 2239/4201/652 2240/4203/652
f 2235/4195/653 2238/4199/653 2166/4066/653
f 2235/4195/654 2234/4194/654 2237/4197/654
f 2234/4194/655 2233/4193/655 2236/4196/655
f 2232/4192/656 2235/4195/656 2165/4064/656
f 2231/4191/657 2234/4194/657 2235/4195/657
f 2230/4190/658 2233/4193/658 2234/4194/658
f 2227/4187/659 2232/4192/659 2164/4062/659
f 2227/4187/660 2228/4188/660 2231/4191/660
f 2228/4188/661 2229/4189/661 2230/4190/661
f 2330/4330/662 2325/4321/662 2300/4283/662
f 2297/4276/662 2323/4316/662 2330/4330/662
f 2344/4360/663 2341/4351/663 2343/4358/663
f 2353/4380/1027 2352/4378/1027 2334/4339/1027
f 2350/4374/1028 2336/4344/1028 2333/4336/1028
f 2324/4318/35 2331/4331/35 2326/4322/35
f 2326/4322/666 2301/4286/666 2327/4325/666
f 2327/4325/666 2298/4279/666 2324/4318/666
f 2336/4343/667 2337/4345/667 2332/4333/667
f 2334/4340/667 2332/4333/667 2337/4345/667
f 2364/4399/592 2339/4348/592 2338/4346/592
f 2355/4384/668 2351/4375/668 2333/4337/668
f 2363/4397/1029 2349/4369/1029 2339/4347/1029
f 2352/4377/668 2355/4384/668 2332/4334/668
f 2343/4357/670 2338/4346/670 2339/4348/670
f 2341/4352/670 2340/4349/670 2338/4346/670
f 2349/4369/1030 2348/4368/1030 2342/4355/1030
f 2347/4365/1031 2340/4350/1031 2341/4353/1031
f 2345/4361/663 2343/4358/663 2342/4356/663
f 2346/4362/673 2349/4370/673 2363/4396/673
f 2360/4392/1032 2358/4389/1032 2349/4371/1032
f 2356/4385/1033 2345/4361/1033 2348/4367/1033
f 2357/4387/1034 2347/4365/1034 2344/4359/1034
f 2358/4388/1035 2361/4394/1035 2348/4368/1035
f 2359/4390/1036 2344/4360/1036 2345/4361/1036
f 2357/4386/1037 2360/4392/1037 2346/4363/1037
f 2372/4414/680 2370/4410/680 2355/4384/680
f 2369/4407/681 2353/4379/681 2354/4382/681
f 2370/4410/680 2368/4406/680 2351/4375/680
f 2373/4416/681 2354/4382/681 2350/4373/681
f 2371/4413/1038 2350/4374/1038 2351/4376/1038
f 2369/4408/1039 2372/4415/1039 2352/4378/1039
f 2367/4404/1040 2353/4380/1040 2335/4342/1040
f 2362/4395/673 2367/4403/673 2347/4366/673
f 2297/4277/690 2328/4327/690 2360/4392/690
f 2324/4319/1041 2359/4390/1041 2356/4385/1041
f 2300/4284/1042 2326/4323/1042 2361/4394/1042
f 2297/4278/1043 2357/4387/1043 2359/4391/1043
f 2326/4324/686 2331/4332/686 2356/4385/686
f 2300/4285/1044 2358/4389/1044 2360/4392/1044
f 2353/4381/691 2367/4403/691 2362/4395/691
f 2367/4404/684 2366/4401/684 2340/4350/684
f 2354/4383/691 2362/4395/691 2363/4396/691
f 2363/4397/669 2364/4398/669 2336/4344/669
f 2364/4399/694 2365/4400/694 2337/4345/694
f 2337/4345/694 2365/4400/694 2366/4402/694
f 2296/4274/1045 2372/4415/1045 2369/4408/1045
f 2299/4281/1046 2325/4320/1046 2371/4413/1046
f 2325/4321/699 2330/4330/699 2373/4417/699
f 2299/4282/1047 2368/4406/1047 2370/4410/1047
f 2323/4316/1048 2369/4409/1048 2373/4417/1048
f 2296/4275/698 2329/4329/698 2370/4410/698
f 2439/4556/471 2438/4554/471 2569/4821/471
f 2438/4554/472 2440/4558/472 2572/4824/472
f 2572/4824/473 2440/4558/473 2441/4560/473
f 2441/4560/474 2442/4562/474 2578/4832/474
f 2442/4563/475 2443/4565/475 2581/4838/475
f 2443/4565/476 2444/4567/476 2584/4841/476
f 2444/4567/477 2445/4569/477 2587/4844/477
f 2445/4569/478 2446/4571/478 2590/4847/478
f 2446/4571/479 2447/4573/479 2593/4850/479
f 2447/4573/480 2448/4575/480 2596/4853/480
f 2448/4575/481 2449/4577/481 2599/4857/481
f 2449/4578/482 2450/4580/482 2602/4863/482
f 2450/4580/483 2451/4582/483 2605/4867/483
f 2451/4582/484 2452/4584/484 2608/4870/484
f 2452/4584/485 2453/4586/485 2611/4873/485
f 2453/4586/486 2454/4588/486 2614/4876/486
f 2614/4876/487 2454/4588/487 2455/4590/487
f 2617/4879/488 2455/4590/488 2456/4592/488
f 2456/4592/489 2457/4594/489 2623/4887/489
f 2623/4886/490 2457/4595/490 2458/4597/490
f 2626/4893/491 2458/4597/491 2459/4599/491
f 2629/4897/492 2459/4599/492 2460/4601/492
f 2460/4601/1021 2461/4603/1021 2635/4904/1021
f 2668/4959/494 2635/4904/494 2461/4603/494
f 2461/4603/494 2462/4605/494 2638/4911/494
f 2638/4911/1022 2462/4605/1022 2463/4607/1022
f 2641/4918/496 2463/4607/496 2464/4609/496
f 2644/4921/497 2464/4609/497 2465/4611/497
f 2647/4925/498 2465/4611/498 2466/4613/498
f 2466/4614/499 2467/4616/499 2653/4936/499
f 2467/4616/500 2468/4618/500 2656/4940/500
f 2427/4531/501 2425/4527/501 2495/4675/501
f 2468/4618/502 2469/4620/502 2659/4943/502
f 2469/4620/503 2439/4556/503 2568/4820/503
f 2436/4550/34 2374/4418/34 2376/4422/34
f 2376/4422/34 2378/4426/34 2380/4430/34
f 2380/4430/34 2382/4436/34 2384/4440/34
f 2384/4440/34 2386/4444/34 2388/4448/34
f 2388/4448/34 2390/4452/34 2392/4456/34
f 2392/4456/34 2394/4460/34 2396/4464/34
f 2396/4464/34 2398/4468/34 2400/4474/34
f 2400/4474/34 2402/4478/34 2404/4482/34
f 2404/4482/34 2406/4486/34 2408/4490/34
f 2408/4490/34 2410/4494/34 2412/4498/34
f 2412/4498/34 2414/4503/34 2416/4508/34
f 2416/4508/34 2418/4512/34 2420/4516/34
f 2420/4516/34 2422/4520/34 2424/4524/34
f 2424/4524/34 2426/4528/34 2428/4532/34
f 2428/4532/34 2430/4538/34 2432/4542/34
f 2432/4542/34 2434/4546/34 2436/4550/34
f 2436/4550/34 2376/4422/34 2380/4430/34
f 2380/4430/34 2384/4440/34 2388/4448/34
f 2388/4448/34 2392/4456/34 2396/4464/34
f 2396/4464/34 2400/4474/34 2404/4482/34
f 2404/4482/34 2408/4490/34 2412/4498/34
f 2412/4498/34 2416/4508/34 2420/4516/34
f 2420/4516/34 2424/4524/34 2428/4532/34
f 2428/4532/34 2432/4542/34 2436/4550/34
f 2436/4550/34 2380/4430/34 2388/4448/34
f 2388/4448/34 2396/4464/34 2404/4482/34
f 2404/4482/34 2412/4498/34 2420/4516/34
f 2420/4516/34 2428/4532/34 2436/4550/34
f 2436/4550/34 2388/4448/34 2404/4482/34
f 2375/4420/35 2377/4424/35 2438/4555/35
f 2379/4428/35 2440/4559/35 2438/4555/35
f 2379/4428/35 2381/4434/35 2441/4561/35
f 2381/4434/35 2383/4438/35 2442/4564/35
f 2385/4442/35 2443/4566/35 2442/4564/35
f 2387/4446/35 2444/4568/35 2443/4566/35
f 2389/4450/35 2445/4570/35 2444/4568/35
f 2391/4454/35 2446/4572/35 2445/4570/35
f 2391/4454/35 2393/4458/35 2447/4574/35
f 2395/4462/35 2448/4576/35 2447/4574/35
f 2397/4466/35 2449/4579/35 2448/4576/35
f 2399/4472/35 2450/4581/35 2449/4579/35
f 2399/4472/35 2401/4476/35 2451/4583/35
f 2403/4480/35 2452/4585/35 2451/4583/35
f 2405/4484/35 2453/4587/35 2452/4585/35
f 2407/4488/35 2454/4589/35 2453/4587/35
f 2407/4488/35 2409/4492/35 2455/4591/35
f 2411/4496/35 2456/4593/35 2455/4591/35
f 2413/4500/35 2457/4596/35 2456/4593/35
f 2415/4505/35 2458/4598/35 2457/4596/35
f 2417/4510/35 2459/4600/35 2458/4598/35
f 2417/4510/35 2419/4514/35 2460/4602/35
f 2421/4518/35 2461/4604/35 2460/4602/35
f 2421/4518/35 2423/4522/35 2462/4606/35
f 2425/4526/35 2463/4608/35 2462/4606/35
f 2427/4530/35 2464/4610/35 2463/4608/35
f 2429/4535/35 2465/4612/35 2464/4610/35
f 2431/4540/35 2466/4615/35 2465/4612/35
f 2433/4544/35 2467/4617/35 2466/4615/35
f 2435/4548/35 2468/4619/35 2467/4617/35
f 2435/4548/35 2437/4552/35 2469/4621/35
f 2375/4420/35 2439/4557/35 2469/4621/35
f 2472/4626/35 2470/4622/35 2471/4624/35
f 2471/4624/35 2501/4688/35 2500/4686/35
f 2500/4686/35 2499/4684/35 2498/4682/35
f 2498/4682/986 2497/4680/986 2496/4677/986
f 2496/4677/35 2495/4676/35 2494/4673/35
f 2494/4673/35 2493/4671/35 2492/4669/35
f 2492/4669/35 2491/4667/35 2490/4665/35
f 2490/4665/35 2489/4662/35 2488/4660/35
f 2488/4660/35 2487/4658/35 2486/4656/35
f 2486/4656/35 2485/4654/35 2484/4652/35
f 2484/4652/35 2483/4650/35 2482/4647/35
f 2482/4647/35 2481/4645/35 2480/4643/35
f 2480/4643/35 2479/4641/35 2478/4639/35
f 2478/4639/35 2477/4637/35 2476/4635/35
f 2476/4635/35 2475/4633/35 2474/4631/35
f 2474/4631/35 2473/4628/35 2472/4626/35
f 2472/4626/35 2471/4624/35 2500/4686/35
f 2500/4686/35 2498/4682/35 2496/4677/35
f 2496/4677/35 2494/4673/35 2492/4669/35
f 2492/4669/35 2490/4665/35 2488/4660/35
f 2488/4660/35 2486/4656/35 2484/4652/35
f 2484/4652/35 2482/4647/35 2480/4643/35
f 2480/4643/35 2478/4639/35 2476/4635/35
f 2476/4635/35 2474/4631/35 2472/4626/35
f 2472/4626/35 2500/4686/35 2496/4677/35
f 2496/4677/35 2492/4669/35 2488/4660/35
f 2488/4660/35 2484/4652/35 2480/4643/35
f 2480/4643/35 2476/4635/35 2472/4626/35
f 2472/4626/35 2496/4677/35 2488/4660/35
f 2399/4473/504 2482/4648/504 2483/4651/504
f 2429/4536/505 2427/4531/505 2496/4678/505
f 2401/4477/506 2483/4651/506 2484/4653/506
f 2375/4421/507 2471/4625/507 2470/4623/507
f 2431/4541/508 2429/4537/508 2497/4681/508
f 2403/4481/509 2484/4653/509 2485/4655/509
f 2377/4425/510 2470/4623/510 2472/4627/510
f 2433/4545/511 2431/4541/511 2498/4683/511
f 2405/4485/512 2485/4655/512 2486/4657/512
f 2379/4429/513 2472/4627/513 2473/4629/513
f 2435/4549/514 2433/4545/514 2499/4685/514
f 2407/4489/515 2486/4657/515 2487/4659/515
f 2381/4435/516 2473/4630/516 2474/4632/516
f 2435/4549/517 2500/4687/517 2501/4689/517
f 2411/4497/518 2409/4493/518 2487/4659/518
f 2383/4439/519 2474/4632/519 2475/4634/519
f 2437/4553/520 2501/4689/520 2471/4625/520
f 2411/4497/521 2488/4661/521 2489/4663/521
f 2385/4443/522 2475/4634/522 2476/4636/522
f 2415/4506/523 2413/4501/523 2489/4663/523
f 2387/4447/524 2476/4636/524 2477/4638/524
f 2417/4511/525 2415/4507/525 2490/4666/525
f 2389/4451/526 2477/4638/526 2478/4640/526
f 2419/4515/527 2417/4511/527 2491/4668/527
f 2391/4455/528 2478/4640/528 2479/4642/528
f 2421/4519/529 2419/4515/529 2492/4670/529
f 2393/4459/530 2479/4642/530 2480/4644/530
f 2423/4523/531 2421/4519/531 2493/4672/531
f 2395/4463/706 2480/4644/706 2481/4646/706
f 2425/4527/533 2423/4523/533 2494/4674/533
f 2397/4467/534 2481/4646/534 2482/4649/534
f 2534/4750/34 2502/4691/34 2503/4692/34
f 2535/4752/34 2503/4692/34 2504/4694/34
f 2537/4757/34 2536/4754/34 2504/4694/34
f 2538/4759/34 2537/4757/34 2505/4696/34
f 2539/4761/34 2538/4759/34 2506/4699/34
f 2539/4761/34 2507/4700/34 2508/4702/34
f 2540/4763/34 2508/4702/34 2509/4704/34
f 2541/4765/34 2509/4704/34 2510/4706/34
f 2542/4767/34 2510/4706/34 2511/4708/34
f 2544/4771/34 2543/4769/34 2511/4708/34
f 2544/4771/34 2512/4710/34 2513/4712/34
f 2546/4776/34 2545/4773/34 2513/4712/34
f 2547/4778/34 2546/4776/34 2514/4715/34
f 2547/4778/34 2515/4716/34 2516/4718/34
f 2548/4780/34 2516/4718/34 2517/4720/34
f 2549/4782/34 2517/4720/34 2518/4723/34
f 2551/4786/34 2550/4784/34 2518/4723/34
f 2552/4788/34 2551/4786/34 2519/4724/34
f 2552/4788/34 2520/4727/34 2521/4728/34
f 2553/4790/34 2521/4728/34 2522/4729/34
f 2555/4795/34 2554/4792/34 2522/4729/34
f 2555/4795/34 2523/4730/34 2524/4732/34
f 2557/4799/34 2556/4797/34 2524/4732/34
f 2558/4801/34 2557/4799/34 2525/4734/34
f 2559/4803/34 2558/4801/34 2526/4736/34
f 2559/4803/34 2527/4738/34 2528/4741/34
f 2561/4808/34 2560/4805/34 2528/4741/34
f 2561/4808/34 2529/4742/34 2530/4743/34
f 2563/4812/34 2562/4810/34 2530/4743/34
f 2564/4814/34 2563/4812/34 2531/4744/34
f 2565/4816/34 2564/4814/34 2532/4747/34
f 2534/4750/34 2565/4816/34 2533/4748/34
f 2376/4423/535 2374/4419/535 2534/4751/535
f 2376/4423/536 2535/4753/536 2536/4755/536
f 2380/4431/537 2378/4427/537 2536/4755/537
f 2380/4432/701 2537/4758/701 2538/4760/701
f 2382/4437/539 2538/4760/539 2539/4762/539
f 2384/4441/540 2539/4762/540 2540/4764/540
f 2386/4445/541 2540/4764/541 2541/4766/541
f 2388/4449/542 2541/4766/542 2542/4768/542
f 2390/4453/543 2542/4768/543 2543/4770/543
f 2392/4457/544 2543/4770/544 2544/4772/544
f 2394/4461/545 2544/4772/545 2545/4774/545
f 2398/4469/702 2396/4465/702 2545/4774/702
f 2400/4475/547 2398/4470/547 2546/4777/547
f 2400/4475/548 2547/4779/548 2548/4781/548
f 2402/4479/549 2548/4781/549 2549/4783/549
f 2404/4483/550 2549/4783/550 2550/4785/550
f 2406/4487/551 2550/4785/551 2551/4787/551
f 2408/4491/552 2551/4787/552 2552/4789/552
f 2410/4495/553 2552/4789/553 2553/4791/553
f 2412/4499/554 2553/4791/554 2554/4793/554
f 2414/4504/555 2554/4794/555 2555/4796/555
f 2418/4513/556 2416/4509/556 2555/4796/556
f 2418/4513/557 2556/4798/557 2557/4800/557
f 2420/4517/558 2557/4800/558 2558/4802/558
f 2424/4525/559 2422/4521/559 2558/4802/559
f 2426/4529/560 2424/4525/560 2559/4804/560
f 2428/4533/561 2426/4529/561 2560/4806/561
f 2428/4534/709 2561/4809/709 2562/4811/709
f 2430/4539/563 2562/4811/563 2563/4813/563
f 2432/4543/564 2563/4813/564 2564/4815/564
f 2436/4551/565 2434/4547/565 2564/4815/565
f 2436/4551/566 2565/4817/566 2534/4751/566
f 2533/4749/567 2661/4945/567 2566/4818/567
f 2661/4945/568 2660/4944/568 2567/4819/568
f 2659/4943/569 2568/4820/569 2567/4819/569
f 2658/4942/570 2661/4945/570 2533/4749/570
f 2658/4942/571 2657/4941/571 2660/4944/571
f 2656/4940/572 2659/4943/572 2660/4944/572
f 2531/4745/573 2655/4938/573 2658/4942/573
f 2655/4938/574 2654/4937/574 2657/4941/574
f 2654/4937/575 2653/4936/575 2656/4940/575
f 2530/4743/576 2652/4935/576 2655/4939/576
f 2652/4934/577 2651/4931/577 2654/4937/577
f 2651/4931/578 2650/4929/578 2653/4936/578
f 2529/4742/579 2649/4928/579 2652/4935/579
f 2649/4927/580 2648/4926/580 2651/4932/580
f 2648/4926/581 2647/4925/581 2650/4930/581
f 2528/4741/582 2646/4923/582 2649/4928/582
f 2646/4924/583 2645/4922/583 2648/4926/583
f 2645/4922/584 2644/4921/584 2647/4925/584
f 2527/4739/585 2643/4920/585 2646/4924/585
f 2643/4920/586 2642/4919/586 2645/4922/586
f 2642/4919/587 2641/4918/587 2644/4921/587
f 2526/4737/588 2640/4917/588 2643/4920/588
f 2643/4920/589 2640/4917/589 2665/4953/589
f 2665/4953/589 2639/4914/589 2642/4919/589
f 2642/4919/590 2639/4914/590 2664/4952/590
f 2664/4952/1024 2638/4911/1024 2641/4918/1024
f 2526/4737/707 2525/4735/707 2637/4910/707
f 2666/4956/591 2640/4917/591 2526/4737/591
f 2704/5031/592 2677/4977/592 2679/4980/592
f 2524/4733/593 2634/4903/593 2637/4910/593
f 2637/4910/594 2634/4903/594 2633/4902/594
f 2633/4902/594 2636/4907/594 2663/4949/594
f 2636/4907/595 2633/4902/595 2632/4901/595
f 2632/4901/1026 2635/4904/1026 2662/4947/1026
f 2523/4731/596 2631/4899/596 2634/4903/596
f 2631/4899/597 2630/4898/597 2633/4902/597
f 2630/4898/598 2629/4897/598 2632/4901/598
f 2522/4729/599 2628/4896/599 2631/4900/599
f 2628/4895/600 2627/4894/600 2630/4898/600
f 2627/4894/601 2626/4893/601 2629/4897/601
f 2521/4728/602 2625/4892/602 2628/4896/602
f 2625/4891/603 2624/4888/603 2627/4894/603
f 2624/4888/604 2623/4886/604 2626/4893/604
f 2520/4727/605 2622/4884/605 2625/4892/605
f 2622/4885/606 2621/4883/606 2624/4889/606
f 2620/4882/607 2623/4887/607 2624/4889/607
f 2519/4725/608 2619/4881/608 2622/4885/608
f 2618/4880/609 2621/4883/609 2622/4885/609
f 2617/4879/610 2620/4882/610 2621/4883/610
f 2616/4878/611 2619/4881/611 2519/4725/611
f 2616/4878/612 2615/4877/612 2618/4880/612
f 2615/4877/613 2614/4876/613 2617/4879/613
f 2517/4721/708 2613/4875/708 2616/4878/708
f 2612/4874/615 2615/4877/615 2616/4878/615
f 2611/4873/616 2614/4876/616 2615/4877/616
f 2610/4872/617 2613/4875/617 2517/4721/617
f 2609/4871/618 2612/4874/618 2613/4875/618
f 2608/4870/619 2611/4873/619 2612/4874/619
f 2607/4869/620 2610/4872/620 2516/4719/620
f 2606/4868/621 2609/4871/621 2610/4872/621
f 2605/4867/622 2608/4870/622 2609/4871/622
f 2604/4866/623 2607/4869/623 2515/4717/623
f 2603/4864/624 2606/4868/624 2607/4869/624
f 2602/4863/625 2605/4867/625 2606/4868/625
f 2601/4861/626 2604/4865/626 2514/4715/626
f 2600/4858/627 2603/4864/627 2604/4866/627
f 2599/4856/628 2602/4863/628 2603/4864/628
f 2598/4855/629 2601/4862/629 2513/4713/629
f 2597/4854/630 2600/4859/630 2601/4862/630
f 2596/4853/703 2599/4857/703 2600/4859/703
f 2595/4852/632 2598/4855/632 2512/4711/632
f 2594/4851/633 2597/4854/633 2598/4855/633
f 2593/4850/634 2596/4853/634 2597/4854/634
f 2592/4849/635 2595/4852/635 2511/4709/635
f 2591/4848/636 2594/4851/636 2595/4852/636
f 2590/4847/637 2593/4850/637 2594/4851/637
f 2589/4846/704 2592/4849/704 2510/4707/704
f 2588/4845/639 2591/4848/639 2592/4849/639
f 2587/4844/640 2590/4847/640 2591/4848/640
f 2586/4843/641 2589/4846/641 2509/4705/641
f 2585/4842/642 2588/4845/642 2589/4846/642
f 2584/4841/643 2587/4844/643 2588/4845/643
f 2583/4840/644 2586/4843/644 2508/4703/644
f 2582/4839/645 2585/4842/645 2586/4843/645
f 2581/4838/646 2584/4841/646 2585/4842/646
f 2580/4835/647 2583/4840/647 2507/4701/647
f 2579/4833/648 2582/4839/648 2583/4840/648
f 2578/4831/649 2581/4838/649 2582/4839/649
f 2577/4829/650 2580/4836/650 2506/4699/650
f 2576/4828/651 2579/4834/651 2580/4837/651
f 2575/4827/652 2578/4832/652 2579/4834/652
f 2574/4826/653 2577/4830/653 2505/4697/653
f 2573/4825/654 2576/4828/654 2577/4830/654
f 2572/4824/655 2575/4827/655 2576/4828/655
f 2571/4823/656 2574/4826/656 2504/4695/656
f 2571/4823/657 2570/4822/657 2573/4825/657
f 2569/4821/658 2572/4824/658 2573/4825/658
f 2566/4818/659 2571/4823/659 2503/4693/659
f 2567/4819/660 2570/4822/660 2571/4823/660
f 2568/4820/661 2569/4821/661 2570/4822/661
f 2669/4961/662 2664/4952/662 2639/4914/662
f 2636/4907/662 2662/4947/662 2669/4961/662
f 2683/4991/663 2680/4982/663 2682/4989/663
f 2692/5011/1027 2691/5009/1027 2673/4970/1027
f 2689/5005/1028 2675/4975/1028 2672/4967/1028
f 2663/4949/34 2670/4962/34 2665/4953/34
f 2665/4953/1049 2640/4917/1049 2666/4956/1049
f 2666/4956/1049 2637/4910/1049 2663/4949/1049
f 2675/4974/667 2676/4976/667 2671/4964/667
f 2673/4971/667 2671/4964/667 2676/4976/667
f 2703/5030/592 2678/4979/592 2677/4977/592
f 2694/5015/668 2690/5006/668 2672/4968/668
f 2702/5028/1029 2688/5000/1029 2678/4978/1029
f 2691/5008/668 2694/5015/668 2671/4965/668
f 2682/4988/670 2677/4977/670 2678/4979/670
f 2680/4983/670 2679/4980/670 2677/4977/670
f 2688/5000/1030 2687/4999/1030 2681/4986/1030
f 2686/4996/1031 2679/4981/1031 2680/4984/1031
f 2684/4992/663 2682/4989/663 2681/4987/663
f 2685/4993/673 2688/5001/673 2702/5027/673
f 2699/5023/1032 2697/5020/1032 2688/5002/1032
f 2695/5016/1033 2684/4992/1033 2687/4998/1033
f 2696/5018/1034 2686/4996/1034 2683/4990/1034
f 2697/5019/1035 2700/5025/1035 2687/4999/1035
f 2698/5021/1036 2683/4991/1036 2684/4992/1036
f 2696/5017/1037 2699/5023/1037 2685/4994/1037
f 2711/5045/680 2709/5041/680 2694/5015/680
f 2708/5038/681 2692/5010/681 2693/5013/681
f 2709/5041/680 2707/5037/680 2690/5006/680
f 2712/5047/681 2693/5013/681 2689/5004/681
f 2710/5044/1038 2689/5005/1038 2690/5007/1038
f 2708/5039/1039 2711/5046/1039 2691/5009/1039
f 2706/5035/1040 2692/5011/1040 2674/4973/1040
f 2701/5026/673 2706/5034/673 2686/4997/673
f 2636/4908/690 2667/4958/690 2699/5023/690
f 2663/4950/1041 2698/5021/1041 2695/5016/1041
f 2639/4915/1042 2665/4954/1042 2700/5025/1042
f 2636/4909/1043 2696/5018/1043 2698/5022/1043
f 2665/4955/686 2670/4963/686 2695/5016/686
f 2639/4916/1044 2697/5020/1044 2699/5023/1044
f 2692/5012/691 2706/5034/691 2701/5026/691
f 2706/5035/684 2705/5032/684 2679/4981/684
f 2693/5014/691 2701/5026/691 2702/5027/691
f 2702/5028/669 2703/5029/669 2675/4975/669
f 2703/5030/694 2704/5031/694 2676/4976/694
f 2676/4976/694 2704/5031/694 2705/5033/694
f 2635/4905/1045 2711/5046/1045 2708/5039/1045
f 2638/4912/1046 2664/4951/1046 2710/5044/1046
f 2664/4952/699 2669/4961/699 2712/5048/699
f 2638/4913/1047 2707/5037/1047 2709/5041/1047
f 2662/4947/1048 2708/5040/1048 2712/5048/1048
f 2635/4906/698 2668/4960/698 2709/5041/698
f 2778/5187/471 2777/5185/471 2908/5452/471
f 2777/5185/472 2779/5189/472 2911/5455/472
f 2779/5189/473 2780/5191/473 2914/5458/473
f 2780/5191/474 2781/5193/474 2917/5463/474
f 2781/5194/475 2782/5196/475 2920/5469/475
f 2782/5196/476 2783/5198/476 2923/5472/476
f 2783/5198/477 2784/5200/477 2926/5475/477
f 2784/5200/478 2785/5202/478 2929/5478/478
f 2785/5202/479 2786/5204/479 2932/5481/479
f 2786/5204/480 2787/5206/480 2935/5484/480
f 2787/5206/481 2788/5208/481 2938/5488/481
f 2788/5209/482 2789/5211/482 2941/5494/482
f 2789/5211/483 2790/5213/483 2944/5498/483
f 2790/5213/484 2791/5215/484 2947/5501/484
f 2791/5215/485 2792/5217/485 2950/5504/485
f 2950/5504/486 2792/5217/486 2793/5219/486
f 2953/5507/487 2793/5219/487 2794/5221/487
f 2956/5510/488 2794/5221/488 2795/5223/488
f 2959/5513/489 2795/5223/489 2796/5225/489
f 2962/5517/490 2796/5226/490 2797/5228/490
f 2965/5524/491 2797/5228/491 2798/5230/491
f 2968/5528/492 2798/5230/492 2799/5232/492
f 2799/5232/1021 2800/5234/1021 2974/5535/1021
f 3007/5590/494 2974/5535/494 2800/5234/494
f 2800/5234/494 2801/5236/494 2977/5542/494
f 2977/5542/1022 2801/5236/1022 2802/5238/1022
f 2980/5549/496 2802/5238/496 2803/5240/496
f 2983/5552/497 2803/5240/497 2804/5242/497
f 2986/5556/498 2804/5242/498 2805/5244/498
f 2989/5560/499 2805/5245/499 2806/5247/499
f 2806/5247/500 2807/5249/500 2995/5571/500
f 2766/5162/501 2764/5158/501 2834/5306/501
f 2995/5571/502 2807/5249/502 2808/5251/502
f 2808/5251/503 2778/5187/503 2907/5451/503
f 2775/5181/34 2713/5049/34 2715/5053/34
f 2715/5053/34 2717/5057/34 2719/5061/34
f 2719/5061/34 2721/5067/34 2723/5071/34
f 2723/5071/34 2725/5075/34 2727/5079/34
f 2727/5079/34 2729/5083/34 2731/5087/34
f 2731/5087/34 2733/5091/34 2735/5095/34
f 2735/5095/34 2737/5100/34 2739/5105/34
f 2739/5105/34 2741/5109/34 2743/5113/34
f 2743/5113/34 2745/5117/34 2747/5121/34
f 2747/5121/34 2749/5125/34 2751/5129/34
f 2751/5129/34 2753/5134/34 2755/5139/34
f 2755/5139/34 2757/5143/34 2759/5147/34
f 2759/5147/34 2761/5151/34 2763/5155/34
f 2763/5155/34 2765/5159/34 2767/5163/34
f 2767/5163/34 2769/5169/34 2771/5173/34
f 2771/5173/34 2773/5177/34 2775/5181/34
f 2775/5181/34 2715/5053/34 2719/5061/34
f 2719/5061/34 2723/5071/34 2727/5079/34
f 2727/5079/34 2731/5087/34 2735/5095/34
f 2735/5095/34 2739/5105/34 2743/5113/34
f 2743/5113/34 2747/5121/34 2751/5129/34
f 2751/5129/34 2755/5139/34 2759/5147/34
f 2759/5147/34 2763/5155/34 2767/5163/34
f 2767/5163/34 2771/5173/34 2775/5181/34
f 2775/5181/34 2719/5061/34 2727/5079/34
f 2727/5079/34 2735/5095/34 2743/5113/34
f 2743/5113/34 2751/5129/34 2759/5147/34
f 2759/5147/34 2767/5163/34 2775/5181/34
f 2775/5181/34 2727/5079/34 2743/5113/34
f 2714/5051/35 2716/5055/35 2777/5186/35
f 2718/5059/35 2779/5190/35 2777/5186/35
f 2718/5059/35 2720/5064/35 2780/5192/35
f 2720/5064/35 2722/5069/35 2781/5195/35
f 2722/5069/35 2724/5073/35 2782/5197/35
f 2726/5077/35 2783/5199/35 2782/5197/35
f 2726/5077/35 2728/5081/35 2784/5201/35
f 2730/5085/35 2785/5203/35 2784/5201/35
f 2730/5085/35 2732/5089/35 2786/5205/35
f 2734/5093/35 2787/5207/35 2786/5205/35
f 2734/5093/35 2736/5097/35 2788/5210/35
f 2736/5097/35 2738/5103/35 2789/5212/35
f 2740/5107/35 2790/5214/35 2789/5212/35
f 2740/5107/35 2742/5111/35 2791/5216/35
f 2744/5115/35 2792/5218/35 2791/5216/35
f 2744/5115/35 2746/5119/35 2793/5220/35
f 2746/5119/35 2748/5123/35 2794/5222/35
f 2750/5127/35 2795/5224/35 2794/5222/35
f 2752/5131/35 2796/5227/35 2795/5224/35
f 2752/5131/35 2754/5136/35 2797/5229/35
f 2756/5141/35 2798/5231/35 2797/5229/35
f 2758/5145/35 2799/5233/35 2798/5231/35
f 2760/5149/35 2800/5235/35 2799/5233/35
f 2762/5153/35 2801/5237/35 2800/5235/35
f 2764/5157/35 2802/5239/35 2801/5237/35
f 2764/5157/35 2766/5161/35 2803/5241/35
f 2768/5166/35 2804/5243/35 2803/5241/35
f 2770/5171/35 2805/5246/35 2804/5243/35
f 2772/5175/35 2806/5248/35 2805/5246/35
f 2774/5179/35 2807/5250/35 2806/5248/35
f 2776/5183/35 2808/5252/35 2807/5250/35
f 2714/5051/35 2778/5188/35 2808/5252/35
f 2811/5257/35 2809/5253/35 2810/5255/35
f 2810/5255/35 2840/5319/35 2839/5317/35
f 2839/5317/35 2838/5315/35 2837/5313/35
f 2837/5313/35 2836/5311/35 2835/5308/35
f 2835/5308/35 2834/5307/35 2833/5304/35
f 2833/5304/35 2832/5302/35 2831/5300/35
f 2831/5300/35 2830/5298/35 2829/5296/35
f 2829/5296/35 2828/5293/35 2827/5291/35
f 2827/5291/35 2826/5289/35 2825/5287/35
f 2825/5287/35 2824/5285/35 2823/5283/35
f 2823/5283/35 2822/5281/35 2821/5278/35
f 2821/5278/35 2820/5276/35 2819/5274/35
f 2819/5274/35 2818/5272/35 2817/5270/35
f 2817/5270/35 2816/5268/35 2815/5266/35
f 2815/5266/35 2814/5264/35 2813/5262/35
f 2813/5262/35 2812/5260/35 2811/5257/35
f 2811/5257/35 2810/5255/35 2839/5317/35
f 2839/5317/35 2837/5313/35 2835/5308/35
f 2835/5308/35 2833/5304/35 2831/5300/35
f 2831/5300/35 2829/5296/35 2827/5291/35
f 2827/5291/35 2825/5287/35 2823/5283/35
f 2823/5283/35 2821/5278/35 2819/5274/35
f 2819/5274/35 2817/5270/35 2815/5266/35
f 2815/5266/35 2813/5262/35 2811/5257/35
f 2811/5257/35 2839/5317/35 2835/5308/35
f 2835/5308/35 2831/5300/35 2827/5291/35
f 2827/5291/35 2823/5283/35 2819/5274/35
f 2819/5274/35 2815/5266/35 2811/5257/35
f 2811/5257/35 2835/5308/35 2827/5291/35
f 2738/5104/504 2821/5279/504 2822/5282/504
f 2768/5167/505 2766/5162/505 2835/5309/505
f 2740/5108/506 2822/5282/506 2823/5284/506
f 2714/5052/507 2810/5256/507 2809/5254/507
f 2770/5172/508 2768/5168/508 2836/5312/508
f 2742/5112/509 2823/5284/509 2824/5286/509
f 2716/5056/510 2809/5254/510 2811/5258/510
f 2772/5176/511 2770/5172/511 2837/5314/511
f 2744/5116/512 2824/5286/512 2825/5288/512
f 2720/5065/513 2718/5060/513 2811/5258/513
f 2774/5180/514 2772/5176/514 2838/5316/514
f 2746/5120/515 2825/5288/515 2826/5290/515
f 2720/5066/516 2812/5261/516 2813/5263/516
f 2776/5184/517 2774/5180/517 2839/5318/517
f 2748/5124/518 2826/5290/518 2827/5292/518
f 2722/5070/519 2813/5263/519 2814/5265/519
f 2776/5184/520 2840/5320/520 2810/5256/520
f 2750/5128/521 2827/5292/521 2828/5294/521
f 2724/5074/522 2814/5265/522 2815/5267/522
f 2754/5137/523 2752/5132/523 2828/5294/523
f 2726/5078/524 2815/5267/524 2816/5269/524
f 2756/5142/525 2754/5138/525 2829/5297/525
f 2728/5082/526 2816/5269/526 2817/5271/526
f 2758/5146/527 2756/5142/527 2830/5299/527
f 2730/5086/528 2817/5271/528 2818/5273/528
f 2758/5146/529 2831/5301/529 2832/5303/529
f 2732/5090/530 2818/5273/530 2819/5275/530
f 2762/5154/531 2760/5150/531 2832/5303/531
f 2736/5098/532 2734/5094/532 2819/5275/532
f 2764/5158/533 2762/5154/533 2833/5305/533
f 2736/5098/534 2820/5277/534 2821/5280/534
f 2874/5383/34 2873/5381/34 2841/5321/34
f 2874/5383/34 2842/5323/34 2843/5325/34
f 2875/5385/34 2843/5325/34 2844/5327/34
f 2877/5390/34 2876/5388/34 2844/5327/34
f 2878/5392/34 2877/5390/34 2845/5330/34
f 2878/5392/34 2846/5331/34 2847/5333/34
f 2880/5396/34 2879/5394/34 2847/5333/34
f 2880/5396/34 2848/5335/34 2849/5337/34
f 2881/5398/34 2849/5337/34 2850/5339/34
f 2882/5400/34 2850/5339/34 2851/5341/34
f 2884/5404/34 2883/5402/34 2851/5341/34
f 2884/5404/34 2852/5343/34 2853/5346/34
f 2886/5409/34 2885/5406/34 2853/5346/34
f 2886/5409/34 2854/5347/34 2855/5349/34
f 2887/5411/34 2855/5349/34 2856/5351/34
f 2888/5413/34 2856/5351/34 2857/5353/34
f 2890/5417/34 2889/5415/34 2857/5353/34
f 2891/5419/34 2890/5417/34 2858/5355/34
f 2891/5419/34 2859/5358/34 2860/5359/34
f 2892/5421/34 2860/5359/34 2861/5360/34
f 2893/5423/34 2861/5360/34 2862/5361/34
f 2894/5426/34 2862/5361/34 2863/5363/34
f 2895/5428/34 2863/5363/34 2864/5365/34
f 2897/5432/34 2896/5430/34 2864/5365/34
f 2898/5434/34 2897/5432/34 2865/5367/34
f 2899/5436/34 2898/5434/34 2866/5369/34
f 2899/5436/34 2867/5372/34 2868/5373/34
f 2900/5439/34 2868/5373/34 2869/5374/34
f 2902/5443/34 2901/5441/34 2869/5374/34
f 2903/5445/34 2902/5443/34 2870/5375/34
f 2904/5447/34 2903/5445/34 2871/5378/34
f 2904/5447/34 2872/5379/34 2841/5321/34
f 2713/5050/535 2873/5382/535 2874/5384/535
f 2715/5054/536 2874/5384/536 2875/5386/536
f 2719/5062/537 2717/5058/537 2875/5386/537
f 2719/5063/701 2876/5389/701 2877/5391/701
f 2721/5068/539 2877/5391/539 2878/5393/539
f 2723/5072/540 2878/5393/540 2879/5395/540
f 2727/5080/541 2725/5076/541 2879/5395/541
f 2729/5084/542 2727/5080/542 2880/5397/542
f 2729/5084/543 2881/5399/543 2882/5401/543
f 2731/5088/544 2882/5401/544 2883/5403/544
f 2733/5092/545 2883/5403/545 2884/5405/545
f 2735/5096/546 2884/5405/546 2885/5407/546
f 2739/5106/547 2737/5101/547 2885/5408/547
f 2741/5110/548 2739/5106/548 2886/5410/548
f 2741/5110/549 2887/5412/549 2888/5414/549
f 2743/5114/550 2888/5414/550 2889/5416/550
f 2745/5118/551 2889/5416/551 2890/5418/551
f 2747/5122/552 2890/5418/552 2891/5420/552
f 2749/5126/553 2891/5420/553 2892/5422/553
f 2751/5130/554 2892/5422/554 2893/5424/554
f 2755/5140/555 2753/5135/555 2893/5425/555
f 2757/5144/556 2755/5140/556 2894/5427/556
f 2757/5144/557 2895/5429/557 2896/5431/557
f 2761/5152/558 2759/5148/558 2896/5431/558
f 2763/5156/559 2761/5152/559 2897/5433/559
f 2765/5160/560 2763/5156/560 2898/5435/560
f 2767/5164/561 2765/5160/561 2899/5437/561
f 2767/5165/562 2900/5440/562 2901/5442/562
f 2769/5170/563 2901/5442/563 2902/5444/563
f 2773/5178/564 2771/5174/564 2902/5444/564
f 2773/5178/565 2903/5446/565 2904/5448/565
f 2775/5182/566 2904/5448/566 2873/5382/566
f 3000/5576/567 2905/5449/567 2841/5322/567
f 3000/5576/568 2999/5575/568 2906/5450/568
f 2998/5574/569 2907/5451/569 2906/5450/569
f 2997/5573/570 3000/5576/570 2872/5380/570
f 2997/5573/571 2996/5572/571 2999/5575/571
f 2996/5572/572 2995/5571/572 2998/5574/572
f 2870/5376/573 2994/5569/573 2997/5573/573
f 2994/5569/574 2993/5568/574 2996/5572/574
f 2993/5568/575 2992/5567/575 2995/5571/575
f 2869/5374/576 2991/5566/576 2994/5570/576
f 2991/5565/577 2990/5562/577 2993/5568/577
f 2989/5560/578 2992/5567/578 2993/5568/578
f 2868/5373/579 2988/5559/579 2991/5566/579
f 2988/5558/580 2987/5557/580 2990/5563/580
f 2987/5557/581 2986/5556/581 2989/5561/581
f 2867/5372/582 2985/5554/582 2988/5559/582
f 2985/5555/583 2984/5553/583 2987/5557/583
f 2984/5553/584 2983/5552/584 2986/5556/584
f 2866/5370/585 2982/5551/585 2985/5555/585
f 2982/5551/586 2981/5550/586 2984/5553/586
f 2980/5549/587 2983/5552/587 2984/5553/587
f 2865/5368/588 2979/5548/588 2982/5551/588
f 2982/5551/589 2979/5548/589 3004/5584/589
f 3004/5584/589 2978/5545/589 2981/5550/589
f 2981/5550/590 2978/5545/590 3003/5583/590
f 3003/5583/1024 2977/5542/1024 2980/5549/1024
f 2865/5368/591 2864/5366/591 2976/5541/591
f 3005/5587/707 2979/5548/707 2865/5368/707
f 3043/5662/592 3016/5608/592 3018/5611/592
f 2863/5364/593 2973/5534/593 2976/5541/593
f 2976/5541/594 2973/5534/594 2972/5533/594
f 2972/5533/594 2975/5538/594 3002/5580/594
f 2975/5538/595 2972/5533/595 2971/5532/595
f 2971/5532/1026 2974/5535/1026 3001/5578/1026
f 2862/5362/596 2970/5530/596 2973/5534/596
f 2970/5530/597 2969/5529/597 2972/5533/597
f 2968/5528/598 2971/5532/598 2972/5533/598
f 2861/5360/599 2967/5527/599 2970/5531/599
f 2967/5526/600 2966/5525/600 2969/5529/600
f 2966/5525/601 2965/5524/601 2968/5528/601
f 2860/5359/602 2964/5523/602 2967/5527/602
f 2964/5522/603 2963/5519/603 2966/5525/603
f 2963/5519/604 2962/5517/604 2965/5524/604
f 2859/5358/605 2961/5515/605 2964/5523/605
f 2961/5516/606 2960/5514/606 2963/5520/606
f 2960/5514/607 2959/5513/607 2962/5518/607
f 2858/5356/608 2958/5512/608 2961/5516/608
f 2957/5511/609 2960/5514/609 2961/5516/609
f 2957/5511/610 2956/5510/610 2959/5513/610
f 2857/5354/611 2955/5509/611 2958/5512/611
f 2955/5509/612 2954/5508/612 2957/5511/612
f 2954/5508/613 2953/5507/613 2956/5510/613
f 2856/5352/708 2952/5506/708 2955/5509/708
f 2951/5505/615 2954/5508/615 2955/5509/615
f 2950/5504/616 2953/5507/616 2954/5508/616
f 2949/5503/617 2952/5506/617 2856/5352/617
f 2948/5502/618 2951/5505/618 2952/5506/618
f 2947/5501/619 2950/5504/619 2951/5505/619
f 2946/5500/620 2949/5503/620 2855/5350/620
f 2945/5499/621 2948/5502/621 2949/5503/621
f 2945/5499/622 2944/5498/622 2947/5501/622
f 2943/5497/623 2946/5500/623 2854/5348/623
f 2942/5495/624 2945/5499/624 2946/5500/624
f 2941/5494/625 2944/5498/625 2945/5499/625
f 2940/5492/626 2943/5496/626 2853/5346/626
f 2939/5489/627 2942/5495/627 2943/5497/627
f 2938/5487/628 2941/5494/628 2942/5495/628
f 2937/5486/629 2940/5493/629 2852/5344/629
f 2936/5485/630 2939/5490/630 2940/5493/630
f 2935/5484/703 2938/5488/703 2939/5490/703
f 2934/5483/632 2937/5486/632 2851/5342/632
f 2933/5482/633 2936/5485/633 2937/5486/633
f 2932/5481/634 2935/5484/634 2936/5485/634
f 2931/5480/635 2934/5483/635 2850/5340/635
f 2930/5479/636 2933/5482/636 2934/5483/636
f 2929/5478/637 2932/5481/637 2933/5482/637
f 2928/5477/704 2931/5480/704 2849/5338/704
f 2927/5476/639 2930/5479/639 2931/5480/639
f 2926/5475/640 2929/5478/640 2930/5479/640
f 2925/5474/641 2928/5477/641 2848/5336/641
f 2924/5473/642 2927/5476/642 2928/5477/642
f 2923/5472/643 2926/5475/643 2927/5476/643
f 2922/5471/644 2925/5474/644 2847/5334/644
f 2921/5470/645 2924/5473/645 2925/5474/645
f 2920/5469/646 2923/5472/646 2924/5473/646
f 2919/5466/647 2922/5471/647 2846/5332/647
f 2918/5464/648 2921/5470/648 2922/5471/648
f 2917/5462/649 2920/5469/649 2921/5470/649
f 2916/5460/650 2919/5467/650 2845/5330/650
f 2915/5459/651 2918/5465/651 2919/5468/651
f 2914/5458/652 2917/5463/652 2918/5465/652
f 2913/5457/653 2916/5461/653 2844/5328/653
f 2912/5456/654 2915/5459/654 2916/5461/654
f 2911/5455/655 2914/5458/655 2915/5459/655
f 2910/5454/656 2913/5457/656 2843/5326/656
f 2909/5453/657 2912/5456/657 2913/5457/657
f 2908/5452/658 2911/5455/658 2912/5456/658
f 2905/5449/659 2910/5454/659 2842/5324/659
f 2906/5450/660 2909/5453/660 2910/5454/660
f 2906/5450/661 2907/5451/661 2908/5452/661
f 3008/5592/662 3003/5583/662 2978/5545/662
f 2975/5538/662 3001/5578/662 3008/5592/662
f 3022/5622/663 3019/5613/663 3021/5620/663
f 3031/5642/1027 3030/5640/1027 3012/5601/1027
f 3028/5636/1028 3014/5606/1028 3011/5598/1028
f 3002/5580/1050 3009/5593/1050 3004/5584/1050
f 3004/5584/666 2979/5548/666 3005/5587/666
f 3005/5587/666 2976/5541/666 3002/5580/666
f 3014/5605/667 3015/5607/667 3010/5595/667
f 3012/5602/667 3010/5595/667 3015/5607/667
f 3042/5661/592 3017/5610/592 3016/5608/592
f 3033/5646/668 3029/5637/668 3011/5599/668
f 3041/5659/1029 3027/5631/1029 3017/5609/1029
f 3030/5639/668 3033/5646/668 3010/5596/668
f 3021/5619/670 3016/5608/670 3017/5610/670
f 3019/5614/670 3018/5611/670 3016/5608/670
f 3027/5631/1030 3026/5630/1030 3020/5617/1030
f 3025/5627/1031 3018/5612/1031 3019/5615/1031
f 3023/5623/663 3021/5620/663 3020/5618/663
f 3024/5624/673 3027/5632/673 3041/5658/673
f 3038/5654/1032 3036/5651/1032 3027/5633/1032
f 3034/5647/1033 3023/5623/1033 3026/5629/1033
f 3035/5649/1034 3025/5627/1034 3022/5621/1034
f 3036/5650/1035 3039/5656/1035 3026/5630/1035
f 3037/5652/1036 3022/5622/1036 3023/5623/1036
f 3035/5648/1037 3038/5654/1037 3024/5625/1037
f 3050/5676/680 3048/5672/680 3033/5646/680
f 3047/5669/681 3031/5641/681 3032/5644/681
f 3048/5672/680 3046/5668/680 3029/5637/680
f 3051/5678/681 3032/5644/681 3028/5635/681
f 3049/5675/1038 3028/5636/1038 3029/5638/1038
f 3047/5670/1039 3050/5677/1039 3030/5640/1039
f 3045/5666/1040 3031/5642/1040 3013/5604/1040
f 3040/5657/673 3045/5665/673 3025/5628/673
f 2975/5539/690 3006/5589/690 3038/5654/690
f 3002/5581/1041 3037/5652/1041 3034/5647/1041
f 2978/5546/1042 3004/5585/1042 3039/5656/1042
f 2975/5540/1043 3035/5649/1043 3037/5653/1043
f 3004/5586/686 3009/5594/686 3034/5647/686
f 2978/5547/1044 3036/5651/1044 3038/5654/1044
f 3031/5643/691 3045/5665/691 3040/5657/691
f 3045/5666/684 3044/5663/684 3018/5612/684
f 3032/5645/691 3040/5657/691 3041/5658/691
f 3041/5659/669 3042/5660/669 3014/5606/669
f 3042/5661/694 3043/5662/694 3015/5607/694
f 3015/5607/694 3043/5662/694 3044/5664/694
f 2974/5536/1045 3050/5677/1045 3047/5670/1045
f 2977/5543/1046 3003/5582/1046 3049/5675/1046
f 3003/5583/699 3008/5592/699 3051/5679/699
f 2977/5544/1047 3046/5668/1047 3048/5672/1047
f 3001/5578/1048 3047/5671/1048 3051/5679/1048
f 2974/5537/698 3007/5591/698 3048/5672/698
f 3117/5818/471 3116/5816/471 3247/6083/471
f 3116/5816/472 3118/5820/472 3250/6086/472
f 3118/5820/473 3119/5822/473 3253/6089/473
f 3119/5822/474 3120/5824/474 3256/6094/474
f 3120/5825/475 3121/5827/475 3259/6100/475
f 3121/5827/476 3122/5829/476 3262/6103/476
f 3122/5829/477 3123/5831/477 3265/6106/477
f 3123/5831/478 3124/5833/478 3268/6109/478
f 3124/5833/479 3125/5835/479 3271/6112/479
f 3125/5835/480 3126/5837/480 3274/6115/480
f 3126/5837/481 3127/5839/481 3277/6119/481
f 3127/5840/482 3128/5842/482 3280/6125/482
f 3128/5842/483 3129/5844/483 3283/6129/483
f 3129/5844/484 3130/5846/484 3286/6132/484
f 3130/5846/485 3131/5848/485 3289/6135/485
f 3131/5848/486 3132/5850/486 3292/6138/486
f 3292/6138/487 3132/5850/487 3133/5852/487
f 3295/6141/488 3133/5852/488 3134/5854/488
f 3298/6144/489 3134/5854/489 3135/5856/489
f 3301/6148/490 3135/5857/490 3136/5859/490
f 3304/6155/491 3136/5859/491 3137/5861/491
f 3307/6159/492 3137/5861/492 3138/5863/492
f 3138/5863/1051 3139/5865/1051 3313/6166/1051
f 3346/6221/494 3313/6166/494 3139/5865/494
f 3139/5865/494 3140/5867/494 3316/6173/494
f 3316/6173/1022 3140/5867/1022 3141/5869/1022
f 3319/6180/496 3141/5869/496 3142/5871/496
f 3322/6183/497 3142/5871/497 3143/5873/497
f 3325/6187/498 3143/5873/498 3144/5875/498
f 3328/6191/499 3144/5876/499 3145/5878/499
f 3331/6198/500 3145/5878/500 3146/5880/500
f 3105/5793/501 3103/5789/501 3173/5937/501
f 3146/5880/502 3147/5882/502 3337/6205/502
f 3147/5882/503 3117/5818/503 3246/6082/503
f 3114/5812/34 3052/5680/34 3054/5684/34
f 3054/5684/34 3056/5688/34 3058/5693/34
f 3058/5693/34 3060/5698/34 3062/5702/34
f 3062/5702/34 3064/5706/34 3066/5710/34
f 3066/5710/34 3068/5714/34 3070/5718/34
f 3070/5718/34 3072/5722/34 3074/5726/34
f 3074/5726/34 3076/5731/34 3078/5736/34
f 3078/5736/34 3080/5740/34 3082/5744/34
f 3082/5744/34 3084/5748/34 3086/5752/34
f 3086/5752/34 3088/5756/34 3090/5760/34
f 3090/5760/34 3092/5765/34 3094/5770/34
f 3094/5770/34 3096/5774/34 3098/5778/34
f 3098/5778/984 3100/5782/984 3102/5786/984
f 3102/5786/984 3104/5790/984 3106/5794/984
f 3106/5794/34 3108/5800/34 3110/5804/34
f 3110/5804/34 3112/5808/34 3114/5812/34
f 3114/5812/34 3054/5684/34 3058/5693/34
f 3058/5693/34 3062/5702/34 3066/5710/34
f 3066/5710/34 3070/5718/34 3074/5726/34
f 3074/5726/34 3078/5736/34 3082/5744/34
f 3082/5744/34 3086/5752/34 3090/5760/34
f 3090/5760/34 3094/5770/34 3098/5778/34
f 3098/5778/34 3102/5786/34 3106/5794/34
f 3106/5794/34 3110/5804/34 3114/5812/34
f 3114/5812/34 3058/5693/34 3066/5710/34
f 3066/5710/34 3074/5726/34 3082/5744/34
f 3082/5744/34 3090/5760/34 3098/5778/34
f 3098/5778/34 3106/5794/34 3114/5812/34
f 3114/5812/34 3066/5710/34 3082/5744/34
f 3053/5682/35 3055/5686/35 3116/5817/35
f 3055/5686/35 3057/5690/35 3118/5821/35
f 3057/5690/35 3059/5696/35 3119/5823/35
f 3061/5700/35 3120/5826/35 3119/5823/35
f 3063/5704/35 3121/5828/35 3120/5826/35
f 3065/5708/35 3122/5830/35 3121/5828/35
f 3065/5708/35 3067/5712/35 3123/5832/35
f 3067/5712/35 3069/5716/35 3124/5834/35
f 3069/5716/35 3071/5720/35 3125/5836/35
f 3073/5724/35 3126/5838/35 3125/5836/35
f 3075/5728/35 3127/5841/35 3126/5838/35
f 3077/5734/35 3128/5843/35 3127/5841/35
f 3077/5734/35 3079/5738/35 3129/5845/35
f 3081/5742/35 3130/5847/35 3129/5845/35
f 3083/5746/35 3131/5849/35 3130/5847/35
f 3085/5750/35 3132/5851/35 3131/5849/35
f 3085/5750/35 3087/5754/35 3133/5853/35
f 3087/5754/35 3089/5758/35 3134/5855/35
f 3089/5758/35 3091/5762/35 3135/5858/35
f 3091/5762/35 3093/5767/35 3136/5860/35
f 3095/5772/35 3137/5862/35 3136/5860/35
f 3095/5772/35 3097/5776/35 3138/5864/35
f 3099/5780/35 3139/5866/35 3138/5864/35
f 3101/5784/35 3140/5868/35 3139/5866/35
f 3103/5788/35 3141/5870/35 3140/5868/35
f 3103/5788/35 3105/5792/35 3142/5872/35
f 3107/5797/35 3143/5874/35 3142/5872/35
f 3109/5802/35 3144/5877/35 3143/5874/35
f 3111/5806/35 3145/5879/35 3144/5877/35
f 3113/5810/35 3146/5881/35 3145/5879/35
f 3115/5814/35 3147/5883/35 3146/5881/35
f 3053/5682/35 3117/5819/35 3147/5883/35
f 3150/5888/35 3148/5884/35 3149/5886/35
f 3149/5886/35 3179/5950/35 3178/5948/35
f 3178/5948/35 3177/5946/35 3176/5944/35
f 3176/5944/35 3175/5942/35 3174/5939/35
f 3174/5939/35 3173/5938/35 3172/5935/35
f 3172/5935/35 3171/5933/35 3170/5931/35
f 3170/5931/35 3169/5929/35 3168/5927/35
f 3168/5927/35 3167/5924/35 3166/5922/35
f 3166/5922/35 3165/5920/35 3164/5918/35
f 3164/5918/35 3163/5916/35 3162/5914/35
f 3162/5914/35 3161/5912/35 3160/5909/35
f 3160/5909/35 3159/5907/35 3158/5905/35
f 3158/5905/35 3157/5903/35 3156/5901/35
f 3156/5901/35 3155/5899/35 3154/5897/35
f 3154/5897/35 3153/5895/35 3152/5893/35
f 3152/5893/35 3151/5890/35 3150/5888/35
f 3150/5888/35 3149/5886/35 3178/5948/35
f 3178/5948/35 3176/5944/35 3174/5939/35
f 3174/5939/35 3172/5935/35 3170/5931/35
f 3170/5931/35 3168/5927/35 3166/5922/35
f 3166/5922/35 3164/5918/35 3162/5914/35
f 3162/5914/35 3160/5909/35 3158/5905/35
f 3158/5905/35 3156/5901/35 3154/5897/35
f 3154/5897/35 3152/5893/35 3150/5888/35
f 3150/5888/35 3178/5948/35 3174/5939/35
f 3174/5939/35 3170/5931/35 3166/5922/35
f 3166/5922/35 3162/5914/35 3158/5905/35
f 3158/5905/35 3154/5897/35 3150/5888/35
f 3150/5888/35 3174/5939/35 3166/5922/35
f 3077/5735/504 3160/5910/504 3161/5913/504
f 3107/5798/505 3105/5793/505 3174/5940/505
f 3079/5739/506 3161/5913/506 3162/5915/506
f 3053/5683/507 3149/5887/507 3148/5885/507
f 3109/5803/508 3107/5799/508 3175/5943/508
f 3081/5743/509 3162/5915/509 3163/5917/509
f 3055/5687/510 3148/5885/510 3150/5889/510
f 3111/5807/511 3109/5803/511 3176/5945/511
f 3083/5747/512 3163/5917/512 3164/5919/512
f 3057/5691/513 3150/5889/513 3151/5891/513
f 3113/5811/514 3111/5807/514 3177/5947/514
f 3085/5751/515 3164/5919/515 3165/5921/515
f 3059/5697/516 3151/5892/516 3152/5894/516
f 3115/5815/517 3113/5811/517 3178/5949/517
f 3087/5755/518 3165/5921/518 3166/5923/518
f 3061/5701/519 3152/5894/519 3153/5896/519
f 3115/5815/520 3179/5951/520 3149/5887/520
f 3091/5763/521 3089/5759/521 3166/5923/521
f 3063/5705/522 3153/5896/522 3154/5898/522
f 3093/5768/523 3091/5763/523 3167/5925/523
f 3065/5709/524 3154/5898/524 3155/5900/524
f 3095/5773/525 3093/5769/525 3168/5928/525
f 3067/5713/526 3155/5900/526 3156/5902/526
f 3095/5773/527 3169/5930/527 3170/5932/527
f 3069/5717/528 3156/5902/528 3157/5904/528
f 3099/5781/529 3097/5777/529 3170/5932/529
f 3071/5721/530 3157/5904/530 3158/5906/530
f 3101/5785/531 3099/5781/531 3171/5934/531
f 3073/5725/706 3158/5906/706 3159/5908/706
f 3103/5789/533 3101/5785/533 3172/5936/533
f 3075/5729/534 3159/5908/534 3160/5911/534
f 3212/6012/34 3180/5953/34 3181/5954/34
f 3214/6016/34 3213/6014/34 3181/5954/34
f 3215/6018/34 3214/6016/34 3182/5956/34
f 3215/6018/34 3183/5958/34 3184/5961/34
f 3216/6021/34 3184/5961/34 3185/5962/34
f 3217/6023/34 3185/5962/34 3186/5964/34
f 3218/6025/34 3186/5964/34 3187/5966/34
f 3220/6029/34 3219/6027/34 3187/5966/34
f 3220/6029/34 3188/5968/34 3189/5970/34
f 3222/6033/34 3221/6031/34 3189/5970/34
f 3222/6033/34 3190/5972/34 3191/5974/34
f 3223/6035/34 3191/5974/34 3192/5977/34
f 3225/6040/34 3224/6037/34 3192/5977/34
f 3225/6040/34 3193/5978/34 3194/5980/34
f 3227/6044/34 3226/6042/34 3194/5980/34
f 3227/6044/34 3195/5982/34 3196/5984/34
f 3228/6046/34 3196/5984/34 3197/5986/34
f 3229/6048/34 3197/5986/34 3198/5989/34
f 3230/6050/34 3198/5989/34 3199/5990/34
f 3231/6052/34 3199/5990/34 3200/5991/34
f 3232/6054/34 3200/5991/34 3201/5992/34
f 3233/6057/34 3201/5992/34 3202/5994/34
f 3234/6059/34 3202/5994/34 3203/5996/34
f 3235/6061/34 3203/5996/34 3204/5998/34
f 3236/6063/34 3204/5998/34 3205/6000/34
f 3238/6067/34 3237/6065/34 3205/6000/34
f 3238/6067/34 3206/6003/34 3207/6004/34
f 3239/6070/34 3207/6004/34 3208/6005/34
f 3241/6074/34 3240/6072/34 3208/6005/34
f 3241/6074/34 3209/6007/34 3210/6008/34
f 3243/6078/34 3242/6076/34 3210/6008/34
f 3243/6078/34 3211/6010/34 3180/5953/34
f 3052/5681/535 3212/6013/535 3213/6015/535
f 3054/5685/536 3213/6015/536 3214/6017/536
f 3056/5689/537 3214/6017/537 3215/6019/537
f 3058/5694/701 3215/6020/701 3216/6022/701
f 3060/5699/539 3216/6022/539 3217/6024/539
f 3062/5703/540 3217/6024/540 3218/6026/540
f 3064/5707/541 3218/6026/541 3219/6028/541
f 3066/5711/542 3219/6028/542 3220/6030/542
f 3070/5719/543 3068/5715/543 3220/6030/543
f 3070/5719/544 3221/6032/544 3222/6034/544
f 3072/5723/545 3222/6034/545 3223/6036/545
f 3074/5727/546 3223/6036/546 3224/6038/546
f 3078/5737/547 3076/5732/547 3224/6039/547
f 3078/5737/548 3225/6041/548 3226/6043/548
f 3080/5741/549 3226/6043/549 3227/6045/549
f 3082/5745/550 3227/6045/550 3228/6047/550
f 3086/5753/551 3084/5749/551 3228/6047/551
f 3086/5753/552 3229/6049/552 3230/6051/552
f 3088/5757/553 3230/6051/553 3231/6053/553
f 3090/5761/554 3231/6053/554 3232/6055/554
f 3094/5771/555 3092/5766/555 3232/6056/555
f 3096/5775/556 3094/5771/556 3233/6058/556
f 3098/5779/557 3096/5775/557 3234/6060/557
f 3100/5783/558 3098/5779/558 3235/6062/558
f 3100/5783/559 3236/6064/559 3237/6066/559
f 3104/5791/560 3102/5787/560 3237/6066/560
f 3106/5795/561 3104/5791/561 3238/6068/561
f 3106/5796/562 3239/6071/562 3240/6073/562
f 3110/5805/563 3108/5801/563 3240/6073/563
f 3112/5809/564 3110/5805/564 3241/6075/564
f 3112/5809/565 3242/6077/565 3243/6079/565
f 3114/5813/566 3243/6079/566 3212/6013/566
f 3211/6011/567 3339/6207/567 3244/6080/567
f 3339/6207/568 3338/6206/568 3245/6081/568
f 3337/6205/569 3246/6082/569 3245/6081/569
f 3210/6009/570 3336/6204/570 3339/6207/570
f 3336/6204/571 3335/6203/571 3338/6206/571
f 3335/6203/572 3334/6202/572 3337/6205/572
f 3333/6201/573 3336/6204/573 3210/6009/573
f 3333/6201/574 3332/6199/574 3335/6203/574
f 3331/6198/575 3334/6202/575 3335/6203/575
f 3330/6196/576 3333/6200/576 3209/6007/576
f 3329/6193/577 3332/6199/577 3333/6201/577
f 3328/6191/578 3331/6198/578 3332/6199/578
f 3207/6004/579 3327/6190/579 3330/6196/579
f 3326/6188/580 3329/6194/580 3330/6197/580
f 3325/6187/581 3328/6192/581 3329/6194/581
f 3206/6003/582 3324/6185/582 3327/6190/582
f 3324/6186/583 3323/6184/583 3326/6188/583
f 3323/6184/584 3322/6183/584 3325/6187/584
f 3205/6001/585 3321/6182/585 3324/6186/585
f 3321/6182/586 3320/6181/586 3323/6184/586
f 3319/6180/587 3322/6183/587 3323/6184/587
f 3204/5999/588 3318/6179/588 3321/6182/588
f 3321/6182/589 3318/6179/589 3343/6215/589
f 3343/6215/589 3317/6176/589 3320/6181/589
f 3320/6181/590 3317/6176/590 3342/6214/590
f 3342/6214/1024 3316/6173/1024 3319/6180/1024
f 3204/5999/707 3203/5997/707 3315/6172/707
f 3315/6172/34 3344/6218/34 3318/6179/34
f 3382/6293/592 3355/6239/592 3357/6242/592
f 3202/5995/593 3312/6165/593 3315/6172/593
f 3315/6172/594 3312/6165/594 3311/6164/594
f 3311/6164/594 3314/6169/594 3341/6211/594
f 3314/6169/595 3311/6164/595 3310/6163/595
f 3310/6163/1026 3313/6166/1026 3340/6209/1026
f 3201/5993/596 3309/6161/596 3312/6165/596
f 3309/6161/597 3308/6160/597 3311/6164/597
f 3308/6160/598 3307/6159/598 3310/6163/598
f 3200/5991/599 3306/6158/599 3309/6162/599
f 3306/6157/600 3305/6156/600 3308/6160/600
f 3305/6156/601 3304/6155/601 3307/6159/601
f 3199/5990/602 3303/6153/602 3306/6158/602
f 3303/6152/603 3302/6150/603 3305/6156/603
f 3301/6148/604 3304/6155/604 3305/6156/604
f 3198/5989/605 3300/6146/605 3303/6153/605
f 3299/6145/606 3302/6151/606 3303/6154/606
f 3298/6144/607 3301/6149/607 3302/6151/607
f 3197/5987/608 3297/6143/608 3300/6147/608
f 3296/6142/609 3299/6145/609 3300/6147/609
f 3295/6141/610 3298/6144/610 3299/6145/610
f 3196/5985/611 3294/6140/611 3297/6143/611
f 3293/6139/612 3296/6142/612 3297/6143/612
f 3293/6139/613 3292/6138/613 3295/6141/613
f 3291/6137/708 3294/6140/708 3196/5985/708
f 3290/6136/615 3293/6139/615 3294/6140/615
f 3289/6135/616 3292/6138/616 3293/6139/616
f 3288/6134/617 3291/6137/617 3195/5983/617
f 3287/6133/618 3290/6136/618 3291/6137/618
f 3286/6132/619 3289/6135/619 3290/6136/619
f 3285/6131/620 3288/6134/620 3194/5981/620
f 3284/6130/621 3287/6133/621 3288/6134/621
f 3283/6129/622 3286/6132/622 3287/6133/622
f 3282/6127/623 3285/6131/623 3193/5979/623
f 3282/6127/624 3281/6126/624 3284/6130/624
f 3280/6125/625 3283/6129/625 3284/6130/625
f 3279/6122/626 3282/6128/626 3192/5977/626
f 3279/6123/627 3278/6120/627 3281/6126/627
f 3278/6120/628 3277/6118/628 3280/6125/628
f 3276/6117/629 3279/6124/629 3191/5975/629
f 3275/6116/630 3278/6121/630 3279/6124/630
f 3274/6115/703 3277/6119/703 3278/6121/703
f 3273/6114/632 3276/6117/632 3190/5973/632
f 3272/6113/633 3275/6116/633 3276/6117/633
f 3271/6112/634 3274/6115/634 3275/6116/634
f 3270/6111/635 3273/6114/635 3189/5971/635
f 3269/6110/636 3272/6113/636 3273/6114/636
f 3268/6109/637 3271/6112/637 3272/6113/637
f 3267/6108/704 3270/6111/704 3188/5969/704
f 3266/6107/639 3269/6110/639 3270/6111/639
f 3265/6106/640 3268/6109/640 3269/6110/640
f 3264/6105/641 3267/6108/641 3187/5967/641
f 3263/6104/642 3266/6107/642 3267/6108/642
f 3262/6103/643 3265/6106/643 3266/6107/643
f 3261/6102/644 3264/6105/644 3186/5965/644
f 3260/6101/645 3263/6104/645 3264/6105/645
f 3259/6100/646 3262/6103/646 3263/6104/646
f 3258/6097/647 3261/6102/647 3185/5963/647
f 3257/6095/648 3260/6101/648 3261/6102/648
f 3256/6093/649 3259/6100/649 3260/6101/649
f 3255/6091/650 3258/6098/650 3184/5961/650
f 3254/6090/651 3257/6096/651 3258/6099/651
f 3253/6089/652 3256/6094/652 3257/6096/652
f 3252/6088/653 3255/6092/653 3183/5959/653
f 3252/6088/654 3251/6087/654 3254/6090/654
f 3250/6086/655 3253/6089/655 3254/6090/655
f 3249/6085/656 3252/6088/656 3182/5957/656
f 3248/6084/657 3251/6087/657 3252/6088/657
f 3247/6083/658 3250/6086/658 3251/6087/658
f 3244/6080/659 3249/6085/659 3181/5955/659
f 3244/6080/660 3245/6081/660 3248/6084/660
f 3246/6082/661 3247/6083/661 3248/6084/661
f 3347/6223/662 3342/6214/662 3317/6176/662
f 3314/6169/662 3340/6209/662 3347/6223/662
f 3361/6253/663 3358/6244/663 3360/6251/663
f 3370/6273/1027 3369/6271/1027 3351/6232/1027
f 3367/6267/1028 3353/6237/1028 3350/6229/1028
f 3341/6211/1052 3348/6224/1052 3343/6215/1052
f 3343/6215/666 3318/6179/666 3344/6218/666
f 3344/6218/1049 3315/6172/1049 3341/6211/1049
f 3353/6236/667 3354/6238/667 3349/6226/667
f 3351/6233/667 3349/6226/667 3354/6238/667
f 3381/6292/592 3356/6241/592 3355/6239/592
f 3372/6277/668 3368/6268/668 3350/6230/668
f 3380/6290/1029 3366/6262/1029 3356/6240/1029
f 3369/6270/668 3372/6277/668 3349/6227/668
f 3360/6250/670 3355/6239/670 3356/6241/670
f 3358/6245/670 3357/6242/670 3355/6239/670
f 3366/6262/1030 3365/6261/1030 3359/6248/1030
f 3364/6258/1031 3357/6243/1031 3358/6246/1031
f 3362/6254/663 3360/6251/663 3359/6249/663
f 3363/6255/673 3366/6263/673 3380/6289/673
f 3377/6285/1032 3375/6282/1032 3366/6264/1032
f 3373/6278/1033 3362/6254/1033 3365/6260/1033
f 3374/6280/1034 3364/6258/1034 3361/6252/1034
f 3375/6281/1035 3378/6287/1035 3365/6261/1035
f 3376/6283/1036 3361/6253/1036 3362/6254/1036
f 3374/6279/1037 3377/6285/1037 3363/6256/1037
f 3389/6307/680 3387/6303/680 3372/6277/680
f 3386/6300/681 3370/6272/681 3371/6275/681
f 3387/6303/680 3385/6299/680 3368/6268/680
f 3390/6309/681 3371/6275/681 3367/6266/681
f 3388/6306/1038 3367/6267/1038 3368/6269/1038
f 3386/6301/1039 3389/6308/1039 3369/6271/1039
f 3384/6297/1040 3370/6273/1040 3352/6235/1040
f 3379/6288/673 3384/6296/673 3364/6259/673
f 3314/6170/690 3345/6220/690 3377/6285/690
f 3341/6212/1041 3376/6283/1041 3373/6278/1041
f 3317/6177/1042 3343/6216/1042 3378/6287/1042
f 3314/6171/1043 3374/6280/1043 3376/6284/1043
f 3343/6217/686 3348/6225/686 3373/6278/686
f 3317/6178/1044 3375/6282/1044 3377/6285/1044
f 3370/6274/691 3384/6296/691 3379/6288/691
f 3384/6297/684 3383/6294/684 3357/6243/684
f 3371/6276/691 3379/6288/691 3380/6289/691
f 3380/6290/669 3381/6291/669 3353/6237/669
f 3381/6292/694 3382/6293/694 3354/6238/694
f 3354/6238/694 3382/6293/694 3383/6295/694
f 3313/6167/1045 3389/6308/1045 3386/6301/1045
f 3316/6174/1046 3342/6213/1046 3388/6306/1046
f 3342/6214/699 3347/6223/699 3390/6310/699
f 3316/6175/1047 3385/6299/1047 3387/6303/1047
f 3340/6209/1048 3386/6302/1048 3390/6310/1048
f 3313/6168/698 3346/6222/698 3387/6303/698
f 3456/6449/471 3455/6447/471 3586/6714/471
f 3455/6447/472 3457/6451/472 3589/6717/472
f 3457/6451/473 3458/6453/473 3592/6720/473
f 3592/6720/474 3458/6453/474 3459/6455/474
f 3459/6456/475 3460/6458/475 3598/6731/475
f 3460/6458/476 3461/6460/476 3601/6734/476
f 3461/6460/477 3462/6462/477 3604/6737/477
f 3462/6462/478 3463/6464/478 3607/6740/478
f 3463/6464/479 3464/6466/479 3610/6743/479
f 3464/6466/480 3465/6468/480 3613/6746/480
f 3465/6468/481 3466/6470/481 3616/6750/481
f 3616/6749/482 3466/6471/482 3467/6473/482
f 3467/6473/483 3468/6475/483 3622/6760/483
f 3468/6475/484 3469/6477/484 3625/6763/484
f 3469/6477/485 3470/6479/485 3628/6766/485
f 3470/6479/486 3471/6481/486 3631/6769/486
f 3631/6769/487 3471/6481/487 3472/6483/487
f 3634/6772/488 3472/6483/488 3473/6485/488
f 3637/6775/489 3473/6485/489 3474/6487/489
f 3474/6488/490 3475/6490/490 3643/6786/490
f 3643/6786/491 3475/6490/491 3476/6492/491
f 3646/6790/492 3476/6492/492 3477/6494/492
f 3477/6494/1021 3478/6496/1021 3652/6797/1021
f 3685/6852/494 3652/6797/494 3478/6496/494
f 3478/6496/494 3479/6498/494 3655/6804/494
f 3655/6804/1022 3479/6498/1022 3480/6500/1022
f 3658/6811/496 3480/6500/496 3481/6502/496
f 3661/6814/497 3481/6502/497 3482/6504/497
f 3482/6504/498 3483/6506/498 3667/6823/498
f 3667/6822/499 3483/6507/499 3484/6509/499
f 3670/6829/500 3484/6509/500 3485/6511/500
f 3444/6424/501 3442/6420/501 3512/6568/501
f 3485/6511/502 3486/6513/502 3676/6836/502
f 3486/6513/503 3456/6449/503 3585/6713/503
f 3453/6443/34 3391/6311/34 3393/6315/34
f 3393/6315/34 3395/6319/34 3397/6324/34
f 3397/6324/34 3399/6329/34 3401/6333/34
f 3401/6333/34 3403/6337/34 3405/6341/34
f 3405/6341/985 3407/6345/985 3409/6349/985
f 3409/6349/34 3411/6353/34 3413/6357/34
f 3413/6357/984 3415/6361/984 3417/6367/984
f 3417/6367/34 3419/6371/34 3421/6375/34
f 3421/6375/34 3423/6379/34 3425/6383/34
f 3425/6383/34 3427/6387/34 3429/6391/34
f 3429/6391/34 3431/6396/34 3433/6401/34
f 3433/6401/34 3435/6405/34 3437/6409/34
f 3437/6409/34 3439/6413/34 3441/6417/34
f 3441/6417/34 3443/6421/34 3445/6425/34
f 3445/6425/34 3447/6431/34 3449/6435/34
f 3449/6435/34 3451/6439/34 3453/6443/34
f 3453/6443/34 3393/6315/34 3397/6324/34
f 3397/6324/34 3401/6333/34 3405/6341/34
f 3405/6341/34 3409/6349/34 3413/6357/34
f 3413/6357/34 3417/6367/34 3421/6375/34
f 3421/6375/34 3425/6383/34 3429/6391/34
f 3429/6391/34 3433/6401/34 3437/6409/34
f 3437/6409/34 3441/6417/34 3445/6425/34
f 3445/6425/34 3449/6435/34 3453/6443/34
f 3453/6443/34 3397/6324/34 3405/6341/34
f 3405/6341/34 3413/6357/34 3421/6375/34
f 3421/6375/34 3429/6391/34 3437/6409/34
f 3437/6409/34 3445/6425/34 3453/6443/34
f 3453/6443/34 3405/6341/34 3421/6375/34
f 3392/6313/35 3394/6317/35 3455/6448/35
f 3394/6317/35 3396/6321/35 3457/6452/35
f 3396/6321/35 3398/6326/35 3458/6454/35
f 3400/6331/35 3459/6457/35 3458/6454/35
f 3402/6335/35 3460/6459/35 3459/6457/35
f 3404/6339/35 3461/6461/35 3460/6459/35
f 3404/6339/35 3406/6343/35 3462/6463/35
f 3408/6347/35 3463/6465/35 3462/6463/35
f 3408/6347/35 3410/6351/35 3464/6467/35
f 3412/6355/35 3465/6469/35 3464/6467/35
f 3414/6359/35 3466/6472/35 3465/6469/35
f 3414/6359/35 3416/6365/35 3467/6474/35
f 3418/6369/35 3468/6476/35 3467/6474/35
f 3418/6369/35 3420/6373/35 3469/6478/35
f 3422/6377/35 3470/6480/35 3469/6478/35
f 3424/6381/35 3471/6482/35 3470/6480/35
f 3424/6381/35 3426/6385/35 3472/6484/35
f 3426/6385/35 3428/6389/35 3473/6486/35
f 3428/6389/35 3430/6393/35 3474/6489/35
f 3430/6393/35 3432/6398/35 3475/6491/35
f 3434/6403/35 3476/6493/35 3475/6491/35
f 3434/6403/35 3436/6407/35 3477/6495/35
f 3438/6411/35 3478/6497/35 3477/6495/35
f 3440/6415/35 3479/6499/35 3478/6497/35
f 3442/6419/35 3480/6501/35 3479/6499/35
f 3442/6419/35 3444/6423/35 3481/6503/35
f 3446/6428/35 3482/6505/35 3481/6503/35
f 3448/6433/35 3483/6508/35 3482/6505/35
f 3450/6437/35 3484/6510/35 3483/6508/35
f 3452/6441/35 3485/6512/35 3484/6510/35
f 3452/6441/35 3454/6445/35 3486/6514/35
f 3392/6313/35 3456/6450/35 3486/6514/35
f 3489/6519/35 3487/6515/35 3488/6517/35
f 3488/6517/35 3518/6581/35 3517/6579/35
f 3517/6579/987 3516/6577/987 3515/6575/987
f 3515/6575/987 3514/6573/987 3513/6570/987
f 3513/6570/35 3512/6569/35 3511/6566/35
f 3511/6566/35 3510/6564/35 3509/6562/35
f 3509/6562/35 3508/6560/35 3507/6558/35
f 3507/6558/35 3506/6555/35 3505/6553/35
f 3505/6553/35 3504/6551/35 3503/6549/35
f 3503/6549/35 3502/6547/35 3501/6545/35
f 3501/6545/35 3500/6543/35 3499/6540/35
f 3499/6540/986 3498/6538/986 3497/6536/986
f 3497/6536/35 3496/6534/35 3495/6532/35
f 3495/6532/35 3494/6530/35 3493/6528/35
f 3493/6528/35 3492/6526/35 3491/6524/35
f 3491/6524/35 3490/6522/35 3489/6519/35
f 3489/6519/35 3488/6517/35 3517/6579/35
f 3517/6579/35 3515/6575/35 3513/6570/35
f 3513/6570/35 3511/6566/35 3509/6562/35
f 3509/6562/35 3507/6558/35 3505/6553/35
f 3505/6553/35 3503/6549/35 3501/6545/35
f 3501/6545/35 3499/6540/35 3497/6536/35
f 3497/6536/35 3495/6532/35 3493/6528/35
f 3493/6528/35 3491/6524/35 3489/6519/35
f 3489/6519/35 3517/6579/35 3513/6570/35
f 3513/6570/35 3509/6562/35 3505/6553/35
f 3505/6553/35 3501/6545/35 3497/6536/35
f 3497/6536/35 3493/6528/35 3489/6519/35
f 3489/6519/35 3513/6570/35 3505/6553/35
f 3416/6366/504 3499/6541/504 3500/6544/504
f 3446/6429/505 3444/6424/505 3513/6571/505
f 3418/6370/506 3500/6544/506 3501/6546/506
f 3392/6314/507 3488/6518/507 3487/6516/507
f 3446/6430/508 3514/6574/508 3515/6576/508
f 3420/6374/509 3501/6546/509 3502/6548/509
f 3394/6318/510 3487/6516/510 3489/6520/510
f 3448/6434/511 3515/6576/511 3516/6578/511
f 3422/6378/512 3502/6548/512 3503/6550/512
f 3398/6327/513 3396/6322/513 3489/6520/513
f 3452/6442/514 3450/6438/514 3516/6578/514
f 3424/6382/515 3503/6550/515 3504/6552/515
f 3398/6328/516 3490/6523/516 3491/6525/516
f 3452/6442/517 3517/6580/517 3518/6582/517
f 3426/6386/518 3504/6552/518 3505/6554/518
f 3400/6332/519 3491/6525/519 3492/6527/519
f 3454/6446/520 3518/6582/520 3488/6518/520
f 3428/6390/521 3505/6554/521 3506/6556/521
f 3402/6336/522 3492/6527/522 3493/6529/522
f 3432/6399/523 3430/6394/523 3506/6556/523
f 3404/6340/524 3493/6529/524 3494/6531/524
f 3434/6404/525 3432/6400/525 3507/6559/525
f 3406/6344/526 3494/6531/526 3495/6533/526
f 3436/6408/527 3434/6404/527 3508/6561/527
f 3408/6348/528 3495/6533/528 3496/6535/528
f 3438/6412/529 3436/6408/529 3509/6563/529
f 3410/6352/530 3496/6535/530 3497/6537/530
f 3440/6416/531 3438/6412/531 3510/6565/531
f 3412/6356/532 3497/6537/532 3498/6539/532
f 3442/6420/533 3440/6416/533 3511/6567/533
f 3414/6360/534 3498/6539/534 3499/6542/534
f 3551/6643/34 3519/6583/34 3520/6585/34
f 3553/6647/34 3552/6645/34 3520/6585/34
f 3553/6647/34 3521/6587/34 3522/6589/34
f 3554/6649/34 3522/6589/34 3523/6592/34
f 3555/6652/34 3523/6592/34 3524/6593/34
f 3556/6654/34 3524/6593/34 3525/6595/34
f 3558/6658/34 3557/6656/34 3525/6595/34
f 3559/6660/34 3558/6658/34 3526/6597/34
f 3560/6662/34 3559/6660/34 3527/6599/34
f 3560/6662/34 3528/6601/34 3529/6603/34
f 3561/6664/34 3529/6603/34 3530/6605/34
f 3563/6669/34 3562/6666/34 3530/6605/34
f 3564/6671/34 3563/6669/34 3531/6608/34
f 3564/6671/34 3532/6609/34 3533/6611/34
f 3565/6673/34 3533/6611/34 3534/6613/34
f 3567/6677/34 3566/6675/34 3534/6613/34
f 3568/6679/34 3567/6677/34 3535/6615/34
f 3568/6679/34 3536/6617/34 3537/6620/34
f 3570/6683/34 3569/6681/34 3537/6620/34
f 3571/6685/34 3570/6683/34 3538/6621/34
f 3572/6688/34 3571/6685/34 3539/6622/34
f 3572/6688/34 3540/6623/34 3541/6625/34
f 3573/6690/34 3541/6625/34 3542/6627/34
f 3575/6694/34 3574/6692/34 3542/6627/34
f 3575/6694/34 3543/6629/34 3544/6631/34
f 3576/6696/34 3544/6631/34 3545/6634/34
f 3578/6701/34 3577/6698/34 3545/6634/34
f 3578/6701/34 3546/6635/34 3547/6636/34
f 3579/6703/34 3547/6636/34 3548/6637/34
f 3580/6705/34 3548/6637/34 3549/6639/34
f 3581/6707/34 3549/6639/34 3550/6642/34
f 3582/6709/34 3550/6642/34 3519/6583/34
f 3391/6312/535 3551/6644/535 3552/6646/535
f 3393/6316/536 3552/6646/536 3553/6648/536
f 3395/6320/537 3553/6648/537 3554/6650/537
f 3397/6325/701 3554/6651/701 3555/6653/701
f 3399/6330/539 3555/6653/539 3556/6655/539
f 3401/6334/540 3556/6655/540 3557/6657/540
f 3403/6338/541 3557/6657/541 3558/6659/541
f 3405/6342/542 3558/6659/542 3559/6661/542
f 3407/6346/543 3559/6661/543 3560/6663/543
f 3409/6350/544 3560/6663/544 3561/6665/544
f 3411/6354/545 3561/6665/545 3562/6667/545
f 3415/6362/546 3413/6358/546 3562/6667/546
f 3415/6363/547 3563/6670/547 3564/6672/547
f 3417/6368/548 3564/6672/548 3565/6674/548
f 3419/6372/549 3565/6674/549 3566/6676/549
f 3423/6380/550 3421/6376/550 3566/6676/550
f 3425/6384/551 3423/6380/551 3567/6678/551
f 3427/6388/552 3425/6384/552 3568/6680/552
f 3427/6388/553 3569/6682/553 3570/6684/553
f 3429/6392/554 3570/6684/554 3571/6686/554
f 3431/6397/555 3571/6687/555 3572/6689/555
f 3435/6406/556 3433/6402/556 3572/6689/556
f 3435/6406/557 3573/6691/557 3574/6693/557
f 3439/6414/558 3437/6410/558 3574/6693/558
f 3439/6414/559 3575/6695/559 3576/6697/559
f 3443/6422/560 3441/6418/560 3576/6697/560
f 3445/6426/561 3443/6422/561 3577/6699/561
f 3447/6432/562 3445/6427/562 3578/6702/562
f 3449/6436/1053 3447/6432/1053 3579/6704/1053
f 3449/6436/564 3580/6706/564 3581/6708/564
f 3451/6440/565 3581/6708/565 3582/6710/565
f 3391/6312/566 3453/6444/566 3582/6710/566
f 3678/6838/567 3583/6711/567 3519/6584/567
f 3677/6837/568 3584/6712/568 3583/6711/568
f 3677/6837/569 3676/6836/569 3585/6713/569
f 3549/6640/570 3675/6835/570 3678/6838/570
f 3675/6835/571 3674/6834/571 3677/6837/571
f 3673/6833/572 3676/6836/572 3677/6837/572
f 3548/6638/573 3672/6831/573 3675/6835/573
f 3672/6831/574 3671/6830/574 3674/6834/574
f 3671/6830/575 3670/6829/575 3673/6833/575
f 3547/6636/576 3669/6828/576 3672/6832/576
f 3669/6827/577 3668/6824/577 3671/6830/577
f 3668/6824/578 3667/6822/578 3670/6829/578
f 3546/6635/579 3666/6821/579 3669/6828/579
f 3666/6820/580 3665/6819/580 3668/6825/580
f 3664/6818/581 3667/6823/581 3668/6825/581
f 3545/6634/582 3663/6816/582 3666/6821/582
f 3663/6817/583 3662/6815/583 3665/6819/583
f 3662/6815/584 3661/6814/584 3664/6818/584
f 3544/6632/585 3660/6813/585 3663/6817/585
f 3660/6813/586 3659/6812/586 3662/6815/586
f 3659/6812/587 3658/6811/587 3661/6814/587
f 3543/6630/588 3657/6810/588 3660/6813/588
f 3660/6813/589 3657/6810/589 3682/6846/589
f 3682/6846/589 3656/6807/589 3659/6812/589
f 3659/6812/590 3656/6807/590 3681/6845/590
f 3681/6845/1024 3655/6804/1024 3658/6811/1024
f 3543/6630/591 3542/6628/591 3654/6803/591
f 3683/6849/591 3657/6810/591 3543/6630/591
f 3721/6924/592 3694/6870/592 3696/6873/592
f 3541/6626/593 3651/6796/593 3654/6803/593
f 3654/6803/594 3651/6796/594 3650/6795/594
f 3650/6795/594 3653/6800/594 3680/6842/594
f 3653/6800/595 3650/6795/595 3649/6794/595
f 3649/6794/1026 3652/6797/1026 3679/6840/1026
f 3540/6624/596 3648/6792/596 3651/6796/596
f 3648/6792/597 3647/6791/597 3650/6795/597
f 3647/6791/598 3646/6790/598 3649/6794/598
f 3539/6622/599 3645/6789/599 3648/6793/599
f 3645/6788/600 3644/6787/600 3647/6791/600
f 3644/6787/601 3643/6786/601 3646/6790/601
f 3538/6621/602 3642/6784/602 3645/6789/602
f 3642/6783/603 3641/6781/603 3644/6787/603
f 3640/6779/604 3643/6786/604 3644/6787/604
f 3639/6777/605 3642/6784/605 3538/6621/605
f 3638/6776/606 3641/6782/606 3642/6785/606
f 3638/6776/607 3637/6775/607 3640/6780/607
f 3536/6618/608 3636/6774/608 3639/6778/608
f 3635/6773/609 3638/6776/609 3639/6778/609
f 3635/6773/610 3634/6772/610 3637/6775/610
f 3535/6616/611 3633/6771/611 3636/6774/611
f 3632/6770/612 3635/6773/612 3636/6774/612
f 3631/6769/613 3634/6772/613 3635/6773/613
f 3630/6768/708 3633/6771/708 3535/6616/708
f 3630/6768/615 3629/6767/615 3632/6770/615
f 3628/6766/616 3631/6769/616 3632/6770/616
f 3627/6765/617 3630/6768/617 3534/6614/617
f 3626/6764/618 3629/6767/618 3630/6768/618
f 3625/6763/619 3628/6766/619 3629/6767/619
f 3624/6762/620 3627/6765/620 3533/6612/620
f 3623/6761/621 3626/6764/621 3627/6765/621
f 3622/6760/622 3625/6763/622 3626/6764/622
f 3621/6759/623 3624/6762/623 3532/6610/623
f 3620/6757/624 3623/6761/624 3624/6762/624
f 3619/6756/625 3622/6760/625 3623/6761/625
f 3618/6754/626 3621/6758/626 3531/6608/626
f 3617/6751/627 3620/6757/627 3621/6759/627
f 3617/6751/628 3616/6749/628 3619/6756/628
f 3615/6748/629 3618/6755/629 3530/6606/629
f 3614/6747/630 3617/6752/630 3618/6755/630
f 3613/6746/703 3616/6750/703 3617/6752/703
f 3612/6745/632 3615/6748/632 3529/6604/632
f 3611/6744/633 3614/6747/633 3615/6748/633
f 3610/6743/634 3613/6746/634 3614/6747/634
f 3609/6742/635 3612/6745/635 3528/6602/635
f 3608/6741/636 3611/6744/636 3612/6745/636
f 3607/6740/637 3610/6743/637 3611/6744/637
f 3606/6739/638 3609/6742/638 3527/6600/638
f 3605/6738/639 3608/6741/639 3609/6742/639
f 3604/6737/640 3607/6740/640 3608/6741/640
f 3603/6736/641 3606/6739/641 3526/6598/641
f 3602/6735/642 3605/6738/642 3606/6739/642
f 3601/6734/643 3604/6737/643 3605/6738/643
f 3600/6733/644 3603/6736/644 3525/6596/644
f 3599/6732/645 3602/6735/645 3603/6736/645
f 3598/6731/646 3601/6734/646 3602/6735/646
f 3597/6728/647 3600/6733/647 3524/6594/647
f 3596/6726/648 3599/6732/648 3600/6733/648
f 3595/6724/649 3598/6731/649 3599/6732/649
f 3594/6722/650 3597/6729/650 3523/6592/650
f 3593/6721/651 3596/6727/651 3597/6730/651
f 3593/6721/652 3592/6720/652 3595/6725/652
f 3591/6719/653 3594/6723/653 3522/6590/653
f 3591/6719/654 3590/6718/654 3593/6721/654
f 3589/6717/655 3592/6720/655 3593/6721/655
f 3588/6716/656 3591/6719/656 3521/6588/656
f 3587/6715/657 3590/6718/657 3591/6719/657
f 3586/6714/658 3589/6717/658 3590/6718/658
f 3583/6711/659 3588/6716/659 3520/6586/659
f 3583/6711/660 3584/6712/660 3587/6715/660
f 3585/6713/661 3586/6714/661 3587/6715/661
f 3686/6854/662 3681/6845/662 3656/6807/662
f 3653/6800/662 3679/6840/662 3686/6854/662
f 3700/6884/663 3697/6875/663 3699/6882/663
f 3709/6904/1027 3708/6902/1027 3690/6863/1027
f 3706/6898/1028 3692/6868/1028 3689/6860/1028
f 3680/6842/1054 3687/6855/1054 3682/6846/1054
f 3682/6846/666 3657/6810/666 3683/6849/666
f 3683/6849/666 3654/6803/666 3680/6842/666
f 3692/6867/667 3693/6869/667 3688/6857/667
f 3690/6864/667 3688/6857/667 3693/6869/667
f 3720/6923/592 3695/6872/592 3694/6870/592
f 3711/6908/668 3707/6899/668 3689/6861/668
f 3719/6921/1029 3705/6893/1029 3695/6871/1029
f 3708/6901/668 3711/6908/668 3688/6858/668
f 3699/6881/713 3694/6870/713 3695/6872/713
f 3697/6876/713 3696/6873/713 3694/6870/713
f 3705/6893/1030 3704/6892/1030 3698/6879/1030
f 3703/6889/1031 3696/6874/1031 3697/6877/1031
f 3701/6885/663 3699/6882/663 3698/6880/663
f 3702/6886/673 3705/6894/673 3719/6920/673
f 3716/6916/1032 3714/6913/1032 3705/6895/1032
f 3712/6909/1033 3701/6885/1033 3704/6891/1033
f 3713/6911/1034 3703/6889/1034 3700/6883/1034
f 3714/6912/1035 3717/6918/1035 3704/6892/1035
f 3715/6914/1036 3700/6884/1036 3701/6885/1036
f 3713/6910/1037 3716/6916/1037 3702/6887/1037
f 3728/6938/680 3726/6934/680 3711/6908/680
f 3725/6931/681 3709/6903/681 3710/6906/681
f 3726/6934/680 3724/6930/680 3707/6899/680
f 3729/6940/681 3710/6906/681 3706/6897/681
f 3727/6937/1038 3706/6898/1038 3707/6900/1038
f 3725/6932/1039 3728/6939/1039 3708/6902/1039
f 3723/6928/1040 3709/6904/1040 3691/6866/1040
f 3718/6919/673 3723/6927/673 3703/6890/673
f 3653/6801/690 3684/6851/690 3716/6916/690
f 3680/6843/1041 3715/6914/1041 3712/6909/1041
f 3656/6808/1042 3682/6847/1042 3717/6918/1042
f 3653/6802/1043 3713/6911/1043 3715/6915/1043
f 3682/6848/686 3687/6856/686 3712/6909/686
f 3656/6809/1044 3714/6913/1044 3716/6916/1044
f 3709/6905/691 3723/6927/691 3718/6919/691
f 3723/6928/684 3722/6925/684 3696/6874/684
f 3710/6907/691 3718/6919/691 3719/6920/691
f 3719/6921/669 3720/6922/669 3692/6868/669
f 3720/6923/694 3721/6924/694 3693/6869/694
f 3693/6869/694 3721/6924/694 3722/6926/694
f 3652/6798/1045 3728/6939/1045 3725/6932/1045
f 3655/6805/1046 3681/6844/1046 3727/6937/1046
f 3681/6845/699 3686/6854/699 3729/6941/699
f 3655/6806/1047 3724/6930/1047 3726/6934/1047
f 3679/6840/1048 3725/6933/1048 3729/6941/1048
f 3652/6799/698 3685/6853/698 3726/6934/698
f 3795/7080/471 3794/7078/471 3925/7345/471
f 3794/7078/472 3796/7082/472 3928/7348/472
f 3796/7082/473 3797/7084/473 3931/7351/473
f 3931/7351/474 3797/7084/474 3798/7086/474
f 3798/7087/475 3799/7089/475 3937/7362/475
f 3799/7089/476 3800/7091/476 3940/7365/476
f 3800/7091/477 3801/7093/477 3943/7368/477
f 3801/7093/478 3802/7095/478 3946/7371/478
f 3802/7095/479 3803/7097/479 3949/7374/479
f 3803/7097/480 3804/7099/480 3952/7377/480
f 3804/7099/481 3805/7101/481 3955/7381/481
f 3955/7380/482 3805/7102/482 3806/7104/482
f 3806/7104/483 3807/7106/483 3961/7391/483
f 3807/7106/484 3808/7108/484 3964/7394/484
f 3808/7108/485 3809/7110/485 3967/7397/485
f 3967/7397/486 3809/7110/486 3810/7112/486
f 3970/7400/487 3810/7112/487 3811/7114/487
f 3973/7403/488 3811/7114/488 3812/7116/488
f 3976/7406/489 3812/7116/489 3813/7118/489
f 3813/7119/490 3814/7121/490 3982/7417/490
f 3982/7417/491 3814/7121/491 3815/7123/491
f 3985/7421/492 3815/7123/492 3816/7125/492
f 3816/7125/1021 3817/7127/1021 3991/7428/1021
f 4024/7483/494 3991/7428/494 3817/7127/494
f 3817/7127/494 3818/7129/494 3994/7435/494
f 3994/7435/1022 3818/7129/1022 3819/7131/1022
f 3997/7442/496 3819/7131/496 3820/7133/496
f 4000/7445/497 3820/7133/497 3821/7135/497
f 3821/7135/498 3822/7137/498 4006/7454/498
f 4006/7453/499 3822/7138/499 3823/7140/499
f 4009/7460/500 3823/7140/500 3824/7142/500
f 3783/7055/501 3781/7051/501 3851/7199/501
f 4012/7464/502 3824/7142/502 3825/7144/502
f 3825/7144/503 3795/7080/503 3924/7344/503
f 3792/7074/985 3730/6942/985 3732/6946/985
f 3732/6946/34 3734/6950/34 3736/6955/34
f 3736/6955/34 3738/6960/34 3740/6964/34
f 3740/6964/34 3742/6968/34 3744/6972/34
f 3744/6972/984 3746/6976/984 3748/6980/984
f 3748/6980/34 3750/6984/34 3752/6988/34
f 3752/6988/985 3754/6993/985 3756/6998/985
f 3756/6998/985 3758/7002/985 3760/7006/985
f 3760/7006/984 3762/7010/984 3764/7014/984
f 3764/7014/34 3766/7018/34 3768/7022/34
f 3768/7022/34 3770/7027/34 3772/7032/34
f 3772/7032/34 3774/7036/34 3776/7040/34
f 3776/7040/985 3778/7044/985 3780/7048/985
f 3780/7048/985 3782/7052/985 3784/7056/985
f 3784/7056/34 3786/7062/34 3788/7066/34
f 3788/7066/984 3790/7070/984 3792/7074/984
f 3792/7074/34 3732/6946/34 3736/6955/34
f 3736/6955/34 3740/6964/34 3744/6972/34
f 3744/6972/34 3748/6980/34 3752/6988/34
f 3752/6988/34 3756/6998/34 3760/7006/34
f 3760/7006/34 3764/7014/34 3768/7022/34
f 3768/7022/34 3772/7032/34 3776/7040/34
f 3776/7040/34 3780/7048/34 3784/7056/34
f 3784/7056/34 3788/7066/34 3792/7074/34
f 3792/7074/34 3736/6955/34 3744/6972/34
f 3744/6972/34 3752/6988/34 3760/7006/34
f 3760/7006/34 3768/7022/34 3776/7040/34
f 3776/7040/34 3784/7056/34 3792/7074/34
f 3792/7074/34 3744/6972/34 3760/7006/34
f 3731/6944/35 3733/6948/35 3794/7079/35
f 3733/6948/35 3735/6952/35 3796/7083/35
f 3735/6952/35 3737/6958/35 3797/7085/35
f 3739/6962/35 3798/7088/35 3797/7085/35
f 3741/6966/35 3799/7090/35 3798/7088/35
f 3743/6970/35 3800/7092/35 3799/7090/35
f 3743/6970/35 3745/6974/35 3801/7094/35
f 3747/6978/35 3802/7096/35 3801/7094/35
f 3747/6978/35 3749/6982/35 3803/7098/35
f 3751/6986/35 3804/7100/35 3803/7098/35
f 3751/6986/35 3753/6990/35 3805/7103/35
f 3753/6990/35 3755/6996/35 3806/7105/35
f 3757/7000/35 3807/7107/35 3806/7105/35
f 3759/7004/35 3808/7109/35 3807/7107/35
f 3761/7008/35 3809/7111/35 3808/7109/35
f 3763/7012/35 3810/7113/35 3809/7111/35
f 3763/7012/35 3765/7016/35 3811/7115/35
f 3767/7020/35 3812/7117/35 3811/7115/35
f 3769/7024/35 3813/7120/35 3812/7117/35
f 3771/7029/35 3814/7122/35 3813/7120/35
f 3773/7034/35 3815/7124/35 3814/7122/35
f 3773/7034/35 3775/7038/35 3816/7126/35
f 3777/7042/35 3817/7128/35 3816/7126/35
f 3779/7046/35 3818/7130/35 3817/7128/35
f 3781/7050/35 3819/7132/35 3818/7130/35
f 3781/7050/35 3783/7054/35 3820/7134/35
f 3785/7059/35 3821/7136/35 3820/7134/35
f 3787/7064/35 3822/7139/35 3821/7136/35
f 3789/7068/35 3823/7141/35 3822/7139/35
f 3791/7072/35 3824/7143/35 3823/7141/35
f 3793/7076/35 3825/7145/35 3824/7143/35
f 3731/6944/35 3795/7081/35 3825/7145/35
f 3828/7150/35 3826/7146/35 3827/7148/35
f 3827/7148/35 3857/7212/35 3856/7210/35
f 3856/7210/986 3855/7208/986 3854/7206/986
f 3854/7206/35 3853/7204/35 3852/7201/35
f 3852/7201/987 3851/7200/987 3850/7197/987
f 3850/7197/35 3849/7195/35 3848/7193/35
f 3848/7193/35 3847/7191/35 3846/7189/35
f 3846/7189/35 3845/7186/35 3844/7184/35
f 3844/7184/35 3843/7182/35 3842/7180/35
f 3842/7180/35 3841/7178/35 3840/7176/35
f 3840/7176/35 3839/7174/35 3838/7171/35
f 3838/7171/987 3837/7169/987 3836/7167/987
f 3836/7167/987 3835/7165/987 3834/7163/987
f 3834/7163/35 3833/7161/35 3832/7159/35
f 3832/7159/35 3831/7157/35 3830/7155/35
f 3830/7155/35 3829/7152/35 3828/7150/35
f 3828/7150/35 3827/7148/35 3856/7210/35
f 3856/7210/35 3854/7206/35 3852/7201/35
f 3852/7201/35 3850/7197/35 3848/7193/35
f 3848/7193/35 3846/7189/35 3844/7184/35
f 3844/7184/35 3842/7180/35 3840/7176/35
f 3840/7176/35 3838/7171/35 3836/7167/35
f 3836/7167/35 3834/7163/35 3832/7159/35
f 3832/7159/35 3830/7155/35 3828/7150/35
f 3828/7150/35 3856/7210/35 3852/7201/35
f 3852/7201/35 3848/7193/35 3844/7184/35
f 3844/7184/35 3840/7176/35 3836/7167/35
f 3836/7167/35 3832/7159/35 3828/7150/35
f 3828/7150/35 3852/7201/35 3844/7184/35
f 3757/7001/504 3755/6997/504 3838/7172/504
f 3785/7060/505 3783/7055/505 3852/7202/505
f 3757/7001/506 3839/7175/506 3840/7177/506
f 3731/6945/507 3827/7149/507 3826/7147/507
f 3787/7065/508 3785/7061/508 3853/7205/508
f 3759/7005/509 3840/7177/509 3841/7179/509
f 3733/6949/510 3826/7147/510 3828/7151/510
f 3787/7065/511 3854/7207/511 3855/7209/511
f 3761/7009/512 3841/7179/512 3842/7181/512
f 3735/6953/513 3828/7151/513 3829/7153/513
f 3791/7073/514 3789/7069/514 3855/7209/514
f 3763/7013/515 3842/7181/515 3843/7183/515
f 3737/6959/516 3829/7154/516 3830/7156/516
f 3791/7073/517 3856/7211/517 3857/7213/517
f 3765/7017/518 3843/7183/518 3844/7185/518
f 3739/6963/519 3830/7156/519 3831/7158/519
f 3731/6945/520 3793/7077/520 3857/7213/520
f 3767/7021/521 3844/7185/521 3845/7187/521
f 3741/6967/522 3831/7158/522 3832/7160/522
f 3771/7030/523 3769/7025/523 3845/7187/523
f 3743/6971/524 3832/7160/524 3833/7162/524
f 3773/7035/525 3771/7031/525 3846/7190/525
f 3745/6975/526 3833/7162/526 3834/7164/526
f 3775/7039/527 3773/7035/527 3847/7192/527
f 3747/6979/528 3834/7164/528 3835/7166/528
f 3777/7043/529 3775/7039/529 3848/7194/529
f 3749/6983/530 3835/7166/530 3836/7168/530
f 3779/7047/531 3777/7043/531 3849/7196/531
f 3751/6987/532 3836/7168/532 3837/7170/532
f 3781/7051/533 3779/7047/533 3850/7198/533
f 3753/6991/534 3837/7170/534 3838/7173/534
f 3890/7274/34 3858/7214/34 3859/7216/34
f 3892/7278/34 3891/7276/34 3859/7216/34
f 3892/7278/34 3860/7218/34 3861/7220/34
f 3893/7280/34 3861/7220/34 3862/7223/34
f 3895/7285/34 3894/7283/34 3862/7223/34
f 3895/7285/34 3863/7224/34 3864/7226/34
f 3897/7289/34 3896/7287/34 3864/7226/34
f 3898/7291/34 3897/7289/34 3865/7228/34
f 3899/7293/34 3898/7291/34 3866/7230/34
f 3899/7293/34 3867/7232/34 3868/7234/34
f 3900/7295/34 3868/7234/34 3869/7236/34
f 3902/7299/34 3901/7297/34 3869/7236/34
f 3903/7302/34 3902/7299/34 3870/7239/34
f 3903/7302/34 3871/7240/34 3872/7242/34
f 3904/7304/34 3872/7242/34 3873/7244/34
f 3905/7306/34 3873/7244/34 3874/7246/34
f 3906/7308/34 3874/7246/34 3875/7248/34
f 3907/7310/34 3875/7248/34 3876/7251/34
f 3909/7314/34 3908/7312/34 3876/7251/34
f 3910/7316/34 3909/7314/34 3877/7252/34
f 3911/7319/34 3910/7316/34 3878/7253/34
f 3911/7319/34 3879/7254/34 3880/7256/34
f 3912/7321/34 3880/7256/34 3881/7258/34
f 3914/7325/34 3913/7323/34 3881/7258/34
f 3914/7325/34 3882/7260/34 3883/7262/34
f 3916/7329/34 3915/7327/34 3883/7262/34
f 3916/7329/34 3884/7265/34 3885/7266/34
f 3917/7332/34 3885/7266/34 3886/7267/34
f 3919/7336/34 3918/7334/34 3886/7267/34
f 3920/7338/34 3919/7336/34 3887/7268/34
f 3920/7338/34 3888/7270/34 3889/7273/34
f 3921/7340/34 3889/7273/34 3858/7214/34
f 3732/6947/535 3730/6943/535 3890/7275/535
f 3734/6951/536 3732/6947/536 3891/7277/536
f 3734/6951/537 3892/7279/537 3893/7281/537
f 3738/6961/701 3736/6956/701 3893/7282/701
f 3738/6961/539 3894/7284/539 3895/7286/539
f 3740/6965/540 3895/7286/540 3896/7288/540
f 3742/6969/541 3896/7288/541 3897/7290/541
f 3746/6977/542 3744/6973/542 3897/7290/542
f 3746/6977/543 3898/7292/543 3899/7294/543
f 3748/6981/544 3899/7294/544 3900/7296/544
f 3750/6985/545 3900/7296/545 3901/7298/545
f 3752/6989/546 3901/7298/546 3902/7300/546
f 3754/6994/1023 3902/7301/1023 3903/7303/1023
f 3756/6999/548 3903/7303/548 3904/7305/548
f 3758/7003/549 3904/7305/549 3905/7307/549
f 3760/7007/1055 3905/7307/1055 3906/7309/1055
f 3762/7011/551 3906/7309/551 3907/7311/551
f 3766/7019/552 3764/7015/552 3907/7311/552
f 3768/7023/553 3766/7019/553 3908/7313/553
f 3768/7023/554 3909/7315/554 3910/7317/554
f 3770/7028/555 3910/7318/555 3911/7320/555
f 3774/7037/556 3772/7033/556 3911/7320/556
f 3776/7041/557 3774/7037/557 3912/7322/557
f 3778/7045/558 3776/7041/558 3913/7324/558
f 3780/7049/559 3778/7045/559 3914/7326/559
f 3782/7053/560 3780/7049/560 3915/7328/560
f 3784/7057/561 3782/7053/561 3916/7330/561
f 3784/7058/562 3917/7333/562 3918/7335/562
f 3786/7063/563 3918/7335/563 3919/7337/563
f 3788/7067/564 3919/7337/564 3920/7339/564
f 3790/7071/565 3920/7339/565 3921/7341/565
f 3792/7075/566 3921/7341/566 3890/7275/566
f 4017/7469/567 3922/7342/567 3858/7215/567
f 4016/7468/568 3923/7343/568 3922/7342/568
f 4016/7468/569 4015/7467/569 3924/7344/569
f 3888/7271/570 4014/7466/570 4017/7469/570
f 4014/7466/571 4013/7465/571 4016/7468/571
f 4013/7465/572 4012/7464/572 4015/7467/572
f 3887/7269/573 4011/7462/573 4014/7466/573
f 4011/7462/574 4010/7461/574 4013/7465/574
f 4010/7461/575 4009/7460/575 4012/7464/575
f 3886/7267/576 4008/7459/576 4011/7463/576
f 4008/7458/577 4007/7455/577 4010/7461/577
f 4007/7455/578 4006/7453/578 4009/7460/578
f 3885/7266/579 4005/7452/579 4008/7459/579
f 4005/7451/580 4004/7450/580 4007/7456/580
f 4003/7449/581 4006/7454/581 4007/7456/581
f 3884/7265/582 4002/7447/582 4005/7452/582
f 4002/7448/583 4001/7446/583 4004/7450/583
f 4001/7446/584 4000/7445/584 4003/7449/584
f 3883/7263/585 3999/7444/585 4002/7448/585
f 3999/7444/586 3998/7443/586 4001/7446/586
f 3998/7443/587 3997/7442/587 4000/7445/587
f 3882/7261/588 3996/7441/588 3999/7444/588
f 3999/7444/589 3996/7441/589 4021/7477/589
f 4021/7477/589 3995/7438/589 3998/7443/589
f 3998/7443/590 3995/7438/590 4020/7476/590
f 4020/7476/1024 3994/7435/1024 3997/7442/1024
f 3882/7261/591 3881/7259/591 3993/7434/591
f 4022/7480/591 3996/7441/591 3882/7261/591
f 4060/7555/592 4033/7501/592 4035/7504/592
f 3880/7257/593 3990/7427/593 3993/7434/593
f 3993/7434/594 3990/7427/594 3989/7426/594
f 3989/7426/594 3992/7431/594 4019/7473/594
f 3992/7431/595 3989/7426/595 3988/7425/595
f 3988/7425/1026 3991/7428/1026 4018/7471/1026
f 3879/7255/596 3987/7423/596 3990/7427/596
f 3987/7423/597 3986/7422/597 3989/7426/597
f 3986/7422/598 3985/7421/598 3988/7425/598
f 3878/7253/599 3984/7420/599 3987/7424/599
f 3984/7419/600 3983/7418/600 3986/7422/600
f 3983/7418/601 3982/7417/601 3985/7421/601
f 3877/7252/602 3981/7415/602 3984/7420/602
f 3981/7414/603 3980/7412/603 3983/7418/603
f 3979/7410/604 3982/7417/604 3983/7418/604
f 3978/7408/605 3981/7415/605 3877/7252/605
f 3977/7407/606 3980/7413/606 3981/7416/606
f 3977/7407/607 3976/7406/607 3979/7411/607
f 3875/7249/608 3975/7405/608 3978/7409/608
f 3974/7404/609 3977/7407/609 3978/7409/609
f 3973/7403/610 3976/7406/610 3977/7407/610
f 3874/7247/611 3972/7402/611 3975/7405/611
f 3971/7401/612 3974/7404/612 3975/7405/612
f 3971/7401/613 3970/7400/613 3973/7403/613
f 3969/7399/614 3972/7402/614 3874/7247/614
f 3968/7398/615 3971/7401/615 3972/7402/615
f 3967/7397/616 3970/7400/616 3971/7401/616
f 3966/7396/617 3969/7399/617 3873/7245/617
f 3965/7395/618 3968/7398/618 3969/7399/618
f 3964/7394/619 3967/7397/619 3968/7398/619
f 3963/7393/620 3966/7396/620 3872/7243/620
f 3962/7392/621 3965/7395/621 3966/7396/621
f 3961/7391/622 3964/7394/622 3965/7395/622
f 3960/7389/623 3963/7393/623 3871/7241/623
f 3959/7388/624 3962/7392/624 3963/7393/624
f 3958/7387/625 3961/7391/625 3962/7392/625
f 3957/7384/626 3960/7390/626 3870/7239/626
f 3957/7385/627 3956/7382/627 3959/7388/627
f 3956/7382/628 3955/7380/628 3958/7387/628
f 3954/7379/629 3957/7386/629 3869/7237/629
f 3953/7378/630 3956/7383/630 3957/7386/630
f 3952/7377/703 3955/7381/703 3956/7383/703
f 3951/7376/632 3954/7379/632 3868/7235/632
f 3950/7375/633 3953/7378/633 3954/7379/633
f 3949/7374/634 3952/7377/634 3953/7378/634
f 3948/7373/635 3951/7376/635 3867/7233/635
f 3947/7372/636 3950/7375/636 3951/7376/636
f 3946/7371/637 3949/7374/637 3950/7375/637
f 3945/7370/704 3948/7373/704 3866/7231/704
f 3944/7369/639 3947/7372/639 3948/7373/639
f 3943/7368/640 3946/7371/640 3947/7372/640
f 3942/7367/641 3945/7370/641 3865/7229/641
f 3941/7366/642 3944/7369/642 3945/7370/642
f 3940/7365/643 3943/7368/643 3944/7369/643
f 3939/7364/644 3942/7367/644 3864/7227/644
f 3938/7363/645 3941/7366/645 3942/7367/645
f 3937/7362/646 3940/7365/646 3941/7366/646
f 3936/7359/647 3939/7364/647 3863/7225/647
f 3935/7357/648 3938/7363/648 3939/7364/648
f 3934/7355/649 3937/7362/649 3938/7363/649
f 3861/7220/650 3933/7353/650 3936/7360/650
f 3932/7352/651 3935/7358/651 3936/7361/651
f 3932/7352/652 3931/7351/652 3934/7356/652
f 3930/7350/653 3933/7354/653 3861/7221/653
f 3930/7350/654 3929/7349/654 3932/7352/654
f 3928/7348/655 3931/7351/655 3932/7352/655
f 3927/7347/656 3930/7350/656 3860/7219/656
f 3926/7346/657 3929/7349/657 3930/7350/657
f 3925/7345/658 3928/7348/658 3929/7349/658
f 3922/7342/659 3927/7347/659 3859/7217/659
f 3923/7343/660 3926/7346/660 3927/7347/660
f 3924/7344/661 3925/7345/661 3926/7346/661
f 4025/7485/662 4020/7476/662 3995/7438/662
f 3992/7431/662 4018/7471/662 4025/7485/662
f 4039/7515/663 4036/7506/663 4038/7513/663
f 4048/7535/1027 4047/7533/1027 4029/7494/1027
f 4045/7529/1028 4031/7499/1028 4028/7491/1028
f 4019/7473/1056 4026/7486/1056 4021/7477/1056
f 4021/7477/1049 3996/7441/1049 4022/7480/1049
f 4022/7480/666 3993/7434/666 4019/7473/666
f 4031/7498/667 4032/7500/667 4027/7488/667
f 4029/7495/667 4027/7488/667 4032/7500/667
f 4059/7554/592 4034/7503/592 4033/7501/592
f 4050/7539/668 4046/7530/668 4028/7492/668
f 4058/7552/1029 4044/7524/1029 4034/7502/1029
f 4047/7532/668 4050/7539/668 4027/7489/668
f 4038/7512/670 4033/7501/670 4034/7503/670
f 4036/7507/713 4035/7504/713 4033/7501/713
f 4044/7524/1030 4043/7523/1030 4037/7510/1030
f 4042/7520/1031 4035/7505/1031 4036/7508/1031
f 4040/7516/663 4038/7513/663 4037/7511/663
f 4041/7517/673 4044/7525/673 4058/7551/673
f 4055/7547/1032 4053/7544/1032 4044/7526/1032
f 4051/7540/1033 4040/7516/1033 4043/7522/1033
f 4052/7542/1034 4042/7520/1034 4039/7514/1034
f 4053/7543/1035 4056/7549/1035 4043/7523/1035
f 4054/7545/1036 4039/7515/1036 4040/7516/1036
f 4052/7541/1037 4055/7547/1037 4041/7518/1037
f 4067/7569/680 4065/7565/680 4050/7539/680
f 4064/7562/681 4048/7534/681 4049/7537/681
f 4065/7565/680 4063/7561/680 4046/7530/680
f 4068/7571/681 4049/7537/681 4045/7528/681
f 4066/7568/1038 4045/7529/1038 4046/7531/1038
f 4064/7563/1039 4067/7570/1039 4047/7533/1039
f 4062/7559/1040 4048/7535/1040 4030/7497/1040
f 4057/7550/673 4062/7558/673 4042/7521/673
f 3992/7432/690 4023/7482/690 4055/7547/690
f 4019/7474/1041 4054/7545/1041 4051/7540/1041
f 3995/7439/1042 4021/7478/1042 4056/7549/1042
f 3992/7433/1043 4052/7542/1043 4054/7546/1043
f 4021/7479/686 4026/7487/686 4051/7540/686
f 3995/7440/1044 4053/7544/1044 4055/7547/1044
f 4048/7536/691 4062/7558/691 4057/7550/691
f 4062/7559/684 4061/7556/684 4035/7505/684
f 4049/7538/691 4057/7550/691 4058/7551/691
f 4058/7552/669 4059/7553/669 4031/7499/669
f 4059/7554/694 4060/7555/694 4032/7500/694
f 4032/7500/694 4060/7555/694 4061/7557/694
f 3991/7429/1045 4067/7570/1045 4064/7563/1045
f 3994/7436/1046 4020/7475/1046 4066/7568/1046
f 4020/7476/699 4025/7485/699 4068/7572/699
f 3994/7437/1047 4063/7561/1047 4065/7565/1047
f 4018/7471/1048 4064/7564/1048 4068/7572/1048
f 3991/7430/698 4024/7484/698 4065/7565/698
f 4134/7711/714 4133/7709/714 4264/7976/714
f 4133/7709/715 4135/7713/715 4267/7979/715
f 4135/7713/716 4136/7715/716 4270/7982/716
f 4136/7715/717 4137/7717/717 4273/7987/717
f 4137/7718/718 4138/7720/718 4276/7993/718
f 4138/7720/719 4139/7722/719 4279/7996/719
f 4139/7722/720 4140/7724/720 4282/7999/720
f 4140/7724/721 4141/7726/721 4285/8002/721
f 4141/7726/722 4142/7728/722 4288/8005/722
f 4142/7728/723 4143/7730/723 4291/8008/723
f 4143/7730/724 4144/7732/724 4294/8012/724
f 4144/7733/725 4145/7735/725 4297/8018/725
f 4145/7735/726 4146/7737/726 4300/8022/726
f 4146/7737/727 4147/7739/727 4303/8025/727
f 4147/7739/728 4148/7741/728 4306/8028/728
f 4148/7741/729 4149/7743/729 4309/8031/729
f 4309/8031/730 4149/7743/730 4150/7745/730
f 4312/8034/731 4150/7745/731 4151/7747/731
f 4315/8037/732 4151/7747/732 4152/7749/732
f 4318/8041/733 4152/7750/733 4153/7752/733
f 4321/8048/734 4153/7752/734 4154/7754/734
f 4324/8052/735 4154/7754/735 4155/7756/735
f 4155/7756/1057 4156/7758/1057 4330/8059/1057
f 4363/8114/737 4330/8059/737 4156/7758/737
f 4156/7758/737 4157/7760/737 4333/8066/737
f 4333/8066/1058 4157/7760/1058 4158/7762/1058
f 4336/8073/739 4158/7762/739 4159/7764/739
f 4339/8076/740 4159/7764/740 4160/7766/740
f 4342/8080/741 4160/7766/741 4161/7768/741
f 4345/8084/742 4161/7769/742 4162/7771/742
f 4348/8091/743 4162/7771/743 4163/7773/743
f 4122/7686/744 4120/7682/744 4190/7830/744
f 4351/8095/745 4163/7773/745 4164/7775/745
f 4164/7775/746 4134/7711/746 4263/7975/746
f 4131/7705/34 4069/7573/34 4071/7577/34
f 4071/7577/34 4073/7581/34 4075/7586/34
f 4075/7586/34 4077/7591/34 4079/7595/34
f 4079/7595/34 4081/7599/34 4083/7603/34
f 4083/7603/34 4085/7607/34 4087/7611/34
f 4087/7611/34 4089/7615/34 4091/7619/34
f 4091/7619/34 4093/7623/34 4095/7629/34
f 4095/7629/34 4097/7633/34 4099/7637/34
f 4099/7637/34 4101/7641/34 4103/7645/34
f 4103/7645/34 4105/7649/34 4107/7653/34
f 4107/7653/34 4109/7658/34 4111/7663/34
f 4111/7663/34 4113/7667/34 4115/7671/34
f 4115/7671/34 4117/7675/34 4119/7679/34
f 4119/7679/34 4121/7683/34 4123/7687/34
f 4123/7687/34 4125/7693/34 4127/7697/34
f 4127/7697/34 4129/7701/34 4131/7705/34
f 4131/7705/34 4071/7577/34 4075/7586/34
f 4075/7586/34 4079/7595/34 4083/7603/34
f 4083/7603/34 4087/7611/34 4091/7619/34
f 4091/7619/34 4095/7629/34 4099/7637/34
f 4099/7637/34 4103/7645/34 4107/7653/34
f 4107/7653/34 4111/7663/34 4115/7671/34
f 4115/7671/34 4119/7679/34 4123/7687/34
f 4123/7687/34 4127/7697/34 4131/7705/34
f 4131/7705/34 4075/7586/34 4083/7603/34
f 4083/7603/34 4091/7619/34 4099/7637/34
f 4099/7637/34 4107/7653/34 4115/7671/34
f 4115/7671/34 4123/7687/34 4131/7705/34
f 4131/7705/34 4083/7603/34 4099/7637/34
f 4072/7579/35 4133/7710/35 4134/7712/35
f 4072/7579/35 4074/7583/35 4135/7714/35
f 4074/7583/35 4076/7589/35 4136/7716/35
f 4076/7589/35 4078/7593/35 4137/7719/35
f 4078/7593/35 4080/7597/35 4138/7721/35
f 4080/7597/35 4082/7601/35 4139/7723/35
f 4084/7605/35 4140/7725/35 4139/7723/35
f 4086/7609/35 4141/7727/35 4140/7725/35
f 4086/7609/35 4088/7613/35 4142/7729/35
f 4090/7617/35 4143/7731/35 4142/7729/35
f 4092/7621/35 4144/7734/35 4143/7731/35
f 4094/7627/35 4145/7736/35 4144/7734/35
f 4094/7627/35 4096/7631/35 4146/7738/35
f 4096/7631/35 4098/7635/35 4147/7740/35
f 4100/7639/35 4148/7742/35 4147/7740/35
f 4102/7643/35 4149/7744/35 4148/7742/35
f 4102/7643/35 4104/7647/35 4150/7746/35
f 4104/7647/35 4106/7651/35 4151/7748/35
f 4108/7655/35 4152/7751/35 4151/7748/35
f 4108/7655/35 4110/7660/35 4153/7753/35
f 4112/7665/35 4154/7755/35 4153/7753/35
f 4112/7665/35 4114/7669/35 4155/7757/35
f 4116/7673/35 4156/7759/35 4155/7757/35
f 4118/7677/35 4157/7761/35 4156/7759/35
f 4120/7681/35 4158/7763/35 4157/7761/35
f 4122/7685/35 4159/7765/35 4158/7763/35
f 4124/7690/35 4160/7767/35 4159/7765/35
f 4124/7690/35 4126/7695/35 4161/7770/35
f 4128/7699/35 4162/7772/35 4161/7770/35
f 4128/7699/35 4130/7703/35 4163/7774/35
f 4130/7703/35 4132/7707/35 4164/7776/35
f 4132/7707/35 4070/7575/35 4134/7712/35
f 4167/7781/35 4165/7777/35 4166/7779/35
f 4166/7779/35 4196/7843/35 4195/7841/35
f 4195/7841/35 4194/7839/35 4193/7837/35
f 4193/7837/35 4192/7835/35 4191/7832/35
f 4191/7832/35 4190/7831/35 4189/7828/35
f 4189/7828/35 4188/7826/35 4187/7824/35
f 4187/7824/35 4186/7822/35 4185/7820/35
f 4185/7820/35 4184/7817/35 4183/7815/35
f 4183/7815/35 4182/7813/35 4181/7811/35
f 4181/7811/35 4180/7809/35 4179/7807/35
f 4179/7807/35 4178/7805/35 4177/7802/35
f 4177/7802/35 4176/7800/35 4175/7798/35
f 4175/7798/35 4174/7796/35 4173/7794/35
f 4173/7794/35 4172/7792/35 4171/7790/35
f 4171/7790/35 4170/7788/35 4169/7786/35
f 4169/7786/35 4168/7783/35 4167/7781/35
f 4167/7781/35 4166/7779/35 4195/7841/35
f 4195/7841/35 4193/7837/35 4191/7832/35
f 4191/7832/35 4189/7828/35 4187/7824/35
f 4187/7824/35 4185/7820/35 4183/7815/35
f 4183/7815/35 4181/7811/35 4179/7807/35
f 4179/7807/35 4177/7802/35 4175/7798/35
f 4175/7798/35 4173/7794/35 4171/7790/35
f 4171/7790/35 4169/7786/35 4167/7781/35
f 4167/7781/35 4195/7841/35 4191/7832/35
f 4191/7832/35 4187/7824/35 4183/7815/35
f 4183/7815/35 4179/7807/35 4175/7798/35
f 4175/7798/35 4171/7790/35 4167/7781/35
f 4167/7781/35 4191/7832/35 4183/7815/35
f 4094/7628/747 4177/7803/747 4178/7806/747
f 4124/7691/748 4122/7686/748 4191/7833/748
f 4096/7632/749 4178/7806/749 4179/7808/749
f 4070/7576/750 4166/7780/750 4165/7778/750
f 4126/7696/751 4124/7692/751 4192/7836/751
f 4098/7636/752 4179/7808/752 4180/7810/752
f 4072/7580/753 4165/7778/753 4167/7782/753
f 4128/7700/754 4126/7696/754 4193/7838/754
f 4102/7644/945 4100/7640/945 4180/7810/945
f 4074/7584/756 4167/7782/756 4168/7784/756
f 4128/7700/946 4194/7840/946 4195/7842/946
f 4102/7644/758 4181/7812/758 4182/7814/758
f 4076/7590/759 4168/7785/759 4169/7787/759
f 4130/7704/760 4195/7842/760 4196/7844/760
f 4104/7648/761 4182/7814/761 4183/7816/761
f 4078/7594/762 4169/7787/762 4170/7789/762
f 4132/7708/1059 4196/7844/1059 4166/7780/1059
f 4108/7656/764 4106/7652/764 4183/7816/764
f 4080/7598/1060 4170/7789/1060 4171/7791/1060
f 4110/7661/766 4108/7656/766 4184/7818/766
f 4082/7602/767 4171/7791/767 4172/7793/767
f 4112/7666/768 4110/7662/768 4185/7821/768
f 4084/7606/947 4172/7793/947 4173/7795/947
f 4114/7670/770 4112/7666/770 4186/7823/770
f 4086/7610/771 4173/7795/771 4174/7797/771
f 4116/7674/772 4114/7670/772 4187/7825/772
f 4088/7614/773 4174/7797/773 4175/7799/773
f 4118/7678/774 4116/7674/774 4188/7827/774
f 4090/7618/775 4175/7799/775 4176/7801/775
f 4120/7682/776 4118/7678/776 4189/7829/776
f 4092/7622/777 4176/7801/777 4177/7804/777
f 4230/7907/34 4229/7905/34 4197/7846/34
f 4231/7909/34 4230/7907/34 4198/7847/34
f 4231/7909/34 4199/7850/34 4200/7851/34
f 4232/7911/34 4200/7851/34 4201/7854/34
f 4233/7914/34 4201/7854/34 4202/7855/34
f 4234/7916/34 4202/7855/34 4203/7857/34
f 4236/7920/34 4235/7918/34 4203/7857/34
f 4236/7920/34 4204/7859/34 4205/7861/34
f 4237/7922/34 4205/7861/34 4206/7863/34
f 4238/7924/34 4206/7863/34 4207/7865/34
f 4239/7926/34 4207/7865/34 4208/7867/34
f 4240/7928/34 4208/7867/34 4209/7870/34
f 4242/7933/34 4241/7931/34 4209/7870/34
f 4243/7935/34 4242/7933/34 4210/7871/34
f 4243/7935/34 4211/7873/34 4212/7876/34
f 4245/7939/34 4244/7937/34 4212/7876/34
f 4245/7939/34 4213/7877/34 4214/7879/34
f 4247/7943/34 4246/7941/34 4214/7879/34
f 4247/7943/34 4215/7882/34 4216/7883/34
f 4248/7945/34 4216/7883/34 4217/7884/34
f 4250/7950/34 4249/7947/34 4217/7884/34
f 4250/7950/34 4218/7885/34 4219/7887/34
f 4252/7954/34 4251/7952/34 4219/7887/34
f 4252/7954/34 4220/7889/34 4221/7891/34
f 4253/7956/34 4221/7891/34 4222/7893/34
f 4254/7958/34 4222/7893/34 4223/7896/34
f 4255/7960/34 4223/7896/34 4224/7897/34
f 4256/7963/34 4224/7897/34 4225/7898/34
f 4257/7965/34 4225/7898/34 4226/7899/34
f 4258/7967/34 4226/7899/34 4227/7902/34
f 4259/7969/34 4227/7902/34 4228/7903/34
f 4229/7905/34 4260/7971/34 4228/7903/34
f 4069/7574/778 4229/7906/778 4230/7908/778
f 4073/7582/779 4071/7578/779 4230/7908/779
f 4073/7582/1061 4231/7910/1061 4232/7912/1061
f 4077/7592/781 4075/7587/781 4232/7913/781
f 4077/7592/782 4233/7915/782 4234/7917/782
f 4079/7596/783 4234/7917/783 4235/7919/783
f 4081/7600/784 4235/7919/784 4236/7921/784
f 4083/7604/785 4236/7921/785 4237/7923/785
f 4087/7612/786 4085/7608/786 4237/7923/786
f 4089/7616/787 4087/7612/787 4238/7925/787
f 4089/7616/788 4239/7927/788 4240/7929/788
f 4093/7624/789 4091/7620/789 4240/7929/789
f 4095/7630/790 4093/7625/790 4241/7932/790
f 4097/7634/791 4095/7630/791 4242/7934/791
f 4097/7634/792 4243/7936/792 4244/7938/792
f 4099/7638/793 4244/7938/793 4245/7940/793
f 4101/7642/794 4245/7940/794 4246/7942/794
f 4105/7650/795 4103/7646/795 4246/7942/795
f 4107/7654/796 4105/7650/796 4247/7944/796
f 4107/7654/797 4248/7946/797 4249/7948/797
f 4109/7659/798 4249/7949/798 4250/7951/798
f 4113/7668/799 4111/7664/799 4250/7951/799
f 4113/7668/800 4251/7953/800 4252/7955/800
f 4115/7672/801 4252/7955/801 4253/7957/801
f 4117/7676/802 4253/7957/802 4254/7959/802
f 4121/7684/803 4119/7680/803 4254/7959/803
f 4123/7688/804 4121/7684/804 4255/7961/804
f 4123/7689/805 4256/7964/805 4257/7966/805
f 4125/7694/806 4257/7966/806 4258/7968/806
f 4127/7698/807 4258/7968/807 4259/7970/807
f 4131/7706/808 4129/7702/808 4259/7970/808
f 4131/7706/809 4260/7972/809 4229/7906/809
f 4228/7904/810 4356/8100/810 4261/7973/810
f 4356/8100/811 4355/8099/811 4262/7974/811
f 4354/8098/812 4263/7975/812 4262/7974/812
f 4353/8097/813 4356/8100/813 4228/7904/813
f 4353/8097/814 4352/8096/814 4355/8099/814
f 4352/8096/815 4351/8095/815 4354/8098/815
f 4226/7900/816 4350/8093/816 4353/8097/816
f 4350/8093/817 4349/8092/817 4352/8096/817
f 4349/8092/818 4348/8091/818 4351/8095/818
f 4225/7898/819 4347/8090/819 4350/8094/819
f 4347/8089/820 4346/8086/820 4349/8092/820
f 4345/8084/821 4348/8091/821 4349/8092/821
f 4224/7897/822 4344/8083/822 4347/8090/822
f 4344/8082/823 4343/8081/823 4346/8087/823
f 4343/8081/824 4342/8080/824 4345/8085/824
f 4223/7896/825 4341/8078/825 4344/8083/825
f 4341/8079/826 4340/8077/826 4343/8081/826
f 4340/8077/827 4339/8076/827 4342/8080/827
f 4222/7894/828 4338/8075/828 4341/8079/828
f 4338/8075/829 4337/8074/829 4340/8077/829
f 4337/8074/830 4336/8073/830 4339/8076/830
f 4221/7892/831 4335/8072/831 4338/8075/831
f 4338/8075/832 4335/8072/832 4360/8108/832
f 4360/8108/832 4334/8069/832 4337/8074/832
f 4337/8074/833 4334/8069/833 4359/8107/833
f 4359/8107/1062 4333/8066/1062 4336/8073/1062
f 4221/7892/834 4220/7890/834 4332/8065/834
f 4332/8065/1063 4361/8111/1063 4335/8072/1063
f 4399/8186/835 4372/8132/835 4374/8135/835
f 4219/7888/836 4329/8058/836 4332/8065/836
f 4332/8065/837 4329/8058/837 4328/8057/837
f 4328/8057/837 4331/8062/837 4358/8104/837
f 4331/8062/838 4328/8057/838 4327/8056/838
f 4327/8056/1064 4330/8059/1064 4357/8102/1064
f 4218/7886/839 4326/8054/839 4329/8058/839
f 4326/8054/840 4325/8053/840 4328/8057/840
f 4325/8053/841 4324/8052/841 4327/8056/841
f 4217/7884/842 4323/8051/842 4326/8055/842
f 4323/8050/843 4322/8049/843 4325/8053/843
f 4322/8049/844 4321/8048/844 4324/8052/844
f 4216/7883/845 4320/8047/845 4323/8051/845
f 4320/8046/846 4319/8043/846 4322/8049/846
f 4319/8043/847 4318/8041/847 4321/8048/847
f 4215/7882/848 4317/8039/848 4320/8047/848
f 4317/8040/849 4316/8038/849 4319/8044/849
f 4316/8038/850 4315/8037/850 4318/8042/850
f 4214/7880/851 4314/8036/851 4317/8040/851
f 4313/8035/1065 4316/8038/1065 4317/8040/1065
f 4313/8035/853 4312/8034/853 4315/8037/853
f 4213/7878/949 4311/8033/949 4314/8036/949
f 4311/8033/855 4310/8032/855 4313/8035/855
f 4309/8031/856 4312/8034/856 4313/8035/856
f 4308/8030/857 4311/8033/857 4213/7878/857
f 4307/8029/858 4310/8032/858 4311/8033/858
f 4306/8028/859 4309/8031/859 4310/8032/859
f 4211/7874/860 4305/8027/860 4308/8030/860
f 4304/8026/861 4307/8029/861 4308/8030/861
f 4303/8025/862 4306/8028/862 4307/8029/862
f 4302/8024/863 4305/8027/863 4211/7874/863
f 4301/8023/864 4304/8026/864 4305/8027/864
f 4300/8022/865 4303/8025/865 4304/8026/865
f 4299/8021/866 4302/8024/866 4210/7872/866
f 4298/8019/867 4301/8023/867 4302/8024/867
f 4297/8018/868 4300/8022/868 4301/8023/868
f 4296/8016/869 4299/8020/869 4209/7870/869
f 4295/8013/870 4298/8019/870 4299/8021/870
f 4294/8011/871 4297/8018/871 4298/8019/871
f 4293/8010/872 4296/8017/872 4208/7868/872
f 4292/8009/873 4295/8014/873 4296/8017/873
f 4291/8008/874 4294/8012/874 4295/8014/874
f 4290/8007/875 4293/8010/875 4207/7866/875
f 4289/8006/950 4292/8009/950 4293/8010/950
f 4288/8005/877 4291/8008/877 4292/8009/877
f 4287/8004/878 4290/8007/878 4206/7864/878
f 4286/8003/879 4289/8006/879 4290/8007/879
f 4285/8002/880 4288/8005/880 4289/8006/880
f 4284/8001/881 4287/8004/881 4205/7862/881
f 4283/8000/882 4286/8003/882 4287/8004/882
f 4282/7999/883 4285/8002/883 4286/8003/883
f 4281/7998/884 4284/8001/884 4204/7860/884
f 4280/7997/885 4283/8000/885 4284/8001/885
f 4279/7996/886 4282/7999/886 4283/8000/886
f 4278/7995/887 4281/7998/887 4203/7858/887
f 4277/7994/888 4280/7997/888 4281/7998/888
f 4276/7993/889 4279/7996/889 4280/7997/889
f 4275/7990/890 4278/7995/890 4202/7856/890
f 4274/7988/891 4277/7994/891 4278/7995/891
f 4273/7986/892 4276/7993/892 4277/7994/892
f 4272/7984/893 4275/7991/893 4201/7854/893
f 4271/7983/894 4274/7989/894 4275/7992/894
f 4270/7982/895 4273/7987/895 4274/7989/895
f 4269/7981/896 4272/7985/896 4200/7852/896
f 4268/7980/897 4271/7983/897 4272/7985/897
f 4267/7979/898 4270/7982/898 4271/7983/898
f 4198/7848/899 4266/7978/899 4269/7981/899
f 4265/7977/1066 4268/7980/1066 4269/7981/1066
f 4264/7976/901 4267/7979/901 4268/7980/901
f 4261/7973/902 4266/7978/902 4198/7848/902
f 4262/7974/903 4265/7977/903 4266/7978/903
f 4262/7974/904 4263/7975/904 4264/7976/904
f 4364/8116/905 4359/8107/905 4334/8069/905
f 4331/8062/905 4357/8102/905 4364/8116/905
f 4378/8146/906 4375/8137/906 4377/8144/906
f 4387/8166/1067 4386/8164/1067 4368/8125/1067
f 4384/8160/1068 4370/8130/1068 4367/8122/1068
f 4365/8117/909 4360/8108/909 4335/8072/909
f 4332/8065/909 4358/8104/909 4365/8117/909
f 4370/8129/910 4371/8131/910 4366/8119/910
f 4368/8126/910 4366/8119/910 4371/8131/910
f 4398/8185/835 4373/8134/835 4372/8132/835
f 4389/8170/911 4385/8161/911 4367/8123/911
f 4397/8183/1069 4383/8155/1069 4373/8133/1069
f 4386/8163/911 4389/8170/911 4366/8120/911
f 4377/8143/913 4372/8132/913 4373/8134/913
f 4375/8138/913 4374/8135/913 4372/8132/913
f 4383/8155/1070 4382/8154/1070 4376/8141/1070
f 4381/8151/1071 4374/8136/1071 4375/8139/1071
f 4379/8147/906 4377/8144/906 4376/8142/906
f 4380/8148/928 4383/8156/928 4397/8182/928
f 4394/8178/1072 4392/8175/1072 4383/8157/1072
f 4390/8171/1073 4379/8147/1073 4382/8153/1073
f 4391/8173/1074 4381/8151/1074 4378/8145/1074
f 4392/8174/1075 4395/8180/1075 4382/8154/1075
f 4393/8176/1076 4378/8146/1076 4379/8147/1076
f 4391/8172/1077 4394/8178/1077 4380/8149/1077
f 4406/8200/923 4404/8196/923 4389/8170/923
f 4403/8193/924 4387/8165/924 4388/8168/924
f 4404/8196/923 4402/8192/923 4385/8161/923
f 4407/8202/924 4388/8168/924 4384/8159/924
f 4405/8199/1078 4384/8160/1078 4385/8162/1078
f 4403/8194/1079 4406/8201/1079 4386/8164/1079
f 4401/8190/1080 4387/8166/1080 4369/8128/1080
f 4396/8181/928 4401/8189/928 4381/8152/928
f 4331/8063/934 4362/8113/934 4394/8178/934
f 4358/8105/1081 4393/8176/1081 4390/8171/1081
f 4334/8070/1082 4360/8109/1082 4395/8180/1082
f 4331/8064/1083 4391/8173/1083 4393/8177/1083
f 4360/8110/930 4365/8118/930 4390/8171/930
f 4334/8071/1084 4392/8175/1084 4394/8178/1084
f 4387/8167/935 4401/8189/935 4396/8181/935
f 4401/8190/927 4400/8187/927 4374/8136/927
f 4388/8169/935 4396/8181/935 4397/8182/935
f 4397/8183/912 4398/8184/912 4370/8130/912
f 4398/8185/938 4399/8186/938 4371/8131/938
f 4371/8131/938 4399/8186/938 4400/8188/938
f 4330/8060/1085 4406/8201/1085 4403/8194/1085
f 4333/8067/1086 4359/8106/1086 4405/8199/1086
f 4359/8107/943 4364/8116/943 4407/8203/943
f 4333/8068/1087 4402/8192/1087 4404/8196/1087
f 4357/8102/1088 4403/8195/1088 4407/8203/1088
f 4330/8061/942 4363/8115/942 4404/8196/942
f 4473/8342/714 4472/8340/714 4603/8607/714
f 4472/8340/715 4474/8344/715 4606/8610/715
f 4474/8344/716 4475/8346/716 4609/8613/716
f 4475/8346/717 4476/8348/717 4612/8618/717
f 4476/8349/718 4477/8351/718 4615/8624/718
f 4477/8351/719 4478/8353/719 4618/8627/719
f 4478/8353/720 4479/8355/720 4621/8630/720
f 4479/8355/721 4480/8357/721 4624/8633/721
f 4480/8357/722 4481/8359/722 4627/8636/722
f 4481/8359/723 4482/8361/723 4630/8639/723
f 4482/8361/724 4483/8363/724 4633/8643/724
f 4483/8364/725 4484/8366/725 4636/8649/725
f 4484/8366/726 4485/8368/726 4639/8653/726
f 4485/8368/727 4486/8370/727 4642/8656/727
f 4486/8370/728 4487/8372/728 4645/8659/728
f 4487/8372/729 4488/8374/729 4648/8662/729
f 4648/8662/730 4488/8374/730 4489/8376/730
f 4651/8665/731 4489/8376/731 4490/8378/731
f 4654/8668/732 4490/8378/732 4491/8380/732
f 4657/8672/733 4491/8381/733 4492/8383/733
f 4660/8679/734 4492/8383/734 4493/8385/734
f 4663/8683/735 4493/8385/735 4494/8387/735
f 4494/8387/1057 4495/8389/1057 4669/8690/1057
f 4702/8745/737 4669/8690/737 4495/8389/737
f 4495/8389/737 4496/8391/737 4672/8697/737
f 4672/8697/1058 4496/8391/1058 4497/8393/1058
f 4675/8704/739 4497/8393/739 4498/8395/739
f 4678/8707/740 4498/8395/740 4499/8397/740
f 4681/8711/741 4499/8397/741 4500/8399/741
f 4684/8715/742 4500/8400/742 4501/8402/742
f 4687/8722/743 4501/8402/743 4502/8404/743
f 4461/8317/744 4459/8313/744 4529/8461/744
f 4502/8404/745 4503/8406/745 4693/8729/745
f 4503/8406/746 4473/8342/746 4602/8606/746
f 4470/8336/34 4408/8204/34 4410/8208/34
f 4410/8208/34 4412/8212/34 4414/8217/34
f 4414/8217/34 4416/8222/34 4418/8226/34
f 4418/8226/34 4420/8230/34 4422/8234/34
f 4422/8234/34 4424/8238/34 4426/8242/34
f 4426/8242/34 4428/8246/34 4430/8250/34
f 4430/8250/34 4432/8255/34 4434/8260/34
f 4434/8260/34 4436/8264/34 4438/8268/34
f 4438/8268/34 4440/8272/34 4442/8276/34
f 4442/8276/34 4444/8280/34 4446/8284/34
f 4446/8284/34 4448/8289/34 4450/8294/34
f 4450/8294/34 4452/8298/34 4454/8302/34
f 4454/8302/34 4456/8306/34 4458/8310/34
f 4458/8310/34 4460/8314/34 4462/8318/34
f 4462/8318/34 4464/8324/34 4466/8328/34
f 4466/8328/34 4468/8332/34 4470/8336/34
f 4470/8336/34 4410/8208/34 4414/8217/34
f 4414/8217/34 4418/8226/34 4422/8234/34
f 4422/8234/34 4426/8242/34 4430/8250/34
f 4430/8250/34 4434/8260/34 4438/8268/34
f 4438/8268/34 4442/8276/34 4446/8284/34
f 4446/8284/34 4450/8294/34 4454/8302/34
f 4454/8302/34 4458/8310/34 4462/8318/34
f 4462/8318/34 4466/8328/34 4470/8336/34
f 4470/8336/34 4414/8217/34 4422/8234/34
f 4422/8234/34 4430/8250/34 4438/8268/34
f 4438/8268/34 4446/8284/34 4454/8302/34
f 4454/8302/34 4462/8318/34 4470/8336/34
f 4470/8336/34 4422/8234/34 4438/8268/34
f 4411/8210/35 4472/8341/35 4473/8343/35
f 4413/8214/35 4474/8345/35 4472/8341/35
f 4413/8214/35 4415/8220/35 4475/8347/35
f 4417/8224/35 4476/8350/35 4475/8347/35
f 4417/8224/35 4419/8228/35 4477/8352/35
f 4419/8228/35 4421/8232/35 4478/8354/35
f 4421/8232/35 4423/8236/35 4479/8356/35
f 4423/8236/35 4425/8240/35 4480/8358/35
f 4425/8240/35 4427/8244/35 4481/8360/35
f 4429/8248/35 4482/8362/35 4481/8360/35
f 4429/8248/35 4431/8252/35 4483/8365/35
f 4431/8252/35 4433/8258/35 4484/8367/35
f 4435/8262/35 4485/8369/35 4484/8367/35
f 4435/8262/35 4437/8266/35 4486/8371/35
f 4439/8270/35 4487/8373/35 4486/8371/35
f 4441/8274/35 4488/8375/35 4487/8373/35
f 4441/8274/35 4443/8278/35 4489/8377/35
f 4443/8278/35 4445/8282/35 4490/8379/35
f 4447/8286/35 4491/8382/35 4490/8379/35
f 4449/8291/35 4492/8384/35 4491/8382/35
f 4451/8296/35 4493/8386/35 4492/8384/35
f 4453/8300/35 4494/8388/35 4493/8386/35
f 4455/8304/35 4495/8390/35 4494/8388/35
f 4455/8304/35 4457/8308/35 4496/8392/35
f 4459/8312/35 4497/8394/35 4496/8392/35
f 4461/8316/35 4498/8396/35 4497/8394/35
f 4463/8321/35 4499/8398/35 4498/8396/35
f 4465/8326/35 4500/8401/35 4499/8398/35
f 4467/8330/35 4501/8403/35 4500/8401/35
f 4469/8334/35 4502/8405/35 4501/8403/35
f 4471/8338/35 4503/8407/35 4502/8405/35
f 4409/8206/35 4473/8343/35 4503/8407/35
f 4506/8412/35 4504/8408/35 4505/8410/35
f 4505/8410/35 4535/8474/35 4534/8472/35
f 4534/8472/35 4533/8470/35 4532/8468/35
f 4532/8468/35 4531/8466/35 4530/8463/35
f 4530/8463/35 4529/8462/35 4528/8459/35
f 4528/8459/35 4527/8457/35 4526/8455/35
f 4526/8455/35 4525/8453/35 4524/8451/35
f 4524/8451/35 4523/8448/35 4522/8446/35
f 4522/8446/35 4521/8444/35 4520/8442/35
f 4520/8442/35 4519/8440/35 4518/8438/35
f 4518/8438/35 4517/8436/35 4516/8433/35
f 4516/8433/35 4515/8431/35 4514/8429/35
f 4514/8429/35 4513/8427/35 4512/8425/35
f 4512/8425/35 4511/8423/35 4510/8421/35
f 4510/8421/35 4509/8419/35 4508/8417/35
f 4508/8417/35 4507/8414/35 4506/8412/35
f 4506/8412/35 4505/8410/35 4534/8472/35
f 4534/8472/35 4532/8468/35 4530/8463/35
f 4530/8463/35 4528/8459/35 4526/8455/35
f 4526/8455/35 4524/8451/35 4522/8446/35
f 4522/8446/35 4520/8442/35 4518/8438/35
f 4518/8438/35 4516/8433/35 4514/8429/35
f 4514/8429/35 4512/8425/35 4510/8421/35
f 4510/8421/35 4508/8417/35 4506/8412/35
f 4506/8412/35 4534/8472/35 4530/8463/35
f 4530/8463/35 4526/8455/35 4522/8446/35
f 4522/8446/35 4518/8438/35 4514/8429/35
f 4514/8429/35 4510/8421/35 4506/8412/35
f 4506/8412/35 4530/8463/35 4522/8446/35
f 4433/8259/747 4516/8434/747 4517/8437/747
f 4463/8322/748 4461/8317/748 4530/8464/748
f 4435/8263/749 4517/8437/749 4518/8439/749
f 4409/8207/750 4505/8411/750 4504/8409/750
f 4465/8327/751 4463/8323/751 4531/8467/751
f 4437/8267/1089 4518/8439/1089 4519/8441/1089
f 4411/8211/753 4504/8409/753 4506/8413/753
f 4467/8331/754 4465/8327/754 4532/8469/754
f 4441/8275/755 4439/8271/755 4519/8441/755
f 4413/8215/756 4506/8413/756 4507/8415/756
f 4469/8335/946 4467/8331/946 4533/8471/946
f 4441/8275/758 4520/8443/758 4521/8445/758
f 4415/8221/759 4507/8416/759 4508/8418/759
f 4471/8339/760 4469/8335/760 4534/8473/760
f 4445/8283/761 4443/8279/761 4521/8445/761
f 4417/8225/762 4508/8418/762 4509/8420/762
f 4471/8339/1059 4535/8475/1059 4505/8411/1059
f 4445/8283/764 4522/8447/764 4523/8449/764
f 4419/8229/765 4509/8420/765 4510/8422/765
f 4449/8292/766 4447/8287/766 4523/8449/766
f 4421/8233/767 4510/8422/767 4511/8424/767
f 4451/8297/768 4449/8293/768 4524/8452/768
f 4423/8237/769 4511/8424/769 4512/8426/769
f 4453/8301/1090 4451/8297/1090 4525/8454/1090
f 4425/8241/771 4512/8426/771 4513/8428/771
f 4455/8305/772 4453/8301/772 4526/8456/772
f 4427/8245/773 4513/8428/773 4514/8430/773
f 4457/8309/774 4455/8305/774 4527/8458/774
f 4429/8249/775 4514/8430/775 4515/8432/775
f 4459/8313/776 4457/8309/776 4528/8460/776
f 4431/8253/777 4515/8432/777 4516/8435/777
f 4569/8538/34 4568/8536/34 4536/8476/34
f 4569/8538/34 4537/8478/34 4538/8481/34
f 4571/8542/34 4570/8540/34 4538/8481/34
f 4572/8545/34 4571/8542/34 4539/8482/34
f 4572/8545/34 4540/8485/34 4541/8486/34
f 4573/8547/34 4541/8486/34 4542/8488/34
f 4575/8551/34 4574/8549/34 4542/8488/34
f 4575/8551/34 4543/8490/34 4544/8492/34
f 4576/8553/34 4544/8492/34 4545/8494/34
f 4577/8555/34 4545/8494/34 4546/8496/34
f 4579/8559/34 4578/8557/34 4546/8496/34
f 4580/8561/34 4579/8559/34 4547/8498/34
f 4581/8564/34 4580/8561/34 4548/8501/34
f 4582/8566/34 4581/8564/34 4549/8503/34
f 4583/8568/34 4582/8566/34 4550/8504/34
f 4583/8568/34 4551/8506/34 4552/8508/34
f 4585/8572/34 4584/8570/34 4552/8508/34
f 4585/8572/34 4553/8510/34 4554/8513/34
f 4587/8576/34 4586/8574/34 4554/8513/34
f 4588/8578/34 4587/8576/34 4555/8514/34
f 4588/8578/34 4556/8515/34 4557/8516/34
f 4589/8581/34 4557/8516/34 4558/8518/34
f 4590/8583/34 4558/8518/34 4559/8520/34
f 4591/8585/34 4559/8520/34 4560/8522/34
f 4593/8589/34 4592/8587/34 4560/8522/34
f 4594/8591/34 4593/8589/34 4561/8524/34
f 4595/8594/34 4594/8591/34 4562/8527/34
f 4596/8596/34 4595/8594/34 4563/8528/34
f 4597/8598/34 4596/8596/34 4564/8529/34
f 4597/8598/34 4565/8531/34 4566/8532/34
f 4599/8602/34 4598/8600/34 4566/8532/34
f 4599/8602/34 4567/8535/34 4536/8476/34
f 4410/8209/778 4408/8205/778 4568/8537/778
f 4410/8209/779 4569/8539/779 4570/8541/779
f 4412/8213/780 4570/8541/780 4571/8543/780
f 4414/8218/781 4571/8544/781 4572/8546/781
f 4416/8223/782 4572/8546/782 4573/8548/782
f 4420/8231/783 4418/8227/783 4573/8548/783
f 4420/8231/784 4574/8550/784 4575/8552/784
f 4422/8235/785 4575/8552/785 4576/8554/785
f 4424/8239/786 4576/8554/786 4577/8556/786
f 4426/8243/787 4577/8556/787 4578/8558/787
f 4428/8247/788 4578/8558/788 4579/8560/788
f 4430/8251/789 4579/8560/789 4580/8562/789
f 4432/8256/790 4580/8563/790 4581/8565/790
f 4434/8261/791 4581/8565/791 4582/8567/791
f 4436/8265/792 4582/8567/792 4583/8569/792
f 4438/8269/793 4583/8569/793 4584/8571/793
f 4440/8273/794 4584/8571/794 4585/8573/794
f 4444/8281/795 4442/8277/795 4585/8573/795
f 4444/8281/796 4586/8575/796 4587/8577/796
f 4446/8285/797 4587/8577/797 4588/8579/797
f 4450/8295/798 4448/8290/798 4588/8580/798
f 4452/8299/799 4450/8295/799 4589/8582/799
f 4454/8303/800 4452/8299/800 4590/8584/800
f 4456/8307/801 4454/8303/801 4591/8586/801
f 4458/8311/802 4456/8307/802 4592/8588/802
f 4460/8315/803 4458/8311/803 4593/8590/803
f 4462/8319/804 4460/8315/804 4594/8592/804
f 4462/8320/805 4595/8595/805 4596/8597/805
f 4466/8329/806 4464/8325/806 4596/8597/806
f 4468/8333/807 4466/8329/807 4597/8599/807
f 4470/8337/808 4468/8333/808 4598/8601/808
f 4408/8205/809 4470/8337/809 4599/8603/809
f 4695/8731/810 4600/8604/810 4536/8477/810
f 4695/8731/811 4694/8730/811 4601/8605/811
f 4693/8729/812 4602/8606/812 4601/8605/812
f 4566/8533/813 4692/8728/813 4695/8731/813
f 4692/8728/814 4691/8727/814 4694/8730/814
f 4691/8727/815 4690/8726/815 4693/8729/815
f 4689/8724/816 4692/8728/816 4566/8533/816
f 4689/8724/817 4688/8723/817 4691/8727/817
f 4688/8723/818 4687/8722/818 4690/8726/818
f 4564/8529/819 4686/8721/819 4689/8725/819
f 4686/8720/820 4685/8717/820 4688/8723/820
f 4684/8715/821 4687/8722/821 4688/8723/821
f 4563/8528/822 4683/8714/822 4686/8721/822
f 4683/8713/823 4682/8712/823 4685/8718/823
f 4682/8712/824 4681/8711/824 4684/8716/824
f 4562/8527/825 4680/8709/825 4683/8714/825
f 4680/8710/826 4679/8708/826 4682/8712/826
f 4679/8708/827 4678/8707/827 4681/8711/827
f 4561/8525/828 4677/8706/828 4680/8710/828
f 4677/8706/829 4676/8705/829 4679/8708/829
f 4676/8705/830 4675/8704/830 4678/8707/830
f 4560/8523/831 4674/8703/831 4677/8706/831
f 4677/8706/832 4674/8703/832 4699/8739/832
f 4699/8739/832 4673/8700/832 4676/8705/832
f 4676/8705/833 4673/8700/833 4698/8738/833
f 4698/8738/1062 4672/8697/1062 4675/8704/1062
f 4560/8523/834 4559/8521/834 4671/8696/834
f 4700/8742/834 4674/8703/834 4560/8523/834
f 4738/8817/835 4711/8763/835 4713/8766/835
f 4558/8519/836 4668/8689/836 4671/8696/836
f 4671/8696/837 4668/8689/837 4667/8688/837
f 4667/8688/837 4670/8693/837 4697/8735/837
f 4670/8693/838 4667/8688/838 4666/8687/838
f 4666/8687/1064 4669/8690/1064 4696/8733/1064
f 4557/8517/839 4665/8685/839 4668/8689/839
f 4665/8685/840 4664/8684/840 4667/8688/840
f 4664/8684/841 4663/8683/841 4666/8687/841
f 4556/8515/842 4662/8682/842 4665/8686/842
f 4662/8681/843 4661/8680/843 4664/8684/843
f 4661/8680/844 4660/8679/844 4663/8683/844
f 4555/8514/845 4659/8677/845 4662/8682/845
f 4659/8676/846 4658/8674/846 4661/8680/846
f 4658/8674/847 4657/8672/847 4660/8679/847
f 4554/8513/848 4656/8670/848 4659/8677/848
f 4655/8669/849 4658/8675/849 4659/8678/849
f 4655/8669/850 4654/8668/850 4657/8673/850
f 4553/8511/851 4653/8667/851 4656/8671/851
f 4653/8667/1065 4652/8666/1065 4655/8669/1065
f 4651/8665/853 4654/8668/853 4655/8669/853
f 4552/8509/949 4650/8664/949 4653/8667/949
f 4649/8663/855 4652/8666/855 4653/8667/855
f 4649/8663/856 4648/8662/856 4651/8665/856
f 4551/8507/857 4647/8661/857 4650/8664/857
f 4646/8660/858 4649/8663/858 4650/8664/858
f 4645/8659/859 4648/8662/859 4649/8663/859
f 4550/8505/860 4644/8658/860 4647/8661/860
f 4644/8658/861 4643/8657/861 4646/8660/861
f 4642/8656/862 4645/8659/862 4646/8660/862
f 4641/8655/863 4644/8658/863 4550/8505/863
f 4640/8654/864 4643/8657/864 4644/8658/864
f 4639/8653/865 4642/8656/865 4643/8657/865
f 4548/8500/866 4638/8652/866 4641/8655/866
f 4637/8650/867 4640/8654/867 4641/8655/867
f 4636/8649/868 4639/8653/868 4640/8654/868
f 4635/8647/869 4638/8651/869 4548/8501/869
f 4634/8644/870 4637/8650/870 4638/8652/870
f 4633/8642/871 4636/8649/871 4637/8650/871
f 4632/8641/872 4635/8648/872 4547/8499/872
f 4631/8640/873 4634/8645/873 4635/8648/873
f 4630/8639/874 4633/8643/874 4634/8645/874
f 4629/8638/875 4632/8641/875 4546/8497/875
f 4628/8637/876 4631/8640/876 4632/8641/876
f 4627/8636/877 4630/8639/877 4631/8640/877
f 4626/8635/878 4629/8638/878 4545/8495/878
f 4625/8634/879 4628/8637/879 4629/8638/879
f 4624/8633/880 4627/8636/880 4628/8637/880
f 4623/8632/881 4626/8635/881 4544/8493/881
f 4622/8631/882 4625/8634/882 4626/8635/882
f 4621/8630/883 4624/8633/883 4625/8634/883
f 4620/8629/884 4623/8632/884 4543/8491/884
f 4619/8628/885 4622/8631/885 4623/8632/885
f 4618/8627/886 4621/8630/886 4622/8631/886
f 4617/8626/887 4620/8629/887 4542/8489/887
f 4616/8625/888 4619/8628/888 4620/8629/888
f 4615/8624/889 4618/8627/889 4619/8628/889
f 4614/8621/890 4617/8626/890 4541/8487/890
f 4613/8619/891 4616/8625/891 4617/8626/891
f 4612/8617/892 4615/8624/892 4616/8625/892
f 4611/8615/893 4614/8622/893 4540/8485/893
f 4610/8614/894 4613/8620/894 4614/8623/894
f 4609/8613/895 4612/8618/895 4613/8620/895
f 4608/8612/896 4611/8616/896 4539/8483/896
f 4607/8611/897 4610/8614/897 4611/8616/897
f 4606/8610/898 4609/8613/898 4610/8614/898
f 4537/8479/899 4605/8609/899 4608/8612/899
f 4604/8608/1066 4607/8611/1066 4608/8612/1066
f 4603/8607/901 4606/8610/901 4607/8611/901
f 4600/8604/902 4605/8609/902 4537/8479/902
f 4600/8604/903 4601/8605/903 4604/8608/903
f 4602/8606/904 4603/8607/904 4604/8608/904
f 4703/8747/905 4698/8738/905 4673/8700/905
f 4670/8693/905 4696/8733/905 4703/8747/905
f 4717/8777/906 4714/8768/906 4716/8775/906
f 4726/8797/1067 4725/8795/1067 4707/8756/1067
f 4723/8791/1068 4709/8761/1068 4706/8753/1068
f 4697/8735/1091 4704/8748/1091 4699/8739/1091
f 4699/8739/909 4674/8703/909 4700/8742/909
f 4700/8742/909 4671/8696/909 4697/8735/909
f 4709/8760/910 4710/8762/910 4705/8750/910
f 4707/8757/910 4705/8750/910 4710/8762/910
f 4737/8816/835 4712/8765/835 4711/8763/835
f 4728/8801/911 4724/8792/911 4706/8754/911
f 4736/8814/1069 4722/8786/1069 4712/8764/1069
f 4725/8794/911 4728/8801/911 4705/8751/911
f 4716/8774/913 4711/8763/913 4712/8765/913
f 4714/8769/913 4713/8766/913 4711/8763/913
f 4722/8786/1070 4721/8785/1070 4715/8772/1070
f 4720/8782/1071 4713/8767/1071 4714/8770/1071
f 4718/8778/906 4716/8775/906 4715/8773/906
f 4719/8779/928 4722/8787/928 4736/8813/928
f 4733/8809/1072 4731/8806/1072 4722/8788/1072
f 4729/8802/1073 4718/8778/1073 4721/8784/1073
f 4730/8804/1074 4720/8782/1074 4717/8776/1074
f 4731/8805/1075 4734/8811/1075 4721/8785/1075
f 4732/8807/1076 4717/8777/1076 4718/8778/1076
f 4730/8803/1077 4733/8809/1077 4719/8780/1077
f 4745/8831/923 4743/8827/923 4728/8801/923
f 4742/8824/924 4726/8796/924 4727/8799/924
f 4743/8827/923 4741/8823/923 4724/8792/923
f 4746/8833/924 4727/8799/924 4723/8790/924
f 4744/8830/1078 4723/8791/1078 4724/8793/1078
f 4742/8825/1079 4745/8832/1079 4725/8795/1079
f 4740/8821/1092 4726/8797/1092 4708/8759/1092
f 4735/8812/916 4740/8820/916 4720/8783/916
f 4670/8694/934 4701/8744/934 4733/8809/934
f 4697/8736/1081 4732/8807/1081 4729/8802/1081
f 4673/8701/1082 4699/8740/1082 4734/8811/1082
f 4670/8695/1093 4730/8804/1093 4732/8808/1093
f 4699/8741/930 4704/8749/930 4729/8802/930
f 4673/8702/1084 4731/8806/1084 4733/8809/1084
f 4726/8798/935 4740/8820/935 4735/8812/935
f 4740/8821/952 4739/8818/952 4713/8767/952
f 4727/8800/935 4735/8812/935 4736/8813/935
f 4736/8814/912 4737/8815/912 4709/8761/912
f 4737/8816/938 4738/8817/938 4710/8762/938
f 4710/8762/938 4738/8817/938 4739/8819/938
f 4669/8691/1085 4745/8832/1085 4742/8825/1085
f 4672/8698/1086 4698/8737/1086 4744/8830/1086
f 4698/8738/943 4703/8747/943 4746/8834/943
f 4672/8699/1087 4741/8823/1087 4743/8827/1087
f 4696/8733/1088 4742/8826/1088 4746/8834/1088
f 4669/8692/942 4702/8746/942 4743/8827/942
