# Blender 3.3.1
# www.blender.org
o Cylinder.003
v -0.000000 -0.002877 -0.774955
v -0.000000 0.397064 -0.959853
v 0.151186 -0.002877 -0.760064
v 0.187258 0.397064 -0.941410
v 0.296562 -0.002877 -0.715965
v 0.367320 0.397064 -0.886788
v 0.430542 -0.002877 -0.644352
v 0.533266 0.397064 -0.798089
v 0.547976 -0.002877 -0.547976
v 0.678719 0.397064 -0.678719
v 0.644352 -0.002877 -0.430542
v 0.798089 0.397064 -0.533266
v 0.715965 -0.002877 -0.296562
v 0.886788 0.397064 -0.367320
v 0.760064 -0.002877 -0.151186
v 0.941410 0.397064 -0.187258
v 0.774955 -0.002877 0.000000
v 0.959853 0.397064 0.000000
v 0.760064 -0.002877 0.151186
v 0.941410 0.397064 0.187258
v 0.715965 -0.002877 0.296562
v 0.886788 0.397064 0.367320
v 0.644352 -0.002877 0.430542
v 0.798089 0.397064 0.533266
v 0.547976 -0.002877 0.547976
v 0.678719 0.397064 0.678719
v 0.430542 -0.002877 0.644352
v 0.533266 0.397064 0.798089
v 0.296562 -0.002877 0.715965
v 0.367320 0.397064 0.886788
v 0.151186 -0.002877 0.760064
v 0.187258 0.397064 0.941410
v -0.000000 -0.002877 0.774955
v -0.000000 0.397064 0.959853
v -0.151186 -0.002877 0.760064
v -0.187258 0.397064 0.941410
v -0.296562 -0.002877 0.715965
v -0.367320 0.397064 0.886788
v -0.430542 -0.002877 0.644352
v -0.533266 0.397064 0.798089
v -0.547976 -0.002877 0.547976
v -0.678719 0.397064 0.678719
v -0.644352 -0.002877 0.430542
v -0.798089 0.397064 0.533266
v -0.715965 -0.002877 0.296562
v -0.886788 0.397064 0.367320
v -0.760064 -0.002877 0.151186
v -0.941410 0.397064 0.187258
v -0.774955 -0.002877 0.000000
v -0.959853 0.397064 0.000000
v -0.760064 -0.002877 -0.151186
v -0.941410 0.397064 -0.187258
v -0.715965 -0.002877 -0.296562
v -0.886788 0.397064 -0.367320
v -0.644352 -0.002877 -0.430542
v -0.798089 0.397064 -0.533266
v -0.547976 -0.002877 -0.547976
v -0.678719 0.397064 -0.678719
v -0.430542 -0.002877 -0.644352
v -0.533266 0.397064 -0.798089
v -0.296562 -0.002877 -0.715965
v -0.367320 0.397064 -0.886788
v -0.151186 -0.002877 -0.760064
v -0.187258 0.397064 -0.941410
v -0.000000 0.487422 -0.863047
v 0.168372 0.487422 -0.846464
v 0.330274 0.487422 -0.797351
v 0.479483 0.487422 -0.717597
v 0.610266 0.487422 -0.610266
v 0.717597 0.487422 -0.479483
v 0.797351 0.487422 -0.330274
v 0.846464 0.487422 -0.168372
v 0.863047 0.487422 0.000000
v 0.846464 0.487422 0.168372
v 0.797351 0.487422 0.330274
v 0.717597 0.487422 0.479483
v 0.610266 0.487422 0.610266
v 0.479483 0.487422 0.717597
v 0.330274 0.487422 0.797351
v 0.168372 0.487422 0.846464
v -0.000000 0.487422 0.863047
v -0.168372 0.487422 0.846464
v -0.330274 0.487422 0.797351
v -0.479483 0.487422 0.717597
v -0.610266 0.487422 0.610266
v -0.717597 0.487422 0.479483
v -0.797351 0.487422 0.330274
v -0.846464 0.487422 0.168372
v -0.863047 0.487422 0.000000
v -0.846464 0.487422 -0.168372
v -0.797351 0.487422 -0.330274
v -0.717597 0.487422 -0.479483
v -0.610266 0.487422 -0.610266
v -0.479483 0.487422 -0.717597
v -0.330274 0.487422 -0.797351
v -0.168372 0.487422 -0.846464
v 0.187258 0.487422 -0.941410
v -0.000000 0.487422 -0.959853
v 0.367320 0.487422 -0.886788
v 0.533266 0.487422 -0.798089
v 0.678719 0.487422 -0.678719
v 0.798089 0.487422 -0.533266
v 0.886788 0.487422 -0.367320
v 0.941410 0.487422 -0.187258
v 0.959853 0.487422 0.000000
v 0.941410 0.487422 0.187258
v 0.886788 0.487422 0.367320
v 0.798089 0.487422 0.533266
v 0.678719 0.487422 0.678719
v 0.533266 0.487422 0.798089
v 0.367320 0.487422 0.886788
v 0.187258 0.487422 0.941410
v -0.000000 0.487422 0.959853
v -0.187258 0.487422 0.941410
v -0.367320 0.487422 0.886788
v -0.533266 0.487422 0.798089
v -0.678719 0.487422 0.678719
v -0.798089 0.487422 0.533266
v -0.886788 0.487422 0.367320
v -0.941410 0.487422 0.187258
v -0.959853 0.487422 0.000000
v -0.941410 0.487422 -0.187258
v -0.886788 0.487422 -0.367320
v -0.798089 0.487422 -0.533266
v -0.678719 0.487422 -0.678719
v -0.533266 0.487422 -0.798089
v -0.367320 0.487422 -0.886788
v -0.187258 0.487422 -0.941410
v 0.000000 0.439954 -0.863047
v 0.168372 0.439954 -0.846464
v 0.330274 0.439954 -0.797351
v 0.479483 0.439954 -0.717597
v 0.610266 0.439954 -0.610266
v 0.717597 0.439954 -0.479483
v 0.797351 0.439954 -0.330274
v 0.846464 0.439954 -0.168372
v 0.863047 0.439954 0.000000
v 0.846464 0.439954 0.168372
v 0.797351 0.439954 0.330274
v 0.717597 0.439954 0.479483
v 0.610266 0.439954 0.610266
v 0.479483 0.439954 0.717597
v 0.330274 0.439954 0.797351
v 0.168372 0.439954 0.846464
v 0.000000 0.439954 0.863047
v -0.168372 0.439954 0.846464
v -0.330274 0.439954 0.797351
v -0.479483 0.439954 0.717597
v -0.610266 0.439954 0.610266
v -0.717597 0.439954 0.479483
v -0.797351 0.439954 0.330274
v -0.846464 0.439954 0.168372
v -0.863047 0.439954 0.000000
v -0.846464 0.439954 -0.168372
v -0.797351 0.439954 -0.330274
v -0.717597 0.439954 -0.479483
v -0.610266 0.439954 -0.610266
v -0.479483 0.439954 -0.717597
v -0.330274 0.439954 -0.797351
v -0.168372 0.439954 -0.846464
v -0.000000 0.538443 -0.000000
v 0.000000 0.583500 -0.099818
v 0.000000 0.569960 -0.149388
v 0.000000 0.552269 -0.176215
v 0.000000 0.542695 -0.179667
v 0.000000 0.533121 -0.176215
v 0.000000 0.515430 -0.149388
v 0.006838 0.590828 -0.034378
v 0.013414 0.588035 -0.067435
v 0.019474 0.583500 -0.097900
v 0.024785 0.577397 -0.124603
v 0.029144 0.569960 -0.146517
v 0.032383 0.561475 -0.162801
v 0.034378 0.552269 -0.172829
v 0.035051 0.542695 -0.176215
v 0.034378 0.533121 -0.172829
v 0.032383 0.523914 -0.162801
v 0.029144 0.515430 -0.146517
v 0.024785 0.507993 -0.124603
v 0.019474 0.501890 -0.097900
v 0.013414 0.497355 -0.067435
v 0.006838 0.494562 -0.034378
v 0.013414 0.590828 -0.032383
v 0.026312 0.588035 -0.063522
v 0.038199 0.583500 -0.092220
v 0.048618 0.577397 -0.117373
v 0.057168 0.569960 -0.138016
v 0.063522 0.561475 -0.153356
v 0.067435 0.552269 -0.162801
v 0.068756 0.542695 -0.165991
v 0.067435 0.533121 -0.162801
v 0.063522 0.523914 -0.153356
v 0.057168 0.515430 -0.138016
v 0.048618 0.507993 -0.117373
v 0.038199 0.501890 -0.092220
v 0.026312 0.497355 -0.063522
v 0.013414 0.494562 -0.032383
v 0.019474 0.590828 -0.029144
v 0.038199 0.588035 -0.057168
v 0.055456 0.583500 -0.082995
v 0.070582 0.577397 -0.105633
v 0.082995 0.569960 -0.124211
v 0.092220 0.561475 -0.138016
v 0.097900 0.552269 -0.146517
v 0.099818 0.542695 -0.149388
v 0.097900 0.533121 -0.146517
v 0.092220 0.523914 -0.138016
v 0.082995 0.515430 -0.124211
v 0.070582 0.507993 -0.105633
v 0.055456 0.501890 -0.082995
v 0.038199 0.497355 -0.057168
v 0.019474 0.494562 -0.029144
v 0.024785 0.590828 -0.024785
v 0.048618 0.588035 -0.048618
v 0.070582 0.583500 -0.070582
v 0.089834 0.577397 -0.089834
v 0.105633 0.569960 -0.105633
v 0.117373 0.561475 -0.117373
v 0.124603 0.552269 -0.124603
v 0.127044 0.542695 -0.127044
v 0.124603 0.533121 -0.124603
v 0.117373 0.523914 -0.117373
v 0.105633 0.515430 -0.105633
v 0.089834 0.507993 -0.089834
v 0.070582 0.501890 -0.070582
v 0.048618 0.497355 -0.048618
v 0.024785 0.494562 -0.024785
v 0.029144 0.590828 -0.019473
v 0.057168 0.588035 -0.038199
v 0.082995 0.583500 -0.055456
v 0.105633 0.577397 -0.070582
v 0.124211 0.569960 -0.082995
v 0.138016 0.561475 -0.092220
v 0.146517 0.552269 -0.097900
v 0.149388 0.542695 -0.099818
v 0.146517 0.533121 -0.097900
v 0.138016 0.523914 -0.092220
v 0.124211 0.515430 -0.082995
v 0.105633 0.507993 -0.070582
v 0.082995 0.501890 -0.055456
v 0.057168 0.497355 -0.038199
v 0.029144 0.494562 -0.019473
v 0.000000 0.591771 -0.000000
v 0.032383 0.590828 -0.013414
v 0.063522 0.588035 -0.026312
v 0.092220 0.583500 -0.038199
v 0.117373 0.577397 -0.048618
v 0.138016 0.569960 -0.057168
v 0.153356 0.561475 -0.063522
v 0.162801 0.552269 -0.067435
v 0.165991 0.542695 -0.068756
v 0.162801 0.533121 -0.067435
v 0.153356 0.523914 -0.063522
v 0.138016 0.515430 -0.057168
v 0.117373 0.507993 -0.048618
v 0.092220 0.501890 -0.038199
v 0.063522 0.497355 -0.026312
v 0.032383 0.494562 -0.013414
v 0.034378 0.590828 -0.006838
v 0.067435 0.588035 -0.013414
v 0.097900 0.583500 -0.019473
v 0.124603 0.577397 -0.024785
v 0.146517 0.569960 -0.029144
v 0.162801 0.561475 -0.032383
v 0.172829 0.552269 -0.034378
v 0.176215 0.542695 -0.035051
v 0.172829 0.533121 -0.034378
v 0.162801 0.523914 -0.032383
v 0.146517 0.515430 -0.029144
v 0.124603 0.507993 -0.024785
v 0.097900 0.501890 -0.019473
v 0.067435 0.497355 -0.013414
v 0.034378 0.494562 -0.006838
v 0.035051 0.590828 -0.000000
v 0.068756 0.588035 -0.000000
v 0.099818 0.583500 -0.000000
v 0.127044 0.577397 -0.000000
v 0.149388 0.569960 -0.000000
v 0.165991 0.561475 -0.000000
v 0.176215 0.552269 -0.000000
v 0.179667 0.542695 0.000000
v 0.176215 0.533121 -0.000000
v 0.165991 0.523914 -0.000000
v 0.149388 0.515430 -0.000000
v 0.127044 0.507993 -0.000000
v 0.099818 0.501890 -0.000000
v 0.068756 0.497355 -0.000000
v 0.035051 0.494562 -0.000000
v 0.034378 0.590828 0.006838
v 0.067435 0.588035 0.013414
v 0.097900 0.583500 0.019473
v 0.124603 0.577397 0.024785
v 0.146517 0.569960 0.029144
v 0.162801 0.561475 0.032383
v 0.172829 0.552269 0.034378
v 0.176215 0.542695 0.035051
v 0.172829 0.533121 0.034378
v 0.162801 0.523914 0.032383
v 0.146517 0.515430 0.029144
v 0.124603 0.507993 0.024785
v 0.097900 0.501890 0.019473
v 0.067435 0.497355 0.013414
v 0.034378 0.494562 0.006838
v 0.032383 0.590828 0.013414
v 0.063522 0.588035 0.026312
v 0.092220 0.583500 0.038199
v 0.117373 0.577397 0.048618
v 0.138016 0.569960 0.057168
v 0.153356 0.561475 0.063522
v 0.162801 0.552269 0.067435
v 0.165991 0.542695 0.068756
v 0.162801 0.533121 0.067435
v 0.153356 0.523914 0.063522
v 0.138016 0.515430 0.057168
v 0.117373 0.507993 0.048618
v 0.092220 0.501890 0.038199
v 0.063522 0.497355 0.026312
v 0.032383 0.494562 0.013414
v 0.029144 0.590828 0.019473
v 0.057168 0.588035 0.038199
v 0.082995 0.583500 0.055456
v 0.105633 0.577397 0.070582
v 0.124211 0.569960 0.082995
v 0.138016 0.561475 0.092220
v 0.146517 0.552269 0.097900
v 0.149388 0.542695 0.099818
v 0.146517 0.533121 0.097900
v 0.138016 0.523914 0.092220
v 0.124211 0.515430 0.082995
v 0.105633 0.507993 0.070582
v 0.082995 0.501890 0.055456
v 0.057168 0.497355 0.038199
v 0.029144 0.494562 0.019473
v 0.024785 0.590828 0.024785
v 0.048618 0.588035 0.048618
v 0.070582 0.583500 0.070582
v 0.089834 0.577397 0.089834
v 0.105633 0.569960 0.105633
v 0.117373 0.561475 0.117373
v 0.124603 0.552269 0.124603
v 0.127044 0.542695 0.127044
v 0.124603 0.533121 0.124603
v 0.117373 0.523914 0.117373
v 0.105633 0.515430 0.105633
v 0.089834 0.507993 0.089834
v 0.070582 0.501890 0.070582
v 0.048618 0.497355 0.048618
v 0.024785 0.494562 0.024785
v 0.019474 0.590828 0.029144
v 0.038199 0.588035 0.057168
v 0.055456 0.583500 0.082995
v 0.070582 0.577397 0.105633
v 0.082995 0.569960 0.124211
v 0.092220 0.561475 0.138016
v 0.097900 0.552269 0.146517
v 0.099818 0.542695 0.149388
v 0.097900 0.533121 0.146517
v 0.092220 0.523914 0.138016
v 0.082995 0.515430 0.124211
v 0.070582 0.507993 0.105633
v 0.055456 0.501890 0.082995
v 0.038199 0.497355 0.057168
v 0.019474 0.494562 0.029144
v 0.013414 0.590828 0.032383
v 0.026312 0.588035 0.063522
v 0.038199 0.583500 0.092220
v 0.048618 0.577397 0.117373
v 0.057168 0.569960 0.138016
v 0.063522 0.561475 0.153355
v 0.067435 0.552269 0.162801
v 0.068756 0.542695 0.165991
v 0.067435 0.533121 0.162801
v 0.063522 0.523914 0.153355
v 0.057168 0.515430 0.138016
v 0.048618 0.507993 0.117373
v 0.038199 0.501890 0.092220
v 0.026312 0.497355 0.063522
v 0.013414 0.494562 0.032383
v 0.006838 0.590828 0.034378
v 0.013414 0.588035 0.067434
v 0.019473 0.583500 0.097900
v 0.024785 0.577397 0.124603
v 0.029144 0.569960 0.146517
v 0.032383 0.561475 0.162801
v 0.034378 0.552269 0.172829
v 0.035051 0.542695 0.176215
v 0.034378 0.533121 0.172829
v 0.032383 0.523914 0.162801
v 0.029144 0.515430 0.146517
v 0.024785 0.507993 0.124603
v 0.019473 0.501890 0.097900
v 0.013414 0.497355 0.067434
v 0.006838 0.494562 0.034378
v 0.000000 0.590828 0.035051
v 0.000000 0.588035 0.068756
v 0.000000 0.583500 0.099818
v 0.000000 0.577397 0.127044
v 0.000000 0.569960 0.149388
v 0.000000 0.561475 0.165991
v 0.000000 0.552269 0.176215
v -0.000000 0.542695 0.179667
v 0.000000 0.533121 0.176215
v 0.000000 0.523914 0.165991
v 0.000000 0.515430 0.149388
v 0.000000 0.507993 0.127044
v 0.000000 0.501890 0.099818
v 0.000000 0.497355 0.068756
v 0.000000 0.494562 0.035051
v -0.006838 0.590828 0.034378
v -0.013414 0.588035 0.067434
v -0.019473 0.583500 0.097900
v -0.024785 0.577397 0.124603
v -0.029144 0.569960 0.146517
v -0.032383 0.561475 0.162801
v -0.034378 0.552269 0.172829
v -0.035051 0.542695 0.176215
v -0.034378 0.533121 0.172829
v -0.032383 0.523914 0.162801
v -0.029144 0.515430 0.146517
v -0.024785 0.507993 0.124603
v -0.019473 0.501890 0.097900
v -0.013414 0.497355 0.067434
v -0.006838 0.494562 0.034378
v -0.013414 0.590828 0.032383
v -0.026312 0.588035 0.063522
v -0.038199 0.583500 0.092219
v -0.048618 0.577397 0.117373
v -0.057168 0.569960 0.138016
v -0.063522 0.561475 0.153355
v -0.067434 0.552269 0.162801
v -0.068756 0.542695 0.165991
v -0.067434 0.533121 0.162801
v -0.063522 0.523914 0.153355
v -0.057168 0.515430 0.138016
v -0.048618 0.507993 0.117373
v -0.038199 0.501890 0.092219
v -0.026312 0.497355 0.063522
v -0.013414 0.494562 0.032383
v -0.019473 0.590828 0.029144
v -0.038199 0.588035 0.057168
v -0.055456 0.583500 0.082995
v -0.070582 0.577397 0.105633
v -0.082995 0.569960 0.124211
v -0.092219 0.561475 0.138016
v -0.097900 0.552269 0.146517
v -0.099818 0.542695 0.149388
v -0.097900 0.533121 0.146517
v -0.092219 0.523914 0.138016
v -0.082995 0.515430 0.124211
v -0.070582 0.507993 0.105633
v -0.055456 0.501890 0.082995
v -0.038199 0.497355 0.057168
v -0.019473 0.494562 0.029144
v -0.024785 0.590828 0.024785
v -0.048618 0.588035 0.048618
v -0.070582 0.583500 0.070582
v -0.089834 0.577397 0.089834
v -0.105633 0.569960 0.105633
v -0.117373 0.561475 0.117373
v -0.124603 0.552269 0.124603
v -0.127044 0.542695 0.127044
v -0.124603 0.533121 0.124603
v -0.117373 0.523914 0.117373
v -0.105633 0.515430 0.105633
v -0.089834 0.507993 0.089834
v -0.070582 0.501890 0.070582
v -0.048618 0.497355 0.048618
v -0.024785 0.494562 0.024785
v 0.000000 0.493619 -0.000000
v -0.029144 0.590828 0.019473
v -0.057168 0.588035 0.038199
v -0.082995 0.583500 0.055456
v -0.105633 0.577397 0.070582
v -0.124211 0.569960 0.082995
v -0.138016 0.561475 0.092220
v -0.146517 0.552269 0.097900
v -0.149388 0.542695 0.099818
v -0.146517 0.533121 0.097900
v -0.138016 0.523914 0.092220
v -0.124211 0.515430 0.082995
v -0.105633 0.507993 0.070582
v -0.082995 0.501890 0.055456
v -0.057168 0.497355 0.038199
v -0.029144 0.494562 0.019473
v -0.032383 0.590828 0.013414
v -0.063522 0.588035 0.026312
v -0.092219 0.583500 0.038199
v -0.117373 0.577397 0.048618
v -0.138016 0.569960 0.057168
v -0.153355 0.561475 0.063522
v -0.162801 0.552269 0.067434
v -0.165991 0.542695 0.068756
v -0.162801 0.533121 0.067434
v -0.153355 0.523914 0.063522
v -0.138016 0.515430 0.057168
v -0.117373 0.507993 0.048618
v -0.092219 0.501890 0.038199
v -0.063522 0.497355 0.026312
v -0.032383 0.494562 0.013414
v -0.034378 0.590828 0.006838
v -0.067434 0.588035 0.013414
v -0.097900 0.583500 0.019473
v -0.124603 0.577397 0.024785
v -0.146517 0.569960 0.029144
v -0.162801 0.561475 0.032383
v -0.172829 0.552269 0.034378
v -0.176215 0.542695 0.035051
v -0.172829 0.533121 0.034378
v -0.162801 0.523914 0.032383
v -0.146517 0.515430 0.029144
v -0.124603 0.507993 0.024785
v -0.097900 0.501890 0.019473
v -0.067434 0.497355 0.013414
v -0.034378 0.494562 0.006838
v -0.035051 0.590828 -0.000000
v -0.068756 0.588035 -0.000000
v -0.099818 0.583500 -0.000000
v -0.127044 0.577397 -0.000000
v -0.149388 0.569960 -0.000000
v -0.165991 0.561475 -0.000000
v -0.176215 0.552269 -0.000000
v -0.179667 0.542695 -0.000000
v -0.176215 0.533121 -0.000000
v -0.165991 0.523914 -0.000000
v -0.149388 0.515430 -0.000000
v -0.127044 0.507993 -0.000000
v -0.099818 0.501890 -0.000000
v -0.068756 0.497355 -0.000000
v -0.035051 0.494562 -0.000000
v -0.034378 0.590828 -0.006838
v -0.067434 0.588035 -0.013414
v -0.097900 0.583500 -0.019474
v -0.124603 0.577397 -0.024785
v -0.146517 0.569960 -0.029144
v -0.162801 0.561475 -0.032383
v -0.172829 0.552269 -0.034378
v -0.176215 0.542695 -0.035051
v -0.172829 0.533121 -0.034378
v -0.162801 0.523914 -0.032383
v -0.146517 0.515430 -0.029144
v -0.124603 0.507993 -0.024785
v -0.097900 0.501890 -0.019474
v -0.067434 0.497355 -0.013414
v -0.034378 0.494562 -0.006838
v -0.032383 0.590828 -0.013414
v -0.063522 0.588035 -0.026312
v -0.092219 0.583500 -0.038199
v -0.117373 0.577397 -0.048618
v -0.138016 0.569960 -0.057168
v -0.153355 0.561475 -0.063522
v -0.162801 0.552269 -0.067435
v -0.165991 0.542695 -0.068756
v -0.162801 0.533121 -0.067435
v -0.153355 0.523914 -0.063522
v -0.138016 0.515430 -0.057168
v -0.117373 0.507993 -0.048618
v -0.092219 0.501890 -0.038199
v -0.063522 0.497355 -0.026312
v -0.032383 0.494562 -0.013414
v -0.029144 0.590828 -0.019473
v -0.057168 0.588035 -0.038199
v -0.082995 0.583500 -0.055456
v -0.105633 0.577397 -0.070582
v -0.124211 0.569960 -0.082995
v -0.138016 0.561475 -0.092220
v -0.146517 0.552269 -0.097900
v -0.149388 0.542695 -0.099818
v -0.146517 0.533121 -0.097900
v -0.138016 0.523914 -0.092220
v -0.124211 0.515430 -0.082995
v -0.105633 0.507993 -0.070582
v -0.082995 0.501890 -0.055456
v -0.057168 0.497355 -0.038199
v -0.029144 0.494562 -0.019473
v -0.024785 0.590828 -0.024785
v -0.048618 0.588035 -0.048618
v -0.070582 0.583500 -0.070582
v -0.089833 0.577397 -0.089834
v -0.105633 0.569960 -0.105633
v -0.117373 0.561475 -0.117373
v -0.124603 0.552269 -0.124603
v -0.127044 0.542695 -0.127044
v -0.124603 0.533121 -0.124603
v -0.117373 0.523914 -0.117373
v -0.105633 0.515430 -0.105633
v -0.089833 0.507993 -0.089834
v -0.070582 0.501890 -0.070582
v -0.048618 0.497355 -0.048618
v -0.024785 0.494562 -0.024785
v -0.019473 0.590828 -0.029144
v -0.038199 0.588035 -0.057168
v -0.055456 0.583500 -0.082995
v -0.070582 0.577397 -0.105633
v -0.082995 0.569960 -0.124211
v -0.092219 0.561475 -0.138016
v -0.097900 0.552269 -0.146517
v -0.099818 0.542695 -0.149388
v -0.097900 0.533121 -0.146517
v -0.092219 0.523914 -0.138016
v -0.082995 0.515430 -0.124211
v -0.070582 0.507993 -0.105633
v -0.055456 0.501890 -0.082995
v -0.038199 0.497355 -0.057168
v -0.019473 0.494562 -0.029144
v -0.013414 0.590828 -0.032383
v -0.026312 0.588035 -0.063522
v -0.038198 0.583500 -0.092220
v -0.048618 0.577397 -0.117373
v -0.057168 0.569960 -0.138016
v -0.063522 0.561475 -0.153355
v -0.067434 0.552269 -0.162801
v -0.068755 0.542695 -0.165991
v -0.067434 0.533121 -0.162801
v -0.063522 0.523914 -0.153355
v -0.057168 0.515430 -0.138016
v -0.048618 0.507993 -0.117373
v -0.038198 0.501890 -0.092220
v -0.026312 0.497355 -0.063522
v -0.013414 0.494562 -0.032383
v -0.006838 0.590828 -0.034378
v -0.013414 0.588035 -0.067435
v -0.019473 0.583500 -0.097900
v -0.024785 0.577397 -0.124603
v -0.029144 0.569960 -0.146517
v -0.032383 0.561475 -0.162801
v -0.034378 0.552269 -0.172829
v -0.035051 0.542695 -0.176215
v -0.034378 0.533121 -0.172829
v -0.032383 0.523914 -0.162801
v -0.029144 0.515430 -0.146517
v -0.024785 0.507993 -0.124603
v -0.019473 0.501890 -0.097900
v -0.013414 0.497355 -0.067435
v -0.006838 0.494562 -0.034378
v 0.000000 0.590828 -0.035051
v 0.000000 0.588035 -0.068756
v 0.000000 0.577397 -0.127044
v 0.000000 0.561475 -0.165991
v 0.000000 0.523914 -0.165991
v 0.000000 0.507993 -0.127044
v 0.000000 0.501890 -0.099818
v 0.000000 0.497355 -0.068756
v 0.000000 0.494562 -0.035051
vn 0.0890 -0.4180 -0.9041
vn 0.2637 -0.4180 -0.8693
vn 0.4282 -0.4180 -0.8012
vn 0.5763 -0.4180 -0.7022
vn 0.7022 -0.4180 -0.5763
vn 0.8012 -0.4180 -0.4282
vn 0.8693 -0.4180 -0.2637
vn 0.9041 -0.4180 -0.0890
vn 0.9041 -0.4180 0.0890
vn 0.8693 -0.4180 0.2637
vn 0.8012 -0.4180 0.4282
vn 0.7022 -0.4180 0.5763
vn 0.5763 -0.4180 0.7022
vn 0.4282 -0.4180 0.8012
vn 0.2637 -0.4180 0.8693
vn 0.0890 -0.4180 0.9041
vn -0.0890 -0.4180 0.9041
vn -0.2637 -0.4180 0.8693
vn -0.4282 -0.4180 0.8012
vn -0.5763 -0.4180 0.7022
vn -0.7022 -0.4180 0.5763
vn -0.8012 -0.4180 0.4282
vn -0.8693 -0.4180 0.2637
vn -0.9041 -0.4180 0.0890
vn -0.9041 -0.4180 -0.0890
vn -0.8693 -0.4180 -0.2637
vn -0.8012 -0.4180 -0.4282
vn -0.7022 -0.4180 -0.5763
vn -0.5763 -0.4180 -0.7022
vn -0.4282 -0.4180 -0.8012
vn 0.0980 -0.0000 0.9952
vn -0.2637 -0.4180 -0.8693
vn -0.0890 -0.4180 -0.9041
vn -0.0000 -1.0000 -0.0000
vn 0.4714 -0.0000 -0.8819
vn -0.9952 -0.0000 -0.0980
vn 0.7730 -0.0000 0.6344
vn -0.7730 -0.0000 0.6344
vn -0.4714 -0.0000 -0.8819
vn 0.9952 -0.0000 -0.0980
vn -0.0980 -0.0000 0.9952
vn -0.9569 -0.0000 -0.2903
vn 0.6344 -0.0000 -0.7730
vn 0.6344 -0.0000 0.7730
vn -0.8819 -0.0000 0.4714
vn -0.2903 -0.0000 -0.9569
vn 0.9952 -0.0000 0.0980
vn -0.2903 -0.0000 0.9569
vn -0.8819 -0.0000 -0.4714
vn 0.7730 -0.0000 -0.6344
vn 0.4714 -0.0000 0.8819
vn -0.9569 -0.0000 0.2903
vn 0.0980 -0.0000 -0.9952
vn -0.0980 -0.0000 -0.9952
vn 0.9569 -0.0000 0.2903
vn -0.4714 -0.0000 0.8819
vn -0.7730 -0.0000 -0.6344
vn 0.8819 -0.0000 -0.4714
vn 0.2903 -0.0000 0.9569
vn -0.9952 -0.0000 0.0980
vn 0.2903 -0.0000 -0.9569
vn 0.8819 -0.0000 0.4714
vn -0.6344 -0.0000 0.7730
vn -0.6344 -0.0000 -0.7730
vn 0.9569 -0.0000 -0.2903
vn -0.0000 1.0000 -0.0000
vn 0.0112 0.9935 -0.1134
vn -0.0112 0.9935 -0.1134
vn -0.0331 0.9935 -0.1090
vn -0.0537 0.9935 -0.1005
vn -0.0723 0.9935 -0.0881
vn -0.0881 0.9935 -0.0723
vn -0.1005 0.9935 -0.0537
vn -0.1090 0.9935 -0.0331
vn -0.1134 0.9935 -0.0112
vn -0.1134 0.9935 0.0112
vn -0.1090 0.9935 0.0331
vn -0.1005 0.9935 0.0537
vn -0.0881 0.9935 0.0723
vn -0.0723 0.9935 0.0881
vn -0.0537 0.9935 0.1005
vn -0.0331 0.9935 0.1090
vn -0.0112 0.9935 0.1134
vn 0.0112 0.9935 0.1134
vn 0.0331 0.9935 0.1090
vn 0.0537 0.9935 0.1005
vn 0.0723 0.9935 0.0881
vn 0.0881 0.9935 0.0723
vn 0.1005 0.9935 0.0537
vn 0.1090 0.9935 0.0331
vn 0.1134 0.9935 0.0112
vn 0.1134 0.9935 -0.0112
vn 0.1090 0.9935 -0.0331
vn 0.1005 0.9935 -0.0537
vn 0.0881 0.9935 -0.0723
vn 0.0723 0.9935 -0.0881
vn 0.0537 0.9935 -0.1005
vn 0.0331 0.9935 -0.1090
vn 0.0142 -0.9894 -0.1445
vn 0.0658 0.7415 -0.6677
vn 0.0081 -0.9966 -0.0826
vn 0.0923 0.3378 -0.9367
vn 0.0026 0.9996 -0.0269
vn 0.0026 -0.9996 -0.0269
vn 0.0923 -0.3378 -0.9367
vn 0.0081 0.9966 -0.0826
vn 0.0658 -0.7415 -0.6677
vn 0.0142 0.9894 -0.1445
vn 0.0448 -0.8896 -0.4546
vn 0.0215 0.9756 -0.2187
vn 0.0311 -0.9484 -0.3156
vn 0.0311 0.9484 -0.3156
vn 0.0215 -0.9756 -0.2187
vn 0.0448 0.8896 -0.4546
vn 0.0638 -0.9756 -0.2103
vn 0.1326 0.8896 -0.4371
vn 0.0421 -0.9894 -0.1389
vn 0.1948 0.7415 -0.6420
vn 0.0241 -0.9966 -0.0794
vn 0.2732 0.3378 -0.9007
vn 0.0078 0.9996 -0.0259
vn 0.0078 -0.9996 -0.0259
vn 0.2732 -0.3378 -0.9007
vn 0.0241 0.9966 -0.0794
vn 0.1948 -0.7415 -0.6420
vn 0.0421 0.9894 -0.1389
vn 0.1326 -0.8896 -0.4371
vn 0.0638 0.9756 -0.2103
vn 0.0921 -0.9484 -0.3035
vn 0.0921 0.9484 -0.3035
vn 0.0391 0.9966 -0.0732
vn 0.3163 -0.7415 -0.5917
vn 0.0684 0.9894 -0.1280
vn 0.2153 -0.8896 -0.4029
vn 0.1036 0.9756 -0.1938
vn 0.1495 -0.9484 -0.2797
vn 0.1495 0.9484 -0.2797
vn 0.1036 -0.9756 -0.1938
vn 0.2153 0.8896 -0.4029
vn 0.0684 -0.9894 -0.1280
vn 0.3163 0.7415 -0.5917
vn 0.0391 -0.9966 -0.0732
vn 0.4437 0.3378 -0.8301
vn 0.0128 0.9996 -0.0238
vn 0.0127 -0.9996 -0.0238
vn 0.4437 -0.3378 -0.8301
vn 0.2898 0.8896 -0.3531
vn 0.0921 -0.9894 -0.1122
vn 0.4256 0.7415 -0.5186
vn 0.0526 -0.9966 -0.0641
vn 0.5971 0.3378 -0.7276
vn 0.0171 0.9996 -0.0209
vn 0.0171 -0.9996 -0.0209
vn 0.5971 -0.3378 -0.7276
vn 0.0526 0.9966 -0.0641
vn 0.4256 -0.7415 -0.5186
vn 0.0921 0.9894 -0.1122
vn 0.2898 -0.8896 -0.3531
vn 0.1394 0.9756 -0.1699
vn 0.2012 -0.9484 -0.2452
vn 0.2012 0.9484 -0.2452
vn 0.1394 -0.9756 -0.1699
vn 0.5186 -0.7415 -0.4256
vn 0.1122 0.9894 -0.0921
vn 0.3531 -0.8896 -0.2898
vn 0.1699 0.9756 -0.1394
vn 0.2452 -0.9484 -0.2012
vn 0.2452 0.9484 -0.2012
vn 0.1699 -0.9756 -0.1394
vn 0.3531 0.8896 -0.2898
vn 0.1122 -0.9894 -0.0921
vn 0.5186 0.7415 -0.4256
vn 0.0641 -0.9966 -0.0526
vn 0.7276 0.3378 -0.5971
vn 0.0209 0.9996 -0.0171
vn 0.0209 -0.9996 -0.0171
vn 0.7276 -0.3378 -0.5971
vn 0.0641 0.9966 -0.0526
vn 0.1280 -0.9894 -0.0684
vn 0.5917 0.7415 -0.3163
vn 0.0732 -0.9966 -0.0391
vn 0.8301 0.3378 -0.4437
vn 0.0238 0.9996 -0.0127
vn 0.0238 -0.9996 -0.0127
vn 0.8301 -0.3378 -0.4437
vn 0.0732 0.9966 -0.0391
vn 0.5917 -0.7415 -0.3163
vn 0.1280 0.9894 -0.0684
vn 0.4029 -0.8896 -0.2153
vn 0.1938 0.9756 -0.1036
vn 0.2797 -0.9484 -0.1495
vn 0.2797 0.9484 -0.1495
vn 0.1938 -0.9756 -0.1036
vn 0.4029 0.8896 -0.2153
vn 0.4371 -0.8896 -0.1326
vn 0.2103 0.9756 -0.0638
vn 0.3035 -0.9484 -0.0921
vn 0.3035 0.9484 -0.0921
vn 0.2103 -0.9756 -0.0638
vn 0.4371 0.8896 -0.1326
vn 0.1389 -0.9894 -0.0421
vn 0.6420 0.7415 -0.1948
vn 0.0794 -0.9966 -0.0241
vn 0.9007 0.3378 -0.2732
vn 0.0259 0.9996 -0.0078
vn 0.0259 -0.9996 -0.0078
vn 0.9007 -0.3378 -0.2732
vn 0.0794 0.9966 -0.0241
vn 0.6420 -0.7415 -0.1948
vn 0.1389 0.9894 -0.0421
vn 0.0826 -0.9966 -0.0081
vn 0.9367 0.3378 -0.0923
vn 0.0269 0.9996 -0.0026
vn 0.0269 -0.9996 -0.0026
vn 0.9367 -0.3378 -0.0923
vn 0.0826 0.9966 -0.0081
vn 0.6677 -0.7415 -0.0658
vn 0.1445 0.9894 -0.0142
vn 0.4546 -0.8896 -0.0448
vn 0.2187 0.9756 -0.0215
vn 0.3156 -0.9484 -0.0311
vn 0.3156 0.9484 -0.0311
vn 0.2187 -0.9756 -0.0215
vn 0.4546 0.8896 -0.0448
vn 0.1445 -0.9894 -0.0142
vn 0.6677 0.7415 -0.0658
vn 0.2187 0.9756 0.0215
vn 0.3156 -0.9484 0.0311
vn 0.3156 0.9484 0.0311
vn 0.2187 -0.9756 0.0215
vn 0.4546 0.8896 0.0448
vn 0.1445 -0.9894 0.0142
vn 0.6677 0.7415 0.0658
vn 0.0826 -0.9966 0.0081
vn 0.9367 0.3377 0.0923
vn 0.0269 0.9996 0.0026
vn 0.0269 -0.9996 0.0026
vn 0.9367 -0.3378 0.0923
vn 0.0826 0.9966 0.0081
vn 0.6677 -0.7415 0.0658
vn 0.1445 0.9894 0.0142
vn 0.4546 -0.8896 0.0448
vn 0.9007 0.3377 0.2732
vn 0.0259 0.9996 0.0078
vn 0.0259 -0.9996 0.0078
vn 0.9007 -0.3378 0.2732
vn 0.0794 0.9966 0.0241
vn 0.6420 -0.7415 0.1948
vn 0.1389 0.9894 0.0421
vn 0.4371 -0.8896 0.1326
vn 0.2103 0.9756 0.0638
vn 0.3035 -0.9484 0.0921
vn 0.3035 0.9484 0.0921
vn 0.2103 -0.9756 0.0638
vn 0.4371 0.8896 0.1326
vn 0.1389 -0.9894 0.0421
vn 0.6420 0.7415 0.1948
vn 0.0794 -0.9966 0.0241
vn 0.2797 -0.9484 0.1495
vn 0.2797 0.9484 0.1495
vn 0.1938 -0.9756 0.1036
vn 0.4029 0.8896 0.2153
vn 0.1280 -0.9894 0.0684
vn 0.5917 0.7415 0.3163
vn 0.0732 -0.9966 0.0391
vn 0.8301 0.3378 0.4437
vn 0.0238 0.9996 0.0127
vn 0.0238 -0.9996 0.0127
vn 0.8301 -0.3377 0.4437
vn 0.0732 0.9966 0.0391
vn 0.5917 -0.7415 0.3163
vn 0.1280 0.9894 0.0684
vn 0.4029 -0.8896 0.2153
vn 0.1938 0.9756 0.1036
vn 0.0209 0.9996 0.0171
vn 0.0209 -0.9996 0.0171
vn 0.7276 -0.3378 0.5971
vn 0.0641 0.9966 0.0526
vn 0.5186 -0.7415 0.4256
vn 0.1122 0.9894 0.0921
vn 0.3531 -0.8896 0.2898
vn 0.1699 0.9756 0.1394
vn 0.2452 -0.9484 0.2012
vn 0.2452 0.9484 0.2012
vn 0.1699 -0.9756 0.1394
vn 0.3531 0.8896 0.2898
vn 0.1122 -0.9894 0.0921
vn 0.5186 0.7415 0.4256
vn 0.0641 -0.9966 0.0526
vn 0.7276 0.3378 0.5971
vn 0.2012 0.9484 0.2452
vn 0.1394 -0.9756 0.1699
vn 0.2898 0.8896 0.3531
vn 0.0921 -0.9894 0.1122
vn 0.4256 0.7415 0.5186
vn 0.0526 -0.9966 0.0641
vn 0.5971 0.3378 0.7276
vn 0.0172 0.9996 0.0209
vn 0.0171 -0.9996 0.0209
vn 0.5971 -0.3378 0.7276
vn 0.0526 0.9966 0.0641
vn 0.4256 -0.7415 0.5186
vn 0.0921 0.9894 0.1122
vn 0.2898 -0.8896 0.3531
vn 0.1394 0.9756 0.1699
vn 0.2012 -0.9484 0.2452
vn 0.4437 -0.3378 0.8301
vn 0.0391 0.9966 0.0732
vn 0.3163 -0.7415 0.5917
vn 0.0684 0.9894 0.1280
vn 0.2153 -0.8896 0.4029
vn 0.1036 0.9756 0.1938
vn 0.1495 -0.9484 0.2797
vn 0.1495 0.9484 0.2797
vn 0.1036 -0.9756 0.1938
vn 0.2153 0.8896 0.4029
vn 0.0684 -0.9894 0.1280
vn 0.3163 0.7415 0.5917
vn 0.0391 -0.9966 0.0732
vn 0.4437 0.3378 0.8301
vn 0.0127 0.9996 0.0238
vn 0.0127 -0.9996 0.0238
vn 0.0638 -0.9756 0.2103
vn 0.1326 0.8896 0.4371
vn 0.0421 -0.9894 0.1389
vn 0.1948 0.7415 0.6420
vn 0.0241 -0.9966 0.0794
vn 0.2732 0.3378 0.9007
vn 0.0078 0.9996 0.0259
vn 0.0078 -0.9996 0.0259
vn 0.2732 -0.3378 0.9007
vn 0.0241 0.9966 0.0794
vn 0.1948 -0.7415 0.6420
vn 0.0421 0.9894 0.1389
vn 0.1326 -0.8896 0.4371
vn 0.0638 0.9756 0.2103
vn 0.0921 -0.9484 0.3035
vn 0.0921 0.9484 0.3035
vn 0.0658 -0.7415 0.6677
vn 0.0142 0.9894 0.1445
vn 0.0448 -0.8896 0.4546
vn 0.0215 0.9756 0.2187
vn 0.0311 -0.9484 0.3156
vn 0.0311 0.9484 0.3156
vn 0.0215 -0.9756 0.2187
vn 0.0448 0.8896 0.4546
vn 0.0142 -0.9894 0.1445
vn 0.0658 0.7415 0.6677
vn 0.0081 -0.9966 0.0826
vn 0.0923 0.3377 0.9367
vn 0.0026 0.9996 0.0269
vn 0.0026 -0.9996 0.0269
vn 0.0923 -0.3378 0.9367
vn 0.0081 0.9966 0.0826
vn -0.0142 -0.9894 0.1445
vn -0.0658 0.7415 0.6677
vn -0.0081 -0.9966 0.0826
vn -0.0923 0.3377 0.9367
vn -0.0026 0.9996 0.0269
vn -0.0026 -0.9996 0.0269
vn -0.0923 -0.3377 0.9367
vn -0.0081 0.9966 0.0826
vn -0.0658 -0.7415 0.6677
vn -0.0142 0.9894 0.1445
vn -0.0448 -0.8896 0.4546
vn -0.0215 0.9756 0.2187
vn -0.0311 -0.9484 0.3156
vn -0.0311 0.9484 0.3156
vn -0.0215 -0.9756 0.2187
vn -0.0448 0.8896 0.4546
vn -0.0421 0.9894 0.1389
vn -0.1326 -0.8896 0.4371
vn -0.0638 0.9756 0.2103
vn -0.0921 -0.9484 0.3035
vn -0.0921 0.9484 0.3035
vn -0.0638 -0.9756 0.2103
vn -0.1326 0.8896 0.4371
vn -0.0421 -0.9894 0.1389
vn -0.1948 0.7415 0.6420
vn -0.0241 -0.9966 0.0794
vn -0.2732 0.3377 0.9007
vn -0.0078 0.9996 0.0259
vn -0.0078 -0.9996 0.0259
vn -0.2732 -0.3377 0.9007
vn -0.0241 0.9966 0.0794
vn -0.1948 -0.7415 0.6420
vn -0.3163 0.7415 0.5917
vn -0.0391 -0.9966 0.0732
vn -0.4437 0.3377 0.8301
vn -0.0127 0.9996 0.0238
vn -0.0127 -0.9996 0.0238
vn -0.4437 -0.3377 0.8301
vn -0.0391 0.9966 0.0732
vn -0.3163 -0.7415 0.5917
vn -0.0684 0.9894 0.1280
vn -0.2153 -0.8896 0.4029
vn -0.1036 0.9756 0.1938
vn -0.1495 -0.9484 0.2797
vn -0.1495 0.9484 0.2797
vn -0.1036 -0.9756 0.1938
vn -0.2153 0.8896 0.4029
vn -0.0684 -0.9894 0.1280
vn -0.2898 -0.8896 0.3531
vn -0.1394 0.9756 0.1699
vn -0.2012 -0.9484 0.2452
vn -0.2012 0.9484 0.2452
vn -0.1394 -0.9756 0.1699
vn -0.2898 0.8896 0.3531
vn -0.0921 -0.9894 0.1122
vn -0.4256 0.7415 0.5186
vn -0.0526 -0.9966 0.0641
vn -0.5971 0.3377 0.7276
vn -0.0171 0.9996 0.0209
vn -0.0171 -0.9996 0.0209
vn -0.5971 -0.3378 0.7276
vn -0.0526 0.9966 0.0641
vn -0.4256 -0.7415 0.5186
vn -0.0921 0.9894 0.1122
vn -0.0641 -0.9966 0.0526
vn -0.7276 0.3377 0.5971
vn -0.0209 0.9996 0.0171
vn -0.0209 -0.9996 0.0171
vn -0.7276 -0.3377 0.5971
vn -0.0641 0.9966 0.0526
vn -0.5186 -0.7415 0.4256
vn -0.1122 0.9894 0.0921
vn -0.3531 -0.8896 0.2898
vn -0.1699 0.9756 0.1394
vn -0.2452 -0.9484 0.2012
vn -0.2452 0.9484 0.2012
vn -0.1699 -0.9756 0.1394
vn -0.3531 0.8896 0.2898
vn -0.1122 -0.9894 0.0921
vn -0.5186 0.7415 0.4256
vn -0.1938 0.9756 0.1036
vn -0.2797 -0.9484 0.1495
vn -0.2797 0.9484 0.1495
vn -0.1938 -0.9756 0.1036
vn -0.4029 0.8896 0.2153
vn -0.1280 -0.9894 0.0684
vn -0.5917 0.7415 0.3163
vn -0.0732 -0.9966 0.0391
vn -0.8301 0.3377 0.4437
vn -0.0238 0.9996 0.0127
vn -0.0238 -0.9996 0.0127
vn -0.8301 -0.3377 0.4437
vn -0.0732 0.9966 0.0391
vn -0.5917 -0.7415 0.3163
vn -0.1280 0.9894 0.0684
vn -0.4029 -0.8896 0.2153
vn -0.9007 0.3377 0.2732
vn -0.0259 0.9996 0.0078
vn -0.0259 -0.9996 0.0078
vn -0.9007 -0.3377 0.2732
vn -0.0794 0.9966 0.0241
vn -0.6420 -0.7415 0.1948
vn -0.1389 0.9894 0.0421
vn -0.4371 -0.8896 0.1326
vn -0.2103 0.9756 0.0638
vn -0.3035 -0.9484 0.0921
vn -0.3035 0.9484 0.0921
vn -0.2103 -0.9756 0.0638
vn -0.4371 0.8896 0.1326
vn -0.1389 -0.9894 0.0421
vn -0.6420 0.7415 0.1948
vn -0.0794 -0.9966 0.0241
vn -0.3156 -0.9484 0.0311
vn -0.3156 0.9484 0.0311
vn -0.2187 -0.9756 0.0215
vn -0.4546 0.8896 0.0448
vn -0.1445 -0.9894 0.0142
vn -0.6677 0.7415 0.0658
vn -0.0826 -0.9966 0.0081
vn -0.9367 0.3377 0.0923
vn -0.0269 0.9996 0.0026
vn -0.0269 -0.9996 0.0026
vn -0.9367 -0.3377 0.0923
vn -0.0826 0.9966 0.0081
vn -0.6677 -0.7415 0.0658
vn -0.1445 0.9894 0.0142
vn -0.4546 -0.8896 0.0448
vn -0.2187 0.9756 0.0215
vn -0.0269 -0.9996 -0.0026
vn -0.9367 -0.3378 -0.0923
vn -0.0826 0.9966 -0.0081
vn -0.6677 -0.7415 -0.0658
vn -0.1445 0.9894 -0.0142
vn -0.4546 -0.8896 -0.0448
vn -0.2187 0.9756 -0.0215
vn -0.3156 -0.9484 -0.0311
vn -0.3157 0.9484 -0.0311
vn -0.2187 -0.9756 -0.0215
vn -0.4546 0.8896 -0.0448
vn -0.1445 -0.9894 -0.0142
vn -0.6677 0.7415 -0.0658
vn -0.0826 -0.9966 -0.0081
vn -0.9367 0.3378 -0.0923
vn -0.0269 0.9996 -0.0026
vn -0.2103 -0.9756 -0.0638
vn -0.4371 0.8896 -0.1326
vn -0.1389 -0.9894 -0.0421
vn -0.6420 0.7415 -0.1948
vn -0.0794 -0.9966 -0.0241
vn -0.9007 0.3377 -0.2732
vn -0.0259 0.9996 -0.0078
vn -0.0259 -0.9996 -0.0078
vn -0.9007 -0.3377 -0.2732
vn -0.0794 0.9966 -0.0241
vn -0.6420 -0.7415 -0.1948
vn -0.1389 0.9894 -0.0421
vn -0.4371 -0.8896 -0.1326
vn -0.2103 0.9756 -0.0638
vn -0.3035 -0.9484 -0.0921
vn -0.3035 0.9484 -0.0921
vn -0.0732 0.9966 -0.0391
vn -0.5917 -0.7415 -0.3163
vn -0.1280 0.9894 -0.0684
vn -0.4029 -0.8896 -0.2153
vn -0.1938 0.9756 -0.1036
vn -0.2797 -0.9484 -0.1495
vn -0.2797 0.9484 -0.1495
vn -0.1938 -0.9756 -0.1036
vn -0.4029 0.8896 -0.2153
vn -0.1280 -0.9894 -0.0684
vn -0.5917 0.7415 -0.3163
vn -0.0732 -0.9966 -0.0391
vn -0.8301 0.3377 -0.4437
vn -0.0238 0.9996 -0.0127
vn -0.0238 -0.9996 -0.0127
vn -0.8301 -0.3378 -0.4437
vn -0.3531 0.8896 -0.2898
vn -0.1122 -0.9894 -0.0921
vn -0.5186 0.7415 -0.4256
vn -0.0641 -0.9966 -0.0526
vn -0.7276 0.3378 -0.5971
vn -0.0209 0.9996 -0.0171
vn -0.0209 -0.9996 -0.0171
vn -0.7276 -0.3377 -0.5971
vn -0.0641 0.9966 -0.0526
vn -0.5186 -0.7415 -0.4256
vn -0.1122 0.9894 -0.0921
vn -0.3531 -0.8896 -0.2898
vn -0.1699 0.9756 -0.1394
vn -0.2452 -0.9484 -0.2012
vn -0.2452 0.9484 -0.2012
vn -0.1699 -0.9756 -0.1394
vn -0.4256 -0.7415 -0.5186
vn -0.0921 0.9894 -0.1122
vn -0.2898 -0.8896 -0.3531
vn -0.1394 0.9756 -0.1699
vn -0.2012 -0.9484 -0.2452
vn -0.2012 0.9484 -0.2452
vn -0.1394 -0.9756 -0.1699
vn -0.2898 0.8896 -0.3531
vn -0.0921 -0.9894 -0.1122
vn -0.4256 0.7415 -0.5186
vn -0.0526 -0.9966 -0.0641
vn -0.5971 0.3377 -0.7276
vn -0.0172 0.9996 -0.0209
vn -0.0171 -0.9996 -0.0209
vn -0.5971 -0.3378 -0.7276
vn -0.0526 0.9966 -0.0641
vn -0.0684 -0.9894 -0.1280
vn -0.3163 0.7415 -0.5917
vn -0.0391 -0.9966 -0.0732
vn -0.4437 0.3377 -0.8301
vn -0.0127 0.9996 -0.0238
vn -0.0127 -0.9996 -0.0238
vn -0.4437 -0.3377 -0.8301
vn -0.0391 0.9966 -0.0732
vn -0.3163 -0.7415 -0.5917
vn -0.0684 0.9894 -0.1280
vn -0.2153 -0.8896 -0.4029
vn -0.1036 0.9756 -0.1938
vn -0.1495 -0.9484 -0.2797
vn -0.1495 0.9484 -0.2797
vn -0.1036 -0.9756 -0.1938
vn -0.2153 0.8896 -0.4029
vn -0.0421 0.9894 -0.1389
vn -0.1326 -0.8896 -0.4371
vn -0.0638 0.9756 -0.2103
vn -0.0921 -0.9484 -0.3035
vn -0.0921 0.9484 -0.3035
vn -0.0638 -0.9756 -0.2103
vn -0.1326 0.8896 -0.4371
vn -0.0421 -0.9894 -0.1389
vn -0.1948 0.7415 -0.6420
vn -0.0241 -0.9966 -0.0794
vn -0.2732 0.3377 -0.9007
vn -0.0078 0.9996 -0.0259
vn -0.0078 -0.9996 -0.0259
vn -0.2732 -0.3377 -0.9007
vn -0.0241 0.9966 -0.0794
vn -0.1948 -0.7415 -0.6420
vn -0.0658 0.7415 -0.6677
vn -0.0081 -0.9966 -0.0826
vn -0.0923 0.3378 -0.9367
vn -0.0026 0.9996 -0.0269
vn -0.0026 -0.9996 -0.0269
vn -0.0923 -0.3377 -0.9367
vn -0.0081 0.9966 -0.0826
vn -0.0658 -0.7415 -0.6677
vn -0.0142 0.9894 -0.1445
vn -0.0448 -0.8896 -0.4546
vn -0.0215 0.9756 -0.2187
vn -0.0311 -0.9484 -0.3156
vn -0.0311 0.9484 -0.3156
vn -0.0215 -0.9756 -0.2187
vn -0.0448 0.8896 -0.4546
vn -0.0142 -0.9894 -0.1445
vn 0.9367 0.3378 0.0923
vn 0.9007 -0.3377 0.2732
vn 0.8301 0.3377 0.4437
vn 0.8301 -0.3378 0.4437
vn 0.0923 0.3378 0.9367
vn 0.0923 -0.3377 0.9367
vn -0.0082 0.9966 0.0826
vn -0.4437 -0.3378 0.8301
vn -0.5971 0.3378 0.7276
vn -0.5971 -0.3377 0.7276
vn -0.9367 -0.3377 -0.0923
vn -0.3156 0.9484 -0.0311
vn -0.9367 0.3377 -0.0923
vn -0.9007 0.3378 -0.2732
vn -0.9007 -0.3378 -0.2732
vn -0.8301 0.3378 -0.4437
vn -0.8301 -0.3377 -0.4437
vn -0.7276 0.3377 -0.5971
vn -0.7276 -0.3378 -0.5971
vn -0.5971 0.3378 -0.7276
vn -0.5971 -0.3377 -0.7276
vn -0.0923 0.3377 -0.9367
vn -0.0923 -0.3378 -0.9367
vt 0.487574 0.554066
vt 0.481417 0.174720
vt 0.588728 0.549648
vt 0.487574 0.591101
vt 0.488642 0.138396
vt 0.588728 0.595520
vt 0.486921 0.627425
vt 0.502815 0.104180
vt 0.587919 0.640510
vt 0.485641 0.661642
vt 0.523391 0.073386
vt 0.586334 0.682890
vt 0.483783 0.692435
vt 0.549579 0.047198
vt 0.584031 0.721031
vt 0.621114 0.426544
vt 0.481417 0.718623
vt 0.580373 0.026622
vt 0.581102 0.753467
vt 0.720798 0.391700
vt 0.623479 0.452732
vt 0.614589 0.012449
vt 0.723728 0.424136
vt 0.625338 0.483526
vt 0.650913 0.005224
vt 0.726031 0.462277
vt 0.626618 0.517742
vt 0.687948 0.005224
vt 0.727616 0.504657
vt 0.627271 0.554066
vt 0.724272 0.012449
vt 0.728425 0.549648
vt 0.627271 0.591101
vt 0.758489 0.026622
vt 0.728425 0.595520
vt 0.626618 0.627425
vt 0.789283 0.047198
vt 0.727616 0.640510
vt 0.625338 0.661641
vt 0.815471 0.073386
vt 0.726031 0.682890
vt 0.623479 0.692435
vt 0.836046 0.104180
vt 0.723728 0.721031
vt 0.887694 0.659999
vt 0.621114 0.718623
vt 0.850219 0.138396
vt 0.720798 0.753467
vt 0.787445 0.688595
vt 0.885835 0.629205
vt 0.857445 0.174720
vt 0.785143 0.650454
vt 0.884555 0.594989
vt 0.857445 0.211756
vt 0.783557 0.608074
vt 0.883902 0.558665
vt 0.850219 0.248079
vt 0.782749 0.563083
vt 0.883902 0.521630
vt 0.836046 0.282296
vt 0.782749 0.517211
vt 0.884555 0.485306
vt 0.815471 0.313090
vt 0.783557 0.472221
vt 0.885835 0.451089
vt 0.789283 0.339278
vt 0.785143 0.429841
vt 0.994776 0.273523
vt 0.887694 0.420296
vt 0.758489 0.359854
vt 0.787445 0.391700
vt 0.894527 0.302119
vt 0.992917 0.242729
vt 0.724272 0.374026
vt 0.892225 0.263978
vt 0.991637 0.208513
vt 0.687948 0.381252
vt 0.890639 0.221598
vt 0.990984 0.172189
vt 0.650913 0.381252
vt 0.889831 0.176607
vt 0.990984 0.135154
vt 0.614589 0.374026
vt 0.889831 0.130736
vt 0.991637 0.098830
vt 0.580373 0.359854
vt 0.890639 0.085745
vt 0.992917 0.064614
vt 0.549579 0.339278
vt 0.892225 0.043365
vt 0.481417 0.426544
vt 0.994776 0.033820
vt 0.523391 0.313090
vt 0.894527 0.005224
vt 0.581102 0.391700
vt 0.483783 0.452732
vt 0.502815 0.282296
vt 0.584031 0.424136
vt 0.485641 0.483526
vt 0.488642 0.248079
vt 0.586334 0.462277
vt 0.486921 0.517742
vt 0.481417 0.211756
vt 0.587919 0.504657
vt 0.028710 0.217474
vt 0.939224 0.863651
vt 0.028710 0.258719
vt 0.938497 0.823198
vt 0.036757 0.299172
vt 0.938497 0.781953
vt 0.052541 0.337278
vt 0.939224 0.741500
vt 0.075456 0.371572
vt 0.940650 0.703394
vt 0.942720 0.669100
vt 0.104621 0.400737
vt 0.942720 0.658651
vt 0.138915 0.423652
vt 0.940650 0.624357
vt 0.177021 0.439436
vt 0.939224 0.586251
vt 0.217474 0.447482
vt 0.938497 0.545798
vt 0.258719 0.447482
vt 0.938497 0.504553
vt 0.299172 0.439436
vt 0.939224 0.464100
vt 0.337278 0.423652
vt 0.940650 0.425994
vt 0.942720 0.391700
vt 0.371572 0.400737
vt 0.452826 0.806698
vt 0.400737 0.371572
vt 0.450192 0.777533
vt 0.423652 0.337278
vt 0.448122 0.743239
vt 0.439436 0.299172
vt 0.446696 0.705133
vt 0.447482 0.258719
vt 0.445969 0.664680
vt 0.447482 0.217474
vt 0.445969 0.623435
vt 0.446696 0.582982
vt 0.439436 0.177021
vt 0.423652 0.138915
vt 0.448122 0.544876
vt 0.400737 0.104621
vt 0.450192 0.510582
vt 0.452826 0.481417
vt 0.371572 0.075456
vt 0.898142 0.391700
vt 0.337278 0.052541
vt 0.900777 0.420865
vt 0.299172 0.036757
vt 0.902846 0.455159
vt 0.258719 0.028710
vt 0.904272 0.493265
vt 0.217474 0.028710
vt 0.904999 0.533718
vt 0.177021 0.036757
vt 0.904999 0.574963
vt 0.138915 0.052541
vt 0.904272 0.615416
vt 0.104621 0.075456
vt 0.902846 0.653522
vt 0.075456 0.104621
vt 0.900777 0.687816
vt 0.898142 0.716981
vt 0.052541 0.138915
vt 0.942720 0.936051
vt 0.036757 0.177021
vt 0.940650 0.901757
vt 0.610666 0.595520
vt 0.005224 0.261032
vt 0.610666 0.549648
vt 0.005224 0.215161
vt 0.609857 0.640510
vt 0.014173 0.306023
vt 0.608272 0.682890
vt 0.031728 0.348403
vt 0.605969 0.721031
vt 0.057213 0.386544
vt 0.603040 0.753467
vt 0.742737 0.391700
vt 0.089649 0.418980
vt 0.745666 0.424136
vt 0.127790 0.444465
vt 0.747969 0.462277
vt 0.170170 0.462020
vt 0.749554 0.504657
vt 0.215161 0.470969
vt 0.750363 0.549648
vt 0.261032 0.470969
vt 0.750363 0.595520
vt 0.306023 0.462020
vt 0.749554 0.640510
vt 0.348403 0.444465
vt 0.747969 0.682890
vt 0.386544 0.418980
vt 0.745667 0.721031
vt 0.418980 0.386544
vt 0.742736 0.753467
vt 0.765507 0.688595
vt 0.444465 0.348403
vt 0.763205 0.650454
vt 0.462020 0.306023
vt 0.761619 0.608074
vt 0.470969 0.261032
vt 0.760811 0.563083
vt 0.470969 0.215160
vt 0.760811 0.517211
vt 0.462020 0.170170
vt 0.761619 0.472221
vt 0.444465 0.127790
vt 0.763205 0.429841
vt 0.418980 0.089649
vt 0.765507 0.391700
vt 0.872589 0.302119
vt 0.386544 0.057213
vt 0.870287 0.263978
vt 0.348403 0.031728
vt 0.868701 0.221598
vt 0.306023 0.014173
vt 0.867893 0.176607
vt 0.261032 0.005224
vt 0.867893 0.130736
vt 0.215160 0.005224
vt 0.868701 0.085745
vt 0.170170 0.014173
vt 0.870287 0.043365
vt 0.127790 0.031728
vt 0.872589 0.005224
vt 0.603040 0.391700
vt 0.089649 0.057213
vt 0.605969 0.424136
vt 0.057213 0.089649
vt 0.608272 0.462277
vt 0.031728 0.127790
vt 0.609857 0.504657
vt 0.014173 0.170170
vt 0.013271 0.751879
vt 0.927699 0.863651
vt 0.029055 0.789984
vt 0.926972 0.823198
vt 0.051969 0.824279
vt 0.926972 0.781953
vt 0.081134 0.853444
vt 0.927699 0.741500
vt 0.115429 0.876358
vt 0.929125 0.703394
vt 0.153534 0.892142
vt 0.931195 0.658651
vt 0.931195 0.669100
vt 0.193987 0.900189
vt 0.929125 0.624357
vt 0.235233 0.900189
vt 0.927699 0.586251
vt 0.275686 0.892142
vt 0.926972 0.545798
vt 0.313792 0.876358
vt 0.926972 0.504553
vt 0.348086 0.853444
vt 0.927699 0.464100
vt 0.377251 0.824279
vt 0.929125 0.425994
vt 0.400166 0.789984
vt 0.931195 0.391700
vt 0.441301 0.806698
vt 0.415949 0.751878
vt 0.438667 0.777533
vt 0.423996 0.711426
vt 0.436597 0.743239
vt 0.423996 0.670180
vt 0.435171 0.705133
vt 0.415949 0.629727
vt 0.434444 0.664680
vt 0.400166 0.591621
vt 0.434444 0.623435
vt 0.377251 0.557327
vt 0.435171 0.582982
vt 0.348086 0.528162
vt 0.436597 0.544876
vt 0.313792 0.505247
vt 0.438667 0.510582
vt 0.275686 0.489464
vt 0.441301 0.481417
vt 0.909667 0.391700
vt 0.235233 0.481417
vt 0.912301 0.420865
vt 0.193987 0.481417
vt 0.914371 0.455159
vt 0.153534 0.489464
vt 0.915797 0.493265
vt 0.115429 0.505247
vt 0.916524 0.533718
vt 0.081134 0.528162
vt 0.916524 0.574963
vt 0.051969 0.557327
vt 0.915797 0.615416
vt 0.029055 0.591622
vt 0.914371 0.653522
vt 0.013271 0.629727
vt 0.912301 0.687816
vt 0.005224 0.670180
vt 0.909667 0.716981
vt 0.931195 0.936051
vt 0.005224 0.711426
vt 0.929125 0.901757
vt 0.214610 0.690803
vt 0.547455 0.799604
vt 0.559019 0.796096
vt 0.565278 0.794197
vt 0.469323 0.511064
vt 0.467075 0.510982
vt 0.464674 0.511064
vt 0.844672 0.754265
vt 0.838413 0.752367
vt 0.531705 0.802639
vt 0.538951 0.798766
vt 0.545630 0.795197
vt 0.551483 0.792068
vt 0.556287 0.789500
vt 0.559857 0.787592
vt 0.562055 0.786417
vt 0.469323 0.519486
vt 0.467075 0.519568
vt 0.464674 0.519486
vt 0.841449 0.762046
vt 0.839251 0.760871
vt 0.835681 0.758963
vt 0.830877 0.756395
vt 0.825024 0.753266
vt 0.818345 0.749696
vt 0.811099 0.745823
vt 0.530774 0.801247
vt 0.537126 0.796034
vt 0.542979 0.791230
vt 0.548110 0.787019
vt 0.552321 0.783564
vt 0.555450 0.780996
vt 0.557376 0.779415
vt 0.469175 0.527745
vt 0.466923 0.527990
vt 0.836770 0.769048
vt 0.464526 0.527745
vt 0.834844 0.767467
vt 0.831715 0.764899
vt 0.827504 0.761443
vt 0.822373 0.757232
vt 0.816520 0.752428
vt 0.810168 0.747216
vt 0.529590 0.800062
vt 0.534802 0.793711
vt 0.539606 0.787857
vt 0.543817 0.782726
vt 0.547273 0.778516
vt 0.549840 0.775387
vt 0.551422 0.773460
vt 0.468884 0.535526
vt 0.466626 0.535922
vt 0.464235 0.535526
vt 0.830815 0.775003
vt 0.829234 0.773076
vt 0.826667 0.769947
vt 0.823211 0.765736
vt 0.819000 0.760606
vt 0.814196 0.754752
vt 0.808984 0.748400
vt 0.528197 0.799132
vt 0.532070 0.791885
vt 0.535640 0.785207
vt 0.538769 0.779353
vt 0.541336 0.774549
vt 0.543244 0.770979
vt 0.544419 0.768781
vt 0.468461 0.542528
vt 0.466195 0.543062
vt 0.463812 0.542528
vt 0.823813 0.779681
vt 0.822638 0.777483
vt 0.820730 0.773913
vt 0.818163 0.769109
vt 0.815034 0.763256
vt 0.811464 0.756577
vt 0.807591 0.749331
vt 0.526649 0.798490
vt 0.529034 0.790628
vt 0.531233 0.783381
vt 0.533159 0.777030
vt 0.534741 0.771817
vt 0.535916 0.767944
vt 0.467923 0.548483
vt 0.536639 0.765559
vt 0.464416 0.620558
vt 0.465647 0.549133
vt 0.466687 0.621229
vt 0.469065 0.620599
vt 0.463274 0.548483
vt 0.816033 0.782904
vt 0.815310 0.780519
vt 0.814135 0.776645
vt 0.812553 0.771433
vt 0.810627 0.765081
vt 0.808428 0.757835
vt 0.806043 0.749972
vt 0.524169 0.806668
vt 0.525006 0.798164
vt 0.525812 0.789987
vt 0.526554 0.782451
vt 0.527205 0.775845
vt 0.527738 0.770424
vt 0.528135 0.766396
vt 0.528379 0.763916
vt 0.463932 0.614599
vt 0.466192 0.615153
vt 0.468580 0.614640
vt 0.807773 0.784547
vt 0.807529 0.782066
vt 0.807132 0.778038
vt 0.806598 0.772617
vt 0.805948 0.766012
vt 0.805206 0.758476
vt 0.804400 0.750299
vt 0.523331 0.798164
vt 0.522526 0.789987
vt 0.521784 0.782451
vt 0.521133 0.775845
vt 0.520599 0.770424
vt 0.520202 0.766396
vt 0.463571 0.607593
vt 0.519958 0.763916
vt 0.465825 0.608010
vt 0.468220 0.607634
vt 0.799352 0.784547
vt 0.799596 0.782066
vt 0.799993 0.778038
vt 0.800527 0.772617
vt 0.801178 0.766012
vt 0.801920 0.758476
vt 0.802725 0.750299
vt 0.521688 0.798491
vt 0.519303 0.790628
vt 0.517105 0.783381
vt 0.515178 0.777030
vt 0.513597 0.771817
vt 0.512422 0.767944
vt 0.511699 0.765559
vt 0.463349 0.599810
vt 0.465599 0.600075
vt 0.467998 0.599852
vt 0.791092 0.782904
vt 0.791816 0.780519
vt 0.792991 0.776645
vt 0.794572 0.771433
vt 0.796499 0.765081
vt 0.798697 0.757835
vt 0.801082 0.749972
vt 0.520141 0.799132
vt 0.516267 0.791885
vt 0.512698 0.785207
vt 0.509569 0.779353
vt 0.507001 0.774549
vt 0.505093 0.770980
vt 0.463274 0.591550
vt 0.503918 0.768781
vt 0.465522 0.591652
vt 0.467923 0.591591
vt 0.783312 0.779681
vt 0.784487 0.777483
vt 0.786395 0.773913
vt 0.788963 0.769109
vt 0.792092 0.763256
vt 0.795661 0.756577
vt 0.799535 0.749331
vt 0.518748 0.800062
vt 0.513535 0.793711
vt 0.508731 0.787857
vt 0.504521 0.782726
vt 0.501065 0.778516
vt 0.498497 0.775387
vt 0.496916 0.773460
vt 0.463349 0.583129
vt 0.465599 0.583066
vt 0.467998 0.583170
vt 0.776310 0.775003
vt 0.777891 0.773076
vt 0.780459 0.769947
vt 0.783915 0.765736
vt 0.788125 0.760606
vt 0.792929 0.754752
vt 0.798142 0.748400
vt 0.517563 0.801247
vt 0.511212 0.796034
vt 0.505358 0.791230
vt 0.500227 0.787019
vt 0.496017 0.783564
vt 0.492888 0.780996
vt 0.490961 0.779415
vt 0.463571 0.574871
vt 0.465825 0.574647
vt 0.468220 0.574912
vt 0.770355 0.769048
vt 0.772282 0.767466
vt 0.775411 0.764899
vt 0.779621 0.761443
vt 0.784752 0.757232
vt 0.790606 0.752428
vt 0.796957 0.747216
vt 0.516633 0.802639
vt 0.509386 0.798766
vt 0.502708 0.795197
vt 0.496854 0.792068
vt 0.492050 0.789500
vt 0.488481 0.787592
vt 0.486283 0.786417
vt 0.463932 0.567093
vt 0.466192 0.566717
vt 0.468580 0.567135
vt 0.765676 0.762046
vt 0.767875 0.760871
vt 0.771444 0.758963
vt 0.776248 0.756395
vt 0.782102 0.753266
vt 0.788780 0.749696
vt 0.796027 0.745823
vt 0.515992 0.804187
vt 0.508129 0.801802
vt 0.500882 0.799604
vt 0.494531 0.797677
vt 0.489318 0.796096
vt 0.485445 0.794921
vt 0.464416 0.560095
vt 0.483060 0.794197
vt 0.464416 0.692653
vt 0.466687 0.559582
vt 0.466687 0.693324
vt 0.469065 0.692695
vt 0.469065 0.560137
vt 0.762454 0.754265
vt 0.764839 0.753542
vt 0.768712 0.752367
vt 0.773925 0.750786
vt 0.780276 0.748859
vt 0.787523 0.746661
vt 0.795386 0.744275
vt 0.515665 0.805830
vt 0.507488 0.805025
vt 0.499952 0.804282
vt 0.493346 0.803632
vt 0.487925 0.803098
vt 0.483897 0.802701
vt 0.481417 0.802457
vt 0.463932 0.686694
vt 0.466192 0.687248
vt 0.468580 0.686736
vt 0.760811 0.746006
vt 0.763291 0.745761
vt 0.767319 0.745365
vt 0.772740 0.744831
vt 0.779346 0.744180
vt 0.786882 0.743438
vt 0.795059 0.742633
vt 0.515665 0.807505
vt 0.507488 0.808311
vt 0.499952 0.809053
vt 0.493346 0.809703
vt 0.487926 0.810237
vt 0.483897 0.810634
vt 0.481417 0.810878
vt 0.463571 0.679689
vt 0.465825 0.680105
vt 0.468220 0.679730
vt 0.760811 0.737584
vt 0.763291 0.737829
vt 0.767319 0.738225
vt 0.772740 0.738759
vt 0.779346 0.739410
vt 0.786882 0.740152
vt 0.795059 0.740957
vt 0.515992 0.809148
vt 0.508129 0.811533
vt 0.500883 0.813731
vt 0.494531 0.815658
vt 0.489318 0.817239
vt 0.485445 0.818414
vt 0.483060 0.819138
vt 0.463349 0.671906
vt 0.465599 0.672170
vt 0.467998 0.671947
vt 0.762454 0.729325
vt 0.764839 0.730048
vt 0.768712 0.731223
vt 0.773925 0.732804
vt 0.780276 0.734731
vt 0.787523 0.736929
vt 0.795386 0.739314
vt 0.516633 0.810696
vt 0.509386 0.814569
vt 0.502708 0.818139
vt 0.496854 0.821267
vt 0.492050 0.823835
vt 0.488481 0.825743
vt 0.486283 0.826918
vt 0.463274 0.663645
vt 0.465522 0.663748
vt 0.467923 0.663687
vt 0.765676 0.721544
vt 0.767875 0.722719
vt 0.771444 0.724627
vt 0.776248 0.727195
vt 0.782102 0.730324
vt 0.788780 0.733894
vt 0.796027 0.737767
vt 0.517563 0.812088
vt 0.511212 0.817301
vt 0.505358 0.822105
vt 0.500228 0.826316
vt 0.496017 0.829771
vt 0.492888 0.832339
vt 0.490961 0.833920
vt 0.463349 0.655224
vt 0.465599 0.655162
vt 0.467998 0.655266
vt 0.770355 0.714542
vt 0.772282 0.716123
vt 0.775411 0.718691
vt 0.779621 0.722147
vt 0.784752 0.726357
vt 0.790606 0.731161
vt 0.796957 0.736374
vt 0.518748 0.813273
vt 0.513535 0.819625
vt 0.508731 0.825478
vt 0.504521 0.830609
vt 0.501065 0.834820
vt 0.498497 0.837948
vt 0.496916 0.839875
vt 0.463571 0.646966
vt 0.465825 0.646742
vt 0.468220 0.647008
vt 0.776310 0.708587
vt 0.777891 0.710514
vt 0.780459 0.713643
vt 0.783915 0.717854
vt 0.788125 0.722984
vt 0.792929 0.728838
vt 0.798142 0.735190
vt 0.520141 0.814204
vt 0.516267 0.821450
vt 0.512698 0.828128
vt 0.509569 0.833982
vt 0.507001 0.838786
vt 0.505093 0.842356
vt 0.463932 0.639189
vt 0.503918 0.844554
vt 0.466192 0.638812
vt 0.468580 0.639230
vt 0.783312 0.703909
vt 0.784487 0.706107
vt 0.786395 0.709677
vt 0.788963 0.714480
vt 0.792092 0.720334
vt 0.795661 0.727012
vt 0.799535 0.734259
vt 0.803563 0.741795
vt 0.521688 0.814845
vt 0.519303 0.822708
vt 0.517105 0.829954
vt 0.515178 0.836305
vt 0.513597 0.841518
vt 0.512422 0.845391
vt 0.464416 0.632191
vt 0.511699 0.847777
vt 0.467923 0.704306
vt 0.466687 0.631677
vt 0.465658 0.703772
vt 0.463274 0.704306
vt 0.469065 0.632232
vt 0.791093 0.700686
vt 0.791816 0.703071
vt 0.792991 0.706944
vt 0.794572 0.712157
vt 0.796499 0.718509
vt 0.798697 0.725755
vt 0.801082 0.733618
vt 0.523331 0.815171
vt 0.522526 0.823349
vt 0.521784 0.830885
vt 0.521133 0.837490
vt 0.520599 0.842911
vt 0.520202 0.846939
vt 0.468346 0.711309
vt 0.519958 0.849419
vt 0.466089 0.710912
vt 0.463697 0.711309
vt 0.799352 0.699043
vt 0.799596 0.701524
vt 0.799993 0.705552
vt 0.800527 0.710973
vt 0.801178 0.717578
vt 0.801920 0.725114
vt 0.802725 0.733291
vt 0.525006 0.815171
vt 0.525812 0.823349
vt 0.526554 0.830885
vt 0.527205 0.837490
vt 0.527739 0.842911
vt 0.528135 0.846939
vt 0.528380 0.849419
vt 0.468637 0.719089
vt 0.466385 0.718845
vt 0.463988 0.719089
vt 0.807773 0.699043
vt 0.807529 0.701524
vt 0.807132 0.705552
vt 0.806599 0.710973
vt 0.805948 0.717578
vt 0.805206 0.725114
vt 0.804400 0.733291
vt 0.526649 0.814845
vt 0.529034 0.822708
vt 0.531233 0.829954
vt 0.533159 0.836305
vt 0.534741 0.841518
vt 0.535916 0.845391
vt 0.536639 0.847777
vt 0.468785 0.727348
vt 0.466537 0.727266
vt 0.464136 0.727348
vt 0.816033 0.700686
vt 0.815310 0.703071
vt 0.814135 0.706944
vt 0.812553 0.712157
vt 0.810627 0.718509
vt 0.808428 0.725755
vt 0.806043 0.733618
vt 0.528197 0.814204
vt 0.532070 0.821450
vt 0.535640 0.828128
vt 0.538769 0.833982
vt 0.541337 0.838786
vt 0.543245 0.842356
vt 0.544420 0.844554
vt 0.468785 0.735770
vt 0.466537 0.735852
vt 0.464136 0.735770
vt 0.823813 0.703909
vt 0.822638 0.706107
vt 0.820730 0.709677
vt 0.818163 0.714481
vt 0.815034 0.720334
vt 0.811464 0.727012
vt 0.807591 0.734259
vt 0.529590 0.813273
vt 0.534802 0.819625
vt 0.539606 0.825478
vt 0.543817 0.830609
vt 0.547273 0.834820
vt 0.549840 0.837948
vt 0.551422 0.839875
vt 0.468637 0.744029
vt 0.466385 0.744274
vt 0.463988 0.744029
vt 0.830816 0.708587
vt 0.829234 0.710514
vt 0.826667 0.713643
vt 0.823211 0.717854
vt 0.819000 0.722984
vt 0.814196 0.728838
vt 0.808984 0.735190
vt 0.530774 0.812088
vt 0.537126 0.817301
vt 0.542979 0.822105
vt 0.548110 0.826316
vt 0.552321 0.829771
vt 0.555450 0.832339
vt 0.557376 0.833920
vt 0.468346 0.751810
vt 0.466089 0.752207
vt 0.463697 0.751810
vt 0.836770 0.714542
vt 0.834844 0.716123
vt 0.831715 0.718691
vt 0.827504 0.722147
vt 0.822373 0.726358
vt 0.816520 0.731161
vt 0.810168 0.736374
vt 0.531705 0.810696
vt 0.538951 0.814569
vt 0.545630 0.818139
vt 0.551483 0.821267
vt 0.556287 0.823835
vt 0.559857 0.825743
vt 0.467923 0.758812
vt 0.562055 0.826918
vt 0.467923 0.482068
vt 0.465658 0.759346
vt 0.465647 0.481417
vt 0.463274 0.482068
vt 0.463274 0.758812
vt 0.841449 0.721544
vt 0.839251 0.722719
vt 0.835681 0.724627
vt 0.830877 0.727195
vt 0.825024 0.730324
vt 0.818345 0.733894
vt 0.811099 0.737767
vt 0.532346 0.809148
vt 0.540209 0.811533
vt 0.547455 0.813731
vt 0.553807 0.815658
vt 0.559019 0.817239
vt 0.562893 0.818414
vt 0.565278 0.819138
vt 0.468461 0.488022
vt 0.466195 0.487488
vt 0.463812 0.488022
vt 0.844672 0.729325
vt 0.842287 0.730048
vt 0.838413 0.731223
vt 0.833201 0.732804
vt 0.826849 0.734731
vt 0.819603 0.736929
vt 0.811740 0.739314
vt 0.532673 0.807505
vt 0.540850 0.808311
vt 0.548386 0.809053
vt 0.554991 0.809703
vt 0.560412 0.810237
vt 0.564440 0.810634
vt 0.566921 0.810878
vt 0.468884 0.495024
vt 0.466626 0.494628
vt 0.464235 0.495024
vt 0.846315 0.737584
vt 0.843834 0.737829
vt 0.839806 0.738225
vt 0.834385 0.738759
vt 0.827780 0.739410
vt 0.820244 0.740152
vt 0.812067 0.740957
vt 0.532673 0.805830
vt 0.540850 0.805025
vt 0.548386 0.804282
vt 0.554991 0.803632
vt 0.560412 0.803098
vt 0.564440 0.802701
vt 0.566921 0.802457
vt 0.469175 0.502805
vt 0.466923 0.502560
vt 0.464526 0.502805
vt 0.846315 0.746006
vt 0.843834 0.745761
vt 0.839806 0.745365
vt 0.834385 0.744831
vt 0.827780 0.744180
vt 0.820244 0.743438
vt 0.812067 0.742633
vt 0.532346 0.804187
vt 0.540209 0.801802
vt 0.553807 0.797677
vt 0.562893 0.794921
vt 0.842287 0.753542
vt 0.833201 0.750786
vt 0.826849 0.748859
vt 0.819603 0.746661
vt 0.811740 0.744275
s 0
f 1/1/1 4/6/1 3/4/1
f 4/6/2 5/7/2 3/4/2
f 6/9/3 7/10/3 5/7/3
f 8/12/4 9/13/4 7/10/4
f 10/15/5 11/17/5 9/13/5
f 12/20/6 13/21/6 11/16/6
f 14/23/7 15/24/7 13/21/7
f 16/26/8 17/27/8 15/24/8
f 17/27/9 20/32/9 19/30/9
f 20/32/10 21/33/10 19/30/10
f 22/35/11 23/36/11 21/33/11
f 24/38/12 25/39/12 23/36/12
f 26/41/13 27/42/13 25/39/13
f 28/44/14 29/46/14 27/42/14
f 30/49/15 31/50/15 29/45/15
f 32/52/16 33/53/16 31/50/16
f 33/53/17 36/58/17 35/56/17
f 36/58/18 37/59/18 35/56/18
f 38/61/19 39/62/19 37/59/19
f 40/64/20 41/65/20 39/62/20
f 42/67/21 43/69/21 41/65/21
f 44/72/22 45/73/22 43/68/22
f 46/75/23 47/76/23 45/73/23
f 48/78/24 49/79/24 47/76/24
f 49/79/25 52/84/25 51/82/25
f 52/84/26 53/85/26 51/82/26
f 54/87/27 55/88/27 53/85/27
f 56/90/28 57/92/28 55/88/28
f 58/95/29 59/96/29 57/91/29
f 60/98/30 61/99/30 59/96/30
f 32/52/31 113/207/31 34/55/31
f 62/101/32 63/102/32 61/99/32
f 64/104/33 1/1/33 63/102/33
f 31/51/34 47/77/34 63/103/34
f 83/143/35 148/282/35 84/146/35
f 50/81/36 122/226/36 52/84/36
f 6/9/35 100/179/35 8/12/35
f 24/38/37 109/198/37 26/41/37
f 42/67/38 118/217/38 44/71/38
f 60/98/39 127/237/39 62/101/39
f 16/26/40 105/190/40 18/29/40
f 34/55/41 114/209/41 36/58/41
f 52/84/42 123/228/42 54/87/42
f 8/12/43 101/181/43 10/15/43
f 26/41/44 110/200/44 28/44/44
f 44/72/45 119/220/45 46/75/45
f 62/101/46 128/239/46 64/104/46
f 18/29/47 106/192/47 20/32/47
f 36/58/48 115/211/48 38/61/48
f 54/87/49 124/230/49 56/90/49
f 10/15/50 102/183/50 12/19/50
f 28/44/51 111/202/51 30/48/51
f 46/75/52 120/222/52 48/78/52
f 2/3/53 97/173/53 4/6/53
f 64/104/54 98/175/54 2/3/54
f 20/32/55 107/194/55 22/35/55
f 38/61/56 116/213/56 40/64/56
f 56/90/57 125/232/57 58/94/57
f 12/20/58 103/186/58 14/23/58
f 30/49/59 112/205/59 32/52/59
f 48/78/60 121/224/60 50/81/60
f 4/6/61 99/177/61 6/9/61
f 22/35/62 108/196/62 24/38/62
f 40/64/63 117/215/63 42/67/63
f 58/95/64 126/235/64 60/98/64
f 14/23/65 104/188/65 16/26/65
f 66/107/66 98/176/66 65/105/66
f 67/109/66 97/174/66 66/107/66
f 68/111/66 99/178/66 67/109/66
f 69/113/66 100/180/66 68/111/66
f 70/116/66 101/182/66 69/113/66
f 71/118/66 102/185/66 70/116/66
f 72/120/66 103/187/66 71/118/66
f 73/122/66 104/189/66 72/120/66
f 74/124/66 105/191/66 73/122/66
f 75/126/66 106/193/66 74/124/66
f 76/128/66 107/195/66 75/126/66
f 77/131/66 108/197/66 76/128/66
f 78/133/66 109/199/66 77/131/66
f 79/135/66 110/201/66 78/133/66
f 80/137/66 111/204/66 79/135/66
f 81/139/66 112/206/66 80/137/66
f 82/141/66 113/208/66 81/139/66
f 83/144/66 114/210/66 82/141/66
f 84/145/66 115/212/66 83/144/66
f 85/147/66 116/214/66 84/145/66
f 86/150/66 117/216/66 85/147/66
f 87/152/66 118/219/66 86/150/66
f 88/154/66 119/221/66 87/152/66
f 89/156/66 120/223/66 88/154/66
f 90/158/66 121/225/66 89/156/66
f 91/160/66 122/227/66 90/158/66
f 92/162/66 123/229/66 91/160/66
f 93/164/66 124/231/66 92/162/66
f 94/166/66 125/234/66 93/164/66
f 95/169/66 126/236/66 94/166/66
f 96/171/66 127/238/66 95/169/66
f 65/105/66 128/240/66 96/171/66
f 70/117/45 135/255/45 71/119/45
f 84/146/43 149/284/43 85/148/43
f 71/119/52 136/257/52 72/121/52
f 85/148/50 150/286/50 86/149/50
f 72/121/60 137/259/60 73/123/60
f 86/151/58 151/289/58 87/153/58
f 73/123/36 138/261/36 74/125/36
f 87/153/65 152/291/65 88/155/65
f 74/125/42 139/263/42 75/127/42
f 88/155/40 153/293/40 89/157/40
f 75/127/49 140/265/49 76/129/49
f 89/157/47 154/295/47 90/159/47
f 76/129/57 141/267/57 77/130/57
f 90/159/55 155/297/55 91/161/55
f 77/132/64 142/270/64 78/134/64
f 91/161/62 156/299/62 92/163/62
f 78/134/39 143/272/39 79/136/39
f 65/106/41 130/244/41 66/108/41
f 92/163/37 157/301/37 93/165/37
f 79/136/46 144/274/46 80/138/46
f 66/108/48 131/246/48 67/110/48
f 93/165/44 158/303/44 94/167/44
f 80/138/54 145/276/54 81/140/54
f 67/110/56 132/248/56 68/112/56
f 94/167/51 159/305/51 95/168/51
f 81/140/53 146/278/53 82/142/53
f 68/112/63 133/250/63 69/114/63
f 95/170/59 160/308/59 96/172/59
f 82/142/61 147/280/61 83/143/61
f 69/114/38 134/253/38 70/115/38
f 96/172/31 129/242/31 65/106/31
f 130/243/67 129/241/67 161/309/67
f 129/241/68 160/307/68 161/309/68
f 160/307/69 159/304/69 161/309/69
f 159/304/70 158/302/70 161/309/70
f 158/302/71 157/300/71 161/309/71
f 157/300/72 156/298/72 161/309/72
f 156/298/73 155/296/73 161/309/73
f 155/296/74 154/294/74 161/309/74
f 154/294/75 153/292/75 161/309/75
f 153/292/76 152/290/76 161/309/76
f 152/290/77 151/288/77 161/309/77
f 151/288/78 150/285/78 161/309/78
f 150/285/79 149/283/79 161/309/79
f 149/283/80 148/281/80 161/309/80
f 148/281/81 147/279/81 161/309/81
f 147/279/82 146/277/82 161/309/82
f 146/277/83 145/275/83 161/309/83
f 145/275/84 144/273/84 161/309/84
f 144/273/85 143/271/85 161/309/85
f 143/271/86 142/269/86 161/309/86
f 142/269/87 141/266/87 161/309/87
f 141/266/88 140/264/88 161/309/88
f 140/264/89 139/262/89 161/309/89
f 139/262/90 138/260/90 161/309/90
f 138/260/91 137/258/91 161/309/91
f 137/258/92 136/256/92 161/309/92
f 136/256/93 135/254/93 161/309/93
f 135/254/94 134/251/94 161/309/94
f 134/251/95 133/249/95 161/309/95
f 133/249/96 132/247/96 161/309/96
f 132/247/97 131/245/97 161/309/97
f 131/245/98 130/243/98 161/309/98
f 641/865/99 181/333/99 642/866/99
f 164/312/100 173/323/100 174/324/100
f 642/866/101 182/334/101 643/867/101
f 165/314/102 174/325/102 175/326/102
f 635/859/103 243/406/103 168/318/103
f 469/665/104 643/867/104 182/334/104
f 165/314/105 176/327/105 166/315/105
f 636/860/106 168/318/106 169/319/106
f 166/316/107 177/329/107 639/863/107
f 162/310/108 169/319/108 170/320/108
f 639/863/109 178/330/109 167/317/109
f 637/861/110 170/320/110 171/321/110
f 640/864/111 178/330/111 179/331/111
f 163/311/112 171/321/112 172/322/112
f 640/864/113 180/332/113 641/865/113
f 638/862/114 172/322/114 173/323/114
f 180/332/115 194/348/115 195/349/115
f 172/322/116 188/340/116 173/323/116
f 180/332/117 196/350/117 181/333/117
f 173/323/118 189/341/118 174/324/118
f 181/333/119 197/351/119 182/334/119
f 174/325/120 190/343/120 175/326/120
f 168/318/121 243/406/121 183/335/121
f 469/665/122 182/334/122 197/351/122
f 175/326/123 191/345/123 176/327/123
f 168/318/124 184/336/124 169/319/124
f 176/328/125 192/346/125 177/329/125
f 169/319/126 185/337/126 170/320/126
f 177/329/127 193/347/127 178/330/127
f 170/320/128 186/338/128 171/321/128
f 179/331/129 193/347/129 194/348/129
f 171/321/130 187/339/130 172/322/130
f 184/336/131 198/352/131 199/353/131
f 192/346/132 206/362/132 207/363/132
f 184/336/133 200/354/133 185/337/133
f 192/346/134 208/364/134 193/347/134
f 186/338/135 200/354/135 201/355/135
f 194/348/136 208/364/136 209/365/136
f 186/338/137 202/356/137 187/339/137
f 194/348/138 210/366/138 195/349/138
f 187/339/139 203/357/139 188/340/139
f 196/350/140 210/366/140 211/367/140
f 188/340/141 204/358/141 189/341/141
f 196/350/142 212/368/142 197/351/142
f 189/342/143 205/360/143 190/343/143
f 183/335/144 243/406/144 198/352/144
f 469/665/145 197/351/145 212/368/145
f 191/345/146 205/360/146 206/361/146
f 202/356/147 218/374/147 203/357/147
f 211/367/148 225/383/148 226/384/148
f 203/357/149 219/375/149 204/358/149
f 211/367/150 227/385/150 212/368/150
f 205/360/151 219/376/151 220/377/151
f 198/352/152 243/406/152 213/369/152
f 469/665/153 212/368/153 227/385/153
f 205/360/154 221/378/154 206/361/154
f 199/353/155 213/369/155 214/370/155
f 206/362/156 222/380/156 207/363/156
f 199/353/157 215/371/157 200/354/157
f 208/364/158 222/380/158 223/381/158
f 200/354/159 216/372/159 201/355/159
f 209/365/160 223/381/160 224/382/160
f 201/355/161 217/373/161 202/356/161
f 210/366/162 224/382/162 225/383/162
f 221/379/163 237/400/163 222/380/163
f 214/370/164 230/388/164 215/371/164
f 222/380/165 238/401/165 223/381/165
f 215/371/166 231/389/166 216/372/166
f 223/381/167 239/402/167 224/382/167
f 217/373/168 231/389/168 232/390/168
f 225/383/169 239/402/169 240/403/169
f 217/373/170 233/391/170 218/374/170
f 226/384/171 240/403/171 241/404/171
f 218/374/172 234/393/172 219/375/172
f 227/385/173 241/404/173 242/405/173
f 220/377/174 234/392/174 235/395/174
f 213/369/175 243/406/175 228/386/175
f 469/665/176 227/385/176 242/405/176
f 220/377/177 236/398/177 221/378/177
f 214/370/178 228/386/178 229/387/178
f 241/404/179 256/421/179 257/422/179
f 234/393/180 249/412/180 250/413/180
f 241/404/181 258/423/181 242/405/181
f 234/394/182 251/415/182 235/396/182
f 228/386/183 243/406/183 244/407/183
f 469/665/184 242/405/184 258/423/184
f 235/396/185 252/416/185 236/397/185
f 228/386/186 245/408/186 229/387/186
f 236/399/187 253/418/187 237/400/187
f 229/387/188 246/409/188 230/388/188
f 238/401/189 253/418/189 254/419/189
f 230/388/190 247/410/190 231/389/190
f 238/401/191 255/420/191 239/402/191
f 232/390/192 247/410/192 248/411/192
f 239/402/193 256/421/193 240/403/193
f 232/390/194 249/412/194 233/391/194
f 254/419/195 268/435/195 269/436/195
f 246/409/196 262/427/196 247/410/196
f 255/420/197 269/436/197 270/437/197
f 247/410/198 263/428/198 248/411/198
f 255/420/199 271/438/199 256/421/199
f 248/411/200 264/429/200 249/412/200
f 256/421/201 272/439/201 257/422/201
f 250/413/202 264/429/202 265/431/202
f 257/422/203 273/440/203 258/423/203
f 251/415/204 265/430/204 266/432/204
f 244/407/205 243/406/205 259/424/205
f 469/665/206 258/423/206 273/440/206
f 251/415/207 267/433/207 252/416/207
f 244/407/208 260/425/208 245/408/208
f 252/417/209 268/435/209 253/418/209
f 245/408/210 261/426/210 246/409/210
f 273/440/211 287/456/211 288/457/211
f 266/432/212 280/448/212 281/449/212
f 259/424/213 243/406/213 274/441/213
f 469/665/214 273/440/214 288/457/214
f 266/432/215 282/450/215 267/433/215
f 259/424/216 275/442/216 260/425/216
f 267/434/217 283/452/217 268/435/217
f 260/425/218 276/443/218 261/426/218
f 269/436/219 283/452/219 284/453/219
f 261/426/220 277/444/220 262/427/220
f 269/436/221 285/454/221 270/437/221
f 263/428/222 277/444/222 278/445/222
f 271/438/223 285/454/223 286/455/223
f 263/428/224 279/446/224 264/429/224
f 272/439/225 286/455/225 287/456/225
f 265/431/226 279/446/226 280/447/226
f 276/443/227 292/461/227 277/444/227
f 284/453/228 300/471/228 285/454/228
f 278/445/229 292/461/229 293/462/229
f 285/454/230 301/472/230 286/455/230
f 278/445/231 294/463/231 279/446/231
f 286/455/232 302/473/232 287/456/232
f 280/447/233 294/463/233 295/465/233
f 287/456/234 303/474/234 288/457/234
f 281/449/235 295/464/235 296/466/235
f 274/441/236 243/406/236 289/458/236
f 469/665/237 288/457/237 303/474/237
f 281/449/238 297/467/238 282/450/238
f 275/442/239 289/458/239 290/459/239
f 282/451/240 298/469/240 283/452/240
f 276/443/241 290/459/241 291/460/241
f 284/453/242 298/469/242 299/470/242
f 296/466/243 310/482/243 311/483/243
f 289/458/244 243/406/244 304/475/244
f 469/665/245 303/474/245 318/491/245
f 296/466/246 312/484/246 297/467/246
f 289/458/247 305/476/247 290/459/247
f 297/468/248 313/486/248 298/469/248
f 290/459/249 306/477/249 291/460/249
f 299/470/250 313/486/250 314/487/250
f 291/460/251 307/478/251 292/461/251
f 299/470/252 315/488/252 300/471/252
f 293/462/253 307/478/253 308/479/253
f 301/472/254 315/488/254 316/489/254
f 293/462/255 309/480/255 294/463/255
f 302/473/256 316/489/256 317/490/256
f 295/465/257 309/480/257 310/481/257
f 302/473/258 318/491/258 303/474/258
f 315/488/259 329/504/259 330/505/259
f 307/478/260 323/496/260 308/479/260
f 316/489/261 330/505/261 331/506/261
f 308/479/262 324/497/262 309/480/262
f 316/489/263 332/507/263 317/490/263
f 309/480/264 325/498/264 310/481/264
f 318/491/265 332/507/265 333/508/265
f 311/483/266 325/499/266 326/500/266
f 304/475/267 243/406/267 319/492/267
f 469/665/268 318/491/268 333/508/268
f 311/483/269 327/501/269 312/484/269
f 304/475/270 320/493/270 305/476/270
f 312/485/271 328/503/271 313/486/271
f 306/477/272 320/493/272 321/494/272
f 314/487/273 328/503/273 329/504/273
f 306/477/274 322/495/274 307/478/274
f 319/492/275 243/406/275 334/509/275
f 469/665/276 333/508/276 348/525/276
f 326/500/277 342/518/277 327/501/277
f 319/492/278 335/510/278 320/493/278
f 327/502/279 343/520/279 328/503/279
f 320/493/280 336/511/280 321/494/280
f 329/504/281 343/520/281 344/521/281
f 321/494/282 337/512/282 322/495/282
f 329/504/283 345/522/283 330/505/283
f 323/496/284 337/512/284 338/513/284
f 331/506/285 345/522/285 346/523/285
f 323/496/286 339/514/286 324/497/286
f 331/506/287 347/524/287 332/507/287
f 325/498/288 339/514/288 340/515/288
f 332/507/289 348/525/289 333/508/289
f 326/500/290 340/516/290 341/517/290
f 338/513/291 352/529/291 353/530/291
f 346/523/292 360/542/292 361/543/292
f 338/513/293 354/531/293 339/514/293
f 346/523/294 362/544/294 347/524/294
f 340/515/295 354/531/295 355/533/295
f 347/524/296 363/545/296 348/525/296
f 341/517/297 355/532/297 356/535/297
f 334/509/298 243/406/298 349/526/298
f 469/665/299 348/525/299 363/545/299
f 341/517/300 357/538/300 342/518/300
f 334/509/301 350/527/301 335/510/301
f 342/519/302 358/540/302 343/520/302
f 336/511/303 350/527/303 351/528/303
f 344/521/304 358/540/304 359/541/304
f 336/511/305 352/529/305 337/512/305
f 344/521/306 360/542/306 345/522/306
f 356/536/307 372/555/307 357/537/307
f 349/526/308 365/547/308 350/527/308
f 357/539/309 373/557/309 358/540/309
f 350/527/310 366/548/310 351/528/310
f 359/541/311 373/557/311 374/558/311
f 351/528/312 367/549/312 352/529/312
f 359/541/313 375/559/313 360/542/313
f 353/530/314 367/549/314 368/550/314
f 361/543/315 375/559/315 376/560/315
f 353/530/316 369/551/316 354/531/316
f 362/544/317 376/560/317 377/561/317
f 355/533/318 369/551/318 370/552/318
f 362/544/319 378/562/319 363/545/319
f 356/536/320 370/553/320 371/554/320
f 349/526/321 243/406/321 364/546/321
f 469/665/322 363/545/322 378/562/322
f 375/559/323 391/577/323 376/560/323
f 368/550/324 384/568/324 369/551/324
f 376/560/325 392/578/325 377/561/325
f 370/552/326 384/568/326 385/569/326
f 377/561/327 393/579/327 378/562/327
f 371/554/328 385/570/328 386/571/328
f 364/546/329 243/406/329 379/563/329
f 469/665/330 378/562/330 393/579/330
f 371/554/331 387/572/331 372/555/331
f 364/546/332 380/564/332 365/547/332
f 372/556/333 388/574/333 373/557/333
f 366/548/334 380/564/334 381/565/334
f 374/558/335 388/574/335 389/575/335
f 367/549/336 381/565/336 382/566/336
f 374/558/337 390/576/337 375/559/337
f 368/550/338 382/566/338 383/567/338
f 387/573/339 403/591/339 388/574/339
f 381/565/340 395/581/340 396/582/340
f 389/575/341 403/591/341 404/592/341
f 381/565/342 397/583/342 382/566/342
f 390/576/343 404/592/343 405/593/343
f 383/567/344 397/583/344 398/584/344
f 391/577/345 405/593/345 406/594/345
f 383/567/346 399/585/346 384/568/346
f 392/578/347 406/594/347 407/595/347
f 385/569/348 399/585/348 400/586/348
f 392/578/349 408/596/349 393/579/349
f 386/571/350 400/587/350 401/588/350
f 379/563/351 243/406/351 394/580/351
f 469/665/352 393/579/352 408/596/352
f 386/571/353 402/589/353 387/572/353
f 380/564/354 394/580/354 395/581/354
f 407/595/355 421/611/355 422/612/355
f 400/586/356 414/602/356 415/603/356
f 408/596/357 422/612/357 423/613/357
f 401/588/358 415/604/358 416/605/358
f 394/580/359 243/406/359 409/597/359
f 469/665/360 408/596/360 423/613/360
f 401/588/361 417/606/361 402/589/361
f 394/580/362 410/598/362 395/581/362
f 402/590/363 418/608/363 403/591/363
f 395/581/364 411/599/364 396/582/364
f 404/592/365 418/608/365 419/609/365
f 396/582/366 412/600/366 397/583/366
f 404/592/367 420/610/367 405/593/367
f 398/584/368 412/600/368 413/601/368
f 406/594/369 420/610/369 421/611/369
f 398/584/370 414/602/370 399/585/370
f 411/599/371 425/615/371 426/616/371
f 419/609/372 433/625/372 434/626/372
f 411/599/373 427/617/373 412/600/373
f 420/610/374 434/626/374 435/627/374
f 412/600/375 428/618/375 413/601/375
f 421/611/376 435/627/376 436/628/376
f 413/601/377 429/619/377 414/602/377
f 421/611/378 437/629/378 422/612/378
f 415/603/379 429/619/379 430/620/379
f 422/612/380 438/630/380 423/613/380
f 416/605/381 430/621/381 431/622/381
f 409/597/382 243/406/382 424/614/382
f 469/665/383 423/613/383 438/630/383
f 416/605/384 432/623/384 417/606/384
f 410/598/385 424/614/385 425/615/385
f 417/607/386 433/625/386 418/608/386
f 430/620/387 444/636/387 445/637/387
f 437/629/388 453/647/388 438/630/388
f 431/622/389 445/638/389 446/639/389
f 424/614/390 243/406/390 439/631/390
f 469/665/391 438/630/391 453/647/391
f 431/622/392 447/640/392 432/623/392
f 424/614/393 440/632/393 425/615/393
f 432/624/394 448/642/394 433/625/394
f 426/616/395 440/632/395 441/633/395
f 434/626/396 448/642/396 449/643/396
f 426/616/397 442/634/397 427/617/397
f 434/626/398 450/644/398 435/627/398
f 428/618/399 442/634/399 443/635/399
f 436/628/400 450/644/400 451/645/400
f 428/618/401 444/636/401 429/619/401
f 436/628/402 452/646/402 437/629/402
f 449/643/403 463/659/403 464/660/403
f 441/633/404 457/651/404 442/634/404
f 449/643/405 465/661/405 450/644/405
f 443/635/406 457/651/406 458/652/406
f 451/645/407 465/661/407 466/662/407
f 443/635/408 459/653/408 444/636/408
f 452/646/409 466/662/409 467/663/409
f 445/637/410 459/653/410 460/655/410
f 453/647/411 467/663/411 468/664/411
f 446/639/412 460/654/412 461/656/412
f 439/631/413 243/406/413 454/648/413
f 469/665/414 453/647/414 468/664/414
f 446/639/415 462/657/415 447/640/415
f 439/631/416 455/649/416 440/632/416
f 447/641/417 463/659/417 448/642/417
f 440/632/418 456/650/418 441/633/418
f 467/663/419 484/685/419 468/664/419
f 461/656/420 476/672/420 477/675/420
f 454/648/421 243/406/421 470/666/421
f 469/665/422 468/664/422 484/685/422
f 461/656/423 478/678/423 462/657/423
f 454/648/424 471/667/424 455/649/424
f 462/658/425 479/680/425 463/659/425
f 455/649/426 472/668/426 456/650/426
f 464/660/427 479/680/427 480/681/427
f 456/650/428 473/669/428 457/651/428
f 464/660/429 481/682/429 465/661/429
f 458/652/430 473/669/430 474/670/430
f 466/662/431 481/682/431 482/683/431
f 458/652/432 475/671/432 459/653/432
f 466/662/433 483/684/433 467/663/433
f 460/655/434 475/671/434 476/673/434
f 472/668/435 488/689/435 473/669/435
f 480/681/436 496/699/436 481/682/436
f 474/670/437 488/689/437 489/690/437
f 482/683/438 496/699/438 497/700/438
f 474/670/439 490/691/439 475/671/439
f 482/683/440 498/701/440 483/684/440
f 476/673/441 490/691/441 491/693/441
f 483/684/442 499/702/442 484/685/442
f 477/676/443 491/692/443 492/694/443
f 470/666/444 243/406/444 485/686/444
f 469/665/445 484/685/445 499/702/445
f 477/676/446 493/695/446 478/677/446
f 471/667/447 485/686/447 486/687/447
f 478/679/448 494/697/448 479/680/448
f 472/668/449 486/687/449 487/688/449
f 480/681/450 494/697/450 495/698/450
f 492/694/451 506/710/451 507/711/451
f 485/686/452 243/406/452 500/703/452
f 469/665/453 499/702/453 514/719/453
f 492/694/454 508/712/454 493/695/454
f 485/686/455 501/704/455 486/687/455
f 493/696/456 509/714/456 494/697/456
f 486/687/457 502/705/457 487/688/457
f 495/698/458 509/714/458 510/715/458
f 487/688/459 503/706/459 488/689/459
f 495/698/460 511/716/460 496/699/460
f 489/690/461 503/706/461 504/707/461
f 497/700/462 511/716/462 512/717/462
f 489/690/463 505/708/463 490/691/463
f 498/701/464 512/717/464 513/718/464
f 491/693/465 505/708/465 506/709/465
f 499/702/466 513/718/466 514/719/466
f 510/715/467 526/733/467 511/716/467
f 504/707/468 518/723/468 519/724/468
f 512/717/469 526/733/469 527/734/469
f 504/707/470 520/725/470 505/708/470
f 512/717/471 528/735/471 513/718/471
f 506/709/472 520/725/472 521/726/472
f 513/718/473 529/736/473 514/719/473
f 507/711/474 521/727/474 522/728/474
f 500/703/475 243/406/475 515/720/475
f 469/665/476 514/719/476 529/736/476
f 507/711/477 523/729/477 508/712/477
f 501/704/478 515/720/478 516/721/478
f 508/713/479 524/731/479 509/714/479
f 502/705/480 516/721/480 517/722/480
f 510/715/481 524/731/481 525/732/481
f 502/705/482 518/723/482 503/706/482
f 469/665/483 529/736/483 544/753/483
f 522/728/484 538/746/484 523/729/484
f 515/720/485 531/738/485 516/721/485
f 523/730/486 539/748/486 524/731/486
f 516/721/487 532/739/487 517/722/487
f 525/732/488 539/748/488 540/749/488
f 517/722/489 533/740/489 518/723/489
f 526/733/490 540/749/490 541/750/490
f 518/723/491 534/741/491 519/724/491
f 527/734/492 541/750/492 542/751/492
f 519/724/493 535/742/493 520/725/493
f 528/735/494 542/751/494 543/752/494
f 521/726/495 535/742/495 536/743/495
f 529/736/496 543/752/496 544/753/496
f 522/728/497 536/744/497 537/745/497
f 515/720/498 243/406/498 530/737/498
f 542/751/499 556/767/499 557/768/499
f 534/741/500 550/759/500 535/742/500
f 543/752/501 557/768/501 558/769/501
f 536/743/502 550/759/502 551/760/502
f 544/753/503 558/769/503 559/770/503
f 537/745/504 551/761/504 552/762/504
f 530/737/505 243/406/505 545/754/505
f 469/665/506 544/753/506 559/770/506
f 537/745/507 553/763/507 538/746/507
f 530/737/508 546/755/508 531/738/508
f 538/747/509 554/765/509 539/748/509
f 531/738/510 547/756/510 532/739/510
f 540/749/511 554/765/511 555/766/511
f 532/739/512 548/757/512 533/740/512
f 540/749/513 556/767/513 541/750/513
f 534/741/514 548/757/514 549/758/514
f 546/755/515 560/771/515 561/772/515
f 553/764/516 569/782/516 554/765/516
f 546/755/517 562/773/517 547/756/517
f 555/766/518 569/782/518 570/783/518
f 547/756/519 563/774/519 548/757/519
f 555/766/520 571/784/520 556/767/520
f 549/758/521 563/774/521 564/775/521
f 557/768/522 571/784/522 572/785/522
f 549/758/523 565/776/523 550/759/523
f 558/769/524 572/785/524 573/786/524
f 551/760/525 565/776/525 566/777/525
f 558/769/526 574/787/526 559/770/526
f 552/762/527 566/778/527 567/779/527
f 545/754/528 243/406/528 560/771/528
f 469/665/529 559/770/529 574/787/529
f 552/762/530 568/780/530 553/763/530
f 564/775/531 580/793/531 565/776/531
f 572/785/532 588/806/532 573/786/532
f 566/777/533 580/793/533 581/795/533
f 574/787/534 588/806/534 589/807/534
f 567/779/535 581/794/535 582/797/535
f 560/771/536 243/406/536 575/788/536
f 469/665/537 574/787/537 589/807/537
f 567/779/538 583/800/538 568/780/538
f 560/771/539 576/789/539 561/772/539
f 568/781/540 584/802/540 569/782/540
f 561/772/541 577/790/541 562/773/541
f 570/783/542 584/802/542 585/803/542
f 562/773/543 578/791/543 563/774/543
f 571/784/544 585/803/544 586/804/544
f 563/774/545 579/792/545 564/775/545
f 572/785/546 586/804/546 587/805/546
f 583/801/547 599/819/547 584/802/547
f 577/790/548 591/809/548 592/810/548
f 585/803/549 599/819/549 600/820/549
f 577/790/550 593/811/550 578/791/550
f 585/803/551 601/821/551 586/804/551
f 579/792/552 593/811/552 594/812/552
f 587/805/553 601/821/553 602/822/553
f 579/792/554 595/813/554 580/793/554
f 587/805/555 603/823/555 588/806/555
f 581/795/556 595/813/556 596/814/556
f 588/806/557 604/824/557 589/807/557
f 582/798/558 596/815/558 597/816/558
f 575/788/559 243/406/559 590/808/559
f 469/665/560 589/807/560 604/824/560
f 582/798/561 598/817/561 583/799/561
f 576/789/562 590/808/562 591/809/562
f 602/822/563 618/840/563 603/823/563
f 596/814/564 610/830/564 611/831/564
f 604/824/565 618/840/565 619/841/565
f 597/816/566 611/832/566 612/833/566
f 590/808/567 243/406/567 605/825/567
f 469/665/568 604/824/568 619/841/568
f 597/816/569 613/834/569 598/817/569
f 590/808/570 606/826/570 591/809/570
f 598/818/571 614/836/571 599/819/571
f 592/810/572 606/826/572 607/827/572
f 600/820/573 614/836/573 615/837/573
f 592/810/574 608/828/574 593/811/574
f 600/820/575 616/838/575 601/821/575
f 593/811/576 609/829/576 594/812/576
f 602/822/577 616/838/577 617/839/577
f 594/812/578 610/830/578 595/813/578
f 607/827/579 621/843/579 622/844/579
f 615/837/580 629/853/580 630/854/580
f 607/827/581 623/845/581 608/828/581
f 616/838/582 630/854/582 631/855/582
f 609/829/583 623/845/583 624/846/583
f 617/839/584 631/855/584 632/856/584
f 609/829/585 625/847/585 610/830/585
f 618/840/586 632/856/586 633/857/586
f 611/831/587 625/847/587 626/848/587
f 619/841/588 633/857/588 634/858/588
f 612/833/589 626/849/589 627/850/589
f 605/825/590 243/406/590 620/842/590
f 469/665/591 619/841/591 634/858/591
f 612/833/592 628/851/592 613/834/592
f 605/825/593 621/843/593 606/826/593
f 613/835/594 629/853/594 614/836/594
f 626/848/595 638/862/595 164/312/595
f 633/857/596 643/867/596 634/858/596
f 627/850/597 164/313/597 165/314/597
f 620/842/598 243/406/598 635/859/598
f 469/665/599 634/858/599 643/867/599
f 627/850/600 166/315/600 628/851/600
f 621/843/601 635/859/601 636/860/601
f 628/852/602 639/863/602 629/853/602
f 622/844/603 636/860/603 162/310/603
f 629/853/604 167/317/604 630/854/604
f 623/845/605 162/310/605 637/861/605
f 630/854/606 640/864/606 631/855/606
f 624/846/607 637/861/607 163/311/607
f 632/856/608 640/864/608 641/865/608
f 625/847/609 163/311/609 638/862/609
f 632/856/610 642/866/610 633/857/610
f 1/1/1 2/3/1 4/6/1
f 4/6/2 6/9/2 5/7/2
f 6/9/3 8/12/3 7/10/3
f 8/12/4 10/15/4 9/13/4
f 10/15/5 12/19/5 11/17/5
f 12/20/6 14/23/6 13/21/6
f 14/23/7 16/26/7 15/24/7
f 16/26/8 18/29/8 17/27/8
f 17/27/9 18/29/9 20/32/9
f 20/32/10 22/35/10 21/33/10
f 22/35/11 24/38/11 23/36/11
f 24/38/12 26/41/12 25/39/12
f 26/41/13 28/44/13 27/42/13
f 28/44/14 30/48/14 29/46/14
f 30/49/15 32/52/15 31/50/15
f 32/52/16 34/55/16 33/53/16
f 33/53/17 34/55/17 36/58/17
f 36/58/18 38/61/18 37/59/18
f 38/61/19 40/64/19 39/62/19
f 40/64/20 42/67/20 41/65/20
f 42/67/21 44/71/21 43/69/21
f 44/72/22 46/75/22 45/73/22
f 46/75/23 48/78/23 47/76/23
f 48/78/24 50/81/24 49/79/24
f 49/79/25 50/81/25 52/84/25
f 52/84/26 54/87/26 53/85/26
f 54/87/27 56/90/27 55/88/27
f 56/90/28 58/94/28 57/92/28
f 58/95/29 60/98/29 59/96/29
f 60/98/30 62/101/30 61/99/30
f 32/52/31 112/205/31 113/207/31
f 62/101/32 64/104/32 63/102/32
f 64/104/33 2/3/33 1/1/33
f 63/103/34 1/2/34 3/5/34
f 3/5/34 5/8/34 7/11/34
f 7/11/34 9/14/34 11/18/34
f 11/18/34 13/22/34 15/25/34
f 15/25/34 17/28/34 19/31/34
f 19/31/34 21/34/34 23/37/34
f 23/37/34 25/40/34 27/43/34
f 27/43/34 29/47/34 31/51/34
f 31/51/34 33/54/34 35/57/34
f 35/57/34 37/60/34 39/63/34
f 39/63/34 41/66/34 43/70/34
f 43/70/34 45/74/34 47/77/34
f 47/77/34 49/80/34 51/83/34
f 51/83/34 53/86/34 55/89/34
f 55/89/34 57/93/34 59/97/34
f 59/97/34 61/100/34 63/103/34
f 63/103/34 3/5/34 7/11/34
f 7/11/34 11/18/34 15/25/34
f 15/25/34 19/31/34 23/37/34
f 23/37/34 27/43/34 31/51/34
f 31/51/34 35/57/34 39/63/34
f 39/63/34 43/70/34 47/77/34
f 47/77/34 51/83/34 55/89/34
f 55/89/34 59/97/34 63/103/34
f 63/103/34 7/11/34 15/25/34
f 15/25/34 23/37/34 31/51/34
f 31/51/34 39/63/34 47/77/34
f 47/77/34 55/89/34 63/103/34
f 63/103/34 15/25/34 31/51/34
f 83/143/35 147/280/35 148/282/35
f 50/81/36 121/224/36 122/226/36
f 6/9/35 99/177/35 100/179/35
f 24/38/37 108/196/37 109/198/37
f 42/67/38 117/215/38 118/217/38
f 60/98/39 126/235/39 127/237/39
f 16/26/40 104/188/40 105/190/40
f 34/55/41 113/207/41 114/209/41
f 52/84/42 122/226/42 123/228/42
f 8/12/43 100/179/43 101/181/43
f 26/41/44 109/198/44 110/200/44
f 44/72/45 118/218/45 119/220/45
f 62/101/46 127/237/46 128/239/46
f 18/29/47 105/190/47 106/192/47
f 36/58/48 114/209/48 115/211/48
f 54/87/49 123/228/49 124/230/49
f 10/15/50 101/181/50 102/183/50
f 28/44/51 110/200/51 111/202/51
f 46/75/52 119/220/52 120/222/52
f 2/3/53 98/175/53 97/173/53
f 64/104/54 128/239/54 98/175/54
f 20/32/55 106/192/55 107/194/55
f 38/61/56 115/211/56 116/213/56
f 56/90/57 124/230/57 125/232/57
f 12/20/58 102/184/58 103/186/58
f 30/49/59 111/203/59 112/205/59
f 48/78/60 120/222/60 121/224/60
f 4/6/61 97/173/61 99/177/61
f 22/35/62 107/194/62 108/196/62
f 40/64/63 116/213/63 117/215/63
f 58/95/64 125/233/64 126/235/64
f 14/23/65 103/186/65 104/188/65
f 66/107/66 97/174/66 98/176/66
f 67/109/66 99/178/66 97/174/66
f 68/111/66 100/180/66 99/178/66
f 69/113/66 101/182/66 100/180/66
f 70/116/66 102/185/66 101/182/66
f 71/118/66 103/187/66 102/185/66
f 72/120/66 104/189/66 103/187/66
f 73/122/66 105/191/66 104/189/66
f 74/124/66 106/193/66 105/191/66
f 75/126/66 107/195/66 106/193/66
f 76/128/66 108/197/66 107/195/66
f 77/131/66 109/199/66 108/197/66
f 78/133/66 110/201/66 109/199/66
f 79/135/66 111/204/66 110/201/66
f 80/137/66 112/206/66 111/204/66
f 81/139/66 113/208/66 112/206/66
f 82/141/66 114/210/66 113/208/66
f 83/144/66 115/212/66 114/210/66
f 84/145/66 116/214/66 115/212/66
f 85/147/66 117/216/66 116/214/66
f 86/150/66 118/219/66 117/216/66
f 87/152/66 119/221/66 118/219/66
f 88/154/66 120/223/66 119/221/66
f 89/156/66 121/225/66 120/223/66
f 90/158/66 122/227/66 121/225/66
f 91/160/66 123/229/66 122/227/66
f 92/162/66 124/231/66 123/229/66
f 93/164/66 125/234/66 124/231/66
f 94/166/66 126/236/66 125/234/66
f 95/169/66 127/238/66 126/236/66
f 96/171/66 128/240/66 127/238/66
f 65/105/66 98/176/66 128/240/66
f 70/117/45 134/252/45 135/255/45
f 84/146/43 148/282/43 149/284/43
f 71/119/52 135/255/52 136/257/52
f 85/148/50 149/284/50 150/286/50
f 72/121/60 136/257/60 137/259/60
f 86/151/58 150/287/58 151/289/58
f 73/123/36 137/259/36 138/261/36
f 87/153/65 151/289/65 152/291/65
f 74/125/42 138/261/42 139/263/42
f 88/155/40 152/291/40 153/293/40
f 75/127/49 139/263/49 140/265/49
f 89/157/47 153/293/47 154/295/47
f 76/129/57 140/265/57 141/267/57
f 90/159/55 154/295/55 155/297/55
f 77/132/64 141/268/64 142/270/64
f 91/161/62 155/297/62 156/299/62
f 78/134/39 142/270/39 143/272/39
f 65/106/41 129/242/41 130/244/41
f 92/163/37 156/299/37 157/301/37
f 79/136/46 143/272/46 144/274/46
f 66/108/48 130/244/48 131/246/48
f 93/165/44 157/301/44 158/303/44
f 80/138/54 144/274/54 145/276/54
f 67/110/56 131/246/56 132/248/56
f 94/167/51 158/303/51 159/305/51
f 81/140/53 145/276/53 146/278/53
f 68/112/63 132/248/63 133/250/63
f 95/170/59 159/306/59 160/308/59
f 82/142/61 146/278/61 147/280/61
f 69/114/38 133/250/38 134/253/38
f 96/172/31 160/308/31 129/242/31
f 641/865/99 180/332/99 181/333/99
f 164/312/100 638/862/100 173/323/100
f 642/866/101 181/333/101 182/334/101
f 165/314/102 164/313/102 174/325/102
f 165/314/105 175/326/105 176/327/105
f 636/860/106 635/859/106 168/318/106
f 166/316/107 176/328/107 177/329/107
f 162/310/108 636/860/108 169/319/108
f 639/863/109 177/329/109 178/330/109
f 637/861/110 162/310/110 170/320/110
f 640/864/111 167/317/111 178/330/111
f 163/311/112 637/861/112 171/321/112
f 640/864/113 179/331/113 180/332/113
f 638/862/114 163/311/114 172/322/114
f 180/332/115 179/331/115 194/348/115
f 172/322/116 187/339/116 188/340/116
f 180/332/117 195/349/117 196/350/117
f 173/323/118 188/340/118 189/341/118
f 181/333/119 196/350/119 197/351/119
f 174/325/120 189/342/120 190/343/120
f 175/326/123 190/343/123 191/345/123
f 168/318/124 183/335/124 184/336/124
f 176/328/125 191/344/125 192/346/125
f 169/319/126 184/336/126 185/337/126
f 177/329/127 192/346/127 193/347/127
f 170/320/128 185/337/128 186/338/128
f 179/331/129 178/330/129 193/347/129
f 171/321/130 186/338/130 187/339/130
f 184/336/131 183/335/131 198/352/131
f 192/346/132 191/344/132 206/362/132
f 184/336/133 199/353/133 200/354/133
f 192/346/134 207/363/134 208/364/134
f 186/338/135 185/337/135 200/354/135
f 194/348/136 193/347/136 208/364/136
f 186/338/137 201/355/137 202/356/137
f 194/348/138 209/365/138 210/366/138
f 187/339/139 202/356/139 203/357/139
f 196/350/140 195/349/140 210/366/140
f 188/340/141 203/357/141 204/358/141
f 196/350/142 211/367/142 212/368/142
f 189/342/143 204/359/143 205/360/143
f 191/345/146 190/343/146 205/360/146
f 202/356/147 217/373/147 218/374/147
f 211/367/148 210/366/148 225/383/148
f 203/357/149 218/374/149 219/375/149
f 211/367/150 226/384/150 227/385/150
f 205/360/151 204/359/151 219/376/151
f 205/360/154 220/377/154 221/378/154
f 199/353/155 198/352/155 213/369/155
f 206/362/156 221/379/156 222/380/156
f 199/353/157 214/370/157 215/371/157
f 208/364/158 207/363/158 222/380/158
f 200/354/159 215/371/159 216/372/159
f 209/365/160 208/364/160 223/381/160
f 201/355/161 216/372/161 217/373/161
f 210/366/162 209/365/162 224/382/162
f 221/379/163 236/399/163 237/400/163
f 214/370/164 229/387/164 230/388/164
f 222/380/165 237/400/165 238/401/165
f 215/371/166 230/388/166 231/389/166
f 223/381/167 238/401/167 239/402/167
f 217/373/168 216/372/168 231/389/168
f 225/383/169 224/382/169 239/402/169
f 217/373/170 232/390/170 233/391/170
f 226/384/171 225/383/171 240/403/171
f 218/374/172 233/391/172 234/393/172
f 227/385/173 226/384/173 241/404/173
f 220/377/174 219/376/174 234/392/174
f 220/377/177 235/395/177 236/398/177
f 214/370/178 213/369/178 228/386/178
f 241/404/179 240/403/179 256/421/179
f 234/393/180 233/391/180 249/412/180
f 241/404/181 257/422/181 258/423/181
f 234/394/182 250/414/182 251/415/182
f 235/396/185 251/415/185 252/416/185
f 228/386/186 244/407/186 245/408/186
f 236/399/187 252/417/187 253/418/187
f 229/387/188 245/408/188 246/409/188
f 238/401/189 237/400/189 253/418/189
f 230/388/190 246/409/190 247/410/190
f 238/401/191 254/419/191 255/420/191
f 232/390/192 231/389/192 247/410/192
f 239/402/193 255/420/193 256/421/193
f 232/390/194 248/411/194 249/412/194
f 254/419/195 253/418/195 268/435/195
f 246/409/196 261/426/196 262/427/196
f 255/420/197 254/419/197 269/436/197
f 247/410/198 262/427/198 263/428/198
f 255/420/199 270/437/199 271/438/199
f 248/411/200 263/428/200 264/429/200
f 256/421/201 271/438/201 272/439/201
f 250/413/202 249/412/202 264/429/202
f 257/422/203 272/439/203 273/440/203
f 251/415/204 250/414/204 265/430/204
f 251/415/207 266/432/207 267/433/207
f 244/407/208 259/424/208 260/425/208
f 252/417/209 267/434/209 268/435/209
f 245/408/210 260/425/210 261/426/210
f 273/440/211 272/439/211 287/456/211
f 266/432/212 265/430/212 280/448/212
f 266/432/215 281/449/215 282/450/215
f 259/424/216 274/441/216 275/442/216
f 267/434/217 282/451/217 283/452/217
f 260/425/218 275/442/218 276/443/218
f 269/436/219 268/435/219 283/452/219
f 261/426/220 276/443/220 277/444/220
f 269/436/221 284/453/221 285/454/221
f 263/428/222 262/427/222 277/444/222
f 271/438/223 270/437/223 285/454/223
f 263/428/224 278/445/224 279/446/224
f 272/439/225 271/438/225 286/455/225
f 265/431/226 264/429/226 279/446/226
f 276/443/227 291/460/227 292/461/227
f 284/453/228 299/470/228 300/471/228
f 278/445/229 277/444/229 292/461/229
f 285/454/230 300/471/230 301/472/230
f 278/445/231 293/462/231 294/463/231
f 286/455/232 301/472/232 302/473/232
f 280/447/233 279/446/233 294/463/233
f 287/456/234 302/473/234 303/474/234
f 281/449/611 280/448/611 295/464/611
f 281/449/238 296/466/238 297/467/238
f 275/442/239 274/441/239 289/458/239
f 282/451/240 297/468/240 298/469/240
f 276/443/241 275/442/241 290/459/241
f 284/453/242 283/452/242 298/469/242
f 296/466/243 295/464/243 310/482/243
f 296/466/612 311/483/612 312/484/612
f 289/458/247 304/475/247 305/476/247
f 297/468/248 312/485/248 313/486/248
f 290/459/249 305/476/249 306/477/249
f 299/470/250 298/469/250 313/486/250
f 291/460/251 306/477/251 307/478/251
f 299/470/252 314/487/252 315/488/252
f 293/462/253 292/461/253 307/478/253
f 301/472/254 300/471/254 315/488/254
f 293/462/255 308/479/255 309/480/255
f 302/473/256 301/472/256 316/489/256
f 295/465/257 294/463/257 309/480/257
f 302/473/258 317/490/258 318/491/258
f 315/488/259 314/487/259 329/504/259
f 307/478/260 322/495/260 323/496/260
f 316/489/261 315/488/261 330/505/261
f 308/479/262 323/496/262 324/497/262
f 316/489/263 331/506/263 332/507/263
f 309/480/264 324/497/264 325/498/264
f 318/491/265 317/490/265 332/507/265
f 311/483/613 310/482/613 325/499/613
f 311/483/614 326/500/614 327/501/614
f 304/475/270 319/492/270 320/493/270
f 312/485/271 327/502/271 328/503/271
f 306/477/272 305/476/272 320/493/272
f 314/487/273 313/486/273 328/503/273
f 306/477/274 321/494/274 322/495/274
f 326/500/277 341/517/277 342/518/277
f 319/492/278 334/509/278 335/510/278
f 327/502/279 342/519/279 343/520/279
f 320/493/280 335/510/280 336/511/280
f 329/504/281 328/503/281 343/520/281
f 321/494/282 336/511/282 337/512/282
f 329/504/283 344/521/283 345/522/283
f 323/496/284 322/495/284 337/512/284
f 331/506/285 330/505/285 345/522/285
f 323/496/286 338/513/286 339/514/286
f 331/506/287 346/523/287 347/524/287
f 325/498/288 324/497/288 339/514/288
f 332/507/289 347/524/289 348/525/289
f 326/500/290 325/499/290 340/516/290
f 338/513/291 337/512/291 352/529/291
f 346/523/292 345/522/292 360/542/292
f 338/513/293 353/530/293 354/531/293
f 346/523/294 361/543/294 362/544/294
f 340/515/295 339/514/295 354/531/295
f 347/524/296 362/544/296 363/545/296
f 341/517/297 340/516/297 355/532/297
f 341/517/300 356/535/300 357/538/300
f 334/509/301 349/526/301 350/527/301
f 342/519/302 357/539/302 358/540/302
f 336/511/303 335/510/303 350/527/303
f 344/521/304 343/520/304 358/540/304
f 336/511/305 351/528/305 352/529/305
f 344/521/306 359/541/306 360/542/306
f 356/536/307 371/554/307 372/555/307
f 349/526/308 364/546/308 365/547/308
f 357/539/309 372/556/309 373/557/309
f 350/527/310 365/547/310 366/548/310
f 359/541/311 358/540/311 373/557/311
f 351/528/312 366/548/312 367/549/312
f 359/541/313 374/558/313 375/559/313
f 353/530/314 352/529/314 367/549/314
f 361/543/315 360/542/315 375/559/315
f 353/530/316 368/550/316 369/551/316
f 362/544/317 361/543/317 376/560/317
f 355/533/318 354/531/318 369/551/318
f 362/544/319 377/561/319 378/562/319
f 356/536/320 355/534/320 370/553/320
f 375/559/323 390/576/323 391/577/323
f 368/550/324 383/567/324 384/568/324
f 376/560/325 391/577/325 392/578/325
f 370/552/326 369/551/326 384/568/326
f 377/561/327 392/578/327 393/579/327
f 371/554/328 370/553/328 385/570/328
f 371/554/331 386/571/331 387/572/331
f 364/546/332 379/563/332 380/564/332
f 372/556/333 387/573/333 388/574/333
f 366/548/334 365/547/334 380/564/334
f 374/558/335 373/557/335 388/574/335
f 367/549/336 366/548/336 381/565/336
f 374/558/337 389/575/337 390/576/337
f 368/550/338 367/549/338 382/566/338
f 387/573/339 402/590/339 403/591/339
f 381/565/340 380/564/340 395/581/340
f 389/575/341 388/574/341 403/591/341
f 381/565/342 396/582/342 397/583/342
f 390/576/343 389/575/343 404/592/343
f 383/567/344 382/566/344 397/583/344
f 391/577/345 390/576/345 405/593/345
f 383/567/346 398/584/346 399/585/346
f 392/578/347 391/577/347 406/594/347
f 385/569/348 384/568/348 399/585/348
f 392/578/349 407/595/349 408/596/349
f 386/571/615 385/570/615 400/587/615
f 386/571/616 401/588/616 402/589/616
f 380/564/354 379/563/354 394/580/354
f 407/595/355 406/594/355 421/611/355
f 400/586/356 399/585/356 414/602/356
f 408/596/357 407/595/357 422/612/357
f 401/588/358 400/587/358 415/604/358
f 401/588/361 416/605/361 417/606/361
f 394/580/617 409/597/617 410/598/617
f 402/590/363 417/607/363 418/608/363
f 395/581/364 410/598/364 411/599/364
f 404/592/365 403/591/365 418/608/365
f 396/582/366 411/599/366 412/600/366
f 404/592/367 419/609/367 420/610/367
f 398/584/368 397/583/368 412/600/368
f 406/594/369 405/593/369 420/610/369
f 398/584/370 413/601/370 414/602/370
f 411/599/371 410/598/371 425/615/371
f 419/609/372 418/608/372 433/625/372
f 411/599/373 426/616/373 427/617/373
f 420/610/374 419/609/374 434/626/374
f 412/600/375 427/617/375 428/618/375
f 421/611/376 420/610/376 435/627/376
f 413/601/377 428/618/377 429/619/377
f 421/611/378 436/628/378 437/629/378
f 415/603/379 414/602/379 429/619/379
f 422/612/380 437/629/380 438/630/380
f 416/605/381 415/604/381 430/621/381
f 416/605/384 431/622/384 432/623/384
f 410/598/385 409/597/385 424/614/385
f 417/607/386 432/624/386 433/625/386
f 430/620/387 429/619/387 444/636/387
f 437/629/388 452/646/388 453/647/388
f 431/622/389 430/621/389 445/638/389
f 431/622/618 446/639/618 447/640/618
f 424/614/393 439/631/393 440/632/393
f 432/624/394 447/641/394 448/642/394
f 426/616/395 425/615/395 440/632/395
f 434/626/396 433/625/396 448/642/396
f 426/616/397 441/633/397 442/634/397
f 434/626/398 449/643/398 450/644/398
f 428/618/399 427/617/399 442/634/399
f 436/628/400 435/627/400 450/644/400
f 428/618/401 443/635/401 444/636/401
f 436/628/402 451/645/402 452/646/402
f 449/643/403 448/642/403 463/659/403
f 441/633/404 456/650/404 457/651/404
f 449/643/405 464/660/405 465/661/405
f 443/635/406 442/634/406 457/651/406
f 451/645/407 450/644/407 465/661/407
f 443/635/408 458/652/408 459/653/408
f 452/646/409 451/645/409 466/662/409
f 445/637/410 444/636/410 459/653/410
f 453/647/411 452/646/411 467/663/411
f 446/639/619 445/638/619 460/654/619
f 446/639/620 461/656/620 462/657/620
f 439/631/416 454/648/416 455/649/416
f 447/641/417 462/658/417 463/659/417
f 440/632/418 455/649/418 456/650/418
f 467/663/419 483/684/419 484/685/419
f 461/656/420 460/654/420 476/672/420
f 461/656/423 477/675/423 478/678/423
f 454/648/424 470/666/424 471/667/424
f 462/658/425 478/679/425 479/680/425
f 455/649/426 471/667/426 472/668/426
f 464/660/427 463/659/427 479/680/427
f 456/650/428 472/668/428 473/669/428
f 464/660/429 480/681/429 481/682/429
f 458/652/430 457/651/430 473/669/430
f 466/662/431 465/661/431 481/682/431
f 458/652/432 474/670/432 475/671/432
f 466/662/433 482/683/433 483/684/433
f 460/655/434 459/653/434 475/671/434
f 472/668/435 487/688/435 488/689/435
f 480/681/436 495/698/436 496/699/436
f 474/670/437 473/669/437 488/689/437
f 482/683/438 481/682/438 496/699/438
f 474/670/439 489/690/439 490/691/439
f 482/683/440 497/700/440 498/701/440
f 476/673/441 475/671/441 490/691/441
f 483/684/442 498/701/442 499/702/442
f 477/676/443 476/674/443 491/692/443
f 477/676/446 492/694/446 493/695/446
f 471/667/447 470/666/447 485/686/447
f 478/679/448 493/696/448 494/697/448
f 472/668/449 471/667/449 486/687/449
f 480/681/450 479/680/450 494/697/450
f 492/694/451 491/692/451 506/710/451
f 492/694/454 507/711/454 508/712/454
f 485/686/455 500/703/455 501/704/455
f 493/696/456 508/713/456 509/714/456
f 486/687/457 501/704/457 502/705/457
f 495/698/458 494/697/458 509/714/458
f 487/688/459 502/705/459 503/706/459
f 495/698/460 510/715/460 511/716/460
f 489/690/461 488/689/461 503/706/461
f 497/700/462 496/699/462 511/716/462
f 489/690/463 504/707/463 505/708/463
f 498/701/464 497/700/464 512/717/464
f 491/693/465 490/691/465 505/708/465
f 499/702/466 498/701/466 513/718/466
f 510/715/467 525/732/467 526/733/467
f 504/707/468 503/706/468 518/723/468
f 512/717/469 511/716/469 526/733/469
f 504/707/470 519/724/470 520/725/470
f 512/717/471 527/734/471 528/735/471
f 506/709/472 505/708/472 520/725/472
f 513/718/473 528/735/473 529/736/473
f 507/711/474 506/710/474 521/727/474
f 507/711/477 522/728/477 523/729/477
f 501/704/478 500/703/478 515/720/478
f 508/713/479 523/730/479 524/731/479
f 502/705/480 501/704/480 516/721/480
f 510/715/481 509/714/481 524/731/481
f 502/705/482 517/722/482 518/723/482
f 522/728/621 537/745/621 538/746/621
f 515/720/485 530/737/485 531/738/485
f 523/730/486 538/747/486 539/748/486
f 516/721/487 531/738/487 532/739/487
f 525/732/488 524/731/488 539/748/488
f 517/722/489 532/739/489 533/740/489
f 526/733/490 525/732/490 540/749/490
f 518/723/622 533/740/622 534/741/622
f 527/734/492 526/733/492 541/750/492
f 519/724/493 534/741/493 535/742/493
f 528/735/494 527/734/494 542/751/494
f 521/726/495 520/725/495 535/742/495
f 529/736/496 528/735/496 543/752/496
f 522/728/623 521/727/623 536/744/623
f 542/751/499 541/750/499 556/767/499
f 534/741/500 549/758/500 550/759/500
f 543/752/501 542/751/501 557/768/501
f 536/743/502 535/742/502 550/759/502
f 544/753/503 543/752/503 558/769/503
f 537/745/624 536/744/624 551/761/624
f 537/745/625 552/762/625 553/763/625
f 530/737/508 545/754/508 546/755/508
f 538/747/509 553/764/509 554/765/509
f 531/738/510 546/755/510 547/756/510
f 540/749/511 539/748/511 554/765/511
f 532/739/512 547/756/512 548/757/512
f 540/749/513 555/766/513 556/767/513
f 534/741/514 533/740/514 548/757/514
f 546/755/515 545/754/515 560/771/515
f 553/764/516 568/781/516 569/782/516
f 546/755/517 561/772/517 562/773/517
f 555/766/518 554/765/518 569/782/518
f 547/756/519 562/773/519 563/774/519
f 555/766/520 570/783/520 571/784/520
f 549/758/521 548/757/521 563/774/521
f 557/768/522 556/767/522 571/784/522
f 549/758/523 564/775/523 565/776/523
f 558/769/524 557/768/524 572/785/524
f 551/760/525 550/759/525 565/776/525
f 558/769/526 573/786/526 574/787/526
f 552/762/626 551/761/626 566/778/626
f 552/762/627 567/779/627 568/780/627
f 564/775/531 579/792/531 580/793/531
f 572/785/532 587/805/532 588/806/532
f 566/777/533 565/776/533 580/793/533
f 574/787/534 573/786/534 588/806/534
f 567/779/628 566/778/628 581/794/628
f 567/779/629 582/797/629 583/800/629
f 560/771/539 575/788/539 576/789/539
f 568/781/540 583/801/540 584/802/540
f 561/772/541 576/789/541 577/790/541
f 570/783/542 569/782/542 584/802/542
f 562/773/543 577/790/543 578/791/543
f 571/784/544 570/783/544 585/803/544
f 563/774/545 578/791/545 579/792/545
f 572/785/546 571/784/546 586/804/546
f 583/801/547 598/818/547 599/819/547
f 577/790/548 576/789/548 591/809/548
f 585/803/549 584/802/549 599/819/549
f 577/790/550 592/810/550 593/811/550
f 585/803/551 600/820/551 601/821/551
f 579/792/552 578/791/552 593/811/552
f 587/805/553 586/804/553 601/821/553
f 579/792/554 594/812/554 595/813/554
f 587/805/555 602/822/555 603/823/555
f 581/795/556 580/793/556 595/813/556
f 588/806/557 603/823/557 604/824/557
f 582/798/630 581/796/630 596/815/630
f 582/798/631 597/816/631 598/817/631
f 576/789/562 575/788/562 590/808/562
f 602/822/563 617/839/563 618/840/563
f 596/814/564 595/813/564 610/830/564
f 604/824/565 603/823/565 618/840/565
f 597/816/566 596/815/566 611/832/566
f 597/816/569 612/833/569 613/834/569
f 590/808/570 605/825/570 606/826/570
f 598/818/571 613/835/571 614/836/571
f 592/810/572 591/809/572 606/826/572
f 600/820/573 599/819/573 614/836/573
f 592/810/574 607/827/574 608/828/574
f 600/820/575 615/837/575 616/838/575
f 593/811/576 608/828/576 609/829/576
f 602/822/577 601/821/577 616/838/577
f 594/812/578 609/829/578 610/830/578
f 607/827/579 606/826/579 621/843/579
f 615/837/580 614/836/580 629/853/580
f 607/827/581 622/844/581 623/845/581
f 616/838/582 615/837/582 630/854/582
f 609/829/583 608/828/583 623/845/583
f 617/839/584 616/838/584 631/855/584
f 609/829/585 624/846/585 625/847/585
f 618/840/586 617/839/586 632/856/586
f 611/831/587 610/830/587 625/847/587
f 619/841/588 618/840/588 633/857/588
f 612/833/589 611/832/589 626/849/589
f 612/833/592 627/850/592 628/851/592
f 605/825/593 620/842/593 621/843/593
f 613/835/594 628/852/594 629/853/594
f 626/848/595 625/847/595 638/862/595
f 633/857/596 642/866/596 643/867/596
f 627/850/632 626/849/632 164/313/632
f 627/850/633 165/314/633 166/315/633
f 621/843/601 620/842/601 635/859/601
f 628/852/602 166/316/602 639/863/602
f 622/844/603 621/843/603 636/860/603
f 629/853/604 639/863/604 167/317/604
f 623/845/605 622/844/605 162/310/605
f 630/854/606 167/317/606 640/864/606
f 624/846/607 623/845/607 637/861/607
f 632/856/608 631/855/608 640/864/608
f 625/847/609 624/846/609 163/311/609
f 632/856/610 641/865/610 642/866/610
